1.000000e+01 1.004565e+00
2.000000e+01 1.008244e+00
3.000000e+01 1.008806e+00
4.000000e+01 1.008888e+00
5.000000e+01 1.009700e+00
6.000000e+01 1.012878e+00
7.000000e+01 1.015795e+00
8.000000e+01 1.016054e+00
9.000000e+01 1.016628e+00
1.000000e+02 1.017438e+00
1.100000e+02 1.017651e+00
1.200000e+02 1.019947e+00
1.300000e+02 1.021732e+00
1.400000e+02 1.022543e+00
1.500000e+02 1.025394e+00
1.600000e+02 1.032735e+00
1.700000e+02 1.036709e+00
1.800000e+02 1.036406e+00
1.900000e+02 1.033901e+00
2.000000e+02 1.034609e+00
2.100000e+02 1.038766e+00
2.200000e+02 1.043195e+00
2.300000e+02 1.044390e+00
2.400000e+02 1.040692e+00
2.500000e+02 1.041636e+00
2.600000e+02 1.041948e+00
2.700000e+02 1.041283e+00
2.800000e+02 1.041852e+00
2.900000e+02 1.043725e+00
3.000000e+02 1.047333e+00
3.100000e+02 1.050488e+00
3.200000e+02 1.054129e+00
3.300000e+02 1.052496e+00
3.400000e+02 1.050542e+00
3.500000e+02 1.050662e+00
3.600000e+02 1.054808e+00
3.700000e+02 1.059874e+00
3.800000e+02 1.064679e+00
3.900000e+02 1.068012e+00
4.000000e+02 1.072345e+00
4.100000e+02 1.073376e+00
4.200000e+02 1.070224e+00
4.300000e+02 1.064651e+00
4.400000e+02 1.063782e+00
4.500000e+02 1.063755e+00
4.600000e+02 1.062649e+00
4.700000e+02 1.060065e+00
4.800000e+02 1.057565e+00
4.900000e+02 1.057474e+00
5.000000e+02 1.058536e+00
5.100000e+02 1.060512e+00
5.200000e+02 1.058512e+00
5.300000e+02 1.057187e+00
5.400000e+02 1.056274e+00
5.500000e+02 1.055800e+00
5.600000e+02 1.056203e+00
5.700000e+02 1.057288e+00
5.800000e+02 1.055214e+00
5.900000e+02 1.054972e+00
6.000000e+02 1.055519e+00
6.100000e+02 1.057625e+00
6.200000e+02 1.058759e+00
6.300000e+02 1.058620e+00
6.400000e+02 1.053003e+00
6.500000e+02 1.051702e+00
6.600000e+02 1.052936e+00
6.700000e+02 1.054073e+00
6.800000e+02 1.057185e+00
6.900000e+02 1.059686e+00
7.000000e+02 1.058601e+00
7.100000e+02 1.060997e+00
7.200000e+02 1.060789e+00
7.300000e+02 1.061239e+00
7.400000e+02 1.061565e+00
7.500000e+02 1.058784e+00
7.600000e+02 1.056591e+00
7.700000e+02 1.055950e+00
7.800000e+02 1.055065e+00
7.900000e+02 1.054668e+00
8.000000e+02 1.053439e+00
8.100000e+02 1.051411e+00
8.200000e+02 1.049862e+00
8.300000e+02 1.052296e+00
8.400000e+02 1.052525e+00
8.500000e+02 1.049143e+00
8.600000e+02 1.046703e+00
8.700000e+02 1.043995e+00
8.800000e+02 1.042889e+00
8.900000e+02 1.043805e+00
9.000000e+02 1.041573e+00
9.100000e+02 1.041230e+00
9.200000e+02 1.042700e+00
9.300000e+02 1.046813e+00
9.400000e+02 1.047402e+00
9.500000e+02 1.051323e+00
9.600000e+02 1.051523e+00
9.700000e+02 1.052692e+00
9.800000e+02 1.054516e+00
9.900000e+02 1.052741e+00
1.000000e+03 1.053893e+00
1.010000e+03 1.054376e+00
1.020000e+03 1.053522e+00
1.030000e+03 1.054270e+00
1.040000e+03 1.059209e+00
1.050000e+03 1.065625e+00
1.060000e+03 1.067573e+00
1.070000e+03 1.065077e+00
1.080000e+03 1.063905e+00
1.090000e+03 1.066693e+00
1.100000e+03 1.066211e+00
1.110000e+03 1.065089e+00
1.120000e+03 1.066107e+00
1.130000e+03 1.067844e+00
1.140000e+03 1.067646e+00
1.150000e+03 1.066969e+00
1.160000e+03 1.065287e+00
1.170000e+03 1.065269e+00
1.180000e+03 1.063782e+00
1.190000e+03 1.064635e+00
1.200000e+03 1.069586e+00
1.210000e+03 1.069392e+00
1.220000e+03 1.065762e+00
1.230000e+03 1.065832e+00
1.240000e+03 1.070554e+00
1.250000e+03 1.074462e+00
1.260000e+03 1.076208e+00
1.270000e+03 1.078447e+00
1.280000e+03 1.083083e+00
1.290000e+03 1.083245e+00
1.300000e+03 1.078451e+00
1.310000e+03 1.076752e+00
1.320000e+03 1.078139e+00
1.330000e+03 1.078867e+00
1.340000e+03 1.075917e+00
1.350000e+03 1.070260e+00
1.360000e+03 1.067185e+00
1.370000e+03 1.064465e+00
1.380000e+03 1.060021e+00
1.390000e+03 1.058646e+00
1.400000e+03 1.058903e+00
1.410000e+03 1.060479e+00
1.420000e+03 1.060616e+00
1.430000e+03 1.060584e+00
1.440000e+03 1.060652e+00
1.450000e+03 1.061434e+00
1.460000e+03 1.063989e+00
1.470000e+03 1.061497e+00
1.480000e+03 1.061936e+00
1.490000e+03 1.060776e+00
1.500000e+03 1.060077e+00
1.510000e+03 1.062134e+00
1.520000e+03 1.063523e+00
1.530000e+03 1.063227e+00
1.540000e+03 1.062971e+00
1.550000e+03 1.063820e+00
1.560000e+03 1.062416e+00
1.570000e+03 1.063577e+00
1.580000e+03 1.063117e+00
1.590000e+03 1.063923e+00
1.600000e+03 1.064340e+00
1.610000e+03 1.061558e+00
1.620000e+03 1.061192e+00
1.630000e+03 1.064226e+00
1.640000e+03 1.064903e+00
1.650000e+03 1.066446e+00
1.660000e+03 1.066572e+00
1.670000e+03 1.067156e+00
1.680000e+03 1.068066e+00
1.690000e+03 1.068826e+00
1.700000e+03 1.072465e+00
1.710000e+03 1.078039e+00
1.720000e+03 1.080047e+00
1.730000e+03 1.081359e+00
1.740000e+03 1.080681e+00
1.750000e+03 1.079599e+00
1.760000e+03 1.081044e+00
1.770000e+03 1.086385e+00
1.780000e+03 1.089431e+00
1.790000e+03 1.089511e+00
1.800000e+03 1.088569e+00
1.810000e+03 1.093842e+00
1.820000e+03 1.098117e+00
1.830000e+03 1.099153e+00
1.840000e+03 1.102356e+00
1.850000e+03 1.106745e+00
1.860000e+03 1.108459e+00
1.870000e+03 1.113481e+00
1.880000e+03 1.116381e+00
1.890000e+03 1.118053e+00
1.900000e+03 1.113444e+00
1.910000e+03 1.109961e+00
1.920000e+03 1.111031e+00
1.930000e+03 1.113016e+00
1.940000e+03 1.116187e+00
1.950000e+03 1.113622e+00
1.960000e+03 1.116153e+00
1.970000e+03 1.116815e+00
1.980000e+03 1.119487e+00
1.990000e+03 1.118431e+00
2.000000e+03 1.115967e+00
2.010000e+03 1.115987e+00
2.020000e+03 1.117107e+00
2.030000e+03 1.117094e+00
2.040000e+03 1.119232e+00
2.050000e+03 1.120176e+00
2.060000e+03 1.116493e+00
2.070000e+03 1.118059e+00
2.080000e+03 1.118031e+00
2.090000e+03 1.119368e+00
2.100000e+03 1.118823e+00
2.110000e+03 1.117209e+00
2.120000e+03 1.115139e+00
2.130000e+03 1.115994e+00
2.140000e+03 1.116387e+00
2.150000e+03 1.113908e+00
2.160000e+03 1.115265e+00
2.170000e+03 1.118242e+00
2.180000e+03 1.125392e+00
2.190000e+03 1.131675e+00
2.200000e+03 1.129314e+00
2.210000e+03 1.131709e+00
2.220000e+03 1.132971e+00
2.230000e+03 1.130538e+00
2.240000e+03 1.128912e+00
2.250000e+03 1.129862e+00
2.260000e+03 1.132494e+00
2.270000e+03 1.136912e+00
2.280000e+03 1.135770e+00
2.290000e+03 1.132053e+00
2.300000e+03 1.126331e+00
2.310000e+03 1.119703e+00
2.320000e+03 1.116590e+00
2.330000e+03 1.116171e+00
2.340000e+03 1.115764e+00
2.350000e+03 1.117074e+00
2.360000e+03 1.120777e+00
2.370000e+03 1.122364e+00
2.380000e+03 1.124670e+00
2.390000e+03 1.130924e+00
2.400000e+03 1.133560e+00
2.410000e+03 1.138310e+00
2.420000e+03 1.143205e+00
2.430000e+03 1.141646e+00
2.440000e+03 1.135896e+00
2.450000e+03 1.132440e+00
2.460000e+03 1.128994e+00
2.470000e+03 1.121364e+00
2.480000e+03 1.116022e+00
2.490000e+03 1.115411e+00
2.500000e+03 1.113929e+00
2.510000e+03 1.114565e+00
2.520000e+03 1.118768e+00
2.530000e+03 1.118806e+00
2.540000e+03 1.113824e+00
2.550000e+03 1.112905e+00
2.560000e+03 1.108497e+00
2.570000e+03 1.105981e+00
2.580000e+03 1.104379e+00
2.590000e+03 1.104503e+00
2.600000e+03 1.104688e+00
2.610000e+03 1.105234e+00
2.620000e+03 1.106791e+00
2.630000e+03 1.107518e+00
2.640000e+03 1.105630e+00
2.650000e+03 1.103758e+00
2.660000e+03 1.102159e+00
2.670000e+03 1.102389e+00
2.680000e+03 1.107614e+00
2.690000e+03 1.112284e+00
2.700000e+03 1.113869e+00
2.710000e+03 1.115765e+00
2.720000e+03 1.113335e+00
2.730000e+03 1.110237e+00
2.740000e+03 1.107846e+00
2.750000e+03 1.106730e+00
2.760000e+03 1.107111e+00
2.770000e+03 1.110811e+00
2.780000e+03 1.111841e+00
2.790000e+03 1.112891e+00
2.800000e+03 1.112940e+00
2.810000e+03 1.113982e+00
2.820000e+03 1.113648e+00
2.830000e+03 1.111272e+00
2.840000e+03 1.105702e+00
2.850000e+03 1.105314e+00
2.860000e+03 1.109491e+00
2.870000e+03 1.110053e+00
2.880000e+03 1.110099e+00
2.890000e+03 1.109837e+00
2.900000e+03 1.109247e+00
2.910000e+03 1.112054e+00
2.920000e+03 1.114328e+00
2.930000e+03 1.116382e+00
2.940000e+03 1.114381e+00
2.950000e+03 1.110731e+00
2.960000e+03 1.112312e+00
2.970000e+03 1.115306e+00
2.980000e+03 1.115891e+00
2.990000e+03 1.118048e+00
3.000000e+03 1.120163e+00
3.010000e+03 1.118382e+00
3.020000e+03 1.118265e+00
3.030000e+03 1.122808e+00
3.040000e+03 1.125057e+00
3.050000e+03 1.121662e+00
3.060000e+03 1.116536e+00
3.070000e+03 1.117308e+00
3.080000e+03 1.117539e+00
3.090000e+03 1.114573e+00
3.100000e+03 1.112338e+00
3.110000e+03 1.113525e+00
3.120000e+03 1.112440e+00
3.130000e+03 1.112000e+00
3.140000e+03 1.111298e+00
3.150000e+03 1.110514e+00
3.160000e+03 1.109987e+00
3.170000e+03 1.110102e+00
3.180000e+03 1.110790e+00
3.190000e+03 1.108474e+00
3.200000e+03 1.106325e+00
3.210000e+03 1.109868e+00
3.220000e+03 1.112777e+00
3.230000e+03 1.117057e+00
3.240000e+03 1.119184e+00
3.250000e+03 1.116719e+00
3.260000e+03 1.116103e+00
3.270000e+03 1.118464e+00
3.280000e+03 1.119272e+00
3.290000e+03 1.124980e+00
3.300000e+03 1.128127e+00
3.310000e+03 1.124380e+00
3.320000e+03 1.123722e+00
3.330000e+03 1.124029e+00
3.340000e+03 1.119944e+00
3.350000e+03 1.120631e+00
3.360000e+03 1.121131e+00
3.370000e+03 1.117390e+00
3.380000e+03 1.114050e+00
3.390000e+03 1.113620e+00
3.400000e+03 1.115457e+00
3.410000e+03 1.115342e+00
3.420000e+03 1.118091e+00
3.430000e+03 1.121708e+00
3.440000e+03 1.120590e+00
3.450000e+03 1.118334e+00
3.460000e+03 1.115259e+00
3.470000e+03 1.111426e+00
3.480000e+03 1.107870e+00
3.490000e+03 1.106428e+00
3.500000e+03 1.107473e+00
3.510000e+03 1.110416e+00
3.520000e+03 1.111695e+00
3.530000e+03 1.111888e+00
3.540000e+03 1.112891e+00
3.550000e+03 1.113816e+00
3.560000e+03 1.115392e+00
3.570000e+03 1.120096e+00
3.580000e+03 1.121876e+00
3.590000e+03 1.124701e+00
3.600000e+03 1.126713e+00
3.610000e+03 1.129529e+00
3.620000e+03 1.131581e+00
3.630000e+03 1.137130e+00
3.640000e+03 1.139435e+00
3.650000e+03 1.137693e+00
3.660000e+03 1.136347e+00
3.670000e+03 1.136952e+00
3.680000e+03 1.135484e+00
3.690000e+03 1.134506e+00
3.700000e+03 1.136017e+00
3.710000e+03 1.133874e+00
3.720000e+03 1.128788e+00
3.730000e+03 1.123401e+00
3.740000e+03 1.121430e+00
3.750000e+03 1.122025e+00
3.760000e+03 1.121175e+00
3.770000e+03 1.125410e+00
3.780000e+03 1.127998e+00
3.790000e+03 1.132528e+00
3.800000e+03 1.134672e+00
3.810000e+03 1.133530e+00
3.820000e+03 1.136044e+00
3.830000e+03 1.135968e+00
3.840000e+03 1.133948e+00
3.850000e+03 1.134171e+00
3.860000e+03 1.133355e+00
3.870000e+03 1.131827e+00
3.880000e+03 1.131974e+00
3.890000e+03 1.131529e+00
3.900000e+03 1.131655e+00
3.910000e+03 1.128982e+00
3.920000e+03 1.127987e+00
3.930000e+03 1.120771e+00
3.940000e+03 1.115454e+00
3.950000e+03 1.112780e+00
3.960000e+03 1.112886e+00
3.970000e+03 1.112394e+00
3.980000e+03 1.110481e+00
3.990000e+03 1.108299e+00
4.000000e+03 1.106494e+00
4.010000e+03 1.104073e+00
4.020000e+03 1.101427e+00
4.030000e+03 1.099780e+00
4.040000e+03 1.102012e+00
4.050000e+03 1.102793e+00
4.060000e+03 1.104136e+00
4.070000e+03 1.105851e+00
4.080000e+03 1.106844e+00
4.090000e+03 1.108981e+00
4.100000e+03 1.111473e+00
4.110000e+03 1.107886e+00
4.120000e+03 1.102896e+00
4.130000e+03 1.100590e+00
4.140000e+03 1.097597e+00
4.150000e+03 1.094410e+00
4.160000e+03 1.091955e+00
4.170000e+03 1.091677e+00
4.180000e+03 1.086803e+00
4.190000e+03 1.083430e+00
4.200000e+03 1.083616e+00
4.210000e+03 1.085435e+00
4.220000e+03 1.088426e+00
4.230000e+03 1.088870e+00
4.240000e+03 1.088634e+00
4.250000e+03 1.087330e+00
4.260000e+03 1.086243e+00
4.270000e+03 1.083972e+00
4.280000e+03 1.082025e+00
4.290000e+03 1.082498e+00
4.300000e+03 1.082256e+00
4.310000e+03 1.079679e+00
4.320000e+03 1.077452e+00
4.330000e+03 1.076159e+00
4.340000e+03 1.077923e+00
4.350000e+03 1.078444e+00
4.360000e+03 1.080921e+00
4.370000e+03 1.083241e+00
4.380000e+03 1.086756e+00
4.390000e+03 1.085405e+00
4.400000e+03 1.083568e+00
4.410000e+03 1.084696e+00
4.420000e+03 1.087366e+00
4.430000e+03 1.086461e+00
4.440000e+03 1.084287e+00
4.450000e+03 1.081052e+00
4.460000e+03 1.080846e+00
4.470000e+03 1.080728e+00
4.480000e+03 1.079730e+00
4.490000e+03 1.078457e+00
4.500000e+03 1.079891e+00
4.510000e+03 1.081376e+00
4.520000e+03 1.081057e+00
4.530000e+03 1.080872e+00
4.540000e+03 1.078617e+00
4.550000e+03 1.074918e+00
4.560000e+03 1.073916e+00
4.570000e+03 1.072981e+00
4.580000e+03 1.075103e+00
4.590000e+03 1.078550e+00
4.600000e+03 1.079753e+00
4.610000e+03 1.078675e+00
4.620000e+03 1.078279e+00
4.630000e+03 1.080293e+00
4.640000e+03 1.080521e+00
4.650000e+03 1.076946e+00
4.660000e+03 1.074824e+00
4.670000e+03 1.076820e+00
4.680000e+03 1.080106e+00
4.690000e+03 1.082350e+00
4.700000e+03 1.082962e+00
4.710000e+03 1.083237e+00
4.720000e+03 1.083535e+00
4.730000e+03 1.085461e+00
4.740000e+03 1.087897e+00
4.750000e+03 1.089358e+00
4.760000e+03 1.091730e+00
4.770000e+03 1.093593e+00
4.780000e+03 1.096445e+00
4.790000e+03 1.095438e+00
4.800000e+03 1.091640e+00
4.810000e+03 1.088724e+00
4.820000e+03 1.087673e+00
4.830000e+03 1.085984e+00
4.840000e+03 1.083733e+00
4.850000e+03 1.083117e+00
4.860000e+03 1.083437e+00
4.870000e+03 1.082897e+00
4.880000e+03 1.084371e+00
4.890000e+03 1.087060e+00
4.900000e+03 1.093439e+00
4.910000e+03 1.097751e+00
4.920000e+03 1.103239e+00
4.930000e+03 1.106362e+00
4.940000e+03 1.106209e+00
4.950000e+03 1.107034e+00
4.960000e+03 1.107621e+00
4.970000e+03 1.108936e+00
4.980000e+03 1.110462e+00
4.990000e+03 1.111352e+00
5.000000e+03 1.111420e+00
5.010000e+03 1.112754e+00
5.020000e+03 1.113345e+00
5.030000e+03 1.111644e+00
5.040000e+03 1.110556e+00
5.050000e+03 1.107729e+00
5.060000e+03 1.106595e+00
5.070000e+03 1.107299e+00
5.080000e+03 1.108113e+00
5.090000e+03 1.109839e+00
5.100000e+03 1.112928e+00
5.110000e+03 1.115798e+00
5.120000e+03 1.114710e+00
5.130000e+03 1.114830e+00
5.140000e+03 1.115492e+00
5.150000e+03 1.115957e+00
5.160000e+03 1.116824e+00
5.170000e+03 1.115142e+00
5.180000e+03 1.116404e+00
5.190000e+03 1.115293e+00
5.200000e+03 1.113209e+00
5.210000e+03 1.113624e+00
5.220000e+03 1.113372e+00
5.230000e+03 1.112061e+00
5.240000e+03 1.112020e+00
5.250000e+03 1.108959e+00
5.260000e+03 1.107064e+00
5.270000e+03 1.103770e+00
5.280000e+03 1.099130e+00
5.290000e+03 1.095864e+00
5.300000e+03 1.093768e+00
5.310000e+03 1.092599e+00
5.320000e+03 1.090946e+00
5.330000e+03 1.090238e+00
5.340000e+03 1.089649e+00
5.350000e+03 1.087546e+00
5.360000e+03 1.085662e+00
5.370000e+03 1.085625e+00
5.380000e+03 1.086002e+00
5.390000e+03 1.085964e+00
5.400000e+03 1.084743e+00
5.410000e+03 1.085191e+00
5.420000e+03 1.085753e+00
5.430000e+03 1.087566e+00
5.440000e+03 1.086371e+00
5.450000e+03 1.085492e+00
5.460000e+03 1.085194e+00
5.470000e+03 1.082456e+00
5.480000e+03 1.078996e+00
5.490000e+03 1.077399e+00
5.500000e+03 1.076278e+00
5.510000e+03 1.076864e+00
5.520000e+03 1.077134e+00
5.530000e+03 1.077905e+00
5.540000e+03 1.079288e+00
5.550000e+03 1.080219e+00
5.560000e+03 1.082129e+00
5.570000e+03 1.084769e+00
5.580000e+03 1.086933e+00
5.590000e+03 1.086724e+00
5.600000e+03 1.087488e+00
5.610000e+03 1.087896e+00
5.620000e+03 1.087345e+00
5.630000e+03 1.088872e+00
5.640000e+03 1.091066e+00
5.650000e+03 1.094244e+00
5.660000e+03 1.096771e+00
5.670000e+03 1.098345e+00
5.680000e+03 1.097696e+00
5.690000e+03 1.096367e+00
5.700000e+03 1.096872e+00
5.710000e+03 1.098791e+00
5.720000e+03 1.100236e+00
5.730000e+03 1.099459e+00
5.740000e+03 1.100930e+00
5.750000e+03 1.102845e+00
5.760000e+03 1.103879e+00
5.770000e+03 1.104939e+00
5.780000e+03 1.108491e+00
5.790000e+03 1.108272e+00
5.800000e+03 1.106316e+00
5.810000e+03 1.106417e+00
5.820000e+03 1.107620e+00
5.830000e+03 1.107498e+00
5.840000e+03 1.105146e+00
5.850000e+03 1.101917e+00
5.860000e+03 1.099584e+00
5.870000e+03 1.098367e+00
5.880000e+03 1.096309e+00
5.890000e+03 1.095281e+00
5.900000e+03 1.094386e+00
5.910000e+03 1.094140e+00
5.920000e+03 1.095167e+00
5.930000e+03 1.097874e+00
5.940000e+03 1.099009e+00
5.950000e+03 1.099386e+00
5.960000e+03 1.097678e+00
5.970000e+03 1.097531e+00
5.980000e+03 1.096224e+00
5.990000e+03 1.093008e+00
6.000000e+03 1.092803e+00
6.010000e+03 1.092793e+00
6.020000e+03 1.094160e+00
6.030000e+03 1.095823e+00
6.040000e+03 1.097711e+00
6.050000e+03 1.099247e+00
6.060000e+03 1.099978e+00
6.070000e+03 1.102811e+00
6.080000e+03 1.103550e+00
6.090000e+03 1.104021e+00
6.100000e+03 1.102876e+00
6.110000e+03 1.101140e+00
6.120000e+03 1.102140e+00
6.130000e+03 1.102931e+00
6.140000e+03 1.105050e+00
6.150000e+03 1.107256e+00
6.160000e+03 1.107886e+00
6.170000e+03 1.108677e+00
6.180000e+03 1.109226e+00
6.190000e+03 1.110614e+00
6.200000e+03 1.111029e+00
6.210000e+03 1.110369e+00
6.220000e+03 1.108687e+00
6.230000e+03 1.108996e+00
6.240000e+03 1.107270e+00
6.250000e+03 1.106730e+00
6.260000e+03 1.105985e+00
6.270000e+03 1.105363e+00
6.280000e+03 1.104542e+00
6.290000e+03 1.103371e+00
6.300000e+03 1.101810e+00
6.310000e+03 1.099631e+00
6.320000e+03 1.098776e+00
6.330000e+03 1.096516e+00
6.340000e+03 1.095299e+00
6.350000e+03 1.095468e+00
6.360000e+03 1.095493e+00
6.370000e+03 1.097415e+00
6.380000e+03 1.097562e+00
6.390000e+03 1.097921e+00
6.400000e+03 1.098696e+00
6.410000e+03 1.097129e+00
6.420000e+03 1.096423e+00
6.430000e+03 1.096506e+00
6.440000e+03 1.095520e+00
6.450000e+03 1.093635e+00
6.460000e+03 1.093631e+00
6.470000e+03 1.093563e+00
6.480000e+03 1.092672e+00
6.490000e+03 1.095242e+00
6.500000e+03 1.096990e+00
6.510000e+03 1.097152e+00
6.520000e+03 1.096831e+00
6.530000e+03 1.095215e+00
6.540000e+03 1.092497e+00
6.550000e+03 1.090791e+00
6.560000e+03 1.089571e+00
6.570000e+03 1.089209e+00
6.580000e+03 1.088813e+00
6.590000e+03 1.090570e+00
6.600000e+03 1.089829e+00
6.610000e+03 1.090135e+00
6.620000e+03 1.090198e+00
6.630000e+03 1.088320e+00
6.640000e+03 1.088538e+00
6.650000e+03 1.088584e+00
6.660000e+03 1.091816e+00
6.670000e+03 1.093620e+00
6.680000e+03 1.096578e+00
6.690000e+03 1.098861e+00
6.700000e+03 1.098427e+00
6.710000e+03 1.098866e+00
6.720000e+03 1.102078e+00
6.730000e+03 1.102750e+00
6.740000e+03 1.103136e+00
6.750000e+03 1.101442e+00
6.760000e+03 1.101355e+00
6.770000e+03 1.101691e+00
6.780000e+03 1.103000e+00
6.790000e+03 1.101836e+00
6.800000e+03 1.097391e+00
6.810000e+03 1.097138e+00
6.820000e+03 1.098519e+00
6.830000e+03 1.100597e+00
6.840000e+03 1.101165e+00
6.850000e+03 1.100472e+00
6.860000e+03 1.102341e+00
6.870000e+03 1.101721e+00
6.880000e+03 1.100403e+00
6.890000e+03 1.098867e+00
6.900000e+03 1.097061e+00
6.910000e+03 1.095750e+00
6.920000e+03 1.094576e+00
6.930000e+03 1.096474e+00
6.940000e+03 1.097382e+00
6.950000e+03 1.098571e+00
6.960000e+03 1.099074e+00
6.970000e+03 1.099010e+00
6.980000e+03 1.098339e+00
6.990000e+03 1.096997e+00
7.000000e+03 1.094458e+00
7.010000e+03 1.092639e+00
7.020000e+03 1.091567e+00
7.030000e+03 1.091098e+00
7.040000e+03 1.090159e+00
7.050000e+03 1.090434e+00
7.060000e+03 1.091633e+00
7.070000e+03 1.092773e+00
7.080000e+03 1.091174e+00
7.090000e+03 1.091643e+00
7.100000e+03 1.093481e+00
7.110000e+03 1.094730e+00
7.120000e+03 1.093592e+00
7.130000e+03 1.092650e+00
7.140000e+03 1.093585e+00
7.150000e+03 1.094460e+00
7.160000e+03 1.093109e+00
7.170000e+03 1.093221e+00
7.180000e+03 1.093823e+00
7.190000e+03 1.093738e+00
7.200000e+03 1.094903e+00
7.210000e+03 1.095632e+00
7.220000e+03 1.096660e+00
7.230000e+03 1.095851e+00
7.240000e+03 1.094874e+00
7.250000e+03 1.093837e+00
7.260000e+03 1.092453e+00
7.270000e+03 1.091432e+00
7.280000e+03 1.092298e+00
7.290000e+03 1.092802e+00
7.300000e+03 1.094628e+00
7.310000e+03 1.096505e+00
7.320000e+03 1.096017e+00
7.330000e+03 1.094910e+00
7.340000e+03 1.095070e+00
7.350000e+03 1.095843e+00
7.360000e+03 1.093097e+00
7.370000e+03 1.091375e+00
7.380000e+03 1.091763e+00
7.390000e+03 1.093450e+00
7.400000e+03 1.095215e+00
7.410000e+03 1.093782e+00
7.420000e+03 1.091696e+00
7.430000e+03 1.091042e+00
7.440000e+03 1.092342e+00
7.450000e+03 1.093541e+00
7.460000e+03 1.095853e+00
7.470000e+03 1.097121e+00
7.480000e+03 1.095658e+00
7.490000e+03 1.094572e+00
7.500000e+03 1.092678e+00
7.510000e+03 1.089559e+00
7.520000e+03 1.088143e+00
7.530000e+03 1.087804e+00
7.540000e+03 1.087871e+00
7.550000e+03 1.086230e+00
7.560000e+03 1.083455e+00
7.570000e+03 1.081419e+00
7.580000e+03 1.080994e+00
7.590000e+03 1.081644e+00
7.600000e+03 1.081983e+00
7.610000e+03 1.083434e+00
7.620000e+03 1.085545e+00
7.630000e+03 1.087281e+00
7.640000e+03 1.089036e+00
7.650000e+03 1.088924e+00
7.660000e+03 1.089342e+00
7.670000e+03 1.089776e+00
7.680000e+03 1.089372e+00
7.690000e+03 1.091072e+00
7.700000e+03 1.092431e+00
7.710000e+03 1.093720e+00
7.720000e+03 1.095295e+00
7.730000e+03 1.095772e+00
7.740000e+03 1.094409e+00
7.750000e+03 1.094166e+00
7.760000e+03 1.093591e+00
7.770000e+03 1.091400e+00
7.780000e+03 1.093002e+00
7.790000e+03 1.094810e+00
7.800000e+03 1.095535e+00
7.810000e+03 1.096515e+00
7.820000e+03 1.097405e+00
7.830000e+03 1.097980e+00
7.840000e+03 1.097633e+00
7.850000e+03 1.097408e+00
7.860000e+03 1.097017e+00
7.870000e+03 1.095485e+00
7.880000e+03 1.095169e+00
7.890000e+03 1.097537e+00
7.900000e+03 1.096812e+00
7.910000e+03 1.097152e+00
7.920000e+03 1.097239e+00
7.930000e+03 1.097419e+00
7.940000e+03 1.096531e+00
7.950000e+03 1.096076e+00
7.960000e+03 1.098153e+00
7.970000e+03 1.099572e+00
7.980000e+03 1.101765e+00
7.990000e+03 1.103469e+00
8.000000e+03 1.104480e+00
8.010000e+03 1.103813e+00
8.020000e+03 1.102414e+00
8.030000e+03 1.102257e+00
8.040000e+03 1.102816e+00
8.050000e+03 1.103009e+00
8.060000e+03 1.102562e+00
8.070000e+03 1.101226e+00
8.080000e+03 1.101451e+00
8.090000e+03 1.102958e+00
8.100000e+03 1.105325e+00
8.110000e+03 1.106832e+00
8.120000e+03 1.106579e+00
8.130000e+03 1.107045e+00
8.140000e+03 1.106711e+00
8.150000e+03 1.106709e+00
8.160000e+03 1.106421e+00
8.170000e+03 1.107965e+00
8.180000e+03 1.107603e+00
8.190000e+03 1.105210e+00
8.200000e+03 1.106304e+00
8.210000e+03 1.107093e+00
8.220000e+03 1.106806e+00
8.230000e+03 1.107993e+00
8.240000e+03 1.109730e+00
8.250000e+03 1.109827e+00
8.260000e+03 1.110525e+00
8.270000e+03 1.109501e+00
8.280000e+03 1.107824e+00
8.290000e+03 1.107898e+00
8.300000e+03 1.109241e+00
8.310000e+03 1.111590e+00
8.320000e+03 1.112041e+00
8.330000e+03 1.112757e+00
8.340000e+03 1.115036e+00
8.350000e+03 1.114671e+00
8.360000e+03 1.116256e+00
8.370000e+03 1.118497e+00
8.380000e+03 1.119881e+00
8.390000e+03 1.118129e+00
8.400000e+03 1.117314e+00
8.410000e+03 1.117748e+00
8.420000e+03 1.119553e+00
8.430000e+03 1.119995e+00
8.440000e+03 1.121232e+00
8.450000e+03 1.121493e+00
8.460000e+03 1.121738e+00
8.470000e+03 1.121660e+00
8.480000e+03 1.120100e+00
8.490000e+03 1.118639e+00
8.500000e+03 1.116643e+00
8.510000e+03 1.116993e+00
8.520000e+03 1.117928e+00
8.530000e+03 1.119421e+00
8.540000e+03 1.119477e+00
8.550000e+03 1.118413e+00
8.560000e+03 1.116997e+00
8.570000e+03 1.116558e+00
8.580000e+03 1.116330e+00
8.590000e+03 1.117759e+00
8.600000e+03 1.118110e+00
8.610000e+03 1.119637e+00
8.620000e+03 1.120839e+00
8.630000e+03 1.122265e+00
8.640000e+03 1.122314e+00
8.650000e+03 1.120378e+00
8.660000e+03 1.118578e+00
8.670000e+03 1.117533e+00
8.680000e+03 1.117349e+00
8.690000e+03 1.117255e+00
8.700000e+03 1.117992e+00
8.710000e+03 1.119743e+00
8.720000e+03 1.120067e+00
8.730000e+03 1.118991e+00
8.740000e+03 1.120058e+00
8.750000e+03 1.121820e+00
8.760000e+03 1.122969e+00
8.770000e+03 1.122204e+00
8.780000e+03 1.121033e+00
8.790000e+03 1.118636e+00
8.800000e+03 1.116503e+00
8.810000e+03 1.115090e+00
8.820000e+03 1.114450e+00
8.830000e+03 1.114346e+00
8.840000e+03 1.113917e+00
8.850000e+03 1.115746e+00
8.860000e+03 1.116139e+00
8.870000e+03 1.118023e+00
8.880000e+03 1.118117e+00
8.890000e+03 1.119358e+00
8.900000e+03 1.120789e+00
8.910000e+03 1.121979e+00
8.920000e+03 1.121978e+00
8.930000e+03 1.122797e+00
8.940000e+03 1.121270e+00
8.950000e+03 1.121893e+00
8.960000e+03 1.121951e+00
8.970000e+03 1.120475e+00
8.980000e+03 1.119033e+00
8.990000e+03 1.118813e+00
9.000000e+03 1.118770e+00
9.010000e+03 1.118595e+00
9.020000e+03 1.117295e+00
9.030000e+03 1.116002e+00
9.040000e+03 1.115650e+00
9.050000e+03 1.114856e+00
9.060000e+03 1.114355e+00
9.070000e+03 1.114840e+00
9.080000e+03 1.114208e+00
9.090000e+03 1.113199e+00
9.100000e+03 1.111910e+00
9.110000e+03 1.111878e+00
9.120000e+03 1.112110e+00
9.130000e+03 1.114906e+00
9.140000e+03 1.116284e+00
9.150000e+03 1.115966e+00
9.160000e+03 1.115317e+00
9.170000e+03 1.115875e+00
9.180000e+03 1.116581e+00
9.190000e+03 1.116191e+00
9.200000e+03 1.114313e+00
9.210000e+03 1.113799e+00
9.220000e+03 1.114844e+00
9.230000e+03 1.116481e+00
9.240000e+03 1.117560e+00
9.250000e+03 1.118003e+00
9.260000e+03 1.117624e+00
9.270000e+03 1.117558e+00
9.280000e+03 1.118021e+00
9.290000e+03 1.117603e+00
9.300000e+03 1.116671e+00
9.310000e+03 1.115409e+00
9.320000e+03 1.115153e+00
9.330000e+03 1.114550e+00
9.340000e+03 1.113104e+00
9.350000e+03 1.113685e+00
9.360000e+03 1.114239e+00
9.370000e+03 1.114743e+00
9.380000e+03 1.114240e+00
9.390000e+03 1.113829e+00
9.400000e+03 1.113795e+00
9.410000e+03 1.113357e+00
9.420000e+03 1.114298e+00
9.430000e+03 1.115366e+00
9.440000e+03 1.115262e+00
9.450000e+03 1.113782e+00
9.460000e+03 1.113199e+00
9.470000e+03 1.112408e+00
9.480000e+03 1.110704e+00
9.490000e+03 1.109510e+00
9.500000e+03 1.108909e+00
9.510000e+03 1.110391e+00
9.520000e+03 1.111996e+00
9.530000e+03 1.112465e+00
9.540000e+03 1.112560e+00
9.550000e+03 1.112762e+00
9.560000e+03 1.113579e+00
9.570000e+03 1.114517e+00
9.580000e+03 1.114885e+00
9.590000e+03 1.114711e+00
9.600000e+03 1.115502e+00
9.610000e+03 1.116089e+00
9.620000e+03 1.116877e+00
9.630000e+03 1.117940e+00
9.640000e+03 1.118233e+00
9.650000e+03 1.118403e+00
9.660000e+03 1.118649e+00
9.670000e+03 1.118853e+00
9.680000e+03 1.118383e+00
9.690000e+03 1.117787e+00
9.700000e+03 1.116761e+00
9.710000e+03 1.116086e+00
9.720000e+03 1.115823e+00
9.730000e+03 1.114951e+00
9.740000e+03 1.114979e+00
9.750000e+03 1.114987e+00
9.760000e+03 1.115041e+00
9.770000e+03 1.113646e+00
9.780000e+03 1.113937e+00
9.790000e+03 1.113518e+00
9.800000e+03 1.112986e+00
9.810000e+03 1.112072e+00
9.820000e+03 1.111478e+00
9.830000e+03 1.112056e+00
9.840000e+03 1.111918e+00
9.850000e+03 1.111863e+00
9.860000e+03 1.112093e+00
9.870000e+03 1.110996e+00
9.880000e+03 1.110628e+00
9.890000e+03 1.110976e+00
9.900000e+03 1.110616e+00
9.910000e+03 1.109917e+00
9.920000e+03 1.109817e+00
9.930000e+03 1.110176e+00
9.940000e+03 1.110207e+00
9.950000e+03 1.110230e+00
9.960000e+03 1.110803e+00
9.970000e+03 1.109178e+00
9.980000e+03 1.108617e+00
9.990000e+03 1.109260e+00
1.000000e+04 1.109081e+00
1.001000e+04 1.108585e+00
1.002000e+04 1.107904e+00
1.003000e+04 1.108406e+00
1.004000e+04 1.110237e+00
1.005000e+04 1.111012e+00
1.006000e+04 1.110939e+00
1.007000e+04 1.111245e+00
1.008000e+04 1.110528e+00
1.009000e+04 1.109915e+00
1.010000e+04 1.109462e+00
1.011000e+04 1.109648e+00
1.012000e+04 1.109314e+00
1.013000e+04 1.108925e+00
1.014000e+04 1.109463e+00
1.015000e+04 1.109107e+00
1.016000e+04 1.109263e+00
1.017000e+04 1.109686e+00
1.018000e+04 1.109813e+00
1.019000e+04 1.109126e+00
1.020000e+04 1.108971e+00
1.021000e+04 1.109477e+00
1.022000e+04 1.108243e+00
1.023000e+04 1.107934e+00
1.024000e+04 1.108640e+00
1.025000e+04 1.110071e+00
1.026000e+04 1.111393e+00
1.027000e+04 1.112575e+00
1.028000e+04 1.113909e+00
1.029000e+04 1.113238e+00
1.030000e+04 1.113566e+00
1.031000e+04 1.114499e+00
1.032000e+04 1.114436e+00
1.033000e+04 1.113815e+00
1.034000e+04 1.112329e+00
1.035000e+04 1.111734e+00
1.036000e+04 1.112195e+00
1.037000e+04 1.112815e+00
1.038000e+04 1.113737e+00
1.039000e+04 1.114524e+00
1.040000e+04 1.115391e+00
1.041000e+04 1.116284e+00
1.042000e+04 1.116447e+00
1.043000e+04 1.117854e+00
1.044000e+04 1.118253e+00
1.045000e+04 1.119409e+00
1.046000e+04 1.120812e+00
1.047000e+04 1.121426e+00
1.048000e+04 1.120729e+00
1.049000e+04 1.121107e+00
1.050000e+04 1.122022e+00
1.051000e+04 1.122980e+00
1.052000e+04 1.122355e+00
1.053000e+04 1.122219e+00
1.054000e+04 1.121279e+00
1.055000e+04 1.121116e+00
1.056000e+04 1.120119e+00
1.057000e+04 1.118155e+00
1.058000e+04 1.116739e+00
1.059000e+04 1.116116e+00
1.060000e+04 1.115952e+00
1.061000e+04 1.115422e+00
1.062000e+04 1.115873e+00
1.063000e+04 1.117252e+00
1.064000e+04 1.118708e+00
1.065000e+04 1.118944e+00
1.066000e+04 1.118363e+00
1.067000e+04 1.119106e+00
1.068000e+04 1.119499e+00
1.069000e+04 1.118915e+00
1.070000e+04 1.118267e+00
1.071000e+04 1.116894e+00
1.072000e+04 1.118038e+00
1.073000e+04 1.120418e+00
1.074000e+04 1.120962e+00
1.075000e+04 1.122024e+00
1.076000e+04 1.122877e+00
1.077000e+04 1.123394e+00
1.078000e+04 1.123318e+00
1.079000e+04 1.123654e+00
1.080000e+04 1.123645e+00
1.081000e+04 1.123207e+00
1.082000e+04 1.122158e+00
1.083000e+04 1.120429e+00
1.084000e+04 1.120972e+00
1.085000e+04 1.121353e+00
1.086000e+04 1.121451e+00
1.087000e+04 1.120770e+00
1.088000e+04 1.119896e+00
1.089000e+04 1.118551e+00
1.090000e+04 1.119018e+00
1.091000e+04 1.120184e+00
1.092000e+04 1.120720e+00
1.093000e+04 1.119553e+00
1.094000e+04 1.119384e+00
1.095000e+04 1.119621e+00
1.096000e+04 1.119593e+00
1.097000e+04 1.119567e+00
1.098000e+04 1.118844e+00
1.099000e+04 1.117511e+00
1.100000e+04 1.116387e+00
1.101000e+04 1.116515e+00
1.102000e+04 1.115825e+00
1.103000e+04 1.115372e+00
1.104000e+04 1.114524e+00
1.105000e+04 1.113870e+00
1.106000e+04 1.112228e+00
1.107000e+04 1.110450e+00
1.108000e+04 1.109512e+00
1.109000e+04 1.109230e+00
1.110000e+04 1.108884e+00
1.111000e+04 1.108084e+00
1.112000e+04 1.107977e+00
1.113000e+04 1.109016e+00
1.114000e+04 1.110715e+00
1.115000e+04 1.111523e+00
1.116000e+04 1.112481e+00
1.117000e+04 1.114390e+00
1.118000e+04 1.115676e+00
1.119000e+04 1.116113e+00
1.120000e+04 1.116500e+00
1.121000e+04 1.116123e+00
1.122000e+04 1.115572e+00
1.123000e+04 1.116190e+00
1.124000e+04 1.115084e+00
1.125000e+04 1.114447e+00
1.126000e+04 1.113966e+00
1.127000e+04 1.112736e+00
1.128000e+04 1.112427e+00
1.129000e+04 1.110863e+00
1.130000e+04 1.110681e+00
1.131000e+04 1.110209e+00
1.132000e+04 1.110953e+00
1.133000e+04 1.110863e+00
1.134000e+04 1.108848e+00
1.135000e+04 1.107816e+00
1.136000e+04 1.107404e+00
1.137000e+04 1.106728e+00
1.138000e+04 1.106519e+00
1.139000e+04 1.106682e+00
1.140000e+04 1.106685e+00
1.141000e+04 1.106460e+00
1.142000e+04 1.105552e+00
1.143000e+04 1.104510e+00
1.144000e+04 1.102855e+00
1.145000e+04 1.102389e+00
1.146000e+04 1.102827e+00
1.147000e+04 1.102235e+00
1.148000e+04 1.101841e+00
1.149000e+04 1.100591e+00
1.150000e+04 1.100066e+00
1.151000e+04 1.098374e+00
1.152000e+04 1.098124e+00
1.153000e+04 1.097259e+00
1.154000e+04 1.096335e+00
1.155000e+04 1.095305e+00
1.156000e+04 1.094697e+00
1.157000e+04 1.094031e+00
1.158000e+04 1.093083e+00
1.159000e+04 1.093692e+00
1.160000e+04 1.094157e+00
1.161000e+04 1.094047e+00
1.162000e+04 1.093980e+00
1.163000e+04 1.094923e+00
1.164000e+04 1.096251e+00
1.165000e+04 1.097795e+00
1.166000e+04 1.098909e+00
1.167000e+04 1.098943e+00
1.168000e+04 1.098966e+00
1.169000e+04 1.098933e+00
1.170000e+04 1.099372e+00
1.171000e+04 1.100246e+00
1.172000e+04 1.101064e+00
1.173000e+04 1.101419e+00
1.174000e+04 1.102117e+00
1.175000e+04 1.102912e+00
1.176000e+04 1.103472e+00
1.177000e+04 1.102183e+00
1.178000e+04 1.100628e+00
1.179000e+04 1.099817e+00
1.180000e+04 1.098017e+00
1.181000e+04 1.097187e+00
1.182000e+04 1.096550e+00
1.183000e+04 1.095757e+00
1.184000e+04 1.095310e+00
1.185000e+04 1.095779e+00
1.186000e+04 1.097028e+00
1.187000e+04 1.097262e+00
1.188000e+04 1.096791e+00
1.189000e+04 1.096629e+00
1.190000e+04 1.096311e+00
1.191000e+04 1.095513e+00
1.192000e+04 1.093852e+00
1.193000e+04 1.093491e+00
1.194000e+04 1.093375e+00
1.195000e+04 1.094742e+00
1.196000e+04 1.095795e+00
1.197000e+04 1.096408e+00
1.198000e+04 1.096435e+00
1.199000e+04 1.095777e+00
1.200000e+04 1.095926e+00
1.201000e+04 1.095877e+00
1.202000e+04 1.095888e+00
1.203000e+04 1.096758e+00
1.204000e+04 1.097788e+00
1.205000e+04 1.098550e+00
1.206000e+04 1.098276e+00
1.207000e+04 1.098054e+00
1.208000e+04 1.098316e+00
1.209000e+04 1.098821e+00
1.210000e+04 1.098502e+00
1.211000e+04 1.098708e+00
1.212000e+04 1.100108e+00
1.213000e+04 1.101850e+00
1.214000e+04 1.102901e+00
1.215000e+04 1.103491e+00
1.216000e+04 1.103794e+00
1.217000e+04 1.104339e+00
1.218000e+04 1.104481e+00
1.219000e+04 1.104934e+00
1.220000e+04 1.104796e+00
1.221000e+04 1.104607e+00
1.222000e+04 1.105226e+00
1.223000e+04 1.104821e+00
1.224000e+04 1.105287e+00
1.225000e+04 1.106283e+00
1.226000e+04 1.107612e+00
1.227000e+04 1.107693e+00
1.228000e+04 1.108009e+00
1.229000e+04 1.107928e+00
1.230000e+04 1.108152e+00
1.231000e+04 1.108457e+00
1.232000e+04 1.108778e+00
1.233000e+04 1.109670e+00
1.234000e+04 1.109994e+00
1.235000e+04 1.110150e+00
1.236000e+04 1.110440e+00
1.237000e+04 1.110839e+00
1.238000e+04 1.110296e+00
1.239000e+04 1.109396e+00
1.240000e+04 1.108274e+00
1.241000e+04 1.107675e+00
1.242000e+04 1.108351e+00
1.243000e+04 1.108664e+00
1.244000e+04 1.108598e+00
1.245000e+04 1.109477e+00
1.246000e+04 1.110102e+00
1.247000e+04 1.110106e+00
1.248000e+04 1.109675e+00
1.249000e+04 1.109226e+00
1.250000e+04 1.107630e+00
1.251000e+04 1.106913e+00
1.252000e+04 1.105908e+00
1.253000e+04 1.105504e+00
1.254000e+04 1.105174e+00
1.255000e+04 1.104855e+00
1.256000e+04 1.104832e+00
1.257000e+04 1.104785e+00
1.258000e+04 1.105670e+00
1.259000e+04 1.107792e+00
1.260000e+04 1.110511e+00
1.261000e+04 1.112162e+00
1.262000e+04 1.112824e+00
1.263000e+04 1.113183e+00
1.264000e+04 1.114395e+00
1.265000e+04 1.114412e+00
1.266000e+04 1.114230e+00
1.267000e+04 1.114850e+00
1.268000e+04 1.116238e+00
1.269000e+04 1.116581e+00
1.270000e+04 1.117082e+00
1.271000e+04 1.117094e+00
1.272000e+04 1.116836e+00
1.273000e+04 1.116959e+00
1.274000e+04 1.116944e+00
1.275000e+04 1.117390e+00
1.276000e+04 1.118424e+00
1.277000e+04 1.120031e+00
1.278000e+04 1.122147e+00
1.279000e+04 1.123870e+00
1.280000e+04 1.123429e+00
1.281000e+04 1.122137e+00
1.282000e+04 1.120321e+00
1.283000e+04 1.119156e+00
1.284000e+04 1.119106e+00
1.285000e+04 1.118929e+00
1.286000e+04 1.119257e+00
1.287000e+04 1.119928e+00
1.288000e+04 1.121131e+00
1.289000e+04 1.121347e+00
1.290000e+04 1.121495e+00
1.291000e+04 1.121208e+00
1.292000e+04 1.120275e+00
1.293000e+04 1.119826e+00
1.294000e+04 1.120708e+00
1.295000e+04 1.122160e+00
1.296000e+04 1.123074e+00
1.297000e+04 1.123205e+00
1.298000e+04 1.122942e+00
1.299000e+04 1.123002e+00
1.300000e+04 1.123391e+00
1.301000e+04 1.123948e+00
1.302000e+04 1.124803e+00
1.303000e+04 1.125499e+00
1.304000e+04 1.125924e+00
1.305000e+04 1.125606e+00
1.306000e+04 1.125420e+00
1.307000e+04 1.126141e+00
1.308000e+04 1.127036e+00
1.309000e+04 1.127474e+00
1.310000e+04 1.127781e+00
1.311000e+04 1.128671e+00
1.312000e+04 1.128980e+00
1.313000e+04 1.129798e+00
1.314000e+04 1.131734e+00
1.315000e+04 1.133389e+00
1.316000e+04 1.133845e+00
1.317000e+04 1.134053e+00
1.318000e+04 1.133629e+00
1.319000e+04 1.133371e+00
1.320000e+04 1.133683e+00
1.321000e+04 1.133823e+00
1.322000e+04 1.133901e+00
1.323000e+04 1.133290e+00
1.324000e+04 1.133116e+00
1.325000e+04 1.134447e+00
1.326000e+04 1.135386e+00
1.327000e+04 1.136319e+00
1.328000e+04 1.136323e+00
1.329000e+04 1.136765e+00
1.330000e+04 1.135630e+00
1.331000e+04 1.135598e+00
1.332000e+04 1.136622e+00
1.333000e+04 1.138200e+00
1.334000e+04 1.138053e+00
1.335000e+04 1.137124e+00
1.336000e+04 1.136243e+00
1.337000e+04 1.137673e+00
1.338000e+04 1.138814e+00
1.339000e+04 1.138112e+00
1.340000e+04 1.138211e+00
1.341000e+04 1.138163e+00
1.342000e+04 1.136963e+00
1.343000e+04 1.136984e+00
1.344000e+04 1.137460e+00
1.345000e+04 1.138159e+00
1.346000e+04 1.138250e+00
1.347000e+04 1.137901e+00
1.348000e+04 1.137214e+00
1.349000e+04 1.137769e+00
1.350000e+04 1.138183e+00
1.351000e+04 1.138000e+00
1.352000e+04 1.137634e+00
1.353000e+04 1.137154e+00
1.354000e+04 1.137236e+00
1.355000e+04 1.138283e+00
1.356000e+04 1.139100e+00
1.357000e+04 1.138789e+00
1.358000e+04 1.138533e+00
1.359000e+04 1.138391e+00
1.360000e+04 1.138163e+00
1.361000e+04 1.137933e+00
1.362000e+04 1.138129e+00
1.363000e+04 1.139275e+00
1.364000e+04 1.141029e+00
1.365000e+04 1.142196e+00
1.366000e+04 1.142025e+00
1.367000e+04 1.142311e+00
1.368000e+04 1.142074e+00
1.369000e+04 1.143232e+00
1.370000e+04 1.142974e+00
1.371000e+04 1.142851e+00
1.372000e+04 1.143154e+00
1.373000e+04 1.144680e+00
1.374000e+04 1.145113e+00
1.375000e+04 1.145996e+00
1.376000e+04 1.146450e+00
1.377000e+04 1.145728e+00
1.378000e+04 1.144137e+00
1.379000e+04 1.142799e+00
1.380000e+04 1.141455e+00
1.381000e+04 1.140348e+00
1.382000e+04 1.140651e+00
1.383000e+04 1.141987e+00
1.384000e+04 1.142862e+00
1.385000e+04 1.143146e+00
1.386000e+04 1.143913e+00
1.387000e+04 1.144152e+00
1.388000e+04 1.143897e+00
1.389000e+04 1.143523e+00
1.390000e+04 1.143014e+00
1.391000e+04 1.142889e+00
1.392000e+04 1.143216e+00
1.393000e+04 1.144426e+00
1.394000e+04 1.143851e+00
1.395000e+04 1.142852e+00
1.396000e+04 1.142231e+00
1.397000e+04 1.141379e+00
1.398000e+04 1.140991e+00
1.399000e+04 1.140980e+00
1.400000e+04 1.141384e+00
1.401000e+04 1.142690e+00
1.402000e+04 1.143414e+00
1.403000e+04 1.144208e+00
1.404000e+04 1.145261e+00
1.405000e+04 1.145749e+00
1.406000e+04 1.146628e+00
1.407000e+04 1.147251e+00
1.408000e+04 1.147670e+00
1.409000e+04 1.147147e+00
1.410000e+04 1.147412e+00
1.411000e+04 1.146805e+00
1.412000e+04 1.146457e+00
1.413000e+04 1.147250e+00
1.414000e+04 1.147959e+00
1.415000e+04 1.147460e+00
1.416000e+04 1.147971e+00
1.417000e+04 1.148627e+00
1.418000e+04 1.149251e+00
1.419000e+04 1.150010e+00
1.420000e+04 1.151289e+00
1.421000e+04 1.152590e+00
1.422000e+04 1.152631e+00
1.423000e+04 1.152262e+00
1.424000e+04 1.151112e+00
1.425000e+04 1.149864e+00
1.426000e+04 1.148715e+00
1.427000e+04 1.147842e+00
1.428000e+04 1.147372e+00
1.429000e+04 1.147079e+00
1.430000e+04 1.146475e+00
1.431000e+04 1.145766e+00
1.432000e+04 1.145903e+00
1.433000e+04 1.147135e+00
1.434000e+04 1.147465e+00
1.435000e+04 1.148956e+00
1.436000e+04 1.149521e+00
1.437000e+04 1.150354e+00
1.438000e+04 1.151146e+00
1.439000e+04 1.152241e+00
1.440000e+04 1.152627e+00
1.441000e+04 1.153104e+00
1.442000e+04 1.153761e+00
1.443000e+04 1.153870e+00
1.444000e+04 1.153200e+00
1.445000e+04 1.152813e+00
1.446000e+04 1.152862e+00
1.447000e+04 1.153799e+00
1.448000e+04 1.154139e+00
1.449000e+04 1.154140e+00
1.450000e+04 1.154265e+00
1.451000e+04 1.154288e+00
1.452000e+04 1.153439e+00
1.453000e+04 1.153022e+00
1.454000e+04 1.153429e+00
1.455000e+04 1.152995e+00
1.456000e+04 1.152250e+00
1.457000e+04 1.151601e+00
1.458000e+04 1.152101e+00
1.459000e+04 1.152842e+00
1.460000e+04 1.153216e+00
1.461000e+04 1.153374e+00
1.462000e+04 1.152390e+00
1.463000e+04 1.151136e+00
1.464000e+04 1.149891e+00
1.465000e+04 1.149419e+00
1.466000e+04 1.148603e+00
1.467000e+04 1.148762e+00
1.468000e+04 1.149879e+00
1.469000e+04 1.150558e+00
1.470000e+04 1.150982e+00
1.471000e+04 1.150587e+00
1.472000e+04 1.151164e+00
1.473000e+04 1.151183e+00
1.474000e+04 1.152395e+00
1.475000e+04 1.153382e+00
1.476000e+04 1.153646e+00
1.477000e+04 1.154091e+00
1.478000e+04 1.153524e+00
1.479000e+04 1.153987e+00
1.480000e+04 1.154837e+00
1.481000e+04 1.154847e+00
1.482000e+04 1.154879e+00
1.483000e+04 1.156042e+00
1.484000e+04 1.157734e+00
1.485000e+04 1.158835e+00
1.486000e+04 1.159616e+00
1.487000e+04 1.158997e+00
1.488000e+04 1.159165e+00
1.489000e+04 1.159753e+00
1.490000e+04 1.159810e+00
1.491000e+04 1.159395e+00
1.492000e+04 1.158691e+00
1.493000e+04 1.158804e+00
1.494000e+04 1.159120e+00
1.495000e+04 1.160216e+00
1.496000e+04 1.161918e+00
1.497000e+04 1.163366e+00
1.498000e+04 1.164791e+00
1.499000e+04 1.165919e+00
1.500000e+04 1.166174e+00
1.501000e+04 1.165636e+00
1.502000e+04 1.165439e+00
1.503000e+04 1.164200e+00
1.504000e+04 1.163646e+00
1.505000e+04 1.163359e+00
1.506000e+04 1.164158e+00
1.507000e+04 1.163850e+00
1.508000e+04 1.163503e+00
1.509000e+04 1.163327e+00
1.510000e+04 1.162603e+00
1.511000e+04 1.161477e+00
1.512000e+04 1.160283e+00
1.513000e+04 1.159708e+00
1.514000e+04 1.159796e+00
1.515000e+04 1.158442e+00
1.516000e+04 1.158040e+00
1.517000e+04 1.157989e+00
1.518000e+04 1.158023e+00
1.519000e+04 1.157112e+00
1.520000e+04 1.156695e+00
1.521000e+04 1.157352e+00
1.522000e+04 1.157967e+00
1.523000e+04 1.158575e+00
1.524000e+04 1.159119e+00
1.525000e+04 1.158458e+00
1.526000e+04 1.157253e+00
1.527000e+04 1.156390e+00
1.528000e+04 1.155693e+00
1.529000e+04 1.155196e+00
1.530000e+04 1.155416e+00
1.531000e+04 1.156013e+00
1.532000e+04 1.156413e+00
1.533000e+04 1.155886e+00
1.534000e+04 1.155736e+00
1.535000e+04 1.155590e+00
1.536000e+04 1.154360e+00
1.537000e+04 1.154023e+00
1.538000e+04 1.153741e+00
1.539000e+04 1.153723e+00
1.540000e+04 1.153984e+00
1.541000e+04 1.152929e+00
1.542000e+04 1.151898e+00
1.543000e+04 1.151418e+00
1.544000e+04 1.151551e+00
1.545000e+04 1.151324e+00
1.546000e+04 1.151153e+00
1.547000e+04 1.151612e+00
1.548000e+04 1.151956e+00
1.549000e+04 1.152808e+00
1.550000e+04 1.154489e+00
1.551000e+04 1.155280e+00
1.552000e+04 1.156071e+00
1.553000e+04 1.156538e+00
1.554000e+04 1.156465e+00
1.555000e+04 1.156306e+00
1.556000e+04 1.156559e+00
1.557000e+04 1.156766e+00
1.558000e+04 1.157411e+00
1.559000e+04 1.157687e+00
1.560000e+04 1.158607e+00
1.561000e+04 1.160394e+00
1.562000e+04 1.160269e+00
1.563000e+04 1.160689e+00
1.564000e+04 1.161999e+00
1.565000e+04 1.163103e+00
1.566000e+04 1.163728e+00
1.567000e+04 1.164723e+00
1.568000e+04 1.164708e+00
1.569000e+04 1.165104e+00
1.570000e+04 1.166150e+00
1.571000e+04 1.166624e+00
1.572000e+04 1.165997e+00
1.573000e+04 1.165845e+00
1.574000e+04 1.166167e+00
1.575000e+04 1.165103e+00
1.576000e+04 1.165319e+00
1.577000e+04 1.165687e+00
1.578000e+04 1.166873e+00
1.579000e+04 1.168202e+00
1.580000e+04 1.168311e+00
1.581000e+04 1.167777e+00
1.582000e+04 1.167957e+00
1.583000e+04 1.167991e+00
1.584000e+04 1.168683e+00
1.585000e+04 1.169540e+00
1.586000e+04 1.169461e+00
1.587000e+04 1.168108e+00
1.588000e+04 1.167675e+00
1.589000e+04 1.168044e+00
1.590000e+04 1.169073e+00
1.591000e+04 1.168910e+00
1.592000e+04 1.168478e+00
1.593000e+04 1.166816e+00
1.594000e+04 1.165252e+00
1.595000e+04 1.165390e+00
1.596000e+04 1.166048e+00
1.597000e+04 1.166450e+00
1.598000e+04 1.167335e+00
1.599000e+04 1.166961e+00
1.600000e+04 1.166549e+00
1.601000e+04 1.166390e+00
1.602000e+04 1.167218e+00
1.603000e+04 1.167628e+00
1.604000e+04 1.168448e+00
1.605000e+04 1.168658e+00
1.606000e+04 1.168834e+00
1.607000e+04 1.169842e+00
1.608000e+04 1.170727e+00
1.609000e+04 1.172085e+00
1.610000e+04 1.173519e+00
1.611000e+04 1.174422e+00
1.612000e+04 1.175258e+00
1.613000e+04 1.175279e+00
1.614000e+04 1.175384e+00
1.615000e+04 1.174716e+00
1.616000e+04 1.174626e+00
1.617000e+04 1.175270e+00
1.618000e+04 1.176503e+00
1.619000e+04 1.177312e+00
1.620000e+04 1.178989e+00
1.621000e+04 1.179984e+00
1.622000e+04 1.181889e+00
1.623000e+04 1.183310e+00
1.624000e+04 1.183651e+00
1.625000e+04 1.182843e+00
1.626000e+04 1.181828e+00
1.627000e+04 1.181351e+00
1.628000e+04 1.180861e+00
1.629000e+04 1.180676e+00
1.630000e+04 1.180156e+00
1.631000e+04 1.179881e+00
1.632000e+04 1.178616e+00
1.633000e+04 1.178364e+00
1.634000e+04 1.179213e+00
1.635000e+04 1.179216e+00
1.636000e+04 1.179509e+00
1.637000e+04 1.180052e+00
1.638000e+04 1.180715e+00
1.639000e+04 1.181655e+00
1.640000e+04 1.182458e+00
1.641000e+04 1.182433e+00
1.642000e+04 1.182819e+00
1.643000e+04 1.182793e+00
1.644000e+04 1.182742e+00
1.645000e+04 1.182502e+00
1.646000e+04 1.182292e+00
1.647000e+04 1.182321e+00
1.648000e+04 1.182442e+00
1.649000e+04 1.182371e+00
1.650000e+04 1.181859e+00
1.651000e+04 1.181942e+00
1.652000e+04 1.181682e+00
1.653000e+04 1.181125e+00
1.654000e+04 1.180889e+00
1.655000e+04 1.181581e+00
1.656000e+04 1.180843e+00
1.657000e+04 1.181380e+00
1.658000e+04 1.181592e+00
1.659000e+04 1.180925e+00
1.660000e+04 1.180683e+00
1.661000e+04 1.180978e+00
1.662000e+04 1.182235e+00
1.663000e+04 1.182067e+00
1.664000e+04 1.181649e+00
1.665000e+04 1.182099e+00
1.666000e+04 1.182138e+00
1.667000e+04 1.182593e+00
1.668000e+04 1.183569e+00
1.669000e+04 1.184548e+00
1.670000e+04 1.185054e+00
1.671000e+04 1.184889e+00
1.672000e+04 1.184577e+00
1.673000e+04 1.184891e+00
1.674000e+04 1.184087e+00
1.675000e+04 1.183124e+00
1.676000e+04 1.182906e+00
1.677000e+04 1.183019e+00
1.678000e+04 1.182369e+00
1.679000e+04 1.181837e+00
1.680000e+04 1.181214e+00
1.681000e+04 1.180572e+00
1.682000e+04 1.180227e+00
1.683000e+04 1.180578e+00
1.684000e+04 1.180128e+00
1.685000e+04 1.179705e+00
1.686000e+04 1.179934e+00
1.687000e+04 1.179259e+00
1.688000e+04 1.179121e+00
1.689000e+04 1.179117e+00
1.690000e+04 1.179309e+00
1.691000e+04 1.179701e+00
1.692000e+04 1.179615e+00
1.693000e+04 1.179796e+00
1.694000e+04 1.180193e+00
1.695000e+04 1.180474e+00
1.696000e+04 1.181196e+00
1.697000e+04 1.181417e+00
1.698000e+04 1.180238e+00
1.699000e+04 1.179559e+00
1.700000e+04 1.178952e+00
1.701000e+04 1.178418e+00
1.702000e+04 1.177897e+00
1.703000e+04 1.177949e+00
1.704000e+04 1.178296e+00
1.705000e+04 1.177653e+00
1.706000e+04 1.176847e+00
1.707000e+04 1.175532e+00
1.708000e+04 1.174360e+00
1.709000e+04 1.174306e+00
1.710000e+04 1.173064e+00
1.711000e+04 1.172065e+00
1.712000e+04 1.172085e+00
1.713000e+04 1.171066e+00
1.714000e+04 1.170097e+00
1.715000e+04 1.169715e+00
1.716000e+04 1.169903e+00
1.717000e+04 1.169909e+00
1.718000e+04 1.169664e+00
1.719000e+04 1.169044e+00
1.720000e+04 1.168968e+00
1.721000e+04 1.169615e+00
1.722000e+04 1.170106e+00
1.723000e+04 1.170576e+00
1.724000e+04 1.170537e+00
1.725000e+04 1.170148e+00
1.726000e+04 1.169429e+00
1.727000e+04 1.168949e+00
1.728000e+04 1.168864e+00
1.729000e+04 1.169716e+00
1.730000e+04 1.169813e+00
1.731000e+04 1.169793e+00
1.732000e+04 1.169641e+00
1.733000e+04 1.169298e+00
1.734000e+04 1.168954e+00
1.735000e+04 1.169129e+00
1.736000e+04 1.169247e+00
1.737000e+04 1.169529e+00
1.738000e+04 1.169508e+00
1.739000e+04 1.168771e+00
1.740000e+04 1.168137e+00
1.741000e+04 1.167509e+00
1.742000e+04 1.167003e+00
1.743000e+04 1.167426e+00
1.744000e+04 1.167219e+00
1.745000e+04 1.167643e+00
1.746000e+04 1.168542e+00
1.747000e+04 1.169468e+00
1.748000e+04 1.169093e+00
1.749000e+04 1.168687e+00
1.750000e+04 1.167854e+00
1.751000e+04 1.167270e+00
1.752000e+04 1.167612e+00
1.753000e+04 1.167920e+00
1.754000e+04 1.168324e+00
1.755000e+04 1.169188e+00
1.756000e+04 1.169776e+00
1.757000e+04 1.170722e+00
1.758000e+04 1.171872e+00
1.759000e+04 1.172909e+00
1.760000e+04 1.172553e+00
1.761000e+04 1.172234e+00
1.762000e+04 1.171636e+00
1.763000e+04 1.171377e+00
1.764000e+04 1.171253e+00
1.765000e+04 1.171056e+00
1.766000e+04 1.170837e+00
1.767000e+04 1.170756e+00
1.768000e+04 1.171464e+00
1.769000e+04 1.172002e+00
1.770000e+04 1.172529e+00
1.771000e+04 1.173028e+00
1.772000e+04 1.173814e+00
1.773000e+04 1.173797e+00
1.774000e+04 1.173208e+00
1.775000e+04 1.172874e+00
1.776000e+04 1.173199e+00
1.777000e+04 1.172655e+00
1.778000e+04 1.171570e+00
1.779000e+04 1.171211e+00
1.780000e+04 1.171612e+00
1.781000e+04 1.172264e+00
1.782000e+04 1.172302e+00
1.783000e+04 1.172123e+00
1.784000e+04 1.171230e+00
1.785000e+04 1.170511e+00
1.786000e+04 1.171018e+00
1.787000e+04 1.170761e+00
1.788000e+04 1.170232e+00
1.789000e+04 1.170428e+00
1.790000e+04 1.171359e+00
1.791000e+04 1.172658e+00
1.792000e+04 1.173314e+00
1.793000e+04 1.173505e+00
1.794000e+04 1.174360e+00
1.795000e+04 1.174961e+00
1.796000e+04 1.175647e+00
1.797000e+04 1.176332e+00
1.798000e+04 1.177336e+00
1.799000e+04 1.178511e+00
1.800000e+04 1.178632e+00
1.801000e+04 1.178553e+00
1.802000e+04 1.178137e+00
1.803000e+04 1.177516e+00
1.804000e+04 1.177040e+00
1.805000e+04 1.176707e+00
1.806000e+04 1.177086e+00
1.807000e+04 1.177414e+00
1.808000e+04 1.178379e+00
1.809000e+04 1.178705e+00
1.810000e+04 1.178547e+00
1.811000e+04 1.178470e+00
1.812000e+04 1.178774e+00
1.813000e+04 1.178650e+00
1.814000e+04 1.178156e+00
1.815000e+04 1.177875e+00
1.816000e+04 1.178328e+00
1.817000e+04 1.177793e+00
1.818000e+04 1.178098e+00
1.819000e+04 1.178350e+00
1.820000e+04 1.178320e+00
1.821000e+04 1.178431e+00
1.822000e+04 1.178437e+00
1.823000e+04 1.179337e+00
1.824000e+04 1.179746e+00
1.825000e+04 1.180096e+00
1.826000e+04 1.179980e+00
1.827000e+04 1.180114e+00
1.828000e+04 1.179827e+00
1.829000e+04 1.180032e+00
1.830000e+04 1.179484e+00
1.831000e+04 1.178341e+00
1.832000e+04 1.177600e+00
1.833000e+04 1.176820e+00
1.834000e+04 1.175816e+00
1.835000e+04 1.175907e+00
1.836000e+04 1.176171e+00
1.837000e+04 1.175864e+00
1.838000e+04 1.175137e+00
1.839000e+04 1.174269e+00
1.840000e+04 1.173900e+00
1.841000e+04 1.173739e+00
1.842000e+04 1.173602e+00
1.843000e+04 1.173047e+00
1.844000e+04 1.172429e+00
1.845000e+04 1.171147e+00
1.846000e+04 1.170660e+00
1.847000e+04 1.171300e+00
1.848000e+04 1.171825e+00
1.849000e+04 1.172228e+00
1.850000e+04 1.171934e+00
1.851000e+04 1.171508e+00
1.852000e+04 1.171055e+00
1.853000e+04 1.171022e+00
1.854000e+04 1.171352e+00
1.855000e+04 1.171191e+00
1.856000e+04 1.171117e+00
1.857000e+04 1.170937e+00
1.858000e+04 1.170796e+00
1.859000e+04 1.170534e+00
1.860000e+04 1.170035e+00
1.861000e+04 1.170336e+00
1.862000e+04 1.169918e+00
1.863000e+04 1.169797e+00
1.864000e+04 1.169640e+00
1.865000e+04 1.169383e+00
1.866000e+04 1.168897e+00
1.867000e+04 1.168288e+00
1.868000e+04 1.168196e+00
1.869000e+04 1.168267e+00
1.870000e+04 1.167690e+00
1.871000e+04 1.166984e+00
1.872000e+04 1.166844e+00
1.873000e+04 1.166695e+00
1.874000e+04 1.166839e+00
1.875000e+04 1.167619e+00
1.876000e+04 1.168190e+00
1.877000e+04 1.168922e+00
1.878000e+04 1.169941e+00
1.879000e+04 1.170517e+00
1.880000e+04 1.169942e+00
1.881000e+04 1.169939e+00
1.882000e+04 1.169562e+00
1.883000e+04 1.169440e+00
1.884000e+04 1.168157e+00
1.885000e+04 1.167143e+00
1.886000e+04 1.166067e+00
1.887000e+04 1.165553e+00
1.888000e+04 1.165272e+00
1.889000e+04 1.165470e+00
1.890000e+04 1.166061e+00
1.891000e+04 1.165860e+00
1.892000e+04 1.165903e+00
1.893000e+04 1.166311e+00
1.894000e+04 1.166782e+00
1.895000e+04 1.167289e+00
1.896000e+04 1.167378e+00
1.897000e+04 1.167380e+00
1.898000e+04 1.166971e+00
1.899000e+04 1.167133e+00
1.900000e+04 1.167106e+00
1.901000e+04 1.167394e+00
1.902000e+04 1.167830e+00
1.903000e+04 1.167992e+00
1.904000e+04 1.168564e+00
1.905000e+04 1.168661e+00
1.906000e+04 1.168480e+00
1.907000e+04 1.168243e+00
1.908000e+04 1.167407e+00
1.909000e+04 1.166831e+00
1.910000e+04 1.166840e+00
1.911000e+04 1.167235e+00
1.912000e+04 1.167749e+00
1.913000e+04 1.167382e+00
1.914000e+04 1.166745e+00
1.915000e+04 1.166169e+00
1.916000e+04 1.165345e+00
1.917000e+04 1.164786e+00
1.918000e+04 1.164654e+00
1.919000e+04 1.164462e+00
1.920000e+04 1.164002e+00
1.921000e+04 1.164139e+00
1.922000e+04 1.165105e+00
1.923000e+04 1.166190e+00
1.924000e+04 1.166916e+00
1.925000e+04 1.167036e+00
1.926000e+04 1.166723e+00
1.927000e+04 1.166635e+00
1.928000e+04 1.166785e+00
1.929000e+04 1.167177e+00
1.930000e+04 1.167025e+00
1.931000e+04 1.167075e+00
1.932000e+04 1.166683e+00
1.933000e+04 1.166557e+00
1.934000e+04 1.166203e+00
1.935000e+04 1.166124e+00
1.936000e+04 1.165881e+00
1.937000e+04 1.165730e+00
1.938000e+04 1.166389e+00
1.939000e+04 1.166727e+00
1.940000e+04 1.167161e+00
1.941000e+04 1.167419e+00
1.942000e+04 1.167952e+00
1.943000e+04 1.168382e+00
1.944000e+04 1.168369e+00
1.945000e+04 1.168127e+00
1.946000e+04 1.167799e+00
1.947000e+04 1.167064e+00
1.948000e+04 1.166183e+00
1.949000e+04 1.165990e+00
1.950000e+04 1.166063e+00
1.951000e+04 1.165441e+00
1.952000e+04 1.164883e+00
1.953000e+04 1.164925e+00
1.954000e+04 1.164475e+00
1.955000e+04 1.163955e+00
1.956000e+04 1.163553e+00
1.957000e+04 1.163925e+00
1.958000e+04 1.164413e+00
1.959000e+04 1.165012e+00
1.960000e+04 1.165127e+00
1.961000e+04 1.164881e+00
1.962000e+04 1.163711e+00
1.963000e+04 1.163290e+00
1.964000e+04 1.163372e+00
1.965000e+04 1.162838e+00
1.966000e+04 1.162268e+00
1.967000e+04 1.162315e+00
1.968000e+04 1.161829e+00
1.969000e+04 1.161291e+00
1.970000e+04 1.160224e+00
1.971000e+04 1.159349e+00
1.972000e+04 1.159182e+00
1.973000e+04 1.159304e+00
1.974000e+04 1.160275e+00
1.975000e+04 1.160614e+00
1.976000e+04 1.160910e+00
1.977000e+04 1.160768e+00
1.978000e+04 1.160386e+00
1.979000e+04 1.160306e+00
1.980000e+04 1.160617e+00
1.981000e+04 1.160808e+00
1.982000e+04 1.160333e+00
1.983000e+04 1.160124e+00
1.984000e+04 1.159767e+00
1.985000e+04 1.159726e+00
1.986000e+04 1.159613e+00
1.987000e+04 1.159024e+00
1.988000e+04 1.158817e+00
1.989000e+04 1.158476e+00
1.990000e+04 1.158323e+00
1.991000e+04 1.158808e+00
1.992000e+04 1.159308e+00
1.993000e+04 1.159016e+00
1.994000e+04 1.158641e+00
1.995000e+04 1.158384e+00
1.996000e+04 1.158014e+00
1.997000e+04 1.157702e+00
1.998000e+04 1.157566e+00
1.999000e+04 1.157201e+00
2.000000e+04 1.157020e+00
2.001000e+04 1.157708e+00
2.002000e+04 1.158351e+00
2.003000e+04 1.158840e+00
2.004000e+04 1.159188e+00
2.005000e+04 1.159481e+00
2.006000e+04 1.159854e+00
2.007000e+04 1.160557e+00
2.008000e+04 1.160813e+00
2.009000e+04 1.161206e+00
2.010000e+04 1.161451e+00
2.011000e+04 1.161820e+00
2.012000e+04 1.162553e+00
2.013000e+04 1.162925e+00
2.014000e+04 1.162700e+00
2.015000e+04 1.162663e+00
2.016000e+04 1.162967e+00
2.017000e+04 1.163586e+00
2.018000e+04 1.164145e+00
2.019000e+04 1.163759e+00
2.020000e+04 1.162861e+00
2.021000e+04 1.162338e+00
2.022000e+04 1.162055e+00
2.023000e+04 1.162140e+00
2.024000e+04 1.161720e+00
2.025000e+04 1.161370e+00
2.026000e+04 1.161059e+00
2.027000e+04 1.160668e+00
2.028000e+04 1.160727e+00
2.029000e+04 1.160321e+00
2.030000e+04 1.159822e+00
2.031000e+04 1.159852e+00
2.032000e+04 1.159895e+00
2.033000e+04 1.159672e+00
2.034000e+04 1.159865e+00
2.035000e+04 1.159545e+00
2.036000e+04 1.159347e+00
2.037000e+04 1.159257e+00
2.038000e+04 1.159410e+00
2.039000e+04 1.159675e+00
2.040000e+04 1.159647e+00
2.041000e+04 1.158946e+00
2.042000e+04 1.158247e+00
2.043000e+04 1.158227e+00
2.044000e+04 1.157963e+00
2.045000e+04 1.158346e+00
2.046000e+04 1.158483e+00
2.047000e+04 1.158373e+00
2.048000e+04 1.158328e+00
2.049000e+04 1.158149e+00
2.050000e+04 1.157641e+00
2.051000e+04 1.157030e+00
2.052000e+04 1.156363e+00
2.053000e+04 1.155577e+00
2.054000e+04 1.154869e+00
2.055000e+04 1.154649e+00
2.056000e+04 1.154515e+00
2.057000e+04 1.154575e+00
2.058000e+04 1.154751e+00
2.059000e+04 1.155032e+00
2.060000e+04 1.155037e+00
2.061000e+04 1.155134e+00
2.062000e+04 1.155268e+00
2.063000e+04 1.155151e+00
2.064000e+04 1.155122e+00
2.065000e+04 1.154522e+00
2.066000e+04 1.154312e+00
2.067000e+04 1.154586e+00
2.068000e+04 1.155239e+00
2.069000e+04 1.155537e+00
2.070000e+04 1.155506e+00
2.071000e+04 1.155585e+00
2.072000e+04 1.155511e+00
2.073000e+04 1.155088e+00
2.074000e+04 1.155307e+00
2.075000e+04 1.155128e+00
2.076000e+04 1.155000e+00
2.077000e+04 1.155368e+00
2.078000e+04 1.156021e+00
2.079000e+04 1.156610e+00
2.080000e+04 1.157273e+00
2.081000e+04 1.157698e+00
2.082000e+04 1.157825e+00
2.083000e+04 1.157808e+00
2.084000e+04 1.157875e+00
2.085000e+04 1.158166e+00
2.086000e+04 1.158443e+00
2.087000e+04 1.158391e+00
2.088000e+04 1.158592e+00
2.089000e+04 1.158887e+00
2.090000e+04 1.159686e+00
2.091000e+04 1.159813e+00
2.092000e+04 1.160105e+00
2.093000e+04 1.160101e+00
2.094000e+04 1.160669e+00
2.095000e+04 1.161064e+00
2.096000e+04 1.161264e+00
2.097000e+04 1.161333e+00
2.098000e+04 1.161048e+00
2.099000e+04 1.161096e+00
2.100000e+04 1.160956e+00
2.101000e+04 1.160629e+00
2.102000e+04 1.160441e+00
2.103000e+04 1.160952e+00
2.104000e+04 1.161386e+00
2.105000e+04 1.161121e+00
2.106000e+04 1.160970e+00
2.107000e+04 1.160177e+00
2.108000e+04 1.159664e+00
2.109000e+04 1.159845e+00
2.110000e+04 1.159609e+00
2.111000e+04 1.159678e+00
2.112000e+04 1.159670e+00
2.113000e+04 1.159574e+00
2.114000e+04 1.159405e+00
2.115000e+04 1.159088e+00
2.116000e+04 1.158914e+00
2.117000e+04 1.159298e+00
2.118000e+04 1.159384e+00
2.119000e+04 1.159205e+00
2.120000e+04 1.158759e+00
2.121000e+04 1.158964e+00
2.122000e+04 1.158902e+00
2.123000e+04 1.158402e+00
2.124000e+04 1.158231e+00
2.125000e+04 1.158273e+00
2.126000e+04 1.158110e+00
2.127000e+04 1.158034e+00
2.128000e+04 1.157701e+00
2.129000e+04 1.157389e+00
2.130000e+04 1.157386e+00
2.131000e+04 1.157339e+00
2.132000e+04 1.157386e+00
2.133000e+04 1.157577e+00
2.134000e+04 1.157495e+00
2.135000e+04 1.157608e+00
2.136000e+04 1.157742e+00
2.137000e+04 1.157572e+00
2.138000e+04 1.157360e+00
2.139000e+04 1.157143e+00
2.140000e+04 1.157037e+00
2.141000e+04 1.157174e+00
2.142000e+04 1.157660e+00
2.143000e+04 1.158089e+00
2.144000e+04 1.158324e+00
2.145000e+04 1.158174e+00
2.146000e+04 1.158318e+00
2.147000e+04 1.158261e+00
2.148000e+04 1.158027e+00
2.149000e+04 1.157632e+00
2.150000e+04 1.157979e+00
2.151000e+04 1.158111e+00
2.152000e+04 1.157583e+00
2.153000e+04 1.157095e+00
2.154000e+04 1.156393e+00
2.155000e+04 1.155981e+00
2.156000e+04 1.155621e+00
2.157000e+04 1.155179e+00
2.158000e+04 1.154832e+00
2.159000e+04 1.155090e+00
2.160000e+04 1.155376e+00
2.161000e+04 1.155097e+00
2.162000e+04 1.155123e+00
2.163000e+04 1.155224e+00
2.164000e+04 1.154831e+00
2.165000e+04 1.154352e+00
2.166000e+04 1.154287e+00
2.167000e+04 1.154688e+00
2.168000e+04 1.154505e+00
2.169000e+04 1.154468e+00
2.170000e+04 1.154748e+00
2.171000e+04 1.155029e+00
2.172000e+04 1.154808e+00
2.173000e+04 1.154726e+00
2.174000e+04 1.154600e+00
2.175000e+04 1.154247e+00
2.176000e+04 1.154241e+00
2.177000e+04 1.154031e+00
2.178000e+04 1.154137e+00
2.179000e+04 1.154297e+00
2.180000e+04 1.154093e+00
2.181000e+04 1.154168e+00
2.182000e+04 1.153870e+00
2.183000e+04 1.153827e+00
2.184000e+04 1.154509e+00
2.185000e+04 1.155098e+00
2.186000e+04 1.155305e+00
2.187000e+04 1.155267e+00
2.188000e+04 1.155121e+00
2.189000e+04 1.155227e+00
2.190000e+04 1.155327e+00
2.191000e+04 1.155625e+00
2.192000e+04 1.156062e+00
2.193000e+04 1.156207e+00
2.194000e+04 1.155874e+00
2.195000e+04 1.155778e+00
2.196000e+04 1.156153e+00
2.197000e+04 1.156005e+00
2.198000e+04 1.156098e+00
2.199000e+04 1.156112e+00
2.200000e+04 1.156154e+00
2.201000e+04 1.156498e+00
2.202000e+04 1.156568e+00
2.203000e+04 1.156346e+00
2.204000e+04 1.156800e+00
2.205000e+04 1.156906e+00
2.206000e+04 1.157148e+00
2.207000e+04 1.157076e+00
2.208000e+04 1.157064e+00
2.209000e+04 1.156979e+00
2.210000e+04 1.157188e+00
2.211000e+04 1.157303e+00
2.212000e+04 1.157347e+00
2.213000e+04 1.157184e+00
2.214000e+04 1.156957e+00
2.215000e+04 1.156928e+00
2.216000e+04 1.156657e+00
2.217000e+04 1.156215e+00
2.218000e+04 1.156108e+00
2.219000e+04 1.156307e+00
2.220000e+04 1.156038e+00
2.221000e+04 1.155588e+00
2.222000e+04 1.155460e+00
2.223000e+04 1.155517e+00
2.224000e+04 1.155235e+00
2.225000e+04 1.155151e+00
2.226000e+04 1.155145e+00
2.227000e+04 1.154681e+00
2.228000e+04 1.154351e+00
2.229000e+04 1.154103e+00
2.230000e+04 1.154176e+00
2.231000e+04 1.154582e+00
2.232000e+04 1.154503e+00
2.233000e+04 1.154130e+00
2.234000e+04 1.153666e+00
2.235000e+04 1.153121e+00
2.236000e+04 1.152917e+00
2.237000e+04 1.153096e+00
2.238000e+04 1.153183e+00
2.239000e+04 1.153849e+00
2.240000e+04 1.154338e+00
2.241000e+04 1.154331e+00
2.242000e+04 1.154033e+00
2.243000e+04 1.153889e+00
2.244000e+04 1.153821e+00
2.245000e+04 1.153936e+00
2.246000e+04 1.154030e+00
2.247000e+04 1.154124e+00
2.248000e+04 1.154025e+00
2.249000e+04 1.153841e+00
2.250000e+04 1.154065e+00
2.251000e+04 1.154353e+00
2.252000e+04 1.154834e+00
2.253000e+04 1.154905e+00
2.254000e+04 1.154889e+00
2.255000e+04 1.154691e+00
2.256000e+04 1.154882e+00
2.257000e+04 1.154902e+00
2.258000e+04 1.154780e+00
2.259000e+04 1.154467e+00
2.260000e+04 1.154433e+00
2.261000e+04 1.154482e+00
2.262000e+04 1.154588e+00
2.263000e+04 1.154717e+00
2.264000e+04 1.154539e+00
2.265000e+04 1.154545e+00
2.266000e+04 1.154447e+00
2.267000e+04 1.154318e+00
2.268000e+04 1.154194e+00
2.269000e+04 1.154193e+00
2.270000e+04 1.154332e+00
2.271000e+04 1.154491e+00
2.272000e+04 1.154617e+00
2.273000e+04 1.154354e+00
2.274000e+04 1.154098e+00
2.275000e+04 1.154273e+00
2.276000e+04 1.154064e+00
2.277000e+04 1.154073e+00
2.278000e+04 1.154215e+00
2.279000e+04 1.154302e+00
2.280000e+04 1.154172e+00
2.281000e+04 1.153989e+00
2.282000e+04 1.154180e+00
2.283000e+04 1.154143e+00
2.284000e+04 1.154513e+00
2.285000e+04 1.154534e+00
2.286000e+04 1.154579e+00
2.287000e+04 1.154510e+00
2.288000e+04 1.154201e+00
2.289000e+04 1.153721e+00
2.290000e+04 1.153652e+00
2.291000e+04 1.154031e+00
2.292000e+04 1.154011e+00
2.293000e+04 1.154504e+00
2.294000e+04 1.154567e+00
2.295000e+04 1.154577e+00
2.296000e+04 1.154208e+00
2.297000e+04 1.153211e+00
2.298000e+04 1.152680e+00
2.299000e+04 1.152320e+00
2.300000e+04 1.152273e+00
2.301000e+04 1.152295e+00
2.302000e+04 1.152125e+00
2.303000e+04 1.151818e+00
2.304000e+04 1.151762e+00
2.305000e+04 1.151961e+00
2.306000e+04 1.152016e+00
2.307000e+04 1.152136e+00
2.308000e+04 1.152192e+00
2.309000e+04 1.152356e+00
2.310000e+04 1.152221e+00
2.311000e+04 1.151982e+00
2.312000e+04 1.151771e+00
2.313000e+04 1.152091e+00
2.314000e+04 1.152259e+00
2.315000e+04 1.152100e+00
2.316000e+04 1.151968e+00
2.317000e+04 1.152225e+00
2.318000e+04 1.152459e+00
2.319000e+04 1.152482e+00
2.320000e+04 1.152331e+00
2.321000e+04 1.151789e+00
2.322000e+04 1.151447e+00
2.323000e+04 1.151112e+00
2.324000e+04 1.151310e+00
2.325000e+04 1.151118e+00
2.326000e+04 1.151205e+00
2.327000e+04 1.151177e+00
2.328000e+04 1.150876e+00
2.329000e+04 1.150287e+00
2.330000e+04 1.149901e+00
2.331000e+04 1.149871e+00
2.332000e+04 1.149882e+00
2.333000e+04 1.149719e+00
2.334000e+04 1.149448e+00
2.335000e+04 1.149343e+00
2.336000e+04 1.149351e+00
2.337000e+04 1.149210e+00
2.338000e+04 1.149381e+00
2.339000e+04 1.149276e+00
2.340000e+04 1.149410e+00
2.341000e+04 1.149325e+00
2.342000e+04 1.149270e+00
2.343000e+04 1.149707e+00
2.344000e+04 1.149478e+00
2.345000e+04 1.149198e+00
2.346000e+04 1.148819e+00
2.347000e+04 1.148726e+00
2.348000e+04 1.148709e+00
2.349000e+04 1.149152e+00
2.350000e+04 1.149552e+00
2.351000e+04 1.149589e+00
2.352000e+04 1.149497e+00
2.353000e+04 1.149508e+00
2.354000e+04 1.149610e+00
2.355000e+04 1.149624e+00
2.356000e+04 1.149866e+00
2.357000e+04 1.150340e+00
2.358000e+04 1.150642e+00
2.359000e+04 1.150453e+00
2.360000e+04 1.150292e+00
2.361000e+04 1.149863e+00
2.362000e+04 1.149330e+00
2.363000e+04 1.149457e+00
2.364000e+04 1.149264e+00
2.365000e+04 1.149235e+00
2.366000e+04 1.149252e+00
2.367000e+04 1.149099e+00
2.368000e+04 1.149307e+00
2.369000e+04 1.149825e+00
2.370000e+04 1.150388e+00
2.371000e+04 1.151319e+00
2.372000e+04 1.152129e+00
2.373000e+04 1.152440e+00
2.374000e+04 1.152707e+00
2.375000e+04 1.152922e+00
2.376000e+04 1.152816e+00
2.377000e+04 1.152838e+00
2.378000e+04 1.152703e+00
2.379000e+04 1.152573e+00
2.380000e+04 1.151920e+00
2.381000e+04 1.151625e+00
2.382000e+04 1.151511e+00
2.383000e+04 1.151552e+00
2.384000e+04 1.151343e+00
2.385000e+04 1.151300e+00
2.386000e+04 1.151208e+00
2.387000e+04 1.150916e+00
2.388000e+04 1.151250e+00
2.389000e+04 1.151465e+00
2.390000e+04 1.151519e+00
2.391000e+04 1.151435e+00
2.392000e+04 1.151234e+00
2.393000e+04 1.151177e+00
2.394000e+04 1.151646e+00
2.395000e+04 1.151889e+00
2.396000e+04 1.151814e+00
2.397000e+04 1.152026e+00
2.398000e+04 1.152024e+00
2.399000e+04 1.151816e+00
2.400000e+04 1.151803e+00
2.401000e+04 1.151951e+00
2.402000e+04 1.152010e+00
2.403000e+04 1.152105e+00
2.404000e+04 1.152462e+00
2.405000e+04 1.152517e+00
2.406000e+04 1.152390e+00
2.407000e+04 1.151999e+00
2.408000e+04 1.151567e+00
2.409000e+04 1.151351e+00
2.410000e+04 1.151444e+00
2.411000e+04 1.151970e+00
2.412000e+04 1.152193e+00
2.413000e+04 1.152471e+00
2.414000e+04 1.152451e+00
2.415000e+04 1.152180e+00
2.416000e+04 1.151982e+00
2.417000e+04 1.151748e+00
2.418000e+04 1.151370e+00
2.419000e+04 1.151375e+00
2.420000e+04 1.151284e+00
2.421000e+04 1.150792e+00
2.422000e+04 1.150253e+00
2.423000e+04 1.149727e+00
2.424000e+04 1.149265e+00
2.425000e+04 1.149101e+00
2.426000e+04 1.148901e+00
2.427000e+04 1.148930e+00
2.428000e+04 1.148996e+00
2.429000e+04 1.148997e+00
2.430000e+04 1.149342e+00
2.431000e+04 1.149678e+00
2.432000e+04 1.149479e+00
2.433000e+04 1.149658e+00
2.434000e+04 1.150104e+00
2.435000e+04 1.150459e+00
2.436000e+04 1.150484e+00
2.437000e+04 1.150272e+00
2.438000e+04 1.150230e+00
2.439000e+04 1.150236e+00
2.440000e+04 1.150119e+00
2.441000e+04 1.150163e+00
2.442000e+04 1.150189e+00
2.443000e+04 1.150188e+00
2.444000e+04 1.150225e+00
2.445000e+04 1.150215e+00
2.446000e+04 1.150281e+00
2.447000e+04 1.150151e+00
2.448000e+04 1.149929e+00
2.449000e+04 1.149760e+00
2.450000e+04 1.149955e+00
2.451000e+04 1.149713e+00
2.452000e+04 1.149558e+00
2.453000e+04 1.149624e+00
2.454000e+04 1.149830e+00
2.455000e+04 1.149506e+00
2.456000e+04 1.148866e+00
2.457000e+04 1.148153e+00
2.458000e+04 1.147739e+00
2.459000e+04 1.147636e+00
2.460000e+04 1.147514e+00
2.461000e+04 1.147133e+00
2.462000e+04 1.146663e+00
2.463000e+04 1.146554e+00
2.464000e+04 1.146595e+00
2.465000e+04 1.146566e+00
2.466000e+04 1.146474e+00
2.467000e+04 1.146365e+00
2.468000e+04 1.146896e+00
2.469000e+04 1.147373e+00
2.470000e+04 1.147545e+00
2.471000e+04 1.147586e+00
2.472000e+04 1.147721e+00
2.473000e+04 1.147662e+00
2.474000e+04 1.148125e+00
2.475000e+04 1.148214e+00
2.476000e+04 1.148353e+00
2.477000e+04 1.148562e+00
2.478000e+04 1.148601e+00
2.479000e+04 1.148731e+00
2.480000e+04 1.148864e+00
2.481000e+04 1.148888e+00
2.482000e+04 1.148915e+00
2.483000e+04 1.148976e+00
2.484000e+04 1.149276e+00
2.485000e+04 1.149528e+00
2.486000e+04 1.149732e+00
2.487000e+04 1.149922e+00
2.488000e+04 1.149917e+00
2.489000e+04 1.149970e+00
2.490000e+04 1.150078e+00
2.491000e+04 1.150007e+00
2.492000e+04 1.150198e+00
2.493000e+04 1.150265e+00
2.494000e+04 1.150391e+00
2.495000e+04 1.150474e+00
2.496000e+04 1.150981e+00
2.497000e+04 1.151138e+00
2.498000e+04 1.151050e+00
2.499000e+04 1.150608e+00
2.500000e+04 1.149886e+00
2.501000e+04 1.149179e+00
2.502000e+04 1.148858e+00
2.503000e+04 1.148526e+00
2.504000e+04 1.148480e+00
2.505000e+04 1.148868e+00
2.506000e+04 1.149153e+00
2.507000e+04 1.149331e+00
2.508000e+04 1.149713e+00
2.509000e+04 1.150232e+00
2.510000e+04 1.150181e+00
2.511000e+04 1.150263e+00
2.512000e+04 1.149973e+00
2.513000e+04 1.149916e+00
2.514000e+04 1.150087e+00
2.515000e+04 1.150348e+00
2.516000e+04 1.150609e+00
2.517000e+04 1.150550e+00
2.518000e+04 1.150366e+00
2.519000e+04 1.150130e+00
2.520000e+04 1.149970e+00
2.521000e+04 1.149945e+00
2.522000e+04 1.149593e+00
2.523000e+04 1.149257e+00
2.524000e+04 1.148784e+00
2.525000e+04 1.148712e+00
2.526000e+04 1.148803e+00
2.527000e+04 1.148506e+00
2.528000e+04 1.148059e+00
2.529000e+04 1.147831e+00
2.530000e+04 1.147767e+00
2.531000e+04 1.147516e+00
2.532000e+04 1.147618e+00
2.533000e+04 1.147438e+00
2.534000e+04 1.147597e+00
2.535000e+04 1.147712e+00
2.536000e+04 1.147813e+00
2.537000e+04 1.147905e+00
2.538000e+04 1.147704e+00
2.539000e+04 1.147538e+00
2.540000e+04 1.147434e+00
2.541000e+04 1.147063e+00
2.542000e+04 1.146891e+00
2.543000e+04 1.146235e+00
2.544000e+04 1.145837e+00
2.545000e+04 1.145637e+00
2.546000e+04 1.145691e+00
2.547000e+04 1.145725e+00
2.548000e+04 1.145852e+00
2.549000e+04 1.145681e+00
2.550000e+04 1.145475e+00
2.551000e+04 1.145598e+00
2.552000e+04 1.145868e+00
2.553000e+04 1.145985e+00
2.554000e+04 1.146022e+00
2.555000e+04 1.145908e+00
2.556000e+04 1.146134e+00
2.557000e+04 1.146543e+00
2.558000e+04 1.146454e+00
2.559000e+04 1.146937e+00
2.560000e+04 1.146942e+00
2.561000e+04 1.146578e+00
2.562000e+04 1.146587e+00
2.563000e+04 1.146250e+00
2.564000e+04 1.146008e+00
2.565000e+04 1.146202e+00
2.566000e+04 1.146532e+00
2.567000e+04 1.146898e+00
2.568000e+04 1.146760e+00
2.569000e+04 1.146999e+00
2.570000e+04 1.147030e+00
2.571000e+04 1.146824e+00
2.572000e+04 1.146742e+00
2.573000e+04 1.147060e+00
2.574000e+04 1.147067e+00
2.575000e+04 1.147370e+00
2.576000e+04 1.147589e+00
2.577000e+04 1.147848e+00
2.578000e+04 1.147786e+00
2.579000e+04 1.147869e+00
2.580000e+04 1.148089e+00
2.581000e+04 1.148693e+00
2.582000e+04 1.149071e+00
2.583000e+04 1.149162e+00
2.584000e+04 1.149200e+00
2.585000e+04 1.149096e+00
2.586000e+04 1.149092e+00
2.587000e+04 1.149158e+00
2.588000e+04 1.149126e+00
2.589000e+04 1.148891e+00
2.590000e+04 1.149163e+00
2.591000e+04 1.149019e+00
2.592000e+04 1.148897e+00
2.593000e+04 1.149104e+00
2.594000e+04 1.149027e+00
2.595000e+04 1.148978e+00
2.596000e+04 1.149239e+00
2.597000e+04 1.149781e+00
2.598000e+04 1.150055e+00
2.599000e+04 1.150184e+00
2.600000e+04 1.150107e+00
2.601000e+04 1.149856e+00
2.602000e+04 1.149637e+00
2.603000e+04 1.149402e+00
2.604000e+04 1.149157e+00
2.605000e+04 1.149066e+00
2.606000e+04 1.149095e+00
2.607000e+04 1.149325e+00
2.608000e+04 1.149457e+00
2.609000e+04 1.149377e+00
2.610000e+04 1.149445e+00
2.611000e+04 1.149153e+00
2.612000e+04 1.149050e+00
2.613000e+04 1.149105e+00
2.614000e+04 1.149401e+00
2.615000e+04 1.149500e+00
2.616000e+04 1.149692e+00
2.617000e+04 1.149634e+00
2.618000e+04 1.149464e+00
2.619000e+04 1.149496e+00
2.620000e+04 1.149638e+00
2.621000e+04 1.149910e+00
2.622000e+04 1.149872e+00
2.623000e+04 1.149607e+00
2.624000e+04 1.149058e+00
2.625000e+04 1.148923e+00
2.626000e+04 1.148926e+00
2.627000e+04 1.148816e+00
2.628000e+04 1.148894e+00
2.629000e+04 1.148991e+00
2.630000e+04 1.149371e+00
2.631000e+04 1.149584e+00
2.632000e+04 1.149554e+00
2.633000e+04 1.149298e+00
2.634000e+04 1.149137e+00
2.635000e+04 1.149205e+00
2.636000e+04 1.148589e+00
2.637000e+04 1.148224e+00
2.638000e+04 1.148051e+00
2.639000e+04 1.147734e+00
2.640000e+04 1.147623e+00
2.641000e+04 1.147583e+00
2.642000e+04 1.147608e+00
2.643000e+04 1.147650e+00
2.644000e+04 1.147477e+00
2.645000e+04 1.147433e+00
2.646000e+04 1.147678e+00
2.647000e+04 1.147938e+00
2.648000e+04 1.148004e+00
2.649000e+04 1.147854e+00
2.650000e+04 1.147460e+00
2.651000e+04 1.147288e+00
2.652000e+04 1.147270e+00
2.653000e+04 1.147521e+00
2.654000e+04 1.147898e+00
2.655000e+04 1.148451e+00
2.656000e+04 1.148636e+00
2.657000e+04 1.148740e+00
2.658000e+04 1.148505e+00
2.659000e+04 1.148401e+00
2.660000e+04 1.148369e+00
2.661000e+04 1.148720e+00
2.662000e+04 1.148912e+00
2.663000e+04 1.148618e+00
2.664000e+04 1.148422e+00
2.665000e+04 1.148411e+00
2.666000e+04 1.148639e+00
2.667000e+04 1.148551e+00
2.668000e+04 1.148344e+00
2.669000e+04 1.148550e+00
2.670000e+04 1.148745e+00
2.671000e+04 1.148571e+00
2.672000e+04 1.148400e+00
2.673000e+04 1.148338e+00
2.674000e+04 1.148634e+00
2.675000e+04 1.148895e+00
2.676000e+04 1.148837e+00
2.677000e+04 1.148525e+00
2.678000e+04 1.148425e+00
2.679000e+04 1.148388e+00
2.680000e+04 1.148286e+00
2.681000e+04 1.148433e+00
2.682000e+04 1.148643e+00
2.683000e+04 1.148740e+00
2.684000e+04 1.148819e+00
2.685000e+04 1.149111e+00
2.686000e+04 1.149345e+00
2.687000e+04 1.149308e+00
2.688000e+04 1.149192e+00
2.689000e+04 1.149049e+00
2.690000e+04 1.148828e+00
2.691000e+04 1.148604e+00
2.692000e+04 1.148535e+00
2.693000e+04 1.148516e+00
2.694000e+04 1.148177e+00
2.695000e+04 1.147685e+00
2.696000e+04 1.147257e+00
2.697000e+04 1.147103e+00
2.698000e+04 1.147097e+00
2.699000e+04 1.147146e+00
2.700000e+04 1.146906e+00
2.701000e+04 1.147097e+00
2.702000e+04 1.147353e+00
2.703000e+04 1.147682e+00
2.704000e+04 1.147961e+00
2.705000e+04 1.148231e+00
2.706000e+04 1.148230e+00
2.707000e+04 1.147990e+00
2.708000e+04 1.147772e+00
2.709000e+04 1.147651e+00
2.710000e+04 1.147564e+00
2.711000e+04 1.147696e+00
2.712000e+04 1.147949e+00
2.713000e+04 1.148042e+00
2.714000e+04 1.147965e+00
2.715000e+04 1.147858e+00
2.716000e+04 1.147778e+00
2.717000e+04 1.147857e+00
2.718000e+04 1.147834e+00
2.719000e+04 1.147513e+00
2.720000e+04 1.147236e+00
2.721000e+04 1.146878e+00
2.722000e+04 1.146626e+00
2.723000e+04 1.146704e+00
2.724000e+04 1.146789e+00
2.725000e+04 1.146884e+00
2.726000e+04 1.146724e+00
2.727000e+04 1.146446e+00
2.728000e+04 1.146158e+00
2.729000e+04 1.146234e+00
2.730000e+04 1.146147e+00
2.731000e+04 1.146075e+00
2.732000e+04 1.146065e+00
2.733000e+04 1.146195e+00
2.734000e+04 1.146237e+00
2.735000e+04 1.146346e+00
2.736000e+04 1.146520e+00
2.737000e+04 1.146677e+00
2.738000e+04 1.146695e+00
2.739000e+04 1.146541e+00
2.740000e+04 1.146492e+00
2.741000e+04 1.146339e+00
2.742000e+04 1.146543e+00
2.743000e+04 1.146772e+00
2.744000e+04 1.146838e+00
2.745000e+04 1.146890e+00
2.746000e+04 1.146913e+00
2.747000e+04 1.146973e+00
2.748000e+04 1.146962e+00
2.749000e+04 1.147104e+00
2.750000e+04 1.147426e+00
2.751000e+04 1.147708e+00
2.752000e+04 1.147677e+00
2.753000e+04 1.147931e+00
2.754000e+04 1.148091e+00
2.755000e+04 1.148211e+00
2.756000e+04 1.148223e+00
2.757000e+04 1.147878e+00
2.758000e+04 1.147746e+00
2.759000e+04 1.147744e+00
2.760000e+04 1.148030e+00
2.761000e+04 1.148237e+00
2.762000e+04 1.148108e+00
2.763000e+04 1.148017e+00
2.764000e+04 1.147815e+00
2.765000e+04 1.147646e+00
2.766000e+04 1.147476e+00
2.767000e+04 1.147226e+00
2.768000e+04 1.147121e+00
2.769000e+04 1.147084e+00
2.770000e+04 1.146997e+00
2.771000e+04 1.147112e+00
2.772000e+04 1.147141e+00
2.773000e+04 1.147159e+00
2.774000e+04 1.147230e+00
2.775000e+04 1.146999e+00
2.776000e+04 1.147040e+00
2.777000e+04 1.147467e+00
2.778000e+04 1.147709e+00
2.779000e+04 1.147823e+00
2.780000e+04 1.147784e+00
2.781000e+04 1.147667e+00
2.782000e+04 1.147764e+00
2.783000e+04 1.148012e+00
2.784000e+04 1.148303e+00
2.785000e+04 1.148185e+00
2.786000e+04 1.148039e+00
2.787000e+04 1.148065e+00
2.788000e+04 1.148032e+00
2.789000e+04 1.147817e+00
2.790000e+04 1.147785e+00
2.791000e+04 1.147511e+00
2.792000e+04 1.147653e+00
2.793000e+04 1.147673e+00
2.794000e+04 1.147551e+00
2.795000e+04 1.147516e+00
2.796000e+04 1.147692e+00
2.797000e+04 1.147694e+00
2.798000e+04 1.147755e+00
2.799000e+04 1.147528e+00
2.800000e+04 1.147526e+00
2.801000e+04 1.147464e+00
2.802000e+04 1.147525e+00
2.803000e+04 1.147547e+00
2.804000e+04 1.147265e+00
2.805000e+04 1.147474e+00
2.806000e+04 1.147502e+00
2.807000e+04 1.147389e+00
2.808000e+04 1.147177e+00
2.809000e+04 1.147107e+00
2.810000e+04 1.147051e+00
2.811000e+04 1.147028e+00
2.812000e+04 1.146992e+00
2.813000e+04 1.146879e+00
2.814000e+04 1.147085e+00
2.815000e+04 1.147281e+00
2.816000e+04 1.147484e+00
2.817000e+04 1.147495e+00
2.818000e+04 1.147842e+00
2.819000e+04 1.148218e+00
2.820000e+04 1.148646e+00
2.821000e+04 1.148731e+00
2.822000e+04 1.148960e+00
2.823000e+04 1.149017e+00
2.824000e+04 1.148703e+00
2.825000e+04 1.148542e+00
2.826000e+04 1.148644e+00
2.827000e+04 1.148881e+00
2.828000e+04 1.148913e+00
2.829000e+04 1.148769e+00
2.830000e+04 1.148794e+00
2.831000e+04 1.148819e+00
2.832000e+04 1.148661e+00
2.833000e+04 1.148502e+00
2.834000e+04 1.148207e+00
2.835000e+04 1.148183e+00
2.836000e+04 1.147938e+00
2.837000e+04 1.147886e+00
2.838000e+04 1.148006e+00
2.839000e+04 1.148024e+00
2.840000e+04 1.148031e+00
2.841000e+04 1.148049e+00
2.842000e+04 1.147994e+00
2.843000e+04 1.147780e+00
2.844000e+04 1.147472e+00
2.845000e+04 1.147244e+00
2.846000e+04 1.147364e+00
2.847000e+04 1.147269e+00
2.848000e+04 1.147230e+00
2.849000e+04 1.147382e+00
2.850000e+04 1.147327e+00
2.851000e+04 1.147374e+00
2.852000e+04 1.147475e+00
2.853000e+04 1.147418e+00
2.854000e+04 1.147500e+00
2.855000e+04 1.147426e+00
2.856000e+04 1.147532e+00
2.857000e+04 1.147675e+00
2.858000e+04 1.147854e+00
2.859000e+04 1.147875e+00
2.860000e+04 1.147893e+00
2.861000e+04 1.147807e+00
2.862000e+04 1.147818e+00
2.863000e+04 1.147826e+00
2.864000e+04 1.147922e+00
2.865000e+04 1.147942e+00
2.866000e+04 1.147921e+00
2.867000e+04 1.147961e+00
2.868000e+04 1.148049e+00
2.869000e+04 1.147978e+00
2.870000e+04 1.148142e+00
2.871000e+04 1.148200e+00
2.872000e+04 1.148084e+00
2.873000e+04 1.147950e+00
2.874000e+04 1.147822e+00
2.875000e+04 1.147721e+00
2.876000e+04 1.147544e+00
2.877000e+04 1.147580e+00
2.878000e+04 1.147760e+00
2.879000e+04 1.147603e+00
2.880000e+04 1.147462e+00
2.881000e+04 1.147429e+00
2.882000e+04 1.147294e+00
2.883000e+04 1.147340e+00
2.884000e+04 1.147523e+00
2.885000e+04 1.147601e+00
2.886000e+04 1.147688e+00
2.887000e+04 1.147808e+00
2.888000e+04 1.148059e+00
2.889000e+04 1.148053e+00
2.890000e+04 1.147975e+00
2.891000e+04 1.148229e+00
2.892000e+04 1.148322e+00
2.893000e+04 1.148368e+00
2.894000e+04 1.148404e+00
2.895000e+04 1.148428e+00
2.896000e+04 1.148218e+00
2.897000e+04 1.148077e+00
2.898000e+04 1.147914e+00
2.899000e+04 1.147611e+00
2.900000e+04 1.147503e+00
2.901000e+04 1.147447e+00
2.902000e+04 1.147502e+00
2.903000e+04 1.147348e+00
2.904000e+04 1.147284e+00
2.905000e+04 1.147490e+00
2.906000e+04 1.147688e+00
2.907000e+04 1.148017e+00
2.908000e+04 1.148206e+00
2.909000e+04 1.148417e+00
2.910000e+04 1.148612e+00
2.911000e+04 1.148708e+00
2.912000e+04 1.148757e+00
2.913000e+04 1.148886e+00
2.914000e+04 1.148924e+00
2.915000e+04 1.148901e+00
2.916000e+04 1.149001e+00
2.917000e+04 1.149073e+00
2.918000e+04 1.149312e+00
2.919000e+04 1.149440e+00
2.920000e+04 1.149474e+00
2.921000e+04 1.149359e+00
2.922000e+04 1.149167e+00
2.923000e+04 1.149074e+00
2.924000e+04 1.148986e+00
2.925000e+04 1.149148e+00
2.926000e+04 1.149513e+00
2.927000e+04 1.149499e+00
2.928000e+04 1.149426e+00
2.929000e+04 1.149474e+00
2.930000e+04 1.149464e+00
2.931000e+04 1.149739e+00
2.932000e+04 1.149919e+00
2.933000e+04 1.149980e+00
2.934000e+04 1.150091e+00
2.935000e+04 1.150204e+00
2.936000e+04 1.150112e+00
2.937000e+04 1.149994e+00
2.938000e+04 1.150067e+00
2.939000e+04 1.150087e+00
2.940000e+04 1.150201e+00
2.941000e+04 1.150280e+00
2.942000e+04 1.150147e+00
2.943000e+04 1.149873e+00
2.944000e+04 1.149792e+00
2.945000e+04 1.149798e+00
2.946000e+04 1.149819e+00
2.947000e+04 1.150088e+00
2.948000e+04 1.150263e+00
2.949000e+04 1.150256e+00
2.950000e+04 1.150118e+00
2.951000e+04 1.150281e+00
2.952000e+04 1.150307e+00
2.953000e+04 1.150293e+00
2.954000e+04 1.150293e+00
2.955000e+04 1.150683e+00
2.956000e+04 1.151050e+00
2.957000e+04 1.151150e+00
2.958000e+04 1.151080e+00
2.959000e+04 1.151163e+00
2.960000e+04 1.151278e+00
2.961000e+04 1.151302e+00
2.962000e+04 1.151354e+00
2.963000e+04 1.151464e+00
2.964000e+04 1.151448e+00
2.965000e+04 1.151587e+00
2.966000e+04 1.151641e+00
2.967000e+04 1.151655e+00
2.968000e+04 1.151534e+00
2.969000e+04 1.151332e+00
2.970000e+04 1.151336e+00
2.971000e+04 1.151279e+00
2.972000e+04 1.151122e+00
2.973000e+04 1.150917e+00
2.974000e+04 1.150865e+00
2.975000e+04 1.150698e+00
2.976000e+04 1.150528e+00
2.977000e+04 1.150469e+00
2.978000e+04 1.150233e+00
2.979000e+04 1.150069e+00
2.980000e+04 1.150004e+00
2.981000e+04 1.150186e+00
2.982000e+04 1.150250e+00
2.983000e+04 1.150495e+00
2.984000e+04 1.150514e+00
2.985000e+04 1.150617e+00
2.986000e+04 1.150680e+00
2.987000e+04 1.150792e+00
2.988000e+04 1.151007e+00
2.989000e+04 1.151010e+00
2.990000e+04 1.150930e+00
2.991000e+04 1.150831e+00
2.992000e+04 1.150769e+00
2.993000e+04 1.150849e+00
2.994000e+04 1.150874e+00
2.995000e+04 1.151153e+00
2.996000e+04 1.151034e+00
2.997000e+04 1.151138e+00
2.998000e+04 1.151144e+00
2.999000e+04 1.151303e+00
3.000000e+04 1.151472e+00
3.001000e+04 1.151567e+00
3.002000e+04 1.151668e+00
3.003000e+04 1.151721e+00
3.004000e+04 1.151931e+00
3.005000e+04 1.152003e+00
3.006000e+04 1.152227e+00
3.007000e+04 1.152268e+00
3.008000e+04 1.152500e+00
3.009000e+04 1.152494e+00
3.010000e+04 1.152280e+00
3.011000e+04 1.152011e+00
3.012000e+04 1.152219e+00
3.013000e+04 1.152246e+00
3.014000e+04 1.152192e+00
3.015000e+04 1.152243e+00
3.016000e+04 1.152408e+00
3.017000e+04 1.152485e+00
3.018000e+04 1.152604e+00
3.019000e+04 1.152795e+00
3.020000e+04 1.152792e+00
3.021000e+04 1.152805e+00
3.022000e+04 1.152854e+00
3.023000e+04 1.152870e+00
3.024000e+04 1.152835e+00
3.025000e+04 1.152990e+00
3.026000e+04 1.152868e+00
3.027000e+04 1.152662e+00
3.028000e+04 1.152574e+00
3.029000e+04 1.152371e+00
3.030000e+04 1.152180e+00
3.031000e+04 1.152024e+00
3.032000e+04 1.152040e+00
3.033000e+04 1.151863e+00
3.034000e+04 1.151844e+00
3.035000e+04 1.151971e+00
3.036000e+04 1.152041e+00
3.037000e+04 1.151941e+00
3.038000e+04 1.151755e+00
3.039000e+04 1.151744e+00
3.040000e+04 1.151491e+00
3.041000e+04 1.151437e+00
3.042000e+04 1.151319e+00
3.043000e+04 1.151200e+00
3.044000e+04 1.150933e+00
3.045000e+04 1.150985e+00
3.046000e+04 1.151017e+00
3.047000e+04 1.151102e+00
3.048000e+04 1.151156e+00
3.049000e+04 1.151051e+00
3.050000e+04 1.151063e+00
3.051000e+04 1.150920e+00
3.052000e+04 1.150991e+00
3.053000e+04 1.151152e+00
3.054000e+04 1.151261e+00
3.055000e+04 1.151544e+00
3.056000e+04 1.151394e+00
3.057000e+04 1.151358e+00
3.058000e+04 1.151649e+00
3.059000e+04 1.151643e+00
3.060000e+04 1.151518e+00
3.061000e+04 1.151497e+00
3.062000e+04 1.151199e+00
3.063000e+04 1.151212e+00
3.064000e+04 1.151044e+00
3.065000e+04 1.150932e+00
3.066000e+04 1.150888e+00
3.067000e+04 1.150858e+00
3.068000e+04 1.150853e+00
3.069000e+04 1.150761e+00
3.070000e+04 1.150380e+00
3.071000e+04 1.150311e+00
3.072000e+04 1.150470e+00
3.073000e+04 1.150446e+00
3.074000e+04 1.150274e+00
3.075000e+04 1.150296e+00
3.076000e+04 1.150165e+00
3.077000e+04 1.149998e+00
3.078000e+04 1.149934e+00
3.079000e+04 1.149691e+00
3.080000e+04 1.149546e+00
3.081000e+04 1.149622e+00
3.082000e+04 1.149631e+00
3.083000e+04 1.149912e+00
3.084000e+04 1.149982e+00
3.085000e+04 1.149758e+00
3.086000e+04 1.149611e+00
3.087000e+04 1.149682e+00
3.088000e+04 1.149745e+00
3.089000e+04 1.149797e+00
3.090000e+04 1.149831e+00
3.091000e+04 1.149876e+00
3.092000e+04 1.149812e+00
3.093000e+04 1.149671e+00
3.094000e+04 1.149858e+00
3.095000e+04 1.149956e+00
3.096000e+04 1.149956e+00
3.097000e+04 1.149831e+00
3.098000e+04 1.149656e+00
3.099000e+04 1.149523e+00
3.100000e+04 1.149471e+00
3.101000e+04 1.149513e+00
3.102000e+04 1.149337e+00
3.103000e+04 1.149260e+00
3.104000e+04 1.149087e+00
3.105000e+04 1.148976e+00
3.106000e+04 1.148816e+00
3.107000e+04 1.148497e+00
3.108000e+04 1.148437e+00
3.109000e+04 1.148388e+00
3.110000e+04 1.148560e+00
3.111000e+04 1.148538e+00
3.112000e+04 1.148236e+00
3.113000e+04 1.148120e+00
3.114000e+04 1.147854e+00
3.115000e+04 1.147742e+00
3.116000e+04 1.147847e+00
3.117000e+04 1.147831e+00
3.118000e+04 1.147716e+00
3.119000e+04 1.147493e+00
3.120000e+04 1.147541e+00
3.121000e+04 1.147313e+00
3.122000e+04 1.147289e+00
3.123000e+04 1.147189e+00
3.124000e+04 1.147116e+00
3.125000e+04 1.147050e+00
3.126000e+04 1.147142e+00
3.127000e+04 1.146963e+00
3.128000e+04 1.146927e+00
3.129000e+04 1.147028e+00
3.130000e+04 1.146790e+00
3.131000e+04 1.146623e+00
3.132000e+04 1.146547e+00
3.133000e+04 1.146414e+00
3.134000e+04 1.146443e+00
3.135000e+04 1.146446e+00
3.136000e+04 1.146297e+00
3.137000e+04 1.146402e+00
3.138000e+04 1.146313e+00
3.139000e+04 1.146104e+00
3.140000e+04 1.145925e+00
3.141000e+04 1.145690e+00
3.142000e+04 1.145588e+00
3.143000e+04 1.145537e+00
3.144000e+04 1.145540e+00
3.145000e+04 1.145469e+00
3.146000e+04 1.145479e+00
3.147000e+04 1.145556e+00
3.148000e+04 1.145510e+00
3.149000e+04 1.145245e+00
3.150000e+04 1.145302e+00
3.151000e+04 1.145508e+00
3.152000e+04 1.145535e+00
3.153000e+04 1.145744e+00
3.154000e+04 1.145777e+00
3.155000e+04 1.145657e+00
3.156000e+04 1.145768e+00
3.157000e+04 1.145921e+00
3.158000e+04 1.145937e+00
3.159000e+04 1.145956e+00
3.160000e+04 1.146022e+00
3.161000e+04 1.146021e+00
3.162000e+04 1.146114e+00
3.163000e+04 1.146204e+00
3.164000e+04 1.146534e+00
3.165000e+04 1.146469e+00
3.166000e+04 1.146629e+00
3.167000e+04 1.146637e+00
3.168000e+04 1.146544e+00
3.169000e+04 1.146514e+00
3.170000e+04 1.146392e+00
3.171000e+04 1.146434e+00
3.172000e+04 1.146669e+00
3.173000e+04 1.146851e+00
3.174000e+04 1.147148e+00
3.175000e+04 1.147394e+00
3.176000e+04 1.147525e+00
3.177000e+04 1.147329e+00
3.178000e+04 1.147330e+00
3.179000e+04 1.147192e+00
3.180000e+04 1.146907e+00
3.181000e+04 1.146865e+00
3.182000e+04 1.147141e+00
3.183000e+04 1.147084e+00
3.184000e+04 1.147077e+00
3.185000e+04 1.147177e+00
3.186000e+04 1.147117e+00
3.187000e+04 1.147276e+00
3.188000e+04 1.147445e+00
3.189000e+04 1.147548e+00
3.190000e+04 1.147615e+00
3.191000e+04 1.147672e+00
3.192000e+04 1.147518e+00
3.193000e+04 1.147541e+00
3.194000e+04 1.147632e+00
3.195000e+04 1.147798e+00
3.196000e+04 1.147974e+00
3.197000e+04 1.147947e+00
3.198000e+04 1.147975e+00
3.199000e+04 1.147994e+00
3.200000e+04 1.148165e+00
3.201000e+04 1.148316e+00
3.202000e+04 1.148176e+00
3.203000e+04 1.148250e+00
3.204000e+04 1.148028e+00
3.205000e+04 1.147871e+00
3.206000e+04 1.147909e+00
3.207000e+04 1.147948e+00
3.208000e+04 1.147884e+00
3.209000e+04 1.147854e+00
3.210000e+04 1.147937e+00
3.211000e+04 1.147933e+00
3.212000e+04 1.147789e+00
3.213000e+04 1.147672e+00
3.214000e+04 1.147671e+00
3.215000e+04 1.147469e+00
3.216000e+04 1.147560e+00
3.217000e+04 1.147592e+00
3.218000e+04 1.147688e+00
3.219000e+04 1.147753e+00
3.220000e+04 1.147669e+00
3.221000e+04 1.147773e+00
3.222000e+04 1.147789e+00
3.223000e+04 1.147889e+00
3.224000e+04 1.147860e+00
3.225000e+04 1.147828e+00
3.226000e+04 1.147805e+00
3.227000e+04 1.147708e+00
3.228000e+04 1.147747e+00
3.229000e+04 1.147698e+00
3.230000e+04 1.147741e+00
3.231000e+04 1.147785e+00
3.232000e+04 1.147829e+00
3.233000e+04 1.147799e+00
3.234000e+04 1.147736e+00
3.235000e+04 1.147841e+00
3.236000e+04 1.147689e+00
3.237000e+04 1.147624e+00
3.238000e+04 1.147485e+00
3.239000e+04 1.147340e+00
3.240000e+04 1.147158e+00
3.241000e+04 1.147012e+00
3.242000e+04 1.147018e+00
3.243000e+04 1.147103e+00
3.244000e+04 1.147232e+00
3.245000e+04 1.147352e+00
3.246000e+04 1.147434e+00
3.247000e+04 1.147662e+00
3.248000e+04 1.147737e+00
3.249000e+04 1.147572e+00
3.250000e+04 1.147539e+00
3.251000e+04 1.147574e+00
3.252000e+04 1.147579e+00
3.253000e+04 1.147621e+00
3.254000e+04 1.147605e+00
3.255000e+04 1.147408e+00
3.256000e+04 1.147468e+00
3.257000e+04 1.147530e+00
3.258000e+04 1.147412e+00
3.259000e+04 1.147382e+00
3.260000e+04 1.147275e+00
3.261000e+04 1.147340e+00
3.262000e+04 1.147262e+00
3.263000e+04 1.147309e+00
3.264000e+04 1.147354e+00
3.265000e+04 1.147163e+00
3.266000e+04 1.147067e+00
3.267000e+04 1.147068e+00
3.268000e+04 1.147124e+00
3.269000e+04 1.146935e+00
3.270000e+04 1.146821e+00
3.271000e+04 1.146839e+00
3.272000e+04 1.146939e+00
3.273000e+04 1.147073e+00
3.274000e+04 1.147191e+00
3.275000e+04 1.147212e+00
3.276000e+04 1.147137e+00
3.277000e+04 1.147073e+00
3.278000e+04 1.147093e+00
3.279000e+04 1.147183e+00
3.280000e+04 1.147366e+00
3.281000e+04 1.147407e+00
3.282000e+04 1.147527e+00
3.283000e+04 1.147614e+00
3.284000e+04 1.147641e+00
3.285000e+04 1.147634e+00
3.286000e+04 1.147675e+00
3.287000e+04 1.147582e+00
3.288000e+04 1.147448e+00
3.289000e+04 1.147351e+00
3.290000e+04 1.147412e+00
3.291000e+04 1.147570e+00
3.292000e+04 1.147551e+00
3.293000e+04 1.147519e+00
3.294000e+04 1.147400e+00
3.295000e+04 1.147420e+00
3.296000e+04 1.147382e+00
3.297000e+04 1.147540e+00
3.298000e+04 1.147569e+00
3.299000e+04 1.147535e+00
3.300000e+04 1.147605e+00
3.301000e+04 1.147644e+00
3.302000e+04 1.147761e+00
3.303000e+04 1.147777e+00
3.304000e+04 1.147588e+00
3.305000e+04 1.147702e+00
3.306000e+04 1.147754e+00
3.307000e+04 1.147881e+00
3.308000e+04 1.148048e+00
3.309000e+04 1.148259e+00
3.310000e+04 1.148421e+00
3.311000e+04 1.148427e+00
3.312000e+04 1.148335e+00
3.313000e+04 1.148072e+00
3.314000e+04 1.147862e+00
3.315000e+04 1.147847e+00
3.316000e+04 1.147862e+00
3.317000e+04 1.148001e+00
3.318000e+04 1.148102e+00
3.319000e+04 1.148218e+00
3.320000e+04 1.148290e+00
3.321000e+04 1.148365e+00
3.322000e+04 1.148190e+00
3.323000e+04 1.148148e+00
3.324000e+04 1.148345e+00
3.325000e+04 1.148370e+00
3.326000e+04 1.148351e+00
3.327000e+04 1.148358e+00
3.328000e+04 1.148264e+00
3.329000e+04 1.148361e+00
3.330000e+04 1.148418e+00
3.331000e+04 1.148631e+00
3.332000e+04 1.148822e+00
3.333000e+04 1.149060e+00
3.334000e+04 1.149122e+00
3.335000e+04 1.149200e+00
3.336000e+04 1.149321e+00
3.337000e+04 1.149402e+00
3.338000e+04 1.149525e+00
3.339000e+04 1.149647e+00
3.340000e+04 1.149681e+00
3.341000e+04 1.149671e+00
3.342000e+04 1.149684e+00
3.343000e+04 1.149526e+00
3.344000e+04 1.149375e+00
3.345000e+04 1.149221e+00
3.346000e+04 1.149100e+00
3.347000e+04 1.149128e+00
3.348000e+04 1.149022e+00
3.349000e+04 1.148970e+00
3.350000e+04 1.148954e+00
3.351000e+04 1.148865e+00
3.352000e+04 1.148825e+00
3.353000e+04 1.148843e+00
3.354000e+04 1.148786e+00
3.355000e+04 1.148588e+00
3.356000e+04 1.148561e+00
3.357000e+04 1.148604e+00
3.358000e+04 1.148556e+00
3.359000e+04 1.148553e+00
3.360000e+04 1.148484e+00
3.361000e+04 1.148372e+00
3.362000e+04 1.148353e+00
3.363000e+04 1.148359e+00
3.364000e+04 1.148377e+00
3.365000e+04 1.148296e+00
3.366000e+04 1.148403e+00
3.367000e+04 1.148336e+00
3.368000e+04 1.148397e+00
3.369000e+04 1.148310e+00
3.370000e+04 1.148402e+00
3.371000e+04 1.148418e+00
3.372000e+04 1.148398e+00
3.373000e+04 1.148391e+00
3.374000e+04 1.148341e+00
3.375000e+04 1.148400e+00
3.376000e+04 1.148469e+00
3.377000e+04 1.148559e+00
3.378000e+04 1.148522e+00
3.379000e+04 1.148488e+00
3.380000e+04 1.148293e+00
3.381000e+04 1.148076e+00
3.382000e+04 1.147955e+00
3.383000e+04 1.147820e+00
3.384000e+04 1.147792e+00
3.385000e+04 1.147608e+00
3.386000e+04 1.147589e+00
3.387000e+04 1.147505e+00
3.388000e+04 1.147525e+00
3.389000e+04 1.147545e+00
3.390000e+04 1.147624e+00
3.391000e+04 1.147680e+00
3.392000e+04 1.147699e+00
3.393000e+04 1.147847e+00
3.394000e+04 1.147933e+00
3.395000e+04 1.148033e+00
3.396000e+04 1.147953e+00
3.397000e+04 1.147949e+00
3.398000e+04 1.147926e+00
3.399000e+04 1.147834e+00
3.400000e+04 1.147933e+00
3.401000e+04 1.147997e+00
3.402000e+04 1.148184e+00
3.403000e+04 1.148129e+00
3.404000e+04 1.148122e+00
3.405000e+04 1.148022e+00
3.406000e+04 1.147856e+00
3.407000e+04 1.147760e+00
3.408000e+04 1.147698e+00
3.409000e+04 1.147705e+00
3.410000e+04 1.147676e+00
3.411000e+04 1.147537e+00
3.412000e+04 1.147525e+00
3.413000e+04 1.147454e+00
3.414000e+04 1.147302e+00
3.415000e+04 1.147257e+00
3.416000e+04 1.147271e+00
3.417000e+04 1.147494e+00
3.418000e+04 1.147721e+00
3.419000e+04 1.147949e+00
3.420000e+04 1.148010e+00
3.421000e+04 1.148128e+00
3.422000e+04 1.148138e+00
3.423000e+04 1.148304e+00
3.424000e+04 1.148274e+00
3.425000e+04 1.148080e+00
3.426000e+04 1.148033e+00
3.427000e+04 1.148045e+00
3.428000e+04 1.147941e+00
3.429000e+04 1.148023e+00
3.430000e+04 1.147972e+00
3.431000e+04 1.147933e+00
3.432000e+04 1.148101e+00
3.433000e+04 1.148229e+00
3.434000e+04 1.148369e+00
3.435000e+04 1.148284e+00
3.436000e+04 1.148298e+00
3.437000e+04 1.148394e+00
3.438000e+04 1.148476e+00
3.439000e+04 1.148530e+00
3.440000e+04 1.148504e+00
3.441000e+04 1.148496e+00
3.442000e+04 1.148383e+00
3.443000e+04 1.148372e+00
3.444000e+04 1.148529e+00
3.445000e+04 1.148613e+00
3.446000e+04 1.148490e+00
3.447000e+04 1.148457e+00
3.448000e+04 1.148630e+00
3.449000e+04 1.148697e+00
3.450000e+04 1.148655e+00
3.451000e+04 1.148605e+00
3.452000e+04 1.148596e+00
3.453000e+04 1.148691e+00
3.454000e+04 1.148646e+00
3.455000e+04 1.148638e+00
3.456000e+04 1.148782e+00
3.457000e+04 1.148704e+00
3.458000e+04 1.148518e+00
3.459000e+04 1.148494e+00
3.460000e+04 1.148423e+00
3.461000e+04 1.148534e+00
3.462000e+04 1.148497e+00
3.463000e+04 1.148453e+00
3.464000e+04 1.148467e+00
3.465000e+04 1.148603e+00
3.466000e+04 1.148499e+00
3.467000e+04 1.148511e+00
3.468000e+04 1.148439e+00
3.469000e+04 1.148474e+00
3.470000e+04 1.148441e+00
3.471000e+04 1.148370e+00
3.472000e+04 1.148319e+00
3.473000e+04 1.148075e+00
3.474000e+04 1.147833e+00
3.475000e+04 1.147645e+00
3.476000e+04 1.147827e+00
3.477000e+04 1.147768e+00
3.478000e+04 1.147769e+00
3.479000e+04 1.147764e+00
3.480000e+04 1.147848e+00
3.481000e+04 1.147957e+00
3.482000e+04 1.147989e+00
3.483000e+04 1.147890e+00
3.484000e+04 1.147933e+00
3.485000e+04 1.148056e+00
3.486000e+04 1.148146e+00
3.487000e+04 1.148266e+00
3.488000e+04 1.148237e+00
3.489000e+04 1.148287e+00
3.490000e+04 1.148271e+00
3.491000e+04 1.148310e+00
3.492000e+04 1.148414e+00
3.493000e+04 1.148265e+00
3.494000e+04 1.148244e+00
3.495000e+04 1.148329e+00
3.496000e+04 1.148338e+00
3.497000e+04 1.148349e+00
3.498000e+04 1.148078e+00
3.499000e+04 1.148011e+00
3.500000e+04 1.148083e+00
3.501000e+04 1.147983e+00
3.502000e+04 1.147900e+00
3.503000e+04 1.147820e+00
3.504000e+04 1.147936e+00
3.505000e+04 1.148019e+00
3.506000e+04 1.148017e+00
3.507000e+04 1.147987e+00
3.508000e+04 1.147959e+00
3.509000e+04 1.148081e+00
3.510000e+04 1.148091e+00
3.511000e+04 1.148075e+00
3.512000e+04 1.148025e+00
3.513000e+04 1.148009e+00
3.514000e+04 1.148058e+00
3.515000e+04 1.148065e+00
3.516000e+04 1.148031e+00
3.517000e+04 1.147831e+00
3.518000e+04 1.147894e+00
3.519000e+04 1.147892e+00
3.520000e+04 1.147824e+00
3.521000e+04 1.147714e+00
3.522000e+04 1.147739e+00
3.523000e+04 1.147848e+00
3.524000e+04 1.147880e+00
3.525000e+04 1.147837e+00
3.526000e+04 1.147664e+00
3.527000e+04 1.147685e+00
3.528000e+04 1.147808e+00
3.529000e+04 1.147847e+00
3.530000e+04 1.147824e+00
3.531000e+04 1.147763e+00
3.532000e+04 1.147730e+00
3.533000e+04 1.147724e+00
3.534000e+04 1.147657e+00
3.535000e+04 1.147593e+00
3.536000e+04 1.147590e+00
3.537000e+04 1.147496e+00
3.538000e+04 1.147411e+00
3.539000e+04 1.147462e+00
3.540000e+04 1.147736e+00
3.541000e+04 1.147790e+00
3.542000e+04 1.147829e+00
3.543000e+04 1.147728e+00
3.544000e+04 1.147792e+00
3.545000e+04 1.147735e+00
3.546000e+04 1.147664e+00
3.547000e+04 1.147740e+00
3.548000e+04 1.147708e+00
3.549000e+04 1.147863e+00
3.550000e+04 1.147903e+00
3.551000e+04 1.147875e+00
3.552000e+04 1.147855e+00
3.553000e+04 1.147651e+00
3.554000e+04 1.147689e+00
3.555000e+04 1.147714e+00
3.556000e+04 1.147804e+00
3.557000e+04 1.147866e+00
3.558000e+04 1.147780e+00
3.559000e+04 1.147712e+00
3.560000e+04 1.147565e+00
3.561000e+04 1.147573e+00
3.562000e+04 1.147644e+00
3.563000e+04 1.147765e+00
3.564000e+04 1.147794e+00
3.565000e+04 1.148056e+00
3.566000e+04 1.148056e+00
3.567000e+04 1.148067e+00
3.568000e+04 1.147955e+00
3.569000e+04 1.148008e+00
3.570000e+04 1.148117e+00
3.571000e+04 1.148173e+00
3.572000e+04 1.148372e+00
3.573000e+04 1.148293e+00
3.574000e+04 1.148326e+00
3.575000e+04 1.148399e+00
3.576000e+04 1.148485e+00
3.577000e+04 1.148382e+00
3.578000e+04 1.148303e+00
3.579000e+04 1.148162e+00
3.580000e+04 1.148157e+00
3.581000e+04 1.148237e+00
3.582000e+04 1.148258e+00
3.583000e+04 1.148161e+00
3.584000e+04 1.148250e+00
3.585000e+04 1.148291e+00
3.586000e+04 1.148218e+00
3.587000e+04 1.148259e+00
3.588000e+04 1.148244e+00
3.589000e+04 1.148286e+00
3.590000e+04 1.148270e+00
3.591000e+04 1.148041e+00
3.592000e+04 1.148045e+00
3.593000e+04 1.148045e+00
3.594000e+04 1.147986e+00
3.595000e+04 1.148126e+00
3.596000e+04 1.148081e+00
3.597000e+04 1.148090e+00
3.598000e+04 1.148182e+00
3.599000e+04 1.148256e+00
3.600000e+04 1.148291e+00
3.601000e+04 1.148307e+00
3.602000e+04 1.148217e+00
3.603000e+04 1.148297e+00
3.604000e+04 1.148196e+00
3.605000e+04 1.148242e+00
3.606000e+04 1.148334e+00
3.607000e+04 1.148383e+00
3.608000e+04 1.148345e+00
3.609000e+04 1.148400e+00
3.610000e+04 1.148407e+00
3.611000e+04 1.148490e+00
3.612000e+04 1.148599e+00
3.613000e+04 1.148743e+00
3.614000e+04 1.148843e+00
3.615000e+04 1.148822e+00
3.616000e+04 1.148860e+00
3.617000e+04 1.148871e+00
3.618000e+04 1.148853e+00
3.619000e+04 1.148740e+00
3.620000e+04 1.148766e+00
3.621000e+04 1.148750e+00
3.622000e+04 1.148921e+00
3.623000e+04 1.148838e+00
3.624000e+04 1.148791e+00
3.625000e+04 1.148647e+00
3.626000e+04 1.148657e+00
3.627000e+04 1.148598e+00
3.628000e+04 1.148503e+00
3.629000e+04 1.148508e+00
3.630000e+04 1.148500e+00
3.631000e+04 1.148473e+00
3.632000e+04 1.148397e+00
3.633000e+04 1.148337e+00
3.634000e+04 1.148280e+00
3.635000e+04 1.148335e+00
3.636000e+04 1.148409e+00
3.637000e+04 1.148455e+00
3.638000e+04 1.148452e+00
3.639000e+04 1.148387e+00
3.640000e+04 1.148332e+00
3.641000e+04 1.148284e+00
3.642000e+04 1.148350e+00
3.643000e+04 1.148400e+00
3.644000e+04 1.148382e+00
3.645000e+04 1.148433e+00
3.646000e+04 1.148415e+00
3.647000e+04 1.148243e+00
3.648000e+04 1.148269e+00
3.649000e+04 1.148301e+00
3.650000e+04 1.148243e+00
3.651000e+04 1.148196e+00
3.652000e+04 1.148211e+00
3.653000e+04 1.148259e+00
3.654000e+04 1.148208e+00
3.655000e+04 1.148275e+00
3.656000e+04 1.148224e+00
3.657000e+04 1.148251e+00
3.658000e+04 1.148236e+00
3.659000e+04 1.148207e+00
3.660000e+04 1.148166e+00
3.661000e+04 1.148257e+00
3.662000e+04 1.148480e+00
3.663000e+04 1.148439e+00
3.664000e+04 1.148467e+00
3.665000e+04 1.148466e+00
3.666000e+04 1.148564e+00
3.667000e+04 1.148572e+00
3.668000e+04 1.148622e+00
3.669000e+04 1.148659e+00
3.670000e+04 1.148710e+00
3.671000e+04 1.148885e+00
3.672000e+04 1.148883e+00
3.673000e+04 1.148919e+00
3.674000e+04 1.148987e+00
3.675000e+04 1.149003e+00
3.676000e+04 1.149004e+00
3.677000e+04 1.149164e+00
3.678000e+04 1.149198e+00
3.679000e+04 1.149259e+00
3.680000e+04 1.149253e+00
3.681000e+04 1.149267e+00
3.682000e+04 1.149307e+00
3.683000e+04 1.149264e+00
3.684000e+04 1.149183e+00
3.685000e+04 1.149116e+00
3.686000e+04 1.149007e+00
3.687000e+04 1.148837e+00
3.688000e+04 1.148958e+00
3.689000e+04 1.148934e+00
3.690000e+04 1.148936e+00
3.691000e+04 1.148983e+00
3.692000e+04 1.148995e+00
3.693000e+04 1.148959e+00
3.694000e+04 1.149032e+00
3.695000e+04 1.148946e+00
3.696000e+04 1.148903e+00
3.697000e+04 1.148937e+00
3.698000e+04 1.148924e+00
3.699000e+04 1.148920e+00
3.700000e+04 1.148801e+00
3.701000e+04 1.148689e+00
3.702000e+04 1.148747e+00
3.703000e+04 1.148781e+00
3.704000e+04 1.148837e+00
3.705000e+04 1.148841e+00
3.706000e+04 1.148969e+00
3.707000e+04 1.149024e+00
3.708000e+04 1.148996e+00
3.709000e+04 1.148999e+00
3.710000e+04 1.149007e+00
3.711000e+04 1.148890e+00
3.712000e+04 1.148937e+00
3.713000e+04 1.148971e+00
3.714000e+04 1.148877e+00
3.715000e+04 1.148979e+00
3.716000e+04 1.148855e+00
3.717000e+04 1.148628e+00
3.718000e+04 1.148669e+00
3.719000e+04 1.148690e+00
3.720000e+04 1.148765e+00
3.721000e+04 1.148711e+00
3.722000e+04 1.148689e+00
3.723000e+04 1.148663e+00
3.724000e+04 1.148694e+00
3.725000e+04 1.148735e+00
3.726000e+04 1.148715e+00
3.727000e+04 1.148722e+00
3.728000e+04 1.148587e+00
3.729000e+04 1.148598e+00
3.730000e+04 1.148608e+00
3.731000e+04 1.148530e+00
3.732000e+04 1.148336e+00
3.733000e+04 1.148389e+00
3.734000e+04 1.148370e+00
3.735000e+04 1.148259e+00
3.736000e+04 1.148283e+00
3.737000e+04 1.148324e+00
3.738000e+04 1.148469e+00
3.739000e+04 1.148429e+00
3.740000e+04 1.148471e+00
3.741000e+04 1.148352e+00
3.742000e+04 1.148294e+00
3.743000e+04 1.148151e+00
3.744000e+04 1.148136e+00
3.745000e+04 1.148232e+00
3.746000e+04 1.148220e+00
3.747000e+04 1.148177e+00
3.748000e+04 1.148173e+00
3.749000e+04 1.148325e+00
3.750000e+04 1.148357e+00
3.751000e+04 1.148353e+00
3.752000e+04 1.148387e+00
3.753000e+04 1.148286e+00
3.754000e+04 1.148331e+00
3.755000e+04 1.148330e+00
3.756000e+04 1.148232e+00
3.757000e+04 1.148124e+00
3.758000e+04 1.147864e+00
3.759000e+04 1.147890e+00
3.760000e+04 1.147836e+00
3.761000e+04 1.147743e+00
3.762000e+04 1.147722e+00
3.763000e+04 1.147717e+00
3.764000e+04 1.147780e+00
3.765000e+04 1.147819e+00
3.766000e+04 1.147800e+00
3.767000e+04 1.147774e+00
3.768000e+04 1.147705e+00
3.769000e+04 1.147691e+00
3.770000e+04 1.147660e+00
3.771000e+04 1.147617e+00
3.772000e+04 1.147577e+00
3.773000e+04 1.147500e+00
3.774000e+04 1.147554e+00
3.775000e+04 1.147583e+00
3.776000e+04 1.147603e+00
3.777000e+04 1.147555e+00
3.778000e+04 1.147540e+00
3.779000e+04 1.147693e+00
3.780000e+04 1.147562e+00
3.781000e+04 1.147668e+00
3.782000e+04 1.147725e+00
3.783000e+04 1.147721e+00
3.784000e+04 1.147818e+00
3.785000e+04 1.147825e+00
3.786000e+04 1.147792e+00
3.787000e+04 1.147766e+00
3.788000e+04 1.147853e+00
3.789000e+04 1.147844e+00
3.790000e+04 1.147837e+00
3.791000e+04 1.147944e+00
3.792000e+04 1.148000e+00
3.793000e+04 1.148042e+00
3.794000e+04 1.148147e+00
3.795000e+04 1.147978e+00
3.796000e+04 1.147806e+00
3.797000e+04 1.147847e+00
3.798000e+04 1.147843e+00
3.799000e+04 1.147895e+00
3.800000e+04 1.147774e+00
3.801000e+04 1.147624e+00
3.802000e+04 1.147664e+00
3.803000e+04 1.147721e+00
3.804000e+04 1.147683e+00
3.805000e+04 1.147545e+00
3.806000e+04 1.147598e+00
3.807000e+04 1.147403e+00
3.808000e+04 1.147413e+00
3.809000e+04 1.147441e+00
3.810000e+04 1.147340e+00
3.811000e+04 1.147310e+00
3.812000e+04 1.147371e+00
3.813000e+04 1.147315e+00
3.814000e+04 1.147334e+00
3.815000e+04 1.147314e+00
3.816000e+04 1.147309e+00
3.817000e+04 1.147273e+00
3.818000e+04 1.147283e+00
3.819000e+04 1.147224e+00
3.820000e+04 1.147154e+00
3.821000e+04 1.147179e+00
3.822000e+04 1.147207e+00
3.823000e+04 1.147213e+00
3.824000e+04 1.147275e+00
3.825000e+04 1.147375e+00
3.826000e+04 1.147326e+00
3.827000e+04 1.147410e+00
3.828000e+04 1.147415e+00
3.829000e+04 1.147390e+00
3.830000e+04 1.147487e+00
3.831000e+04 1.147496e+00
3.832000e+04 1.147445e+00
3.833000e+04 1.147365e+00
3.834000e+04 1.147407e+00
3.835000e+04 1.147423e+00
3.836000e+04 1.147339e+00
3.837000e+04 1.147430e+00
3.838000e+04 1.147321e+00
3.839000e+04 1.147270e+00
3.840000e+04 1.147212e+00
3.841000e+04 1.147203e+00
3.842000e+04 1.147100e+00
3.843000e+04 1.147041e+00
3.844000e+04 1.147083e+00
3.845000e+04 1.147047e+00
3.846000e+04 1.147101e+00
3.847000e+04 1.147063e+00
3.848000e+04 1.147141e+00
3.849000e+04 1.147081e+00
3.850000e+04 1.147046e+00
3.851000e+04 1.146992e+00
3.852000e+04 1.146984e+00
3.853000e+04 1.146990e+00
3.854000e+04 1.147081e+00
3.855000e+04 1.147194e+00
3.856000e+04 1.147277e+00
3.857000e+04 1.147351e+00
3.858000e+04 1.147511e+00
3.859000e+04 1.147478e+00
3.860000e+04 1.147478e+00
3.861000e+04 1.147370e+00
3.862000e+04 1.147342e+00
3.863000e+04 1.147293e+00
3.864000e+04 1.147304e+00
3.865000e+04 1.147348e+00
3.866000e+04 1.147382e+00
3.867000e+04 1.147368e+00
3.868000e+04 1.147325e+00
3.869000e+04 1.147325e+00
3.870000e+04 1.147308e+00
3.871000e+04 1.147368e+00
3.872000e+04 1.147417e+00
3.873000e+04 1.147298e+00
3.874000e+04 1.147246e+00
3.875000e+04 1.147287e+00
3.876000e+04 1.147300e+00
3.877000e+04 1.147246e+00
3.878000e+04 1.147276e+00
3.879000e+04 1.147246e+00
3.880000e+04 1.147257e+00
3.881000e+04 1.147279e+00
3.882000e+04 1.147358e+00
3.883000e+04 1.147368e+00
3.884000e+04 1.147516e+00
3.885000e+04 1.147543e+00
3.886000e+04 1.147534e+00
3.887000e+04 1.147612e+00
3.888000e+04 1.147616e+00
3.889000e+04 1.147624e+00
3.890000e+04 1.147531e+00
3.891000e+04 1.147527e+00
3.892000e+04 1.147485e+00
3.893000e+04 1.147515e+00
3.894000e+04 1.147518e+00
3.895000e+04 1.147547e+00
3.896000e+04 1.147712e+00
3.897000e+04 1.147690e+00
3.898000e+04 1.147662e+00
3.899000e+04 1.147698e+00
3.900000e+04 1.147770e+00
3.901000e+04 1.147670e+00
3.902000e+04 1.147613e+00
3.903000e+04 1.147738e+00
3.904000e+04 1.147755e+00
3.905000e+04 1.147858e+00
3.906000e+04 1.147782e+00
3.907000e+04 1.147823e+00
3.908000e+04 1.147926e+00
3.909000e+04 1.147883e+00
3.910000e+04 1.147829e+00
3.911000e+04 1.147761e+00
3.912000e+04 1.147824e+00
3.913000e+04 1.147725e+00
3.914000e+04 1.147685e+00
3.915000e+04 1.147748e+00
3.916000e+04 1.147710e+00
3.917000e+04 1.147686e+00
3.918000e+04 1.147661e+00
3.919000e+04 1.147682e+00
3.920000e+04 1.147755e+00
3.921000e+04 1.147848e+00
3.922000e+04 1.147928e+00
3.923000e+04 1.147874e+00
3.924000e+04 1.147902e+00
3.925000e+04 1.148084e+00
3.926000e+04 1.148053e+00
3.927000e+04 1.148172e+00
3.928000e+04 1.148223e+00
3.929000e+04 1.148177e+00
3.930000e+04 1.148207e+00
3.931000e+04 1.148141e+00
3.932000e+04 1.148263e+00
3.933000e+04 1.148218e+00
3.934000e+04 1.148230e+00
3.935000e+04 1.148244e+00
3.936000e+04 1.148305e+00
3.937000e+04 1.148262e+00
3.938000e+04 1.148246e+00
3.939000e+04 1.148177e+00
3.940000e+04 1.148146e+00
3.941000e+04 1.148081e+00
3.942000e+04 1.148061e+00
3.943000e+04 1.148045e+00
3.944000e+04 1.147991e+00
3.945000e+04 1.147972e+00
3.946000e+04 1.147937e+00
3.947000e+04 1.147981e+00
3.948000e+04 1.147960e+00
3.949000e+04 1.147993e+00
3.950000e+04 1.147821e+00
3.951000e+04 1.147822e+00
3.952000e+04 1.147754e+00
3.953000e+04 1.147638e+00
3.954000e+04 1.147566e+00
3.955000e+04 1.147613e+00
3.956000e+04 1.147728e+00
3.957000e+04 1.147793e+00
3.958000e+04 1.147732e+00
3.959000e+04 1.147617e+00
3.960000e+04 1.147608e+00
3.961000e+04 1.147683e+00
3.962000e+04 1.147653e+00
3.963000e+04 1.147648e+00
3.964000e+04 1.147604e+00
3.965000e+04 1.147725e+00
3.966000e+04 1.147773e+00
3.967000e+04 1.147727e+00
3.968000e+04 1.147674e+00
3.969000e+04 1.147693e+00
3.970000e+04 1.147794e+00
3.971000e+04 1.147874e+00
3.972000e+04 1.147814e+00
3.973000e+04 1.147814e+00
3.974000e+04 1.147797e+00
3.975000e+04 1.147778e+00
3.976000e+04 1.147671e+00
3.977000e+04 1.147663e+00
3.978000e+04 1.147793e+00
3.979000e+04 1.147739e+00
3.980000e+04 1.147784e+00
3.981000e+04 1.147792e+00
3.982000e+04 1.147753e+00
3.983000e+04 1.147819e+00
3.984000e+04 1.147771e+00
3.985000e+04 1.147834e+00
3.986000e+04 1.147763e+00
3.987000e+04 1.147752e+00
3.988000e+04 1.147834e+00
3.989000e+04 1.147772e+00
3.990000e+04 1.147808e+00
3.991000e+04 1.147816e+00
3.992000e+04 1.147834e+00
3.993000e+04 1.147887e+00
3.994000e+04 1.148035e+00
3.995000e+04 1.148234e+00
3.996000e+04 1.148216e+00
3.997000e+04 1.148209e+00
3.998000e+04 1.148207e+00
3.999000e+04 1.148167e+00
4.000000e+04 1.148155e+00
