1.000000e+01 1.265633e+01
2.000000e+01 1.295927e+01
3.000000e+01 1.289786e+01
4.000000e+01 1.281811e+01
5.000000e+01 1.284463e+01
6.000000e+01 1.283953e+01
7.000000e+01 1.308483e+01
8.000000e+01 1.304365e+01
9.000000e+01 1.307512e+01
1.000000e+02 1.321456e+01
1.100000e+02 1.323382e+01
1.200000e+02 1.343774e+01
1.300000e+02 1.352270e+01
1.400000e+02 1.339353e+01
1.500000e+02 1.348908e+01
1.600000e+02 1.365399e+01
1.700000e+02 1.362491e+01
1.800000e+02 1.353553e+01
1.900000e+02 1.354598e+01
2.000000e+02 1.356295e+01
2.100000e+02 1.359959e+01
2.200000e+02 1.377122e+01
2.300000e+02 1.392423e+01
2.400000e+02 1.395971e+01
2.500000e+02 1.402125e+01
2.600000e+02 1.407992e+01
2.700000e+02 1.401392e+01
2.800000e+02 1.411914e+01
2.900000e+02 1.408713e+01
3.000000e+02 1.434275e+01
3.100000e+02 1.440926e+01
3.200000e+02 1.465206e+01
3.300000e+02 1.474898e+01
3.400000e+02 1.477771e+01
3.500000e+02 1.486908e+01
3.600000e+02 1.502797e+01
3.700000e+02 1.535963e+01
3.800000e+02 1.550676e+01
3.900000e+02 1.559144e+01
4.000000e+02 1.585338e+01
4.100000e+02 1.620292e+01
4.200000e+02 1.644184e+01
4.300000e+02 1.642318e+01
4.400000e+02 1.627169e+01
4.500000e+02 1.618429e+01
4.600000e+02 1.604017e+01
4.700000e+02 1.586427e+01
4.800000e+02 1.590697e+01
4.900000e+02 1.596639e+01
5.000000e+02 1.574708e+01
5.100000e+02 1.564073e+01
5.200000e+02 1.551063e+01
5.300000e+02 1.524229e+01
5.400000e+02 1.520898e+01
5.500000e+02 1.501732e+01
5.600000e+02 1.501352e+01
5.700000e+02 1.501035e+01
5.800000e+02 1.492143e+01
5.900000e+02 1.490629e+01
6.000000e+02 1.509123e+01
6.100000e+02 1.527832e+01
6.200000e+02 1.535867e+01
6.300000e+02 1.521224e+01
6.400000e+02 1.509576e+01
6.500000e+02 1.514230e+01
6.600000e+02 1.504050e+01
6.700000e+02 1.508471e+01
6.800000e+02 1.518142e+01
6.900000e+02 1.532214e+01
7.000000e+02 1.532986e+01
7.100000e+02 1.565906e+01
7.200000e+02 1.551569e+01
7.300000e+02 1.550393e+01
7.400000e+02 1.562554e+01
7.500000e+02 1.565464e+01
7.600000e+02 1.559511e+01
7.700000e+02 1.553520e+01
7.800000e+02 1.543362e+01
7.900000e+02 1.552069e+01
8.000000e+02 1.542332e+01
8.100000e+02 1.519833e+01
8.200000e+02 1.506672e+01
8.300000e+02 1.508251e+01
8.400000e+02 1.517645e+01
8.500000e+02 1.488593e+01
8.600000e+02 1.453015e+01
8.700000e+02 1.437836e+01
8.800000e+02 1.420273e+01
8.900000e+02 1.427033e+01
9.000000e+02 1.436238e+01
9.100000e+02 1.434321e+01
9.200000e+02 1.459975e+01
9.300000e+02 1.463211e+01
9.400000e+02 1.457488e+01
9.500000e+02 1.468749e+01
9.600000e+02 1.465306e+01
9.700000e+02 1.465632e+01
9.800000e+02 1.491350e+01
9.900000e+02 1.488931e+01
1.000000e+03 1.499520e+01
1.010000e+03 1.507130e+01
1.020000e+03 1.523250e+01
1.030000e+03 1.530470e+01
1.040000e+03 1.522125e+01
1.050000e+03 1.537653e+01
1.060000e+03 1.539140e+01
1.070000e+03 1.534761e+01
1.080000e+03 1.551416e+01
1.090000e+03 1.578130e+01
1.100000e+03 1.595916e+01
1.110000e+03 1.623087e+01
1.120000e+03 1.619738e+01
1.130000e+03 1.636063e+01
1.140000e+03 1.637615e+01
1.150000e+03 1.629901e+01
1.160000e+03 1.618296e+01
1.170000e+03 1.613807e+01
1.180000e+03 1.625150e+01
1.190000e+03 1.620823e+01
1.200000e+03 1.638736e+01
1.210000e+03 1.624674e+01
1.220000e+03 1.622169e+01
1.230000e+03 1.640255e+01
1.240000e+03 1.667645e+01
1.250000e+03 1.673291e+01
1.260000e+03 1.694854e+01
1.270000e+03 1.709831e+01
1.280000e+03 1.703442e+01
1.290000e+03 1.694875e+01
1.300000e+03 1.676871e+01
1.310000e+03 1.667155e+01
1.320000e+03 1.673243e+01
1.330000e+03 1.683682e+01
1.340000e+03 1.685157e+01
1.350000e+03 1.676269e+01
1.360000e+03 1.686400e+01
1.370000e+03 1.682354e+01
1.380000e+03 1.673377e+01
1.390000e+03 1.671569e+01
1.400000e+03 1.668402e+01
1.410000e+03 1.669531e+01
1.420000e+03 1.679744e+01
1.430000e+03 1.681518e+01
1.440000e+03 1.675232e+01
1.450000e+03 1.674449e+01
1.460000e+03 1.670250e+01
1.470000e+03 1.666248e+01
1.480000e+03 1.657857e+01
1.490000e+03 1.657469e+01
1.500000e+03 1.651162e+01
1.510000e+03 1.667180e+01
1.520000e+03 1.661208e+01
1.530000e+03 1.658760e+01
1.540000e+03 1.653820e+01
1.550000e+03 1.648468e+01
1.560000e+03 1.639586e+01
1.570000e+03 1.644853e+01
1.580000e+03 1.631063e+01
1.590000e+03 1.647558e+01
1.600000e+03 1.654290e+01
1.610000e+03 1.647391e+01
1.620000e+03 1.640442e+01
1.630000e+03 1.651188e+01
1.640000e+03 1.648786e+01
1.650000e+03 1.646815e+01
1.660000e+03 1.648278e+01
1.670000e+03 1.647455e+01
1.680000e+03 1.648986e+01
1.690000e+03 1.653918e+01
1.700000e+03 1.653964e+01
1.710000e+03 1.663446e+01
1.720000e+03 1.665738e+01
1.730000e+03 1.661628e+01
1.740000e+03 1.656358e+01
1.750000e+03 1.649478e+01
1.760000e+03 1.635711e+01
1.770000e+03 1.654586e+01
1.780000e+03 1.662219e+01
1.790000e+03 1.670038e+01
1.800000e+03 1.678347e+01
1.810000e+03 1.698767e+01
1.820000e+03 1.711339e+01
1.830000e+03 1.701056e+01
1.840000e+03 1.696482e+01
1.850000e+03 1.716917e+01
1.860000e+03 1.705407e+01
1.870000e+03 1.714478e+01
1.880000e+03 1.714384e+01
1.890000e+03 1.693948e+01
1.900000e+03 1.687917e+01
1.910000e+03 1.707660e+01
1.920000e+03 1.732030e+01
1.930000e+03 1.741643e+01
1.940000e+03 1.749859e+01
1.950000e+03 1.757582e+01
1.960000e+03 1.773748e+01
1.970000e+03 1.780988e+01
1.980000e+03 1.788782e+01
1.990000e+03 1.800314e+01
2.000000e+03 1.803660e+01
2.010000e+03 1.802213e+01
2.020000e+03 1.806709e+01
2.030000e+03 1.796169e+01
2.040000e+03 1.803516e+01
2.050000e+03 1.807844e+01
2.060000e+03 1.792245e+01
2.070000e+03 1.786227e+01
2.080000e+03 1.778996e+01
2.090000e+03 1.765730e+01
2.100000e+03 1.752519e+01
2.110000e+03 1.739231e+01
2.120000e+03 1.731419e+01
2.130000e+03 1.723997e+01
2.140000e+03 1.708373e+01
2.150000e+03 1.703215e+01
2.160000e+03 1.688323e+01
2.170000e+03 1.676043e+01
2.180000e+03 1.686747e+01
2.190000e+03 1.689136e+01
2.200000e+03 1.672269e+01
2.210000e+03 1.667610e+01
2.220000e+03 1.666688e+01
2.230000e+03 1.671094e+01
2.240000e+03 1.686498e+01
2.250000e+03 1.687319e+01
2.260000e+03 1.689459e+01
2.270000e+03 1.690335e+01
2.280000e+03 1.690527e+01
2.290000e+03 1.691746e+01
2.300000e+03 1.701417e+01
2.310000e+03 1.697665e+01
2.320000e+03 1.693961e+01
2.330000e+03 1.691752e+01
2.340000e+03 1.683224e+01
2.350000e+03 1.683656e+01
2.360000e+03 1.676973e+01
2.370000e+03 1.681619e+01
2.380000e+03 1.671840e+01
2.390000e+03 1.661462e+01
2.400000e+03 1.652783e+01
2.410000e+03 1.658859e+01
2.420000e+03 1.643612e+01
2.430000e+03 1.648307e+01
2.440000e+03 1.631326e+01
2.450000e+03 1.644615e+01
2.460000e+03 1.636650e+01
2.470000e+03 1.630494e+01
2.480000e+03 1.625464e+01
2.490000e+03 1.638364e+01
2.500000e+03 1.640326e+01
2.510000e+03 1.634233e+01
2.520000e+03 1.632684e+01
2.530000e+03 1.622047e+01
2.540000e+03 1.612332e+01
2.550000e+03 1.606389e+01
2.560000e+03 1.610777e+01
2.570000e+03 1.617521e+01
2.580000e+03 1.619028e+01
2.590000e+03 1.617885e+01
2.600000e+03 1.626524e+01
2.610000e+03 1.629914e+01
2.620000e+03 1.632840e+01
2.630000e+03 1.635430e+01
2.640000e+03 1.640375e+01
2.650000e+03 1.635975e+01
2.660000e+03 1.640106e+01
2.670000e+03 1.639481e+01
2.680000e+03 1.632465e+01
2.690000e+03 1.623608e+01
2.700000e+03 1.627940e+01
2.710000e+03 1.629177e+01
2.720000e+03 1.640375e+01
2.730000e+03 1.635283e+01
2.740000e+03 1.629028e+01
2.750000e+03 1.627621e+01
2.760000e+03 1.643148e+01
2.770000e+03 1.658859e+01
2.780000e+03 1.657381e+01
2.790000e+03 1.655675e+01
2.800000e+03 1.645856e+01
2.810000e+03 1.657427e+01
2.820000e+03 1.660770e+01
2.830000e+03 1.668714e+01
2.840000e+03 1.668844e+01
2.850000e+03 1.668838e+01
2.860000e+03 1.659380e+01
2.870000e+03 1.667157e+01
2.880000e+03 1.664985e+01
2.890000e+03 1.660808e+01
2.900000e+03 1.671635e+01
2.910000e+03 1.676640e+01
2.920000e+03 1.676926e+01
2.930000e+03 1.669368e+01
2.940000e+03 1.660730e+01
2.950000e+03 1.655435e+01
2.960000e+03 1.673746e+01
2.970000e+03 1.670967e+01
2.980000e+03 1.668927e+01
2.990000e+03 1.663988e+01
3.000000e+03 1.679481e+01
3.010000e+03 1.678215e+01
3.020000e+03 1.677567e+01
3.030000e+03 1.693423e+01
3.040000e+03 1.692365e+01
3.050000e+03 1.677668e+01
3.060000e+03 1.675927e+01
3.070000e+03 1.664970e+01
3.080000e+03 1.660456e+01
3.090000e+03 1.653641e+01
3.100000e+03 1.634687e+01
3.110000e+03 1.638138e+01
3.120000e+03 1.636107e+01
3.130000e+03 1.643321e+01
3.140000e+03 1.637605e+01
3.150000e+03 1.639917e+01
3.160000e+03 1.635987e+01
3.170000e+03 1.644309e+01
3.180000e+03 1.646513e+01
3.190000e+03 1.638107e+01
3.200000e+03 1.640704e+01
3.210000e+03 1.661265e+01
3.220000e+03 1.676587e+01
3.230000e+03 1.688610e+01
3.240000e+03 1.669745e+01
3.250000e+03 1.672305e+01
3.260000e+03 1.677549e+01
3.270000e+03 1.693985e+01
3.280000e+03 1.712395e+01
3.290000e+03 1.722155e+01
3.300000e+03 1.737292e+01
3.310000e+03 1.726497e+01
3.320000e+03 1.731997e+01
3.330000e+03 1.742869e+01
3.340000e+03 1.732452e+01
3.350000e+03 1.724910e+01
3.360000e+03 1.727676e+01
3.370000e+03 1.712801e+01
3.380000e+03 1.703717e+01
3.390000e+03 1.701904e+01
3.400000e+03 1.694386e+01
3.410000e+03 1.684228e+01
3.420000e+03 1.692626e+01
3.430000e+03 1.702305e+01
3.440000e+03 1.710117e+01
3.450000e+03 1.702006e+01
3.460000e+03 1.693158e+01
3.470000e+03 1.677669e+01
3.480000e+03 1.667182e+01
3.490000e+03 1.669796e+01
3.500000e+03 1.673550e+01
3.510000e+03 1.683192e+01
3.520000e+03 1.684449e+01
3.530000e+03 1.682909e+01
3.540000e+03 1.695052e+01
3.550000e+03 1.712901e+01
3.560000e+03 1.717014e+01
3.570000e+03 1.733703e+01
3.580000e+03 1.728416e+01
3.590000e+03 1.738823e+01
3.600000e+03 1.752509e+01
3.610000e+03 1.766371e+01
3.620000e+03 1.777661e+01
3.630000e+03 1.795393e+01
3.640000e+03 1.802274e+01
3.650000e+03 1.805929e+01
3.660000e+03 1.804083e+01
3.670000e+03 1.798989e+01
3.680000e+03 1.803054e+01
3.690000e+03 1.793608e+01
3.700000e+03 1.770760e+01
3.710000e+03 1.765585e+01
3.720000e+03 1.759372e+01
3.730000e+03 1.737815e+01
3.740000e+03 1.733070e+01
3.750000e+03 1.735168e+01
3.760000e+03 1.741058e+01
3.770000e+03 1.745014e+01
3.780000e+03 1.758228e+01
3.790000e+03 1.762943e+01
3.800000e+03 1.772841e+01
3.810000e+03 1.755202e+01
3.820000e+03 1.767856e+01
3.830000e+03 1.769223e+01
3.840000e+03 1.764546e+01
3.850000e+03 1.762907e+01
3.860000e+03 1.772971e+01
3.870000e+03 1.785866e+01
3.880000e+03 1.767154e+01
3.890000e+03 1.764072e+01
3.900000e+03 1.785927e+01
3.910000e+03 1.801131e+01
3.920000e+03 1.829534e+01
3.930000e+03 1.828074e+01
3.940000e+03 1.827424e+01
3.950000e+03 1.827285e+01
3.960000e+03 1.841323e+01
3.970000e+03 1.829941e+01
3.980000e+03 1.811608e+01
3.990000e+03 1.789836e+01
4.000000e+03 1.777376e+01
4.010000e+03 1.783256e+01
4.020000e+03 1.787185e+01
4.030000e+03 1.788051e+01
4.040000e+03 1.790452e+01
4.050000e+03 1.799337e+01
4.060000e+03 1.782383e+01
4.070000e+03 1.790015e+01
4.080000e+03 1.792801e+01
4.090000e+03 1.797820e+01
4.100000e+03 1.814466e+01
4.110000e+03 1.813427e+01
4.120000e+03 1.821865e+01
4.130000e+03 1.820153e+01
4.140000e+03 1.814857e+01
4.150000e+03 1.802054e+01
4.160000e+03 1.784227e+01
4.170000e+03 1.781850e+01
4.180000e+03 1.765085e+01
4.190000e+03 1.773778e+01
4.200000e+03 1.764881e+01
4.210000e+03 1.765179e+01
4.220000e+03 1.768106e+01
4.230000e+03 1.767695e+01
4.240000e+03 1.758085e+01
4.250000e+03 1.743323e+01
4.260000e+03 1.740969e+01
4.270000e+03 1.734226e+01
4.280000e+03 1.733398e+01
4.290000e+03 1.735651e+01
4.300000e+03 1.739435e+01
4.310000e+03 1.724256e+01
4.320000e+03 1.739020e+01
4.330000e+03 1.732128e+01
4.340000e+03 1.741596e+01
4.350000e+03 1.732590e+01
4.360000e+03 1.742390e+01
4.370000e+03 1.735757e+01
4.380000e+03 1.745344e+01
4.390000e+03 1.753277e+01
4.400000e+03 1.736242e+01
4.410000e+03 1.749128e+01
4.420000e+03 1.769552e+01
4.430000e+03 1.772775e+01
4.440000e+03 1.778355e+01
4.450000e+03 1.772382e+01
4.460000e+03 1.782969e+01
4.470000e+03 1.785164e+01
4.480000e+03 1.767254e+01
4.490000e+03 1.770447e+01
4.500000e+03 1.773648e+01
4.510000e+03 1.775894e+01
4.520000e+03 1.782798e+01
4.530000e+03 1.781705e+01
4.540000e+03 1.770807e+01
4.550000e+03 1.747411e+01
4.560000e+03 1.741952e+01
4.570000e+03 1.710271e+01
4.580000e+03 1.694487e+01
4.590000e+03 1.701183e+01
4.600000e+03 1.711089e+01
4.610000e+03 1.714126e+01
4.620000e+03 1.726765e+01
4.630000e+03 1.748050e+01
4.640000e+03 1.759820e+01
4.650000e+03 1.750675e+01
4.660000e+03 1.744431e+01
4.670000e+03 1.739207e+01
4.680000e+03 1.752226e+01
4.690000e+03 1.754872e+01
4.700000e+03 1.746488e+01
4.710000e+03 1.728612e+01
4.720000e+03 1.720046e+01
4.730000e+03 1.715161e+01
4.740000e+03 1.727123e+01
4.750000e+03 1.729750e+01
4.760000e+03 1.736509e+01
4.770000e+03 1.717321e+01
4.780000e+03 1.717161e+01
4.790000e+03 1.705716e+01
4.800000e+03 1.690967e+01
4.810000e+03 1.672817e+01
4.820000e+03 1.658898e+01
4.830000e+03 1.644312e+01
4.840000e+03 1.626945e+01
4.850000e+03 1.625934e+01
4.860000e+03 1.635689e+01
4.870000e+03 1.634664e+01
4.880000e+03 1.654056e+01
4.890000e+03 1.659272e+01
4.900000e+03 1.645295e+01
4.910000e+03 1.638180e+01
4.920000e+03 1.639196e+01
4.930000e+03 1.630994e+01
4.940000e+03 1.610666e+01
4.950000e+03 1.580813e+01
4.960000e+03 1.574928e+01
4.970000e+03 1.585189e+01
4.980000e+03 1.587356e+01
4.990000e+03 1.595653e+01
5.000000e+03 1.599987e+01
5.010000e+03 1.618596e+01
5.020000e+03 1.623378e+01
5.030000e+03 1.616652e+01
5.040000e+03 1.595048e+01
5.050000e+03 1.594645e+01
5.060000e+03 1.589054e+01
5.070000e+03 1.584291e+01
5.080000e+03 1.589422e+01
5.090000e+03 1.577570e+01
5.100000e+03 1.587437e+01
5.110000e+03 1.593042e+01
5.120000e+03 1.576780e+01
5.130000e+03 1.571603e+01
5.140000e+03 1.577111e+01
5.150000e+03 1.591822e+01
5.160000e+03 1.576371e+01
5.170000e+03 1.603300e+01
5.180000e+03 1.606426e+01
5.190000e+03 1.621077e+01
5.200000e+03 1.635438e+01
5.210000e+03 1.664957e+01
5.220000e+03 1.697837e+01
5.230000e+03 1.700843e+01
5.240000e+03 1.697414e+01
5.250000e+03 1.668314e+01
5.260000e+03 1.640804e+01
5.270000e+03 1.617989e+01
5.280000e+03 1.630807e+01
5.290000e+03 1.626905e+01
5.300000e+03 1.647986e+01
5.310000e+03 1.649187e+01
5.320000e+03 1.632238e+01
5.330000e+03 1.636558e+01
5.340000e+03 1.631775e+01
5.350000e+03 1.629209e+01
5.360000e+03 1.626642e+01
5.370000e+03 1.630034e+01
5.380000e+03 1.621027e+01
5.390000e+03 1.608404e+01
5.400000e+03 1.607241e+01
5.410000e+03 1.620811e+01
5.420000e+03 1.633432e+01
5.430000e+03 1.627549e+01
5.440000e+03 1.629144e+01
5.450000e+03 1.636678e+01
5.460000e+03 1.636003e+01
5.470000e+03 1.619292e+01
5.480000e+03 1.604616e+01
5.490000e+03 1.589673e+01
5.500000e+03 1.576543e+01
5.510000e+03 1.569229e+01
5.520000e+03 1.569324e+01
5.530000e+03 1.556465e+01
5.540000e+03 1.526280e+01
5.550000e+03 1.507308e+01
5.560000e+03 1.503604e+01
5.570000e+03 1.513191e+01
5.580000e+03 1.515915e+01
5.590000e+03 1.484049e+01
5.600000e+03 1.478650e+01
5.610000e+03 1.478709e+01
5.620000e+03 1.482973e+01
5.630000e+03 1.489330e+01
5.640000e+03 1.490183e+01
5.650000e+03 1.510816e+01
5.660000e+03 1.515531e+01
5.670000e+03 1.514817e+01
5.680000e+03 1.511029e+01
5.690000e+03 1.511408e+01
5.700000e+03 1.510282e+01
5.710000e+03 1.514096e+01
5.720000e+03 1.513663e+01
5.730000e+03 1.523645e+01
5.740000e+03 1.538757e+01
5.750000e+03 1.550774e+01
5.760000e+03 1.549618e+01
5.770000e+03 1.566170e+01
5.780000e+03 1.539417e+01
5.790000e+03 1.536705e+01
5.800000e+03 1.544239e+01
5.810000e+03 1.549579e+01
5.820000e+03 1.571949e+01
5.830000e+03 1.601182e+01
5.840000e+03 1.604248e+01
5.850000e+03 1.586418e+01
5.860000e+03 1.582207e+01
5.870000e+03 1.594002e+01
5.880000e+03 1.602553e+01
5.890000e+03 1.592109e+01
5.900000e+03 1.589993e+01
5.910000e+03 1.580341e+01
5.920000e+03 1.578059e+01
5.930000e+03 1.594101e+01
5.940000e+03 1.585663e+01
5.950000e+03 1.594594e+01
5.960000e+03 1.588737e+01
5.970000e+03 1.586418e+01
5.980000e+03 1.589579e+01
5.990000e+03 1.602825e+01
6.000000e+03 1.595225e+01
6.010000e+03 1.599789e+01
6.020000e+03 1.614637e+01
6.030000e+03 1.615325e+01
6.040000e+03 1.599045e+01
6.050000e+03 1.604844e+01
6.060000e+03 1.589221e+01
6.070000e+03 1.590296e+01
6.080000e+03 1.574411e+01
6.090000e+03 1.547114e+01
6.100000e+03 1.555681e+01
6.110000e+03 1.546198e+01
6.120000e+03 1.545267e+01
6.130000e+03 1.550628e+01
6.140000e+03 1.579749e+01
6.150000e+03 1.590672e+01
6.160000e+03 1.594941e+01
6.170000e+03 1.592412e+01
6.180000e+03 1.580936e+01
6.190000e+03 1.572591e+01
6.200000e+03 1.583358e+01
6.210000e+03 1.578395e+01
6.220000e+03 1.576976e+01
6.230000e+03 1.565118e+01
6.240000e+03 1.554766e+01
6.250000e+03 1.559799e+01
6.260000e+03 1.547157e+01
6.270000e+03 1.550467e+01
6.280000e+03 1.551997e+01
6.290000e+03 1.536047e+01
6.300000e+03 1.537149e+01
6.310000e+03 1.507898e+01
6.320000e+03 1.511575e+01
6.330000e+03 1.518471e+01
6.340000e+03 1.525054e+01
6.350000e+03 1.518883e+01
6.360000e+03 1.523599e+01
6.370000e+03 1.511568e+01
6.380000e+03 1.514800e+01
6.390000e+03 1.544323e+01
6.400000e+03 1.556155e+01
6.410000e+03 1.565454e+01
6.420000e+03 1.565021e+01
6.430000e+03 1.573251e+01
6.440000e+03 1.583626e+01
6.450000e+03 1.596098e+01
6.460000e+03 1.607785e+01
6.470000e+03 1.591719e+01
6.480000e+03 1.583296e+01
6.490000e+03 1.589267e+01
6.500000e+03 1.594371e+01
6.510000e+03 1.601281e+01
6.520000e+03 1.616195e+01
6.530000e+03 1.621098e+01
6.540000e+03 1.613753e+01
6.550000e+03 1.597174e+01
6.560000e+03 1.597770e+01
6.570000e+03 1.607235e+01
6.580000e+03 1.610557e+01
6.590000e+03 1.612432e+01
6.600000e+03 1.622663e+01
6.610000e+03 1.635792e+01
6.620000e+03 1.641649e+01
6.630000e+03 1.631766e+01
6.640000e+03 1.627346e+01
6.650000e+03 1.624221e+01
6.660000e+03 1.621558e+01
6.670000e+03 1.605135e+01
6.680000e+03 1.625737e+01
6.690000e+03 1.627335e+01
6.700000e+03 1.623622e+01
6.710000e+03 1.609999e+01
6.720000e+03 1.580079e+01
6.730000e+03 1.581398e+01
6.740000e+03 1.595129e+01
6.750000e+03 1.590782e+01
6.760000e+03 1.599526e+01
6.770000e+03 1.621076e+01
6.780000e+03 1.625969e+01
6.790000e+03 1.624295e+01
6.800000e+03 1.625012e+01
6.810000e+03 1.606514e+01
6.820000e+03 1.575920e+01
6.830000e+03 1.564969e+01
6.840000e+03 1.554376e+01
6.850000e+03 1.533473e+01
6.860000e+03 1.533389e+01
6.870000e+03 1.534003e+01
6.880000e+03 1.533197e+01
6.890000e+03 1.520908e+01
6.900000e+03 1.513448e+01
6.910000e+03 1.491417e+01
6.920000e+03 1.490922e+01
6.930000e+03 1.500543e+01
6.940000e+03 1.509170e+01
6.950000e+03 1.529871e+01
6.960000e+03 1.523403e+01
6.970000e+03 1.529121e+01
6.980000e+03 1.536870e+01
6.990000e+03 1.546673e+01
7.000000e+03 1.534495e+01
7.010000e+03 1.534384e+01
7.020000e+03 1.535495e+01
7.030000e+03 1.527993e+01
7.040000e+03 1.528806e+01
7.050000e+03 1.527180e+01
7.060000e+03 1.532079e+01
7.070000e+03 1.526154e+01
7.080000e+03 1.520339e+01
7.090000e+03 1.530007e+01
7.100000e+03 1.543345e+01
7.110000e+03 1.538311e+01
7.120000e+03 1.540516e+01
7.130000e+03 1.535552e+01
7.140000e+03 1.536069e+01
7.150000e+03 1.559119e+01
7.160000e+03 1.561223e+01
7.170000e+03 1.567146e+01
7.180000e+03 1.571459e+01
7.190000e+03 1.571215e+01
7.200000e+03 1.578542e+01
7.210000e+03 1.576604e+01
7.220000e+03 1.566215e+01
7.230000e+03 1.567493e+01
7.240000e+03 1.569034e+01
7.250000e+03 1.562108e+01
7.260000e+03 1.562484e+01
7.270000e+03 1.553715e+01
7.280000e+03 1.577055e+01
7.290000e+03 1.583479e+01
7.300000e+03 1.584958e+01
7.310000e+03 1.587373e+01
7.320000e+03 1.564522e+01
7.330000e+03 1.543940e+01
7.340000e+03 1.535479e+01
7.350000e+03 1.546572e+01
7.360000e+03 1.547330e+01
7.370000e+03 1.550102e+01
7.380000e+03 1.566456e+01
7.390000e+03 1.573664e+01
7.400000e+03 1.580847e+01
7.410000e+03 1.580222e+01
7.420000e+03 1.563976e+01
7.430000e+03 1.550920e+01
7.440000e+03 1.539067e+01
7.450000e+03 1.545009e+01
7.460000e+03 1.547639e+01
7.470000e+03 1.547643e+01
7.480000e+03 1.549775e+01
7.490000e+03 1.543752e+01
7.500000e+03 1.546585e+01
7.510000e+03 1.555278e+01
7.520000e+03 1.548782e+01
7.530000e+03 1.549255e+01
7.540000e+03 1.551992e+01
7.550000e+03 1.542273e+01
7.560000e+03 1.526145e+01
7.570000e+03 1.524290e+01
7.580000e+03 1.518818e+01
7.590000e+03 1.535506e+01
7.600000e+03 1.533788e+01
7.610000e+03 1.539425e+01
7.620000e+03 1.542452e+01
7.630000e+03 1.526660e+01
7.640000e+03 1.538488e+01
7.650000e+03 1.548620e+01
7.660000e+03 1.547502e+01
7.670000e+03 1.542205e+01
7.680000e+03 1.544474e+01
7.690000e+03 1.543654e+01
7.700000e+03 1.537031e+01
7.710000e+03 1.546894e+01
7.720000e+03 1.543262e+01
7.730000e+03 1.539978e+01
7.740000e+03 1.542163e+01
7.750000e+03 1.533045e+01
7.760000e+03 1.509184e+01
7.770000e+03 1.501258e+01
7.780000e+03 1.510983e+01
7.790000e+03 1.523079e+01
7.800000e+03 1.522401e+01
7.810000e+03 1.546154e+01
7.820000e+03 1.562958e+01
7.830000e+03 1.556321e+01
7.840000e+03 1.549491e+01
7.850000e+03 1.566409e+01
7.860000e+03 1.563799e+01
7.870000e+03 1.552949e+01
7.880000e+03 1.552324e+01
7.890000e+03 1.549760e+01
7.900000e+03 1.544537e+01
7.910000e+03 1.520467e+01
7.920000e+03 1.512923e+01
7.930000e+03 1.501399e+01
7.940000e+03 1.491980e+01
7.950000e+03 1.496430e+01
7.960000e+03 1.503273e+01
7.970000e+03 1.522636e+01
7.980000e+03 1.514355e+01
7.990000e+03 1.508997e+01
8.000000e+03 1.519082e+01
8.010000e+03 1.514777e+01
8.020000e+03 1.510771e+01
8.030000e+03 1.515576e+01
8.040000e+03 1.519456e+01
8.050000e+03 1.523299e+01
8.060000e+03 1.515894e+01
8.070000e+03 1.498788e+01
8.080000e+03 1.507202e+01
8.090000e+03 1.519232e+01
8.100000e+03 1.527490e+01
8.110000e+03 1.537309e+01
8.120000e+03 1.525178e+01
8.130000e+03 1.536610e+01
8.140000e+03 1.538589e+01
8.150000e+03 1.555485e+01
8.160000e+03 1.550005e+01
8.170000e+03 1.549768e+01
8.180000e+03 1.542792e+01
8.190000e+03 1.541758e+01
8.200000e+03 1.543906e+01
8.210000e+03 1.540616e+01
8.220000e+03 1.546827e+01
8.230000e+03 1.552369e+01
8.240000e+03 1.557942e+01
8.250000e+03 1.576435e+01
8.260000e+03 1.580439e+01
8.270000e+03 1.586232e+01
8.280000e+03 1.587709e+01
8.290000e+03 1.589550e+01
8.300000e+03 1.590412e+01
8.310000e+03 1.612949e+01
8.320000e+03 1.617925e+01
8.330000e+03 1.624423e+01
8.340000e+03 1.631432e+01
8.350000e+03 1.649714e+01
8.360000e+03 1.653247e+01
8.370000e+03 1.667804e+01
8.380000e+03 1.684361e+01
8.390000e+03 1.683891e+01
8.400000e+03 1.678373e+01
8.410000e+03 1.676267e+01
8.420000e+03 1.689902e+01
8.430000e+03 1.680417e+01
8.440000e+03 1.687371e+01
8.450000e+03 1.686768e+01
8.460000e+03 1.681735e+01
8.470000e+03 1.696557e+01
8.480000e+03 1.690919e+01
8.490000e+03 1.694866e+01
8.500000e+03 1.708525e+01
8.510000e+03 1.694322e+01
8.520000e+03 1.694271e+01
8.530000e+03 1.701437e+01
8.540000e+03 1.706582e+01
8.550000e+03 1.704588e+01
8.560000e+03 1.709563e+01
8.570000e+03 1.697266e+01
8.580000e+03 1.706323e+01
8.590000e+03 1.703978e+01
8.600000e+03 1.700704e+01
8.610000e+03 1.706753e+01
8.620000e+03 1.713132e+01
8.630000e+03 1.715854e+01
8.640000e+03 1.710743e+01
8.650000e+03 1.699320e+01
8.660000e+03 1.692017e+01
8.670000e+03 1.680840e+01
8.680000e+03 1.671809e+01
8.690000e+03 1.658564e+01
8.700000e+03 1.653306e+01
8.710000e+03 1.649591e+01
8.720000e+03 1.643038e+01
8.730000e+03 1.642490e+01
8.740000e+03 1.649930e+01
8.750000e+03 1.663538e+01
8.760000e+03 1.674175e+01
8.770000e+03 1.677136e+01
8.780000e+03 1.686908e+01
8.790000e+03 1.683874e+01
8.800000e+03 1.684908e+01
8.810000e+03 1.692487e+01
8.820000e+03 1.695947e+01
8.830000e+03 1.694948e+01
8.840000e+03 1.712376e+01
8.850000e+03 1.718825e+01
8.860000e+03 1.733011e+01
8.870000e+03 1.724492e+01
8.880000e+03 1.730922e+01
8.890000e+03 1.734532e+01
8.900000e+03 1.734041e+01
8.910000e+03 1.739045e+01
8.920000e+03 1.730564e+01
8.930000e+03 1.724709e+01
8.940000e+03 1.722916e+01
8.950000e+03 1.722970e+01
8.960000e+03 1.723822e+01
8.970000e+03 1.726281e+01
8.980000e+03 1.710420e+01
8.990000e+03 1.712888e+01
9.000000e+03 1.709191e+01
9.010000e+03 1.707294e+01
9.020000e+03 1.696659e+01
9.030000e+03 1.693123e+01
9.040000e+03 1.690006e+01
9.050000e+03 1.682709e+01
9.060000e+03 1.682152e+01
9.070000e+03 1.677857e+01
9.080000e+03 1.677786e+01
9.090000e+03 1.675530e+01
9.100000e+03 1.684152e+01
9.110000e+03 1.676529e+01
9.120000e+03 1.668288e+01
9.130000e+03 1.676402e+01
9.140000e+03 1.676264e+01
9.150000e+03 1.673080e+01
9.160000e+03 1.692790e+01
9.170000e+03 1.688583e+01
9.180000e+03 1.696371e+01
9.190000e+03 1.699242e+01
9.200000e+03 1.691009e+01
9.210000e+03 1.687695e+01
9.220000e+03 1.697995e+01
9.230000e+03 1.699970e+01
9.240000e+03 1.705947e+01
9.250000e+03 1.697566e+01
9.260000e+03 1.695514e+01
9.270000e+03 1.695560e+01
9.280000e+03 1.698850e+01
9.290000e+03 1.702969e+01
9.300000e+03 1.691506e+01
9.310000e+03 1.681671e+01
9.320000e+03 1.679203e+01
9.330000e+03 1.697024e+01
9.340000e+03 1.687444e+01
9.350000e+03 1.683775e+01
9.360000e+03 1.679686e+01
9.370000e+03 1.676940e+01
9.380000e+03 1.685926e+01
9.390000e+03 1.687700e+01
9.400000e+03 1.686792e+01
9.410000e+03 1.685975e+01
9.420000e+03 1.698146e+01
9.430000e+03 1.710049e+01
9.440000e+03 1.703952e+01
9.450000e+03 1.711870e+01
9.460000e+03 1.714256e+01
9.470000e+03 1.718017e+01
9.480000e+03 1.729267e+01
9.490000e+03 1.714398e+01
9.500000e+03 1.713908e+01
9.510000e+03 1.703542e+01
9.520000e+03 1.697335e+01
9.530000e+03 1.705334e+01
9.540000e+03 1.701791e+01
9.550000e+03 1.706175e+01
9.560000e+03 1.713570e+01
9.570000e+03 1.712722e+01
9.580000e+03 1.731850e+01
9.590000e+03 1.722324e+01
9.600000e+03 1.723605e+01
9.610000e+03 1.723349e+01
9.620000e+03 1.724569e+01
9.630000e+03 1.732978e+01
9.640000e+03 1.728113e+01
9.650000e+03 1.726417e+01
9.660000e+03 1.747609e+01
9.670000e+03 1.738611e+01
9.680000e+03 1.741523e+01
9.690000e+03 1.742560e+01
9.700000e+03 1.734448e+01
9.710000e+03 1.729891e+01
9.720000e+03 1.736816e+01
9.730000e+03 1.740351e+01
9.740000e+03 1.733592e+01
9.750000e+03 1.729856e+01
9.760000e+03 1.725416e+01
9.770000e+03 1.719616e+01
9.780000e+03 1.716226e+01
9.790000e+03 1.710882e+01
9.800000e+03 1.719173e+01
9.810000e+03 1.717510e+01
9.820000e+03 1.716474e+01
9.830000e+03 1.715140e+01
9.840000e+03 1.713818e+01
9.850000e+03 1.702961e+01
9.860000e+03 1.712322e+01
9.870000e+03 1.703126e+01
9.880000e+03 1.715287e+01
9.890000e+03 1.713556e+01
9.900000e+03 1.718828e+01
9.910000e+03 1.720249e+01
9.920000e+03 1.710684e+01
9.930000e+03 1.711846e+01
9.940000e+03 1.710499e+01
9.950000e+03 1.707992e+01
9.960000e+03 1.706665e+01
9.970000e+03 1.704647e+01
9.980000e+03 1.712191e+01
9.990000e+03 1.707603e+01
1.000000e+04 1.704643e+01
1.001000e+04 1.712157e+01
1.002000e+04 1.713258e+01
1.003000e+04 1.706949e+01
1.004000e+04 1.704432e+01
1.005000e+04 1.705252e+01
1.006000e+04 1.705943e+01
1.007000e+04 1.711094e+01
1.008000e+04 1.711710e+01
1.009000e+04 1.713345e+01
1.010000e+04 1.707725e+01
1.011000e+04 1.704843e+01
1.012000e+04 1.710627e+01
1.013000e+04 1.703457e+01
1.014000e+04 1.708003e+01
1.015000e+04 1.713528e+01
1.016000e+04 1.717440e+01
1.017000e+04 1.714430e+01
1.018000e+04 1.726761e+01
1.019000e+04 1.721519e+01
1.020000e+04 1.728987e+01
1.021000e+04 1.730448e+01
1.022000e+04 1.734182e+01
1.023000e+04 1.728482e+01
1.024000e+04 1.734509e+01
1.025000e+04 1.730362e+01
1.026000e+04 1.733762e+01
1.027000e+04 1.736946e+01
1.028000e+04 1.737490e+01
1.029000e+04 1.743331e+01
1.030000e+04 1.738642e+01
1.031000e+04 1.735359e+01
1.032000e+04 1.741828e+01
1.033000e+04 1.738330e+01
1.034000e+04 1.737454e+01
1.035000e+04 1.737942e+01
1.036000e+04 1.743355e+01
1.037000e+04 1.742722e+01
1.038000e+04 1.737424e+01
1.039000e+04 1.751071e+01
1.040000e+04 1.741900e+01
1.041000e+04 1.743184e+01
1.042000e+04 1.745454e+01
1.043000e+04 1.744681e+01
1.044000e+04 1.755451e+01
1.045000e+04 1.762221e+01
1.046000e+04 1.773363e+01
1.047000e+04 1.761908e+01
1.048000e+04 1.760861e+01
1.049000e+04 1.768763e+01
1.050000e+04 1.770002e+01
1.051000e+04 1.782050e+01
1.052000e+04 1.774765e+01
1.053000e+04 1.781927e+01
1.054000e+04 1.773981e+01
1.055000e+04 1.776373e+01
1.056000e+04 1.772077e+01
1.057000e+04 1.777764e+01
1.058000e+04 1.775234e+01
1.059000e+04 1.764795e+01
1.060000e+04 1.761679e+01
1.061000e+04 1.752740e+01
1.062000e+04 1.754626e+01
1.063000e+04 1.755138e+01
1.064000e+04 1.757473e+01
1.065000e+04 1.761445e+01
1.066000e+04 1.762114e+01
1.067000e+04 1.763771e+01
1.068000e+04 1.772072e+01
1.069000e+04 1.765498e+01
1.070000e+04 1.766496e+01
1.071000e+04 1.758642e+01
1.072000e+04 1.756160e+01
1.073000e+04 1.760606e+01
1.074000e+04 1.759605e+01
1.075000e+04 1.773392e+01
1.076000e+04 1.770495e+01
1.077000e+04 1.766976e+01
1.078000e+04 1.761168e+01
1.079000e+04 1.758215e+01
1.080000e+04 1.752779e+01
1.081000e+04 1.746566e+01
1.082000e+04 1.744286e+01
1.083000e+04 1.742107e+01
1.084000e+04 1.745676e+01
1.085000e+04 1.744872e+01
1.086000e+04 1.749471e+01
1.087000e+04 1.756431e+01
1.088000e+04 1.757844e+01
1.089000e+04 1.753081e+01
1.090000e+04 1.766834e+01
1.091000e+04 1.764226e+01
1.092000e+04 1.776197e+01
1.093000e+04 1.771255e+01
1.094000e+04 1.775885e+01
1.095000e+04 1.771681e+01
1.096000e+04 1.767682e+01
1.097000e+04 1.776578e+01
1.098000e+04 1.770837e+01
1.099000e+04 1.768480e+01
1.100000e+04 1.766869e+01
1.101000e+04 1.763956e+01
1.102000e+04 1.761493e+01
1.103000e+04 1.765104e+01
1.104000e+04 1.753677e+01
1.105000e+04 1.752426e+01
1.106000e+04 1.752771e+01
1.107000e+04 1.739338e+01
1.108000e+04 1.734232e+01
1.109000e+04 1.748011e+01
1.110000e+04 1.746696e+01
1.111000e+04 1.754089e+01
1.112000e+04 1.742996e+01
1.113000e+04 1.756012e+01
1.114000e+04 1.762928e+01
1.115000e+04 1.759367e+01
1.116000e+04 1.762172e+01
1.117000e+04 1.764466e+01
1.118000e+04 1.773378e+01
1.119000e+04 1.772164e+01
1.120000e+04 1.768071e+01
1.121000e+04 1.773208e+01
1.122000e+04 1.773149e+01
1.123000e+04 1.772414e+01
1.124000e+04 1.785686e+01
1.125000e+04 1.774561e+01
1.126000e+04 1.769147e+01
1.127000e+04 1.767095e+01
1.128000e+04 1.762647e+01
1.129000e+04 1.761935e+01
1.130000e+04 1.757276e+01
1.131000e+04 1.761363e+01
1.132000e+04 1.756832e+01
1.133000e+04 1.751520e+01
1.134000e+04 1.750006e+01
1.135000e+04 1.752767e+01
1.136000e+04 1.756256e+01
1.137000e+04 1.754723e+01
1.138000e+04 1.748294e+01
1.139000e+04 1.747298e+01
1.140000e+04 1.746574e+01
1.141000e+04 1.749850e+01
1.142000e+04 1.751571e+01
1.143000e+04 1.748647e+01
1.144000e+04 1.747288e+01
1.145000e+04 1.734697e+01
1.146000e+04 1.737677e+01
1.147000e+04 1.735916e+01
1.148000e+04 1.734249e+01
1.149000e+04 1.731426e+01
1.150000e+04 1.719973e+01
1.151000e+04 1.723252e+01
1.152000e+04 1.716048e+01
1.153000e+04 1.713720e+01
1.154000e+04 1.711566e+01
1.155000e+04 1.711143e+01
1.156000e+04 1.699049e+01
1.157000e+04 1.703905e+01
1.158000e+04 1.699963e+01
1.159000e+04 1.708853e+01
1.160000e+04 1.708528e+01
1.161000e+04 1.708220e+01
1.162000e+04 1.714690e+01
1.163000e+04 1.706965e+01
1.164000e+04 1.713108e+01
1.165000e+04 1.720474e+01
1.166000e+04 1.717945e+01
1.167000e+04 1.715313e+01
1.168000e+04 1.726478e+01
1.169000e+04 1.724465e+01
1.170000e+04 1.723526e+01
1.171000e+04 1.730776e+01
1.172000e+04 1.722387e+01
1.173000e+04 1.733002e+01
1.174000e+04 1.722511e+01
1.175000e+04 1.727704e+01
1.176000e+04 1.730221e+01
1.177000e+04 1.731080e+01
1.178000e+04 1.725926e+01
1.179000e+04 1.727319e+01
1.180000e+04 1.725997e+01
1.181000e+04 1.724369e+01
1.182000e+04 1.716112e+01
1.183000e+04 1.716342e+01
1.184000e+04 1.714004e+01
1.185000e+04 1.712267e+01
1.186000e+04 1.718978e+01
1.187000e+04 1.716002e+01
1.188000e+04 1.718886e+01
1.189000e+04 1.720498e+01
1.190000e+04 1.724227e+01
1.191000e+04 1.721243e+01
1.192000e+04 1.718021e+01
1.193000e+04 1.717258e+01
1.194000e+04 1.717408e+01
1.195000e+04 1.727703e+01
1.196000e+04 1.722343e+01
1.197000e+04 1.721186e+01
1.198000e+04 1.729139e+01
1.199000e+04 1.721717e+01
1.200000e+04 1.714776e+01
1.201000e+04 1.725617e+01
1.202000e+04 1.722886e+01
1.203000e+04 1.720563e+01
1.204000e+04 1.721660e+01
1.205000e+04 1.729501e+01
1.206000e+04 1.731126e+01
1.207000e+04 1.731468e+01
1.208000e+04 1.743033e+01
1.209000e+04 1.742586e+01
1.210000e+04 1.735548e+01
1.211000e+04 1.740818e+01
1.212000e+04 1.737535e+01
1.213000e+04 1.740783e+01
1.214000e+04 1.735777e+01
1.215000e+04 1.734417e+01
1.216000e+04 1.733100e+01
1.217000e+04 1.727132e+01
1.218000e+04 1.730996e+01
1.219000e+04 1.728784e+01
1.220000e+04 1.731948e+01
1.221000e+04 1.729775e+01
1.222000e+04 1.723434e+01
1.223000e+04 1.725810e+01
1.224000e+04 1.724117e+01
1.225000e+04 1.728041e+01
1.226000e+04 1.722998e+01
1.227000e+04 1.738200e+01
1.228000e+04 1.731267e+01
1.229000e+04 1.739373e+01
1.230000e+04 1.742390e+01
1.231000e+04 1.741821e+01
1.232000e+04 1.742197e+01
1.233000e+04 1.740415e+01
1.234000e+04 1.749222e+01
1.235000e+04 1.752709e+01
1.236000e+04 1.751626e+01
1.237000e+04 1.749423e+01
1.238000e+04 1.745207e+01
1.239000e+04 1.742385e+01
1.240000e+04 1.746563e+01
1.241000e+04 1.748140e+01
1.242000e+04 1.748592e+01
1.243000e+04 1.739271e+01
1.244000e+04 1.739543e+01
1.245000e+04 1.743438e+01
1.246000e+04 1.743207e+01
1.247000e+04 1.744686e+01
1.248000e+04 1.741466e+01
1.249000e+04 1.742721e+01
1.250000e+04 1.743776e+01
1.251000e+04 1.733894e+01
1.252000e+04 1.739767e+01
1.253000e+04 1.735332e+01
1.254000e+04 1.732254e+01
1.255000e+04 1.735067e+01
1.256000e+04 1.731104e+01
1.257000e+04 1.732654e+01
1.258000e+04 1.737382e+01
1.259000e+04 1.740787e+01
1.260000e+04 1.746162e+01
1.261000e+04 1.744720e+01
1.262000e+04 1.749657e+01
1.263000e+04 1.756128e+01
1.264000e+04 1.752303e+01
1.265000e+04 1.758396e+01
1.266000e+04 1.752934e+01
1.267000e+04 1.750406e+01
1.268000e+04 1.748389e+01
1.269000e+04 1.757234e+01
1.270000e+04 1.762895e+01
1.271000e+04 1.759421e+01
1.272000e+04 1.761619e+01
1.273000e+04 1.756591e+01
1.274000e+04 1.759727e+01
1.275000e+04 1.759807e+01
1.276000e+04 1.759200e+01
1.277000e+04 1.765519e+01
1.278000e+04 1.766147e+01
1.279000e+04 1.765886e+01
1.280000e+04 1.764193e+01
1.281000e+04 1.766017e+01
1.282000e+04 1.758543e+01
1.283000e+04 1.757132e+01
1.284000e+04 1.761941e+01
1.285000e+04 1.757490e+01
1.286000e+04 1.754391e+01
1.287000e+04 1.763131e+01
1.288000e+04 1.779160e+01
1.289000e+04 1.777399e+01
1.290000e+04 1.775971e+01
1.291000e+04 1.786730e+01
1.292000e+04 1.781084e+01
1.293000e+04 1.770509e+01
1.294000e+04 1.775242e+01
1.295000e+04 1.786586e+01
1.296000e+04 1.781051e+01
1.297000e+04 1.773893e+01
1.298000e+04 1.777003e+01
1.299000e+04 1.782103e+01
1.300000e+04 1.777035e+01
1.301000e+04 1.793684e+01
1.302000e+04 1.793280e+01
1.303000e+04 1.804250e+01
1.304000e+04 1.797479e+01
1.305000e+04 1.796374e+01
1.306000e+04 1.804524e+01
1.307000e+04 1.814428e+01
1.308000e+04 1.813745e+01
1.309000e+04 1.818447e+01
1.310000e+04 1.808250e+01
1.311000e+04 1.810830e+01
1.312000e+04 1.820376e+01
1.313000e+04 1.816647e+01
1.314000e+04 1.830005e+01
1.315000e+04 1.830405e+01
1.316000e+04 1.828074e+01
1.317000e+04 1.824798e+01
1.318000e+04 1.813039e+01
1.319000e+04 1.819971e+01
1.320000e+04 1.815099e+01
1.321000e+04 1.819143e+01
1.322000e+04 1.822821e+01
1.323000e+04 1.821108e+01
1.324000e+04 1.818463e+01
1.325000e+04 1.836009e+01
1.326000e+04 1.837424e+01
1.327000e+04 1.837266e+01
1.328000e+04 1.827279e+01
1.329000e+04 1.831930e+01
1.330000e+04 1.824242e+01
1.331000e+04 1.821126e+01
1.332000e+04 1.827023e+01
1.333000e+04 1.824961e+01
1.334000e+04 1.830346e+01
1.335000e+04 1.828718e+01
1.336000e+04 1.831070e+01
1.337000e+04 1.820137e+01
1.338000e+04 1.824110e+01
1.339000e+04 1.823026e+01
1.340000e+04 1.820784e+01
1.341000e+04 1.825852e+01
1.342000e+04 1.822552e+01
1.343000e+04 1.828453e+01
1.344000e+04 1.831152e+01
1.345000e+04 1.836488e+01
1.346000e+04 1.824944e+01
1.347000e+04 1.829523e+01
1.348000e+04 1.823909e+01
1.349000e+04 1.832066e+01
1.350000e+04 1.835691e+01
1.351000e+04 1.831304e+01
1.352000e+04 1.835932e+01
1.353000e+04 1.832668e+01
1.354000e+04 1.840558e+01
1.355000e+04 1.836855e+01
1.356000e+04 1.836951e+01
1.357000e+04 1.835423e+01
1.358000e+04 1.836935e+01
1.359000e+04 1.836173e+01
1.360000e+04 1.830352e+01
1.361000e+04 1.833908e+01
1.362000e+04 1.823671e+01
1.363000e+04 1.827481e+01
1.364000e+04 1.839981e+01
1.365000e+04 1.851318e+01
1.366000e+04 1.840075e+01
1.367000e+04 1.844874e+01
1.368000e+04 1.841166e+01
1.369000e+04 1.840088e+01
1.370000e+04 1.847785e+01
1.371000e+04 1.847056e+01
1.372000e+04 1.846477e+01
1.373000e+04 1.850015e+01
1.374000e+04 1.855200e+01
1.375000e+04 1.855124e+01
1.376000e+04 1.857635e+01
1.377000e+04 1.857736e+01
1.378000e+04 1.852468e+01
1.379000e+04 1.855175e+01
1.380000e+04 1.846575e+01
1.381000e+04 1.850602e+01
1.382000e+04 1.852620e+01
1.383000e+04 1.852347e+01
1.384000e+04 1.861131e+01
1.385000e+04 1.856968e+01
1.386000e+04 1.860892e+01
1.387000e+04 1.855317e+01
1.388000e+04 1.864315e+01
1.389000e+04 1.853841e+01
1.390000e+04 1.865393e+01
1.391000e+04 1.860142e+01
1.392000e+04 1.857666e+01
1.393000e+04 1.871435e+01
1.394000e+04 1.868628e+01
1.395000e+04 1.863763e+01
1.396000e+04 1.861541e+01
1.397000e+04 1.849200e+01
1.398000e+04 1.850375e+01
1.399000e+04 1.846787e+01
1.400000e+04 1.848497e+01
1.401000e+04 1.852580e+01
1.402000e+04 1.847341e+01
1.403000e+04 1.850513e+01
1.404000e+04 1.851649e+01
1.405000e+04 1.856018e+01
1.406000e+04 1.856934e+01
1.407000e+04 1.851497e+01
1.408000e+04 1.854746e+01
1.409000e+04 1.854787e+01
1.410000e+04 1.854989e+01
1.411000e+04 1.850181e+01
1.412000e+04 1.853886e+01
1.413000e+04 1.863426e+01
1.414000e+04 1.858276e+01
1.415000e+04 1.861334e+01
1.416000e+04 1.861658e+01
1.417000e+04 1.866763e+01
1.418000e+04 1.867749e+01
1.419000e+04 1.866306e+01
1.420000e+04 1.866474e+01
1.421000e+04 1.863634e+01
1.422000e+04 1.864383e+01
1.423000e+04 1.870485e+01
1.424000e+04 1.863396e+01
1.425000e+04 1.860931e+01
1.426000e+04 1.846489e+01
1.427000e+04 1.855179e+01
1.428000e+04 1.851761e+01
1.429000e+04 1.852971e+01
1.430000e+04 1.858488e+01
1.431000e+04 1.850688e+01
1.432000e+04 1.861711e+01
1.433000e+04 1.862785e+01
1.434000e+04 1.861294e+01
1.435000e+04 1.867614e+01
1.436000e+04 1.866267e+01
1.437000e+04 1.861657e+01
1.438000e+04 1.858097e+01
1.439000e+04 1.861004e+01
1.440000e+04 1.863709e+01
1.441000e+04 1.871290e+01
1.442000e+04 1.871923e+01
1.443000e+04 1.867388e+01
1.444000e+04 1.865828e+01
1.445000e+04 1.863664e+01
1.446000e+04 1.861696e+01
1.447000e+04 1.871475e+01
1.448000e+04 1.872704e+01
1.449000e+04 1.871179e+01
1.450000e+04 1.876850e+01
1.451000e+04 1.868609e+01
1.452000e+04 1.865864e+01
1.453000e+04 1.861741e+01
1.454000e+04 1.866983e+01
1.455000e+04 1.866199e+01
1.456000e+04 1.860405e+01
1.457000e+04 1.863497e+01
1.458000e+04 1.865901e+01
1.459000e+04 1.869340e+01
1.460000e+04 1.870567e+01
1.461000e+04 1.876418e+01
1.462000e+04 1.866548e+01
1.463000e+04 1.863531e+01
1.464000e+04 1.864152e+01
1.465000e+04 1.868032e+01
1.466000e+04 1.860156e+01
1.467000e+04 1.870336e+01
1.468000e+04 1.866288e+01
1.469000e+04 1.858432e+01
1.470000e+04 1.860581e+01
1.471000e+04 1.862329e+01
1.472000e+04 1.857940e+01
1.473000e+04 1.860818e+01
1.474000e+04 1.864838e+01
1.475000e+04 1.866473e+01
1.476000e+04 1.870515e+01
1.477000e+04 1.879932e+01
1.478000e+04 1.867509e+01
1.479000e+04 1.874539e+01
1.480000e+04 1.878939e+01
1.481000e+04 1.877776e+01
1.482000e+04 1.881595e+01
1.483000e+04 1.880123e+01
1.484000e+04 1.871302e+01
1.485000e+04 1.879206e+01
1.486000e+04 1.881642e+01
1.487000e+04 1.873878e+01
1.488000e+04 1.883323e+01
1.489000e+04 1.879713e+01
1.490000e+04 1.875858e+01
1.491000e+04 1.885471e+01
1.492000e+04 1.881238e+01
1.493000e+04 1.883186e+01
1.494000e+04 1.882313e+01
1.495000e+04 1.882112e+01
1.496000e+04 1.879732e+01
1.497000e+04 1.887890e+01
1.498000e+04 1.889169e+01
1.499000e+04 1.888556e+01
1.500000e+04 1.886878e+01
1.501000e+04 1.895383e+01
1.502000e+04 1.896022e+01
1.503000e+04 1.891474e+01
1.504000e+04 1.896925e+01
1.505000e+04 1.896788e+01
1.506000e+04 1.894161e+01
1.507000e+04 1.891511e+01
1.508000e+04 1.884887e+01
1.509000e+04 1.890254e+01
1.510000e+04 1.884676e+01
1.511000e+04 1.884084e+01
1.512000e+04 1.874197e+01
1.513000e+04 1.876725e+01
1.514000e+04 1.878170e+01
1.515000e+04 1.876088e+01
1.516000e+04 1.872720e+01
1.517000e+04 1.876597e+01
1.518000e+04 1.868895e+01
1.519000e+04 1.862335e+01
1.520000e+04 1.859661e+01
1.521000e+04 1.863137e+01
1.522000e+04 1.856945e+01
1.523000e+04 1.867497e+01
1.524000e+04 1.868045e+01
1.525000e+04 1.861539e+01
1.526000e+04 1.871505e+01
1.527000e+04 1.862608e+01
1.528000e+04 1.865178e+01
1.529000e+04 1.860992e+01
1.530000e+04 1.866381e+01
1.531000e+04 1.863448e+01
1.532000e+04 1.864299e+01
1.533000e+04 1.864169e+01
1.534000e+04 1.874217e+01
1.535000e+04 1.871702e+01
1.536000e+04 1.871256e+01
1.537000e+04 1.875130e+01
1.538000e+04 1.861952e+01
1.539000e+04 1.862804e+01
1.540000e+04 1.864599e+01
1.541000e+04 1.871414e+01
1.542000e+04 1.862969e+01
1.543000e+04 1.868444e+01
1.544000e+04 1.877129e+01
1.545000e+04 1.866392e+01
1.546000e+04 1.864827e+01
1.547000e+04 1.865494e+01
1.548000e+04 1.872004e+01
1.549000e+04 1.872554e+01
1.550000e+04 1.875686e+01
1.551000e+04 1.875705e+01
1.552000e+04 1.875685e+01
1.553000e+04 1.869637e+01
1.554000e+04 1.876004e+01
1.555000e+04 1.873596e+01
1.556000e+04 1.869121e+01
1.557000e+04 1.866458e+01
1.558000e+04 1.877907e+01
1.559000e+04 1.881422e+01
1.560000e+04 1.882219e+01
1.561000e+04 1.884290e+01
1.562000e+04 1.882242e+01
1.563000e+04 1.883819e+01
1.564000e+04 1.891916e+01
1.565000e+04 1.886815e+01
1.566000e+04 1.900257e+01
1.567000e+04 1.895691e+01
1.568000e+04 1.904446e+01
1.569000e+04 1.899697e+01
1.570000e+04 1.895810e+01
1.571000e+04 1.899783e+01
1.572000e+04 1.889751e+01
1.573000e+04 1.897256e+01
1.574000e+04 1.893703e+01
1.575000e+04 1.894941e+01
1.576000e+04 1.896937e+01
1.577000e+04 1.894306e+01
1.578000e+04 1.900532e+01
1.579000e+04 1.908252e+01
1.580000e+04 1.905598e+01
1.581000e+04 1.909625e+01
1.582000e+04 1.903027e+01
1.583000e+04 1.910215e+01
1.584000e+04 1.908442e+01
1.585000e+04 1.916186e+01
1.586000e+04 1.913342e+01
1.587000e+04 1.913535e+01
1.588000e+04 1.908182e+01
1.589000e+04 1.908571e+01
1.590000e+04 1.915843e+01
1.591000e+04 1.917606e+01
1.592000e+04 1.914438e+01
1.593000e+04 1.904747e+01
1.594000e+04 1.907923e+01
1.595000e+04 1.906153e+01
1.596000e+04 1.895986e+01
1.597000e+04 1.907130e+01
1.598000e+04 1.903571e+01
1.599000e+04 1.898044e+01
1.600000e+04 1.893045e+01
1.601000e+04 1.902188e+01
1.602000e+04 1.899032e+01
1.603000e+04 1.892199e+01
1.604000e+04 1.894018e+01
1.605000e+04 1.899363e+01
1.606000e+04 1.907852e+01
1.607000e+04 1.903017e+01
1.608000e+04 1.913228e+01
1.609000e+04 1.907830e+01
1.610000e+04 1.914230e+01
1.611000e+04 1.915604e+01
1.612000e+04 1.917174e+01
1.613000e+04 1.915264e+01
1.614000e+04 1.927809e+01
1.615000e+04 1.914839e+01
1.616000e+04 1.920999e+01
1.617000e+04 1.922955e+01
1.618000e+04 1.920794e+01
1.619000e+04 1.924518e+01
1.620000e+04 1.933254e+01
1.621000e+04 1.928761e+01
1.622000e+04 1.936320e+01
1.623000e+04 1.935445e+01
1.624000e+04 1.935862e+01
1.625000e+04 1.933727e+01
1.626000e+04 1.932319e+01
1.627000e+04 1.932320e+01
1.628000e+04 1.937889e+01
1.629000e+04 1.935194e+01
1.630000e+04 1.934395e+01
1.631000e+04 1.930965e+01
1.632000e+04 1.928578e+01
1.633000e+04 1.929141e+01
1.634000e+04 1.926529e+01
1.635000e+04 1.926547e+01
1.636000e+04 1.933245e+01
1.637000e+04 1.934559e+01
1.638000e+04 1.924653e+01
1.639000e+04 1.926606e+01
1.640000e+04 1.928586e+01
1.641000e+04 1.930224e+01
1.642000e+04 1.933121e+01
1.643000e+04 1.937343e+01
1.644000e+04 1.933683e+01
1.645000e+04 1.932643e+01
1.646000e+04 1.928481e+01
1.647000e+04 1.931387e+01
1.648000e+04 1.927169e+01
1.649000e+04 1.927120e+01
1.650000e+04 1.930442e+01
1.651000e+04 1.929846e+01
1.652000e+04 1.932291e+01
1.653000e+04 1.929628e+01
1.654000e+04 1.924785e+01
1.655000e+04 1.929783e+01
1.656000e+04 1.922805e+01
1.657000e+04 1.925966e+01
1.658000e+04 1.923067e+01
1.659000e+04 1.926743e+01
1.660000e+04 1.926853e+01
1.661000e+04 1.936503e+01
1.662000e+04 1.935133e+01
1.663000e+04 1.935773e+01
1.664000e+04 1.936064e+01
1.665000e+04 1.935683e+01
1.666000e+04 1.935197e+01
1.667000e+04 1.936609e+01
1.668000e+04 1.938841e+01
1.669000e+04 1.942923e+01
1.670000e+04 1.943300e+01
1.671000e+04 1.935637e+01
1.672000e+04 1.939522e+01
1.673000e+04 1.932034e+01
1.674000e+04 1.927763e+01
1.675000e+04 1.922284e+01
1.676000e+04 1.923752e+01
1.677000e+04 1.926133e+01
1.678000e+04 1.923989e+01
1.679000e+04 1.923050e+01
1.680000e+04 1.923652e+01
1.681000e+04 1.912451e+01
1.682000e+04 1.923508e+01
1.683000e+04 1.914923e+01
1.684000e+04 1.910480e+01
1.685000e+04 1.908133e+01
1.686000e+04 1.905443e+01
1.687000e+04 1.910276e+01
1.688000e+04 1.915003e+01
1.689000e+04 1.911236e+01
1.690000e+04 1.915003e+01
1.691000e+04 1.910973e+01
1.692000e+04 1.909120e+01
1.693000e+04 1.901854e+01
1.694000e+04 1.908658e+01
1.695000e+04 1.907524e+01
1.696000e+04 1.907810e+01
1.697000e+04 1.911688e+01
1.698000e+04 1.910599e+01
1.699000e+04 1.906921e+01
1.700000e+04 1.912681e+01
1.701000e+04 1.904849e+01
1.702000e+04 1.905087e+01
1.703000e+04 1.910705e+01
1.704000e+04 1.917966e+01
1.705000e+04 1.922461e+01
1.706000e+04 1.918921e+01
1.707000e+04 1.912056e+01
1.708000e+04 1.907828e+01
1.709000e+04 1.916510e+01
1.710000e+04 1.909919e+01
1.711000e+04 1.914856e+01
1.712000e+04 1.905049e+01
1.713000e+04 1.904856e+01
1.714000e+04 1.906922e+01
1.715000e+04 1.904147e+01
1.716000e+04 1.899125e+01
1.717000e+04 1.901634e+01
1.718000e+04 1.898458e+01
1.719000e+04 1.898221e+01
1.720000e+04 1.899672e+01
1.721000e+04 1.896472e+01
1.722000e+04 1.906533e+01
1.723000e+04 1.904254e+01
1.724000e+04 1.906432e+01
1.725000e+04 1.904097e+01
1.726000e+04 1.902596e+01
1.727000e+04 1.905936e+01
1.728000e+04 1.898318e+01
1.729000e+04 1.901728e+01
1.730000e+04 1.906247e+01
1.731000e+04 1.909634e+01
1.732000e+04 1.907796e+01
1.733000e+04 1.902649e+01
1.734000e+04 1.901886e+01
1.735000e+04 1.903814e+01
1.736000e+04 1.902648e+01
1.737000e+04 1.909582e+01
1.738000e+04 1.897893e+01
1.739000e+04 1.897832e+01
1.740000e+04 1.900060e+01
1.741000e+04 1.905743e+01
1.742000e+04 1.896945e+01
1.743000e+04 1.908095e+01
1.744000e+04 1.901928e+01
1.745000e+04 1.910122e+01
1.746000e+04 1.907427e+01
1.747000e+04 1.902215e+01
1.748000e+04 1.905592e+01
1.749000e+04 1.903305e+01
1.750000e+04 1.904501e+01
1.751000e+04 1.901011e+01
1.752000e+04 1.902057e+01
1.753000e+04 1.898907e+01
1.754000e+04 1.904097e+01
1.755000e+04 1.901781e+01
1.756000e+04 1.903178e+01
1.757000e+04 1.912690e+01
1.758000e+04 1.916499e+01
1.759000e+04 1.917373e+01
1.760000e+04 1.914175e+01
1.761000e+04 1.914830e+01
1.762000e+04 1.905567e+01
1.763000e+04 1.915054e+01
1.764000e+04 1.906986e+01
1.765000e+04 1.907413e+01
1.766000e+04 1.902601e+01
1.767000e+04 1.908446e+01
1.768000e+04 1.911187e+01
1.769000e+04 1.912704e+01
1.770000e+04 1.914004e+01
1.771000e+04 1.921806e+01
1.772000e+04 1.924994e+01
1.773000e+04 1.924209e+01
1.774000e+04 1.923761e+01
1.775000e+04 1.922082e+01
1.776000e+04 1.922844e+01
1.777000e+04 1.926072e+01
1.778000e+04 1.915597e+01
1.779000e+04 1.918636e+01
1.780000e+04 1.912985e+01
1.781000e+04 1.924246e+01
1.782000e+04 1.916493e+01
1.783000e+04 1.918474e+01
1.784000e+04 1.915608e+01
1.785000e+04 1.909345e+01
1.786000e+04 1.905384e+01
1.787000e+04 1.901502e+01
1.788000e+04 1.904281e+01
1.789000e+04 1.907450e+01
1.790000e+04 1.901467e+01
1.791000e+04 1.912074e+01
1.792000e+04 1.909021e+01
1.793000e+04 1.914373e+01
1.794000e+04 1.921230e+01
1.795000e+04 1.926048e+01
1.796000e+04 1.921209e+01
1.797000e+04 1.918264e+01
1.798000e+04 1.919478e+01
1.799000e+04 1.926338e+01
1.800000e+04 1.928398e+01
1.801000e+04 1.923724e+01
1.802000e+04 1.926686e+01
1.803000e+04 1.926016e+01
1.804000e+04 1.928172e+01
1.805000e+04 1.926997e+01
1.806000e+04 1.919811e+01
1.807000e+04 1.928003e+01
1.808000e+04 1.932929e+01
1.809000e+04 1.931587e+01
1.810000e+04 1.926368e+01
1.811000e+04 1.935444e+01
1.812000e+04 1.927318e+01
1.813000e+04 1.933624e+01
1.814000e+04 1.928457e+01
1.815000e+04 1.926244e+01
1.816000e+04 1.926440e+01
1.817000e+04 1.922770e+01
1.818000e+04 1.926170e+01
1.819000e+04 1.927367e+01
1.820000e+04 1.928230e+01
1.821000e+04 1.928314e+01
1.822000e+04 1.925046e+01
1.823000e+04 1.921138e+01
1.824000e+04 1.925409e+01
1.825000e+04 1.928288e+01
1.826000e+04 1.926279e+01
1.827000e+04 1.926890e+01
1.828000e+04 1.920791e+01
1.829000e+04 1.921913e+01
1.830000e+04 1.913962e+01
1.831000e+04 1.917678e+01
1.832000e+04 1.919829e+01
1.833000e+04 1.916702e+01
1.834000e+04 1.914291e+01
1.835000e+04 1.914013e+01
1.836000e+04 1.920831e+01
1.837000e+04 1.911828e+01
1.838000e+04 1.917959e+01
1.839000e+04 1.907623e+01
1.840000e+04 1.911123e+01
1.841000e+04 1.907221e+01
1.842000e+04 1.906463e+01
1.843000e+04 1.905319e+01
1.844000e+04 1.905296e+01
1.845000e+04 1.900485e+01
1.846000e+04 1.897596e+01
1.847000e+04 1.896115e+01
1.848000e+04 1.897649e+01
1.849000e+04 1.898807e+01
1.850000e+04 1.899784e+01
1.851000e+04 1.894456e+01
1.852000e+04 1.900389e+01
1.853000e+04 1.893259e+01
1.854000e+04 1.898052e+01
1.855000e+04 1.903999e+01
1.856000e+04 1.904099e+01
1.857000e+04 1.895723e+01
1.858000e+04 1.894955e+01
1.859000e+04 1.892987e+01
1.860000e+04 1.893520e+01
1.861000e+04 1.898209e+01
1.862000e+04 1.888302e+01
1.863000e+04 1.897365e+01
1.864000e+04 1.888754e+01
1.865000e+04 1.887631e+01
1.866000e+04 1.883584e+01
1.867000e+04 1.883629e+01
1.868000e+04 1.879555e+01
1.869000e+04 1.880167e+01
1.870000e+04 1.878338e+01
1.871000e+04 1.877251e+01
1.872000e+04 1.874103e+01
1.873000e+04 1.878250e+01
1.874000e+04 1.874379e+01
1.875000e+04 1.880905e+01
1.876000e+04 1.880587e+01
1.877000e+04 1.879573e+01
1.878000e+04 1.884867e+01
1.879000e+04 1.878946e+01
1.880000e+04 1.887709e+01
1.881000e+04 1.879894e+01
1.882000e+04 1.877934e+01
1.883000e+04 1.880911e+01
1.884000e+04 1.876464e+01
1.885000e+04 1.876247e+01
1.886000e+04 1.866044e+01
1.887000e+04 1.873531e+01
1.888000e+04 1.862623e+01
1.889000e+04 1.866750e+01
1.890000e+04 1.876432e+01
1.891000e+04 1.877428e+01
1.892000e+04 1.875297e+01
1.893000e+04 1.878752e+01
1.894000e+04 1.876342e+01
1.895000e+04 1.871710e+01
1.896000e+04 1.876776e+01
1.897000e+04 1.875526e+01
1.898000e+04 1.876444e+01
1.899000e+04 1.872376e+01
1.900000e+04 1.878322e+01
1.901000e+04 1.875211e+01
1.902000e+04 1.874777e+01
1.903000e+04 1.875246e+01
1.904000e+04 1.880582e+01
1.905000e+04 1.888162e+01
1.906000e+04 1.881607e+01
1.907000e+04 1.882711e+01
1.908000e+04 1.879140e+01
1.909000e+04 1.873935e+01
1.910000e+04 1.876996e+01
1.911000e+04 1.889729e+01
1.912000e+04 1.885157e+01
1.913000e+04 1.881992e+01
1.914000e+04 1.876121e+01
1.915000e+04 1.873005e+01
1.916000e+04 1.874705e+01
1.917000e+04 1.873532e+01
1.918000e+04 1.875209e+01
1.919000e+04 1.870630e+01
1.920000e+04 1.867780e+01
1.921000e+04 1.869327e+01
1.922000e+04 1.872068e+01
1.923000e+04 1.877153e+01
1.924000e+04 1.887652e+01
1.925000e+04 1.878369e+01
1.926000e+04 1.871669e+01
1.927000e+04 1.878938e+01
1.928000e+04 1.879485e+01
1.929000e+04 1.874837e+01
1.930000e+04 1.877176e+01
1.931000e+04 1.886871e+01
1.932000e+04 1.877066e+01
1.933000e+04 1.878740e+01
1.934000e+04 1.875774e+01
1.935000e+04 1.872329e+01
1.936000e+04 1.874809e+01
1.937000e+04 1.880603e+01
1.938000e+04 1.871255e+01
1.939000e+04 1.880547e+01
1.940000e+04 1.872953e+01
1.941000e+04 1.874426e+01
1.942000e+04 1.875039e+01
1.943000e+04 1.879327e+01
1.944000e+04 1.874390e+01
1.945000e+04 1.871699e+01
1.946000e+04 1.874817e+01
1.947000e+04 1.865652e+01
1.948000e+04 1.863990e+01
1.949000e+04 1.871236e+01
1.950000e+04 1.868824e+01
1.951000e+04 1.868428e+01
1.952000e+04 1.866337e+01
1.953000e+04 1.866200e+01
1.954000e+04 1.856576e+01
1.955000e+04 1.860291e+01
1.956000e+04 1.859456e+01
1.957000e+04 1.865293e+01
1.958000e+04 1.868474e+01
1.959000e+04 1.863875e+01
1.960000e+04 1.872257e+01
1.961000e+04 1.871179e+01
1.962000e+04 1.859293e+01
1.963000e+04 1.865559e+01
1.964000e+04 1.865994e+01
1.965000e+04 1.860801e+01
1.966000e+04 1.856965e+01
1.967000e+04 1.859332e+01
1.968000e+04 1.854134e+01
1.969000e+04 1.855545e+01
1.970000e+04 1.841551e+01
1.971000e+04 1.849573e+01
1.972000e+04 1.845403e+01
1.973000e+04 1.847509e+01
1.974000e+04 1.843221e+01
1.975000e+04 1.846710e+01
1.976000e+04 1.847426e+01
1.977000e+04 1.855298e+01
1.978000e+04 1.850275e+01
1.979000e+04 1.852594e+01
1.980000e+04 1.848732e+01
1.981000e+04 1.857367e+01
1.982000e+04 1.847875e+01
1.983000e+04 1.846317e+01
1.984000e+04 1.849793e+01
1.985000e+04 1.850766e+01
1.986000e+04 1.848419e+01
1.987000e+04 1.840187e+01
1.988000e+04 1.846256e+01
1.989000e+04 1.849527e+01
1.990000e+04 1.853537e+01
1.991000e+04 1.849985e+01
1.992000e+04 1.851640e+01
1.993000e+04 1.854273e+01
1.994000e+04 1.854205e+01
1.995000e+04 1.848041e+01
1.996000e+04 1.847922e+01
1.997000e+04 1.853199e+01
1.998000e+04 1.858432e+01
1.999000e+04 1.848774e+01
2.000000e+04 1.844508e+01
2.001000e+04 1.849910e+01
2.002000e+04 1.851087e+01
2.003000e+04 1.853728e+01
2.004000e+04 1.853968e+01
2.005000e+04 1.857197e+01
2.006000e+04 1.852093e+01
2.007000e+04 1.849381e+01
2.008000e+04 1.855035e+01
2.009000e+04 1.864064e+01
2.010000e+04 1.860113e+01
2.011000e+04 1.852365e+01
2.012000e+04 1.855406e+01
2.013000e+04 1.858832e+01
2.014000e+04 1.856396e+01
2.015000e+04 1.852949e+01
2.016000e+04 1.865989e+01
2.017000e+04 1.858448e+01
2.018000e+04 1.856705e+01
2.019000e+04 1.859639e+01
2.020000e+04 1.859248e+01
2.021000e+04 1.861384e+01
2.022000e+04 1.862194e+01
2.023000e+04 1.858405e+01
2.024000e+04 1.858244e+01
2.025000e+04 1.854367e+01
2.026000e+04 1.855606e+01
2.027000e+04 1.851145e+01
2.028000e+04 1.860680e+01
2.029000e+04 1.852141e+01
2.030000e+04 1.855966e+01
2.031000e+04 1.855539e+01
2.032000e+04 1.856030e+01
2.033000e+04 1.854343e+01
2.034000e+04 1.852667e+01
2.035000e+04 1.849080e+01
2.036000e+04 1.853160e+01
2.037000e+04 1.845595e+01
2.038000e+04 1.847142e+01
2.039000e+04 1.854108e+01
2.040000e+04 1.851374e+01
2.041000e+04 1.850104e+01
2.042000e+04 1.845462e+01
2.043000e+04 1.850653e+01
2.044000e+04 1.843907e+01
2.045000e+04 1.840719e+01
2.046000e+04 1.850130e+01
2.047000e+04 1.843930e+01
2.048000e+04 1.839415e+01
2.049000e+04 1.845526e+01
2.050000e+04 1.845707e+01
2.051000e+04 1.845826e+01
2.052000e+04 1.843203e+01
2.053000e+04 1.841038e+01
2.054000e+04 1.840719e+01
2.055000e+04 1.837561e+01
2.056000e+04 1.838303e+01
2.057000e+04 1.841381e+01
2.058000e+04 1.838755e+01
2.059000e+04 1.839789e+01
2.060000e+04 1.836089e+01
2.061000e+04 1.842263e+01
2.062000e+04 1.838423e+01
2.063000e+04 1.844908e+01
2.064000e+04 1.840734e+01
2.065000e+04 1.849136e+01
2.066000e+04 1.845874e+01
2.067000e+04 1.851371e+01
2.068000e+04 1.841909e+01
2.069000e+04 1.840814e+01
2.070000e+04 1.845988e+01
2.071000e+04 1.836459e+01
2.072000e+04 1.840156e+01
2.073000e+04 1.839831e+01
2.074000e+04 1.851305e+01
2.075000e+04 1.839547e+01
2.076000e+04 1.844076e+01
2.077000e+04 1.844643e+01
2.078000e+04 1.851968e+01
2.079000e+04 1.848196e+01
2.080000e+04 1.850187e+01
2.081000e+04 1.849777e+01
2.082000e+04 1.849633e+01
2.083000e+04 1.852459e+01
2.084000e+04 1.853075e+01
2.085000e+04 1.855894e+01
2.086000e+04 1.852248e+01
2.087000e+04 1.849709e+01
2.088000e+04 1.851138e+01
2.089000e+04 1.855756e+01
2.090000e+04 1.850464e+01
2.091000e+04 1.853639e+01
2.092000e+04 1.856320e+01
2.093000e+04 1.850169e+01
2.094000e+04 1.857780e+01
2.095000e+04 1.856119e+01
2.096000e+04 1.857609e+01
2.097000e+04 1.859586e+01
2.098000e+04 1.855048e+01
2.099000e+04 1.860038e+01
2.100000e+04 1.862157e+01
2.101000e+04 1.853398e+01
2.102000e+04 1.855766e+01
2.103000e+04 1.854398e+01
2.104000e+04 1.856901e+01
2.105000e+04 1.858863e+01
2.106000e+04 1.855868e+01
2.107000e+04 1.859221e+01
2.108000e+04 1.852503e+01
2.109000e+04 1.851761e+01
2.110000e+04 1.854436e+01
2.111000e+04 1.852443e+01
2.112000e+04 1.852291e+01
2.113000e+04 1.859489e+01
2.114000e+04 1.858157e+01
2.115000e+04 1.850716e+01
2.116000e+04 1.846155e+01
2.117000e+04 1.854786e+01
2.118000e+04 1.854455e+01
2.119000e+04 1.855730e+01
2.120000e+04 1.867178e+01
2.121000e+04 1.860217e+01
2.122000e+04 1.854928e+01
2.123000e+04 1.859999e+01
2.124000e+04 1.855906e+01
2.125000e+04 1.851797e+01
2.126000e+04 1.855382e+01
2.127000e+04 1.858135e+01
2.128000e+04 1.862756e+01
2.129000e+04 1.855331e+01
2.130000e+04 1.852565e+01
2.131000e+04 1.848667e+01
2.132000e+04 1.851228e+01
2.133000e+04 1.852129e+01
2.134000e+04 1.845216e+01
2.135000e+04 1.843354e+01
2.136000e+04 1.850764e+01
2.137000e+04 1.850208e+01
2.138000e+04 1.839796e+01
2.139000e+04 1.848436e+01
2.140000e+04 1.843888e+01
2.141000e+04 1.850551e+01
2.142000e+04 1.849224e+01
2.143000e+04 1.852697e+01
2.144000e+04 1.849528e+01
2.145000e+04 1.848428e+01
2.146000e+04 1.853384e+01
2.147000e+04 1.848242e+01
2.148000e+04 1.848850e+01
2.149000e+04 1.847840e+01
2.150000e+04 1.847705e+01
2.151000e+04 1.847749e+01
2.152000e+04 1.841389e+01
2.153000e+04 1.835913e+01
2.154000e+04 1.842547e+01
2.155000e+04 1.841448e+01
2.156000e+04 1.846881e+01
2.157000e+04 1.841880e+01
2.158000e+04 1.842668e+01
2.159000e+04 1.841936e+01
2.160000e+04 1.844080e+01
2.161000e+04 1.849615e+01
2.162000e+04 1.845684e+01
2.163000e+04 1.842087e+01
2.164000e+04 1.837481e+01
2.165000e+04 1.836001e+01
2.166000e+04 1.835240e+01
2.167000e+04 1.843263e+01
2.168000e+04 1.844588e+01
2.169000e+04 1.846622e+01
2.170000e+04 1.850892e+01
2.171000e+04 1.851630e+01
2.172000e+04 1.851640e+01
2.173000e+04 1.857264e+01
2.174000e+04 1.843753e+01
2.175000e+04 1.847630e+01
2.176000e+04 1.843043e+01
2.177000e+04 1.846253e+01
2.178000e+04 1.853593e+01
2.179000e+04 1.849095e+01
2.180000e+04 1.853477e+01
2.181000e+04 1.856545e+01
2.182000e+04 1.856084e+01
2.183000e+04 1.849571e+01
2.184000e+04 1.845680e+01
2.185000e+04 1.851613e+01
2.186000e+04 1.853238e+01
2.187000e+04 1.857758e+01
2.188000e+04 1.857894e+01
2.189000e+04 1.851841e+01
2.190000e+04 1.852468e+01
2.191000e+04 1.855311e+01
2.192000e+04 1.854493e+01
2.193000e+04 1.852077e+01
2.194000e+04 1.853967e+01
2.195000e+04 1.853536e+01
2.196000e+04 1.861735e+01
2.197000e+04 1.863824e+01
2.198000e+04 1.861299e+01
2.199000e+04 1.860421e+01
2.200000e+04 1.862579e+01
2.201000e+04 1.862508e+01
2.202000e+04 1.859952e+01
2.203000e+04 1.862312e+01
2.204000e+04 1.863143e+01
2.205000e+04 1.870638e+01
2.206000e+04 1.866667e+01
2.207000e+04 1.866142e+01
2.208000e+04 1.861899e+01
2.209000e+04 1.862389e+01
2.210000e+04 1.861199e+01
2.211000e+04 1.859015e+01
2.212000e+04 1.860903e+01
2.213000e+04 1.864825e+01
2.214000e+04 1.859164e+01
2.215000e+04 1.864144e+01
2.216000e+04 1.864198e+01
2.217000e+04 1.859760e+01
2.218000e+04 1.855567e+01
2.219000e+04 1.856886e+01
2.220000e+04 1.857743e+01
2.221000e+04 1.853768e+01
2.222000e+04 1.858456e+01
2.223000e+04 1.857804e+01
2.224000e+04 1.849951e+01
2.225000e+04 1.849391e+01
2.226000e+04 1.855685e+01
2.227000e+04 1.852178e+01
2.228000e+04 1.849886e+01
2.229000e+04 1.853964e+01
2.230000e+04 1.857662e+01
2.231000e+04 1.856921e+01
2.232000e+04 1.853634e+01
2.233000e+04 1.863088e+01
2.234000e+04 1.850459e+01
2.235000e+04 1.847392e+01
2.236000e+04 1.860463e+01
2.237000e+04 1.850705e+01
2.238000e+04 1.852267e+01
2.239000e+04 1.849186e+01
2.240000e+04 1.855745e+01
2.241000e+04 1.855223e+01
2.242000e+04 1.856963e+01
2.243000e+04 1.856490e+01
2.244000e+04 1.854625e+01
2.245000e+04 1.856636e+01
2.246000e+04 1.850671e+01
2.247000e+04 1.855558e+01
2.248000e+04 1.860275e+01
2.249000e+04 1.862060e+01
2.250000e+04 1.855549e+01
2.251000e+04 1.857656e+01
2.252000e+04 1.860752e+01
2.253000e+04 1.861104e+01
2.254000e+04 1.853562e+01
2.255000e+04 1.858520e+01
2.256000e+04 1.855117e+01
2.257000e+04 1.859839e+01
2.258000e+04 1.858141e+01
2.259000e+04 1.858871e+01
2.260000e+04 1.854091e+01
2.261000e+04 1.857181e+01
2.262000e+04 1.865728e+01
2.263000e+04 1.866482e+01
2.264000e+04 1.855065e+01
2.265000e+04 1.860446e+01
2.266000e+04 1.857308e+01
2.267000e+04 1.861004e+01
2.268000e+04 1.862773e+01
2.269000e+04 1.860419e+01
2.270000e+04 1.855677e+01
2.271000e+04 1.854992e+01
2.272000e+04 1.857147e+01
2.273000e+04 1.852597e+01
2.274000e+04 1.852153e+01
2.275000e+04 1.853025e+01
2.276000e+04 1.852263e+01
2.277000e+04 1.853385e+01
2.278000e+04 1.851641e+01
2.279000e+04 1.860874e+01
2.280000e+04 1.854174e+01
2.281000e+04 1.852199e+01
2.282000e+04 1.851256e+01
2.283000e+04 1.864269e+01
2.284000e+04 1.857430e+01
2.285000e+04 1.854457e+01
2.286000e+04 1.850747e+01
2.287000e+04 1.854721e+01
2.288000e+04 1.856543e+01
2.289000e+04 1.863466e+01
2.290000e+04 1.852031e+01
2.291000e+04 1.862109e+01
2.292000e+04 1.852685e+01
2.293000e+04 1.853936e+01
2.294000e+04 1.853459e+01
2.295000e+04 1.863865e+01
2.296000e+04 1.855185e+01
2.297000e+04 1.854413e+01
2.298000e+04 1.854205e+01
2.299000e+04 1.855113e+01
2.300000e+04 1.852776e+01
2.301000e+04 1.856090e+01
2.302000e+04 1.857086e+01
2.303000e+04 1.848098e+01
2.304000e+04 1.846887e+01
2.305000e+04 1.851229e+01
2.306000e+04 1.851269e+01
2.307000e+04 1.847608e+01
2.308000e+04 1.852614e+01
2.309000e+04 1.854178e+01
2.310000e+04 1.852639e+01
2.311000e+04 1.843089e+01
2.312000e+04 1.843934e+01
2.313000e+04 1.849722e+01
2.314000e+04 1.854495e+01
2.315000e+04 1.848379e+01
2.316000e+04 1.852238e+01
2.317000e+04 1.849767e+01
2.318000e+04 1.857754e+01
2.319000e+04 1.852177e+01
2.320000e+04 1.849000e+01
2.321000e+04 1.842501e+01
2.322000e+04 1.843021e+01
2.323000e+04 1.843438e+01
2.324000e+04 1.847370e+01
2.325000e+04 1.838528e+01
2.326000e+04 1.839570e+01
2.327000e+04 1.840900e+01
2.328000e+04 1.837323e+01
2.329000e+04 1.831980e+01
2.330000e+04 1.837192e+01
2.331000e+04 1.837065e+01
2.332000e+04 1.842822e+01
2.333000e+04 1.836759e+01
2.334000e+04 1.838479e+01
2.335000e+04 1.837784e+01
2.336000e+04 1.841141e+01
2.337000e+04 1.834384e+01
2.338000e+04 1.839139e+01
2.339000e+04 1.837023e+01
2.340000e+04 1.837871e+01
2.341000e+04 1.839892e+01
2.342000e+04 1.837999e+01
2.343000e+04 1.839701e+01
2.344000e+04 1.844025e+01
2.345000e+04 1.847915e+01
2.346000e+04 1.842277e+01
2.347000e+04 1.846006e+01
2.348000e+04 1.842568e+01
2.349000e+04 1.849320e+01
2.350000e+04 1.852738e+01
2.351000e+04 1.846341e+01
2.352000e+04 1.843473e+01
2.353000e+04 1.845166e+01
2.354000e+04 1.842773e+01
2.355000e+04 1.857113e+01
2.356000e+04 1.848734e+01
2.357000e+04 1.845364e+01
2.358000e+04 1.845334e+01
2.359000e+04 1.847303e+01
2.360000e+04 1.837481e+01
2.361000e+04 1.842837e+01
2.362000e+04 1.846483e+01
2.363000e+04 1.843434e+01
2.364000e+04 1.852935e+01
2.365000e+04 1.837572e+01
2.366000e+04 1.836306e+01
2.367000e+04 1.837638e+01
2.368000e+04 1.841019e+01
2.369000e+04 1.849768e+01
2.370000e+04 1.852456e+01
2.371000e+04 1.852186e+01
2.372000e+04 1.861112e+01
2.373000e+04 1.849380e+01
2.374000e+04 1.850651e+01
2.375000e+04 1.850398e+01
2.376000e+04 1.852252e+01
2.377000e+04 1.847935e+01
2.378000e+04 1.853179e+01
2.379000e+04 1.852284e+01
2.380000e+04 1.841663e+01
2.381000e+04 1.845749e+01
2.382000e+04 1.843647e+01
2.383000e+04 1.842628e+01
2.384000e+04 1.847408e+01
2.385000e+04 1.847655e+01
2.386000e+04 1.845587e+01
2.387000e+04 1.847833e+01
2.388000e+04 1.850731e+01
2.389000e+04 1.846612e+01
2.390000e+04 1.850119e+01
2.391000e+04 1.847603e+01
2.392000e+04 1.847055e+01
2.393000e+04 1.846887e+01
2.394000e+04 1.851389e+01
2.395000e+04 1.857554e+01
2.396000e+04 1.856298e+01
2.397000e+04 1.855988e+01
2.398000e+04 1.853221e+01
2.399000e+04 1.858587e+01
2.400000e+04 1.846857e+01
2.401000e+04 1.847219e+01
2.402000e+04 1.851560e+01
2.403000e+04 1.850415e+01
2.404000e+04 1.852950e+01
2.405000e+04 1.854696e+01
2.406000e+04 1.853603e+01
2.407000e+04 1.857459e+01
2.408000e+04 1.856803e+01
2.409000e+04 1.850576e+01
2.410000e+04 1.849435e+01
2.411000e+04 1.855716e+01
2.412000e+04 1.853151e+01
2.413000e+04 1.858680e+01
2.414000e+04 1.860923e+01
2.415000e+04 1.856021e+01
2.416000e+04 1.855422e+01
2.417000e+04 1.852695e+01
2.418000e+04 1.859804e+01
2.419000e+04 1.853942e+01
2.420000e+04 1.854437e+01
2.421000e+04 1.853328e+01
2.422000e+04 1.850203e+01
2.423000e+04 1.855618e+01
2.424000e+04 1.853212e+01
2.425000e+04 1.846247e+01
2.426000e+04 1.848375e+01
2.427000e+04 1.843161e+01
2.428000e+04 1.840128e+01
2.429000e+04 1.849586e+01
2.430000e+04 1.849649e+01
2.431000e+04 1.850638e+01
2.432000e+04 1.846614e+01
2.433000e+04 1.842970e+01
2.434000e+04 1.849783e+01
2.435000e+04 1.851030e+01
2.436000e+04 1.846063e+01
2.437000e+04 1.849503e+01
2.438000e+04 1.856551e+01
2.439000e+04 1.847987e+01
2.440000e+04 1.850399e+01
2.441000e+04 1.845617e+01
2.442000e+04 1.858449e+01
2.443000e+04 1.844907e+01
2.444000e+04 1.847353e+01
2.445000e+04 1.843033e+01
2.446000e+04 1.854451e+01
2.447000e+04 1.846715e+01
2.448000e+04 1.846781e+01
2.449000e+04 1.846222e+01
2.450000e+04 1.840528e+01
2.451000e+04 1.848830e+01
2.452000e+04 1.842974e+01
2.453000e+04 1.842695e+01
2.454000e+04 1.843257e+01
2.455000e+04 1.839232e+01
2.456000e+04 1.836453e+01
2.457000e+04 1.840633e+01
2.458000e+04 1.832921e+01
2.459000e+04 1.832389e+01
2.460000e+04 1.835041e+01
2.461000e+04 1.839837e+01
2.462000e+04 1.834365e+01
2.463000e+04 1.829946e+01
2.464000e+04 1.830707e+01
2.465000e+04 1.831925e+01
2.466000e+04 1.833432e+01
2.467000e+04 1.830522e+01
2.468000e+04 1.835757e+01
2.469000e+04 1.826976e+01
2.470000e+04 1.830363e+01
2.471000e+04 1.838391e+01
2.472000e+04 1.836141e+01
2.473000e+04 1.829100e+01
2.474000e+04 1.830619e+01
2.475000e+04 1.835195e+01
2.476000e+04 1.835369e+01
2.477000e+04 1.835098e+01
2.478000e+04 1.837226e+01
2.479000e+04 1.838922e+01
2.480000e+04 1.840794e+01
2.481000e+04 1.840561e+01
2.482000e+04 1.836802e+01
2.483000e+04 1.835390e+01
2.484000e+04 1.837587e+01
2.485000e+04 1.833536e+01
2.486000e+04 1.833332e+01
2.487000e+04 1.834359e+01
2.488000e+04 1.840980e+01
2.489000e+04 1.845907e+01
2.490000e+04 1.833901e+01
2.491000e+04 1.836632e+01
2.492000e+04 1.839391e+01
2.493000e+04 1.844409e+01
2.494000e+04 1.843058e+01
2.495000e+04 1.845581e+01
2.496000e+04 1.843863e+01
2.497000e+04 1.845971e+01
2.498000e+04 1.850623e+01
2.499000e+04 1.843380e+01
2.500000e+04 1.838339e+01
2.501000e+04 1.849046e+01
2.502000e+04 1.844436e+01
2.503000e+04 1.845367e+01
2.504000e+04 1.837977e+01
2.505000e+04 1.840258e+01
2.506000e+04 1.838153e+01
2.507000e+04 1.835998e+01
2.508000e+04 1.834400e+01
2.509000e+04 1.842875e+01
2.510000e+04 1.840480e+01
2.511000e+04 1.839812e+01
2.512000e+04 1.846287e+01
2.513000e+04 1.847115e+01
2.514000e+04 1.839348e+01
2.515000e+04 1.837601e+01
2.516000e+04 1.835802e+01
2.517000e+04 1.836058e+01
2.518000e+04 1.844897e+01
2.519000e+04 1.839749e+01
2.520000e+04 1.838727e+01
2.521000e+04 1.840024e+01
2.522000e+04 1.836934e+01
2.523000e+04 1.837557e+01
2.524000e+04 1.833704e+01
2.525000e+04 1.830259e+01
2.526000e+04 1.831386e+01
2.527000e+04 1.838452e+01
2.528000e+04 1.826933e+01
2.529000e+04 1.834899e+01
2.530000e+04 1.832185e+01
2.531000e+04 1.833129e+01
2.532000e+04 1.832337e+01
2.533000e+04 1.827988e+01
2.534000e+04 1.827755e+01
2.535000e+04 1.830733e+01
2.536000e+04 1.840132e+01
2.537000e+04 1.829113e+01
2.538000e+04 1.837688e+01
2.539000e+04 1.832741e+01
2.540000e+04 1.830849e+01
2.541000e+04 1.828102e+01
2.542000e+04 1.834121e+01
2.543000e+04 1.827875e+01
2.544000e+04 1.830738e+01
2.545000e+04 1.829741e+01
2.546000e+04 1.825439e+01
2.547000e+04 1.827273e+01
2.548000e+04 1.831164e+01
2.549000e+04 1.824122e+01
2.550000e+04 1.828315e+01
2.551000e+04 1.821556e+01
2.552000e+04 1.826316e+01
2.553000e+04 1.831516e+01
2.554000e+04 1.822322e+01
2.555000e+04 1.827613e+01
2.556000e+04 1.826338e+01
2.557000e+04 1.825438e+01
2.558000e+04 1.827795e+01
2.559000e+04 1.821021e+01
2.560000e+04 1.826834e+01
2.561000e+04 1.821497e+01
2.562000e+04 1.818051e+01
2.563000e+04 1.823357e+01
2.564000e+04 1.824143e+01
2.565000e+04 1.825508e+01
2.566000e+04 1.827754e+01
2.567000e+04 1.832192e+01
2.568000e+04 1.827144e+01
2.569000e+04 1.835106e+01
2.570000e+04 1.828718e+01
2.571000e+04 1.828499e+01
2.572000e+04 1.825013e+01
2.573000e+04 1.820088e+01
2.574000e+04 1.827139e+01
2.575000e+04 1.836288e+01
2.576000e+04 1.827148e+01
2.577000e+04 1.826861e+01
2.578000e+04 1.819079e+01
2.579000e+04 1.828729e+01
2.580000e+04 1.832995e+01
2.581000e+04 1.827492e+01
2.582000e+04 1.832854e+01
2.583000e+04 1.830811e+01
2.584000e+04 1.831766e+01
2.585000e+04 1.832049e+01
2.586000e+04 1.829851e+01
2.587000e+04 1.830777e+01
2.588000e+04 1.830989e+01
2.589000e+04 1.838296e+01
2.590000e+04 1.832132e+01
2.591000e+04 1.825627e+01
2.592000e+04 1.829890e+01
2.593000e+04 1.826602e+01
2.594000e+04 1.828682e+01
2.595000e+04 1.832270e+01
2.596000e+04 1.835335e+01
2.597000e+04 1.841904e+01
2.598000e+04 1.837247e+01
2.599000e+04 1.833492e+01
2.600000e+04 1.837382e+01
2.601000e+04 1.834875e+01
2.602000e+04 1.834417e+01
2.603000e+04 1.840847e+01
2.604000e+04 1.834208e+01
2.605000e+04 1.842328e+01
2.606000e+04 1.832181e+01
2.607000e+04 1.836814e+01
2.608000e+04 1.830129e+01
2.609000e+04 1.832882e+01
2.610000e+04 1.833994e+01
2.611000e+04 1.834407e+01
2.612000e+04 1.833704e+01
2.613000e+04 1.831423e+01
2.614000e+04 1.831104e+01
2.615000e+04 1.833278e+01
2.616000e+04 1.835178e+01
2.617000e+04 1.836265e+01
2.618000e+04 1.837974e+01
2.619000e+04 1.832638e+01
2.620000e+04 1.837238e+01
2.621000e+04 1.835343e+01
2.622000e+04 1.831206e+01
2.623000e+04 1.834986e+01
2.624000e+04 1.836742e+01
2.625000e+04 1.830394e+01
2.626000e+04 1.832731e+01
2.627000e+04 1.824206e+01
2.628000e+04 1.824773e+01
2.629000e+04 1.826037e+01
2.630000e+04 1.829114e+01
2.631000e+04 1.832420e+01
2.632000e+04 1.830485e+01
2.633000e+04 1.828321e+01
2.634000e+04 1.833566e+01
2.635000e+04 1.830973e+01
2.636000e+04 1.826498e+01
2.637000e+04 1.829632e+01
2.638000e+04 1.830503e+01
2.639000e+04 1.825590e+01
2.640000e+04 1.828991e+01
2.641000e+04 1.826947e+01
2.642000e+04 1.832155e+01
2.643000e+04 1.837275e+01
2.644000e+04 1.830942e+01
2.645000e+04 1.828912e+01
2.646000e+04 1.834314e+01
2.647000e+04 1.829386e+01
2.648000e+04 1.833426e+01
2.649000e+04 1.838450e+01
2.650000e+04 1.825696e+01
2.651000e+04 1.830027e+01
2.652000e+04 1.828696e+01
2.653000e+04 1.829432e+01
2.654000e+04 1.831459e+01
2.655000e+04 1.832717e+01
2.656000e+04 1.829410e+01
2.657000e+04 1.836508e+01
2.658000e+04 1.835410e+01
2.659000e+04 1.835613e+01
2.660000e+04 1.829516e+01
2.661000e+04 1.837414e+01
2.662000e+04 1.841655e+01
2.663000e+04 1.831496e+01
2.664000e+04 1.837192e+01
2.665000e+04 1.839518e+01
2.666000e+04 1.849429e+01
2.667000e+04 1.833354e+01
2.668000e+04 1.829195e+01
2.669000e+04 1.833093e+01
2.670000e+04 1.835072e+01
2.671000e+04 1.836420e+01
2.672000e+04 1.837326e+01
2.673000e+04 1.834269e+01
2.674000e+04 1.835390e+01
2.675000e+04 1.837984e+01
2.676000e+04 1.840602e+01
2.677000e+04 1.835251e+01
2.678000e+04 1.833467e+01
2.679000e+04 1.835280e+01
2.680000e+04 1.834146e+01
2.681000e+04 1.845509e+01
2.682000e+04 1.831807e+01
2.683000e+04 1.837747e+01
2.684000e+04 1.837480e+01
2.685000e+04 1.841280e+01
2.686000e+04 1.830674e+01
2.687000e+04 1.841123e+01
2.688000e+04 1.837635e+01
2.689000e+04 1.839199e+01
2.690000e+04 1.838384e+01
2.691000e+04 1.850641e+01
2.692000e+04 1.837778e+01
2.693000e+04 1.838906e+01
2.694000e+04 1.833094e+01
2.695000e+04 1.834202e+01
2.696000e+04 1.839537e+01
2.697000e+04 1.831146e+01
2.698000e+04 1.828164e+01
2.699000e+04 1.832982e+01
2.700000e+04 1.828760e+01
2.701000e+04 1.835877e+01
2.702000e+04 1.838408e+01
2.703000e+04 1.839432e+01
2.704000e+04 1.835090e+01
2.705000e+04 1.841758e+01
2.706000e+04 1.838437e+01
2.707000e+04 1.841625e+01
2.708000e+04 1.833015e+01
2.709000e+04 1.847910e+01
2.710000e+04 1.835866e+01
2.711000e+04 1.839791e+01
2.712000e+04 1.844459e+01
2.713000e+04 1.850102e+01
2.714000e+04 1.840582e+01
2.715000e+04 1.843079e+01
2.716000e+04 1.839519e+01
2.717000e+04 1.841741e+01
2.718000e+04 1.846361e+01
2.719000e+04 1.837943e+01
2.720000e+04 1.836155e+01
2.721000e+04 1.843376e+01
2.722000e+04 1.840609e+01
2.723000e+04 1.837141e+01
2.724000e+04 1.840967e+01
2.725000e+04 1.835863e+01
2.726000e+04 1.840920e+01
2.727000e+04 1.838613e+01
2.728000e+04 1.836865e+01
2.729000e+04 1.835082e+01
2.730000e+04 1.836489e+01
2.731000e+04 1.835342e+01
2.732000e+04 1.835980e+01
2.733000e+04 1.829531e+01
2.734000e+04 1.833667e+01
2.735000e+04 1.836078e+01
2.736000e+04 1.833158e+01
2.737000e+04 1.832729e+01
2.738000e+04 1.840809e+01
2.739000e+04 1.832345e+01
2.740000e+04 1.849823e+01
2.741000e+04 1.840960e+01
2.742000e+04 1.836151e+01
2.743000e+04 1.835482e+01
2.744000e+04 1.842085e+01
2.745000e+04 1.835147e+01
2.746000e+04 1.840772e+01
2.747000e+04 1.838146e+01
2.748000e+04 1.831814e+01
2.749000e+04 1.838170e+01
2.750000e+04 1.831703e+01
2.751000e+04 1.836914e+01
2.752000e+04 1.836300e+01
2.753000e+04 1.843368e+01
2.754000e+04 1.839230e+01
2.755000e+04 1.841021e+01
2.756000e+04 1.845589e+01
2.757000e+04 1.841895e+01
2.758000e+04 1.839883e+01
2.759000e+04 1.836046e+01
2.760000e+04 1.843186e+01
2.761000e+04 1.840287e+01
2.762000e+04 1.842901e+01
2.763000e+04 1.841862e+01
2.764000e+04 1.838383e+01
2.765000e+04 1.839505e+01
2.766000e+04 1.840465e+01
2.767000e+04 1.837894e+01
2.768000e+04 1.841066e+01
2.769000e+04 1.846636e+01
2.770000e+04 1.838237e+01
2.771000e+04 1.834986e+01
2.772000e+04 1.840890e+01
2.773000e+04 1.842587e+01
2.774000e+04 1.836861e+01
2.775000e+04 1.838575e+01
2.776000e+04 1.839040e+01
2.777000e+04 1.850524e+01
2.778000e+04 1.844213e+01
2.779000e+04 1.849959e+01
2.780000e+04 1.844867e+01
2.781000e+04 1.842744e+01
2.782000e+04 1.841529e+01
2.783000e+04 1.848588e+01
2.784000e+04 1.844918e+01
2.785000e+04 1.848137e+01
2.786000e+04 1.843909e+01
2.787000e+04 1.849322e+01
2.788000e+04 1.840293e+01
2.789000e+04 1.842312e+01
2.790000e+04 1.844454e+01
2.791000e+04 1.847432e+01
2.792000e+04 1.838409e+01
2.793000e+04 1.842160e+01
2.794000e+04 1.839998e+01
2.795000e+04 1.833234e+01
2.796000e+04 1.839308e+01
2.797000e+04 1.840418e+01
2.798000e+04 1.845440e+01
2.799000e+04 1.842001e+01
2.800000e+04 1.839302e+01
2.801000e+04 1.838477e+01
2.802000e+04 1.843876e+01
2.803000e+04 1.840251e+01
2.804000e+04 1.841274e+01
2.805000e+04 1.841642e+01
2.806000e+04 1.839419e+01
2.807000e+04 1.836955e+01
2.808000e+04 1.838923e+01
2.809000e+04 1.837876e+01
2.810000e+04 1.846001e+01
2.811000e+04 1.843636e+01
2.812000e+04 1.839078e+01
2.813000e+04 1.839905e+01
2.814000e+04 1.845718e+01
2.815000e+04 1.843306e+01
2.816000e+04 1.841344e+01
2.817000e+04 1.841454e+01
2.818000e+04 1.841248e+01
2.819000e+04 1.841829e+01
2.820000e+04 1.841309e+01
2.821000e+04 1.845481e+01
2.822000e+04 1.841767e+01
2.823000e+04 1.847727e+01
2.824000e+04 1.839623e+01
2.825000e+04 1.840764e+01
2.826000e+04 1.852920e+01
2.827000e+04 1.849682e+01
2.828000e+04 1.838893e+01
2.829000e+04 1.844774e+01
2.830000e+04 1.845551e+01
2.831000e+04 1.847534e+01
2.832000e+04 1.838624e+01
2.833000e+04 1.840866e+01
2.834000e+04 1.842607e+01
2.835000e+04 1.843971e+01
2.836000e+04 1.842471e+01
2.837000e+04 1.836422e+01
2.838000e+04 1.840845e+01
2.839000e+04 1.845653e+01
2.840000e+04 1.843903e+01
2.841000e+04 1.843073e+01
2.842000e+04 1.838056e+01
2.843000e+04 1.835207e+01
2.844000e+04 1.839430e+01
2.845000e+04 1.834820e+01
2.846000e+04 1.837049e+01
2.847000e+04 1.837610e+01
2.848000e+04 1.831337e+01
2.849000e+04 1.834004e+01
2.850000e+04 1.839668e+01
2.851000e+04 1.834138e+01
2.852000e+04 1.840634e+01
2.853000e+04 1.843937e+01
2.854000e+04 1.838661e+01
2.855000e+04 1.831392e+01
2.856000e+04 1.838082e+01
2.857000e+04 1.836814e+01
2.858000e+04 1.836922e+01
2.859000e+04 1.838375e+01
2.860000e+04 1.833923e+01
2.861000e+04 1.834336e+01
2.862000e+04 1.845881e+01
2.863000e+04 1.833240e+01
2.864000e+04 1.836724e+01
2.865000e+04 1.840809e+01
2.866000e+04 1.832892e+01
2.867000e+04 1.835212e+01
2.868000e+04 1.830874e+01
2.869000e+04 1.834634e+01
2.870000e+04 1.834363e+01
2.871000e+04 1.834704e+01
2.872000e+04 1.840209e+01
2.873000e+04 1.835675e+01
2.874000e+04 1.841845e+01
2.875000e+04 1.840370e+01
2.876000e+04 1.832159e+01
2.877000e+04 1.839323e+01
2.878000e+04 1.843967e+01
2.879000e+04 1.839177e+01
2.880000e+04 1.843321e+01
2.881000e+04 1.835625e+01
2.882000e+04 1.835768e+01
2.883000e+04 1.837481e+01
2.884000e+04 1.840334e+01
2.885000e+04 1.849162e+01
2.886000e+04 1.838829e+01
2.887000e+04 1.838596e+01
2.888000e+04 1.838331e+01
2.889000e+04 1.840710e+01
2.890000e+04 1.847750e+01
2.891000e+04 1.837440e+01
2.892000e+04 1.840856e+01
2.893000e+04 1.837366e+01
2.894000e+04 1.840183e+01
2.895000e+04 1.846190e+01
2.896000e+04 1.844260e+01
2.897000e+04 1.843627e+01
2.898000e+04 1.841193e+01
2.899000e+04 1.837223e+01
2.900000e+04 1.836213e+01
2.901000e+04 1.838881e+01
2.902000e+04 1.838260e+01
2.903000e+04 1.836242e+01
2.904000e+04 1.840318e+01
2.905000e+04 1.836606e+01
2.906000e+04 1.841899e+01
2.907000e+04 1.839158e+01
2.908000e+04 1.840170e+01
2.909000e+04 1.839509e+01
2.910000e+04 1.840037e+01
2.911000e+04 1.834333e+01
2.912000e+04 1.837676e+01
2.913000e+04 1.840255e+01
2.914000e+04 1.842158e+01
2.915000e+04 1.842400e+01
2.916000e+04 1.842492e+01
2.917000e+04 1.843124e+01
2.918000e+04 1.844678e+01
2.919000e+04 1.839077e+01
2.920000e+04 1.842551e+01
2.921000e+04 1.839961e+01
2.922000e+04 1.841571e+01
2.923000e+04 1.844526e+01
2.924000e+04 1.840565e+01
2.925000e+04 1.836388e+01
2.926000e+04 1.836014e+01
2.927000e+04 1.843311e+01
2.928000e+04 1.846499e+01
2.929000e+04 1.836818e+01
2.930000e+04 1.843641e+01
2.931000e+04 1.836963e+01
2.932000e+04 1.841081e+01
2.933000e+04 1.840469e+01
2.934000e+04 1.839202e+01
2.935000e+04 1.845951e+01
2.936000e+04 1.835455e+01
2.937000e+04 1.838759e+01
2.938000e+04 1.842387e+01
2.939000e+04 1.833827e+01
2.940000e+04 1.838692e+01
2.941000e+04 1.835509e+01
2.942000e+04 1.838916e+01
2.943000e+04 1.834503e+01
2.944000e+04 1.844632e+01
2.945000e+04 1.843256e+01
2.946000e+04 1.836717e+01
2.947000e+04 1.849173e+01
2.948000e+04 1.837409e+01
2.949000e+04 1.840490e+01
2.950000e+04 1.835132e+01
2.951000e+04 1.838004e+01
2.952000e+04 1.837470e+01
2.953000e+04 1.833351e+01
2.954000e+04 1.838168e+01
2.955000e+04 1.839196e+01
2.956000e+04 1.836832e+01
2.957000e+04 1.839369e+01
2.958000e+04 1.844598e+01
2.959000e+04 1.834795e+01
2.960000e+04 1.834781e+01
2.961000e+04 1.834450e+01
2.962000e+04 1.839381e+01
2.963000e+04 1.840215e+01
2.964000e+04 1.834303e+01
2.965000e+04 1.842833e+01
2.966000e+04 1.835251e+01
2.967000e+04 1.844037e+01
2.968000e+04 1.838359e+01
2.969000e+04 1.839574e+01
2.970000e+04 1.833267e+01
2.971000e+04 1.841404e+01
2.972000e+04 1.829591e+01
2.973000e+04 1.837366e+01
2.974000e+04 1.840145e+01
2.975000e+04 1.833641e+01
2.976000e+04 1.831558e+01
2.977000e+04 1.830986e+01
2.978000e+04 1.835804e+01
2.979000e+04 1.827882e+01
2.980000e+04 1.827748e+01
2.981000e+04 1.826498e+01
2.982000e+04 1.828800e+01
2.983000e+04 1.830449e+01
2.984000e+04 1.830081e+01
2.985000e+04 1.833437e+01
2.986000e+04 1.828838e+01
2.987000e+04 1.834576e+01
2.988000e+04 1.833390e+01
2.989000e+04 1.832740e+01
2.990000e+04 1.841197e+01
2.991000e+04 1.832278e+01
2.992000e+04 1.836951e+01
2.993000e+04 1.832756e+01
2.994000e+04 1.829028e+01
2.995000e+04 1.839244e+01
2.996000e+04 1.835659e+01
2.997000e+04 1.831162e+01
2.998000e+04 1.833198e+01
2.999000e+04 1.828238e+01
3.000000e+04 1.832845e+01
3.001000e+04 1.833997e+01
3.002000e+04 1.832709e+01
3.003000e+04 1.836444e+01
3.004000e+04 1.835739e+01
3.005000e+04 1.826733e+01
3.006000e+04 1.834811e+01
3.007000e+04 1.838048e+01
3.008000e+04 1.837547e+01
3.009000e+04 1.836320e+01
3.010000e+04 1.840806e+01
3.011000e+04 1.838555e+01
3.012000e+04 1.832513e+01
3.013000e+04 1.833649e+01
3.014000e+04 1.836404e+01
3.015000e+04 1.837466e+01
3.016000e+04 1.839011e+01
3.017000e+04 1.831913e+01
3.018000e+04 1.832279e+01
3.019000e+04 1.831323e+01
3.020000e+04 1.840972e+01
3.021000e+04 1.839844e+01
3.022000e+04 1.839082e+01
3.023000e+04 1.840158e+01
3.024000e+04 1.840102e+01
3.025000e+04 1.839828e+01
3.026000e+04 1.843150e+01
3.027000e+04 1.833326e+01
3.028000e+04 1.846339e+01
3.029000e+04 1.833951e+01
3.030000e+04 1.844973e+01
3.031000e+04 1.831356e+01
3.032000e+04 1.844452e+01
3.033000e+04 1.829351e+01
3.034000e+04 1.833332e+01
3.035000e+04 1.835507e+01
3.036000e+04 1.829997e+01
3.037000e+04 1.835313e+01
3.038000e+04 1.835746e+01
3.039000e+04 1.837548e+01
3.040000e+04 1.835006e+01
3.041000e+04 1.829810e+01
3.042000e+04 1.838997e+01
3.043000e+04 1.837796e+01
3.044000e+04 1.834619e+01
3.045000e+04 1.838436e+01
3.046000e+04 1.834727e+01
3.047000e+04 1.829733e+01
3.048000e+04 1.834897e+01
3.049000e+04 1.830734e+01
3.050000e+04 1.830909e+01
3.051000e+04 1.836134e+01
3.052000e+04 1.835018e+01
3.053000e+04 1.833111e+01
3.054000e+04 1.834534e+01
3.055000e+04 1.833429e+01
3.056000e+04 1.836321e+01
3.057000e+04 1.830453e+01
3.058000e+04 1.842190e+01
3.059000e+04 1.834150e+01
3.060000e+04 1.834619e+01
3.061000e+04 1.837249e+01
3.062000e+04 1.836511e+01
3.063000e+04 1.830235e+01
3.064000e+04 1.836076e+01
3.065000e+04 1.836571e+01
3.066000e+04 1.831241e+01
3.067000e+04 1.833980e+01
3.068000e+04 1.830546e+01
3.069000e+04 1.836595e+01
3.070000e+04 1.831538e+01
3.071000e+04 1.830761e+01
3.072000e+04 1.839142e+01
3.073000e+04 1.831116e+01
3.074000e+04 1.826243e+01
3.075000e+04 1.832904e+01
3.076000e+04 1.831913e+01
3.077000e+04 1.830459e+01
3.078000e+04 1.829456e+01
3.079000e+04 1.832152e+01
3.080000e+04 1.828887e+01
3.081000e+04 1.833605e+01
3.082000e+04 1.832302e+01
3.083000e+04 1.827514e+01
3.084000e+04 1.835413e+01
3.085000e+04 1.827811e+01
3.086000e+04 1.826587e+01
3.087000e+04 1.834334e+01
3.088000e+04 1.830171e+01
3.089000e+04 1.834471e+01
3.090000e+04 1.829482e+01
3.091000e+04 1.826508e+01
3.092000e+04 1.830498e+01
3.093000e+04 1.828244e+01
3.094000e+04 1.827512e+01
3.095000e+04 1.828482e+01
3.096000e+04 1.830486e+01
3.097000e+04 1.831364e+01
3.098000e+04 1.832600e+01
3.099000e+04 1.832151e+01
3.100000e+04 1.830799e+01
3.101000e+04 1.831520e+01
3.102000e+04 1.832547e+01
3.103000e+04 1.829819e+01
3.104000e+04 1.826947e+01
3.105000e+04 1.827572e+01
3.106000e+04 1.830300e+01
3.107000e+04 1.828457e+01
3.108000e+04 1.832951e+01
3.109000e+04 1.826599e+01
3.110000e+04 1.833934e+01
3.111000e+04 1.830992e+01
3.112000e+04 1.826899e+01
3.113000e+04 1.826541e+01
3.114000e+04 1.827835e+01
3.115000e+04 1.825218e+01
3.116000e+04 1.826289e+01
3.117000e+04 1.825975e+01
3.118000e+04 1.820167e+01
3.119000e+04 1.829270e+01
3.120000e+04 1.824309e+01
3.121000e+04 1.825611e+01
3.122000e+04 1.827937e+01
3.123000e+04 1.820164e+01
3.124000e+04 1.832751e+01
3.125000e+04 1.825355e+01
3.126000e+04 1.829783e+01
3.127000e+04 1.829494e+01
3.128000e+04 1.824265e+01
3.129000e+04 1.820243e+01
3.130000e+04 1.824827e+01
3.131000e+04 1.826967e+01
3.132000e+04 1.826367e+01
3.133000e+04 1.823273e+01
3.134000e+04 1.817485e+01
3.135000e+04 1.820865e+01
3.136000e+04 1.820593e+01
3.137000e+04 1.824338e+01
3.138000e+04 1.829071e+01
3.139000e+04 1.818793e+01
3.140000e+04 1.825813e+01
3.141000e+04 1.824982e+01
3.142000e+04 1.822825e+01
3.143000e+04 1.820653e+01
3.144000e+04 1.818374e+01
3.145000e+04 1.822095e+01
3.146000e+04 1.825071e+01
3.147000e+04 1.820068e+01
3.148000e+04 1.821235e+01
3.149000e+04 1.832462e+01
3.150000e+04 1.819639e+01
3.151000e+04 1.824286e+01
3.152000e+04 1.816250e+01
3.153000e+04 1.820763e+01
3.154000e+04 1.816563e+01
3.155000e+04 1.825581e+01
3.156000e+04 1.819155e+01
3.157000e+04 1.824041e+01
3.158000e+04 1.818853e+01
3.159000e+04 1.818555e+01
3.160000e+04 1.828980e+01
3.161000e+04 1.817333e+01
3.162000e+04 1.823244e+01
3.163000e+04 1.822097e+01
3.164000e+04 1.821192e+01
3.165000e+04 1.822130e+01
3.166000e+04 1.834786e+01
3.167000e+04 1.823818e+01
3.168000e+04 1.818903e+01
3.169000e+04 1.821626e+01
3.170000e+04 1.823885e+01
3.171000e+04 1.819789e+01
3.172000e+04 1.820702e+01
3.173000e+04 1.819496e+01
3.174000e+04 1.821577e+01
3.175000e+04 1.826039e+01
3.176000e+04 1.827658e+01
3.177000e+04 1.828141e+01
3.178000e+04 1.826483e+01
3.179000e+04 1.825078e+01
3.180000e+04 1.824993e+01
3.181000e+04 1.837594e+01
3.182000e+04 1.828158e+01
3.183000e+04 1.824827e+01
3.184000e+04 1.823306e+01
3.185000e+04 1.825271e+01
3.186000e+04 1.823233e+01
3.187000e+04 1.827895e+01
3.188000e+04 1.830127e+01
3.189000e+04 1.828469e+01
3.190000e+04 1.826866e+01
3.191000e+04 1.824070e+01
3.192000e+04 1.827995e+01
3.193000e+04 1.824421e+01
3.194000e+04 1.827803e+01
3.195000e+04 1.823442e+01
3.196000e+04 1.827265e+01
3.197000e+04 1.830199e+01
3.198000e+04 1.828846e+01
3.199000e+04 1.830644e+01
3.200000e+04 1.832024e+01
3.201000e+04 1.830609e+01
3.202000e+04 1.831176e+01
3.203000e+04 1.828567e+01
3.204000e+04 1.835100e+01
3.205000e+04 1.829299e+01
3.206000e+04 1.840627e+01
3.207000e+04 1.825192e+01
3.208000e+04 1.827711e+01
3.209000e+04 1.827309e+01
3.210000e+04 1.834351e+01
3.211000e+04 1.831090e+01
3.212000e+04 1.832693e+01
3.213000e+04 1.823965e+01
3.214000e+04 1.823708e+01
3.215000e+04 1.827112e+01
3.216000e+04 1.828077e+01
3.217000e+04 1.830053e+01
3.218000e+04 1.827612e+01
3.219000e+04 1.824337e+01
3.220000e+04 1.834738e+01
3.221000e+04 1.830598e+01
3.222000e+04 1.831142e+01
3.223000e+04 1.828206e+01
3.224000e+04 1.829368e+01
3.225000e+04 1.833063e+01
3.226000e+04 1.834018e+01
3.227000e+04 1.830535e+01
3.228000e+04 1.829476e+01
3.229000e+04 1.831604e+01
3.230000e+04 1.824539e+01
3.231000e+04 1.830516e+01
3.232000e+04 1.829389e+01
3.233000e+04 1.829777e+01
3.234000e+04 1.832525e+01
3.235000e+04 1.832572e+01
3.236000e+04 1.827465e+01
3.237000e+04 1.827663e+01
3.238000e+04 1.828356e+01
3.239000e+04 1.832103e+01
3.240000e+04 1.829274e+01
3.241000e+04 1.833094e+01
3.242000e+04 1.827880e+01
3.243000e+04 1.832008e+01
3.244000e+04 1.824608e+01
3.245000e+04 1.829989e+01
3.246000e+04 1.833145e+01
3.247000e+04 1.829978e+01
3.248000e+04 1.831796e+01
3.249000e+04 1.829636e+01
3.250000e+04 1.823654e+01
3.251000e+04 1.829593e+01
3.252000e+04 1.834926e+01
3.253000e+04 1.828176e+01
3.254000e+04 1.830258e+01
3.255000e+04 1.827661e+01
3.256000e+04 1.831752e+01
3.257000e+04 1.828074e+01
3.258000e+04 1.823781e+01
3.259000e+04 1.833112e+01
3.260000e+04 1.828965e+01
3.261000e+04 1.831259e+01
3.262000e+04 1.827700e+01
3.263000e+04 1.830142e+01
3.264000e+04 1.826555e+01
3.265000e+04 1.824848e+01
3.266000e+04 1.830059e+01
3.267000e+04 1.831571e+01
3.268000e+04 1.831616e+01
3.269000e+04 1.826971e+01
3.270000e+04 1.827802e+01
3.271000e+04 1.829925e+01
3.272000e+04 1.824855e+01
3.273000e+04 1.833632e+01
3.274000e+04 1.830063e+01
3.275000e+04 1.825089e+01
3.276000e+04 1.829004e+01
3.277000e+04 1.834259e+01
3.278000e+04 1.825984e+01
3.279000e+04 1.833151e+01
3.280000e+04 1.824656e+01
3.281000e+04 1.834083e+01
3.282000e+04 1.831037e+01
3.283000e+04 1.826202e+01
3.284000e+04 1.834840e+01
3.285000e+04 1.830260e+01
3.286000e+04 1.827667e+01
3.287000e+04 1.832435e+01
3.288000e+04 1.831772e+01
3.289000e+04 1.836722e+01
3.290000e+04 1.836201e+01
3.291000e+04 1.831510e+01
3.292000e+04 1.828418e+01
3.293000e+04 1.831679e+01
3.294000e+04 1.837342e+01
3.295000e+04 1.834625e+01
3.296000e+04 1.834199e+01
3.297000e+04 1.833865e+01
3.298000e+04 1.831669e+01
3.299000e+04 1.833087e+01
3.300000e+04 1.829908e+01
3.301000e+04 1.834470e+01
3.302000e+04 1.829587e+01
3.303000e+04 1.831357e+01
3.304000e+04 1.826141e+01
3.305000e+04 1.833421e+01
3.306000e+04 1.835103e+01
3.307000e+04 1.836252e+01
3.308000e+04 1.833860e+01
3.309000e+04 1.833941e+01
3.310000e+04 1.828752e+01
3.311000e+04 1.837502e+01
3.312000e+04 1.832969e+01
3.313000e+04 1.830357e+01
3.314000e+04 1.829928e+01
3.315000e+04 1.838313e+01
3.316000e+04 1.832112e+01
3.317000e+04 1.837742e+01
3.318000e+04 1.839875e+01
3.319000e+04 1.836317e+01
3.320000e+04 1.836186e+01
3.321000e+04 1.833946e+01
3.322000e+04 1.833122e+01
3.323000e+04 1.833328e+01
3.324000e+04 1.838986e+01
3.325000e+04 1.828672e+01
3.326000e+04 1.833797e+01
3.327000e+04 1.832368e+01
3.328000e+04 1.843337e+01
3.329000e+04 1.835274e+01
3.330000e+04 1.833511e+01
3.331000e+04 1.834266e+01
3.332000e+04 1.840353e+01
3.333000e+04 1.838836e+01
3.334000e+04 1.833095e+01
3.335000e+04 1.838377e+01
3.336000e+04 1.836565e+01
3.337000e+04 1.833160e+01
3.338000e+04 1.835232e+01
3.339000e+04 1.836855e+01
3.340000e+04 1.837032e+01
3.341000e+04 1.842336e+01
3.342000e+04 1.840421e+01
3.343000e+04 1.841496e+01
3.344000e+04 1.847040e+01
3.345000e+04 1.839119e+01
3.346000e+04 1.837775e+01
3.347000e+04 1.834045e+01
3.348000e+04 1.841000e+01
3.349000e+04 1.839895e+01
3.350000e+04 1.844027e+01
3.351000e+04 1.833587e+01
3.352000e+04 1.836320e+01
3.353000e+04 1.837387e+01
3.354000e+04 1.837795e+01
3.355000e+04 1.836744e+01
3.356000e+04 1.835220e+01
3.357000e+04 1.840534e+01
3.358000e+04 1.838731e+01
3.359000e+04 1.835940e+01
3.360000e+04 1.835552e+01
3.361000e+04 1.839115e+01
3.362000e+04 1.836878e+01
3.363000e+04 1.842620e+01
3.364000e+04 1.837182e+01
3.365000e+04 1.837238e+01
3.366000e+04 1.844187e+01
3.367000e+04 1.838337e+01
3.368000e+04 1.840122e+01
3.369000e+04 1.835783e+01
3.370000e+04 1.840113e+01
3.371000e+04 1.840259e+01
3.372000e+04 1.840871e+01
3.373000e+04 1.843473e+01
3.374000e+04 1.834881e+01
3.375000e+04 1.835168e+01
3.376000e+04 1.839960e+01
3.377000e+04 1.839325e+01
3.378000e+04 1.831730e+01
3.379000e+04 1.836141e+01
3.380000e+04 1.831778e+01
3.381000e+04 1.832795e+01
3.382000e+04 1.834790e+01
3.383000e+04 1.831439e+01
3.384000e+04 1.840335e+01
3.385000e+04 1.833474e+01
3.386000e+04 1.831987e+01
3.387000e+04 1.836500e+01
3.388000e+04 1.836256e+01
3.389000e+04 1.830837e+01
3.390000e+04 1.834678e+01
3.391000e+04 1.828791e+01
3.392000e+04 1.837539e+01
3.393000e+04 1.836911e+01
3.394000e+04 1.834691e+01
3.395000e+04 1.829047e+01
3.396000e+04 1.835776e+01
3.397000e+04 1.834292e+01
3.398000e+04 1.836148e+01
3.399000e+04 1.835951e+01
3.400000e+04 1.835449e+01
3.401000e+04 1.833481e+01
3.402000e+04 1.830345e+01
3.403000e+04 1.836748e+01
3.404000e+04 1.831754e+01
3.405000e+04 1.832868e+01
3.406000e+04 1.830416e+01
3.407000e+04 1.829460e+01
3.408000e+04 1.846230e+01
3.409000e+04 1.834173e+01
3.410000e+04 1.829196e+01
3.411000e+04 1.827828e+01
3.412000e+04 1.831673e+01
3.413000e+04 1.831140e+01
3.414000e+04 1.837901e+01
3.415000e+04 1.833821e+01
3.416000e+04 1.834314e+01
3.417000e+04 1.830554e+01
3.418000e+04 1.838203e+01
3.419000e+04 1.834667e+01
3.420000e+04 1.834041e+01
3.421000e+04 1.835526e+01
3.422000e+04 1.837561e+01
3.423000e+04 1.828768e+01
3.424000e+04 1.839643e+01
3.425000e+04 1.830749e+01
3.426000e+04 1.836200e+01
3.427000e+04 1.834528e+01
3.428000e+04 1.830370e+01
3.429000e+04 1.830520e+01
3.430000e+04 1.834488e+01
3.431000e+04 1.835933e+01
3.432000e+04 1.830038e+01
3.433000e+04 1.834502e+01
3.434000e+04 1.836038e+01
3.435000e+04 1.835288e+01
3.436000e+04 1.836690e+01
3.437000e+04 1.831730e+01
3.438000e+04 1.835797e+01
3.439000e+04 1.845425e+01
3.440000e+04 1.837602e+01
3.441000e+04 1.832592e+01
3.442000e+04 1.830493e+01
3.443000e+04 1.833751e+01
3.444000e+04 1.835848e+01
3.445000e+04 1.842180e+01
3.446000e+04 1.834311e+01
3.447000e+04 1.835622e+01
3.448000e+04 1.831608e+01
3.449000e+04 1.834353e+01
3.450000e+04 1.832639e+01
3.451000e+04 1.834514e+01
3.452000e+04 1.833771e+01
3.453000e+04 1.839711e+01
3.454000e+04 1.837772e+01
3.455000e+04 1.835040e+01
3.456000e+04 1.834135e+01
3.457000e+04 1.836768e+01
3.458000e+04 1.834661e+01
3.459000e+04 1.836837e+01
3.460000e+04 1.833838e+01
3.461000e+04 1.830748e+01
3.462000e+04 1.838804e+01
3.463000e+04 1.845580e+01
3.464000e+04 1.837426e+01
3.465000e+04 1.832628e+01
3.466000e+04 1.831784e+01
3.467000e+04 1.833461e+01
3.468000e+04 1.831127e+01
3.469000e+04 1.832624e+01
3.470000e+04 1.830682e+01
3.471000e+04 1.835521e+01
3.472000e+04 1.832665e+01
3.473000e+04 1.836695e+01
3.474000e+04 1.834508e+01
3.475000e+04 1.832909e+01
3.476000e+04 1.832693e+01
3.477000e+04 1.826904e+01
3.478000e+04 1.834494e+01
3.479000e+04 1.838358e+01
3.480000e+04 1.832495e+01
3.481000e+04 1.832757e+01
3.482000e+04 1.837289e+01
3.483000e+04 1.834929e+01
3.484000e+04 1.830907e+01
3.485000e+04 1.838260e+01
3.486000e+04 1.834708e+01
3.487000e+04 1.837112e+01
3.488000e+04 1.831820e+01
3.489000e+04 1.836724e+01
3.490000e+04 1.828779e+01
3.491000e+04 1.838601e+01
3.492000e+04 1.832828e+01
3.493000e+04 1.836277e+01
3.494000e+04 1.831483e+01
3.495000e+04 1.837905e+01
3.496000e+04 1.839854e+01
3.497000e+04 1.835272e+01
3.498000e+04 1.842114e+01
3.499000e+04 1.838341e+01
3.500000e+04 1.835594e+01
3.501000e+04 1.836607e+01
3.502000e+04 1.831348e+01
3.503000e+04 1.834724e+01
3.504000e+04 1.839324e+01
3.505000e+04 1.839024e+01
3.506000e+04 1.834808e+01
3.507000e+04 1.836591e+01
3.508000e+04 1.844687e+01
3.509000e+04 1.839319e+01
3.510000e+04 1.836533e+01
3.511000e+04 1.839506e+01
3.512000e+04 1.840364e+01
3.513000e+04 1.834722e+01
3.514000e+04 1.832794e+01
3.515000e+04 1.833730e+01
3.516000e+04 1.838515e+01
3.517000e+04 1.841433e+01
3.518000e+04 1.837992e+01
3.519000e+04 1.842898e+01
3.520000e+04 1.831709e+01
3.521000e+04 1.840295e+01
3.522000e+04 1.836707e+01
3.523000e+04 1.843382e+01
3.524000e+04 1.837625e+01
3.525000e+04 1.837011e+01
3.526000e+04 1.837341e+01
3.527000e+04 1.837550e+01
3.528000e+04 1.841630e+01
3.529000e+04 1.835169e+01
3.530000e+04 1.837019e+01
3.531000e+04 1.833574e+01
3.532000e+04 1.838219e+01
3.533000e+04 1.834632e+01
3.534000e+04 1.839329e+01
3.535000e+04 1.833454e+01
3.536000e+04 1.843155e+01
3.537000e+04 1.834678e+01
3.538000e+04 1.839351e+01
3.539000e+04 1.839413e+01
3.540000e+04 1.836231e+01
3.541000e+04 1.840474e+01
3.542000e+04 1.836477e+01
3.543000e+04 1.836057e+01
3.544000e+04 1.834038e+01
3.545000e+04 1.837849e+01
3.546000e+04 1.838330e+01
3.547000e+04 1.834263e+01
3.548000e+04 1.841169e+01
3.549000e+04 1.838644e+01
3.550000e+04 1.839259e+01
3.551000e+04 1.840957e+01
3.552000e+04 1.834169e+01
3.553000e+04 1.833814e+01
3.554000e+04 1.832538e+01
3.555000e+04 1.837948e+01
3.556000e+04 1.836583e+01
3.557000e+04 1.839596e+01
3.558000e+04 1.837558e+01
3.559000e+04 1.839192e+01
3.560000e+04 1.831261e+01
3.561000e+04 1.833389e+01
3.562000e+04 1.833474e+01
3.563000e+04 1.845652e+01
3.564000e+04 1.839362e+01
3.565000e+04 1.830812e+01
3.566000e+04 1.840638e+01
3.567000e+04 1.835688e+01
3.568000e+04 1.835113e+01
3.569000e+04 1.843503e+01
3.570000e+04 1.835571e+01
3.571000e+04 1.833722e+01
3.572000e+04 1.840174e+01
3.573000e+04 1.839624e+01
3.574000e+04 1.840553e+01
3.575000e+04 1.836427e+01
3.576000e+04 1.841961e+01
3.577000e+04 1.834814e+01
3.578000e+04 1.837130e+01
3.579000e+04 1.833843e+01
3.580000e+04 1.839687e+01
3.581000e+04 1.842502e+01
3.582000e+04 1.838936e+01
3.583000e+04 1.837560e+01
3.584000e+04 1.847956e+01
3.585000e+04 1.841280e+01
3.586000e+04 1.835251e+01
3.587000e+04 1.840444e+01
3.588000e+04 1.839938e+01
3.589000e+04 1.840166e+01
3.590000e+04 1.837139e+01
3.591000e+04 1.844641e+01
3.592000e+04 1.835520e+01
3.593000e+04 1.838481e+01
3.594000e+04 1.839848e+01
3.595000e+04 1.832758e+01
3.596000e+04 1.836038e+01
3.597000e+04 1.837126e+01
3.598000e+04 1.847876e+01
3.599000e+04 1.846825e+01
3.600000e+04 1.841508e+01
3.601000e+04 1.836976e+01
3.602000e+04 1.837829e+01
3.603000e+04 1.844883e+01
3.604000e+04 1.840917e+01
3.605000e+04 1.842213e+01
3.606000e+04 1.837013e+01
3.607000e+04 1.839205e+01
3.608000e+04 1.838681e+01
3.609000e+04 1.840054e+01
3.610000e+04 1.841031e+01
3.611000e+04 1.846485e+01
3.612000e+04 1.843689e+01
3.613000e+04 1.841953e+01
3.614000e+04 1.837727e+01
3.615000e+04 1.842323e+01
3.616000e+04 1.836998e+01
3.617000e+04 1.843441e+01
3.618000e+04 1.835906e+01
3.619000e+04 1.842226e+01
3.620000e+04 1.840538e+01
3.621000e+04 1.837993e+01
3.622000e+04 1.841516e+01
3.623000e+04 1.842507e+01
3.624000e+04 1.837977e+01
3.625000e+04 1.835561e+01
3.626000e+04 1.842925e+01
3.627000e+04 1.838107e+01
3.628000e+04 1.840639e+01
3.629000e+04 1.838816e+01
3.630000e+04 1.836124e+01
3.631000e+04 1.835953e+01
3.632000e+04 1.832849e+01
3.633000e+04 1.836068e+01
3.634000e+04 1.841815e+01
3.635000e+04 1.846539e+01
3.636000e+04 1.837369e+01
3.637000e+04 1.837089e+01
3.638000e+04 1.838945e+01
3.639000e+04 1.844331e+01
3.640000e+04 1.836260e+01
3.641000e+04 1.841937e+01
3.642000e+04 1.831859e+01
3.643000e+04 1.837783e+01
3.644000e+04 1.832468e+01
3.645000e+04 1.837192e+01
3.646000e+04 1.837789e+01
3.647000e+04 1.838135e+01
3.648000e+04 1.836093e+01
3.649000e+04 1.833552e+01
3.650000e+04 1.836190e+01
3.651000e+04 1.836477e+01
3.652000e+04 1.842520e+01
3.653000e+04 1.838441e+01
3.654000e+04 1.832363e+01
3.655000e+04 1.844281e+01
3.656000e+04 1.835218e+01
3.657000e+04 1.834688e+01
3.658000e+04 1.838057e+01
3.659000e+04 1.832603e+01
3.660000e+04 1.835810e+01
3.661000e+04 1.835932e+01
3.662000e+04 1.831880e+01
3.663000e+04 1.846773e+01
3.664000e+04 1.837057e+01
3.665000e+04 1.839444e+01
3.666000e+04 1.839755e+01
3.667000e+04 1.838410e+01
3.668000e+04 1.833604e+01
3.669000e+04 1.844196e+01
3.670000e+04 1.839299e+01
3.671000e+04 1.834171e+01
3.672000e+04 1.833097e+01
3.673000e+04 1.838183e+01
3.674000e+04 1.836911e+01
3.675000e+04 1.831007e+01
3.676000e+04 1.834508e+01
3.677000e+04 1.838436e+01
3.678000e+04 1.836833e+01
3.679000e+04 1.838512e+01
3.680000e+04 1.836231e+01
3.681000e+04 1.837306e+01
3.682000e+04 1.840950e+01
3.683000e+04 1.835292e+01
3.684000e+04 1.836944e+01
3.685000e+04 1.841788e+01
3.686000e+04 1.834595e+01
3.687000e+04 1.836064e+01
3.688000e+04 1.840169e+01
3.689000e+04 1.843136e+01
3.690000e+04 1.836926e+01
3.691000e+04 1.832472e+01
3.692000e+04 1.841658e+01
3.693000e+04 1.832095e+01
3.694000e+04 1.834270e+01
3.695000e+04 1.827410e+01
3.696000e+04 1.834962e+01
3.697000e+04 1.832805e+01
3.698000e+04 1.835138e+01
3.699000e+04 1.835040e+01
3.700000e+04 1.840426e+01
3.701000e+04 1.834161e+01
3.702000e+04 1.836844e+01
3.703000e+04 1.832109e+01
3.704000e+04 1.833388e+01
3.705000e+04 1.834801e+01
3.706000e+04 1.838046e+01
3.707000e+04 1.836165e+01
3.708000e+04 1.846827e+01
3.709000e+04 1.839388e+01
3.710000e+04 1.840218e+01
3.711000e+04 1.841433e+01
3.712000e+04 1.831342e+01
3.713000e+04 1.836445e+01
3.714000e+04 1.842355e+01
3.715000e+04 1.832562e+01
3.716000e+04 1.842430e+01
3.717000e+04 1.835515e+01
3.718000e+04 1.835007e+01
3.719000e+04 1.830442e+01
3.720000e+04 1.832944e+01
3.721000e+04 1.835385e+01
3.722000e+04 1.836959e+01
3.723000e+04 1.834940e+01
3.724000e+04 1.830499e+01
3.725000e+04 1.833311e+01
3.726000e+04 1.835313e+01
3.727000e+04 1.833548e+01
3.728000e+04 1.833803e+01
3.729000e+04 1.838751e+01
3.730000e+04 1.833208e+01
3.731000e+04 1.832375e+01
3.732000e+04 1.837150e+01
3.733000e+04 1.838148e+01
3.734000e+04 1.836004e+01
3.735000e+04 1.837074e+01
3.736000e+04 1.837558e+01
3.737000e+04 1.835758e+01
3.738000e+04 1.834382e+01
3.739000e+04 1.840143e+01
3.740000e+04 1.838018e+01
3.741000e+04 1.835625e+01
3.742000e+04 1.837560e+01
3.743000e+04 1.834324e+01
3.744000e+04 1.842446e+01
3.745000e+04 1.836985e+01
3.746000e+04 1.830083e+01
3.747000e+04 1.841622e+01
3.748000e+04 1.838359e+01
3.749000e+04 1.837060e+01
3.750000e+04 1.836474e+01
3.751000e+04 1.837543e+01
3.752000e+04 1.841831e+01
3.753000e+04 1.836513e+01
3.754000e+04 1.844792e+01
3.755000e+04 1.841297e+01
3.756000e+04 1.833772e+01
3.757000e+04 1.837410e+01
3.758000e+04 1.836067e+01
3.759000e+04 1.836141e+01
3.760000e+04 1.832103e+01
3.761000e+04 1.835062e+01
3.762000e+04 1.836122e+01
3.763000e+04 1.834305e+01
3.764000e+04 1.837025e+01
3.765000e+04 1.831948e+01
3.766000e+04 1.838554e+01
3.767000e+04 1.833232e+01
3.768000e+04 1.844394e+01
3.769000e+04 1.834481e+01
3.770000e+04 1.834143e+01
3.771000e+04 1.837439e+01
3.772000e+04 1.837156e+01
3.773000e+04 1.839050e+01
3.774000e+04 1.835470e+01
3.775000e+04 1.836665e+01
3.776000e+04 1.832840e+01
3.777000e+04 1.837949e+01
3.778000e+04 1.841173e+01
3.779000e+04 1.837326e+01
3.780000e+04 1.846376e+01
3.781000e+04 1.833917e+01
3.782000e+04 1.838634e+01
3.783000e+04 1.838671e+01
3.784000e+04 1.840727e+01
3.785000e+04 1.832159e+01
3.786000e+04 1.837256e+01
3.787000e+04 1.842113e+01
3.788000e+04 1.833432e+01
3.789000e+04 1.837693e+01
3.790000e+04 1.838433e+01
3.791000e+04 1.840440e+01
3.792000e+04 1.836474e+01
3.793000e+04 1.838297e+01
3.794000e+04 1.839025e+01
3.795000e+04 1.837174e+01
3.796000e+04 1.837693e+01
3.797000e+04 1.842449e+01
3.798000e+04 1.835287e+01
3.799000e+04 1.838817e+01
3.800000e+04 1.834063e+01
3.801000e+04 1.830602e+01
3.802000e+04 1.840669e+01
3.803000e+04 1.831711e+01
3.804000e+04 1.836479e+01
3.805000e+04 1.832494e+01
3.806000e+04 1.837745e+01
3.807000e+04 1.835928e+01
3.808000e+04 1.842291e+01
3.809000e+04 1.836635e+01
3.810000e+04 1.835405e+01
3.811000e+04 1.834298e+01
3.812000e+04 1.835951e+01
3.813000e+04 1.835102e+01
3.814000e+04 1.832569e+01
3.815000e+04 1.831730e+01
3.816000e+04 1.838493e+01
3.817000e+04 1.837335e+01
3.818000e+04 1.833843e+01
3.819000e+04 1.842910e+01
3.820000e+04 1.836740e+01
3.821000e+04 1.829637e+01
3.822000e+04 1.833393e+01
3.823000e+04 1.835914e+01
3.824000e+04 1.837324e+01
3.825000e+04 1.835660e+01
3.826000e+04 1.830869e+01
3.827000e+04 1.834843e+01
3.828000e+04 1.837124e+01
3.829000e+04 1.832298e+01
3.830000e+04 1.837741e+01
3.831000e+04 1.834013e+01
3.832000e+04 1.834371e+01
3.833000e+04 1.839463e+01
3.834000e+04 1.841883e+01
3.835000e+04 1.838646e+01
3.836000e+04 1.840418e+01
3.837000e+04 1.836660e+01
3.838000e+04 1.843926e+01
3.839000e+04 1.834475e+01
3.840000e+04 1.833783e+01
3.841000e+04 1.845308e+01
3.842000e+04 1.836120e+01
3.843000e+04 1.836683e+01
3.844000e+04 1.833464e+01
3.845000e+04 1.841304e+01
3.846000e+04 1.837897e+01
3.847000e+04 1.833267e+01
3.848000e+04 1.836603e+01
3.849000e+04 1.834024e+01
3.850000e+04 1.838078e+01
3.851000e+04 1.834574e+01
3.852000e+04 1.843409e+01
3.853000e+04 1.840302e+01
3.854000e+04 1.841729e+01
3.855000e+04 1.835272e+01
3.856000e+04 1.835779e+01
3.857000e+04 1.834544e+01
3.858000e+04 1.841302e+01
3.859000e+04 1.842803e+01
3.860000e+04 1.834303e+01
3.861000e+04 1.828352e+01
3.862000e+04 1.833093e+01
3.863000e+04 1.842618e+01
3.864000e+04 1.834875e+01
3.865000e+04 1.834487e+01
3.866000e+04 1.835827e+01
3.867000e+04 1.833832e+01
3.868000e+04 1.838234e+01
3.869000e+04 1.836529e+01
3.870000e+04 1.833453e+01
3.871000e+04 1.833487e+01
3.872000e+04 1.836564e+01
3.873000e+04 1.842715e+01
3.874000e+04 1.841992e+01
3.875000e+04 1.836610e+01
3.876000e+04 1.837302e+01
3.877000e+04 1.837876e+01
3.878000e+04 1.836494e+01
3.879000e+04 1.838418e+01
3.880000e+04 1.835356e+01
3.881000e+04 1.839397e+01
3.882000e+04 1.845423e+01
3.883000e+04 1.838019e+01
3.884000e+04 1.834743e+01
3.885000e+04 1.834857e+01
3.886000e+04 1.833837e+01
3.887000e+04 1.841982e+01
3.888000e+04 1.839553e+01
3.889000e+04 1.839948e+01
3.890000e+04 1.838149e+01
3.891000e+04 1.834882e+01
3.892000e+04 1.839859e+01
3.893000e+04 1.831881e+01
3.894000e+04 1.837107e+01
3.895000e+04 1.838181e+01
3.896000e+04 1.838028e+01
3.897000e+04 1.841181e+01
3.898000e+04 1.835519e+01
3.899000e+04 1.840128e+01
3.900000e+04 1.836529e+01
3.901000e+04 1.833264e+01
3.902000e+04 1.840297e+01
3.903000e+04 1.836203e+01
3.904000e+04 1.836156e+01
3.905000e+04 1.839413e+01
3.906000e+04 1.834628e+01
3.907000e+04 1.837837e+01
3.908000e+04 1.844922e+01
3.909000e+04 1.832020e+01
3.910000e+04 1.834725e+01
3.911000e+04 1.835740e+01
3.912000e+04 1.839490e+01
3.913000e+04 1.837344e+01
3.914000e+04 1.843249e+01
3.915000e+04 1.840980e+01
3.916000e+04 1.840840e+01
3.917000e+04 1.838158e+01
3.918000e+04 1.837717e+01
3.919000e+04 1.834778e+01
3.920000e+04 1.835618e+01
3.921000e+04 1.837924e+01
3.922000e+04 1.833917e+01
3.923000e+04 1.836913e+01
3.924000e+04 1.837612e+01
3.925000e+04 1.837083e+01
3.926000e+04 1.836043e+01
3.927000e+04 1.837964e+01
3.928000e+04 1.834209e+01
3.929000e+04 1.839514e+01
3.930000e+04 1.842644e+01
3.931000e+04 1.834938e+01
3.932000e+04 1.838292e+01
3.933000e+04 1.840740e+01
3.934000e+04 1.834450e+01
3.935000e+04 1.838986e+01
3.936000e+04 1.837538e+01
3.937000e+04 1.845917e+01
3.938000e+04 1.838436e+01
3.939000e+04 1.836476e+01
3.940000e+04 1.834643e+01
3.941000e+04 1.841381e+01
3.942000e+04 1.836033e+01
3.943000e+04 1.838649e+01
3.944000e+04 1.842156e+01
3.945000e+04 1.840230e+01
3.946000e+04 1.838050e+01
3.947000e+04 1.836535e+01
3.948000e+04 1.845678e+01
3.949000e+04 1.838207e+01
3.950000e+04 1.834915e+01
3.951000e+04 1.832737e+01
3.952000e+04 1.842279e+01
3.953000e+04 1.838772e+01
3.954000e+04 1.839434e+01
3.955000e+04 1.836026e+01
3.956000e+04 1.833754e+01
3.957000e+04 1.832785e+01
3.958000e+04 1.834069e+01
3.959000e+04 1.838654e+01
3.960000e+04 1.838833e+01
3.961000e+04 1.834448e+01
3.962000e+04 1.833848e+01
3.963000e+04 1.833754e+01
3.964000e+04 1.836981e+01
3.965000e+04 1.834243e+01
3.966000e+04 1.839147e+01
3.967000e+04 1.839851e+01
3.968000e+04 1.837974e+01
3.969000e+04 1.843448e+01
3.970000e+04 1.839417e+01
3.971000e+04 1.836960e+01
3.972000e+04 1.834939e+01
3.973000e+04 1.837927e+01
3.974000e+04 1.832883e+01
3.975000e+04 1.836454e+01
3.976000e+04 1.836197e+01
3.977000e+04 1.840719e+01
3.978000e+04 1.830307e+01
3.979000e+04 1.833181e+01
3.980000e+04 1.832625e+01
3.981000e+04 1.834401e+01
3.982000e+04 1.836053e+01
3.983000e+04 1.835554e+01
3.984000e+04 1.838923e+01
3.985000e+04 1.837604e+01
3.986000e+04 1.844284e+01
3.987000e+04 1.839878e+01
3.988000e+04 1.835605e+01
3.989000e+04 1.834919e+01
3.990000e+04 1.841535e+01
3.991000e+04 1.831994e+01
3.992000e+04 1.833125e+01
3.993000e+04 1.827132e+01
3.994000e+04 1.836246e+01
3.995000e+04 1.837252e+01
3.996000e+04 1.832552e+01
3.997000e+04 1.842249e+01
3.998000e+04 1.837319e+01
3.999000e+04 1.830335e+01
4.000000e+04 1.833553e+01
