0.000000e+00 -3.338702e-02 -5.842564e-01
9.999000e-05 4.761646e-02 -5.783591e-01
1.999800e-04 -2.145557e-02 -5.725467e-01
2.999700e-04 4.313933e-03 -5.668299e-01
3.999600e-04 -4.946033e-02 -5.612201e-01
4.999500e-04 1.566533e-02 -5.557292e-01
5.999400e-04 8.707864e-02 -5.503698e-01
6.999300e-04 9.017996e-02 -5.451551e-01
7.999200e-04 2.937804e-02 -5.400988e-01
8.999100e-04 4.855228e-02 -5.352151e-01
9.999000e-04 5.570834e-02 -5.305186e-01
1.099890e-03 6.807172e-02 -5.260243e-01
1.199880e-03 8.259884e-03 -5.217476e-01
1.299870e-03 1.286804e-01 -5.177039e-01
1.399860e-03 6.407989e-02 -5.139090e-01
1.499850e-03 2.017909e-01 -5.103785e-01
1.599840e-03 2.889119e-02 -5.071281e-01
1.699830e-03 4.996650e-02 -5.041733e-01
1.799820e-03 8.685497e-02 -5.015290e-01
1.899810e-03 3.757013e-02 -4.992100e-01
1.999800e-03 1.813284e-01 -4.972303e-01
2.099790e-03 3.803343e-02 -4.956030e-01
2.199780e-03 1.667381e-01 -4.943406e-01
2.299770e-03 1.428709e-01 -4.934542e-01
2.399760e-03 1.041688e-01 -4.929540e-01
2.499750e-03 8.008270e-02 -4.928484e-01
2.599740e-03 1.421137e-01 -4.931445e-01
2.699730e-03 1.736882e-01 -4.938476e-01
2.799720e-03 1.909910e-01 -4.949612e-01
2.899710e-03 1.587035e-01 -4.964869e-01
2.999700e-03 2.035748e-01 -4.984240e-01
3.099690e-03 8.930258e-02 -5.007697e-01
3.199680e-03 9.689688e-02 -5.035190e-01
3.299670e-03 1.038095e-01 -5.066645e-01
3.399660e-03 1.136499e-01 -5.101965e-01
3.499650e-03 5.721298e-02 -5.141028e-01
3.599640e-03 1.091085e-01 -5.183692e-01
3.699630e-03 1.682107e-01 -5.229789e-01
3.799620e-03 8.468379e-02 -5.279131e-01
3.899610e-03 8.982654e-02 -5.331508e-01
3.999600e-03 1.373273e-01 -5.386693e-01
4.099590e-03 4.703524e-02 -5.444439e-01
4.199580e-03 -1.336922e-02 -5.504484e-01
4.299570e-03 7.247125e-02 -5.566554e-01
4.399560e-03 7.340949e-02 -5.630363e-01
4.499550e-03 1.196636e-01 -5.695615e-01
4.599540e-03 -2.852365e-03 -5.762011e-01
4.699530e-03 2.072370e-02 -5.829246e-01
4.799520e-03 -3.755675e-02 -5.897016e-01
4.899510e-03 -8.547539e-02 -5.965016e-01
4.999500e-03 9.867637e-02 -6.032950e-01
5.099490e-03 -4.835153e-02 -6.100523e-01
5.199480e-03 6.827304e-02 -6.167452e-01
5.299470e-03 -1.074146e-03 -6.233465e-01
5.399460e-03 -2.471716e-02 -6.298301e-01
5.499450e-03 -3.714656e-02 -6.361712e-01
5.599440e-03 2.400659e-02 -6.423468e-01
5.699430e-03 2.887339e-02 -6.483350e-01
5.799420e-03 -5.343944e-02 -6.541159e-01
5.899410e-03 -1.411768e-01 -6.596710e-01
5.999400e-03 -6.654693e-02 -6.649837e-01
6.099390e-03 -8.323060e-02 -6.700387e-01
6.199380e-03 -1.320904e-02 -6.748224e-01
6.299370e-03 -6.773236e-02 -6.793228e-01
6.399360e-03 -8.744551e-03 -6.835290e-01
6.499350e-03 -2.456704e-02 -6.874316e-01
6.599340e-03 -2.176983e-02 -6.910224e-01
6.699330e-03 -1.007449e-01 -6.942940e-01
6.799320e-03 -7.767795e-02 -6.972401e-01
6.899310e-03 1.012664e-02 -6.998553e-01
6.999300e-03 -4.445797e-03 -7.021347e-01
7.099290e-03 -1.608560e-02 -7.040741e-01
7.199280e-03 -4.131726e-02 -7.056700e-01
7.299270e-03 -3.501973e-02 -7.069190e-01
7.399260e-03 -3.195549e-02 -7.078183e-01
7.499250e-03 -1.013708e-01 -7.083656e-01
7.599240e-03 4.028157e-03 -7.085588e-01
7.699230e-03 -7.738459e-02 -7.083963e-01
7.799220e-03 2.003151e-02 -7.078769e-01
7.899210e-03 -9.222180e-03 -7.070001e-01
7.999200e-03 -3.655792e-02 -7.057659e-01
8.099190e-03 -9.180136e-02 -7.041752e-01
8.199180e-03 -3.641270e-02 -7.022297e-01
8.299170e-03 -6.468910e-02 -6.999323e-01
8.399160e-03 1.578640e-03 -6.972872e-01
8.499150e-03 -2.689132e-02 -6.942998e-01
8.599140e-03 -3.122801e-02 -6.909773e-01
8.699130e-03 1.218422e-01 -6.873287e-01
8.799120e-03 -4.912408e-02 -6.833648e-01
8.899110e-03 1.917942e-02 -6.790985e-01
8.999100e-03 -2.890263e-02 -6.745447e-01
9.099090e-03 4.045888e-02 -6.697208e-01
9.199080e-03 -9.942773e-02 -6.646461e-01
9.299070e-03 6.869655e-02 -6.593423e-01
9.399060e-03 -1.179254e-02 -6.538330e-01
9.499050e-03 2.901571e-02 -6.481441e-01
9.599040e-03 1.148903e-01 -6.423029e-01
9.699030e-03 6.148232e-02 -6.363387e-01
9.799020e-03 4.529963e-02 -6.302817e-01
9.899010e-03 2.233791e-02 -6.241633e-01
9.999000e-03 1.411922e-03 -6.180157e-01
1.009899e-02 3.847738e-02 -6.118711e-01
1.019898e-02 1.748010e-02 -6.057618e-01
1.029897e-02 2.381469e-02 -5.997197e-01
1.039896e-02 1.054301e-02 -5.937759e-01
1.049895e-02 5.007169e-02 -5.879604e-01
1.059894e-02 1.299882e-01 -5.823017e-01
1.069893e-02 1.242072e-01 -5.768268e-01
1.079892e-02 8.115401e-02 -5.715606e-01
1.089891e-02 9.886170e-02 -5.665261e-01
1.099890e-02 1.015842e-01 -5.617440e-01
1.109889e-02 2.438103e-01 -5.572329e-01
1.119888e-02 9.749828e-02 -5.530090e-01
1.129887e-02 9.911623e-02 -5.490863e-01
1.139886e-02 1.250656e-01 -5.454768e-01
1.149885e-02 7.297308e-02 -5.421903e-01
1.159884e-02 2.251679e-01 -5.392347e-01
1.169883e-02 1.726808e-01 -5.366165e-01
1.179882e-02 2.193869e-01 -5.343404e-01
1.189881e-02 1.523366e-01 -5.324099e-01
1.199880e-02 1.971195e-01 -5.308274e-01
1.209879e-02 9.431021e-02 -5.295942e-01
1.219878e-02 1.407449e-01 -5.287113e-01
1.229877e-02 2.119438e-01 -5.281786e-01
1.239876e-02 6.600216e-02 -5.279960e-01
1.249875e-02 2.229839e-01 -5.281629e-01
1.259874e-02 1.630326e-01 -5.286784e-01
1.269873e-02 1.844153e-01 -5.295416e-01
1.279872e-02 2.206172e-01 -5.307513e-01
1.289871e-02 2.012911e-01 -5.323063e-01
1.299870e-02 1.325129e-01 -5.342051e-01
1.309869e-02 2.057867e-01 -5.364458e-01
1.319868e-02 1.049061e-01 -5.390266e-01
1.329867e-02 1.196518e-01 -5.419446e-01
1.339866e-02 3.369983e-01 -5.451969e-01
1.349865e-02 1.638034e-01 -5.487792e-01
1.359864e-02 2.066751e-01 -5.526868e-01
1.369863e-02 1.515459e-01 -5.569137e-01
1.379862e-02 1.544953e-01 -5.614524e-01
1.389861e-02 1.235409e-01 -5.662944e-01
1.399860e-02 5.748214e-02 -5.714291e-01
1.409859e-02 1.348592e-01 -5.768444e-01
1.419858e-02 1.803731e-01 -5.825265e-01
1.429857e-02 1.294010e-01 -5.884592e-01
1.439856e-02 8.980316e-02 -5.946247e-01
1.449855e-02 1.620912e-01 -6.010028e-01
1.459854e-02 1.321680e-01 -6.075715e-01
1.469853e-02 4.439134e-02 -6.143065e-01
1.479852e-02 7.828179e-02 -6.211818e-01
1.489851e-02 1.319670e-01 -6.281696e-01
1.499850e-02 1.330612e-01 -6.352403e-01
1.509849e-02 5.871879e-02 -6.423629e-01
1.519848e-02 -3.651035e-02 -6.495054e-01
1.529847e-02 1.095536e-01 -6.566345e-01
1.539846e-02 3.904265e-02 -6.637167e-01
1.549845e-02 -6.152222e-02 -6.707178e-01
1.559844e-02 1.097219e-02 -6.776039e-01
1.569843e-02 1.618178e-01 -6.843412e-01
1.579842e-02 1.122244e-01 -6.908967e-01
1.589841e-02 1.485789e-01 -6.972383e-01
1.599840e-02 3.133683e-02 -7.033355e-01
1.609839e-02 1.280623e-01 -7.091589e-01
1.619838e-02 -3.335382e-03 -7.146815e-01
1.629837e-02 -5.453996e-02 -7.198780e-01
1.639836e-02 2.898088e-02 -7.247255e-01
1.649835e-02 6.200957e-02 -7.292037e-01
1.659834e-02 -4.523366e-04 -7.332948e-01
1.669833e-02 5.076447e-02 -7.369836e-01
1.679832e-02 3.903427e-02 -7.402577e-01
1.689831e-02 1.407645e-01 -7.431076e-01
1.699830e-02 -1.219478e-03 -7.455262e-01
1.709829e-02 4.224803e-02 -7.475094e-01
1.719828e-02 -7.918365e-03 -7.490555e-01
1.729827e-02 4.691969e-02 -7.501652e-01
1.739826e-02 -2.691953e-02 -7.508419e-01
1.749825e-02 -3.050891e-02 -7.510910e-01
1.759824e-02 -2.982197e-02 -7.509198e-01
1.769823e-02 -5.198287e-02 -7.503377e-01
1.779822e-02 -8.417344e-03 -7.493558e-01
1.789821e-02 1.676767e-02 -7.479868e-01
1.799820e-02 -1.532072e-02 -7.462446e-01
1.809819e-02 -2.193069e-02 -7.441444e-01
1.819818e-02 1.954217e-02 -7.417025e-01
1.829817e-02 -2.547251e-03 -7.389359e-01
1.839816e-02 1.055618e-01 -7.358624e-01
1.849815e-02 9.196574e-02 -7.325005e-01
1.859814e-02 1.427586e-01 -7.288690e-01
1.869813e-02 1.033535e-01 -7.249871e-01
1.879812e-02 3.277246e-02 -7.208742e-01
1.889811e-02 1.444064e-02 -7.165499e-01
1.899810e-02 9.965345e-02 -7.120337e-01
1.909809e-02 2.802744e-02 -7.073453e-01
1.919808e-02 6.871019e-02 -7.025040e-01
1.929807e-02 4.940235e-02 -6.975293e-01
1.939806e-02 1.189277e-02 -6.924403e-01
1.949805e-02 -6.800783e-03 -6.872560e-01
1.959804e-02 2.705218e-02 -6.819949e-01
1.969803e-02 7.630266e-02 -6.766755e-01
1.979802e-02 1.022880e-01 -6.713160e-01
1.989801e-02 9.153662e-02 -6.659341e-01
1.999800e-02 8.832691e-02 -6.605474e-01
2.009799e-02 1.832223e-01 -6.551732e-01
2.019798e-02 1.940628e-01 -6.498283e-01
2.029797e-02 1.740155e-01 -6.445294e-01
2.039796e-02 1.225008e-01 -6.392930e-01
2.049795e-02 2.218808e-01 -6.341350e-01
2.059794e-02 1.417641e-01 -6.290713e-01
2.069793e-02 1.153814e-01 -6.241176e-01
2.079792e-02 3.068244e-01 -6.192891e-01
2.089791e-02 1.740306e-01 -6.146008e-01
2.099790e-02 2.288090e-01 -6.100678e-01
2.109789e-02 2.133307e-01 -6.057045e-01
2.119788e-02 1.798196e-01 -6.015253e-01
2.129787e-02 2.769141e-01 -5.975444e-01
2.139786e-02 2.438619e-01 -5.937757e-01
2.149785e-02 2.146641e-01 -5.902327e-01
2.159784e-02 1.149801e-01 -5.869288e-01
2.169783e-02 2.443725e-01 -5.838770e-01
2.179782e-02 1.419407e-01 -5.810899e-01
2.189781e-02 2.420184e-01 -5.785800e-01
2.199780e-02 2.922131e-01 -5.763589e-01
2.209779e-02 2.851701e-01 -5.744382e-01
2.219778e-02 1.927095e-01 -5.728288e-01
2.229777e-02 2.106778e-01 -5.715408e-01
2.239776e-02 2.215652e-01 -5.705840e-01
2.249775e-02 2.731173e-01 -5.699672e-01
2.259774e-02 3.416202e-01 -5.696984e-01
2.269773e-02 2.851323e-01 -5.697847e-01
2.279772e-02 2.779126e-01 -5.702323e-01
2.289771e-02 2.371297e-01 -5.710462e-01
2.299770e-02 2.011256e-01 -5.722301e-01
2.309769e-02 2.354939e-01 -5.737864e-01
2.319768e-02 2.403018e-01 -5.757162e-01
2.329767e-02 2.117258e-01 -5.780188e-01
2.339766e-02 3.036648e-01 -5.806921e-01
2.349765e-02 2.675034e-01 -5.837320e-01
2.359764e-02 2.438913e-01 -5.871328e-01
2.369763e-02 2.301529e-01 -5.908866e-01
2.379762e-02 3.394924e-01 -5.949838e-01
2.389761e-02 2.570780e-01 -5.994123e-01
2.399760e-02 1.736003e-01 -6.041582e-01
2.409759e-02 2.148017e-01 -6.092055e-01
2.419758e-02 2.314057e-01 -6.145357e-01
2.429757e-02 1.516724e-01 -6.201284e-01
2.439756e-02 2.888022e-01 -6.259612e-01
2.449755e-02 2.134996e-01 -6.320096e-01
2.459754e-02 1.747170e-01 -6.382470e-01
2.469753e-02 1.551931e-01 -6.446453e-01
2.479752e-02 1.851027e-01 -6.511747e-01
2.489751e-02 1.991223e-01 -6.578038e-01
2.499750e-02 9.974351e-02 -6.645003e-01
2.509749e-02 2.049324e-01 -6.712306e-01
2.519748e-02 9.299980e-02 -6.779607e-01
2.529747e-02 1.083862e-01 -6.846558e-01
2.539746e-02 1.805043e-01 -6.912814e-01
2.549745e-02 5.817111e-02 -6.978028e-01
2.559744e-02 1.376082e-01 -7.041861e-01
2.569743e-02 7.831929e-02 -7.103979e-01
2.579742e-02 8.108979e-02 -7.164062e-01
2.589741e-02 7.493893e-02 -7.221802e-01
2.599740e-02 7.560074e-02 -7.276909e-01
2.609739e-02 1.424718e-01 -7.329111e-01
2.619738e-02 5.957889e-02 -7.378160e-01
2.629737e-02 1.862454e-02 -7.423829e-01
2.639736e-02 7.750181e-03 -7.465920e-01
2.649735e-02 9.564994e-02 -7.504257e-01
2.659734e-02 7.752624e-02 -7.538695e-01
2.669733e-02 6.498947e-02 -7.569116e-01
2.679732e-02 1.356933e-01 -7.595430e-01
2.689731e-02 1.982458e-02 -7.617576e-01
2.699730e-02 1.005793e-01 -7.635520e-01
2.709729e-02 1.141683e-03 -7.649254e-01
2.719728e-02 5.270492e-02 -7.658796e-01
2.729727e-02 6.208711e-03 -7.664187e-01
2.739726e-02 1.490148e-01 -7.665493e-01
2.749725e-02 3.060713e-02 -7.662797e-01
2.759724e-02 -2.058688e-02 -7.656203e-01
2.769723e-02 7.779941e-02 -7.645832e-01
2.779722e-02 -1.984990e-02 -7.631818e-01
2.789721e-02 1.155841e-02 -7.614309e-01
2.799720e-02 1.291768e-01 -7.593462e-01
2.809719e-02 6.602071e-02 -7.569445e-01
2.819718e-02 6.910604e-02 -7.542431e-01
2.829717e-02 1.528607e-01 -7.512600e-01
2.839716e-02 7.216820e-02 -7.480134e-01
2.849715e-02 1.251597e-01 -7.445219e-01
2.859714e-02 4.593292e-02 -7.408041e-01
2.869713e-02 7.808852e-02 -7.368787e-01
2.879712e-02 1.175122e-01 -7.327643e-01
2.889711e-02 1.701766e-01 -7.284793e-01
2.899710e-02 1.446939e-01 -7.240418e-01
2.909709e-02 1.263765e-01 -7.194699e-01
2.919708e-02 9.457221e-02 -7.147811e-01
2.929707e-02 1.784078e-01 -7.099927e-01
2.939706e-02 1.285051e-01 -7.051218e-01
2.949705e-02 1.591288e-01 -7.001850e-01
2.959704e-02 7.111452e-02 -6.951986e-01
2.969703e-02 1.556743e-01 -6.901786e-01
2.979702e-02 1.628572e-01 -6.851408e-01
2.989701e-02 1.793393e-01 -6.801005e-01
2.999700e-02 1.942025e-01 -6.750729e-01
3.009699e-02 2.184227e-01 -6.700730e-01
3.019698e-02 2.168627e-01 -6.651155e-01
3.029697e-02 2.640850e-01 -6.602151e-01
3.039696e-02 2.678193e-01 -6.553861e-01
3.049695e-02 2.666712e-01 -6.506428e-01
3.059694e-02 1.109479e-01 -6.459996e-01
3.069693e-02 2.718357e-01 -6.414704e-01
3.079692e-02 2.754603e-01 -6.370695e-01
3.089691e-02 1.854514e-01 -6.328107e-01
3.099690e-02 2.176094e-01 -6.287082e-01
3.109689e-02 1.562196e-01 -6.247757e-01
3.119688e-02 2.743146e-01 -6.210272e-01
3.129687e-02 2.811895e-01 -6.174765e-01
3.139686e-02 1.893386e-01 -6.141372e-01
3.149685e-02 3.169470e-01 -6.110231e-01
3.159684e-02 2.528735e-01 -6.081475e-01
3.169683e-02 3.194852e-01 -6.055237e-01
3.179682e-02 3.231707e-01 -6.031648e-01
3.189681e-02 2.563355e-01 -6.010835e-01
3.199680e-02 1.937165e-01 -5.992922e-01
3.209679e-02 3.274579e-01 -5.978029e-01
3.219678e-02 2.941336e-01 -5.966269e-01
3.229677e-02 2.859824e-01 -5.957753e-01
3.239676e-02 3.099440e-01 -5.952580e-01
3.249675e-02 3.154902e-01 -5.950844e-01
3.259674e-02 3.328125e-01 -5.952630e-01
3.269673e-02 3.441131e-01 -5.958011e-01
3.279672e-02 2.926161e-01 -5.967051e-01
3.289671e-02 2.502093e-01 -5.979800e-01
3.299670e-02 3.210575e-01 -5.996293e-01
3.309669e-02 2.572065e-01 -6.016553e-01
3.319668e-02 2.439102e-01 -6.040583e-01
3.329667e-02 2.110903e-01 -6.068372e-01
3.339666e-02 3.441526e-01 -6.099890e-01
3.349665e-02 3.256496e-01 -6.135086e-01
3.359664e-02 2.367928e-01 -6.173891e-01
3.369663e-02 2.871701e-01 -6.216214e-01
3.379662e-02 2.551627e-01 -6.261942e-01
3.389661e-02 2.421858e-01 -6.310942e-01
3.399660e-02 2.089499e-01 -6.363059e-01
3.409659e-02 3.087383e-01 -6.418115e-01
3.419658e-02 2.379523e-01 -6.475912e-01
3.429657e-02 2.409950e-01 -6.536231e-01
3.439656e-02 2.369382e-01 -6.598833e-01
3.449655e-02 2.844793e-01 -6.663461e-01
3.459654e-02 3.112005e-01 -6.729839e-01
3.469653e-02 2.551301e-01 -6.797677e-01
3.479652e-02 2.106029e-01 -6.866672e-01
3.489651e-02 1.559505e-01 -6.936508e-01
3.499650e-02 2.284423e-01 -7.006859e-01
3.509649e-02 1.732467e-01 -7.077393e-01
3.519648e-02 2.749864e-01 -7.147775e-01
3.529647e-02 2.125081e-01 -7.217666e-01
3.539646e-02 1.805081e-01 -7.286729e-01
3.549645e-02 1.433228e-01 -7.354631e-01
3.559644e-02 2.162673e-01 -7.421042e-01
3.569643e-02 2.142845e-01 -7.485646e-01
3.579642e-02 2.105445e-01 -7.548133e-01
3.589641e-02 1.406464e-01 -7.608208e-01
3.599640e-02 1.317950e-01 -7.665593e-01
3.609639e-02 1.941629e-01 -7.720024e-01
3.619638e-02 1.992710e-01 -7.771258e-01
3.629637e-02 1.539143e-01 -7.819070e-01
3.639636e-02 1.719555e-01 -7.863259e-01
3.649635e-02 7.413750e-02 -7.903642e-01
3.659634e-02 5.993287e-02 -7.940062e-01
3.669633e-02 1.289301e-01 -7.972382e-01
3.679632e-02 1.643010e-01 -8.000490e-01
3.689631e-02 1.593331e-01 -8.024296e-01
3.699630e-02 9.621077e-02 -8.043732e-01
3.709629e-02 5.631337e-02 -8.058752e-01
3.719628e-02 9.802440e-02 -8.069333e-01
3.729627e-02 2.093675e-01 -8.075471e-01
3.739626e-02 4.837141e-02 -8.077181e-01
3.749625e-02 1.517934e-01 -8.074500e-01
3.759624e-02 1.060647e-01 -8.067480e-01
3.769623e-02 1.520735e-01 -8.056191e-01
3.779622e-02 1.126912e-01 -8.040719e-01
3.789621e-02 1.722031e-02 -8.021163e-01
3.799620e-02 9.558356e-02 -7.997639e-01
3.809619e-02 3.074429e-02 -7.970274e-01
3.819618e-02 2.038606e-01 -7.939206e-01
3.829617e-02 1.691711e-01 -7.904584e-01
3.839616e-02 1.103927e-01 -7.866570e-01
3.849615e-02 2.261690e-01 -7.825331e-01
3.859614e-02 2.486136e-01 -7.781046e-01
3.869613e-02 2.242393e-01 -7.733900e-01
3.879612e-02 1.275139e-01 -7.684086e-01
3.889611e-02 1.262648e-01 -7.631802e-01
3.899610e-02 1.470728e-02 -7.577253e-01
3.909609e-02 2.477047e-01 -7.520649e-01
3.919608e-02 2.999951e-01 -7.462206e-01
3.929607e-02 2.702653e-01 -7.402142e-01
3.939606e-02 1.966755e-01 -7.340682e-01
3.949605e-02 2.622784e-01 -7.278051e-01
3.959604e-02 1.931597e-01 -7.214479e-01
3.969603e-02 2.790811e-01 -7.150198e-01
3.979602e-02 1.936162e-01 -7.085441e-01
3.989601e-02 2.602339e-01 -7.020442e-01
3.999600e-02 2.106774e-01 -6.955438e-01
4.009599e-02 2.237063e-01 -6.890663e-01
4.019598e-02 2.480770e-01 -6.826353e-01
4.029597e-02 3.608624e-01 -6.762740e-01
4.039596e-02 9.737268e-02 -6.700057e-01
4.049595e-02 2.225991e-01 -6.638531e-01
4.059594e-02 2.846443e-01 -6.578389e-01
4.069593e-02 2.702975e-01 -6.519850e-01
4.079592e-02 2.739885e-01 -6.463131e-01
4.089591e-02 3.589685e-01 -6.408439e-01
4.099590e-02 3.192733e-01 -6.355978e-01
4.109589e-02 3.779137e-01 -6.305942e-01
4.119588e-02 2.960014e-01 -6.258516e-01
4.129587e-02 3.003595e-01 -6.213875e-01
4.139586e-02 2.732368e-01 -6.172184e-01
4.149585e-02 4.129370e-01 -6.133597e-01
4.159584e-02 4.076466e-01 -6.098255e-01
4.169583e-02 3.916442e-01 -6.066285e-01
4.179582e-02 3.725900e-01 -6.037801e-01
4.189581e-02 3.681074e-01 -6.012903e-01
4.199580e-02 3.530025e-01 -5.991675e-01
4.209579e-02 3.127346e-01 -5.974185e-01
4.219578e-02 3.663319e-01 -5.960485e-01
4.229577e-02 4.090145e-01 -5.950612e-01
4.239576e-02 3.226158e-01 -5.944585e-01
4.249575e-02 4.494286e-01 -5.942406e-01
4.259574e-02 3.186084e-01 -5.944059e-01
4.269573e-02 3.956736e-01 -5.949514e-01
4.279572e-02 2.627031e-01 -5.958723e-01
4.289571e-02 3.356345e-01 -5.971619e-01
4.299570e-02 2.805507e-01 -5.988123e-01
4.309569e-02 3.209638e-01 -6.008138e-01
4.319568e-02 3.583033e-01 -6.031553e-01
4.329567e-02 3.172533e-01 -6.058241e-01
4.339566e-02 2.707286e-01 -6.088063e-01
4.349565e-02 3.525281e-01 -6.120868e-01
4.359564e-02 2.910771e-01 -6.156492e-01
4.369563e-02 3.413368e-01 -6.194761e-01
4.379562e-02 3.709017e-01 -6.235491e-01
4.389561e-02 3.655385e-01 -6.278490e-01
4.399560e-02 3.202234e-01 -6.323558e-01
4.409559e-02 2.706605e-01 -6.370491e-01
4.419558e-02 3.663269e-01 -6.419079e-01
4.429557e-02 3.553833e-01 -6.469107e-01
4.439556e-02 2.336312e-01 -6.520362e-01
4.449555e-02 2.967300e-01 -6.572626e-01
4.459554e-02 2.978796e-01 -6.625683e-01
4.469553e-02 2.480618e-01 -6.679318e-01
4.479552e-02 3.196036e-01 -6.733321e-01
4.489551e-02 1.637430e-01 -6.787483e-01
4.499550e-02 3.166616e-01 -6.841600e-01
4.509549e-02 3.326540e-01 -6.895475e-01
4.519548e-02 2.320145e-01 -6.948917e-01
4.529547e-02 2.541258e-01 -7.001744e-01
4.539546e-02 2.310641e-01 -7.053780e-01
4.549545e-02 2.843973e-01 -7.104860e-01
4.559544e-02 2.408228e-01 -7.154825e-01
4.569543e-02 2.154582e-01 -7.203530e-01
4.579542e-02 2.018974e-01 -7.250838e-01
4.589541e-02 2.181603e-01 -7.296623e-01
4.599540e-02 1.877304e-01 -7.340770e-01
4.609539e-02 2.978296e-01 -7.383173e-01
4.619538e-02 2.293617e-01 -7.423740e-01
4.629537e-02 1.801425e-01 -7.462387e-01
4.639536e-02 2.566390e-01 -7.499042e-01
4.649535e-02 1.932534e-01 -7.533643e-01
4.659534e-02 2.198165e-01 -7.566140e-01
4.669533e-02 1.901358e-01 -7.596489e-01
4.679532e-02 2.223688e-01 -7.624660e-01
4.689531e-02 2.682524e-01 -7.650628e-01
4.699530e-02 2.164598e-01 -7.674381e-01
4.709529e-02 2.184802e-01 -7.695913e-01
4.719528e-02 1.768272e-01 -7.715226e-01
4.729527e-02 1.515580e-01 -7.732329e-01
4.739526e-02 2.554150e-01 -7.747239e-01
4.749525e-02 2.121175e-01 -7.759979e-01
4.759524e-02 1.509226e-01 -7.770579e-01
4.769523e-02 1.842056e-01 -7.779072e-01
4.779522e-02 2.572494e-01 -7.785497e-01
4.789521e-02 2.818392e-01 -7.789899e-01
4.799520e-02 1.349232e-01 -7.792325e-01
4.809519e-02 2.148282e-01 -7.792827e-01
4.819518e-02 2.770407e-01 -7.791459e-01
4.829517e-02 1.975948e-01 -7.788277e-01
4.839516e-02 2.762549e-01 -7.783343e-01
4.849515e-02 2.930575e-01 -7.776716e-01
4.859514e-02 2.787497e-01 -7.768460e-01
4.869513e-02 2.026472e-01 -7.758640e-01
4.879512e-02 2.359642e-01 -7.747319e-01
4.889511e-02 2.496049e-01 -7.734564e-01
4.899510e-02 2.366966e-01 -7.720441e-01
4.909509e-02 2.051567e-01 -7.705015e-01
4.919508e-02 2.451642e-01 -7.688354e-01
4.929507e-02 2.221798e-01 -7.670523e-01
4.939506e-02 2.761985e-01 -7.651587e-01
4.949505e-02 1.693805e-01 -7.631610e-01
4.959504e-02 3.644572e-01 -7.610656e-01
4.969503e-02 2.740507e-01 -7.588788e-01
4.979502e-02 2.831543e-01 -7.566068e-01
4.989501e-02 3.262210e-01 -7.542556e-01
4.999500e-02 2.522708e-01 -7.518311e-01
5.009499e-02 4.373948e-01 -7.493391e-01
5.019498e-02 3.213187e-01 -7.467852e-01
5.029497e-02 3.242458e-01 -7.441749e-01
5.039496e-02 3.116131e-01 -7.415136e-01
5.049495e-02 3.567823e-01 -7.388063e-01
5.059494e-02 2.723515e-01 -7.360582e-01
5.069493e-02 2.741120e-01 -7.332740e-01
5.079492e-02 3.605404e-01 -7.304585e-01
5.089491e-02 4.460632e-01 -7.276162e-01
5.099490e-02 5.088511e-01 -7.247514e-01
5.109489e-02 3.908415e-01 -7.218684e-01
5.119488e-02 3.766741e-01 -7.189711e-01
5.129487e-02 4.025510e-01 -7.160635e-01
5.139486e-02 4.527280e-01 -7.131493e-01
5.149485e-02 3.831468e-01 -7.102319e-01
5.159484e-02 3.058890e-01 -7.073149e-01
5.169483e-02 3.706040e-01 -7.044015e-01
5.179482e-02 3.923020e-01 -7.014948e-01
5.189481e-02 4.518708e-01 -6.985977e-01
5.199480e-02 3.285303e-01 -6.957132e-01
5.209479e-02 3.692870e-01 -6.928437e-01
5.219478e-02 4.141941e-01 -6.899920e-01
5.229477e-02 4.668860e-01 -6.871603e-01
5.239476e-02 3.811554e-01 -6.843511e-01
5.249475e-02 3.501986e-01 -6.815665e-01
5.259474e-02 3.784147e-01 -6.788084e-01
5.269473e-02 5.090619e-01 -6.760789e-01
5.279472e-02 3.504912e-01 -6.733797e-01
5.289471e-02 4.203319e-01 -6.707125e-01
5.299470e-02 4.025947e-01 -6.680790e-01
5.309469e-02 3.533624e-01 -6.654806e-01
5.319468e-02 4.121335e-01 -6.629188e-01
5.329467e-02 4.154765e-01 -6.603948e-01
5.339466e-02 5.169433e-01 -6.579098e-01
5.349465e-02 4.422294e-01 -6.554649e-01
5.359464e-02 3.940346e-01 -6.530613e-01
5.369463e-02 4.381085e-01 -6.506998e-01
5.379462e-02 3.416750e-01 -6.483813e-01
5.389461e-02 4.403797e-01 -6.461065e-01
5.399460e-02 3.326915e-01 -6.438764e-01
5.409459e-02 4.476535e-01 -6.416914e-01
5.419458e-02 5.080028e-01 -6.395522e-01
5.429457e-02 3.673412e-01 -6.374592e-01
5.439456e-02 4.442234e-01 -6.354131e-01
5.449455e-02 3.552768e-01 -6.334140e-01
5.459454e-02 3.347254e-01 -6.314625e-01
5.469453e-02 2.965723e-01 -6.295588e-01
5.479452e-02 4.153239e-01 -6.277030e-01
5.489451e-02 3.241784e-01 -6.258956e-01
5.499450e-02 3.210974e-01 -6.241364e-01
5.509449e-02 3.212940e-01 -6.224257e-01
5.519448e-02 2.406142e-01 -6.207636e-01
5.529447e-02 3.317083e-01 -6.191500e-01
5.539446e-02 3.464466e-01 -6.175848e-01
5.549445e-02 2.823846e-01 -6.160681e-01
5.559444e-02 3.365955e-01 -6.145998e-01
5.569443e-02 3.533531e-01 -6.131797e-01
5.579442e-02 2.782327e-01 -6.118076e-01
5.589441e-02 3.211161e-01 -6.104834e-01
5.599440e-02 3.044733e-01 -6.092068e-01
5.609439e-02 3.324426e-01 -6.079776e-01
5.619438e-02 2.446594e-01 -6.067955e-01
5.629437e-02 2.327317e-01 -6.056603e-01
5.639436e-02 2.530362e-01 -6.045715e-01
5.649435e-02 1.933611e-01 -6.035289e-01
5.659434e-02 2.270043e-01 -6.025321e-01
5.669433e-02 2.923887e-01 -6.015807e-01
5.679432e-02 2.868003e-01 -6.006743e-01
5.689431e-02 2.625168e-01 -5.998125e-01
5.699430e-02 1.485174e-01 -5.989948e-01
5.709429e-02 2.942796e-01 -5.982208e-01
5.719428e-02 2.635317e-01 -5.974901e-01
5.729427e-02 2.216990e-01 -5.968022e-01
5.739426e-02 2.470054e-01 -5.961565e-01
5.749425e-02 2.010549e-01 -5.955527e-01
5.759424e-02 2.725450e-01 -5.949901e-01
5.769423e-02 2.366027e-01 -5.944682e-01
5.779422e-02 3.215609e-01 -5.939866e-01
5.789421e-02 2.327171e-01 -5.935447e-01
5.799420e-02 3.247440e-01 -5.931419e-01
5.809419e-02 2.029856e-01 -5.927777e-01
5.819418e-02 2.143696e-01 -5.924516e-01
5.829417e-02 2.726310e-01 -5.921630e-01
5.839416e-02 2.371984e-01 -5.919112e-01
5.849415e-02 2.475681e-01 -5.916958e-01
5.859414e-02 3.124948e-01 -5.915162e-01
5.869413e-02 2.976970e-01 -5.913718e-01
5.879412e-02 3.114949e-01 -5.912620e-01
5.889411e-02 2.988724e-01 -5.911861e-01
5.899410e-02 3.488213e-01 -5.911438e-01
5.909409e-02 3.141622e-01 -5.911343e-01
5.919408e-02 3.200890e-01 -5.911570e-01
5.929407e-02 3.639170e-01 -5.912114e-01
5.939406e-02 2.944274e-01 -5.912969e-01
5.949405e-02 3.012617e-01 -5.914129e-01
5.959404e-02 3.590994e-01 -5.915588e-01
5.969403e-02 3.022694e-01 -5.917340e-01
5.979402e-02 2.851744e-01 -5.919379e-01
5.989401e-02 2.402127e-01 -5.921699e-01
5.999400e-02 2.788043e-01 -5.924295e-01
6.009399e-02 3.415119e-01 -5.927160e-01
6.019398e-02 3.549841e-01 -5.930289e-01
6.029397e-02 4.145118e-01 -5.933677e-01
6.039396e-02 3.858393e-01 -5.937316e-01
6.049395e-02 4.458729e-01 -5.941202e-01
6.059394e-02 4.006769e-01 -5.945328e-01
6.069393e-02 3.965314e-01 -5.949689e-01
6.079392e-02 3.839210e-01 -5.954279e-01
6.089391e-02 4.366253e-01 -5.959093e-01
6.099390e-02 4.365308e-01 -5.964125e-01
6.109389e-02 3.907471e-01 -5.969370e-01
6.119388e-02 4.411846e-01 -5.974821e-01
6.129387e-02 4.861391e-01 -5.980474e-01
6.139386e-02 4.566092e-01 -5.986322e-01
6.149385e-02 5.366734e-01 -5.992361e-01
6.159384e-02 4.244158e-01 -5.998585e-01
6.169383e-02 4.786704e-01 -6.004988e-01
6.179382e-02 4.148333e-01 -6.011566e-01
6.189381e-02 5.202209e-01 -6.018313e-01
6.199380e-02 5.415861e-01 -6.025223e-01
6.209379e-02 4.818042e-01 -6.032293e-01
6.219378e-02 5.203529e-01 -6.039516e-01
6.229377e-02 5.410428e-01 -6.046887e-01
6.239376e-02 4.526596e-01 -6.054402e-01
6.249375e-02 4.875138e-01 -6.062055e-01
6.259374e-02 4.810454e-01 -6.069841e-01
6.269373e-02 4.644115e-01 -6.077756e-01
6.279372e-02 4.524863e-01 -6.085795e-01
6.289371e-02 5.360529e-01 -6.093953e-01
6.299370e-02 4.809469e-01 -6.102224e-01
6.309369e-02 4.043875e-01 -6.110605e-01
6.319368e-02 4.964096e-01 -6.119091e-01
6.329367e-02 4.090900e-01 -6.127677e-01
6.339366e-02 4.654200e-01 -6.136358e-01
6.349365e-02 4.301287e-01 -6.145131e-01
6.359364e-02 4.349106e-01 -6.153990e-01
6.369363e-02 4.289125e-01 -6.162931e-01
6.379362e-02 4.731754e-01 -6.171950e-01
6.389361e-02 5.236140e-01 -6.181043e-01
6.399360e-02 4.635750e-01 -6.190204e-01
6.409359e-02 3.908446e-01 -6.199431e-01
6.419358e-02 4.064534e-01 -6.208718e-01
6.429357e-02 4.198505e-01 -6.218063e-01
6.439356e-02 4.065289e-01 -6.227459e-01
6.449355e-02 4.881833e-01 -6.236905e-01
6.459354e-02 4.008526e-01 -6.246395e-01
6.469353e-02 4.183763e-01 -6.255926e-01
6.479352e-02 3.888673e-01 -6.265494e-01
6.489351e-02 3.380934e-01 -6.275095e-01
6.499350e-02 4.002650e-01 -6.284725e-01
6.509349e-02 4.443958e-01 -6.294381e-01
6.519348e-02 3.658929e-01 -6.304058e-01
6.529347e-02 3.869092e-01 -6.313755e-01
6.539346e-02 4.141832e-01 -6.323465e-01
6.549345e-02 4.119627e-01 -6.333187e-01
6.559344e-02 3.829409e-01 -6.342917e-01
6.569343e-02 3.588180e-01 -6.352651e-01
6.579342e-02 4.262726e-01 -6.362386e-01
6.589341e-02 3.495172e-01 -6.372119e-01
6.599340e-02 3.727785e-01 -6.381846e-01
6.609339e-02 3.270182e-01 -6.391564e-01
6.619338e-02 3.059849e-01 -6.401270e-01
6.629337e-02 3.745172e-01 -6.410961e-01
6.639336e-02 4.156155e-01 -6.420634e-01
6.649335e-02 2.777470e-01 -6.430286e-01
6.659334e-02 2.626953e-01 -6.439913e-01
6.669333e-02 3.008237e-01 -6.449513e-01
6.679332e-02 3.349763e-01 -6.459082e-01
6.689331e-02 3.851202e-01 -6.468619e-01
6.699330e-02 3.086145e-01 -6.478120e-01
6.709329e-02 3.121784e-01 -6.487583e-01
6.719328e-02 2.763736e-01 -6.497004e-01
6.729327e-02 2.492167e-01 -6.506381e-01
6.739326e-02 3.425817e-01 -6.515712e-01
6.749325e-02 2.869945e-01 -6.524994e-01
6.759324e-02 2.615516e-01 -6.534224e-01
6.769323e-02 3.433156e-01 -6.543400e-01
6.779322e-02 2.416368e-01 -6.552520e-01
6.789321e-02 2.905854e-01 -6.561580e-01
6.799320e-02 2.609806e-01 -6.570580e-01
6.809319e-02 3.635582e-01 -6.579515e-01
6.819318e-02 4.083399e-01 -6.588386e-01
6.829317e-02 3.192150e-01 -6.597188e-01
6.839316e-02 3.769208e-01 -6.605919e-01
6.849315e-02 3.525798e-01 -6.614579e-01
6.859314e-02 3.015210e-01 -6.623164e-01
6.869313e-02 2.408874e-01 -6.631673e-01
6.879312e-02 3.724315e-01 -6.640103e-01
6.889311e-02 3.453780e-01 -6.648454e-01
6.899310e-02 4.234336e-01 -6.656721e-01
6.909309e-02 4.004295e-01 -6.664905e-01
6.919308e-02 3.714243e-01 -6.673003e-01
6.929307e-02 4.212071e-01 -6.681014e-01
6.939306e-02 3.870822e-01 -6.688935e-01
6.949305e-02 3.668113e-01 -6.696765e-01
6.959304e-02 4.056702e-01 -6.704502e-01
6.969303e-02 5.078477e-01 -6.712145e-01
6.979302e-02 4.339315e-01 -6.719692e-01
6.989301e-02 3.883620e-01 -6.727142e-01
6.999300e-02 4.516687e-01 -6.734494e-01
7.009299e-02 4.092160e-01 -6.741745e-01
7.019298e-02 4.956737e-01 -6.748894e-01
7.029297e-02 4.949939e-01 -6.755941e-01
7.039296e-02 4.466809e-01 -6.762884e-01
7.049295e-02 5.148999e-01 -6.769721e-01
7.059294e-02 4.392786e-01 -6.776451e-01
7.069293e-02 4.381834e-01 -6.783074e-01
7.079292e-02 4.196530e-01 -6.789588e-01
7.089291e-02 5.381000e-01 -6.795992e-01
7.099290e-02 4.852560e-01 -6.802286e-01
7.109289e-02 4.789924e-01 -6.808467e-01
7.119288e-02 4.826372e-01 -6.814535e-01
7.129287e-02 4.304024e-01 -6.820490e-01
7.139286e-02 4.646937e-01 -6.826330e-01
7.149285e-02 4.558285e-01 -6.832055e-01
7.159284e-02 4.588434e-01 -6.837663e-01
7.169283e-02 5.332745e-01 -6.843155e-01
7.179282e-02 5.117743e-01 -6.848529e-01
7.189281e-02 4.271768e-01 -6.853785e-01
7.199280e-02 5.579844e-01 -6.858922e-01
7.209279e-02 5.195311e-01 -6.863940e-01
7.219278e-02 5.328238e-01 -6.868838e-01
7.229277e-02 5.505645e-01 -6.873616e-01
7.239276e-02 5.523256e-01 -6.878273e-01
7.249275e-02 4.649012e-01 -6.882809e-01
7.259274e-02 5.214791e-01 -6.887223e-01
7.269273e-02 5.269006e-01 -6.891516e-01
7.279272e-02 5.576928e-01 -6.895687e-01
7.289271e-02 4.947093e-01 -6.899736e-01
7.299270e-02 5.405034e-01 -6.903663e-01
7.309269e-02 5.198826e-01 -6.907467e-01
7.319268e-02 6.234141e-01 -6.911149e-01
7.329267e-02 4.973880e-01 -6.914708e-01
7.339266e-02 4.508038e-01 -6.918145e-01
7.349265e-02 5.506455e-01 -6.921460e-01
7.359264e-02 5.100007e-01 -6.924653e-01
7.369263e-02 5.043016e-01 -6.927723e-01
7.379262e-02 5.146311e-01 -6.930672e-01
7.389261e-02 4.717250e-01 -6.933499e-01
7.399260e-02 4.997571e-01 -6.936204e-01
7.409259e-02 5.316087e-01 -6.938789e-01
7.419258e-02 4.978724e-01 -6.941253e-01
7.429257e-02 5.032280e-01 -6.943596e-01
7.439256e-02 4.350384e-01 -6.945821e-01
7.449255e-02 4.581180e-01 -6.947925e-01
7.459254e-02 4.693018e-01 -6.949912e-01
7.469253e-02 3.901446e-01 -6.951780e-01
7.479252e-02 3.705094e-01 -6.953531e-01
7.489251e-02 4.534521e-01 -6.955165e-01
7.499250e-02 5.234884e-01 -6.956683e-01
7.509249e-02 4.397131e-01 -6.958086e-01
7.519248e-02 4.010869e-01 -6.959375e-01
7.529247e-02 3.618559e-01 -6.960550e-01
7.539246e-02 4.060329e-01 -6.961612e-01
7.549245e-02 3.401062e-01 -6.962563e-01
7.559244e-02 3.498624e-01 -6.963404e-01
7.569243e-02 3.960261e-01 -6.964135e-01
7.579242e-02 3.808970e-01 -6.964757e-01
7.589241e-02 4.284803e-01 -6.965272e-01
7.599240e-02 4.586798e-01 -6.965681e-01
7.609239e-02 3.991997e-01 -6.965986e-01
7.619238e-02 4.007543e-01 -6.966186e-01
7.629237e-02 3.939993e-01 -6.966284e-01
7.639236e-02 3.243228e-01 -6.966282e-01
7.649235e-02 4.542700e-01 -6.966180e-01
7.659234e-02 4.312591e-01 -6.965979e-01
7.669233e-02 4.065325e-01 -6.965683e-01
7.679232e-02 3.374637e-01 -6.965291e-01
7.689231e-02 3.814285e-01 -6.964806e-01
7.699230e-02 3.639927e-01 -6.964229e-01
7.709229e-02 3.450891e-01 -6.963562e-01
7.719228e-02 2.876838e-01 -6.962807e-01
7.729227e-02 3.039645e-01 -6.961965e-01
7.739226e-02 2.808399e-01 -6.961038e-01
7.749225e-02 4.323974e-01 -6.960028e-01
7.759224e-02 4.481729e-01 -6.958938e-01
7.769223e-02 3.655108e-01 -6.957768e-01
7.779222e-02 3.888821e-01 -6.956521e-01
7.789221e-02 3.726726e-01 -6.955199e-01
7.799220e-02 4.280143e-01 -6.953804e-01
7.809219e-02 3.853250e-01 -6.952338e-01
7.819218e-02 4.019691e-01 -6.950804e-01
7.829217e-02 4.216432e-01 -6.949203e-01
7.839216e-02 4.078157e-01 -6.947537e-01
7.849215e-02 4.880795e-01 -6.945810e-01
7.859214e-02 4.266529e-01 -6.944023e-01
7.869213e-02 4.330471e-01 -6.942179e-01
7.879212e-02 3.992102e-01 -6.940280e-01
7.889211e-02 4.743608e-01 -6.938329e-01
7.899210e-02 3.760684e-01 -6.936328e-01
7.909209e-02 4.297369e-01 -6.934280e-01
7.919208e-02 3.845510e-01 -6.932187e-01
7.929207e-02 4.626966e-01 -6.930052e-01
7.939206e-02 5.129479e-01 -6.927878e-01
7.949205e-02 4.078035e-01 -6.925667e-01
7.959204e-02 4.096696e-01 -6.923422e-01
7.969203e-02 4.015605e-01 -6.921146e-01
7.979202e-02 5.149278e-01 -6.918842e-01
7.989201e-02 4.646306e-01 -6.916513e-01
7.999200e-02 4.879170e-01 -6.914161e-01
8.009199e-02 4.807321e-01 -6.911790e-01
8.019198e-02 5.444641e-01 -6.909403e-01
8.029197e-02 4.812493e-01 -6.907002e-01
8.039196e-02 4.962719e-01 -6.904591e-01
8.049195e-02 4.391700e-01 -6.902173e-01
8.059194e-02 6.066602e-01 -6.899751e-01
8.069193e-02 4.870080e-01 -6.897329e-01
8.079192e-02 5.322608e-01 -6.894909e-01
8.089191e-02 6.414434e-01 -6.892495e-01
8.099190e-02 6.345663e-01 -6.890090e-01
8.109189e-02 5.442657e-01 -6.887697e-01
8.119188e-02 6.308746e-01 -6.885321e-01
8.129187e-02 5.003114e-01 -6.882964e-01
8.139186e-02 5.990982e-01 -6.880631e-01
8.149185e-02 5.552568e-01 -6.878323e-01
8.159184e-02 5.836700e-01 -6.876046e-01
8.169183e-02 6.204751e-01 -6.873803e-01
8.179182e-02 5.404634e-01 -6.871597e-01
8.189181e-02 5.110997e-01 -6.869432e-01
8.199180e-02 5.564880e-01 -6.867312e-01
8.209179e-02 6.345507e-01 -6.865240e-01
8.219178e-02 5.916354e-01 -6.863221e-01
8.229177e-02 5.298223e-01 -6.861257e-01
8.239176e-02 5.733819e-01 -6.859354e-01
8.249175e-02 5.767452e-01 -6.857515e-01
8.259174e-02 6.357590e-01 -6.855744e-01
8.269173e-02 6.030216e-01 -6.854045e-01
8.279172e-02 7.171181e-01 -6.852422e-01
8.289171e-02 6.619175e-01 -6.850878e-01
8.299170e-02 6.052273e-01 -6.849419e-01
8.309169e-02 6.728493e-01 -6.848048e-01
8.319168e-02 6.693302e-01 -6.846769e-01
8.329167e-02 6.041778e-01 -6.845587e-01
8.339166e-02 6.159322e-01 -6.844506e-01
8.349165e-02 5.765545e-01 -6.843529e-01
8.359164e-02 5.705316e-01 -6.842662e-01
8.369163e-02 5.455241e-01 -6.841909e-01
8.379162e-02 5.636539e-01 -6.841273e-01
8.389161e-02 5.148260e-01 -6.840760e-01
8.399160e-02 5.449312e-01 -6.840373e-01
8.409159e-02 5.584213e-01 -6.840118e-01
8.419158e-02 5.656017e-01 -6.839998e-01
8.429157e-02 5.742083e-01 -6.840018e-01
8.439156e-02 5.571842e-01 -6.840183e-01
8.449155e-02 4.808765e-01 -6.840496e-01
8.459154e-02 5.458542e-01 -6.840964e-01
8.469153e-02 5.048404e-01 -6.841590e-01
8.479152e-02 4.545629e-01 -6.842378e-01
8.489151e-02 4.956821e-01 -6.843334e-01
8.499150e-02 5.281702e-01 -6.844462e-01
8.509149e-02 5.678503e-01 -6.845767e-01
8.519148e-02 4.819237e-01 -6.847253e-01
8.529147e-02 5.384003e-01 -6.848925e-01
8.539146e-02 5.676834e-01 -6.850788e-01
8.549145e-02 4.853160e-01 -6.852846e-01
8.559144e-02 4.914999e-01 -6.855104e-01
8.569143e-02 4.297170e-01 -6.857568e-01
8.579142e-02 5.033943e-01 -6.860241e-01
8.589141e-02 4.679213e-01 -6.863128e-01
8.599140e-02 4.157028e-01 -6.866234e-01
8.609139e-02 4.618266e-01 -6.869565e-01
8.619138e-02 4.510438e-01 -6.873123e-01
8.629137e-02 4.084092e-01 -6.876915e-01
8.639136e-02 4.217672e-01 -6.880945e-01
8.649135e-02 4.650964e-01 -6.885217e-01
8.659134e-02 4.763571e-01 -6.889737e-01
8.669133e-02 4.310966e-01 -6.894509e-01
8.679132e-02 4.062791e-01 -6.899537e-01
8.689131e-02 3.769602e-01 -6.904826e-01
8.699130e-02 4.688317e-01 -6.910382e-01
8.709129e-02 4.640450e-01 -6.916207e-01
8.719128e-02 4.073299e-01 -6.922308e-01
8.729127e-02 4.987153e-01 -6.928688e-01
8.739126e-02 4.026479e-01 -6.935352e-01
8.749125e-02 4.331919e-01 -6.942303e-01
8.759124e-02 4.677439e-01 -6.949548e-01
8.769123e-02 4.677670e-01 -6.957089e-01
8.779122e-02 4.710006e-01 -6.964931e-01
8.789121e-02 3.819665e-01 -6.973078e-01
8.799120e-02 5.166450e-01 -6.981534e-01
8.809119e-02 4.468688e-01 -6.990303e-01
8.819118e-02 3.486102e-01 -6.999389e-01
8.829117e-02 4.477649e-01 -7.008796e-01
8.839116e-02 4.390989e-01 -7.018527e-01
8.849115e-02 4.189495e-01 -7.028587e-01
8.859114e-02 4.349949e-01 -7.038977e-01
8.869113e-02 4.926395e-01 -7.049702e-01
8.879112e-02 4.784717e-01 -7.060765e-01
8.889111e-02 4.921095e-01 -7.072169e-01
8.899110e-02 4.307912e-01 -7.083917e-01
8.909109e-02 3.843492e-01 -7.096011e-01
8.919108e-02 4.635882e-01 -7.108454e-01
8.929107e-02 4.595883e-01 -7.121248e-01
8.939106e-02 4.619239e-01 -7.134395e-01
8.949105e-02 5.540243e-01 -7.147898e-01
8.959104e-02 5.081978e-01 -7.161757e-01
8.969103e-02 4.996301e-01 -7.175975e-01
8.979102e-02 5.575386e-01 -7.190553e-01
8.989101e-02 5.843473e-01 -7.205491e-01
8.999100e-02 5.362679e-01 -7.220790e-01
9.009099e-02 5.936328e-01 -7.236451e-01
9.019098e-02 5.856790e-01 -7.252473e-01
9.029097e-02 5.194700e-01 -7.268857e-01
9.039096e-02 5.384563e-01 -7.285601e-01
9.049095e-02 5.832348e-01 -7.302705e-01
9.059094e-02 5.984495e-01 -7.320167e-01
9.069093e-02 5.912530e-01 -7.337985e-01
9.079092e-02 5.478051e-01 -7.356157e-01
9.089091e-02 6.202349e-01 -7.374681e-01
9.099090e-02 6.519491e-01 -7.393553e-01
9.109089e-02 5.876268e-01 -7.412770e-01
9.119088e-02 6.255761e-01 -7.432327e-01
9.129087e-02 5.862567e-01 -7.452221e-01
9.139086e-02 6.073575e-01 -7.472444e-01
9.149085e-02 6.411981e-01 -7.492993e-01
9.159084e-02 6.895144e-01 -7.513859e-01
9.169083e-02 5.620856e-01 -7.535037e-01
9.179082e-02 6.407765e-01 -7.556518e-01
9.189081e-02 6.222845e-01 -7.578294e-01
9.199080e-02 5.970520e-01 -7.600355e-01
9.209079e-02 7.031394e-01 -7.622692e-01
9.219078e-02 7.442375e-01 -7.645294e-01
9.229077e-02 6.323070e-01 -7.668148e-01
9.239076e-02 6.509068e-01 -7.691243e-01
9.249075e-02 6.249802e-01 -7.714566e-01
9.259074e-02 6.424659e-01 -7.738101e-01
9.269073e-02 5.616838e-01 -7.761833e-01
9.279072e-02 5.008225e-01 -7.785746e-01
9.289071e-02 6.824467e-01 -7.809823e-01
9.299070e-02 6.355816e-01 -7.834046e-01
9.309069e-02 6.225898e-01 -7.858394e-01
9.319068e-02 5.937276e-01 -7.882847e-01
9.329067e-02 5.603011e-01 -7.907383e-01
9.339066e-02 5.798751e-01 -7.931980e-01
9.349065e-02 6.374930e-01 -7.956612e-01
9.359064e-02 6.324987e-01 -7.981254e-01
9.369063e-02 7.092796e-01 -8.005879e-01
9.379062e-02 6.385814e-01 -8.030460e-01
9.389061e-02 6.435475e-01 -8.054966e-01
9.399060e-02 6.468196e-01 -8.079366e-01
9.409059e-02 6.323061e-01 -8.103629e-01
9.419058e-02 5.780177e-01 -8.127719e-01
9.429057e-02 6.022941e-01 -8.151603e-01
9.439056e-02 5.636178e-01 -8.175244e-01
9.449055e-02 5.680359e-01 -8.198603e-01
9.459054e-02 5.921723e-01 -8.221641e-01
9.469053e-02 5.263000e-01 -8.244318e-01
9.479052e-02 6.555104e-01 -8.266590e-01
9.489051e-02 5.349610e-01 -8.288415e-01
9.499050e-02 5.228391e-01 -8.309748e-01
9.509049e-02 6.230283e-01 -8.330542e-01
9.519048e-02 5.362497e-01 -8.350750e-01
9.529047e-02 5.245661e-01 -8.370324e-01
9.539046e-02 5.247843e-01 -8.389215e-01
9.549045e-02 5.178068e-01 -8.407371e-01
9.559044e-02 5.208802e-01 -8.424741e-01
9.569043e-02 5.872043e-01 -8.441274e-01
9.579042e-02 5.241647e-01 -8.456917e-01
9.589041e-02 5.427747e-01 -8.471618e-01
9.599040e-02 5.610570e-01 -8.485322e-01
9.609039e-02 4.909452e-01 -8.497977e-01
9.619038e-02 4.898386e-01 -8.509531e-01
9.629037e-02 5.728277e-01 -8.519930e-01
9.639036e-02 3.123255e-01 -8.529123e-01
9.649035e-02 5.301910e-01 -8.537060e-01
9.659034e-02 3.975458e-01 -8.543690e-01
9.669033e-02 4.464352e-01 -8.548967e-01
9.679032e-02 4.154543e-01 -8.552844e-01
9.689031e-02 4.495685e-01 -8.555277e-01
9.699030e-02 3.907915e-01 -8.556226e-01
9.709029e-02 3.863668e-01 -8.555653e-01
9.719028e-02 5.245505e-01 -8.553523e-01
9.729027e-02 4.730082e-01 -8.549805e-01
9.739026e-02 4.374568e-01 -8.544473e-01
9.749025e-02 5.007128e-01 -8.537505e-01
9.759024e-02 4.891376e-01 -8.528883e-01
9.769023e-02 3.893998e-01 -8.518597e-01
9.779022e-02 4.781430e-01 -8.506640e-01
9.789021e-02 5.305378e-01 -8.493011e-01
9.799020e-02 4.818366e-01 -8.477719e-01
9.809019e-02 5.250391e-01 -8.460775e-01
9.819018e-02 5.214451e-01 -8.442200e-01
9.829017e-02 4.362060e-01 -8.422021e-01
9.839016e-02 5.142731e-01 -8.400274e-01
9.849015e-02 4.466921e-01 -8.376999e-01
9.859014e-02 5.120014e-01 -8.352247e-01
9.869013e-02 5.391621e-01 -8.326075e-01
9.879012e-02 5.104358e-01 -8.298548e-01
9.889011e-02 4.321475e-01 -8.269738e-01
9.899010e-02 4.357803e-01 -8.239724e-01
9.909009e-02 5.333542e-01 -8.208592e-01
9.919008e-02 5.320493e-01 -8.176435e-01
9.929007e-02 6.238922e-01 -8.143352e-01
9.939006e-02 5.297558e-01 -8.109449e-01
9.949005e-02 5.696586e-01 -8.074834e-01
9.959004e-02 5.646998e-01 -8.039623e-01
9.969003e-02 5.035008e-01 -8.003934e-01
9.979002e-02 4.779023e-01 -7.967888e-01
9.989001e-02 5.420671e-01 -7.931611e-01
9.999000e-02 6.451865e-01 -7.895227e-01
1.000900e-01 4.771609e-01 -7.858865e-01
1.001900e-01 5.386155e-01 -7.822651e-01
1.002900e-01 5.755696e-01 -7.786713e-01
1.003900e-01 7.068429e-01 -7.751175e-01
1.004900e-01 6.051632e-01 -7.716160e-01
1.005899e-01 6.269634e-01 -7.681790e-01
1.006899e-01 5.311712e-01 -7.648179e-01
1.007899e-01 6.646602e-01 -7.615441e-01
1.008899e-01 5.905975e-01 -7.583683e-01
1.009899e-01 5.933120e-01 -7.553007e-01
1.010899e-01 6.001590e-01 -7.523508e-01
1.011899e-01 8.007272e-01 -7.495276e-01
1.012899e-01 6.868390e-01 -7.468393e-01
1.013899e-01 7.595138e-01 -7.442935e-01
1.014899e-01 6.560683e-01 -7.418969e-01
1.015898e-01 7.846121e-01 -7.396557e-01
1.016898e-01 6.427393e-01 -7.375751e-01
1.017898e-01 6.820223e-01 -7.356597e-01
1.018898e-01 7.489005e-01 -7.339131e-01
1.019898e-01 6.736897e-01 -7.323385e-01
1.020898e-01 7.378606e-01 -7.309380e-01
1.021898e-01 7.147025e-01 -7.297133e-01
1.022898e-01 7.131422e-01 -7.286652e-01
1.023898e-01 7.765951e-01 -7.277938e-01
1.024898e-01 7.302514e-01 -7.270988e-01
1.025897e-01 6.634527e-01 -7.265791e-01
1.026897e-01 7.304051e-01 -7.262332e-01
1.027897e-01 8.090085e-01 -7.260587e-01
1.028897e-01 7.115398e-01 -7.260533e-01
1.029897e-01 7.165784e-01 -7.262137e-01
1.030897e-01 6.712435e-01 -7.265365e-01
1.031897e-01 6.143918e-01 -7.270178e-01
1.032897e-01 7.245026e-01 -7.276536e-01
1.033897e-01 7.095522e-01 -7.284392e-01
1.034897e-01 7.034247e-01 -7.293700e-01
1.035896e-01 7.165305e-01 -7.304410e-01
1.036896e-01 6.322565e-01 -7.316472e-01
1.037896e-01 6.685009e-01 -7.329832e-01
1.038896e-01 6.713221e-01 -7.344437e-01
1.039896e-01 6.237734e-01 -7.360231e-01
1.040896e-01 5.580899e-01 -7.377160e-01
1.041896e-01 6.733737e-01 -7.395167e-01
1.042896e-01 6.349472e-01 -7.414197e-01
1.043896e-01 6.515993e-01 -7.434194e-01
1.044896e-01 5.600153e-01 -7.455103e-01
1.045895e-01 6.795134e-01 -7.476867e-01
1.046895e-01 6.203875e-01 -7.499434e-01
1.047895e-01 6.051586e-01 -7.522750e-01
1.048895e-01 6.118643e-01 -7.546761e-01
1.049895e-01 7.166994e-01 -7.571416e-01
1.050895e-01 5.864692e-01 -7.596665e-01
1.051895e-01 4.834590e-01 -7.622458e-01
1.052895e-01 5.995084e-01 -7.648747e-01
1.053895e-01 5.520630e-01 -7.675486e-01
1.054895e-01 5.426399e-01 -7.702629e-01
1.055894e-01 6.489406e-01 -7.730133e-01
1.056894e-01 4.849175e-01 -7.757955e-01
1.057894e-01 5.331541e-01 -7.786054e-01
1.058894e-01 4.946792e-01 -7.814391e-01
1.059894e-01 5.788362e-01 -7.842928e-01
1.060894e-01 6.180763e-01 -7.871628e-01
1.061894e-01 5.318579e-01 -7.900457e-01
1.062894e-01 5.669678e-01 -7.929381e-01
1.063894e-01 5.106933e-01 -7.958369e-01
1.064894e-01 6.060912e-01 -7.987390e-01
1.065893e-01 5.441773e-01 -8.016414e-01
1.066893e-01 6.001781e-01 -8.045415e-01
1.067893e-01 6.138394e-01 -8.074366e-01
1.068893e-01 6.295035e-01 -8.103242e-01
1.069893e-01 5.706122e-01 -8.132020e-01
1.070893e-01 5.594912e-01 -8.160676e-01
1.071893e-01 5.432345e-01 -8.189191e-01
1.072893e-01 4.446418e-01 -8.217544e-01
1.073893e-01 5.177546e-01 -8.245717e-01
1.074893e-01 4.976722e-01 -8.273692e-01
1.075892e-01 5.642380e-01 -8.301453e-01
1.076892e-01 4.755327e-01 -8.328984e-01
1.077892e-01 5.724098e-01 -8.356271e-01
1.078892e-01 5.815446e-01 -8.383301e-01
1.079892e-01 4.864517e-01 -8.410060e-01
1.080892e-01 5.171744e-01 -8.436539e-01
1.081892e-01 6.058644e-01 -8.462726e-01
1.082892e-01 5.626933e-01 -8.488611e-01
1.083892e-01 4.881216e-01 -8.514186e-01
1.084892e-01 5.371252e-01 -8.539441e-01
1.085891e-01 4.880507e-01 -8.564371e-01
1.086891e-01 5.431333e-01 -8.588968e-01
1.087891e-01 4.920254e-01 -8.613226e-01
1.088891e-01 6.676905e-01 -8.637139e-01
1.089891e-01 5.004928e-01 -8.660704e-01
1.090891e-01 5.706850e-01 -8.683915e-01
1.091891e-01 5.213282e-01 -8.706770e-01
1.092891e-01 6.240580e-01 -8.729264e-01
1.093891e-01 6.498149e-01 -8.751396e-01
1.094891e-01 6.161898e-01 -8.773164e-01
1.095890e-01 6.373246e-01 -8.794565e-01
1.096890e-01 6.137560e-01 -8.815599e-01
1.097890e-01 5.913876e-01 -8.836265e-01
1.098890e-01 6.882420e-01 -8.856563e-01
1.099890e-01 6.223666e-01 -8.876492e-01
1.100890e-01 6.856565e-01 -8.896053e-01
1.101890e-01 6.952159e-01 -8.915247e-01
1.102890e-01 6.871550e-01 -8.934074e-01
1.103890e-01 6.782598e-01 -8.952536e-01
1.104890e-01 5.299428e-01 -8.970635e-01
1.105889e-01 6.751678e-01 -8.988371e-01
1.106889e-01 6.971484e-01 -9.005749e-01
1.107889e-01 7.116395e-01 -9.022769e-01
1.108889e-01 7.973548e-01 -9.039434e-01
1.109889e-01 5.945776e-01 -9.055747e-01
1.110889e-01 6.899633e-01 -9.071711e-01
1.111889e-01 7.061031e-01 -9.087329e-01
1.112889e-01 6.641893e-01 -9.102604e-01
1.113889e-01 6.896865e-01 -9.117539e-01
1.114889e-01 7.042587e-01 -9.132139e-01
1.115888e-01 7.465814e-01 -9.146407e-01
1.116888e-01 7.727727e-01 -9.160347e-01
1.117888e-01 7.859399e-01 -9.173962e-01
1.118888e-01 7.647766e-01 -9.187256e-01
1.119888e-01 7.214922e-01 -9.200235e-01
1.120888e-01 6.413183e-01 -9.212901e-01
1.121888e-01 7.281730e-01 -9.225260e-01
1.122888e-01 7.689524e-01 -9.237315e-01
1.123888e-01 7.577149e-01 -9.249072e-01
1.124888e-01 7.587859e-01 -9.260534e-01
1.125887e-01 7.151171e-01 -9.271706e-01
1.126887e-01 6.828415e-01 -9.282592e-01
1.127887e-01 6.834623e-01 -9.293198e-01
1.128887e-01 6.746363e-01 -9.303528e-01
1.129887e-01 7.694516e-01 -9.313586e-01
1.130887e-01 8.515168e-01 -9.323377e-01
1.131887e-01 7.573812e-01 -9.332907e-01
1.132887e-01 7.308646e-01 -9.342179e-01
1.133887e-01 7.523861e-01 -9.351199e-01
1.134887e-01 8.229579e-01 -9.359971e-01
1.135886e-01 7.199044e-01 -9.368500e-01
1.136886e-01 7.507661e-01 -9.376791e-01
1.137886e-01 7.296213e-01 -9.384849e-01
1.138886e-01 7.267379e-01 -9.392678e-01
1.139886e-01 6.779773e-01 -9.400283e-01
1.140886e-01 7.533595e-01 -9.407669e-01
1.141886e-01 7.311227e-01 -9.414840e-01
1.142886e-01 7.156747e-01 -9.421802e-01
1.143886e-01 7.825219e-01 -9.428560e-01
1.144886e-01 7.084784e-01 -9.435116e-01
1.145885e-01 6.806378e-01 -9.441478e-01
1.146885e-01 6.658599e-01 -9.447649e-01
1.147885e-01 7.026064e-01 -9.453633e-01
1.148885e-01 6.868387e-01 -9.459436e-01
1.149885e-01 6.191030e-01 -9.465061e-01
1.150885e-01 6.743316e-01 -9.470515e-01
1.151885e-01 6.058368e-01 -9.475800e-01
1.152885e-01 6.827831e-01 -9.480922e-01
1.153885e-01 6.619710e-01 -9.485885e-01
1.154885e-01 6.082640e-01 -9.490694e-01
1.155884e-01 6.315529e-01 -9.495353e-01
1.156884e-01 6.827234e-01 -9.499866e-01
1.157884e-01 5.824258e-01 -9.504237e-01
1.158884e-01 5.792046e-01 -9.508472e-01
1.159884e-01 6.583961e-01 -9.512574e-01
1.160884e-01 6.117201e-01 -9.516548e-01
1.161884e-01 6.075263e-01 -9.520397e-01
1.162884e-01 6.491058e-01 -9.524127e-01
1.163884e-01 5.865522e-01 -9.527741e-01
1.164884e-01 6.289065e-01 -9.531243e-01
1.165883e-01 5.574880e-01 -9.534638e-01
1.166883e-01 5.452519e-01 -9.537929e-01
1.167883e-01 4.886025e-01 -9.541120e-01
1.168883e-01 5.680364e-01 -9.544217e-01
1.169883e-01 6.328308e-01 -9.547221e-01
1.170883e-01 5.985983e-01 -9.550138e-01
1.171883e-01 6.240212e-01 -9.552971e-01
1.172883e-01 6.249894e-01 -9.555725e-01
1.173883e-01 5.923804e-01 -9.558402e-01
1.174883e-01 5.581994e-01 -9.561008e-01
1.175882e-01 5.692372e-01 -9.563544e-01
1.176882e-01 6.272168e-01 -9.566016e-01
1.177882e-01 4.585877e-01 -9.568427e-01
1.178882e-01 6.656953e-01 -9.570781e-01
1.179882e-01 5.739922e-01 -9.573081e-01
1.180882e-01 5.892638e-01 -9.575330e-01
1.181882e-01 6.044290e-01 -9.577533e-01
1.182882e-01 6.565426e-01 -9.579693e-01
1.183882e-01 5.779326e-01 -9.581813e-01
1.184882e-01 6.125470e-01 -9.583897e-01
1.185881e-01 5.095481e-01 -9.585948e-01
1.186881e-01 6.174674e-01 -9.587970e-01
1.187881e-01 5.097348e-01 -9.589966e-01
1.188881e-01 6.897027e-01 -9.591939e-01
1.189881e-01 6.149605e-01 -9.593893e-01
1.190881e-01 6.428382e-01 -9.595830e-01
1.191881e-01 6.164306e-01 -9.597755e-01
1.192881e-01 6.371564e-01 -9.599670e-01
1.193881e-01 6.106094e-01 -9.601579e-01
1.194881e-01 5.926552e-01 -9.603484e-01
1.195880e-01 5.888616e-01 -9.605389e-01
1.196880e-01 6.574618e-01 -9.607296e-01
1.197880e-01 6.636292e-01 -9.609210e-01
1.198880e-01 6.465397e-01 -9.611132e-01
1.199880e-01 6.631275e-01 -9.613066e-01
1.200880e-01 6.140612e-01 -9.615015e-01
1.201880e-01 7.013254e-01 -9.616982e-01
1.202880e-01 6.984804e-01 -9.618969e-01
1.203880e-01 6.782760e-01 -9.620980e-01
1.204880e-01 7.770498e-01 -9.623017e-01
1.205879e-01 7.003397e-01 -9.625083e-01
1.206879e-01 7.039377e-01 -9.627181e-01
1.207879e-01 7.387911e-01 -9.629313e-01
1.208879e-01 6.174333e-01 -9.631482e-01
1.209879e-01 6.982332e-01 -9.633692e-01
1.210879e-01 6.782129e-01 -9.635944e-01
1.211879e-01 7.478639e-01 -9.638241e-01
1.212879e-01 7.909736e-01 -9.640586e-01
1.213879e-01 7.906882e-01 -9.642981e-01
1.214879e-01 7.501779e-01 -9.645429e-01
1.215878e-01 7.184816e-01 -9.647933e-01
1.216878e-01 8.040004e-01 -9.650494e-01
1.217878e-01 8.583616e-01 -9.653115e-01
1.218878e-01 9.205257e-01 -9.655799e-01
1.219878e-01 8.074318e-01 -9.658547e-01
1.220878e-01 7.257755e-01 -9.661363e-01
1.221878e-01 8.010572e-01 -9.664248e-01
1.222878e-01 7.653547e-01 -9.667205e-01
1.223878e-01 7.613329e-01 -9.670235e-01
1.224878e-01 7.833239e-01 -9.673342e-01
1.225877e-01 8.371990e-01 -9.676527e-01
1.226877e-01 7.680159e-01 -9.679793e-01
1.227877e-01 7.735670e-01 -9.683141e-01
1.228877e-01 8.272716e-01 -9.686573e-01
1.229877e-01 7.348805e-01 -9.690092e-01
1.230877e-01 8.081059e-01 -9.693699e-01
1.231877e-01 6.937803e-01 -9.697397e-01
1.232877e-01 6.973405e-01 -9.701187e-01
1.233877e-01 7.399700e-01 -9.705071e-01
1.234877e-01 8.327252e-01 -9.709051e-01
1.235876e-01 7.846691e-01 -9.713128e-01
1.236876e-01 7.805815e-01 -9.717305e-01
1.237876e-01 7.983008e-01 -9.721584e-01
1.238876e-01 7.146532e-01 -9.725965e-01
1.239876e-01 7.393366e-01 -9.730450e-01
1.240876e-01 7.650762e-01 -9.735042e-01
1.241876e-01 7.033261e-01 -9.739741e-01
1.242876e-01 7.908460e-01 -9.744549e-01
1.243876e-01 6.718608e-01 -9.749467e-01
1.244876e-01 7.538176e-01 -9.754498e-01
1.245875e-01 8.259860e-01 -9.759642e-01
1.246875e-01 7.408373e-01 -9.764900e-01
1.247875e-01 6.874251e-01 -9.770275e-01
1.248875e-01 6.768813e-01 -9.775766e-01
1.249875e-01 6.539045e-01 -9.781376e-01
1.250875e-01 6.615027e-01 -9.787106e-01
1.251875e-01 7.398269e-01 -9.792956e-01
1.252875e-01 5.786010e-01 -9.798927e-01
1.253875e-01 7.097590e-01 -9.805022e-01
1.254875e-01 7.180002e-01 -9.811240e-01
1.255874e-01 7.373638e-01 -9.817582e-01
1.256874e-01 6.371124e-01 -9.824050e-01
1.257874e-01 7.381567e-01 -9.830645e-01
1.258874e-01 7.170728e-01 -9.837366e-01
1.259874e-01 6.454789e-01 -9.844215e-01
1.260874e-01 7.716572e-01 -9.851192e-01
1.261874e-01 6.658717e-01 -9.858299e-01
1.262874e-01 6.750338e-01 -9.865535e-01
1.263874e-01 6.573386e-01 -9.872901e-01
1.264874e-01 6.182980e-01 -9.880398e-01
1.265873e-01 6.219054e-01 -9.888026e-01
1.266873e-01 5.711813e-01 -9.895786e-01
1.267873e-01 6.403618e-01 -9.903677e-01
1.268873e-01 6.073670e-01 -9.911700e-01
1.269873e-01 6.790578e-01 -9.919855e-01
1.270873e-01 5.365289e-01 -9.928143e-01
1.271873e-01 6.694169e-01 -9.936564e-01
1.272873e-01 5.722233e-01 -9.945116e-01
1.273873e-01 5.461518e-01 -9.953802e-01
1.274873e-01 6.055944e-01 -9.962620e-01
1.275872e-01 5.511741e-01 -9.971571e-01
1.276872e-01 5.718899e-01 -9.980653e-01
1.277872e-01 6.042412e-01 -9.989868e-01
1.278872e-01 6.147698e-01 -9.999215e-01
1.279872e-01 6.319456e-01 -1.000869e+00
1.280872e-01 6.777413e-01 -1.001830e+00
1.281872e-01 6.884885e-01 -1.002804e+00
1.282872e-01 5.517423e-01 -1.003791e+00
1.283872e-01 5.467229e-01 -1.004791e+00
1.284872e-01 5.203611e-01 -1.005804e+00
1.285871e-01 6.913567e-01 -1.006830e+00
1.286871e-01 6.984113e-01 -1.007869e+00
1.287871e-01 6.859342e-01 -1.008920e+00
1.288871e-01 6.755247e-01 -1.009984e+00
1.289871e-01 7.210296e-01 -1.011061e+00
1.290871e-01 7.547650e-01 -1.012150e+00
1.291871e-01 6.552453e-01 -1.013251e+00
1.292871e-01 6.448849e-01 -1.014365e+00
1.293871e-01 6.645508e-01 -1.015490e+00
1.294871e-01 6.742613e-01 -1.016628e+00
1.295870e-01 6.977209e-01 -1.017778e+00
1.296870e-01 7.165307e-01 -1.018940e+00
1.297870e-01 7.450449e-01 -1.020113e+00
1.298870e-01 7.849200e-01 -1.021298e+00
1.299870e-01 7.767460e-01 -1.022495e+00
1.300870e-01 7.634628e-01 -1.023703e+00
1.301870e-01 7.096296e-01 -1.024922e+00
1.302870e-01 7.793108e-01 -1.026152e+00
1.303870e-01 7.671890e-01 -1.027393e+00
1.304870e-01 7.271009e-01 -1.028645e+00
1.305869e-01 6.767455e-01 -1.029907e+00
1.306869e-01 7.677202e-01 -1.031180e+00
1.307869e-01 8.622211e-01 -1.032463e+00
1.308869e-01 6.564143e-01 -1.033756e+00
1.309869e-01 8.229047e-01 -1.035060e+00
1.310869e-01 8.839628e-01 -1.036373e+00
1.311869e-01 7.900550e-01 -1.037695e+00
1.312869e-01 7.831901e-01 -1.039027e+00
1.313869e-01 8.086452e-01 -1.040369e+00
1.314869e-01 7.410327e-01 -1.041719e+00
1.315868e-01 8.120782e-01 -1.043078e+00
1.316868e-01 8.674677e-01 -1.044446e+00
1.317868e-01 7.577827e-01 -1.045822e+00
1.318868e-01 8.790775e-01 -1.047207e+00
1.319868e-01 8.196645e-01 -1.048600e+00
1.320868e-01 7.940325e-01 -1.050000e+00
1.321868e-01 7.697925e-01 -1.051409e+00
1.322868e-01 8.000895e-01 -1.052825e+00
1.323868e-01 8.002432e-01 -1.054248e+00
1.324868e-01 9.082177e-01 -1.055678e+00
1.325867e-01 7.938386e-01 -1.057115e+00
1.326867e-01 8.303072e-01 -1.058559e+00
1.327867e-01 8.628704e-01 -1.060009e+00
1.328867e-01 7.553886e-01 -1.061466e+00
1.329867e-01 9.063652e-01 -1.062928e+00
1.330867e-01 8.033068e-01 -1.064397e+00
1.331867e-01 7.899461e-01 -1.065871e+00
1.332867e-01 9.319811e-01 -1.067350e+00
1.333867e-01 8.439143e-01 -1.068835e+00
1.334867e-01 8.526194e-01 -1.070325e+00
1.335866e-01 7.530296e-01 -1.071819e+00
1.336866e-01 8.059259e-01 -1.073318e+00
1.337866e-01 8.635479e-01 -1.074821e+00
1.338866e-01 8.092033e-01 -1.076329e+00
1.339866e-01 8.204416e-01 -1.077840e+00
1.340866e-01 8.421257e-01 -1.079356e+00
1.341866e-01 7.893600e-01 -1.080874e+00
1.342866e-01 7.259563e-01 -1.082396e+00
1.343866e-01 8.600700e-01 -1.083921e+00
1.344866e-01 8.299425e-01 -1.085449e+00
1.345865e-01 7.515828e-01 -1.086980e+00
1.346865e-01 7.432538e-01 -1.088513e+00
1.347865e-01 7.322081e-01 -1.090049e+00
1.348865e-01 7.450070e-01 -1.091586e+00
1.349865e-01 7.840418e-01 -1.093126e+00
1.350865e-01 7.644260e-01 -1.094667e+00
1.351865e-01 7.090277e-01 -1.096210e+00
1.352865e-01 7.536426e-01 -1.097754e+00
1.353865e-01 6.558083e-01 -1.099299e+00
1.354865e-01 7.577891e-01 -1.100846e+00
1.355864e-01 7.100123e-01 -1.102393e+00
1.356864e-01 6.313859e-01 -1.103941e+00
1.357864e-01 6.748845e-01 -1.105489e+00
1.358864e-01 7.277294e-01 -1.107037e+00
1.359864e-01 6.691032e-01 -1.108586e+00
1.360864e-01 6.614863e-01 -1.110134e+00
1.361864e-01 7.227534e-01 -1.111683e+00
1.362864e-01 6.853347e-01 -1.113231e+00
1.363864e-01 7.120457e-01 -1.114778e+00
1.364864e-01 6.832130e-01 -1.116325e+00
1.365863e-01 6.972666e-01 -1.117871e+00
1.366863e-01 7.176901e-01 -1.119416e+00
1.367863e-01 7.222029e-01 -1.120960e+00
1.368863e-01 6.323359e-01 -1.122503e+00
1.369863e-01 6.198310e-01 -1.124045e+00
1.370863e-01 7.557983e-01 -1.125585e+00
1.371863e-01 7.168366e-01 -1.127123e+00
1.372863e-01 6.207924e-01 -1.128660e+00
1.373863e-01 6.586320e-01 -1.130195e+00
1.374863e-01 7.806640e-01 -1.131729e+00
1.375862e-01 6.971831e-01 -1.133260e+00
1.376862e-01 6.614074e-01 -1.134789e+00
1.377862e-01 6.553939e-01 -1.136316e+00
1.378862e-01 6.788149e-01 -1.137840e+00
1.379862e-01 6.591098e-01 -1.139362e+00
1.380862e-01 6.514312e-01 -1.140882e+00
1.381862e-01 6.589267e-01 -1.142400e+00
1.382862e-01 6.703629e-01 -1.143914e+00
1.383862e-01 5.811905e-01 -1.145426e+00
1.384862e-01 6.655900e-01 -1.146936e+00
1.385861e-01 7.738939e-01 -1.148442e+00
1.386861e-01 7.789742e-01 -1.149946e+00
1.387861e-01 6.802759e-01 -1.151447e+00
1.388861e-01 7.643677e-01 -1.152945e+00
1.389861e-01 7.183747e-01 -1.154440e+00
1.390861e-01 7.072411e-01 -1.155932e+00
1.391861e-01 7.575280e-01 -1.157421e+00
1.392861e-01 7.480747e-01 -1.158907e+00
1.393861e-01 7.513756e-01 -1.160390e+00
1.394861e-01 7.807447e-01 -1.161870e+00
1.395860e-01 7.887991e-01 -1.163346e+00
1.396860e-01 7.032107e-01 -1.164820e+00
1.397860e-01 8.021184e-01 -1.166291e+00
1.398860e-01 7.139341e-01 -1.167758e+00
1.399860e-01 7.889650e-01 -1.169223e+00
1.400860e-01 8.059017e-01 -1.170684e+00
1.401860e-01 7.841007e-01 -1.172143e+00
1.402860e-01 7.870919e-01 -1.173598e+00
1.403860e-01 7.733442e-01 -1.175050e+00
1.404860e-01 7.499552e-01 -1.176500e+00
1.405859e-01 8.474256e-01 -1.177946e+00
1.406859e-01 8.049450e-01 -1.179389e+00
1.407859e-01 9.011062e-01 -1.180830e+00
1.408859e-01 8.153761e-01 -1.182268e+00
1.409859e-01 8.145091e-01 -1.183703e+00
1.410859e-01 8.135123e-01 -1.185135e+00
1.411859e-01 6.949133e-01 -1.186564e+00
1.412859e-01 8.692669e-01 -1.187991e+00
1.413859e-01 7.934645e-01 -1.189415e+00
1.414859e-01 8.182907e-01 -1.190837e+00
1.415858e-01 8.816644e-01 -1.192256e+00
1.416858e-01 8.540757e-01 -1.193673e+00
1.417858e-01 9.817825e-01 -1.195087e+00
1.418858e-01 8.828624e-01 -1.196499e+00
1.419858e-01 9.256380e-01 -1.197910e+00
1.420858e-01 8.942382e-01 -1.199317e+00
1.421858e-01 8.726011e-01 -1.200723e+00
1.422858e-01 9.142178e-01 -1.202127e+00
1.423858e-01 9.540415e-01 -1.203529e+00
1.424858e-01 9.565668e-01 -1.204930e+00
1.425857e-01 7.589417e-01 -1.206328e+00
1.426857e-01 9.951977e-01 -1.207725e+00
1.427857e-01 8.899993e-01 -1.209121e+00
1.428857e-01 8.836015e-01 -1.210515e+00
1.429857e-01 8.772998e-01 -1.211908e+00
1.430857e-01 8.178210e-01 -1.213300e+00
1.431857e-01 9.426820e-01 -1.214690e+00
1.432857e-01 8.195088e-01 -1.216080e+00
1.433857e-01 9.704876e-01 -1.217468e+00
1.434857e-01 8.366779e-01 -1.218856e+00
1.435856e-01 9.133413e-01 -1.220243e+00
1.436856e-01 8.163065e-01 -1.221630e+00
1.437856e-01 8.181532e-01 -1.223016e+00
1.438856e-01 8.477324e-01 -1.224401e+00
1.439856e-01 8.036731e-01 -1.225787e+00
1.440856e-01 8.719484e-01 -1.227172e+00
1.441856e-01 8.023367e-01 -1.228557e+00
1.442856e-01 7.894220e-01 -1.229942e+00
1.443856e-01 8.466568e-01 -1.231328e+00
1.444856e-01 8.204425e-01 -1.232713e+00
1.445855e-01 7.577905e-01 -1.234099e+00
1.446855e-01 7.733453e-01 -1.235486e+00
1.447855e-01 7.769414e-01 -1.236873e+00
1.448855e-01 8.140688e-01 -1.238260e+00
1.449855e-01 8.158220e-01 -1.239649e+00
1.450855e-01 8.087832e-01 -1.241038e+00
1.451855e-01 7.031196e-01 -1.242429e+00
1.452855e-01 8.279776e-01 -1.243820e+00
1.453855e-01 8.007513e-01 -1.245213e+00
1.454855e-01 8.414797e-01 -1.246607e+00
1.455854e-01 7.745168e-01 -1.248003e+00
1.456854e-01 7.278161e-01 -1.249400e+00
1.457854e-01 7.704245e-01 -1.250799e+00
1.458854e-01 7.383253e-01 -1.252199e+00
1.459854e-01 8.148691e-01 -1.253601e+00
1.460854e-01 8.233688e-01 -1.255005e+00
1.461854e-01 7.441099e-01 -1.256412e+00
1.462854e-01 6.896488e-01 -1.257820e+00
1.463854e-01 7.802745e-01 -1.259230e+00
1.464854e-01 6.913894e-01 -1.260643e+00
1.465853e-01 7.358729e-01 -1.262058e+00
1.466853e-01 6.930821e-01 -1.263475e+00
1.467853e-01 7.654644e-01 -1.264895e+00
1.468853e-01 7.250616e-01 -1.266318e+00
1.469853e-01 7.533674e-01 -1.267743e+00
1.470853e-01 6.571307e-01 -1.269171e+00
1.471853e-01 8.056013e-01 -1.270602e+00
1.472853e-01 6.658061e-01 -1.272036e+00
1.473853e-01 6.840555e-01 -1.273473e+00
1.474853e-01 7.285786e-01 -1.274912e+00
1.475852e-01 6.882121e-01 -1.276355e+00
1.476852e-01 6.294434e-01 -1.277801e+00
1.477852e-01 6.484439e-01 -1.279250e+00
1.478852e-01 7.431787e-01 -1.280702e+00
1.479852e-01 6.099155e-01 -1.282157e+00
1.480852e-01 7.351963e-01 -1.283616e+00
1.481852e-01 7.200997e-01 -1.285078e+00
1.482852e-01 7.221456e-01 -1.286544e+00
1.483852e-01 7.026606e-01 -1.288013e+00
1.484852e-01 6.601659e-01 -1.289485e+00
1.485851e-01 7.023582e-01 -1.290961e+00
1.486851e-01 7.135328e-01 -1.292440e+00
1.487851e-01 6.685793e-01 -1.293923e+00
1.488851e-01 7.895917e-01 -1.295409e+00
1.489851e-01 8.046619e-01 -1.296899e+00
1.490851e-01 8.269805e-01 -1.298392e+00
1.491851e-01 7.368718e-01 -1.299889e+00
1.492851e-01 7.325944e-01 -1.301389e+00
1.493851e-01 7.490404e-01 -1.302893e+00
1.494851e-01 8.552262e-01 -1.304400e+00
1.495850e-01 7.586318e-01 -1.305910e+00
1.496850e-01 7.703949e-01 -1.307424e+00
1.497850e-01 6.850224e-01 -1.308942e+00
1.498850e-01 7.647864e-01 -1.310462e+00
1.499850e-01 7.744748e-01 -1.311986e+00
1.500850e-01 9.065215e-01 -1.313513e+00
1.501850e-01 7.918343e-01 -1.315044e+00
1.502850e-01 7.953619e-01 -1.316577e+00
1.503850e-01 7.271950e-01 -1.318114e+00
1.504850e-01 8.232000e-01 -1.319654e+00
1.505849e-01 8.474138e-01 -1.321196e+00
1.506849e-01 7.943749e-01 -1.322742e+00
1.507849e-01 8.719635e-01 -1.324290e+00
1.508849e-01 9.471414e-01 -1.325841e+00
1.509849e-01 9.635145e-01 -1.327394e+00
1.510849e-01 8.990129e-01 -1.328950e+00
1.511849e-01 8.704494e-01 -1.330509e+00
1.512849e-01 7.705196e-01 -1.332069e+00
1.513849e-01 8.297398e-01 -1.333632e+00
1.514849e-01 8.671383e-01 -1.335197e+00
1.515848e-01 9.611706e-01 -1.336764e+00
1.516848e-01 8.258572e-01 -1.338333e+00
1.517848e-01 8.585993e-01 -1.339903e+00
1.518848e-01 8.551164e-01 -1.341475e+00
1.519848e-01 8.823873e-01 -1.343048e+00
1.520848e-01 9.540308e-01 -1.344622e+00
1.521848e-01 9.091041e-01 -1.346197e+00
1.522848e-01 9.062132e-01 -1.347774e+00
1.523848e-01 9.603770e-01 -1.349350e+00
1.524848e-01 1.040534e+00 -1.350928e+00
1.525847e-01 9.548511e-01 -1.352506e+00
1.526847e-01 9.496168e-01 -1.354083e+00
1.527847e-01 9.570451e-01 -1.355661e+00
1.528847e-01 8.714886e-01 -1.357239e+00
1.529847e-01 9.685734e-01 -1.358816e+00
1.530847e-01 9.057247e-01 -1.360392e+00
1.531847e-01 9.458185e-01 -1.361968e+00
1.532847e-01 9.472573e-01 -1.363542e+00
1.533847e-01 8.944970e-01 -1.365115e+00
1.534847e-01 9.165287e-01 -1.366687e+00
1.535846e-01 9.367790e-01 -1.368256e+00
1.536846e-01 9.061064e-01 -1.369824e+00
1.537846e-01 9.249372e-01 -1.371389e+00
1.538846e-01 9.394739e-01 -1.372952e+00
1.539846e-01 8.094150e-01 -1.374512e+00
1.540846e-01 9.049181e-01 -1.376068e+00
1.541846e-01 9.327238e-01 -1.377622e+00
1.542846e-01 8.607284e-01 -1.379171e+00
1.543846e-01 9.420070e-01 -1.380717e+00
1.544846e-01 8.943548e-01 -1.382258e+00
1.545845e-01 8.533227e-01 -1.383795e+00
1.546845e-01 9.239149e-01 -1.385327e+00
1.547845e-01 7.884857e-01 -1.386855e+00
1.548845e-01 8.305756e-01 -1.388376e+00
1.549845e-01 8.152411e-01 -1.389892e+00
1.550845e-01 8.037169e-01 -1.391402e+00
1.551845e-01 8.420190e-01 -1.392905e+00
1.552845e-01 8.149509e-01 -1.394402e+00
1.553845e-01 8.033075e-01 -1.395892e+00
1.554845e-01 8.931283e-01 -1.397375e+00
1.555844e-01 8.385249e-01 -1.398849e+00
1.556844e-01 7.539907e-01 -1.400316e+00
1.557844e-01 8.204680e-01 -1.401775e+00
1.558844e-01 7.625259e-01 -1.403225e+00
1.559844e-01 8.115230e-01 -1.404666e+00
1.560844e-01 8.283840e-01 -1.406097e+00
1.561844e-01 7.366639e-01 -1.407519e+00
1.562844e-01 7.333020e-01 -1.408931e+00
1.563844e-01 8.612517e-01 -1.410332e+00
1.564844e-01 7.382610e-01 -1.411723e+00
1.565843e-01 6.919365e-01 -1.413103e+00
1.566843e-01 7.187322e-01 -1.414471e+00
1.567843e-01 7.039995e-01 -1.415827e+00
1.568843e-01 6.678601e-01 -1.417171e+00
1.569843e-01 6.270704e-01 -1.418503e+00
1.570843e-01 6.286017e-01 -1.419822e+00
1.571843e-01 7.405076e-01 -1.421128e+00
1.572843e-01 7.212359e-01 -1.422420e+00
1.573843e-01 6.809520e-01 -1.423698e+00
1.574843e-01 7.064531e-01 -1.424962e+00
1.575842e-01 7.943347e-01 -1.426211e+00
1.576842e-01 7.512744e-01 -1.427446e+00
1.577842e-01 6.885426e-01 -1.428665e+00
1.578842e-01 7.885110e-01 -1.429868e+00
1.579842e-01 7.654597e-01 -1.431056e+00
1.580842e-01 7.598118e-01 -1.432227e+00
1.581842e-01 7.522902e-01 -1.433381e+00
1.582842e-01 8.088935e-01 -1.434519e+00
1.583842e-01 7.311602e-01 -1.435639e+00
1.584842e-01 7.437813e-01 -1.436742e+00
1.585841e-01 7.659070e-01 -1.437827e+00
1.586841e-01 7.340087e-01 -1.438893e+00
1.587841e-01 7.967968e-01 -1.439941e+00
1.588841e-01 7.607258e-01 -1.440970e+00
1.589841e-01 7.019345e-01 -1.441980e+00
1.590841e-01 7.513737e-01 -1.442971e+00
1.591841e-01 8.492900e-01 -1.443942e+00
1.592841e-01 8.511633e-01 -1.444893e+00
1.593841e-01 7.359078e-01 -1.445823e+00
1.594841e-01 8.150196e-01 -1.446734e+00
1.595840e-01 8.731790e-01 -1.447623e+00
1.596840e-01 8.174986e-01 -1.448492e+00
1.597840e-01 7.422644e-01 -1.449340e+00
1.598840e-01 7.383225e-01 -1.450166e+00
1.599840e-01 8.077547e-01 -1.450971e+00
1.600840e-01 8.770221e-01 -1.451754e+00
1.601840e-01 7.863564e-01 -1.452515e+00
1.602840e-01 7.588632e-01 -1.453254e+00
1.603840e-01 8.429566e-01 -1.453971e+00
1.604840e-01 8.826072e-01 -1.454666e+00
1.605839e-01 9.384035e-01 -1.455338e+00
1.606839e-01 8.968263e-01 -1.455988e+00
1.607839e-01 8.788465e-01 -1.456615e+00
1.608839e-01 9.568415e-01 -1.457219e+00
1.609839e-01 9.455724e-01 -1.457800e+00
1.610839e-01 8.447602e-01 -1.458359e+00
1.611839e-01 9.251390e-01 -1.458895e+00
1.612839e-01 9.563093e-01 -1.459408e+00
1.613839e-01 9.289054e-01 -1.459898e+00
1.614839e-01 8.838267e-01 -1.460365e+00
1.615838e-01 1.013246e+00 -1.460809e+00
1.616838e-01 9.248684e-01 -1.461231e+00
1.617838e-01 9.491860e-01 -1.461630e+00
1.618838e-01 9.729229e-01 -1.462007e+00
1.619838e-01 1.008310e+00 -1.462361e+00
1.620838e-01 9.054672e-01 -1.462693e+00
1.621838e-01 8.632437e-01 -1.463003e+00
1.622838e-01 1.006772e+00 -1.463291e+00
1.623838e-01 8.878962e-01 -1.463557e+00
1.624838e-01 9.882469e-01 -1.463802e+00
1.625837e-01 9.914308e-01 -1.464026e+00
1.626837e-01 9.136700e-01 -1.464229e+00
1.627837e-01 9.165682e-01 -1.464411e+00
1.628837e-01 8.727668e-01 -1.464573e+00
1.629837e-01 9.112779e-01 -1.464715e+00
1.630837e-01 1.017345e+00 -1.464838e+00
1.631837e-01 8.998352e-01 -1.464942e+00
1.632837e-01 9.852110e-01 -1.465027e+00
1.633837e-01 8.868667e-01 -1.465093e+00
1.634837e-01 9.230101e-01 -1.465143e+00
1.635836e-01 9.893221e-01 -1.465175e+00
1.636836e-01 8.896993e-01 -1.465190e+00
1.637836e-01 9.833423e-01 -1.465190e+00
1.638836e-01 9.459843e-01 -1.465174e+00
1.639836e-01 9.710708e-01 -1.465143e+00
1.640836e-01 8.578111e-01 -1.465098e+00
1.641836e-01 9.869191e-01 -1.465040e+00
1.642836e-01 8.930241e-01 -1.464969e+00
1.643836e-01 8.875019e-01 -1.464887e+00
1.644836e-01 9.116217e-01 -1.464793e+00
1.645835e-01 9.240631e-01 -1.464689e+00
1.646835e-01 8.835205e-01 -1.464576e+00
1.647835e-01 8.929672e-01 -1.464455e+00
1.648835e-01 9.611405e-01 -1.464326e+00
1.649835e-01 9.395292e-01 -1.464190e+00
1.650835e-01 9.683055e-01 -1.464049e+00
1.651835e-01 8.403459e-01 -1.463903e+00
1.652835e-01 8.342112e-01 -1.463754e+00
1.653835e-01 8.182248e-01 -1.463603e+00
1.654835e-01 8.928576e-01 -1.463450e+00
1.655834e-01 8.666268e-01 -1.463298e+00
1.656834e-01 8.828546e-01 -1.463147e+00
1.657834e-01 8.354987e-01 -1.462998e+00
1.658834e-01 8.795194e-01 -1.462853e+00
1.659834e-01 7.578686e-01 -1.462714e+00
1.660834e-01 8.229388e-01 -1.462581e+00
1.661834e-01 8.289059e-01 -1.462456e+00
1.662834e-01 8.249527e-01 -1.462340e+00
1.663834e-01 8.435913e-01 -1.462236e+00
1.664834e-01 7.520726e-01 -1.462144e+00
1.665833e-01 8.681424e-01 -1.462066e+00
1.666833e-01 7.677853e-01 -1.462004e+00
1.667833e-01 7.862793e-01 -1.461959e+00
1.668833e-01 7.565877e-01 -1.461934e+00
1.669833e-01 8.277449e-01 -1.461929e+00
1.670833e-01 8.172440e-01 -1.461947e+00
1.671833e-01 7.656417e-01 -1.461990e+00
1.672833e-01 7.796271e-01 -1.462059e+00
1.673833e-01 7.546898e-01 -1.462156e+00
1.674833e-01 7.733346e-01 -1.462284e+00
1.675832e-01 7.872583e-01 -1.462444e+00
1.676832e-01 7.458323e-01 -1.462639e+00
1.677832e-01 7.705174e-01 -1.462870e+00
1.678832e-01 7.148865e-01 -1.463140e+00
1.679832e-01 7.758500e-01 -1.463451e+00
1.680832e-01 6.726602e-01 -1.463804e+00
1.681832e-01 7.537270e-01 -1.464204e+00
1.682832e-01 7.609383e-01 -1.464651e+00
1.683832e-01 7.643977e-01 -1.465148e+00
1.684832e-01 8.290551e-01 -1.465698e+00
1.685831e-01 7.903642e-01 -1.466303e+00
1.686831e-01 7.629502e-01 -1.466966e+00
1.687831e-01 7.492418e-01 -1.467688e+00
1.688831e-01 7.538660e-01 -1.468473e+00
1.689831e-01 9.202690e-01 -1.469324e+00
1.690831e-01 7.966821e-01 -1.470242e+00
1.691831e-01 8.377416e-01 -1.471232e+00
1.692831e-01 9.069721e-01 -1.472294e+00
1.693831e-01 9.157208e-01 -1.473433e+00
1.694831e-01 8.054463e-01 -1.474650e+00
1.695830e-01 7.910017e-01 -1.475950e+00
1.696830e-01 9.237834e-01 -1.477333e+00
1.697830e-01 8.770971e-01 -1.478805e+00
1.698830e-01 8.084760e-01 -1.480366e+00
1.699830e-01 1.025786e+00 -1.482021e+00
1.700830e-01 8.304984e-01 -1.483771e+00
1.701830e-01 8.684321e-01 -1.485621e+00
1.702830e-01 8.954248e-01 -1.487572e+00
1.703830e-01 8.928568e-01 -1.489628e+00
1.704830e-01 8.375114e-01 -1.491791e+00
1.705829e-01 9.039927e-01 -1.494064e+00
1.706829e-01 9.399377e-01 -1.496450e+00
1.707829e-01 8.798761e-01 -1.498952e+00
1.708829e-01 8.684229e-01 -1.501572e+00
1.709829e-01 9.088159e-01 -1.504313e+00
1.710829e-01 1.021238e+00 -1.507177e+00
1.711829e-01 9.664171e-01 -1.510167e+00
1.712829e-01 9.738001e-01 -1.513285e+00
1.713829e-01 1.037698e+00 -1.516534e+00
1.714829e-01 9.479629e-01 -1.519914e+00
1.715828e-01 9.820845e-01 -1.523429e+00
1.716828e-01 9.865252e-01 -1.527080e+00
1.717828e-01 9.695976e-01 -1.530869e+00
1.718828e-01 1.004328e+00 -1.534796e+00
1.719828e-01 9.754806e-01 -1.538864e+00
1.720828e-01 1.015838e+00 -1.543073e+00
1.721828e-01 8.413117e-01 -1.547423e+00
1.722828e-01 8.752315e-01 -1.551916e+00
1.723828e-01 1.135150e+00 -1.556550e+00
1.724828e-01 9.588500e-01 -1.561327e+00
1.725827e-01 9.606908e-01 -1.566245e+00
1.726827e-01 9.877649e-01 -1.571304e+00
1.727827e-01 1.003504e+00 -1.576502e+00
1.728827e-01 9.898932e-01 -1.581837e+00
1.729827e-01 9.477340e-01 -1.587309e+00
1.730827e-01 9.353797e-01 -1.592913e+00
1.731827e-01 9.661853e-01 -1.598647e+00
1.732827e-01 9.397444e-01 -1.604508e+00
1.733827e-01 9.422853e-01 -1.610492e+00
1.734827e-01 1.032760e+00 -1.616594e+00
1.735826e-01 8.755771e-01 -1.622809e+00
1.736826e-01 9.422955e-01 -1.629132e+00
1.737826e-01 8.976382e-01 -1.635557e+00
1.738826e-01 9.398290e-01 -1.642078e+00
1.739826e-01 9.808847e-01 -1.648686e+00
1.740826e-01 9.891063e-01 -1.655375e+00
1.741826e-01 1.004033e+00 -1.662137e+00
1.742826e-01 9.801246e-01 -1.668962e+00
1.743826e-01 8.912910e-01 -1.675841e+00
1.744826e-01 9.321719e-01 -1.682765e+00
1.745825e-01 9.211616e-01 -1.689724e+00
1.746825e-01 9.195173e-01 -1.696706e+00
1.747825e-01 8.835766e-01 -1.703700e+00
1.748825e-01 9.506270e-01 -1.710695e+00
1.749825e-01 8.659087e-01 -1.717679e+00
1.750825e-01 8.735625e-01 -1.724639e+00
1.751825e-01 7.918275e-01 -1.731562e+00
1.752825e-01 9.101487e-01 -1.738436e+00
1.753825e-01 9.015882e-01 -1.745247e+00
1.754825e-01 8.663687e-01 -1.751982e+00
1.755824e-01 9.464266e-01 -1.758627e+00
1.756824e-01 8.365759e-01 -1.765169e+00
1.757824e-01 8.756355e-01 -1.771594e+00
1.758824e-01 9.465012e-01 -1.777889e+00
1.759824e-01 8.115458e-01 -1.784039e+00
1.760824e-01 7.811248e-01 -1.790033e+00
1.761824e-01 8.849035e-01 -1.795855e+00
1.762824e-01 8.115715e-01 -1.801495e+00
1.763824e-01 8.186785e-01 -1.806940e+00
1.764824e-01 7.938975e-01 -1.812177e+00
1.765823e-01 7.847107e-01 -1.817195e+00
1.766823e-01 9.329355e-01 -1.821984e+00
1.767823e-01 7.774272e-01 -1.826534e+00
1.768823e-01 8.423046e-01 -1.830834e+00
1.769823e-01 8.942622e-01 -1.834877e+00
1.770823e-01 6.951356e-01 -1.838655e+00
1.771823e-01 8.811702e-01 -1.842160e+00
1.772823e-01 8.054165e-01 -1.845387e+00
1.773823e-01 8.736735e-01 -1.848331e+00
1.774823e-01 8.083590e-01 -1.850988e+00
1.775822e-01 7.279012e-01 -1.853355e+00
1.776822e-01 8.072109e-01 -1.855431e+00
1.777822e-01 7.099241e-01 -1.857215e+00
1.778822e-01 8.492672e-01 -1.858708e+00
1.779822e-01 9.269436e-01 -1.859911e+00
1.780822e-01 7.529214e-01 -1.860828e+00
1.781822e-01 9.256437e-01 -1.861463e+00
1.782822e-01 8.418922e-01 -1.861823e+00
1.783822e-01 8.241710e-01 -1.861912e+00
1.784822e-01 7.867527e-01 -1.861741e+00
1.785821e-01 7.771833e-01 -1.861317e+00
1.786821e-01 7.744789e-01 -1.860652e+00
1.787821e-01 8.002995e-01 -1.859756e+00
1.788821e-01 7.786756e-01 -1.858643e+00
1.789821e-01 8.629390e-01 -1.857325e+00
1.790821e-01 8.605334e-01 -1.855818e+00
1.791821e-01 9.106465e-01 -1.854137e+00
1.792821e-01 8.060454e-01 -1.852298e+00
1.793821e-01 7.843356e-01 -1.850318e+00
1.794821e-01 8.809258e-01 -1.848215e+00
1.795820e-01 8.030700e-01 -1.846007e+00
1.796820e-01 8.724361e-01 -1.843713e+00
1.797820e-01 8.846996e-01 -1.841351e+00
1.798820e-01 8.442191e-01 -1.838942e+00
1.799820e-01 9.033225e-01 -1.836504e+00
1.800820e-01 8.551649e-01 -1.834058e+00
1.801820e-01 9.786415e-01 -1.831621e+00
1.802820e-01 9.177221e-01 -1.829215e+00
1.803820e-01 9.759872e-01 -1.826857e+00
1.804820e-01 8.445049e-01 -1.824567e+00
1.805819e-01 8.927068e-01 -1.822362e+00
1.806819e-01 8.818630e-01 -1.820261e+00
1.807819e-01 9.970484e-01 -1.818279e+00
1.808819e-01 9.739978e-01 -1.816433e+00
1.809819e-01 9.357475e-01 -1.814739e+00
1.810819e-01 1.035648e+00 -1.813211e+00
1.811819e-01 9.285393e-01 -1.811863e+00
1.812819e-01 9.699362e-01 -1.810706e+00
1.813819e-01 1.042274e+00 -1.809752e+00
1.814819e-01 1.015252e+00 -1.809012e+00
1.815818e-01 1.020294e+00 -1.808495e+00
1.816818e-01 9.497884e-01 -1.808208e+00
1.817818e-01 1.014953e+00 -1.808159e+00
1.818818e-01 1.009515e+00 -1.808353e+00
1.819818e-01 1.015312e+00 -1.808795e+00
1.820818e-01 1.014777e+00 -1.809488e+00
1.821818e-01 9.602533e-01 -1.810435e+00
1.822818e-01 9.846559e-01 -1.811635e+00
1.823818e-01 1.005559e+00 -1.813090e+00
1.824818e-01 1.038507e+00 -1.814799e+00
1.825817e-01 9.802852e-01 -1.816758e+00
1.826817e-01 1.005108e+00 -1.818966e+00
1.827817e-01 1.018485e+00 -1.821418e+00
1.828817e-01 1.017488e+00 -1.824110e+00
1.829817e-01 9.807378e-01 -1.827035e+00
1.830817e-01 1.019204e+00 -1.830187e+00
1.831817e-01 1.002345e+00 -1.833560e+00
1.832817e-01 9.954889e-01 -1.837145e+00
1.833817e-01 9.881583e-01 -1.840934e+00
1.834817e-01 1.019609e+00 -1.844918e+00
1.835816e-01 1.039238e+00 -1.849088e+00
1.836816e-01 1.013511e+00 -1.853434e+00
1.837816e-01 9.791752e-01 -1.857946e+00
1.838816e-01 9.418440e-01 -1.862614e+00
1.839816e-01 1.000835e+00 -1.867426e+00
1.840816e-01 1.131021e+00 -1.872372e+00
1.841816e-01 9.747626e-01 -1.877442e+00
1.842816e-01 9.407062e-01 -1.882623e+00
1.843816e-01 9.547361e-01 -1.887905e+00
1.844816e-01 9.672820e-01 -1.893277e+00
1.845815e-01 8.668621e-01 -1.898728e+00
1.846815e-01 9.803304e-01 -1.904246e+00
1.847815e-01 9.172336e-01 -1.909821e+00
1.848815e-01 9.405466e-01 -1.915442e+00
1.849815e-01 9.339064e-01 -1.921099e+00
1.850815e-01 8.780803e-01 -1.926781e+00
1.851815e-01 8.585666e-01 -1.932478e+00
1.852815e-01 9.248774e-01 -1.938180e+00
1.853815e-01 8.544914e-01 -1.943878e+00
1.854815e-01 8.612439e-01 -1.949563e+00
1.855814e-01 8.540541e-01 -1.955225e+00
1.856814e-01 8.002611e-01 -1.960857e+00
1.857814e-01 8.513070e-01 -1.966450e+00
1.858814e-01 8.525701e-01 -1.971996e+00
1.859814e-01 8.341589e-01 -1.977489e+00
1.860814e-01 8.091946e-01 -1.982920e+00
1.861814e-01 8.179622e-01 -1.988283e+00
1.862814e-01 8.579136e-01 -1.993573e+00
1.863814e-01 7.707915e-01 -1.998783e+00
1.864814e-01 9.243482e-01 -2.003908e+00
1.865813e-01 8.795470e-01 -2.008944e+00
1.866813e-01 8.930144e-01 -2.013884e+00
1.867813e-01 8.634179e-01 -2.018727e+00
1.868813e-01 8.271687e-01 -2.023467e+00
1.869813e-01 8.419080e-01 -2.028101e+00
1.870813e-01 8.171344e-01 -2.032627e+00
1.871813e-01 7.700009e-01 -2.037042e+00
1.872813e-01 7.840269e-01 -2.041344e+00
1.873813e-01 7.534643e-01 -2.045531e+00
1.874813e-01 8.172388e-01 -2.049601e+00
1.875812e-01 7.704685e-01 -2.053555e+00
1.876812e-01 8.084211e-01 -2.057390e+00
1.877812e-01 8.396497e-01 -2.061108e+00
1.878812e-01 9.414402e-01 -2.064707e+00
1.879812e-01 8.278896e-01 -2.068188e+00
1.880812e-01 8.266589e-01 -2.071552e+00
1.881812e-01 8.607768e-01 -2.074800e+00
1.882812e-01 8.476267e-01 -2.077932e+00
1.883812e-01 8.771792e-01 -2.080951e+00
1.884812e-01 8.861071e-01 -2.083857e+00
1.885811e-01 7.958871e-01 -2.086654e+00
1.886811e-01 8.335266e-01 -2.089343e+00
1.887811e-01 7.998082e-01 -2.091926e+00
1.888811e-01 8.712196e-01 -2.094407e+00
1.889811e-01 8.752458e-01 -2.096787e+00
1.890811e-01 8.887090e-01 -2.099070e+00
1.891811e-01 9.512041e-01 -2.101259e+00
1.892811e-01 8.749965e-01 -2.103357e+00
1.893811e-01 9.155416e-01 -2.105367e+00
1.894811e-01 8.719945e-01 -2.107293e+00
1.895810e-01 9.070103e-01 -2.109139e+00
1.896810e-01 8.851312e-01 -2.110907e+00
1.897810e-01 9.555598e-01 -2.112603e+00
1.898810e-01 9.835566e-01 -2.114228e+00
1.899810e-01 8.860135e-01 -2.115788e+00
1.900810e-01 9.068854e-01 -2.117286e+00
1.901810e-01 9.119997e-01 -2.118726e+00
1.902810e-01 9.482624e-01 -2.120111e+00
1.903810e-01 9.499614e-01 -2.121446e+00
1.904810e-01 9.464990e-01 -2.122735e+00
1.905809e-01 1.053337e+00 -2.123980e+00
1.906809e-01 1.042670e+00 -2.125186e+00
1.907809e-01 9.922331e-01 -2.126358e+00
1.908809e-01 1.048757e+00 -2.127497e+00
1.909809e-01 9.962300e-01 -2.128609e+00
1.910809e-01 9.670081e-01 -2.129696e+00
1.911809e-01 9.578306e-01 -2.130762e+00
1.912809e-01 1.019575e+00 -2.131810e+00
1.913809e-01 1.024265e+00 -2.132844e+00
1.914809e-01 9.852726e-01 -2.133867e+00
1.915808e-01 1.067764e+00 -2.134882e+00
1.916808e-01 1.071784e+00 -2.135892e+00
1.917808e-01 1.047256e+00 -2.136900e+00
1.918808e-01 1.067312e+00 -2.137909e+00
1.919808e-01 9.977722e-01 -2.138922e+00
1.920808e-01 9.730802e-01 -2.139941e+00
1.921808e-01 1.003140e+00 -2.140968e+00
1.922808e-01 9.762097e-01 -2.142006e+00
1.923808e-01 1.039123e+00 -2.143058e+00
1.924808e-01 1.039884e+00 -2.144124e+00
1.925807e-01 1.006445e+00 -2.145208e+00
1.926807e-01 9.999544e-01 -2.146312e+00
1.927807e-01 1.093288e+00 -2.147436e+00
1.928807e-01 1.034853e+00 -2.148583e+00
1.929807e-01 1.029078e+00 -2.149754e+00
1.930807e-01 1.016945e+00 -2.150950e+00
1.931807e-01 1.038904e+00 -2.152174e+00
1.932807e-01 1.041207e+00 -2.153425e+00
1.933807e-01 9.951270e-01 -2.154706e+00
1.934807e-01 1.034351e+00 -2.156017e+00
1.935806e-01 9.891679e-01 -2.157358e+00
1.936806e-01 9.943965e-01 -2.158732e+00
1.937806e-01 9.312196e-01 -2.160137e+00
1.938806e-01 9.306289e-01 -2.161576e+00
1.939806e-01 8.931144e-01 -2.163048e+00
1.940806e-01 9.261442e-01 -2.164554e+00
1.941806e-01 9.210734e-01 -2.166094e+00
1.942806e-01 9.753794e-01 -2.167668e+00
1.943806e-01 9.740966e-01 -2.169277e+00
1.944806e-01 9.700882e-01 -2.170920e+00
1.945805e-01 9.705459e-01 -2.172597e+00
1.946805e-01 8.732793e-01 -2.174309e+00
1.947805e-01 1.018234e+00 -2.176054e+00
1.948805e-01 9.617076e-01 -2.177833e+00
1.949805e-01 8.999261e-01 -2.179646e+00
1.950805e-01 9.794714e-01 -2.181492e+00
1.951805e-01 9.105398e-01 -2.183371e+00
1.952805e-01 9.146613e-01 -2.185281e+00
1.953805e-01 9.160339e-01 -2.187224e+00
1.954805e-01 9.209900e-01 -2.189197e+00
1.955804e-01 8.541016e-01 -2.191201e+00
1.956804e-01 8.810392e-01 -2.193235e+00
1.957804e-01 8.448168e-01 -2.195297e+00
1.958804e-01 7.513040e-01 -2.197388e+00
1.959804e-01 8.810534e-01 -2.199506e+00
1.960804e-01 8.671292e-01 -2.201651e+00
1.961804e-01 8.553620e-01 -2.203822e+00
1.962804e-01 9.077356e-01 -2.206018e+00
1.963804e-01 8.302103e-01 -2.208238e+00
1.964804e-01 8.802018e-01 -2.210482e+00
1.965803e-01 9.089964e-01 -2.212747e+00
1.966803e-01 9.651302e-01 -2.215034e+00
1.967803e-01 8.037737e-01 -2.217342e+00
1.968803e-01 7.989845e-01 -2.219668e+00
1.969803e-01 7.899828e-01 -2.222014e+00
1.970803e-01 8.556615e-01 -2.224376e+00
1.971803e-01 8.294102e-01 -2.226756e+00
1.972803e-01 8.541435e-01 -2.229150e+00
1.973803e-01 8.679888e-01 -2.231560e+00
1.974803e-01 8.414956e-01 -2.233982e+00
1.975802e-01 9.484132e-01 -2.236418e+00
1.976802e-01 9.466318e-01 -2.238864e+00
1.977802e-01 9.056034e-01 -2.241322e+00
1.978802e-01 8.516872e-01 -2.243789e+00
1.979802e-01 7.722669e-01 -2.246264e+00
1.980802e-01 7.887864e-01 -2.248747e+00
1.981802e-01 8.723620e-01 -2.251237e+00
1.982802e-01 8.628896e-01 -2.253732e+00
1.983802e-01 8.002867e-01 -2.256233e+00
1.984802e-01 8.793979e-01 -2.258737e+00
1.985801e-01 8.611869e-01 -2.261243e+00
1.986801e-01 8.232975e-01 -2.263752e+00
1.987801e-01 9.191345e-01 -2.266262e+00
1.988801e-01 8.589812e-01 -2.268773e+00
1.989801e-01 8.091268e-01 -2.271282e+00
1.990801e-01 8.672536e-01 -2.273790e+00
1.991801e-01 8.759356e-01 -2.276296e+00
1.992801e-01 9.156376e-01 -2.278799e+00
1.993801e-01 8.898258e-01 -2.281298e+00
1.994801e-01 8.653676e-01 -2.283792e+00
1.995800e-01 1.002219e+00 -2.286280e+00
1.996800e-01 8.583756e-01 -2.288763e+00
1.997800e-01 1.011087e+00 -2.291239e+00
1.998800e-01 9.838730e-01 -2.293707e+00
1.999800e-01 1.002366e+00 -2.296166e+00
2.000800e-01 9.863040e-01 -2.298617e+00
2.001800e-01 9.112100e-01 -2.301059e+00
2.002800e-01 9.536160e-01 -2.303490e+00
2.003800e-01 9.608425e-01 -2.305910e+00
2.004800e-01 8.999587e-01 -2.308319e+00
2.005799e-01 9.191301e-01 -2.310717e+00
2.006799e-01 1.045321e+00 -2.313102e+00
2.007799e-01 1.029930e+00 -2.315474e+00
2.008799e-01 1.065557e+00 -2.317833e+00
2.009799e-01 1.034166e+00 -2.320178e+00
2.010799e-01 9.730992e-01 -2.322508e+00
2.011799e-01 1.021584e+00 -2.324825e+00
2.012799e-01 1.023220e+00 -2.327126e+00
2.013799e-01 1.082969e+00 -2.329412e+00
2.014799e-01 9.804718e-01 -2.331682e+00
2.015798e-01 1.078205e+00 -2.333936e+00
2.016798e-01 1.034018e+00 -2.336175e+00
2.017798e-01 1.003814e+00 -2.338396e+00
2.018798e-01 1.056820e+00 -2.340601e+00
2.019798e-01 1.095448e+00 -2.342789e+00
2.020798e-01 1.069040e+00 -2.344960e+00
2.021798e-01 9.533912e-01 -2.347114e+00
2.022798e-01 1.076966e+00 -2.349251e+00
2.023798e-01 9.786045e-01 -2.351370e+00
2.024798e-01 1.052288e+00 -2.353471e+00
2.025797e-01 1.085253e+00 -2.355555e+00
2.026797e-01 1.080450e+00 -2.357621e+00
2.027797e-01 1.038343e+00 -2.359670e+00
2.028797e-01 1.046775e+00 -2.361701e+00
2.029797e-01 1.016226e+00 -2.363715e+00
2.030797e-01 1.013588e+00 -2.365711e+00
2.031797e-01 1.120448e+00 -2.367690e+00
2.032797e-01 1.100045e+00 -2.369652e+00
2.033797e-01 1.031726e+00 -2.371597e+00
2.034797e-01 1.017283e+00 -2.373525e+00
2.035796e-01 9.274579e-01 -2.375436e+00
2.036796e-01 9.664238e-01 -2.377331e+00
2.037796e-01 9.590265e-01 -2.379210e+00
2.038796e-01 1.053301e+00 -2.381073e+00
2.039796e-01 1.013046e+00 -2.382920e+00
2.040796e-01 1.006684e+00 -2.384752e+00
2.041796e-01 9.453112e-01 -2.386570e+00
2.042796e-01 9.676712e-01 -2.388373e+00
2.043796e-01 1.011816e+00 -2.390161e+00
2.044796e-01 1.019093e+00 -2.391936e+00
2.045795e-01 9.426240e-01 -2.393698e+00
2.046795e-01 8.686683e-01 -2.395447e+00
2.047795e-01 9.929599e-01 -2.397184e+00
2.048795e-01 9.208850e-01 -2.398910e+00
2.049795e-01 9.097718e-01 -2.400624e+00
2.050795e-01 1.032591e+00 -2.402327e+00
2.051795e-01 9.389912e-01 -2.404021e+00
2.052795e-01 9.830321e-01 -2.405705e+00
2.053795e-01 8.546767e-01 -2.407380e+00
2.054795e-01 9.113071e-01 -2.409048e+00
2.055794e-01 8.682982e-01 -2.410708e+00
2.056794e-01 1.014778e+00 -2.412361e+00
2.057794e-01 8.823894e-01 -2.414009e+00
2.058794e-01 7.900690e-01 -2.415651e+00
2.059794e-01 9.207252e-01 -2.417288e+00
2.060794e-01 9.493265e-01 -2.418922e+00
2.061794e-01 1.005681e+00 -2.420554e+00
2.062794e-01 9.750136e-01 -2.422183e+00
2.063794e-01 8.944096e-01 -2.423811e+00
2.064794e-01 9.146318e-01 -2.425438e+00
2.065793e-01 8.192124e-01 -2.427066e+00
2.066793e-01 8.407582e-01 -2.428696e+00
2.067793e-01 9.329014e-01 -2.430327e+00
2.068793e-01 8.259730e-01 -2.431962e+00
2.069793e-01 8.386106e-01 -2.433601e+00
2.070793e-01 8.356557e-01 -2.435246e+00
2.071793e-01 8.619493e-01 -2.436896e+00
2.072793e-01 8.993543e-01 -2.438553e+00
2.073793e-01 8.979310e-01 -2.440219e+00
2.074793e-01 8.381574e-01 -2.441893e+00
2.075792e-01 8.911447e-01 -2.443577e+00
2.076792e-01 9.032787e-01 -2.445273e+00
2.077792e-01 8.170382e-01 -2.446980e+00
2.078792e-01 8.010650e-01 -2.448701e+00
2.079792e-01 9.880343e-01 -2.450435e+00
2.080792e-01 8.415714e-01 -2.452185e+00
2.081792e-01 8.962635e-01 -2.453952e+00
2.082792e-01 8.091718e-01 -2.455735e+00
2.083792e-01 9.325108e-01 -2.457537e+00
2.084792e-01 8.710169e-01 -2.459358e+00
2.085791e-01 8.716710e-01 -2.461200e+00
2.086791e-01 9.121054e-01 -2.463063e+00
2.087791e-01 8.250417e-01 -2.464949e+00
2.088791e-01 8.672784e-01 -2.466858e+00
2.089791e-01 8.572046e-01 -2.468792e+00
2.090791e-01 9.041649e-01 -2.470752e+00
2.091791e-01 8.882085e-01 -2.472738e+00
2.092791e-01 8.825251e-01 -2.474753e+00
2.093791e-01 8.347963e-01 -2.476796e+00
2.094791e-01 9.774067e-01 -2.478869e+00
2.095790e-01 9.193747e-01 -2.480972e+00
2.096790e-01 9.520725e-01 -2.483108e+00
2.097790e-01 1.049214e+00 -2.485276e+00
2.098790e-01 9.478667e-01 -2.487478e+00
2.099790e-01 8.833228e-01 -2.489714e+00
2.100790e-01 1.032629e+00 -2.491986e+00
2.101790e-01 9.789464e-01 -2.494294e+00
2.102790e-01 1.084512e+00 -2.496639e+00
2.103790e-01 9.674955e-01 -2.499022e+00
2.104790e-01 1.004174e+00 -2.501443e+00
2.105789e-01 9.883932e-01 -2.503904e+00
2.106789e-01 9.913061e-01 -2.506406e+00
2.107789e-01 9.781541e-01 -2.508948e+00
2.108789e-01 1.000421e+00 -2.511531e+00
2.109789e-01 1.043465e+00 -2.514156e+00
2.110789e-01 1.049673e+00 -2.516823e+00
2.111789e-01 1.099068e+00 -2.519534e+00
2.112789e-01 1.067179e+00 -2.522287e+00
2.113789e-01 1.051922e+00 -2.525084e+00
2.114789e-01 1.010892e+00 -2.527925e+00
2.115788e-01 1.011269e+00 -2.530809e+00
2.116788e-01 1.096918e+00 -2.533738e+00
2.117788e-01 9.882529e-01 -2.536711e+00
2.118788e-01 1.062745e+00 -2.539727e+00
2.119788e-01 1.078627e+00 -2.542788e+00
2.120788e-01 1.144170e+00 -2.545892e+00
2.121788e-01 1.028628e+00 -2.549039e+00
2.122788e-01 1.108028e+00 -2.552228e+00
2.123788e-01 1.113268e+00 -2.555460e+00
2.124788e-01 1.058783e+00 -2.558733e+00
2.125787e-01 1.041664e+00 -2.562047e+00
2.126787e-01 1.063615e+00 -2.565400e+00
2.127787e-01 1.138292e+00 -2.568791e+00
2.128787e-01 9.775485e-01 -2.572219e+00
2.129787e-01 1.114060e+00 -2.575683e+00
2.130787e-01 1.057145e+00 -2.579182e+00
2.131787e-01 1.042178e+00 -2.582712e+00
2.132787e-01 1.001454e+00 -2.586272e+00
2.133787e-01 1.029550e+00 -2.589861e+00
2.134787e-01 1.057594e+00 -2.593475e+00
2.135786e-01 1.100677e+00 -2.597112e+00
2.136786e-01 1.031979e+00 -2.600769e+00
2.137786e-01 1.054620e+00 -2.604443e+00
2.138786e-01 1.086452e+00 -2.608131e+00
2.139786e-01 1.096222e+00 -2.611829e+00
2.140786e-01 1.014617e+00 -2.615533e+00
2.141786e-01 1.037039e+00 -2.619240e+00
2.142786e-01 1.074231e+00 -2.622944e+00
2.143786e-01 1.039229e+00 -2.626641e+00
2.144786e-01 1.030646e+00 -2.630325e+00
2.145785e-01 9.076699e-01 -2.633992e+00
2.146785e-01 1.020159e+00 -2.637636e+00
2.147785e-01 8.968792e-01 -2.641250e+00
2.148785e-01 9.576342e-01 -2.644828e+00
2.149785e-01 9.535181e-01 -2.648363e+00
2.150785e-01 9.485722e-01 -2.651848e+00
2.151785e-01 9.774680e-01 -2.655275e+00
2.152785e-01 9.498112e-01 -2.658637e+00
2.153785e-01 9.059634e-01 -2.661924e+00
2.154785e-01 1.009895e+00 -2.665129e+00
2.155784e-01 9.841549e-01 -2.668241e+00
2.156784e-01 9.381556e-01 -2.671252e+00
2.157784e-01 8.776593e-01 -2.674150e+00
2.158784e-01 9.100683e-01 -2.676927e+00
2.159784e-01 9.531086e-01 -2.679571e+00
2.160784e-01 8.929032e-01 -2.682071e+00
2.161784e-01 8.603450e-01 -2.684416e+00
2.162784e-01 9.229334e-01 -2.686593e+00
2.163784e-01 9.152286e-01 -2.688592e+00
2.164784e-01 8.993740e-01 -2.690400e+00
2.165783e-01 8.818565e-01 -2.692005e+00
2.166783e-01 9.248575e-01 -2.693394e+00
2.167783e-01 8.012721e-01 -2.694555e+00
2.168783e-01 9.487550e-01 -2.695476e+00
2.169783e-01 8.075661e-01 -2.696144e+00
2.170783e-01 8.748475e-01 -2.696547e+00
2.171783e-01 9.104236e-01 -2.696674e+00
2.172783e-01 9.312515e-01 -2.696512e+00
2.173783e-01 9.346520e-01 -2.696052e+00
2.174783e-01 9.667346e-01 -2.695284e+00
2.175782e-01 9.144294e-01 -2.694197e+00
2.176782e-01 8.086855e-01 -2.692783e+00
2.177782e-01 9.314870e-01 -2.691035e+00
2.178782e-01 8.768818e-01 -2.688948e+00
2.179782e-01 8.249622e-01 -2.686515e+00
2.180782e-01 8.577284e-01 -2.683733e+00
2.181782e-01 8.591510e-01 -2.680602e+00
2.182782e-01 9.072125e-01 -2.677120e+00
2.183782e-01 8.732134e-01 -2.673291e+00
2.184782e-01 8.718425e-01 -2.669117e+00
2.185781e-01 9.326873e-01 -2.664605e+00
2.186781e-01 8.798912e-01 -2.659764e+00
2.187781e-01 9.155773e-01 -2.654603e+00
2.188781e-01 9.212736e-01 -2.649136e+00
2.189781e-01 9.111636e-01 -2.643377e+00
2.190781e-01 9.262215e-01 -2.637345e+00
2.191781e-01 9.446499e-01 -2.631059e+00
2.192781e-01 9.380574e-01 -2.624540e+00
2.193781e-01 9.119319e-01 -2.617812e+00
2.194781e-01 1.001610e+00 -2.610901e+00
2.195780e-01 9.795603e-01 -2.603834e+00
2.196780e-01 1.005955e+00 -2.596640e+00
2.197780e-01 8.996210e-01 -2.589348e+00
2.198780e-01 9.897784e-01 -2.581991e+00
2.199780e-01 1.080469e+00 -2.574599e+00
2.200780e-01 1.001721e+00 -2.567204e+00
2.201780e-01 1.108609e+00 -2.559839e+00
2.202780e-01 1.059635e+00 -2.552536e+00
2.203780e-01 1.051949e+00 -2.545327e+00
2.204780e-01 9.434232e-01 -2.538241e+00
2.205779e-01 1.046926e+00 -2.531309e+00
2.206779e-01 9.973295e-01 -2.524559e+00
2.207779e-01 1.033463e+00 -2.518018e+00
2.208779e-01 9.812543e-01 -2.511711e+00
2.209779e-01 9.880931e-01 -2.505661e+00
2.210779e-01 1.081121e+00 -2.499890e+00
2.211779e-01 1.103755e+00 -2.494416e+00
2.212779e-01 1.134010e+00 -2.489255e+00
2.213779e-01 9.868654e-01 -2.484423e+00
2.214779e-01 1.168014e+00 -2.479931e+00
2.215778e-01 9.999416e-01 -2.475788e+00
2.216778e-01 1.121475e+00 -2.472003e+00
2.217778e-01 1.073972e+00 -2.468580e+00
2.218778e-01 1.113301e+00 -2.465523e+00
2.219778e-01 1.080524e+00 -2.462831e+00
2.220778e-01 1.052854e+00 -2.460505e+00
2.221778e-01 1.076091e+00 -2.458541e+00
2.222778e-01 1.072899e+00 -2.456936e+00
2.223778e-01 1.037451e+00 -2.455682e+00
2.224778e-01 1.076255e+00 -2.454773e+00
2.225777e-01 1.068620e+00 -2.454201e+00
2.226777e-01 1.103796e+00 -2.453955e+00
2.227777e-01 1.109809e+00 -2.454026e+00
2.228777e-01 1.084648e+00 -2.454401e+00
2.229777e-01 1.063973e+00 -2.455070e+00
2.230777e-01 1.166099e+00 -2.456019e+00
2.231777e-01 1.089182e+00 -2.457235e+00
2.232777e-01 1.065155e+00 -2.458707e+00
2.233777e-01 1.139966e+00 -2.460419e+00
2.234777e-01 1.036632e+00 -2.462359e+00
2.235776e-01 1.009051e+00 -2.464513e+00
2.236776e-01 1.021084e+00 -2.466867e+00
2.237776e-01 1.069067e+00 -2.469409e+00
2.238776e-01 1.182965e+00 -2.472125e+00
2.239776e-01 1.074540e+00 -2.475002e+00
2.240776e-01 1.068579e+00 -2.478028e+00
2.241776e-01 1.031867e+00 -2.481189e+00
2.242776e-01 1.046467e+00 -2.484474e+00
2.243776e-01 9.855179e-01 -2.487872e+00
2.244776e-01 9.895851e-01 -2.491370e+00
2.245775e-01 1.007012e+00 -2.494959e+00
2.246775e-01 9.554517e-01 -2.498626e+00
2.247775e-01 9.624651e-01 -2.502363e+00
2.248775e-01 9.174738e-01 -2.506159e+00
2.249775e-01 1.044896e+00 -2.510005e+00
2.250775e-01 9.967801e-01 -2.513892e+00
2.251775e-01 9.504878e-01 -2.517812e+00
2.252775e-01 9.067935e-01 -2.521757e+00
2.253775e-01 1.002687e+00 -2.525718e+00
2.254775e-01 9.589804e-01 -2.529688e+00
2.255774e-01 9.334012e-01 -2.533661e+00
2.256774e-01 9.606114e-01 -2.537630e+00
2.257774e-01 8.758015e-01 -2.541588e+00
2.258774e-01 9.459201e-01 -2.545530e+00
2.259774e-01 8.807886e-01 -2.549450e+00
2.260774e-01 8.591397e-01 -2.553343e+00
2.261774e-01 8.951099e-01 -2.557204e+00
2.262774e-01 8.654898e-01 -2.561028e+00
2.263774e-01 9.670700e-01 -2.564810e+00
2.264774e-01 8.934381e-01 -2.568548e+00
2.265773e-01 9.235026e-01 -2.572237e+00
2.266773e-01 8.880996e-01 -2.575873e+00
2.267773e-01 8.319727e-01 -2.579453e+00
2.268773e-01 9.256897e-01 -2.582974e+00
2.269773e-01 8.875484e-01 -2.586433e+00
2.270773e-01 9.329194e-01 -2.589828e+00
2.271773e-01 8.561664e-01 -2.593156e+00
2.272773e-01 8.878799e-01 -2.596414e+00
2.273773e-01 9.665668e-01 -2.599601e+00
2.274773e-01 9.733639e-01 -2.602715e+00
2.275772e-01 8.970511e-01 -2.605753e+00
2.276772e-01 1.040398e+00 -2.608715e+00
2.277772e-01 7.964557e-01 -2.611599e+00
2.278772e-01 8.448533e-01 -2.614403e+00
2.279772e-01 8.213670e-01 -2.617126e+00
2.280772e-01 9.531519e-01 -2.619768e+00
2.281772e-01 9.660411e-01 -2.622327e+00
2.282772e-01 8.823909e-01 -2.624802e+00
2.283772e-01 8.079594e-01 -2.627193e+00
2.284772e-01 9.197055e-01 -2.629499e+00
2.285771e-01 9.962925e-01 -2.631719e+00
2.286771e-01 8.988752e-01 -2.633854e+00
2.287771e-01 8.884988e-01 -2.635902e+00
2.288771e-01 9.868467e-01 -2.637864e+00
2.289771e-01 9.390666e-01 -2.639739e+00
2.290771e-01 9.294010e-01 -2.641527e+00
2.291771e-01 9.711873e-01 -2.643227e+00
2.292771e-01 9.389406e-01 -2.644841e+00
2.293771e-01 9.460351e-01 -2.646368e+00
2.294771e-01 9.906485e-01 -2.647808e+00
2.295770e-01 8.623876e-01 -2.649161e+00
2.296770e-01 9.361633e-01 -2.650428e+00
2.297770e-01 9.742729e-01 -2.651608e+00
2.298770e-01 1.080316e+00 -2.652703e+00
2.299770e-01 1.044412e+00 -2.653711e+00
2.300770e-01 1.023921e+00 -2.654635e+00
2.301770e-01 9.414012e-01 -2.655473e+00
2.302770e-01 9.525571e-01 -2.656228e+00
2.303770e-01 9.861664e-01 -2.656898e+00
2.304770e-01 1.055406e+00 -2.657485e+00
2.305769e-01 1.124954e+00 -2.657988e+00
2.306769e-01 9.441977e-01 -2.658410e+00
2.307769e-01 1.074706e+00 -2.658750e+00
2.308769e-01 1.023749e+00 -2.659008e+00
2.309769e-01 1.000526e+00 -2.659186e+00
2.310769e-01 1.026806e+00 -2.659284e+00
2.311769e-01 1.012061e+00 -2.659303e+00
2.312769e-01 1.119635e+00 -2.659243e+00
2.313769e-01 1.079817e+00 -2.659106e+00
2.314769e-01 1.152237e+00 -2.658891e+00
2.315768e-01 1.023915e+00 -2.658600e+00
2.316768e-01 1.092966e+00 -2.658233e+00
2.317768e-01 1.065729e+00 -2.657791e+00
2.318768e-01 1.036893e+00 -2.657275e+00
2.319768e-01 1.150223e+00 -2.656686e+00
2.320768e-01 1.127865e+00 -2.656024e+00
2.321768e-01 1.106814e+00 -2.655290e+00
2.322768e-01 1.085305e+00 -2.654485e+00
2.323768e-01 1.082758e+00 -2.653610e+00
2.324768e-01 1.075406e+00 -2.652665e+00
2.325767e-01 1.092669e+00 -2.651652e+00
2.326767e-01 1.033107e+00 -2.650571e+00
2.327767e-01 1.111613e+00 -2.649423e+00
2.328767e-01 1.180696e+00 -2.648209e+00
2.329767e-01 1.182615e+00 -2.646930e+00
2.330767e-01 1.068544e+00 -2.645587e+00
2.331767e-01 1.150558e+00 -2.644180e+00
2.332767e-01 1.130778e+00 -2.642711e+00
2.333767e-01 1.179885e+00 -2.641180e+00
2.334767e-01 1.044408e+00 -2.639588e+00
2.335766e-01 1.077711e+00 -2.637936e+00
2.336766e-01 1.075420e+00 -2.636226e+00
2.337766e-01 1.049731e+00 -2.634457e+00
2.338766e-01 1.011989e+00 -2.632631e+00
2.339766e-01 9.854955e-01 -2.630750e+00
2.340766e-01 1.122218e+00 -2.628813e+00
2.341766e-01 1.096451e+00 -2.626822e+00
2.342766e-01 1.047673e+00 -2.624777e+00
2.343766e-01 1.014122e+00 -2.622681e+00
2.344766e-01 1.010774e+00 -2.620533e+00
2.345765e-01 1.065307e+00 -2.618335e+00
2.346765e-01 9.803856e-01 -2.616088e+00
2.347765e-01 1.020939e+00 -2.613793e+00
2.348765e-01 1.030418e+00 -2.611451e+00
2.349765e-01 1.032495e+00 -2.609063e+00
2.350765e-01 1.021112e+00 -2.606631e+00
2.351765e-01 9.683115e-01 -2.604154e+00
2.352765e-01 9.580305e-01 -2.601635e+00
2.353765e-01 9.686941e-01 -2.599075e+00
2.354765e-01 9.848709e-01 -2.596475e+00
2.355764e-01 9.852536e-01 -2.593836e+00
2.356764e-01 8.389864e-01 -2.591159e+00
2.357764e-01 9.611660e-01 -2.588446e+00
2.358764e-01 8.740993e-01 -2.585698e+00
2.359764e-01 9.959356e-01 -2.582916e+00
2.360764e-01 8.864958e-01 -2.580102e+00
2.361764e-01 9.019924e-01 -2.577257e+00
2.362764e-01 9.220863e-01 -2.574383e+00
2.363764e-01 9.660862e-01 -2.571481e+00
2.364764e-01 8.946026e-01 -2.568553e+00
2.365763e-01 9.442469e-01 -2.565601e+00
2.366763e-01 9.130728e-01 -2.562625e+00
2.367763e-01 9.014575e-01 -2.559628e+00
2.368763e-01 8.900730e-01 -2.556612e+00
2.369763e-01 8.874459e-01 -2.553577e+00
2.370763e-01 8.890562e-01 -2.550528e+00
2.371763e-01 9.069617e-01 -2.547464e+00
2.372763e-01 9.026685e-01 -2.544388e+00
2.373763e-01 9.235058e-01 -2.541303e+00
2.374763e-01 8.639053e-01 -2.538210e+00
2.375762e-01 9.648536e-01 -2.535112e+00
2.376762e-01 8.878379e-01 -2.532012e+00
2.377762e-01 9.047600e-01 -2.528910e+00
2.378762e-01 8.974978e-01 -2.525811e+00
2.379762e-01 8.712831e-01 -2.522716e+00
2.380762e-01 9.243185e-01 -2.519628e+00
2.381762e-01 8.778963e-01 -2.516551e+00
2.382762e-01 9.159684e-01 -2.513486e+00
2.383762e-01 8.692716e-01 -2.510438e+00
2.384762e-01 9.240269e-01 -2.507409e+00
2.385761e-01 9.319922e-01 -2.504402e+00
2.386761e-01 8.379653e-01 -2.501421e+00
2.387761e-01 9.457367e-01 -2.498470e+00
2.388761e-01 9.946027e-01 -2.495551e+00
2.389761e-01 8.802732e-01 -2.492670e+00
2.390761e-01 9.350417e-01 -2.489829e+00
2.391761e-01 9.288354e-01 -2.487033e+00
2.392761e-01 9.045910e-01 -2.484286e+00
2.393761e-01 9.824776e-01 -2.481593e+00
2.394761e-01 8.778104e-01 -2.478957e+00
2.395760e-01 1.038100e+00 -2.476385e+00
2.396760e-01 9.688528e-01 -2.473880e+00
2.397760e-01 1.016617e+00 -2.471448e+00
2.398760e-01 9.343765e-01 -2.469094e+00
2.399760e-01 1.014639e+00 -2.466823e+00
2.400760e-01 9.915759e-01 -2.464641e+00
2.401760e-01 1.103704e+00 -2.462554e+00
2.402760e-01 1.000641e+00 -2.460567e+00
2.403760e-01 1.013352e+00 -2.458686e+00
2.404760e-01 1.026770e+00 -2.456918e+00
2.405759e-01 1.010883e+00 -2.455270e+00
2.406759e-01 1.018977e+00 -2.453746e+00
2.407759e-01 1.040856e+00 -2.452355e+00
2.408759e-01 1.110261e+00 -2.451103e+00
2.409759e-01 1.025511e+00 -2.449997e+00
2.410759e-01 1.062229e+00 -2.449043e+00
2.411759e-01 1.078679e+00 -2.448249e+00
2.412759e-01 1.092189e+00 -2.447622e+00
2.413759e-01 1.127337e+00 -2.447169e+00
2.414759e-01 1.092019e+00 -2.446897e+00
2.415758e-01 1.127490e+00 -2.446812e+00
2.416758e-01 1.170213e+00 -2.446923e+00
2.417758e-01 1.052471e+00 -2.447236e+00
2.418758e-01 1.183699e+00 -2.447757e+00
2.419758e-01 1.119165e+00 -2.448493e+00
2.420758e-01 1.056804e+00 -2.449451e+00
2.421758e-01 1.129378e+00 -2.450637e+00
2.422758e-01 1.109234e+00 -2.452056e+00
2.423758e-01 1.117869e+00 -2.453713e+00
2.424758e-01 1.084925e+00 -2.455614e+00
2.425757e-01 9.990394e-01 -2.457763e+00
2.426757e-01 1.093819e+00 -2.460163e+00
2.427757e-01 1.111815e+00 -2.462818e+00
2.428757e-01 1.162980e+00 -2.465731e+00
2.429757e-01 1.124798e+00 -2.468901e+00
2.430757e-01 9.668236e-01 -2.472332e+00
2.431757e-01 1.102909e+00 -2.476021e+00
2.432757e-01 1.111840e+00 -2.479969e+00
2.433757e-01 1.113364e+00 -2.484173e+00
2.434757e-01 1.000592e+00 -2.488629e+00
2.435756e-01 1.107376e+00 -2.493334e+00
2.436756e-01 1.065831e+00 -2.498281e+00
2.437756e-01 1.034058e+00 -2.503464e+00
2.438756e-01 9.858720e-01 -2.508875e+00
2.439756e-01 1.097002e+00 -2.514505e+00
2.440756e-01 1.084434e+00 -2.520341e+00
2.441756e-01 1.120474e+00 -2.526373e+00
2.442756e-01 1.012140e+00 -2.532588e+00
2.443756e-01 1.045196e+00 -2.538970e+00
2.444756e-01 9.426111e-01 -2.545504e+00
2.445755e-01 1.001370e+00 -2.552173e+00
2.446755e-01 1.087080e+00 -2.558959e+00
2.447755e-01 1.087816e+00 -2.565843e+00
2.448755e-01 9.773360e-01 -2.572804e+00
2.449755e-01 1.021851e+00 -2.579821e+00
2.450755e-01 9.630511e-01 -2.586873e+00
2.451755e-01 9.787788e-01 -2.593937e+00
2.452755e-01 9.974498e-01 -2.600990e+00
2.453755e-01 9.222948e-01 -2.608009e+00
2.454755e-01 9.701469e-01 -2.614969e+00
2.455754e-01 9.703177e-01 -2.621847e+00
2.456754e-01 9.666678e-01 -2.628618e+00
2.457754e-01 9.025738e-01 -2.635259e+00
2.458754e-01 9.122793e-01 -2.641744e+00
2.459754e-01 9.292663e-01 -2.648051e+00
2.460754e-01 8.383494e-01 -2.654157e+00
2.461754e-01 8.887505e-01 -2.660038e+00
2.462754e-01 9.577029e-01 -2.665672e+00
2.463754e-01 8.960360e-01 -2.671038e+00
2.464754e-01 8.962285e-01 -2.676115e+00
2.465753e-01 8.129186e-01 -2.680883e+00
2.466753e-01 9.858204e-01 -2.685323e+00
2.467753e-01 9.858725e-01 -2.689418e+00
2.468753e-01 8.877974e-01 -2.693151e+00
2.469753e-01 9.011917e-01 -2.696506e+00
2.470753e-01 8.895334e-01 -2.699469e+00
2.471753e-01 1.013838e+00 -2.702027e+00
2.472753e-01 1.001940e+00 -2.704169e+00
2.473753e-01 8.725908e-01 -2.705884e+00
2.474753e-01 8.682178e-01 -2.707163e+00
2.475752e-01 9.115613e-01 -2.708000e+00
2.476752e-01 8.293514e-01 -2.708390e+00
2.477752e-01 8.491438e-01 -2.708328e+00
2.478752e-01 9.009942e-01 -2.707814e+00
2.479752e-01 9.032847e-01 -2.706846e+00
2.480752e-01 9.378786e-01 -2.705428e+00
2.481752e-01 8.974940e-01 -2.703563e+00
2.482752e-01 8.890382e-01 -2.701257e+00
2.483752e-01 9.480143e-01 -2.698518e+00
2.484752e-01 9.158054e-01 -2.695357e+00
2.485751e-01 9.396022e-01 -2.691786e+00
2.486751e-01 9.122715e-01 -2.687820e+00
2.487751e-01 9.265091e-01 -2.683476e+00
2.488751e-01 9.147558e-01 -2.678774e+00
2.489751e-01 1.010144e+00 -2.673733e+00
2.490751e-01 8.765370e-01 -2.668377e+00
2.491751e-01 9.623716e-01 -2.662733e+00
2.492751e-01 1.036886e+00 -2.656825e+00
2.493751e-01 1.012709e+00 -2.650684e+00
2.494751e-01 9.643354e-01 -2.644340e+00
2.495750e-01 1.037933e+00 -2.637824e+00
2.496750e-01 1.000832e+00 -2.631169e+00
2.497750e-01 1.013237e+00 -2.624407e+00
2.498750e-01 1.030590e+00 -2.617575e+00
2.499750e-01 8.814441e-01 -2.610705e+00
2.500750e-01 1.013301e+00 -2.603834e+00
2.501750e-01 9.430948e-01 -2.596994e+00
2.502750e-01 9.587797e-01 -2.590221e+00
2.503750e-01 1.035609e+00 -2.583548e+00
2.504750e-01 1.080840e+00 -2.577008e+00
2.505749e-01 9.888240e-01 -2.570631e+00
2.506749e-01 1.105855e+00 -2.564447e+00
2.507749e-01 1.040376e+00 -2.558486e+00
2.508749e-01 1.120060e+00 -2.552774e+00
2.509749e-01 1.013178e+00 -2.547336e+00
2.510749e-01 1.134815e+00 -2.542195e+00
2.511749e-01 1.053463e+00 -2.537372e+00
2.512749e-01 1.126911e+00 -2.532886e+00
2.513749e-01 1.030855e+00 -2.528754e+00
2.514749e-01 1.173759e+00 -2.524990e+00
2.515748e-01 9.943689e-01 -2.521608e+00
2.516748e-01 1.098860e+00 -2.518617e+00
2.517748e-01 1.025217e+00 -2.516028e+00
2.518748e-01 1.087388e+00 -2.513846e+00
2.519748e-01 1.132740e+00 -2.512077e+00
2.520748e-01 1.005268e+00 -2.510724e+00
2.521748e-01 1.112227e+00 -2.509789e+00
2.522748e-01 1.075480e+00 -2.509272e+00
2.523748e-01 9.940130e-01 -2.509173e+00
2.524748e-01 1.050454e+00 -2.509488e+00
2.525747e-01 1.091357e+00 -2.510214e+00
2.526747e-01 1.091074e+00 -2.511347e+00
2.527747e-01 1.065467e+00 -2.512879e+00
2.528747e-01 1.107694e+00 -2.514805e+00
2.529747e-01 1.103249e+00 -2.517116e+00
2.530747e-01 1.056753e+00 -2.519803e+00
2.531747e-01 1.043929e+00 -2.522857e+00
2.532747e-01 1.103987e+00 -2.526266e+00
2.533747e-01 1.087890e+00 -2.530019e+00
2.534747e-01 1.092026e+00 -2.534103e+00
2.535746e-01 9.772282e-01 -2.538504e+00
2.536746e-01 1.133719e+00 -2.543208e+00
2.537746e-01 1.120196e+00 -2.548199e+00
2.538746e-01 1.088671e+00 -2.553461e+00
2.539746e-01 1.044241e+00 -2.558977e+00
2.540746e-01 1.122076e+00 -2.564728e+00
2.541746e-01 1.000591e+00 -2.570695e+00
2.542746e-01 1.015838e+00 -2.576857e+00
2.543746e-01 9.322298e-01 -2.583194e+00
2.544746e-01 1.073150e+00 -2.589684e+00
2.545745e-01 9.831544e-01 -2.596303e+00
2.546745e-01 1.056924e+00 -2.603029e+00
2.547745e-01 1.020995e+00 -2.609837e+00
2.548745e-01 1.006323e+00 -2.616701e+00
2.549745e-01 1.013850e+00 -2.623599e+00
2.550745e-01 1.057877e+00 -2.630503e+00
2.551745e-01 8.896261e-01 -2.637388e+00
2.552745e-01 9.305898e-01 -2.644228e+00
2.553745e-01 9.649111e-01 -2.650998e+00
2.554745e-01 1.034552e+00 -2.657673e+00
2.555744e-01 9.478752e-01 -2.664228e+00
2.556744e-01 9.085776e-01 -2.670638e+00
2.557744e-01 9.846645e-01 -2.676881e+00
2.558744e-01 1.029177e+00 -2.682932e+00
2.559744e-01 9.061495e-01 -2.688772e+00
2.560744e-01 9.347506e-01 -2.694379e+00
2.561744e-01 1.022034e+00 -2.699734e+00
2.562744e-01 9.735266e-01 -2.704819e+00
2.563744e-01 9.498987e-01 -2.709618e+00
2.564744e-01 9.088672e-01 -2.714116e+00
2.565743e-01 9.702941e-01 -2.718300e+00
2.566743e-01 1.001138e+00 -2.722156e+00
2.567743e-01 8.557472e-01 -2.725676e+00
2.568743e-01 9.299273e-01 -2.728850e+00
2.569743e-01 9.256409e-01 -2.731670e+00
2.570743e-01 8.133137e-01 -2.734130e+00
2.571743e-01 9.644868e-01 -2.736227e+00
2.572743e-01 9.422418e-01 -2.737955e+00
2.573743e-01 9.453250e-01 -2.739315e+00
2.574743e-01 9.503521e-01 -2.740304e+00
2.575742e-01 9.600871e-01 -2.740922e+00
2.576742e-01 8.859360e-01 -2.741172e+00
2.577742e-01 8.741213e-01 -2.741055e+00
2.578742e-01 9.539303e-01 -2.740574e+00
2.579742e-01 9.359910e-01 -2.739734e+00
2.580742e-01 8.781135e-01 -2.738539e+00
2.581742e-01 9.304851e-01 -2.736995e+00
2.582742e-01 8.375594e-01 -2.735108e+00
2.583742e-01 9.304458e-01 -2.732886e+00
2.584742e-01 8.763000e-01 -2.730337e+00
2.585741e-01 9.851788e-01 -2.727470e+00
2.586741e-01 8.464696e-01 -2.724293e+00
2.587741e-01 9.275165e-01 -2.720819e+00
2.588741e-01 9.812550e-01 -2.717059e+00
2.589741e-01 9.873960e-01 -2.713026e+00
2.590741e-01 9.335065e-01 -2.708733e+00
2.591741e-01 9.433204e-01 -2.704196e+00
2.592741e-01 8.397702e-01 -2.699432e+00
2.593741e-01 9.133728e-01 -2.694457e+00
2.594741e-01 9.892877e-01 -2.689291e+00
2.595740e-01 9.390476e-01 -2.683955e+00
2.596740e-01 9.098956e-01 -2.678471e+00
2.597740e-01 9.139692e-01 -2.672862e+00
2.598740e-01 9.468177e-01 -2.667153e+00
2.599740e-01 8.893943e-01 -2.661371e+00
2.600740e-01 1.084254e+00 -2.655541e+00
2.601740e-01 1.082772e+00 -2.649693e+00
2.602740e-01 9.822480e-01 -2.643856e+00
2.603740e-01 1.062459e+00 -2.638060e+00
2.604740e-01 1.072297e+00 -2.632335e+00
2.605739e-01 9.346282e-01 -2.626712e+00
2.606739e-01 1.013965e+00 -2.621220e+00
2.607739e-01 1.011977e+00 -2.615891e+00
2.608739e-01 1.107448e+00 -2.610753e+00
2.609739e-01 1.077553e+00 -2.605835e+00
2.610739e-01 9.551091e-01 -2.601164e+00
2.611739e-01 1.045499e+00 -2.596766e+00
2.612739e-01 1.137371e+00 -2.592664e+00
2.613739e-01 1.020897e+00 -2.588879e+00
2.614739e-01 1.132584e+00 -2.585433e+00
2.615738e-01 1.075376e+00 -2.582340e+00
2.616738e-01 1.027291e+00 -2.579617e+00
2.617738e-01 1.115015e+00 -2.577276e+00
2.618738e-01 1.075415e+00 -2.575325e+00
2.619738e-01 1.090811e+00 -2.573773e+00
2.620738e-01 1.068522e+00 -2.572623e+00
2.621738e-01 1.135878e+00 -2.571878e+00
2.622738e-01 1.107149e+00 -2.571539e+00
2.623738e-01 1.084024e+00 -2.571603e+00
2.624738e-01 1.114139e+00 -2.572065e+00
2.625737e-01 1.023531e+00 -2.572922e+00
2.626737e-01 1.207586e+00 -2.574166e+00
2.627737e-01 1.118668e+00 -2.575789e+00
2.628737e-01 1.067365e+00 -2.577782e+00
2.629737e-01 1.109564e+00 -2.580134e+00
2.630737e-01 1.049305e+00 -2.582836e+00
2.631737e-01 1.085297e+00 -2.585876e+00
2.632737e-01 1.125327e+00 -2.589242e+00
2.633737e-01 1.102034e+00 -2.592923e+00
2.634737e-01 1.025473e+00 -2.596907e+00
2.635736e-01 1.217406e+00 -2.601182e+00
2.636736e-01 1.071998e+00 -2.605735e+00
2.637736e-01 1.113584e+00 -2.610553e+00
2.638736e-01 1.062679e+00 -2.615624e+00
2.639736e-01 1.144236e+00 -2.620935e+00
2.640736e-01 1.070788e+00 -2.626472e+00
2.641736e-01 9.228145e-01 -2.632221e+00
2.642736e-01 9.437171e-01 -2.638168e+00
2.643736e-01 1.164844e+00 -2.644296e+00
2.644736e-01 1.010453e+00 -2.650591e+00
2.645735e-01 1.083464e+00 -2.657034e+00
2.646735e-01 9.581421e-01 -2.663607e+00
2.647735e-01 1.026730e+00 -2.670292e+00
2.648735e-01 9.959674e-01 -2.677068e+00
2.649735e-01 9.997894e-01 -2.683913e+00
2.650735e-01 1.036884e+00 -2.690805e+00
2.651735e-01 9.445235e-01 -2.697719e+00
2.652735e-01 9.372800e-01 -2.704632e+00
2.653735e-01 1.003933e+00 -2.711518e+00
2.654735e-01 9.684949e-01 -2.718349e+00
2.655734e-01 9.884566e-01 -2.725100e+00
2.656734e-01 8.598748e-01 -2.731743e+00
2.657734e-01 9.489395e-01 -2.738249e+00
2.658734e-01 1.015326e+00 -2.744593e+00
2.659734e-01 1.028431e+00 -2.750746e+00
2.660734e-01 9.346201e-01 -2.756683e+00
2.661734e-01 9.149044e-01 -2.762376e+00
2.662734e-01 9.256650e-01 -2.767802e+00
2.663734e-01 9.762410e-01 -2.772937e+00
2.664734e-01 9.329989e-01 -2.777758e+00
2.665733e-01 9.181143e-01 -2.782246e+00
2.666733e-01 8.691457e-01 -2.786383e+00
2.667733e-01 9.489625e-01 -2.790150e+00
2.668733e-01 8.517036e-01 -2.793535e+00
2.669733e-01 8.523267e-01 -2.796525e+00
2.670733e-01 8.488334e-01 -2.799111e+00
2.671733e-01 9.156333e-01 -2.801283e+00
2.672733e-01 8.153223e-01 -2.803039e+00
2.673733e-01 9.009365e-01 -2.804373e+00
2.674733e-01 9.688651e-01 -2.805287e+00
2.675732e-01 9.663678e-01 -2.805780e+00
2.676732e-01 8.480223e-01 -2.805856e+00
2.677732e-01 9.306544e-01 -2.805522e+00
2.678732e-01 9.048631e-01 -2.804783e+00
2.679732e-01 9.340344e-01 -2.803650e+00
2.680732e-01 9.734826e-01 -2.802132e+00
2.681732e-01 9.221709e-01 -2.800242e+00
2.682732e-01 8.843348e-01 -2.797993e+00
2.683732e-01 8.876319e-01 -2.795399e+00
2.684732e-01 9.772601e-01 -2.792476e+00
2.685731e-01 9.454659e-01 -2.789241e+00
2.686731e-01 9.483567e-01 -2.785711e+00
2.687731e-01 9.643625e-01 -2.781903e+00
2.688731e-01 9.344453e-01 -2.777837e+00
2.689731e-01 9.012752e-01 -2.773531e+00
2.690731e-01 8.987617e-01 -2.769005e+00
2.691731e-01 8.936070e-01 -2.764279e+00
2.692731e-01 1.005638e+00 -2.759372e+00
2.693731e-01 8.952301e-01 -2.754305e+00
2.694731e-01 9.192189e-01 -2.749099e+00
2.695730e-01 1.050745e+00 -2.743773e+00
2.696730e-01 9.188289e-01 -2.738349e+00
2.697730e-01 1.022869e+00 -2.732848e+00
2.698730e-01 1.012860e+00 -2.727289e+00
2.699730e-01 1.055369e+00 -2.721694e+00
2.700730e-01 9.780089e-01 -2.716084e+00
2.701730e-01 1.042510e+00 -2.710480e+00
2.702730e-01 9.506920e-01 -2.704901e+00
2.703730e-01 1.048663e+00 -2.699370e+00
2.704730e-01 1.112469e+00 -2.693907e+00
2.705729e-01 1.020682e+00 -2.688532e+00
2.706729e-01 9.925282e-01 -2.683267e+00
2.707729e-01 1.081028e+00 -2.678131e+00
2.708729e-01 1.128460e+00 -2.673146e+00
2.709729e-01 1.143612e+00 -2.668332e+00
2.710729e-01 1.073248e+00 -2.663710e+00
2.711729e-01 1.034607e+00 -2.659298e+00
2.712729e-01 1.000239e+00 -2.655117e+00
2.713729e-01 1.027776e+00 -2.651187e+00
2.714729e-01 1.032239e+00 -2.647527e+00
2.715728e-01 1.029123e+00 -2.644154e+00
2.716728e-01 1.133188e+00 -2.641088e+00
2.717728e-01 1.140236e+00 -2.638345e+00
2.718728e-01 1.037349e+00 -2.635943e+00
2.719728e-01 1.131304e+00 -2.633896e+00
2.720728e-01 1.082667e+00 -2.632219e+00
2.721728e-01 1.089804e+00 -2.630927e+00
2.722728e-01 1.002012e+00 -2.630030e+00
2.723728e-01 1.032322e+00 -2.629540e+00
2.724728e-01 1.077437e+00 -2.629465e+00
2.725727e-01 1.050116e+00 -2.629813e+00
2.726727e-01 1.150407e+00 -2.630589e+00
2.727727e-01 1.006947e+00 -2.631797e+00
2.728727e-01 1.097940e+00 -2.633437e+00
2.729727e-01 1.066809e+00 -2.635508e+00
2.730727e-01 1.043649e+00 -2.638007e+00
2.731727e-01 1.128196e+00 -2.640928e+00
2.732727e-01 1.221440e+00 -2.644262e+00
2.733727e-01 1.077719e+00 -2.647999e+00
2.734727e-01 1.128653e+00 -2.652124e+00
2.735726e-01 1.195353e+00 -2.656622e+00
2.736726e-01 1.050861e+00 -2.661474e+00
2.737726e-01 9.935631e-01 -2.666659e+00
2.738726e-01 9.666310e-01 -2.672155e+00
2.739726e-01 1.017870e+00 -2.677937e+00
2.740726e-01 1.043352e+00 -2.683979e+00
2.741726e-01 1.040165e+00 -2.690251e+00
2.742726e-01 1.063415e+00 -2.696726e+00
2.743726e-01 1.003423e+00 -2.703371e+00
2.744726e-01 1.040658e+00 -2.710157e+00
2.745725e-01 9.956505e-01 -2.717050e+00
2.746725e-01 9.879022e-01 -2.724020e+00
2.747725e-01 1.021006e+00 -2.731035e+00
2.748725e-01 1.028465e+00 -2.738063e+00
2.749725e-01 1.086208e+00 -2.745074e+00
2.750725e-01 9.117899e-01 -2.752037e+00
2.751725e-01 9.479718e-01 -2.758924e+00
2.752725e-01 8.830289e-01 -2.765708e+00
2.753725e-01 9.685693e-01 -2.772362e+00
2.754725e-01 9.994410e-01 -2.778861e+00
2.755724e-01 9.501929e-01 -2.785184e+00
2.756724e-01 9.046289e-01 -2.791307e+00
2.757724e-01 7.903901e-01 -2.797212e+00
2.758724e-01 9.627467e-01 -2.802881e+00
2.759724e-01 9.106080e-01 -2.808297e+00
2.760724e-01 8.617046e-01 -2.813445e+00
2.761724e-01 9.249979e-01 -2.818311e+00
2.762724e-01 8.407811e-01 -2.822884e+00
2.763724e-01 9.112672e-01 -2.827153e+00
2.764724e-01 9.384322e-01 -2.831108e+00
2.765723e-01 8.298917e-01 -2.834740e+00
2.766723e-01 8.450096e-01 -2.838042e+00
2.767723e-01 9.482770e-01 -2.841007e+00
2.768723e-01 9.897808e-01 -2.843629e+00
2.769723e-01 9.003272e-01 -2.845902e+00
2.770723e-01 9.313794e-01 -2.847822e+00
2.771723e-01 9.151488e-01 -2.849385e+00
2.772723e-01 8.959277e-01 -2.850588e+00
2.773723e-01 7.784480e-01 -2.851427e+00
2.774723e-01 8.289752e-01 -2.851901e+00
2.775722e-01 9.450329e-01 -2.852009e+00
2.776722e-01 8.881500e-01 -2.851748e+00
2.777722e-01 9.107637e-01 -2.851121e+00
2.778722e-01 8.874266e-01 -2.850128e+00
2.779722e-01 8.687376e-01 -2.848770e+00
2.780722e-01 9.611205e-01 -2.847052e+00
2.781722e-01 9.012610e-01 -2.844977e+00
2.782722e-01 9.235319e-01 -2.842551e+00
2.783722e-01 8.242837e-01 -2.839782e+00
2.784722e-01 8.490483e-01 -2.836676e+00
2.785721e-01 9.101881e-01 -2.833245e+00
2.786721e-01 8.464109e-01 -2.829500e+00
2.787721e-01 9.002400e-01 -2.825453e+00
2.788721e-01 9.552383e-01 -2.821120e+00
2.789721e-01 8.956705e-01 -2.816516e+00
2.790721e-01 8.551858e-01 -2.811658e+00
2.791721e-01 9.558355e-01 -2.806567e+00
2.792721e-01 9.418766e-01 -2.801262e+00
2.793721e-01 8.551073e-01 -2.795765e+00
2.794721e-01 9.565624e-01 -2.790100e+00
2.795720e-01 9.328524e-01 -2.784290e+00
2.796720e-01 8.692075e-01 -2.778361e+00
2.797720e-01 9.797129e-01 -2.772337e+00
2.798720e-01 9.636015e-01 -2.766247e+00
2.799720e-01 1.043710e+00 -2.760115e+00
2.800720e-01 1.034095e+00 -2.753971e+00
2.801720e-01 1.051471e+00 -2.747840e+00
2.802720e-01 1.035691e+00 -2.741751e+00
2.803720e-01 9.670203e-01 -2.735729e+00
2.804720e-01 1.146854e+00 -2.729802e+00
2.805719e-01 9.863558e-01 -2.723995e+00
2.806719e-01 1.004572e+00 -2.718333e+00
2.807719e-01 1.028225e+00 -2.712842e+00
2.808719e-01 1.044794e+00 -2.707544e+00
2.809719e-01 1.014190e+00 -2.702461e+00
2.810719e-01 1.059112e+00 -2.697615e+00
2.811719e-01 1.006489e+00 -2.693027e+00
2.812719e-01 1.087205e+00 -2.688713e+00
2.813719e-01 1.107733e+00 -2.684693e+00
2.814719e-01 1.003769e+00 -2.680982e+00
2.815718e-01 1.073803e+00 -2.677594e+00
2.816718e-01 1.117191e+00 -2.674543e+00
2.817718e-01 1.104664e+00 -2.671840e+00
2.818718e-01 1.083617e+00 -2.669496e+00
2.819718e-01 9.738786e-01 -2.667520e+00
2.820718e-01 1.099105e+00 -2.665919e+00
2.821718e-01 1.138433e+00 -2.664699e+00
2.822718e-01 1.124589e+00 -2.663865e+00
2.823718e-01 1.055654e+00 -2.663421e+00
2.824718e-01 1.056567e+00 -2.663369e+00
2.825717e-01 1.115422e+00 -2.663708e+00
2.826717e-01 1.112278e+00 -2.664439e+00
2.827717e-01 1.030457e+00 -2.665559e+00
2.828717e-01 1.076833e+00 -2.667065e+00
2.829717e-01 1.070949e+00 -2.668953e+00
2.830717e-01 1.013024e+00 -2.671216e+00
2.831717e-01 1.112760e+00 -2.673848e+00
2.832717e-01 1.111194e+00 -2.676839e+00
2.833717e-01 1.019936e+00 -2.680179e+00
2.834717e-01 1.054748e+00 -2.683859e+00
2.835716e-01 1.076550e+00 -2.687864e+00
2.836716e-01 1.065862e+00 -2.692182e+00
2.837716e-01 1.095505e+00 -2.696797e+00
2.838716e-01 1.093435e+00 -2.701694e+00
2.839716e-01 1.057007e+00 -2.706854e+00
2.840716e-01 1.089759e+00 -2.712259e+00
2.841716e-01 1.038845e+00 -2.717889e+00
2.842716e-01 1.060452e+00 -2.723725e+00
2.843716e-01 9.712964e-01 -2.729743e+00
2.844716e-01 1.009803e+00 -2.735920e+00
2.845715e-01 1.080637e+00 -2.742235e+00
2.846715e-01 9.113053e-01 -2.748662e+00
2.847715e-01 1.010853e+00 -2.755175e+00
2.848715e-01 9.976746e-01 -2.761751e+00
2.849715e-01 1.013866e+00 -2.768363e+00
2.850715e-01 9.633354e-01 -2.774984e+00
2.851715e-01 1.016335e+00 -2.781589e+00
2.852715e-01 9.373282e-01 -2.788151e+00
2.853715e-01 9.597276e-01 -2.794645e+00
2.854715e-01 9.199037e-01 -2.801044e+00
2.855714e-01 1.007693e+00 -2.807322e+00
2.856714e-01 8.992182e-01 -2.813456e+00
2.857714e-01 9.628466e-01 -2.819420e+00
2.858714e-01 9.450068e-01 -2.825191e+00
2.859714e-01 8.379113e-01 -2.830747e+00
2.860714e-01 1.027734e+00 -2.836067e+00
2.861714e-01 8.607435e-01 -2.841129e+00
2.862714e-01 9.938120e-01 -2.845915e+00
2.863714e-01 8.908598e-01 -2.850406e+00
2.864714e-01 9.108880e-01 -2.854587e+00
2.865713e-01 8.128093e-01 -2.858441e+00
2.866713e-01 9.050400e-01 -2.861956e+00
2.867713e-01 8.605263e-01 -2.865119e+00
2.868713e-01 8.196519e-01 -2.867918e+00
2.869713e-01 8.703508e-01 -2.870346e+00
2.870713e-01 8.647468e-01 -2.872394e+00
2.871713e-01 9.446457e-01 -2.874057e+00
2.872713e-01 8.285112e-01 -2.875328e+00
2.873713e-01 7.948169e-01 -2.876206e+00
2.874713e-01 8.340833e-01 -2.876689e+00
2.875712e-01 7.183560e-01 -2.876776e+00
2.876712e-01 8.868419e-01 -2.876469e+00
2.877712e-01 8.537616e-01 -2.875770e+00
2.878712e-01 8.898068e-01 -2.874683e+00
2.879712e-01 8.927315e-01 -2.873215e+00
2.880712e-01 8.913306e-01 -2.871371e+00
2.881712e-01 8.089591e-01 -2.869161e+00
2.882712e-01 9.415846e-01 -2.866592e+00
2.883712e-01 8.857986e-01 -2.863677e+00
2.884712e-01 9.255903e-01 -2.860426e+00
2.885711e-01 8.695407e-01 -2.856853e+00
2.886711e-01 9.655563e-01 -2.852972e+00
2.887711e-01 8.943315e-01 -2.848799e+00
2.888711e-01 9.085322e-01 -2.844349e+00
2.889711e-01 9.110330e-01 -2.839640e+00
2.890711e-01 9.445578e-01 -2.834690e+00
2.891711e-01 8.995857e-01 -2.829519e+00
2.892711e-01 9.507617e-01 -2.824146e+00
2.893711e-01 9.532459e-01 -2.818593e+00
2.894711e-01 9.356659e-01 -2.812882e+00
2.895710e-01 9.772217e-01 -2.807034e+00
2.896710e-01 9.528136e-01 -2.801073e+00
2.897710e-01 9.704167e-01 -2.795021e+00
2.898710e-01 8.867603e-01 -2.788904e+00
2.899710e-01 9.625429e-01 -2.782745e+00
2.900710e-01 1.026100e+00 -2.776569e+00
2.901710e-01 9.553859e-01 -2.770401e+00
2.902710e-01 1.018528e+00 -2.764265e+00
2.903710e-01 9.641408e-01 -2.758186e+00
2.904710e-01 1.017205e+00 -2.752189e+00
2.905709e-01 9.264515e-01 -2.746298e+00
2.906709e-01 1.009205e+00 -2.740538e+00
2.907709e-01 1.070616e+00 -2.734932e+00
2.908709e-01 9.624206e-01 -2.729502e+00
2.909709e-01 1.027613e+00 -2.724273e+00
2.910709e-01 1.022042e+00 -2.719264e+00
2.911709e-01 1.015220e+00 -2.714498e+00
2.912709e-01 9.993927e-01 -2.709995e+00
2.913709e-01 9.994074e-01 -2.705772e+00
2.914709e-01 1.070450e+00 -2.701849e+00
2.915708e-01 1.026878e+00 -2.698241e+00
2.916708e-01 1.086648e+00 -2.694965e+00
2.917708e-01 1.040104e+00 -2.692034e+00
2.918708e-01 9.882229e-01 -2.689461e+00
2.919708e-01 1.045979e+00 -2.687258e+00
2.920708e-01 1.088274e+00 -2.685434e+00
2.921708e-01 1.002188e+00 -2.683998e+00
2.922708e-01 1.017106e+00 -2.682956e+00
2.923708e-01 1.081502e+00 -2.682313e+00
2.924708e-01 9.784464e-01 -2.682074e+00
2.925707e-01 1.092236e+00 -2.682239e+00
2.926707e-01 1.096070e+00 -2.682809e+00
2.927707e-01 9.846903e-01 -2.683782e+00
2.928707e-01 9.321924e-01 -2.685156e+00
2.929707e-01 1.090041e+00 -2.686924e+00
2.930707e-01 1.090696e+00 -2.689082e+00
2.931707e-01 1.039850e+00 -2.691620e+00
2.932707e-01 1.012413e+00 -2.694528e+00
2.933707e-01 1.099754e+00 -2.697796e+00
2.934707e-01 1.076782e+00 -2.701410e+00
2.935706e-01 1.084334e+00 -2.705356e+00
2.936706e-01 1.012079e+00 -2.709617e+00
2.937706e-01 9.860358e-01 -2.714178e+00
2.938706e-01 1.078072e+00 -2.719019e+00
2.939706e-01 9.759074e-01 -2.724120e+00
2.940706e-01 9.810062e-01 -2.729462e+00
2.941706e-01 9.986632e-01 -2.735021e+00
2.942706e-01 1.084164e+00 -2.740775e+00
2.943706e-01 9.842353e-01 -2.746702e+00
2.944706e-01 1.032203e+00 -2.752775e+00
2.945705e-01 9.713705e-01 -2.758971e+00
2.946705e-01 1.036917e+00 -2.765265e+00
2.947705e-01 1.083498e+00 -2.771631e+00
2.948705e-01 1.050004e+00 -2.778044e+00
2.949705e-01 9.956544e-01 -2.784477e+00
2.950705e-01 8.763008e-01 -2.790905e+00
2.951705e-01 9.300426e-01 -2.797302e+00
2.952705e-01 8.433605e-01 -2.803644e+00
2.953705e-01 8.942906e-01 -2.809905e+00
2.954705e-01 9.415401e-01 -2.816062e+00
2.955704e-01 8.666898e-01 -2.822091e+00
2.956704e-01 9.906855e-01 -2.827968e+00
2.957704e-01 8.942033e-01 -2.833673e+00
2.958704e-01 8.689564e-01 -2.839183e+00
2.959704e-01 8.693258e-01 -2.844478e+00
2.960704e-01 9.161420e-01 -2.849540e+00
2.961704e-01 8.733918e-01 -2.854349e+00
2.962704e-01 8.634278e-01 -2.858889e+00
2.963704e-01 9.310216e-01 -2.863144e+00
2.964704e-01 8.230567e-01 -2.867099e+00
2.965703e-01 9.314930e-01 -2.870741e+00
2.966703e-01 8.595587e-01 -2.874056e+00
2.967703e-01 7.908358e-01 -2.877034e+00
2.968703e-01 8.078417e-01 -2.879664e+00
2.969703e-01 8.463364e-01 -2.881939e+00
2.970703e-01 7.990859e-01 -2.883850e+00
2.971703e-01 8.206436e-01 -2.885391e+00
2.972703e-01 9.067342e-01 -2.886557e+00
2.973703e-01 8.557785e-01 -2.887345e+00
2.974703e-01 8.014089e-01 -2.887751e+00
2.975702e-01 8.144109e-01 -2.887774e+00
2.976702e-01 8.986964e-01 -2.887415e+00
2.977702e-01 8.939169e-01 -2.886675e+00
2.978702e-01 8.035550e-01 -2.885556e+00
2.979702e-01 9.099566e-01 -2.884061e+00
2.980702e-01 8.894779e-01 -2.882197e+00
2.981702e-01 8.988041e-01 -2.879969e+00
2.982702e-01 9.240592e-01 -2.877384e+00
2.983702e-01 8.630239e-01 -2.874453e+00
2.984702e-01 9.550234e-01 -2.871184e+00
2.985701e-01 9.069972e-01 -2.867589e+00
2.986701e-01 8.205038e-01 -2.863681e+00
2.987701e-01 8.995405e-01 -2.859474e+00
2.988701e-01 9.223367e-01 -2.854983e+00
2.989701e-01 9.311914e-01 -2.850224e+00
2.990701e-01 9.450065e-01 -2.845214e+00
2.991701e-01 9.154994e-01 -2.839973e+00
2.992701e-01 9.177848e-01 -2.834520e+00
2.993701e-01 1.012888e+00 -2.828875e+00
2.994701e-01 9.142513e-01 -2.823060e+00
2.995700e-01 8.921091e-01 -2.817099e+00
2.996700e-01 9.375854e-01 -2.811013e+00
2.997700e-01 8.878607e-01 -2.804827e+00
2.998700e-01 1.023453e+00 -2.798566e+00
2.999700e-01 1.030160e+00 -2.792255e+00
3.000700e-01 9.430376e-01 -2.785919e+00
3.001700e-01 1.049073e+00 -2.779584e+00
3.002700e-01 1.012769e+00 -2.773277e+00
3.003700e-01 1.063784e+00 -2.767022e+00
3.004700e-01 9.458220e-01 -2.760847e+00
3.005699e-01 1.017987e+00 -2.754777e+00
3.006699e-01 1.011072e+00 -2.748838e+00
3.007699e-01 1.042871e+00 -2.743054e+00
3.008699e-01 1.087869e+00 -2.737450e+00
3.009699e-01 9.724935e-01 -2.732050e+00
3.010699e-01 1.055204e+00 -2.726877e+00
3.011699e-01 1.010809e+00 -2.721953e+00
3.012699e-01 1.086053e+00 -2.717299e+00
3.013699e-01 1.038354e+00 -2.712935e+00
3.014699e-01 1.025730e+00 -2.708880e+00
3.015698e-01 1.072168e+00 -2.705152e+00
3.016698e-01 1.042824e+00 -2.701766e+00
3.017698e-01 1.012256e+00 -2.698739e+00
3.018698e-01 9.847138e-01 -2.696082e+00
3.019698e-01 1.077773e+00 -2.693808e+00
3.020698e-01 9.797936e-01 -2.691928e+00
3.021698e-01 1.000261e+00 -2.690448e+00
3.022698e-01 1.025474e+00 -2.689378e+00
3.023698e-01 9.730475e-01 -2.688721e+00
3.024698e-01 9.576098e-01 -2.688481e+00
3.025697e-01 1.007221e+00 -2.688660e+00
3.026697e-01 1.043097e+00 -2.689258e+00
3.027697e-01 1.035470e+00 -2.690272e+00
3.028697e-01 1.035478e+00 -2.691700e+00
3.029697e-01 1.090892e+00 -2.693536e+00
3.030697e-01 1.098701e+00 -2.695773e+00
3.031697e-01 1.044911e+00 -2.698403e+00
3.032697e-01 1.054538e+00 -2.701413e+00
3.033697e-01 1.005980e+00 -2.704793e+00
3.034697e-01 1.108470e+00 -2.708528e+00
3.035696e-01 1.069561e+00 -2.712604e+00
3.036696e-01 1.060244e+00 -2.717002e+00
3.037696e-01 1.083167e+00 -2.721706e+00
3.038696e-01 1.034751e+00 -2.726696e+00
3.039696e-01 8.807015e-01 -2.731949e+00
3.040696e-01 9.420015e-01 -2.737446e+00
3.041696e-01 9.434153e-01 -2.743162e+00
3.042696e-01 9.820914e-01 -2.749075e+00
3.043696e-01 9.833825e-01 -2.755159e+00
3.044696e-01 9.705385e-01 -2.761389e+00
3.045695e-01 9.438137e-01 -2.767739e+00
3.046695e-01 9.512028e-01 -2.774184e+00
3.047695e-01 1.012119e+00 -2.780696e+00
3.048695e-01 9.123049e-01 -2.787251e+00
3.049695e-01 9.849831e-01 -2.793820e+00
3.050695e-01 9.712441e-01 -2.800379e+00
3.051695e-01 8.842619e-01 -2.806901e+00
3.052695e-01 1.009161e+00 -2.813360e+00
3.053695e-01 8.394189e-01 -2.819733e+00
3.054695e-01 9.618390e-01 -2.825994e+00
3.055694e-01 1.011563e+00 -2.832119e+00
3.056694e-01 9.444856e-01 -2.838087e+00
3.057694e-01 8.625127e-01 -2.843874e+00
3.058694e-01 8.549979e-01 -2.849461e+00
3.059694e-01 8.961132e-01 -2.854826e+00
3.060694e-01 8.675969e-01 -2.859951e+00
3.061694e-01 9.238532e-01 -2.864817e+00
3.062694e-01 9.233163e-01 -2.869408e+00
3.063694e-01 8.427475e-01 -2.873707e+00
3.064694e-01 7.877547e-01 -2.877700e+00
3.065693e-01 8.764054e-01 -2.881372e+00
3.066693e-01 9.040764e-01 -2.884711e+00
3.067693e-01 8.297079e-01 -2.887705e+00
3.068693e-01 7.779794e-01 -2.890343e+00
3.069693e-01 8.322126e-01 -2.892616e+00
3.070693e-01 7.886503e-01 -2.894516e+00
3.071693e-01 9.481649e-01 -2.896034e+00
3.072693e-01 7.795801e-01 -2.897166e+00
3.073693e-01 8.398241e-01 -2.897905e+00
3.074693e-01 8.551016e-01 -2.898249e+00
3.075692e-01 8.652205e-01 -2.898193e+00
3.076692e-01 8.122987e-01 -2.897738e+00
3.077692e-01 7.771566e-01 -2.896883e+00
3.078692e-01 8.184050e-01 -2.895629e+00
3.079692e-01 7.702296e-01 -2.893978e+00
3.080692e-01 7.854793e-01 -2.891936e+00
3.081692e-01 8.650128e-01 -2.889507e+00
3.082692e-01 8.788613e-01 -2.886699e+00
3.083692e-01 8.729620e-01 -2.883520e+00
3.084692e-01 7.963610e-01 -2.879981e+00
3.085691e-01 8.455058e-01 -2.876094e+00
3.086691e-01 8.681962e-01 -2.871871e+00
3.087691e-01 8.434320e-01 -2.867329e+00
3.088691e-01 8.829332e-01 -2.862485e+00
3.089691e-01 8.756575e-01 -2.857356e+00
3.090691e-01 9.361074e-01 -2.851963e+00
3.091691e-01 9.206065e-01 -2.846326e+00
3.092691e-01 8.881700e-01 -2.840470e+00
3.093691e-01 8.983129e-01 -2.834417e+00
3.094691e-01 9.096231e-01 -2.828194e+00
3.095690e-01 9.424810e-01 -2.821825e+00
3.096690e-01 8.660249e-01 -2.815338e+00
3.097690e-01 9.605794e-01 -2.808761e+00
3.098690e-01 9.252203e-01 -2.802121e+00
3.099690e-01 8.253332e-01 -2.795447e+00
3.100690e-01 9.654365e-01 -2.788767e+00
3.101690e-01 9.908682e-01 -2.782108e+00
3.102690e-01 9.631129e-01 -2.775500e+00
3.103690e-01 9.368897e-01 -2.768968e+00
3.104690e-01 9.794289e-01 -2.762540e+00
3.105689e-01 9.438338e-01 -2.756242e+00
3.106689e-01 9.524392e-01 -2.750098e+00
3.107689e-01 8.932437e-01 -2.744131e+00
3.108689e-01 1.009808e+00 -2.738365e+00
3.109689e-01 1.015147e+00 -2.732821e+00
3.110689e-01 9.480998e-01 -2.727518e+00
3.111689e-01 9.968530e-01 -2.722475e+00
3.112689e-01 9.933035e-01 -2.717709e+00
3.113689e-01 9.795906e-01 -2.713235e+00
3.114689e-01 9.854944e-01 -2.709067e+00
3.115688e-01 1.068865e+00 -2.705219e+00
3.116688e-01 1.077843e+00 -2.701701e+00
3.117688e-01 9.699327e-01 -2.698523e+00
3.118688e-01 1.028325e+00 -2.695695e+00
3.119688e-01 1.103974e+00 -2.693223e+00
3.120688e-01 1.006859e+00 -2.691113e+00
3.121688e-01 1.073708e+00 -2.689370e+00
3.122688e-01 9.560192e-01 -2.687998e+00
3.123688e-01 1.071080e+00 -2.687000e+00
3.124688e-01 1.063958e+00 -2.686378e+00
3.125687e-01 1.001397e+00 -2.686131e+00
3.126687e-01 1.074821e+00 -2.686259e+00
3.127687e-01 1.037227e+00 -2.686760e+00
3.128687e-01 1.036360e+00 -2.687633e+00
3.129687e-01 1.029572e+00 -2.688873e+00
3.130687e-01 1.003552e+00 -2.690476e+00
3.131687e-01 9.720269e-01 -2.692436e+00
3.132687e-01 1.067075e+00 -2.694746e+00
3.133687e-01 9.380432e-01 -2.697398e+00
3.134687e-01 9.398973e-01 -2.700384e+00
3.135686e-01 1.071567e+00 -2.703693e+00
3.136686e-01 9.504003e-01 -2.707313e+00
3.137686e-01 9.639819e-01 -2.711232e+00
3.138686e-01 9.329243e-01 -2.715436e+00
3.139686e-01 9.034012e-01 -2.719910e+00
3.140686e-01 9.433766e-01 -2.724638e+00
3.141686e-01 1.012791e+00 -2.729601e+00
3.142686e-01 9.372136e-01 -2.734781e+00
3.143686e-01 8.707442e-01 -2.740158e+00
3.144686e-01 9.570039e-01 -2.745709e+00
3.145685e-01 1.074288e+00 -2.751414e+00
3.146685e-01 8.690089e-01 -2.757247e+00
3.147685e-01 9.761056e-01 -2.763184e+00
3.148685e-01 8.715569e-01 -2.769200e+00
3.149685e-01 9.506954e-01 -2.775268e+00
3.150685e-01 8.108741e-01 -2.781361e+00
3.151685e-01 9.028719e-01 -2.787453e+00
3.152685e-01 8.703539e-01 -2.793514e+00
3.153685e-01 8.754029e-01 -2.799517e+00
3.154685e-01 9.049507e-01 -2.805434e+00
3.155684e-01 8.696644e-01 -2.811237e+00
3.156684e-01 8.722637e-01 -2.816898e+00
3.157684e-01 8.381788e-01 -2.822390e+00
3.158684e-01 7.521695e-01 -2.827687e+00
3.159684e-01 7.926772e-01 -2.832763e+00
3.160684e-01 8.245120e-01 -2.837593e+00
3.161684e-01 9.211830e-01 -2.842155e+00
3.162684e-01 7.770546e-01 -2.846425e+00
3.163684e-01 8.870828e-01 -2.850385e+00
3.164684e-01 7.285273e-01 -2.854014e+00
3.165683e-01 8.645148e-01 -2.857295e+00
3.166683e-01 8.036405e-01 -2.860213e+00
3.167683e-01 8.753118e-01 -2.862754e+00
3.168683e-01 8.987535e-01 -2.864907e+00
3.169683e-01 8.182859e-01 -2.866660e+00
3.170683e-01 8.999463e-01 -2.868008e+00
3.171683e-01 8.587840e-01 -2.868943e+00
3.172683e-01 8.260778e-01 -2.869462e+00
3.173683e-01 8.727527e-01 -2.869562e+00
3.174683e-01 8.089641e-01 -2.869244e+00
3.175682e-01 7.863519e-01 -2.868510e+00
3.176682e-01 8.253267e-01 -2.867362e+00
3.177682e-01 7.395022e-01 -2.865807e+00
3.178682e-01 8.548287e-01 -2.863851e+00
3.179682e-01 7.690495e-01 -2.861502e+00
3.180682e-01 7.817786e-01 -2.858772e+00
3.181682e-01 8.022977e-01 -2.855671e+00
3.182682e-01 9.289247e-01 -2.852213e+00
3.183682e-01 7.865963e-01 -2.848411e+00
3.184682e-01 8.597965e-01 -2.844280e+00
3.185681e-01 8.302218e-01 -2.839837e+00
3.186681e-01 7.561874e-01 -2.835100e+00
3.187681e-01 8.096143e-01 -2.830085e+00
3.188681e-01 8.737673e-01 -2.824812e+00
3.189681e-01 8.895393e-01 -2.819301e+00
3.190681e-01 7.977300e-01 -2.813571e+00
3.191681e-01 9.644676e-01 -2.807644e+00
3.192681e-01 8.525464e-01 -2.801540e+00
3.193681e-01 8.291562e-01 -2.795280e+00
3.194681e-01 8.505966e-01 -2.788887e+00
3.195680e-01 9.674903e-01 -2.782381e+00
3.196680e-01 8.518363e-01 -2.775785e+00
3.197680e-01 9.141684e-01 -2.769120e+00
3.198680e-01 8.813975e-01 -2.762409e+00
3.199680e-01 8.896498e-01 -2.755673e+00
3.200680e-01 9.441394e-01 -2.748934e+00
3.201680e-01 9.064868e-01 -2.742213e+00
3.202680e-01 8.905386e-01 -2.735531e+00
3.203680e-01 8.580566e-01 -2.728909e+00
3.204680e-01 8.871830e-01 -2.722367e+00
3.205679e-01 9.456342e-01 -2.715925e+00
3.206679e-01 9.393354e-01 -2.709603e+00
3.207679e-01 8.442119e-01 -2.703419e+00
3.208679e-01 9.353460e-01 -2.697392e+00
3.209679e-01 9.068235e-01 -2.691539e+00
3.210679e-01 9.987739e-01 -2.685879e+00
3.211679e-01 9.991350e-01 -2.680428e+00
3.212679e-01 9.543333e-01 -2.675201e+00
3.213679e-01 9.711933e-01 -2.670213e+00
3.214679e-01 9.337028e-01 -2.665481e+00
3.215678e-01 9.103789e-01 -2.661017e+00
3.216678e-01 9.558353e-01 -2.656834e+00
3.217678e-01 1.007197e+00 -2.652945e+00
3.218678e-01 1.020396e+00 -2.649362e+00
3.219678e-01 9.727204e-01 -2.646095e+00
3.220678e-01 9.194898e-01 -2.643153e+00
3.221678e-01 9.978127e-01 -2.640547e+00
3.222678e-01 1.013359e+00 -2.638284e+00
3.223678e-01 1.049641e+00 -2.636371e+00
3.224678e-01 1.028560e+00 -2.634815e+00
3.225677e-01 1.124969e+00 -2.633620e+00
3.226677e-01 9.801654e-01 -2.632791e+00
3.227677e-01 9.495873e-01 -2.632330e+00
3.228677e-01 1.079881e+00 -2.632238e+00
3.229677e-01 1.035112e+00 -2.632517e+00
3.230677e-01 9.662589e-01 -2.633166e+00
3.231677e-01 9.262677e-01 -2.634181e+00
3.232677e-01 9.365186e-01 -2.635560e+00
3.233677e-01 8.968949e-01 -2.637297e+00
3.234677e-01 1.004977e+00 -2.639385e+00
3.235676e-01 1.024002e+00 -2.641816e+00
3.236676e-01 8.531877e-01 -2.644580e+00
3.237676e-01 1.014389e+00 -2.647664e+00
3.238676e-01 9.392366e-01 -2.651057e+00
3.239676e-01 8.652432e-01 -2.654741e+00
3.240676e-01 9.682333e-01 -2.658702e+00
3.241676e-01 8.918772e-01 -2.662919e+00
3.242676e-01 9.086989e-01 -2.667372e+00
3.243676e-01 9.887314e-01 -2.672041e+00
3.244676e-01 9.371220e-01 -2.676901e+00
3.245675e-01 1.073235e+00 -2.681927e+00
3.246675e-01 9.733046e-01 -2.687093e+00
3.247675e-01 9.630814e-01 -2.692372e+00
3.248675e-01 8.786675e-01 -2.697735e+00
3.249675e-01 8.272052e-01 -2.703152e+00
3.250675e-01 9.542425e-01 -2.708594e+00
3.251675e-01 8.820399e-01 -2.714030e+00
3.252675e-01 8.638793e-01 -2.719428e+00
3.253675e-01 9.084033e-01 -2.724759e+00
3.254675e-01 8.689670e-01 -2.729990e+00
3.255674e-01 8.437540e-01 -2.735091e+00
3.256674e-01 8.650870e-01 -2.740033e+00
3.257674e-01 8.749985e-01 -2.744786e+00
3.258674e-01 8.512805e-01 -2.749322e+00
3.259674e-01 8.415699e-01 -2.753615e+00
3.260674e-01 7.142339e-01 -2.757639e+00
3.261674e-01 8.254073e-01 -2.761370e+00
3.262674e-01 8.374030e-01 -2.764787e+00
3.263674e-01 8.161853e-01 -2.767869e+00
3.264674e-01 8.151109e-01 -2.770598e+00
3.265673e-01 8.305670e-01 -2.772958e+00
3.266673e-01 8.099950e-01 -2.774937e+00
3.267673e-01 7.844855e-01 -2.776521e+00
3.268673e-01 7.465634e-01 -2.777702e+00
3.269673e-01 8.778902e-01 -2.778474e+00
3.270673e-01 8.205496e-01 -2.778830e+00
3.271673e-01 7.653407e-01 -2.778769e+00
3.272673e-01 8.992106e-01 -2.778291e+00
3.273673e-01 7.366562e-01 -2.777396e+00
3.274673e-01 8.072482e-01 -2.776089e+00
3.275672e-01 8.710462e-01 -2.774375e+00
3.276672e-01 7.635609e-01 -2.772262e+00
3.277672e-01 8.578099e-01 -2.769758e+00
3.278672e-01 8.366902e-01 -2.766874e+00
3.279672e-01 8.200864e-01 -2.763623e+00
3.280672e-01 8.537153e-01 -2.760018e+00
3.281672e-01 7.335672e-01 -2.756073e+00
3.282672e-01 8.333876e-01 -2.751803e+00
3.283672e-01 8.272617e-01 -2.747227e+00
3.284672e-01 8.130718e-01 -2.742360e+00
3.285671e-01 8.574353e-01 -2.737222e+00
3.286671e-01 8.923191e-01 -2.731830e+00
3.287671e-01 7.579742e-01 -2.726205e+00
3.288671e-01 8.227492e-01 -2.720365e+00
3.289671e-01 8.566385e-01 -2.714331e+00
3.290671e-01 8.814571e-01 -2.708123e+00
3.291671e-01 8.124889e-01 -2.701761e+00
3.292671e-01 8.243218e-01 -2.695265e+00
3.293671e-01 8.757724e-01 -2.688654e+00
3.294671e-01 8.844303e-01 -2.681950e+00
3.295670e-01 7.862470e-01 -2.675172e+00
3.296670e-01 9.182326e-01 -2.668339e+00
3.297670e-01 8.587020e-01 -2.661470e+00
3.298670e-01 9.147235e-01 -2.654584e+00
3.299670e-01 8.477952e-01 -2.647700e+00
3.300670e-01 8.553829e-01 -2.640834e+00
3.301670e-01 8.464387e-01 -2.634006e+00
3.302670e-01 8.587792e-01 -2.627230e+00
3.303670e-01 8.647076e-01 -2.620524e+00
3.304670e-01 8.813273e-01 -2.613903e+00
3.305669e-01 8.852825e-01 -2.607381e+00
3.306669e-01 8.646421e-01 -2.600974e+00
3.307669e-01 9.423322e-01 -2.594694e+00
3.308669e-01 9.879014e-01 -2.588555e+00
3.309669e-01 9.023685e-01 -2.582569e+00
3.310669e-01 9.474114e-01 -2.576747e+00
3.311669e-01 9.211110e-01 -2.571100e+00
3.312669e-01 8.616530e-01 -2.565639e+00
3.313669e-01 9.411988e-01 -2.560372e+00
3.314669e-01 8.612256e-01 -2.555309e+00
3.315668e-01 9.728234e-01 -2.550457e+00
3.316668e-01 8.789715e-01 -2.545824e+00
3.317668e-01 9.178794e-01 -2.541416e+00
3.318668e-01 1.065552e+00 -2.537240e+00
3.319668e-01 9.348315e-01 -2.533300e+00
3.320668e-01 9.357702e-01 -2.529601e+00
3.321668e-01 1.010529e+00 -2.526147e+00
3.322668e-01 8.435998e-01 -2.522941e+00
3.323668e-01 1.028765e+00 -2.519986e+00
3.324668e-01 9.201404e-01 -2.517284e+00
3.325667e-01 9.957024e-01 -2.514836e+00
3.326667e-01 9.184401e-01 -2.512642e+00
3.327667e-01 9.136817e-01 -2.510703e+00
3.328667e-01 1.016487e+00 -2.509017e+00
3.329667e-01 9.622737e-01 -2.507584e+00
3.330667e-01 9.973764e-01 -2.506403e+00
3.331667e-01 1.002248e+00 -2.505469e+00
3.332667e-01 8.991890e-01 -2.504780e+00
3.333667e-01 9.292168e-01 -2.504333e+00
3.334667e-01 8.967824e-01 -2.504124e+00
3.335666e-01 9.515810e-01 -2.504146e+00
3.336666e-01 8.929567e-01 -2.504395e+00
3.337666e-01 8.539795e-01 -2.504864e+00
3.338666e-01 9.332056e-01 -2.505547e+00
3.339666e-01 8.847832e-01 -2.506436e+00
3.340666e-01 9.733633e-01 -2.507522e+00
3.341666e-01 8.723317e-01 -2.508798e+00
3.342666e-01 8.240351e-01 -2.510254e+00
3.343666e-01 9.031038e-01 -2.511880e+00
3.344666e-01 9.002516e-01 -2.513665e+00
3.345665e-01 9.414729e-01 -2.515597e+00
3.346665e-01 9.944769e-01 -2.517665e+00
3.347665e-01 9.124433e-01 -2.519856e+00
3.348665e-01 9.278892e-01 -2.522156e+00
3.349665e-01 8.651055e-01 -2.524552e+00
3.350665e-01 8.206076e-01 -2.527029e+00
3.351665e-01 8.752453e-01 -2.529571e+00
3.352665e-01 7.986842e-01 -2.532162e+00
3.353665e-01 8.360981e-01 -2.534785e+00
3.354665e-01 7.858637e-01 -2.537423e+00
3.355664e-01 8.470627e-01 -2.540058e+00
3.356664e-01 7.640852e-01 -2.542672e+00
3.357664e-01 8.535164e-01 -2.545244e+00
3.358664e-01 8.157021e-01 -2.547756e+00
3.359664e-01 7.939042e-01 -2.550187e+00
3.360664e-01 7.440365e-01 -2.552517e+00
3.361664e-01 7.149814e-01 -2.554724e+00
3.362664e-01 7.472411e-01 -2.556788e+00
3.363664e-01 8.095595e-01 -2.558686e+00
3.364664e-01 6.617643e-01 -2.560397e+00
3.365663e-01 7.767947e-01 -2.561900e+00
3.366663e-01 7.572302e-01 -2.563173e+00
3.367663e-01 7.146179e-01 -2.564195e+00
3.368663e-01 7.605131e-01 -2.564944e+00
3.369663e-01 8.246916e-01 -2.565401e+00
3.370663e-01 7.690561e-01 -2.565545e+00
3.371663e-01 7.244881e-01 -2.565358e+00
3.372663e-01 7.165763e-01 -2.564821e+00
3.373663e-01 8.275834e-01 -2.563919e+00
3.374663e-01 6.785804e-01 -2.562635e+00
3.375662e-01 7.513013e-01 -2.560957e+00
3.376662e-01 7.621182e-01 -2.558872e+00
3.377662e-01 7.828819e-01 -2.556371e+00
3.378662e-01 8.150850e-01 -2.553445e+00
3.379662e-01 7.376358e-01 -2.550090e+00
3.380662e-01 8.454030e-01 -2.546303e+00
3.381662e-01 7.998314e-01 -2.542083e+00
3.382662e-01 7.848279e-01 -2.537433e+00
3.383662e-01 7.913814e-01 -2.532359e+00
3.384662e-01 7.956657e-01 -2.526870e+00
3.385661e-01 8.066792e-01 -2.520976e+00
3.386661e-01 7.727585e-01 -2.514694e+00
3.387661e-01 7.744923e-01 -2.508040e+00
3.388661e-01 8.422237e-01 -2.501035e+00
3.389661e-01 8.106391e-01 -2.493702e+00
3.390661e-01 9.295485e-01 -2.486069e+00
3.391661e-01 7.813072e-01 -2.478162e+00
3.392661e-01 8.058236e-01 -2.470015e+00
3.393661e-01 7.717354e-01 -2.461658e+00
3.394661e-01 9.848759e-01 -2.453128e+00
3.395660e-01 8.185972e-01 -2.444459e+00
3.396660e-01 8.572594e-01 -2.435689e+00
3.397660e-01 8.204676e-01 -2.426856e+00
3.398660e-01 8.716728e-01 -2.417997e+00
3.399660e-01 8.389767e-01 -2.409151e+00
3.400660e-01 8.563190e-01 -2.400354e+00
3.401660e-01 8.056688e-01 -2.391643e+00
3.402660e-01 8.979364e-01 -2.383053e+00
3.403660e-01 9.241313e-01 -2.374619e+00
3.404660e-01 9.418721e-01 -2.366372e+00
3.405659e-01 8.680629e-01 -2.358342e+00
3.406659e-01 9.595084e-01 -2.350557e+00
3.407659e-01 8.558835e-01 -2.343041e+00
3.408659e-01 8.803323e-01 -2.335818e+00
3.409659e-01 9.424527e-01 -2.328908e+00
3.410659e-01 9.492096e-01 -2.322327e+00
3.411659e-01 9.298697e-01 -2.316089e+00
3.412659e-01 8.977773e-01 -2.310207e+00
3.413659e-01 9.296231e-01 -2.304690e+00
3.414659e-01 8.609022e-01 -2.299543e+00
3.415658e-01 9.624578e-01 -2.294770e+00
3.416658e-01 9.367581e-01 -2.290372e+00
3.417658e-01 9.561163e-01 -2.286349e+00
3.418658e-01 8.623843e-01 -2.282696e+00
3.419658e-01 9.265252e-01 -2.279410e+00
3.420658e-01 9.230757e-01 -2.276484e+00
3.421658e-01 8.631426e-01 -2.273908e+00
3.422658e-01 9.392172e-01 -2.271673e+00
3.423658e-01 9.325619e-01 -2.269769e+00
3.424658e-01 9.138113e-01 -2.268183e+00
3.425657e-01 9.090662e-01 -2.266903e+00
3.426657e-01 9.004833e-01 -2.265914e+00
3.427657e-01 8.413519e-01 -2.265203e+00
3.428657e-01 1.014172e+00 -2.264755e+00
3.429657e-01 9.176270e-01 -2.264555e+00
3.430657e-01 9.528900e-01 -2.264589e+00
3.431657e-01 9.957429e-01 -2.264842e+00
3.432657e-01 9.218462e-01 -2.265298e+00
3.433657e-01 9.225938e-01 -2.265943e+00
3.434657e-01 8.682893e-01 -2.266762e+00
3.435656e-01 8.353365e-01 -2.267742e+00
3.436656e-01 8.896983e-01 -2.268868e+00
3.437656e-01 9.162027e-01 -2.270126e+00
3.438656e-01 8.057817e-01 -2.271504e+00
3.439656e-01 9.185251e-01 -2.272990e+00
3.440656e-01 8.839542e-01 -2.274570e+00
3.441656e-01 8.654846e-01 -2.276234e+00
3.442656e-01 8.518986e-01 -2.277971e+00
3.443656e-01 7.611833e-01 -2.279769e+00
3.444656e-01 8.877790e-01 -2.281620e+00
3.445655e-01 8.532625e-01 -2.283513e+00
3.446655e-01 8.465097e-01 -2.285440e+00
3.447655e-01 8.942487e-01 -2.287392e+00
3.448655e-01 7.490317e-01 -2.289362e+00
3.449655e-01 8.390961e-01 -2.291342e+00
3.450655e-01 8.953836e-01 -2.293325e+00
3.451655e-01 8.254472e-01 -2.295306e+00
3.452655e-01 9.043882e-01 -2.297277e+00
3.453655e-01 6.864083e-01 -2.299234e+00
3.454655e-01 7.758952e-01 -2.301172e+00
3.455654e-01 7.448614e-01 -2.303086e+00
3.456654e-01 7.691614e-01 -2.304972e+00
3.457654e-01 8.231134e-01 -2.306826e+00
3.458654e-01 8.094540e-01 -2.308644e+00
3.459654e-01 7.421547e-01 -2.310424e+00
3.460654e-01 7.535523e-01 -2.312162e+00
3.461654e-01 7.930459e-01 -2.313857e+00
3.462654e-01 7.521855e-01 -2.315505e+00
3.463654e-01 7.490665e-01 -2.317105e+00
3.464654e-01 7.162707e-01 -2.318655e+00
3.465653e-01 7.503849e-01 -2.320154e+00
3.466653e-01 7.347446e-01 -2.321601e+00
3.467653e-01 8.241213e-01 -2.322994e+00
3.468653e-01 7.748443e-01 -2.324332e+00
3.469653e-01 6.618121e-01 -2.325615e+00
3.470653e-01 7.966742e-01 -2.326843e+00
3.471653e-01 7.437494e-01 -2.328015e+00
3.472653e-01 7.305613e-01 -2.329130e+00
3.473653e-01 7.019169e-01 -2.330190e+00
3.474653e-01 6.959042e-01 -2.331193e+00
3.475652e-01 7.379749e-01 -2.332141e+00
3.476652e-01 6.664290e-01 -2.333032e+00
3.477652e-01 7.377977e-01 -2.333869e+00
3.478652e-01 7.115999e-01 -2.334650e+00
3.479652e-01 7.211040e-01 -2.335378e+00
3.480652e-01 7.513335e-01 -2.336052e+00
3.481652e-01 6.703281e-01 -2.336673e+00
3.482652e-01 8.162616e-01 -2.337241e+00
3.483652e-01 6.682215e-01 -2.337759e+00
3.484652e-01 7.785160e-01 -2.338226e+00
3.485651e-01 7.723666e-01 -2.338643e+00
3.486651e-01 7.317252e-01 -2.339011e+00
3.487651e-01 7.402712e-01 -2.339332e+00
3.488651e-01 8.173527e-01 -2.339606e+00
3.489651e-01 7.560105e-01 -2.339834e+00
3.490651e-01 7.245234e-01 -2.340018e+00
3.491651e-01 6.757656e-01 -2.340158e+00
3.492651e-01 7.493410e-01 -2.340256e+00
3.493651e-01 8.151596e-01 -2.340312e+00
3.494651e-01 7.781593e-01 -2.340328e+00
3.495650e-01 7.844998e-01 -2.340304e+00
3.496650e-01 8.789650e-01 -2.340243e+00
3.497650e-01 8.576096e-01 -2.340144e+00
3.498650e-01 8.447334e-01 -2.340010e+00
3.499650e-01 8.485928e-01 -2.339840e+00
3.500650e-01 7.779819e-01 -2.339637e+00
3.501650e-01 7.896538e-01 -2.339402e+00
3.502650e-01 8.181635e-01 -2.339134e+00
3.503650e-01 8.173002e-01 -2.338837e+00
3.504650e-01 7.691516e-01 -2.338509e+00
3.505649e-01 8.900509e-01 -2.338154e+00
3.506649e-01 9.113923e-01 -2.337771e+00
3.507649e-01 8.329519e-01 -2.337362e+00
3.508649e-01 9.286798e-01 -2.336928e+00
3.509649e-01 8.617340e-01 -2.336470e+00
3.510649e-01 7.601182e-01 -2.335988e+00
3.511649e-01 8.715094e-01 -2.335484e+00
3.512649e-01 8.878529e-01 -2.334959e+00
3.513649e-01 9.062936e-01 -2.334414e+00
3.514649e-01 9.497055e-01 -2.333849e+00
3.515648e-01 9.285779e-01 -2.333265e+00
3.516648e-01 9.255066e-01 -2.332664e+00
3.517648e-01 8.765879e-01 -2.332046e+00
3.518648e-01 9.134535e-01 -2.331413e+00
3.519648e-01 9.240858e-01 -2.330764e+00
3.520648e-01 9.343906e-01 -2.330101e+00
3.521648e-01 8.975300e-01 -2.329425e+00
3.522648e-01 8.610068e-01 -2.328736e+00
3.523648e-01 9.896594e-01 -2.328035e+00
3.524648e-01 8.861115e-01 -2.327323e+00
3.525647e-01 8.723015e-01 -2.326601e+00
3.526647e-01 8.990442e-01 -2.325869e+00
3.527647e-01 8.889948e-01 -2.325128e+00
3.528647e-01 8.545399e-01 -2.324379e+00
3.529647e-01 7.981133e-01 -2.323622e+00
3.530647e-01 1.012871e+00 -2.322859e+00
3.531647e-01 8.692146e-01 -2.322089e+00
3.532647e-01 8.207418e-01 -2.321313e+00
3.533647e-01 8.704567e-01 -2.320532e+00
3.534647e-01 8.381235e-01 -2.319746e+00
3.535646e-01 8.338612e-01 -2.318957e+00
3.536646e-01 8.589591e-01 -2.318163e+00
3.537646e-01 7.762277e-01 -2.317367e+00
3.538646e-01 7.813324e-01 -2.316569e+00
3.539646e-01 8.542070e-01 -2.315768e+00
3.540646e-01 8.812409e-01 -2.314966e+00
3.541646e-01 8.769211e-01 -2.314163e+00
3.542646e-01 8.437269e-01 -2.313359e+00
3.543646e-01 8.669541e-01 -2.312555e+00
3.544646e-01 8.660235e-01 -2.311751e+00
3.545645e-01 8.999685e-01 -2.310947e+00
3.546645e-01 8.059380e-01 -2.310145e+00
3.547645e-01 8.108047e-01 -2.309344e+00
3.548645e-01 7.180210e-01 -2.308544e+00
3.549645e-01 8.664676e-01 -2.307747e+00
3.550645e-01 7.641445e-01 -2.306951e+00
3.551645e-01 7.523516e-01 -2.306159e+00
3.552645e-01 7.410197e-01 -2.305369e+00
3.553645e-01 8.265904e-01 -2.304583e+00
3.554645e-01 7.629251e-01 -2.303799e+00
3.555644e-01 7.926664e-01 -2.303020e+00
3.556644e-01 6.295288e-01 -2.302244e+00
3.557644e-01 6.653001e-01 -2.301473e+00
3.558644e-01 7.394974e-01 -2.300706e+00
3.559644e-01 7.681901e-01 -2.299943e+00
3.560644e-01 7.253747e-01 -2.299185e+00
3.561644e-01 6.651959e-01 -2.298432e+00
3.562644e-01 6.487388e-01 -2.297684e+00
3.563644e-01 5.747208e-01 -2.296942e+00
3.564644e-01 5.610543e-01 -2.296205e+00
3.565643e-01 7.203168e-01 -2.295473e+00
3.566643e-01 6.808620e-01 -2.294747e+00
3.567643e-01 7.077665e-01 -2.294026e+00
3.568643e-01 7.129557e-01 -2.293312e+00
3.569643e-01 6.612897e-01 -2.292603e+00
3.570643e-01 7.622847e-01 -2.291901e+00
3.571643e-01 7.651723e-01 -2.291205e+00
3.572643e-01 7.036604e-01 -2.290514e+00
3.573643e-01 6.897398e-01 -2.289830e+00
3.574643e-01 7.716013e-01 -2.289153e+00
3.575642e-01 6.914881e-01 -2.288482e+00
3.576642e-01 7.120670e-01 -2.287817e+00
3.577642e-01 7.477697e-01 -2.287159e+00
3.578642e-01 7.591938e-01 -2.286507e+00
3.579642e-01 6.162667e-01 -2.285861e+00
3.580642e-01 6.737380e-01 -2.285222e+00
3.581642e-01 6.389203e-01 -2.284590e+00
3.582642e-01 6.617686e-01 -2.283964e+00
3.583642e-01 7.649137e-01 -2.283345e+00
3.584642e-01 6.769750e-01 -2.282732e+00
3.585641e-01 7.306700e-01 -2.282126e+00
3.586641e-01 6.911131e-01 -2.281526e+00
3.587641e-01 7.881407e-01 -2.280933e+00
3.588641e-01 6.134281e-01 -2.280347e+00
3.589641e-01 6.895610e-01 -2.279766e+00
3.590641e-01 7.424566e-01 -2.279193e+00
3.591641e-01 7.903064e-01 -2.278625e+00
3.592641e-01 7.029910e-01 -2.278064e+00
3.593641e-01 7.232732e-01 -2.277510e+00
3.594641e-01 8.454534e-01 -2.276961e+00
3.595640e-01 6.700291e-01 -2.276419e+00
3.596640e-01 7.181922e-01 -2.275883e+00
3.597640e-01 7.514148e-01 -2.275354e+00
3.598640e-01 7.059280e-01 -2.274830e+00
3.599640e-01 7.860702e-01 -2.274313e+00
3.600640e-01 7.204624e-01 -2.273802e+00
3.601640e-01 8.927229e-01 -2.273297e+00
3.602640e-01 7.856851e-01 -2.272798e+00
3.603640e-01 8.284129e-01 -2.272305e+00
3.604640e-01 7.764134e-01 -2.271817e+00
3.605639e-01 7.909837e-01 -2.271336e+00
3.606639e-01 8.195149e-01 -2.270861e+00
3.607639e-01 8.148775e-01 -2.270391e+00
3.608639e-01 8.167934e-01 -2.269928e+00
3.609639e-01 8.307336e-01 -2.269470e+00
3.610639e-01 9.251987e-01 -2.269018e+00
3.611639e-01 8.609130e-01 -2.268571e+00
3.612639e-01 8.501600e-01 -2.268130e+00
3.613639e-01 8.678010e-01 -2.267696e+00
3.614639e-01 9.002890e-01 -2.267266e+00
3.615638e-01 9.017426e-01 -2.266843e+00
3.616638e-01 8.738424e-01 -2.266425e+00
3.617638e-01 8.876718e-01 -2.266012e+00
3.618638e-01 8.114114e-01 -2.265606e+00
3.619638e-01 9.386578e-01 -2.265205e+00
3.620638e-01 9.105044e-01 -2.264810e+00
3.621638e-01 7.044189e-01 -2.264420e+00
3.622638e-01 8.412761e-01 -2.264036e+00
3.623638e-01 7.788163e-01 -2.263658e+00
3.624638e-01 8.669392e-01 -2.263286e+00
3.625637e-01 8.611203e-01 -2.262919e+00
3.626637e-01 8.786973e-01 -2.262559e+00
3.627637e-01 9.786179e-01 -2.262204e+00
3.628637e-01 9.356940e-01 -2.261855e+00
3.629637e-01 8.459375e-01 -2.261512e+00
3.630637e-01 9.796629e-01 -2.261175e+00
3.631637e-01 9.093632e-01 -2.260844e+00
3.632637e-01 7.724173e-01 -2.260519e+00
3.633637e-01 8.632425e-01 -2.260200e+00
3.634637e-01 9.019646e-01 -2.259888e+00
3.635636e-01 8.708990e-01 -2.259582e+00
3.636636e-01 8.696115e-01 -2.259283e+00
3.637636e-01 7.873710e-01 -2.258990e+00
3.638636e-01 8.742774e-01 -2.258704e+00
3.639636e-01 8.697546e-01 -2.258424e+00
3.640636e-01 7.840908e-01 -2.258152e+00
3.641636e-01 8.336661e-01 -2.257886e+00
3.642636e-01 8.180760e-01 -2.257628e+00
3.643636e-01 8.085337e-01 -2.257377e+00
3.644636e-01 7.128668e-01 -2.257133e+00
3.645635e-01 8.589405e-01 -2.256897e+00
3.646635e-01 7.554697e-01 -2.256669e+00
3.647635e-01 7.964399e-01 -2.256448e+00
3.648635e-01 7.536223e-01 -2.256236e+00
3.649635e-01 6.705023e-01 -2.256031e+00
3.650635e-01 6.740704e-01 -2.255835e+00
3.651635e-01 7.553064e-01 -2.255648e+00
3.652635e-01 7.710418e-01 -2.255469e+00
3.653635e-01 6.999578e-01 -2.255300e+00
3.654635e-01 7.410301e-01 -2.255139e+00
3.655634e-01 7.554644e-01 -2.254988e+00
3.656634e-01 7.325243e-01 -2.254846e+00
3.657634e-01 7.272058e-01 -2.254714e+00
3.658634e-01 6.397793e-01 -2.254592e+00
3.659634e-01 6.864767e-01 -2.254480e+00
3.660634e-01 7.439158e-01 -2.254378e+00
3.661634e-01 6.946508e-01 -2.254288e+00
3.662634e-01 6.470930e-01 -2.254208e+00
3.663634e-01 6.344193e-01 -2.254139e+00
3.664634e-01 6.152920e-01 -2.254081e+00
3.665633e-01 6.959923e-01 -2.254036e+00
3.666633e-01 5.969557e-01 -2.254002e+00
3.667633e-01 6.785598e-01 -2.253980e+00
3.668633e-01 6.722308e-01 -2.253971e+00
3.669633e-01 6.020626e-01 -2.253974e+00
3.670633e-01 7.080553e-01 -2.253990e+00
3.671633e-01 6.033778e-01 -2.254020e+00
3.672633e-01 6.129431e-01 -2.254063e+00
3.673633e-01 6.486652e-01 -2.254120e+00
3.674633e-01 6.069724e-01 -2.254191e+00
3.675632e-01 6.595807e-01 -2.254276e+00
3.676632e-01 6.964936e-01 -2.254376e+00
3.677632e-01 6.344878e-01 -2.254492e+00
3.678632e-01 6.081818e-01 -2.254622e+00
3.679632e-01 6.181997e-01 -2.254768e+00
3.680632e-01 6.786274e-01 -2.254929e+00
3.681632e-01 7.215818e-01 -2.255107e+00
3.682632e-01 6.761547e-01 -2.255301e+00
3.683632e-01 5.713629e-01 -2.255512e+00
3.684632e-01 6.358092e-01 -2.255740e+00
3.685631e-01 6.199525e-01 -2.255986e+00
3.686631e-01 7.772015e-01 -2.256249e+00
3.687631e-01 6.409391e-01 -2.256530e+00
3.688631e-01 6.837103e-01 -2.256829e+00
3.689631e-01 7.250753e-01 -2.257146e+00
3.690631e-01 6.916116e-01 -2.257483e+00
3.691631e-01 6.780599e-01 -2.257838e+00
3.692631e-01 6.232470e-01 -2.258213e+00
3.693631e-01 7.435669e-01 -2.258607e+00
3.694631e-01 7.628724e-01 -2.259021e+00
3.695630e-01 6.989263e-01 -2.259455e+00
3.696630e-01 7.459422e-01 -2.259910e+00
3.697630e-01 6.428364e-01 -2.260385e+00
3.698630e-01 6.282494e-01 -2.260881e+00
3.699630e-01 7.394091e-01 -2.261398e+00
3.700630e-01 7.423545e-01 -2.261936e+00
3.701630e-01 7.852315e-01 -2.262496e+00
3.702630e-01 6.627930e-01 -2.263077e+00
3.703630e-01 7.287303e-01 -2.263680e+00
3.704630e-01 8.306044e-01 -2.264305e+00
3.705629e-01 8.405678e-01 -2.264951e+00
3.706629e-01 7.543349e-01 -2.265620e+00
3.707629e-01 8.087550e-01 -2.266311e+00
3.708629e-01 8.464843e-01 -2.267023e+00
3.709629e-01 7.595140e-01 -2.267758e+00
3.710629e-01 7.546297e-01 -2.268515e+00
3.711629e-01 7.770285e-01 -2.269294e+00
3.712629e-01 8.657578e-01 -2.270095e+00
3.713629e-01 8.098773e-01 -2.270918e+00
3.714629e-01 8.590107e-01 -2.271762e+00
3.715628e-01 8.861418e-01 -2.272628e+00
3.716628e-01 7.606154e-01 -2.273515e+00
3.717628e-01 7.929518e-01 -2.274422e+00
3.718628e-01 7.586513e-01 -2.275350e+00
3.719628e-01 7.406752e-01 -2.276298e+00
3.720628e-01 7.541045e-01 -2.277265e+00
3.721628e-01 7.629333e-01 -2.278251e+00
3.722628e-01 7.250846e-01 -2.279256e+00
3.723628e-01 8.440946e-01 -2.280277e+00
3.724628e-01 7.217622e-01 -2.281315e+00
3.725627e-01 8.462145e-01 -2.282369e+00
3.726627e-01 7.925956e-01 -2.283437e+00
3.727627e-01 8.496867e-01 -2.284518e+00
3.728627e-01 8.306100e-01 -2.285612e+00
3.729627e-01 7.403887e-01 -2.286716e+00
3.730627e-01 8.780428e-01 -2.287830e+00
3.731627e-01 8.585378e-01 -2.288951e+00
3.732627e-01 8.034521e-01 -2.290077e+00
3.733627e-01 7.739100e-01 -2.291208e+00
3.734627e-01 7.814487e-01 -2.292340e+00
3.735626e-01 8.337085e-01 -2.293472e+00
3.736626e-01 7.529787e-01 -2.294600e+00
3.737626e-01 8.078668e-01 -2.295722e+00
3.738626e-01 8.920765e-01 -2.296836e+00
3.739626e-01 7.407439e-01 -2.297937e+00
3.740626e-01 7.447966e-01 -2.299023e+00
3.741626e-01 8.376409e-01 -2.300090e+00
3.742626e-01 6.735121e-01 -2.301134e+00
3.743626e-01 7.437465e-01 -2.302151e+00
3.744626e-01 8.259252e-01 -2.303137e+00
3.745625e-01 6.589338e-01 -2.304086e+00
3.746625e-01 7.662374e-01 -2.304994e+00
3.747625e-01 7.382184e-01 -2.305855e+00
3.748625e-01 6.639728e-01 -2.306663e+00
3.749625e-01 7.659128e-01 -2.307413e+00
3.750625e-01 7.259525e-01 -2.308098e+00
3.751625e-01 6.425062e-01 -2.308710e+00
3.752625e-01 6.792983e-01 -2.309244e+00
3.753625e-01 7.924002e-01 -2.309691e+00
3.754625e-01 7.332929e-01 -2.310043e+00
3.755624e-01 6.095210e-01 -2.310293e+00
3.756624e-01 6.556510e-01 -2.310430e+00
3.757624e-01 5.672190e-01 -2.310446e+00
3.758624e-01 6.550283e-01 -2.310332e+00
3.759624e-01 7.311022e-01 -2.310077e+00
3.760624e-01 6.629392e-01 -2.309671e+00
3.761624e-01 6.733484e-01 -2.309103e+00
3.762624e-01 6.894586e-01 -2.308363e+00
3.763624e-01 6.257793e-01 -2.307439e+00
3.764624e-01 5.333149e-01 -2.306319e+00
3.765623e-01 7.090147e-01 -2.304992e+00
3.766623e-01 6.084717e-01 -2.303446e+00
3.767623e-01 6.226252e-01 -2.301668e+00
3.768623e-01 6.046888e-01 -2.299647e+00
3.769623e-01 6.570299e-01 -2.297371e+00
3.770623e-01 5.840840e-01 -2.294827e+00
3.771623e-01 5.624430e-01 -2.292004e+00
3.772623e-01 5.586114e-01 -2.288891e+00
3.773623e-01 4.557575e-01 -2.285476e+00
3.774623e-01 5.646331e-01 -2.281750e+00
3.775622e-01 6.360140e-01 -2.277703e+00
3.776622e-01 5.860485e-01 -2.273325e+00
3.777622e-01 5.883126e-01 -2.268609e+00
3.778622e-01 5.408379e-01 -2.263549e+00
3.779622e-01 5.402541e-01 -2.258139e+00
3.780622e-01 5.920760e-01 -2.252375e+00
3.781622e-01 5.839415e-01 -2.246255e+00
3.782622e-01 6.368525e-01 -2.239778e+00
3.783622e-01 6.140066e-01 -2.232946e+00
3.784622e-01 5.972209e-01 -2.225762e+00
3.785621e-01 5.925306e-01 -2.218232e+00
3.786621e-01 6.104500e-01 -2.210363e+00
3.787621e-01 6.385276e-01 -2.202166e+00
3.788621e-01 7.072803e-01 -2.193652e+00
3.789621e-01 6.372555e-01 -2.184837e+00
3.790621e-01 5.901157e-01 -2.175737e+00
3.791621e-01 6.146011e-01 -2.166372e+00
3.792621e-01 6.394645e-01 -2.156764e+00
3.793621e-01 7.406918e-01 -2.146935e+00
3.794621e-01 6.566931e-01 -2.136913e+00
3.795620e-01 6.374159e-01 -2.126723e+00
3.796620e-01 6.503984e-01 -2.116396e+00
3.797620e-01 5.908044e-01 -2.105960e+00
3.798620e-01 6.900978e-01 -2.095448e+00
3.799620e-01 6.330587e-01 -2.084891e+00
3.800620e-01 6.633183e-01 -2.074322e+00
3.801620e-01 6.660490e-01 -2.063773e+00
3.802620e-01 7.086849e-01 -2.053275e+00
3.803620e-01 7.676151e-01 -2.042861e+00
3.804620e-01 6.977188e-01 -2.032562e+00
3.805619e-01 7.350880e-01 -2.022407e+00
3.806619e-01 6.767054e-01 -2.012425e+00
3.807619e-01 7.326846e-01 -2.002642e+00
3.808619e-01 7.420206e-01 -1.993084e+00
3.809619e-01 6.659219e-01 -1.983772e+00
3.810619e-01 7.505231e-01 -1.974729e+00
3.811619e-01 7.892022e-01 -1.965972e+00
3.812619e-01 7.623369e-01 -1.957517e+00
3.813619e-01 8.339573e-01 -1.949379e+00
3.814619e-01 7.120070e-01 -1.941569e+00
3.815618e-01 7.015744e-01 -1.934096e+00
3.816618e-01 7.854712e-01 -1.926966e+00
3.817618e-01 8.409499e-01 -1.920185e+00
3.818618e-01 8.679202e-01 -1.913755e+00
3.819618e-01 7.696536e-01 -1.907677e+00
3.820618e-01 7.641555e-01 -1.901948e+00
3.821618e-01 8.244029e-01 -1.896567e+00
3.822618e-01 7.718564e-01 -1.891529e+00
3.823618e-01 7.894062e-01 -1.886826e+00
3.824618e-01 7.957549e-01 -1.882453e+00
3.825617e-01 8.101194e-01 -1.878401e+00
3.826617e-01 7.758897e-01 -1.874661e+00
3.827617e-01 7.524571e-01 -1.871222e+00
3.828617e-01 7.723568e-01 -1.868073e+00
3.829617e-01 7.667248e-01 -1.865203e+00
3.830617e-01 7.569005e-01 -1.862601e+00
3.831617e-01 7.593274e-01 -1.860254e+00
3.832617e-01 8.177672e-01 -1.858150e+00
3.833617e-01 7.368329e-01 -1.856277e+00
3.834617e-01 7.469919e-01 -1.854622e+00
3.835616e-01 7.461939e-01 -1.853173e+00
3.836616e-01 7.727810e-01 -1.851918e+00
3.837616e-01 7.962431e-01 -1.850844e+00
3.838616e-01 8.411496e-01 -1.849940e+00
3.839616e-01 6.783154e-01 -1.849194e+00
3.840616e-01 6.954759e-01 -1.848595e+00
3.841616e-01 6.861171e-01 -1.848132e+00
3.842616e-01 7.088171e-01 -1.847795e+00
3.843616e-01 8.187515e-01 -1.847574e+00
3.844616e-01 6.954456e-01 -1.847457e+00
3.845615e-01 6.571965e-01 -1.847438e+00
3.846615e-01 6.556391e-01 -1.847505e+00
3.847615e-01 7.708960e-01 -1.847651e+00
3.848615e-01 6.606814e-01 -1.847868e+00
3.849615e-01 7.012136e-01 -1.848148e+00
3.850615e-01 6.384744e-01 -1.848483e+00
3.851615e-01 6.055211e-01 -1.848866e+00
3.852615e-01 6.131333e-01 -1.849291e+00
3.853615e-01 6.417703e-01 -1.849752e+00
3.854615e-01 6.807238e-01 -1.850242e+00
3.855614e-01 6.111344e-01 -1.850757e+00
3.856614e-01 6.655847e-01 -1.851291e+00
3.857614e-01 5.456590e-01 -1.851838e+00
3.858614e-01 6.322381e-01 -1.852395e+00
3.859614e-01 6.232127e-01 -1.852958e+00
3.860614e-01 6.297413e-01 -1.853521e+00
3.861614e-01 5.519771e-01 -1.854082e+00
3.862614e-01 5.247105e-01 -1.854636e+00
3.863614e-01 5.293657e-01 -1.855181e+00
3.864614e-01 5.075447e-01 -1.855714e+00
3.865613e-01 5.985358e-01 -1.856232e+00
3.866613e-01 6.284397e-01 -1.856732e+00
3.867613e-01 5.815702e-01 -1.857211e+00
3.868613e-01 5.676427e-01 -1.857668e+00
3.869613e-01 5.100102e-01 -1.858100e+00
3.870613e-01 5.618159e-01 -1.858506e+00
3.871613e-01 6.277940e-01 -1.858884e+00
3.872613e-01 6.261027e-01 -1.859232e+00
3.873613e-01 5.666783e-01 -1.859548e+00
3.874613e-01 5.338895e-01 -1.859832e+00
3.875612e-01 5.802984e-01 -1.860082e+00
3.876612e-01 5.696737e-01 -1.860297e+00
3.877612e-01 5.706334e-01 -1.860476e+00
3.878612e-01 5.333559e-01 -1.860618e+00
3.879612e-01 4.590905e-01 -1.860722e+00
3.880612e-01 5.398016e-01 -1.860788e+00
3.881612e-01 6.060946e-01 -1.860814e+00
3.882612e-01 5.890271e-01 -1.860801e+00
3.883612e-01 6.656409e-01 -1.860747e+00
3.884612e-01 5.989571e-01 -1.860653e+00
3.885611e-01 5.642662e-01 -1.860518e+00
3.886611e-01 5.336005e-01 -1.860341e+00
3.887611e-01 5.517427e-01 -1.860122e+00
3.888611e-01 5.647976e-01 -1.859861e+00
3.889611e-01 6.552277e-01 -1.859559e+00
3.890611e-01 6.247005e-01 -1.859213e+00
3.891611e-01 5.793450e-01 -1.858826e+00
3.892611e-01 6.443326e-01 -1.858396e+00
3.893611e-01 6.162010e-01 -1.857923e+00
3.894611e-01 6.634070e-01 -1.857408e+00
3.895610e-01 5.505480e-01 -1.856850e+00
3.896610e-01 6.245607e-01 -1.856249e+00
3.897610e-01 6.287159e-01 -1.855606e+00
3.898610e-01 6.618281e-01 -1.854921e+00
3.899610e-01 6.472912e-01 -1.854194e+00
3.900610e-01 6.820043e-01 -1.853424e+00
3.901610e-01 7.330923e-01 -1.852612e+00
3.902610e-01 6.398426e-01 -1.851759e+00
3.903610e-01 5.902225e-01 -1.850864e+00
3.904610e-01 6.973945e-01 -1.849927e+00
3.905609e-01 6.906616e-01 -1.848950e+00
3.906609e-01 7.175082e-01 -1.847931e+00
3.907609e-01 6.514195e-01 -1.846872e+00
3.908609e-01 6.880853e-01 -1.845772e+00
3.909609e-01 6.888315e-01 -1.844632e+00
3.910609e-01 7.306986e-01 -1.843452e+00
3.911609e-01 6.572646e-01 -1.842233e+00
3.912609e-01 8.083858e-01 -1.840974e+00
3.913609e-01 7.315877e-01 -1.839676e+00
3.914609e-01 7.558159e-01 -1.838340e+00
3.915608e-01 7.277646e-01 -1.836965e+00
3.916608e-01 7.237620e-01 -1.835551e+00
3.917608e-01 8.368567e-01 -1.834101e+00
3.918608e-01 8.465768e-01 -1.832612e+00
3.919608e-01 6.611854e-01 -1.831087e+00
3.920608e-01 7.991205e-01 -1.829525e+00
3.921608e-01 7.315472e-01 -1.827927e+00
3.922608e-01 6.681852e-01 -1.826293e+00
3.923608e-01 7.902502e-01 -1.824623e+00
3.924608e-01 7.134527e-01 -1.822918e+00
3.925607e-01 6.734455e-01 -1.821178e+00
3.926607e-01 6.491036e-01 -1.819404e+00
3.927607e-01 7.626433e-01 -1.817596e+00
3.928607e-01 7.962942e-01 -1.815755e+00
3.929607e-01 6.239304e-01 -1.813880e+00
3.930607e-01 7.374029e-01 -1.811972e+00
3.931607e-01 7.548642e-01 -1.810033e+00
3.932607e-01 6.980572e-01 -1.808061e+00
3.933607e-01 7.023988e-01 -1.806058e+00
3.934607e-01 6.969869e-01 -1.804024e+00
3.935606e-01 6.688602e-01 -1.801960e+00
3.936606e-01 6.785121e-01 -1.799865e+00
3.937606e-01 6.264733e-01 -1.797741e+00
3.938606e-01 6.689783e-01 -1.795588e+00
3.939606e-01 6.962311e-01 -1.793406e+00
3.940606e-01 7.048919e-01 -1.791196e+00
3.941606e-01 6.141855e-01 -1.788959e+00
3.942606e-01 5.319582e-01 -1.786694e+00
3.943606e-01 6.834900e-01 -1.784403e+00
3.944606e-01 5.957223e-01 -1.782086e+00
3.945605e-01 7.058842e-01 -1.779743e+00
3.946605e-01 5.745753e-01 -1.777375e+00
3.947605e-01 5.631964e-01 -1.774983e+00
3.948605e-01 6.138224e-01 -1.772567e+00
3.949605e-01 6.330180e-01 -1.770127e+00
3.950605e-01 6.999401e-01 -1.767665e+00
3.951605e-01 5.856296e-01 -1.765180e+00
3.952605e-01 5.811706e-01 -1.762674e+00
3.953605e-01 6.377416e-01 -1.760146e+00
3.954605e-01 6.110313e-01 -1.757599e+00
3.955604e-01 6.678358e-01 -1.755031e+00
3.956604e-01 6.266541e-01 -1.752444e+00
3.957604e-01 5.226474e-01 -1.749838e+00
3.958604e-01 4.943509e-01 -1.747214e+00
3.959604e-01 5.565354e-01 -1.744572e+00
3.960604e-01 6.279792e-01 -1.741914e+00
3.961604e-01 5.182474e-01 -1.739240e+00
3.962604e-01 5.161738e-01 -1.736550e+00
3.963604e-01 5.230406e-01 -1.733844e+00
3.964604e-01 4.918050e-01 -1.731125e+00
3.965603e-01 5.463432e-01 -1.728392e+00
3.966603e-01 5.646698e-01 -1.725646e+00
3.967603e-01 4.943134e-01 -1.722887e+00
3.968603e-01 4.806556e-01 -1.720116e+00
3.969603e-01 5.176423e-01 -1.717335e+00
3.970603e-01 4.043676e-01 -1.714543e+00
3.971603e-01 4.913619e-01 -1.711741e+00
3.972603e-01 4.717870e-01 -1.708930e+00
3.973603e-01 5.625445e-01 -1.706111e+00
3.974603e-01 4.573775e-01 -1.703283e+00
3.975602e-01 5.534166e-01 -1.700449e+00
3.976602e-01 4.620540e-01 -1.697608e+00
3.977602e-01 5.397573e-01 -1.694761e+00
3.978602e-01 5.413760e-01 -1.691908e+00
3.979602e-01 5.315628e-01 -1.689051e+00
3.980602e-01 5.466751e-01 -1.686190e+00
3.981602e-01 5.406293e-01 -1.683326e+00
3.982602e-01 5.858631e-01 -1.680459e+00
3.983602e-01 6.177510e-01 -1.677589e+00
3.984602e-01 5.200906e-01 -1.674718e+00
3.985601e-01 4.981155e-01 -1.671846e+00
3.986601e-01 4.614330e-01 -1.668974e+00
3.987601e-01 4.574304e-01 -1.666102e+00
3.988601e-01 5.424661e-01 -1.663230e+00
3.989601e-01 5.022698e-01 -1.660360e+00
3.990601e-01 5.520916e-01 -1.657491e+00
3.991601e-01 4.539988e-01 -1.654625e+00
3.992601e-01 5.799078e-01 -1.651762e+00
3.993601e-01 4.754028e-01 -1.648902e+00
3.994601e-01 5.813528e-01 -1.646045e+00
3.995600e-01 5.265568e-01 -1.643193e+00
3.996600e-01 5.069083e-01 -1.640345e+00
3.997600e-01 6.012587e-01 -1.637503e+00
3.998600e-01 6.247636e-01 -1.634666e+00
3.999600e-01 6.580499e-01 -1.631834e+00
4.000600e-01 5.795574e-01 -1.629009e+00
4.001600e-01 6.253186e-01 -1.626190e+00
4.002600e-01 5.969406e-01 -1.623378e+00
4.003600e-01 5.951194e-01 -1.620572e+00
4.004600e-01 6.570101e-01 -1.617774e+00
4.005599e-01 5.653533e-01 -1.614984e+00
4.006599e-01 5.749315e-01 -1.612201e+00
4.007599e-01 6.673851e-01 -1.609426e+00
4.008599e-01 7.258938e-01 -1.606659e+00
4.009599e-01 6.271002e-01 -1.603900e+00
4.010599e-01 6.245968e-01 -1.601149e+00
4.011599e-01 6.346806e-01 -1.598406e+00
4.012599e-01 6.529580e-01 -1.595671e+00
4.013599e-01 6.905831e-01 -1.592945e+00
4.014599e-01 7.461096e-01 -1.590227e+00
4.015598e-01 7.332977e-01 -1.587517e+00
4.016598e-01 5.998588e-01 -1.584814e+00
4.017598e-01 6.759748e-01 -1.582120e+00
4.018598e-01 6.977855e-01 -1.579434e+00
4.019598e-01 7.019531e-01 -1.576755e+00
4.020598e-01 7.718445e-01 -1.574083e+00
4.021598e-01 6.937487e-01 -1.571419e+00
4.022598e-01 6.744272e-01 -1.568761e+00
4.023598e-01 5.854185e-01 -1.566110e+00
4.024598e-01 6.819115e-01 -1.563466e+00
4.025597e-01 6.840412e-01 -1.560827e+00
4.026597e-01 7.362939e-01 -1.558193e+00
4.027597e-01 7.541529e-01 -1.555565e+00
4.028597e-01 6.308573e-01 -1.552942e+00
4.029597e-01 7.017572e-01 -1.550323e+00
4.030597e-01 5.863301e-01 -1.547708e+00
4.031597e-01 7.096689e-01 -1.545096e+00
4.032597e-01 6.742561e-01 -1.542487e+00
4.033597e-01 6.941441e-01 -1.539881e+00
4.034597e-01 6.453034e-01 -1.537276e+00
4.035596e-01 6.483489e-01 -1.534673e+00
4.036596e-01 6.325339e-01 -1.532071e+00
4.037596e-01 6.332130e-01 -1.529468e+00
4.038596e-01 6.081311e-01 -1.526866e+00
4.039596e-01 5.857749e-01 -1.524262e+00
4.040596e-01 5.373261e-01 -1.521657e+00
4.041596e-01 5.980215e-01 -1.519050e+00
4.042596e-01 5.568329e-01 -1.516440e+00
4.043596e-01 6.215463e-01 -1.513827e+00
4.044596e-01 5.857136e-01 -1.511210e+00
4.045595e-01 5.407667e-01 -1.508589e+00
4.046595e-01 6.984587e-01 -1.505962e+00
4.047595e-01 5.684121e-01 -1.503329e+00
4.048595e-01 5.874870e-01 -1.500691e+00
4.049595e-01 5.160113e-01 -1.498045e+00
4.050595e-01 5.513107e-01 -1.495392e+00
4.051595e-01 6.043236e-01 -1.492731e+00
4.052595e-01 5.791609e-01 -1.490061e+00
4.053595e-01 5.671760e-01 -1.487382e+00
4.054595e-01 5.319936e-01 -1.484693e+00
4.055594e-01 5.655146e-01 -1.481995e+00
4.056594e-01 5.061839e-01 -1.479285e+00
4.057594e-01 5.235265e-01 -1.476565e+00
4.058594e-01 4.824669e-01 -1.473832e+00
4.059594e-01 4.330447e-01 -1.471088e+00
4.060594e-01 4.961866e-01 -1.468331e+00
4.061594e-01 4.546277e-01 -1.465562e+00
4.062594e-01 4.844887e-01 -1.462779e+00
4.063594e-01 5.012470e-01 -1.459982e+00
4.064594e-01 3.810720e-01 -1.457172e+00
4.065593e-01 4.742931e-01 -1.454347e+00
4.066593e-01 4.714350e-01 -1.451508e+00
4.067593e-01 5.266204e-01 -1.448654e+00
4.068593e-01 4.449765e-01 -1.445785e+00
4.069593e-01 5.218004e-01 -1.442901e+00
4.070593e-01 5.132189e-01 -1.440001e+00
4.071593e-01 5.317833e-01 -1.437086e+00
4.072593e-01 5.182724e-01 -1.434155e+00
4.073593e-01 5.143180e-01 -1.431209e+00
4.074593e-01 4.607321e-01 -1.428246e+00
4.075592e-01 4.830200e-01 -1.425268e+00
4.076592e-01 4.628546e-01 -1.422274e+00
4.077592e-01 4.582898e-01 -1.419265e+00
4.078592e-01 4.665326e-01 -1.416239e+00
4.079592e-01 4.137829e-01 -1.413198e+00
4.080592e-01 4.512039e-01 -1.410141e+00
4.081592e-01 5.107807e-01 -1.407068e+00
4.082592e-01 5.092479e-01 -1.403981e+00
4.083592e-01 4.764733e-01 -1.400878e+00
4.084592e-01 4.782711e-01 -1.397760e+00
4.085591e-01 3.827821e-01 -1.394627e+00
4.086591e-01 4.715734e-01 -1.391480e+00
4.087591e-01 5.036819e-01 -1.388318e+00
4.088591e-01 4.222328e-01 -1.385143e+00
4.089591e-01 4.669901e-01 -1.381954e+00
4.090591e-01 4.525653e-01 -1.378751e+00
4.091591e-01 4.257736e-01 -1.375536e+00
4.092591e-01 5.121096e-01 -1.372307e+00
4.093591e-01 5.773610e-01 -1.369067e+00
4.094591e-01 5.469615e-01 -1.365814e+00
4.095590e-01 5.351936e-01 -1.362551e+00
4.096590e-01 5.656084e-01 -1.359276e+00
4.097590e-01 5.366285e-01 -1.355990e+00
4.098590e-01 5.152945e-01 -1.352694e+00
4.099590e-01 5.319801e-01 -1.349389e+00
4.100590e-01 4.950420e-01 -1.346074e+00
4.101590e-01 4.515517e-01 -1.342751e+00
4.102590e-01 6.672245e-01 -1.339419e+00
4.103590e-01 5.449068e-01 -1.336079e+00
4.104590e-01 5.479215e-01 -1.332732e+00
4.105589e-01 5.549882e-01 -1.329378e+00
4.106589e-01 5.646711e-01 -1.326018e+00
4.107589e-01 5.800805e-01 -1.322652e+00
4.108589e-01 6.031062e-01 -1.319281e+00
4.109589e-01 6.620103e-01 -1.315905e+00
4.110589e-01 5.824837e-01 -1.312525e+00
4.111589e-01 5.640267e-01 -1.309141e+00
4.112589e-01 5.771633e-01 -1.305754e+00
4.113589e-01 5.395682e-01 -1.302364e+00
4.114589e-01 6.375549e-01 -1.298972e+00
4.115588e-01 6.250719e-01 -1.295579e+00
4.116588e-01 5.822206e-01 -1.292184e+00
4.117588e-01 5.754884e-01 -1.288789e+00
4.118588e-01 5.895420e-01 -1.285393e+00
4.119588e-01 6.368320e-01 -1.281998e+00
4.120588e-01 6.160946e-01 -1.278604e+00
4.121588e-01 6.218593e-01 -1.275211e+00
4.122588e-01 5.562948e-01 -1.271820e+00
4.123588e-01 6.414517e-01 -1.268431e+00
4.124588e-01 5.633890e-01 -1.265045e+00
4.125587e-01 5.942900e-01 -1.261662e+00
4.126587e-01 5.760213e-01 -1.258283e+00
4.127587e-01 6.374716e-01 -1.254908e+00
4.128587e-01 6.265079e-01 -1.251537e+00
4.129587e-01 6.407196e-01 -1.248172e+00
4.130587e-01 5.907067e-01 -1.244811e+00
4.131587e-01 5.453319e-01 -1.241457e+00
4.132587e-01 6.613491e-01 -1.238109e+00
4.133587e-01 5.760724e-01 -1.234767e+00
4.134587e-01 6.705703e-01 -1.231432e+00
4.135586e-01 5.247975e-01 -1.228104e+00
4.136586e-01 5.685104e-01 -1.224784e+00
4.137586e-01 5.833361e-01 -1.221472e+00
4.138586e-01 5.171280e-01 -1.218168e+00
4.139586e-01 5.668403e-01 -1.214872e+00
4.140586e-01 5.902131e-01 -1.211586e+00
4.141586e-01 6.448968e-01 -1.208308e+00
4.142586e-01 5.502389e-01 -1.205040e+00
4.143586e-01 6.597006e-01 -1.201782e+00
4.144586e-01 6.607972e-01 -1.198533e+00
4.145585e-01 5.582145e-01 -1.195295e+00
4.146585e-01 5.680167e-01 -1.192067e+00
4.147585e-01 4.526074e-01 -1.188849e+00
4.148585e-01 4.796791e-01 -1.185642e+00
4.149585e-01 5.154355e-01 -1.182447e+00
4.150585e-01 5.773096e-01 -1.179262e+00
4.151585e-01 4.234846e-01 -1.176088e+00
4.152585e-01 4.477829e-01 -1.172926e+00
4.153585e-01 5.429691e-01 -1.169776e+00
4.154585e-01 4.176694e-01 -1.166637e+00
4.155584e-01 4.845616e-01 -1.163510e+00
4.156584e-01 4.348015e-01 -1.160395e+00
4.157584e-01 5.408754e-01 -1.157292e+00
4.158584e-01 4.980236e-01 -1.154201e+00
4.159584e-01 4.966007e-01 -1.151122e+00
4.160584e-01 3.495855e-01 -1.148056e+00
4.161584e-01 4.033739e-01 -1.145001e+00
4.162584e-01 4.397063e-01 -1.141959e+00
4.163584e-01 4.938075e-01 -1.138929e+00
4.164584e-01 4.004511e-01 -1.135911e+00
4.165583e-01 4.759389e-01 -1.132906e+00
4.166583e-01 4.103867e-01 -1.129913e+00
4.167583e-01 2.871523e-01 -1.126932e+00
4.168583e-01 4.270955e-01 -1.123964e+00
4.169583e-01 4.718595e-01 -1.121008e+00
4.170583e-01 3.613097e-01 -1.118063e+00
4.171583e-01 3.953392e-01 -1.115131e+00
4.172583e-01 2.806690e-01 -1.112211e+00
4.173583e-01 4.273907e-01 -1.109303e+00
4.174583e-01 4.132465e-01 -1.106407e+00
4.175582e-01 3.879705e-01 -1.103522e+00
4.176582e-01 3.477010e-01 -1.100650e+00
4.177582e-01 4.243662e-01 -1.097788e+00
4.178582e-01 4.067642e-01 -1.094939e+00
4.179582e-01 3.145550e-01 -1.092100e+00
4.180582e-01 3.743057e-01 -1.089273e+00
4.181582e-01 4.277069e-01 -1.086457e+00
4.182582e-01 4.075683e-01 -1.083651e+00
4.183582e-01 4.284692e-01 -1.080857e+00
4.184582e-01 4.577679e-01 -1.078073e+00
4.185581e-01 3.986731e-01 -1.075299e+00
4.186581e-01 4.237192e-01 -1.072536e+00
4.187581e-01 4.488506e-01 -1.069783e+00
4.188581e-01 4.063728e-01 -1.067039e+00
4.189581e-01 4.768358e-01 -1.064305e+00
4.190581e-01 4.329855e-01 -1.061581e+00
4.191581e-01 3.391990e-01 -1.058866e+00
4.192581e-01 2.853180e-01 -1.056160e+00
4.193581e-01 4.343918e-01 -1.053463e+00
4.194581e-01 4.188530e-01 -1.050774e+00
4.195580e-01 4.344277e-01 -1.048094e+00
4.196580e-01 5.178690e-01 -1.045422e+00
4.197580e-01 3.714243e-01 -1.042758e+00
4.198580e-01 4.904732e-01 -1.040102e+00
4.199580e-01 5.194262e-01 -1.037453e+00
4.200580e-01 4.715864e-01 -1.034811e+00
4.201580e-01 4.924249e-01 -1.032176e+00
4.202580e-01 5.519494e-01 -1.029548e+00
4.203580e-01 5.727705e-01 -1.026926e+00
4.204580e-01 5.191935e-01 -1.024311e+00
4.205579e-01 6.025844e-01 -1.021701e+00
4.206579e-01 4.359605e-01 -1.019097e+00
4.207579e-01 5.762171e-01 -1.016498e+00
4.208579e-01 5.532563e-01 -1.013904e+00
4.209579e-01 5.994533e-01 -1.011316e+00
4.210579e-01 4.970646e-01 -1.008731e+00
4.211579e-01 5.240904e-01 -1.006151e+00
4.212579e-01 5.557223e-01 -1.003574e+00
4.213579e-01 4.916422e-01 -1.001001e+00
4.214579e-01 6.347465e-01 -9.984319e-01
4.215578e-01 5.847756e-01 -9.958654e-01
4.216578e-01 4.554210e-01 -9.933016e-01
4.217578e-01 5.403903e-01 -9.907402e-01
4.218578e-01 5.921142e-01 -9.881810e-01
4.219578e-01 5.479962e-01 -9.856235e-01
4.220578e-01 5.020745e-01 -9.830674e-01
4.221578e-01 6.036997e-01 -9.805126e-01
4.222578e-01 4.764264e-01 -9.779586e-01
4.223578e-01 4.975853e-01 -9.754051e-01
4.224578e-01 5.878129e-01 -9.728518e-01
4.225577e-01 4.978729e-01 -9.702985e-01
4.226577e-01 5.837690e-01 -9.677447e-01
4.227577e-01 5.964867e-01 -9.651902e-01
4.228577e-01 6.462051e-01 -9.626346e-01
4.229577e-01 5.607929e-01 -9.600776e-01
4.230577e-01 5.797540e-01 -9.575189e-01
4.231577e-01 6.287850e-01 -9.549581e-01
4.232577e-01 5.589716e-01 -9.523950e-01
4.233577e-01 5.400135e-01 -9.498291e-01
4.234577e-01 6.071346e-01 -9.472603e-01
4.235576e-01 5.193905e-01 -9.446880e-01
4.236576e-01 5.641536e-01 -9.421120e-01
4.237576e-01 4.885074e-01 -9.395320e-01
4.238576e-01 5.085544e-01 -9.369476e-01
4.239576e-01 5.269308e-01 -9.343585e-01
4.240576e-01 5.141758e-01 -9.317644e-01
4.241576e-01 4.659657e-01 -9.291648e-01
4.242576e-01 4.940529e-01 -9.265595e-01
4.243576e-01 4.774870e-01 -9.239482e-01
4.244576e-01 5.706330e-01 -9.213304e-01
4.245575e-01 5.293350e-01 -9.187059e-01
4.246575e-01 4.947148e-01 -9.160742e-01
4.247575e-01 4.698258e-01 -9.134352e-01
4.248575e-01 4.643578e-01 -9.107883e-01
4.249575e-01 3.659796e-01 -9.081334e-01
4.250575e-01 4.644103e-01 -9.054699e-01
4.251575e-01 4.743235e-01 -9.027977e-01
4.252575e-01 4.117075e-01 -9.001162e-01
4.253575e-01 4.788982e-01 -8.974253e-01
4.254575e-01 4.308238e-01 -8.947245e-01
4.255574e-01 3.905747e-01 -8.920135e-01
4.256574e-01 3.897258e-01 -8.892920e-01
4.257574e-01 4.047921e-01 -8.865595e-01
4.258574e-01 3.562759e-01 -8.838158e-01
4.259574e-01 3.473095e-01 -8.810605e-01
4.260574e-01 3.899689e-01 -8.782933e-01
4.261574e-01 4.253631e-01 -8.755137e-01
4.262574e-01 3.953619e-01 -8.727215e-01
4.263574e-01 3.352257e-01 -8.699163e-01
4.264574e-01 3.570128e-01 -8.670978e-01
4.265573e-01 3.390066e-01 -8.642655e-01
4.266573e-01 2.286672e-01 -8.614192e-01
4.267573e-01 2.879443e-01 -8.585585e-01
4.268573e-01 2.910391e-01 -8.556831e-01
4.269573e-01 3.199883e-01 -8.527925e-01
4.270573e-01 3.068517e-01 -8.498865e-01
4.271573e-01 2.933809e-01 -8.469647e-01
4.272573e-01 3.426651e-01 -8.440267e-01
4.273573e-01 2.914231e-01 -8.410722e-01
4.274573e-01 3.102209e-01 -8.381009e-01
4.275572e-01 3.812493e-01 -8.351123e-01
4.276572e-01 3.614503e-01 -8.321062e-01
4.277572e-01 3.083228e-01 -8.290821e-01
4.278572e-01 3.998784e-01 -8.260398e-01
4.279572e-01 2.797914e-01 -8.229789e-01
4.280572e-01 4.515634e-01 -8.198990e-01
4.281572e-01 4.214654e-01 -8.167998e-01
4.282572e-01 3.673521e-01 -8.136809e-01
4.283572e-01 3.375740e-01 -8.105420e-01
4.284572e-01 2.794986e-01 -8.073827e-01
4.285571e-01 4.499006e-01 -8.042028e-01
4.286571e-01 3.770117e-01 -8.010017e-01
4.287571e-01 4.140070e-01 -7.977793e-01
4.288571e-01 4.054098e-01 -7.945352e-01
4.289571e-01 3.412775e-01 -7.912689e-01
4.290571e-01 4.079189e-01 -7.879802e-01
4.291571e-01 4.205775e-01 -7.846688e-01
4.292571e-01 2.896715e-01 -7.813342e-01
4.293571e-01 4.320791e-01 -7.779762e-01
4.294571e-01 3.521886e-01 -7.745945e-01
4.295570e-01 5.411417e-01 -7.711886e-01
4.296570e-01 5.111638e-01 -7.677582e-01
4.297570e-01 4.548276e-01 -7.643031e-01
4.298570e-01 4.336830e-01 -7.608230e-01
4.299570e-01 3.920593e-01 -7.573174e-01
4.300570e-01 4.547772e-01 -7.537860e-01
4.301570e-01 5.151942e-01 -7.502286e-01
4.302570e-01 4.469322e-01 -7.466448e-01
4.303570e-01 3.459886e-01 -7.430344e-01
4.304570e-01 4.547745e-01 -7.393970e-01
4.305569e-01 5.372977e-01 -7.357323e-01
4.306569e-01 4.638310e-01 -7.320400e-01
4.307569e-01 4.343342e-01 -7.283198e-01
4.308569e-01 4.916101e-01 -7.245715e-01
4.309569e-01 4.913013e-01 -7.207948e-01
4.310569e-01 4.609684e-01 -7.169893e-01
4.311569e-01 4.089390e-01 -7.131548e-01
4.312569e-01 5.125128e-01 -7.092912e-01
4.313569e-01 5.158127e-01 -7.053979e-01
4.314569e-01 4.780904e-01 -7.014750e-01
4.315568e-01 4.233684e-01 -6.975221e-01
4.316568e-01 4.975299e-01 -6.935389e-01
4.317568e-01 5.539230e-01 -6.895253e-01
4.318568e-01 5.476025e-01 -6.854810e-01
4.319568e-01 5.718274e-01 -6.814059e-01
4.320568e-01 5.113867e-01 -6.772997e-01
4.321568e-01 4.592156e-01 -6.731623e-01
4.322568e-01 5.151126e-01 -6.689935e-01
4.323568e-01 5.435474e-01 -6.647932e-01
4.324568e-01 5.217230e-01 -6.605611e-01
4.325567e-01 5.956546e-01 -6.562972e-01
4.326567e-01 5.539774e-01 -6.520013e-01
4.327567e-01 4.860978e-01 -6.476734e-01
4.328567e-01 5.530034e-01 -6.433133e-01
4.329567e-01 5.698752e-01 -6.389210e-01
4.330567e-01 5.519371e-01 -6.344965e-01
4.331567e-01 4.413551e-01 -6.300396e-01
4.332567e-01 4.767375e-01 -6.255505e-01
4.333567e-01 5.280274e-01 -6.210291e-01
4.334567e-01 4.739661e-01 -6.164754e-01
4.335566e-01 4.868409e-01 -6.118894e-01
4.336566e-01 3.197509e-01 -6.072714e-01
4.337566e-01 4.764919e-01 -6.026212e-01
4.338566e-01 4.212593e-01 -5.979392e-01
4.339566e-01 4.576873e-01 -5.932253e-01
4.340566e-01 5.228941e-01 -5.884799e-01
4.341566e-01 3.747133e-01 -5.837031e-01
4.342566e-01 5.133496e-01 -5.788951e-01
4.343566e-01 3.873110e-01 -5.740562e-01
4.344566e-01 4.117879e-01 -5.691867e-01
4.345565e-01 3.860579e-01 -5.642870e-01
4.346565e-01 3.929415e-01 -5.593574e-01
4.347565e-01 4.507988e-01 -5.543983e-01
4.348565e-01 3.675687e-01 -5.494101e-01
4.349565e-01 3.988158e-01 -5.443934e-01
4.350565e-01 3.639048e-01 -5.393487e-01
4.351565e-01 3.601380e-01 -5.342764e-01
4.352565e-01 4.601064e-01 -5.291773e-01
4.353565e-01 3.479004e-01 -5.240520e-01
4.354565e-01 2.722969e-01 -5.189012e-01
4.355564e-01 3.147030e-01 -5.137256e-01
4.356564e-01 3.666028e-01 -5.085260e-01
4.357564e-01 3.773908e-01 -5.033034e-01
4.358564e-01 3.711132e-01 -4.980585e-01
4.359564e-01 3.907439e-01 -4.927923e-01
4.360564e-01 3.842843e-01 -4.875059e-01
4.361564e-01 3.594723e-01 -4.822003e-01
4.362564e-01 2.259519e-01 -4.768767e-01
4.363564e-01 3.080198e-01 -4.715362e-01
4.364564e-01 3.086774e-01 -4.661801e-01
4.365563e-01 3.146236e-01 -4.608097e-01
4.366563e-01 3.729352e-01 -4.554263e-01
4.367563e-01 2.892289e-01 -4.500316e-01
4.368563e-01 3.161785e-01 -4.446268e-01
4.369563e-01 2.000668e-01 -4.392137e-01
4.370563e-01 3.145294e-01 -4.337938e-01
4.371563e-01 2.825252e-01 -4.283689e-01
4.372563e-01 3.355089e-01 -4.229408e-01
4.373563e-01 2.601600e-01 -4.175114e-01
4.374563e-01 2.871597e-01 -4.120826e-01
4.375562e-01 2.583708e-01 -4.066564e-01
4.376562e-01 3.358909e-01 -4.012349e-01
4.377562e-01 3.195714e-01 -3.958203e-01
4.378562e-01 2.821709e-01 -3.904148e-01
4.379562e-01 2.356703e-01 -3.850208e-01
4.380562e-01 2.527073e-01 -3.796406e-01
4.381562e-01 3.833287e-01 -3.742767e-01
4.382562e-01 2.661022e-01 -3.689317e-01
4.383562e-01 3.240054e-01 -3.636082e-01
4.384562e-01 2.931432e-01 -3.583089e-01
4.385561e-01 3.109875e-01 -3.530366e-01
4.386561e-01 2.775826e-01 -3.477941e-01
4.387561e-01 3.647678e-01 -3.425844e-01
4.388561e-01 3.368035e-01 -3.374104e-01
4.389561e-01 3.129353e-01 -3.322753e-01
4.390561e-01 3.204642e-01 -3.271820e-01
4.391561e-01 2.393098e-01 -3.221339e-01
4.392561e-01 2.208851e-01 -3.171341e-01
4.393561e-01 4.577329e-01 -3.121860e-01
4.394561e-01 2.945507e-01 -3.072929e-01
4.395560e-01 3.859671e-01 -3.024583e-01
4.396560e-01 3.976384e-01 -2.976855e-01
4.397560e-01 2.949783e-01 -2.929782e-01
4.398560e-01 3.688834e-01 -2.883397e-01
4.399560e-01 4.215225e-01 -2.837737e-01
4.400560e-01 4.131160e-01 -2.792837e-01
4.401560e-01 4.323555e-01 -2.748734e-01
4.402560e-01 3.567893e-01 -2.705464e-01
4.403560e-01 3.889189e-01 -2.663062e-01
4.404560e-01 4.181424e-01 -2.621564e-01
4.405559e-01 4.832553e-01 -2.581007e-01
4.406559e-01 4.392952e-01 -2.541427e-01
4.407559e-01 4.665810e-01 -2.502857e-01
4.408559e-01 3.529365e-01 -2.465335e-01
4.409559e-01 3.933934e-01 -2.428893e-01
4.410559e-01 3.416809e-01 -2.393566e-01
4.411559e-01 3.497786e-01 -2.359387e-01
4.412559e-01 4.550763e-01 -2.326388e-01
4.413559e-01 3.280805e-01 -2.294600e-01
4.414559e-01 4.572987e-01 -2.264053e-01
4.415558e-01 3.876772e-01 -2.234777e-01
4.416558e-01 4.517515e-01 -2.206799e-01
4.417558e-01 4.373345e-01 -2.180144e-01
4.418558e-01 4.360675e-01 -2.154838e-01
4.419558e-01 4.619419e-01 -2.130903e-01
4.420558e-01 4.494662e-01 -2.108358e-01
4.421558e-01 4.068957e-01 -2.087224e-01
4.422558e-01 4.836343e-01 -2.067516e-01
4.423558e-01 4.388449e-01 -2.049248e-01
4.424558e-01 4.246172e-01 -2.032431e-01
4.425557e-01 4.584927e-01 -2.017073e-01
4.426557e-01 5.305017e-01 -2.003181e-01
4.427557e-01 4.282050e-01 -1.990756e-01
4.428557e-01 4.018403e-01 -1.979797e-01
4.429557e-01 4.332642e-01 -1.970301e-01
4.430557e-01 4.593620e-01 -1.962259e-01
4.431557e-01 3.424980e-01 -1.955660e-01
4.432557e-01 4.533002e-01 -1.950487e-01
4.433557e-01 3.912953e-01 -1.946722e-01
4.434557e-01 4.211463e-01 -1.944340e-01
4.435556e-01 4.513254e-01 -1.943311e-01
4.436556e-01 4.006123e-01 -1.943604e-01
4.437556e-01 3.151586e-01 -1.945179e-01
4.438556e-01 4.089658e-01 -1.947995e-01
4.439556e-01 3.707116e-01 -1.952002e-01
4.440556e-01 3.855144e-01 -1.957148e-01
4.441556e-01 3.464614e-01 -1.963373e-01
4.442556e-01 3.582796e-01 -1.970614e-01
4.443556e-01 4.239881e-01 -1.978800e-01
4.444556e-01 4.423316e-01 -1.987857e-01
4.445555e-01 3.163797e-01 -1.997703e-01
4.446555e-01 3.442368e-01 -2.008251e-01
4.447555e-01 3.519275e-01 -2.019407e-01
4.448555e-01 3.547542e-01 -2.031074e-01
4.449555e-01 3.881978e-01 -2.043145e-01
4.450555e-01 3.502210e-01 -2.055510e-01
4.451555e-01 3.797890e-01 -2.068053e-01
4.452555e-01 2.890180e-01 -2.080651e-01
4.453555e-01 2.941863e-01 -2.093175e-01
4.454555e-01 3.386535e-01 -2.105491e-01
4.455554e-01 2.998909e-01 -2.117461e-01
4.456554e-01 2.551532e-01 -2.128940e-01
4.457554e-01 3.152591e-01 -2.139778e-01
4.458554e-01 2.875968e-01 -2.149822e-01
4.459554e-01 2.626425e-01 -2.158912e-01
4.460554e-01 3.072018e-01 -2.166888e-01
4.461554e-01 2.442721e-01 -2.173583e-01
4.462554e-01 1.525333e-01 -2.178828e-01
4.463554e-01 3.544622e-01 -2.182455e-01
4.464554e-01 2.405684e-01 -2.184290e-01
4.465553e-01 2.814303e-01 -2.184161e-01
4.466553e-01 2.963356e-01 -2.181895e-01
4.467553e-01 2.174709e-01 -2.177321e-01
4.468553e-01 2.342039e-01 -2.170268e-01
4.469553e-01 2.155684e-01 -2.160570e-01
4.470553e-01 2.864404e-01 -2.148066e-01
4.471553e-01 2.058316e-01 -2.132597e-01
4.472553e-01 1.202592e-01 -2.114014e-01
4.473553e-01 2.249545e-01 -2.092174e-01
4.474553e-01 1.954807e-01 -2.066945e-01
4.475552e-01 2.633112e-01 -2.038205e-01
4.476552e-01 2.257566e-01 -2.005844e-01
4.477552e-01 2.413811e-01 -1.969767e-01
4.478552e-01 1.334899e-01 -1.929895e-01
4.479552e-01 3.201756e-01 -1.886163e-01
4.480552e-01 2.607003e-01 -1.838526e-01
4.481552e-01 1.455147e-01 -1.786960e-01
4.482552e-01 1.494926e-01 -1.731458e-01
4.483552e-01 2.289244e-01 -1.672039e-01
4.484552e-01 2.572098e-01 -1.608743e-01
4.485551e-01 2.070403e-01 -1.541633e-01
4.486551e-01 1.668546e-01 -1.470798e-01
4.487551e-01 2.354844e-01 -1.396350e-01
4.488551e-01 2.634604e-01 -1.318428e-01
4.489551e-01 1.828102e-01 -1.237193e-01
4.490551e-01 2.198633e-01 -1.152832e-01
4.491551e-01 2.615658e-01 -1.065555e-01
4.492551e-01 3.389797e-01 -9.755946e-02
4.493551e-01 2.181177e-01 -8.832038e-02
4.494551e-01 3.556463e-01 -7.886558e-02
4.495550e-01 4.115085e-01 -6.922411e-02
4.496550e-01 2.743901e-01 -5.942658e-02
4.497550e-01 2.856587e-01 -4.950489e-02
4.498550e-01 3.467600e-01 -3.949200e-02
4.499550e-01 2.449105e-01 -2.942164e-02
4.500550e-01 2.479523e-01 -1.932803e-02
4.501550e-01 3.584057e-01 -9.245598e-03
4.502550e-01 3.174569e-01 7.913309e-04
4.503550e-01 3.086002e-01 1.074880e-02
4.504550e-01 2.830029e-01 2.059354e-02
4.505549e-01 3.097050e-01 3.029318e-02
4.506549e-01 3.756957e-01 3.981658e-02
4.507549e-01 2.854749e-01 4.913400e-02
4.508549e-01 3.735823e-01 5.821735e-02
4.509549e-01 3.905381e-01 6.704037e-02
4.510549e-01 2.678076e-01 7.557879e-02
4.511549e-01 3.639282e-01 8.381043e-02
4.512549e-01 4.127522e-01 9.171537e-02
4.513549e-01 4.245739e-01 9.927596e-02
4.514549e-01 2.836661e-01 1.064769e-01
4.515548e-01 3.479508e-01 1.133053e-01
4.516548e-01 4.331640e-01 1.197504e-01
4.517548e-01 4.116306e-01 1.258041e-01
4.518548e-01 4.367584e-01 1.314603e-01
4.519548e-01 4.923043e-01 1.367152e-01
4.520548e-01 3.556060e-01 1.415672e-01
4.521548e-01 4.140871e-01 1.460164e-01
4.522548e-01 3.791692e-01 1.500651e-01
4.523548e-01 3.884223e-01 1.537173e-01
4.524548e-01 2.517960e-01 1.569787e-01
4.525547e-01 3.937381e-01 1.598563e-01
4.526547e-01 3.811206e-01 1.623586e-01
4.527547e-01 4.087051e-01 1.644956e-01
4.528547e-01 3.418408e-01 1.662782e-01
4.529547e-01 4.504168e-01 1.677182e-01
4.530547e-01 4.132700e-01 1.688287e-01
4.531547e-01 4.125324e-01 1.696232e-01
4.532547e-01 4.359795e-01 1.701160e-01
4.533547e-01 4.387090e-01 1.703221e-01
4.534547e-01 3.861394e-01 1.702570e-01
4.535546e-01 3.966726e-01 1.699363e-01
4.536546e-01 2.454214e-01 1.693763e-01
4.537546e-01 3.302478e-01 1.685934e-01
4.538546e-01 4.235688e-01 1.676042e-01
4.539546e-01 3.462170e-01 1.664256e-01
4.540546e-01 3.753801e-01 1.650745e-01
4.541546e-01 3.156053e-01 1.635678e-01
4.542546e-01 3.016120e-01 1.619227e-01
4.543546e-01 3.167714e-01 1.601560e-01
4.544546e-01 3.313743e-01 1.582850e-01
4.545545e-01 3.805278e-01 1.563266e-01
4.546545e-01 3.004513e-01 1.542978e-01
4.547545e-01 2.162995e-01 1.522156e-01
4.548545e-01 2.268771e-01 1.500968e-01
4.549545e-01 2.578614e-01 1.479583e-01
4.550545e-01 3.097833e-01 1.458168e-01
4.551545e-01 2.217939e-01 1.436890e-01
4.552545e-01 2.930212e-01 1.415916e-01
4.553545e-01 1.919942e-01 1.395410e-01
4.554545e-01 3.062289e-01 1.375539e-01
4.555544e-01 1.943014e-01 1.356465e-01
4.556544e-01 1.551220e-01 1.338352e-01
4.557544e-01 1.364834e-01 1.321362e-01
4.558544e-01 3.374022e-01 1.305656e-01
4.559544e-01 2.377176e-01 1.291395e-01
4.560544e-01 1.814900e-01 1.278736e-01
4.561544e-01 2.264582e-01 1.267838e-01
4.562544e-01 1.953897e-01 1.258855e-01
4.563544e-01 2.149911e-01 1.251941e-01
4.564544e-01 2.186689e-01 1.247246e-01
4.565543e-01 1.342471e-01 1.244919e-01
4.566543e-01 1.591138e-01 1.245103e-01
4.567543e-01 1.157406e-01 1.247940e-01
4.568543e-01 1.501655e-01 1.253566e-01
4.569543e-01 1.321058e-01 1.262112e-01
4.570543e-01 2.289015e-01 1.273703e-01
4.571543e-01 1.733641e-01 1.288457e-01
4.572543e-01 1.958000e-01 1.306487e-01
4.573543e-01 1.491523e-01 1.327896e-01
4.574543e-01 9.351271e-02 1.352776e-01
4.575542e-01 1.827842e-01 1.381212e-01
4.576542e-01 1.374342e-01 1.413275e-01
4.577542e-01 7.789266e-02 1.449028e-01
4.578542e-01 2.799350e-01 1.488515e-01
4.579542e-01 1.395468e-01 1.531771e-01
4.580542e-01 7.371661e-02 1.578813e-01
4.581542e-01 2.026569e-01 1.629642e-01
4.582542e-01 1.709837e-01 1.684244e-01
4.583542e-01 1.154413e-01 1.742583e-01
4.584542e-01 1.863372e-01 1.804608e-01
4.585541e-01 2.779817e-01 1.870248e-01
4.586541e-01 1.569120e-01 1.939411e-01
4.587541e-01 1.126485e-01 2.011986e-01
4.588541e-01 2.521869e-01 2.087842e-01
4.589541e-01 1.295834e-01 2.166825e-01
4.590541e-01 8.332690e-02 2.248765e-01
4.591541e-01 2.762376e-01 2.333469e-01
4.592541e-01 2.612998e-01 2.420728e-01
4.593541e-01 2.385418e-01 2.510310e-01
4.594541e-01 2.227753e-01 2.601972e-01
4.595540e-01 1.659648e-01 2.695451e-01
4.596540e-01 2.441950e-01 2.790470e-01
4.597540e-01 3.012919e-01 2.886741e-01
4.598540e-01 1.049281e-01 2.983966e-01
4.599540e-01 2.479211e-01 3.081834e-01
4.600540e-01 2.589510e-01 3.180034e-01
4.601540e-01 2.195800e-01 3.278244e-01
4.602540e-01 2.863803e-01 3.376146e-01
4.603540e-01 3.277024e-01 3.473419e-01
4.604540e-01 1.740303e-01 3.569745e-01
4.605539e-01 2.778150e-01 3.664815e-01
4.606539e-01 2.357883e-01 3.758323e-01
4.607539e-01 2.520518e-01 3.849976e-01
4.608539e-01 2.904723e-01 3.939492e-01
4.609539e-01 3.078044e-01 4.026602e-01
4.610539e-01 2.695314e-01 4.111054e-01
4.611539e-01 2.543937e-01 4.192612e-01
4.612539e-01 3.118580e-01 4.271060e-01
4.613539e-01 3.225546e-01 4.346201e-01
4.614539e-01 3.138974e-01 4.417858e-01
4.615538e-01 2.861351e-01 4.485876e-01
4.616538e-01 2.661579e-01 4.550122e-01
4.617538e-01 4.159956e-01 4.610484e-01
4.618538e-01 3.485351e-01 4.666872e-01
4.619538e-01 3.418487e-01 4.719220e-01
4.620538e-01 2.765367e-01 4.767480e-01
4.621538e-01 2.591057e-01 4.811626e-01
4.622538e-01 2.678592e-01 4.851655e-01
4.623538e-01 3.612796e-01 4.887580e-01
4.624538e-01 4.226171e-01 4.919434e-01
4.625537e-01 3.252955e-01 4.947266e-01
4.626537e-01 3.569521e-01 4.971145e-01
4.627537e-01 2.822987e-01 4.991152e-01
4.628537e-01 3.416339e-01 5.007384e-01
4.629537e-01 2.801451e-01 5.019950e-01
4.630537e-01 2.925610e-01 5.028972e-01
4.631537e-01 3.153970e-01 5.034582e-01
4.632537e-01 2.591991e-01 5.036924e-01
4.633537e-01 3.096796e-01 5.036149e-01
4.634537e-01 3.071564e-01 5.032415e-01
4.635536e-01 3.207375e-01 5.025888e-01
4.636536e-01 2.880548e-01 5.016741e-01
4.637536e-01 3.507827e-01 5.005150e-01
4.638536e-01 2.952905e-01 4.991296e-01
4.639536e-01 2.037777e-01 4.975364e-01
4.640536e-01 2.587810e-01 4.957543e-01
4.641536e-01 2.877300e-01 4.938022e-01
4.642536e-01 2.051598e-01 4.916993e-01
4.643536e-01 3.036651e-01 4.894651e-01
4.644536e-01 2.631728e-01 4.871190e-01
4.645535e-01 2.297930e-01 4.846806e-01
4.646535e-01 1.541911e-01 4.821693e-01
4.647535e-01 1.746237e-01 4.796048e-01
4.648535e-01 2.461383e-01 4.770066e-01
4.649535e-01 1.498732e-01 4.743943e-01
4.650535e-01 2.794129e-01 4.717873e-01
4.651535e-01 1.835557e-01 4.692051e-01
4.652535e-01 2.302931e-01 4.666669e-01
4.653535e-01 9.294563e-02 4.641921e-01
4.654535e-01 1.854287e-01 4.617997e-01
4.655534e-01 2.415646e-01 4.595088e-01
4.656534e-01 1.889025e-01 4.573382e-01
4.657534e-01 2.162786e-01 4.553065e-01
4.658534e-01 1.226114e-01 4.534324e-01
4.659534e-01 1.041998e-01 4.517342e-01
4.660534e-01 2.102306e-01 4.502300e-01
4.661534e-01 1.616076e-01 4.489375e-01
4.662534e-01 1.506464e-01 4.478744e-01
4.663534e-01 6.520523e-02 4.470579e-01
4.664534e-01 1.375391e-01 4.465049e-01
4.665533e-01 1.564732e-01 4.462316e-01
4.666533e-01 1.298474e-01 4.462540e-01
4.667533e-01 1.253175e-01 4.465875e-01
4.668533e-01 1.546800e-01 4.472467e-01
4.669533e-01 1.209679e-01 4.482457e-01
4.670533e-01 1.244764e-01 4.495975e-01
4.671533e-01 4.812106e-02 4.513145e-01
4.672533e-01 1.121348e-01 4.534079e-01
4.673533e-01 1.150158e-01 4.558880e-01
4.674533e-01 4.318654e-02 4.587636e-01
4.675532e-01 6.679342e-02 4.620425e-01
4.676532e-01 1.183122e-01 4.657308e-01
4.677532e-01 1.038645e-01 4.698332e-01
4.678532e-01 3.467355e-02 4.743527e-01
4.679532e-01 1.022016e-01 4.792905e-01
4.680532e-01 1.238878e-01 4.846461e-01
4.681532e-01 6.420163e-02 4.904169e-01
4.682532e-01 1.064773e-01 4.965982e-01
4.683532e-01 5.285807e-02 5.031833e-01
4.684532e-01 1.401720e-01 5.101634e-01
4.685531e-01 2.332959e-01 5.175275e-01
4.686531e-01 1.901836e-01 5.252623e-01
4.687531e-01 1.062144e-01 5.333524e-01
4.688531e-01 7.942283e-02 5.417801e-01
4.689531e-01 1.882572e-01 5.505259e-01
4.690531e-01 1.640383e-01 5.595679e-01
4.691531e-01 4.294132e-02 5.688827e-01
4.692531e-01 1.177816e-01 5.784448e-01
4.693531e-01 1.412136e-01 5.882272e-01
4.694531e-01 1.778471e-01 5.982017e-01
4.695530e-01 2.023524e-01 6.083385e-01
4.696530e-01 2.041122e-01 6.186071e-01
4.697530e-01 1.628202e-01 6.289761e-01
4.698530e-01 1.745318e-01 6.394138e-01
4.699530e-01 1.563684e-01 6.498880e-01
4.700530e-01 1.838466e-01 6.603667e-01
4.701530e-01 2.147142e-01 6.708181e-01
4.702530e-01 2.003924e-01 6.812112e-01
4.703530e-01 1.976776e-01 6.915154e-01
4.704530e-01 1.924996e-01 7.017013e-01
4.705529e-01 1.834877e-01 7.117410e-01
4.706529e-01 2.260564e-01 7.216076e-01
4.707529e-01 2.819303e-01 7.312763e-01
4.708529e-01 2.520468e-01 7.407238e-01
4.709529e-01 2.634475e-01 7.499286e-01
4.710529e-01 2.534335e-01 7.588717e-01
4.711529e-01 3.155267e-01 7.675357e-01
4.712529e-01 2.020014e-01 7.759055e-01
4.713529e-01 2.368262e-01 7.839684e-01
4.714529e-01 1.622787e-01 7.917135e-01
4.715528e-01 3.003263e-01 7.991323e-01
4.716528e-01 3.102860e-01 8.062182e-01
4.717528e-01 2.183665e-01 8.129668e-01
4.718528e-01 2.102933e-01 8.193756e-01
4.719528e-01 2.918841e-01 8.254439e-01
4.720528e-01 2.439418e-01 8.311728e-01
4.721528e-01 3.402814e-01 8.365650e-01
4.722528e-01 2.208023e-01 8.416248e-01
4.723528e-01 2.678557e-01 8.463579e-01
4.724528e-01 2.628503e-01 8.507711e-01
4.725527e-01 2.620013e-01 8.548725e-01
4.726527e-01 2.455653e-01 8.586712e-01
4.727527e-01 2.569603e-01 8.621772e-01
4.728527e-01 2.521353e-01 8.654012e-01
4.729527e-01 1.958588e-01 8.683546e-01
4.730527e-01 2.483544e-01 8.710494e-01
4.731527e-01 3.130194e-01 8.734979e-01
4.732527e-01 3.190209e-01 8.757129e-01
4.733527e-01 1.991670e-01 8.777075e-01
4.734527e-01 3.094770e-01 8.794947e-01
4.735526e-01 2.256413e-01 8.810879e-01
4.736526e-01 2.658282e-01 8.825005e-01
4.737526e-01 3.018981e-01 8.837456e-01
4.738526e-01 2.552223e-01 8.848365e-01
4.739526e-01 2.004251e-01 8.857863e-01
4.740526e-01 1.985824e-01 8.866078e-01
4.741526e-01 2.439173e-01 8.873136e-01
4.742526e-01 1.752383e-01 8.879163e-01
4.743526e-01 1.805079e-01 8.884279e-01
4.744526e-01 2.134149e-01 8.888602e-01
4.745525e-01 1.582309e-01 8.892247e-01
4.746525e-01 1.373240e-01 8.895326e-01
4.747525e-01 2.139968e-01 8.897946e-01
4.748525e-01 1.388143e-01 8.900212e-01
4.749525e-01 1.452998e-01 8.902223e-01
4.750525e-01 1.470245e-01 8.904076e-01
4.751525e-01 1.910508e-01 8.905864e-01
4.752525e-01 8.000457e-02 8.907674e-01
4.753525e-01 2.065481e-01 8.909591e-01
4.754525e-01 1.244277e-01 8.911695e-01
4.755524e-01 2.382770e-01 8.914064e-01
4.756524e-01 4.452762e-02 8.916768e-01
4.757524e-01 1.440527e-01 8.919877e-01
4.758524e-01 -2.511223e-03 8.923455e-01
4.759524e-01 8.959682e-02 8.927562e-01
4.760524e-01 9.750019e-02 8.932254e-01
4.761524e-01 7.908448e-02 8.937584e-01
4.762524e-01 3.365349e-02 8.943601e-01
4.763524e-01 7.847295e-02 8.950348e-01
4.764524e-01 5.585962e-02 8.957868e-01
4.765523e-01 2.357103e-02 8.966196e-01
4.766523e-01 1.102332e-01 8.975366e-01
4.767523e-01 2.519685e-02 8.985406e-01
4.768523e-01 1.238588e-01 8.996344e-01
4.769523e-01 1.029565e-01 9.008199e-01
4.770523e-01 1.886234e-02 9.020990e-01
4.771523e-01 4.162117e-02 9.034731e-01
4.772523e-01 6.535510e-02 9.049433e-01
4.773523e-01 -3.277295e-03 9.065102e-01
4.774523e-01 4.965713e-02 9.081741e-01
4.775522e-01 5.618242e-02 9.099348e-01
4.776522e-01 7.347055e-02 9.117921e-01
4.777522e-01 2.247006e-02 9.137450e-01
4.778522e-01 -7.983581e-03 9.157923e-01
4.779522e-01 1.063971e-02 9.179325e-01
4.780522e-01 1.249920e-01 9.201637e-01
4.781522e-01 3.557658e-02 9.224836e-01
4.782522e-01 -1.468984e-02 9.248895e-01
4.783522e-01 1.336403e-01 9.273785e-01
4.784522e-01 -1.154239e-02 9.299472e-01
4.785521e-01 4.449753e-02 9.325919e-01
4.786521e-01 1.551912e-01 9.353086e-01
4.787521e-01 1.265497e-01 9.380930e-01
4.788521e-01 8.038457e-02 9.409403e-01
4.789521e-01 9.100739e-02 9.438455e-01
4.790521e-01 8.429816e-02 9.468033e-01
4.791521e-01 7.693773e-03 9.498081e-01
4.792521e-01 1.377969e-01 9.528540e-01
4.793521e-01 1.440603e-01 9.559347e-01
4.794521e-01 1.359777e-01 9.590438e-01
4.795520e-01 9.977509e-02 9.621747e-01
4.796520e-01 1.371179e-01 9.653203e-01
4.797520e-01 5.304526e-02 9.684735e-01
4.798520e-01 1.695667e-01 9.716269e-01
4.799520e-01 1.103177e-01 9.747730e-01
4.800520e-01 9.147186e-02 9.779041e-01
4.801520e-01 1.458559e-01 9.810123e-01
4.802520e-01 1.319210e-01 9.840897e-01
4.803520e-01 1.021257e-01 9.871281e-01
4.804520e-01 2.401547e-01 9.901196e-01
4.805519e-01 2.033964e-01 9.930558e-01
4.806519e-01 2.164425e-01 9.959286e-01
4.807519e-01 1.760483e-01 9.987299e-01
4.808519e-01 2.315325e-01 1.001451e+00
4.809519e-01 1.452505e-01 1.004085e+00
4.810519e-01 2.292693e-01 1.006623e+00
4.811519e-01 1.615173e-01 1.009057e+00
4.812519e-01 2.280335e-01 1.011380e+00
4.813519e-01 2.725328e-01 1.013585e+00
4.814519e-01 1.873364e-01 1.015663e+00
4.815518e-01 1.966244e-01 1.017608e+00
4.816518e-01 1.229342e-01 1.019413e+00
4.817518e-01 2.104055e-01 1.021071e+00
4.818518e-01 2.995004e-01 1.022577e+00
4.819518e-01 2.077433e-01 1.023925e+00
4.820518e-01 1.288444e-01 1.025110e+00
4.821518e-01 2.622750e-01 1.026125e+00
4.822518e-01 2.069287e-01 1.026968e+00
4.823518e-01 1.779800e-01 1.027635e+00
4.824518e-01 1.869993e-01 1.028120e+00
4.825517e-01 1.561588e-01 1.028423e+00
4.826517e-01 3.236988e-01 1.028540e+00
4.827517e-01 2.363590e-01 1.028470e+00
4.828517e-01 1.666206e-01 1.028211e+00
4.829517e-01 1.986684e-01 1.027763e+00
4.830517e-01 1.716977e-01 1.027126e+00
4.831517e-01 1.756358e-01 1.026301e+00
4.832517e-01 2.486779e-01 1.025289e+00
4.833517e-01 2.408801e-01 1.024092e+00
4.834517e-01 1.910961e-01 1.022714e+00
4.835516e-01 1.532608e-01 1.021157e+00
4.836516e-01 2.035031e-01 1.019426e+00
4.837516e-01 1.654972e-01 1.017526e+00
4.838516e-01 1.899227e-01 1.015463e+00
4.839516e-01 2.055361e-01 1.013243e+00
4.840516e-01 1.957754e-01 1.010873e+00
4.841516e-01 2.198517e-01 1.008361e+00
4.842516e-01 1.328869e-01 1.005717e+00
4.843516e-01 1.305776e-01 1.002949e+00
4.844516e-01 1.451670e-01 1.000068e+00
4.845515e-01 1.694016e-01 9.970846e-01
4.846515e-01 1.053966e-01 9.940103e-01
4.847515e-01 1.727456e-01 9.908575e-01
4.848515e-01 1.113710e-01 9.876395e-01
4.849515e-01 1.406608e-01 9.843698e-01
4.850515e-01 5.733729e-02 9.810629e-01
4.851515e-01 9.432690e-02 9.777339e-01
4.852515e-01 9.175448e-02 9.743984e-01
4.853515e-01 2.941642e-02 9.710726e-01
4.854515e-01 5.546428e-02 9.677734e-01
4.855514e-01 1.026789e-01 9.645181e-01
4.856514e-01 3.235696e-02 9.613246e-01
4.857514e-01 3.293593e-02 9.582111e-01
4.858514e-01 5.302007e-02 9.551964e-01
4.859514e-01 -2.454287e-03 9.522995e-01
4.860514e-01 4.031883e-02 9.495397e-01
4.861514e-01 2.252926e-02 9.469366e-01
4.862514e-01 7.887958e-02 9.445098e-01
4.863514e-01 3.181138e-02 9.422792e-01
4.864514e-01 -9.737589e-03 9.402646e-01
4.865513e-01 -6.940434e-02 9.384856e-01
4.866513e-01 -1.807484e-02 9.369617e-01
4.867513e-01 3.303346e-02 9.357123e-01
4.868513e-01 3.187794e-02 9.347560e-01
4.869513e-01 8.764255e-02 9.341112e-01
4.870513e-01 4.790785e-02 9.337955e-01
4.871513e-01 2.306565e-02 9.338258e-01
4.872513e-01 -4.783933e-03 9.342179e-01
4.873513e-01 1.982133e-02 9.349869e-01
4.874513e-01 -2.781731e-02 9.361463e-01
4.875512e-01 -3.428639e-02 9.377085e-01
4.876512e-01 -1.981851e-02 9.396842e-01
4.877512e-01 -1.613305e-01 9.420827e-01
4.878512e-01 -6.137433e-02 9.449113e-01
4.879512e-01 5.093959e-02 9.481754e-01
4.880512e-01 -6.126580e-03 9.518783e-01
4.881512e-01 1.942474e-03 9.560211e-01
4.882512e-01 7.172789e-02 9.606028e-01
4.883512e-01 2.531739e-02 9.656196e-01
4.884512e-01 -3.735811e-02 9.710655e-01
4.885511e-01 -8.867175e-02 9.769319e-01
4.886511e-01 -1.135991e-02 9.832075e-01
4.887511e-01 1.311100e-02 9.898787e-01
4.888511e-01 -1.419931e-02 9.969290e-01
4.889511e-01 1.214004e-02 1.004340e+00
4.890511e-01 -1.060235e-01 1.012089e+00
4.891511e-01 5.580704e-02 1.020154e+00
4.892511e-01 -1.044409e-02 1.028508e+00
4.893511e-01 1.105752e-01 1.037124e+00
4.894511e-01 7.679484e-02 1.045972e+00
4.895510e-01 9.439279e-02 1.055021e+00
4.896510e-01 2.881496e-02 1.064237e+00
4.897510e-01 4.649232e-02 1.073588e+00
4.898510e-01 8.928323e-02 1.083039e+00
4.899510e-01 4.745513e-02 1.092555e+00
4.900510e-01 1.963063e-02 1.102100e+00
4.901510e-01 1.461080e-01 1.111639e+00
4.902510e-01 -1.354221e-02 1.121138e+00
4.903510e-01 8.548971e-02 1.130562e+00
4.904510e-01 9.402284e-02 1.139878e+00
4.905509e-01 3.428922e-02 1.149053e+00
4.906509e-01 1.126924e-01 1.158058e+00
4.907509e-01 1.141858e-01 1.166864e+00
4.908509e-01 5.346799e-02 1.175442e+00
4.909509e-01 1.610519e-01 1.183768e+00
4.910509e-01 1.231229e-01 1.191819e+00
4.911509e-01 2.953866e-02 1.199574e+00
4.912509e-01 2.168443e-01 1.207014e+00
4.913509e-01 1.274153e-01 1.214123e+00
4.914509e-01 1.772644e-01 1.220887e+00
4.915508e-01 1.826651e-01 1.227295e+00
4.916508e-01 7.530093e-02 1.233337e+00
4.917508e-01 1.466748e-01 1.239006e+00
4.918508e-01 1.418214e-01 1.244298e+00
4.919508e-01 1.422121e-01 1.249209e+00
4.920508e-01 2.117537e-01 1.253738e+00
4.921508e-01 2.002578e-01 1.257887e+00
4.922508e-01 1.067550e-01 1.261659e+00
4.923508e-01 1.498280e-01 1.265058e+00
4.924508e-01 8.507926e-02 1.268089e+00
4.925507e-01 1.909976e-01 1.270760e+00
4.926507e-01 2.141203e-01 1.273080e+00
4.927507e-01 1.222251e-01 1.275058e+00
4.928507e-01 1.828025e-01 1.276705e+00
4.929507e-01 1.482328e-01 1.278032e+00
4.930507e-01 1.373472e-01 1.279051e+00
4.931507e-01 1.238072e-01 1.279776e+00
4.932507e-01 1.553131e-01 1.280220e+00
4.933507e-01 1.369933e-01 1.280397e+00
4.934507e-01 2.291644e-01 1.280321e+00
4.935506e-01 7.462189e-02 1.280008e+00
4.936506e-01 1.323750e-01 1.279472e+00
4.937506e-01 3.381681e-02 1.278728e+00
4.938506e-01 9.321024e-02 1.277793e+00
4.939506e-01 1.648634e-01 1.276681e+00
4.940506e-01 4.666716e-02 1.275408e+00
4.941506e-01 6.373865e-02 1.273990e+00
4.942506e-01 1.097272e-01 1.272443e+00
4.943506e-01 2.178304e-02 1.270783e+00
4.944506e-01 -1.631332e-02 1.269026e+00
4.945505e-01 7.589052e-02 1.267188e+00
4.946505e-01 6.196098e-02 1.265285e+00
4.947505e-01 4.709405e-02 1.263332e+00
4.948505e-01 3.866349e-02 1.261346e+00
4.949505e-01 4.484870e-02 1.259344e+00
4.950505e-01 4.601016e-02 1.257340e+00
4.951505e-01 1.422646e-02 1.255352e+00
4.952505e-01 -2.020186e-02 1.253396e+00
4.953505e-01 -5.136490e-02 1.251487e+00
4.954505e-01 1.042914e-01 1.249644e+00
4.955504e-01 2.828236e-02 1.247881e+00
4.956504e-01 -8.317641e-02 1.246215e+00
4.957504e-01 -5.680483e-02 1.244664e+00
4.958504e-01 -5.574068e-02 1.243244e+00
4.959504e-01 -3.883704e-02 1.241971e+00
4.960504e-01 -1.024221e-01 1.240864e+00
4.961504e-01 -9.609446e-02 1.239937e+00
4.962504e-01 -9.025305e-02 1.239209e+00
4.963504e-01 -6.386827e-02 1.238697e+00
4.964504e-01 -1.080435e-01 1.238416e+00
4.965503e-01 -2.450804e-02 1.238385e+00
4.966503e-01 -7.145924e-02 1.238618e+00
4.967503e-01 -9.093995e-02 1.239133e+00
4.968503e-01 -1.048303e-01 1.239946e+00
4.969503e-01 -1.062995e-01 1.241071e+00
4.970503e-01 -1.314003e-01 1.242525e+00
4.971503e-01 -1.774923e-01 1.244320e+00
4.972503e-01 -4.926699e-03 1.246471e+00
4.973503e-01 -9.118879e-02 1.248991e+00
4.974503e-01 -7.476453e-02 1.251890e+00
4.975502e-01 -3.196341e-02 1.255180e+00
4.976502e-01 -6.549250e-02 1.258869e+00
4.977502e-01 -6.133851e-02 1.262966e+00
4.978502e-01 -1.244275e-01 1.267475e+00
4.979502e-01 -8.439453e-02 1.272401e+00
4.980502e-01 -2.000745e-02 1.277747e+00
4.981502e-01 -6.043665e-02 1.283512e+00
4.982502e-01 -1.843975e-02 1.289694e+00
4.983502e-01 -4.157098e-02 1.296288e+00
4.984502e-01 -1.085388e-01 1.303288e+00
4.985501e-01 -1.175296e-01 1.310684e+00
4.986501e-01 -1.149613e-02 1.318464e+00
4.987501e-01 -2.654599e-02 1.326614e+00
4.988501e-01 -1.635939e-02 1.335115e+00
4.989501e-01 -2.850907e-02 1.343948e+00
4.990501e-01 -7.066030e-02 1.353092e+00
4.991501e-01 -1.550953e-01 1.362521e+00
4.992501e-01 1.896651e-03 1.372209e+00
4.993501e-01 1.055857e-02 1.382129e+00
4.994501e-01 -7.832590e-02 1.392248e+00
4.995500e-01 -2.427776e-02 1.402537e+00
4.996500e-01 -4.809193e-02 1.412963e+00
4.997500e-01 -3.924957e-02 1.423492e+00
4.998500e-01 -9.899253e-03 1.434090e+00
4.999500e-01 8.496321e-02 1.444723e+00
5.000500e-01 -2.639438e-02 1.455359e+00
5.001500e-01 4.145404e-02 1.465962e+00
5.002500e-01 -4.697647e-02 1.476502e+00
5.003500e-01 2.648547e-02 1.486946e+00
5.004500e-01 -2.372699e-02 1.497265e+00
5.005499e-01 6.201499e-02 1.507432e+00
5.006499e-01 6.295860e-02 1.517419e+00
5.007499e-01 -2.638800e-02 1.527203e+00
5.008499e-01 3.316790e-02 1.536762e+00
5.009499e-01 4.014192e-02 1.546075e+00
5.010499e-01 7.077686e-02 1.555127e+00
5.011499e-01 4.743179e-02 1.563903e+00
5.012499e-01 5.872672e-02 1.572389e+00
5.013499e-01 1.426315e-01 1.580576e+00
5.014499e-01 1.363378e-01 1.588456e+00
5.015498e-01 7.833927e-02 1.596024e+00
5.016498e-01 -6.495179e-04 1.603277e+00
5.017498e-01 7.412509e-02 1.610212e+00
5.018498e-01 6.143545e-02 1.616832e+00
5.019498e-01 1.706778e-02 1.623138e+00
5.020498e-01 8.403685e-02 1.629134e+00
5.021498e-01 7.038351e-02 1.634825e+00
5.022498e-01 1.204557e-01 1.640218e+00
5.023498e-01 8.298572e-02 1.645320e+00
5.024498e-01 9.796374e-02 1.650140e+00
5.025497e-01 9.847826e-02 1.654687e+00
5.026497e-01 9.728042e-02 1.658972e+00
5.027497e-01 6.989938e-02 1.663004e+00
5.028497e-01 1.159903e-01 1.666794e+00
5.029497e-01 7.793825e-02 1.670354e+00
5.030497e-01 7.821050e-02 1.673695e+00
5.031497e-01 1.126721e-02 1.676829e+00
5.032497e-01 1.399847e-01 1.679767e+00
5.033497e-01 6.798593e-02 1.682521e+00
5.034497e-01 9.450638e-02 1.685101e+00
5.035496e-01 5.781379e-02 1.687520e+00
5.036496e-01 1.469217e-02 1.689787e+00
5.037496e-01 7.040161e-02 1.691914e+00
5.038496e-01 -1.137343e-02 1.693911e+00
5.039496e-01 3.027912e-02 1.695788e+00
5.040496e-01 -2.659812e-02 1.697554e+00
5.041496e-01 5.070242e-02 1.699220e+00
5.042496e-01 -2.198347e-02 1.700794e+00
5.043496e-01 1.219038e-02 1.702284e+00
5.044496e-01 -4.595706e-02 1.703699e+00
5.045495e-01 9.623821e-04 1.705047e+00
5.046495e-01 -4.385755e-02 1.706335e+00
5.047495e-01 -1.389328e-01 1.707570e+00
5.048495e-01 -3.089675e-02 1.708758e+00
5.049495e-01 -2.727381e-02 1.709907e+00
5.050495e-01 -2.389693e-02 1.711021e+00
5.051495e-01 -1.730213e-02 1.712107e+00
5.052495e-01 6.442254e-02 1.713170e+00
5.053495e-01 -5.108774e-02 1.714215e+00
5.054495e-01 -6.730671e-02 1.715245e+00
5.055494e-01 -1.163034e-01 1.716267e+00
5.056494e-01 -2.453731e-02 1.717282e+00
5.057494e-01 -1.192805e-01 1.718296e+00
5.058494e-01 -2.245961e-02 1.719312e+00
5.059494e-01 3.825481e-03 1.720332e+00
5.060494e-01 -1.253916e-01 1.721359e+00
5.061494e-01 -2.148927e-02 1.722397e+00
5.062494e-01 -1.177963e-01 1.723448e+00
5.063494e-01 -1.499925e-01 1.724513e+00
5.064494e-01 -8.072479e-02 1.725595e+00
5.065493e-01 -1.501094e-01 1.726695e+00
5.066493e-01 -1.216298e-01 1.727816e+00
5.067493e-01 -8.294147e-02 1.728958e+00
5.068493e-01 -1.724019e-01 1.730124e+00
5.069493e-01 -2.764994e-01 1.731313e+00
5.070493e-01 -1.048286e-01 1.732526e+00
5.071493e-01 -1.444517e-01 1.733766e+00
5.072493e-01 -9.959283e-02 1.735031e+00
5.073493e-01 -2.586788e-01 1.736324e+00
5.074493e-01 -1.839055e-01 1.737643e+00
5.075492e-01 -1.776019e-01 1.738990e+00
5.076492e-01 -1.335047e-01 1.740364e+00
5.077492e-01 -1.253564e-01 1.741766e+00
5.078492e-01 -2.842469e-01 1.743196e+00
5.079492e-01 -1.926373e-01 1.744653e+00
5.080492e-01 -1.076649e-01 1.746138e+00
5.081492e-01 -1.166483e-01 1.747649e+00
5.082492e-01 -1.446839e-01 1.749188e+00
5.083492e-01 -8.788312e-02 1.750752e+00
5.084492e-01 -1.332941e-01 1.752342e+00
5.085491e-01 -1.474685e-01 1.753958e+00
5.086491e-01 -1.656102e-01 1.755598e+00
5.087491e-01 -1.283188e-01 1.757262e+00
5.088491e-01 -5.068580e-02 1.758950e+00
5.089491e-01 -1.592326e-01 1.760660e+00
5.090491e-01 -1.571709e-01 1.762392e+00
5.091491e-01 -1.254036e-01 1.764145e+00
5.092491e-01 -1.017626e-01 1.765918e+00
5.093491e-01 -1.107858e-01 1.767711e+00
5.094491e-01 -9.423675e-02 1.769523e+00
5.095490e-01 -1.121885e-01 1.771352e+00
5.096490e-01 -1.069285e-01 1.773199e+00
5.097490e-01 -6.369658e-02 1.775061e+00
5.098490e-01 -1.454507e-01 1.776939e+00
5.099490e-01 -6.928444e-02 1.778831e+00
5.100490e-01 -2.880556e-03 1.780736e+00
5.101490e-01 -7.783693e-02 1.782654e+00
5.102490e-01 -5.637181e-02 1.784583e+00
5.103490e-01 -4.596305e-02 1.786524e+00
5.104490e-01 -2.707744e-02 1.788475e+00
5.105489e-01 -6.229017e-02 1.790434e+00
5.106489e-01 -1.884316e-02 1.792403e+00
5.107489e-01 -3.200063e-02 1.794379e+00
5.108489e-01 2.891694e-02 1.796362e+00
5.109489e-01 -4.035466e-03 1.798351e+00
5.110489e-01 -1.102819e-01 1.800345e+00
5.111489e-01 -3.931985e-02 1.802345e+00
5.112489e-01 -2.988649e-02 1.804349e+00
5.113489e-01 -8.695392e-02 1.806357e+00
5.114489e-01 7.071220e-02 1.808368e+00
5.115488e-01 4.598881e-02 1.810381e+00
5.116488e-01 5.980168e-02 1.812397e+00
5.117488e-01 5.975029e-02 1.814415e+00
5.118488e-01 2.070218e-03 1.816434e+00
5.119488e-01 -4.625481e-02 1.818454e+00
5.120488e-01 -1.830311e-03 1.820476e+00
5.121488e-01 6.533188e-02 1.822498e+00
5.122488e-01 -7.380336e-02 1.824520e+00
5.123488e-01 5.473964e-02 1.826543e+00
5.124488e-01 4.068875e-02 1.828567e+00
5.125487e-01 -2.375410e-02 1.830590e+00
5.126487e-01 7.869530e-02 1.832614e+00
5.127487e-01 6.931443e-02 1.834639e+00
5.128487e-01 -2.723321e-03 1.836664e+00
5.129487e-01 -1.932708e-02 1.838690e+00
5.130487e-01 -1.822595e-02 1.840717e+00
5.131487e-01 -2.496609e-02 1.842745e+00
5.132487e-01 -1.485046e-02 1.844775e+00
5.133487e-01 4.933194e-02 1.846807e+00
5.134487e-01 6.450657e-02 1.848842e+00
5.135486e-01 -2.694421e-03 1.850879e+00
5.136486e-01 4.164836e-02 1.852920e+00
5.137486e-01 -4.972741e-03 1.854966e+00
5.138486e-01 -1.246060e-01 1.857016e+00
5.139486e-01 -1.218228e-01 1.859071e+00
5.140486e-01 -4.829395e-02 1.861133e+00
5.141486e-01 -1.246309e-01 1.863201e+00
5.142486e-01 -6.822685e-02 1.865277e+00
5.143486e-01 -1.029703e-02 1.867362e+00
5.144486e-01 1.663242e-02 1.869455e+00
5.145485e-01 -1.510649e-01 1.871559e+00
5.146485e-01 -7.026521e-02 1.873674e+00
5.147485e-01 -1.427673e-01 1.875800e+00
5.148485e-01 1.195957e-02 1.877939e+00
5.149485e-01 -5.919943e-02 1.880092e+00
5.150485e-01 -6.888041e-02 1.882259e+00
5.151485e-01 -1.263534e-01 1.884442e+00
5.152485e-01 -6.548863e-02 1.886641e+00
5.153485e-01 -1.042974e-01 1.888857e+00
5.154485e-01 -1.498063e-01 1.891091e+00
5.155484e-01 -2.305594e-01 1.893345e+00
5.156484e-01 -1.481304e-01 1.895618e+00
5.157484e-01 -9.664115e-02 1.897912e+00
5.158484e-01 -9.047904e-02 1.900227e+00
5.159484e-01 -2.185813e-01 1.902565e+00
5.160484e-01 -2.732807e-01 1.904925e+00
5.161484e-01 -2.206186e-01 1.907309e+00
5.162484e-01 -1.270767e-01 1.909718e+00
5.163484e-01 -1.698162e-01 1.912151e+00
5.164484e-01 -1.575108e-01 1.914610e+00
5.165483e-01 -2.227101e-01 1.917095e+00
5.166483e-01 -2.539087e-01 1.919606e+00
5.167483e-01 -2.273308e-01 1.922143e+00
5.168483e-01 -2.040110e-01 1.924708e+00
5.169483e-01 -2.106276e-01 1.927299e+00
5.170483e-01 -1.712091e-01 1.929918e+00
5.171483e-01 -1.915282e-01 1.932564e+00
5.172483e-01 -1.563173e-01 1.935237e+00
5.173483e-01 -2.112163e-01 1.937937e+00
5.174483e-01 -1.587693e-01 1.940664e+00
5.175482e-01 -2.853787e-01 1.943417e+00
5.176482e-01 -1.219352e-01 1.946196e+00
5.177482e-01 -1.525541e-01 1.949001e+00
5.178482e-01 -2.130318e-01 1.951830e+00
5.179482e-01 -2.169136e-01 1.954684e+00
5.180482e-01 -2.035833e-01 1.957561e+00
5.181482e-01 -2.835768e-01 1.960460e+00
5.182482e-01 -1.019786e-01 1.963381e+00
5.183482e-01 -2.265598e-01 1.966322e+00
5.184482e-01 -1.618825e-01 1.969282e+00
5.185481e-01 -2.084277e-01 1.972260e+00
5.186481e-01 -1.588855e-01 1.975254e+00
5.187481e-01 -1.934607e-01 1.978264e+00
5.188481e-01 -2.201203e-01 1.981287e+00
5.189481e-01 -1.326462e-01 1.984321e+00
5.190481e-01 -1.677115e-01 1.987366e+00
5.191481e-01 -1.980468e-01 1.990420e+00
5.192481e-01 -2.061601e-01 1.993480e+00
5.193481e-01 -2.462974e-01 1.996545e+00
5.194481e-01 -7.274199e-02 1.999613e+00
5.195480e-01 -2.725726e-02 2.002681e+00
5.196480e-01 -1.479661e-01 2.005749e+00
5.197480e-01 -1.002023e-01 2.008814e+00
5.198480e-01 -1.584872e-01 2.011873e+00
5.199480e-01 -1.509070e-01 2.014926e+00
5.200480e-01 -2.028645e-01 2.017969e+00
5.201480e-01 -8.491480e-02 2.021001e+00
5.202480e-01 -1.468679e-01 2.024020e+00
5.203480e-01 -1.224744e-01 2.027024e+00
5.204480e-01 -7.727801e-02 2.030011e+00
5.205479e-01 -7.855974e-02 2.032978e+00
5.206479e-01 -1.051312e-01 2.035925e+00
5.207479e-01 -1.385024e-01 2.038849e+00
5.208479e-01 -9.189845e-02 2.041747e+00
5.209479e-01 -6.735724e-02 2.044620e+00
5.210479e-01 -6.141730e-02 2.047465e+00
5.211479e-01 -8.557197e-02 2.050279e+00
5.212479e-01 -6.833157e-02 2.053063e+00
5.213479e-01 6.115552e-03 2.055815e+00
5.214479e-01 -7.875585e-02 2.058532e+00
5.215478e-01 -8.618216e-02 2.061215e+00
5.216478e-01 -8.646257e-02 2.063861e+00
5.217478e-01 -1.128214e-01 2.066471e+00
5.218478e-01 -6.152825e-02 2.069042e+00
5.219478e-01 -1.141633e-02 2.071576e+00
5.220478e-01 -1.086000e-01 2.074069e+00
5.221478e-01 -6.579296e-02 2.076524e+00
5.222478e-01 -6.851050e-02 2.078938e+00
5.223478e-01 -5.371929e-02 2.081312e+00
5.224478e-01 -3.507085e-02 2.083645e+00
5.225477e-01 -8.638567e-02 2.085938e+00
5.226477e-01 4.986761e-02 2.088191e+00
5.227477e-01 -6.944913e-02 2.090404e+00
5.228477e-01 1.287845e-02 2.092577e+00
5.229477e-01 2.108276e-02 2.094711e+00
5.230477e-01 -3.400299e-02 2.096807e+00
5.231477e-01 -1.008887e-01 2.098865e+00
5.232477e-01 -1.240640e-01 2.100886e+00
5.233477e-01 -3.461011e-02 2.102872e+00
5.234477e-01 -1.616729e-01 2.104823e+00
5.235476e-01 9.042722e-05 2.106740e+00
5.236476e-01 2.586792e-02 2.108624e+00
5.237476e-01 -7.899264e-02 2.110478e+00
5.238476e-01 -6.300298e-02 2.112302e+00
5.239476e-01 -1.362262e-01 2.114098e+00
5.240476e-01 -1.227641e-01 2.115868e+00
5.241476e-01 -1.296587e-01 2.117613e+00
5.242476e-01 -6.056133e-02 2.119334e+00
5.243476e-01 -9.160926e-02 2.121034e+00
5.244476e-01 -1.307753e-01 2.122715e+00
5.245475e-01 -1.987211e-01 2.124377e+00
5.246475e-01 -1.028874e-01 2.126024e+00
5.247475e-01 -6.500321e-02 2.127656e+00
5.248475e-01 -9.130471e-02 2.129276e+00
5.249475e-01 -2.127030e-01 2.130886e+00
5.250475e-01 -2.226451e-01 2.132487e+00
5.251475e-01 -1.142140e-01 2.134081e+00
5.252475e-01 -2.111611e-01 2.135671e+00
5.253475e-01 -1.160069e-01 2.137257e+00
5.254475e-01 -2.212714e-01 2.138843e+00
5.255474e-01 -2.455601e-01 2.140429e+00
5.256474e-01 -1.952505e-01 2.142017e+00
5.257474e-01 -1.688523e-01 2.143610e+00
5.258474e-01 -1.873081e-01 2.145207e+00
5.259474e-01 -2.060068e-01 2.146812e+00
5.260474e-01 -2.272838e-01 2.148426e+00
5.261474e-01 -2.837601e-01 2.150049e+00
5.262474e-01 -2.224519e-01 2.151684e+00
5.263474e-01 -3.478127e-01 2.153332e+00
5.264474e-01 -2.586753e-01 2.154993e+00
5.265473e-01 -2.471393e-01 2.156669e+00
5.266473e-01 -3.041184e-01 2.158361e+00
5.267473e-01 -2.855407e-01 2.160069e+00
5.268473e-01 -2.028722e-01 2.161795e+00
5.269473e-01 -2.255382e-01 2.163539e+00
5.270473e-01 -3.767318e-01 2.165301e+00
5.271473e-01 -2.701544e-01 2.167082e+00
5.272473e-01 -2.988177e-01 2.168883e+00
5.273473e-01 -2.301664e-01 2.170703e+00
5.274473e-01 -3.404466e-01 2.172542e+00
5.275472e-01 -2.778542e-01 2.174400e+00
5.276472e-01 -1.865747e-01 2.176278e+00
5.277472e-01 -2.010012e-01 2.178175e+00
5.278472e-01 -2.538458e-01 2.180089e+00
5.279472e-01 -3.513447e-01 2.182022e+00
5.280472e-01 -1.956404e-01 2.183971e+00
5.281472e-01 -2.342708e-01 2.185936e+00
5.282472e-01 -2.904964e-01 2.187917e+00
5.283472e-01 -2.921325e-01 2.189911e+00
5.284472e-01 -2.362965e-01 2.191918e+00
5.285471e-01 -2.854481e-01 2.193936e+00
5.286471e-01 -2.897410e-01 2.195964e+00
5.287471e-01 -2.694369e-01 2.198000e+00
5.288471e-01 -1.846141e-01 2.200042e+00
5.289471e-01 -2.162719e-01 2.202088e+00
5.290471e-01 -2.110927e-01 2.204137e+00
5.291471e-01 -2.556558e-01 2.206187e+00
5.292471e-01 -2.239962e-01 2.208234e+00
5.293471e-01 -2.539336e-01 2.210277e+00
5.294471e-01 -1.174950e-01 2.212314e+00
5.295470e-01 -3.102940e-01 2.214341e+00
5.296470e-01 -1.778015e-01 2.216357e+00
5.297470e-01 -1.316268e-01 2.218359e+00
5.298470e-01 -2.484756e-01 2.220343e+00
5.299470e-01 -3.338340e-01 2.222308e+00
5.300470e-01 -1.739533e-01 2.224250e+00
5.301470e-01 -1.171026e-01 2.226167e+00
5.302470e-01 -1.797564e-01 2.228056e+00
5.303470e-01 -1.143926e-01 2.229913e+00
5.304470e-01 -1.836867e-01 2.231736e+00
5.305469e-01 -1.687799e-01 2.233523e+00
5.306469e-01 -2.021836e-01 2.235270e+00
5.307469e-01 -8.895294e-02 2.236974e+00
5.308469e-01 -1.479406e-01 2.238633e+00
5.309469e-01 -5.584369e-02 2.240243e+00
5.310469e-01 -1.369195e-01 2.241803e+00
5.311469e-01 -3.350767e-02 2.243310e+00
5.312469e-01 -1.519532e-01 2.244761e+00
5.313469e-01 -1.082794e-02 2.246153e+00
5.314469e-01 -4.732783e-02 2.247485e+00
5.315468e-01 -1.314522e-01 2.248754e+00
5.316468e-01 -6.230651e-02 2.249959e+00
5.317468e-01 -7.524138e-02 2.251098e+00
5.318468e-01 -1.422249e-01 2.252168e+00
5.319468e-01 -1.045743e-01 2.253169e+00
5.320468e-01 -1.786984e-01 2.254100e+00
5.321468e-01 -1.932562e-01 2.254958e+00
5.322468e-01 -3.581252e-02 2.255744e+00
5.323468e-01 -1.079160e-01 2.256457e+00
5.324468e-01 -3.426815e-02 2.257096e+00
5.325467e-01 -8.026490e-02 2.257662e+00
5.326467e-01 -5.289812e-02 2.258155e+00
5.327467e-01 -9.000719e-02 2.258574e+00
5.328467e-01 -1.354545e-01 2.258921e+00
5.329467e-01 -6.552733e-02 2.259197e+00
5.330467e-01 -1.794823e-01 2.259403e+00
5.331467e-01 -1.454296e-01 2.259540e+00
5.332467e-01 -4.651358e-02 2.259611e+00
5.333467e-01 -1.810517e-01 2.259617e+00
5.334467e-01 -8.345328e-02 2.259560e+00
5.335466e-01 -8.606523e-02 2.259443e+00
5.336466e-01 -1.285860e-01 2.259270e+00
5.337466e-01 -1.363106e-01 2.259042e+00
5.338466e-01 -1.961385e-01 2.258764e+00
5.339466e-01 -3.834534e-02 2.258439e+00
5.340466e-01 -9.602173e-02 2.258070e+00
5.341466e-01 -1.370649e-01 2.257662e+00
5.342466e-01 -2.446463e-01 2.257218e+00
5.343466e-01 -1.506840e-01 2.256743e+00
5.344466e-01 -1.929650e-01 2.256242e+00
5.345465e-01 -1.185030e-01 2.255718e+00
5.346465e-01 -2.630286e-01 2.255177e+00
5.347465e-01 -2.616671e-01 2.254623e+00
5.348465e-01 -2.376424e-01 2.254062e+00
5.349465e-01 -2.154738e-01 2.253496e+00
5.350465e-01 -1.554115e-01 2.252933e+00
5.351465e-01 -2.965490e-01 2.252376e+00
5.352465e-01 -2.919256e-01 2.251830e+00
5.353465e-01 -2.470597e-01 2.251301e+00
5.354465e-01 -2.489093e-01 2.250792e+00
5.355464e-01 -1.711411e-01 2.250309e+00
5.356464e-01 -2.911049e-01 2.249855e+00
5.357464e-01 -2.627424e-01 2.249437e+00
5.358464e-01 -3.328841e-01 2.249056e+00
5.359464e-01 -2.852310e-01 2.248719e+00
5.360464e-01 -3.832748e-01 2.248428e+00
5.361464e-01 -3.197675e-01 2.248188e+00
5.362464e-01 -3.241212e-01 2.248002e+00
5.363464e-01 -2.882594e-01 2.247873e+00
5.364464e-01 -2.272120e-01 2.247805e+00
5.365463e-01 -3.633575e-01 2.247801e+00
5.366463e-01 -1.948675e-01 2.247862e+00
5.367463e-01 -3.423101e-01 2.247992e+00
5.368463e-01 -3.323752e-01 2.248193e+00
5.369463e-01 -3.558688e-01 2.248467e+00
5.370463e-01 -3.212443e-01 2.248815e+00
5.371463e-01 -3.141678e-01 2.249239e+00
5.372463e-01 -3.110864e-01 2.249740e+00
5.373463e-01 -2.953564e-01 2.250319e+00
5.374463e-01 -2.381207e-01 2.250977e+00
5.375462e-01 -3.798868e-01 2.251714e+00
5.376462e-01 -3.507389e-01 2.252530e+00
5.377462e-01 -3.066312e-01 2.253426e+00
5.378462e-01 -3.016649e-01 2.254401e+00
5.379462e-01 -3.975907e-01 2.255456e+00
5.380462e-01 -2.258906e-01 2.256588e+00
5.381462e-01 -3.539764e-01 2.257798e+00
5.382462e-01 -3.126360e-01 2.259085e+00
5.383462e-01 -3.507572e-01 2.260446e+00
5.384462e-01 -3.247137e-01 2.261882e+00
5.385461e-01 -3.279474e-01 2.263391e+00
5.386461e-01 -3.732999e-01 2.264970e+00
5.387461e-01 -3.179574e-01 2.266619e+00
5.388461e-01 -3.992648e-01 2.268335e+00
5.389461e-01 -2.456643e-01 2.270117e+00
5.390461e-01 -2.296454e-01 2.271962e+00
5.391461e-01 -4.090924e-01 2.273868e+00
5.392461e-01 -2.866050e-01 2.275833e+00
5.393461e-01 -1.918421e-01 2.277855e+00
5.394461e-01 -3.106414e-01 2.279931e+00
5.395460e-01 -2.155041e-01 2.282059e+00
5.396460e-01 -2.956099e-01 2.284237e+00
5.397460e-01 -1.976129e-01 2.286461e+00
5.398460e-01 -3.211469e-01 2.288731e+00
5.399460e-01 -2.665268e-01 2.291042e+00
5.400460e-01 -2.174842e-01 2.293393e+00
5.401460e-01 -2.761311e-01 2.295781e+00
5.402460e-01 -2.441254e-01 2.298203e+00
5.403460e-01 -2.329486e-01 2.300658e+00
5.404460e-01 -2.001708e-01 2.303142e+00
5.405459e-01 -2.410462e-01 2.305653e+00
5.406459e-01 -1.635234e-01 2.308189e+00
5.407459e-01 -2.346636e-01 2.310748e+00
5.408459e-01 -1.695193e-01 2.313327e+00
5.409459e-01 -2.571249e-01 2.315923e+00
5.410459e-01 -1.597320e-01 2.318536e+00
5.411459e-01 -2.401911e-01 2.321161e+00
5.412459e-01 -1.777723e-01 2.323798e+00
5.413459e-01 -1.941294e-01 2.326445e+00
5.414459e-01 -1.925713e-01 2.329098e+00
5.415458e-01 -2.362180e-01 2.331757e+00
5.416458e-01 -1.723959e-01 2.334419e+00
5.417458e-01 -1.410778e-01 2.337084e+00
5.418458e-01 -1.220848e-01 2.339748e+00
5.419458e-01 -1.644547e-01 2.342410e+00
5.420458e-01 -2.836636e-01 2.345069e+00
5.421458e-01 -1.465882e-01 2.347723e+00
5.422458e-01 -5.099347e-02 2.350371e+00
5.423458e-01 -1.248461e-01 2.353012e+00
5.424458e-01 -1.373624e-01 2.355643e+00
5.425457e-01 -1.412729e-01 2.358264e+00
5.426457e-01 -2.260274e-01 2.360874e+00
5.427457e-01 -1.827226e-01 2.363472e+00
5.428457e-01 -2.352436e-01 2.366055e+00
5.429457e-01 -1.533183e-01 2.368625e+00
5.430457e-01 -1.934513e-01 2.371179e+00
5.431457e-01 -1.440658e-01 2.373717e+00
5.432457e-01 -2.395746e-01 2.376237e+00
5.433457e-01 -1.128279e-01 2.378741e+00
5.434457e-01 -1.457262e-01 2.381225e+00
5.435456e-01 -2.256508e-01 2.383691e+00
5.436456e-01 -1.685343e-01 2.386138e+00
5.437456e-01 -2.130677e-01 2.388564e+00
5.438456e-01 -2.200439e-01 2.390971e+00
5.439456e-01 -1.690611e-01 2.393357e+00
5.440456e-01 -2.571697e-01 2.395721e+00
5.441456e-01 -1.565126e-01 2.398065e+00
5.442456e-01 -2.297969e-01 2.400387e+00
5.443456e-01 -2.744800e-01 2.402688e+00
5.444456e-01 -2.283605e-01 2.404967e+00
5.445455e-01 -2.265709e-01 2.407225e+00
5.446455e-01 -2.312612e-01 2.409461e+00
5.447455e-01 -2.869591e-01 2.411675e+00
5.448455e-01 -2.615748e-01 2.413868e+00
5.449455e-01 -3.202270e-01 2.416039e+00
5.450455e-01 -1.880598e-01 2.418189e+00
5.451455e-01 -3.395254e-01 2.420318e+00
5.452455e-01 -3.348971e-01 2.422426e+00
5.453455e-01 -3.186097e-01 2.424513e+00
5.454455e-01 -3.017356e-01 2.426580e+00
5.455454e-01 -3.889203e-01 2.428627e+00
5.456454e-01 -3.603953e-01 2.430655e+00
5.457454e-01 -3.213937e-01 2.432663e+00
5.458454e-01 -3.085943e-01 2.434652e+00
5.459454e-01 -3.580351e-01 2.436622e+00
5.460454e-01 -3.763657e-01 2.438574e+00
5.461454e-01 -3.975048e-01 2.440509e+00
5.462454e-01 -4.465795e-01 2.442426e+00
5.463454e-01 -3.423022e-01 2.444327e+00
5.464454e-01 -3.647584e-01 2.446211e+00
5.465453e-01 -4.012128e-01 2.448080e+00
5.466453e-01 -4.275919e-01 2.449933e+00
5.467453e-01 -3.397697e-01 2.451772e+00
5.468453e-01 -3.763335e-01 2.453596e+00
5.469453e-01 -3.331891e-01 2.455407e+00
5.470453e-01 -4.111711e-01 2.457204e+00
5.471453e-01 -4.074201e-01 2.458989e+00
5.472453e-01 -4.262668e-01 2.460763e+00
5.473453e-01 -4.180109e-01 2.462524e+00
5.474453e-01 -3.474729e-01 2.464275e+00
5.475452e-01 -2.748923e-01 2.466015e+00
5.476452e-01 -3.337758e-01 2.467746e+00
5.477452e-01 -4.973295e-01 2.469468e+00
5.478452e-01 -2.531789e-01 2.471180e+00
5.479452e-01 -4.031092e-01 2.472885e+00
5.480452e-01 -3.464577e-01 2.474582e+00
5.481452e-01 -3.844196e-01 2.476272e+00
5.482452e-01 -3.138259e-01 2.477956e+00
5.483452e-01 -3.807863e-01 2.479633e+00
5.484452e-01 -4.438147e-01 2.481305e+00
5.485451e-01 -3.427433e-01 2.482972e+00
5.486451e-01 -4.571825e-01 2.484634e+00
5.487451e-01 -3.826404e-01 2.486293e+00
5.488451e-01 -3.114399e-01 2.487948e+00
5.489451e-01 -3.409968e-01 2.489599e+00
5.490451e-01 -3.974919e-01 2.491248e+00
5.491451e-01 -3.205200e-01 2.492895e+00
5.492451e-01 -2.661163e-01 2.494540e+00
5.493451e-01 -3.418489e-01 2.496183e+00
5.494451e-01 -3.240614e-01 2.497825e+00
5.495450e-01 -3.442798e-01 2.499467e+00
5.496450e-01 -2.959826e-01 2.501108e+00
5.497450e-01 -3.565973e-01 2.502749e+00
5.498450e-01 -4.020074e-01 2.504390e+00
5.499450e-01 -3.105167e-01 2.506031e+00
5.500450e-01 -2.589110e-01 2.507673e+00
5.501450e-01 -3.838241e-01 2.509317e+00
5.502450e-01 -3.499494e-01 2.510961e+00
5.503450e-01 -2.959054e-01 2.512606e+00
5.504450e-01 -2.805981e-01 2.514254e+00
5.505449e-01 -2.923152e-01 2.515902e+00
5.506449e-01 -2.390623e-01 2.517553e+00
5.507449e-01 -2.216260e-01 2.519205e+00
5.508449e-01 -2.177354e-01 2.520860e+00
5.509449e-01 -2.943261e-01 2.522516e+00
5.510449e-01 -2.555683e-01 2.524175e+00
5.511449e-01 -2.110233e-01 2.525835e+00
5.512449e-01 -3.348816e-01 2.527498e+00
5.513449e-01 -2.857150e-01 2.529163e+00
5.514449e-01 -3.248377e-01 2.530829e+00
5.515448e-01 -3.014435e-01 2.532497e+00
5.516448e-01 -1.934351e-01 2.534168e+00
5.517448e-01 -2.571281e-01 2.535839e+00
5.518448e-01 -2.554538e-01 2.537512e+00
5.519448e-01 -3.008772e-01 2.539187e+00
5.520448e-01 -2.290528e-01 2.540862e+00
5.521448e-01 -3.192223e-01 2.542538e+00
5.522448e-01 -2.419384e-01 2.544215e+00
5.523448e-01 -2.881455e-01 2.545892e+00
5.524448e-01 -2.670630e-01 2.547569e+00
5.525447e-01 -2.072011e-01 2.549245e+00
5.526447e-01 -1.998647e-01 2.550920e+00
5.527447e-01 -2.255398e-01 2.552595e+00
5.528447e-01 -2.095360e-01 2.554267e+00
5.529447e-01 -1.876880e-01 2.555938e+00
5.530447e-01 -2.060678e-01 2.557606e+00
5.531447e-01 -2.096623e-01 2.559271e+00
5.532447e-01 -2.836437e-01 2.560932e+00
5.533447e-01 -3.102567e-01 2.562590e+00
5.534447e-01 -2.154182e-01 2.564243e+00
5.535446e-01 -2.588894e-01 2.565890e+00
5.536446e-01 -3.133184e-01 2.567532e+00
5.537446e-01 -2.148282e-01 2.569167e+00
5.538446e-01 -3.209796e-01 2.570795e+00
5.539446e-01 -2.580048e-01 2.572415e+00
5.540446e-01 -2.575575e-01 2.574027e+00
5.541446e-01 -3.211989e-01 2.575630e+00
5.542446e-01 -3.749148e-01 2.577222e+00
5.543446e-01 -2.990348e-01 2.578804e+00
5.544446e-01 -3.498855e-01 2.580375e+00
5.545445e-01 -3.741919e-01 2.581933e+00
5.546445e-01 -3.525751e-01 2.583478e+00
5.547445e-01 -3.337020e-01 2.585009e+00
5.548445e-01 -2.456450e-01 2.586525e+00
5.549445e-01 -3.387995e-01 2.588026e+00
5.550445e-01 -3.306824e-01 2.589510e+00
5.551445e-01 -3.996613e-01 2.590976e+00
5.552445e-01 -3.814672e-01 2.592424e+00
5.553445e-01 -3.707553e-01 2.593853e+00
5.554445e-01 -2.778883e-01 2.595262e+00
5.555444e-01 -3.943715e-01 2.596649e+00
5.556444e-01 -5.025403e-01 2.598014e+00
5.557444e-01 -3.287543e-01 2.599356e+00
5.558444e-01 -4.077518e-01 2.600674e+00
5.559444e-01 -4.347556e-01 2.601967e+00
5.560444e-01 -4.657714e-01 2.603233e+00
5.561444e-01 -3.295558e-01 2.604472e+00
5.562444e-01 -4.347040e-01 2.605683e+00
5.563444e-01 -4.734012e-01 2.606865e+00
5.564444e-01 -5.174040e-01 2.608016e+00
5.565443e-01 -4.892787e-01 2.609136e+00
5.566443e-01 -3.827651e-01 2.610223e+00
5.567443e-01 -5.685291e-01 2.611277e+00
5.568443e-01 -4.724461e-01 2.612297e+00
5.569443e-01 -4.193022e-01 2.613281e+00
5.570443e-01 -3.589476e-01 2.614228e+00
5.571443e-01 -4.404731e-01 2.615137e+00
5.572443e-01 -4.367626e-01 2.616008e+00
5.573443e-01 -4.314336e-01 2.616839e+00
5.574443e-01 -5.086673e-01 2.617629e+00
5.575442e-01 -5.342455e-01 2.618378e+00
5.576442e-01 -4.405075e-01 2.619083e+00
5.577442e-01 -4.420796e-01 2.619745e+00
5.578442e-01 -4.594244e-01 2.620361e+00
5.579442e-01 -4.083225e-01 2.620932e+00
5.580442e-01 -4.303751e-01 2.621456e+00
5.581442e-01 -4.776902e-01 2.621932e+00
5.582442e-01 -4.659479e-01 2.622359e+00
5.583442e-01 -4.117327e-01 2.622737e+00
5.584442e-01 -4.102497e-01 2.623064e+00
5.585441e-01 -3.941220e-01 2.623340e+00
5.586441e-01 -4.983810e-01 2.623563e+00
5.587441e-01 -4.366297e-01 2.623733e+00
5.588441e-01 -4.564648e-01 2.623849e+00
5.589441e-01 -4.527859e-01 2.623911e+00
5.590441e-01 -4.143539e-01 2.623917e+00
5.591441e-01 -3.693596e-01 2.623867e+00
5.592441e-01 -4.077459e-01 2.623759e+00
5.593441e-01 -3.815097e-01 2.623595e+00
5.594441e-01 -3.213261e-01 2.623372e+00
5.595440e-01 -3.130838e-01 2.623090e+00
5.596440e-01 -4.804592e-01 2.622749e+00
5.597440e-01 -3.748170e-01 2.622349e+00
5.598440e-01 -3.182602e-01 2.621888e+00
5.599440e-01 -4.419234e-01 2.621367e+00
5.600440e-01 -3.742024e-01 2.620785e+00
5.601440e-01 -3.823488e-01 2.620142e+00
5.602440e-01 -3.682001e-01 2.619437e+00
5.603440e-01 -3.106289e-01 2.618672e+00
5.604440e-01 -3.001069e-01 2.617844e+00
5.605439e-01 -3.114074e-01 2.616955e+00
5.606439e-01 -3.208444e-01 2.616005e+00
5.607439e-01 -3.472749e-01 2.614993e+00
5.608439e-01 -3.500982e-01 2.613920e+00
5.609439e-01 -3.424956e-01 2.612786e+00
5.610439e-01 -3.208758e-01 2.611592e+00
5.611439e-01 -3.377902e-01 2.610338e+00
5.612439e-01 -3.284273e-01 2.609024e+00
5.613439e-01 -3.144188e-01 2.607651e+00
5.614439e-01 -3.606594e-01 2.606221e+00
5.615438e-01 -2.955011e-01 2.604733e+00
5.616438e-01 -2.916794e-01 2.603189e+00
5.617438e-01 -3.116187e-01 2.601590e+00
5.618438e-01 -3.108782e-01 2.599936e+00
5.619438e-01 -2.382487e-01 2.598231e+00
5.620438e-01 -3.916658e-01 2.596474e+00
5.621438e-01 -2.420396e-01 2.594667e+00
5.622438e-01 -3.185730e-01 2.592813e+00
5.623438e-01 -1.275821e-01 2.590913e+00
5.624438e-01 -3.584185e-01 2.588969e+00
5.625437e-01 -2.255622e-01 2.586983e+00
5.626437e-01 -2.489305e-01 2.584958e+00
5.627437e-01 -2.817508e-01 2.582897e+00
5.628437e-01 -3.172181e-01 2.580801e+00
5.629437e-01 -3.536795e-01 2.578674e+00
5.630437e-01 -4.190827e-01 2.576518e+00
5.631437e-01 -3.392153e-01 2.574338e+00
5.632437e-01 -3.632066e-01 2.572137e+00
5.633437e-01 -2.960099e-01 2.569918e+00
5.634437e-01 -3.240587e-01 2.567686e+00
5.635436e-01 -3.654664e-01 2.565443e+00
5.636436e-01 -2.946786e-01 2.563196e+00
5.637436e-01 -3.562322e-01 2.560948e+00
5.638436e-01 -3.047578e-01 2.558704e+00
5.639436e-01 -4.088471e-01 2.556470e+00
5.640436e-01 -3.999584e-01 2.554250e+00
5.641436e-01 -2.632278e-01 2.552051e+00
5.642436e-01 -3.240103e-01 2.549878e+00
5.643436e-01 -2.656666e-01 2.547737e+00
5.644436e-01 -3.261775e-01 2.545636e+00
5.645435e-01 -3.201823e-01 2.543580e+00
5.646435e-01 -3.824206e-01 2.541576e+00
5.647435e-01 -3.907541e-01 2.539632e+00
5.648435e-01 -3.944146e-01 2.537755e+00
5.649435e-01 -3.433003e-01 2.535954e+00
5.650435e-01 -4.593838e-01 2.534235e+00
5.651435e-01 -3.724836e-01 2.532609e+00
5.652435e-01 -4.795344e-01 2.531082e+00
5.653435e-01 -4.391938e-01 2.529664e+00
5.654435e-01 -4.270694e-01 2.528364e+00
5.655434e-01 -3.682217e-01 2.527192e+00
5.656434e-01 -4.408820e-01 2.526156e+00
5.657434e-01 -4.339217e-01 2.525267e+00
5.658434e-01 -5.217162e-01 2.524533e+00
5.659434e-01 -4.677312e-01 2.523966e+00
5.660434e-01 -4.127886e-01 2.523575e+00
5.661434e-01 -5.602106e-01 2.523370e+00
5.662434e-01 -4.412901e-01 2.523362e+00
5.663434e-01 -4.791599e-01 2.523559e+00
5.664434e-01 -3.894042e-01 2.523973e+00
5.665433e-01 -5.990759e-01 2.524613e+00
5.666433e-01 -5.051704e-01 2.525488e+00
5.667433e-01 -4.833404e-01 2.526608e+00
5.668433e-01 -5.687780e-01 2.527982e+00
5.669433e-01 -5.172380e-01 2.529619e+00
5.670433e-01 -4.819628e-01 2.531526e+00
5.671433e-01 -4.793702e-01 2.533711e+00
5.672433e-01 -5.903615e-01 2.536182e+00
5.673433e-01 -5.719351e-01 2.538944e+00
5.674433e-01 -5.064973e-01 2.542003e+00
5.675432e-01 -4.503452e-01 2.545363e+00
5.676432e-01 -5.099933e-01 2.549029e+00
5.677432e-01 -3.952762e-01 2.553002e+00
5.678432e-01 -4.330220e-01 2.557284e+00
5.679432e-01 -3.976323e-01 2.561875e+00
5.680432e-01 -5.898521e-01 2.566774e+00
5.681432e-01 -5.886531e-01 2.571979e+00
5.682432e-01 -4.981162e-01 2.577486e+00
5.683432e-01 -5.548488e-01 2.583290e+00
5.684432e-01 -5.021859e-01 2.589384e+00
5.685431e-01 -5.591207e-01 2.595759e+00
5.686431e-01 -4.989328e-01 2.602407e+00
5.687431e-01 -5.233847e-01 2.609316e+00
5.688431e-01 -3.993107e-01 2.616473e+00
5.689431e-01 -5.000433e-01 2.623864e+00
5.690431e-01 -4.155573e-01 2.631473e+00
5.691431e-01 -3.589337e-01 2.639285e+00
5.692431e-01 -3.592017e-01 2.647280e+00
5.693431e-01 -4.476789e-01 2.655439e+00
5.694431e-01 -4.620784e-01 2.663743e+00
5.695430e-01 -3.862278e-01 2.672170e+00
5.696430e-01 -4.638767e-01 2.680698e+00
5.697430e-01 -4.193809e-01 2.689304e+00
5.698430e-01 -4.619439e-01 2.697966e+00
5.699430e-01 -4.095660e-01 2.706661e+00
5.700430e-01 -3.968987e-01 2.715365e+00
5.701430e-01 -3.879721e-01 2.724054e+00
5.702430e-01 -3.706847e-01 2.732706e+00
5.703430e-01 -4.428052e-01 2.741297e+00
5.704430e-01 -3.885275e-01 2.749806e+00
5.705429e-01 -4.638002e-01 2.758210e+00
5.706429e-01 -3.720766e-01 2.766490e+00
5.707429e-01 -5.021186e-01 2.774625e+00
5.708429e-01 -3.882308e-01 2.782597e+00
5.709429e-01 -3.654887e-01 2.790387e+00
5.710429e-01 -4.024314e-01 2.797980e+00
5.711429e-01 -4.628359e-01 2.805361e+00
5.712429e-01 -3.460189e-01 2.812516e+00
5.713429e-01 -3.794287e-01 2.819433e+00
5.714429e-01 -3.735176e-01 2.826100e+00
5.715428e-01 -3.862698e-01 2.832510e+00
5.716428e-01 -3.507562e-01 2.838654e+00
5.717428e-01 -3.439346e-01 2.844525e+00
5.718428e-01 -3.120632e-01 2.850119e+00
5.719428e-01 -2.327523e-01 2.855432e+00
5.720428e-01 -3.192155e-01 2.860461e+00
5.721428e-01 -2.852368e-01 2.865206e+00
5.722428e-01 -3.963451e-01 2.869667e+00
5.723428e-01 -3.546648e-01 2.873846e+00
5.724428e-01 -3.063020e-01 2.877743e+00
5.725427e-01 -2.780127e-01 2.881363e+00
5.726427e-01 -3.253225e-01 2.884710e+00
5.727427e-01 -4.172031e-01 2.887790e+00
5.728427e-01 -3.386400e-01 2.890607e+00
5.729427e-01 -3.106131e-01 2.893167e+00
5.730427e-01 -4.046468e-01 2.895480e+00
5.731427e-01 -2.956148e-01 2.897550e+00
5.732427e-01 -3.404993e-01 2.899387e+00
5.733427e-01 -3.722207e-01 2.901000e+00
5.734427e-01 -3.493381e-01 2.902395e+00
5.735426e-01 -3.276358e-01 2.903583e+00
5.736426e-01 -2.990217e-01 2.904572e+00
5.737426e-01 -3.356528e-01 2.905371e+00
5.738426e-01 -3.902153e-01 2.905990e+00
5.739426e-01 -4.162449e-01 2.906437e+00
5.740426e-01 -3.560007e-01 2.906723e+00
5.741426e-01 -4.238263e-01 2.906856e+00
5.742426e-01 -3.783931e-01 2.906846e+00
5.743426e-01 -3.719069e-01 2.906700e+00
5.744426e-01 -3.924948e-01 2.906429e+00
5.745425e-01 -5.834711e-01 2.906041e+00
5.746425e-01 -4.253927e-01 2.905544e+00
5.747425e-01 -5.013499e-01 2.904948e+00
5.748425e-01 -4.007383e-01 2.904259e+00
5.749425e-01 -5.217418e-01 2.903486e+00
5.750425e-01 -4.210991e-01 2.902636e+00
5.751425e-01 -4.238298e-01 2.901718e+00
5.752425e-01 -4.330453e-01 2.900738e+00
5.753425e-01 -4.860075e-01 2.899703e+00
5.754425e-01 -4.538198e-01 2.898619e+00
5.755424e-01 -4.778879e-01 2.897495e+00
5.756424e-01 -4.677665e-01 2.896334e+00
5.757424e-01 -5.131173e-01 2.895145e+00
5.758424e-01 -5.693037e-01 2.893931e+00
5.759424e-01 -5.808618e-01 2.892700e+00
5.760424e-01 -5.748903e-01 2.891455e+00
5.761424e-01 -5.363495e-01 2.890203e+00
5.762424e-01 -5.585462e-01 2.888947e+00
5.763424e-01 -5.075356e-01 2.887693e+00
5.764424e-01 -4.851218e-01 2.886444e+00
5.765423e-01 -5.273643e-01 2.885206e+00
5.766423e-01 -5.240780e-01 2.883981e+00
5.767423e-01 -6.021210e-01 2.882774e+00
5.768423e-01 -5.487530e-01 2.881587e+00
5.769423e-01 -6.018145e-01 2.880425e+00
5.770423e-01 -5.146715e-01 2.879291e+00
5.771423e-01 -5.396087e-01 2.878188e+00
5.772423e-01 -5.876162e-01 2.877117e+00
5.773423e-01 -5.130317e-01 2.876083e+00
5.774423e-01 -5.540878e-01 2.875087e+00
5.775422e-01 -5.296439e-01 2.874133e+00
5.776422e-01 -6.001169e-01 2.873221e+00
5.777422e-01 -5.712802e-01 2.872355e+00
5.778422e-01 -5.063610e-01 2.871536e+00
5.779422e-01 -5.447645e-01 2.870766e+00
5.780422e-01 -5.777566e-01 2.870047e+00
5.781422e-01 -5.555501e-01 2.869380e+00
5.782422e-01 -5.461577e-01 2.868767e+00
5.783422e-01 -5.423421e-01 2.868209e+00
5.784422e-01 -5.540812e-01 2.867707e+00
5.785421e-01 -5.791981e-01 2.867263e+00
5.786421e-01 -5.756888e-01 2.866878e+00
5.787421e-01 -5.553540e-01 2.866553e+00
5.788421e-01 -6.068397e-01 2.866289e+00
5.789421e-01 -5.868363e-01 2.866086e+00
5.790421e-01 -4.822825e-01 2.865945e+00
5.791421e-01 -4.620182e-01 2.865867e+00
5.792421e-01 -5.913106e-01 2.865853e+00
5.793421e-01 -4.475557e-01 2.865904e+00
5.794421e-01 -5.085548e-01 2.866019e+00
5.795420e-01 -5.098353e-01 2.866200e+00
5.796420e-01 -4.779580e-01 2.866446e+00
5.797420e-01 -4.946922e-01 2.866758e+00
5.798420e-01 -4.935002e-01 2.867137e+00
5.799420e-01 -4.052341e-01 2.867582e+00
5.800420e-01 -4.739119e-01 2.868094e+00
5.801420e-01 -5.440071e-01 2.868673e+00
5.802420e-01 -4.628877e-01 2.869320e+00
5.803420e-01 -4.569308e-01 2.870033e+00
5.804420e-01 -3.930737e-01 2.870815e+00
5.805419e-01 -4.283258e-01 2.871663e+00
5.806419e-01 -3.830478e-01 2.872580e+00
5.807419e-01 -4.411415e-01 2.873563e+00
5.808419e-01 -4.465785e-01 2.874615e+00
5.809419e-01 -4.434609e-01 2.875733e+00
5.810419e-01 -4.794715e-01 2.876919e+00
5.811419e-01 -4.003015e-01 2.878172e+00
5.812419e-01 -4.275604e-01 2.879492e+00
5.813419e-01 -3.754831e-01 2.880879e+00
5.814419e-01 -4.371016e-01 2.882333e+00
5.815418e-01 -4.900866e-01 2.883854e+00
5.816418e-01 -4.854726e-01 2.885440e+00
5.817418e-01 -3.863614e-01 2.887093e+00
5.818418e-01 -4.336777e-01 2.888812e+00
5.819418e-01 -4.186026e-01 2.890596e+00
5.820418e-01 -3.432463e-01 2.892446e+00
5.821418e-01 -3.740339e-01 2.894361e+00
5.822418e-01 -3.601868e-01 2.896340e+00
5.823418e-01 -3.963036e-01 2.898384e+00
5.824418e-01 -4.162535e-01 2.900492e+00
5.825417e-01 -4.378521e-01 2.902664e+00
5.826417e-01 -4.218131e-01 2.904899e+00
5.827417e-01 -3.703735e-01 2.907197e+00
5.828417e-01 -3.443633e-01 2.909557e+00
5.829417e-01 -3.770848e-01 2.911979e+00
5.830417e-01 -4.257365e-01 2.914463e+00
5.831417e-01 -4.034825e-01 2.917008e+00
5.832417e-01 -3.925871e-01 2.919614e+00
5.833417e-01 -4.505337e-01 2.922280e+00
5.834417e-01 -4.425259e-01 2.925006e+00
5.835416e-01 -3.552723e-01 2.927790e+00
5.836416e-01 -4.121809e-01 2.930633e+00
5.837416e-01 -3.883819e-01 2.933535e+00
5.838416e-01 -4.042554e-01 2.936493e+00
5.839416e-01 -4.137125e-01 2.939508e+00
5.840416e-01 -4.740969e-01 2.942579e+00
5.841416e-01 -3.974145e-01 2.945706e+00
5.842416e-01 -4.349815e-01 2.948887e+00
5.843416e-01 -4.480673e-01 2.952122e+00
5.844416e-01 -4.538953e-01 2.955410e+00
5.845415e-01 -4.333963e-01 2.958750e+00
5.846415e-01 -4.869424e-01 2.962142e+00
5.847415e-01 -4.991147e-01 2.965584e+00
5.848415e-01 -4.534878e-01 2.969076e+00
5.849415e-01 -4.169401e-01 2.972617e+00
5.850415e-01 -5.029164e-01 2.976205e+00
5.851415e-01 -5.312187e-01 2.979840e+00
5.852415e-01 -5.207407e-01 2.983521e+00
5.853415e-01 -5.432084e-01 2.987246e+00
5.854415e-01 -6.197788e-01 2.991014e+00
5.855414e-01 -6.594964e-01 2.994824e+00
5.856414e-01 -6.134595e-01 2.998675e+00
5.857414e-01 -5.553160e-01 3.002565e+00
5.858414e-01 -5.694289e-01 3.006493e+00
5.859414e-01 -6.017403e-01 3.010458e+00
5.860414e-01 -4.990471e-01 3.014458e+00
5.861414e-01 -5.492471e-01 3.018492e+00
5.862414e-01 -6.544881e-01 3.022557e+00
5.863414e-01 -5.995539e-01 3.026653e+00
5.864414e-01 -5.710672e-01 3.030776e+00
5.865413e-01 -6.976956e-01 3.034927e+00
5.866413e-01 -6.846201e-01 3.039102e+00
5.867413e-01 -5.466948e-01 3.043299e+00
5.868413e-01 -6.716465e-01 3.047517e+00
5.869413e-01 -4.984898e-01 3.051754e+00
5.870413e-01 -5.944126e-01 3.056006e+00
5.871413e-01 -5.772149e-01 3.060273e+00
5.872413e-01 -6.518821e-01 3.064551e+00
5.873413e-01 -6.947865e-01 3.068837e+00
5.874413e-01 -6.438360e-01 3.073130e+00
5.875412e-01 -6.633701e-01 3.077427e+00
5.876412e-01 -5.988868e-01 3.081724e+00
5.877412e-01 -5.393027e-01 3.086019e+00
5.878412e-01 -5.609179e-01 3.090310e+00
5.879412e-01 -6.170370e-01 3.094592e+00
5.880412e-01 -5.752648e-01 3.098863e+00
5.881412e-01 -5.796231e-01 3.103119e+00
5.882412e-01 -6.661437e-01 3.107357e+00
5.883412e-01 -5.560267e-01 3.111574e+00
5.884412e-01 -5.756707e-01 3.115765e+00
5.885411e-01 -6.101813e-01 3.119928e+00
5.886411e-01 -5.485524e-01 3.124058e+00
5.887411e-01 -6.290768e-01 3.128152e+00
5.888411e-01 -5.693663e-01 3.132205e+00
5.889411e-01 -5.926900e-01 3.136214e+00
5.890411e-01 -5.163592e-01 3.140174e+00
5.891411e-01 -6.385310e-01 3.144080e+00
5.892411e-01 -6.252394e-01 3.147930e+00
5.893411e-01 -5.615321e-01 3.151717e+00
5.894411e-01 -5.719900e-01 3.155438e+00
5.895410e-01 -5.191458e-01 3.159088e+00
5.896410e-01 -5.667652e-01 3.162662e+00
5.897410e-01 -6.692312e-01 3.166155e+00
5.898410e-01 -5.547576e-01 3.169563e+00
5.899410e-01 -4.655897e-01 3.172880e+00
5.900410e-01 -5.526282e-01 3.176103e+00
5.901410e-01 -4.588020e-01 3.179225e+00
5.902410e-01 -5.966134e-01 3.182242e+00
5.903410e-01 -5.520371e-01 3.185149e+00
5.904410e-01 -4.955507e-01 3.187941e+00
5.905409e-01 -5.060617e-01 3.190613e+00
5.906409e-01 -5.259194e-01 3.193160e+00
5.907409e-01 -4.970424e-01 3.195577e+00
5.908409e-01 -4.590490e-01 3.197859e+00
5.909409e-01 -5.016323e-01 3.200003e+00
5.910409e-01 -4.533208e-01 3.202002e+00
5.911409e-01 -4.581218e-01 3.203853e+00
5.912409e-01 -4.904762e-01 3.205551e+00
5.913409e-01 -5.034933e-01 3.207093e+00
5.914409e-01 -4.279701e-01 3.208474e+00
5.915408e-01 -5.793063e-01 3.209690e+00
5.916408e-01 -4.771614e-01 3.210738e+00
5.917408e-01 -5.019177e-01 3.211615e+00
5.918408e-01 -4.693072e-01 3.212318e+00
5.919408e-01 -3.938266e-01 3.212844e+00
5.920408e-01 -4.059636e-01 3.213191e+00
5.921408e-01 -4.328644e-01 3.213357e+00
5.922408e-01 -4.821098e-01 3.213341e+00
5.923408e-01 -4.084425e-01 3.213142e+00
5.924408e-01 -4.708240e-01 3.212759e+00
5.925407e-01 -4.888355e-01 3.212192e+00
5.926407e-01 -4.341153e-01 3.211442e+00
5.927407e-01 -4.882744e-01 3.210509e+00
5.928407e-01 -4.289331e-01 3.209396e+00
5.929407e-01 -5.659440e-01 3.208104e+00
5.930407e-01 -4.185001e-01 3.206636e+00
5.931407e-01 -4.338503e-01 3.204996e+00
5.932407e-01 -4.992656e-01 3.203188e+00
5.933407e-01 -5.245928e-01 3.201216e+00
5.934407e-01 -4.854279e-01 3.199087e+00
5.935406e-01 -5.021640e-01 3.196805e+00
5.936406e-01 -4.854844e-01 3.194377e+00
5.937406e-01 -4.162964e-01 3.191812e+00
5.938406e-01 -5.863346e-01 3.189117e+00
5.939406e-01 -4.824155e-01 3.186301e+00
5.940406e-01 -4.502648e-01 3.183373e+00
5.941406e-01 -4.694602e-01 3.180343e+00
5.942406e-01 -5.417467e-01 3.177222e+00
5.943406e-01 -4.643236e-01 3.174021e+00
5.944406e-01 -5.074224e-01 3.170752e+00
5.945405e-01 -4.126898e-01 3.167427e+00
5.946405e-01 -5.920704e-01 3.164058e+00
5.947405e-01 -5.379927e-01 3.160659e+00
5.948405e-01 -5.357300e-01 3.157243e+00
5.949405e-01 -5.782874e-01 3.153824e+00
5.950405e-01 -5.359574e-01 3.150415e+00
5.951405e-01 -5.252754e-01 3.147032e+00
5.952405e-01 -6.174649e-01 3.143688e+00
5.953405e-01 -6.501386e-01 3.140398e+00
5.954405e-01 -6.954971e-01 3.137175e+00
5.955404e-01 -6.270494e-01 3.134036e+00
5.956404e-01 -5.403898e-01 3.130992e+00
5.957404e-01 -7.047457e-01 3.128060e+00
5.958404e-01 -6.637183e-01 3.125251e+00
5.959404e-01 -6.240112e-01 3.122580e+00
5.960404e-01 -5.799536e-01 3.120060e+00
5.961404e-01 -5.827081e-01 3.117703e+00
5.962404e-01 -7.051021e-01 3.115520e+00
5.963404e-01 -5.775428e-01 3.113524e+00
5.964404e-01 -5.649486e-01 3.111725e+00
5.965403e-01 -6.632688e-01 3.110133e+00
5.966403e-01 -6.933283e-01 3.108757e+00
5.967403e-01 -6.498780e-01 3.107605e+00
5.968403e-01 -6.775363e-01 3.106685e+00
5.969403e-01 -7.167485e-01 3.106005e+00
5.970403e-01 -6.571715e-01 3.105568e+00
5.971403e-01 -6.530399e-01 3.105382e+00
5.972403e-01 -6.680914e-01 3.105448e+00
5.973403e-01 -6.896379e-01 3.105771e+00
5.974403e-01 -5.882859e-01 3.106353e+00
5.975402e-01 -6.688844e-01 3.107193e+00
5.976402e-01 -6.722409e-01 3.108294e+00
5.977402e-01 -6.712287e-01 3.109652e+00
5.978402e-01 -7.429368e-01 3.111267e+00
5.979402e-01 -5.850145e-01 3.113136e+00
5.980402e-01 -6.730852e-01 3.115255e+00
5.981402e-01 -6.704793e-01 3.117619e+00
5.982402e-01 -6.753783e-01 3.120224e+00
5.983402e-01 -7.032506e-01 3.123062e+00
5.984402e-01 -6.680546e-01 3.126127e+00
5.985401e-01 -7.299830e-01 3.129410e+00
5.986401e-01 -7.075308e-01 3.132905e+00
5.987401e-01 -6.967270e-01 3.136600e+00
5.988401e-01 -5.908049e-01 3.140488e+00
5.989401e-01 -6.839834e-01 3.144557e+00
5.990401e-01 -6.676165e-01 3.148797e+00
5.991401e-01 -6.840637e-01 3.153197e+00
5.992401e-01 -6.267032e-01 3.157745e+00
5.993401e-01 -6.524925e-01 3.162431e+00
5.994401e-01 -5.957114e-01 3.167241e+00
5.995400e-01 -5.878005e-01 3.172165e+00
5.996400e-01 -5.962463e-01 3.177189e+00
5.997400e-01 -6.661441e-01 3.182302e+00
5.998400e-01 -5.232560e-01 3.187491e+00
5.999400e-01 -6.302680e-01 3.192745e+00
6.000400e-01 -4.960121e-01 3.198051e+00
6.001400e-01 -5.646032e-01 3.203398e+00
6.002400e-01 -6.373597e-01 3.208773e+00
6.003400e-01 -5.944662e-01 3.214166e+00
6.004400e-01 -5.242531e-01 3.219565e+00
6.005399e-01 -5.628678e-01 3.224960e+00
6.006399e-01 -5.437265e-01 3.230341e+00
6.007399e-01 -5.497060e-01 3.235696e+00
6.008399e-01 -5.188010e-01 3.241018e+00
6.009399e-01 -5.503639e-01 3.246296e+00
6.010399e-01 -4.924841e-01 3.251523e+00
6.011399e-01 -4.831913e-01 3.256690e+00
6.012399e-01 -6.022963e-01 3.261789e+00
6.013399e-01 -6.084719e-01 3.266813e+00
6.014399e-01 -5.239842e-01 3.271756e+00
6.015398e-01 -5.011192e-01 3.276612e+00
6.016398e-01 -5.451325e-01 3.281374e+00
6.017398e-01 -5.244490e-01 3.286039e+00
6.018398e-01 -4.684671e-01 3.290600e+00
6.019398e-01 -5.341220e-01 3.295056e+00
6.020398e-01 -4.730601e-01 3.299400e+00
6.021398e-01 -4.606334e-01 3.303631e+00
6.022398e-01 -4.764097e-01 3.307746e+00
6.023398e-01 -5.891373e-01 3.311743e+00
6.024398e-01 -4.795379e-01 3.315619e+00
6.025397e-01 -4.737474e-01 3.319374e+00
6.026397e-01 -4.281210e-01 3.323006e+00
6.027397e-01 -4.121589e-01 3.326515e+00
6.028397e-01 -5.268096e-01 3.329899e+00
6.029397e-01 -4.144202e-01 3.333161e+00
6.030397e-01 -4.770533e-01 3.336298e+00
6.031397e-01 -5.578937e-01 3.339313e+00
6.032397e-01 -5.396673e-01 3.342206e+00
6.033397e-01 -5.223489e-01 3.344978e+00
6.034397e-01 -5.026420e-01 3.347631e+00
6.035396e-01 -5.011502e-01 3.350165e+00
6.036396e-01 -5.248451e-01 3.352583e+00
6.037396e-01 -6.161478e-01 3.354887e+00
6.038396e-01 -5.573971e-01 3.357079e+00
6.039396e-01 -6.567681e-01 3.359160e+00
6.040396e-01 -5.398304e-01 3.361133e+00
6.041396e-01 -6.206181e-01 3.363000e+00
6.042396e-01 -5.601583e-01 3.364765e+00
6.043396e-01 -5.044492e-01 3.366429e+00
6.044396e-01 -5.665106e-01 3.367995e+00
6.045395e-01 -5.260341e-01 3.369466e+00
6.046395e-01 -5.496960e-01 3.370845e+00
6.047395e-01 -6.177828e-01 3.372133e+00
6.048395e-01 -6.111628e-01 3.373335e+00
6.049395e-01 -6.348322e-01 3.374453e+00
6.050395e-01 -5.535895e-01 3.375489e+00
6.051395e-01 -6.530137e-01 3.376446e+00
6.052395e-01 -5.700372e-01 3.377328e+00
6.053395e-01 -6.284925e-01 3.378136e+00
6.054395e-01 -5.915508e-01 3.378874e+00
6.055394e-01 -5.062869e-01 3.379545e+00
6.056394e-01 -5.827485e-01 3.380150e+00
6.057394e-01 -7.110652e-01 3.380693e+00
6.058394e-01 -6.943950e-01 3.381176e+00
6.059394e-01 -6.701064e-01 3.381602e+00
6.060394e-01 -6.904827e-01 3.381974e+00
6.061394e-01 -7.320470e-01 3.382293e+00
6.062394e-01 -6.220875e-01 3.382562e+00
6.063394e-01 -6.900542e-01 3.382784e+00
6.064394e-01 -6.051122e-01 3.382960e+00
6.065393e-01 -6.700695e-01 3.383093e+00
6.066393e-01 -6.589793e-01 3.383186e+00
6.067393e-01 -6.706105e-01 3.383240e+00
6.068393e-01 -7.764529e-01 3.383258e+00
6.069393e-01 -6.927575e-01 3.383241e+00
6.070393e-01 -7.613013e-01 3.383191e+00
6.071393e-01 -7.048532e-01 3.383111e+00
6.072393e-01 -7.888310e-01 3.383002e+00
6.073393e-01 -7.700581e-01 3.382866e+00
6.074393e-01 -7.155949e-01 3.382705e+00
6.075392e-01 -7.317132e-01 3.382520e+00
6.076392e-01 -7.188068e-01 3.382314e+00
6.077392e-01 -6.814293e-01 3.382086e+00
6.078392e-01 -7.962300e-01 3.381841e+00
6.079392e-01 -7.331321e-01 3.381577e+00
6.080392e-01 -7.512004e-01 3.381298e+00
6.081392e-01 -8.420526e-01 3.381004e+00
6.082392e-01 -7.018287e-01 3.380697e+00
6.083392e-01 -7.274797e-01 3.380378e+00
6.084392e-01 -6.306406e-01 3.380049e+00
6.085391e-01 -6.273285e-01 3.379710e+00
6.086391e-01 -7.321323e-01 3.379362e+00
6.087391e-01 -6.859700e-01 3.379007e+00
6.088391e-01 -6.711198e-01 3.378647e+00
6.089391e-01 -5.974911e-01 3.378280e+00
6.090391e-01 -7.434118e-01 3.377910e+00
6.091391e-01 -6.910279e-01 3.377536e+00
6.092391e-01 -7.360844e-01 3.377160e+00
6.093391e-01 -6.841477e-01 3.376783e+00
6.094391e-01 -6.508152e-01 3.376405e+00
6.095390e-01 -6.654919e-01 3.376027e+00
6.096390e-01 -7.432375e-01 3.375650e+00
6.097390e-01 -7.082502e-01 3.375275e+00
6.098390e-01 -6.342242e-01 3.374902e+00
6.099390e-01 -6.949199e-01 3.374532e+00
6.100390e-01 -5.750021e-01 3.374165e+00
6.101390e-01 -6.185528e-01 3.373804e+00
6.102390e-01 -6.261942e-01 3.373447e+00
6.103390e-01 -5.272559e-01 3.373095e+00
6.104390e-01 -6.249386e-01 3.372750e+00
6.105389e-01 -6.858294e-01 3.372411e+00
6.106389e-01 -5.752501e-01 3.372079e+00
6.107389e-01 -5.907993e-01 3.371755e+00
6.108389e-01 -6.305073e-01 3.371439e+00
6.109389e-01 -5.661034e-01 3.371131e+00
6.110389e-01 -5.599584e-01 3.370832e+00
6.111389e-01 -5.269841e-01 3.370543e+00
6.112389e-01 -6.135006e-01 3.370263e+00
6.113389e-01 -6.847147e-01 3.369993e+00
6.114389e-01 -5.477206e-01 3.369733e+00
6.115388e-01 -5.946344e-01 3.369485e+00
6.116388e-01 -5.785444e-01 3.369247e+00
6.117388e-01 -6.035392e-01 3.369020e+00
6.118388e-01 -5.196280e-01 3.368806e+00
6.119388e-01 -6.379254e-01 3.368603e+00
6.120388e-01 -5.606290e-01 3.368412e+00
6.121388e-01 -5.916677e-01 3.368234e+00
6.122388e-01 -6.012659e-01 3.368069e+00
6.123388e-01 -6.513881e-01 3.367916e+00
6.124388e-01 -5.185608e-01 3.367777e+00
6.125387e-01 -5.211902e-01 3.367650e+00
6.126387e-01 -5.284342e-01 3.367538e+00
6.127387e-01 -5.625548e-01 3.367439e+00
6.128387e-01 -5.635626e-01 3.367355e+00
6.129387e-01 -5.756535e-01 3.367284e+00
6.130387e-01 -5.366700e-01 3.367228e+00
6.131387e-01 -4.965076e-01 3.367186e+00
6.132387e-01 -5.318704e-01 3.367158e+00
6.133387e-01 -5.514948e-01 3.367146e+00
6.134387e-01 -5.017653e-01 3.367149e+00
6.135386e-01 -4.965424e-01 3.367166e+00
6.136386e-01 -5.921044e-01 3.367199e+00
6.137386e-01 -5.466971e-01 3.367247e+00
6.138386e-01 -5.848586e-01 3.367310e+00
6.139386e-01 -5.762603e-01 3.367390e+00
6.140386e-01 -5.388880e-01 3.367484e+00
6.141386e-01 -5.955547e-01 3.367595e+00
6.142386e-01 -5.662283e-01 3.367721e+00
6.143386e-01 -6.306356e-01 3.367864e+00
6.144386e-01 -5.968477e-01 3.368023e+00
6.145385e-01 -6.196316e-01 3.368197e+00
6.146385e-01 -6.839980e-01 3.368389e+00
6.147385e-01 -6.099299e-01 3.368596e+00
6.148385e-01 -6.190577e-01 3.368820e+00
6.149385e-01 -6.922687e-01 3.369061e+00
6.150385e-01 -6.851576e-01 3.369318e+00
6.151385e-01 -6.638142e-01 3.369592e+00
6.152385e-01 -6.416285e-01 3.369883e+00
6.153385e-01 -6.731257e-01 3.370191e+00
6.154385e-01 -7.357517e-01 3.370515e+00
6.155384e-01 -7.024895e-01 3.370857e+00
6.156384e-01 -6.583882e-01 3.371216e+00
6.157384e-01 -6.924650e-01 3.371592e+00
6.158384e-01 -7.256408e-01 3.371985e+00
6.159384e-01 -7.026270e-01 3.372395e+00
6.160384e-01 -7.530998e-01 3.372823e+00
6.161384e-01 -7.800937e-01 3.373269e+00
6.162384e-01 -7.299479e-01 3.373731e+00
6.163384e-01 -7.876112e-01 3.374212e+00
6.164384e-01 -7.682971e-01 3.374710e+00
6.165383e-01 -7.245873e-01 3.375226e+00
6.166383e-01 -8.041839e-01 3.375759e+00
6.167383e-01 -6.575445e-01 3.376310e+00
6.168383e-01 -7.731214e-01 3.376879e+00
6.169383e-01 -8.077082e-01 3.377466e+00
6.170383e-01 -7.072651e-01 3.378071e+00
6.171383e-01 -7.125990e-01 3.378694e+00
6.172383e-01 -7.991353e-01 3.379335e+00
6.173383e-01 -8.585602e-01 3.379994e+00
6.174383e-01 -7.347490e-01 3.380671e+00
6.175382e-01 -7.284695e-01 3.381366e+00
6.176382e-01 -8.176811e-01 3.382080e+00
6.177382e-01 -7.157291e-01 3.382812e+00
6.178382e-01 -7.436497e-01 3.383562e+00
6.179382e-01 -8.002270e-01 3.384330e+00
6.180382e-01 -8.319966e-01 3.385117e+00
6.181382e-01 -7.832985e-01 3.385922e+00
6.182382e-01 -7.804852e-01 3.386746e+00
6.183382e-01 -6.883860e-01 3.387588e+00
6.184382e-01 -8.056825e-01 3.388449e+00
6.185381e-01 -6.660262e-01 3.389328e+00
6.186381e-01 -7.883338e-01 3.390225e+00
6.187381e-01 -7.864001e-01 3.391142e+00
6.188381e-01 -8.190041e-01 3.392076e+00
6.189381e-01 -7.904816e-01 3.393030e+00
6.190381e-01 -7.806175e-01 3.394002e+00
6.191381e-01 -7.402114e-01 3.394993e+00
6.192381e-01 -7.484175e-01 3.396002e+00
6.193381e-01 -6.554634e-01 3.397030e+00
6.194381e-01 -7.527354e-01 3.398076e+00
6.195380e-01 -6.558822e-01 3.399142e+00
6.196380e-01 -6.577484e-01 3.400225e+00
6.197380e-01 -6.384524e-01 3.401328e+00
6.198380e-01 -7.006967e-01 3.402449e+00
6.199380e-01 -6.810790e-01 3.403588e+00
6.200380e-01 -7.076749e-01 3.404746e+00
6.201380e-01 -6.143817e-01 3.405923e+00
6.202380e-01 -7.654393e-01 3.407118e+00
6.203380e-01 -6.982890e-01 3.408332e+00
6.204380e-01 -6.811519e-01 3.409564e+00
6.205379e-01 -5.909193e-01 3.410814e+00
6.206379e-01 -6.581397e-01 3.412083e+00
6.207379e-01 -6.520576e-01 3.413370e+00
6.208379e-01 -6.847940e-01 3.414675e+00
6.209379e-01 -7.362320e-01 3.415998e+00
6.210379e-01 -5.929446e-01 3.417339e+00
6.211379e-01 -6.918064e-01 3.418698e+00
6.212379e-01 -5.492560e-01 3.420075e+00
6.213379e-01 -6.117877e-01 3.421470e+00
6.214379e-01 -6.960495e-01 3.422882e+00
6.215378e-01 -6.532741e-01 3.424312e+00
6.216378e-01 -5.739631e-01 3.425760e+00
6.217378e-01 -6.874687e-01 3.427224e+00
6.218378e-01 -5.588654e-01 3.428706e+00
6.219378e-01 -6.306793e-01 3.430205e+00
6.220378e-01 -6.498410e-01 3.431720e+00
6.221378e-01 -6.654928e-01 3.433253e+00
6.222378e-01 -6.853650e-01 3.434801e+00
6.223378e-01 -6.157165e-01 3.436366e+00
6.224378e-01 -5.508255e-01 3.437948e+00
6.225377e-01 -6.174026e-01 3.439545e+00
6.226377e-01 -5.566745e-01 3.441157e+00
6.227377e-01 -6.925633e-01 3.442786e+00
6.228377e-01 -5.526151e-01 3.444429e+00
6.229377e-01 -6.102649e-01 3.446087e+00
6.230377e-01 -6.072842e-01 3.447761e+00
6.231377e-01 -5.405816e-01 3.449448e+00
6.232377e-01 -6.528994e-01 3.451150e+00
6.233377e-01 -6.896705e-01 3.452865e+00
6.234377e-01 -6.027060e-01 3.454594e+00
6.235376e-01 -5.934541e-01 3.456336e+00
6.236376e-01 -5.226443e-01 3.458091e+00
6.237376e-01 -6.614461e-01 3.459858e+00
6.238376e-01 -5.671417e-01 3.461638e+00
6.239376e-01 -6.233578e-01 3.463429e+00
6.240376e-01 -6.565380e-01 3.465232e+00
6.241376e-01 -6.042108e-01 3.467045e+00
6.242376e-01 -6.775036e-01 3.468869e+00
6.243376e-01 -6.939968e-01 3.470702e+00
6.244376e-01 -5.956770e-01 3.472546e+00
6.245375e-01 -6.399662e-01 3.474398e+00
6.246375e-01 -6.800793e-01 3.476259e+00
6.247375e-01 -6.832741e-01 3.478128e+00
6.248375e-01 -7.629108e-01 3.480004e+00
6.249375e-01 -7.287786e-01 3.481887e+00
6.250375e-01 -7.923283e-01 3.483776e+00
6.251375e-01 -6.931970e-01 3.485671e+00
6.252375e-01 -7.974584e-01 3.487571e+00
6.253375e-01 -7.217621e-01 3.489476e+00
6.254375e-01 -7.733408e-01 3.491384e+00
6.255374e-01 -6.788531e-01 3.493296e+00
6.256374e-01 -6.640779e-01 3.495209e+00
6.257374e-01 -7.437281e-01 3.497125e+00
6.258374e-01 -8.252127e-01 3.499041e+00
6.259374e-01 -8.149582e-01 3.500958e+00
6.260374e-01 -8.547259e-01 3.502874e+00
6.261374e-01 -7.956982e-01 3.504788e+00
6.262374e-01 -7.995346e-01 3.506701e+00
6.263374e-01 -7.401480e-01 3.508610e+00
6.264374e-01 -8.111226e-01 3.510515e+00
6.265373e-01 -7.650104e-01 3.512415e+00
6.266373e-01 -8.049275e-01 3.514310e+00
6.267373e-01 -8.620705e-01 3.516198e+00
6.268373e-01 -8.087747e-01 3.518078e+00
6.269373e-01 -8.821897e-01 3.519950e+00
6.270373e-01 -8.016029e-01 3.521812e+00
6.271373e-01 -8.396943e-01 3.523663e+00
6.272373e-01 -8.022765e-01 3.525503e+00
6.273373e-01 -7.842318e-01 3.527330e+00
6.274373e-01 -7.237756e-01 3.529144e+00
6.275372e-01 -8.680447e-01 3.530942e+00
6.276372e-01 -7.507132e-01 3.532725e+00
6.277372e-01 -7.538873e-01 3.534490e+00
6.278372e-01 -8.383763e-01 3.536237e+00
6.279372e-01 -7.752514e-01 3.537965e+00
6.280372e-01 -7.597996e-01 3.539673e+00
6.281372e-01 -8.049815e-01 3.541358e+00
6.282372e-01 -7.547716e-01 3.543021e+00
6.283372e-01 -8.233371e-01 3.544660e+00
6.284372e-01 -7.766461e-01 3.546273e+00
6.285371e-01 -8.452971e-01 3.547860e+00
6.286371e-01 -7.596917e-01 3.549419e+00
6.287371e-01 -8.488277e-01 3.550949e+00
6.288371e-01 -8.175997e-01 3.552449e+00
6.289371e-01 -8.180858e-01 3.553918e+00
6.290371e-01 -8.493135e-01 3.555354e+00
6.291371e-01 -7.937829e-01 3.556755e+00
6.292371e-01 -7.426655e-01 3.558122e+00
6.293371e-01 -8.489955e-01 3.559453e+00
6.294371e-01 -7.098177e-01 3.560746e+00
6.295370e-01 -7.849217e-01 3.562000e+00
6.296370e-01 -7.467262e-01 3.563214e+00
6.297370e-01 -7.507033e-01 3.564387e+00
6.298370e-01 -7.235937e-01 3.565518e+00
6.299370e-01 -7.659682e-01 3.566606e+00
6.300370e-01 -6.876571e-01 3.567649e+00
6.301370e-01 -7.593771e-01 3.568647e+00
6.302370e-01 -7.719060e-01 3.569599e+00
6.303370e-01 -7.175367e-01 3.570503e+00
6.304370e-01 -6.693956e-01 3.571359e+00
6.305369e-01 -6.963590e-01 3.572165e+00
6.306369e-01 -6.443818e-01 3.572922e+00
6.307369e-01 -6.633373e-01 3.573628e+00
6.308369e-01 -6.775612e-01 3.574282e+00
6.309369e-01 -6.301739e-01 3.574884e+00
6.310369e-01 -6.223788e-01 3.575434e+00
6.311369e-01 -6.499924e-01 3.575930e+00
6.312369e-01 -6.622337e-01 3.576373e+00
6.313369e-01 -5.790299e-01 3.576762e+00
6.314369e-01 -7.180878e-01 3.577097e+00
6.315368e-01 -5.995489e-01 3.577378e+00
6.316368e-01 -6.658969e-01 3.577604e+00
6.317368e-01 -6.834636e-01 3.577777e+00
6.318368e-01 -6.045313e-01 3.577896e+00
6.319368e-01 -6.639474e-01 3.577961e+00
6.320368e-01 -6.327937e-01 3.577973e+00
6.321368e-01 -7.117693e-01 3.577933e+00
6.322368e-01 -7.243529e-01 3.577841e+00
6.323368e-01 -5.892410e-01 3.577699e+00
6.324368e-01 -6.854803e-01 3.577507e+00
6.325367e-01 -6.547083e-01 3.577266e+00
6.326367e-01 -6.524617e-01 3.576978e+00
6.327367e-01 -7.187813e-01 3.576645e+00
6.328367e-01 -6.344541e-01 3.576268e+00
6.329367e-01 -6.505279e-01 3.575848e+00
6.330367e-01 -6.684714e-01 3.575389e+00
6.331367e-01 -6.293545e-01 3.574892e+00
6.332367e-01 -6.570428e-01 3.574360e+00
6.333367e-01 -7.253955e-01 3.573795e+00
6.334367e-01 -6.111646e-01 3.573200e+00
6.335366e-01 -6.947944e-01 3.572578e+00
6.336366e-01 -7.850500e-01 3.571933e+00
6.337366e-01 -6.888538e-01 3.571267e+00
6.338366e-01 -7.770406e-01 3.570585e+00
6.339366e-01 -6.664031e-01 3.569889e+00
6.340366e-01 -6.704310e-01 3.569185e+00
6.341366e-01 -7.560899e-01 3.568476e+00
6.342366e-01 -6.653817e-01 3.567766e+00
6.343366e-01 -7.273428e-01 3.567060e+00
6.344366e-01 -6.932104e-01 3.566362e+00
6.345365e-01 -6.790137e-01 3.565679e+00
6.346365e-01 -7.999698e-01 3.565013e+00
6.347365e-01 -8.530845e-01 3.564371e+00
6.348365e-01 -7.518806e-01 3.563758e+00
6.349365e-01 -8.398710e-01 3.563180e+00
6.350365e-01 -8.008796e-01 3.562641e+00
6.351365e-01 -7.501391e-01 3.562149e+00
6.352365e-01 -7.329107e-01 3.561707e+00
6.353365e-01 -8.037864e-01 3.561323e+00
6.354365e-01 -9.035393e-01 3.561002e+00
6.355364e-01 -8.235111e-01 3.560751e+00
6.356364e-01 -8.431416e-01 3.560575e+00
6.357364e-01 -7.812969e-01 3.560481e+00
6.358364e-01 -8.506825e-01 3.560474e+00
6.359364e-01 -8.224343e-01 3.560561e+00
6.360364e-01 -8.027534e-01 3.560747e+00
6.361364e-01 -8.409106e-01 3.561040e+00
6.362364e-01 -7.865208e-01 3.561445e+00
6.363364e-01 -7.497742e-01 3.561967e+00
6.364364e-01 -8.393744e-01 3.562613e+00
6.365363e-01 -7.841907e-01 3.563388e+00
6.366363e-01 -8.182335e-01 3.564299e+00
6.367363e-01 -8.796603e-01 3.565349e+00
6.368363e-01 -7.728412e-01 3.566545e+00
6.369363e-01 -8.515670e-01 3.567891e+00
6.370363e-01 -8.623670e-01 3.569393e+00
6.371363e-01 -8.730568e-01 3.571054e+00
6.372363e-01 -8.883913e-01 3.572879e+00
6.373363e-01 -8.244791e-01 3.574872e+00
6.374363e-01 -8.718291e-01 3.577036e+00
6.375362e-01 -8.229384e-01 3.579374e+00
6.376362e-01 -8.320208e-01 3.581890e+00
6.377362e-01 -9.390897e-01 3.584585e+00
6.378362e-01 -8.656534e-01 3.587462e+00
6.379362e-01 -9.276410e-01 3.590522e+00
6.380362e-01 -7.891955e-01 3.593767e+00
6.381362e-01 -9.412432e-01 3.597195e+00
6.382362e-01 -8.493342e-01 3.600809e+00
6.383362e-01 -9.251644e-01 3.604606e+00
6.384362e-01 -8.677399e-01 3.608587e+00
6.385361e-01 -8.709049e-01 3.612748e+00
6.386361e-01 -7.813891e-01 3.617088e+00
6.387361e-01 -8.372777e-01 3.621603e+00
6.388361e-01 -7.937141e-01 3.626290e+00
6.389361e-01 -8.209192e-01 3.631144e+00
6.390361e-01 -7.911762e-01 3.636160e+00
6.391361e-01 -9.173543e-01 3.641332e+00
6.392361e-01 -9.147011e-01 3.646654e+00
6.393361e-01 -9.333499e-01 3.652117e+00
6.394361e-01 -7.861836e-01 3.657714e+00
6.395360e-01 -8.585334e-01 3.663436e+00
6.396360e-01 -6.773344e-01 3.669272e+00
6.397360e-01 -7.912870e-01 3.675212e+00
6.398360e-01 -8.245662e-01 3.681244e+00
6.399360e-01 -7.625573e-01 3.687356e+00
6.400360e-01 -7.255340e-01 3.693535e+00
6.401360e-01 -7.964691e-01 3.699767e+00
6.402360e-01 -7.298699e-01 3.706036e+00
6.403360e-01 -5.817909e-01 3.712328e+00
6.404360e-01 -7.827429e-01 3.718625e+00
6.405359e-01 -7.999776e-01 3.724911e+00
6.406359e-01 -7.622056e-01 3.731168e+00
6.407359e-01 -7.366107e-01 3.737377e+00
6.408359e-01 -6.929611e-01 3.743518e+00
6.409359e-01 -7.188433e-01 3.749573e+00
6.410359e-01 -7.189825e-01 3.755520e+00
6.411359e-01 -6.395533e-01 3.761340e+00
6.412359e-01 -7.133408e-01 3.767010e+00
6.413359e-01 -7.069829e-01 3.772509e+00
6.414359e-01 -7.146315e-01 3.777816e+00
6.415358e-01 -6.822450e-01 3.782910e+00
6.416358e-01 -7.334592e-01 3.787767e+00
6.417358e-01 -6.695561e-01 3.792367e+00
6.418358e-01 -6.723852e-01 3.796689e+00
6.419358e-01 -7.165843e-01 3.800712e+00
6.420358e-01 -6.350212e-01 3.804415e+00
6.421358e-01 -5.249555e-01 3.807780e+00
6.422358e-01 -6.550160e-01 3.810787e+00
6.423358e-01 -6.874907e-01 3.813419e+00
6.424358e-01 -6.752838e-01 3.815661e+00
6.425357e-01 -5.908886e-01 3.817498e+00
6.426357e-01 -6.199625e-01 3.818916e+00
6.427357e-01 -6.318961e-01 3.819904e+00
6.428357e-01 -7.479744e-01 3.820454e+00
6.429357e-01 -6.950775e-01 3.820559e+00
6.430357e-01 -7.223013e-01 3.820214e+00
6.431357e-01 -7.714076e-01 3.819417e+00
6.432357e-01 -7.445498e-01 3.818169e+00
6.433357e-01 -6.603249e-01 3.816473e+00
6.434357e-01 -7.338250e-01 3.814335e+00
6.435356e-01 -7.763024e-01 3.811765e+00
6.436356e-01 -7.907997e-01 3.808775e+00
6.437356e-01 -6.591526e-01 3.805380e+00
6.438356e-01 -7.946589e-01 3.801597e+00
6.439356e-01 -6.827682e-01 3.797449e+00
6.440356e-01 -6.464857e-01 3.792957e+00
6.441356e-01 -7.595567e-01 3.788150e+00
6.442356e-01 -6.657024e-01 3.783054e+00
6.443356e-01 -7.054564e-01 3.777702e+00
6.444356e-01 -7.385463e-01 3.772126e+00
6.445355e-01 -7.519064e-01 3.766361e+00
6.446355e-01 -7.532120e-01 3.760442e+00
6.447355e-01 -7.700110e-01 3.754408e+00
6.448355e-01 -7.793211e-01 3.748296e+00
6.449355e-01 -8.174958e-01 3.742145e+00
6.450355e-01 -8.299453e-01 3.735993e+00
6.451355e-01 -8.054015e-01 3.729878e+00
6.452355e-01 -8.434315e-01 3.723839e+00
6.453355e-01 -7.464806e-01 3.717912e+00
6.454355e-01 -7.761841e-01 3.712133e+00
6.455354e-01 -7.613117e-01 3.706536e+00
6.456354e-01 -8.620429e-01 3.701153e+00
6.457354e-01 -9.086329e-01 3.696016e+00
6.458354e-01 -8.305043e-01 3.691153e+00
6.459354e-01 -8.455497e-01 3.686589e+00
6.460354e-01 -7.766687e-01 3.682349e+00
6.461354e-01 -9.394803e-01 3.678454e+00
6.462354e-01 -8.783185e-01 3.674923e+00
6.463354e-01 -7.940402e-01 3.671771e+00
6.464354e-01 -8.623907e-01 3.669012e+00
6.465353e-01 -8.277624e-01 3.666657e+00
6.466353e-01 -8.804456e-01 3.664715e+00
6.467353e-01 -9.468393e-01 3.663191e+00
6.468353e-01 -9.026699e-01 3.662090e+00
6.469353e-01 -9.190420e-01 3.661413e+00
6.470353e-01 -9.441817e-01 3.661159e+00
6.471353e-01 -8.850131e-01 3.661326e+00
6.472353e-01 -9.254344e-01 3.661909e+00
6.473353e-01 -9.385870e-01 3.662903e+00
6.474353e-01 -9.110802e-01 3.664300e+00
6.475352e-01 -9.829910e-01 3.666092e+00
6.476352e-01 -8.756857e-01 3.668267e+00
6.477352e-01 -9.947706e-01 3.670815e+00
6.478352e-01 -8.448879e-01 3.673723e+00
6.479352e-01 -9.711741e-01 3.676979e+00
6.480352e-01 -9.054667e-01 3.680568e+00
6.481352e-01 -8.626444e-01 3.684476e+00
6.482352e-01 -8.507406e-01 3.688687e+00
6.483352e-01 -9.457839e-01 3.693186e+00
6.484352e-01 -8.958195e-01 3.697957e+00
6.485351e-01 -8.800827e-01 3.702982e+00
6.486351e-01 -9.060257e-01 3.708247e+00
6.487351e-01 -8.063730e-01 3.713732e+00
6.488351e-01 -8.331753e-01 3.719422e+00
6.489351e-01 -8.795576e-01 3.725299e+00
6.490351e-01 -8.736153e-01 3.731345e+00
6.491351e-01 -9.320276e-01 3.737543e+00
6.492351e-01 -8.459594e-01 3.743875e+00
6.493351e-01 -8.958370e-01 3.750323e+00
6.494351e-01 -7.999018e-01 3.756870e+00
6.495350e-01 -7.922323e-01 3.763497e+00
6.496350e-01 -8.141020e-01 3.770188e+00
6.497350e-01 -8.019168e-01 3.776923e+00
6.498350e-01 -7.528352e-01 3.783686e+00
6.499350e-01 -7.307820e-01 3.790458e+00
6.500350e-01 -8.036474e-01 3.797221e+00
6.501350e-01 -8.105788e-01 3.803958e+00
6.502350e-01 -7.695068e-01 3.810650e+00
6.503350e-01 -9.033939e-01 3.817280e+00
6.504350e-01 -7.915159e-01 3.823831e+00
6.505349e-01 -7.670660e-01 3.830283e+00
6.506349e-01 -7.450942e-01 3.836620e+00
6.507349e-01 -8.017374e-01 3.842823e+00
6.508349e-01 -6.730040e-01 3.848876e+00
6.509349e-01 -7.801017e-01 3.854761e+00
6.510349e-01 -8.144894e-01 3.860461e+00
6.511349e-01 -5.961976e-01 3.865959e+00
6.512349e-01 -8.037729e-01 3.871238e+00
6.513349e-01 -8.384836e-01 3.876282e+00
6.514349e-01 -6.929420e-01 3.881074e+00
6.515348e-01 -7.807768e-01 3.885600e+00
6.516348e-01 -6.712227e-01 3.889843e+00
6.517348e-01 -7.713073e-01 3.893790e+00
6.518348e-01 -7.320657e-01 3.897426e+00
6.519348e-01 -6.455535e-01 3.900738e+00
6.520348e-01 -7.473856e-01 3.903714e+00
6.521348e-01 -7.079097e-01 3.906342e+00
6.522348e-01 -7.534839e-01 3.908611e+00
6.523348e-01 -6.736945e-01 3.910512e+00
6.524348e-01 -7.428942e-01 3.912036e+00
6.525347e-01 -6.612392e-01 3.913175e+00
6.526347e-01 -7.738143e-01 3.913925e+00
6.527347e-01 -6.185822e-01 3.914280e+00
6.528347e-01 -7.096250e-01 3.914237e+00
6.529347e-01 -6.760080e-01 3.913795e+00
6.530347e-01 -6.859979e-01 3.912954e+00
6.531347e-01 -6.684997e-01 3.911716e+00
6.532347e-01 -7.821276e-01 3.910085e+00
6.533347e-01 -6.602091e-01 3.908066e+00
6.534347e-01 -7.309794e-01 3.905667e+00
6.535346e-01 -6.778762e-01 3.902898e+00
6.536346e-01 -7.571741e-01 3.899769e+00
6.537346e-01 -7.510139e-01 3.896293e+00
6.538346e-01 -6.621089e-01 3.892487e+00
6.539346e-01 -7.216050e-01 3.888367e+00
6.540346e-01 -7.130798e-01 3.883952e+00
6.541346e-01 -8.113958e-01 3.879263e+00
6.542346e-01 -7.482467e-01 3.874322e+00
6.543346e-01 -8.114794e-01 3.869153e+00
6.544346e-01 -7.450839e-01 3.863781e+00
6.545345e-01 -7.912647e-01 3.858234e+00
6.546345e-01 -8.037811e-01 3.852538e+00
6.547345e-01 -8.085609e-01 3.846723e+00
6.548345e-01 -8.448595e-01 3.840819e+00
6.549345e-01 -7.479175e-01 3.834855e+00
6.550345e-01 -8.383797e-01 3.828863e+00
6.551345e-01 -7.938236e-01 3.822873e+00
6.552345e-01 -8.031388e-01 3.816916e+00
6.553345e-01 -8.524151e-01 3.811023e+00
6.554345e-01 -8.268627e-01 3.805225e+00
6.555344e-01 -8.834690e-01 3.799551e+00
6.556344e-01 -8.606496e-01 3.794030e+00
6.557344e-01 -8.453729e-01 3.788690e+00
6.558344e-01 -8.747656e-01 3.783559e+00
6.559344e-01 -9.415119e-01 3.778662e+00
6.560344e-01 -9.369714e-01 3.774022e+00
6.561344e-01 -9.567634e-01 3.769663e+00
6.562344e-01 -8.425107e-01 3.765606e+00
6.563344e-01 -9.568100e-01 3.761870e+00
6.564344e-01 -9.257331e-01 3.758472e+00
6.565343e-01 -8.581559e-01 3.755428e+00
6.566343e-01 -8.796791e-01 3.752751e+00
6.567343e-01 -9.824741e-01 3.750453e+00
6.568343e-01 -8.988545e-01 3.748544e+00
6.569343e-01 -8.872944e-01 3.747031e+00
6.570343e-01 -9.548846e-01 3.745920e+00
6.571343e-01 -9.394460e-01 3.745214e+00
6.572343e-01 -8.844122e-01 3.744917e+00
6.573343e-01 -9.501096e-01 3.745028e+00
6.574343e-01 -9.925200e-01 3.745545e+00
6.575342e-01 -9.981263e-01 3.746465e+00
6.576342e-01 -9.033708e-01 3.747784e+00
6.577342e-01 -8.737031e-01 3.749495e+00
6.578342e-01 -9.888714e-01 3.751591e+00
6.579342e-01 -9.852771e-01 3.754062e+00
6.580342e-01 -8.809172e-01 3.756898e+00
6.581342e-01 -9.054695e-01 3.760088e+00
6.582342e-01 -9.493263e-01 3.763619e+00
6.583342e-01 -9.309412e-01 3.767478e+00
6.584342e-01 -9.029254e-01 3.771650e+00
6.585341e-01 -9.486057e-01 3.776120e+00
6.586341e-01 -8.730315e-01 3.780872e+00
6.587341e-01 -9.149493e-01 3.785890e+00
6.588341e-01 -8.873714e-01 3.791156e+00
6.589341e-01 -8.666579e-01 3.796652e+00
6.590341e-01 -9.248015e-01 3.802359e+00
6.591341e-01 -9.218527e-01 3.808261e+00
6.592341e-01 -9.141577e-01 3.814336e+00
6.593341e-01 -8.636987e-01 3.820565e+00
6.594341e-01 -9.466084e-01 3.826930e+00
6.595340e-01 -8.432414e-01 3.833409e+00
6.596340e-01 -9.292999e-01 3.839983e+00
6.597340e-01 -8.604215e-01 3.846631e+00
6.598340e-01 -8.587776e-01 3.853332e+00
6.599340e-01 -7.544889e-01 3.860065e+00
6.600340e-01 -8.603739e-01 3.866811e+00
6.601340e-01 -7.766452e-01 3.873547e+00
6.602340e-01 -8.121452e-01 3.880254e+00
6.603340e-01 -8.036517e-01 3.886909e+00
6.604340e-01 -8.499169e-01 3.893493e+00
6.605339e-01 -7.987769e-01 3.899983e+00
6.606339e-01 -8.593039e-01 3.906360e+00
6.607339e-01 -9.292623e-01 3.912603e+00
6.608339e-01 -7.505334e-01 3.918691e+00
6.609339e-01 -8.265086e-01 3.924604e+00
6.610339e-01 -7.547727e-01 3.930322e+00
6.611339e-01 -7.515782e-01 3.935825e+00
6.612339e-01 -7.992341e-01 3.941094e+00
6.613339e-01 -7.164560e-01 3.946109e+00
6.614339e-01 -8.367281e-01 3.950852e+00
6.615338e-01 -8.210088e-01 3.955305e+00
6.616338e-01 -7.326497e-01 3.959450e+00
6.617338e-01 -7.433394e-01 3.963272e+00
6.618338e-01 -7.034719e-01 3.966753e+00
6.619338e-01 -7.218979e-01 3.969880e+00
6.620338e-01 -8.168165e-01 3.972637e+00
6.621338e-01 -7.522870e-01 3.975012e+00
6.622338e-01 -7.286590e-01 3.976993e+00
6.623338e-01 -8.279592e-01 3.978570e+00
6.624338e-01 -7.309871e-01 3.979732e+00
6.625337e-01 -6.688465e-01 3.980473e+00
6.626337e-01 -6.757903e-01 3.980786e+00
6.627337e-01 -7.838952e-01 3.980666e+00
6.628337e-01 -7.753478e-01 3.980112e+00
6.629337e-01 -8.142514e-01 3.979121e+00
6.630337e-01 -7.666965e-01 3.977695e+00
6.631337e-01 -8.185166e-01 3.975838e+00
6.632337e-01 -8.049469e-01 3.973553e+00
6.633337e-01 -6.690600e-01 3.970849e+00
6.634337e-01 -7.814854e-01 3.967735e+00
6.635336e-01 -8.316131e-01 3.964221e+00
6.636336e-01 -8.201876e-01 3.960323e+00
6.637336e-01 -7.249795e-01 3.956055e+00
6.638336e-01 -8.386220e-01 3.951436e+00
6.639336e-01 -7.419773e-01 3.946485e+00
6.640336e-01 -8.078677e-01 3.941224e+00
6.641336e-01 -6.872299e-01 3.935677e+00
6.642336e-01 -8.661959e-01 3.929870e+00
6.643336e-01 -8.183629e-01 3.923828e+00
6.644336e-01 -7.656683e-01 3.917581e+00
6.645335e-01 -8.746510e-01 3.911158e+00
6.646335e-01 -8.591786e-01 3.904590e+00
6.647335e-01 -9.324752e-01 3.897907e+00
6.648335e-01 -9.609140e-01 3.891143e+00
6.649335e-01 -8.514673e-01 3.884328e+00
6.650335e-01 -8.367574e-01 3.877497e+00
6.651335e-01 -8.254554e-01 3.870681e+00
6.652335e-01 -8.909762e-01 3.863913e+00
6.653335e-01 -9.010483e-01 3.857224e+00
6.654335e-01 -8.696399e-01 3.850646e+00
6.655334e-01 -8.139197e-01 3.844209e+00
6.656334e-01 -9.927419e-01 3.837941e+00
6.657334e-01 -8.909424e-01 3.831872e+00
6.658334e-01 -8.593503e-01 3.826027e+00
6.659334e-01 -9.121603e-01 3.820432e+00
6.660334e-01 -9.185602e-01 3.815109e+00
6.661334e-01 -9.197540e-01 3.810081e+00
6.662334e-01 -9.206888e-01 3.805369e+00
6.663334e-01 -1.015704e+00 3.800988e+00
6.664334e-01 -8.991475e-01 3.796957e+00
6.665333e-01 -9.885484e-01 3.793290e+00
6.666333e-01 -8.938032e-01 3.789998e+00
6.667333e-01 -9.766699e-01 3.787092e+00
6.668333e-01 -9.495801e-01 3.784581e+00
6.669333e-01 -1.004304e+00 3.782473e+00
6.670333e-01 -9.748165e-01 3.780770e+00
6.671333e-01 -1.065199e+00 3.779478e+00
6.672333e-01 -9.424698e-01 3.778597e+00
6.673333e-01 -9.452142e-01 3.778128e+00
6.674333e-01 -9.961959e-01 3.778068e+00
6.675332e-01 -8.512383e-01 3.778415e+00
6.676332e-01 -9.548973e-01 3.779163e+00
6.677332e-01 -9.186649e-01 3.780307e+00
6.678332e-01 -9.721306e-01 3.781840e+00
6.679332e-01 -1.009246e+00 3.783753e+00
6.680332e-01 -9.166297e-01 3.786036e+00
6.681332e-01 -8.448133e-01 3.788678e+00
6.682332e-01 -9.100415e-01 3.791669e+00
6.683332e-01 -1.012609e+00 3.794994e+00
6.684332e-01 -9.598173e-01 3.798641e+00
6.685331e-01 -8.891905e-01 3.802594e+00
6.686331e-01 -1.050024e+00 3.806839e+00
6.687331e-01 -9.478462e-01 3.811359e+00
6.688331e-01 -9.298994e-01 3.816137e+00
6.689331e-01 -1.028000e+00 3.821156e+00
6.690331e-01 -9.026526e-01 3.826397e+00
6.691331e-01 -8.554594e-01 3.831843e+00
6.692331e-01 -8.495479e-01 3.837473e+00
6.693331e-01 -9.260682e-01 3.843267e+00
6.694331e-01 -8.293738e-01 3.849206e+00
6.695330e-01 -8.423821e-01 3.855269e+00
6.696330e-01 -9.072309e-01 3.861435e+00
6.697330e-01 -8.989608e-01 3.867682e+00
6.698330e-01 -9.256825e-01 3.873989e+00
6.699330e-01 -8.491173e-01 3.880334e+00
6.700330e-01 -8.948553e-01 3.886694e+00
6.701330e-01 -8.422844e-01 3.893049e+00
6.702330e-01 -8.970556e-01 3.899374e+00
6.703330e-01 -8.721992e-01 3.905650e+00
6.704330e-01 -8.413899e-01 3.911852e+00
6.705329e-01 -8.268634e-01 3.917959e+00
6.706329e-01 -8.038584e-01 3.923950e+00
6.707329e-01 -7.966310e-01 3.929802e+00
6.708329e-01 -8.113604e-01 3.935495e+00
6.709329e-01 -8.108304e-01 3.941007e+00
6.710329e-01 -8.169574e-01 3.946318e+00
6.711329e-01 -7.922248e-01 3.951408e+00
6.712329e-01 -7.736440e-01 3.956259e+00
6.713329e-01 -8.217498e-01 3.960850e+00
6.714329e-01 -7.541768e-01 3.965165e+00
6.715328e-01 -8.013037e-01 3.969187e+00
6.716328e-01 -7.696286e-01 3.972899e+00
6.717328e-01 -6.939975e-01 3.976286e+00
6.718328e-01 -7.694693e-01 3.979334e+00
6.719328e-01 -7.864434e-01 3.982031e+00
6.720328e-01 -8.572128e-01 3.984364e+00
6.721328e-01 -8.507665e-01 3.986324e+00
6.722328e-01 -8.169604e-01 3.987902e+00
6.723328e-01 -8.705329e-01 3.989089e+00
6.724328e-01 -7.946767e-01 3.989879e+00
6.725327e-01 -8.045365e-01 3.990269e+00
6.726327e-01 -8.873178e-01 3.990256e+00
6.727327e-01 -8.383689e-01 3.989837e+00
6.728327e-01 -7.806209e-01 3.989014e+00
6.729327e-01 -8.219271e-01 3.987789e+00
6.730327e-01 -7.847688e-01 3.986165e+00
6.731327e-01 -9.341280e-01 3.984149e+00
6.732327e-01 -7.195153e-01 3.981748e+00
6.733327e-01 -8.162531e-01 3.978972e+00
6.734327e-01 -8.941281e-01 3.975832e+00
6.735326e-01 -8.524069e-01 3.972341e+00
6.736326e-01 -7.367214e-01 3.968512e+00
6.737326e-01 -7.949156e-01 3.964364e+00
6.738326e-01 -8.703703e-01 3.959913e+00
6.739326e-01 -8.574124e-01 3.955179e+00
6.740326e-01 -8.438820e-01 3.950182e+00
6.741326e-01 -8.973374e-01 3.944945e+00
6.742326e-01 -8.509154e-01 3.939491e+00
6.743326e-01 -7.968558e-01 3.933844e+00
6.744326e-01 -8.487726e-01 3.928028e+00
6.745325e-01 -8.855633e-01 3.922071e+00
6.746325e-01 -8.208695e-01 3.915998e+00
6.747325e-01 -9.894798e-01 3.909835e+00
6.748325e-01 -9.080205e-01 3.903610e+00
6.749325e-01 -9.265371e-01 3.897350e+00
6.750325e-01 -9.375653e-01 3.891081e+00
6.751325e-01 -9.464751e-01 3.884831e+00
6.752325e-01 -9.367557e-01 3.878626e+00
6.753325e-01 -9.015122e-01 3.872490e+00
6.754325e-01 -1.007401e+00 3.866451e+00
6.755324e-01 -8.905808e-01 3.860531e+00
6.756324e-01 -9.382616e-01 3.854755e+00
6.757324e-01 -1.014795e+00 3.849144e+00
6.758324e-01 -9.197121e-01 3.843721e+00
6.759324e-01 -9.405576e-01 3.838505e+00
6.760324e-01 -9.459101e-01 3.833516e+00
6.761324e-01 -1.045815e+00 3.828771e+00
6.762324e-01 -8.344605e-01 3.824288e+00
6.763324e-01 -9.898248e-01 3.820082e+00
6.764324e-01 -9.757077e-01 3.816166e+00
6.765323e-01 -9.359866e-01 3.812555e+00
6.766323e-01 -9.356421e-01 3.809260e+00
6.767323e-01 -9.904137e-01 3.806291e+00
6.768323e-01 -1.092171e+00 3.803657e+00
6.769323e-01 -9.423919e-01 3.801367e+00
6.770323e-01 -9.894881e-01 3.799427e+00
6.771323e-01 -9.994486e-01 3.797843e+00
6.772323e-01 -1.141126e+00 3.796621e+00
6.773323e-01 -9.583348e-01 3.795762e+00
6.774323e-01 -9.964808e-01 3.795270e+00
6.775322e-01 -9.506704e-01 3.795145e+00
6.776322e-01 -1.036555e+00 3.795388e+00
6.777322e-01 -1.063285e+00 3.795998e+00
6.778322e-01 -1.053249e+00 3.796973e+00
6.779322e-01 -1.010839e+00 3.798309e+00
6.780322e-01 -9.297440e-01 3.800003e+00
6.781322e-01 -9.723290e-01 3.802047e+00
6.782322e-01 -1.067746e+00 3.804437e+00
6.783322e-01 -9.301280e-01 3.807164e+00
6.784322e-01 -1.092751e+00 3.810218e+00
6.785321e-01 -9.761844e-01 3.813590e+00
6.786321e-01 -9.293749e-01 3.817268e+00
6.787321e-01 -9.814775e-01 3.821240e+00
6.788321e-01 -9.831106e-01 3.825490e+00
6.789321e-01 -9.741159e-01 3.830005e+00
6.790321e-01 -9.005106e-01 3.834767e+00
6.791321e-01 -9.995389e-01 3.839758e+00
6.792321e-01 -9.352600e-01 3.844960e+00
6.793321e-01 -9.508893e-01 3.850352e+00
6.794321e-01 -9.587450e-01 3.855913e+00
6.795320e-01 -1.024223e+00 3.861621e+00
6.796320e-01 -9.213581e-01 3.867452e+00
6.797320e-01 -8.696630e-01 3.873382e+00
6.798320e-01 -9.075774e-01 3.879386e+00
6.799320e-01 -8.756065e-01 3.885439e+00
6.800320e-01 -9.363910e-01 3.891514e+00
6.801320e-01 -8.473210e-01 3.897584e+00
6.802320e-01 -8.466737e-01 3.903623e+00
6.803320e-01 -8.351829e-01 3.909604e+00
6.804320e-01 -8.689084e-01 3.915499e+00
6.805319e-01 -8.932781e-01 3.921283e+00
6.806319e-01 -8.252805e-01 3.926928e+00
6.807319e-01 -8.354772e-01 3.932409e+00
6.808319e-01 -7.625669e-01 3.937701e+00
6.809319e-01 -9.090566e-01 3.942779e+00
6.810319e-01 -8.379842e-01 3.947621e+00
6.811319e-01 -8.768299e-01 3.952204e+00
6.812319e-01 -7.339011e-01 3.956508e+00
6.813319e-01 -7.985967e-01 3.960514e+00
6.814319e-01 -9.160564e-01 3.964203e+00
6.815318e-01 -7.294553e-01 3.967560e+00
6.816318e-01 -8.467527e-01 3.970570e+00
6.817318e-01 -8.637676e-01 3.973222e+00
6.818318e-01 -8.300804e-01 3.975503e+00
6.819318e-01 -8.410319e-01 3.977406e+00
6.820318e-01 -7.811814e-01 3.978923e+00
6.821318e-01 -8.270310e-01 3.980049e+00
6.822318e-01 -7.810956e-01 3.980782e+00
6.823318e-01 -7.472622e-01 3.981119e+00
6.824318e-01 -8.015204e-01 3.981062e+00
6.825317e-01 -7.956833e-01 3.980612e+00
6.826317e-01 -8.655750e-01 3.979775e+00
6.827317e-01 -8.645242e-01 3.978555e+00
6.828317e-01 -8.972819e-01 3.976961e+00
6.829317e-01 -8.268978e-01 3.975000e+00
6.830317e-01 -8.748669e-01 3.972684e+00
6.831317e-01 -7.743128e-01 3.970024e+00
6.832317e-01 -9.031177e-01 3.967033e+00
6.833317e-01 -8.764237e-01 3.963726e+00
6.834317e-01 -8.370615e-01 3.960117e+00
6.835316e-01 -8.814172e-01 3.956222e+00
6.836316e-01 -8.346629e-01 3.952060e+00
6.837316e-01 -8.438261e-01 3.947647e+00
6.838316e-01 -9.235662e-01 3.943003e+00
6.839316e-01 -7.518054e-01 3.938145e+00
6.840316e-01 -8.000178e-01 3.933095e+00
6.841316e-01 -8.236586e-01 3.927871e+00
6.842316e-01 -8.885100e-01 3.922494e+00
6.843316e-01 -9.051269e-01 3.916985e+00
6.844316e-01 -8.766760e-01 3.911365e+00
6.845315e-01 -9.534256e-01 3.905653e+00
6.846315e-01 -9.062029e-01 3.899872e+00
6.847315e-01 -9.720847e-01 3.894041e+00
6.848315e-01 -8.495090e-01 3.888180e+00
6.849315e-01 -9.406482e-01 3.882311e+00
6.850315e-01 -8.681902e-01 3.876453e+00
6.851315e-01 -9.965450e-01 3.870626e+00
6.852315e-01 -9.105659e-01 3.864849e+00
6.853315e-01 -9.491703e-01 3.859140e+00
6.854315e-01 -8.853804e-01 3.853519e+00
6.855314e-01 -8.867992e-01 3.848002e+00
6.856314e-01 -9.969411e-01 3.842606e+00
6.857314e-01 -9.246248e-01 3.837349e+00
6.858314e-01 -9.582902e-01 3.832246e+00
6.859314e-01 -9.730937e-01 3.827311e+00
6.860314e-01 -9.394408e-01 3.822560e+00
6.861314e-01 -1.028936e+00 3.818006e+00
6.862314e-01 -1.050180e+00 3.813660e+00
6.863314e-01 -1.029346e+00 3.809536e+00
6.864314e-01 -9.730954e-01 3.805644e+00
6.865313e-01 -9.579876e-01 3.801995e+00
6.866313e-01 -1.010240e+00 3.798597e+00
6.867313e-01 -1.058097e+00 3.795458e+00
6.868313e-01 -1.075546e+00 3.792587e+00
6.869313e-01 -1.007968e+00 3.789989e+00
6.870313e-01 -1.046744e+00 3.787670e+00
6.871313e-01 -1.026869e+00 3.785635e+00
6.872313e-01 -1.064467e+00 3.783886e+00
6.873313e-01 -1.063704e+00 3.782428e+00
6.874313e-01 -1.034004e+00 3.781260e+00
6.875312e-01 -9.682405e-01 3.780384e+00
6.876312e-01 -1.015255e+00 3.779800e+00
6.877312e-01 -1.025476e+00 3.779506e+00
6.878312e-01 -9.568344e-01 3.779500e+00
6.879312e-01 -9.732795e-01 3.779779e+00
6.880312e-01 -9.860309e-01 3.780339e+00
6.881312e-01 -9.880427e-01 3.781174e+00
6.882312e-01 -1.127636e+00 3.782279e+00
6.883312e-01 -1.038589e+00 3.783646e+00
6.884312e-01 -1.029429e+00 3.785269e+00
6.885311e-01 -9.835609e-01 3.787138e+00
6.886311e-01 -1.009833e+00 3.789244e+00
6.887311e-01 -9.940800e-01 3.791577e+00
6.888311e-01 -9.196604e-01 3.794126e+00
6.889311e-01 -1.009200e+00 3.796878e+00
6.890311e-01 -9.706208e-01 3.799821e+00
6.891311e-01 -8.978993e-01 3.802943e+00
6.892311e-01 -1.027580e+00 3.806228e+00
6.893311e-01 -9.234745e-01 3.809662e+00
6.894311e-01 -9.429537e-01 3.813231e+00
6.895310e-01 -9.412595e-01 3.816917e+00
6.896310e-01 -9.949470e-01 3.820706e+00
6.897310e-01 -8.099715e-01 3.824579e+00
6.898310e-01 -9.653282e-01 3.828519e+00
6.899310e-01 -9.846080e-01 3.832510e+00
6.900310e-01 -9.200213e-01 3.836532e+00
6.901310e-01 -9.224511e-01 3.840568e+00
6.902310e-01 -8.972816e-01 3.844598e+00
6.903310e-01 -1.007883e+00 3.848603e+00
6.904310e-01 -8.471053e-01 3.852565e+00
6.905309e-01 -9.233527e-01 3.856465e+00
6.906309e-01 -9.051568e-01 3.860283e+00
6.907309e-01 -9.368706e-01 3.864000e+00
6.908309e-01 -8.887820e-01 3.867597e+00
6.909309e-01 -8.012433e-01 3.871055e+00
6.910309e-01 -8.579450e-01 3.874355e+00
6.911309e-01 -8.556207e-01 3.877479e+00
6.912309e-01 -7.995738e-01 3.880408e+00
6.913309e-01 -9.062798e-01 3.883126e+00
6.914309e-01 -8.844031e-01 3.885615e+00
6.915308e-01 -8.584693e-01 3.887858e+00
6.916308e-01 -8.672194e-01 3.889839e+00
6.917308e-01 -8.180898e-01 3.891544e+00
6.918308e-01 -9.561186e-01 3.892957e+00
6.919308e-01 -8.079519e-01 3.894066e+00
6.920308e-01 -8.547590e-01 3.894857e+00
6.921308e-01 -8.901102e-01 3.895320e+00
6.922308e-01 -7.926231e-01 3.895444e+00
6.923308e-01 -7.798100e-01 3.895219e+00
6.924308e-01 -8.537198e-01 3.894637e+00
6.925307e-01 -9.122513e-01 3.893693e+00
6.926307e-01 -7.493493e-01 3.892380e+00
6.927307e-01 -7.861937e-01 3.890696e+00
6.928307e-01 -8.493522e-01 3.888637e+00
6.929307e-01 -7.887942e-01 3.886203e+00
6.930307e-01 -8.430494e-01 3.883395e+00
6.931307e-01 -7.584480e-01 3.880216e+00
6.932307e-01 -8.717981e-01 3.876669e+00
6.933307e-01 -7.952471e-01 3.872760e+00
6.934307e-01 -8.386845e-01 3.868497e+00
6.935306e-01 -8.962676e-01 3.863890e+00
6.936306e-01 -8.613524e-01 3.858950e+00
6.937306e-01 -7.773423e-01 3.853688e+00
6.938306e-01 -9.876429e-01 3.848119e+00
6.939306e-01 -8.193889e-01 3.842259e+00
6.940306e-01 -8.633021e-01 3.836126e+00
6.941306e-01 -9.252649e-01 3.829738e+00
6.942306e-01 -8.652847e-01 3.823116e+00
6.943306e-01 -9.518631e-01 3.816280e+00
6.944306e-01 -9.363851e-01 3.809255e+00
6.945305e-01 -1.065883e+00 3.802062e+00
6.946305e-01 -9.452991e-01 3.794728e+00
6.947305e-01 -9.687005e-01 3.787277e+00
6.948305e-01 -9.543394e-01 3.779736e+00
6.949305e-01 -9.301868e-01 3.772132e+00
6.950305e-01 -9.498424e-01 3.764491e+00
6.951305e-01 -9.633599e-01 3.756840e+00
6.952305e-01 -9.073767e-01 3.749207e+00
6.953305e-01 -9.546287e-01 3.741620e+00
6.954305e-01 -1.059869e+00 3.734105e+00
6.955304e-01 -1.043843e+00 3.726688e+00
6.956304e-01 -9.923447e-01 3.719396e+00
6.957304e-01 -9.312911e-01 3.712255e+00
6.958304e-01 -9.421282e-01 3.705287e+00
6.959304e-01 -1.081815e+00 3.698518e+00
6.960304e-01 -1.038816e+00 3.691969e+00
6.961304e-01 -1.006160e+00 3.685662e+00
6.962304e-01 -9.575202e-01 3.679617e+00
6.963304e-01 -9.960862e-01 3.673853e+00
6.964304e-01 -9.930192e-01 3.668387e+00
6.965303e-01 -1.175311e+00 3.663234e+00
6.966303e-01 -1.001527e+00 3.658410e+00
6.967303e-01 -1.025434e+00 3.653926e+00
6.968303e-01 -1.041676e+00 3.649794e+00
6.969303e-01 -1.008131e+00 3.646024e+00
6.970303e-01 -1.034209e+00 3.642623e+00
6.971303e-01 -1.063619e+00 3.639599e+00
6.972303e-01 -1.059620e+00 3.636955e+00
6.973303e-01 -1.047374e+00 3.634696e+00
6.974303e-01 -1.014280e+00 3.632823e+00
6.975302e-01 -1.031491e+00 3.631336e+00
6.976302e-01 -1.078009e+00 3.630235e+00
6.977302e-01 -1.068326e+00 3.629517e+00
6.978302e-01 -1.061526e+00 3.629178e+00
6.979302e-01 -1.096204e+00 3.629213e+00
6.980302e-01 -1.023036e+00 3.629617e+00
6.981302e-01 -1.085127e+00 3.630381e+00
6.982302e-01 -1.065624e+00 3.631496e+00
6.983302e-01 -1.046476e+00 3.632955e+00
6.984302e-01 -1.036872e+00 3.634745e+00
6.985301e-01 -1.081567e+00 3.636855e+00
6.986301e-01 -1.126473e+00 3.639273e+00
6.987301e-01 -1.068686e+00 3.641986e+00
6.988301e-01 -9.597887e-01 3.644979e+00
6.989301e-01 -9.814438e-01 3.648237e+00
6.990301e-01 -9.659792e-01 3.651745e+00
6.991301e-01 -9.739159e-01 3.655487e+00
6.992301e-01 -9.526173e-01 3.659444e+00
6.993301e-01 -1.024823e+00 3.663600e+00
6.994301e-01 -1.057778e+00 3.667937e+00
6.995300e-01 -9.772419e-01 3.672435e+00
6.996300e-01 -9.844291e-01 3.677074e+00
6.997300e-01 -1.039632e+00 3.681835e+00
6.998300e-01 -9.583950e-01 3.686697e+00
6.999300e-01 -1.002905e+00 3.691639e+00
7.000300e-01 -9.497095e-01 3.696639e+00
7.001300e-01 -9.330751e-01 3.701676e+00
7.002300e-01 -9.059435e-01 3.706726e+00
7.003300e-01 -8.665405e-01 3.711766e+00
7.004300e-01 -1.016328e+00 3.716774e+00
7.005299e-01 -9.163575e-01 3.721725e+00
7.006299e-01 -8.741264e-01 3.726596e+00
7.007299e-01 -8.758882e-01 3.731362e+00
7.008299e-01 -9.231115e-01 3.735998e+00
7.009299e-01 -8.673670e-01 3.740480e+00
7.010299e-01 -7.824715e-01 3.744783e+00
7.011299e-01 -8.310269e-01 3.748882e+00
7.012299e-01 -8.867690e-01 3.752753e+00
7.013299e-01 -9.417816e-01 3.756370e+00
7.014299e-01 -9.346573e-01 3.759709e+00
7.015298e-01 -8.289405e-01 3.762746e+00
7.016298e-01 -8.333339e-01 3.765459e+00
7.017298e-01 -9.066938e-01 3.767823e+00
7.018298e-01 -9.151858e-01 3.769818e+00
7.019298e-01 -7.771437e-01 3.771422e+00
7.020298e-01 -8.781279e-01 3.772615e+00
7.021298e-01 -8.197583e-01 3.773380e+00
7.022298e-01 -8.974349e-01 3.773698e+00
7.023298e-01 -8.860848e-01 3.773555e+00
7.024298e-01 -8.238333e-01 3.772938e+00
7.025297e-01 -8.046311e-01 3.771835e+00
7.026297e-01 -7.833247e-01 3.770237e+00
7.027297e-01 -9.046837e-01 3.768139e+00
7.028297e-01 -8.529238e-01 3.765535e+00
7.029297e-01 -8.477626e-01 3.762426e+00
7.030297e-01 -9.374446e-01 3.758814e+00
7.031297e-01 -8.344673e-01 3.754702e+00
7.032297e-01 -8.842976e-01 3.750100e+00
7.033297e-01 -7.561035e-01 3.745018e+00
7.034297e-01 -8.980534e-01 3.739470e+00
7.035296e-01 -8.194859e-01 3.733476e+00
7.036296e-01 -9.658442e-01 3.727054e+00
7.037296e-01 -8.785160e-01 3.720228e+00
7.038296e-01 -9.779415e-01 3.713025e+00
7.039296e-01 -9.259036e-01 3.705474e+00
7.040296e-01 -8.385980e-01 3.697606e+00
7.041296e-01 -8.950050e-01 3.689454e+00
7.042296e-01 -8.583799e-01 3.681054e+00
7.043296e-01 -9.089393e-01 3.672442e+00
7.044296e-01 -9.155006e-01 3.663657e+00
7.045295e-01 -8.628443e-01 3.654736e+00
7.046295e-01 -9.794999e-01 3.645720e+00
7.047295e-01 -8.851497e-01 3.636646e+00
7.048295e-01 -9.012937e-01 3.627554e+00
7.049295e-01 -1.027523e+00 3.618482e+00
7.050295e-01 -1.049673e+00 3.609467e+00
7.051295e-01 -9.092042e-01 3.600544e+00
7.052295e-01 -9.232270e-01 3.591748e+00
7.053295e-01 -9.556401e-01 3.583110e+00
7.054295e-01 -9.588492e-01 3.574660e+00
7.055294e-01 -1.092263e+00 3.566427e+00
7.056294e-01 -9.342716e-01 3.558435e+00
7.057294e-01 -1.027039e+00 3.550708e+00
7.058294e-01 -1.010583e+00 3.543265e+00
7.059294e-01 -9.677629e-01 3.536126e+00
7.060294e-01 -1.069659e+00 3.529305e+00
7.061294e-01 -1.034597e+00 3.522815e+00
7.062294e-01 -9.863318e-01 3.516668e+00
7.063294e-01 -1.034321e+00 3.510872e+00
7.064294e-01 -1.001356e+00 3.505433e+00
7.065293e-01 -1.010473e+00 3.500356e+00
7.066293e-01 -1.007270e+00 3.495644e+00
7.067293e-01 -1.064057e+00 3.491299e+00
7.068293e-01 -1.077206e+00 3.487321e+00
7.069293e-01 -1.135402e+00 3.483708e+00
7.070293e-01 -1.007724e+00 3.480459e+00
7.071293e-01 -1.109964e+00 3.477571e+00
7.072293e-01 -1.121745e+00 3.475040e+00
7.073293e-01 -1.014905e+00 3.472861e+00
7.074293e-01 -1.062128e+00 3.471031e+00
7.075292e-01 -9.669956e-01 3.469543e+00
7.076292e-01 -1.047451e+00 3.468393e+00
7.077292e-01 -1.109961e+00 3.467575e+00
7.078292e-01 -1.156790e+00 3.467083e+00
7.079292e-01 -1.059142e+00 3.466910e+00
7.080292e-01 -1.022627e+00 3.467050e+00
7.081292e-01 -1.016055e+00 3.467496e+00
7.082292e-01 -9.976728e-01 3.468242e+00
7.083292e-01 -1.103792e+00 3.469280e+00
7.084292e-01 -1.037397e+00 3.470602e+00
7.085291e-01 -1.062563e+00 3.472200e+00
7.086291e-01 -9.667227e-01 3.474064e+00
7.087291e-01 -1.029121e+00 3.476187e+00
7.088291e-01 -1.036100e+00 3.478556e+00
7.089291e-01 -1.055410e+00 3.481160e+00
7.090291e-01 -1.007084e+00 3.483989e+00
7.091291e-01 -9.708999e-01 3.487027e+00
7.092291e-01 -1.020373e+00 3.490262e+00
7.093291e-01 -1.019196e+00 3.493677e+00
7.094291e-01 -9.963443e-01 3.497256e+00
7.095290e-01 -1.029100e+00 3.500980e+00
7.096290e-01 -9.315791e-01 3.504832e+00
7.097290e-01 -8.710869e-01 3.508790e+00
7.098290e-01 -1.004183e+00 3.512832e+00
7.099290e-01 -1.021912e+00 3.516937e+00
7.100290e-01 -9.389370e-01 3.521079e+00
7.101290e-01 -8.502942e-01 3.525236e+00
7.102290e-01 -8.815458e-01 3.529380e+00
7.103290e-01 -9.536234e-01 3.533486e+00
7.104290e-01 -9.841938e-01 3.537527e+00
7.105289e-01 -8.586694e-01 3.541475e+00
7.106289e-01 -9.087651e-01 3.545305e+00
7.107289e-01 -9.005691e-01 3.548988e+00
7.108289e-01 -9.561792e-01 3.552498e+00
7.109289e-01 -9.784284e-01 3.555808e+00
7.110289e-01 -9.536147e-01 3.558892e+00
7.111289e-01 -8.748608e-01 3.561726e+00
7.112289e-01 -8.687105e-01 3.564287e+00
7.113289e-01 -8.831573e-01 3.566552e+00
7.114289e-01 -9.195640e-01 3.568499e+00
7.115288e-01 -9.450135e-01 3.570111e+00
7.116288e-01 -8.331893e-01 3.571369e+00
7.117288e-01 -8.383771e-01 3.572259e+00
7.118288e-01 -8.983530e-01 3.572767e+00
7.119288e-01 -7.986689e-01 3.572882e+00
7.120288e-01 -9.510991e-01 3.572594e+00
7.121288e-01 -9.452304e-01 3.571897e+00
7.122288e-01 -9.158457e-01 3.570787e+00
7.123288e-01 -8.381602e-01 3.569260e+00
7.124288e-01 -8.945958e-01 3.567316e+00
7.125287e-01 -9.583571e-01 3.564957e+00
7.126287e-01 -8.504467e-01 3.562187e+00
7.127287e-01 -8.488759e-01 3.559011e+00
7.128287e-01 -8.309619e-01 3.555437e+00
7.129287e-01 -8.740113e-01 3.551473e+00
7.130287e-01 -8.439262e-01 3.547131e+00
7.131287e-01 -8.944301e-01 3.542422e+00
7.132287e-01 -8.822763e-01 3.537361e+00
7.133287e-01 -8.980838e-01 3.531961e+00
7.134287e-01 -8.848790e-01 3.526238e+00
7.135286e-01 -8.576546e-01 3.520209e+00
7.136286e-01 -8.650176e-01 3.513892e+00
7.137286e-01 -8.867129e-01 3.507305e+00
7.138286e-01 -9.539444e-01 3.500466e+00
7.139286e-01 -9.178831e-01 3.493396e+00
7.140286e-01 -9.004541e-01 3.486112e+00
7.141286e-01 -9.185591e-01 3.478637e+00
7.142286e-01 -9.148458e-01 3.470989e+00
7.143286e-01 -9.175969e-01 3.463190e+00
7.144286e-01 -9.477241e-01 3.455260e+00
7.145285e-01 -9.982809e-01 3.447220e+00
7.146285e-01 -9.485840e-01 3.439090e+00
7.147285e-01 -9.874512e-01 3.430891e+00
7.148285e-01 -1.012366e+00 3.422644e+00
7.149285e-01 -9.867541e-01 3.414369e+00
7.150285e-01 -9.494585e-01 3.406086e+00
7.151285e-01 -9.654055e-01 3.397816e+00
7.152285e-01 -9.627574e-01 3.389579e+00
7.153285e-01 -1.115118e+00 3.381394e+00
7.154285e-01 -1.070291e+00 3.373282e+00
7.155284e-01 -1.063463e+00 3.365262e+00
7.156284e-01 -1.043916e+00 3.357353e+00
7.157284e-01 -9.785230e-01 3.349574e+00
7.158284e-01 -1.090097e+00 3.341945e+00
7.159284e-01 -1.028410e+00 3.334482e+00
7.160284e-01 -1.053698e+00 3.327205e+00
7.161284e-01 -1.070343e+00 3.320131e+00
7.162284e-01 -1.002377e+00 3.313277e+00
7.163284e-01 -1.026966e+00 3.306661e+00
7.164284e-01 -1.047226e+00 3.300299e+00
7.165283e-01 -1.067297e+00 3.294206e+00
7.166283e-01 -1.020387e+00 3.288398e+00
7.167283e-01 -1.107602e+00 3.282889e+00
7.168283e-01 -1.065043e+00 3.277693e+00
7.169283e-01 -9.764538e-01 3.272823e+00
7.170283e-01 -1.034616e+00 3.268292e+00
7.171283e-01 -1.022780e+00 3.264109e+00
7.172283e-01 -1.146088e+00 3.260286e+00
7.173283e-01 -1.106499e+00 3.256831e+00
7.174283e-01 -1.082070e+00 3.253752e+00
7.175282e-01 -1.005073e+00 3.251055e+00
7.176282e-01 -1.060504e+00 3.248745e+00
7.177282e-01 -1.140688e+00 3.246826e+00
7.178282e-01 -1.225269e+00 3.245299e+00
7.179282e-01 -1.168961e+00 3.244164e+00
7.180282e-01 -1.084571e+00 3.243421e+00
7.181282e-01 -1.112417e+00 3.243065e+00
7.182282e-01 -1.149766e+00 3.243092e+00
7.183282e-01 -1.102558e+00 3.243495e+00
7.184282e-01 -1.058729e+00 3.244265e+00
7.185281e-01 -1.027038e+00 3.245392e+00
7.186281e-01 -1.084989e+00 3.246863e+00
7.187281e-01 -1.034047e+00 3.248663e+00
7.188281e-01 -1.048618e+00 3.250776e+00
7.189281e-01 -1.057191e+00 3.253185e+00
7.190281e-01 -1.044206e+00 3.255869e+00
7.191281e-01 -9.970468e-01 3.258808e+00
7.192281e-01 -1.072589e+00 3.261979e+00
7.193281e-01 -9.976764e-01 3.265358e+00
7.194281e-01 -1.012178e+00 3.268919e+00
7.195280e-01 -1.001674e+00 3.272635e+00
7.196280e-01 -1.037714e+00 3.276481e+00
7.197280e-01 -9.944079e-01 3.280426e+00
7.198280e-01 -9.078580e-01 3.284444e+00
7.199280e-01 -9.250298e-01 3.288504e+00
7.200280e-01 -9.690565e-01 3.292577e+00
7.201280e-01 -9.557415e-01 3.296634e+00
7.202280e-01 -9.643304e-01 3.300646e+00
7.203280e-01 -9.293355e-01 3.304585e+00
7.204280e-01 -9.822900e-01 3.308421e+00
7.205279e-01 -9.959825e-01 3.312127e+00
7.206279e-01 -8.722653e-01 3.315677e+00
7.207279e-01 -8.897198e-01 3.319044e+00
7.208279e-01 -1.003344e+00 3.322205e+00
7.209279e-01 -9.713169e-01 3.325136e+00
7.210279e-01 -9.408425e-01 3.327815e+00
7.211279e-01 -9.446380e-01 3.330223e+00
7.212279e-01 -9.271391e-01 3.332339e+00
7.213279e-01 -8.957699e-01 3.334148e+00
7.214279e-01 -9.441398e-01 3.335633e+00
7.215278e-01 -8.613748e-01 3.336780e+00
7.216278e-01 -9.066692e-01 3.337579e+00
7.217278e-01 -9.836221e-01 3.338017e+00
7.218278e-01 -8.797878e-01 3.338088e+00
7.219278e-01 -9.589280e-01 3.337782e+00
7.220278e-01 -8.449595e-01 3.337096e+00
7.221278e-01 -9.778002e-01 3.336026e+00
7.222278e-01 -9.119983e-01 3.334569e+00
7.223278e-01 -8.754378e-01 3.332725e+00
7.224278e-01 -9.576890e-01 3.330494e+00
7.225277e-01 -8.398257e-01 3.327878e+00
7.226277e-01 -9.323316e-01 3.324881e+00
7.227277e-01 -8.908206e-01 3.321508e+00
7.228277e-01 -8.457870e-01 3.317765e+00
7.229277e-01 -8.660376e-01 3.313657e+00
7.230277e-01 -8.946854e-01 3.309194e+00
7.231277e-01 -8.462864e-01 3.304383e+00
7.232277e-01 -9.614925e-01 3.299236e+00
7.233277e-01 -8.573071e-01 3.293762e+00
7.234277e-01 -8.698771e-01 3.287974e+00
7.235276e-01 -9.466388e-01 3.281883e+00
7.236276e-01 -9.193771e-01 3.275502e+00
7.237276e-01 -9.293756e-01 3.268846e+00
7.238276e-01 -9.539004e-01 3.261928e+00
7.239276e-01 -8.047770e-01 3.254764e+00
7.240276e-01 -9.389364e-01 3.247370e+00
7.241276e-01 -9.176885e-01 3.239763e+00
7.242276e-01 -9.553999e-01 3.231958e+00
7.243276e-01 -8.533808e-01 3.223975e+00
7.244276e-01 -9.141335e-01 3.215831e+00
7.245275e-01 -1.032498e+00 3.207544e+00
7.246275e-01 -9.485465e-01 3.199136e+00
7.247275e-01 -9.959752e-01 3.190626e+00
7.248275e-01 -9.118783e-01 3.182034e+00
7.249275e-01 -9.103241e-01 3.173381e+00
7.250275e-01 -9.880943e-01 3.164691e+00
7.251275e-01 -1.010163e+00 3.155983e+00
7.252275e-01 -9.852623e-01 3.147282e+00
7.253275e-01 -9.815645e-01 3.138611e+00
7.254275e-01 -1.040083e+00 3.129992e+00
7.255274e-01 -1.076958e+00 3.121449e+00
7.256274e-01 -9.649137e-01 3.113006e+00
7.257274e-01 -9.744211e-01 3.104687e+00
7.258274e-01 -1.057797e+00 3.096516e+00
7.259274e-01 -1.127148e+00 3.088515e+00
7.260274e-01 -1.032826e+00 3.080709e+00
7.261274e-01 -1.082598e+00 3.073121e+00
7.262274e-01 -1.036608e+00 3.065772e+00
7.263274e-01 -1.138249e+00 3.058684e+00
7.264274e-01 -1.028593e+00 3.051878e+00
7.265273e-01 -1.145415e+00 3.045373e+00
7.266273e-01 -1.004681e+00 3.039189e+00
7.267273e-01 -1.080942e+00 3.033342e+00
7.268273e-01 -1.065124e+00 3.027847e+00
7.269273e-01 -1.002707e+00 3.022719e+00
7.270273e-01 -1.030941e+00 3.017970e+00
7.271273e-01 -1.091725e+00 3.013611e+00
7.272273e-01 -1.172823e+00 3.009650e+00
7.273273e-01 -1.049124e+00 3.006093e+00
7.274273e-01 -1.095071e+00 3.002945e+00
7.275272e-01 -1.125655e+00 3.000209e+00
7.276272e-01 -1.124988e+00 2.997883e+00
7.277272e-01 -1.100851e+00 2.995966e+00
7.278272e-01 -1.087048e+00 2.994454e+00
7.279272e-01 -1.077129e+00 2.993341e+00
7.280272e-01 -1.131507e+00 2.992617e+00
7.281272e-01 -1.137994e+00 2.992274e+00
7.282272e-01 -1.102487e+00 2.992299e+00
7.283272e-01 -1.010920e+00 2.992678e+00
7.284272e-01 -1.057041e+00 2.993396e+00
7.285271e-01 -1.072148e+00 2.994435e+00
7.286271e-01 -9.851844e-01 2.995779e+00
7.287271e-01 -1.119349e+00 2.997407e+00
7.288271e-01 -1.107401e+00 2.999300e+00
7.289271e-01 -9.930122e-01 3.001437e+00
7.290271e-01 -9.420427e-01 3.003795e+00
7.291271e-01 -1.075588e+00 3.006353e+00
7.292271e-01 -1.094331e+00 3.009088e+00
7.293271e-01 -1.110157e+00 3.011977e+00
7.294271e-01 -1.109478e+00 3.014997e+00
7.295270e-01 -9.379114e-01 3.018125e+00
7.296270e-01 -1.004363e+00 3.021339e+00
7.297270e-01 -1.051786e+00 3.024616e+00
7.298270e-01 -9.999308e-01 3.027933e+00
7.299270e-01 -1.004350e+00 3.031268e+00
7.300270e-01 -9.488713e-01 3.034599e+00
7.301270e-01 -9.935699e-01 3.037906e+00
7.302270e-01 -1.005009e+00 3.041168e+00
7.303270e-01 -1.068031e+00 3.044365e+00
7.304270e-01 -9.090798e-01 3.047476e+00
7.305269e-01 -9.021077e-01 3.050482e+00
7.306269e-01 -9.282182e-01 3.053365e+00
7.307269e-01 -9.610476e-01 3.056108e+00
7.308269e-01 -9.225686e-01 3.058691e+00
7.309269e-01 -1.020151e+00 3.061098e+00
7.310269e-01 -9.448841e-01 3.063313e+00
7.311269e-01 -9.559482e-01 3.065318e+00
7.312269e-01 -9.852243e-01 3.067099e+00
7.313269e-01 -9.734952e-01 3.068641e+00
7.314269e-01 -9.378913e-01 3.069928e+00
7.315268e-01 -8.490841e-01 3.070946e+00
7.316268e-01 -9.604119e-01 3.071682e+00
7.317268e-01 -8.596781e-01 3.072121e+00
7.318268e-01 -9.003916e-01 3.072253e+00
7.319268e-01 -9.144502e-01 3.072063e+00
7.320268e-01 -8.625860e-01 3.071541e+00
7.321268e-01 -9.345579e-01 3.070676e+00
7.322268e-01 -8.289997e-01 3.069457e+00
7.323268e-01 -8.605117e-01 3.067875e+00
7.324268e-01 -8.590002e-01 3.065921e+00
7.325267e-01 -9.344907e-01 3.063588e+00
7.326267e-01 -9.717566e-01 3.060868e+00
7.327267e-01 -9.293745e-01 3.057758e+00
7.328267e-01 -9.199119e-01 3.054251e+00
7.329267e-01 -8.924948e-01 3.050346e+00
7.330267e-01 -9.453306e-01 3.046041e+00
7.331267e-01 -8.354779e-01 3.041336e+00
7.332267e-01 -8.601767e-01 3.036234e+00
7.333267e-01 -8.588883e-01 3.030737e+00
7.334267e-01 -8.735659e-01 3.024851e+00
7.335266e-01 -9.488405e-01 3.018585e+00
7.336266e-01 -8.399592e-01 3.011948e+00
7.337266e-01 -8.138556e-01 3.004951e+00
7.338266e-01 -8.095083e-01 2.997609e+00
7.339266e-01 -9.211867e-01 2.989938e+00
7.340266e-01 -1.031960e+00 2.981956e+00
7.341266e-01 -9.184542e-01 2.973683e+00
7.342266e-01 -9.374655e-01 2.965142e+00
7.343266e-01 -9.726241e-01 2.956358e+00
7.344266e-01 -9.387740e-01 2.947357e+00
7.345265e-01 -9.593027e-01 2.938167e+00
7.346265e-01 -9.198068e-01 2.928818e+00
7.347265e-01 -9.676886e-01 2.919340e+00
7.348265e-01 -9.701800e-01 2.909765e+00
7.349265e-01 -9.203825e-01 2.900127e+00
7.350265e-01 -1.007090e+00 2.890458e+00
7.351265e-01 -9.867132e-01 2.880793e+00
7.352265e-01 -1.071277e+00 2.871165e+00
7.353265e-01 -1.141761e+00 2.861607e+00
7.354265e-01 -9.772638e-01 2.852154e+00
7.355264e-01 -9.913933e-01 2.842836e+00
7.356264e-01 -1.022621e+00 2.833686e+00
7.357264e-01 -1.114471e+00 2.824734e+00
7.358264e-01 -1.091265e+00 2.816007e+00
7.359264e-01 -1.062647e+00 2.807533e+00
7.360264e-01 -9.583601e-01 2.799336e+00
7.361264e-01 -1.083786e+00 2.791440e+00
7.362264e-01 -1.044303e+00 2.783865e+00
7.363264e-01 -1.029224e+00 2.776631e+00
7.364264e-01 -1.018901e+00 2.769754e+00
7.365263e-01 -1.044667e+00 2.763248e+00
7.366263e-01 -1.107145e+00 2.757125e+00
7.367263e-01 -1.123553e+00 2.751395e+00
7.368263e-01 -1.118949e+00 2.746066e+00
7.369263e-01 -1.005086e+00 2.741144e+00
7.370263e-01 -1.057914e+00 2.736631e+00
7.371263e-01 -1.141731e+00 2.732529e+00
7.372263e-01 -1.136116e+00 2.728839e+00
7.373263e-01 -9.821393e-01 2.725558e+00
7.374263e-01 -1.075826e+00 2.722682e+00
7.375262e-01 -1.100852e+00 2.720206e+00
7.376262e-01 -1.097534e+00 2.718124e+00
7.377262e-01 -1.035841e+00 2.716428e+00
7.378262e-01 -1.168268e+00 2.715109e+00
7.379262e-01 -1.099942e+00 2.714156e+00
7.380262e-01 -1.124074e+00 2.713558e+00
7.381262e-01 -1.099481e+00 2.713304e+00
7.382262e-01 -1.049192e+00 2.713380e+00
7.383262e-01 -1.068969e+00 2.713773e+00
7.384262e-01 -1.132939e+00 2.714469e+00
7.385261e-01 -1.025487e+00 2.715452e+00
7.386261e-01 -1.121098e+00 2.716708e+00
7.387261e-01 -1.077621e+00 2.718220e+00
7.388261e-01 -1.042825e+00 2.719973e+00
7.389261e-01 -9.673949e-01 2.721949e+00
7.390261e-01 -1.130663e+00 2.724130e+00
7.391261e-01 -1.002768e+00 2.726501e+00
7.392261e-01 -1.029384e+00 2.729042e+00
7.393261e-01 -1.081272e+00 2.731735e+00
7.394261e-01 -1.061862e+00 2.734562e+00
7.395260e-01 -1.097442e+00 2.737505e+00
7.396260e-01 -1.001351e+00 2.740543e+00
7.397260e-01 -9.002424e-01 2.743658e+00
7.398260e-01 -1.085982e+00 2.746830e+00
7.399260e-01 -1.083895e+00 2.750038e+00
7.400260e-01 -8.832194e-01 2.753264e+00
7.401260e-01 -1.077679e+00 2.756486e+00
7.402260e-01 -9.978024e-01 2.759684e+00
7.403260e-01 -9.757481e-01 2.762838e+00
7.404260e-01 -9.232071e-01 2.765927e+00
7.405259e-01 -9.355800e-01 2.768929e+00
7.406259e-01 -1.001992e+00 2.771825e+00
7.407259e-01 -8.844183e-01 2.774592e+00
7.408259e-01 -9.264418e-01 2.777212e+00
7.409259e-01 -1.019485e+00 2.779662e+00
7.410259e-01 -1.013928e+00 2.781923e+00
7.411259e-01 -9.366389e-01 2.783974e+00
7.412259e-01 -8.635236e-01 2.785795e+00
7.413259e-01 -9.801655e-01 2.787368e+00
7.414259e-01 -8.945783e-01 2.788673e+00
7.415258e-01 -8.698759e-01 2.789692e+00
7.416258e-01 -9.301238e-01 2.790408e+00
7.417258e-01 -9.401324e-01 2.790805e+00
7.418258e-01 -9.017456e-01 2.790867e+00
7.419258e-01 -1.012232e+00 2.790579e+00
7.420258e-01 -9.123443e-01 2.789928e+00
7.421258e-01 -9.468267e-01 2.788903e+00
7.422258e-01 -9.888581e-01 2.787493e+00
7.423258e-01 -9.191372e-01 2.785690e+00
7.424258e-01 -9.094648e-01 2.783485e+00
7.425257e-01 -9.263380e-01 2.780875e+00
7.426257e-01 -8.801493e-01 2.777854e+00
7.427257e-01 -9.808051e-01 2.774423e+00
7.428257e-01 -8.486462e-01 2.770581e+00
7.429257e-01 -9.216858e-01 2.766331e+00
7.430257e-01 -9.027678e-01 2.761678e+00
7.431257e-01 -8.874002e-01 2.756628e+00
7.432257e-01 -9.306423e-01 2.751192e+00
7.433257e-01 -9.131552e-01 2.745379e+00
7.434257e-01 -8.299770e-01 2.739203e+00
7.435256e-01 -8.802269e-01 2.732680e+00
7.436256e-01 -8.473110e-01 2.725827e+00
7.437256e-01 -9.292325e-01 2.718662e+00
7.438256e-01 -9.633040e-01 2.711207e+00
7.439256e-01 -1.002707e+00 2.703484e+00
7.440256e-01 -9.564927e-01 2.695516e+00
7.441256e-01 -9.534060e-01 2.687328e+00
7.442256e-01 -9.320571e-01 2.678947e+00
7.443256e-01 -9.877401e-01 2.670399e+00
7.444256e-01 -9.291710e-01 2.661711e+00
7.445255e-01 -9.935366e-01 2.652910e+00
7.446255e-01 -9.008958e-01 2.644026e+00
7.447255e-01 -1.033337e+00 2.635086e+00
7.448255e-01 -1.050398e+00 2.626116e+00
7.449255e-01 -9.903545e-01 2.617145e+00
7.450255e-01 -1.061816e+00 2.608200e+00
7.451255e-01 -1.119624e+00 2.599305e+00
7.452255e-01 -9.846946e-01 2.590486e+00
7.453255e-01 -9.579854e-01 2.581767e+00
7.454255e-01 -1.114336e+00 2.573170e+00
7.455254e-01 -1.073351e+00 2.564717e+00
7.456254e-01 -9.730751e-01 2.556429e+00
7.457254e-01 -1.059766e+00 2.548325e+00
7.458254e-01 -1.130492e+00 2.540421e+00
7.459254e-01 -9.988409e-01 2.532735e+00
7.460254e-01 -1.018604e+00 2.525282e+00
7.461254e-01 -1.106301e+00 2.518076e+00
7.462254e-01 -1.059834e+00 2.511129e+00
7.463254e-01 -1.091020e+00 2.504452e+00
7.464254e-01 -1.068121e+00 2.498058e+00
7.465253e-01 -1.007169e+00 2.491954e+00
7.466253e-01 -1.048619e+00 2.486150e+00
7.467253e-01 -1.069539e+00 2.480654e+00
7.468253e-01 -1.127081e+00 2.475472e+00
7.469253e-01 -1.146110e+00 2.470612e+00
7.470253e-01 -1.107212e+00 2.466078e+00
7.471253e-01 -1.139037e+00 2.461878e+00
7.472253e-01 -1.004611e+00 2.458015e+00
7.473253e-01 -1.079925e+00 2.454495e+00
7.474253e-01 -1.056423e+00 2.451320e+00
7.475252e-01 -1.115598e+00 2.448496e+00
7.476252e-01 -1.134975e+00 2.446025e+00
7.477252e-01 -1.099946e+00 2.443910e+00
7.478252e-01 -1.092063e+00 2.442154e+00
7.479252e-01 -1.010472e+00 2.440757e+00
7.480252e-01 -1.039849e+00 2.439723e+00
7.481252e-01 -1.039190e+00 2.439050e+00
7.482252e-01 -1.084535e+00 2.438738e+00
7.483252e-01 -1.026416e+00 2.438786e+00
7.484252e-01 -1.108819e+00 2.439191e+00
7.485251e-01 -1.189053e+00 2.439950e+00
7.486251e-01 -1.132627e+00 2.441057e+00
7.487251e-01 -1.171704e+00 2.442505e+00
7.488251e-01 -1.107650e+00 2.444286e+00
7.489251e-01 -1.104158e+00 2.446391e+00
7.490251e-01 -1.066530e+00 2.448806e+00
7.491251e-01 -1.100151e+00 2.451517e+00
7.492251e-01 -1.028941e+00 2.454510e+00
7.493251e-01 -1.020923e+00 2.457764e+00
7.494251e-01 -1.095910e+00 2.461261e+00
7.495250e-01 -9.534848e-01 2.464977e+00
7.496250e-01 -1.036627e+00 2.468887e+00
7.497250e-01 -9.372863e-01 2.472966e+00
7.498250e-01 -1.067199e+00 2.477184e+00
7.499250e-01 -9.992115e-01 2.481512e+00
7.500250e-01 -8.861382e-01 2.485917e+00
7.501250e-01 -9.358924e-01 2.490367e+00
7.502250e-01 -9.903654e-01 2.494827e+00
7.503250e-01 -9.365577e-01 2.499264e+00
7.504250e-01 -9.422463e-01 2.503640e+00
7.505249e-01 -1.003970e+00 2.507922e+00
7.506249e-01 -8.823322e-01 2.512073e+00
7.507249e-01 -8.263511e-01 2.516060e+00
7.508249e-01 -9.831701e-01 2.519848e+00
7.509249e-01 -9.692603e-01 2.523404e+00
7.510249e-01 -9.621421e-01 2.526697e+00
7.511249e-01 -9.430084e-01 2.529699e+00
7.512249e-01 -9.725400e-01 2.532381e+00
7.513249e-01 -9.362078e-01 2.534718e+00
7.514249e-01 -8.925049e-01 2.536687e+00
7.515248e-01 -8.396035e-01 2.538269e+00
7.516248e-01 -8.646848e-01 2.539445e+00
7.517248e-01 -8.957781e-01 2.540202e+00
7.518248e-01 -9.459311e-01 2.540526e+00
7.519248e-01 -8.522667e-01 2.540409e+00
7.520248e-01 -8.494246e-01 2.539844e+00
7.521248e-01 -9.255067e-01 2.538828e+00
7.522248e-01 -8.004024e-01 2.537360e+00
7.523248e-01 -8.877043e-01 2.535441e+00
7.524248e-01 -9.581723e-01 2.533075e+00
7.525247e-01 -9.070313e-01 2.530268e+00
7.526247e-01 -9.317665e-01 2.527029e+00
7.527247e-01 -9.451492e-01 2.523366e+00
7.528247e-01 -9.013859e-01 2.519293e+00
7.529247e-01 -9.492520e-01 2.514822e+00
7.530247e-01 -9.052147e-01 2.509968e+00
7.531247e-01 -9.786084e-01 2.504747e+00
7.532247e-01 -9.612688e-01 2.499175e+00
7.533247e-01 -8.860832e-01 2.493272e+00
7.534247e-01 -9.414881e-01 2.487054e+00
7.535246e-01 -8.436423e-01 2.480542e+00
7.536246e-01 -9.429135e-01 2.473755e+00
7.537246e-01 -1.097958e+00 2.466712e+00
7.538246e-01 -9.164924e-01 2.459435e+00
7.539246e-01 -8.548540e-01 2.451943e+00
7.540246e-01 -9.524918e-01 2.444258e+00
7.541246e-01 -9.580823e-01 2.436399e+00
7.542246e-01 -9.142352e-01 2.428386e+00
7.543246e-01 -9.638620e-01 2.420242e+00
7.544246e-01 -1.010581e+00 2.411985e+00
7.545245e-01 -8.869028e-01 2.403636e+00
7.546245e-01 -1.030842e+00 2.395216e+00
7.547245e-01 -1.017474e+00 2.386744e+00
7.548245e-01 -1.052859e+00 2.378240e+00
7.549245e-01 -9.124637e-01 2.369723e+00
7.550245e-01 -1.004178e+00 2.361214e+00
7.551245e-01 -9.710637e-01 2.352732e+00
7.552245e-01 -9.408859e-01 2.344297e+00
7.553245e-01 -1.042659e+00 2.335927e+00
7.554245e-01 -1.178414e+00 2.327642e+00
7.555244e-01 -1.067889e+00 2.319460e+00
7.556244e-01 -9.998650e-01 2.311402e+00
7.557244e-01 -9.798897e-01 2.303486e+00
7.558244e-01 -1.131922e+00 2.295730e+00
7.559244e-01 -1.009772e+00 2.288153e+00
7.560244e-01 -1.060168e+00 2.280775e+00
7.561244e-01 -1.024618e+00 2.273612e+00
7.562244e-01 -1.085905e+00 2.266684e+00
7.563244e-01 -1.102098e+00 2.260007e+00
7.564244e-01 -1.073650e+00 2.253599e+00
7.565243e-01 -1.140302e+00 2.247476e+00
7.566243e-01 -1.092814e+00 2.241656e+00
7.567243e-01 -1.142679e+00 2.236152e+00
7.568243e-01 -1.081303e+00 2.230979e+00
7.569243e-01 -1.081758e+00 2.226151e+00
7.570243e-01 -1.080555e+00 2.221680e+00
7.571243e-01 -1.072348e+00 2.217578e+00
7.572243e-01 -1.003410e+00 2.213853e+00
7.573243e-01 -1.030710e+00 2.210514e+00
7.574243e-01 -1.105078e+00 2.207568e+00
7.575242e-01 -1.131585e+00 2.205019e+00
7.576242e-01 -1.041888e+00 2.202870e+00
7.577242e-01 -1.145016e+00 2.201122e+00
7.578242e-01 -1.140827e+00 2.199775e+00
7.579242e-01 -1.090522e+00 2.198824e+00
7.580242e-01 -1.083706e+00 2.198265e+00
7.581242e-01 -1.144309e+00 2.198091e+00
7.582242e-01 -1.085758e+00 2.198292e+00
7.583242e-01 -1.132674e+00 2.198856e+00
7.584242e-01 -1.103667e+00 2.199772e+00
7.585241e-01 -1.008200e+00 2.201024e+00
7.586241e-01 -1.057400e+00 2.202595e+00
7.587241e-01 -1.076466e+00 2.204466e+00
7.588241e-01 -1.112936e+00 2.206619e+00
7.589241e-01 -1.079482e+00 2.209032e+00
7.590241e-01 -1.021086e+00 2.211683e+00
7.591241e-01 -1.034089e+00 2.214550e+00
7.592241e-01 -1.081163e+00 2.217608e+00
7.593241e-01 -1.014337e+00 2.220834e+00
7.594241e-01 -1.057941e+00 2.224202e+00
7.595240e-01 -1.020331e+00 2.227689e+00
7.596240e-01 -9.762588e-01 2.231270e+00
7.597240e-01 -1.048390e+00 2.234919e+00
7.598240e-01 -1.070485e+00 2.238613e+00
7.599240e-01 -1.041463e+00 2.242327e+00
7.600240e-01 -9.536297e-01 2.246038e+00
7.601240e-01 -9.460361e-01 2.249723e+00
7.602240e-01 -9.224273e-01 2.253360e+00
7.603240e-01 -1.008005e+00 2.256926e+00
7.604240e-01 -1.034463e+00 2.260401e+00
7.605239e-01 -1.014838e+00 2.263765e+00
7.606239e-01 -8.590032e-01 2.266997e+00
7.607239e-01 -9.334632e-01 2.270080e+00
7.608239e-01 -9.533991e-01 2.272996e+00
7.609239e-01 -9.937844e-01 2.275726e+00
7.610239e-01 -9.564477e-01 2.278254e+00
7.611239e-01 -9.669650e-01 2.280565e+00
7.612239e-01 -9.926587e-01 2.282644e+00
7.613239e-01 -8.847080e-01 2.284474e+00
7.614239e-01 -8.473948e-01 2.286044e+00
7.615238e-01 -9.097218e-01 2.287338e+00
7.616238e-01 -9.452287e-01 2.288344e+00
7.617238e-01 -9.116614e-01 2.289050e+00
7.618238e-01 -9.499391e-01 2.289444e+00
7.619238e-01 -9.831134e-01 2.289515e+00
7.620238e-01 -8.760246e-01 2.289251e+00
7.621238e-01 -9.351499e-01 2.288642e+00
7.622238e-01 -8.690672e-01 2.287680e+00
7.623238e-01 -9.400408e-01 2.286355e+00
7.624238e-01 -8.816359e-01 2.284659e+00
7.625237e-01 -8.026680e-01 2.282585e+00
7.626237e-01 -8.959968e-01 2.280127e+00
7.627237e-01 -9.391280e-01 2.277278e+00
7.628237e-01 -1.000171e+00 2.274036e+00
7.629237e-01 -9.222922e-01 2.270397e+00
7.630237e-01 -9.395166e-01 2.266359e+00
7.631237e-01 -8.880493e-01 2.261922e+00
7.632237e-01 -8.500653e-01 2.257088e+00
7.633237e-01 -9.536924e-01 2.251859e+00
7.634237e-01 -8.729925e-01 2.246242e+00
7.635236e-01 -8.571211e-01 2.240242e+00
7.636236e-01 -9.084053e-01 2.233869e+00
7.637236e-01 -1.023656e+00 2.227134e+00
7.638236e-01 -8.638965e-01 2.220049e+00
7.639236e-01 -9.389065e-01 2.212632e+00
7.640236e-01 -1.024385e+00 2.204898e+00
7.641236e-01 -8.784043e-01 2.196868e+00
7.642236e-01 -9.037209e-01 2.188564e+00
7.643236e-01 -9.069672e-01 2.180011e+00
7.644236e-01 -1.014851e+00 2.171233e+00
7.645235e-01 -9.121420e-01 2.162258e+00
7.646235e-01 -9.727900e-01 2.153117e+00
7.647235e-01 -1.023045e+00 2.143839e+00
7.648235e-01 -1.057586e+00 2.134455e+00
7.649235e-01 -9.411141e-01 2.125000e+00
7.650235e-01 -1.020287e+00 2.115505e+00
7.651235e-01 -9.707819e-01 2.106005e+00
7.652235e-01 -1.044859e+00 2.096532e+00
7.653235e-01 -9.719654e-01 2.087119e+00
7.654235e-01 -9.766271e-01 2.077799e+00
7.655234e-01 -9.821985e-01 2.068603e+00
7.656234e-01 -1.031084e+00 2.059561e+00
7.657234e-01 -1.073506e+00 2.050702e+00
7.658234e-01 -1.094650e+00 2.042052e+00
7.659234e-01 -1.129612e+00 2.033636e+00
7.660234e-01 -1.071078e+00 2.025478e+00
7.661234e-01 -1.032962e+00 2.017598e+00
7.662234e-01 -1.056794e+00 2.010014e+00
7.663234e-01 -1.070467e+00 2.002742e+00
7.664234e-01 -1.043470e+00 1.995794e+00
7.665233e-01 -1.089064e+00 1.989183e+00
7.666233e-01 -1.043987e+00 1.982916e+00
7.667233e-01 -1.054756e+00 1.977000e+00
7.668233e-01 -1.111137e+00 1.971438e+00
7.669233e-01 -1.040711e+00 1.966232e+00
7.670233e-01 -1.133575e+00 1.961382e+00
7.671233e-01 -1.029285e+00 1.956884e+00
7.672233e-01 -1.049655e+00 1.952735e+00
7.673233e-01 -1.102359e+00 1.948929e+00
7.674233e-01 -1.116831e+00 1.945458e+00
7.675232e-01 -1.047157e+00 1.942313e+00
7.676232e-01 -1.107735e+00 1.939485e+00
7.677232e-01 -1.055350e+00 1.936962e+00
7.678232e-01 -1.163237e+00 1.934732e+00
7.679232e-01 -1.086198e+00 1.932784e+00
7.680232e-01 -1.153262e+00 1.931103e+00
7.681232e-01 -1.037960e+00 1.929676e+00
7.682232e-01 -1.078258e+00 1.928488e+00
7.683232e-01 -1.056962e+00 1.927526e+00
7.684232e-01 -1.000052e+00 1.926774e+00
7.685231e-01 -1.107307e+00 1.926219e+00
7.686231e-01 -1.009308e+00 1.925844e+00
7.687231e-01 -1.038883e+00 1.925637e+00
7.688231e-01 -1.112217e+00 1.925583e+00
7.689231e-01 -1.057807e+00 1.925667e+00
7.690231e-01 -1.132421e+00 1.925875e+00
7.691231e-01 -9.980990e-01 1.926195e+00
7.692231e-01 -1.049506e+00 1.926613e+00
7.693231e-01 -9.913852e-01 1.927115e+00
7.694231e-01 -1.096391e+00 1.927691e+00
7.695230e-01 -8.579558e-01 1.928327e+00
7.696230e-01 -1.029150e+00 1.929012e+00
7.697230e-01 -9.801526e-01 1.929735e+00
7.698230e-01 -1.006958e+00 1.930485e+00
7.699230e-01 -1.084780e+00 1.931253e+00
7.700230e-01 -1.006400e+00 1.932028e+00
7.701230e-01 -1.009735e+00 1.932801e+00
7.702230e-01 -9.664103e-01 1.933564e+00
7.703230e-01 -9.508493e-01 1.934309e+00
7.704230e-01 -9.624044e-01 1.935026e+00
7.705229e-01 -1.003669e+00 1.935711e+00
7.706229e-01 -9.798013e-01 1.936354e+00
7.707229e-01 -9.234398e-01 1.936951e+00
7.708229e-01 -9.296302e-01 1.937494e+00
7.709229e-01 -8.573392e-01 1.937979e+00
7.710229e-01 -9.394964e-01 1.938400e+00
7.711229e-01 -9.316981e-01 1.938753e+00
7.712229e-01 -9.752488e-01 1.939034e+00
7.713229e-01 -9.459471e-01 1.939237e+00
7.714229e-01 -8.917193e-01 1.939361e+00
7.715228e-01 -9.684991e-01 1.939402e+00
7.716228e-01 -9.238402e-01 1.939357e+00
7.717228e-01 -9.748258e-01 1.939223e+00
7.718228e-01 -9.187032e-01 1.939000e+00
7.719228e-01 -8.499247e-01 1.938684e+00
7.720228e-01 -8.817675e-01 1.938275e+00
7.721228e-01 -9.412072e-01 1.937771e+00
7.722228e-01 -8.254078e-01 1.937172e+00
7.723228e-01 -8.971037e-01 1.936477e+00
7.724228e-01 -8.602543e-01 1.935686e+00
7.725227e-01 -8.885410e-01 1.934799e+00
7.726227e-01 -1.015425e+00 1.933817e+00
7.727227e-01 -9.304062e-01 1.932739e+00
7.728227e-01 -9.368183e-01 1.931567e+00
7.729227e-01 -8.967641e-01 1.930301e+00
7.730227e-01 -8.603036e-01 1.928944e+00
7.731227e-01 -9.266803e-01 1.927496e+00
7.732227e-01 -8.761878e-01 1.925958e+00
7.733227e-01 -9.442152e-01 1.924334e+00
7.734227e-01 -9.238751e-01 1.922624e+00
7.735226e-01 -8.613305e-01 1.920831e+00
7.736226e-01 -9.679156e-01 1.918957e+00
7.737226e-01 -9.195843e-01 1.917004e+00
7.738226e-01 -8.565426e-01 1.914975e+00
7.739226e-01 -8.675187e-01 1.912873e+00
7.740226e-01 -8.714575e-01 1.910700e+00
7.741226e-01 -9.223471e-01 1.908459e+00
7.742226e-01 -1.017812e+00 1.906153e+00
7.743226e-01 -9.845447e-01 1.903785e+00
7.744226e-01 -9.828236e-01 1.901358e+00
7.745225e-01 -1.019784e+00 1.898875e+00
7.746225e-01 -9.418828e-01 1.896339e+00
7.747225e-01 -9.926008e-01 1.893753e+00
7.748225e-01 -1.015889e+00 1.891121e+00
7.749225e-01 -9.152461e-01 1.888446e+00
7.750225e-01 -8.791047e-01 1.885730e+00
7.751225e-01 -1.008947e+00 1.882977e+00
7.752225e-01 -1.023336e+00 1.880191e+00
7.753225e-01 -1.010303e+00 1.877374e+00
7.754225e-01 -1.005356e+00 1.874529e+00
7.755224e-01 -1.011273e+00 1.871660e+00
7.756224e-01 -1.093688e+00 1.868770e+00
7.757224e-01 -1.112528e+00 1.865861e+00
7.758224e-01 -1.017118e+00 1.862937e+00
7.759224e-01 -1.038799e+00 1.860000e+00
7.760224e-01 -9.626607e-01 1.857053e+00
7.761224e-01 -1.017826e+00 1.854100e+00
7.762224e-01 -1.156569e+00 1.851142e+00
7.763224e-01 -1.146107e+00 1.848182e+00
7.764224e-01 -1.056422e+00 1.845224e+00
7.765223e-01 -1.016874e+00 1.842268e+00
7.766223e-01 -1.043724e+00 1.839319e+00
7.767223e-01 -1.070089e+00 1.836377e+00
7.768223e-01 -1.037131e+00 1.833446e+00
7.769223e-01 -1.090833e+00 1.830527e+00
7.770223e-01 -1.073064e+00 1.827622e+00
7.771223e-01 -1.055305e+00 1.824733e+00
7.772223e-01 -1.078914e+00 1.821863e+00
7.773223e-01 -1.063736e+00 1.819012e+00
7.774223e-01 -1.114718e+00 1.816183e+00
7.775222e-01 -1.085002e+00 1.813377e+00
7.776222e-01 -1.013210e+00 1.810595e+00
7.777222e-01 -1.048295e+00 1.807839e+00
7.778222e-01 -1.055172e+00 1.805110e+00
7.779222e-01 -1.072830e+00 1.802410e+00
7.780222e-01 -1.075874e+00 1.799738e+00
7.781222e-01 -1.120232e+00 1.797098e+00
7.782222e-01 -1.084852e+00 1.794488e+00
7.783222e-01 -1.025166e+00 1.791911e+00
7.784222e-01 -1.092709e+00 1.789367e+00
7.785221e-01 -1.130970e+00 1.786856e+00
7.786221e-01 -1.047876e+00 1.784380e+00
7.787221e-01 -1.073020e+00 1.781938e+00
7.788221e-01 -1.036856e+00 1.779532e+00
7.789221e-01 -1.049481e+00 1.777161e+00
7.790221e-01 -9.967889e-01 1.774826e+00
7.791221e-01 -1.020171e+00 1.772528e+00
7.792221e-01 -1.055388e+00 1.770266e+00
7.793221e-01 -1.014481e+00 1.768040e+00
7.794221e-01 -1.033609e+00 1.765851e+00
7.795220e-01 -1.043264e+00 1.763700e+00
7.796220e-01 -9.485272e-01 1.761584e+00
7.797220e-01 -1.001672e+00 1.759506e+00
7.798220e-01 -9.996602e-01 1.757464e+00
7.799220e-01 -1.021981e+00 1.755458e+00
7.800220e-01 -9.412808e-01 1.753489e+00
7.801220e-01 -9.381356e-01 1.751555e+00
7.802220e-01 -9.221763e-01 1.749658e+00
7.803220e-01 -9.707598e-01 1.747796e+00
7.804220e-01 -1.009524e+00 1.745969e+00
7.805219e-01 -9.947827e-01 1.744176e+00
7.806219e-01 -9.121635e-01 1.742418e+00
7.807219e-01 -9.549960e-01 1.740694e+00
7.808219e-01 -9.237549e-01 1.739004e+00
7.809219e-01 -8.938988e-01 1.737347e+00
7.810219e-01 -9.436049e-01 1.735722e+00
7.811219e-01 -8.654000e-01 1.734130e+00
7.812219e-01 -7.973253e-01 1.732569e+00
7.813219e-01 -8.926712e-01 1.731039e+00
7.814219e-01 -9.154210e-01 1.729540e+00
7.815218e-01 -8.057077e-01 1.728071e+00
7.816218e-01 -8.859877e-01 1.726632e+00
7.817218e-01 -8.755077e-01 1.725222e+00
7.818218e-01 -9.211271e-01 1.723840e+00
7.819218e-01 -8.793023e-01 1.722486e+00
7.820218e-01 -9.187739e-01 1.721159e+00
7.821218e-01 -9.269462e-01 1.719859e+00
7.822218e-01 -9.358780e-01 1.718585e+00
7.823218e-01 -8.816656e-01 1.717337e+00
7.824218e-01 -9.017799e-01 1.716114e+00
7.825217e-01 -8.473237e-01 1.714915e+00
7.826217e-01 -8.627856e-01 1.713740e+00
7.827217e-01 -8.457317e-01 1.712588e+00
7.828217e-01 -8.124762e-01 1.711460e+00
7.829217e-01 -9.307971e-01 1.710353e+00
7.830217e-01 -9.223766e-01 1.709268e+00
7.831217e-01 -8.705783e-01 1.708205e+00
7.832217e-01 -9.385677e-01 1.707162e+00
7.833217e-01 -8.890531e-01 1.706139e+00
7.834217e-01 -8.697177e-01 1.705135e+00
7.835216e-01 -8.800427e-01 1.704151e+00
7.836216e-01 -8.867136e-01 1.703185e+00
7.837216e-01 -9.053482e-01 1.702237e+00
7.838216e-01 -9.047796e-01 1.701307e+00
7.839216e-01 -9.315615e-01 1.700393e+00
7.840216e-01 -9.850601e-01 1.699497e+00
7.841216e-01 -8.961660e-01 1.698616e+00
7.842216e-01 -9.359787e-01 1.697751e+00
7.843216e-01 -1.010493e+00 1.696901e+00
7.844216e-01 -9.673426e-01 1.696066e+00
7.845215e-01 -8.903707e-01 1.695245e+00
7.846215e-01 -9.506349e-01 1.694439e+00
7.847215e-01 -9.329718e-01 1.693646e+00
7.848215e-01 -8.535586e-01 1.692866e+00
7.849215e-01 -9.657255e-01 1.692098e+00
7.850215e-01 -9.620559e-01 1.691343e+00
7.851215e-01 -1.032488e+00 1.690600e+00
7.852215e-01 -9.590342e-01 1.689869e+00
7.853215e-01 -9.608479e-01 1.689149e+00
7.854215e-01 -9.978195e-01 1.688440e+00
7.855214e-01 -9.963328e-01 1.687742e+00
7.856214e-01 -1.069932e+00 1.687054e+00
7.857214e-01 -9.401676e-01 1.686376e+00
7.858214e-01 -1.024578e+00 1.685708e+00
7.859214e-01 -1.104722e+00 1.685049e+00
7.860214e-01 -1.057009e+00 1.684400e+00
7.861214e-01 -1.055917e+00 1.683759e+00
7.862214e-01 -1.048058e+00 1.683127e+00
7.863214e-01 -1.128578e+00 1.682504e+00
7.864214e-01 -1.018201e+00 1.681889e+00
7.865213e-01 -1.107148e+00 1.681282e+00
7.866213e-01 -9.560101e-01 1.680682e+00
7.867213e-01 -1.024006e+00 1.680090e+00
7.868213e-01 -1.069648e+00 1.679506e+00
7.869213e-01 -1.070886e+00 1.678928e+00
7.870213e-01 -1.102184e+00 1.678358e+00
7.871213e-01 -1.047150e+00 1.677794e+00
7.872213e-01 -1.058412e+00 1.677237e+00
7.873213e-01 -1.076863e+00 1.676687e+00
7.874213e-01 -1.054904e+00 1.676143e+00
7.875212e-01 -1.097996e+00 1.675605e+00
7.876212e-01 -1.093229e+00 1.675073e+00
7.877212e-01 -1.092547e+00 1.674547e+00
7.878212e-01 -1.067859e+00 1.674027e+00
7.879212e-01 -1.120514e+00 1.673513e+00
7.880212e-01 -1.054001e+00 1.673004e+00
7.881212e-01 -1.100888e+00 1.672501e+00
7.882212e-01 -1.036357e+00 1.672003e+00
7.883212e-01 -1.069211e+00 1.671510e+00
7.884212e-01 -1.089284e+00 1.671023e+00
7.885211e-01 -1.047147e+00 1.670541e+00
7.886211e-01 -9.688091e-01 1.670064e+00
7.887211e-01 -1.024089e+00 1.669592e+00
7.888211e-01 -1.082510e+00 1.669126e+00
7.889211e-01 -1.124974e+00 1.668664e+00
7.890211e-01 -1.073572e+00 1.668207e+00
7.891211e-01 -1.056278e+00 1.667755e+00
7.892211e-01 -1.068376e+00 1.667307e+00
7.893211e-01 -9.389223e-01 1.666865e+00
7.894211e-01 -1.060870e+00 1.666427e+00
7.895210e-01 -1.036828e+00 1.665994e+00
7.896210e-01 -9.106697e-01 1.665566e+00
7.897210e-01 -1.032007e+00 1.665142e+00
7.898210e-01 -9.995603e-01 1.664723e+00
7.899210e-01 -1.003556e+00 1.664309e+00
7.900210e-01 -9.463950e-01 1.663900e+00
7.901210e-01 -9.543017e-01 1.663495e+00
7.902210e-01 -9.154919e-01 1.663095e+00
7.903210e-01 -9.701369e-01 1.662699e+00
7.904210e-01 -9.811470e-01 1.662308e+00
7.905209e-01 -9.645082e-01 1.661922e+00
7.906209e-01 -8.588070e-01 1.661541e+00
7.907209e-01 -9.039181e-01 1.661164e+00
7.908209e-01 -8.943392e-01 1.660792e+00
7.909209e-01 -8.272410e-01 1.660425e+00
7.910209e-01 -9.709510e-01 1.660062e+00
7.911209e-01 -1.001274e+00 1.659705e+00
7.912209e-01 -8.546477e-01 1.659352e+00
7.913209e-01 -9.397473e-01 1.659004e+00
7.914209e-01 -8.697127e-01 1.658660e+00
7.915208e-01 -7.744860e-01 1.658322e+00
7.916208e-01 -8.872153e-01 1.657988e+00
7.917208e-01 -8.801650e-01 1.657659e+00
7.918208e-01 -9.503096e-01 1.657335e+00
7.919208e-01 -8.628426e-01 1.657016e+00
7.920208e-01 -8.961308e-01 1.656702e+00
7.921208e-01 -8.413506e-01 1.656393e+00
7.922208e-01 -1.006854e+00 1.656089e+00
7.923208e-01 -9.117042e-01 1.655790e+00
7.924208e-01 -8.162558e-01 1.655496e+00
7.925207e-01 -8.198312e-01 1.655207e+00
7.926207e-01 -8.658675e-01 1.654923e+00
7.927207e-01 -8.531585e-01 1.654644e+00
7.928207e-01 -9.040406e-01 1.654370e+00
7.929207e-01 -8.728891e-01 1.654101e+00
7.930207e-01 -8.555556e-01 1.653837e+00
7.931207e-01 -8.768066e-01 1.653579e+00
7.932207e-01 -8.933203e-01 1.653326e+00
7.933207e-01 -8.134640e-01 1.653077e+00
7.934207e-01 -8.773478e-01 1.652834e+00
7.935206e-01 -9.487163e-01 1.652596e+00
7.936206e-01 -8.555293e-01 1.652364e+00
7.937206e-01 -8.631648e-01 1.652136e+00
7.938206e-01 -9.820943e-01 1.651914e+00
7.939206e-01 -8.825715e-01 1.651697e+00
7.940206e-01 -8.117896e-01 1.651485e+00
7.941206e-01 -9.700094e-01 1.651278e+00
7.942206e-01 -9.340286e-01 1.651076e+00
7.943206e-01 -1.001865e+00 1.650880e+00
7.944206e-01 -9.290134e-01 1.650689e+00
7.945205e-01 -9.348746e-01 1.650503e+00
7.946205e-01 -9.328136e-01 1.650322e+00
7.947205e-01 -9.104969e-01 1.650146e+00
7.948205e-01 -9.983368e-01 1.649976e+00
7.949205e-01 -9.503784e-01 1.649810e+00
7.950205e-01 -1.050320e+00 1.649650e+00
7.951205e-01 -9.300382e-01 1.649495e+00
7.952205e-01 -9.808475e-01 1.649345e+00
7.953205e-01 -1.017974e+00 1.649200e+00
7.954205e-01 -1.045862e+00 1.649060e+00
7.955204e-01 -1.001807e+00 1.648925e+00
7.956204e-01 -9.337883e-01 1.648796e+00
7.957204e-01 -1.035858e+00 1.648671e+00
7.958204e-01 -1.062786e+00 1.648551e+00
7.959204e-01 -1.049732e+00 1.648436e+00
7.960204e-01 -9.866471e-01 1.648326e+00
7.961204e-01 -1.038590e+00 1.648221e+00
7.962204e-01 -1.060292e+00 1.648121e+00
7.963204e-01 -9.800519e-01 1.648026e+00
7.964204e-01 -1.014791e+00 1.647936e+00
7.965203e-01 -1.160499e+00 1.647850e+00
7.966203e-01 -1.059373e+00 1.647769e+00
7.967203e-01 -1.075470e+00 1.647693e+00
7.968203e-01 -1.028098e+00 1.647622e+00
7.969203e-01 -1.045216e+00 1.647555e+00
7.970203e-01 -1.046414e+00 1.647493e+00
7.971203e-01 -9.786099e-01 1.647436e+00
7.972203e-01 -1.101551e+00 1.647383e+00
7.973203e-01 -1.062322e+00 1.647335e+00
7.974203e-01 -1.110727e+00 1.647291e+00
7.975202e-01 -1.066120e+00 1.647252e+00
7.976202e-01 -9.953793e-01 1.647217e+00
7.977202e-01 -9.653167e-01 1.647187e+00
7.978202e-01 -1.085667e+00 1.647161e+00
7.979202e-01 -1.001103e+00 1.647140e+00
7.980202e-01 -1.099330e+00 1.647123e+00
7.981202e-01 -1.006770e+00 1.647110e+00
7.982202e-01 -1.086718e+00 1.647101e+00
7.983202e-01 -1.091984e+00 1.647097e+00
7.984202e-01 -1.060522e+00 1.647097e+00
7.985201e-01 -1.040193e+00 1.647101e+00
7.986201e-01 -1.073032e+00 1.647110e+00
7.987201e-01 -1.027298e+00 1.647123e+00
7.988201e-01 -1.023656e+00 1.647139e+00
7.989201e-01 -1.042883e+00 1.647160e+00
7.990201e-01 -1.024743e+00 1.647185e+00
7.991201e-01 -1.016562e+00 1.647214e+00
7.992201e-01 -9.521946e-01 1.647247e+00
7.993201e-01 -1.004928e+00 1.647284e+00
7.994201e-01 -9.711653e-01 1.647325e+00
7.995200e-01 -1.003636e+00 1.647370e+00
7.996200e-01 -9.304746e-01 1.647419e+00
7.997200e-01 -9.665359e-01 1.647472e+00
7.998200e-01 -1.054547e+00 1.647529e+00
7.999200e-01 -9.528057e-01 1.647590e+00
8.000200e-01 -8.354345e-01 1.647655e+00
8.001200e-01 -9.935262e-01 1.647723e+00
8.002200e-01 -1.015725e+00 1.647795e+00
8.003200e-01 -8.603599e-01 1.647872e+00
8.004200e-01 -9.679998e-01 1.647952e+00
8.005199e-01 -8.390690e-01 1.648035e+00
8.006199e-01 -8.466204e-01 1.648123e+00
8.007199e-01 -1.017131e+00 1.648214e+00
8.008199e-01 -8.456864e-01 1.648309e+00
8.009199e-01 -8.262718e-01 1.648408e+00
8.010199e-01 -8.836519e-01 1.648511e+00
8.011199e-01 -8.459851e-01 1.648617e+00
8.012199e-01 -8.791413e-01 1.648727e+00
8.013199e-01 -9.540112e-01 1.648840e+00
8.014199e-01 -8.491491e-01 1.648958e+00
8.015198e-01 -8.121609e-01 1.649079e+00
8.016198e-01 -8.890233e-01 1.649203e+00
8.017198e-01 -7.868981e-01 1.649331e+00
8.018198e-01 -8.582881e-01 1.649463e+00
8.019198e-01 -8.767306e-01 1.649599e+00
8.020198e-01 -9.077866e-01 1.649738e+00
8.021198e-01 -9.366405e-01 1.649880e+00
8.022198e-01 -8.394968e-01 1.650026e+00
8.023198e-01 -8.865286e-01 1.650176e+00
8.024198e-01 -7.742178e-01 1.650329e+00
8.025197e-01 -7.630630e-01 1.650486e+00
8.026197e-01 -8.956335e-01 1.650646e+00
8.027197e-01 -8.426108e-01 1.650810e+00
8.028197e-01 -8.396214e-01 1.650977e+00
8.029197e-01 -8.627990e-01 1.651147e+00
8.030197e-01 -8.260749e-01 1.651321e+00
8.031197e-01 -8.332095e-01 1.651498e+00
8.032197e-01 -8.767606e-01 1.651678e+00
8.033197e-01 -8.764799e-01 1.651862e+00
8.034197e-01 -7.940474e-01 1.652049e+00
8.035196e-01 -8.256297e-01 1.652239e+00
8.036196e-01 -9.060681e-01 1.652433e+00
8.037196e-01 -8.556594e-01 1.652629e+00
8.038196e-01 -8.648065e-01 1.652829e+00
8.039196e-01 -8.342777e-01 1.653032e+00
8.040196e-01 -8.313568e-01 1.653237e+00
8.041196e-01 -8.932500e-01 1.653446e+00
8.042196e-01 -8.877252e-01 1.653658e+00
8.043196e-01 -9.479254e-01 1.653872e+00
8.044196e-01 -9.183118e-01 1.654089e+00
8.045195e-01 -9.627434e-01 1.654309e+00
8.046195e-01 -8.895582e-01 1.654532e+00
8.047195e-01 -8.571769e-01 1.654757e+00
8.048195e-01 -8.926753e-01 1.654985e+00
8.049195e-01 -9.303428e-01 1.655215e+00
8.050195e-01 -9.120635e-01 1.655448e+00
8.051195e-01 -8.875604e-01 1.655683e+00
8.052195e-01 -9.296160e-01 1.655920e+00
8.053195e-01 -9.460286e-01 1.656160e+00
8.054195e-01 -9.513171e-01 1.656401e+00
8.055194e-01 -9.075310e-01 1.656645e+00
8.056194e-01 -9.581959e-01 1.656890e+00
8.057194e-01 -1.015511e+00 1.657137e+00
8.058194e-01 -9.559410e-01 1.657386e+00
8.059194e-01 -9.731118e-01 1.657637e+00
8.060194e-01 -1.033712e+00 1.657889e+00
8.061194e-01 -9.544430e-01 1.658142e+00
8.062194e-01 -1.042066e+00 1.658397e+00
8.063194e-01 -9.557702e-01 1.658652e+00
8.064194e-01 -1.013403e+00 1.658909e+00
8.065193e-01 -1.035283e+00 1.659167e+00
8.066193e-01 -9.767831e-01 1.659425e+00
8.067193e-01 -1.060857e+00 1.659684e+00
8.068193e-01 -9.959216e-01 1.659944e+00
8.069193e-01 -9.960742e-01 1.660204e+00
8.070193e-01 -1.068758e+00 1.660464e+00
8.071193e-01 -1.043504e+00 1.660724e+00
8.072193e-01 -9.623541e-01 1.660985e+00
8.073193e-01 -1.061958e+00 1.661245e+00
8.074193e-01 -1.064786e+00 1.661504e+00
8.075192e-01 -9.446638e-01 1.661763e+00
8.076192e-01 -1.000218e+00 1.662022e+00
8.077192e-01 -1.023887e+00 1.662279e+00
8.078192e-01 -9.904907e-01 1.662536e+00
8.079192e-01 -1.058815e+00 1.662791e+00
8.080192e-01 -9.801734e-01 1.663045e+00
8.081192e-01 -1.066311e+00 1.663297e+00
8.082192e-01 -1.042445e+00 1.663548e+00
8.083192e-01 -1.065500e+00 1.663797e+00
8.084192e-01 -1.068037e+00 1.664044e+00
8.085191e-01 -9.896934e-01 1.664288e+00
8.086191e-01 -1.018119e+00 1.664530e+00
8.087191e-01 -9.342251e-01 1.664770e+00
8.088191e-01 -1.062606e+00 1.665006e+00
8.089191e-01 -1.023154e+00 1.665240e+00
8.090191e-01 -1.076317e+00 1.665471e+00
8.091191e-01 -1.033687e+00 1.665698e+00
8.092191e-01 -9.889027e-01 1.665921e+00
8.093191e-01 -1.007679e+00 1.666141e+00
8.094191e-01 -1.006056e+00 1.666356e+00
8.095190e-01 -9.165440e-01 1.666568e+00
8.096190e-01 -9.413626e-01 1.666775e+00
8.097190e-01 -9.333970e-01 1.666977e+00
8.098190e-01 -8.343790e-01 1.667175e+00
8.099190e-01 -9.885049e-01 1.667368e+00
8.100190e-01 -8.712466e-01 1.667555e+00
8.101190e-01 -8.487773e-01 1.667737e+00
8.102190e-01 -8.819318e-01 1.667914e+00
8.103190e-01 -9.532050e-01 1.668084e+00
8.104190e-01 -9.075810e-01 1.668249e+00
8.105189e-01 -8.982497e-01 1.668408e+00
8.106189e-01 -9.244741e-01 1.668560e+00
8.107189e-01 -9.134171e-01 1.668705e+00
8.108189e-01 -8.459176e-01 1.668844e+00
8.109189e-01 -9.280096e-01 1.668975e+00
8.110189e-01 -8.667092e-01 1.669100e+00
8.111189e-01 -9.190440e-01 1.669217e+00
8.112189e-01 -9.478310e-01 1.669326e+00
8.113189e-01 -8.698112e-01 1.669427e+00
8.114189e-01 -8.284578e-01 1.669521e+00
8.115188e-01 -8.620591e-01 1.669607e+00
8.116188e-01 -8.299123e-01 1.669684e+00
8.117188e-01 -7.686964e-01 1.669752e+00
8.118188e-01 -9.601142e-01 1.669812e+00
8.119188e-01 -8.512850e-01 1.669863e+00
8.120188e-01 -7.871257e-01 1.669905e+00
8.121188e-01 -8.628574e-01 1.669937e+00
8.122188e-01 -8.370515e-01 1.669960e+00
8.123188e-01 -8.080614e-01 1.669974e+00
8.124188e-01 -8.280660e-01 1.669978e+00
8.125187e-01 -8.289190e-01 1.669972e+00
8.126187e-01 -8.099428e-01 1.669956e+00
8.127187e-01 -7.746312e-01 1.669930e+00
8.128187e-01 -8.012788e-01 1.669893e+00
8.129187e-01 -8.716622e-01 1.669846e+00
8.130187e-01 -9.009371e-01 1.669789e+00
8.131187e-01 -8.785101e-01 1.669720e+00
8.132187e-01 -7.652483e-01 1.669641e+00
8.133187e-01 -8.552853e-01 1.669551e+00
8.134187e-01 -8.844263e-01 1.669450e+00
8.135186e-01 -8.746065e-01 1.669338e+00
8.136186e-01 -7.830487e-01 1.669214e+00
8.137186e-01 -8.485023e-01 1.669079e+00
8.138186e-01 -8.208760e-01 1.668933e+00
8.139186e-01 -8.330056e-01 1.668775e+00
8.140186e-01 -9.110332e-01 1.668605e+00
8.141186e-01 -8.662643e-01 1.668424e+00
8.142186e-01 -8.884562e-01 1.668232e+00
8.143186e-01 -8.964243e-01 1.668027e+00
8.144186e-01 -9.552845e-01 1.667811e+00
8.145185e-01 -9.358608e-01 1.667582e+00
8.146185e-01 -8.359494e-01 1.667343e+00
8.147185e-01 -8.770678e-01 1.667091e+00
8.148185e-01 -1.013233e+00 1.666827e+00
8.149185e-01 -9.593478e-01 1.666551e+00
8.150185e-01 -8.922103e-01 1.666264e+00
8.151185e-01 -9.452880e-01 1.665965e+00
8.152185e-01 -8.403020e-01 1.665654e+00
8.153185e-01 -8.638757e-01 1.665331e+00
8.154185e-01 -9.333145e-01 1.664997e+00
8.155184e-01 -9.269843e-01 1.664651e+00
8.156184e-01 -1.048760e+00 1.664294e+00
8.157184e-01 -9.919949e-01 1.663925e+00
8.158184e-01 -1.030051e+00 1.663544e+00
8.159184e-01 -9.653078e-01 1.663153e+00
8.160184e-01 -9.741835e-01 1.662750e+00
8.161184e-01 -9.284121e-01 1.662337e+00
8.162184e-01 -1.015040e+00 1.661912e+00
8.163184e-01 -9.676735e-01 1.661477e+00
8.164184e-01 -1.066812e+00 1.661031e+00
8.165183e-01 -9.783402e-01 1.660575e+00
8.166183e-01 -9.750760e-01 1.660109e+00
8.167183e-01 -9.947174e-01 1.659633e+00
8.168183e-01 -1.035420e+00 1.659147e+00
8.169183e-01 -8.671177e-01 1.658652e+00
8.170183e-01 -1.066296e+00 1.658148e+00
8.171183e-01 -8.920676e-01 1.657634e+00
8.172183e-01 -1.006081e+00 1.657112e+00
8.173183e-01 -9.796844e-01 1.656582e+00
8.174183e-01 -1.063956e+00 1.656043e+00
8.175182e-01 -9.926524e-01 1.655497e+00
8.176182e-01 -9.282292e-01 1.654943e+00
8.177182e-01 -1.068402e+00 1.654383e+00
8.178182e-01 -1.078049e+00 1.653815e+00
8.179182e-01 -1.041156e+00 1.653242e+00
8.180182e-01 -1.097499e+00 1.652662e+00
8.181182e-01 -9.845856e-01 1.652077e+00
8.182182e-01 -1.000567e+00 1.651487e+00
8.183182e-01 -1.048235e+00 1.650893e+00
8.184182e-01 -1.014114e+00 1.650294e+00
8.185181e-01 -9.655218e-01 1.649692e+00
8.186181e-01 -9.749796e-01 1.649086e+00
8.187181e-01 -9.400796e-01 1.648479e+00
8.188181e-01 -1.015964e+00 1.647869e+00
8.189181e-01 -9.215956e-01 1.647257e+00
8.190181e-01 -9.794450e-01 1.646645e+00
8.191181e-01 -1.053208e+00 1.646033e+00
8.192181e-01 -9.675670e-01 1.645420e+00
8.193181e-01 -9.290828e-01 1.644809e+00
8.194181e-01 -1.017020e+00 1.644200e+00
8.195180e-01 -9.944099e-01 1.643593e+00
8.196180e-01 -8.502183e-01 1.642988e+00
8.197180e-01 -9.778015e-01 1.642388e+00
8.198180e-01 -9.348079e-01 1.641792e+00
8.199180e-01 -8.836474e-01 1.641201e+00
8.200180e-01 -9.974539e-01 1.640616e+00
8.201180e-01 -9.495165e-01 1.640038e+00
8.202180e-01 -9.202596e-01 1.639468e+00
8.203180e-01 -8.088979e-01 1.638906e+00
8.204180e-01 -8.400544e-01 1.638353e+00
8.205179e-01 -8.011359e-01 1.637811e+00
8.206179e-01 -8.371747e-01 1.637279e+00
8.207179e-01 -8.305320e-01 1.636760e+00
8.208179e-01 -8.504707e-01 1.636253e+00
8.209179e-01 -8.864057e-01 1.635760e+00
8.210179e-01 -9.067943e-01 1.635282e+00
8.211179e-01 -8.011706e-01 1.634820e+00
8.212179e-01 -8.621521e-01 1.634375e+00
8.213179e-01 -8.195726e-01 1.633947e+00
8.214179e-01 -8.453169e-01 1.633538e+00
8.215178e-01 -8.901396e-01 1.633149e+00
8.216178e-01 -7.766864e-01 1.632781e+00
8.217178e-01 -8.437918e-01 1.632435e+00
8.218178e-01 -7.971562e-01 1.632113e+00
8.219178e-01 -7.806640e-01 1.631814e+00
8.220178e-01 -7.934261e-01 1.631541e+00
8.221178e-01 -7.658886e-01 1.631295e+00
8.222178e-01 -6.990216e-01 1.631076e+00
8.223178e-01 -8.059044e-01 1.630886e+00
8.224178e-01 -6.819364e-01 1.630726e+00
8.225177e-01 -7.327663e-01 1.630598e+00
8.226177e-01 -8.933228e-01 1.630502e+00
8.227177e-01 -8.029035e-01 1.630439e+00
8.228177e-01 -7.516751e-01 1.630411e+00
8.229177e-01 -7.850536e-01 1.630420e+00
8.230177e-01 -9.033538e-01 1.630466e+00
8.231177e-01 -7.268699e-01 1.630550e+00
8.232177e-01 -7.650602e-01 1.630674e+00
8.233177e-01 -7.862910e-01 1.630839e+00
8.234177e-01 -7.786430e-01 1.631046e+00
8.235176e-01 -8.087136e-01 1.631297e+00
8.236176e-01 -8.133014e-01 1.631592e+00
8.237176e-01 -7.701109e-01 1.631933e+00
8.238176e-01 -6.862862e-01 1.632321e+00
8.239176e-01 -8.257701e-01 1.632758e+00
8.240176e-01 -8.789818e-01 1.633243e+00
8.241176e-01 -8.654356e-01 1.633779e+00
8.242176e-01 -8.887514e-01 1.634367e+00
8.243176e-01 -7.717792e-01 1.635007e+00
8.244176e-01 -8.115608e-01 1.635702e+00
8.245175e-01 -8.757636e-01 1.636451e+00
8.246175e-01 -8.736163e-01 1.637256e+00
8.247175e-01 -8.572010e-01 1.638118e+00
8.248175e-01 -8.288661e-01 1.639038e+00
8.249175e-01 -8.217574e-01 1.640016e+00
8.250175e-01 -7.700654e-01 1.641055e+00
8.251175e-01 -8.700960e-01 1.642154e+00
8.252175e-01 -8.536348e-01 1.643314e+00
8.253175e-01 -9.198376e-01 1.644536e+00
8.254175e-01 -9.538496e-01 1.645820e+00
8.255174e-01 -8.291407e-01 1.647169e+00
8.256174e-01 -8.868244e-01 1.648581e+00
8.257174e-01 -8.722284e-01 1.650057e+00
8.258174e-01 -9.125825e-01 1.651599e+00
8.259174e-01 -1.007730e+00 1.653205e+00
8.260174e-01 -9.052065e-01 1.654878e+00
8.261174e-01 -8.862054e-01 1.656616e+00
8.262174e-01 -9.432169e-01 1.658420e+00
8.263174e-01 -9.306663e-01 1.660290e+00
8.264174e-01 -9.640988e-01 1.662226e+00
8.265173e-01 -1.038672e+00 1.664228e+00
8.266173e-01 -9.951016e-01 1.666296e+00
8.267173e-01 -9.550362e-01 1.668429e+00
8.268173e-01 -1.071441e+00 1.670628e+00
8.269173e-01 -1.000258e+00 1.672891e+00
8.270173e-01 -1.069247e+00 1.675218e+00
8.271173e-01 -9.640117e-01 1.677609e+00
8.272173e-01 -9.618100e-01 1.680063e+00
8.273173e-01 -1.053604e+00 1.682578e+00
8.274173e-01 -1.007469e+00 1.685155e+00
8.275172e-01 -9.831883e-01 1.687791e+00
8.276172e-01 -1.049324e+00 1.690486e+00
8.277172e-01 -9.110822e-01 1.693239e+00
8.278172e-01 -9.951992e-01 1.696048e+00
8.279172e-01 -9.525486e-01 1.698912e+00
8.280172e-01 -9.964518e-01 1.701829e+00
8.281172e-01 -9.338185e-01 1.704797e+00
8.282172e-01 -9.525747e-01 1.707815e+00
8.283172e-01 -8.702190e-01 1.710881e+00
8.284172e-01 -1.083270e+00 1.713993e+00
8.285171e-01 -1.027886e+00 1.717149e+00
8.286171e-01 -9.005351e-01 1.720346e+00
8.287171e-01 -9.594453e-01 1.723584e+00
8.288171e-01 -9.490684e-01 1.726858e+00
8.289171e-01 -9.195367e-01 1.730168e+00
8.290171e-01 -1.009920e+00 1.733510e+00
8.291171e-01 -9.644281e-01 1.736881e+00
8.292171e-01 -9.815133e-01 1.740281e+00
8.293171e-01 -8.522667e-01 1.743705e+00
8.294171e-01 -8.902346e-01 1.747150e+00
8.295170e-01 -8.216373e-01 1.750616e+00
8.296170e-01 -9.163419e-01 1.754097e+00
8.297170e-01 -8.339739e-01 1.757593e+00
8.298170e-01 -9.505873e-01 1.761098e+00
8.299170e-01 -8.349700e-01 1.764612e+00
8.300170e-01 -8.273904e-01 1.768131e+00
8.301170e-01 -8.029124e-01 1.771652e+00
8.302170e-01 -9.016995e-01 1.775171e+00
8.303170e-01 -8.518612e-01 1.778687e+00
8.304170e-01 -9.188828e-01 1.782196e+00
8.305169e-01 -8.049759e-01 1.785695e+00
8.306169e-01 -9.101339e-01 1.789182e+00
8.307169e-01 -8.123663e-01 1.792652e+00
8.308169e-01 -8.523767e-01 1.796105e+00
8.309169e-01 -8.517696e-01 1.799536e+00
8.310169e-01 -7.746799e-01 1.802943e+00
8.311169e-01 -7.952527e-01 1.806323e+00
8.312169e-01 -8.390542e-01 1.809674e+00
8.313169e-01 -7.678236e-01 1.812992e+00
8.314169e-01 -7.932347e-01 1.816276e+00
8.315168e-01 -8.401418e-01 1.819523e+00
8.316168e-01 -7.962295e-01 1.822731e+00
8.317168e-01 -7.824962e-01 1.825896e+00
8.318168e-01 -7.119155e-01 1.829018e+00
8.319168e-01 -8.563368e-01 1.832093e+00
8.320168e-01 -6.789410e-01 1.835120e+00
8.321168e-01 -7.504538e-01 1.838096e+00
8.322168e-01 -7.672798e-01 1.841020e+00
8.323168e-01 -7.508317e-01 1.843891e+00
8.324168e-01 -6.769721e-01 1.846706e+00
8.325167e-01 -8.258733e-01 1.849463e+00
8.326167e-01 -7.601165e-01 1.852162e+00
8.327167e-01 -7.238267e-01 1.854801e+00
8.328167e-01 -7.652722e-01 1.857378e+00
8.329167e-01 -7.106897e-01 1.859894e+00
8.330167e-01 -8.525531e-01 1.862345e+00
8.331167e-01 -7.644972e-01 1.864733e+00
8.332167e-01 -7.834343e-01 1.867055e+00
8.333167e-01 -7.793191e-01 1.869311e+00
8.334167e-01 -7.475510e-01 1.871500e+00
8.335166e-01 -8.901850e-01 1.873623e+00
8.336166e-01 -8.433021e-01 1.875678e+00
8.337166e-01 -8.042927e-01 1.877665e+00
8.338166e-01 -7.666076e-01 1.879584e+00
8.339166e-01 -8.373497e-01 1.881435e+00
8.340166e-01 -8.334328e-01 1.883217e+00
8.341166e-01 -7.026772e-01 1.884932e+00
8.342166e-01 -8.015312e-01 1.886579e+00
8.343166e-01 -8.755051e-01 1.888158e+00
8.344166e-01 -8.473177e-01 1.889670e+00
8.345165e-01 -7.594874e-01 1.891114e+00
8.346165e-01 -8.271353e-01 1.892493e+00
8.347165e-01 -8.650909e-01 1.893805e+00
8.348165e-01 -8.012718e-01 1.895052e+00
8.349165e-01 -7.882893e-01 1.896234e+00
8.350165e-01 -8.216547e-01 1.897353e+00
8.351165e-01 -9.068858e-01 1.898408e+00
8.352165e-01 -9.385484e-01 1.899401e+00
8.353165e-01 -8.428748e-01 1.900333e+00
8.354165e-01 -8.689749e-01 1.901205e+00
8.355164e-01 -8.851664e-01 1.902018e+00
8.356164e-01 -1.032155e+00 1.902772e+00
8.357164e-01 -9.312701e-01 1.903469e+00
8.358164e-01 -8.494331e-01 1.904110e+00
8.359164e-01 -9.359455e-01 1.904697e+00
8.360164e-01 -9.137120e-01 1.905230e+00
8.361164e-01 -8.873458e-01 1.905711e+00
8.362164e-01 -8.109147e-01 1.906140e+00
8.363164e-01 -8.309346e-01 1.906520e+00
8.364164e-01 -9.154025e-01 1.906852e+00
8.365163e-01 -8.683535e-01 1.907136e+00
8.366163e-01 -9.416828e-01 1.907375e+00
8.367163e-01 -1.096945e+00 1.907569e+00
8.368163e-01 -9.195777e-01 1.907720e+00
8.369163e-01 -9.322031e-01 1.907829e+00
8.370163e-01 -9.226604e-01 1.907899e+00
8.371163e-01 -9.975646e-01 1.907929e+00
8.372163e-01 -9.674022e-01 1.907922e+00
8.373163e-01 -1.017976e+00 1.907878e+00
8.374163e-01 -8.965713e-01 1.907800e+00
8.375162e-01 -9.106265e-01 1.907689e+00
8.376162e-01 -9.486636e-01 1.907545e+00
8.377162e-01 -1.034970e+00 1.907371e+00
8.378162e-01 -9.036548e-01 1.907168e+00
8.379162e-01 -8.731337e-01 1.906937e+00
8.380162e-01 -9.918744e-01 1.906679e+00
8.381162e-01 -8.764910e-01 1.906396e+00
8.382162e-01 -9.737231e-01 1.906090e+00
8.383162e-01 -9.510650e-01 1.905760e+00
8.384162e-01 -9.282866e-01 1.905410e+00
8.385161e-01 -9.385896e-01 1.905039e+00
8.386161e-01 -9.155907e-01 1.904650e+00
8.387161e-01 -9.753161e-01 1.904244e+00
8.388161e-01 -9.462934e-01 1.903821e+00
8.389161e-01 -8.645872e-01 1.903383e+00
8.390161e-01 -8.715002e-01 1.902932e+00
8.391161e-01 -8.472556e-01 1.902468e+00
8.392161e-01 -9.004701e-01 1.901992e+00
8.393161e-01 -8.684947e-01 1.901506e+00
8.394161e-01 -8.907781e-01 1.901011e+00
8.395160e-01 -1.010668e+00 1.900508e+00
8.396160e-01 -8.814127e-01 1.899998e+00
8.397160e-01 -7.894218e-01 1.899482e+00
8.398160e-01 -8.122655e-01 1.898962e+00
8.399160e-01 -8.428885e-01 1.898437e+00
8.400160e-01 -7.788410e-01 1.897910e+00
8.401160e-01 -9.150085e-01 1.897380e+00
8.402160e-01 -8.112962e-01 1.896850e+00
8.403160e-01 -8.537644e-01 1.896320e+00
8.404160e-01 -7.856775e-01 1.895791e+00
8.405159e-01 -8.885309e-01 1.895264e+00
8.406159e-01 -7.841860e-01 1.894739e+00
8.407159e-01 -7.387466e-01 1.894219e+00
8.408159e-01 -7.888095e-01 1.893702e+00
8.409159e-01 -7.351255e-01 1.893191e+00
8.410159e-01 -7.687379e-01 1.892686e+00
8.411159e-01 -7.867981e-01 1.892187e+00
8.412159e-01 -6.858993e-01 1.891696e+00
8.413159e-01 -6.862408e-01 1.891214e+00
8.414159e-01 -6.503885e-01 1.890740e+00
8.415158e-01 -8.387350e-01 1.890276e+00
8.416158e-01 -8.438533e-01 1.889823e+00
8.417158e-01 -7.962132e-01 1.889380e+00
8.418158e-01 -6.641671e-01 1.888949e+00
8.419158e-01 -7.486722e-01 1.888530e+00
8.420158e-01 -8.475786e-01 1.888124e+00
8.421158e-01 -7.501766e-01 1.887731e+00
8.422158e-01 -7.475353e-01 1.887352e+00
8.423158e-01 -7.697554e-01 1.886988e+00
8.424158e-01 -6.627759e-01 1.886639e+00
8.425157e-01 -7.788906e-01 1.886304e+00
8.426157e-01 -7.217329e-01 1.885986e+00
8.427157e-01 -7.087204e-01 1.885684e+00
8.428157e-01 -7.087312e-01 1.885399e+00
8.429157e-01 -7.429018e-01 1.885131e+00
8.430157e-01 -7.204472e-01 1.884881e+00
8.431157e-01 -8.267874e-01 1.884648e+00
8.432157e-01 -9.025826e-01 1.884434e+00
8.433157e-01 -7.097466e-01 1.884238e+00
8.434157e-01 -6.341791e-01 1.884061e+00
8.435156e-01 -8.286139e-01 1.883904e+00
8.436156e-01 -8.084673e-01 1.883766e+00
8.437156e-01 -8.129985e-01 1.883648e+00
8.438156e-01 -7.078721e-01 1.883549e+00
8.439156e-01 -7.792995e-01 1.883471e+00
8.440156e-01 -8.310166e-01 1.883414e+00
8.441156e-01 -6.444466e-01 1.883377e+00
8.442156e-01 -7.972863e-01 1.883361e+00
8.443156e-01 -6.811514e-01 1.883365e+00
8.444156e-01 -7.714779e-01 1.883391e+00
8.445155e-01 -9.226393e-01 1.883439e+00
8.446155e-01 -8.258119e-01 1.883507e+00
8.447155e-01 -8.100431e-01 1.883597e+00
8.448155e-01 -9.000846e-01 1.883709e+00
8.449155e-01 -8.119236e-01 1.883842e+00
8.450155e-01 -7.351538e-01 1.883997e+00
8.451155e-01 -8.278265e-01 1.884174e+00
8.452155e-01 -8.157235e-01 1.884372e+00
8.453155e-01 -9.631559e-01 1.884592e+00
8.454155e-01 -9.452639e-01 1.884834e+00
8.455154e-01 -8.413246e-01 1.885098e+00
8.456154e-01 -9.340256e-01 1.885383e+00
8.457154e-01 -8.574182e-01 1.885690e+00
8.458154e-01 -9.375107e-01 1.886018e+00
8.459154e-01 -8.538785e-01 1.886368e+00
8.460154e-01 -8.699663e-01 1.886739e+00
8.461154e-01 -9.124822e-01 1.887131e+00
8.462154e-01 -9.243603e-01 1.887545e+00
8.463154e-01 -8.758030e-01 1.887979e+00
8.464154e-01 -9.271691e-01 1.888435e+00
8.465153e-01 -8.716530e-01 1.888911e+00
8.466153e-01 -9.237569e-01 1.889407e+00
8.467153e-01 -9.569736e-01 1.889924e+00
8.468153e-01 -8.686349e-01 1.890461e+00
8.469153e-01 -8.589885e-01 1.891018e+00
8.470153e-01 -8.593584e-01 1.891595e+00
8.471153e-01 -8.764903e-01 1.892191e+00
8.472153e-01 -9.623010e-01 1.892807e+00
8.473153e-01 -9.619000e-01 1.893441e+00
8.474153e-01 -9.778278e-01 1.894094e+00
8.475152e-01 -9.103819e-01 1.894766e+00
8.476152e-01 -9.114423e-01 1.895455e+00
8.477152e-01 -8.653989e-01 1.896163e+00
8.478152e-01 -8.707288e-01 1.896888e+00
8.479152e-01 -8.779478e-01 1.897630e+00
8.480152e-01 -8.112412e-01 1.898390e+00
8.481152e-01 -8.753013e-01 1.899165e+00
8.482152e-01 -8.427442e-01 1.899958e+00
8.483152e-01 -8.132162e-01 1.900765e+00
8.484152e-01 -9.182706e-01 1.901589e+00
8.485151e-01 -9.953970e-01 1.902428e+00
8.486151e-01 -8.788454e-01 1.903281e+00
8.487151e-01 -8.751264e-01 1.904149e+00
8.488151e-01 -9.234297e-01 1.905031e+00
8.489151e-01 -9.152485e-01 1.905926e+00
8.490151e-01 -8.679170e-01 1.906835e+00
8.491151e-01 -9.183793e-01 1.907756e+00
8.492151e-01 -1.006327e+00 1.908690e+00
8.493151e-01 -9.032496e-01 1.909636e+00
8.494151e-01 -8.756583e-01 1.910593e+00
8.495150e-01 -6.919050e-01 1.911561e+00
8.496150e-01 -8.763631e-01 1.912540e+00
8.497150e-01 -8.092405e-01 1.913529e+00
8.498150e-01 -7.696881e-01 1.914528e+00
8.499150e-01 -8.048501e-01 1.915536e+00
8.500150e-01 -8.484482e-01 1.916553e+00
8.501150e-01 -8.047697e-01 1.917579e+00
8.502150e-01 -7.728026e-01 1.918612e+00
8.503150e-01 -7.861815e-01 1.919652e+00
8.504150e-01 -7.071778e-01 1.920700e+00
8.505149e-01 -8.067632e-01 1.921754e+00
8.506149e-01 -7.361623e-01 1.922814e+00
8.507149e-01 -7.239344e-01 1.923880e+00
8.508149e-01 -7.200199e-01 1.924950e+00
8.509149e-01 -7.946491e-01 1.926025e+00
8.510149e-01 -7.295144e-01 1.927105e+00
8.511149e-01 -7.344061e-01 1.928187e+00
8.512149e-01 -7.212346e-01 1.929273e+00
8.513149e-01 -7.016761e-01 1.930362e+00
8.514149e-01 -8.302034e-01 1.931452e+00
8.515148e-01 -7.102500e-01 1.932545e+00
8.516148e-01 -6.994162e-01 1.933638e+00
8.517148e-01 -6.964826e-01 1.934732e+00
8.518148e-01 -6.713066e-01 1.935826e+00
8.519148e-01 -7.500107e-01 1.936920e+00
8.520148e-01 -7.302630e-01 1.938013e+00
8.521148e-01 -6.387536e-01 1.939105e+00
8.522148e-01 -7.283139e-01 1.940195e+00
8.523148e-01 -6.529347e-01 1.941283e+00
8.524148e-01 -7.046991e-01 1.942369e+00
8.525147e-01 -6.840667e-01 1.943451e+00
8.526147e-01 -7.297654e-01 1.944529e+00
8.527147e-01 -7.322065e-01 1.945604e+00
8.528147e-01 -7.282408e-01 1.946674e+00
8.529147e-01 -7.481096e-01 1.947739e+00
8.530147e-01 -6.954925e-01 1.948798e+00
8.531147e-01 -6.822599e-01 1.949852e+00
8.532147e-01 -6.359908e-01 1.950899e+00
8.533147e-01 -7.287817e-01 1.951940e+00
8.534147e-01 -7.063428e-01 1.952974e+00
8.535146e-01 -6.417410e-01 1.954000e+00
8.536146e-01 -6.601056e-01 1.955018e+00
8.537146e-01 -6.604297e-01 1.956027e+00
8.538146e-01 -8.664574e-01 1.957028e+00
8.539146e-01 -7.163396e-01 1.958020e+00
8.540146e-01 -6.361104e-01 1.959002e+00
8.541146e-01 -6.792801e-01 1.959974e+00
8.542146e-01 -7.140641e-01 1.960936e+00
8.543146e-01 -8.202302e-01 1.961888e+00
8.544146e-01 -6.495644e-01 1.962828e+00
8.545145e-01 -8.240661e-01 1.963757e+00
8.546145e-01 -7.158626e-01 1.964675e+00
8.547145e-01 -7.872263e-01 1.965580e+00
8.548145e-01 -7.859801e-01 1.966473e+00
8.549145e-01 -7.285951e-01 1.967354e+00
8.550145e-01 -8.525759e-01 1.968221e+00
8.551145e-01 -7.600441e-01 1.969076e+00
8.552145e-01 -8.055153e-01 1.969916e+00
8.553145e-01 -8.168543e-01 1.970744e+00
8.554145e-01 -7.953385e-01 1.971557e+00
8.555144e-01 -8.939909e-01 1.972356e+00
8.556144e-01 -8.314325e-01 1.973140e+00
8.557144e-01 -8.539020e-01 1.973910e+00
8.558144e-01 -8.614684e-01 1.974665e+00
8.559144e-01 -8.149086e-01 1.975405e+00
8.560144e-01 -9.143455e-01 1.976130e+00
8.561144e-01 -8.136864e-01 1.976839e+00
8.562144e-01 -9.085631e-01 1.977532e+00
8.563144e-01 -8.840418e-01 1.978210e+00
8.564144e-01 -8.033903e-01 1.978872e+00
8.565143e-01 -8.491671e-01 1.979518e+00
8.566143e-01 -7.560822e-01 1.980147e+00
8.567143e-01 -8.891844e-01 1.980761e+00
8.568143e-01 -9.305185e-01 1.981358e+00
8.569143e-01 -9.079874e-01 1.981938e+00
8.570143e-01 -8.927671e-01 1.982502e+00
8.571143e-01 -8.616517e-01 1.983049e+00
8.572143e-01 -8.527997e-01 1.983580e+00
8.573143e-01 -8.651667e-01 1.984094e+00
8.574143e-01 -8.778308e-01 1.984592e+00
8.575142e-01 -8.293415e-01 1.985073e+00
8.576142e-01 -8.766407e-01 1.985537e+00
8.577142e-01 -8.902946e-01 1.985984e+00
8.578142e-01 -9.031895e-01 1.986415e+00
8.579142e-01 -9.540584e-01 1.986829e+00
8.580142e-01 -8.722548e-01 1.987227e+00
8.581142e-01 -9.174187e-01 1.987608e+00
8.582142e-01 -8.720614e-01 1.987972e+00
8.583142e-01 -8.799820e-01 1.988321e+00
8.584142e-01 -8.912427e-01 1.988653e+00
8.585141e-01 -8.307906e-01 1.988969e+00
8.586141e-01 -8.074297e-01 1.989269e+00
8.587141e-01 -8.324895e-01 1.989553e+00
8.588141e-01 -8.737831e-01 1.989822e+00
8.589141e-01 -8.728080e-01 1.990074e+00
8.590141e-01 -8.607370e-01 1.990312e+00
8.591141e-01 -8.474522e-01 1.990534e+00
8.592141e-01 -8.486169e-01 1.990741e+00
8.593141e-01 -8.060471e-01 1.990934e+00
8.594141e-01 -7.930380e-01 1.991112e+00
8.595140e-01 -8.387720e-01 1.991275e+00
8.596140e-01 -7.938762e-01 1.991424e+00
8.597140e-01 -7.466138e-01 1.991559e+00
8.598140e-01 -7.035921e-01 1.991681e+00
8.599140e-01 -7.770440e-01 1.991789e+00
8.600140e-01 -7.866713e-01 1.991884e+00
8.601140e-01 -7.900458e-01 1.991966e+00
8.602140e-01 -6.470200e-01 1.992036e+00
8.603140e-01 -7.695230e-01 1.992093e+00
8.604140e-01 -7.402768e-01 1.992138e+00
8.605139e-01 -6.778137e-01 1.992171e+00
8.606139e-01 -7.841875e-01 1.992193e+00
8.607139e-01 -6.965938e-01 1.992204e+00
8.608139e-01 -7.500550e-01 1.992204e+00
8.609139e-01 -6.628816e-01 1.992194e+00
8.610139e-01 -6.661104e-01 1.992173e+00
8.611139e-01 -6.925550e-01 1.992143e+00
8.612139e-01 -6.071767e-01 1.992104e+00
8.613139e-01 -7.243554e-01 1.992055e+00
8.614139e-01 -7.077576e-01 1.991998e+00
8.615138e-01 -6.086283e-01 1.991933e+00
8.616138e-01 -6.085379e-01 1.991859e+00
8.617138e-01 -6.603219e-01 1.991778e+00
8.618138e-01 -7.040765e-01 1.991690e+00
8.619138e-01 -6.662765e-01 1.991595e+00
8.620138e-01 -5.195353e-01 1.991494e+00
8.621138e-01 -6.406898e-01 1.991386e+00
8.622138e-01 -6.501366e-01 1.991273e+00
8.623138e-01 -7.704678e-01 1.991155e+00
8.624138e-01 -6.381038e-01 1.991032e+00
8.625137e-01 -6.445037e-01 1.990904e+00
8.626137e-01 -5.923610e-01 1.990773e+00
8.627137e-01 -7.361145e-01 1.990637e+00
8.628137e-01 -6.908355e-01 1.990499e+00
8.629137e-01 -7.075302e-01 1.990357e+00
8.630137e-01 -6.701569e-01 1.990213e+00
8.631137e-01 -6.730827e-01 1.990067e+00
8.632137e-01 -6.318917e-01 1.989919e+00
8.633137e-01 -6.389926e-01 1.989769e+00
8.634137e-01 -6.601369e-01 1.989619e+00
8.635136e-01 -6.932472e-01 1.989468e+00
8.636136e-01 -6.719216e-01 1.989317e+00
8.637136e-01 -6.389730e-01 1.989166e+00
8.638136e-01 -6.336396e-01 1.989016e+00
8.639136e-01 -6.762445e-01 1.988867e+00
8.640136e-01 -6.834774e-01 1.988718e+00
8.641136e-01 -6.953309e-01 1.988572e+00
8.642136e-01 -6.223096e-01 1.988427e+00
8.643136e-01 -6.692015e-01 1.988285e+00
8.644136e-01 -7.132982e-01 1.988146e+00
8.645135e-01 -7.655333e-01 1.988009e+00
8.646135e-01 -6.760126e-01 1.987876e+00
8.647135e-01 -8.511857e-01 1.987747e+00
8.648135e-01 -7.235260e-01 1.987621e+00
8.649135e-01 -7.434618e-01 1.987500e+00
8.650135e-01 -7.673226e-01 1.987384e+00
8.651135e-01 -7.477784e-01 1.987272e+00
8.652135e-01 -7.535938e-01 1.987166e+00
8.653135e-01 -7.567610e-01 1.987065e+00
8.654135e-01 -7.697052e-01 1.986969e+00
8.655134e-01 -7.902708e-01 1.986880e+00
8.656134e-01 -8.280212e-01 1.986797e+00
8.657134e-01 -7.485617e-01 1.986721e+00
8.658134e-01 -8.562241e-01 1.986651e+00
8.659134e-01 -7.160380e-01 1.986589e+00
8.660134e-01 -8.341381e-01 1.986533e+00
8.661134e-01 -8.934642e-01 1.986485e+00
8.662134e-01 -9.045064e-01 1.986445e+00
8.663134e-01 -8.486580e-01 1.986412e+00
8.664134e-01 -7.975354e-01 1.986388e+00
8.665133e-01 -8.691347e-01 1.986372e+00
8.666133e-01 -8.916735e-01 1.986363e+00
8.667133e-01 -8.379670e-01 1.986364e+00
8.668133e-01 -8.038970e-01 1.986373e+00
8.669133e-01 -7.507644e-01 1.986391e+00
8.670133e-01 -8.870082e-01 1.986418e+00
8.671133e-01 -8.166501e-01 1.986453e+00
8.672133e-01 -8.063931e-01 1.986498e+00
8.673133e-01 -7.777902e-01 1.986552e+00
8.674133e-01 -8.190693e-01 1.986616e+00
8.675132e-01 -8.502751e-01 1.986688e+00
8.676132e-01 -8.291016e-01 1.986770e+00
8.677132e-01 -8.085448e-01 1.986862e+00
8.678132e-01 -7.946386e-01 1.986963e+00
8.679132e-01 -8.871994e-01 1.987073e+00
8.680132e-01 -8.171229e-01 1.987194e+00
8.681132e-01 -9.132489e-01 1.987323e+00
8.682132e-01 -8.438452e-01 1.987463e+00
8.683132e-01 -7.544310e-01 1.987612e+00
8.684132e-01 -7.869498e-01 1.987770e+00
8.685131e-01 -7.581715e-01 1.987938e+00
8.686131e-01 -8.680974e-01 1.988115e+00
8.687131e-01 -7.822819e-01 1.988302e+00
8.688131e-01 -8.157241e-01 1.988499e+00
8.689131e-01 -7.181477e-01 1.988704e+00
8.690131e-01 -8.077019e-01 1.988919e+00
8.691131e-01 -8.237352e-01 1.989143e+00
8.692131e-01 -7.383729e-01 1.989377e+00
8.693131e-01 -7.474569e-01 1.989619e+00
8.694131e-01 -8.187188e-01 1.989870e+00
8.695130e-01 -8.438916e-01 1.990130e+00
8.696130e-01 -7.751930e-01 1.990399e+00
8.697130e-01 -6.652758e-01 1.990676e+00
8.698130e-01 -7.578098e-01 1.990962e+00
8.699130e-01 -8.145664e-01 1.991256e+00
8.700130e-01 -6.484236e-01 1.991558e+00
8.701130e-01 -6.822354e-01 1.991869e+00
8.702130e-01 -6.558864e-01 1.992187e+00
8.703130e-01 -6.265266e-01 1.992513e+00
8.704130e-01 -6.878484e-01 1.992846e+00
8.705129e-01 -8.131098e-01 1.993187e+00
8.706129e-01 -7.207664e-01 1.993535e+00
8.707129e-01 -5.585566e-01 1.993890e+00
8.708129e-01 -6.208192e-01 1.994252e+00
8.709129e-01 -6.220219e-01 1.994621e+00
8.710129e-01 -6.179507e-01 1.994996e+00
8.711129e-01 -6.553586e-01 1.995377e+00
8.712129e-01 -6.306644e-01 1.995765e+00
8.713129e-01 -5.839392e-01 1.996158e+00
8.714129e-01 -6.269835e-01 1.996558e+00
8.715128e-01 -5.765482e-01 1.996963e+00
8.716128e-01 -5.334428e-01 1.997373e+00
8.717128e-01 -6.316926e-01 1.997788e+00
8.718128e-01 -5.441130e-01 1.998208e+00
8.719128e-01 -5.563437e-01 1.998633e+00
8.720128e-01 -6.283667e-01 1.999063e+00
8.721128e-01 -5.961848e-01 1.999496e+00
8.722128e-01 -6.364313e-01 1.999934e+00
8.723128e-01 -6.409333e-01 2.000376e+00
8.724128e-01 -5.817763e-01 2.000822e+00
8.725127e-01 -5.736259e-01 2.001271e+00
8.726127e-01 -6.331047e-01 2.001723e+00
8.727127e-01 -6.936967e-01 2.002179e+00
8.728127e-01 -5.985173e-01 2.002637e+00
8.729127e-01 -6.784021e-01 2.003099e+00
8.730127e-01 -5.214344e-01 2.003562e+00
8.731127e-01 -5.804179e-01 2.004028e+00
8.732127e-01 -5.833860e-01 2.004497e+00
8.733127e-01 -6.406374e-01 2.004967e+00
8.734127e-01 -5.964247e-01 2.005439e+00
8.735126e-01 -6.087221e-01 2.005913e+00
8.736126e-01 -6.214968e-01 2.006388e+00
8.737126e-01 -6.243818e-01 2.006865e+00
8.738126e-01 -6.635086e-01 2.007342e+00
8.739126e-01 -6.491652e-01 2.007821e+00
8.740126e-01 -6.459624e-01 2.008300e+00
8.741126e-01 -5.830781e-01 2.008781e+00
8.742126e-01 -5.841345e-01 2.009261e+00
8.743126e-01 -6.784236e-01 2.009742e+00
8.744126e-01 -5.335693e-01 2.010223e+00
8.745125e-01 -6.827108e-01 2.010705e+00
8.746125e-01 -7.247213e-01 2.011186e+00
8.747125e-01 -5.697922e-01 2.011667e+00
8.748125e-01 -6.751480e-01 2.012148e+00
8.749125e-01 -7.577300e-01 2.012628e+00
8.750125e-01 -7.529460e-01 2.013108e+00
8.751125e-01 -7.448452e-01 2.013588e+00
8.752125e-01 -6.963353e-01 2.014066e+00
8.753125e-01 -8.034781e-01 2.014544e+00
8.754125e-01 -6.805050e-01 2.015021e+00
8.755124e-01 -7.830289e-01 2.015497e+00
8.756124e-01 -8.448651e-01 2.015972e+00
8.757124e-01 -7.065628e-01 2.016446e+00
8.758124e-01 -7.394242e-01 2.016919e+00
8.759124e-01 -7.639022e-01 2.017390e+00
8.760124e-01 -7.235461e-01 2.017861e+00
8.761124e-01 -7.582884e-01 2.018329e+00
8.762124e-01 -7.072926e-01 2.018797e+00
8.763124e-01 -7.773765e-01 2.019263e+00
8.764124e-01 -7.818572e-01 2.019728e+00
8.765123e-01 -8.540890e-01 2.020191e+00
8.766123e-01 -8.096232e-01 2.020653e+00
8.767123e-01 -7.290576e-01 2.021113e+00
8.768123e-01 -7.919082e-01 2.021572e+00
8.769123e-01 -7.723069e-01 2.022029e+00
8.770123e-01 -8.175568e-01 2.022484e+00
8.771123e-01 -8.084722e-01 2.022938e+00
8.772123e-01 -6.989635e-01 2.023391e+00
8.773123e-01 -7.610346e-01 2.023842e+00
8.774123e-01 -7.794675e-01 2.024292e+00
8.775122e-01 -7.800498e-01 2.024740e+00
8.776122e-01 -7.375896e-01 2.025186e+00
8.777122e-01 -7.630051e-01 2.025631e+00
8.778122e-01 -7.904379e-01 2.026075e+00
8.779122e-01 -8.254693e-01 2.026518e+00
8.780122e-01 -7.431464e-01 2.026959e+00
8.781122e-01 -7.366674e-01 2.027399e+00
8.782122e-01 -8.044573e-01 2.027837e+00
8.783122e-01 -7.683172e-01 2.028274e+00
8.784122e-01 -8.434763e-01 2.028711e+00
8.785121e-01 -7.786064e-01 2.029146e+00
8.786121e-01 -7.202820e-01 2.029580e+00
8.787121e-01 -8.236983e-01 2.030013e+00
8.788121e-01 -8.022692e-01 2.030445e+00
8.789121e-01 -8.589106e-01 2.030876e+00
8.790121e-01 -6.983848e-01 2.031306e+00
8.791121e-01 -6.357989e-01 2.031735e+00
8.792121e-01 -7.796479e-01 2.032164e+00
8.793121e-01 -7.049626e-01 2.032592e+00
8.794121e-01 -7.201005e-01 2.033020e+00
8.795120e-01 -6.485355e-01 2.033446e+00
8.796120e-01 -6.997676e-01 2.033873e+00
8.797120e-01 -7.533664e-01 2.034299e+00
8.798120e-01 -6.174840e-01 2.034724e+00
8.799120e-01 -6.805443e-01 2.035149e+00
8.800120e-01 -6.040354e-01 2.035574e+00
8.801120e-01 -7.281906e-01 2.035999e+00
8.802120e-01 -7.087066e-01 2.036423e+00
8.803120e-01 -6.826146e-01 2.036848e+00
8.804120e-01 -6.140661e-01 2.037272e+00
8.805119e-01 -6.427918e-01 2.037696e+00
8.806119e-01 -6.618442e-01 2.038120e+00
8.807119e-01 -7.236383e-01 2.038545e+00
8.808119e-01 -7.021339e-01 2.038969e+00
8.809119e-01 -5.769663e-01 2.039393e+00
8.810119e-01 -5.518758e-01 2.039818e+00
8.811119e-01 -6.331896e-01 2.040242e+00
8.812119e-01 -6.112770e-01 2.040667e+00
8.813119e-01 -6.600627e-01 2.041092e+00
8.814119e-01 -6.395102e-01 2.041517e+00
8.815118e-01 -5.749401e-01 2.041942e+00
8.816118e-01 -5.945089e-01 2.042368e+00
8.817118e-01 -5.938828e-01 2.042793e+00
8.818118e-01 -5.989095e-01 2.043219e+00
8.819118e-01 -4.656239e-01 2.043645e+00
8.820118e-01 -6.654144e-01 2.044071e+00
8.821118e-01 -5.050312e-01 2.044497e+00
8.822118e-01 -6.865074e-01 2.044924e+00
8.823118e-01 -6.342503e-01 2.045350e+00
8.824118e-01 -6.214400e-01 2.045776e+00
8.825117e-01 -6.651129e-01 2.046202e+00
8.826117e-01 -6.544076e-01 2.046628e+00
8.827117e-01 -6.332608e-01 2.047054e+00
8.828117e-01 -5.262092e-01 2.047480e+00
8.829117e-01 -6.444722e-01 2.047905e+00
8.830117e-01 -6.579217e-01 2.048330e+00
8.831117e-01 -5.940001e-01 2.048754e+00
8.832117e-01 -5.596592e-01 2.049177e+00
8.833117e-01 -6.272996e-01 2.049600e+00
8.834117e-01 -5.986792e-01 2.050022e+00
8.835116e-01 -5.435372e-01 2.050443e+00
8.836116e-01 -4.974999e-01 2.050862e+00
8.837116e-01 -6.186314e-01 2.051281e+00
8.838116e-01 -5.258765e-01 2.051698e+00
8.839116e-01 -5.846999e-01 2.052113e+00
8.840116e-01 -7.600380e-01 2.052527e+00
8.841116e-01 -6.153435e-01 2.052938e+00
8.842116e-01 -6.934259e-01 2.053348e+00
8.843116e-01 -7.442391e-01 2.053755e+00
8.844116e-01 -6.920366e-01 2.054160e+00
8.845115e-01 -6.753023e-01 2.054562e+00
8.846115e-01 -6.469406e-01 2.054962e+00
8.847115e-01 -6.148443e-01 2.055358e+00
8.848115e-01 -5.663336e-01 2.055751e+00
8.849115e-01 -6.063760e-01 2.056140e+00
8.850115e-01 -7.099969e-01 2.056526e+00
8.851115e-01 -5.973574e-01 2.056907e+00
8.852115e-01 -6.459652e-01 2.057285e+00
8.853115e-01 -6.734516e-01 2.057658e+00
8.854115e-01 -7.269093e-01 2.058026e+00
8.855114e-01 -6.507381e-01 2.058389e+00
8.856114e-01 -6.795853e-01 2.058746e+00
8.857114e-01 -6.666621e-01 2.059099e+00
8.858114e-01 -6.766057e-01 2.059445e+00
8.859114e-01 -7.147233e-01 2.059785e+00
8.860114e-01 -6.661296e-01 2.060119e+00
8.861114e-01 -6.246964e-01 2.060446e+00
8.862114e-01 -6.865741e-01 2.060766e+00
8.863114e-01 -6.347082e-01 2.061079e+00
8.864114e-01 -6.726011e-01 2.061384e+00
8.865113e-01 -7.760659e-01 2.061681e+00
8.866113e-01 -7.530993e-01 2.061970e+00
8.867113e-01 -7.210231e-01 2.062250e+00
8.868113e-01 -7.640413e-01 2.062522e+00
8.869113e-01 -8.051037e-01 2.062784e+00
8.870113e-01 -7.080383e-01 2.063037e+00
8.871113e-01 -7.186728e-01 2.063281e+00
8.872113e-01 -8.116597e-01 2.063514e+00
8.873113e-01 -8.284146e-01 2.063736e+00
8.874113e-01 -7.389186e-01 2.063948e+00
8.875112e-01 -7.877577e-01 2.064150e+00
8.876112e-01 -7.328550e-01 2.064339e+00
8.877112e-01 -7.949771e-01 2.064517e+00
8.878112e-01 -7.138933e-01 2.064683e+00
8.879112e-01 -8.305859e-01 2.064837e+00
8.880112e-01 -7.742223e-01 2.064979e+00
8.881112e-01 -7.128315e-01 2.065107e+00
8.882112e-01 -7.104978e-01 2.065223e+00
8.883112e-01 -8.141919e-01 2.065325e+00
8.884112e-01 -7.397023e-01 2.065413e+00
8.885111e-01 -7.371701e-01 2.065488e+00
8.886111e-01 -8.315693e-01 2.065548e+00
8.887111e-01 -6.876978e-01 2.065594e+00
8.888111e-01 -6.801721e-01 2.065625e+00
8.889111e-01 -6.879492e-01 2.065641e+00
8.890111e-01 -7.150142e-01 2.065642e+00
8.891111e-01 -7.255963e-01 2.065628e+00
8.892111e-01 -6.956771e-01 2.065597e+00
8.893111e-01 -7.057182e-01 2.065551e+00
8.894111e-01 -7.208355e-01 2.065489e+00
8.895110e-01 -7.025097e-01 2.065411e+00
8.896110e-01 -6.920001e-01 2.065316e+00
8.897110e-01 -6.369706e-01 2.065205e+00
8.898110e-01 -6.028728e-01 2.065076e+00
8.899110e-01 -6.808412e-01 2.064931e+00
8.900110e-01 -7.301288e-01 2.064769e+00
8.901110e-01 -5.866031e-01 2.064590e+00
8.902110e-01 -6.182838e-01 2.064393e+00
8.903110e-01 -6.541752e-01 2.064179e+00
8.904110e-01 -5.780270e-01 2.063947e+00
8.905109e-01 -6.182828e-01 2.063697e+00
8.906109e-01 -5.845828e-01 2.063430e+00
8.907109e-01 -5.821974e-01 2.063146e+00
8.908109e-01 -4.822772e-01 2.062843e+00
8.909109e-01 -5.630778e-01 2.062522e+00
8.910109e-01 -6.291772e-01 2.062184e+00
8.911109e-01 -5.713879e-01 2.061828e+00
8.912109e-01 -5.331428e-01 2.061454e+00
8.913109e-01 -5.681361e-01 2.061062e+00
8.914109e-01 -5.075625e-01 2.060653e+00
8.915108e-01 -5.570032e-01 2.060225e+00
8.916108e-01 -5.170778e-01 2.059780e+00
8.917108e-01 -5.368656e-01 2.059317e+00
8.918108e-01 -5.102593e-01 2.058837e+00
8.919108e-01 -3.975618e-01 2.058339e+00
8.920108e-01 -6.111319e-01 2.057824e+00
8.921108e-01 -5.254074e-01 2.057292e+00
8.922108e-01 -5.536207e-01 2.056742e+00
8.923108e-01 -4.675426e-01 2.056176e+00
8.924108e-01 -5.336747e-01 2.055593e+00
8.925107e-01 -5.803044e-01 2.054993e+00
8.926107e-01 -5.486158e-01 2.054376e+00
8.927107e-01 -5.126030e-01 2.053744e+00
8.928107e-01 -5.868032e-01 2.053095e+00
8.929107e-01 -5.184105e-01 2.052431e+00
8.930107e-01 -5.600444e-01 2.051751e+00
8.931107e-01 -5.086698e-01 2.051055e+00
8.932107e-01 -4.548025e-01 2.050344e+00
8.933107e-01 -5.813726e-01 2.049619e+00
8.934107e-01 -4.840291e-01 2.048879e+00
8.935106e-01 -5.212242e-01 2.048124e+00
8.936106e-01 -6.103927e-01 2.047355e+00
8.937106e-01 -5.666613e-01 2.046573e+00
8.938106e-01 -5.305385e-01 2.045777e+00
8.939106e-01 -4.841834e-01 2.044968e+00
8.940106e-01 -5.372665e-01 2.044146e+00
8.941106e-01 -5.207787e-01 2.043311e+00
8.942106e-01 -6.791342e-01 2.042464e+00
8.943106e-01 -6.494189e-01 2.041605e+00
8.944106e-01 -5.204726e-01 2.040735e+00
8.945105e-01 -5.882075e-01 2.039853e+00
8.946105e-01 -6.136228e-01 2.038961e+00
8.947105e-01 -6.874874e-01 2.038058e+00
8.948105e-01 -5.838710e-01 2.037145e+00
8.949105e-01 -5.493223e-01 2.036222e+00
8.950105e-01 -6.396578e-01 2.035289e+00
8.951105e-01 -6.580319e-01 2.034348e+00
8.952105e-01 -6.539820e-01 2.033397e+00
8.953105e-01 -6.954056e-01 2.032439e+00
8.954105e-01 -6.399462e-01 2.031472e+00
8.955104e-01 -7.413724e-01 2.030498e+00
8.956104e-01 -7.147627e-01 2.029517e+00
8.957104e-01 -6.726172e-01 2.028529e+00
8.958104e-01 -6.963350e-01 2.027535e+00
8.959104e-01 -7.159359e-01 2.026534e+00
8.960104e-01 -6.248782e-01 2.025528e+00
8.961104e-01 -6.599036e-01 2.024517e+00
8.962104e-01 -6.368092e-01 2.023501e+00
8.963104e-01 -7.327411e-01 2.022480e+00
8.964104e-01 -6.022102e-01 2.021455e+00
8.965103e-01 -6.286001e-01 2.020427e+00
8.966103e-01 -7.226541e-01 2.019395e+00
8.967103e-01 -6.962258e-01 2.018361e+00
8.968103e-01 -7.483814e-01 2.017323e+00
8.969103e-01 -6.329076e-01 2.016284e+00
8.970103e-01 -7.091072e-01 2.015243e+00
8.971103e-01 -7.083112e-01 2.014201e+00
8.972103e-01 -6.855142e-01 2.013157e+00
8.973103e-01 -6.849587e-01 2.012113e+00
8.974103e-01 -5.947053e-01 2.011069e+00
8.975102e-01 -7.129286e-01 2.010024e+00
8.976102e-01 -7.072170e-01 2.008981e+00
8.977102e-01 -7.250176e-01 2.007938e+00
8.978102e-01 -6.597592e-01 2.006896e+00
8.979102e-01 -7.601022e-01 2.005856e+00
8.980102e-01 -7.446946e-01 2.004818e+00
8.981102e-01 -6.400728e-01 2.003782e+00
8.982102e-01 -6.273433e-01 2.002749e+00
8.983102e-01 -5.865554e-01 2.001718e+00
8.984102e-01 -7.790212e-01 2.000691e+00
8.985101e-01 -6.868100e-01 1.999668e+00
8.986101e-01 -6.607876e-01 1.998648e+00
8.987101e-01 -7.036323e-01 1.997633e+00
8.988101e-01 -6.664290e-01 1.996623e+00
8.989101e-01 -5.869744e-01 1.995617e+00
8.990101e-01 -6.816039e-01 1.994617e+00
8.991101e-01 -5.629282e-01 1.993622e+00
8.992101e-01 -6.647332e-01 1.992634e+00
8.993101e-01 -6.767507e-01 1.991651e+00
8.994101e-01 -6.303045e-01 1.990675e+00
8.995100e-01 -5.681869e-01 1.989706e+00
8.996100e-01 -6.206379e-01 1.988743e+00
8.997100e-01 -5.825407e-01 1.987788e+00
8.998100e-01 -5.656105e-01 1.986841e+00
8.999100e-01 -5.533263e-01 1.985902e+00
9.000100e-01 -5.248456e-01 1.984970e+00
9.001100e-01 -5.732822e-01 1.984047e+00
9.002100e-01 -5.452066e-01 1.983133e+00
9.003100e-01 -6.613691e-01 1.982227e+00
9.004100e-01 -5.846759e-01 1.981331e+00
9.005099e-01 -5.324214e-01 1.980444e+00
9.006099e-01 -5.564763e-01 1.979567e+00
9.007099e-01 -4.596596e-01 1.978699e+00
9.008099e-01 -4.650776e-01 1.977842e+00
9.009099e-01 -6.117438e-01 1.976994e+00
9.010099e-01 -5.246706e-01 1.976157e+00
9.011099e-01 -5.978937e-01 1.975331e+00
9.012099e-01 -5.243499e-01 1.974515e+00
9.013099e-01 -4.983574e-01 1.973711e+00
9.014099e-01 -5.183628e-01 1.972917e+00
9.015098e-01 -4.862221e-01 1.972135e+00
9.016098e-01 -5.511959e-01 1.971364e+00
9.017098e-01 -4.451200e-01 1.970605e+00
9.018098e-01 -5.064816e-01 1.969857e+00
9.019098e-01 -4.007417e-01 1.969121e+00
9.020098e-01 -5.417752e-01 1.968397e+00
9.021098e-01 -3.849313e-01 1.967685e+00
9.022098e-01 -4.258229e-01 1.966984e+00
9.023098e-01 -5.175684e-01 1.966296e+00
9.024098e-01 -4.933183e-01 1.965620e+00
9.025097e-01 -4.903464e-01 1.964957e+00
9.026097e-01 -4.074051e-01 1.964305e+00
9.027097e-01 -4.929859e-01 1.963666e+00
9.028097e-01 -4.623456e-01 1.963039e+00
9.029097e-01 -4.797742e-01 1.962425e+00
9.030097e-01 -4.933718e-01 1.961822e+00
9.031097e-01 -5.353739e-01 1.961232e+00
9.032097e-01 -5.184253e-01 1.960654e+00
9.033097e-01 -4.825893e-01 1.960088e+00
9.034097e-01 -5.193926e-01 1.959534e+00
9.035096e-01 -4.067812e-01 1.958992e+00
9.036096e-01 -5.182445e-01 1.958461e+00
9.037096e-01 -4.508949e-01 1.957943e+00
9.038096e-01 -5.307446e-01 1.957435e+00
9.039096e-01 -4.793053e-01 1.956939e+00
9.040096e-01 -5.342516e-01 1.956455e+00
9.041096e-01 -5.735761e-01 1.955981e+00
9.042096e-01 -4.782305e-01 1.955517e+00
9.043096e-01 -5.841408e-01 1.955064e+00
9.044096e-01 -5.318934e-01 1.954621e+00
9.045095e-01 -5.551954e-01 1.954188e+00
9.046095e-01 -4.810107e-01 1.953764e+00
9.047095e-01 -5.677395e-01 1.953350e+00
9.048095e-01 -5.218074e-01 1.952944e+00
9.049095e-01 -5.390319e-01 1.952546e+00
9.050095e-01 -6.484100e-01 1.952157e+00
9.051095e-01 -5.609390e-01 1.951774e+00
9.052095e-01 -5.578747e-01 1.951399e+00
9.053095e-01 -5.916620e-01 1.951030e+00
9.054095e-01 -5.677044e-01 1.950667e+00
9.055094e-01 -5.171773e-01 1.950310e+00
9.056094e-01 -6.470976e-01 1.949957e+00
9.057094e-01 -5.809532e-01 1.949608e+00
9.058094e-01 -6.429444e-01 1.949263e+00
9.059094e-01 -6.530636e-01 1.948920e+00
9.060094e-01 -5.476914e-01 1.948580e+00
9.061094e-01 -6.906955e-01 1.948240e+00
9.062094e-01 -5.549171e-01 1.947901e+00
9.063094e-01 -6.041079e-01 1.947562e+00
9.064094e-01 -7.057026e-01 1.947221e+00
9.065093e-01 -6.523313e-01 1.946879e+00
9.066093e-01 -6.800070e-01 1.946533e+00
9.067093e-01 -5.892665e-01 1.946183e+00
9.068093e-01 -7.466129e-01 1.945828e+00
9.069093e-01 -6.249032e-01 1.945468e+00
9.070093e-01 -5.495658e-01 1.945099e+00
9.071093e-01 -6.661924e-01 1.944723e+00
9.072093e-01 -6.301316e-01 1.944337e+00
9.073093e-01 -5.757117e-01 1.943941e+00
9.074093e-01 -7.177637e-01 1.943532e+00
9.075092e-01 -6.447575e-01 1.943111e+00
9.076092e-01 -6.277763e-01 1.942675e+00
9.077092e-01 -6.345194e-01 1.942223e+00
9.078092e-01 -6.183909e-01 1.941754e+00
9.079092e-01 -6.427476e-01 1.941267e+00
9.080092e-01 -6.104897e-01 1.940759e+00
9.081092e-01 -6.499799e-01 1.940230e+00
9.082092e-01 -6.164261e-01 1.939678e+00
9.083092e-01 -6.497642e-01 1.939101e+00
9.084092e-01 -5.996499e-01 1.938497e+00
9.085091e-01 -5.884557e-01 1.937866e+00
9.086091e-01 -6.395313e-01 1.937206e+00
9.087091e-01 -5.973547e-01 1.936514e+00
9.088091e-01 -6.775392e-01 1.935789e+00
9.089091e-01 -6.827495e-01 1.935030e+00
9.090091e-01 -6.455543e-01 1.934234e+00
9.091091e-01 -6.260718e-01 1.933400e+00
9.092091e-01 -6.411380e-01 1.932526e+00
9.093091e-01 -5.670095e-01 1.931610e+00
9.094091e-01 -6.136578e-01 1.930651e+00
9.095090e-01 -5.554494e-01 1.929646e+00
9.096090e-01 -5.356279e-01 1.928593e+00
9.097090e-01 -5.121489e-01 1.927491e+00
9.098090e-01 -5.717203e-01 1.926338e+00
9.099090e-01 -5.175256e-01 1.925132e+00
9.100090e-01 -6.017229e-01 1.923872e+00
9.101090e-01 -5.954440e-01 1.922554e+00
9.102090e-01 -4.910466e-01 1.921178e+00
9.103090e-01 -5.197554e-01 1.919742e+00
9.104090e-01 -4.868383e-01 1.918244e+00
9.105089e-01 -4.208831e-01 1.916682e+00
9.106089e-01 -4.833155e-01 1.915055e+00
9.107089e-01 -4.768776e-01 1.913360e+00
9.108089e-01 -5.327882e-01 1.911597e+00
9.109089e-01 -4.581659e-01 1.909764e+00
9.110089e-01 -4.925776e-01 1.907859e+00
9.111089e-01 -4.447594e-01 1.905881e+00
9.112089e-01 -3.632045e-01 1.903829e+00
9.113089e-01 -4.363217e-01 1.901701e+00
9.114089e-01 -4.496523e-01 1.899497e+00
9.115088e-01 -4.695246e-01 1.897216e+00
9.116088e-01 -4.215538e-01 1.894856e+00
9.117088e-01 -4.596953e-01 1.892417e+00
9.118088e-01 -3.606600e-01 1.889899e+00
9.119088e-01 -5.103205e-01 1.887302e+00
9.120088e-01 -4.383247e-01 1.884624e+00
9.121088e-01 -3.867107e-01 1.881866e+00
9.122088e-01 -3.916410e-01 1.879029e+00
9.123088e-01 -2.742318e-01 1.876112e+00
9.124088e-01 -4.359678e-01 1.873116e+00
9.125087e-01 -4.057485e-01 1.870043e+00
9.126087e-01 -3.857776e-01 1.866893e+00
9.127087e-01 -4.247350e-01 1.863667e+00
9.128087e-01 -4.482558e-01 1.860367e+00
9.129087e-01 -3.894391e-01 1.856996e+00
9.130087e-01 -4.843385e-01 1.853555e+00
9.131087e-01 -4.430061e-01 1.850046e+00
9.132087e-01 -4.275114e-01 1.846473e+00
9.133087e-01 -4.586715e-01 1.842839e+00
9.134087e-01 -4.165130e-01 1.839147e+00
9.135086e-01 -4.482109e-01 1.835401e+00
9.136086e-01 -4.196053e-01 1.831606e+00
9.137086e-01 -4.413535e-01 1.827765e+00
9.138086e-01 -4.360370e-01 1.823884e+00
9.139086e-01 -3.483049e-01 1.819967e+00
9.140086e-01 -5.360866e-01 1.816022e+00
9.141086e-01 -3.794960e-01 1.812053e+00
9.142086e-01 -4.317528e-01 1.808067e+00
9.143086e-01 -4.963895e-01 1.804070e+00
9.144086e-01 -5.108128e-01 1.800071e+00
9.145085e-01 -4.767587e-01 1.796076e+00
9.146085e-01 -5.456777e-01 1.792094e+00
9.147085e-01 -5.849980e-01 1.788132e+00
9.148085e-01 -5.023400e-01 1.784200e+00
9.149085e-01 -5.817772e-01 1.780306e+00
9.150085e-01 -4.429954e-01 1.776459e+00
9.151085e-01 -4.748200e-01 1.772669e+00
9.152085e-01 -5.779395e-01 1.768946e+00
9.153085e-01 -5.538277e-01 1.765300e+00
9.154085e-01 -5.993914e-01 1.761741e+00
9.155084e-01 -4.727419e-01 1.758280e+00
9.156084e-01 -5.538195e-01 1.754927e+00
9.157084e-01 -5.520734e-01 1.751692e+00
9.158084e-01 -5.999852e-01 1.748588e+00
9.159084e-01 -4.896936e-01 1.745624e+00
9.160084e-01 -5.810025e-01 1.742812e+00
9.161084e-01 -6.106179e-01 1.740162e+00
9.162084e-01 -4.711061e-01 1.737685e+00
9.163084e-01 -5.250638e-01 1.735392e+00
9.164084e-01 -5.655474e-01 1.733292e+00
9.165083e-01 -5.546176e-01 1.731396e+00
9.166083e-01 -5.974082e-01 1.729714e+00
9.167083e-01 -6.220724e-01 1.728254e+00
9.168083e-01 -6.139131e-01 1.727026e+00
9.169083e-01 -5.697802e-01 1.726038e+00
9.170083e-01 -6.115048e-01 1.725297e+00
9.171083e-01 -5.226413e-01 1.724811e+00
9.172083e-01 -5.832417e-01 1.724585e+00
9.173083e-01 -6.191330e-01 1.724626e+00
9.174083e-01 -6.190044e-01 1.724938e+00
9.175082e-01 -5.662775e-01 1.725524e+00
9.176082e-01 -6.695668e-01 1.726387e+00
9.177082e-01 -5.732608e-01 1.727530e+00
9.178082e-01 -6.952807e-01 1.728952e+00
9.179082e-01 -5.694631e-01 1.730653e+00
9.180082e-01 -5.753844e-01 1.732633e+00
9.181082e-01 -6.086738e-01 1.734887e+00
9.182082e-01 -5.378475e-01 1.737412e+00
9.183082e-01 -6.109792e-01 1.740203e+00
9.184082e-01 -6.243388e-01 1.743254e+00
9.185081e-01 -5.150469e-01 1.746556e+00
9.186081e-01 -4.787853e-01 1.750102e+00
9.187081e-01 -5.907199e-01 1.753881e+00
9.188081e-01 -5.270448e-01 1.757883e+00
9.189081e-01 -5.735927e-01 1.762095e+00
9.190081e-01 -5.160996e-01 1.766504e+00
9.191081e-01 -4.692256e-01 1.771096e+00
9.192081e-01 -6.349643e-01 1.775856e+00
9.193081e-01 -5.380285e-01 1.780768e+00
9.194081e-01 -5.471664e-01 1.785816e+00
9.195080e-01 -5.052909e-01 1.790983e+00
9.196080e-01 -5.778523e-01 1.796251e+00
9.197080e-01 -4.593313e-01 1.801601e+00
9.198080e-01 -4.672929e-01 1.807016e+00
9.199080e-01 -4.492384e-01 1.812477e+00
9.200080e-01 -4.516356e-01 1.817965e+00
9.201080e-01 -4.621002e-01 1.823461e+00
9.202080e-01 -4.257090e-01 1.828946e+00
9.203080e-01 -3.914087e-01 1.834404e+00
9.204080e-01 -4.745590e-01 1.839814e+00
9.205079e-01 -4.047345e-01 1.845161e+00
9.206079e-01 -4.033373e-01 1.850426e+00
9.207079e-01 -4.698235e-01 1.855594e+00
9.208079e-01 -4.693250e-01 1.860648e+00
9.209079e-01 -4.600730e-01 1.865574e+00
9.210079e-01 -3.843545e-01 1.870359e+00
9.211079e-01 -3.857900e-01 1.874988e+00
9.212079e-01 -3.798204e-01 1.879449e+00
9.213079e-01 -4.126782e-01 1.883732e+00
9.214079e-01 -4.086648e-01 1.887826e+00
9.215078e-01 -3.662695e-01 1.891722e+00
9.216078e-01 -3.904696e-01 1.895411e+00
9.217078e-01 -3.454296e-01 1.898888e+00
9.218078e-01 -4.145752e-01 1.902145e+00
9.219078e-01 -2.890590e-01 1.905178e+00
9.220078e-01 -3.244897e-01 1.907982e+00
9.221078e-01 -4.610390e-01 1.910555e+00
9.222078e-01 -3.954877e-01 1.912895e+00
9.223078e-01 -3.143490e-01 1.915001e+00
9.224078e-01 -4.184796e-01 1.916871e+00
9.225077e-01 -2.937204e-01 1.918508e+00
9.226077e-01 -3.232781e-01 1.919911e+00
9.227077e-01 -3.679422e-01 1.921084e+00
9.228077e-01 -3.937286e-01 1.922028e+00
9.229077e-01 -3.436734e-01 1.922748e+00
9.230077e-01 -3.041768e-01 1.923247e+00
9.231077e-01 -4.355315e-01 1.923530e+00
9.232077e-01 -3.800033e-01 1.923602e+00
9.233077e-01 -2.811945e-01 1.923468e+00
9.234077e-01 -3.356510e-01 1.923134e+00
9.235076e-01 -4.138039e-01 1.922606e+00
9.236076e-01 -3.310780e-01 1.921891e+00
9.237076e-01 -3.513352e-01 1.920995e+00
9.238076e-01 -3.343881e-01 1.919926e+00
9.239076e-01 -4.192451e-01 1.918690e+00
9.240076e-01 -3.929055e-01 1.917294e+00
9.241076e-01 -4.285726e-01 1.915746e+00
9.242076e-01 -4.462628e-01 1.914053e+00
9.243076e-01 -5.149762e-01 1.912223e+00
9.244076e-01 -4.577488e-01 1.910263e+00
9.245075e-01 -4.654768e-01 1.908180e+00
9.246075e-01 -4.405009e-01 1.905981e+00
9.247075e-01 -4.562601e-01 1.903674e+00
9.248075e-01 -4.625060e-01 1.901267e+00
9.249075e-01 -5.372002e-01 1.898765e+00
9.250075e-01 -5.306347e-01 1.896177e+00
9.251075e-01 -5.170445e-01 1.893508e+00
9.252075e-01 -5.112472e-01 1.890766e+00
9.253075e-01 -4.395803e-01 1.887957e+00
9.254075e-01 -5.325418e-01 1.885087e+00
9.255074e-01 -6.124341e-01 1.882163e+00
9.256074e-01 -5.303928e-01 1.879191e+00
9.257074e-01 -4.924104e-01 1.876176e+00
9.258074e-01 -5.948315e-01 1.873124e+00
9.259074e-01 -5.513642e-01 1.870041e+00
9.260074e-01 -5.939216e-01 1.866932e+00
9.261074e-01 -5.261961e-01 1.863801e+00
9.262074e-01 -4.893188e-01 1.860655e+00
9.263074e-01 -5.342940e-01 1.857497e+00
9.264074e-01 -5.094044e-01 1.854331e+00
9.265073e-01 -4.788861e-01 1.851164e+00
9.266073e-01 -5.684287e-01 1.847997e+00
9.267073e-01 -4.577669e-01 1.844836e+00
9.268073e-01 -5.662151e-01 1.841684e+00
9.269073e-01 -5.153743e-01 1.838545e+00
9.270073e-01 -5.584875e-01 1.835422e+00
9.271073e-01 -5.476982e-01 1.832319e+00
9.272073e-01 -5.835827e-01 1.829237e+00
9.273073e-01 -4.722467e-01 1.826181e+00
9.274073e-01 -5.654016e-01 1.823153e+00
9.275072e-01 -6.642200e-01 1.820155e+00
9.276072e-01 -5.303599e-01 1.817190e+00
9.277072e-01 -4.834816e-01 1.814260e+00
9.278072e-01 -5.405477e-01 1.811368e+00
9.279072e-01 -4.754470e-01 1.808515e+00
9.280072e-01 -5.419170e-01 1.805702e+00
9.281072e-01 -4.168956e-01 1.802933e+00
9.282072e-01 -5.228843e-01 1.800207e+00
9.283072e-01 -5.496335e-01 1.797527e+00
9.284072e-01 -4.745525e-01 1.794894e+00
9.285071e-01 -4.839867e-01 1.792309e+00
9.286071e-01 -5.210520e-01 1.789774e+00
9.287071e-01 -6.122754e-01 1.787288e+00
9.288071e-01 -5.391529e-01 1.784853e+00
9.289071e-01 -5.253859e-01 1.782471e+00
9.290071e-01 -4.897740e-01 1.780140e+00
9.291071e-01 -4.718395e-01 1.777862e+00
9.292071e-01 -4.340778e-01 1.775638e+00
9.293071e-01 -5.291358e-01 1.773467e+00
9.294071e-01 -5.525933e-01 1.771350e+00
9.295070e-01 -3.193805e-01 1.769288e+00
9.296070e-01 -4.113510e-01 1.767280e+00
9.297070e-01 -4.657089e-01 1.765326e+00
9.298070e-01 -4.808696e-01 1.763426e+00
9.299070e-01 -5.044347e-01 1.761581e+00
9.300070e-01 -5.476475e-01 1.759789e+00
9.301070e-01 -4.925828e-01 1.758052e+00
9.302070e-01 -4.600579e-01 1.756368e+00
9.303070e-01 -3.698480e-01 1.754737e+00
9.304070e-01 -5.115386e-01 1.753160e+00
9.305069e-01 -3.333134e-01 1.751634e+00
9.306069e-01 -4.234501e-01 1.750161e+00
9.307069e-01 -3.211636e-01 1.748738e+00
9.308069e-01 -3.581399e-01 1.747367e+00
9.309069e-01 -4.279817e-01 1.746046e+00
9.310069e-01 -4.069166e-01 1.744774e+00
9.311069e-01 -4.176133e-01 1.743551e+00
9.312069e-01 -3.694776e-01 1.742376e+00
9.313069e-01 -3.314111e-01 1.741248e+00
9.314069e-01 -3.646507e-01 1.740166e+00
9.315068e-01 -2.436072e-01 1.739130e+00
9.316068e-01 -3.536768e-01 1.738139e+00
9.317068e-01 -3.645091e-01 1.737191e+00
9.318068e-01 -3.912027e-01 1.736287e+00
9.319068e-01 -3.353317e-01 1.735424e+00
9.320068e-01 -2.318589e-01 1.734603e+00
9.321068e-01 -2.754624e-01 1.733821e+00
9.322068e-01 -3.239471e-01 1.733078e+00
9.323068e-01 -3.291761e-01 1.732373e+00
9.324068e-01 -2.453907e-01 1.731705e+00
9.325067e-01 -2.176414e-01 1.731073e+00
9.326067e-01 -2.913518e-01 1.730476e+00
9.327067e-01 -2.889846e-01 1.729913e+00
9.328067e-01 -1.659434e-01 1.729382e+00
9.329067e-01 -3.517105e-01 1.728882e+00
9.330067e-01 -3.585410e-01 1.728413e+00
9.331067e-01 -3.008896e-01 1.727974e+00
9.332067e-01 -2.916643e-01 1.727562e+00
9.333067e-01 -3.718110e-01 1.727177e+00
9.334067e-01 -2.849930e-01 1.726819e+00
9.335066e-01 -3.226797e-01 1.726485e+00
9.336066e-01 -3.181979e-01 1.726175e+00
9.337066e-01 -3.006016e-01 1.725887e+00
9.338066e-01 -3.812494e-01 1.725621e+00
9.339066e-01 -3.367148e-01 1.725375e+00
9.340066e-01 -2.365967e-01 1.725148e+00
9.341066e-01 -3.589175e-01 1.724939e+00
9.342066e-01 -2.675982e-01 1.724746e+00
9.343066e-01 -4.523446e-01 1.724570e+00
9.344066e-01 -3.499658e-01 1.724408e+00
9.345065e-01 -3.402464e-01 1.724259e+00
9.346065e-01 -2.816050e-01 1.724123e+00
9.347065e-01 -3.862224e-01 1.723998e+00
9.348065e-01 -2.595943e-01 1.723883e+00
9.349065e-01 -3.413398e-01 1.723777e+00
9.350065e-01 -4.255251e-01 1.723680e+00
9.351065e-01 -3.940297e-01 1.723589e+00
9.352065e-01 -3.781442e-01 1.723503e+00
9.353065e-01 -4.585886e-01 1.723423e+00
9.354065e-01 -4.663386e-01 1.723346e+00
9.355064e-01 -4.411584e-01 1.723273e+00
9.356064e-01 -5.010199e-01 1.723200e+00
9.357064e-01 -5.250302e-01 1.723129e+00
9.358064e-01 -3.517692e-01 1.723057e+00
9.359064e-01 -4.710676e-01 1.722984e+00
9.360064e-01 -3.936264e-01 1.722908e+00
9.361064e-01 -4.432854e-01 1.722830e+00
9.362064e-01 -5.738254e-01 1.722747e+00
9.363064e-01 -4.909867e-01 1.722659e+00
9.364064e-01 -5.131150e-01 1.722566e+00
9.365063e-01 -4.854601e-01 1.722465e+00
9.366063e-01 -3.905362e-01 1.722357e+00
9.367063e-01 -4.830510e-01 1.722241e+00
9.368063e-01 -4.788920e-01 1.722115e+00
9.369063e-01 -4.388631e-01 1.721979e+00
9.370063e-01 -5.160778e-01 1.721832e+00
9.371063e-01 -4.239731e-01 1.721674e+00
9.372063e-01 -4.355613e-01 1.721503e+00
9.373063e-01 -4.746908e-01 1.721319e+00
9.374063e-01 -4.185433e-01 1.721121e+00
9.375062e-01 -4.254433e-01 1.720909e+00
9.376062e-01 -4.506062e-01 1.720682e+00
9.377062e-01 -5.052644e-01 1.720439e+00
9.378062e-01 -4.524067e-01 1.720179e+00
9.379062e-01 -4.233283e-01 1.719903e+00
9.380062e-01 -4.981887e-01 1.719609e+00
9.381062e-01 -4.222214e-01 1.719298e+00
9.382062e-01 -5.060380e-01 1.718968e+00
9.383062e-01 -4.490425e-01 1.718619e+00
9.384062e-01 -4.301943e-01 1.718250e+00
9.385061e-01 -4.213459e-01 1.717862e+00
9.386061e-01 -4.652877e-01 1.717454e+00
9.387061e-01 -4.858171e-01 1.717025e+00
9.388061e-01 -4.531433e-01 1.716576e+00
9.389061e-01 -4.164440e-01 1.716105e+00
9.390061e-01 -3.279312e-01 1.715614e+00
9.391061e-01 -3.974974e-01 1.715100e+00
9.392061e-01 -4.435228e-01 1.714565e+00
9.393061e-01 -3.497369e-01 1.714008e+00
9.394061e-01 -3.485033e-01 1.713429e+00
9.395060e-01 -3.548372e-01 1.712828e+00
9.396060e-01 -4.099808e-01 1.712205e+00
9.397060e-01 -4.522107e-01 1.711560e+00
9.398060e-01 -3.601205e-01 1.710893e+00
9.399060e-01 -3.408481e-01 1.710203e+00
9.400060e-01 -2.758606e-01 1.709492e+00
9.401060e-01 -2.931343e-01 1.708759e+00
9.402060e-01 -2.804244e-01 1.708005e+00
9.403060e-01 -3.668031e-01 1.707229e+00
9.404060e-01 -3.698980e-01 1.706433e+00
9.405059e-01 -2.452298e-01 1.705615e+00
9.406059e-01 -4.092265e-01 1.704778e+00
9.407059e-01 -3.147484e-01 1.703920e+00
9.408059e-01 -3.580988e-01 1.703044e+00
9.409059e-01 -2.629714e-01 1.702148e+00
9.410059e-01 -2.493957e-01 1.701234e+00
9.411059e-01 -2.635744e-01 1.700303e+00
9.412059e-01 -2.894342e-01 1.699354e+00
9.413059e-01 -2.690572e-01 1.698389e+00
9.414059e-01 -3.779243e-01 1.697409e+00
9.415058e-01 -3.229069e-01 1.696415e+00
9.416058e-01 -3.137882e-01 1.695407e+00
9.417058e-01 -3.039248e-01 1.694386e+00
9.418058e-01 -2.122145e-01 1.693353e+00
9.419058e-01 -2.419273e-01 1.692310e+00
9.420058e-01 -3.823366e-01 1.691258e+00
9.421058e-01 -2.740019e-01 1.690198e+00
9.422058e-01 -2.685408e-01 1.689131e+00
9.423058e-01 -2.699352e-01 1.688058e+00
9.424058e-01 -2.673571e-01 1.686982e+00
9.425057e-01 -4.047832e-01 1.685904e+00
9.426057e-01 -2.323244e-01 1.684825e+00
9.427057e-01 -2.672243e-01 1.683746e+00
9.428057e-01 -2.675873e-01 1.682671e+00
9.429057e-01 -3.273442e-01 1.681601e+00
9.430057e-01 -2.778005e-01 1.680537e+00
9.431057e-01 -2.825371e-01 1.679482e+00
9.432057e-01 -3.175161e-01 1.678438e+00
9.433057e-01 -3.194823e-01 1.677407e+00
9.434057e-01 -2.779818e-01 1.676391e+00
9.435056e-01 -2.872028e-01 1.675394e+00
9.436056e-01 -2.632281e-01 1.674417e+00
9.437056e-01 -2.861124e-01 1.673463e+00
9.438056e-01 -3.765875e-01 1.672536e+00
9.439056e-01 -2.071338e-01 1.671637e+00
9.440056e-01 -3.051931e-01 1.670770e+00
9.441056e-01 -2.777362e-01 1.669938e+00
9.442056e-01 -2.392242e-01 1.669144e+00
9.443056e-01 -3.285776e-01 1.668392e+00
9.444056e-01 -2.733279e-01 1.667685e+00
9.445055e-01 -3.036806e-01 1.667026e+00
9.446055e-01 -3.136824e-01 1.666419e+00
9.447055e-01 -3.388180e-01 1.665869e+00
9.448055e-01 -3.146300e-01 1.665378e+00
9.449055e-01 -3.762128e-01 1.664952e+00
9.450055e-01 -2.453517e-01 1.664594e+00
9.451055e-01 -4.576222e-01 1.664308e+00
9.452055e-01 -3.573970e-01 1.664099e+00
9.453055e-01 -2.764034e-01 1.663971e+00
9.454055e-01 -4.213985e-01 1.663929e+00
9.455054e-01 -4.295128e-01 1.663978e+00
9.456054e-01 -4.512333e-01 1.664123e+00
9.457054e-01 -3.715964e-01 1.664367e+00
9.458054e-01 -3.808556e-01 1.664717e+00
9.459054e-01 -4.113733e-01 1.665177e+00
9.460054e-01 -4.747172e-01 1.665753e+00
9.461054e-01 -3.026141e-01 1.666449e+00
9.462054e-01 -3.341391e-01 1.667271e+00
9.463054e-01 -4.117005e-01 1.668223e+00
9.464054e-01 -3.099983e-01 1.669312e+00
9.465053e-01 -5.045475e-01 1.670542e+00
9.466053e-01 -4.481621e-01 1.671918e+00
9.467053e-01 -4.302546e-01 1.673445e+00
9.468053e-01 -3.190640e-01 1.675129e+00
9.469053e-01 -4.923201e-01 1.676974e+00
9.470053e-01 -4.314690e-01 1.678986e+00
9.471053e-01 -3.462671e-01 1.681167e+00
9.472053e-01 -4.669831e-01 1.683524e+00
9.473053e-01 -4.921598e-01 1.686060e+00
9.474053e-01 -4.495024e-01 1.688778e+00
9.475052e-01 -4.083510e-01 1.691683e+00
9.476052e-01 -4.561668e-01 1.694778e+00
9.477052e-01 -4.554243e-01 1.698064e+00
9.478052e-01 -4.765086e-01 1.701546e+00
9.479052e-01 -4.962619e-01 1.705224e+00
9.480052e-01 -3.597498e-01 1.709100e+00
9.481052e-01 -4.139915e-01 1.713175e+00
9.482052e-01 -4.609161e-01 1.717448e+00
9.483052e-01 -4.101474e-01 1.721919e+00
9.484052e-01 -4.185269e-01 1.726588e+00
9.485051e-01 -4.289726e-01 1.731451e+00
9.486051e-01 -4.164762e-01 1.736506e+00
9.487051e-01 -4.264278e-01 1.741750e+00
9.488051e-01 -4.669342e-01 1.747177e+00
9.489051e-01 -3.663009e-01 1.752782e+00
9.490051e-01 -3.806987e-01 1.758559e+00
9.491051e-01 -3.459130e-01 1.764499e+00
9.492051e-01 -2.737003e-01 1.770596e+00
9.493051e-01 -3.655978e-01 1.776838e+00
9.494051e-01 -4.554058e-01 1.783215e+00
9.495050e-01 -3.393409e-01 1.789716e+00
9.496050e-01 -3.510756e-01 1.796327e+00
9.497050e-01 -3.780302e-01 1.803035e+00
9.498050e-01 -3.167477e-01 1.809825e+00
9.499050e-01 -2.888915e-01 1.816680e+00
9.500050e-01 -3.110703e-01 1.823585e+00
9.501050e-01 -2.766291e-01 1.830521e+00
9.502050e-01 -3.595993e-01 1.837469e+00
9.503050e-01 -4.382507e-01 1.844409e+00
9.504050e-01 -2.681064e-01 1.851322e+00
9.505049e-01 -3.693750e-01 1.858186e+00
9.506049e-01 -2.203906e-01 1.864979e+00
9.507049e-01 -3.233347e-01 1.871680e+00
9.508049e-01 -2.403096e-01 1.878265e+00
9.509049e-01 -2.125700e-01 1.884711e+00
9.510049e-01 -2.416365e-01 1.890996e+00
9.511049e-01 -2.942626e-01 1.897096e+00
9.512049e-01 -1.554083e-01 1.902988e+00
9.513049e-01 -2.862330e-01 1.908650e+00
9.514049e-01 -2.761107e-01 1.914057e+00
9.515048e-01 -2.611968e-01 1.919188e+00
9.516048e-01 -2.622551e-01 1.924022e+00
9.517048e-01 -2.468198e-01 1.928538e+00
9.518048e-01 -2.304260e-01 1.932715e+00
9.519048e-01 -2.095060e-01 1.936535e+00
9.520048e-01 -1.274708e-01 1.939980e+00
9.521048e-01 -2.213527e-01 1.943033e+00
9.522048e-01 -1.611841e-01 1.945680e+00
9.523048e-01 -1.793890e-01 1.947906e+00
9.524048e-01 -2.627334e-01 1.949701e+00
9.525047e-01 -2.193510e-01 1.951055e+00
9.526047e-01 -1.971717e-01 1.951958e+00
9.527047e-01 -2.341134e-01 1.952407e+00
9.528047e-01 -2.223034e-01 1.952396e+00
9.529047e-01 -1.182945e-01 1.951925e+00
9.530047e-01 -2.867814e-01 1.950995e+00
9.531047e-01 -1.271195e-01 1.949609e+00
9.532047e-01 -1.538303e-01 1.947772e+00
9.533047e-01 -2.461420e-01 1.945492e+00
9.534047e-01 -2.475541e-01 1.942781e+00
9.535046e-01 -2.302696e-01 1.939652e+00
9.536046e-01 -1.459196e-01 1.936119e+00
9.537046e-01 -1.689490e-01 1.932201e+00
9.538046e-01 -2.195353e-01 1.927917e+00
9.539046e-01 -2.820282e-01 1.923289e+00
9.540046e-01 -2.955751e-01 1.918342e+00
9.541046e-01 -2.838347e-01 1.913101e+00
9.542046e-01 -3.106904e-01 1.907595e+00
9.543046e-01 -2.398512e-01 1.901851e+00
9.544046e-01 -2.152166e-01 1.895899e+00
9.545045e-01 -2.560960e-01 1.889772e+00
9.546045e-01 -1.412223e-01 1.883500e+00
9.547045e-01 -2.357057e-01 1.877117e+00
9.548045e-01 -2.036813e-01 1.870654e+00
9.549045e-01 -2.884891e-01 1.864145e+00
9.550045e-01 -3.012118e-01 1.857623e+00
9.551045e-01 -1.887257e-01 1.851118e+00
9.552045e-01 -4.187044e-01 1.844662e+00
9.553045e-01 -2.668541e-01 1.838286e+00
9.554045e-01 -3.001914e-01 1.832020e+00
9.555044e-01 -3.172071e-01 1.825891e+00
9.556044e-01 -3.487736e-01 1.819927e+00
9.557044e-01 -2.942914e-01 1.814152e+00
9.558044e-01 -3.236706e-01 1.808591e+00
9.559044e-01 -3.857592e-01 1.803266e+00
9.560044e-01 -3.019901e-01 1.798198e+00
9.561044e-01 -3.152506e-01 1.793404e+00
9.562044e-01 -4.115325e-01 1.788903e+00
9.563044e-01 -3.536592e-01 1.784709e+00
9.564044e-01 -3.314718e-01 1.780835e+00
9.565043e-01 -2.500446e-01 1.777295e+00
9.566043e-01 -3.949103e-01 1.774098e+00
9.567043e-01 -2.998835e-01 1.771252e+00
9.568043e-01 -3.152611e-01 1.768765e+00
9.569043e-01 -3.703309e-01 1.766642e+00
9.570043e-01 -3.211102e-01 1.764888e+00
9.571043e-01 -4.341489e-01 1.763504e+00
9.572043e-01 -3.775065e-01 1.762494e+00
9.573043e-01 -3.479699e-01 1.761857e+00
9.574043e-01 -4.874684e-01 1.761592e+00
9.575042e-01 -3.694933e-01 1.761697e+00
9.576042e-01 -2.983569e-01 1.762170e+00
9.577042e-01 -4.304929e-01 1.763006e+00
9.578042e-01 -3.516065e-01 1.764199e+00
9.579042e-01 -3.218388e-01 1.765745e+00
9.580042e-01 -2.615518e-01 1.767636e+00
9.581042e-01 -3.570270e-01 1.769863e+00
9.582042e-01 -3.088838e-01 1.772419e+00
9.583042e-01 -2.839056e-01 1.775293e+00
9.584042e-01 -3.090236e-01 1.778474e+00
9.585041e-01 -2.696609e-01 1.781952e+00
9.586041e-01 -3.948490e-01 1.785713e+00
9.587041e-01 -3.020722e-01 1.789744e+00
9.588041e-01 -2.975708e-01 1.794030e+00
9.589041e-01 -3.295624e-01 1.798558e+00
9.590041e-01 -3.480615e-01 1.803309e+00
9.591041e-01 -2.246889e-01 1.808269e+00
9.592041e-01 -2.983519e-01 1.813418e+00
9.593041e-01 -3.443996e-01 1.818738e+00
9.594041e-01 -3.170091e-01 1.824211e+00
9.595040e-01 -4.263253e-01 1.829815e+00
9.596040e-01 -2.826316e-01 1.835531e+00
9.597040e-01 -2.643807e-01 1.841336e+00
9.598040e-01 -2.752457e-01 1.847208e+00
9.599040e-01 -1.179286e-01 1.853126e+00
9.600040e-01 -2.475885e-01 1.859066e+00
9.601040e-01 -2.065871e-01 1.865005e+00
9.602040e-01 -2.160005e-01 1.870919e+00
9.603040e-01 -2.732032e-01 1.876784e+00
9.604040e-01 -1.770286e-01 1.882577e+00
9.605039e-01 -1.920299e-01 1.888274e+00
9.606039e-01 -2.075143e-01 1.893851e+00
9.607039e-01 -1.742026e-01 1.899285e+00
9.608039e-01 -2.017403e-01 1.904552e+00
9.609039e-01 -2.366380e-01 1.909631e+00
9.610039e-01 -9.673019e-02 1.914499e+00
9.611039e-01 -1.914821e-01 1.919135e+00
9.612039e-01 -1.976363e-01 1.923518e+00
9.613039e-01 -1.775396e-01 1.927630e+00
9.614039e-01 -1.797233e-01 1.931450e+00
9.615038e-01 -1.493297e-01 1.934962e+00
9.616038e-01 -1.667690e-01 1.938150e+00
9.617038e-01 -8.273791e-02 1.940998e+00
9.618038e-01 -2.100594e-01 1.943493e+00
9.619038e-01 -5.726176e-02 1.945622e+00
9.620038e-01 -2.216940e-01 1.947374e+00
9.621038e-01 -1.521762e-01 1.948740e+00
9.622038e-01 -1.366249e-01 1.949712e+00
9.623038e-01 -6.329212e-02 1.950283e+00
9.624038e-01 -2.021612e-01 1.950449e+00
9.625037e-01 -1.589395e-01 1.950206e+00
9.626037e-01 -1.425447e-01 1.949553e+00
9.627037e-01 -1.813977e-01 1.948491e+00
9.628037e-01 -8.461257e-02 1.947020e+00
9.629037e-01 -6.590320e-02 1.945144e+00
9.630037e-01 -1.162445e-01 1.942868e+00
9.631037e-01 -1.419767e-01 1.940199e+00
9.632037e-01 -1.602123e-01 1.937144e+00
9.633037e-01 -2.212793e-01 1.933715e+00
9.634037e-01 -1.117663e-01 1.929921e+00
9.635036e-01 -6.701951e-02 1.925775e+00
9.636036e-01 -1.647224e-01 1.921292e+00
9.637036e-01 -1.063111e-01 1.916488e+00
9.638036e-01 -1.585098e-01 1.911379e+00
9.639036e-01 -2.297840e-01 1.905983e+00
9.640036e-01 -2.051831e-01 1.900320e+00
9.641036e-01 -1.022117e-01 1.894410e+00
9.642036e-01 -1.684292e-01 1.888275e+00
9.643036e-01 -2.781679e-01 1.881938e+00
9.644036e-01 -3.215137e-01 1.875421e+00
9.645035e-01 -2.007480e-01 1.868749e+00
9.646035e-01 -2.653607e-01 1.861947e+00
9.647035e-01 -2.324837e-01 1.855039e+00
9.648035e-01 -2.381416e-01 1.848053e+00
9.649035e-01 -2.675546e-01 1.841013e+00
9.650035e-01 -2.231003e-01 1.833947e+00
9.651035e-01 -1.921384e-01 1.826880e+00
9.652035e-01 -2.596963e-01 1.819838e+00
9.653035e-01 -2.053070e-01 1.812847e+00
9.654035e-01 -2.420168e-01 1.805934e+00
9.655034e-01 -2.601318e-01 1.799122e+00
9.656034e-01 -2.457713e-01 1.792437e+00
9.657034e-01 -2.642770e-01 1.785903e+00
9.658034e-01 -3.647281e-01 1.779542e+00
9.659034e-01 -2.813485e-01 1.773377e+00
9.660034e-01 -2.683162e-01 1.767428e+00
9.661034e-01 -3.573657e-01 1.761716e+00
9.662034e-01 -3.283662e-01 1.756260e+00
9.663034e-01 -1.936443e-01 1.751076e+00
9.664034e-01 -2.740134e-01 1.746182e+00
9.665033e-01 -2.236153e-01 1.741592e+00
9.666033e-01 -3.252251e-01 1.737320e+00
9.667033e-01 -2.867023e-01 1.733377e+00
9.668033e-01 -2.085125e-01 1.729775e+00
9.669033e-01 -2.140425e-01 1.726523e+00
9.670033e-01 -3.495275e-01 1.723629e+00
9.671033e-01 -1.884904e-01 1.721099e+00
9.672033e-01 -3.843925e-01 1.718939e+00
9.673033e-01 -2.910333e-01 1.717153e+00
9.674033e-01 -2.917421e-01 1.715742e+00
9.675032e-01 -2.613313e-01 1.714709e+00
9.676032e-01 -3.748940e-01 1.714053e+00
9.677032e-01 -2.094965e-01 1.713773e+00
9.678032e-01 -2.841366e-01 1.713866e+00
9.679032e-01 -2.512980e-01 1.714329e+00
9.680032e-01 -4.070533e-01 1.715157e+00
9.681032e-01 -3.003638e-01 1.716345e+00
9.682032e-01 -3.013982e-01 1.717884e+00
9.683032e-01 -2.935941e-01 1.719767e+00
9.684032e-01 -2.468003e-01 1.721985e+00
9.685031e-01 -2.854163e-01 1.724526e+00
9.686031e-01 -2.743666e-01 1.727380e+00
9.687031e-01 -2.921330e-01 1.730534e+00
9.688031e-01 -2.168931e-01 1.733974e+00
9.689031e-01 -2.003833e-01 1.737684e+00
9.690031e-01 -2.554335e-01 1.741650e+00
9.691031e-01 -2.859636e-01 1.745854e+00
9.692031e-01 -2.516720e-01 1.750277e+00
9.693031e-01 -2.256109e-01 1.754900e+00
9.694031e-01 -1.886725e-01 1.759704e+00
9.695030e-01 -2.434095e-01 1.764665e+00
9.696030e-01 -1.857433e-01 1.769762e+00
9.697030e-01 -2.150074e-01 1.774971e+00
9.698030e-01 -1.418242e-01 1.780268e+00
9.699030e-01 -1.238679e-01 1.785628e+00
9.700030e-01 -1.929358e-01 1.791025e+00
9.701030e-01 -2.217764e-01 1.796433e+00
9.702030e-01 -1.747359e-01 1.801826e+00
9.703030e-01 -4.216413e-02 1.807175e+00
9.704030e-01 -9.330941e-02 1.812455e+00
9.705029e-01 -2.310697e-01 1.817639e+00
9.706029e-01 -1.889578e-01 1.822699e+00
9.707029e-01 -2.288752e-01 1.827610e+00
9.708029e-01 -1.547744e-01 1.832345e+00
9.709029e-01 -8.663778e-02 1.836880e+00
9.710029e-01 -1.912381e-01 1.841190e+00
9.711029e-01 -2.686106e-01 1.845253e+00
9.712029e-01 -1.751570e-01 1.849046e+00
9.713029e-01 -2.073575e-02 1.852550e+00
9.714029e-01 -1.065515e-01 1.855744e+00
9.715028e-01 -1.103411e-01 1.858613e+00
9.716028e-01 -4.269093e-03 1.861139e+00
9.717028e-01 -2.787887e-02 1.863310e+00
9.718028e-01 -1.173249e-01 1.865112e+00
9.719028e-01 -1.411096e-02 1.866536e+00
9.720028e-01 -8.927604e-02 1.867573e+00
9.721028e-01 -2.763539e-02 1.868217e+00
9.722028e-01 -1.259275e-01 1.868462e+00
9.723028e-01 -5.238120e-02 1.868305e+00
9.724028e-01 -1.532948e-01 1.867746e+00
9.725027e-01 -5.397301e-02 1.866785e+00
9.726027e-01 -1.054043e-01 1.865423e+00
9.727027e-01 -1.457539e-01 1.863666e+00
9.728027e-01 -1.169855e-02 1.861519e+00
9.729027e-01 -4.697455e-02 1.858987e+00
9.730027e-01 -8.845158e-02 1.856080e+00
9.731027e-01 2.377442e-02 1.852808e+00
9.732027e-01 -2.183322e-01 1.849181e+00
9.733027e-01 -2.027983e-02 1.845212e+00
9.734027e-01 -8.589792e-02 1.840913e+00
9.735026e-01 -3.461566e-02 1.836299e+00
9.736026e-01 -1.537114e-01 1.831385e+00
9.737026e-01 -1.703066e-01 1.826188e+00
9.738026e-01 -5.803900e-02 1.820724e+00
9.739026e-01 -1.027820e-01 1.815012e+00
9.740026e-01 -4.767278e-02 1.809069e+00
9.741026e-01 -6.647039e-02 1.802914e+00
9.742026e-01 -1.562746e-01 1.796568e+00
9.743026e-01 -3.627083e-02 1.790050e+00
9.744026e-01 -1.200494e-01 1.783380e+00
9.745025e-01 -1.373264e-01 1.776580e+00
9.746025e-01 -1.755405e-01 1.769670e+00
9.747025e-01 -1.376174e-01 1.762671e+00
9.748025e-01 -1.252420e-01 1.755605e+00
9.749025e-01 -7.124060e-02 1.748493e+00
9.750025e-01 -1.326804e-01 1.741357e+00
9.751025e-01 -2.764209e-01 1.734218e+00
9.752025e-01 -1.496896e-01 1.727097e+00
9.753025e-01 -1.187882e-01 1.720015e+00
9.754025e-01 -2.349612e-01 1.712993e+00
9.755024e-01 -2.808932e-01 1.706052e+00
9.756024e-01 -2.117301e-01 1.699212e+00
9.757024e-01 -1.474582e-01 1.692493e+00
9.758024e-01 -1.918133e-01 1.685915e+00
9.759024e-01 -2.531205e-01 1.679497e+00
9.760024e-01 -2.252514e-01 1.673258e+00
9.761024e-01 -2.027331e-01 1.667216e+00
9.762024e-01 -1.785904e-01 1.661389e+00
9.763024e-01 -1.978054e-01 1.655794e+00
9.764024e-01 -1.937577e-01 1.650448e+00
9.765023e-01 -3.018216e-01 1.645367e+00
9.766023e-01 -2.283157e-01 1.640567e+00
9.767023e-01 -2.413592e-01 1.636061e+00
9.768023e-01 -1.474359e-01 1.631866e+00
9.769023e-01 -2.600660e-01 1.627992e+00
9.770023e-01 -2.475628e-01 1.624453e+00
9.771023e-01 -2.314892e-01 1.621260e+00
9.772023e-01 -1.765154e-01 1.618424e+00
9.773023e-01 -1.969024e-01 1.615953e+00
9.774023e-01 -2.807431e-01 1.613856e+00
9.775022e-01 -2.470752e-01 1.612140e+00
9.776022e-01 -2.976569e-01 1.610809e+00
9.777022e-01 -2.747288e-01 1.609868e+00
9.778022e-01 -2.978864e-01 1.609320e+00
9.779022e-01 -2.415702e-01 1.609165e+00
9.780022e-01 -2.822375e-01 1.609403e+00
9.781022e-01 -9.932387e-02 1.610030e+00
9.782022e-01 -1.893171e-01 1.611044e+00
9.783022e-01 -2.460780e-01 1.612437e+00
9.784022e-01 -2.470613e-01 1.614202e+00
9.785021e-01 -2.281323e-01 1.616329e+00
9.786021e-01 -2.100370e-01 1.618805e+00
9.787021e-01 -1.922099e-01 1.621617e+00
9.788021e-01 -2.802334e-01 1.624749e+00
9.789021e-01 -2.015396e-01 1.628184e+00
9.790021e-01 -1.977155e-01 1.631902e+00
9.791021e-01 -1.701563e-01 1.635882e+00
9.792021e-01 -1.342098e-01 1.640102e+00
9.793021e-01 -1.960803e-01 1.644537e+00
9.794021e-01 -2.178046e-01 1.649162e+00
9.795020e-01 -9.822237e-02 1.653950e+00
9.796020e-01 -1.293134e-01 1.658873e+00
9.797020e-01 -1.982558e-01 1.663903e+00
9.798020e-01 -1.430990e-01 1.669011e+00
9.799020e-01 -1.480912e-01 1.674167e+00
9.800020e-01 -1.231490e-01 1.679341e+00
9.801020e-01 -1.727044e-01 1.684504e+00
9.802020e-01 -1.652220e-01 1.689624e+00
9.803020e-01 -9.983209e-02 1.694673e+00
9.804020e-01 -1.891267e-01 1.699622e+00
9.805019e-01 -1.449974e-01 1.704443e+00
9.806019e-01 2.742940e-02 1.709109e+00
9.807019e-01 -1.294545e-01 1.713592e+00
9.808019e-01 -1.128358e-01 1.717868e+00
9.809019e-01 -1.455938e-02 1.721914e+00
9.810019e-01 3.585753e-04 1.725707e+00
9.811019e-01 -7.513581e-02 1.729226e+00
9.812019e-01 -9.417668e-03 1.732452e+00
9.813019e-01 -8.086103e-02 1.735367e+00
9.814019e-01 -1.525217e-02 1.737957e+00
9.815018e-01 -1.096324e-01 1.740205e+00
9.816018e-01 -5.190003e-03 1.742102e+00
9.817018e-01 -3.038710e-02 1.743634e+00
9.818018e-01 -1.331342e-02 1.744794e+00
9.819018e-01 -5.403383e-02 1.745575e+00
9.820018e-01 -1.725992e-02 1.745970e+00
9.821018e-01 -3.533620e-02 1.745976e+00
9.822018e-01 -1.200993e-02 1.745591e+00
9.823018e-01 -4.900937e-02 1.744812e+00
9.824018e-01 9.054131e-02 1.743640e+00
9.825017e-01 1.025262e-02 1.742078e+00
9.826017e-01 -4.655229e-02 1.740128e+00
9.827017e-01 -3.589507e-03 1.737794e+00
9.828017e-01 -5.510101e-02 1.735082e+00
9.829017e-01 -8.257078e-03 1.731998e+00
9.830017e-01 -1.120892e-02 1.728550e+00
9.831017e-01 -2.918763e-02 1.724746e+00
9.832017e-01 -9.892443e-03 1.720595e+00
9.833017e-01 2.572277e-03 1.716109e+00
9.834017e-01 -5.045554e-02 1.711299e+00
9.835016e-01 -1.943723e-02 1.706176e+00
9.836016e-01 -2.223225e-02 1.700754e+00
9.837016e-01 5.266706e-02 1.695047e+00
9.838016e-01 2.095476e-02 1.689070e+00
9.839016e-01 -4.689229e-02 1.682838e+00
9.840016e-01 -5.546170e-02 1.676367e+00
9.841016e-01 -1.449359e-01 1.669675e+00
9.842016e-01 -7.521197e-02 1.662779e+00
9.843016e-01 7.330395e-04 1.655698e+00
9.844016e-01 -2.008916e-02 1.648452e+00
9.845015e-01 -5.951197e-03 1.641060e+00
9.846015e-01 -9.911420e-03 1.633544e+00
9.847015e-01 -8.089513e-02 1.625924e+00
9.848015e-01 -1.728371e-01 1.618223e+00
9.849015e-01 -6.044965e-02 1.610463e+00
9.850015e-01 -1.097852e-01 1.602667e+00
9.851015e-01 -6.679603e-02 1.594859e+00
9.852015e-01 -6.560167e-02 1.587062e+00
9.853015e-01 -1.031767e-01 1.579301e+00
9.854015e-01 -8.216446e-02 1.571598e+00
9.855014e-01 -1.261454e-01 1.563980e+00
9.856014e-01 -1.947551e-02 1.556469e+00
9.857014e-01 -1.872142e-01 1.549089e+00
9.858014e-01 -1.941676e-01 1.541865e+00
9.859014e-01 -1.552449e-01 1.534819e+00
9.860014e-01 -1.970596e-01 1.527974e+00
9.861014e-01 -6.598767e-03 1.521352e+00
9.862014e-01 -1.394615e-01 1.514974e+00
9.863014e-01 -1.764043e-01 1.508859e+00
9.864014e-01 -2.140307e-01 1.503026e+00
9.865013e-01 -1.681840e-01 1.497495e+00
9.866013e-01 -1.262349e-01 1.492279e+00
9.867013e-01 -1.956170e-01 1.487396e+00
9.868013e-01 -2.268197e-01 1.482857e+00
9.869013e-01 -1.385661e-01 1.478676e+00
9.870013e-01 -2.517942e-01 1.474861e+00
9.871013e-01 -2.000706e-01 1.471422e+00
9.872013e-01 -1.999281e-01 1.468364e+00
9.873013e-01 -2.393500e-01 1.465694e+00
9.874013e-01 -1.357263e-01 1.463413e+00
9.875012e-01 -1.645873e-01 1.461523e+00
9.876012e-01 -1.749811e-01 1.460024e+00
9.877012e-01 -9.660330e-02 1.458912e+00
9.878012e-01 -2.092734e-01 1.458185e+00
9.879012e-01 -2.115392e-01 1.457837e+00
9.880012e-01 -2.310304e-01 1.457859e+00
9.881012e-01 -1.991534e-01 1.458243e+00
9.882012e-01 -2.127544e-01 1.458979e+00
9.883012e-01 -1.290583e-01 1.460056e+00
9.884012e-01 -7.970240e-02 1.461459e+00
9.885011e-01 -3.470519e-02 1.463176e+00
9.886011e-01 -1.513430e-01 1.465191e+00
9.887011e-01 -1.053959e-01 1.467487e+00
9.888011e-01 -1.112677e-01 1.470048e+00
9.889011e-01 -7.862385e-02 1.472856e+00
9.890011e-01 -2.206155e-01 1.475892e+00
9.891011e-01 -1.311808e-01 1.479138e+00
9.892011e-01 -1.482899e-01 1.482573e+00
9.893011e-01 -1.235078e-01 1.486178e+00
9.894011e-01 -2.122512e-01 1.489932e+00
9.895010e-01 -1.696803e-01 1.493816e+00
9.896010e-01 -8.988938e-02 1.497808e+00
9.897010e-01 -2.691232e-02 1.501887e+00
9.898010e-01 -9.133884e-02 1.506033e+00
9.899010e-01 -4.123447e-02 1.510225e+00
9.900010e-01 -3.049897e-02 1.514442e+00
9.901010e-01 -5.551489e-02 1.518664e+00
9.902010e-01 -7.559937e-02 1.522870e+00
9.903010e-01 3.887050e-02 1.527039e+00
9.904010e-01 1.027623e-01 1.531153e+00
9.905009e-01 5.300553e-02 1.535190e+00
9.906009e-01 -9.824919e-02 1.539131e+00
9.907009e-01 -1.014733e-01 1.542957e+00
9.908009e-01 -3.126014e-02 1.546648e+00
9.909009e-01 5.074235e-02 1.550187e+00
9.910009e-01 -1.773683e-02 1.553553e+00
9.911009e-01 -5.937700e-02 1.556730e+00
9.912009e-01 -1.607447e-02 1.559699e+00
9.913009e-01 -1.613323e-02 1.562442e+00
9.914009e-01 -2.525363e-02 1.564943e+00
9.915008e-01 3.392324e-02 1.567185e+00
9.916008e-01 -1.129986e-02 1.569151e+00
9.917008e-01 2.423992e-02 1.570825e+00
9.918008e-01 2.186744e-02 1.572191e+00
9.919008e-01 9.526146e-02 1.573236e+00
9.920008e-01 1.743688e-02 1.573944e+00
9.921008e-01 1.941656e-01 1.574302e+00
9.922008e-01 6.144858e-02 1.574296e+00
9.923008e-01 3.420799e-02 1.573916e+00
9.924008e-01 1.152233e-01 1.573148e+00
9.925007e-01 8.644686e-02 1.571984e+00
9.926007e-01 1.543959e-02 1.570415e+00
9.927007e-01 5.906891e-02 1.568431e+00
9.928007e-01 -7.339309e-03 1.566028e+00
9.929007e-01 3.873720e-02 1.563199e+00
9.930007e-01 8.785497e-02 1.559942e+00
9.931007e-01 5.373103e-02 1.556255e+00
9.932007e-01 3.506000e-02 1.552138e+00
9.933007e-01 8.242174e-02 1.547593e+00
9.934007e-01 6.185623e-02 1.542626e+00
9.935006e-01 6.945927e-02 1.537242e+00
9.936006e-01 -3.128354e-02 1.531451e+00
9.937006e-01 5.914453e-03 1.525263e+00
9.938006e-01 5.674085e-02 1.518693e+00
9.939006e-01 -4.306393e-02 1.511758e+00
9.940006e-01 6.946329e-03 1.504475e+00
9.941006e-01 -4.200343e-02 1.496865e+00
9.942006e-01 -1.859612e-02 1.488954e+00
9.943006e-01 7.342524e-03 1.480765e+00
9.944006e-01 7.058098e-02 1.472328e+00
9.945005e-01 5.665492e-02 1.463672e+00
9.946005e-01 -3.570449e-02 1.454830e+00
9.947005e-01 9.217250e-02 1.445834e+00
9.948005e-01 -2.304853e-03 1.436719e+00
9.949005e-01 -4.666550e-02 1.427521e+00
9.950005e-01 -6.907296e-02 1.418277e+00
9.951005e-01 -5.053275e-02 1.409024e+00
9.952005e-01 -1.933125e-01 1.399799e+00
9.953005e-01 -4.920588e-02 1.390638e+00
9.954005e-01 -3.182194e-02 1.381578e+00
9.955004e-01 -1.692677e-01 1.372656e+00
9.956004e-01 -1.452803e-01 1.363904e+00
9.957004e-01 -5.357657e-02 1.355356e+00
9.958004e-01 -3.099493e-02 1.347044e+00
9.959004e-01 -1.064269e-01 1.338997e+00
9.960004e-01 -8.529162e-02 1.331241e+00
9.961004e-01 -1.524515e-01 1.323802e+00
9.962004e-01 -3.672347e-02 1.316701e+00
9.963004e-01 -7.663037e-02 1.309960e+00
9.964004e-01 -6.173487e-02 1.303594e+00
9.965003e-01 -1.159686e-01 1.297619e+00
9.966003e-01 -8.415977e-02 1.292045e+00
9.967003e-01 -1.321641e-01 1.286883e+00
9.968003e-01 -1.696722e-01 1.282138e+00
9.969003e-01 -5.746646e-02 1.277815e+00
9.970003e-01 -1.409148e-01 1.273916e+00
9.971003e-01 -1.791889e-01 1.270439e+00
9.972003e-01 -1.953202e-01 1.267382e+00
9.973003e-01 -1.167593e-01 1.264741e+00
9.974003e-01 -1.320789e-01 1.262510e+00
9.975002e-01 -1.362663e-01 1.260680e+00
9.976002e-01 -9.336027e-02 1.259242e+00
9.977002e-01 -8.685691e-02 1.258186e+00
9.978002e-01 -5.498854e-02 1.257501e+00
9.979002e-01 -1.461169e-01 1.257173e+00
9.980002e-01 -9.702019e-02 1.257191e+00
9.981002e-01 -3.308472e-02 1.257541e+00
9.982002e-01 -1.346051e-01 1.258208e+00
9.983002e-01 -8.345417e-02 1.259179e+00
9.984002e-01 -1.833698e-01 1.260440e+00
9.985001e-01 -1.658189e-02 1.261976e+00
9.986001e-01 -5.533144e-02 1.263773e+00
9.987001e-01 -6.525311e-02 1.265817e+00
9.988001e-01 -3.893049e-02 1.268094e+00
9.989001e-01 -6.072646e-02 1.270592e+00
9.990001e-01 -7.774461e-02 1.273297e+00
9.991001e-01 1.014735e-02 1.276196e+00
9.992001e-01 -6.061509e-02 1.279277e+00
9.993001e-01 -6.989012e-05 1.282529e+00
9.994001e-01 -8.018621e-02 1.285940e+00
9.995000e-01 -5.360159e-02 1.289498e+00
9.996000e-01 -1.262568e-02 1.293194e+00
9.997000e-01 -6.761563e-02 1.297017e+00
9.998000e-01 -7.711398e-02 1.300957e+00
9.999000e-01 -3.809838e-02 1.305005e+00
1.000000e+00 7.897707e-02 1.309151e+00
