0.000000e+00 -6.299252e-02 -1.182100e-02
9.999000e-03 1.237010e-01 -1.384093e-02
1.999800e-02 4.010364e-02 -1.585909e-02
2.999700e-02 2.202884e-01 -1.787550e-02
3.999600e-02 2.332968e-01 -1.989015e-02
4.999500e-02 1.704238e-01 -2.190304e-02
5.999400e-02 3.302622e-01 -2.391418e-02
6.999300e-02 3.286124e-01 -2.592358e-02
7.999200e-02 4.376007e-01 -2.793123e-02
8.999100e-02 4.039568e-01 -2.993714e-02
9.999000e-02 5.707653e-01 -3.194132e-02
1.099890e-01 5.631556e-01 -3.394376e-02
1.199880e-01 5.821239e-01 -3.594447e-02
1.299870e-01 6.149284e-01 -3.794346e-02
1.399860e-01 7.494227e-01 -3.994073e-02
1.499850e-01 6.614107e-01 -4.193627e-02
1.599840e-01 8.487889e-01 -4.393011e-02
1.699830e-01 8.466829e-01 -4.592224e-02
1.799820e-01 7.670040e-01 -4.791266e-02
1.899810e-01 8.022380e-01 -4.990138e-02
1.999800e-01 8.062314e-01 -5.188841e-02
2.099790e-01 9.274548e-01 -5.387375e-02
2.199780e-01 8.165578e-01 -5.585741e-02
2.299770e-01 8.711470e-01 -5.783939e-02
2.399760e-01 7.722764e-01 -5.981969e-02
2.499750e-01 8.103004e-01 -6.179833e-02
2.599740e-01 7.180539e-01 -6.377530e-02
2.699730e-01 7.356297e-01 -6.575061e-02
2.799720e-01 8.090105e-01 -6.772428e-02
2.899710e-01 7.624015e-01 -6.969630e-02
2.999700e-01 8.113676e-01 -7.166668e-02
3.099690e-01 6.848577e-01 -7.363543e-02
3.199680e-01 6.842448e-01 -7.560255e-02
3.299670e-01 6.709729e-01 -7.756805e-02
3.399660e-01 5.568557e-01 -7.953194e-02
3.499650e-01 5.611856e-01 -8.149422e-02
3.599640e-01 4.825826e-01 -8.345491e-02
3.699630e-01 4.304655e-01 -8.541400e-02
3.799620e-01 4.599690e-01 -8.737150e-02
3.899610e-01 4.399641e-01 -8.932743e-02
3.999600e-01 3.245836e-01 -9.128178e-02
4.099590e-01 3.691200e-01 -9.323457e-02
4.199580e-01 2.318060e-01 -9.518580e-02
4.299570e-01 2.465498e-01 -9.713549e-02
4.399560e-01 1.138259e-01 -9.908363e-02
4.499550e-01 8.827608e-02 -1.010302e-01
4.599540e-01 3.424555e-02 -1.029753e-01
4.699530e-01 -9.543730e-02 -1.049189e-01
4.799520e-01 -1.600460e-01 -1.068610e-01
4.899510e-01 -2.514771e-01 -1.088015e-01
4.999500e-01 -3.211783e-01 -1.107406e-01
5.099490e-01 -2.897378e-01 -1.126782e-01
5.199480e-01 -5.591001e-01 -1.146143e-01
5.299470e-01 -5.655249e-01 -1.165489e-01
5.399460e-01 -5.808385e-01 -1.184821e-01
5.499450e-01 -7.185267e-01 -1.204139e-01
5.599440e-01 -7.120533e-01 -1.223442e-01
5.699430e-01 -7.709513e-01 -1.242731e-01
5.799420e-01 -8.435355e-01 -1.262005e-01
5.899410e-01 -8.838132e-01 -1.281266e-01
5.999400e-01 -1.027155e+00 -1.300512e-01
6.099390e-01 -9.711764e-01 -1.319744e-01
6.199380e-01 -1.121096e+00 -1.338963e-01
6.299370e-01 -1.084961e+00 -1.358168e-01
6.399360e-01 -1.183383e+00 -1.377359e-01
6.499350e-01 -1.236981e+00 -1.396537e-01
6.599340e-01 -1.289761e+00 -1.415702e-01
6.699330e-01 -1.410053e+00 -1.434853e-01
6.799320e-01 -1.319488e+00 -1.453991e-01
6.899310e-01 -1.373454e+00 -1.473115e-01
6.999300e-01 -1.411599e+00 -1.492227e-01
7.099290e-01 -1.416272e+00 -1.511326e-01
7.199280e-01 -1.396398e+00 -1.530412e-01
7.299270e-01 -1.375896e+00 -1.549485e-01
7.399260e-01 -1.543896e+00 -1.568546e-01
7.499250e-01 -1.466461e+00 -1.587594e-01
7.599240e-01 -1.510126e+00 -1.606630e-01
7.699230e-01 -1.478727e+00 -1.625653e-01
7.799220e-01 -1.486239e+00 -1.644665e-01
7.899210e-01 -1.455833e+00 -1.663664e-01
7.999200e-01 -1.446114e+00 -1.682651e-01
8.099190e-01 -1.475468e+00 -1.701627e-01
8.199180e-01 -1.437014e+00 -1.720591e-01
8.299170e-01 -1.450020e+00 -1.739543e-01
8.399160e-01 -1.393879e+00 -1.758484e-01
8.499150e-01 -1.366778e+00 -1.777413e-01
8.599140e-01 -1.345925e+00 -1.796331e-01
8.699130e-01 -1.212653e+00 -1.815238e-01
8.799120e-01 -1.239774e+00 -1.834133e-01
8.899110e-01 -1.188571e+00 -1.853018e-01
8.999100e-01 -1.114123e+00 -1.871892e-01
9.099090e-01 -1.075015e+00 -1.890755e-01
9.199080e-01 -1.100605e+00 -1.909608e-01
9.299070e-01 -9.478878e-01 -1.928450e-01
9.399060e-01 -1.014340e+00 -1.947282e-01
9.499050e-01 -8.759517e-01 -1.966103e-01
9.599040e-01 -8.118526e-01 -1.984914e-01
9.699030e-01 -8.354416e-01 -2.003716e-01
9.799020e-01 -8.052700e-01 -2.022507e-01
9.899010e-01 -5.381577e-01 -2.041288e-01
9.999000e-01 -6.772647e-01 -2.060060e-01
1.009899e+00 -5.968490e-01 -2.078822e-01
1.019898e+00 -6.005890e-01 -2.097575e-01
1.029897e+00 -4.688930e-01 -2.116318e-01
1.039896e+00 -4.733762e-01 -2.135052e-01
1.049895e+00 -3.651738e-01 -2.153776e-01
1.059894e+00 -3.258761e-01 -2.172492e-01
1.069893e+00 -1.923794e-01 -2.191198e-01
1.079892e+00 -2.278641e-01 -2.209896e-01
1.089891e+00 -2.277961e-02 -2.228585e-01
1.099890e+00 -7.200572e-02 -2.247266e-01
1.109889e+00 -1.262996e-01 -2.265937e-01
1.119888e+00 1.127241e-01 -2.284601e-01
1.129887e+00 -2.646460e-03 -2.303256e-01
1.139886e+00 1.230413e-01 -2.321903e-01
1.149885e+00 5.881254e-02 -2.340541e-01
1.159884e+00 5.661481e-02 -2.359172e-01
1.169883e+00 1.110536e-01 -2.377795e-01
1.179882e+00 2.150802e-01 -2.396410e-01
1.189881e+00 1.825291e-01 -2.415017e-01
1.199880e+00 2.447109e-01 -2.433616e-01
1.209879e+00 2.081090e-01 -2.452208e-01
1.219878e+00 1.635721e-01 -2.470792e-01
1.229877e+00 2.720046e-01 -2.489369e-01
1.239876e+00 1.433979e-01 -2.507939e-01
1.249875e+00 3.699679e-01 -2.526501e-01
1.259874e+00 3.026040e-01 -2.545057e-01
1.269873e+00 1.652138e-01 -2.563605e-01
1.279872e+00 1.812127e-01 -2.582146e-01
1.289871e+00 9.264342e-02 -2.600681e-01
1.299870e+00 1.203808e-01 -2.619209e-01
1.309869e+00 9.638852e-02 -2.637729e-01
1.319868e+00 6.568693e-02 -2.656244e-01
1.329867e+00 1.099172e-02 -2.674751e-01
1.339866e+00 -6.676276e-02 -2.693252e-01
1.349865e+00 5.136519e-03 -2.711747e-01
1.359864e+00 -1.249793e-01 -2.730235e-01
1.369863e+00 -9.051061e-02 -2.748717e-01
1.379862e+00 -1.366475e-01 -2.767193e-01
1.389861e+00 -1.960750e-01 -2.785662e-01
1.399860e+00 -2.714488e-01 -2.804125e-01
1.409859e+00 -3.198901e-01 -2.822583e-01
1.419858e+00 -3.474544e-01 -2.841034e-01
1.429857e+00 -4.116306e-01 -2.859479e-01
1.439856e+00 -5.177747e-01 -2.877918e-01
1.449855e+00 -6.585983e-01 -2.896351e-01
1.459854e+00 -7.287873e-01 -2.914778e-01
1.469853e+00 -7.099989e-01 -2.933199e-01
1.479852e+00 -7.731944e-01 -2.951614e-01
1.489851e+00 -8.715931e-01 -2.970024e-01
1.499850e+00 -9.635213e-01 -2.988428e-01
1.509849e+00 -1.000846e+00 -3.006826e-01
1.519848e+00 -1.165183e+00 -3.025218e-01
1.529847e+00 -1.163531e+00 -3.043604e-01
1.539846e+00 -1.228285e+00 -3.061985e-01
1.549845e+00 -1.307685e+00 -3.080360e-01
1.559844e+00 -1.363334e+00 -3.098729e-01
1.569843e+00 -1.446115e+00 -3.117093e-01
1.579842e+00 -1.434784e+00 -3.135451e-01
1.589841e+00 -1.567821e+00 -3.153802e-01
1.599840e+00 -1.654789e+00 -3.172149e-01
1.609839e+00 -1.620171e+00 -3.190489e-01
1.619838e+00 -1.661121e+00 -3.208824e-01
1.629837e+00 -1.756261e+00 -3.227152e-01
1.639836e+00 -1.843576e+00 -3.245475e-01
1.649835e+00 -1.794353e+00 -3.263792e-01
1.659834e+00 -1.861170e+00 -3.282103e-01
1.669833e+00 -1.833813e+00 -3.300408e-01
1.679832e+00 -1.916485e+00 -3.318707e-01
1.689831e+00 -1.997876e+00 -3.336999e-01
1.699830e+00 -2.019375e+00 -3.355286e-01
1.709829e+00 -1.979696e+00 -3.373566e-01
1.719828e+00 -2.082564e+00 -3.391840e-01
1.729827e+00 -2.079724e+00 -3.410108e-01
1.739826e+00 -2.007929e+00 -3.428369e-01
1.749825e+00 -2.176480e+00 -3.446623e-01
1.759824e+00 -2.131290e+00 -3.464871e-01
1.769823e+00 -2.104147e+00 -3.483112e-01
1.779822e+00 -2.041705e+00 -3.501347e-01
1.789821e+00 -2.117689e+00 -3.519574e-01
1.799820e+00 -2.037421e+00 -3.537795e-01
1.809819e+00 -2.058591e+00 -3.556008e-01
1.819818e+00 -2.062569e+00 -3.574214e-01
1.829817e+00 -2.032629e+00 -3.592412e-01
1.839816e+00 -1.945502e+00 -3.610603e-01
1.849815e+00 -2.021206e+00 -3.628786e-01
1.859814e+00 -1.905051e+00 -3.646961e-01
1.869813e+00 -1.890320e+00 -3.665129e-01
1.879812e+00 -1.824792e+00 -3.683288e-01
1.889811e+00 -1.923231e+00 -3.701439e-01
1.899810e+00 -1.816392e+00 -3.719581e-01
1.909809e+00 -1.808509e+00 -3.737714e-01
1.919808e+00 -1.645245e+00 -3.755839e-01
1.929807e+00 -1.658327e+00 -3.773955e-01
1.939806e+00 -1.538601e+00 -3.792061e-01
1.949805e+00 -1.479495e+00 -3.810158e-01
1.959804e+00 -1.457601e+00 -3.828245e-01
1.969803e+00 -1.387985e+00 -3.846323e-01
1.979802e+00 -1.410542e+00 -3.864390e-01
1.989801e+00 -1.373344e+00 -3.882447e-01
1.999800e+00 -1.323853e+00 -3.900493e-01
2.009799e+00 -1.171875e+00 -3.918529e-01
2.019798e+00 -1.122411e+00 -3.936553e-01
2.029797e+00 -1.058085e+00 -3.954566e-01
2.039796e+00 -1.046913e+00 -3.972568e-01
2.049795e+00 -8.515223e-01 -3.990557e-01
2.059794e+00 -9.696377e-01 -4.008535e-01
2.069793e+00 -9.264132e-01 -4.026500e-01
2.079792e+00 -8.458237e-01 -4.044452e-01
2.089791e+00 -7.726392e-01 -4.062391e-01
2.099790e+00 -6.706627e-01 -4.080317e-01
2.109789e+00 -7.614198e-01 -4.098229e-01
2.119788e+00 -7.318393e-01 -4.116127e-01
2.129787e+00 -6.253696e-01 -4.134011e-01
2.139786e+00 -5.736217e-01 -4.151880e-01
2.149785e+00 -5.647568e-01 -4.169734e-01
2.159784e+00 -4.435989e-01 -4.187573e-01
2.169783e+00 -4.460573e-01 -4.205396e-01
2.179782e+00 -4.163826e-01 -4.223203e-01
2.189781e+00 -4.158785e-01 -4.240994e-01
2.199780e+00 -4.535956e-01 -4.258767e-01
2.209779e+00 -3.480505e-01 -4.276523e-01
2.219778e+00 -3.868253e-01 -4.294262e-01
2.229777e+00 -3.124217e-01 -4.311983e-01
2.239776e+00 -4.416327e-01 -4.329685e-01
2.249775e+00 -4.365815e-01 -4.347368e-01
2.259774e+00 -3.503765e-01 -4.365032e-01
2.269773e+00 -4.963553e-01 -4.382676e-01
2.279772e+00 -5.307223e-01 -4.400299e-01
2.289771e+00 -5.222221e-01 -4.417902e-01
2.299770e+00 -5.979799e-01 -4.435484e-01
2.309769e+00 -4.971769e-01 -4.453044e-01
2.319768e+00 -5.566039e-01 -4.470582e-01
2.329767e+00 -4.757507e-01 -4.488098e-01
2.339766e+00 -5.884745e-01 -4.505590e-01
2.349765e+00 -6.783687e-01 -4.523059e-01
2.359764e+00 -7.146077e-01 -4.540503e-01
2.369763e+00 -8.256274e-01 -4.557923e-01
2.379762e+00 -8.319351e-01 -4.575317e-01
2.389761e+00 -9.034105e-01 -4.592686e-01
2.399760e+00 -8.657077e-01 -4.610028e-01
2.409759e+00 -9.500322e-01 -4.627344e-01
2.419758e+00 -1.063771e+00 -4.644632e-01
2.429757e+00 -1.111547e+00 -4.661892e-01
2.439756e+00 -1.133611e+00 -4.679123e-01
2.449755e+00 -1.258917e+00 -4.696326e-01
2.459754e+00 -1.340770e+00 -4.713498e-01
2.469753e+00 -1.351310e+00 -4.730640e-01
2.479752e+00 -1.418826e+00 -4.747751e-01
2.489751e+00 -1.521609e+00 -4.764830e-01
2.499750e+00 -1.594432e+00 -4.781877e-01
2.509749e+00 -1.818277e+00 -4.798891e-01
2.519748e+00 -1.822270e+00 -4.815871e-01
2.529747e+00 -1.788204e+00 -4.832818e-01
2.539746e+00 -1.817889e+00 -4.849729e-01
2.549745e+00 -1.950605e+00 -4.866604e-01
2.559744e+00 -1.997366e+00 -4.883443e-01
2.569743e+00 -2.068503e+00 -4.900246e-01
2.579742e+00 -2.068806e+00 -4.917010e-01
2.589741e+00 -2.128451e+00 -4.933736e-01
2.599740e+00 -2.164536e+00 -4.950423e-01
2.609739e+00 -2.343391e+00 -4.967070e-01
2.619738e+00 -2.310797e+00 -4.983677e-01
2.629737e+00 -2.287233e+00 -5.000242e-01
2.639736e+00 -2.334259e+00 -5.016765e-01
2.649735e+00 -2.431970e+00 -5.033245e-01
2.659734e+00 -2.519410e+00 -5.049682e-01
2.669733e+00 -2.647091e+00 -5.066074e-01
2.679732e+00 -2.620081e+00 -5.082421e-01
2.689731e+00 -2.567904e+00 -5.098721e-01
2.699730e+00 -2.545073e+00 -5.114976e-01
2.709729e+00 -2.619367e+00 -5.131182e-01
2.719728e+00 -2.642797e+00 -5.147340e-01
2.729727e+00 -2.572187e+00 -5.163449e-01
2.739726e+00 -2.706819e+00 -5.179507e-01
2.749725e+00 -2.716973e+00 -5.195515e-01
2.759724e+00 -2.693674e+00 -5.211471e-01
2.769723e+00 -2.771153e+00 -5.227374e-01
2.779722e+00 -2.732245e+00 -5.243224e-01
2.789721e+00 -2.678829e+00 -5.259020e-01
2.799720e+00 -2.776160e+00 -5.274760e-01
2.809719e+00 -2.691879e+00 -5.290444e-01
2.819718e+00 -2.729224e+00 -5.306071e-01
2.829717e+00 -2.622559e+00 -5.321640e-01
2.839716e+00 -2.633326e+00 -5.337150e-01
2.849715e+00 -2.588434e+00 -5.352600e-01
2.859714e+00 -2.542858e+00 -5.367990e-01
2.869713e+00 -2.584417e+00 -5.383318e-01
2.879712e+00 -2.407048e+00 -5.398583e-01
2.889711e+00 -2.425458e+00 -5.413786e-01
2.899710e+00 -2.514317e+00 -5.428923e-01
2.909709e+00 -2.421717e+00 -5.443995e-01
2.919708e+00 -2.270003e+00 -5.459001e-01
2.929707e+00 -2.210336e+00 -5.473940e-01
2.939706e+00 -2.257747e+00 -5.488810e-01
2.949705e+00 -2.142084e+00 -5.503611e-01
2.959704e+00 -2.006479e+00 -5.518342e-01
2.969703e+00 -2.037334e+00 -5.533001e-01
2.979702e+00 -1.975343e+00 -5.547588e-01
2.989701e+00 -1.913419e+00 -5.562102e-01
2.999700e+00 -1.801282e+00 -5.576542e-01
3.009699e+00 -1.876524e+00 -5.590906e-01
3.019698e+00 -1.807542e+00 -5.605195e-01
3.029697e+00 -1.765552e+00 -5.619406e-01
3.039696e+00 -1.752639e+00 -5.633538e-01
3.049695e+00 -1.701278e+00 -5.647591e-01
3.059694e+00 -1.512601e+00 -5.661564e-01
3.069693e+00 -1.465169e+00 -5.675455e-01
3.079692e+00 -1.466907e+00 -5.689264e-01
3.089691e+00 -1.356174e+00 -5.702990e-01
3.099690e+00 -1.366511e+00 -5.716630e-01
3.109689e+00 -1.252196e+00 -5.730185e-01
3.119688e+00 -1.272636e+00 -5.743654e-01
3.129687e+00 -1.160633e+00 -5.757034e-01
3.139686e+00 -1.139993e+00 -5.770326e-01
3.149685e+00 -1.193477e+00 -5.783528e-01
3.159684e+00 -1.185137e+00 -5.796639e-01
3.169683e+00 -1.173943e+00 -5.809658e-01
3.179682e+00 -1.060836e+00 -5.822584e-01
3.189681e+00 -1.062527e+00 -5.835416e-01
3.199680e+00 -1.108460e+00 -5.848152e-01
3.209679e+00 -1.043558e+00 -5.860792e-01
3.219678e+00 -1.064181e+00 -5.873335e-01
3.229677e+00 -1.010970e+00 -5.885779e-01
3.239676e+00 -9.689421e-01 -5.898123e-01
3.249675e+00 -1.029459e+00 -5.910367e-01
3.259674e+00 -9.940044e-01 -5.922509e-01
3.269673e+00 -1.028421e+00 -5.934548e-01
3.279672e+00 -1.057428e+00 -5.946483e-01
3.289671e+00 -1.048601e+00 -5.958313e-01
3.299670e+00 -1.102605e+00 -5.970037e-01
3.309669e+00 -1.225281e+00 -5.981654e-01
3.319668e+00 -1.169026e+00 -5.993162e-01
3.329667e+00 -1.209133e+00 -6.004561e-01
3.339666e+00 -1.287539e+00 -6.015849e-01
3.349665e+00 -1.301537e+00 -6.027026e-01
3.359664e+00 -1.327343e+00 -6.038090e-01
3.369663e+00 -1.445698e+00 -6.049041e-01
3.379662e+00 -1.424896e+00 -6.059876e-01
3.389661e+00 -1.447403e+00 -6.070596e-01
3.399660e+00 -1.514347e+00 -6.081199e-01
3.409659e+00 -1.681988e+00 -6.091683e-01
3.419658e+00 -1.677872e+00 -6.102049e-01
3.429657e+00 -1.719602e+00 -6.112294e-01
3.439656e+00 -1.813530e+00 -6.122418e-01
3.449655e+00 -1.988053e+00 -6.132419e-01
3.459654e+00 -1.958185e+00 -6.142298e-01
3.469653e+00 -2.006120e+00 -6.152051e-01
3.479652e+00 -2.056217e+00 -6.161680e-01
3.489651e+00 -2.170972e+00 -6.171182e-01
3.499650e+00 -2.149651e+00 -6.180556e-01
3.509649e+00 -2.246993e+00 -6.189801e-01
3.519648e+00 -2.320600e+00 -6.198917e-01
3.529647e+00 -2.398616e+00 -6.207902e-01
3.539646e+00 -2.410132e+00 -6.216756e-01
3.549645e+00 -2.458840e+00 -6.225477e-01
3.559644e+00 -2.597155e+00 -6.234064e-01
3.569643e+00 -2.664993e+00 -6.242517e-01
3.579642e+00 -2.693066e+00 -6.250834e-01
3.589641e+00 -2.796263e+00 -6.259014e-01
3.599640e+00 -2.844131e+00 -6.267056e-01
3.609639e+00 -2.960663e+00 -6.274960e-01
3.619638e+00 -2.957966e+00 -6.282725e-01
3.629637e+00 -2.972677e+00 -6.290348e-01
3.639636e+00 -2.991717e+00 -6.297831e-01
3.649635e+00 -3.058330e+00 -6.305171e-01
3.659634e+00 -3.076930e+00 -6.312368e-01
3.669633e+00 -3.177271e+00 -6.319420e-01
3.679632e+00 -3.173971e+00 -6.326327e-01
3.689631e+00 -3.242183e+00 -6.333089e-01
3.699630e+00 -3.187978e+00 -6.339703e-01
3.709629e+00 -3.257796e+00 -6.346170e-01
3.719628e+00 -3.419137e+00 -6.352488e-01
3.729627e+00 -3.379683e+00 -6.358657e-01
3.739626e+00 -3.289814e+00 -6.364675e-01
3.749625e+00 -3.316985e+00 -6.370542e-01
3.759624e+00 -3.439493e+00 -6.376257e-01
3.769623e+00 -3.314813e+00 -6.381820e-01
3.779622e+00 -3.210840e+00 -6.387229e-01
3.789621e+00 -3.329975e+00 -6.392483e-01
3.799620e+00 -3.256704e+00 -6.397583e-01
3.809619e+00 -3.255952e+00 -6.402526e-01
3.819618e+00 -3.277134e+00 -6.407314e-01
3.829617e+00 -3.318857e+00 -6.411943e-01
3.839616e+00 -3.169494e+00 -6.416415e-01
3.849615e+00 -3.161821e+00 -6.420728e-01
3.859614e+00 -3.200757e+00 -6.424882e-01
3.869613e+00 -3.151104e+00 -6.428876e-01
3.879612e+00 -3.099630e+00 -6.432709e-01
3.889611e+00 -3.075944e+00 -6.436381e-01
3.899610e+00 -2.994203e+00 -6.439891e-01
3.909609e+00 -3.005815e+00 -6.443239e-01
3.919608e+00 -2.909308e+00 -6.446423e-01
3.929607e+00 -2.834796e+00 -6.449444e-01
3.939606e+00 -2.709702e+00 -6.452301e-01
3.949605e+00 -2.720878e+00 -6.454993e-01
3.959604e+00 -2.697642e+00 -6.457519e-01
3.969603e+00 -2.626922e+00 -6.459880e-01
3.979602e+00 -2.626838e+00 -6.462075e-01
3.989601e+00 -2.444557e+00 -6.464103e-01
3.999600e+00 -2.539299e+00 -6.465964e-01
4.009599e+00 -2.479629e+00 -6.467658e-01
4.019598e+00 -2.317792e+00 -6.469184e-01
4.029597e+00 -2.291636e+00 -6.470541e-01
4.039596e+00 -2.308469e+00 -6.471730e-01
4.049595e+00 -2.185713e+00 -6.472749e-01
4.059594e+00 -2.132029e+00 -6.473599e-01
4.069593e+00 -2.129426e+00 -6.474280e-01
4.079592e+00 -2.031487e+00 -6.474791e-01
4.089591e+00 -2.033084e+00 -6.475131e-01
4.099590e+00 -1.970703e+00 -6.475301e-01
4.109589e+00 -1.905579e+00 -6.475301e-01
4.119588e+00 -1.865774e+00 -6.475129e-01
4.129587e+00 -1.859182e+00 -6.474787e-01
4.139586e+00 -1.830734e+00 -6.474273e-01
4.149585e+00 -1.724979e+00 -6.473588e-01
4.159584e+00 -1.748506e+00 -6.472731e-01
4.169583e+00 -1.644585e+00 -6.471703e-01
4.179582e+00 -1.726050e+00 -6.470503e-01
4.189581e+00 -1.669162e+00 -6.469131e-01
4.199580e+00 -1.714355e+00 -6.467587e-01
4.209579e+00 -1.655705e+00 -6.465872e-01
4.219578e+00 -1.687049e+00 -6.463985e-01
4.229577e+00 -1.589424e+00 -6.461926e-01
4.239576e+00 -1.675217e+00 -6.459695e-01
4.249575e+00 -1.675790e+00 -6.457293e-01
4.259574e+00 -1.636256e+00 -6.454719e-01
4.269573e+00 -1.642579e+00 -6.451974e-01
4.279572e+00 -1.656685e+00 -6.449057e-01
4.289571e+00 -1.669028e+00 -6.445970e-01
4.299570e+00 -1.645705e+00 -6.442711e-01
4.309569e+00 -1.707332e+00 -6.439281e-01
4.319568e+00 -1.843883e+00 -6.435681e-01
4.329567e+00 -1.788291e+00 -6.431911e-01
4.339566e+00 -1.901193e+00 -6.427970e-01
4.349565e+00 -1.902430e+00 -6.423860e-01
4.359564e+00 -1.905007e+00 -6.419580e-01
4.369563e+00 -1.942017e+00 -6.415131e-01
4.379562e+00 -1.976426e+00 -6.410514e-01
4.389561e+00 -2.015753e+00 -6.405727e-01
4.399560e+00 -2.085079e+00 -6.400773e-01
4.409559e+00 -2.260086e+00 -6.395652e-01
4.419558e+00 -2.252392e+00 -6.390363e-01
4.429557e+00 -2.244155e+00 -6.384907e-01
4.439556e+00 -2.326792e+00 -6.379285e-01
4.449555e+00 -2.445097e+00 -6.373497e-01
4.459554e+00 -2.474340e+00 -6.367544e-01
4.469553e+00 -2.596571e+00 -6.361427e-01
4.479552e+00 -2.570394e+00 -6.355145e-01
4.489551e+00 -2.744149e+00 -6.348699e-01
4.499550e+00 -2.871481e+00 -6.342091e-01
4.509549e+00 -2.894308e+00 -6.335320e-01
4.519548e+00 -2.988165e+00 -6.328388e-01
4.529547e+00 -3.067078e+00 -6.321295e-01
4.539546e+00 -3.151223e+00 -6.314041e-01
4.549545e+00 -3.158800e+00 -6.306627e-01
4.559544e+00 -3.052677e+00 -6.299055e-01
4.569543e+00 -3.374523e+00 -6.291324e-01
4.579542e+00 -3.360296e+00 -6.283435e-01
4.589541e+00 -3.334273e+00 -6.275390e-01
4.599540e+00 -3.417711e+00 -6.267189e-01
4.609539e+00 -3.406918e+00 -6.258833e-01
4.619538e+00 -3.437144e+00 -6.250323e-01
4.629537e+00 -3.598716e+00 -6.241659e-01
4.639536e+00 -3.648534e+00 -6.232842e-01
4.649535e+00 -3.706106e+00 -6.223874e-01
4.659534e+00 -3.814647e+00 -6.214754e-01
4.669533e+00 -3.782300e+00 -6.205485e-01
4.679532e+00 -3.868521e+00 -6.196066e-01
4.689531e+00 -3.769009e+00 -6.186500e-01
4.699530e+00 -3.908008e+00 -6.176786e-01
4.709529e+00 -3.925442e+00 -6.166925e-01
4.719528e+00 -3.845355e+00 -6.156920e-01
4.729527e+00 -3.994451e+00 -6.146770e-01
4.739526e+00 -3.965210e+00 -6.136477e-01
4.749525e+00 -4.037705e+00 -6.126041e-01
4.759524e+00 -3.932897e+00 -6.115464e-01
4.769523e+00 -3.936983e+00 -6.104747e-01
4.779522e+00 -3.914681e+00 -6.093891e-01
4.789521e+00 -3.977961e+00 -6.082896e-01
4.799520e+00 -3.910638e+00 -6.071764e-01
4.809519e+00 -3.959292e+00 -6.060497e-01
4.819518e+00 -3.805913e+00 -6.049094e-01
4.829517e+00 -3.812871e+00 -6.037557e-01
4.839516e+00 -3.832272e+00 -6.025887e-01
4.849515e+00 -3.758688e+00 -6.014086e-01
4.859514e+00 -3.780097e+00 -6.002154e-01
4.869513e+00 -3.658324e+00 -5.990093e-01
4.879512e+00 -3.597465e+00 -5.977903e-01
4.889511e+00 -3.613115e+00 -5.965586e-01
4.899510e+00 -3.656061e+00 -5.953143e-01
4.909509e+00 -3.537223e+00 -5.940576e-01
4.919508e+00 -3.560010e+00 -5.927884e-01
4.929507e+00 -3.393066e+00 -5.915070e-01
4.939506e+00 -3.532503e+00 -5.902134e-01
4.949505e+00 -3.312186e+00 -5.889078e-01
4.959504e+00 -3.288382e+00 -5.875903e-01
4.969503e+00 -3.256350e+00 -5.862610e-01
4.979502e+00 -3.206085e+00 -5.849200e-01
4.989501e+00 -3.202387e+00 -5.835674e-01
4.999500e+00 -3.059478e+00 -5.822034e-01
5.009499e+00 -2.980151e+00 -5.808281e-01
5.019498e+00 -2.954745e+00 -5.794416e-01
5.029497e+00 -2.875301e+00 -5.780440e-01
5.039496e+00 -2.944461e+00 -5.766354e-01
5.049495e+00 -2.738106e+00 -5.752159e-01
5.059494e+00 -2.791389e+00 -5.737857e-01
5.069493e+00 -2.766807e+00 -5.723448e-01
5.079492e+00 -2.693685e+00 -5.708935e-01
5.089491e+00 -2.651815e+00 -5.694318e-01
5.099490e+00 -2.569517e+00 -5.679598e-01
5.109489e+00 -2.517992e+00 -5.664776e-01
5.119488e+00 -2.495500e+00 -5.649854e-01
5.129487e+00 -2.417925e+00 -5.634832e-01
5.139486e+00 -2.407242e+00 -5.619713e-01
5.149485e+00 -2.384718e+00 -5.604496e-01
5.159484e+00 -2.305092e+00 -5.589183e-01
5.169483e+00 -2.374157e+00 -5.573776e-01
5.179482e+00 -2.333795e+00 -5.558275e-01
5.189481e+00 -2.335190e+00 -5.542681e-01
5.199480e+00 -2.226135e+00 -5.526996e-01
5.209479e+00 -2.149089e+00 -5.511220e-01
5.219478e+00 -2.251708e+00 -5.495355e-01
5.229477e+00 -2.319162e+00 -5.479402e-01
5.239476e+00 -2.293401e+00 -5.463362e-01
5.249475e+00 -2.242131e+00 -5.447235e-01
5.259474e+00 -2.208985e+00 -5.431024e-01
5.269473e+00 -2.287261e+00 -5.414728e-01
5.279472e+00 -2.327051e+00 -5.398350e-01
5.289471e+00 -2.267686e+00 -5.381889e-01
5.299470e+00 -2.309471e+00 -5.365348e-01
5.309469e+00 -2.358778e+00 -5.348726e-01
5.319468e+00 -2.372981e+00 -5.332025e-01
5.329467e+00 -2.389330e+00 -5.315247e-01
5.339466e+00 -2.477578e+00 -5.298391e-01
5.349465e+00 -2.576278e+00 -5.281459e-01
5.359464e+00 -2.505983e+00 -5.264451e-01
5.369463e+00 -2.708383e+00 -5.247370e-01
5.379462e+00 -2.550118e+00 -5.230214e-01
5.389461e+00 -2.656022e+00 -5.212986e-01
5.399460e+00 -2.739151e+00 -5.195687e-01
5.409459e+00 -2.740375e+00 -5.178316e-01
5.419458e+00 -2.893982e+00 -5.160876e-01
5.429457e+00 -2.879459e+00 -5.143366e-01
5.439456e+00 -3.039184e+00 -5.125787e-01
5.449455e+00 -3.095547e+00 -5.108141e-01
5.459454e+00 -3.129274e+00 -5.090428e-01
5.469453e+00 -3.215087e+00 -5.072649e-01
5.479452e+00 -3.285256e+00 -5.054805e-01
5.489451e+00 -3.317690e+00 -5.036895e-01
5.499450e+00 -3.293870e+00 -5.018922e-01
5.509449e+00 -3.431131e+00 -5.000885e-01
5.519448e+00 -3.524104e+00 -4.982786e-01
5.529447e+00 -3.634577e+00 -4.964625e-01
5.539446e+00 -3.648767e+00 -4.946402e-01
5.549445e+00 -3.769188e+00 -4.928118e-01
5.559444e+00 -3.782788e+00 -4.909775e-01
5.569443e+00 -3.819223e+00 -4.891371e-01
5.579442e+00 -3.899436e+00 -4.872909e-01
5.589441e+00 -3.959276e+00 -4.854388e-01
5.599440e+00 -3.945758e+00 -4.835809e-01
5.609439e+00 -4.105850e+00 -4.817172e-01
5.619438e+00 -4.076931e+00 -4.798478e-01
5.629437e+00 -4.192970e+00 -4.779728e-01
5.639436e+00 -4.238851e+00 -4.760921e-01
5.649435e+00 -4.257468e+00 -4.742059e-01
5.659434e+00 -4.353389e+00 -4.723141e-01
5.669433e+00 -4.354785e+00 -4.704169e-01
5.679432e+00 -4.427358e+00 -4.685141e-01
5.689431e+00 -4.447675e+00 -4.666060e-01
5.699430e+00 -4.446336e+00 -4.646924e-01
5.709429e+00 -4.535603e+00 -4.627735e-01
5.719428e+00 -4.467759e+00 -4.608492e-01
5.729427e+00 -4.494254e+00 -4.589196e-01
5.739426e+00 -4.556443e+00 -4.569847e-01
5.749425e+00 -4.500779e+00 -4.550446e-01
5.759424e+00 -4.601285e+00 -4.530992e-01
5.769423e+00 -4.587707e+00 -4.511485e-01
5.779422e+00 -4.543169e+00 -4.491927e-01
5.789421e+00 -4.599798e+00 -4.472316e-01
5.799420e+00 -4.532522e+00 -4.452654e-01
5.809419e+00 -4.506074e+00 -4.432939e-01
5.819418e+00 -4.481042e+00 -4.413173e-01
5.829417e+00 -4.491642e+00 -4.393355e-01
5.839416e+00 -4.540873e+00 -4.373486e-01
5.849415e+00 -4.399312e+00 -4.353565e-01
5.859414e+00 -4.435906e+00 -4.333592e-01
5.869413e+00 -4.370453e+00 -4.313567e-01
5.879412e+00 -4.216276e+00 -4.293491e-01
5.889411e+00 -4.279368e+00 -4.273363e-01
5.899410e+00 -4.199054e+00 -4.253183e-01
5.909409e+00 -4.150369e+00 -4.232951e-01
5.919408e+00 -4.139482e+00 -4.212667e-01
5.929407e+00 -3.997067e+00 -4.192331e-01
5.939406e+00 -4.096519e+00 -4.171942e-01
5.949405e+00 -4.008463e+00 -4.151501e-01
5.959404e+00 -3.931576e+00 -4.131006e-01
5.969403e+00 -3.871924e+00 -4.110459e-01
5.979402e+00 -3.838250e+00 -4.089859e-01
5.989401e+00 -3.767524e+00 -4.069205e-01
5.999400e+00 -3.597560e+00 -4.048497e-01
6.009399e+00 -3.673040e+00 -4.027735e-01
6.019398e+00 -3.619080e+00 -4.006919e-01
6.029397e+00 -3.483563e+00 -3.986048e-01
6.039396e+00 -3.505671e+00 -3.965122e-01
6.049395e+00 -3.359038e+00 -3.944140e-01
6.059394e+00 -3.451348e+00 -3.923102e-01
6.069393e+00 -3.304179e+00 -3.902009e-01
6.079392e+00 -3.226894e+00 -3.880858e-01
6.089391e+00 -3.255979e+00 -3.859651e-01
6.099390e+00 -3.137964e+00 -3.838385e-01
6.109389e+00 -3.149170e+00 -3.817062e-01
6.119388e+00 -3.115096e+00 -3.795680e-01
6.129387e+00 -3.007155e+00 -3.774239e-01
6.139386e+00 -2.985046e+00 -3.752739e-01
6.149385e+00 -2.947964e+00 -3.731178e-01
6.159384e+00 -2.911823e+00 -3.709556e-01
6.169383e+00 -2.941712e+00 -3.687873e-01
6.179382e+00 -2.989622e+00 -3.666129e-01
6.189381e+00 -2.927835e+00 -3.644321e-01
6.199380e+00 -2.898122e+00 -3.622451e-01
6.209379e+00 -2.846939e+00 -3.600517e-01
6.219378e+00 -2.813611e+00 -3.578518e-01
6.229377e+00 -2.854504e+00 -3.556454e-01
6.239376e+00 -2.829944e+00 -3.534324e-01
6.249375e+00 -2.775439e+00 -3.512128e-01
6.259374e+00 -2.826205e+00 -3.489865e-01
6.269373e+00 -2.867068e+00 -3.467533e-01
6.279372e+00 -2.924301e+00 -3.445133e-01
6.289371e+00 -2.886464e+00 -3.422663e-01
6.299370e+00 -2.934827e+00 -3.400123e-01
6.309369e+00 -2.936276e+00 -3.377511e-01
6.319368e+00 -2.948586e+00 -3.354828e-01
6.329367e+00 -2.984206e+00 -3.332072e-01
6.339366e+00 -3.098638e+00 -3.309242e-01
6.349365e+00 -3.078731e+00 -3.286338e-01
6.359364e+00 -3.066722e+00 -3.263359e-01
6.369363e+00 -3.222644e+00 -3.240303e-01
6.379362e+00 -3.259964e+00 -3.217170e-01
6.389361e+00 -3.379360e+00 -3.193959e-01
6.399360e+00 -3.271985e+00 -3.170670e-01
6.409359e+00 -3.390225e+00 -3.147300e-01
6.419358e+00 -3.420018e+00 -3.123849e-01
6.429357e+00 -3.396441e+00 -3.100317e-01
6.439356e+00 -3.516671e+00 -3.076702e-01
6.449355e+00 -3.637151e+00 -3.053003e-01
6.459354e+00 -3.759432e+00 -3.029219e-01
6.469353e+00 -3.857614e+00 -3.005349e-01
6.479352e+00 -3.854429e+00 -2.981393e-01
6.489351e+00 -3.894971e+00 -2.957348e-01
6.499350e+00 -4.008651e+00 -2.933215e-01
6.509349e+00 -3.989107e+00 -2.908992e-01
6.519348e+00 -4.115134e+00 -2.884678e-01
6.529347e+00 -4.180039e+00 -2.860271e-01
6.539346e+00 -4.224346e+00 -2.835772e-01
6.549345e+00 -4.297737e+00 -2.811178e-01
6.559344e+00 -4.374305e+00 -2.786488e-01
6.569343e+00 -4.456793e+00 -2.761702e-01
6.579342e+00 -4.606240e+00 -2.736819e-01
6.589341e+00 -4.512779e+00 -2.711836e-01
6.599340e+00 -4.676706e+00 -2.686753e-01
6.609339e+00 -4.593120e+00 -2.661569e-01
6.619338e+00 -4.729422e+00 -2.636283e-01
6.629337e+00 -4.898295e+00 -2.610893e-01
6.639336e+00 -4.819433e+00 -2.585398e-01
6.649335e+00 -4.884043e+00 -2.559798e-01
6.659334e+00 -4.862174e+00 -2.534090e-01
6.669333e+00 -4.966451e+00 -2.508274e-01
6.679332e+00 -5.093595e+00 -2.482347e-01
6.689331e+00 -4.988280e+00 -2.456310e-01
6.699330e+00 -5.004955e+00 -2.430161e-01
6.709329e+00 -5.073968e+00 -2.403899e-01
6.719328e+00 -5.112303e+00 -2.377521e-01
6.729327e+00 -5.066603e+00 -2.351028e-01
6.739326e+00 -5.194705e+00 -2.324417e-01
6.749325e+00 -5.099093e+00 -2.297687e-01
6.759324e+00 -5.092050e+00 -2.270838e-01
6.769323e+00 -5.091472e+00 -2.243867e-01
6.779322e+00 -5.116730e+00 -2.216774e-01
6.789321e+00 -5.148031e+00 -2.189557e-01
6.799320e+00 -5.138766e+00 -2.162215e-01
6.809319e+00 -5.195588e+00 -2.134745e-01
6.819318e+00 -5.024353e+00 -2.107148e-01
6.829317e+00 -5.071169e+00 -2.079422e-01
6.839316e+00 -5.134076e+00 -2.051565e-01
6.849315e+00 -5.003889e+00 -2.023576e-01
6.859314e+00 -4.910181e+00 -1.995453e-01
6.869313e+00 -4.977365e+00 -1.967195e-01
6.879312e+00 -4.847992e+00 -1.938801e-01
6.889311e+00 -4.919310e+00 -1.910270e-01
6.899310e+00 -4.759460e+00 -1.881599e-01
6.909309e+00 -4.717078e+00 -1.852787e-01
6.919308e+00 -4.674860e+00 -1.823834e-01
6.929307e+00 -4.611282e+00 -1.794737e-01
6.939306e+00 -4.590655e+00 -1.765496e-01
6.949305e+00 -4.528042e+00 -1.736108e-01
6.959304e+00 -4.524559e+00 -1.706572e-01
6.969303e+00 -4.399213e+00 -1.676887e-01
6.979302e+00 -4.401060e+00 -1.647051e-01
6.989301e+00 -4.326311e+00 -1.617063e-01
6.999300e+00 -4.116971e+00 -1.586922e-01
7.009299e+00 -4.148338e+00 -1.556625e-01
7.019298e+00 -4.178762e+00 -1.526172e-01
7.029297e+00 -4.085806e+00 -1.495560e-01
7.039296e+00 -4.070730e+00 -1.464789e-01
7.049295e+00 -3.878555e+00 -1.433857e-01
7.059294e+00 -3.942814e+00 -1.402762e-01
7.069293e+00 -3.871045e+00 -1.371503e-01
7.079292e+00 -3.927786e+00 -1.340078e-01
7.089291e+00 -3.784843e+00 -1.308486e-01
7.099290e+00 -3.704602e+00 -1.276725e-01
7.109289e+00 -3.669736e+00 -1.244794e-01
7.119288e+00 -3.750133e+00 -1.212691e-01
7.129287e+00 -3.583344e+00 -1.180414e-01
7.139286e+00 -3.628817e+00 -1.147963e-01
7.149285e+00 -3.565911e+00 -1.115335e-01
7.159284e+00 -3.608173e+00 -1.082529e-01
7.169283e+00 -3.455646e+00 -1.049544e-01
7.179282e+00 -3.500572e+00 -1.016377e-01
7.189281e+00 -3.482152e+00 -9.830275e-02
7.199280e+00 -3.383688e+00 -9.494938e-02
7.209279e+00 -3.443721e+00 -9.157741e-02
7.219278e+00 -3.374788e+00 -8.818669e-02
7.229277e+00 -3.316925e+00 -8.477707e-02
7.239276e+00 -3.361188e+00 -8.134838e-02
7.249275e+00 -3.401997e+00 -7.790047e-02
7.259274e+00 -3.399265e+00 -7.443317e-02
7.269273e+00 -3.367099e+00 -7.094634e-02
7.279272e+00 -3.350190e+00 -6.743980e-02
7.289271e+00 -3.443125e+00 -6.391340e-02
7.299270e+00 -3.472634e+00 -6.036698e-02
7.309269e+00 -3.511336e+00 -5.680037e-02
7.319268e+00 -3.642079e+00 -5.321343e-02
7.329267e+00 -3.635150e+00 -4.960598e-02
7.339266e+00 -3.612205e+00 -4.597787e-02
7.349265e+00 -3.594990e+00 -4.232893e-02
7.359264e+00 -3.673272e+00 -3.865901e-02
7.369263e+00 -3.859477e+00 -3.496794e-02
7.379262e+00 -3.778573e+00 -3.125557e-02
7.389261e+00 -3.829989e+00 -2.752172e-02
7.399260e+00 -3.857435e+00 -2.376625e-02
7.409259e+00 -4.018745e+00 -1.998898e-02
7.419258e+00 -3.936337e+00 -1.618976e-02
7.429257e+00 -4.077828e+00 -1.236842e-02
7.439256e+00 -4.138124e+00 -8.524806e-03
7.449255e+00 -4.177455e+00 -4.658756e-03
7.459254e+00 -4.239213e+00 -7.701053e-04
7.469253e+00 -4.396535e+00 3.141306e-03
7.479252e+00 -4.448198e+00 7.075639e-03
7.489251e+00 -4.532206e+00 1.103306e-02
7.499250e+00 -4.522585e+00 1.501372e-02
7.509249e+00 -4.539387e+00 1.901778e-02
7.519248e+00 -4.730113e+00 2.304541e-02
7.529247e+00 -4.724290e+00 2.709677e-02
7.539246e+00 -4.794467e+00 3.117202e-02
7.549245e+00 -4.834538e+00 3.527131e-02
7.559244e+00 -4.908239e+00 3.939482e-02
7.569243e+00 -5.084162e+00 4.354269e-02
7.579242e+00 -4.949033e+00 4.771508e-02
7.589241e+00 -5.075352e+00 5.191216e-02
7.599240e+00 -5.219280e+00 5.613409e-02
7.609239e+00 -5.205441e+00 6.038102e-02
7.619238e+00 -5.402416e+00 6.465312e-02
7.629237e+00 -5.270970e+00 6.895053e-02
7.639236e+00 -5.403058e+00 7.327342e-02
7.649235e+00 -5.470525e+00 7.762194e-02
7.659234e+00 -5.386990e+00 8.199626e-02
7.669233e+00 -5.541868e+00 8.639652e-02
7.679232e+00 -5.468853e+00 9.082288e-02
7.689231e+00 -5.544105e+00 9.527550e-02
7.699230e+00 -5.589795e+00 9.975454e-02
7.709229e+00 -5.609979e+00 1.042601e-01
7.719228e+00 -5.549932e+00 1.087925e-01
7.729227e+00 -5.701527e+00 1.133516e-01
7.739226e+00 -5.711173e+00 1.179379e-01
7.749225e+00 -5.767618e+00 1.225512e-01
7.759224e+00 -5.617291e+00 1.271920e-01
7.769223e+00 -5.611337e+00 1.318601e-01
7.779222e+00 -5.659069e+00 1.365560e-01
7.789221e+00 -5.670135e+00 1.412795e-01
7.799220e+00 -5.610957e+00 1.460310e-01
7.809219e+00 -5.665441e+00 1.508106e-01
7.819218e+00 -5.612850e+00 1.556184e-01
7.829217e+00 -5.659949e+00 1.604545e-01
7.839216e+00 -5.593636e+00 1.653192e-01
7.849215e+00 -5.624347e+00 1.702125e-01
7.859214e+00 -5.475226e+00 1.751345e-01
7.869213e+00 -5.482527e+00 1.800855e-01
7.879212e+00 -5.397794e+00 1.850656e-01
7.889211e+00 -5.353859e+00 1.900748e-01
7.899210e+00 -5.268614e+00 1.951135e-01
7.909209e+00 -5.384457e+00 2.001815e-01
7.919208e+00 -5.289403e+00 2.052792e-01
7.929207e+00 -5.281403e+00 2.104067e-01
7.939206e+00 -5.143749e+00 2.155640e-01
7.949205e+00 -5.106470e+00 2.207513e-01
7.959204e+00 -5.054422e+00 2.259688e-01
7.969203e+00 -4.994406e+00 2.312165e-01
7.979202e+00 -4.885715e+00 2.364947e-01
7.989201e+00 -4.909470e+00 2.418033e-01
7.999200e+00 -4.771205e+00 2.471426e-01
8.009199e+00 -4.790482e+00 2.525127e-01
8.019198e+00 -4.663218e+00 2.579136e-01
8.029197e+00 -4.616035e+00 2.633456e-01
8.039196e+00 -4.627224e+00 2.688086e-01
8.049195e+00 -4.462566e+00 2.743030e-01
8.059194e+00 -4.504318e+00 2.798286e-01
8.069193e+00 -4.342204e+00 2.853858e-01
8.079192e+00 -4.384473e+00 2.909745e-01
8.089191e+00 -4.332442e+00 2.965949e-01
8.099190e+00 -4.298415e+00 3.022470e-01
8.109189e+00 -4.302384e+00 3.079311e-01
8.119188e+00 -4.202926e+00 3.136472e-01
8.129187e+00 -4.108671e+00 3.193954e-01
8.139186e+00 -4.193330e+00 3.251758e-01
8.149185e+00 -4.229838e+00 3.309884e-01
8.159184e+00 -4.077927e+00 3.368335e-01
8.169183e+00 -4.013421e+00 3.427110e-01
8.179182e+00 -4.081717e+00 3.486211e-01
8.189181e+00 -3.986174e+00 3.545639e-01
8.199180e+00 -3.949857e+00 3.605394e-01
8.209179e+00 -3.981477e+00 3.665477e-01
8.219178e+00 -3.862480e+00 3.725890e-01
8.229177e+00 -3.940199e+00 3.786632e-01
8.239176e+00 -3.878106e+00 3.847705e-01
8.249175e+00 -3.965460e+00 3.909109e-01
8.259174e+00 -3.967891e+00 3.970845e-01
8.269173e+00 -4.011954e+00 4.032914e-01
8.279172e+00 -3.994011e+00 4.095317e-01
8.289171e+00 -4.051721e+00 4.158053e-01
8.299170e+00 -3.955170e+00 4.221124e-01
8.309169e+00 -4.064534e+00 4.284530e-01
8.319168e+00 -4.054168e+00 4.348272e-01
8.329167e+00 -4.149641e+00 4.412350e-01
8.339166e+00 -4.168898e+00 4.476764e-01
8.349165e+00 -4.215469e+00 4.541516e-01
8.359164e+00 -4.232164e+00 4.606605e-01
8.369163e+00 -4.314180e+00 4.672033e-01
8.379162e+00 -4.400432e+00 4.737798e-01
8.389161e+00 -4.331300e+00 4.803903e-01
8.399160e+00 -4.482571e+00 4.870346e-01
8.409159e+00 -4.505866e+00 4.937128e-01
8.419158e+00 -4.537390e+00 5.004250e-01
8.429157e+00 -4.638410e+00 5.071712e-01
8.439156e+00 -4.665448e+00 5.139513e-01
8.449155e+00 -4.742807e+00 5.207654e-01
8.459154e+00 -4.799523e+00 5.276135e-01
8.469153e+00 -4.936258e+00 5.344956e-01
8.479152e+00 -5.045409e+00 5.414118e-01
8.489151e+00 -5.025811e+00 5.483619e-01
8.499150e+00 -5.149339e+00 5.553461e-01
8.509149e+00 -5.255602e+00 5.623642e-01
8.519148e+00 -5.198545e+00 5.694164e-01
8.529147e+00 -5.289297e+00 5.765025e-01
8.539146e+00 -5.347397e+00 5.836225e-01
8.549145e+00 -5.379542e+00 5.907765e-01
8.559144e+00 -5.333245e+00 5.979643e-01
8.569143e+00 -5.504163e+00 6.051861e-01
8.579142e+00 -5.628674e+00 6.124416e-01
8.589141e+00 -5.707504e+00 6.197310e-01
8.599140e+00 -5.637411e+00 6.270541e-01
8.609139e+00 -5.789762e+00 6.344109e-01
8.619138e+00 -5.889503e+00 6.418014e-01
8.629137e+00 -5.892599e+00 6.492254e-01
8.639136e+00 -5.938180e+00 6.566830e-01
8.649135e+00 -5.987351e+00 6.641741e-01
8.659134e+00 -6.094084e+00 6.716986e-01
8.669133e+00 -6.005755e+00 6.792564e-01
8.679132e+00 -6.123364e+00 6.868474e-01
8.689131e+00 -6.055736e+00 6.944717e-01
8.699130e+00 -6.161734e+00 7.021290e-01
8.709129e+00 -6.187311e+00 7.098193e-01
8.719128e+00 -6.178021e+00 7.175426e-01
8.729127e+00 -6.253002e+00 7.252986e-01
8.739126e+00 -6.259369e+00 7.330874e-01
8.749125e+00 -6.180159e+00 7.409087e-01
8.759124e+00 -6.309869e+00 7.487626e-01
8.769123e+00 -6.199777e+00 7.566488e-01
8.779122e+00 -6.232385e+00 7.645673e-01
8.789121e+00 -6.278086e+00 7.725179e-01
8.799120e+00 -6.291527e+00 7.805004e-01
8.809119e+00 -6.302653e+00 7.885149e-01
8.819118e+00 -6.177479e+00 7.965611e-01
8.829117e+00 -6.225630e+00 8.046389e-01
8.839116e+00 -6.098309e+00 8.127481e-01
8.849115e+00 -6.045847e+00 8.208885e-01
8.859114e+00 -6.003132e+00 8.290601e-01
8.869113e+00 -6.036886e+00 8.372627e-01
8.879112e+00 -5.980427e+00 8.454961e-01
8.889111e+00 -5.908069e+00 8.537601e-01
8.899110e+00 -5.923687e+00 8.620545e-01
8.909109e+00 -5.878534e+00 8.703792e-01
8.919108e+00 -5.774290e+00 8.787340e-01
8.929107e+00 -5.771724e+00 8.871187e-01
8.939106e+00 -5.657199e+00 8.955331e-01
8.949105e+00 -5.608791e+00 9.039770e-01
8.959104e+00 -5.779534e+00 9.124501e-01
8.969103e+00 -5.505886e+00 9.209524e-01
8.979102e+00 -5.530163e+00 9.294835e-01
8.989101e+00 -5.449108e+00 9.380433e-01
8.999100e+00 -5.358523e+00 9.466316e-01
9.009099e+00 -5.354778e+00 9.552480e-01
9.019098e+00 -5.328258e+00 9.638924e-01
9.029097e+00 -5.243781e+00 9.725645e-01
9.039096e+00 -5.096080e+00 9.812642e-01
9.049095e+00 -5.088944e+00 9.899911e-01
9.059094e+00 -4.991656e+00 9.987450e-01
9.069093e+00 -4.859145e+00 1.007526e+00
9.079092e+00 -4.963090e+00 1.016333e+00
9.089091e+00 -4.869114e+00 1.025166e+00
9.099090e+00 -4.745804e+00 1.034025e+00
9.109089e+00 -4.740636e+00 1.042910e+00
9.119088e+00 -4.826307e+00 1.051821e+00
9.129087e+00 -4.741665e+00 1.060756e+00
9.139086e+00 -4.648863e+00 1.069716e+00
9.149085e+00 -4.650732e+00 1.078701e+00
9.159084e+00 -4.562081e+00 1.087710e+00
9.169083e+00 -4.573957e+00 1.096743e+00
9.179082e+00 -4.534189e+00 1.105800e+00
9.189081e+00 -4.566782e+00 1.114880e+00
9.199080e+00 -4.553435e+00 1.123983e+00
9.209079e+00 -4.448804e+00 1.133109e+00
9.219078e+00 -4.406203e+00 1.142257e+00
9.229077e+00 -4.442691e+00 1.151427e+00
9.239076e+00 -4.479020e+00 1.160619e+00
9.249075e+00 -4.506513e+00 1.169832e+00
9.259074e+00 -4.561360e+00 1.179067e+00
9.269073e+00 -4.542118e+00 1.188322e+00
9.279072e+00 -4.469988e+00 1.197597e+00
9.289071e+00 -4.538258e+00 1.206892e+00
9.299070e+00 -4.588995e+00 1.216208e+00
9.309069e+00 -4.502384e+00 1.225542e+00
9.319068e+00 -4.537198e+00 1.234895e+00
9.329067e+00 -4.613411e+00 1.244267e+00
9.339066e+00 -4.753477e+00 1.253657e+00
9.349065e+00 -4.694070e+00 1.263065e+00
9.359064e+00 -4.809890e+00 1.272491e+00
9.369063e+00 -4.882155e+00 1.281933e+00
9.379062e+00 -4.921230e+00 1.291393e+00
9.389061e+00 -4.912020e+00 1.300868e+00
9.399060e+00 -4.977355e+00 1.310360e+00
9.409059e+00 -5.058553e+00 1.319867e+00
9.419058e+00 -5.090358e+00 1.329389e+00
9.429057e+00 -5.202245e+00 1.338926e+00
9.439056e+00 -5.250522e+00 1.348477e+00
9.449055e+00 -5.279477e+00 1.358043e+00
9.459054e+00 -5.327785e+00 1.367621e+00
9.469053e+00 -5.411646e+00 1.377213e+00
9.479052e+00 -5.419995e+00 1.386818e+00
9.489051e+00 -5.508651e+00 1.396435e+00
9.499050e+00 -5.679212e+00 1.406064e+00
9.509049e+00 -5.643225e+00 1.415704e+00
9.519048e+00 -5.737701e+00 1.425356e+00
9.529047e+00 -5.800929e+00 1.435018e+00
9.539046e+00 -5.853297e+00 1.444690e+00
9.549045e+00 -5.974904e+00 1.454372e+00
9.559044e+00 -6.009488e+00 1.464063e+00
9.569043e+00 -6.084364e+00 1.473763e+00
9.579042e+00 -6.189344e+00 1.483472e+00
9.589041e+00 -6.099230e+00 1.493188e+00
9.599040e+00 -6.245189e+00 1.502913e+00
9.609039e+00 -6.366848e+00 1.512644e+00
9.619038e+00 -6.394627e+00 1.522382e+00
9.629037e+00 -6.394180e+00 1.532126e+00
9.639036e+00 -6.545545e+00 1.541877e+00
9.649035e+00 -6.460847e+00 1.551632e+00
9.659034e+00 -6.515657e+00 1.561392e+00
9.669033e+00 -6.592479e+00 1.571157e+00
9.679032e+00 -6.608733e+00 1.580926e+00
9.689031e+00 -6.651121e+00 1.590699e+00
9.699030e+00 -6.669660e+00 1.600474e+00
9.709029e+00 -6.672899e+00 1.610252e+00
9.719028e+00 -6.736004e+00 1.620033e+00
9.729027e+00 -6.686582e+00 1.629815e+00
9.739026e+00 -6.723799e+00 1.639598e+00
9.749025e+00 -6.781922e+00 1.649383e+00
9.759024e+00 -6.716478e+00 1.659167e+00
9.769023e+00 -6.740277e+00 1.668952e+00
9.779022e+00 -6.745532e+00 1.678736e+00
9.789021e+00 -6.768813e+00 1.688518e+00
9.799020e+00 -6.679274e+00 1.698300e+00
9.809019e+00 -6.727349e+00 1.708079e+00
9.819018e+00 -6.680863e+00 1.717856e+00
9.829017e+00 -6.710751e+00 1.727631e+00
9.839016e+00 -6.608424e+00 1.737402e+00
9.849015e+00 -6.564983e+00 1.747169e+00
9.859014e+00 -6.581037e+00 1.756932e+00
9.869013e+00 -6.494175e+00 1.766690e+00
9.879012e+00 -6.493129e+00 1.776443e+00
9.889011e+00 -6.481088e+00 1.786190e+00
9.899010e+00 -6.393733e+00 1.795932e+00
9.909009e+00 -6.286789e+00 1.805667e+00
9.919008e+00 -6.393545e+00 1.815394e+00
9.929007e+00 -6.214915e+00 1.825115e+00
9.939006e+00 -6.201397e+00 1.834827e+00
9.949005e+00 -6.135189e+00 1.844531e+00
9.959004e+00 -6.041342e+00 1.854227e+00
9.969003e+00 -6.042758e+00 1.863913e+00
9.979002e+00 -5.980551e+00 1.873589e+00
9.989001e+00 -5.978410e+00 1.883255e+00
9.999000e+00 -5.812416e+00 1.892911e+00
1.000900e+01 -5.795879e+00 1.902555e+00
1.001900e+01 -5.704994e+00 1.912188e+00
1.002900e+01 -5.763321e+00 1.921809e+00
1.003900e+01 -5.620361e+00 1.931418e+00
1.004900e+01 -5.615639e+00 1.941014e+00
1.005899e+01 -5.569880e+00 1.950596e+00
1.006899e+01 -5.392879e+00 1.960165e+00
1.007899e+01 -5.426720e+00 1.969719e+00
1.008899e+01 -5.350683e+00 1.979260e+00
1.009899e+01 -5.269544e+00 1.988785e+00
1.010899e+01 -5.277170e+00 1.998294e+00
1.011899e+01 -5.227849e+00 2.007788e+00
1.012899e+01 -5.260412e+00 2.017265e+00
1.013899e+01 -5.172571e+00 2.026726e+00
1.014899e+01 -5.141846e+00 2.036169e+00
1.015898e+01 -5.119787e+00 2.045595e+00
1.016898e+01 -5.133452e+00 2.055003e+00
1.017898e+01 -5.161918e+00 2.064393e+00
1.018898e+01 -5.104243e+00 2.073764e+00
1.019898e+01 -5.024254e+00 2.083115e+00
1.020898e+01 -5.004206e+00 2.092447e+00
1.021898e+01 -5.024782e+00 2.101759e+00
1.022898e+01 -5.023459e+00 2.111050e+00
1.023898e+01 -4.939191e+00 2.120321e+00
1.024898e+01 -4.967569e+00 2.129570e+00
1.025897e+01 -4.936029e+00 2.138798e+00
1.026897e+01 -5.020255e+00 2.148004e+00
1.027897e+01 -5.097359e+00 2.157187e+00
1.028897e+01 -5.114122e+00 2.166348e+00
1.029897e+01 -5.085318e+00 2.175485e+00
1.030897e+01 -5.017248e+00 2.184599e+00
1.031897e+01 -5.040231e+00 2.193689e+00
1.032897e+01 -5.117798e+00 2.202754e+00
1.033897e+01 -5.205953e+00 2.211795e+00
1.034897e+01 -5.237631e+00 2.220811e+00
1.035896e+01 -5.316449e+00 2.229801e+00
1.036896e+01 -5.364867e+00 2.238766e+00
1.037896e+01 -5.385565e+00 2.247705e+00
1.038896e+01 -5.477518e+00 2.256617e+00
1.039896e+01 -5.429088e+00 2.265502e+00
1.040896e+01 -5.597723e+00 2.274360e+00
1.041896e+01 -5.609016e+00 2.283191e+00
1.042896e+01 -5.585953e+00 2.291994e+00
1.043896e+01 -5.711785e+00 2.300768e+00
1.044896e+01 -5.767902e+00 2.309514e+00
1.045895e+01 -5.926470e+00 2.318231e+00
1.046895e+01 -5.941859e+00 2.326920e+00
1.047895e+01 -5.961464e+00 2.335578e+00
1.048895e+01 -6.202283e+00 2.344207e+00
1.049895e+01 -6.055012e+00 2.352805e+00
1.050895e+01 -6.170104e+00 2.361374e+00
1.051895e+01 -6.295088e+00 2.369911e+00
1.052895e+01 -6.311135e+00 2.378417e+00
1.053895e+01 -6.354600e+00 2.386892e+00
1.054895e+01 -6.496716e+00 2.395336e+00
1.055894e+01 -6.490276e+00 2.403747e+00
1.056894e+01 -6.655713e+00 2.412126e+00
1.057894e+01 -6.662002e+00 2.420473e+00
1.058894e+01 -6.725751e+00 2.428787e+00
1.059894e+01 -6.752360e+00 2.437067e+00
1.060894e+01 -6.830038e+00 2.445315e+00
1.061894e+01 -6.782927e+00 2.453528e+00
1.062894e+01 -6.896928e+00 2.461708e+00
1.063894e+01 -7.010830e+00 2.469854e+00
1.064894e+01 -7.017119e+00 2.477965e+00
1.065893e+01 -7.036832e+00 2.486042e+00
1.066893e+01 -7.146264e+00 2.494083e+00
1.067893e+01 -7.143978e+00 2.502090e+00
1.068893e+01 -7.116054e+00 2.510061e+00
1.069893e+01 -7.229211e+00 2.517996e+00
1.070893e+01 -7.206972e+00 2.525895e+00
1.071893e+01 -7.237483e+00 2.533759e+00
1.072893e+01 -7.315024e+00 2.541585e+00
1.073893e+01 -7.180989e+00 2.549376e+00
1.074893e+01 -7.144899e+00 2.557129e+00
1.075892e+01 -7.241883e+00 2.564845e+00
1.076892e+01 -7.350531e+00 2.572524e+00
1.077892e+01 -7.204325e+00 2.580166e+00
1.078892e+01 -7.175498e+00 2.587770e+00
1.079892e+01 -7.244340e+00 2.595336e+00
1.080892e+01 -7.209935e+00 2.602864e+00
1.081892e+01 -7.277216e+00 2.610353e+00
1.082892e+01 -7.211445e+00 2.617804e+00
1.083892e+01 -7.079059e+00 2.625216e+00
1.084892e+01 -7.093824e+00 2.632590e+00
1.085891e+01 -7.028385e+00 2.639924e+00
1.086891e+01 -7.015363e+00 2.647219e+00
1.087891e+01 -6.957866e+00 2.654475e+00
1.088891e+01 -6.958475e+00 2.661691e+00
1.089891e+01 -6.865050e+00 2.668868e+00
1.090891e+01 -6.833996e+00 2.676004e+00
1.091891e+01 -6.914068e+00 2.683100e+00
1.092891e+01 -6.811997e+00 2.690156e+00
1.093891e+01 -6.658088e+00 2.697172e+00
1.094891e+01 -6.618429e+00 2.704147e+00
1.095890e+01 -6.645438e+00 2.711081e+00
1.096890e+01 -6.657705e+00 2.717975e+00
1.097890e+01 -6.495352e+00 2.724827e+00
1.098890e+01 -6.460362e+00 2.731638e+00
1.099890e+01 -6.485191e+00 2.738408e+00
1.100890e+01 -6.266540e+00 2.745136e+00
1.101890e+01 -6.300141e+00 2.751823e+00
1.102890e+01 -6.144569e+00 2.758468e+00
1.103890e+01 -6.178061e+00 2.765072e+00
1.104890e+01 -6.134496e+00 2.771633e+00
1.105889e+01 -6.023102e+00 2.778153e+00
1.106889e+01 -6.016122e+00 2.784630e+00
1.107889e+01 -5.953490e+00 2.791064e+00
1.108889e+01 -5.869235e+00 2.797457e+00
1.109889e+01 -5.781930e+00 2.803807e+00
1.110889e+01 -5.741681e+00 2.810114e+00
1.111889e+01 -5.667144e+00 2.816379e+00
1.112889e+01 -5.676086e+00 2.822600e+00
1.113889e+01 -5.680335e+00 2.828779e+00
1.114889e+01 -5.639510e+00 2.834915e+00
1.115888e+01 -5.657404e+00 2.841008e+00
1.116888e+01 -5.639472e+00 2.847057e+00
1.117888e+01 -5.496988e+00 2.853063e+00
1.118888e+01 -5.538219e+00 2.859026e+00
1.119888e+01 -5.614621e+00 2.864945e+00
1.120888e+01 -5.487845e+00 2.870821e+00
1.121888e+01 -5.550608e+00 2.876653e+00
1.122888e+01 -5.610181e+00 2.882442e+00
1.123888e+01 -5.511420e+00 2.888187e+00
1.124888e+01 -5.471587e+00 2.893888e+00
1.125887e+01 -5.508771e+00 2.899545e+00
1.126887e+01 -5.589155e+00 2.905158e+00
1.127887e+01 -5.431303e+00 2.910727e+00
1.128887e+01 -5.529675e+00 2.916252e+00
1.129887e+01 -5.527141e+00 2.921733e+00
1.130887e+01 -5.615329e+00 2.927170e+00
1.131887e+01 -5.613459e+00 2.932563e+00
1.132887e+01 -5.628504e+00 2.937911e+00
1.133887e+01 -5.788153e+00 2.943215e+00
1.134887e+01 -5.717664e+00 2.948475e+00
1.135886e+01 -5.732497e+00 2.953690e+00
1.136886e+01 -5.808048e+00 2.958861e+00
1.137886e+01 -5.906602e+00 2.963987e+00
1.138886e+01 -5.875886e+00 2.969069e+00
1.139886e+01 -5.952143e+00 2.974106e+00
1.140886e+01 -5.997618e+00 2.979099e+00
1.141886e+01 -6.038958e+00 2.984047e+00
1.142886e+01 -6.108748e+00 2.988950e+00
1.143886e+01 -6.229666e+00 2.993809e+00
1.144886e+01 -6.318191e+00 2.998623e+00
1.145885e+01 -6.367574e+00 3.003392e+00
1.146885e+01 -6.431150e+00 3.008117e+00
1.147885e+01 -6.541187e+00 3.012796e+00
1.148885e+01 -6.579090e+00 3.017431e+00
1.149885e+01 -6.581238e+00 3.022021e+00
1.150885e+01 -6.691274e+00 3.026567e+00
1.151885e+01 -6.713252e+00 3.031067e+00
1.152885e+01 -6.868365e+00 3.035523e+00
1.153885e+01 -6.890720e+00 3.039934e+00
1.154885e+01 -6.943274e+00 3.044300e+00
1.155884e+01 -6.984212e+00 3.048621e+00
1.156884e+01 -7.053323e+00 3.052897e+00
1.157884e+01 -7.144320e+00 3.057128e+00
1.158884e+01 -7.114363e+00 3.061314e+00
1.159884e+01 -7.277022e+00 3.065456e+00
1.160884e+01 -7.307147e+00 3.069552e+00
1.161884e+01 -7.325273e+00 3.073604e+00
1.162884e+01 -7.404087e+00 3.077611e+00
1.163884e+01 -7.430598e+00 3.081573e+00
1.164884e+01 -7.526480e+00 3.085490e+00
1.165883e+01 -7.498957e+00 3.089362e+00
1.166883e+01 -7.575007e+00 3.093190e+00
1.167883e+01 -7.635425e+00 3.096972e+00
1.168883e+01 -7.677320e+00 3.100710e+00
1.169883e+01 -7.614308e+00 3.104403e+00
1.170883e+01 -7.727413e+00 3.108051e+00
1.171883e+01 -7.751139e+00 3.111654e+00
1.172883e+01 -7.710856e+00 3.115212e+00
1.173883e+01 -7.719915e+00 3.118726e+00
1.174883e+01 -7.720290e+00 3.122194e+00
1.175882e+01 -7.728197e+00 3.125618e+00
1.176882e+01 -7.701393e+00 3.128998e+00
1.177882e+01 -7.663023e+00 3.132332e+00
1.178882e+01 -7.819260e+00 3.135622e+00
1.179882e+01 -7.727248e+00 3.138868e+00
1.180882e+01 -7.797664e+00 3.142068e+00
1.181882e+01 -7.703835e+00 3.145224e+00
1.182882e+01 -7.720282e+00 3.148335e+00
1.183882e+01 -7.617243e+00 3.151402e+00
1.184882e+01 -7.569457e+00 3.154424e+00
1.185881e+01 -7.643906e+00 3.157402e+00
1.186881e+01 -7.420774e+00 3.160335e+00
1.187881e+01 -7.478233e+00 3.163224e+00
1.188881e+01 -7.462517e+00 3.166068e+00
1.189881e+01 -7.355102e+00 3.168868e+00
1.190881e+01 -7.326473e+00 3.171623e+00
1.191881e+01 -7.326390e+00 3.174334e+00
1.192881e+01 -7.279645e+00 3.177001e+00
1.193881e+01 -7.225794e+00 3.179623e+00
1.194881e+01 -7.185808e+00 3.182201e+00
1.195880e+01 -7.015435e+00 3.184735e+00
1.196880e+01 -7.024577e+00 3.187224e+00
1.197880e+01 -7.012862e+00 3.189670e+00
1.198880e+01 -6.842753e+00 3.192071e+00
1.199880e+01 -6.825252e+00 3.194428e+00
1.200880e+01 -6.805652e+00 3.196741e+00
1.201880e+01 -6.679815e+00 3.199010e+00
1.202880e+01 -6.759803e+00 3.201235e+00
1.203880e+01 -6.583053e+00 3.203416e+00
1.204880e+01 -6.527767e+00 3.205553e+00
1.205879e+01 -6.504368e+00 3.207646e+00
1.206879e+01 -6.492398e+00 3.209695e+00
1.207879e+01 -6.396127e+00 3.211700e+00
1.208879e+01 -6.299713e+00 3.213662e+00
1.209879e+01 -6.241395e+00 3.215580e+00
1.210879e+01 -6.224986e+00 3.217454e+00
1.211879e+01 -6.144314e+00 3.219284e+00
1.212879e+01 -6.120254e+00 3.221071e+00
1.213879e+01 -6.133697e+00 3.222814e+00
1.214879e+01 -6.030112e+00 3.224513e+00
1.215878e+01 -6.075243e+00 3.226169e+00
1.216878e+01 -5.967504e+00 3.227782e+00
1.217878e+01 -6.010743e+00 3.229351e+00
1.218878e+01 -6.018734e+00 3.230877e+00
1.219878e+01 -6.058260e+00 3.232359e+00
1.220878e+01 -5.958985e+00 3.233798e+00
1.221878e+01 -6.055741e+00 3.235193e+00
1.222878e+01 -5.951455e+00 3.236545e+00
1.223878e+01 -5.974561e+00 3.237855e+00
1.224878e+01 -5.992462e+00 3.239121e+00
1.225877e+01 -5.941941e+00 3.240343e+00
1.226877e+01 -5.966818e+00 3.241523e+00
1.227877e+01 -5.971004e+00 3.242660e+00
1.228877e+01 -6.050311e+00 3.243753e+00
1.229877e+01 -6.106568e+00 3.244804e+00
1.230877e+01 -5.965349e+00 3.245812e+00
1.231877e+01 -6.056926e+00 3.246777e+00
1.232877e+01 -6.109182e+00 3.247699e+00
1.233877e+01 -6.160538e+00 3.248578e+00
1.234877e+01 -6.118206e+00 3.249415e+00
1.235876e+01 -6.293781e+00 3.250208e+00
1.236876e+01 -6.368199e+00 3.250960e+00
1.237876e+01 -6.285489e+00 3.251668e+00
1.238876e+01 -6.345168e+00 3.252334e+00
1.239876e+01 -6.404564e+00 3.252957e+00
1.240876e+01 -6.485461e+00 3.253538e+00
1.241876e+01 -6.554406e+00 3.254077e+00
1.242876e+01 -6.580967e+00 3.254573e+00
1.243876e+01 -6.681359e+00 3.255027e+00
1.244876e+01 -6.704174e+00 3.255438e+00
1.245875e+01 -6.803619e+00 3.255807e+00
1.246875e+01 -6.878361e+00 3.256134e+00
1.247875e+01 -6.982066e+00 3.256419e+00
1.248875e+01 -6.996146e+00 3.256662e+00
1.249875e+01 -7.083006e+00 3.256862e+00
1.250875e+01 -7.119792e+00 3.257021e+00
1.251875e+01 -7.303926e+00 3.257138e+00
1.252875e+01 -7.199606e+00 3.257212e+00
1.253875e+01 -7.240725e+00 3.257245e+00
1.254875e+01 -7.373958e+00 3.257236e+00
1.255874e+01 -7.458060e+00 3.257185e+00
1.256874e+01 -7.534908e+00 3.257093e+00
1.257874e+01 -7.568172e+00 3.256958e+00
1.258874e+01 -7.670135e+00 3.256782e+00
1.259874e+01 -7.643020e+00 3.256565e+00
1.260874e+01 -7.818466e+00 3.256306e+00
1.261874e+01 -7.859530e+00 3.256005e+00
1.262874e+01 -7.875577e+00 3.255663e+00
1.263874e+01 -7.862703e+00 3.255279e+00
1.264874e+01 -8.029184e+00 3.254855e+00
1.265873e+01 -8.073777e+00 3.254389e+00
1.266873e+01 -8.074443e+00 3.253881e+00
1.267873e+01 -8.119668e+00 3.253333e+00
1.268873e+01 -8.134085e+00 3.252743e+00
1.269873e+01 -8.126446e+00 3.252112e+00
1.270873e+01 -8.094036e+00 3.251440e+00
1.271873e+01 -8.177959e+00 3.250728e+00
1.272873e+01 -8.206928e+00 3.249974e+00
1.273873e+01 -8.183802e+00 3.249179e+00
1.274873e+01 -8.127957e+00 3.248344e+00
1.275872e+01 -8.056449e+00 3.247468e+00
1.276872e+01 -8.142643e+00 3.246551e+00
1.277872e+01 -8.247919e+00 3.245593e+00
1.278872e+01 -8.038111e+00 3.244595e+00
1.279872e+01 -8.087213e+00 3.243556e+00
1.280872e+01 -8.105435e+00 3.242477e+00
1.281872e+01 -8.165459e+00 3.241357e+00
1.282872e+01 -8.213203e+00 3.240197e+00
1.283872e+01 -8.022383e+00 3.238997e+00
1.284872e+01 -8.000416e+00 3.237757e+00
1.285871e+01 -8.032424e+00 3.236476e+00
1.286871e+01 -7.922459e+00 3.235155e+00
1.287871e+01 -7.880568e+00 3.233794e+00
1.288871e+01 -7.868632e+00 3.232393e+00
1.289871e+01 -7.805540e+00 3.230953e+00
1.290871e+01 -7.812067e+00 3.229472e+00
1.291871e+01 -7.624339e+00 3.227951e+00
1.292871e+01 -7.706279e+00 3.226391e+00
1.293871e+01 -7.642653e+00 3.224791e+00
1.294871e+01 -7.615340e+00 3.223152e+00
1.295870e+01 -7.431702e+00 3.221473e+00
1.296870e+01 -7.514742e+00 3.219755e+00
1.297870e+01 -7.292320e+00 3.217997e+00
1.298870e+01 -7.365536e+00 3.216200e+00
1.299870e+01 -7.335178e+00 3.214364e+00
1.300870e+01 -7.245896e+00 3.212488e+00
1.301870e+01 -7.138804e+00 3.210574e+00
1.302870e+01 -7.123023e+00 3.208620e+00
1.303870e+01 -7.194964e+00 3.206628e+00
1.304870e+01 -7.031677e+00 3.204597e+00
1.305869e+01 -6.950057e+00 3.202527e+00
1.306869e+01 -6.906631e+00 3.200418e+00
1.307869e+01 -6.767393e+00 3.198271e+00
1.308869e+01 -6.793642e+00 3.196085e+00
1.309869e+01 -6.757092e+00 3.193861e+00
1.310869e+01 -6.763985e+00 3.191598e+00
1.311869e+01 -6.608542e+00 3.189298e+00
1.312869e+01 -6.612941e+00 3.186959e+00
1.313869e+01 -6.607506e+00 3.184582e+00
1.314869e+01 -6.542062e+00 3.182167e+00
1.315868e+01 -6.513164e+00 3.179715e+00
1.316868e+01 -6.520070e+00 3.177224e+00
1.317868e+01 -6.515793e+00 3.174696e+00
1.318868e+01 -6.421388e+00 3.172130e+00
1.319868e+01 -6.427125e+00 3.169527e+00
1.320868e+01 -6.372266e+00 3.166887e+00
1.321868e+01 -6.381098e+00 3.164209e+00
1.322868e+01 -6.343580e+00 3.161494e+00
1.323868e+01 -6.418372e+00 3.158743e+00
1.324868e+01 -6.368322e+00 3.155954e+00
1.325867e+01 -6.408437e+00 3.153128e+00
1.326867e+01 -6.443701e+00 3.150266e+00
1.327867e+01 -6.379527e+00 3.147368e+00
1.328867e+01 -6.445784e+00 3.144433e+00
1.329867e+01 -6.484822e+00 3.141461e+00
1.330867e+01 -6.500931e+00 3.138454e+00
1.331867e+01 -6.550932e+00 3.135410e+00
1.332867e+01 -6.546087e+00 3.132330e+00
1.333867e+01 -6.584189e+00 3.129215e+00
1.334867e+01 -6.549550e+00 3.126064e+00
1.335866e+01 -6.616654e+00 3.122878e+00
1.336866e+01 -6.755244e+00 3.119656e+00
1.337866e+01 -6.816114e+00 3.116399e+00
1.338866e+01 -6.804852e+00 3.113107e+00
1.339866e+01 -6.919978e+00 3.109780e+00
1.340866e+01 -6.885405e+00 3.106418e+00
1.341866e+01 -6.994358e+00 3.103022e+00
1.342866e+01 -7.055494e+00 3.099591e+00
1.343866e+01 -7.031184e+00 3.096126e+00
1.344866e+01 -7.209082e+00 3.092627e+00
1.345865e+01 -7.196973e+00 3.089093e+00
1.346865e+01 -7.262319e+00 3.085526e+00
1.347865e+01 -7.361273e+00 3.081926e+00
1.348865e+01 -7.409795e+00 3.078292e+00
1.349865e+01 -7.440323e+00 3.074624e+00
1.350865e+01 -7.555452e+00 3.070924e+00
1.351865e+01 -7.571198e+00 3.067190e+00
1.352865e+01 -7.775753e+00 3.063424e+00
1.353865e+01 -7.687931e+00 3.059626e+00
1.354865e+01 -7.785078e+00 3.055795e+00
1.355864e+01 -7.871262e+00 3.051931e+00
1.356864e+01 -7.995197e+00 3.048036e+00
1.357864e+01 -8.039570e+00 3.044109e+00
1.358864e+01 -7.962542e+00 3.040151e+00
1.359864e+01 -8.107459e+00 3.036161e+00
1.360864e+01 -8.191948e+00 3.032141e+00
1.361864e+01 -8.178148e+00 3.028089e+00
1.362864e+01 -8.302395e+00 3.024006e+00
1.363864e+01 -8.385824e+00 3.019894e+00
1.364864e+01 -8.437064e+00 3.015750e+00
1.365863e+01 -8.463944e+00 3.011577e+00
1.366863e+01 -8.446194e+00 3.007374e+00
1.367863e+01 -8.465329e+00 3.003142e+00
1.368863e+01 -8.455409e+00 2.998880e+00
1.369863e+01 -8.585769e+00 2.994590e+00
1.370863e+01 -8.521537e+00 2.990270e+00
1.371863e+01 -8.576735e+00 2.985922e+00
1.372863e+01 -8.660668e+00 2.981545e+00
1.373863e+01 -8.684295e+00 2.977141e+00
1.374863e+01 -8.640033e+00 2.972709e+00
1.375862e+01 -8.576267e+00 2.968249e+00
1.376862e+01 -8.617913e+00 2.963762e+00
1.377862e+01 -8.648888e+00 2.959248e+00
1.378862e+01 -8.588440e+00 2.954707e+00
1.379862e+01 -8.518336e+00 2.950140e+00
1.380862e+01 -8.515697e+00 2.945547e+00
1.381862e+01 -8.614678e+00 2.940928e+00
1.382862e+01 -8.529223e+00 2.936283e+00
1.383862e+01 -8.481474e+00 2.931613e+00
1.384862e+01 -8.415005e+00 2.926918e+00
1.385861e+01 -8.421034e+00 2.922198e+00
1.386861e+01 -8.367787e+00 2.917454e+00
1.387861e+01 -8.342679e+00 2.912686e+00
1.388861e+01 -8.239645e+00 2.907894e+00
1.389861e+01 -8.240776e+00 2.903079e+00
1.390861e+01 -8.251294e+00 2.898240e+00
1.391861e+01 -8.238513e+00 2.893379e+00
1.392861e+01 -8.160407e+00 2.888495e+00
1.393861e+01 -8.059263e+00 2.883589e+00
1.394861e+01 -8.031203e+00 2.878661e+00
1.395860e+01 -7.991911e+00 2.873711e+00
1.396860e+01 -7.920628e+00 2.868740e+00
1.397860e+01 -7.765670e+00 2.863749e+00
1.398860e+01 -7.755718e+00 2.858737e+00
1.399860e+01 -7.640021e+00 2.853704e+00
1.400860e+01 -7.675725e+00 2.848652e+00
1.401860e+01 -7.614642e+00 2.843580e+00
1.402860e+01 -7.488987e+00 2.838490e+00
1.403860e+01 -7.457944e+00 2.833380e+00
1.404860e+01 -7.453966e+00 2.828252e+00
1.405859e+01 -7.371318e+00 2.823106e+00
1.406859e+01 -7.373383e+00 2.817942e+00
1.407859e+01 -7.274349e+00 2.812761e+00
1.408859e+01 -7.077424e+00 2.807562e+00
1.409859e+01 -7.098249e+00 2.802347e+00
1.410859e+01 -7.214689e+00 2.797116e+00
1.411859e+01 -7.006412e+00 2.791869e+00
1.412859e+01 -7.115625e+00 2.786607e+00
1.413859e+01 -6.938377e+00 2.781329e+00
1.414859e+01 -7.022043e+00 2.776036e+00
1.415858e+01 -6.953767e+00 2.770729e+00
1.416858e+01 -6.952251e+00 2.765408e+00
1.417858e+01 -6.893126e+00 2.760073e+00
1.418858e+01 -6.850581e+00 2.754725e+00
1.419858e+01 -6.781623e+00 2.749365e+00
1.420858e+01 -6.878675e+00 2.743991e+00
1.421858e+01 -6.806441e+00 2.738606e+00
1.422858e+01 -6.794635e+00 2.733208e+00
1.423858e+01 -6.840663e+00 2.727800e+00
1.424858e+01 -6.761404e+00 2.722380e+00
1.425857e+01 -6.851490e+00 2.716950e+00
1.426857e+01 -6.893041e+00 2.711510e+00
1.427857e+01 -6.826332e+00 2.706059e+00
1.428857e+01 -6.795659e+00 2.700600e+00
1.429857e+01 -6.839314e+00 2.695131e+00
1.430857e+01 -6.843487e+00 2.689654e+00
1.431857e+01 -6.898587e+00 2.684169e+00
1.432857e+01 -7.095531e+00 2.678675e+00
1.433857e+01 -6.963736e+00 2.673175e+00
1.434857e+01 -6.987805e+00 2.667667e+00
1.435856e+01 -7.081030e+00 2.662152e+00
1.436856e+01 -7.044935e+00 2.656631e+00
1.437856e+01 -7.160545e+00 2.651105e+00
1.438856e+01 -7.213527e+00 2.645573e+00
1.439856e+01 -7.179505e+00 2.640035e+00
1.440856e+01 -7.224942e+00 2.634493e+00
1.441856e+01 -7.432066e+00 2.628947e+00
1.442856e+01 -7.488625e+00 2.623397e+00
1.443856e+01 -7.522576e+00 2.617843e+00
1.444856e+01 -7.527535e+00 2.612286e+00
1.445855e+01 -7.606754e+00 2.606727e+00
1.446855e+01 -7.674117e+00 2.601164e+00
1.447855e+01 -7.739438e+00 2.595600e+00
1.448855e+01 -7.747010e+00 2.590035e+00
1.449855e+01 -7.828850e+00 2.584468e+00
1.450855e+01 -7.894443e+00 2.578900e+00
1.451855e+01 -8.141155e+00 2.573332e+00
1.452855e+01 -8.126234e+00 2.567764e+00
1.453855e+01 -8.161555e+00 2.562196e+00
1.454855e+01 -8.231782e+00 2.556629e+00
1.455854e+01 -8.310304e+00 2.551062e+00
1.456854e+01 -8.337784e+00 2.545498e+00
1.457854e+01 -8.397985e+00 2.539935e+00
1.458854e+01 -8.442905e+00 2.534374e+00
1.459854e+01 -8.532742e+00 2.528816e+00
1.460854e+01 -8.508506e+00 2.523260e+00
1.461854e+01 -8.606922e+00 2.517708e+00
1.462854e+01 -8.644891e+00 2.512160e+00
1.463854e+01 -8.693868e+00 2.506616e+00
1.464854e+01 -8.788863e+00 2.501076e+00
1.465853e+01 -8.866193e+00 2.495541e+00
1.466853e+01 -8.830617e+00 2.490011e+00
1.467853e+01 -8.912504e+00 2.484486e+00
1.468853e+01 -8.926881e+00 2.478968e+00
1.469853e+01 -8.829262e+00 2.473455e+00
1.470853e+01 -8.898815e+00 2.467949e+00
1.471853e+01 -8.963698e+00 2.462450e+00
1.472853e+01 -8.909377e+00 2.456958e+00
1.473853e+01 -9.108164e+00 2.451474e+00
1.474853e+01 -8.927020e+00 2.445997e+00
1.475852e+01 -9.041331e+00 2.440529e+00
1.476852e+01 -8.926913e+00 2.435070e+00
1.477852e+01 -8.936265e+00 2.429619e+00
1.478852e+01 -9.000206e+00 2.424178e+00
1.479852e+01 -9.008396e+00 2.418746e+00
1.480852e+01 -8.911238e+00 2.413325e+00
1.481852e+01 -8.845592e+00 2.407913e+00
1.482852e+01 -8.977582e+00 2.402512e+00
1.483852e+01 -8.902698e+00 2.397122e+00
1.484852e+01 -8.817543e+00 2.391744e+00
1.485851e+01 -8.807667e+00 2.386377e+00
1.486851e+01 -8.695757e+00 2.381022e+00
1.487851e+01 -8.761771e+00 2.375679e+00
1.488851e+01 -8.629201e+00 2.370348e+00
1.489851e+01 -8.570583e+00 2.365031e+00
1.490851e+01 -8.599740e+00 2.359726e+00
1.491851e+01 -8.505233e+00 2.354435e+00
1.492851e+01 -8.520095e+00 2.349158e+00
1.493851e+01 -8.459249e+00 2.343895e+00
1.494851e+01 -8.328416e+00 2.338646e+00
1.495850e+01 -8.348288e+00 2.333412e+00
1.496850e+01 -8.224605e+00 2.328193e+00
1.497850e+01 -8.251243e+00 2.322989e+00
1.498850e+01 -8.220338e+00 2.317800e+00
1.499850e+01 -8.113496e+00 2.312628e+00
1.500850e+01 -8.094122e+00 2.307471e+00
1.501850e+01 -8.007474e+00 2.302331e+00
1.502850e+01 -7.965788e+00 2.297208e+00
1.503850e+01 -7.875602e+00 2.292102e+00
1.504850e+01 -7.743624e+00 2.287013e+00
1.505849e+01 -7.688361e+00 2.281941e+00
1.506849e+01 -7.720953e+00 2.276887e+00
1.507849e+01 -7.673466e+00 2.271852e+00
1.508849e+01 -7.646795e+00 2.266834e+00
1.509849e+01 -7.459948e+00 2.261836e+00
1.510849e+01 -7.525871e+00 2.256856e+00
1.511849e+01 -7.384963e+00 2.251895e+00
1.512849e+01 -7.372632e+00 2.246954e+00
1.513849e+01 -7.354152e+00 2.242033e+00
1.514849e+01 -7.389353e+00 2.237131e+00
1.515848e+01 -7.314926e+00 2.232250e+00
1.516848e+01 -7.294056e+00 2.227389e+00
1.517848e+01 -7.289902e+00 2.222549e+00
1.518848e+01 -7.257877e+00 2.217729e+00
1.519848e+01 -7.234718e+00 2.212931e+00
1.520848e+01 -7.162630e+00 2.208155e+00
1.521848e+01 -7.158758e+00 2.203400e+00
1.522848e+01 -7.199241e+00 2.198667e+00
1.523848e+01 -7.212916e+00 2.193956e+00
1.524848e+01 -7.155459e+00 2.189268e+00
1.525847e+01 -7.100569e+00 2.184602e+00
1.526847e+01 -7.177288e+00 2.179959e+00
1.527847e+01 -7.134552e+00 2.175340e+00
1.528847e+01 -7.199083e+00 2.170743e+00
1.529847e+01 -7.208429e+00 2.166170e+00
1.530847e+01 -7.226561e+00 2.161621e+00
1.531847e+01 -7.282069e+00 2.157097e+00
1.532847e+01 -7.455339e+00 2.152596e+00
1.533847e+01 -7.291156e+00 2.148120e+00
1.534847e+01 -7.431677e+00 2.143668e+00
1.535846e+01 -7.441972e+00 2.139242e+00
1.536846e+01 -7.494536e+00 2.134840e+00
1.537846e+01 -7.556129e+00 2.130464e+00
1.538846e+01 -7.543934e+00 2.126114e+00
1.539846e+01 -7.655155e+00 2.121789e+00
1.540846e+01 -7.692292e+00 2.117490e+00
1.541846e+01 -7.798479e+00 2.113218e+00
1.542846e+01 -7.885347e+00 2.108972e+00
1.543846e+01 -7.869057e+00 2.104752e+00
1.544846e+01 -7.905425e+00 2.100559e+00
1.545845e+01 -7.969628e+00 2.096394e+00
1.546845e+01 -8.083484e+00 2.092255e+00
1.547845e+01 -8.065311e+00 2.088144e+00
1.548845e+01 -8.163693e+00 2.084060e+00
1.549845e+01 -8.260713e+00 2.080005e+00
1.550845e+01 -8.301999e+00 2.075977e+00
1.551845e+01 -8.426442e+00 2.071977e+00
1.552845e+01 -8.525488e+00 2.068006e+00
1.553845e+01 -8.518406e+00 2.064063e+00
1.554845e+01 -8.661392e+00 2.060150e+00
1.555844e+01 -8.618334e+00 2.056265e+00
1.556844e+01 -8.704817e+00 2.052409e+00
1.557844e+01 -8.738423e+00 2.048582e+00
1.558844e+01 -8.858734e+00 2.044785e+00
1.559844e+01 -8.952512e+00 2.041017e+00
1.560844e+01 -8.856919e+00 2.037280e+00
1.561844e+01 -9.027780e+00 2.033572e+00
1.562844e+01 -9.030912e+00 2.029894e+00
1.563844e+01 -9.039654e+00 2.026247e+00
1.564844e+01 -9.132633e+00 2.022630e+00
1.565843e+01 -9.238109e+00 2.019044e+00
1.566843e+01 -9.240994e+00 2.015489e+00
1.567843e+01 -9.339202e+00 2.011965e+00
1.568843e+01 -9.300015e+00 2.008472e+00
1.569843e+01 -9.274100e+00 2.005010e+00
1.570843e+01 -9.313446e+00 2.001580e+00
1.571843e+01 -9.385610e+00 1.998181e+00
1.572843e+01 -9.379874e+00 1.994815e+00
1.573843e+01 -9.375309e+00 1.991480e+00
1.574843e+01 -9.389148e+00 1.988177e+00
1.575842e+01 -9.347289e+00 1.984907e+00
1.576842e+01 -9.330916e+00 1.981669e+00
1.577842e+01 -9.329077e+00 1.978463e+00
1.578842e+01 -9.363171e+00 1.975290e+00
1.579842e+01 -9.377786e+00 1.972150e+00
1.580842e+01 -9.272513e+00 1.969044e+00
1.581842e+01 -9.395193e+00 1.965970e+00
1.582842e+01 -9.186111e+00 1.962929e+00
1.583842e+01 -9.197150e+00 1.959922e+00
1.584842e+01 -9.228217e+00 1.956949e+00
1.585841e+01 -9.163769e+00 1.954009e+00
1.586841e+01 -9.192897e+00 1.951103e+00
1.587841e+01 -9.074531e+00 1.948231e+00
1.588841e+01 -9.010579e+00 1.945393e+00
1.589841e+01 -8.973913e+00 1.942589e+00
1.590841e+01 -9.002368e+00 1.939820e+00
1.591841e+01 -8.846693e+00 1.937085e+00
1.592841e+01 -8.900621e+00 1.934385e+00
1.593841e+01 -8.821994e+00 1.931720e+00
1.594841e+01 -8.663278e+00 1.929089e+00
1.595840e+01 -8.705271e+00 1.926494e+00
1.596840e+01 -8.612373e+00 1.923933e+00
1.597840e+01 -8.508174e+00 1.921408e+00
1.598840e+01 -8.615568e+00 1.918918e+00
1.599840e+01 -8.414653e+00 1.916463e+00
1.600840e+01 -8.394645e+00 1.914045e+00
1.601840e+01 -8.318543e+00 1.911661e+00
1.602840e+01 -8.347204e+00 1.909314e+00
1.603840e+01 -8.156804e+00 1.907002e+00
1.604840e+01 -8.123380e+00 1.904727e+00
1.605839e+01 -8.105667e+00 1.902488e+00
1.606839e+01 -8.011015e+00 1.900285e+00
1.607839e+01 -8.018281e+00 1.898118e+00
1.608839e+01 -7.921723e+00 1.895988e+00
1.609839e+01 -7.887792e+00 1.893894e+00
1.610839e+01 -7.856184e+00 1.891837e+00
1.611839e+01 -7.800173e+00 1.889816e+00
1.612839e+01 -7.809752e+00 1.887833e+00
1.613839e+01 -7.684700e+00 1.885886e+00
1.614839e+01 -7.650289e+00 1.883976e+00
1.615838e+01 -7.669744e+00 1.882104e+00
1.616838e+01 -7.589327e+00 1.880269e+00
1.617838e+01 -7.529609e+00 1.878471e+00
1.618838e+01 -7.550827e+00 1.876710e+00
1.619838e+01 -7.651313e+00 1.874987e+00
1.620838e+01 -7.557725e+00 1.873301e+00
1.621838e+01 -7.513217e+00 1.871653e+00
1.622838e+01 -7.496936e+00 1.870043e+00
1.623838e+01 -7.519850e+00 1.868471e+00
1.624838e+01 -7.533264e+00 1.866936e+00
1.625837e+01 -7.535776e+00 1.865440e+00
1.626837e+01 -7.411364e+00 1.863981e+00
1.627837e+01 -7.517201e+00 1.862561e+00
1.628837e+01 -7.573460e+00 1.861179e+00
1.629837e+01 -7.605798e+00 1.859835e+00
1.630837e+01 -7.558217e+00 1.858529e+00
1.631837e+01 -7.635336e+00 1.857262e+00
1.632837e+01 -7.603478e+00 1.856033e+00
1.633837e+01 -7.718383e+00 1.854843e+00
1.634837e+01 -7.836556e+00 1.853692e+00
1.635836e+01 -7.713466e+00 1.852579e+00
1.636836e+01 -7.823281e+00 1.851505e+00
1.637836e+01 -7.936513e+00 1.850469e+00
1.638836e+01 -8.009738e+00 1.849473e+00
1.639836e+01 -8.030628e+00 1.848515e+00
1.640836e+01 -8.060783e+00 1.847597e+00
1.641836e+01 -8.002839e+00 1.846717e+00
1.642836e+01 -8.078503e+00 1.845876e+00
1.643836e+01 -8.274764e+00 1.845075e+00
1.644836e+01 -8.207877e+00 1.844313e+00
1.645835e+01 -8.316139e+00 1.843590e+00
1.646835e+01 -8.379926e+00 1.842906e+00
1.647835e+01 -8.509717e+00 1.842262e+00
1.648835e+01 -8.555437e+00 1.841657e+00
1.649835e+01 -8.503260e+00 1.841091e+00
1.650835e+01 -8.598962e+00 1.840565e+00
1.651835e+01 -8.699188e+00 1.840079e+00
1.652835e+01 -8.723748e+00 1.839632e+00
1.653835e+01 -8.940174e+00 1.839224e+00
1.654835e+01 -8.829247e+00 1.838857e+00
1.655834e+01 -8.925894e+00 1.838528e+00
1.656834e+01 -9.070756e+00 1.838240e+00
1.657834e+01 -9.147744e+00 1.837991e+00
1.658834e+01 -9.066321e+00 1.837782e+00
1.659834e+01 -9.237444e+00 1.837613e+00
1.660834e+01 -9.330304e+00 1.837484e+00
1.661834e+01 -9.264865e+00 1.837394e+00
1.662834e+01 -9.358586e+00 1.837345e+00
1.663834e+01 -9.425637e+00 1.837335e+00
1.664834e+01 -9.375209e+00 1.837365e+00
1.665833e+01 -9.491780e+00 1.837436e+00
1.666833e+01 -9.590870e+00 1.837546e+00
1.667833e+01 -9.624298e+00 1.837696e+00
1.668833e+01 -9.619808e+00 1.837886e+00
1.669833e+01 -9.608147e+00 1.838117e+00
1.670833e+01 -9.646127e+00 1.838387e+00
1.671833e+01 -9.648611e+00 1.838697e+00
1.672833e+01 -9.791426e+00 1.839048e+00
1.673833e+01 -9.748572e+00 1.839438e+00
1.674833e+01 -9.751388e+00 1.839869e+00
1.675832e+01 -9.716823e+00 1.840340e+00
1.676832e+01 -9.691207e+00 1.840851e+00
1.677832e+01 -9.773209e+00 1.841402e+00
1.678832e+01 -9.691998e+00 1.841993e+00
1.679832e+01 -9.599751e+00 1.842624e+00
1.680832e+01 -9.717712e+00 1.843296e+00
1.681832e+01 -9.652830e+00 1.844008e+00
1.682832e+01 -9.603453e+00 1.844760e+00
1.683832e+01 -9.608590e+00 1.845552e+00
1.684832e+01 -9.572916e+00 1.846384e+00
1.685831e+01 -9.414472e+00 1.847256e+00
1.686831e+01 -9.467579e+00 1.848169e+00
1.687831e+01 -9.455823e+00 1.849121e+00
1.688831e+01 -9.382463e+00 1.850114e+00
1.689831e+01 -9.353447e+00 1.851147e+00
1.690831e+01 -9.294845e+00 1.852220e+00
1.691831e+01 -9.225446e+00 1.853333e+00
1.692831e+01 -9.130514e+00 1.854487e+00
1.693831e+01 -9.035093e+00 1.855680e+00
1.694831e+01 -9.010608e+00 1.856914e+00
1.695830e+01 -8.967270e+00 1.858187e+00
1.696830e+01 -8.876624e+00 1.859501e+00
1.697830e+01 -8.927002e+00 1.860855e+00
1.698830e+01 -8.843014e+00 1.862249e+00
1.699830e+01 -8.740133e+00 1.863682e+00
1.700830e+01 -8.739085e+00 1.865156e+00
1.701830e+01 -8.609284e+00 1.866670e+00
1.702830e+01 -8.596173e+00 1.868224e+00
1.703830e+01 -8.629753e+00 1.869817e+00
1.704830e+01 -8.512084e+00 1.871451e+00
1.705829e+01 -8.464704e+00 1.873124e+00
1.706829e+01 -8.433327e+00 1.874838e+00
1.707829e+01 -8.298383e+00 1.876591e+00
1.708829e+01 -8.304543e+00 1.878384e+00
1.709829e+01 -8.207354e+00 1.880217e+00
1.710829e+01 -8.156295e+00 1.882089e+00
1.711829e+01 -8.155456e+00 1.884001e+00
1.712829e+01 -8.092914e+00 1.885953e+00
1.713829e+01 -8.082547e+00 1.887945e+00
1.714829e+01 -8.003142e+00 1.889976e+00
1.715828e+01 -7.996808e+00 1.892047e+00
1.716828e+01 -8.015010e+00 1.894157e+00
1.717828e+01 -7.842751e+00 1.896307e+00
1.718828e+01 -7.925428e+00 1.898496e+00
1.719828e+01 -7.889599e+00 1.900725e+00
1.720828e+01 -7.856260e+00 1.902993e+00
1.721828e+01 -7.811231e+00 1.905301e+00
1.722828e+01 -7.921337e+00 1.907647e+00
1.723828e+01 -7.747671e+00 1.910034e+00
1.724828e+01 -7.950156e+00 1.912459e+00
1.725827e+01 -7.821706e+00 1.914923e+00
1.726827e+01 -7.817231e+00 1.917427e+00
1.727827e+01 -7.837054e+00 1.919970e+00
1.728827e+01 -7.827650e+00 1.922552e+00
1.729827e+01 -7.876325e+00 1.925172e+00
1.730827e+01 -7.904268e+00 1.927832e+00
1.731827e+01 -7.997732e+00 1.930531e+00
1.732827e+01 -7.993231e+00 1.933268e+00
1.733827e+01 -7.949069e+00 1.936044e+00
1.734827e+01 -7.963052e+00 1.938859e+00
1.735826e+01 -8.111250e+00 1.941713e+00
1.736826e+01 -8.124145e+00 1.944605e+00
1.737826e+01 -8.223295e+00 1.947536e+00
1.738826e+01 -8.170153e+00 1.950505e+00
1.739826e+01 -8.302537e+00 1.953513e+00
1.740826e+01 -8.282635e+00 1.956559e+00
1.741826e+01 -8.349812e+00 1.959644e+00
1.742826e+01 -8.430527e+00 1.962767e+00
1.743826e+01 -8.456972e+00 1.965928e+00
1.744826e+01 -8.556214e+00 1.969127e+00
1.745825e+01 -8.551562e+00 1.972364e+00
1.746825e+01 -8.734409e+00 1.975639e+00
1.747825e+01 -8.783910e+00 1.978953e+00
1.748825e+01 -8.798364e+00 1.982304e+00
1.749825e+01 -8.877838e+00 1.985693e+00
1.750825e+01 -8.967190e+00 1.989119e+00
1.751825e+01 -9.052766e+00 1.992584e+00
1.752825e+01 -9.035680e+00 1.996086e+00
1.753825e+01 -9.148941e+00 1.999625e+00
1.754825e+01 -9.248606e+00 2.003202e+00
1.755824e+01 -9.303508e+00 2.006817e+00
1.756824e+01 -9.353008e+00 2.010469e+00
1.757824e+01 -9.460241e+00 2.014158e+00
1.758824e+01 -9.529246e+00 2.017884e+00
1.759824e+01 -9.558122e+00 2.021647e+00
1.760824e+01 -9.647412e+00 2.025448e+00
1.761824e+01 -9.607139e+00 2.029285e+00
1.762824e+01 -9.736391e+00 2.033159e+00
1.763824e+01 -9.770569e+00 2.037070e+00
1.764824e+01 -9.807514e+00 2.041018e+00
1.765823e+01 -9.759359e+00 2.045002e+00
1.766823e+01 -9.857456e+00 2.049023e+00
1.767823e+01 -9.838959e+00 2.053081e+00
1.768823e+01 -9.843275e+00 2.057174e+00
1.769823e+01 -9.937153e+00 2.061304e+00
1.770823e+01 -1.000813e+01 2.065471e+00
1.771823e+01 -1.001390e+01 2.069673e+00
1.772823e+01 -9.941637e+00 2.073912e+00
1.773823e+01 -9.989789e+00 2.078186e+00
1.774823e+01 -1.002061e+01 2.082496e+00
1.775822e+01 -9.993453e+00 2.086842e+00
1.776822e+01 -9.896800e+00 2.091224e+00
1.777822e+01 -9.961705e+00 2.095642e+00
1.778822e+01 -9.914684e+00 2.100094e+00
1.779822e+01 -9.986036e+00 2.104583e+00
1.780822e+01 -1.001651e+01 2.109106e+00
1.781822e+01 -9.946434e+00 2.113665e+00
1.782822e+01 -9.853197e+00 2.118259e+00
1.783822e+01 -9.793716e+00 2.122888e+00
1.784822e+01 -9.877447e+00 2.127552e+00
1.785821e+01 -9.724319e+00 2.132251e+00
1.786821e+01 -9.794447e+00 2.136985e+00
1.787821e+01 -9.698631e+00 2.141753e+00
1.788821e+01 -9.659279e+00 2.146556e+00
1.789821e+01 -9.706481e+00 2.151393e+00
1.790821e+01 -9.494923e+00 2.156264e+00
1.791821e+01 -9.598593e+00 2.161170e+00
1.792821e+01 -9.448693e+00 2.166110e+00
1.793821e+01 -9.437507e+00 2.171084e+00
1.794821e+01 -9.423405e+00 2.176092e+00
1.795820e+01 -9.264610e+00 2.181133e+00
1.796820e+01 -9.359373e+00 2.186209e+00
1.797820e+01 -9.129949e+00 2.191318e+00
1.798820e+01 -9.013272e+00 2.196460e+00
1.799820e+01 -9.045267e+00 2.201636e+00
1.800820e+01 -8.942508e+00 2.206845e+00
1.801820e+01 -8.885231e+00 2.212088e+00
1.802820e+01 -8.873196e+00 2.217363e+00
1.803820e+01 -8.813554e+00 2.222671e+00
1.804820e+01 -8.772760e+00 2.228012e+00
1.805819e+01 -8.785113e+00 2.233386e+00
1.806819e+01 -8.691111e+00 2.238792e+00
1.807819e+01 -8.536979e+00 2.244231e+00
1.808819e+01 -8.507054e+00 2.249702e+00
1.809819e+01 -8.506202e+00 2.255205e+00
1.810819e+01 -8.409729e+00 2.260741e+00
1.811819e+01 -8.463816e+00 2.266308e+00
1.812819e+01 -8.292472e+00 2.271907e+00
1.813819e+01 -8.360280e+00 2.277538e+00
1.814819e+01 -8.297535e+00 2.283201e+00
1.815818e+01 -8.255359e+00 2.288895e+00
1.816818e+01 -8.126727e+00 2.294620e+00
1.817818e+01 -8.238767e+00 2.300377e+00
1.818818e+01 -8.263632e+00 2.306165e+00
1.819818e+01 -8.170788e+00 2.311983e+00
1.820818e+01 -8.131776e+00 2.317833e+00
1.821818e+01 -8.036355e+00 2.323713e+00
1.822818e+01 -8.050121e+00 2.329624e+00
1.823818e+01 -8.028683e+00 2.335565e+00
1.824818e+01 -8.079925e+00 2.341536e+00
1.825817e+01 -8.141431e+00 2.347538e+00
1.826817e+01 -8.141764e+00 2.353570e+00
1.827817e+01 -8.039145e+00 2.359631e+00
1.828817e+01 -8.121946e+00 2.365722e+00
1.829817e+01 -8.159311e+00 2.371843e+00
1.830817e+01 -8.192919e+00 2.377994e+00
1.831817e+01 -8.180742e+00 2.384173e+00
1.832817e+01 -8.256694e+00 2.390382e+00
1.833817e+01 -8.271189e+00 2.396620e+00
1.834817e+01 -8.329770e+00 2.402886e+00
1.835816e+01 -8.383252e+00 2.409182e+00
1.836816e+01 -8.409902e+00 2.415506e+00
1.837816e+01 -8.504508e+00 2.421858e+00
1.838816e+01 -8.473505e+00 2.428238e+00
1.839816e+01 -8.587930e+00 2.434647e+00
1.840816e+01 -8.606213e+00 2.441084e+00
1.841816e+01 -8.732109e+00 2.447548e+00
1.842816e+01 -8.736461e+00 2.454040e+00
1.843816e+01 -8.875568e+00 2.460560e+00
1.844816e+01 -8.838027e+00 2.467107e+00
1.845815e+01 -9.030950e+00 2.473681e+00
1.846815e+01 -9.014349e+00 2.480282e+00
1.847815e+01 -9.082165e+00 2.486910e+00
1.848815e+01 -9.086442e+00 2.493564e+00
1.849815e+01 -9.132682e+00 2.500246e+00
1.850815e+01 -9.312321e+00 2.506953e+00
1.851815e+01 -9.294507e+00 2.513687e+00
1.852815e+01 -9.324438e+00 2.520446e+00
1.853815e+01 -9.477138e+00 2.527232e+00
1.854815e+01 -9.527277e+00 2.534043e+00
1.855814e+01 -9.624361e+00 2.540879e+00
1.856814e+01 -9.595639e+00 2.547741e+00
1.857814e+01 -9.649524e+00 2.554628e+00
1.858814e+01 -9.722229e+00 2.561540e+00
1.859814e+01 -9.802990e+00 2.568477e+00
1.860814e+01 -9.766550e+00 2.575438e+00
1.861814e+01 -9.939289e+00 2.582424e+00
1.862814e+01 -9.934271e+00 2.589434e+00
1.863814e+01 -9.978594e+00 2.596468e+00
1.864814e+01 -1.009518e+01 2.603526e+00
1.865813e+01 -9.986921e+00 2.610607e+00
1.866813e+01 -1.005432e+01 2.617712e+00
1.867813e+01 -1.008419e+01 2.624840e+00
1.868813e+01 -1.018029e+01 2.631992e+00
1.869813e+01 -1.010761e+01 2.639166e+00
1.870813e+01 -1.024207e+01 2.646363e+00
1.871813e+01 -1.018064e+01 2.653582e+00
1.872813e+01 -1.016353e+01 2.660824e+00
1.873813e+01 -1.026862e+01 2.668088e+00
1.874813e+01 -1.026028e+01 2.675374e+00
1.875812e+01 -1.037351e+01 2.682682e+00
1.876812e+01 -1.026587e+01 2.690011e+00
1.877812e+01 -1.020949e+01 2.697361e+00
1.878812e+01 -1.020487e+01 2.704733e+00
1.879812e+01 -1.018766e+01 2.712125e+00
1.880812e+01 -1.011606e+01 2.719538e+00
1.881812e+01 -1.026944e+01 2.726972e+00
1.882812e+01 -1.013572e+01 2.734425e+00
1.883812e+01 -1.008918e+01 2.741899e+00
1.884812e+01 -1.010521e+01 2.749393e+00
1.885811e+01 -1.007902e+01 2.756906e+00
1.886811e+01 -9.965436e+00 2.764439e+00
1.887811e+01 -1.001570e+01 2.771991e+00
1.888811e+01 -9.849145e+00 2.779562e+00
1.889811e+01 -9.942338e+00 2.787151e+00
1.890811e+01 -9.839107e+00 2.794759e+00
1.891811e+01 -9.708430e+00 2.802386e+00
1.892811e+01 -9.692739e+00 2.810030e+00
1.893811e+01 -9.608251e+00 2.817693e+00
1.894811e+01 -9.552348e+00 2.825373e+00
1.895810e+01 -9.539516e+00 2.833070e+00
1.896810e+01 -9.532301e+00 2.840785e+00
1.897810e+01 -9.392441e+00 2.848516e+00
1.898810e+01 -9.420132e+00 2.856264e+00
1.899810e+01 -9.415407e+00 2.864029e+00
1.900810e+01 -9.281907e+00 2.871809e+00
1.901810e+01 -9.185505e+00 2.879606e+00
1.902810e+01 -9.131953e+00 2.887419e+00
1.903810e+01 -9.069126e+00 2.895247e+00
1.904810e+01 -8.967785e+00 2.903090e+00
1.905809e+01 -8.926790e+00 2.910948e+00
1.906809e+01 -8.868271e+00 2.918821e+00
1.907809e+01 -8.824857e+00 2.926709e+00
1.908809e+01 -8.815433e+00 2.934610e+00
1.909809e+01 -8.738625e+00 2.942526e+00
1.910809e+01 -8.753819e+00 2.950456e+00
1.911809e+01 -8.628706e+00 2.958399e+00
1.912809e+01 -8.511331e+00 2.966355e+00
1.913809e+01 -8.563879e+00 2.974325e+00
1.914809e+01 -8.462005e+00 2.982307e+00
1.915808e+01 -8.397225e+00 2.990302e+00
1.916808e+01 -8.514473e+00 2.998309e+00
1.917808e+01 -8.554573e+00 3.006328e+00
1.918808e+01 -8.430392e+00 3.014358e+00
1.919808e+01 -8.347762e+00 3.022400e+00
1.920808e+01 -8.396190e+00 3.030454e+00
1.921808e+01 -8.388213e+00 3.038518e+00
1.922808e+01 -8.305736e+00 3.046593e+00
1.923808e+01 -8.382340e+00 3.054678e+00
1.924808e+01 -8.340226e+00 3.062774e+00
1.925807e+01 -8.387863e+00 3.070879e+00
1.926807e+01 -8.486732e+00 3.078994e+00
1.927807e+01 -8.404092e+00 3.087118e+00
1.928807e+01 -8.383950e+00 3.095252e+00
1.929807e+01 -8.374227e+00 3.103394e+00
1.930807e+01 -8.488368e+00 3.111545e+00
1.931807e+01 -8.448714e+00 3.119704e+00
1.932807e+01 -8.425492e+00 3.127871e+00
1.933807e+01 -8.547743e+00 3.136045e+00
1.934807e+01 -8.596614e+00 3.144227e+00
1.935806e+01 -8.601432e+00 3.152416e+00
1.936806e+01 -8.600917e+00 3.160612e+00
1.937806e+01 -8.677088e+00 3.168815e+00
1.938806e+01 -8.729849e+00 3.177024e+00
1.939806e+01 -8.805396e+00 3.185239e+00
1.940806e+01 -8.865738e+00 3.193460e+00
1.941806e+01 -8.927270e+00 3.201686e+00
1.942806e+01 -8.854627e+00 3.209917e+00
1.943806e+01 -9.006281e+00 3.218153e+00
1.944806e+01 -9.081237e+00 3.226394e+00
1.945805e+01 -9.110288e+00 3.234639e+00
1.946805e+01 -9.173977e+00 3.242888e+00
1.947805e+01 -9.264930e+00 3.251141e+00
1.948805e+01 -9.392573e+00 3.259397e+00
1.949805e+01 -9.425889e+00 3.267657e+00
1.950805e+01 -9.536310e+00 3.275919e+00
1.951805e+01 -9.514709e+00 3.284184e+00
1.952805e+01 -9.497508e+00 3.292451e+00
1.953805e+01 -9.703239e+00 3.300720e+00
1.954805e+01 -9.677240e+00 3.308991e+00
1.955804e+01 -9.791735e+00 3.317264e+00
1.956804e+01 -9.821244e+00 3.325537e+00
1.957804e+01 -9.927908e+00 3.333811e+00
1.958804e+01 -9.963029e+00 3.342086e+00
1.959804e+01 -9.981609e+00 3.350361e+00
1.960804e+01 -1.002299e+01 3.358636e+00
1.961804e+01 -1.004909e+01 3.366911e+00
1.962804e+01 -1.012267e+01 3.375185e+00
1.963804e+01 -1.017705e+01 3.383458e+00
1.964804e+01 -1.025669e+01 3.391730e+00
1.965803e+01 -1.030482e+01 3.400000e+00
1.966803e+01 -1.029064e+01 3.408269e+00
1.967803e+01 -1.043611e+01 3.416535e+00
1.968803e+01 -1.042823e+01 3.424799e+00
1.969803e+01 -1.034184e+01 3.433060e+00
1.970803e+01 -1.043795e+01 3.441318e+00
1.971803e+01 -1.044399e+01 3.449573e+00
1.972803e+01 -1.049812e+01 3.457825e+00
1.973803e+01 -1.038183e+01 3.466072e+00
1.974803e+01 -1.051955e+01 3.474316e+00
1.975802e+01 -1.041541e+01 3.482554e+00
1.976802e+01 -1.045591e+01 3.490788e+00
1.977802e+01 -1.048886e+01 3.499017e+00
1.978802e+01 -1.040659e+01 3.507241e+00
1.979802e+01 -1.049682e+01 3.515459e+00
1.980802e+01 -1.041193e+01 3.523671e+00
1.981802e+01 -1.046191e+01 3.531877e+00
1.982802e+01 -1.034245e+01 3.540076e+00
1.983802e+01 -1.020552e+01 3.548268e+00
1.984802e+01 -1.024499e+01 3.556454e+00
1.985801e+01 -1.034706e+01 3.564631e+00
1.986801e+01 -1.017828e+01 3.572801e+00
1.987801e+01 -1.022660e+01 3.580963e+00
1.988801e+01 -1.015212e+01 3.589117e+00
1.989801e+01 -1.015287e+01 3.597262e+00
1.990801e+01 -1.003418e+01 3.605399e+00
1.991801e+01 -9.989193e+00 3.613526e+00
1.992801e+01 -9.980481e+00 3.621643e+00
1.993801e+01 -9.853740e+00 3.629751e+00
1.994801e+01 -9.795006e+00 3.637849e+00
1.995800e+01 -9.757203e+00 3.645937e+00
1.996800e+01 -9.627319e+00 3.654014e+00
1.997800e+01 -9.644762e+00 3.662080e+00
1.998800e+01 -9.442259e+00 3.670135e+00
1.999800e+01 -9.650489e+00 3.678178e+00
2.000800e+01 -9.434273e+00 3.686210e+00
2.001800e+01 -9.396084e+00 3.694229e+00
2.002800e+01 -9.319137e+00 3.702236e+00
2.003800e+01 -9.230062e+00 3.710231e+00
2.004800e+01 -9.213751e+00 3.718213e+00
2.005799e+01 -9.197869e+00 3.726181e+00
2.006799e+01 -9.054701e+00 3.734137e+00
2.007799e+01 -9.105698e+00 3.742078e+00
2.008799e+01 -8.964829e+00 3.750006e+00
2.009799e+01 -8.966019e+00 3.757919e+00
2.010799e+01 -8.890830e+00 3.765817e+00
2.011799e+01 -8.940031e+00 3.773701e+00
2.012799e+01 -8.788714e+00 3.781570e+00
2.013799e+01 -8.787746e+00 3.789424e+00
2.014799e+01 -8.697820e+00 3.797261e+00
2.015798e+01 -8.708402e+00 3.805083e+00
2.016798e+01 -8.714372e+00 3.812889e+00
2.017798e+01 -8.668777e+00 3.820679e+00
2.018798e+01 -8.648443e+00 3.828451e+00
2.019798e+01 -8.675562e+00 3.836207e+00
2.020798e+01 -8.607029e+00 3.843946e+00
2.021798e+01 -8.500908e+00 3.851667e+00
2.022798e+01 -8.563060e+00 3.859370e+00
2.023798e+01 -8.508506e+00 3.867056e+00
2.024798e+01 -8.520971e+00 3.874723e+00
2.025797e+01 -8.548311e+00 3.882371e+00
2.026797e+01 -8.489104e+00 3.890001e+00
2.027797e+01 -8.617736e+00 3.897612e+00
2.028797e+01 -8.635856e+00 3.905204e+00
2.029797e+01 -8.597051e+00 3.912776e+00
2.030797e+01 -8.602049e+00 3.920329e+00
2.031797e+01 -8.723447e+00 3.927862e+00
2.032797e+01 -8.724250e+00 3.935374e+00
2.033797e+01 -8.784243e+00 3.942866e+00
2.034797e+01 -8.845498e+00 3.950337e+00
2.035796e+01 -8.840845e+00 3.957787e+00
2.036796e+01 -8.836781e+00 3.965216e+00
2.037796e+01 -8.855997e+00 3.972624e+00
2.038796e+01 -8.918954e+00 3.980010e+00
2.039796e+01 -8.955338e+00 3.987375e+00
2.040796e+01 -9.158890e+00 3.994717e+00
2.041796e+01 -9.111708e+00 4.002037e+00
2.042796e+01 -9.123475e+00 4.009334e+00
2.043796e+01 -9.242607e+00 4.016609e+00
2.044796e+01 -9.287118e+00 4.023860e+00
2.045795e+01 -9.370589e+00 4.031089e+00
2.046795e+01 -9.421739e+00 4.038294e+00
2.047795e+01 -9.454086e+00 4.045475e+00
2.048795e+01 -9.434397e+00 4.052632e+00
2.049795e+01 -9.491554e+00 4.059766e+00
2.050795e+01 -9.680763e+00 4.066875e+00
2.051795e+01 -9.709351e+00 4.073960e+00
2.052795e+01 -9.788684e+00 4.081020e+00
2.053795e+01 -9.811312e+00 4.088055e+00
2.054795e+01 -9.865417e+00 4.095065e+00
2.055794e+01 -9.941912e+00 4.102050e+00
2.056794e+01 -1.007195e+01 4.109010e+00
2.057794e+01 -1.009207e+01 4.115943e+00
2.058794e+01 -1.025056e+01 4.122851e+00
2.059794e+01 -1.024161e+01 4.129733e+00
2.060794e+01 -1.024421e+01 4.136589e+00
2.061794e+01 -1.019175e+01 4.143418e+00
2.062794e+01 -1.038405e+01 4.150221e+00
2.063794e+01 -1.034462e+01 4.156997e+00
2.064794e+01 -1.046379e+01 4.163745e+00
2.065793e+01 -1.050826e+01 4.170467e+00
2.066793e+01 -1.054967e+01 4.177162e+00
2.067793e+01 -1.056844e+01 4.183829e+00
2.068793e+01 -1.052383e+01 4.190468e+00
2.069793e+01 -1.051773e+01 4.197079e+00
2.070793e+01 -1.056422e+01 4.203663e+00
2.071793e+01 -1.050526e+01 4.210218e+00
2.072793e+01 -1.066748e+01 4.216745e+00
2.073793e+01 -1.063187e+01 4.223244e+00
2.074793e+01 -1.072893e+01 4.229713e+00
2.075792e+01 -1.067378e+01 4.236154e+00
2.076792e+01 -1.062857e+01 4.242567e+00
2.077792e+01 -1.068623e+01 4.248950e+00
2.078792e+01 -1.056744e+01 4.255303e+00
2.079792e+01 -1.068112e+01 4.261628e+00
2.080792e+01 -1.059114e+01 4.267923e+00
2.081792e+01 -1.060155e+01 4.274188e+00
2.082792e+01 -1.054962e+01 4.280423e+00
2.083792e+01 -1.051705e+01 4.286629e+00
2.084792e+01 -1.045581e+01 4.292804e+00
2.085791e+01 -1.042294e+01 4.298949e+00
2.086791e+01 -1.041816e+01 4.305064e+00
2.087791e+01 -1.045036e+01 4.311148e+00
2.088791e+01 -1.033113e+01 4.317202e+00
2.089791e+01 -1.026089e+01 4.323225e+00
2.090791e+01 -1.021978e+01 4.329217e+00
2.091791e+01 -1.025124e+01 4.335178e+00
2.092791e+01 -1.014345e+01 4.341108e+00
2.093791e+01 -1.014220e+01 4.347007e+00
2.094791e+01 -1.008731e+01 4.352874e+00
2.095790e+01 -9.888637e+00 4.358710e+00
2.096790e+01 -9.927592e+00 4.364515e+00
2.097790e+01 -9.815346e+00 4.370287e+00
2.098790e+01 -9.786504e+00 4.376029e+00
2.099790e+01 -9.731070e+00 4.381738e+00
2.100790e+01 -9.700430e+00 4.387415e+00
2.101790e+01 -9.581563e+00 4.393060e+00
2.102790e+01 -9.550236e+00 4.398673e+00
2.103790e+01 -9.447934e+00 4.404254e+00
2.104790e+01 -9.353811e+00 4.409802e+00
2.105789e+01 -9.277120e+00 4.415318e+00
2.106789e+01 -9.357247e+00 4.420802e+00
2.107789e+01 -9.194439e+00 4.426253e+00
2.108789e+01 -9.154519e+00 4.431671e+00
2.109789e+01 -9.203099e+00 4.437056e+00
2.110789e+01 -9.148987e+00 4.442409e+00
2.111789e+01 -8.947752e+00 4.447728e+00
2.112789e+01 -8.917609e+00 4.453015e+00
2.113789e+01 -8.917566e+00 4.458269e+00
2.114789e+01 -8.895197e+00 4.463489e+00
2.115788e+01 -8.803653e+00 4.468676e+00
2.116788e+01 -8.847994e+00 4.473830e+00
2.117788e+01 -8.811305e+00 4.478951e+00
2.118788e+01 -8.714547e+00 4.484038e+00
2.119788e+01 -8.756896e+00 4.489091e+00
2.120788e+01 -8.758228e+00 4.494111e+00
2.121788e+01 -8.816401e+00 4.499098e+00
2.122788e+01 -8.657434e+00 4.504051e+00
2.123788e+01 -8.719581e+00 4.508970e+00
2.124788e+01 -8.723100e+00 4.513855e+00
2.125787e+01 -8.674019e+00 4.518707e+00
2.126787e+01 -8.685702e+00 4.523525e+00
2.127787e+01 -8.754314e+00 4.528309e+00
2.128787e+01 -8.720108e+00 4.533058e+00
2.129787e+01 -8.840301e+00 4.537774e+00
2.130787e+01 -8.835991e+00 4.542456e+00
2.131787e+01 -8.777216e+00 4.547104e+00
2.132787e+01 -8.845664e+00 4.551718e+00
2.133787e+01 -8.900622e+00 4.556297e+00
2.134787e+01 -8.902357e+00 4.560843e+00
2.135786e+01 -8.984057e+00 4.565354e+00
2.136786e+01 -9.077885e+00 4.569831e+00
2.137786e+01 -9.052535e+00 4.574274e+00
2.138786e+01 -9.052782e+00 4.578682e+00
2.139786e+01 -9.109153e+00 4.583056e+00
2.140786e+01 -9.310610e+00 4.587396e+00
2.141786e+01 -9.247693e+00 4.591702e+00
2.142786e+01 -9.299322e+00 4.595973e+00
2.143786e+01 -9.351674e+00 4.600210e+00
2.144786e+01 -9.384110e+00 4.604412e+00
2.145785e+01 -9.525360e+00 4.608580e+00
2.146785e+01 -9.575232e+00 4.612713e+00
2.147785e+01 -9.582018e+00 4.616812e+00
2.148785e+01 -9.682827e+00 4.620877e+00
2.149785e+01 -9.717786e+00 4.624907e+00
2.150785e+01 -9.773248e+00 4.628902e+00
2.151785e+01 -9.923938e+00 4.632864e+00
2.152785e+01 -9.868063e+00 4.636790e+00
2.153785e+01 -9.963764e+00 4.640682e+00
2.154785e+01 -1.007988e+01 4.644540e+00
2.155784e+01 -1.007367e+01 4.648363e+00
2.156784e+01 -1.014295e+01 4.652152e+00
2.157784e+01 -1.022132e+01 4.655906e+00
2.158784e+01 -1.032874e+01 4.659626e+00
2.159784e+01 -1.039000e+01 4.663312e+00
2.160784e+01 -1.042521e+01 4.666962e+00
2.161784e+01 -1.056799e+01 4.670579e+00
2.162784e+01 -1.044118e+01 4.674161e+00
2.163784e+01 -1.051533e+01 4.677709e+00
2.164784e+01 -1.053551e+01 4.681222e+00
2.165783e+01 -1.058093e+01 4.684701e+00
2.166783e+01 -1.069259e+01 4.688145e+00
2.167783e+01 -1.072874e+01 4.691555e+00
2.168783e+01 -1.065624e+01 4.694931e+00
2.169783e+01 -1.077879e+01 4.698272e+00
2.170783e+01 -1.076450e+01 4.701580e+00
2.171783e+01 -1.075220e+01 4.704852e+00
2.172783e+01 -1.084627e+01 4.708091e+00
2.173783e+01 -1.080726e+01 4.711295e+00
2.174783e+01 -1.069484e+01 4.714466e+00
2.175782e+01 -1.083965e+01 4.717602e+00
2.176782e+01 -1.071874e+01 4.720704e+00
2.177782e+01 -1.084538e+01 4.723772e+00
2.178782e+01 -1.070650e+01 4.726805e+00
2.179782e+01 -1.072130e+01 4.729805e+00
2.180782e+01 -1.070892e+01 4.732771e+00
2.181782e+01 -1.076176e+01 4.735703e+00
2.182782e+01 -1.073245e+01 4.738600e+00
2.183782e+01 -1.066917e+01 4.741464e+00
2.184782e+01 -1.060122e+01 4.744294e+00
2.185781e+01 -1.061691e+01 4.747091e+00
2.186781e+01 -1.051782e+01 4.749853e+00
2.187781e+01 -1.053901e+01 4.752582e+00
2.188781e+01 -1.042859e+01 4.755277e+00
2.189781e+01 -1.035619e+01 4.757938e+00
2.190781e+01 -1.040276e+01 4.760566e+00
2.191781e+01 -1.027808e+01 4.763160e+00
2.192781e+01 -1.023497e+01 4.765721e+00
2.193781e+01 -1.024003e+01 4.768248e+00
2.194781e+01 -1.011835e+01 4.770742e+00
2.195780e+01 -1.002587e+01 4.773202e+00
2.196780e+01 -1.000119e+01 4.775629e+00
2.197780e+01 -9.958821e+00 4.778023e+00
2.198780e+01 -9.870506e+00 4.780384e+00
2.199780e+01 -9.831522e+00 4.782711e+00
2.200780e+01 -9.765201e+00 4.785006e+00
2.201780e+01 -9.827485e+00 4.787267e+00
2.202780e+01 -9.642287e+00 4.789495e+00
2.203780e+01 -9.610973e+00 4.791691e+00
2.204780e+01 -9.554318e+00 4.793853e+00
2.205779e+01 -9.387760e+00 4.795983e+00
2.206779e+01 -9.398120e+00 4.798080e+00
2.207779e+01 -9.391494e+00 4.800144e+00
2.208779e+01 -9.339570e+00 4.802176e+00
2.209779e+01 -9.309296e+00 4.804175e+00
2.210779e+01 -9.180139e+00 4.806141e+00
2.211779e+01 -9.176314e+00 4.808075e+00
2.212779e+01 -9.021757e+00 4.809977e+00
2.213779e+01 -9.123778e+00 4.811846e+00
2.214779e+01 -9.052170e+00 4.813683e+00
2.215778e+01 -9.021043e+00 4.815488e+00
2.216778e+01 -9.033970e+00 4.817261e+00
2.217778e+01 -8.880285e+00 4.819001e+00
2.218778e+01 -8.922180e+00 4.820710e+00
2.219778e+01 -8.912145e+00 4.822387e+00
2.220778e+01 -8.816237e+00 4.824032e+00
2.221778e+01 -8.855730e+00 4.825645e+00
2.222778e+01 -8.843320e+00 4.827226e+00
2.223778e+01 -8.766894e+00 4.828776e+00
2.224778e+01 -8.798690e+00 4.830294e+00
2.225777e+01 -8.836033e+00 4.831781e+00
2.226777e+01 -8.960371e+00 4.833236e+00
2.227777e+01 -8.897679e+00 4.834660e+00
2.228777e+01 -8.894354e+00 4.836053e+00
2.229777e+01 -8.912601e+00 4.837414e+00
2.230777e+01 -8.794588e+00 4.838745e+00
2.231777e+01 -8.908557e+00 4.840044e+00
2.232777e+01 -8.884897e+00 4.841312e+00
2.233777e+01 -9.096631e+00 4.842550e+00
2.234777e+01 -9.006152e+00 4.843756e+00
2.235776e+01 -9.095770e+00 4.844932e+00
2.236776e+01 -9.139665e+00 4.846078e+00
2.237776e+01 -9.143961e+00 4.847192e+00
2.238776e+01 -9.235201e+00 4.848277e+00
2.239776e+01 -9.253310e+00 4.849330e+00
2.240776e+01 -9.307720e+00 4.850354e+00
2.241776e+01 -9.369280e+00 4.851347e+00
2.242776e+01 -9.385753e+00 4.852310e+00
2.243776e+01 -9.482876e+00 4.853243e+00
2.244776e+01 -9.466163e+00 4.854146e+00
2.245775e+01 -9.668001e+00 4.855019e+00
2.246775e+01 -9.679939e+00 4.855863e+00
2.247775e+01 -9.731510e+00 4.856676e+00
2.248775e+01 -9.809761e+00 4.857460e+00
2.249775e+01 -9.901220e+00 4.858214e+00
2.250775e+01 -9.919851e+00 4.858939e+00
2.251775e+01 -1.002191e+01 4.859635e+00
2.252775e+01 -1.011732e+01 4.860301e+00
2.253775e+01 -1.011862e+01 4.860938e+00
2.254775e+01 -1.022080e+01 4.861546e+00
2.255774e+01 -1.022735e+01 4.862124e+00
2.256774e+01 -1.027499e+01 4.862674e+00
2.257774e+01 -1.036107e+01 4.863195e+00
2.258774e+01 -1.043163e+01 4.863687e+00
2.259774e+01 -1.051267e+01 4.864151e+00
2.260774e+01 -1.052749e+01 4.864586e+00
2.261774e+01 -1.049040e+01 4.864992e+00
2.262774e+01 -1.062515e+01 4.865370e+00
2.263774e+01 -1.061221e+01 4.865720e+00
2.264774e+01 -1.057002e+01 4.866041e+00
2.265773e+01 -1.069129e+01 4.866334e+00
2.266773e+01 -1.070561e+01 4.866600e+00
2.267773e+01 -1.079738e+01 4.866837e+00
2.268773e+01 -1.086952e+01 4.867046e+00
2.269773e+01 -1.092645e+01 4.867228e+00
2.270773e+01 -1.092507e+01 4.867382e+00
2.271773e+01 -1.083424e+01 4.867509e+00
2.272773e+01 -1.093938e+01 4.867608e+00
2.273773e+01 -1.090300e+01 4.867679e+00
2.274773e+01 -1.088967e+01 4.867723e+00
2.275772e+01 -1.090213e+01 4.867741e+00
2.276772e+01 -1.091281e+01 4.867731e+00
2.277772e+01 -1.095806e+01 4.867694e+00
2.278772e+01 -1.080044e+01 4.867630e+00
2.279772e+01 -1.095011e+01 4.867539e+00
2.280772e+01 -1.081900e+01 4.867422e+00
2.281772e+01 -1.079289e+01 4.867278e+00
2.282772e+01 -1.082570e+01 4.867107e+00
2.283772e+01 -1.069530e+01 4.866910e+00
2.284772e+01 -1.074114e+01 4.866687e+00
2.285771e+01 -1.067638e+01 4.866438e+00
2.286771e+01 -1.073631e+01 4.866162e+00
2.287771e+01 -1.055612e+01 4.865860e+00
2.288771e+01 -1.052687e+01 4.865533e+00
2.289771e+01 -1.046599e+01 4.865180e+00
2.290771e+01 -1.047647e+01 4.864801e+00
2.291771e+01 -1.045001e+01 4.864396e+00
2.292771e+01 -1.033382e+01 4.863966e+00
2.293771e+01 -1.028295e+01 4.863510e+00
2.294771e+01 -1.028828e+01 4.863029e+00
2.295770e+01 -1.025055e+01 4.862523e+00
2.296770e+01 -1.020024e+01 4.861992e+00
2.297770e+01 -1.004945e+01 4.861436e+00
2.298770e+01 -9.978804e+00 4.860855e+00
2.299770e+01 -9.895515e+00 4.860249e+00
2.300770e+01 -9.868375e+00 4.859618e+00
2.301770e+01 -9.742202e+00 4.858963e+00
2.302770e+01 -9.770328e+00 4.858283e+00
2.303770e+01 -9.669319e+00 4.857579e+00
2.304770e+01 -9.612260e+00 4.856850e+00
2.305769e+01 -9.556956e+00 4.856098e+00
2.306769e+01 -9.469817e+00 4.855321e+00
2.307769e+01 -9.432263e+00 4.854520e+00
2.308769e+01 -9.335171e+00 4.853696e+00
2.309769e+01 -9.347183e+00 4.852847e+00
2.310769e+01 -9.351067e+00 4.851975e+00
2.311769e+01 -9.207074e+00 4.851079e+00
2.312769e+01 -9.241170e+00 4.850160e+00
2.313769e+01 -9.097863e+00 4.849218e+00
2.314769e+01 -9.164112e+00 4.848252e+00
2.315768e+01 -9.047306e+00 4.847264e+00
2.316768e+01 -8.980202e+00 4.846252e+00
2.317768e+01 -9.065374e+00 4.845217e+00
2.318768e+01 -8.995784e+00 4.844159e+00
2.319768e+01 -9.028822e+00 4.843079e+00
2.320768e+01 -8.987071e+00 4.841976e+00
2.321768e+01 -9.040662e+00 4.840850e+00
2.322768e+01 -8.987009e+00 4.839703e+00
2.323768e+01 -8.897492e+00 4.838532e+00
2.324768e+01 -8.949613e+00 4.837340e+00
2.325767e+01 -9.028688e+00 4.836126e+00
2.326767e+01 -8.904573e+00 4.834889e+00
2.327767e+01 -8.937430e+00 4.833631e+00
2.328767e+01 -9.012797e+00 4.832351e+00
2.329767e+01 -8.959894e+00 4.831049e+00
2.330767e+01 -9.009458e+00 4.829726e+00
2.331767e+01 -9.051301e+00 4.828381e+00
2.332767e+01 -9.076576e+00 4.827015e+00
2.333767e+01 -9.098022e+00 4.825628e+00
2.334767e+01 -9.050152e+00 4.824220e+00
2.335766e+01 -9.113757e+00 4.822790e+00
2.336766e+01 -9.180430e+00 4.821340e+00
2.337766e+01 -9.255875e+00 4.819869e+00
2.338766e+01 -9.195004e+00 4.818377e+00
2.339766e+01 -9.421229e+00 4.816865e+00
2.340766e+01 -9.452925e+00 4.815332e+00
2.341766e+01 -9.504221e+00 4.813779e+00
2.342766e+01 -9.559619e+00 4.812206e+00
2.343766e+01 -9.603662e+00 4.810612e+00
2.344766e+01 -9.617771e+00 4.808999e+00
2.345765e+01 -9.642110e+00 4.807365e+00
2.346765e+01 -9.741839e+00 4.805712e+00
2.347765e+01 -9.824335e+00 4.804039e+00
2.348765e+01 -9.907607e+00 4.802346e+00
2.349765e+01 -9.948306e+00 4.800634e+00
2.350765e+01 -9.952394e+00 4.798903e+00
2.351765e+01 -1.011388e+01 4.797152e+00
2.352765e+01 -1.006322e+01 4.795383e+00
2.353765e+01 -1.020991e+01 4.793594e+00
2.354765e+01 -1.024127e+01 4.791786e+00
2.355764e+01 -1.035549e+01 4.789960e+00
2.356764e+01 -1.032434e+01 4.788114e+00
2.357764e+01 -1.047137e+01 4.786250e+00
2.358764e+01 -1.047259e+01 4.784368e+00
2.359764e+01 -1.058191e+01 4.782467e+00
2.360764e+01 -1.067703e+01 4.780548e+00
2.361764e+01 -1.067585e+01 4.778611e+00
2.362764e+01 -1.071049e+01 4.776656e+00
2.363764e+01 -1.073562e+01 4.774683e+00
2.364764e+01 -1.084106e+01 4.772692e+00
2.365763e+01 -1.083177e+01 4.770683e+00
2.366763e+01 -1.079440e+01 4.768657e+00
2.367763e+01 -1.078720e+01 4.766613e+00
2.368763e+01 -1.087664e+01 4.764552e+00
2.369763e+01 -1.096252e+01 4.762473e+00
2.370763e+01 -1.098886e+01 4.760378e+00
2.371763e+01 -1.093962e+01 4.758265e+00
2.372763e+01 -1.098815e+01 4.756135e+00
2.373763e+01 -1.103553e+01 4.753989e+00
2.374763e+01 -1.097534e+01 4.751826e+00
2.375762e+01 -1.097861e+01 4.749646e+00
2.376762e+01 -1.095742e+01 4.747450e+00
2.377762e+01 -1.096196e+01 4.745237e+00
2.378762e+01 -1.097880e+01 4.743008e+00
2.379762e+01 -1.096595e+01 4.740763e+00
2.380762e+01 -1.087450e+01 4.738502e+00
2.381762e+01 -1.089727e+01 4.736225e+00
2.382762e+01 -1.097642e+01 4.733932e+00
2.383762e+01 -1.078209e+01 4.731623e+00
2.384762e+01 -1.079877e+01 4.729299e+00
2.385761e+01 -1.072413e+01 4.726959e+00
2.386761e+01 -1.074022e+01 4.724604e+00
2.387761e+01 -1.058253e+01 4.722234e+00
2.388761e+01 -1.054824e+01 4.719848e+00
2.389761e+01 -1.064047e+01 4.717447e+00
2.390761e+01 -1.053123e+01 4.715032e+00
2.391761e+01 -1.046585e+01 4.712601e+00
2.392761e+01 -1.043872e+01 4.710156e+00
2.393761e+01 -1.029312e+01 4.707696e+00
2.394761e+01 -1.035808e+01 4.705222e+00
2.395760e+01 -1.018540e+01 4.702733e+00
2.396760e+01 -1.026738e+01 4.700230e+00
2.397760e+01 -1.018047e+01 4.697712e+00
2.398760e+01 -1.010376e+01 4.695181e+00
2.399760e+01 -1.005286e+01 4.692636e+00
2.400760e+01 -9.874977e+00 4.690077e+00
2.401760e+01 -9.868269e+00 4.687504e+00
2.402760e+01 -9.799621e+00 4.684917e+00
2.403760e+01 -9.699255e+00 4.682317e+00
2.404760e+01 -9.669365e+00 4.679703e+00
2.405759e+01 -9.663045e+00 4.677076e+00
2.406759e+01 -9.568850e+00 4.674436e+00
2.407759e+01 -9.605257e+00 4.671783e+00
2.408759e+01 -9.509359e+00 4.669117e+00
2.409759e+01 -9.372990e+00 4.666438e+00
2.410759e+01 -9.311147e+00 4.663746e+00
2.411759e+01 -9.358624e+00 4.661041e+00
2.412759e+01 -9.333351e+00 4.658324e+00
2.413759e+01 -9.199268e+00 4.655594e+00
2.414759e+01 -9.126430e+00 4.652852e+00
2.415758e+01 -9.218664e+00 4.650098e+00
2.416758e+01 -9.080895e+00 4.647331e+00
2.417758e+01 -9.186440e+00 4.644553e+00
2.418758e+01 -9.036253e+00 4.641763e+00
2.419758e+01 -9.055723e+00 4.638960e+00
2.420758e+01 -9.010797e+00 4.636146e+00
2.421758e+01 -8.969353e+00 4.633321e+00
2.422758e+01 -8.908268e+00 4.630483e+00
2.423758e+01 -8.990127e+00 4.627635e+00
2.424758e+01 -9.005014e+00 4.624775e+00
2.425757e+01 -9.002680e+00 4.621904e+00
2.426757e+01 -9.058136e+00 4.619021e+00
2.427757e+01 -8.978744e+00 4.616128e+00
2.428757e+01 -9.028283e+00 4.613224e+00
2.429757e+01 -9.140823e+00 4.610309e+00
2.430757e+01 -9.016050e+00 4.607383e+00
2.431757e+01 -9.094463e+00 4.604447e+00
2.432757e+01 -9.133323e+00 4.601500e+00
2.433757e+01 -9.111096e+00 4.598543e+00
2.434757e+01 -9.119467e+00 4.595575e+00
2.435756e+01 -9.199177e+00 4.592597e+00
2.436756e+01 -9.219822e+00 4.589610e+00
2.437756e+01 -9.367391e+00 4.586612e+00
2.438756e+01 -9.369746e+00 4.583604e+00
2.439756e+01 -9.442601e+00 4.580586e+00
2.440756e+01 -9.445402e+00 4.577559e+00
2.441756e+01 -9.485606e+00 4.574522e+00
2.442756e+01 -9.542943e+00 4.571475e+00
2.443756e+01 -9.559420e+00 4.568419e+00
2.444756e+01 -9.644700e+00 4.565354e+00
2.445755e+01 -9.691326e+00 4.562279e+00
2.446755e+01 -9.766649e+00 4.559195e+00
2.447755e+01 -9.870492e+00 4.556102e+00
2.448755e+01 -9.932008e+00 4.553001e+00
2.449755e+01 -9.963719e+00 4.549890e+00
2.450755e+01 -9.976176e+00 4.546771e+00
2.451755e+01 -1.012063e+01 4.543642e+00
2.452755e+01 -1.012377e+01 4.540506e+00
2.453755e+01 -1.028993e+01 4.537360e+00
2.454755e+01 -1.041500e+01 4.534207e+00
2.455754e+01 -1.041578e+01 4.531045e+00
2.456754e+01 -1.042126e+01 4.527875e+00
2.457754e+01 -1.041556e+01 4.524696e+00
2.458754e+01 -1.047785e+01 4.521510e+00
2.459754e+01 -1.065228e+01 4.518315e+00
2.460754e+01 -1.060033e+01 4.515113e+00
2.461754e+01 -1.063953e+01 4.511903e+00
2.462754e+01 -1.074474e+01 4.508685e+00
2.463754e+01 -1.073020e+01 4.505459e+00
2.464754e+01 -1.082105e+01 4.502226e+00
2.465753e+01 -1.069704e+01 4.498986e+00
2.466753e+01 -1.077367e+01 4.495738e+00
2.467753e+01 -1.088507e+01 4.492483e+00
2.468753e+01 -1.092726e+01 4.489220e+00
2.469753e+01 -1.088800e+01 4.485951e+00
2.470753e+01 -1.087672e+01 4.482674e+00
2.471753e+01 -1.091223e+01 4.479390e+00
2.472753e+01 -1.104449e+01 4.476100e+00
2.473753e+01 -1.102917e+01 4.472803e+00
2.474753e+01 -1.091449e+01 4.469498e+00
2.475752e+01 -1.094038e+01 4.466188e+00
2.476752e+01 -1.102529e+01 4.462870e+00
2.477752e+01 -1.098620e+01 4.459546e+00
2.478752e+01 -1.105103e+01 4.456216e+00
2.479752e+01 -1.103039e+01 4.452879e+00
2.480752e+01 -1.099872e+01 4.449536e+00
2.481752e+01 -1.089305e+01 4.446187e+00
2.482752e+01 -1.083042e+01 4.442832e+00
2.483752e+01 -1.070223e+01 4.439470e+00
2.484752e+01 -1.088561e+01 4.436103e+00
2.485751e+01 -1.077745e+01 4.432730e+00
2.486751e+01 -1.077472e+01 4.429350e+00
2.487751e+01 -1.068221e+01 4.425965e+00
2.488751e+01 -1.067858e+01 4.422574e+00
2.489751e+01 -1.060735e+01 4.419178e+00
2.490751e+01 -1.063526e+01 4.415776e+00
2.491751e+01 -1.058362e+01 4.412368e+00
2.492751e+01 -1.050860e+01 4.408955e+00
2.493751e+01 -1.026028e+01 4.405537e+00
2.494751e+01 -1.025806e+01 4.402113e+00
2.495750e+01 -1.024206e+01 4.398684e+00
2.496750e+01 -1.016725e+01 4.395249e+00
2.497750e+01 -1.004394e+01 4.391810e+00
2.498750e+01 -1.006498e+01 4.388365e+00
2.499750e+01 -1.001093e+01 4.384915e+00
2.500750e+01 -9.996417e+00 4.381460e+00
2.501750e+01 -9.842136e+00 4.378001e+00
2.502750e+01 -9.808286e+00 4.374536e+00
2.503750e+01 -9.698819e+00 4.371067e+00
2.504750e+01 -9.738483e+00 4.367593e+00
2.505749e+01 -9.641999e+00 4.364114e+00
2.506749e+01 -9.531295e+00 4.360630e+00
2.507749e+01 -9.448163e+00 4.357142e+00
2.508749e+01 -9.513641e+00 4.353649e+00
2.509749e+01 -9.411148e+00 4.350152e+00
2.510749e+01 -9.417505e+00 4.346650e+00
2.511749e+01 -9.346393e+00 4.343144e+00
2.512749e+01 -9.230403e+00 4.339634e+00
2.513749e+01 -9.251753e+00 4.336119e+00
2.514749e+01 -9.248095e+00 4.332600e+00
2.515748e+01 -9.102380e+00 4.329076e+00
2.516748e+01 -9.140410e+00 4.325548e+00
2.517748e+01 -9.100693e+00 4.322017e+00
2.518748e+01 -9.060547e+00 4.318481e+00
2.519748e+01 -8.975032e+00 4.314941e+00
2.520748e+01 -9.024342e+00 4.311397e+00
2.521748e+01 -9.028609e+00 4.307849e+00
2.522748e+01 -8.973555e+00 4.304297e+00
2.523748e+01 -8.903837e+00 4.300741e+00
2.524748e+01 -8.960170e+00 4.297181e+00
2.525747e+01 -8.933990e+00 4.293617e+00
2.526747e+01 -9.051718e+00 4.290050e+00
2.527747e+01 -8.986149e+00 4.286478e+00
2.528747e+01 -9.042995e+00 4.282903e+00
2.529747e+01 -9.094090e+00 4.279325e+00
2.530747e+01 -9.087139e+00 4.275742e+00
2.531747e+01 -9.125198e+00 4.272156e+00
2.532747e+01 -9.098794e+00 4.268566e+00
2.533747e+01 -9.145078e+00 4.264972e+00
2.534747e+01 -9.135479e+00 4.261375e+00
2.535746e+01 -9.189268e+00 4.257775e+00
2.536746e+01 -9.230438e+00 4.254170e+00
2.537746e+01 -9.331560e+00 4.250563e+00
2.538746e+01 -9.344473e+00 4.246951e+00
2.539746e+01 -9.392066e+00 4.243337e+00
2.540746e+01 -9.363207e+00 4.239718e+00
2.541746e+01 -9.440337e+00 4.236097e+00
2.542746e+01 -9.624130e+00 4.232472e+00
2.543746e+01 -9.557087e+00 4.228843e+00
2.544746e+01 -9.576113e+00 4.225211e+00
2.545745e+01 -9.721706e+00 4.221576e+00
2.546745e+01 -9.745638e+00 4.217937e+00
2.547745e+01 -9.799289e+00 4.214295e+00
2.548745e+01 -9.899993e+00 4.210650e+00
2.549745e+01 -9.944883e+00 4.207001e+00
2.550745e+01 -9.976823e+00 4.203349e+00
2.551745e+01 -1.000549e+01 4.199693e+00
2.552745e+01 -1.020824e+01 4.196034e+00
2.553745e+01 -1.029220e+01 4.192372e+00
2.554745e+01 -1.030099e+01 4.188707e+00
2.555744e+01 -1.025630e+01 4.185038e+00
2.556744e+01 -1.036580e+01 4.181366e+00
2.557744e+01 -1.046127e+01 4.177691e+00
2.558744e+01 -1.049075e+01 4.174012e+00
2.559744e+01 -1.057678e+01 4.170330e+00
2.560744e+01 -1.065638e+01 4.166645e+00
2.561744e+01 -1.067765e+01 4.162956e+00
2.562744e+01 -1.073090e+01 4.159264e+00
2.563744e+01 -1.082287e+01 4.155569e+00
2.564744e+01 -1.078016e+01 4.151870e+00
2.565743e+01 -1.080316e+01 4.148168e+00
2.566743e+01 -1.089417e+01 4.144463e+00
2.567743e+01 -1.086684e+01 4.140754e+00
2.568743e+01 -1.092506e+01 4.137042e+00
2.569743e+01 -1.090307e+01 4.133327e+00
2.570743e+01 -1.096169e+01 4.129608e+00
2.571743e+01 -1.103469e+01 4.125886e+00
2.572743e+01 -1.098055e+01 4.122161e+00
2.573743e+01 -1.101898e+01 4.118432e+00
2.574743e+01 -1.097816e+01 4.114699e+00
2.575742e+01 -1.088423e+01 4.110963e+00
2.576742e+01 -1.092415e+01 4.107224e+00
2.577742e+01 -1.098303e+01 4.103481e+00
2.578742e+01 -1.088559e+01 4.099735e+00
2.579742e+01 -1.089887e+01 4.095985e+00
2.580742e+01 -1.101003e+01 4.092231e+00
2.581742e+01 -1.097095e+01 4.088474e+00
2.582742e+01 -1.090922e+01 4.084713e+00
2.583742e+01 -1.081067e+01 4.080949e+00
2.584742e+01 -1.086497e+01 4.077181e+00
2.585741e+01 -1.078231e+01 4.073409e+00
2.586741e+01 -1.073924e+01 4.069634e+00
2.587741e+01 -1.062203e+01 4.065855e+00
2.588741e+01 -1.055673e+01 4.062072e+00
2.589741e+01 -1.049975e+01 4.058285e+00
2.590741e+01 -1.060432e+01 4.054495e+00
2.591741e+01 -1.052415e+01 4.050700e+00
2.592741e+01 -1.040214e+01 4.046902e+00
2.593741e+01 -1.039031e+01 4.043100e+00
2.594741e+01 -1.023517e+01 4.039293e+00
2.595740e+01 -1.027357e+01 4.035483e+00
2.596740e+01 -1.021838e+01 4.031669e+00
2.597740e+01 -1.012483e+01 4.027850e+00
2.598740e+01 -1.012232e+01 4.024028e+00
2.599740e+01 -1.002978e+01 4.020201e+00
2.600740e+01 -9.963983e+00 4.016370e+00
2.601740e+01 -9.846779e+00 4.012535e+00
2.602740e+01 -9.770160e+00 4.008695e+00
2.603740e+01 -9.779799e+00 4.004851e+00
2.604740e+01 -9.714199e+00 4.001003e+00
2.605739e+01 -9.629071e+00 3.997150e+00
2.606739e+01 -9.562824e+00 3.993293e+00
2.607739e+01 -9.644475e+00 3.989431e+00
2.608739e+01 -9.543439e+00 3.985565e+00
2.609739e+01 -9.412675e+00 3.981694e+00
2.610739e+01 -9.391933e+00 3.977818e+00
2.611739e+01 -9.247284e+00 3.973937e+00
2.612739e+01 -9.192723e+00 3.970052e+00
2.613739e+01 -9.249248e+00 3.966162e+00
2.614739e+01 -9.071956e+00 3.962267e+00
2.615738e+01 -9.107167e+00 3.958367e+00
2.616738e+01 -9.110899e+00 3.954462e+00
2.617738e+01 -9.039189e+00 3.950552e+00
2.618738e+01 -8.985674e+00 3.946636e+00
2.619738e+01 -9.015434e+00 3.942716e+00
2.620738e+01 -9.049573e+00 3.938790e+00
2.621738e+01 -9.009878e+00 3.934859e+00
2.622738e+01 -9.069299e+00 3.930923e+00
2.623738e+01 -8.949893e+00 3.926981e+00
2.624738e+01 -8.909020e+00 3.923034e+00
2.625737e+01 -8.970844e+00 3.919081e+00
2.626737e+01 -9.021267e+00 3.915122e+00
2.627737e+01 -9.038122e+00 3.911158e+00
2.628737e+01 -8.940303e+00 3.907188e+00
2.629737e+01 -8.999343e+00 3.903212e+00
2.630737e+01 -9.037714e+00 3.899230e+00
2.631737e+01 -9.038558e+00 3.895242e+00
2.632737e+01 -9.132943e+00 3.891248e+00
2.633737e+01 -9.142321e+00 3.887248e+00
2.634737e+01 -9.169635e+00 3.883242e+00
2.635736e+01 -9.235754e+00 3.879229e+00
2.636736e+01 -9.277760e+00 3.875210e+00
2.637736e+01 -9.263633e+00 3.871185e+00
2.638736e+01 -9.347144e+00 3.867153e+00
2.639736e+01 -9.324157e+00 3.863115e+00
2.640736e+01 -9.406113e+00 3.859070e+00
2.641736e+01 -9.386016e+00 3.855018e+00
2.642736e+01 -9.457730e+00 3.850960e+00
2.643736e+01 -9.598838e+00 3.846894e+00
2.644736e+01 -9.648243e+00 3.842822e+00
2.645735e+01 -9.699216e+00 3.838742e+00
2.646735e+01 -9.761257e+00 3.834656e+00
2.647735e+01 -9.761913e+00 3.830562e+00
2.648735e+01 -9.895699e+00 3.826461e+00
2.649735e+01 -9.975158e+00 3.822352e+00
2.650735e+01 -1.006740e+01 3.818236e+00
2.651735e+01 -1.007266e+01 3.814113e+00
2.652735e+01 -1.008540e+01 3.809982e+00
2.653735e+01 -1.018551e+01 3.805843e+00
2.654735e+01 -1.024947e+01 3.801696e+00
2.655734e+01 -1.030256e+01 3.797542e+00
2.656734e+01 -1.040102e+01 3.793379e+00
2.657734e+01 -1.048763e+01 3.789208e+00
2.658734e+01 -1.047241e+01 3.785029e+00
2.659734e+01 -1.050216e+01 3.780842e+00
2.660734e+01 -1.055166e+01 3.776647e+00
2.661734e+01 -1.056719e+01 3.772443e+00
2.662734e+01 -1.063727e+01 3.768230e+00
2.663734e+01 -1.077039e+01 3.764009e+00
2.664734e+01 -1.071160e+01 3.759779e+00
2.665733e+01 -1.079489e+01 3.755541e+00
2.666733e+01 -1.081222e+01 3.751293e+00
2.667733e+01 -1.085050e+01 3.747037e+00
2.668733e+01 -1.083133e+01 3.742771e+00
2.669733e+01 -1.088556e+01 3.738496e+00
2.670733e+01 -1.094979e+01 3.734212e+00
2.671733e+01 -1.087422e+01 3.729918e+00
2.672733e+01 -1.088257e+01 3.725615e+00
2.673733e+01 -1.099696e+01 3.721302e+00
2.674733e+01 -1.098164e+01 3.716979e+00
2.675732e+01 -1.100230e+01 3.712647e+00
2.676732e+01 -1.099807e+01 3.708305e+00
2.677732e+01 -1.099474e+01 3.703952e+00
2.678732e+01 -1.097607e+01 3.699590e+00
2.679732e+01 -1.089809e+01 3.695217e+00
2.680732e+01 -1.092278e+01 3.690834e+00
2.681732e+01 -1.088886e+01 3.686441e+00
2.682732e+01 -1.085085e+01 3.682037e+00
2.683732e+01 -1.082376e+01 3.677622e+00
2.684732e+01 -1.070556e+01 3.673197e+00
2.685731e+01 -1.071741e+01 3.668761e+00
2.686731e+01 -1.066252e+01 3.664314e+00
2.687731e+01 -1.067201e+01 3.659855e+00
2.688731e+01 -1.054143e+01 3.655386e+00
2.689731e+01 -1.045216e+01 3.650905e+00
2.690731e+01 -1.043835e+01 3.646413e+00
2.691731e+01 -1.045918e+01 3.641909e+00
2.692731e+01 -1.037194e+01 3.637394e+00
2.693731e+01 -1.035383e+01 3.632867e+00
2.694731e+01 -1.034535e+01 3.628328e+00
2.695730e+01 -1.019713e+01 3.623777e+00
2.696730e+01 -1.014152e+01 3.619214e+00
2.697730e+01 -1.003237e+01 3.614639e+00
2.698730e+01 -9.977829e+00 3.610051e+00
2.699730e+01 -9.920167e+00 3.605452e+00
2.700730e+01 -9.832644e+00 3.600839e+00
2.701730e+01 -9.827322e+00 3.596214e+00
2.702730e+01 -9.812681e+00 3.591576e+00
2.703730e+01 -9.645268e+00 3.586926e+00
2.704730e+01 -9.655201e+00 3.582262e+00
2.705729e+01 -9.492486e+00 3.577585e+00
2.706729e+01 -9.553383e+00 3.572895e+00
2.707729e+01 -9.444470e+00 3.568192e+00
2.708729e+01 -9.434369e+00 3.563475e+00
2.709729e+01 -9.374760e+00 3.558744e+00
2.710729e+01 -9.290753e+00 3.554000e+00
2.711729e+01 -9.213743e+00 3.549242e+00
2.712729e+01 -9.150396e+00 3.544470e+00
2.713729e+01 -9.249792e+00 3.539684e+00
2.714729e+01 -9.206355e+00 3.534884e+00
2.715728e+01 -9.048032e+00 3.530070e+00
2.716728e+01 -9.067243e+00 3.525241e+00
2.717728e+01 -9.006470e+00 3.520398e+00
2.718728e+01 -9.064054e+00 3.515540e+00
2.719728e+01 -8.889341e+00 3.510667e+00
2.720728e+01 -8.919697e+00 3.505779e+00
2.721728e+01 -8.961136e+00 3.500876e+00
2.722728e+01 -8.846869e+00 3.495958e+00
2.723728e+01 -8.829022e+00 3.491025e+00
2.724728e+01 -8.851109e+00 3.486077e+00
2.725727e+01 -8.878477e+00 3.481113e+00
2.726727e+01 -8.788962e+00 3.476133e+00
2.727727e+01 -8.917838e+00 3.471137e+00
2.728727e+01 -8.991834e+00 3.466126e+00
2.729727e+01 -8.880157e+00 3.461099e+00
2.730727e+01 -8.960835e+00 3.456055e+00
2.731727e+01 -8.996854e+00 3.450995e+00
2.732727e+01 -9.097236e+00 3.445919e+00
2.733727e+01 -9.051250e+00 3.440826e+00
2.734727e+01 -8.961995e+00 3.435717e+00
2.735726e+01 -9.122547e+00 3.430591e+00
2.736726e+01 -9.165939e+00 3.425448e+00
2.737726e+01 -9.256792e+00 3.420288e+00
2.738726e+01 -9.245162e+00 3.415111e+00
2.739726e+01 -9.264549e+00 3.409916e+00
2.740726e+01 -9.344316e+00 3.404705e+00
2.741726e+01 -9.342496e+00 3.399475e+00
2.742726e+01 -9.436275e+00 3.394228e+00
2.743726e+01 -9.432070e+00 3.388964e+00
2.744726e+01 -9.603451e+00 3.383681e+00
2.745725e+01 -9.641729e+00 3.378380e+00
2.746725e+01 -9.617216e+00 3.373062e+00
2.747725e+01 -9.749703e+00 3.367725e+00
2.748725e+01 -9.791387e+00 3.362369e+00
2.749725e+01 -9.835128e+00 3.356995e+00
2.750725e+01 -9.984508e+00 3.351602e+00
2.751725e+01 -9.985189e+00 3.346191e+00
2.752725e+01 -1.004854e+01 3.340761e+00
2.753725e+01 -1.013460e+01 3.335311e+00
2.754725e+01 -1.014051e+01 3.329843e+00
2.755724e+01 -1.027120e+01 3.324355e+00
2.756724e+01 -1.029747e+01 3.318848e+00
2.757724e+01 -1.026548e+01 3.313321e+00
2.758724e+01 -1.034157e+01 3.307774e+00
2.759724e+01 -1.043059e+01 3.302208e+00
2.760724e+01 -1.059843e+01 3.296622e+00
2.761724e+01 -1.054730e+01 3.291016e+00
2.762724e+01 -1.049392e+01 3.285389e+00
2.763724e+01 -1.072654e+01 3.279743e+00
2.764724e+01 -1.074951e+01 3.274076e+00
2.765723e+01 -1.066743e+01 3.268388e+00
2.766723e+01 -1.071959e+01 3.262680e+00
2.767723e+01 -1.077901e+01 3.256950e+00
2.768723e+01 -1.075101e+01 3.251200e+00
2.769723e+01 -1.087574e+01 3.245429e+00
2.770723e+01 -1.084422e+01 3.239637e+00
2.771723e+01 -1.087557e+01 3.233823e+00
2.772723e+01 -1.084122e+01 3.227988e+00
2.773723e+01 -1.082786e+01 3.222132e+00
2.774723e+01 -1.076693e+01 3.216253e+00
2.775722e+01 -1.097814e+01 3.210353e+00
2.776722e+01 -1.088104e+01 3.204431e+00
2.777722e+01 -1.077238e+01 3.198487e+00
2.778722e+01 -1.087872e+01 3.192521e+00
2.779722e+01 -1.083470e+01 3.186533e+00
2.780722e+01 -1.069887e+01 3.180522e+00
2.781722e+01 -1.078763e+01 3.174488e+00
2.782722e+01 -1.070996e+01 3.168432e+00
2.783722e+01 -1.076434e+01 3.162354e+00
2.784722e+01 -1.056049e+01 3.156252e+00
2.785721e+01 -1.062806e+01 3.150127e+00
2.786721e+01 -1.061288e+01 3.143979e+00
2.787721e+01 -1.065017e+01 3.137808e+00
2.788721e+01 -1.044824e+01 3.131614e+00
2.789721e+01 -1.046782e+01 3.125396e+00
2.790721e+01 -1.037390e+01 3.119154e+00
2.791721e+01 -1.038143e+01 3.112889e+00
2.792721e+01 -1.030185e+01 3.106600e+00
2.793721e+01 -1.024058e+01 3.100287e+00
2.794721e+01 -1.004063e+01 3.093950e+00
2.795720e+01 -1.006406e+01 3.087588e+00
2.796720e+01 -1.001728e+01 3.081203e+00
2.797720e+01 -9.941011e+00 3.074793e+00
2.798720e+01 -9.921704e+00 3.068358e+00
2.799720e+01 -9.854151e+00 3.061899e+00
2.800720e+01 -9.742814e+00 3.055415e+00
2.801720e+01 -9.723493e+00 3.048906e+00
2.802720e+01 -9.691866e+00 3.042373e+00
2.803720e+01 -9.502863e+00 3.035814e+00
2.804720e+01 -9.492638e+00 3.029230e+00
2.805719e+01 -9.427609e+00 3.022621e+00
2.806719e+01 -9.356804e+00 3.015986e+00
2.807719e+01 -9.363969e+00 3.009326e+00
2.808719e+01 -9.235078e+00 3.002640e+00
2.809719e+01 -9.249910e+00 2.995929e+00
2.810719e+01 -9.177552e+00 2.989192e+00
2.811719e+01 -9.192937e+00 2.982429e+00
2.812719e+01 -9.232098e+00 2.975640e+00
2.813719e+01 -9.061657e+00 2.968825e+00
2.814719e+01 -8.952555e+00 2.961983e+00
2.815718e+01 -8.992021e+00 2.955116e+00
2.816718e+01 -8.975689e+00 2.948221e+00
2.817718e+01 -8.926434e+00 2.941301e+00
2.818718e+01 -8.846041e+00 2.934354e+00
2.819718e+01 -8.774868e+00 2.927380e+00
2.820718e+01 -8.812039e+00 2.920379e+00
2.821718e+01 -8.851731e+00 2.913352e+00
2.822718e+01 -8.706613e+00 2.906298e+00
2.823718e+01 -8.880170e+00 2.899216e+00
2.824718e+01 -8.829066e+00 2.892108e+00
2.825717e+01 -8.811545e+00 2.884972e+00
2.826717e+01 -8.768918e+00 2.877809e+00
2.827717e+01 -8.797151e+00 2.870619e+00
2.828717e+01 -8.774039e+00 2.863401e+00
2.829717e+01 -8.805520e+00 2.856155e+00
2.830717e+01 -8.796146e+00 2.848882e+00
2.831717e+01 -8.896117e+00 2.841582e+00
2.832717e+01 -8.882629e+00 2.834253e+00
2.833717e+01 -8.930021e+00 2.826897e+00
2.834717e+01 -8.987547e+00 2.819513e+00
2.835716e+01 -9.030748e+00 2.812101e+00
2.836716e+01 -9.022275e+00 2.804661e+00
2.837716e+01 -9.003545e+00 2.797193e+00
2.838716e+01 -9.138167e+00 2.789696e+00
2.839716e+01 -9.207939e+00 2.782171e+00
2.840716e+01 -9.136226e+00 2.774618e+00
2.841716e+01 -9.219755e+00 2.767037e+00
2.842716e+01 -9.313924e+00 2.759427e+00
2.843716e+01 -9.418264e+00 2.751789e+00
2.844716e+01 -9.426391e+00 2.744122e+00
2.845715e+01 -9.442976e+00 2.736427e+00
2.846715e+01 -9.556917e+00 2.728703e+00
2.847715e+01 -9.643909e+00 2.720950e+00
2.848715e+01 -9.709146e+00 2.713169e+00
2.849715e+01 -9.739060e+00 2.705359e+00
2.850715e+01 -9.802763e+00 2.697520e+00
2.851715e+01 -9.760571e+00 2.689652e+00
2.852715e+01 -9.854641e+00 2.681755e+00
2.853715e+01 -9.948191e+00 2.673830e+00
2.854715e+01 -1.004997e+01 2.665875e+00
2.855714e+01 -1.013440e+01 2.657892e+00
2.856714e+01 -1.015129e+01 2.649879e+00
2.857714e+01 -1.016741e+01 2.641837e+00
2.858714e+01 -1.030818e+01 2.633767e+00
2.859714e+01 -1.030175e+01 2.625667e+00
2.860714e+01 -1.043323e+01 2.617538e+00
2.861714e+01 -1.038926e+01 2.609380e+00
2.862714e+01 -1.040472e+01 2.601193e+00
2.863714e+01 -1.049832e+01 2.592976e+00
2.864714e+01 -1.048701e+01 2.584731e+00
2.865713e+01 -1.046861e+01 2.576456e+00
2.866713e+01 -1.045784e+01 2.568152e+00
2.867713e+01 -1.061302e+01 2.559819e+00
2.868713e+01 -1.063343e+01 2.551457e+00
2.869713e+01 -1.061146e+01 2.543065e+00
2.870713e+01 -1.066536e+01 2.534644e+00
2.871713e+01 -1.072461e+01 2.526195e+00
2.872713e+01 -1.081979e+01 2.517716e+00
2.873713e+01 -1.080758e+01 2.509208e+00
2.874713e+01 -1.072672e+01 2.500670e+00
2.875712e+01 -1.070877e+01 2.492104e+00
2.876712e+01 -1.070904e+01 2.483509e+00
2.877712e+01 -1.070213e+01 2.474884e+00
2.878712e+01 -1.069829e+01 2.466231e+00
2.879712e+01 -1.078160e+01 2.457548e+00
2.880712e+01 -1.054994e+01 2.448837e+00
2.881712e+01 -1.054710e+01 2.440097e+00
2.882712e+01 -1.061303e+01 2.431328e+00
2.883712e+01 -1.044055e+01 2.422530e+00
2.884712e+01 -1.055298e+01 2.413703e+00
2.885711e+01 -1.043131e+01 2.404847e+00
2.886711e+01 -1.047257e+01 2.395963e+00
2.887711e+01 -1.041112e+01 2.387050e+00
2.888711e+01 -1.026813e+01 2.378109e+00
2.889711e+01 -1.030876e+01 2.369139e+00
2.890711e+01 -1.030759e+01 2.360141e+00
2.891711e+01 -1.026794e+01 2.351114e+00
2.892711e+01 -1.018011e+01 2.342059e+00
2.893711e+01 -9.974549e+00 2.332976e+00
2.894711e+01 -1.004463e+01 2.323865e+00
2.895710e+01 -1.005099e+01 2.314726e+00
2.896710e+01 -9.866194e+00 2.305559e+00
2.897710e+01 -9.827751e+00 2.296364e+00
2.898710e+01 -9.768474e+00 2.287141e+00
2.899710e+01 -9.714769e+00 2.277891e+00
2.900710e+01 -9.579111e+00 2.268613e+00
2.901710e+01 -9.637810e+00 2.259308e+00
2.902710e+01 -9.476092e+00 2.249975e+00
2.903710e+01 -9.557538e+00 2.240616e+00
2.904710e+01 -9.476958e+00 2.231229e+00
2.905709e+01 -9.328944e+00 2.221815e+00
2.906709e+01 -9.291341e+00 2.212374e+00
2.907709e+01 -9.155983e+00 2.202907e+00
2.908709e+01 -9.237502e+00 2.193413e+00
2.909709e+01 -9.050955e+00 2.183892e+00
2.910709e+01 -9.039337e+00 2.174346e+00
2.911709e+01 -8.984115e+00 2.164773e+00
2.912709e+01 -9.006511e+00 2.155174e+00
2.913709e+01 -8.936076e+00 2.145549e+00
2.914709e+01 -9.012963e+00 2.135899e+00
2.915708e+01 -8.781916e+00 2.126223e+00
2.916708e+01 -8.852953e+00 2.116522e+00
2.917708e+01 -8.761129e+00 2.106795e+00
2.918708e+01 -8.797604e+00 2.097044e+00
2.919708e+01 -8.725842e+00 2.087268e+00
2.920708e+01 -8.656962e+00 2.077467e+00
2.921708e+01 -8.693337e+00 2.067642e+00
2.922708e+01 -8.663509e+00 2.057792e+00
2.923708e+01 -8.672269e+00 2.047918e+00
2.924708e+01 -8.639168e+00 2.038021e+00
2.925707e+01 -8.684830e+00 2.028099e+00
2.926707e+01 -8.663172e+00 2.018155e+00
2.927707e+01 -8.685162e+00 2.008187e+00
2.928707e+01 -8.622935e+00 1.998195e+00
2.929707e+01 -8.663627e+00 1.988182e+00
2.930707e+01 -8.655338e+00 1.978145e+00
2.931707e+01 -8.639131e+00 1.968086e+00
2.932707e+01 -8.724875e+00 1.958005e+00
2.933707e+01 -8.757810e+00 1.947902e+00
2.934707e+01 -8.783064e+00 1.937778e+00
2.935706e+01 -8.910047e+00 1.927632e+00
2.936706e+01 -8.848450e+00 1.917464e+00
2.937706e+01 -8.806291e+00 1.907276e+00
2.938706e+01 -9.060046e+00 1.897067e+00
2.939706e+01 -9.004827e+00 1.886838e+00
2.940706e+01 -9.100034e+00 1.876588e+00
2.941706e+01 -9.042163e+00 1.866319e+00
2.942706e+01 -9.170726e+00 1.856030e+00
2.943706e+01 -9.246492e+00 1.845722e+00
2.944706e+01 -9.297896e+00 1.835394e+00
2.945705e+01 -9.302839e+00 1.825048e+00
2.946705e+01 -9.348538e+00 1.814683e+00
2.947705e+01 -9.489016e+00 1.804300e+00
2.948705e+01 -9.542813e+00 1.793900e+00
2.949705e+01 -9.655367e+00 1.783481e+00
2.950705e+01 -9.675359e+00 1.773045e+00
2.951705e+01 -9.689790e+00 1.762592e+00
2.952705e+01 -9.679329e+00 1.752123e+00
2.953705e+01 -9.751889e+00 1.741637e+00
2.954705e+01 -9.946595e+00 1.731135e+00
2.955704e+01 -9.910870e+00 1.720617e+00
2.956704e+01 -9.960153e+00 1.710084e+00
2.957704e+01 -1.006159e+01 1.699535e+00
2.958704e+01 -1.021611e+01 1.688972e+00
2.959704e+01 -1.016189e+01 1.678394e+00
2.960704e+01 -1.018784e+01 1.667802e+00
2.961704e+01 -1.028079e+01 1.657197e+00
2.962704e+01 -1.027763e+01 1.646578e+00
2.963704e+01 -1.031075e+01 1.635945e+00
2.964704e+01 -1.034900e+01 1.625300e+00
2.965703e+01 -1.045465e+01 1.614643e+00
2.966703e+01 -1.045008e+01 1.603974e+00
2.967703e+01 -1.048723e+01 1.593293e+00
2.968703e+01 -1.043461e+01 1.582600e+00
2.969703e+01 -1.052364e+01 1.571897e+00
2.970703e+01 -1.045393e+01 1.561183e+00
2.971703e+01 -1.053155e+01 1.550458e+00
2.972703e+01 -1.057566e+01 1.539724e+00
2.973703e+01 -1.062818e+01 1.528981e+00
2.974703e+01 -1.048563e+01 1.518228e+00
2.975702e+01 -1.056048e+01 1.507466e+00
2.976702e+01 -1.045477e+01 1.496696e+00
2.977702e+01 -1.055691e+01 1.485919e+00
2.978702e+01 -1.053633e+01 1.475133e+00
2.979702e+01 -1.053186e+01 1.464340e+00
2.980702e+01 -1.048366e+01 1.453541e+00
2.981702e+01 -1.047401e+01 1.442735e+00
2.982702e+01 -1.045222e+01 1.431923e+00
2.983702e+01 -1.030412e+01 1.421106e+00
2.984702e+01 -1.034909e+01 1.410283e+00
2.985701e+01 -1.024442e+01 1.399455e+00
2.986701e+01 -1.028752e+01 1.388623e+00
2.987701e+01 -1.025220e+01 1.377787e+00
2.988701e+01 -1.017040e+01 1.366947e+00
2.989701e+01 -1.015728e+01 1.356104e+00
2.990701e+01 -1.010744e+01 1.345258e+00
2.991701e+01 -1.003487e+01 1.334410e+00
2.992701e+01 -1.002021e+01 1.323560e+00
2.993701e+01 -9.889961e+00 1.312708e+00
2.994701e+01 -9.871077e+00 1.301855e+00
2.995700e+01 -9.761723e+00 1.291001e+00
2.996700e+01 -9.608969e+00 1.280147e+00
2.997700e+01 -9.603792e+00 1.269292e+00
2.998700e+01 -9.513693e+00 1.258439e+00
2.999700e+01 -9.550895e+00 1.247586e+00
3.000700e+01 -9.433861e+00 1.236734e+00
3.001700e+01 -9.343644e+00 1.225885e+00
3.002700e+01 -9.332379e+00 1.215037e+00
3.003700e+01 -9.287560e+00 1.204192e+00
3.004700e+01 -9.292035e+00 1.193350e+00
3.005699e+01 -9.176400e+00 1.182511e+00
3.006699e+01 -9.044628e+00 1.171676e+00
3.007699e+01 -9.019407e+00 1.160845e+00
3.008699e+01 -8.930656e+00 1.150019e+00
3.009699e+01 -8.915453e+00 1.139198e+00
3.010699e+01 -8.851268e+00 1.128382e+00
3.011699e+01 -8.813394e+00 1.117573e+00
3.012699e+01 -8.776205e+00 1.106769e+00
3.013699e+01 -8.755946e+00 1.095972e+00
3.014699e+01 -8.734676e+00 1.085183e+00
3.015698e+01 -8.640272e+00 1.074401e+00
3.016698e+01 -8.633177e+00 1.063626e+00
3.017698e+01 -8.572686e+00 1.052861e+00
3.018698e+01 -8.583086e+00 1.042104e+00
3.019698e+01 -8.568143e+00 1.031356e+00
3.020698e+01 -8.476715e+00 1.020618e+00
3.021698e+01 -8.480582e+00 1.009889e+00
3.022698e+01 -8.463386e+00 9.991716e-01
3.023698e+01 -8.462433e+00 9.884646e-01
3.024698e+01 -8.422427e+00 9.777688e-01
3.025697e+01 -8.451147e+00 9.670847e-01
3.026697e+01 -8.460413e+00 9.564125e-01
3.027697e+01 -8.436426e+00 9.457528e-01
3.028697e+01 -8.464422e+00 9.351059e-01
3.029697e+01 -8.450202e+00 9.244722e-01
3.030697e+01 -8.534937e+00 9.138521e-01
3.031697e+01 -8.580301e+00 9.032460e-01
3.032697e+01 -8.570640e+00 8.926543e-01
3.033697e+01 -8.574059e+00 8.820773e-01
3.034697e+01 -8.631144e+00 8.715156e-01
3.035696e+01 -8.651998e+00 8.609693e-01
3.036696e+01 -8.595051e+00 8.504391e-01
3.037696e+01 -8.788969e+00 8.399251e-01
3.038696e+01 -8.818509e+00 8.294277e-01
3.039696e+01 -8.851976e+00 8.189475e-01
3.040696e+01 -8.880662e+00 8.084847e-01
3.041696e+01 -8.876141e+00 7.980396e-01
3.042696e+01 -9.060353e+00 7.876128e-01
3.043696e+01 -8.977843e+00 7.772044e-01
3.044696e+01 -9.241203e+00 7.668150e-01
3.045695e+01 -9.206148e+00 7.564448e-01
3.046695e+01 -9.284731e+00 7.460942e-01
3.047695e+01 -9.282001e+00 7.357635e-01
3.048695e+01 -9.317946e+00 7.254532e-01
3.049695e+01 -9.405956e+00 7.151635e-01
3.050695e+01 -9.455824e+00 7.048947e-01
3.051695e+01 -9.347333e+00 6.946474e-01
3.052695e+01 -9.584741e+00 6.844217e-01
3.053695e+01 -9.633818e+00 6.742180e-01
3.054695e+01 -9.696421e+00 6.640366e-01
3.055694e+01 -9.579391e+00 6.538779e-01
3.056694e+01 -9.864699e+00 6.437422e-01
3.057694e+01 -9.930244e+00 6.336298e-01
3.058694e+01 -9.903007e+00 6.235410e-01
3.059694e+01 -9.883870e+00 6.134762e-01
3.060694e+01 -1.002786e+01 6.034356e-01
3.061694e+01 -1.018700e+01 5.934196e-01
3.062694e+01 -1.014586e+01 5.834285e-01
3.063694e+01 -1.014440e+01 5.734625e-01
3.064694e+01 -1.014692e+01 5.635219e-01
3.065693e+01 -1.018350e+01 5.536071e-01
3.066693e+01 -1.016729e+01 5.437184e-01
3.067693e+01 -1.025143e+01 5.338560e-01
3.068693e+01 -1.038075e+01 5.240202e-01
3.069693e+01 -1.022989e+01 5.142113e-01
3.070693e+01 -1.029239e+01 5.044295e-01
3.071693e+01 -1.034095e+01 4.946752e-01
3.072693e+01 -1.033776e+01 4.849486e-01
3.073693e+01 -1.038850e+01 4.752499e-01
3.074693e+01 -1.036419e+01 4.655795e-01
3.075692e+01 -1.034668e+01 4.559375e-01
3.076692e+01 -1.033937e+01 4.463243e-01
3.077692e+01 -1.034308e+01 4.367401e-01
3.078692e+01 -1.027135e+01 4.271851e-01
3.079692e+01 -1.036736e+01 4.176595e-01
3.080692e+01 -1.024926e+01 4.081637e-01
3.081692e+01 -1.018418e+01 3.986978e-01
3.082692e+01 -1.013339e+01 3.892621e-01
3.083692e+01 -1.023100e+01 3.798567e-01
3.084692e+01 -1.014377e+01 3.704820e-01
3.085691e+01 -1.004607e+01 3.611381e-01
3.086691e+01 -1.005891e+01 3.518252e-01
3.087691e+01 -1.005177e+01 3.425436e-01
3.088691e+01 -9.979755e+00 3.332935e-01
3.089691e+01 -9.905451e+00 3.240750e-01
3.090691e+01 -9.899130e+00 3.148883e-01
3.091691e+01 -9.865000e+00 3.057338e-01
3.092691e+01 -9.665634e+00 2.966114e-01
3.093691e+01 -9.686086e+00 2.875215e-01
3.094691e+01 -9.617652e+00 2.784643e-01
3.095690e+01 -9.582476e+00 2.694398e-01
3.096690e+01 -9.508439e+00 2.604482e-01
3.097690e+01 -9.419317e+00 2.514899e-01
3.098690e+01 -9.382327e+00 2.425648e-01
3.099690e+01 -9.278077e+00 2.336732e-01
3.100690e+01 -9.308642e+00 2.248152e-01
3.101690e+01 -9.202328e+00 2.159910e-01
3.102690e+01 -9.157064e+00 2.072007e-01
3.103690e+01 -9.039630e+00 1.984446e-01
3.104690e+01 -8.940171e+00 1.897227e-01
3.105689e+01 -8.932761e+00 1.810351e-01
3.106689e+01 -9.010363e+00 1.723820e-01
3.107689e+01 -8.781032e+00 1.637636e-01
3.108689e+01 -8.749056e+00 1.551800e-01
3.109689e+01 -8.724682e+00 1.466313e-01
3.110689e+01 -8.646117e+00 1.381176e-01
3.111689e+01 -8.503897e+00 1.296390e-01
3.112689e+01 -8.600464e+00 1.211957e-01
3.113689e+01 -8.536575e+00 1.127878e-01
3.114689e+01 -8.477593e+00 1.044153e-01
3.115688e+01 -8.425025e+00 9.607846e-02
3.116688e+01 -8.357692e+00 8.777727e-02
3.117688e+01 -8.457937e+00 7.951187e-02
3.118688e+01 -8.389753e+00 7.128234e-02
3.119688e+01 -8.308065e+00 6.308878e-02
3.120688e+01 -8.319160e+00 5.493127e-02
3.121688e+01 -8.171879e+00 4.680990e-02
3.122688e+01 -8.256059e+00 3.872475e-02
3.123688e+01 -8.338031e+00 3.067589e-02
3.124688e+01 -8.293579e+00 2.266341e-02
3.125687e+01 -8.252121e+00 1.468736e-02
3.126687e+01 -8.168821e+00 6.747812e-03
3.127687e+01 -8.209546e+00 -1.155164e-03
3.128687e+01 -8.273906e+00 -9.021511e-03
3.129687e+01 -8.238043e+00 -1.685117e-02
3.130687e+01 -8.180194e+00 -2.464409e-02
3.131687e+01 -8.329213e+00 -3.240023e-02
3.132687e+01 -8.379135e+00 -4.011952e-02
3.133687e+01 -8.380903e+00 -4.780194e-02
3.134687e+01 -8.351944e+00 -5.544743e-02
3.135686e+01 -8.426827e+00 -6.305596e-02
3.136686e+01 -8.447583e+00 -7.062750e-02
3.137686e+01 -8.460677e+00 -7.816202e-02
3.138686e+01 -8.626215e+00 -8.565948e-02
3.139686e+01 -8.550750e+00 -9.311986e-02
3.140686e+01 -8.703006e+00 -1.005431e-01
3.141686e+01 -8.696494e+00 -1.079293e-01
3.142686e+01 -8.640954e+00 -1.152783e-01
3.143686e+01 -8.788688e+00 -1.225902e-01
3.144686e+01 -8.824442e+00 -1.298649e-01
3.145685e+01 -8.862748e+00 -1.371025e-01
3.146685e+01 -8.993395e+00 -1.443029e-01
3.147685e+01 -9.033315e+00 -1.514661e-01
3.148685e+01 -9.071393e+00 -1.585921e-01
3.149685e+01 -9.119462e+00 -1.656810e-01
3.150685e+01 -9.162730e+00 -1.727327e-01
3.151685e+01 -9.223224e+00 -1.797473e-01
3.152685e+01 -9.357509e+00 -1.867247e-01
3.153685e+01 -9.407731e+00 -1.936650e-01
3.154685e+01 -9.448019e+00 -2.005682e-01
3.155684e+01 -9.526759e+00 -2.074344e-01
3.156684e+01 -9.549873e+00 -2.142634e-01
3.157684e+01 -9.547370e+00 -2.210555e-01
3.158684e+01 -9.601223e+00 -2.278105e-01
3.159684e+01 -9.766300e+00 -2.345286e-01
3.160684e+01 -9.662729e+00 -2.412097e-01
3.161684e+01 -9.750051e+00 -2.478540e-01
3.162684e+01 -9.971669e+00 -2.544614e-01
3.163684e+01 -9.817407e+00 -2.610320e-01
3.164684e+01 -9.890971e+00 -2.675658e-01
3.165683e+01 -9.987477e+00 -2.740629e-01
3.166683e+01 -1.006225e+01 -2.805233e-01
3.167683e+01 -1.004125e+01 -2.869471e-01
3.168683e+01 -1.001318e+01 -2.933344e-01
3.169683e+01 -1.009482e+01 -2.996851e-01
3.170683e+01 -1.010984e+01 -3.059995e-01
3.171683e+01 -1.014595e+01 -3.122774e-01
3.172683e+01 -1.005293e+01 -3.185190e-01
3.173683e+01 -1.015887e+01 -3.247244e-01
3.174683e+01 -1.016863e+01 -3.308936e-01
3.175682e+01 -1.011058e+01 -3.370267e-01
3.176682e+01 -1.004326e+01 -3.431238e-01
3.177682e+01 -1.011128e+01 -3.491849e-01
3.178682e+01 -1.006682e+01 -3.552102e-01
3.179682e+01 -1.010033e+01 -3.611996e-01
3.180682e+01 -1.005400e+01 -3.671534e-01
3.181682e+01 -1.006942e+01 -3.730716e-01
3.182682e+01 -1.001768e+01 -3.789542e-01
3.183682e+01 -9.949541e+00 -3.848014e-01
3.184682e+01 -9.901163e+00 -3.906133e-01
3.185681e+01 -9.784799e+00 -3.963899e-01
3.186681e+01 -9.806515e+00 -4.021314e-01
3.187681e+01 -9.740689e+00 -4.078378e-01
3.188681e+01 -9.763557e+00 -4.135094e-01
3.189681e+01 -9.627187e+00 -4.191460e-01
3.190681e+01 -9.635922e+00 -4.247480e-01
3.191681e+01 -9.635334e+00 -4.303153e-01
3.192681e+01 -9.475217e+00 -4.358481e-01
3.193681e+01 -9.370669e+00 -4.413466e-01
3.194681e+01 -9.391009e+00 -4.468107e-01
3.195680e+01 -9.362695e+00 -4.522408e-01
3.196680e+01 -9.290340e+00 -4.576367e-01
3.197680e+01 -9.085420e+00 -4.629988e-01
3.198680e+01 -9.148094e+00 -4.683271e-01
3.199680e+01 -8.988847e+00 -4.736217e-01
3.200680e+01 -9.036289e+00 -4.788828e-01
3.201680e+01 -8.943262e+00 -4.841105e-01
3.202680e+01 -8.886229e+00 -4.893049e-01
3.203680e+01 -8.779261e+00 -4.944662e-01
3.204680e+01 -8.736236e+00 -4.995945e-01
3.205679e+01 -8.728073e+00 -5.046899e-01
3.206679e+01 -8.589234e+00 -5.097526e-01
3.207679e+01 -8.685465e+00 -5.147828e-01
3.208679e+01 -8.551404e+00 -5.197805e-01
3.209679e+01 -8.434157e+00 -5.247459e-01
3.210679e+01 -8.339843e+00 -5.296793e-01
3.211679e+01 -8.307858e+00 -5.345806e-01
3.212679e+01 -8.303894e+00 -5.394501e-01
3.213679e+01 -8.202284e+00 -5.442879e-01
3.214679e+01 -8.139249e+00 -5.490942e-01
3.215678e+01 -8.208302e+00 -5.538691e-01
3.216678e+01 -8.145443e+00 -5.586129e-01
3.217678e+01 -8.130231e+00 -5.633255e-01
3.218678e+01 -8.020596e+00 -5.680074e-01
3.219678e+01 -8.091767e+00 -5.726584e-01
3.220678e+01 -8.030595e+00 -5.772790e-01
3.221678e+01 -8.039771e+00 -5.818692e-01
3.222678e+01 -8.001116e+00 -5.864291e-01
3.223678e+01 -7.990056e+00 -5.909590e-01
3.224678e+01 -7.938125e+00 -5.954591e-01
3.225677e+01 -7.985210e+00 -5.999294e-01
3.226677e+01 -8.009744e+00 -6.043702e-01
3.227677e+01 -7.942892e+00 -6.087817e-01
3.228677e+01 -8.004555e+00 -6.131640e-01
3.229677e+01 -8.026380e+00 -6.175174e-01
3.230677e+01 -8.030720e+00 -6.218419e-01
3.231677e+01 -8.028011e+00 -6.261378e-01
3.232677e+01 -8.113493e+00 -6.304053e-01
3.233677e+01 -8.116131e+00 -6.346446e-01
3.234677e+01 -8.205903e+00 -6.388557e-01
3.235676e+01 -8.169403e+00 -6.430391e-01
3.236676e+01 -8.224395e+00 -6.471947e-01
3.237676e+01 -8.215024e+00 -6.513228e-01
3.238676e+01 -8.218387e+00 -6.554236e-01
3.239676e+01 -8.324881e+00 -6.594973e-01
3.240676e+01 -8.412491e+00 -6.635441e-01
3.241676e+01 -8.330279e+00 -6.675642e-01
3.242676e+01 -8.564022e+00 -6.715577e-01
3.243676e+01 -8.504691e+00 -6.755250e-01
3.244676e+01 -8.502436e+00 -6.794661e-01
3.245675e+01 -8.657815e+00 -6.833812e-01
3.246675e+01 -8.778799e+00 -6.872707e-01
3.247675e+01 -8.809615e+00 -6.911346e-01
3.248675e+01 -8.761818e+00 -6.949732e-01
3.249675e+01 -8.933676e+00 -6.987866e-01
3.250675e+01 -8.937881e+00 -7.025751e-01
3.251675e+01 -9.056492e+00 -7.063390e-01
3.252675e+01 -9.125468e+00 -7.100783e-01
3.253675e+01 -9.056891e+00 -7.137933e-01
3.254675e+01 -9.088688e+00 -7.174842e-01
3.255674e+01 -9.238061e+00 -7.211512e-01
3.256674e+01 -9.387207e+00 -7.247945e-01
3.257674e+01 -9.302910e+00 -7.284143e-01
3.258674e+01 -9.312692e+00 -7.320109e-01
3.259674e+01 -9.509579e+00 -7.355844e-01
3.260674e+01 -9.514320e+00 -7.391351e-01
3.261674e+01 -9.567224e+00 -7.426631e-01
3.262674e+01 -9.635774e+00 -7.461687e-01
3.263674e+01 -9.643127e+00 -7.496521e-01
3.264674e+01 -9.659780e+00 -7.531134e-01
3.265673e+01 -9.703027e+00 -7.565530e-01
3.266673e+01 -9.816637e+00 -7.599709e-01
3.267673e+01 -9.695062e+00 -7.633675e-01
3.268673e+01 -9.778800e+00 -7.667429e-01
3.269673e+01 -9.860436e+00 -7.700974e-01
3.270673e+01 -9.758631e+00 -7.734311e-01
3.271673e+01 -9.766637e+00 -7.767443e-01
3.272673e+01 -9.853814e+00 -7.800371e-01
3.273673e+01 -9.872546e+00 -7.833099e-01
3.274673e+01 -9.911548e+00 -7.865627e-01
3.275672e+01 -9.769061e+00 -7.897959e-01
3.276672e+01 -9.865730e+00 -7.930096e-01
3.277672e+01 -9.729675e+00 -7.962040e-01
3.278672e+01 -9.754364e+00 -7.993794e-01
3.279672e+01 -9.787407e+00 -8.025359e-01
3.280672e+01 -9.776429e+00 -8.056738e-01
3.281672e+01 -9.760091e+00 -8.087933e-01
3.282672e+01 -9.734691e+00 -8.118945e-01
3.283672e+01 -9.682039e+00 -8.149777e-01
3.284672e+01 -9.649226e+00 -8.180432e-01
3.285671e+01 -9.574762e+00 -8.210910e-01
3.286671e+01 -9.484931e+00 -8.241215e-01
3.287671e+01 -9.440247e+00 -8.271348e-01
3.288671e+01 -9.566176e+00 -8.301311e-01
3.289671e+01 -9.440757e+00 -8.331106e-01
3.290671e+01 -9.230612e+00 -8.360736e-01
3.291671e+01 -9.286944e+00 -8.390203e-01
3.292671e+01 -9.222256e+00 -8.419507e-01
3.293671e+01 -9.211173e+00 -8.448653e-01
3.294671e+01 -9.141447e+00 -8.477640e-01
3.295670e+01 -9.068950e+00 -8.506473e-01
3.296670e+01 -8.983212e+00 -8.535152e-01
3.297670e+01 -8.812125e+00 -8.563679e-01
3.298670e+01 -8.782067e+00 -8.592057e-01
3.299670e+01 -8.755891e+00 -8.620287e-01
3.300670e+01 -8.707630e+00 -8.648372e-01
3.301670e+01 -8.758257e+00 -8.676314e-01
3.302670e+01 -8.600663e+00 -8.704113e-01
3.303670e+01 -8.563969e+00 -8.731773e-01
3.304670e+01 -8.532204e+00 -8.759296e-01
3.305669e+01 -8.345480e+00 -8.786682e-01
3.306669e+01 -8.273285e+00 -8.813934e-01
3.307669e+01 -8.321051e+00 -8.841055e-01
3.308669e+01 -8.230511e+00 -8.868045e-01
3.309669e+01 -8.142223e+00 -8.894907e-01
3.310669e+01 -8.102114e+00 -8.921643e-01
3.311669e+01 -8.103753e+00 -8.948254e-01
3.312669e+01 -8.059042e+00 -8.974742e-01
3.313669e+01 -8.018073e+00 -9.001109e-01
3.314669e+01 -7.911481e+00 -9.027358e-01
3.315668e+01 -7.905012e+00 -9.053489e-01
3.316668e+01 -7.792078e+00 -9.079504e-01
3.317668e+01 -7.807906e+00 -9.105406e-01
3.318668e+01 -7.727372e+00 -9.131196e-01
3.319668e+01 -7.719067e+00 -9.156875e-01
3.320668e+01 -7.764321e+00 -9.182446e-01
3.321668e+01 -7.704513e+00 -9.207911e-01
3.322668e+01 -7.671516e+00 -9.233270e-01
3.323668e+01 -7.715324e+00 -9.258526e-01
3.324668e+01 -7.652769e+00 -9.283680e-01
3.325667e+01 -7.758381e+00 -9.308735e-01
3.326667e+01 -7.754711e+00 -9.333690e-01
3.327667e+01 -7.607490e+00 -9.358550e-01
3.328667e+01 -7.649743e+00 -9.383314e-01
3.329667e+01 -7.662850e+00 -9.407984e-01
3.330667e+01 -7.697487e+00 -9.432563e-01
3.331667e+01 -7.744960e+00 -9.457051e-01
3.332667e+01 -7.765649e+00 -9.481451e-01
3.333667e+01 -7.770494e+00 -9.505763e-01
3.334667e+01 -7.840543e+00 -9.529990e-01
3.335666e+01 -7.880593e+00 -9.554133e-01
3.336666e+01 -7.953777e+00 -9.578193e-01
3.337666e+01 -7.932862e+00 -9.602172e-01
3.338666e+01 -8.012004e+00 -9.626071e-01
3.339666e+01 -8.110054e+00 -9.649892e-01
3.340666e+01 -8.109371e+00 -9.673636e-01
3.341666e+01 -8.225800e+00 -9.697305e-01
3.342666e+01 -8.187126e+00 -9.720900e-01
3.343666e+01 -8.208665e+00 -9.744423e-01
3.344666e+01 -8.266579e+00 -9.767874e-01
3.345665e+01 -8.310903e+00 -9.791256e-01
3.346665e+01 -8.447678e+00 -9.814569e-01
3.347665e+01 -8.443029e+00 -9.837815e-01
3.348665e+01 -8.569352e+00 -9.860995e-01
3.349665e+01 -8.569822e+00 -9.884112e-01
3.350665e+01 -8.663481e+00 -9.907164e-01
3.351665e+01 -8.686740e+00 -9.930155e-01
3.352665e+01 -8.771267e+00 -9.953086e-01
3.353665e+01 -8.761488e+00 -9.975957e-01
3.354665e+01 -8.875268e+00 -9.998770e-01
3.355664e+01 -8.874230e+00 -1.002153e+00
3.356664e+01 -8.982564e+00 -1.004423e+00
3.357664e+01 -9.156409e+00 -1.006687e+00
3.358664e+01 -9.108283e+00 -1.008947e+00
3.359664e+01 -9.195914e+00 -1.011201e+00
3.360664e+01 -9.249619e+00 -1.013450e+00
3.361664e+01 -9.230144e+00 -1.015693e+00
3.362664e+01 -9.210542e+00 -1.017933e+00
3.363664e+01 -9.290416e+00 -1.020167e+00
3.364664e+01 -9.423049e+00 -1.022397e+00
3.365663e+01 -9.485912e+00 -1.024622e+00
3.366663e+01 -9.335874e+00 -1.026842e+00
3.367663e+01 -9.494858e+00 -1.029059e+00
3.368663e+01 -9.505144e+00 -1.031271e+00
3.369663e+01 -9.447933e+00 -1.033479e+00
3.370663e+01 -9.587864e+00 -1.035683e+00
3.371663e+01 -9.489922e+00 -1.037882e+00
3.372663e+01 -9.544641e+00 -1.040079e+00
3.373663e+01 -9.483505e+00 -1.042271e+00
3.374663e+01 -9.682243e+00 -1.044460e+00
3.375662e+01 -9.510343e+00 -1.046645e+00
3.376662e+01 -9.503020e+00 -1.048826e+00
3.377662e+01 -9.466459e+00 -1.051005e+00
3.378662e+01 -9.495060e+00 -1.053180e+00
3.379662e+01 -9.585652e+00 -1.055352e+00
3.380662e+01 -9.542681e+00 -1.057520e+00
3.381662e+01 -9.403662e+00 -1.059686e+00
3.382662e+01 -9.420594e+00 -1.061848e+00
3.383662e+01 -9.377072e+00 -1.064008e+00
3.384662e+01 -9.305278e+00 -1.066165e+00
3.385661e+01 -9.330717e+00 -1.068319e+00
3.386661e+01 -9.197314e+00 -1.070471e+00
3.387661e+01 -9.215191e+00 -1.072620e+00
3.388661e+01 -9.198352e+00 -1.074767e+00
3.389661e+01 -9.036940e+00 -1.076911e+00
3.390661e+01 -9.110008e+00 -1.079053e+00
3.391661e+01 -8.901173e+00 -1.081192e+00
3.392661e+01 -8.882920e+00 -1.083330e+00
3.393661e+01 -8.899371e+00 -1.085465e+00
3.394661e+01 -8.840986e+00 -1.087598e+00
3.395660e+01 -8.778371e+00 -1.089729e+00
3.396660e+01 -8.700957e+00 -1.091858e+00
3.397660e+01 -8.609460e+00 -1.093985e+00
3.398660e+01 -8.515498e+00 -1.096111e+00
3.399660e+01 -8.386065e+00 -1.098234e+00
3.400660e+01 -8.368676e+00 -1.100356e+00
3.401660e+01 -8.334235e+00 -1.102477e+00
3.402660e+01 -8.220889e+00 -1.104595e+00
3.403660e+01 -8.246453e+00 -1.106712e+00
3.404660e+01 -8.171961e+00 -1.108828e+00
3.405659e+01 -8.150046e+00 -1.110942e+00
3.406659e+01 -8.050142e+00 -1.113055e+00
3.407659e+01 -7.920510e+00 -1.115167e+00
3.408659e+01 -7.913753e+00 -1.117277e+00
3.409659e+01 -7.891423e+00 -1.119386e+00
3.410659e+01 -7.760986e+00 -1.121493e+00
3.411659e+01 -7.694291e+00 -1.123600e+00
3.412659e+01 -7.711599e+00 -1.125705e+00
3.413659e+01 -7.699473e+00 -1.127810e+00
3.414659e+01 -7.595910e+00 -1.129913e+00
3.415658e+01 -7.449256e+00 -1.132016e+00
3.416658e+01 -7.460190e+00 -1.134117e+00
3.417658e+01 -7.424692e+00 -1.136217e+00
3.418658e+01 -7.423666e+00 -1.138317e+00
3.419658e+01 -7.490634e+00 -1.140416e+00
3.420658e+01 -7.345804e+00 -1.142514e+00
3.421658e+01 -7.473206e+00 -1.144611e+00
3.422658e+01 -7.386537e+00 -1.146707e+00
3.423658e+01 -7.278357e+00 -1.148803e+00
3.424658e+01 -7.392314e+00 -1.150898e+00
3.425657e+01 -7.421269e+00 -1.152992e+00
3.426657e+01 -7.319576e+00 -1.155085e+00
3.427657e+01 -7.398683e+00 -1.157178e+00
3.428657e+01 -7.378786e+00 -1.159270e+00
3.429657e+01 -7.427245e+00 -1.161362e+00
3.430657e+01 -7.396104e+00 -1.163453e+00
3.431657e+01 -7.507733e+00 -1.165544e+00
3.432657e+01 -7.422912e+00 -1.167634e+00
3.433657e+01 -7.400340e+00 -1.169723e+00
3.434657e+01 -7.442762e+00 -1.171812e+00
3.435656e+01 -7.566829e+00 -1.173901e+00
3.436656e+01 -7.549221e+00 -1.175988e+00
3.437656e+01 -7.547027e+00 -1.178076e+00
3.438656e+01 -7.559458e+00 -1.180163e+00
3.439656e+01 -7.620562e+00 -1.182249e+00
3.440656e+01 -7.712689e+00 -1.184335e+00
3.441656e+01 -7.722754e+00 -1.186421e+00
3.442656e+01 -7.863321e+00 -1.188506e+00
3.443656e+01 -7.880653e+00 -1.190591e+00
3.444656e+01 -7.902438e+00 -1.192675e+00
3.445655e+01 -7.973707e+00 -1.194759e+00
3.446655e+01 -8.153543e+00 -1.196842e+00
3.447655e+01 -8.158387e+00 -1.198925e+00
3.448655e+01 -8.274140e+00 -1.201007e+00
3.449655e+01 -8.218063e+00 -1.203089e+00
3.450655e+01 -8.296498e+00 -1.205170e+00
3.451655e+01 -8.283226e+00 -1.207251e+00
3.452655e+01 -8.380035e+00 -1.209331e+00
3.453655e+01 -8.493875e+00 -1.211411e+00
3.454655e+01 -8.499018e+00 -1.213490e+00
3.455654e+01 -8.617181e+00 -1.215569e+00
3.456654e+01 -8.630842e+00 -1.217647e+00
3.457654e+01 -8.742083e+00 -1.219724e+00
3.458654e+01 -8.758216e+00 -1.221801e+00
3.459654e+01 -8.792266e+00 -1.223877e+00
3.460654e+01 -8.815864e+00 -1.225953e+00
3.461654e+01 -8.878540e+00 -1.228028e+00
3.462654e+01 -8.942870e+00 -1.230102e+00
3.463654e+01 -9.015746e+00 -1.232175e+00
3.464654e+01 -9.007568e+00 -1.234248e+00
3.465653e+01 -9.046718e+00 -1.236320e+00
3.466653e+01 -9.065197e+00 -1.238391e+00
3.467653e+01 -9.043793e+00 -1.240461e+00
3.468653e+01 -9.117097e+00 -1.242530e+00
3.469653e+01 -9.229724e+00 -1.244598e+00
3.470653e+01 -9.160215e+00 -1.246665e+00
3.471653e+01 -9.198264e+00 -1.248732e+00
3.472653e+01 -9.289915e+00 -1.250797e+00
3.473653e+01 -9.204111e+00 -1.252861e+00
3.474653e+01 -9.278317e+00 -1.254924e+00
3.475652e+01 -9.116689e+00 -1.256985e+00
3.476652e+01 -9.183057e+00 -1.259045e+00
3.477652e+01 -9.129597e+00 -1.261104e+00
3.478652e+01 -9.162321e+00 -1.263162e+00
3.479652e+01 -9.105760e+00 -1.265218e+00
3.480652e+01 -9.024105e+00 -1.267273e+00
3.481652e+01 -9.079649e+00 -1.269326e+00
3.482652e+01 -9.125313e+00 -1.271378e+00
3.483652e+01 -9.022297e+00 -1.273427e+00
3.484652e+01 -8.923970e+00 -1.275476e+00
3.485651e+01 -8.925031e+00 -1.277522e+00
3.486651e+01 -8.847555e+00 -1.279566e+00
3.487651e+01 -8.742040e+00 -1.281609e+00
3.488651e+01 -8.841402e+00 -1.283649e+00
3.489651e+01 -8.637243e+00 -1.285687e+00
3.490651e+01 -8.664936e+00 -1.287723e+00
3.491651e+01 -8.543041e+00 -1.289757e+00
3.492651e+01 -8.481465e+00 -1.291789e+00
3.493651e+01 -8.454636e+00 -1.293818e+00
3.494651e+01 -8.462209e+00 -1.295845e+00
3.495650e+01 -8.345178e+00 -1.297869e+00
3.496650e+01 -8.269015e+00 -1.299890e+00
3.497650e+01 -8.224586e+00 -1.301908e+00
3.498650e+01 -8.166981e+00 -1.303924e+00
3.499650e+01 -8.113173e+00 -1.305937e+00
3.500650e+01 -8.121224e+00 -1.307946e+00
3.501650e+01 -8.076565e+00 -1.309953e+00
3.502650e+01 -7.999085e+00 -1.311956e+00
3.503650e+01 -7.885545e+00 -1.313956e+00
3.504650e+01 -7.815129e+00 -1.315952e+00
3.505649e+01 -7.706185e+00 -1.317945e+00
3.506649e+01 -7.701010e+00 -1.319934e+00
3.507649e+01 -7.606399e+00 -1.321919e+00
3.508649e+01 -7.555845e+00 -1.323900e+00
3.509649e+01 -7.438330e+00 -1.325877e+00
3.510649e+01 -7.411673e+00 -1.327850e+00
3.511649e+01 -7.339889e+00 -1.329819e+00
3.512649e+01 -7.280680e+00 -1.331783e+00
3.513649e+01 -7.335653e+00 -1.333743e+00
3.514649e+01 -7.209634e+00 -1.335698e+00
3.515648e+01 -7.157612e+00 -1.337648e+00
3.516648e+01 -7.113281e+00 -1.339593e+00
3.517648e+01 -7.126912e+00 -1.341533e+00
3.518648e+01 -7.070588e+00 -1.343468e+00
3.519648e+01 -7.050618e+00 -1.345397e+00
3.520648e+01 -7.060268e+00 -1.347321e+00
3.521648e+01 -7.073411e+00 -1.349239e+00
3.522648e+01 -6.995179e+00 -1.351152e+00
3.523648e+01 -7.035215e+00 -1.353058e+00
3.524648e+01 -6.989156e+00 -1.354958e+00
3.525647e+01 -6.992695e+00 -1.356852e+00
3.526647e+01 -7.009715e+00 -1.358740e+00
3.527647e+01 -6.926416e+00 -1.360620e+00
3.528647e+01 -6.974904e+00 -1.362494e+00
3.529647e+01 -7.040619e+00 -1.364361e+00
3.530647e+01 -7.043081e+00 -1.366221e+00
3.531647e+01 -7.077200e+00 -1.368074e+00
3.532647e+01 -7.033356e+00 -1.369919e+00
3.533647e+01 -7.057143e+00 -1.371756e+00
3.534647e+01 -7.123989e+00 -1.373586e+00
3.535646e+01 -7.184033e+00 -1.375407e+00
3.536646e+01 -7.240745e+00 -1.377221e+00
3.537646e+01 -7.301964e+00 -1.379026e+00
3.538646e+01 -7.363212e+00 -1.380822e+00
3.539646e+01 -7.282559e+00 -1.382609e+00
3.540646e+01 -7.358363e+00 -1.384388e+00
3.541646e+01 -7.432424e+00 -1.386157e+00
3.542646e+01 -7.549075e+00 -1.387917e+00
3.543646e+01 -7.434677e+00 -1.389667e+00
3.544646e+01 -7.610159e+00 -1.391408e+00
3.545645e+01 -7.704735e+00 -1.393138e+00
3.546645e+01 -7.644772e+00 -1.394858e+00
3.547645e+01 -7.781122e+00 -1.396568e+00
3.548645e+01 -7.808663e+00 -1.398267e+00
3.549645e+01 -7.881503e+00 -1.399955e+00
3.550645e+01 -7.832124e+00 -1.401632e+00
3.551645e+01 -7.951546e+00 -1.403298e+00
3.552645e+01 -8.075513e+00 -1.404952e+00
3.553645e+01 -8.082422e+00 -1.406595e+00
3.554645e+01 -8.237848e+00 -1.408225e+00
3.555644e+01 -8.245446e+00 -1.409843e+00
3.556644e+01 -8.329506e+00 -1.411449e+00
3.557644e+01 -8.313415e+00 -1.413042e+00
3.558644e+01 -8.361327e+00 -1.414622e+00
3.559644e+01 -8.437212e+00 -1.416189e+00
3.560644e+01 -8.490119e+00 -1.417743e+00
3.561644e+01 -8.449883e+00 -1.419283e+00
3.562644e+01 -8.602191e+00 -1.420808e+00
3.563644e+01 -8.652266e+00 -1.422320e+00
3.564644e+01 -8.698799e+00 -1.423818e+00
3.565643e+01 -8.632797e+00 -1.425301e+00
3.566643e+01 -8.679816e+00 -1.426769e+00
3.567643e+01 -8.787079e+00 -1.428221e+00
3.568643e+01 -8.726914e+00 -1.429659e+00
3.569643e+01 -8.781701e+00 -1.431081e+00
3.570643e+01 -8.808268e+00 -1.432487e+00
3.571643e+01 -8.828901e+00 -1.433877e+00
3.572643e+01 -8.808711e+00 -1.435250e+00
3.573643e+01 -8.771634e+00 -1.436607e+00
3.574643e+01 -8.846622e+00 -1.437947e+00
3.575642e+01 -8.782165e+00 -1.439270e+00
3.576642e+01 -8.858183e+00 -1.440576e+00
3.577642e+01 -8.798881e+00 -1.441864e+00
3.578642e+01 -8.785116e+00 -1.443134e+00
3.579642e+01 -8.663575e+00 -1.444387e+00
3.580642e+01 -8.695232e+00 -1.445620e+00
3.581642e+01 -8.669797e+00 -1.446836e+00
3.582642e+01 -8.622040e+00 -1.448032e+00
3.583642e+01 -8.616140e+00 -1.449210e+00
3.584642e+01 -8.638534e+00 -1.450368e+00
3.585641e+01 -8.517351e+00 -1.451506e+00
3.586641e+01 -8.516336e+00 -1.452625e+00
3.587641e+01 -8.412709e+00 -1.453724e+00
3.588641e+01 -8.312080e+00 -1.454803e+00
3.589641e+01 -8.327942e+00 -1.455861e+00
3.590641e+01 -8.229660e+00 -1.456899e+00
3.591641e+01 -8.244898e+00 -1.457916e+00
3.592641e+01 -8.095622e+00 -1.458912e+00
3.593641e+01 -8.165699e+00 -1.459886e+00
3.594641e+01 -8.035727e+00 -1.460839e+00
3.595640e+01 -7.927589e+00 -1.461771e+00
3.596640e+01 -7.933497e+00 -1.462680e+00
3.597640e+01 -7.841081e+00 -1.463568e+00
3.598640e+01 -7.697265e+00 -1.464433e+00
3.599640e+01 -7.749575e+00 -1.465276e+00
3.600640e+01 -7.686620e+00 -1.466096e+00
3.601640e+01 -7.558131e+00 -1.466894e+00
3.602640e+01 -7.580335e+00 -1.467669e+00
3.603640e+01 -7.406845e+00 -1.468420e+00
3.604640e+01 -7.350035e+00 -1.469149e+00
3.605639e+01 -7.301300e+00 -1.469854e+00
3.606639e+01 -7.246589e+00 -1.470536e+00
3.607639e+01 -7.259761e+00 -1.471194e+00
3.608639e+01 -7.192938e+00 -1.471829e+00
3.609639e+01 -7.102407e+00 -1.472440e+00
3.610639e+01 -7.041358e+00 -1.473027e+00
3.611639e+01 -6.952303e+00 -1.473591e+00
3.612639e+01 -6.963867e+00 -1.474130e+00
3.613639e+01 -6.907727e+00 -1.474646e+00
3.614639e+01 -6.941170e+00 -1.475137e+00
3.615638e+01 -6.881572e+00 -1.475605e+00
3.616638e+01 -6.707257e+00 -1.476048e+00
3.617638e+01 -6.718615e+00 -1.476467e+00
3.618638e+01 -6.656338e+00 -1.476862e+00
3.619638e+01 -6.700308e+00 -1.477233e+00
3.620638e+01 -6.698939e+00 -1.477581e+00
3.621638e+01 -6.579430e+00 -1.477904e+00
3.622638e+01 -6.662805e+00 -1.478203e+00
3.623638e+01 -6.645052e+00 -1.478478e+00
3.624638e+01 -6.625311e+00 -1.478730e+00
3.625637e+01 -6.660577e+00 -1.478958e+00
3.626637e+01 -6.584367e+00 -1.479163e+00
3.627637e+01 -6.561075e+00 -1.479344e+00
3.628637e+01 -6.593283e+00 -1.479502e+00
3.629637e+01 -6.617329e+00 -1.479637e+00
3.630637e+01 -6.713449e+00 -1.479750e+00
3.631637e+01 -6.602620e+00 -1.479839e+00
3.632637e+01 -6.737448e+00 -1.479906e+00
3.633637e+01 -6.745773e+00 -1.479952e+00
3.634637e+01 -6.833187e+00 -1.479975e+00
3.635636e+01 -6.849655e+00 -1.479976e+00
3.636636e+01 -6.798021e+00 -1.479956e+00
3.637636e+01 -6.854270e+00 -1.479915e+00
3.638636e+01 -6.935969e+00 -1.479854e+00
3.639636e+01 -6.985698e+00 -1.479772e+00
3.640636e+01 -6.983455e+00 -1.479670e+00
3.641636e+01 -6.995273e+00 -1.479548e+00
3.642636e+01 -7.114407e+00 -1.479407e+00
3.643636e+01 -7.200667e+00 -1.479248e+00
3.644636e+01 -7.286610e+00 -1.479070e+00
3.645635e+01 -7.323243e+00 -1.478874e+00
3.646635e+01 -7.360123e+00 -1.478661e+00
3.647635e+01 -7.381852e+00 -1.478430e+00
3.648635e+01 -7.379011e+00 -1.478184e+00
3.649635e+01 -7.424773e+00 -1.477921e+00
3.650635e+01 -7.551775e+00 -1.477644e+00
3.651635e+01 -7.572240e+00 -1.477351e+00
3.652635e+01 -7.673747e+00 -1.477044e+00
3.653635e+01 -7.659523e+00 -1.476724e+00
3.654635e+01 -7.738610e+00 -1.476391e+00
3.655634e+01 -7.913452e+00 -1.476046e+00
3.656634e+01 -7.828629e+00 -1.475688e+00
3.657634e+01 -7.911371e+00 -1.475320e+00
3.658634e+01 -7.981417e+00 -1.474942e+00
3.659634e+01 -8.013953e+00 -1.474554e+00
3.660634e+01 -7.949921e+00 -1.474157e+00
3.661634e+01 -8.181541e+00 -1.473752e+00
3.662634e+01 -8.230946e+00 -1.473340e+00
3.663634e+01 -8.108666e+00 -1.472921e+00
3.664634e+01 -8.256665e+00 -1.472496e+00
3.665633e+01 -8.259557e+00 -1.472067e+00
3.666633e+01 -8.304237e+00 -1.471633e+00
3.667633e+01 -8.363716e+00 -1.471195e+00
3.668633e+01 -8.254242e+00 -1.470755e+00
3.669633e+01 -8.272473e+00 -1.470314e+00
3.670633e+01 -8.481976e+00 -1.469871e+00
3.671633e+01 -8.385630e+00 -1.469429e+00
3.672633e+01 -8.421034e+00 -1.468987e+00
3.673633e+01 -8.431192e+00 -1.468547e+00
3.674633e+01 -8.416996e+00 -1.468110e+00
3.675632e+01 -8.447205e+00 -1.467676e+00
3.676632e+01 -8.363548e+00 -1.467247e+00
3.677632e+01 -8.322666e+00 -1.466822e+00
3.678632e+01 -8.305799e+00 -1.466405e+00
3.679632e+01 -8.293095e+00 -1.465994e+00
3.680632e+01 -8.242014e+00 -1.465591e+00
3.681632e+01 -8.230880e+00 -1.465197e+00
3.682632e+01 -8.210379e+00 -1.464814e+00
3.683632e+01 -8.131104e+00 -1.464441e+00
3.684632e+01 -8.222733e+00 -1.464079e+00
3.685631e+01 -8.130879e+00 -1.463731e+00
3.686631e+01 -8.120370e+00 -1.463396e+00
3.687631e+01 -8.014166e+00 -1.463075e+00
3.688631e+01 -7.905282e+00 -1.462770e+00
3.689631e+01 -7.917045e+00 -1.462481e+00
3.690631e+01 -7.830711e+00 -1.462210e+00
3.691631e+01 -7.877374e+00 -1.461956e+00
3.692631e+01 -7.660014e+00 -1.461722e+00
3.693631e+01 -7.736875e+00 -1.461507e+00
3.694631e+01 -7.748683e+00 -1.461314e+00
3.695630e+01 -7.547358e+00 -1.461142e+00
3.696630e+01 -7.519618e+00 -1.460992e+00
3.697630e+01 -7.460942e+00 -1.460866e+00
3.698630e+01 -7.353669e+00 -1.460764e+00
3.699630e+01 -7.295773e+00 -1.460687e+00
3.700630e+01 -7.341932e+00 -1.460636e+00
3.701630e+01 -7.208535e+00 -1.460611e+00
3.702630e+01 -7.132340e+00 -1.460614e+00
3.703630e+01 -7.041834e+00 -1.460646e+00
3.704630e+01 -6.963201e+00 -1.460706e+00
3.705629e+01 -6.938869e+00 -1.460796e+00
3.706629e+01 -6.912273e+00 -1.460916e+00
3.707629e+01 -6.713941e+00 -1.461068e+00
3.708629e+01 -6.736552e+00 -1.461251e+00
3.709629e+01 -6.722275e+00 -1.461467e+00
3.710629e+01 -6.553192e+00 -1.461716e+00
3.711629e+01 -6.670981e+00 -1.461999e+00
3.712629e+01 -6.499301e+00 -1.462317e+00
3.713629e+01 -6.425157e+00 -1.462669e+00
3.714629e+01 -6.429406e+00 -1.463058e+00
3.715628e+01 -6.340180e+00 -1.463482e+00
3.716628e+01 -6.319666e+00 -1.463944e+00
3.717628e+01 -6.336711e+00 -1.464442e+00
3.718628e+01 -6.265756e+00 -1.464979e+00
3.719628e+01 -6.284513e+00 -1.465554e+00
3.720628e+01 -6.299755e+00 -1.466168e+00
3.721628e+01 -6.172602e+00 -1.466821e+00
3.722628e+01 -6.153547e+00 -1.467513e+00
3.723628e+01 -6.193996e+00 -1.468246e+00
3.724628e+01 -6.192907e+00 -1.469019e+00
3.725627e+01 -6.178612e+00 -1.469834e+00
3.726627e+01 -6.189041e+00 -1.470689e+00
3.727627e+01 -6.130606e+00 -1.471586e+00
3.728627e+01 -6.244505e+00 -1.472524e+00
3.729627e+01 -6.192006e+00 -1.473505e+00
3.730627e+01 -6.186177e+00 -1.474528e+00
3.731627e+01 -6.324972e+00 -1.475594e+00
3.732627e+01 -6.182397e+00 -1.476703e+00
3.733627e+01 -6.292890e+00 -1.477855e+00
3.734627e+01 -6.333974e+00 -1.479050e+00
3.735626e+01 -6.307589e+00 -1.480288e+00
3.736626e+01 -6.442173e+00 -1.481570e+00
3.737626e+01 -6.406785e+00 -1.482896e+00
3.738626e+01 -6.508222e+00 -1.484265e+00
3.739626e+01 -6.482000e+00 -1.485678e+00
3.740626e+01 -6.551577e+00 -1.487135e+00
3.741626e+01 -6.552446e+00 -1.488637e+00
3.742626e+01 -6.710265e+00 -1.490182e+00
3.743626e+01 -6.687806e+00 -1.491771e+00
3.744626e+01 -6.704723e+00 -1.493404e+00
3.745625e+01 -6.859248e+00 -1.495081e+00
3.746625e+01 -6.906410e+00 -1.496802e+00
3.747625e+01 -6.858140e+00 -1.498567e+00
3.748625e+01 -6.988731e+00 -1.500376e+00
3.749625e+01 -6.948451e+00 -1.502229e+00
3.750625e+01 -7.099912e+00 -1.504125e+00
3.751625e+01 -7.172117e+00 -1.506065e+00
3.752625e+01 -7.260024e+00 -1.508048e+00
3.753625e+01 -7.222416e+00 -1.510075e+00
3.754625e+01 -7.402322e+00 -1.512144e+00
3.755624e+01 -7.427766e+00 -1.514257e+00
3.756624e+01 -7.373091e+00 -1.516412e+00
3.757624e+01 -7.532150e+00 -1.518609e+00
3.758624e+01 -7.545434e+00 -1.520849e+00
3.759624e+01 -7.595388e+00 -1.523132e+00
3.760624e+01 -7.572275e+00 -1.525455e+00
3.761624e+01 -7.662984e+00 -1.527821e+00
3.762624e+01 -7.789132e+00 -1.530228e+00
3.763624e+01 -7.735188e+00 -1.532676e+00
3.764624e+01 -7.736848e+00 -1.535164e+00
3.765623e+01 -7.837716e+00 -1.537694e+00
3.766623e+01 -7.854586e+00 -1.540263e+00
3.767623e+01 -7.871944e+00 -1.542872e+00
3.768623e+01 -7.901829e+00 -1.545521e+00
3.769623e+01 -7.919491e+00 -1.548209e+00
3.770623e+01 -7.840924e+00 -1.550936e+00
3.771623e+01 -7.956753e+00 -1.553702e+00
3.772623e+01 -7.921590e+00 -1.556506e+00
3.773623e+01 -7.959499e+00 -1.559347e+00
3.774623e+01 -8.008257e+00 -1.562226e+00
3.775622e+01 -7.861352e+00 -1.565143e+00
3.776622e+01 -8.027864e+00 -1.568096e+00
3.777622e+01 -7.949916e+00 -1.571085e+00
3.778622e+01 -7.931651e+00 -1.574110e+00
3.779622e+01 -7.951367e+00 -1.577171e+00
3.780622e+01 -7.973056e+00 -1.580267e+00
3.781622e+01 -7.692090e+00 -1.583398e+00
3.782622e+01 -7.783741e+00 -1.586563e+00
3.783622e+01 -7.694348e+00 -1.589762e+00
3.784622e+01 -7.747654e+00 -1.592995e+00
3.785621e+01 -7.627795e+00 -1.596261e+00
3.786621e+01 -7.711577e+00 -1.599559e+00
3.787621e+01 -7.651882e+00 -1.602890e+00
3.788621e+01 -7.539998e+00 -1.606252e+00
3.789621e+01 -7.550061e+00 -1.609646e+00
3.790621e+01 -7.388424e+00 -1.613071e+00
3.791621e+01 -7.420573e+00 -1.616527e+00
3.792621e+01 -7.327234e+00 -1.620012e+00
3.793621e+01 -7.300552e+00 -1.623527e+00
3.794621e+01 -7.206274e+00 -1.627072e+00
3.795620e+01 -7.051573e+00 -1.630645e+00
3.796620e+01 -7.045087e+00 -1.634246e+00
3.797620e+01 -6.816722e+00 -1.637876e+00
3.798620e+01 -6.911820e+00 -1.641532e+00
3.799620e+01 -6.856107e+00 -1.645216e+00
3.800620e+01 -6.831892e+00 -1.648926e+00
3.801620e+01 -6.733158e+00 -1.652662e+00
3.802620e+01 -6.695328e+00 -1.656424e+00
3.803620e+01 -6.708931e+00 -1.660211e+00
3.804620e+01 -6.540034e+00 -1.664022e+00
3.805619e+01 -6.513791e+00 -1.667858e+00
3.806619e+01 -6.440916e+00 -1.671717e+00
3.807619e+01 -6.341223e+00 -1.675600e+00
3.808619e+01 -6.338592e+00 -1.679506e+00
3.809619e+01 -6.170837e+00 -1.683434e+00
3.810619e+01 -6.198794e+00 -1.687384e+00
3.811619e+01 -6.084134e+00 -1.691356e+00
3.812619e+01 -6.131193e+00 -1.695349e+00
3.813619e+01 -5.921440e+00 -1.699362e+00
3.814619e+01 -6.096931e+00 -1.703395e+00
3.815618e+01 -5.881724e+00 -1.707449e+00
3.816618e+01 -5.931665e+00 -1.711521e+00
3.817618e+01 -5.909900e+00 -1.715612e+00
3.818618e+01 -5.914876e+00 -1.719722e+00
3.819618e+01 -5.774459e+00 -1.723850e+00
3.820618e+01 -5.843218e+00 -1.727995e+00
3.821618e+01 -5.731032e+00 -1.732157e+00
3.822618e+01 -5.683692e+00 -1.736336e+00
3.823618e+01 -5.766018e+00 -1.740531e+00
3.824618e+01 -5.634529e+00 -1.744741e+00
3.825617e+01 -5.727174e+00 -1.748967e+00
3.826617e+01 -5.711800e+00 -1.753208e+00
3.827617e+01 -5.691994e+00 -1.757463e+00
3.828617e+01 -5.797163e+00 -1.761732e+00
3.829617e+01 -5.696709e+00 -1.766015e+00
3.830617e+01 -5.677901e+00 -1.770311e+00
3.831617e+01 -5.784072e+00 -1.774620e+00
3.832617e+01 -5.761960e+00 -1.778941e+00
3.833617e+01 -5.812154e+00 -1.783274e+00
3.834617e+01 -5.808289e+00 -1.787618e+00
3.835616e+01 -5.876304e+00 -1.791974e+00
3.836616e+01 -5.826364e+00 -1.796340e+00
3.837616e+01 -5.940770e+00 -1.800716e+00
3.838616e+01 -5.993957e+00 -1.805102e+00
3.839616e+01 -6.124131e+00 -1.809498e+00
3.840616e+01 -6.108175e+00 -1.813902e+00
3.841616e+01 -6.159094e+00 -1.818315e+00
3.842616e+01 -6.198616e+00 -1.822737e+00
3.843616e+01 -6.262832e+00 -1.827166e+00
3.844616e+01 -6.392530e+00 -1.831602e+00
3.845615e+01 -6.267856e+00 -1.836046e+00
3.846615e+01 -6.482589e+00 -1.840496e+00
3.847615e+01 -6.461258e+00 -1.844952e+00
3.848615e+01 -6.569588e+00 -1.849415e+00
3.849615e+01 -6.550307e+00 -1.853882e+00
3.850615e+01 -6.715326e+00 -1.858355e+00
3.851615e+01 -6.696612e+00 -1.862832e+00
3.852615e+01 -6.784714e+00 -1.867314e+00
3.853615e+01 -6.798416e+00 -1.871800e+00
3.854615e+01 -6.838236e+00 -1.876289e+00
3.855614e+01 -6.933005e+00 -1.880781e+00
3.856614e+01 -6.964324e+00 -1.885277e+00
3.857614e+01 -7.034241e+00 -1.889774e+00
3.858614e+01 -7.157166e+00 -1.894274e+00
3.859614e+01 -7.099813e+00 -1.898776e+00
3.860614e+01 -7.213639e+00 -1.903279e+00
3.861614e+01 -7.224977e+00 -1.907783e+00
3.862614e+01 -7.257485e+00 -1.912287e+00
3.863614e+01 -7.288783e+00 -1.916792e+00
3.864614e+01 -7.331255e+00 -1.921297e+00
3.865613e+01 -7.460145e+00 -1.925801e+00
3.866613e+01 -7.365349e+00 -1.930305e+00
3.867613e+01 -7.411200e+00 -1.934808e+00
3.868613e+01 -7.454244e+00 -1.939309e+00
3.869613e+01 -7.453415e+00 -1.943809e+00
3.870613e+01 -7.424900e+00 -1.948307e+00
3.871613e+01 -7.495794e+00 -1.952802e+00
3.872613e+01 -7.584826e+00 -1.957294e+00
3.873613e+01 -7.488385e+00 -1.961784e+00
3.874613e+01 -7.486317e+00 -1.966270e+00
3.875612e+01 -7.495202e+00 -1.970752e+00
3.876612e+01 -7.524873e+00 -1.975230e+00
3.877612e+01 -7.497051e+00 -1.979704e+00
3.878612e+01 -7.431409e+00 -1.984174e+00
3.879612e+01 -7.420550e+00 -1.988638e+00
3.880612e+01 -7.387864e+00 -1.993097e+00
3.881612e+01 -7.446908e+00 -1.997551e+00
3.882612e+01 -7.340917e+00 -2.001999e+00
3.883612e+01 -7.183113e+00 -2.006441e+00
3.884612e+01 -7.273635e+00 -2.010876e+00
3.885611e+01 -7.273277e+00 -2.015304e+00
3.886611e+01 -7.202927e+00 -2.019726e+00
3.887611e+01 -7.156107e+00 -2.024140e+00
3.888611e+01 -7.065195e+00 -2.028547e+00
3.889611e+01 -7.066520e+00 -2.032946e+00
3.890611e+01 -7.005630e+00 -2.037336e+00
3.891611e+01 -6.980002e+00 -2.041718e+00
3.892611e+01 -6.884470e+00 -2.046092e+00
3.893611e+01 -6.799690e+00 -2.050456e+00
3.894611e+01 -6.842287e+00 -2.054811e+00
3.895610e+01 -6.727789e+00 -2.059157e+00
3.896610e+01 -6.588146e+00 -2.063493e+00
3.897610e+01 -6.447753e+00 -2.067819e+00
3.898610e+01 -6.432446e+00 -2.072135e+00
3.899610e+01 -6.416797e+00 -2.076440e+00
3.900610e+01 -6.322064e+00 -2.080734e+00
3.901610e+01 -6.352371e+00 -2.085017e+00
3.902610e+01 -6.137388e+00 -2.089289e+00
3.903610e+01 -6.061064e+00 -2.093550e+00
3.904610e+01 -6.113098e+00 -2.097799e+00
3.905609e+01 -5.999642e+00 -2.102035e+00
3.906609e+01 -5.940636e+00 -2.106260e+00
3.907609e+01 -5.948864e+00 -2.110472e+00
3.908609e+01 -5.732258e+00 -2.114671e+00
3.909609e+01 -5.747399e+00 -2.118857e+00
3.910609e+01 -5.723060e+00 -2.123030e+00
3.911609e+01 -5.732264e+00 -2.127190e+00
3.912609e+01 -5.598548e+00 -2.131336e+00
3.913609e+01 -5.600469e+00 -2.135469e+00
3.914609e+01 -5.520643e+00 -2.139587e+00
3.915608e+01 -5.490397e+00 -2.143691e+00
3.916608e+01 -5.454717e+00 -2.147781e+00
3.917608e+01 -5.324133e+00 -2.151856e+00
3.918608e+01 -5.332832e+00 -2.155916e+00
3.919608e+01 -5.340584e+00 -2.159962e+00
3.920608e+01 -5.239270e+00 -2.163992e+00
3.921608e+01 -5.236825e+00 -2.168006e+00
3.922608e+01 -5.336085e+00 -2.172005e+00
3.923608e+01 -5.210826e+00 -2.175988e+00
3.924608e+01 -5.210273e+00 -2.179955e+00
3.925607e+01 -5.279946e+00 -2.183906e+00
3.926607e+01 -5.251964e+00 -2.187841e+00
3.927607e+01 -5.273181e+00 -2.191759e+00
3.928607e+01 -5.169709e+00 -2.195660e+00
3.929607e+01 -5.265100e+00 -2.199544e+00
3.930607e+01 -5.261284e+00 -2.203412e+00
3.931607e+01 -5.179473e+00 -2.207262e+00
3.932607e+01 -5.258012e+00 -2.211095e+00
3.933607e+01 -5.440719e+00 -2.214910e+00
3.934607e+01 -5.330382e+00 -2.218708e+00
3.935606e+01 -5.343256e+00 -2.222487e+00
3.936606e+01 -5.525157e+00 -2.226249e+00
3.937606e+01 -5.560331e+00 -2.229993e+00
3.938606e+01 -5.557199e+00 -2.233718e+00
3.939606e+01 -5.629765e+00 -2.237425e+00
3.940606e+01 -5.605401e+00 -2.241113e+00
3.941606e+01 -5.666590e+00 -2.244782e+00
3.942606e+01 -5.597058e+00 -2.248433e+00
3.943606e+01 -5.770557e+00 -2.252065e+00
3.944606e+01 -5.916504e+00 -2.255677e+00
3.945605e+01 -5.960320e+00 -2.259270e+00
3.946605e+01 -5.975289e+00 -2.262844e+00
3.947605e+01 -5.944824e+00 -2.266399e+00
3.948605e+01 -6.058807e+00 -2.269933e+00
3.949605e+01 -6.076054e+00 -2.273448e+00
3.950605e+01 -6.125655e+00 -2.276943e+00
3.951605e+01 -6.242150e+00 -2.280419e+00
3.952605e+01 -6.305391e+00 -2.283874e+00
3.953605e+01 -6.374176e+00 -2.287308e+00
3.954605e+01 -6.335732e+00 -2.290723e+00
3.955604e+01 -6.500944e+00 -2.294117e+00
3.956604e+01 -6.477598e+00 -2.297491e+00
3.957604e+01 -6.583664e+00 -2.300844e+00
3.958604e+01 -6.549096e+00 -2.304176e+00
3.959604e+01 -6.645653e+00 -2.307488e+00
3.960604e+01 -6.687402e+00 -2.310778e+00
3.961604e+01 -6.665257e+00 -2.314048e+00
3.962604e+01 -6.781130e+00 -2.317297e+00
3.963604e+01 -6.791871e+00 -2.320524e+00
3.964604e+01 -6.934357e+00 -2.323730e+00
3.965603e+01 -6.845873e+00 -2.326915e+00
3.966603e+01 -6.914019e+00 -2.330079e+00
3.967603e+01 -6.918932e+00 -2.333221e+00
3.968603e+01 -6.955467e+00 -2.336342e+00
3.969603e+01 -6.934605e+00 -2.339440e+00
3.970603e+01 -6.928226e+00 -2.342518e+00
3.971603e+01 -6.893142e+00 -2.345573e+00
3.972603e+01 -6.987637e+00 -2.348607e+00
3.973603e+01 -6.937313e+00 -2.351619e+00
3.974603e+01 -6.994535e+00 -2.354609e+00
3.975602e+01 -7.024927e+00 -2.357577e+00
3.976602e+01 -6.945042e+00 -2.360523e+00
3.977602e+01 -6.946901e+00 -2.363446e+00
3.978602e+01 -6.838408e+00 -2.366348e+00
3.979602e+01 -6.883069e+00 -2.369228e+00
3.980602e+01 -6.929525e+00 -2.372085e+00
3.981602e+01 -6.918817e+00 -2.374920e+00
3.982602e+01 -6.845597e+00 -2.377732e+00
3.983602e+01 -6.850354e+00 -2.380523e+00
3.984602e+01 -6.861991e+00 -2.383290e+00
3.985601e+01 -6.699563e+00 -2.386036e+00
3.986601e+01 -6.623055e+00 -2.388759e+00
3.987601e+01 -6.617056e+00 -2.391459e+00
3.988601e+01 -6.565186e+00 -2.394137e+00
3.989601e+01 -6.570204e+00 -2.396792e+00
3.990601e+01 -6.492314e+00 -2.399425e+00
3.991601e+01 -6.474744e+00 -2.402035e+00
3.992601e+01 -6.398970e+00 -2.404622e+00
3.993601e+01 -6.284850e+00 -2.407187e+00
3.994601e+01 -6.246700e+00 -2.409729e+00
3.995600e+01 -6.172733e+00 -2.412248e+00
3.996600e+01 -6.145511e+00 -2.414745e+00
3.997600e+01 -6.000263e+00 -2.417218e+00
3.998600e+01 -5.971462e+00 -2.419669e+00
3.999600e+01 -5.836719e+00 -2.422098e+00
4.000600e+01 -5.728362e+00 -2.424503e+00
4.001600e+01 -5.771656e+00 -2.426886e+00
4.002600e+01 -5.685807e+00 -2.429245e+00
4.003600e+01 -5.632314e+00 -2.431582e+00
4.004600e+01 -5.638017e+00 -2.433897e+00
4.005599e+01 -5.547087e+00 -2.436188e+00
4.006599e+01 -5.454404e+00 -2.438457e+00
4.007599e+01 -5.387416e+00 -2.440702e+00
4.008599e+01 -5.292369e+00 -2.442925e+00
4.009599e+01 -5.297636e+00 -2.445125e+00
4.010599e+01 -5.156630e+00 -2.447303e+00
4.011599e+01 -5.086942e+00 -2.449457e+00
4.012599e+01 -5.116858e+00 -2.451589e+00
4.013599e+01 -5.087749e+00 -2.453698e+00
4.014599e+01 -5.025330e+00 -2.455784e+00
4.015598e+01 -4.967896e+00 -2.457847e+00
4.016598e+01 -4.958596e+00 -2.459888e+00
4.017598e+01 -4.942765e+00 -2.461906e+00
4.018598e+01 -4.947526e+00 -2.463901e+00
4.019598e+01 -4.839261e+00 -2.465873e+00
4.020598e+01 -4.775352e+00 -2.467823e+00
4.021598e+01 -4.787210e+00 -2.469750e+00
4.022598e+01 -4.744229e+00 -2.471654e+00
4.023598e+01 -4.686990e+00 -2.473536e+00
4.024598e+01 -4.793958e+00 -2.475395e+00
4.025597e+01 -4.747095e+00 -2.477232e+00
4.026597e+01 -4.776853e+00 -2.479046e+00
4.027597e+01 -4.742597e+00 -2.480837e+00
4.028597e+01 -4.753370e+00 -2.482606e+00
4.029597e+01 -4.742564e+00 -2.484352e+00
4.030597e+01 -4.875972e+00 -2.486076e+00
4.031597e+01 -4.857061e+00 -2.487778e+00
4.032597e+01 -4.819849e+00 -2.489457e+00
4.033597e+01 -4.868511e+00 -2.491114e+00
4.034597e+01 -4.843216e+00 -2.492748e+00
4.035596e+01 -4.897292e+00 -2.494360e+00
4.036596e+01 -4.903989e+00 -2.495950e+00
4.037596e+01 -5.027992e+00 -2.497518e+00
4.038596e+01 -5.016025e+00 -2.499063e+00
4.039596e+01 -5.026382e+00 -2.500586e+00
4.040596e+01 -5.077572e+00 -2.502087e+00
4.041596e+01 -5.210270e+00 -2.503566e+00
4.042596e+01 -5.209722e+00 -2.505023e+00
4.043596e+01 -5.184536e+00 -2.506458e+00
4.044596e+01 -5.311421e+00 -2.507871e+00
4.045595e+01 -5.423755e+00 -2.509262e+00
4.046595e+01 -5.391764e+00 -2.510631e+00
4.047595e+01 -5.496109e+00 -2.511978e+00
4.048595e+01 -5.479150e+00 -2.513304e+00
4.049595e+01 -5.605302e+00 -2.514607e+00
4.050595e+01 -5.669106e+00 -2.515889e+00
4.051595e+01 -5.744906e+00 -2.517150e+00
4.052595e+01 -5.722056e+00 -2.518388e+00
4.053595e+01 -5.812057e+00 -2.519605e+00
4.054595e+01 -5.845278e+00 -2.520801e+00
4.055594e+01 -5.948710e+00 -2.521975e+00
4.056594e+01 -6.055298e+00 -2.523128e+00
4.057594e+01 -6.062380e+00 -2.524259e+00
4.058594e+01 -6.105524e+00 -2.525369e+00
4.059594e+01 -6.088003e+00 -2.526457e+00
4.060594e+01 -6.220486e+00 -2.527524e+00
4.061594e+01 -6.269440e+00 -2.528570e+00
4.062594e+01 -6.377836e+00 -2.529595e+00
4.063594e+01 -6.299318e+00 -2.530599e+00
4.064594e+01 -6.312374e+00 -2.531582e+00
4.065593e+01 -6.335725e+00 -2.532544e+00
4.066593e+01 -6.348076e+00 -2.533485e+00
4.067593e+01 -6.376143e+00 -2.534405e+00
4.068593e+01 -6.409551e+00 -2.535304e+00
4.069593e+01 -6.419468e+00 -2.536182e+00
4.070593e+01 -6.462877e+00 -2.537039e+00
4.071593e+01 -6.511753e+00 -2.537876e+00
4.072593e+01 -6.562509e+00 -2.538693e+00
4.073593e+01 -6.530210e+00 -2.539488e+00
4.074593e+01 -6.582410e+00 -2.540263e+00
4.075592e+01 -6.523305e+00 -2.541018e+00
4.076592e+01 -6.415303e+00 -2.541752e+00
4.077592e+01 -6.407325e+00 -2.542466e+00
4.078592e+01 -6.431918e+00 -2.543160e+00
4.079592e+01 -6.434033e+00 -2.543833e+00
4.080592e+01 -6.468438e+00 -2.544486e+00
4.081592e+01 -6.420575e+00 -2.545119e+00
4.082592e+01 -6.271739e+00 -2.545732e+00
4.083592e+01 -6.296346e+00 -2.546325e+00
4.084592e+01 -6.117841e+00 -2.546898e+00
4.085591e+01 -6.281648e+00 -2.547451e+00
4.086591e+01 -6.079232e+00 -2.547984e+00
4.087591e+01 -6.157382e+00 -2.548497e+00
4.088591e+01 -6.013312e+00 -2.548991e+00
4.089591e+01 -5.986934e+00 -2.549465e+00
4.090591e+01 -5.931850e+00 -2.549919e+00
4.091591e+01 -5.948854e+00 -2.550354e+00
4.092591e+01 -5.816295e+00 -2.550769e+00
4.093591e+01 -5.815127e+00 -2.551164e+00
4.094591e+01 -5.729834e+00 -2.551541e+00
4.095590e+01 -5.641778e+00 -2.551898e+00
4.096590e+01 -5.575536e+00 -2.552235e+00
4.097590e+01 -5.456228e+00 -2.552553e+00
4.098590e+01 -5.445904e+00 -2.552853e+00
4.099590e+01 -5.345598e+00 -2.553133e+00
4.100590e+01 -5.379967e+00 -2.553394e+00
4.101590e+01 -5.220413e+00 -2.553636e+00
4.102590e+01 -5.166110e+00 -2.553859e+00
4.103590e+01 -5.159178e+00 -2.554063e+00
4.104590e+01 -5.027122e+00 -2.554248e+00
4.105589e+01 -4.957154e+00 -2.554414e+00
4.106589e+01 -4.953081e+00 -2.554562e+00
4.107589e+01 -4.808846e+00 -2.554691e+00
4.108589e+01 -4.834052e+00 -2.554802e+00
4.109589e+01 -4.787509e+00 -2.554893e+00
4.110589e+01 -4.616973e+00 -2.554967e+00
4.111589e+01 -4.606987e+00 -2.555022e+00
4.112589e+01 -4.512499e+00 -2.555058e+00
4.113589e+01 -4.546986e+00 -2.555076e+00
4.114589e+01 -4.483618e+00 -2.555076e+00
4.115588e+01 -4.451433e+00 -2.555058e+00
4.116588e+01 -4.385344e+00 -2.555021e+00
4.117588e+01 -4.347689e+00 -2.554967e+00
4.118588e+01 -4.274871e+00 -2.554894e+00
4.119588e+01 -4.313088e+00 -2.554803e+00
4.120588e+01 -4.256666e+00 -2.554694e+00
4.121588e+01 -4.272097e+00 -2.554568e+00
4.122588e+01 -4.320255e+00 -2.554423e+00
4.123588e+01 -4.179256e+00 -2.554261e+00
4.124588e+01 -4.224907e+00 -2.554081e+00
4.125587e+01 -4.225119e+00 -2.553883e+00
4.126587e+01 -4.271439e+00 -2.553668e+00
4.127587e+01 -4.292656e+00 -2.553435e+00
4.128587e+01 -4.258373e+00 -2.553185e+00
4.129587e+01 -4.293988e+00 -2.552917e+00
4.130587e+01 -4.295594e+00 -2.552631e+00
4.131587e+01 -4.267974e+00 -2.552329e+00
4.132587e+01 -4.346581e+00 -2.552009e+00
4.133587e+01 -4.273434e+00 -2.551672e+00
4.134587e+01 -4.393101e+00 -2.551317e+00
4.135586e+01 -4.371340e+00 -2.550945e+00
4.136586e+01 -4.377215e+00 -2.550557e+00
4.137586e+01 -4.479172e+00 -2.550151e+00
4.138586e+01 -4.472222e+00 -2.549728e+00
4.139586e+01 -4.553852e+00 -2.549288e+00
4.140586e+01 -4.481408e+00 -2.548832e+00
4.141586e+01 -4.641532e+00 -2.548358e+00
4.142586e+01 -4.666308e+00 -2.547868e+00
4.143586e+01 -4.665953e+00 -2.547361e+00
4.144586e+01 -4.790929e+00 -2.546837e+00
4.145585e+01 -4.846959e+00 -2.546297e+00
4.146585e+01 -4.900289e+00 -2.545740e+00
4.147585e+01 -4.921081e+00 -2.545166e+00
4.148585e+01 -4.973841e+00 -2.544576e+00
4.149585e+01 -5.090248e+00 -2.543969e+00
4.150585e+01 -5.153237e+00 -2.543346e+00
4.151585e+01 -5.118509e+00 -2.542707e+00
4.152585e+01 -5.240892e+00 -2.542052e+00
4.153585e+01 -5.293300e+00 -2.541380e+00
4.154585e+01 -5.247920e+00 -2.540692e+00
4.155584e+01 -5.336675e+00 -2.539987e+00
4.156584e+01 -5.389711e+00 -2.539267e+00
4.157584e+01 -5.455422e+00 -2.538531e+00
4.158584e+01 -5.597315e+00 -2.537778e+00
4.159584e+01 -5.629140e+00 -2.537010e+00
4.160584e+01 -5.681536e+00 -2.536225e+00
4.161584e+01 -5.654321e+00 -2.535425e+00
4.162584e+01 -5.861397e+00 -2.534609e+00
4.163584e+01 -5.755462e+00 -2.533777e+00
4.164584e+01 -5.890813e+00 -2.532930e+00
4.165583e+01 -5.836532e+00 -2.532066e+00
4.166583e+01 -5.814422e+00 -2.531187e+00
4.167583e+01 -5.938551e+00 -2.530293e+00
4.168583e+01 -5.900310e+00 -2.529383e+00
4.169583e+01 -5.900385e+00 -2.528457e+00
4.170583e+01 -5.795996e+00 -2.527516e+00
4.171583e+01 -5.978231e+00 -2.526559e+00
4.172583e+01 -5.940643e+00 -2.525587e+00
4.173583e+01 -5.923443e+00 -2.524600e+00
4.174583e+01 -5.925468e+00 -2.523597e+00
4.175582e+01 -5.971239e+00 -2.522579e+00
4.176582e+01 -5.986659e+00 -2.521546e+00
4.177582e+01 -5.902817e+00 -2.520498e+00
4.178582e+01 -5.806179e+00 -2.519435e+00
4.179582e+01 -5.892552e+00 -2.518356e+00
4.180582e+01 -5.860943e+00 -2.517262e+00
4.181582e+01 -5.844821e+00 -2.516154e+00
4.182582e+01 -5.818889e+00 -2.515030e+00
4.183582e+01 -5.759366e+00 -2.513892e+00
4.184582e+01 -5.729509e+00 -2.512739e+00
4.185581e+01 -5.717944e+00 -2.511571e+00
4.186581e+01 -5.681665e+00 -2.510388e+00
4.187581e+01 -5.643826e+00 -2.509190e+00
4.188581e+01 -5.604898e+00 -2.507978e+00
4.189581e+01 -5.485496e+00 -2.506750e+00
4.190581e+01 -5.431798e+00 -2.505509e+00
4.191581e+01 -5.311982e+00 -2.504252e+00
4.192581e+01 -5.324335e+00 -2.502982e+00
4.193581e+01 -5.131649e+00 -2.501696e+00
4.194581e+01 -5.178484e+00 -2.500396e+00
4.195580e+01 -5.188102e+00 -2.499082e+00
4.196580e+01 -5.020414e+00 -2.497754e+00
4.197580e+01 -5.004493e+00 -2.496411e+00
4.198580e+01 -4.888097e+00 -2.495053e+00
4.199580e+01 -4.956114e+00 -2.493682e+00
4.200580e+01 -4.833769e+00 -2.492296e+00
4.201580e+01 -4.726220e+00 -2.490896e+00
4.202580e+01 -4.669055e+00 -2.489482e+00
4.203580e+01 -4.532530e+00 -2.488053e+00
4.204580e+01 -4.580669e+00 -2.486611e+00
4.205579e+01 -4.446591e+00 -2.485155e+00
4.206579e+01 -4.340293e+00 -2.483684e+00
4.207579e+01 -4.340805e+00 -2.482200e+00
4.208579e+01 -4.250614e+00 -2.480701e+00
4.209579e+01 -4.187938e+00 -2.479189e+00
4.210579e+01 -4.122316e+00 -2.477663e+00
4.211579e+01 -4.151556e+00 -2.476123e+00
4.212579e+01 -4.032626e+00 -2.474570e+00
4.213579e+01 -4.038845e+00 -2.473003e+00
4.214579e+01 -3.995111e+00 -2.471422e+00
4.215578e+01 -3.853442e+00 -2.469827e+00
4.216578e+01 -3.819416e+00 -2.468219e+00
4.217578e+01 -3.878112e+00 -2.466597e+00
4.218578e+01 -3.887934e+00 -2.464961e+00
4.219578e+01 -3.738209e+00 -2.463312e+00
4.220578e+01 -3.819900e+00 -2.461650e+00
4.221578e+01 -3.787523e+00 -2.459974e+00
4.222578e+01 -3.728928e+00 -2.458285e+00
4.223578e+01 -3.732454e+00 -2.456582e+00
4.224578e+01 -3.590060e+00 -2.454866e+00
4.225577e+01 -3.721855e+00 -2.453137e+00
4.226577e+01 -3.695464e+00 -2.451395e+00
4.227577e+01 -3.766091e+00 -2.449639e+00
4.228577e+01 -3.621820e+00 -2.447870e+00
4.229577e+01 -3.733125e+00 -2.446088e+00
4.230577e+01 -3.757629e+00 -2.444293e+00
4.231577e+01 -3.748691e+00 -2.442485e+00
4.232577e+01 -3.721155e+00 -2.440664e+00
4.233577e+01 -3.795232e+00 -2.438830e+00
4.234577e+01 -3.808071e+00 -2.436982e+00
4.235576e+01 -3.864967e+00 -2.435122e+00
4.236576e+01 -3.815854e+00 -2.433250e+00
4.237576e+01 -3.910822e+00 -2.431364e+00
4.238576e+01 -3.959485e+00 -2.429465e+00
4.239576e+01 -4.041597e+00 -2.427554e+00
4.240576e+01 -3.982930e+00 -2.425630e+00
4.241576e+01 -4.162150e+00 -2.423693e+00
4.242576e+01 -4.191837e+00 -2.421744e+00
4.243576e+01 -4.141931e+00 -2.419782e+00
4.244576e+01 -4.251806e+00 -2.417807e+00
4.245575e+01 -4.258255e+00 -2.415820e+00
4.246575e+01 -4.316256e+00 -2.413821e+00
4.247575e+01 -4.435024e+00 -2.411808e+00
4.248575e+01 -4.470711e+00 -2.409784e+00
4.249575e+01 -4.442276e+00 -2.407747e+00
4.250575e+01 -4.494172e+00 -2.405698e+00
4.251575e+01 -4.608486e+00 -2.403636e+00
4.252575e+01 -4.689736e+00 -2.401562e+00
4.253575e+01 -4.691824e+00 -2.399476e+00
4.254575e+01 -4.772954e+00 -2.397378e+00
4.255574e+01 -4.825163e+00 -2.395267e+00
4.256574e+01 -4.959519e+00 -2.393145e+00
4.257574e+01 -4.926361e+00 -2.391010e+00
4.258574e+01 -5.129562e+00 -2.388863e+00
4.259574e+01 -5.109761e+00 -2.386704e+00
4.260574e+01 -5.094048e+00 -2.384534e+00
4.261574e+01 -5.011080e+00 -2.382351e+00
4.262574e+01 -5.165677e+00 -2.380156e+00
4.263574e+01 -5.288616e+00 -2.377950e+00
4.264574e+01 -5.269140e+00 -2.375731e+00
4.265573e+01 -5.314877e+00 -2.373501e+00
4.266573e+01 -5.330035e+00 -2.371259e+00
4.267573e+01 -5.236598e+00 -2.369006e+00
4.268573e+01 -5.328827e+00 -2.366740e+00
4.269573e+01 -5.374126e+00 -2.364463e+00
4.270573e+01 -5.359436e+00 -2.362175e+00
4.271573e+01 -5.381267e+00 -2.359875e+00
4.272573e+01 -5.417500e+00 -2.357563e+00
4.273573e+01 -5.359064e+00 -2.355240e+00
4.274573e+01 -5.352170e+00 -2.352905e+00
4.275572e+01 -5.323091e+00 -2.350559e+00
4.276572e+01 -5.341052e+00 -2.348202e+00
4.277572e+01 -5.337938e+00 -2.345833e+00
4.278572e+01 -5.393993e+00 -2.343453e+00
4.279572e+01 -5.276090e+00 -2.341062e+00
4.280572e+01 -5.295774e+00 -2.338660e+00
4.281572e+01 -5.225718e+00 -2.336246e+00
4.282572e+01 -5.243867e+00 -2.333821e+00
4.283572e+01 -5.257658e+00 -2.331386e+00
4.284572e+01 -5.098587e+00 -2.328939e+00
4.285571e+01 -5.075964e+00 -2.326481e+00
4.286571e+01 -5.062970e+00 -2.324012e+00
4.287571e+01 -5.042880e+00 -2.321532e+00
4.288571e+01 -4.943904e+00 -2.319041e+00
4.289571e+01 -4.828671e+00 -2.316540e+00
4.290571e+01 -4.816839e+00 -2.314027e+00
4.291571e+01 -4.827501e+00 -2.311504e+00
4.292571e+01 -4.747343e+00 -2.308970e+00
4.293571e+01 -4.608523e+00 -2.306425e+00
4.294571e+01 -4.660945e+00 -2.303870e+00
4.295570e+01 -4.579618e+00 -2.301304e+00
4.296570e+01 -4.440495e+00 -2.298728e+00
4.297570e+01 -4.384216e+00 -2.296141e+00
4.298570e+01 -4.412436e+00 -2.293543e+00
4.299570e+01 -4.272331e+00 -2.290935e+00
4.300570e+01 -4.221428e+00 -2.288316e+00
4.301570e+01 -4.244285e+00 -2.285688e+00
4.302570e+01 -4.212418e+00 -2.283048e+00
4.303570e+01 -4.072543e+00 -2.280399e+00
4.304570e+01 -3.903968e+00 -2.277739e+00
4.305569e+01 -3.857020e+00 -2.275069e+00
4.306569e+01 -3.786760e+00 -2.272389e+00
4.307569e+01 -3.697094e+00 -2.269699e+00
4.308569e+01 -3.733629e+00 -2.266999e+00
4.309569e+01 -3.589800e+00 -2.264288e+00
4.310569e+01 -3.664816e+00 -2.261568e+00
4.311569e+01 -3.564147e+00 -2.258837e+00
4.312569e+01 -3.393916e+00 -2.256097e+00
4.313569e+01 -3.425581e+00 -2.253347e+00
4.314569e+01 -3.402433e+00 -2.250587e+00
4.315568e+01 -3.304140e+00 -2.247817e+00
4.316568e+01 -3.274641e+00 -2.245037e+00
4.317568e+01 -3.251447e+00 -2.242248e+00
4.318568e+01 -3.214615e+00 -2.239448e+00
4.319568e+01 -3.167538e+00 -2.236640e+00
4.320568e+01 -3.148020e+00 -2.233821e+00
4.321568e+01 -3.096145e+00 -2.230993e+00
4.322568e+01 -3.117391e+00 -2.228156e+00
4.323568e+01 -3.148179e+00 -2.225309e+00
4.324568e+01 -3.058761e+00 -2.222453e+00
4.325567e+01 -3.115000e+00 -2.219587e+00
4.326567e+01 -3.070700e+00 -2.216711e+00
4.327567e+01 -3.135405e+00 -2.213827e+00
4.328567e+01 -3.152500e+00 -2.210933e+00
4.329567e+01 -3.156049e+00 -2.208030e+00
4.330567e+01 -3.089436e+00 -2.205118e+00
4.331567e+01 -3.242135e+00 -2.202196e+00
4.332567e+01 -3.254247e+00 -2.199266e+00
4.333567e+01 -3.170959e+00 -2.196326e+00
4.334567e+01 -3.284682e+00 -2.193377e+00
4.335566e+01 -3.233893e+00 -2.190420e+00
4.336566e+01 -3.294668e+00 -2.187453e+00
4.337566e+01 -3.284830e+00 -2.184477e+00
4.338566e+01 -3.435969e+00 -2.181493e+00
4.339566e+01 -3.531575e+00 -2.178500e+00
4.340566e+01 -3.450757e+00 -2.175497e+00
4.341566e+01 -3.355152e+00 -2.172487e+00
4.342566e+01 -3.620461e+00 -2.169467e+00
4.343566e+01 -3.624636e+00 -2.166438e+00
4.344566e+01 -3.637224e+00 -2.163401e+00
4.345565e+01 -3.830882e+00 -2.160356e+00
4.346565e+01 -3.674893e+00 -2.157302e+00
4.347565e+01 -3.803650e+00 -2.154239e+00
4.348565e+01 -3.904511e+00 -2.151168e+00
4.349565e+01 -3.994436e+00 -2.148088e+00
4.350565e+01 -3.988819e+00 -2.145000e+00
4.351565e+01 -4.099778e+00 -2.141903e+00
4.352565e+01 -4.134130e+00 -2.138798e+00
4.353565e+01 -4.174194e+00 -2.135685e+00
4.354565e+01 -4.214927e+00 -2.132564e+00
4.355564e+01 -4.281486e+00 -2.129434e+00
4.356564e+01 -4.222372e+00 -2.126296e+00
4.357564e+01 -4.336453e+00 -2.123150e+00
4.358564e+01 -4.394854e+00 -2.119996e+00
4.359564e+01 -4.501475e+00 -2.116834e+00
4.360564e+01 -4.525501e+00 -2.113663e+00
4.361564e+01 -4.628743e+00 -2.110485e+00
4.362564e+01 -4.598777e+00 -2.107298e+00
4.363564e+01 -4.610488e+00 -2.104104e+00
4.364564e+01 -4.620151e+00 -2.100902e+00
4.365563e+01 -4.646100e+00 -2.097692e+00
4.366563e+01 -4.756261e+00 -2.094474e+00
4.367563e+01 -4.754191e+00 -2.091248e+00
4.368563e+01 -4.740115e+00 -2.088015e+00
4.369563e+01 -4.756875e+00 -2.084773e+00
4.370563e+01 -4.805075e+00 -2.081525e+00
4.371563e+01 -4.820577e+00 -2.078268e+00
4.372563e+01 -4.908163e+00 -2.075004e+00
4.373563e+01 -4.810703e+00 -2.071732e+00
4.374563e+01 -4.787962e+00 -2.068452e+00
4.375562e+01 -4.815576e+00 -2.065165e+00
4.376562e+01 -4.833481e+00 -2.061871e+00
4.377562e+01 -4.802353e+00 -2.058569e+00
4.378562e+01 -4.843455e+00 -2.055260e+00
4.379562e+01 -4.820738e+00 -2.051943e+00
4.380562e+01 -4.736494e+00 -2.048619e+00
4.381562e+01 -4.800157e+00 -2.045287e+00
4.382562e+01 -4.639626e+00 -2.041948e+00
4.383562e+01 -4.589419e+00 -2.038602e+00
4.384562e+01 -4.585409e+00 -2.035249e+00
4.385561e+01 -4.472048e+00 -2.031888e+00
4.386561e+01 -4.572243e+00 -2.028520e+00
4.387561e+01 -4.453917e+00 -2.025145e+00
4.388561e+01 -4.383792e+00 -2.021763e+00
4.389561e+01 -4.410986e+00 -2.018374e+00
4.390561e+01 -4.269993e+00 -2.014977e+00
4.391561e+01 -4.257658e+00 -2.011574e+00
4.392561e+01 -4.194813e+00 -2.008164e+00
4.393561e+01 -4.184612e+00 -2.004746e+00
4.394561e+01 -4.003585e+00 -2.001322e+00
4.395560e+01 -3.977603e+00 -1.997891e+00
4.396560e+01 -3.926725e+00 -1.994452e+00
4.397560e+01 -3.901955e+00 -1.991007e+00
4.398560e+01 -3.862754e+00 -1.987555e+00
4.399560e+01 -3.687493e+00 -1.984096e+00
4.400560e+01 -3.688964e+00 -1.980631e+00
4.401560e+01 -3.493945e+00 -1.977158e+00
4.402560e+01 -3.631068e+00 -1.973679e+00
4.403560e+01 -3.363587e+00 -1.970193e+00
4.404560e+01 -3.365175e+00 -1.966701e+00
4.405559e+01 -3.235119e+00 -1.963201e+00
4.406559e+01 -3.176746e+00 -1.959695e+00
4.407559e+01 -3.167373e+00 -1.956182e+00
4.408559e+01 -3.083766e+00 -1.952663e+00
4.409559e+01 -3.232910e+00 -1.949137e+00
4.410559e+01 -2.952967e+00 -1.945605e+00
4.411559e+01 -2.989498e+00 -1.942066e+00
4.412559e+01 -2.827471e+00 -1.938520e+00
4.413559e+01 -2.872447e+00 -1.934968e+00
4.414559e+01 -2.780675e+00 -1.931410e+00
4.415558e+01 -2.683514e+00 -1.927845e+00
4.416558e+01 -2.674249e+00 -1.924273e+00
4.417558e+01 -2.664839e+00 -1.920695e+00
4.418558e+01 -2.717010e+00 -1.917111e+00
4.419558e+01 -2.608171e+00 -1.913520e+00
4.420558e+01 -2.545762e+00 -1.909923e+00
4.421558e+01 -2.643070e+00 -1.906319e+00
4.422558e+01 -2.519312e+00 -1.902710e+00
4.423558e+01 -2.615154e+00 -1.899093e+00
4.424558e+01 -2.538336e+00 -1.895471e+00
4.425557e+01 -2.599336e+00 -1.891842e+00
4.426557e+01 -2.581195e+00 -1.888207e+00
4.427557e+01 -2.562578e+00 -1.884566e+00
4.428557e+01 -2.594107e+00 -1.880919e+00
4.429557e+01 -2.520656e+00 -1.877265e+00
4.430557e+01 -2.530346e+00 -1.873605e+00
4.431557e+01 -2.593618e+00 -1.869939e+00
4.432557e+01 -2.597231e+00 -1.866266e+00
4.433557e+01 -2.631504e+00 -1.862588e+00
4.434557e+01 -2.669999e+00 -1.858903e+00
4.435556e+01 -2.698183e+00 -1.855213e+00
4.436556e+01 -2.720116e+00 -1.851516e+00
4.437556e+01 -2.746240e+00 -1.847813e+00
4.438556e+01 -2.857675e+00 -1.844104e+00
4.439556e+01 -2.737145e+00 -1.840389e+00
4.440556e+01 -2.892819e+00 -1.836667e+00
4.441556e+01 -2.949775e+00 -1.832940e+00
4.442556e+01 -2.935547e+00 -1.829207e+00
4.443556e+01 -3.005907e+00 -1.825468e+00
4.444556e+01 -3.121899e+00 -1.821722e+00
4.445555e+01 -3.143585e+00 -1.817971e+00
4.446555e+01 -3.194852e+00 -1.814214e+00
4.447555e+01 -3.214137e+00 -1.810450e+00
4.448555e+01 -3.265595e+00 -1.806681e+00
4.449555e+01 -3.334040e+00 -1.802906e+00
4.450555e+01 -3.375418e+00 -1.799124e+00
4.451555e+01 -3.391194e+00 -1.795337e+00
4.452555e+01 -3.431968e+00 -1.791544e+00
4.453555e+01 -3.537803e+00 -1.787745e+00
4.454555e+01 -3.695204e+00 -1.783940e+00
4.455554e+01 -3.695068e+00 -1.780129e+00
4.456554e+01 -3.663724e+00 -1.776312e+00
4.457554e+01 -3.806185e+00 -1.772490e+00
4.458554e+01 -3.820497e+00 -1.768661e+00
4.459554e+01 -3.870730e+00 -1.764827e+00
4.460554e+01 -3.908560e+00 -1.760987e+00
4.461554e+01 -3.973533e+00 -1.757140e+00
4.462554e+01 -4.001167e+00 -1.753288e+00
4.463554e+01 -4.100370e+00 -1.749431e+00
4.464554e+01 -4.075442e+00 -1.745567e+00
4.465553e+01 -4.170918e+00 -1.741697e+00
4.466553e+01 -4.186225e+00 -1.737822e+00
4.467553e+01 -4.115065e+00 -1.733941e+00
4.468553e+01 -4.209242e+00 -1.730054e+00
4.469553e+01 -4.295120e+00 -1.726161e+00
4.470553e+01 -4.180644e+00 -1.722262e+00
4.471553e+01 -4.181127e+00 -1.718358e+00
4.472553e+01 -4.319270e+00 -1.714448e+00
4.473553e+01 -4.281918e+00 -1.710532e+00
4.474553e+01 -4.354269e+00 -1.706610e+00
4.475552e+01 -4.255649e+00 -1.702683e+00
4.476552e+01 -4.198906e+00 -1.698749e+00
4.477552e+01 -4.218434e+00 -1.694810e+00
4.478552e+01 -4.219984e+00 -1.690866e+00
4.479552e+01 -4.189004e+00 -1.686915e+00
4.480552e+01 -4.087666e+00 -1.682959e+00
4.481552e+01 -4.116847e+00 -1.678997e+00
4.482552e+01 -4.033223e+00 -1.675029e+00
4.483552e+01 -4.075345e+00 -1.671055e+00
4.484552e+01 -4.057840e+00 -1.667076e+00
4.485551e+01 -3.955736e+00 -1.663091e+00
4.486551e+01 -3.957780e+00 -1.659100e+00
4.487551e+01 -3.870792e+00 -1.655104e+00
4.488551e+01 -3.820787e+00 -1.651102e+00
4.489551e+01 -3.871548e+00 -1.647094e+00
4.490551e+01 -3.679464e+00 -1.643080e+00
4.491551e+01 -3.712920e+00 -1.639061e+00
4.492551e+01 -3.602677e+00 -1.635036e+00
4.493551e+01 -3.575528e+00 -1.631005e+00
4.494551e+01 -3.454711e+00 -1.626969e+00
4.495550e+01 -3.402742e+00 -1.622927e+00
4.496550e+01 -3.318664e+00 -1.618879e+00
4.497550e+01 -3.229129e+00 -1.614826e+00
4.498550e+01 -3.223672e+00 -1.610767e+00
4.499550e+01 -3.109928e+00 -1.606702e+00
4.500550e+01 -3.016605e+00 -1.602631e+00
4.501550e+01 -3.000420e+00 -1.598555e+00
4.502550e+01 -2.933811e+00 -1.594473e+00
4.503550e+01 -2.824616e+00 -1.590386e+00
4.504550e+01 -2.725139e+00 -1.586292e+00
4.505549e+01 -2.633466e+00 -1.582193e+00
4.506549e+01 -2.794516e+00 -1.578089e+00
4.507549e+01 -2.567481e+00 -1.573979e+00
4.508549e+01 -2.556878e+00 -1.569863e+00
4.509549e+01 -2.431871e+00 -1.565741e+00
4.510549e+01 -2.366546e+00 -1.561614e+00
4.511549e+01 -2.277229e+00 -1.557481e+00
4.512549e+01 -2.317642e+00 -1.553343e+00
4.513549e+01 -2.240905e+00 -1.549198e+00
4.514549e+01 -2.241960e+00 -1.545049e+00
4.515548e+01 -2.100178e+00 -1.540893e+00
4.516548e+01 -2.214430e+00 -1.536732e+00
4.517548e+01 -2.028494e+00 -1.532565e+00
4.518548e+01 -2.032441e+00 -1.528393e+00
4.519548e+01 -1.957587e+00 -1.524215e+00
4.520548e+01 -1.923485e+00 -1.520031e+00
4.521548e+01 -1.976509e+00 -1.515842e+00
4.522548e+01 -1.913102e+00 -1.511647e+00
4.523548e+01 -1.965470e+00 -1.507447e+00
4.524548e+01 -1.844630e+00 -1.503241e+00
4.525547e+01 -1.937185e+00 -1.499029e+00
4.526547e+01 -1.853439e+00 -1.494812e+00
4.527547e+01 -1.880622e+00 -1.490589e+00
4.528547e+01 -1.917202e+00 -1.486360e+00
4.529547e+01 -1.973520e+00 -1.482126e+00
4.530547e+01 -1.931829e+00 -1.477886e+00
4.531547e+01 -1.952653e+00 -1.473641e+00
4.532547e+01 -1.958669e+00 -1.469390e+00
4.533547e+01 -2.069039e+00 -1.465133e+00
4.534547e+01 -2.019570e+00 -1.460871e+00
4.535546e+01 -2.150380e+00 -1.456603e+00
4.536546e+01 -1.994157e+00 -1.452329e+00
4.537546e+01 -2.181186e+00 -1.448050e+00
4.538546e+01 -2.203456e+00 -1.443766e+00
4.539546e+01 -2.273139e+00 -1.439476e+00
4.540546e+01 -2.344383e+00 -1.435180e+00
4.541546e+01 -2.363617e+00 -1.430879e+00
4.542546e+01 -2.420199e+00 -1.426572e+00
4.543546e+01 -2.478299e+00 -1.422259e+00
4.544546e+01 -2.489520e+00 -1.417941e+00
4.545545e+01 -2.505454e+00 -1.413618e+00
4.546545e+01 -2.508350e+00 -1.409288e+00
4.547545e+01 -2.743936e+00 -1.404954e+00
4.548545e+01 -2.774017e+00 -1.400613e+00
4.549545e+01 -2.779640e+00 -1.396267e+00
4.550545e+01 -2.811312e+00 -1.391916e+00
4.551545e+01 -2.883232e+00 -1.387559e+00
4.552545e+01 -2.932307e+00 -1.383196e+00
4.553545e+01 -3.011394e+00 -1.378828e+00
4.554545e+01 -3.008622e+00 -1.374455e+00
4.555544e+01 -3.113533e+00 -1.370076e+00
4.556544e+01 -3.112545e+00 -1.365691e+00
4.557544e+01 -3.241076e+00 -1.361301e+00
4.558544e+01 -3.298064e+00 -1.356905e+00
4.559544e+01 -3.319239e+00 -1.352504e+00
4.560544e+01 -3.304205e+00 -1.348097e+00
4.561544e+01 -3.431865e+00 -1.343684e+00
4.562544e+01 -3.455803e+00 -1.339267e+00
4.563544e+01 -3.378319e+00 -1.334843e+00
4.564544e+01 -3.555490e+00 -1.330414e+00
4.565543e+01 -3.543300e+00 -1.325980e+00
4.566543e+01 -3.588579e+00 -1.321540e+00
4.567543e+01 -3.490653e+00 -1.317094e+00
4.568543e+01 -3.512850e+00 -1.312644e+00
4.569543e+01 -3.556902e+00 -1.308187e+00
4.570543e+01 -3.597976e+00 -1.303725e+00
4.571543e+01 -3.661032e+00 -1.299258e+00
4.572543e+01 -3.651893e+00 -1.294785e+00
4.573543e+01 -3.692206e+00 -1.290306e+00
4.574543e+01 -3.619170e+00 -1.285823e+00
4.575542e+01 -3.611403e+00 -1.281333e+00
4.576542e+01 -3.694845e+00 -1.276838e+00
4.577542e+01 -3.652892e+00 -1.272338e+00
4.578542e+01 -3.566147e+00 -1.267832e+00
4.579542e+01 -3.531069e+00 -1.263321e+00
4.580542e+01 -3.497253e+00 -1.258804e+00
4.581542e+01 -3.454743e+00 -1.254282e+00
4.582542e+01 -3.512761e+00 -1.249754e+00
4.583542e+01 -3.422434e+00 -1.245221e+00
4.584542e+01 -3.364374e+00 -1.240683e+00
4.585541e+01 -3.327981e+00 -1.236139e+00
4.586541e+01 -3.315140e+00 -1.231590e+00
4.587541e+01 -3.235647e+00 -1.227035e+00
4.588541e+01 -3.245185e+00 -1.222474e+00
4.589541e+01 -3.168972e+00 -1.217909e+00
4.590541e+01 -3.037481e+00 -1.213338e+00
4.591541e+01 -3.105010e+00 -1.208761e+00
4.592541e+01 -2.960433e+00 -1.204179e+00
4.593541e+01 -2.886718e+00 -1.199592e+00
4.594541e+01 -2.928213e+00 -1.194999e+00
4.595540e+01 -2.789014e+00 -1.190401e+00
4.596540e+01 -2.753792e+00 -1.185797e+00
4.597540e+01 -2.614970e+00 -1.181188e+00
4.598540e+01 -2.599487e+00 -1.176573e+00
4.599540e+01 -2.563699e+00 -1.171954e+00
4.600540e+01 -2.485773e+00 -1.167328e+00
4.601540e+01 -2.340009e+00 -1.162698e+00
4.602540e+01 -2.405777e+00 -1.158062e+00
4.603540e+01 -2.269560e+00 -1.153421e+00
4.604540e+01 -2.241116e+00 -1.148774e+00
4.605539e+01 -2.116597e+00 -1.144122e+00
4.606539e+01 -2.062739e+00 -1.139465e+00
4.607539e+01 -1.945552e+00 -1.134802e+00
4.608539e+01 -1.937755e+00 -1.130134e+00
4.609539e+01 -1.944622e+00 -1.125460e+00
4.610539e+01 -1.860733e+00 -1.120782e+00
4.611539e+01 -1.798141e+00 -1.116098e+00
4.612539e+01 -1.734472e+00 -1.111408e+00
4.613539e+01 -1.601218e+00 -1.106713e+00
4.614539e+01 -1.669052e+00 -1.102013e+00
4.615538e+01 -1.548682e+00 -1.097308e+00
4.616538e+01 -1.536562e+00 -1.092597e+00
4.617538e+01 -1.469406e+00 -1.087882e+00
4.618538e+01 -1.422179e+00 -1.083160e+00
4.619538e+01 -1.424198e+00 -1.078434e+00
4.620538e+01 -1.475715e+00 -1.073702e+00
4.621538e+01 -1.404829e+00 -1.068965e+00
4.622538e+01 -1.354071e+00 -1.064223e+00
4.623538e+01 -1.286634e+00 -1.059476e+00
4.624538e+01 -1.341080e+00 -1.054723e+00
4.625537e+01 -1.320928e+00 -1.049965e+00
4.626537e+01 -1.340164e+00 -1.045202e+00
4.627537e+01 -1.218859e+00 -1.040433e+00
4.628537e+01 -1.311404e+00 -1.035660e+00
4.629537e+01 -1.349830e+00 -1.030881e+00
4.630537e+01 -1.355916e+00 -1.026097e+00
4.631537e+01 -1.430095e+00 -1.021308e+00
4.632537e+01 -1.382037e+00 -1.016514e+00
4.633537e+01 -1.419650e+00 -1.011715e+00
4.634537e+01 -1.477162e+00 -1.006910e+00
4.635536e+01 -1.489053e+00 -1.002100e+00
4.636536e+01 -1.563025e+00 -9.972857e-01
4.637536e+01 -1.541666e+00 -9.924659e-01
4.638536e+01 -1.637866e+00 -9.876409e-01
4.639536e+01 -1.626589e+00 -9.828109e-01
4.640536e+01 -1.613617e+00 -9.779759e-01
4.641536e+01 -1.720076e+00 -9.731358e-01
4.642536e+01 -1.785425e+00 -9.682907e-01
4.643536e+01 -1.890678e+00 -9.634405e-01
4.644536e+01 -1.820741e+00 -9.585854e-01
4.645535e+01 -1.955351e+00 -9.537252e-01
4.646535e+01 -2.082485e+00 -9.488601e-01
4.647535e+01 -2.154392e+00 -9.439901e-01
4.648535e+01 -2.110020e+00 -9.391151e-01
4.649535e+01 -2.214947e+00 -9.342351e-01
4.650535e+01 -2.298157e+00 -9.293503e-01
4.651535e+01 -2.194483e+00 -9.244606e-01
4.652535e+01 -2.323800e+00 -9.195660e-01
4.653535e+01 -2.449995e+00 -9.146666e-01
4.654535e+01 -2.422550e+00 -9.097623e-01
4.655534e+01 -2.478337e+00 -9.048532e-01
4.656534e+01 -2.574194e+00 -8.999393e-01
4.657534e+01 -2.582343e+00 -8.950206e-01
4.658534e+01 -2.623724e+00 -8.900972e-01
4.659534e+01 -2.616229e+00 -8.851691e-01
4.660534e+01 -2.678624e+00 -8.802362e-01
4.661534e+01 -2.702863e+00 -8.752987e-01
4.662534e+01 -2.770947e+00 -8.703565e-01
4.663534e+01 -2.923839e+00 -8.654096e-01
4.664534e+01 -2.922157e+00 -8.604581e-01
4.665533e+01 -2.900847e+00 -8.555020e-01
4.666533e+01 -2.983106e+00 -8.505414e-01
4.667533e+01 -2.993095e+00 -8.455762e-01
4.668533e+01 -2.967916e+00 -8.406065e-01
4.669533e+01 -3.015788e+00 -8.356323e-01
4.670533e+01 -3.046986e+00 -8.306536e-01
4.671533e+01 -2.982966e+00 -8.256705e-01
4.672533e+01 -2.998730e+00 -8.206829e-01
4.673533e+01 -3.034872e+00 -8.156910e-01
4.674533e+01 -2.974605e+00 -8.106947e-01
4.675532e+01 -3.067227e+00 -8.056941e-01
4.676532e+01 -2.936989e+00 -8.006891e-01
4.677532e+01 -3.080162e+00 -7.956799e-01
4.678532e+01 -2.982395e+00 -7.906665e-01
4.679532e+01 -2.972698e+00 -7.856488e-01
4.680532e+01 -2.946635e+00 -7.806270e-01
4.681532e+01 -2.918125e+00 -7.756010e-01
4.682532e+01 -2.814745e+00 -7.705709e-01
4.683532e+01 -2.792703e+00 -7.655367e-01
4.684532e+01 -2.750676e+00 -7.604984e-01
4.685531e+01 -2.770283e+00 -7.554561e-01
4.686531e+01 -2.670381e+00 -7.504099e-01
4.687531e+01 -2.572914e+00 -7.453597e-01
4.688531e+01 -2.606930e+00 -7.403055e-01
4.689531e+01 -2.497117e+00 -7.352475e-01
4.690531e+01 -2.497563e+00 -7.301857e-01
4.691531e+01 -2.356531e+00 -7.251200e-01
4.692531e+01 -2.400490e+00 -7.200505e-01
4.693531e+01 -2.391544e+00 -7.149774e-01
4.694531e+01 -2.246535e+00 -7.099005e-01
4.695530e+01 -2.142868e+00 -7.048199e-01
4.696530e+01 -2.120592e+00 -6.997357e-01
4.697530e+01 -2.074891e+00 -6.946480e-01
4.698530e+01 -1.988746e+00 -6.895566e-01
4.699530e+01 -1.846960e+00 -6.844618e-01
4.700530e+01 -1.810793e+00 -6.793635e-01
4.701530e+01 -1.760098e+00 -6.742618e-01
4.702530e+01 -1.667061e+00 -6.691566e-01
4.703530e+01 -1.733840e+00 -6.640481e-01
4.704530e+01 -1.555017e+00 -6.589363e-01
4.705529e+01 -1.451915e+00 -6.538213e-01
4.706529e+01 -1.383305e+00 -6.487030e-01
4.707529e+01 -1.411908e+00 -6.435815e-01
4.708529e+01 -1.328316e+00 -6.384568e-01
4.709529e+01 -1.252980e+00 -6.333291e-01
4.710529e+01 -1.218596e+00 -6.281983e-01
4.711529e+01 -1.109267e+00 -6.230645e-01
4.712529e+01 -1.150674e+00 -6.179277e-01
4.713529e+01 -1.054919e+00 -6.127879e-01
4.714529e+01 -9.328777e-01 -6.076453e-01
4.715528e+01 -9.059987e-01 -6.024998e-01
4.716528e+01 -8.114887e-01 -5.973515e-01
4.717528e+01 -8.884256e-01 -5.922005e-01
4.718528e+01 -8.423123e-01 -5.870467e-01
4.719528e+01 -7.621222e-01 -5.818902e-01
4.720528e+01 -7.986548e-01 -5.767312e-01
4.721528e+01 -7.483932e-01 -5.715695e-01
4.722528e+01 -6.804921e-01 -5.664053e-01
4.723528e+01 -6.559220e-01 -5.612385e-01
4.724528e+01 -7.096252e-01 -5.560694e-01
4.725527e+01 -7.049291e-01 -5.508978e-01
4.726527e+01 -7.192134e-01 -5.457238e-01
4.727527e+01 -7.574991e-01 -5.405476e-01
4.728527e+01 -6.249359e-01 -5.353690e-01
4.729527e+01 -7.445597e-01 -5.301882e-01
4.730527e+01 -7.234975e-01 -5.250052e-01
4.731527e+01 -8.669036e-01 -5.198201e-01
4.732527e+01 -8.431466e-01 -5.146329e-01
4.733527e+01 -7.529269e-01 -5.094436e-01
4.734527e+01 -8.646443e-01 -5.042523e-01
4.735526e+01 -8.646572e-01 -4.990590e-01
4.736526e+01 -9.564293e-01 -4.938638e-01
4.737526e+01 -7.957433e-01 -4.886667e-01
4.738526e+01 -9.295000e-01 -4.834678e-01
4.739526e+01 -1.003152e+00 -4.782671e-01
4.740526e+01 -1.070729e+00 -4.730646e-01
4.741526e+01 -1.123686e+00 -4.678604e-01
4.742526e+01 -1.095046e+00 -4.626546e-01
4.743526e+01 -1.249408e+00 -4.574471e-01
4.744526e+01 -1.268216e+00 -4.522381e-01
4.745525e+01 -1.256696e+00 -4.470275e-01
4.746525e+01 -1.403852e+00 -4.418154e-01
4.747525e+01 -1.426916e+00 -4.366019e-01
4.748525e+01 -1.557865e+00 -4.313869e-01
4.749525e+01 -1.591499e+00 -4.261706e-01
4.750525e+01 -1.598105e+00 -4.209529e-01
4.751525e+01 -1.710013e+00 -4.157340e-01
4.752525e+01 -1.832196e+00 -4.105138e-01
4.753525e+01 -1.771960e+00 -4.052924e-01
4.754525e+01 -1.823359e+00 -4.000698e-01
4.755524e+01 -1.858097e+00 -3.948461e-01
4.756524e+01 -1.834166e+00 -3.896213e-01
4.757524e+01 -1.942852e+00 -3.843955e-01
4.758524e+01 -1.979134e+00 -3.791686e-01
4.759524e+01 -2.090159e+00 -3.739408e-01
4.760524e+01 -2.077092e+00 -3.687120e-01
4.761524e+01 -2.063509e+00 -3.634823e-01
4.762524e+01 -2.153480e+00 -3.582518e-01
4.763524e+01 -2.246099e+00 -3.530204e-01
4.764524e+01 -2.186973e+00 -3.477882e-01
4.765523e+01 -2.342430e+00 -3.425553e-01
4.766523e+01 -2.278566e+00 -3.373217e-01
4.767523e+01 -2.264629e+00 -3.320873e-01
4.768523e+01 -2.463746e+00 -3.268523e-01
4.769523e+01 -2.459954e+00 -3.216167e-01
4.770523e+01 -2.366942e+00 -3.163805e-01
4.771523e+01 -2.478661e+00 -3.111437e-01
4.772523e+01 -2.427822e+00 -3.059065e-01
4.773523e+01 -2.417465e+00 -3.006687e-01
4.774523e+01 -2.477761e+00 -2.954304e-01
4.775522e+01 -2.436425e+00 -2.901918e-01
4.776522e+01 -2.443142e+00 -2.849527e-01
4.777522e+01 -2.493424e+00 -2.797132e-01
4.778522e+01 -2.402898e+00 -2.744734e-01
4.779522e+01 -2.348629e+00 -2.692333e-01
4.780522e+01 -2.266195e+00 -2.639929e-01
4.781522e+01 -2.360411e+00 -2.587523e-01
4.782522e+01 -2.287917e+00 -2.535114e-01
4.783522e+01 -2.244145e+00 -2.482703e-01
4.784522e+01 -2.287019e+00 -2.430290e-01
4.785521e+01 -2.142134e+00 -2.377875e-01
4.786521e+01 -2.143387e+00 -2.325459e-01
4.787521e+01 -2.053546e+00 -2.273042e-01
4.788521e+01 -2.006588e+00 -2.220624e-01
4.789521e+01 -1.927531e+00 -2.168205e-01
4.790521e+01 -1.832862e+00 -2.115786e-01
4.791521e+01 -1.840561e+00 -2.063366e-01
4.792521e+01 -1.683491e+00 -2.010947e-01
4.793521e+01 -1.683502e+00 -1.958527e-01
4.794521e+01 -1.590341e+00 -1.906108e-01
4.795520e+01 -1.486133e+00 -1.853689e-01
4.796520e+01 -1.391340e+00 -1.801271e-01
4.797520e+01 -1.524646e+00 -1.748854e-01
4.798520e+01 -1.395424e+00 -1.696438e-01
4.799520e+01 -1.330448e+00 -1.644022e-01
4.800520e+01 -1.194695e+00 -1.591609e-01
4.801520e+01 -1.073440e+00 -1.539196e-01
4.802520e+01 -1.123535e+00 -1.486785e-01
4.803520e+01 -9.852588e-01 -1.434376e-01
4.804520e+01 -9.515812e-01 -1.381968e-01
4.805519e+01 -8.860344e-01 -1.329563e-01
4.806519e+01 -7.646921e-01 -1.277159e-01
4.807519e+01 -7.792873e-01 -1.224758e-01
4.808519e+01 -6.570837e-01 -1.172358e-01
4.809519e+01 -7.023580e-01 -1.119961e-01
4.810519e+01 -7.067255e-01 -1.067567e-01
4.811519e+01 -4.631150e-01 -1.015174e-01
4.812519e+01 -4.887385e-01 -9.627846e-02
4.813519e+01 -4.253907e-01 -9.103973e-02
4.814519e+01 -3.842067e-01 -8.580127e-02
4.815518e+01 -3.642208e-01 -8.056308e-02
4.816518e+01 -3.658521e-01 -7.532515e-02
4.817518e+01 -2.456528e-01 -7.008749e-02
4.818518e+01 -2.980275e-01 -6.485010e-02
4.819518e+01 -1.981437e-01 -5.961299e-02
4.820518e+01 -1.642365e-01 -5.437615e-02
4.821518e+01 -1.193769e-01 -4.913958e-02
4.822518e+01 -1.439614e-01 -4.390330e-02
4.823518e+01 -1.423970e-01 -3.866728e-02
4.824518e+01 -1.813058e-01 -3.343154e-02
4.825517e+01 -1.574403e-01 -2.819606e-02
4.826517e+01 -1.743538e-01 -2.296085e-02
4.827517e+01 -1.450955e-01 -1.772591e-02
4.828517e+01 -1.560506e-01 -1.249121e-02
4.829517e+01 -4.139228e-02 -7.256774e-03
4.830517e+01 -3.633215e-02 -2.022580e-03
4.831517e+01 -1.859468e-02 3.211376e-03
4.832517e+01 -1.811195e-01 8.445101e-03
4.833517e+01 -1.782584e-01 1.367860e-02
4.834517e+01 -2.249725e-01 1.891189e-02
4.835516e+01 -1.956049e-01 2.414497e-02
4.836516e+01 -2.521224e-01 2.937786e-02
4.837516e+01 -3.104961e-01 3.461056e-02
4.838516e+01 -4.311541e-01 3.984310e-02
4.839516e+01 -4.531788e-01 4.507547e-02
4.840516e+01 -5.750454e-01 5.030769e-02
4.841516e+01 -4.166465e-01 5.553978e-02
4.842516e+01 -5.152727e-01 6.077175e-02
4.843516e+01 -4.433189e-01 6.600361e-02
4.844516e+01 -6.419908e-01 7.123539e-02
4.845515e+01 -6.734421e-01 7.646709e-02
4.846515e+01 -6.805356e-01 8.169873e-02
4.847515e+01 -7.744064e-01 8.693033e-02
4.848515e+01 -8.063326e-01 9.216192e-02
4.849515e+01 -9.956185e-01 9.739350e-02
4.850515e+01 -9.676677e-01 1.026251e-01
4.851515e+01 -9.616482e-01 1.078567e-01
4.852515e+01 -9.850180e-01 1.130884e-01
4.853515e+01 -1.145737e+00 1.183202e-01
4.854515e+01 -1.160403e+00 1.235520e-01
4.855514e+01 -1.257966e+00 1.287840e-01
4.856514e+01 -1.229112e+00 1.340162e-01
4.857514e+01 -1.338351e+00 1.392485e-01
4.858514e+01 -1.442136e+00 1.444810e-01
4.859514e+01 -1.381199e+00 1.497137e-01
4.860514e+01 -1.459612e+00 1.549467e-01
4.861514e+01 -1.518507e+00 1.601799e-01
4.862514e+01 -1.718212e+00 1.654134e-01
4.863514e+01 -1.550316e+00 1.706473e-01
4.864514e+01 -1.608048e+00 1.758815e-01
4.865513e+01 -1.658985e+00 1.811161e-01
4.866513e+01 -1.785607e+00 1.863511e-01
4.867513e+01 -1.726683e+00 1.915865e-01
4.868513e+01 -1.674445e+00 1.968224e-01
4.869513e+01 -1.746912e+00 2.020589e-01
4.870513e+01 -1.738601e+00 2.072958e-01
4.871513e+01 -1.795933e+00 2.125334e-01
4.872513e+01 -1.824347e+00 2.177715e-01
4.873513e+01 -1.784807e+00 2.230102e-01
4.874513e+01 -1.766681e+00 2.282497e-01
4.875512e+01 -1.791723e+00 2.334898e-01
4.876512e+01 -1.753111e+00 2.387307e-01
4.877512e+01 -1.748143e+00 2.439723e-01
4.878512e+01 -1.771284e+00 2.492148e-01
4.879512e+01 -1.681080e+00 2.544581e-01
4.880512e+01 -1.727540e+00 2.597023e-01
4.881512e+01 -1.640432e+00 2.649474e-01
4.882512e+01 -1.654869e+00 2.701935e-01
4.883512e+01 -1.550375e+00 2.754405e-01
4.884512e+01 -1.517125e+00 2.806887e-01
4.885511e+01 -1.464570e+00 2.859379e-01
4.886511e+01 -1.422562e+00 2.911882e-01
4.887511e+01 -1.406557e+00 2.964397e-01
4.888511e+01 -1.459895e+00 3.016924e-01
4.889511e+01 -1.295370e+00 3.069464e-01
4.890511e+01 -1.225980e+00 3.122017e-01
4.891511e+01 -1.124663e+00 3.174583e-01
4.892511e+01 -1.203547e+00 3.227163e-01
4.893511e+01 -1.111523e+00 3.279757e-01
4.894511e+01 -1.076389e+00 3.332366e-01
4.895510e+01 -9.464388e-01 3.384991e-01
4.896510e+01 -8.564727e-01 3.437631e-01
4.897510e+01 -8.278687e-01 3.490287e-01
4.898510e+01 -7.105348e-01 3.542960e-01
4.899510e+01 -7.756438e-01 3.595650e-01
4.900510e+01 -5.114798e-01 3.648358e-01
4.901510e+01 -5.215204e-01 3.701085e-01
4.902510e+01 -5.528831e-01 3.753829e-01
4.903510e+01 -5.275242e-01 3.806593e-01
4.904510e+01 -3.228557e-01 3.859377e-01
4.905509e+01 -2.776030e-01 3.912181e-01
4.906509e+01 -9.932212e-02 3.965006e-01
4.907509e+01 -9.288321e-02 4.017853e-01
4.908509e+01 -1.301275e-01 4.070721e-01
4.909509e+01 -1.061131e-02 4.123611e-01
4.910509e+01 8.722304e-03 4.176525e-01
4.911509e+01 1.805835e-01 4.229462e-01
4.912509e+01 1.264991e-01 4.282424e-01
4.913509e+01 1.737820e-01 4.335410e-01
4.914509e+01 1.737334e-01 4.388421e-01
4.915508e+01 3.397654e-01 4.441459e-01
4.916508e+01 2.935963e-01 4.494523e-01
4.917508e+01 3.476118e-01 4.547614e-01
4.918508e+01 4.656358e-01 4.600733e-01
4.919508e+01 4.329505e-01 4.653880e-01
4.920508e+01 4.903943e-01 4.707056e-01
4.921508e+01 4.334105e-01 4.760262e-01
4.922508e+01 5.257701e-01 4.813498e-01
4.923508e+01 5.199482e-01 4.866764e-01
4.924508e+01 6.042035e-01 4.920063e-01
4.925507e+01 6.004294e-01 4.973393e-01
4.926507e+01 5.249584e-01 5.026757e-01
4.927507e+01 5.242815e-01 5.080154e-01
4.928507e+01 4.899250e-01 5.133585e-01
4.929507e+01 4.620841e-01 5.187051e-01
4.930507e+01 5.673802e-01 5.240553e-01
4.931507e+01 4.337724e-01 5.294091e-01
4.932507e+01 4.378314e-01 5.347666e-01
4.933507e+01 4.996955e-01 5.401279e-01
4.934507e+01 4.229989e-01 5.454930e-01
4.935506e+01 4.042717e-01 5.508621e-01
4.936506e+01 3.670479e-01 5.562351e-01
4.937506e+01 3.736804e-01 5.616122e-01
4.938506e+01 2.386546e-01 5.669934e-01
4.939506e+01 1.965174e-01 5.723788e-01
4.940506e+01 2.402145e-01 5.777686e-01
4.941506e+01 2.216954e-01 5.831627e-01
4.942506e+01 1.247279e-01 5.885612e-01
4.943506e+01 2.142852e-02 5.939643e-01
4.944506e+01 -3.137320e-02 5.993720e-01
4.945505e+01 -1.309965e-01 6.047844e-01
4.946505e+01 -6.530231e-02 6.102015e-01
4.947505e+01 -2.246600e-01 6.156235e-01
4.948505e+01 -3.575502e-01 6.210504e-01
4.949505e+01 -3.279775e-01 6.264823e-01
4.950505e+01 -2.767860e-01 6.319193e-01
4.951505e+01 -4.008918e-01 6.373615e-01
4.952505e+01 -5.111728e-01 6.428089e-01
4.953505e+01 -5.269870e-01 6.482618e-01
4.954505e+01 -5.412874e-01 6.537200e-01
4.955504e+01 -5.942492e-01 6.591838e-01
4.956504e+01 -6.458169e-01 6.646532e-01
4.957504e+01 -7.502096e-01 6.701283e-01
4.958504e+01 -7.236857e-01 6.756092e-01
4.959504e+01 -8.289497e-01 6.810960e-01
4.960504e+01 -8.530709e-01 6.865888e-01
4.961504e+01 -8.404709e-01 6.920876e-01
4.962504e+01 -1.049701e+00 6.975926e-01
4.963504e+01 -9.665863e-01 7.031039e-01
4.964504e+01 -1.005026e+00 7.086216e-01
4.965503e+01 -1.153255e+00 7.141456e-01
4.966503e+01 -1.035400e+00 7.196763e-01
4.967503e+01 -1.043648e+00 7.252136e-01
4.968503e+01 -1.175231e+00 7.307576e-01
4.969503e+01 -1.100439e+00 7.363085e-01
4.970503e+01 -1.275471e+00 7.418663e-01
4.971503e+01 -1.209218e+00 7.474312e-01
4.972503e+01 -1.235833e+00 7.530032e-01
4.973503e+01 -1.068052e+00 7.585825e-01
4.974503e+01 -1.199777e+00 7.641691e-01
4.975502e+01 -1.151233e+00 7.697633e-01
4.976502e+01 -1.203925e+00 7.753649e-01
4.977502e+01 -1.169989e+00 7.809743e-01
4.978502e+01 -1.058293e+00 7.865914e-01
4.979502e+01 -1.182790e+00 7.922165e-01
4.980502e+01 -1.038471e+00 7.978495e-01
4.981502e+01 -1.076835e+00 8.034907e-01
4.982502e+01 -1.071638e+00 8.091400e-01
4.983502e+01 -9.791475e-01 8.147977e-01
4.984502e+01 -9.312397e-01 8.204639e-01
4.985501e+01 -9.206008e-01 8.261386e-01
4.986501e+01 -8.146187e-01 8.318220e-01
4.987501e+01 -8.211801e-01 8.375143e-01
4.988501e+01 -7.910508e-01 8.432154e-01
4.989501e+01 -6.538103e-01 8.489255e-01
4.990501e+01 -5.720663e-01 8.546448e-01
4.991501e+01 -6.046947e-01 8.603734e-01
4.992501e+01 -5.274541e-01 8.661113e-01
4.993501e+01 -3.779808e-01 8.718588e-01
4.994501e+01 -3.695386e-01 8.776159e-01
4.995500e+01 -2.449153e-01 8.833828e-01
4.996500e+01 -2.135065e-01 8.891595e-01
4.997500e+01 -1.913068e-01 8.949463e-01
4.998500e+01 -5.850179e-03 9.007432e-01
4.999500e+01 2.700686e-02 9.065503e-01
5.000500e+01 7.130419e-02 9.123679e-01
5.001500e+01 8.778735e-02 9.181959e-01
5.002500e+01 2.000526e-01 9.240346e-01
5.003500e+01 2.693006e-01 9.298841e-01
5.004500e+01 3.069441e-01 9.357445e-01
5.005499e+01 5.082772e-01 9.416160e-01
5.006499e+01 4.178722e-01 9.474986e-01
5.007499e+01 5.371114e-01 9.533926e-01
5.008499e+01 5.680119e-01 9.592980e-01
5.009499e+01 7.265209e-01 9.652150e-01
5.010499e+01 6.361394e-01 9.711437e-01
5.011499e+01 8.031598e-01 9.770843e-01
5.012499e+01 7.912175e-01 9.830369e-01
5.013499e+01 7.408433e-01 9.890016e-01
5.014499e+01 8.656414e-01 9.949787e-01
5.015498e+01 1.008791e+00 1.000968e+00
5.016498e+01 9.455369e-01 1.006970e+00
5.017498e+01 9.224148e-01 1.012985e+00
5.018498e+01 1.009578e+00 1.019013e+00
5.019498e+01 1.135281e+00 1.025053e+00
5.020498e+01 1.117292e+00 1.031107e+00
5.021498e+01 1.107343e+00 1.037174e+00
5.022498e+01 1.201901e+00 1.043255e+00
5.023498e+01 1.107369e+00 1.049349e+00
5.024498e+01 1.217432e+00 1.055457e+00
5.025497e+01 1.162926e+00 1.061579e+00
5.026497e+01 1.125827e+00 1.067714e+00
5.027497e+01 1.160276e+00 1.073865e+00
5.028497e+01 1.163263e+00 1.080029e+00
5.029497e+01 1.094281e+00 1.086208e+00
5.030497e+01 1.103102e+00 1.092402e+00
5.031497e+01 1.128974e+00 1.098610e+00
5.032497e+01 9.772850e-01 1.104834e+00
5.033497e+01 1.055386e+00 1.111072e+00
5.034497e+01 1.077469e+00 1.117326e+00
5.035496e+01 1.060198e+00 1.123596e+00
5.036496e+01 9.113362e-01 1.129881e+00
5.037496e+01 1.014786e+00 1.136182e+00
5.038496e+01 8.166975e-01 1.142499e+00
5.039496e+01 7.962142e-01 1.148832e+00
5.040496e+01 8.974835e-01 1.155181e+00
5.041496e+01 8.431509e-01 1.161546e+00
5.042496e+01 7.219494e-01 1.167929e+00
5.043496e+01 7.258481e-01 1.174328e+00
5.044496e+01 6.451025e-01 1.180744e+00
5.045495e+01 6.484642e-01 1.187177e+00
5.046495e+01 5.323964e-01 1.193628e+00
5.047495e+01 4.392063e-01 1.200096e+00
5.048495e+01 3.458171e-01 1.206581e+00
5.049495e+01 3.188459e-01 1.213084e+00
5.050495e+01 2.959566e-01 1.219606e+00
5.051495e+01 2.324992e-01 1.226145e+00
5.052495e+01 2.276224e-01 1.232703e+00
5.053495e+01 6.914856e-02 1.239279e+00
5.054495e+01 5.933718e-02 1.245874e+00
5.055494e+01 8.624722e-02 1.252488e+00
5.056494e+01 -8.420630e-02 1.259121e+00
5.057494e+01 -1.117530e-01 1.265772e+00
5.058494e+01 -1.531692e-01 1.272444e+00
5.059494e+01 -1.576824e-01 1.279135e+00
5.060494e+01 -1.901236e-01 1.285845e+00
5.061494e+01 -2.079960e-01 1.292575e+00
5.062494e+01 -3.382264e-01 1.299326e+00
5.063494e+01 -3.272702e-01 1.306097e+00
5.064494e+01 -3.139254e-01 1.312888e+00
5.065493e+01 -4.319681e-01 1.319699e+00
5.066493e+01 -4.464842e-01 1.326532e+00
5.067493e+01 -4.182615e-01 1.333385e+00
5.068493e+01 -4.830542e-01 1.340260e+00
5.069493e+01 -5.088996e-01 1.347156e+00
5.070493e+01 -4.961868e-01 1.354073e+00
5.071493e+01 -6.144990e-01 1.361012e+00
5.072493e+01 -5.037001e-01 1.367973e+00
5.073493e+01 -6.590362e-01 1.374956e+00
5.074493e+01 -5.190646e-01 1.381961e+00
5.075492e+01 -5.686164e-01 1.388988e+00
5.076492e+01 -5.100293e-01 1.396038e+00
5.077492e+01 -4.768670e-01 1.403111e+00
5.078492e+01 -3.764231e-01 1.410206e+00
5.079492e+01 -4.655048e-01 1.417325e+00
5.080492e+01 -4.647789e-01 1.424467e+00
5.081492e+01 -3.577566e-01 1.431632e+00
5.082492e+01 -3.180889e-01 1.438821e+00
5.083492e+01 -3.561422e-01 1.446034e+00
5.084492e+01 -2.450807e-01 1.453271e+00
5.085491e+01 -3.047426e-01 1.460532e+00
5.086491e+01 -1.575436e-01 1.467817e+00
5.087491e+01 -1.010567e-01 1.475127e+00
5.088491e+01 -8.663360e-02 1.482462e+00
5.089491e+01 8.988386e-03 1.489821e+00
5.090491e+01 3.782029e-02 1.497205e+00
5.091491e+01 -4.159732e-02 1.504615e+00
5.092491e+01 1.187496e-01 1.512050e+00
5.093491e+01 1.754441e-01 1.519510e+00
5.094491e+01 2.319525e-01 1.526997e+00
5.095490e+01 3.512227e-01 1.534509e+00
5.096490e+01 4.137580e-01 1.542047e+00
5.097490e+01 3.575328e-01 1.549611e+00
5.098490e+01 5.126549e-01 1.557202e+00
5.099490e+01 5.647937e-01 1.564820e+00
5.100490e+01 6.431499e-01 1.572464e+00
5.101490e+01 7.772097e-01 1.580135e+00
5.102490e+01 8.205934e-01 1.587833e+00
5.103490e+01 8.265539e-01 1.595558e+00
5.104490e+01 9.306171e-01 1.603311e+00
5.105489e+01 9.031238e-01 1.611091e+00
5.106489e+01 1.024809e+00 1.618899e+00
5.107489e+01 1.142777e+00 1.626735e+00
5.108489e+01 1.156257e+00 1.634599e+00
5.109489e+01 1.265748e+00 1.642491e+00
5.110489e+01 1.370817e+00 1.650411e+00
5.111489e+01 1.346644e+00 1.658360e+00
5.112489e+01 1.336889e+00 1.666337e+00
5.113489e+01 1.454982e+00 1.674343e+00
5.114489e+01 1.486818e+00 1.682378e+00
5.115488e+01 1.554719e+00 1.690442e+00
5.116488e+01 1.631324e+00 1.698536e+00
5.117488e+01 1.649384e+00 1.706658e+00
5.118488e+01 1.679369e+00 1.714810e+00
5.119488e+01 1.699197e+00 1.722992e+00
5.120488e+01 1.667517e+00 1.731203e+00
5.121488e+01 1.736532e+00 1.739445e+00
5.122488e+01 1.794696e+00 1.747716e+00
5.123488e+01 1.817774e+00 1.756017e+00
5.124488e+01 1.753808e+00 1.764349e+00
5.125487e+01 1.799770e+00 1.772711e+00
5.126487e+01 1.724886e+00 1.781103e+00
5.127487e+01 1.778563e+00 1.789526e+00
5.128487e+01 1.760332e+00 1.797980e+00
5.129487e+01 1.827498e+00 1.806464e+00
5.130487e+01 1.784434e+00 1.814980e+00
5.131487e+01 1.706349e+00 1.823526e+00
5.132487e+01 1.685586e+00 1.832103e+00
5.133487e+01 1.623196e+00 1.840712e+00
5.134487e+01 1.666673e+00 1.849352e+00
5.135486e+01 1.651746e+00 1.858024e+00
5.136486e+01 1.586519e+00 1.866726e+00
5.137486e+01 1.624500e+00 1.875461e+00
5.138486e+01 1.609130e+00 1.884227e+00
5.139486e+01 1.522730e+00 1.893025e+00
5.140486e+01 1.413224e+00 1.901854e+00
5.141486e+01 1.466035e+00 1.910715e+00
5.142486e+01 1.353440e+00 1.919609e+00
5.143486e+01 1.287769e+00 1.928534e+00
5.144486e+01 1.267609e+00 1.937491e+00
5.145485e+01 1.119577e+00 1.946480e+00
5.146485e+01 1.211899e+00 1.955502e+00
5.147485e+01 1.035000e+00 1.964555e+00
5.148485e+01 9.774133e-01 1.973641e+00
5.149485e+01 9.734776e-01 1.982759e+00
5.150485e+01 1.001004e+00 1.991909e+00
5.151485e+01 8.273655e-01 2.001091e+00
5.152485e+01 7.756839e-01 2.010306e+00
5.153485e+01 7.938026e-01 2.019553e+00
5.154485e+01 7.220758e-01 2.028832e+00
5.155484e+01 5.985514e-01 2.038144e+00
5.156484e+01 5.654507e-01 2.047488e+00
5.157484e+01 5.005191e-01 2.056864e+00
5.158484e+01 4.317034e-01 2.066273e+00
5.159484e+01 3.931597e-01 2.075713e+00
5.160484e+01 3.888137e-01 2.085186e+00
5.161484e+01 4.252821e-01 2.094692e+00
5.162484e+01 2.408766e-01 2.104229e+00
5.163484e+01 2.172816e-01 2.113798e+00
5.164484e+01 2.388785e-01 2.123400e+00
5.165483e+01 2.160020e-01 2.133033e+00
5.166483e+01 1.772783e-01 2.142699e+00
5.167483e+01 1.195306e-01 2.152396e+00
5.168483e+01 1.630258e-01 2.162126e+00
5.169483e+01 1.064163e-01 2.171887e+00
5.170483e+01 9.387606e-02 2.181679e+00
5.171483e+01 1.414667e-01 2.191503e+00
5.172483e+01 -4.617406e-02 2.201359e+00
5.173483e+01 1.404610e-01 2.211246e+00
5.174483e+01 8.370778e-02 2.221164e+00
5.175482e+01 1.032244e-01 2.231114e+00
5.176482e+01 1.515058e-01 2.241094e+00
5.177482e+01 2.767164e-01 2.251105e+00
5.178482e+01 8.702071e-02 2.261147e+00
5.179482e+01 1.733981e-01 2.271220e+00
5.180482e+01 1.484971e-01 2.281323e+00
5.181482e+01 2.005400e-01 2.291456e+00
5.182482e+01 2.561647e-01 2.301620e+00
5.183482e+01 2.868753e-01 2.311813e+00
5.184482e+01 3.953005e-01 2.322036e+00
5.185481e+01 4.199000e-01 2.332288e+00
5.186481e+01 4.514015e-01 2.342570e+00
5.187481e+01 4.411242e-01 2.352881e+00
5.188481e+01 5.672172e-01 2.363221e+00
5.189481e+01 5.810545e-01 2.373589e+00
5.190481e+01 6.280959e-01 2.383986e+00
5.191481e+01 8.323752e-01 2.394411e+00
5.192481e+01 7.518895e-01 2.404864e+00
5.193481e+01 8.438812e-01 2.415345e+00
5.194481e+01 9.232432e-01 2.425853e+00
5.195480e+01 9.840381e-01 2.436389e+00
5.196480e+01 1.078285e+00 2.446951e+00
5.197480e+01 1.097527e+00 2.457540e+00
5.198480e+01 1.099520e+00 2.468155e+00
5.199480e+01 1.195917e+00 2.478796e+00
5.200480e+01 1.272419e+00 2.489462e+00
5.201480e+01 1.323521e+00 2.500154e+00
5.202480e+01 1.563024e+00 2.510871e+00
5.203480e+01 1.419642e+00 2.521613e+00
5.204480e+01 1.498003e+00 2.532379e+00
5.205479e+01 1.668662e+00 2.543168e+00
5.206479e+01 1.689920e+00 2.553982e+00
5.207479e+01 1.798814e+00 2.564818e+00
5.208479e+01 1.814845e+00 2.575678e+00
5.209479e+01 1.858183e+00 2.586559e+00
5.210479e+01 1.963775e+00 2.597463e+00
5.211479e+01 2.180349e+00 2.608388e+00
5.212479e+01 2.100449e+00 2.619335e+00
5.213479e+01 2.044976e+00 2.630302e+00
5.214479e+01 2.147467e+00 2.641289e+00
5.215478e+01 2.242484e+00 2.652296e+00
5.216478e+01 2.196445e+00 2.663323e+00
5.217478e+01 2.245954e+00 2.674368e+00
5.218478e+01 2.233115e+00 2.685432e+00
5.219478e+01 2.388402e+00 2.696514e+00
5.220478e+01 2.315706e+00 2.707613e+00
5.221478e+01 2.288491e+00 2.718729e+00
5.222478e+01 2.366760e+00 2.729862e+00
5.223478e+01 2.346544e+00 2.741010e+00
5.224478e+01 2.488309e+00 2.752174e+00
5.225477e+01 2.406134e+00 2.763352e+00
5.226477e+01 2.331676e+00 2.774545e+00
5.227477e+01 2.426427e+00 2.785752e+00
5.228477e+01 2.400232e+00 2.796971e+00
5.229477e+01 2.457883e+00 2.808204e+00
5.230477e+01 2.286639e+00 2.819448e+00
5.231477e+01 2.341047e+00 2.830704e+00
5.232477e+01 2.410240e+00 2.841970e+00
5.233477e+01 2.285944e+00 2.853247e+00
5.234477e+01 2.282991e+00 2.864533e+00
5.235476e+01 2.319237e+00 2.875828e+00
5.236476e+01 2.243197e+00 2.887131e+00
5.237476e+01 2.150443e+00 2.898443e+00
5.238476e+01 2.224719e+00 2.909761e+00
5.239476e+01 2.052018e+00 2.921086e+00
5.240476e+01 1.899365e+00 2.932416e+00
5.241476e+01 2.136030e+00 2.943751e+00
5.242476e+01 1.912480e+00 2.955091e+00
5.243476e+01 1.869692e+00 2.966435e+00
5.244476e+01 1.781592e+00 2.977781e+00
5.245475e+01 1.982468e+00 2.989130e+00
5.246475e+01 1.776911e+00 3.000481e+00
5.247475e+01 1.670873e+00 3.011832e+00
5.248475e+01 1.721668e+00 3.023184e+00
5.249475e+01 1.500150e+00 3.034535e+00
5.250475e+01 1.613734e+00 3.045885e+00
5.251475e+01 1.462994e+00 3.057233e+00
5.252475e+01 1.450358e+00 3.068579e+00
5.253475e+01 1.316185e+00 3.079921e+00
5.254475e+01 1.291712e+00 3.091258e+00
5.255474e+01 1.236705e+00 3.102591e+00
5.256474e+01 1.208868e+00 3.113919e+00
5.257474e+01 1.226067e+00 3.125239e+00
5.258474e+01 1.105394e+00 3.136553e+00
5.259474e+01 1.094276e+00 3.147859e+00
5.260474e+01 1.036744e+00 3.159156e+00
5.261474e+01 1.023185e+00 3.170443e+00
5.262474e+01 1.022499e+00 3.181721e+00
5.263474e+01 8.727460e-01 3.192987e+00
5.264474e+01 8.378935e-01 3.204241e+00
5.265473e+01 8.778990e-01 3.215483e+00
5.266473e+01 8.478722e-01 3.226712e+00
5.267473e+01 7.850306e-01 3.237926e+00
5.268473e+01 6.426526e-01 3.249126e+00
5.269473e+01 7.273087e-01 3.260309e+00
5.270473e+01 7.241169e-01 3.271477e+00
5.271473e+01 7.057287e-01 3.282627e+00
5.272473e+01 7.370143e-01 3.293759e+00
5.273473e+01 7.037796e-01 3.304872e+00
5.274473e+01 6.791056e-01 3.315965e+00
5.275472e+01 7.173597e-01 3.327038e+00
5.276472e+01 7.545629e-01 3.338090e+00
5.277472e+01 7.916053e-01 3.349120e+00
5.278472e+01 8.357047e-01 3.360127e+00
5.279472e+01 7.964194e-01 3.371110e+00
5.280472e+01 9.075245e-01 3.382069e+00
5.281472e+01 8.392077e-01 3.393003e+00
5.282472e+01 7.204598e-01 3.403911e+00
5.283472e+01 8.314996e-01 3.414793e+00
5.284472e+01 9.814418e-01 3.425647e+00
5.285471e+01 9.028481e-01 3.436472e+00
5.286471e+01 1.020278e+00 3.447269e+00
5.287471e+01 1.060101e+00 3.458036e+00
5.288471e+01 1.080061e+00 3.468773e+00
5.289471e+01 1.126888e+00 3.479478e+00
5.290471e+01 1.315607e+00 3.490152e+00
5.291471e+01 1.317302e+00 3.500793e+00
5.292471e+01 1.431592e+00 3.511400e+00
5.293471e+01 1.483934e+00 3.521973e+00
5.294471e+01 1.474369e+00 3.532512e+00
5.295470e+01 1.541650e+00 3.543014e+00
5.296470e+01 1.613302e+00 3.553481e+00
5.297470e+01 1.717898e+00 3.563910e+00
5.298470e+01 1.785725e+00 3.574302e+00
5.299470e+01 1.855502e+00 3.584655e+00
5.300470e+01 1.902350e+00 3.594969e+00
5.301470e+01 2.031915e+00 3.605243e+00
5.302470e+01 2.014816e+00 3.615477e+00
5.303470e+01 2.182570e+00 3.625670e+00
5.304470e+01 2.217438e+00 3.635821e+00
5.305469e+01 2.330940e+00 3.645930e+00
5.306469e+01 2.361213e+00 3.655996e+00
5.307469e+01 2.306708e+00 3.666018e+00
5.308469e+01 2.373620e+00 3.675995e+00
5.309469e+01 2.473620e+00 3.685928e+00
5.310469e+01 2.503654e+00 3.695816e+00
5.311469e+01 2.591785e+00 3.705657e+00
5.312469e+01 2.606565e+00 3.715451e+00
5.313469e+01 2.770917e+00 3.725199e+00
5.314469e+01 2.782539e+00 3.734898e+00
5.315468e+01 2.821559e+00 3.744549e+00
5.316468e+01 2.847925e+00 3.754152e+00
5.317468e+01 2.906024e+00 3.763704e+00
5.318468e+01 2.963175e+00 3.773207e+00
5.319468e+01 2.891623e+00 3.782659e+00
5.320468e+01 2.947663e+00 3.792061e+00
5.321468e+01 2.942082e+00 3.801410e+00
5.322468e+01 2.904114e+00 3.810708e+00
5.323468e+01 3.010909e+00 3.819953e+00
5.324468e+01 2.990758e+00 3.829146e+00
5.325467e+01 3.060024e+00 3.838285e+00
5.326467e+01 3.017486e+00 3.847370e+00
5.327467e+01 3.035016e+00 3.856401e+00
5.328467e+01 3.056431e+00 3.865377e+00
5.329467e+01 3.089745e+00 3.874298e+00
5.330467e+01 2.935094e+00 3.883164e+00
5.331467e+01 2.998893e+00 3.891973e+00
5.332467e+01 2.930288e+00 3.900727e+00
5.333467e+01 2.980018e+00 3.909424e+00
5.334467e+01 2.848774e+00 3.918063e+00
5.335466e+01 2.896727e+00 3.926646e+00
5.336466e+01 2.905318e+00 3.935171e+00
5.337466e+01 2.823895e+00 3.943637e+00
5.338466e+01 2.733744e+00 3.952046e+00
5.339466e+01 2.697850e+00 3.960396e+00
5.340466e+01 2.671409e+00 3.968687e+00
5.341466e+01 2.615115e+00 3.976918e+00
5.342466e+01 2.654496e+00 3.985090e+00
5.343466e+01 2.570684e+00 3.993203e+00
5.344466e+01 2.471852e+00 4.001255e+00
5.345465e+01 2.508947e+00 4.009247e+00
5.346465e+01 2.367897e+00 4.017179e+00
5.347465e+01 2.312089e+00 4.025050e+00
5.348465e+01 2.277947e+00 4.032860e+00
5.349465e+01 2.168362e+00 4.040608e+00
5.350465e+01 2.224334e+00 4.048296e+00
5.351465e+01 2.054651e+00 4.055922e+00
5.352465e+01 2.036446e+00 4.063486e+00
5.353465e+01 1.950907e+00 4.070988e+00
5.354465e+01 1.863157e+00 4.078429e+00
5.355464e+01 1.896289e+00 4.085807e+00
5.356464e+01 1.818245e+00 4.093123e+00
5.357464e+01 1.784647e+00 4.100377e+00
5.358464e+01 1.720369e+00 4.107568e+00
5.359464e+01 1.691788e+00 4.114696e+00
5.360464e+01 1.710637e+00 4.121761e+00
5.361464e+01 1.564403e+00 4.128764e+00
5.362464e+01 1.565284e+00 4.135704e+00
5.363464e+01 1.484793e+00 4.142581e+00
5.364464e+01 1.498888e+00 4.149394e+00
5.365463e+01 1.495853e+00 4.156145e+00
5.366463e+01 1.311387e+00 4.162832e+00
5.367463e+01 1.345955e+00 4.169456e+00
5.368463e+01 1.362444e+00 4.176017e+00
5.369463e+01 1.362107e+00 4.182515e+00
5.370463e+01 1.326759e+00 4.188949e+00
5.371463e+01 1.380589e+00 4.195320e+00
5.372463e+01 1.421278e+00 4.201627e+00
5.373463e+01 1.347131e+00 4.207871e+00
5.374463e+01 1.349442e+00 4.214052e+00
5.375462e+01 1.230762e+00 4.220170e+00
5.376462e+01 1.324097e+00 4.226224e+00
5.377462e+01 1.450283e+00 4.232215e+00
5.378462e+01 1.391361e+00 4.238143e+00
5.379462e+01 1.350997e+00 4.244008e+00
5.380462e+01 1.358074e+00 4.249809e+00
5.381462e+01 1.476218e+00 4.255547e+00
5.382462e+01 1.502725e+00 4.261223e+00
5.383462e+01 1.514692e+00 4.266835e+00
5.384462e+01 1.595146e+00 4.272385e+00
5.385461e+01 1.666509e+00 4.277871e+00
5.386461e+01 1.655919e+00 4.283295e+00
5.387461e+01 1.782022e+00 4.288656e+00
5.388461e+01 1.693029e+00 4.293955e+00
5.389461e+01 1.670779e+00 4.299191e+00
5.390461e+01 1.861966e+00 4.304365e+00
5.391461e+01 1.918225e+00 4.309477e+00
5.392461e+01 1.962465e+00 4.314527e+00
5.393461e+01 2.092734e+00 4.319514e+00
5.394461e+01 2.175609e+00 4.324440e+00
5.395460e+01 2.151004e+00 4.329304e+00
5.396460e+01 2.286218e+00 4.334106e+00
5.397460e+01 2.315549e+00 4.338847e+00
5.398460e+01 2.295093e+00 4.343526e+00
5.399460e+01 2.509701e+00 4.348145e+00
5.400460e+01 2.515930e+00 4.352702e+00
5.401460e+01 2.508199e+00 4.357198e+00
5.402460e+01 2.627254e+00 4.361634e+00
5.403460e+01 2.781065e+00 4.366009e+00
5.404460e+01 2.773841e+00 4.370323e+00
5.405459e+01 2.819439e+00 4.374577e+00
5.406459e+01 2.935697e+00 4.378771e+00
5.407459e+01 2.998570e+00 4.382905e+00
5.408459e+01 3.038305e+00 4.386980e+00
5.409459e+01 3.034159e+00 4.390994e+00
5.410459e+01 3.113823e+00 4.394950e+00
5.411459e+01 3.234253e+00 4.398846e+00
5.412459e+01 3.289110e+00 4.402683e+00
5.413459e+01 3.205762e+00 4.406461e+00
5.414459e+01 3.301219e+00 4.410181e+00
5.415458e+01 3.382788e+00 4.413842e+00
5.416458e+01 3.418949e+00 4.417445e+00
5.417458e+01 3.521709e+00 4.420989e+00
5.418458e+01 3.514992e+00 4.424476e+00
5.419458e+01 3.580244e+00 4.427905e+00
5.420458e+01 3.551976e+00 4.431277e+00
5.421458e+01 3.612583e+00 4.434591e+00
5.422458e+01 3.673138e+00 4.437849e+00
5.423458e+01 3.643454e+00 4.441049e+00
5.424458e+01 3.581753e+00 4.444193e+00
5.425457e+01 3.618161e+00 4.447281e+00
5.426457e+01 3.578584e+00 4.450312e+00
5.427457e+01 3.628801e+00 4.453287e+00
5.428457e+01 3.636788e+00 4.456206e+00
5.429457e+01 3.654839e+00 4.459070e+00
5.430457e+01 3.659150e+00 4.461879e+00
5.431457e+01 3.535810e+00 4.464632e+00
5.432457e+01 3.565124e+00 4.467331e+00
5.433457e+01 3.436048e+00 4.469974e+00
5.434457e+01 3.568209e+00 4.472564e+00
5.435456e+01 3.543882e+00 4.475099e+00
5.436456e+01 3.491202e+00 4.477580e+00
5.437456e+01 3.378152e+00 4.480007e+00
5.438456e+01 3.433624e+00 4.482381e+00
5.439456e+01 3.271225e+00 4.484702e+00
5.440456e+01 3.328441e+00 4.486969e+00
5.441456e+01 3.161271e+00 4.489184e+00
5.442456e+01 3.089829e+00 4.491346e+00
5.443456e+01 3.197376e+00 4.493455e+00
5.444456e+01 3.140886e+00 4.495513e+00
5.445455e+01 2.955540e+00 4.497518e+00
5.446455e+01 2.935445e+00 4.499472e+00
5.447455e+01 3.015348e+00 4.501374e+00
5.448455e+01 2.834548e+00 4.503226e+00
5.449455e+01 2.854248e+00 4.505026e+00
5.450455e+01 2.728854e+00 4.506775e+00
5.451455e+01 2.683940e+00 4.508474e+00
5.452455e+01 2.665524e+00 4.510123e+00
5.453455e+01 2.602453e+00 4.511722e+00
5.454455e+01 2.491811e+00 4.513271e+00
5.455454e+01 2.403693e+00 4.514770e+00
5.456454e+01 2.426112e+00 4.516220e+00
5.457454e+01 2.371464e+00 4.517621e+00
5.458454e+01 2.350423e+00 4.518973e+00
5.459454e+01 2.246018e+00 4.520277e+00
5.460454e+01 2.223998e+00 4.521532e+00
5.461454e+01 2.093983e+00 4.522740e+00
5.462454e+01 2.115881e+00 4.523899e+00
5.463454e+01 2.124152e+00 4.525011e+00
5.464454e+01 2.114500e+00 4.526075e+00
5.465453e+01 2.070054e+00 4.527092e+00
5.466453e+01 2.023412e+00 4.528063e+00
5.467453e+01 1.983616e+00 4.528986e+00
5.468453e+01 1.999120e+00 4.529864e+00
5.469453e+01 2.013439e+00 4.530695e+00
5.470453e+01 2.015722e+00 4.531480e+00
5.471453e+01 2.003339e+00 4.532219e+00
5.472453e+01 1.864301e+00 4.532914e+00
5.473453e+01 1.902359e+00 4.533562e+00
5.474453e+01 1.985284e+00 4.534166e+00
5.475452e+01 1.900944e+00 4.534726e+00
5.476452e+01 1.996049e+00 4.535240e+00
5.477452e+01 1.980919e+00 4.535711e+00
5.478452e+01 2.093420e+00 4.536137e+00
5.479452e+01 2.013626e+00 4.536520e+00
5.480452e+01 2.150987e+00 4.536859e+00
5.481452e+01 2.048780e+00 4.537155e+00
5.482452e+01 2.090869e+00 4.537408e+00
5.483452e+01 2.036235e+00 4.537618e+00
5.484452e+01 2.173849e+00 4.537786e+00
5.485451e+01 2.206788e+00 4.537911e+00
5.486451e+01 2.396136e+00 4.537995e+00
5.487451e+01 2.266974e+00 4.538036e+00
5.488451e+01 2.281581e+00 4.538036e+00
5.489451e+01 2.410395e+00 4.537994e+00
5.490451e+01 2.496023e+00 4.537912e+00
5.491451e+01 2.603799e+00 4.537788e+00
5.492451e+01 2.590099e+00 4.537624e+00
5.493451e+01 2.719026e+00 4.537420e+00
5.494451e+01 2.706443e+00 4.537175e+00
5.495450e+01 2.735886e+00 4.536891e+00
5.496450e+01 2.799234e+00 4.536566e+00
5.497450e+01 2.839384e+00 4.536203e+00
5.498450e+01 2.910969e+00 4.535800e+00
5.499450e+01 3.043599e+00 4.535358e+00
5.500450e+01 3.104892e+00 4.534878e+00
5.501450e+01 3.215029e+00 4.534359e+00
5.502450e+01 3.177003e+00 4.533801e+00
5.503450e+01 3.313381e+00 4.533206e+00
5.504450e+01 3.463468e+00 4.532573e+00
5.505449e+01 3.382533e+00 4.531903e+00
5.506449e+01 3.530096e+00 4.531195e+00
5.507449e+01 3.528683e+00 4.530450e+00
5.508449e+01 3.677328e+00 4.529668e+00
5.509449e+01 3.654740e+00 4.528850e+00
5.510449e+01 3.803445e+00 4.527995e+00
5.511449e+01 3.681712e+00 4.527104e+00
5.512449e+01 3.843305e+00 4.526178e+00
5.513449e+01 3.958750e+00 4.525215e+00
5.514449e+01 3.986173e+00 4.524217e+00
5.515448e+01 4.043153e+00 4.523184e+00
5.516448e+01 4.069848e+00 4.522116e+00
5.517448e+01 4.038682e+00 4.521014e+00
5.518448e+01 4.172183e+00 4.519877e+00
5.519448e+01 4.078884e+00 4.518705e+00
5.520448e+01 4.145774e+00 4.517500e+00
5.521448e+01 4.169920e+00 4.516260e+00
5.522448e+01 4.325161e+00 4.514988e+00
5.523448e+01 4.288938e+00 4.513682e+00
5.524448e+01 4.301370e+00 4.512342e+00
5.525447e+01 4.301293e+00 4.510970e+00
5.526447e+01 4.233562e+00 4.509565e+00
5.527447e+01 4.188806e+00 4.508128e+00
5.528447e+01 4.278965e+00 4.506659e+00
5.529447e+01 4.267356e+00 4.505158e+00
5.530447e+01 4.198904e+00 4.503625e+00
5.531447e+01 4.262343e+00 4.502060e+00
5.532447e+01 4.137947e+00 4.500465e+00
5.533447e+01 4.245949e+00 4.498838e+00
5.534447e+01 4.071582e+00 4.497180e+00
5.535446e+01 4.045071e+00 4.495492e+00
5.536446e+01 4.030026e+00 4.493774e+00
5.537446e+01 4.017873e+00 4.492025e+00
5.538446e+01 4.023762e+00 4.490246e+00
5.539446e+01 3.933626e+00 4.488438e+00
5.540446e+01 3.958080e+00 4.486601e+00
5.541446e+01 3.779435e+00 4.484734e+00
5.542446e+01 3.866826e+00 4.482838e+00
5.543446e+01 3.692821e+00 4.480913e+00
5.544446e+01 3.717662e+00 4.478960e+00
5.545445e+01 3.673566e+00 4.476979e+00
5.546445e+01 3.503547e+00 4.474969e+00
5.547445e+01 3.571523e+00 4.472932e+00
5.548445e+01 3.489163e+00 4.470867e+00
5.549445e+01 3.402246e+00 4.468775e+00
5.550445e+01 3.366218e+00 4.466655e+00
5.551445e+01 3.285903e+00 4.464508e+00
5.552445e+01 3.246312e+00 4.462335e+00
5.553445e+01 3.179573e+00 4.460135e+00
5.554445e+01 3.075706e+00 4.457909e+00
5.555444e+01 3.169733e+00 4.455657e+00
5.556444e+01 3.036382e+00 4.453379e+00
5.557444e+01 3.024396e+00 4.451075e+00
5.558444e+01 2.906929e+00 4.448746e+00
5.559444e+01 2.917517e+00 4.446392e+00
5.560444e+01 2.832725e+00 4.444012e+00
5.561444e+01 2.830775e+00 4.441608e+00
5.562444e+01 2.750018e+00 4.439180e+00
5.563444e+01 2.690323e+00 4.436727e+00
5.564444e+01 2.695023e+00 4.434250e+00
5.565443e+01 2.690809e+00 4.431749e+00
5.566443e+01 2.653707e+00 4.429225e+00
5.567443e+01 2.606428e+00 4.426677e+00
5.568443e+01 2.610654e+00 4.424106e+00
5.569443e+01 2.559274e+00 4.421511e+00
5.570443e+01 2.562048e+00 4.418895e+00
5.571443e+01 2.572024e+00 4.416255e+00
5.572443e+01 2.587726e+00 4.413593e+00
5.573443e+01 2.584577e+00 4.410909e+00
5.574443e+01 2.469151e+00 4.408204e+00
5.575442e+01 2.456523e+00 4.405476e+00
5.576442e+01 2.520464e+00 4.402727e+00
5.577442e+01 2.589884e+00 4.399957e+00
5.578442e+01 2.513138e+00 4.397165e+00
5.579442e+01 2.610381e+00 4.394353e+00
5.580442e+01 2.609295e+00 4.391520e+00
5.581442e+01 2.703275e+00 4.388667e+00
5.582442e+01 2.637075e+00 4.385794e+00
5.583442e+01 2.668581e+00 4.382900e+00
5.584442e+01 2.719089e+00 4.379987e+00
5.585441e+01 2.827806e+00 4.377055e+00
5.586441e+01 2.847251e+00 4.374103e+00
5.587441e+01 2.952996e+00 4.371131e+00
5.588441e+01 2.868374e+00 4.368141e+00
5.589441e+01 3.023285e+00 4.365132e+00
5.590441e+01 3.067099e+00 4.362105e+00
5.591441e+01 3.114202e+00 4.359060e+00
5.592441e+01 3.291851e+00 4.355996e+00
5.593441e+01 3.219630e+00 4.352914e+00
5.594441e+01 3.356425e+00 4.349815e+00
5.595440e+01 3.424714e+00 4.346698e+00
5.596440e+01 3.394604e+00 4.343565e+00
5.597440e+01 3.538898e+00 4.340414e+00
5.598440e+01 3.643497e+00 4.337246e+00
5.599440e+01 3.541250e+00 4.334061e+00
5.600440e+01 3.670275e+00 4.330861e+00
5.601440e+01 3.725821e+00 4.327644e+00
5.602440e+01 3.868712e+00 4.324411e+00
5.603440e+01 3.940966e+00 4.321162e+00
5.604440e+01 3.942081e+00 4.317897e+00
5.605439e+01 4.051773e+00 4.314618e+00
5.606439e+01 4.059068e+00 4.311322e+00
5.607439e+01 4.090561e+00 4.308013e+00
5.608439e+01 4.256325e+00 4.304688e+00
5.609439e+01 4.254464e+00 4.301348e+00
5.610439e+01 4.356293e+00 4.297995e+00
5.611439e+01 4.447755e+00 4.294627e+00
5.612439e+01 4.510628e+00 4.291245e+00
5.613439e+01 4.564536e+00 4.287849e+00
5.614439e+01 4.543318e+00 4.284440e+00
5.615438e+01 4.640768e+00 4.281017e+00
5.616438e+01 4.550980e+00 4.277582e+00
5.617438e+01 4.670459e+00 4.274133e+00
5.618438e+01 4.665680e+00 4.270671e+00
5.619438e+01 4.692440e+00 4.267197e+00
5.620438e+01 4.772737e+00 4.263711e+00
5.621438e+01 4.765768e+00 4.260212e+00
5.622438e+01 4.823934e+00 4.256702e+00
5.623438e+01 4.878605e+00 4.253179e+00
5.624438e+01 4.812183e+00 4.249645e+00
5.625437e+01 4.910320e+00 4.246100e+00
5.626437e+01 4.850641e+00 4.242543e+00
5.627437e+01 4.781536e+00 4.238975e+00
5.628437e+01 4.788635e+00 4.235397e+00
5.629437e+01 4.899735e+00 4.231808e+00
5.630437e+01 4.819387e+00 4.228208e+00
5.631437e+01 4.777872e+00 4.224598e+00
5.632437e+01 4.777407e+00 4.220978e+00
5.633437e+01 4.787928e+00 4.217348e+00
5.634437e+01 4.825650e+00 4.213709e+00
5.635436e+01 4.638759e+00 4.210060e+00
5.636436e+01 4.756525e+00 4.206402e+00
5.637436e+01 4.609109e+00 4.202734e+00
5.638436e+01 4.588034e+00 4.199058e+00
5.639436e+01 4.447836e+00 4.195373e+00
5.640436e+01 4.565819e+00 4.191679e+00
5.641436e+01 4.474262e+00 4.187977e+00
5.642436e+01 4.449927e+00 4.184267e+00
5.643436e+01 4.409255e+00 4.180549e+00
5.644436e+01 4.271363e+00 4.176823e+00
5.645435e+01 4.221152e+00 4.173089e+00
5.646435e+01 4.122179e+00 4.169348e+00
5.647435e+01 4.140848e+00 4.165599e+00
5.648435e+01 4.066171e+00 4.161844e+00
5.649435e+01 3.937090e+00 4.158081e+00
5.650435e+01 3.966961e+00 4.154312e+00
5.651435e+01 3.852812e+00 4.150536e+00
5.652435e+01 3.777836e+00 4.146754e+00
5.653435e+01 3.695458e+00 4.142966e+00
5.654435e+01 3.804589e+00 4.139171e+00
5.655434e+01 3.578572e+00 4.135371e+00
5.656434e+01 3.642477e+00 4.131565e+00
5.657434e+01 3.547658e+00 4.127754e+00
5.658434e+01 3.560332e+00 4.123937e+00
5.659434e+01 3.480140e+00 4.120115e+00
5.660434e+01 3.436606e+00 4.116288e+00
5.661434e+01 3.373392e+00 4.112456e+00
5.662434e+01 3.385379e+00 4.108620e+00
5.663434e+01 3.224254e+00 4.104779e+00
5.664434e+01 3.247794e+00 4.100933e+00
5.665433e+01 3.162897e+00 4.097084e+00
5.666433e+01 3.206681e+00 4.093230e+00
5.667433e+01 3.232383e+00 4.089373e+00
5.668433e+01 3.060676e+00 4.085512e+00
5.669433e+01 3.166935e+00 4.081648e+00
5.670433e+01 3.075112e+00 4.077780e+00
5.671433e+01 3.174837e+00 4.073909e+00
5.672433e+01 3.062449e+00 4.070035e+00
5.673433e+01 3.083261e+00 4.066158e+00
5.674433e+01 3.159153e+00 4.062279e+00
5.675432e+01 3.146805e+00 4.058397e+00
5.676432e+01 3.063424e+00 4.054513e+00
5.677432e+01 3.114026e+00 4.050626e+00
5.678432e+01 3.137554e+00 4.046738e+00
5.679432e+01 3.203820e+00 4.042847e+00
5.680432e+01 3.195398e+00 4.038955e+00
5.681432e+01 3.185712e+00 4.035061e+00
5.682432e+01 3.303769e+00 4.031166e+00
5.683432e+01 3.242943e+00 4.027269e+00
5.684432e+01 3.274547e+00 4.023372e+00
5.685431e+01 3.270288e+00 4.019473e+00
5.686431e+01 3.414492e+00 4.015574e+00
5.687431e+01 3.453621e+00 4.011673e+00
5.688431e+01 3.536215e+00 4.007773e+00
5.689431e+01 3.546833e+00 4.003872e+00
5.690431e+01 3.610295e+00 3.999970e+00
5.691431e+01 3.799630e+00 3.996069e+00
5.692431e+01 3.797483e+00 3.992168e+00
5.693431e+01 3.844736e+00 3.988267e+00
5.694431e+01 3.785195e+00 3.984366e+00
5.695430e+01 3.985164e+00 3.980465e+00
5.696430e+01 4.049484e+00 3.976566e+00
5.697430e+01 4.070178e+00 3.972667e+00
5.698430e+01 4.153858e+00 3.968769e+00
5.699430e+01 4.245143e+00 3.964872e+00
5.700430e+01 4.309655e+00 3.960976e+00
5.701430e+01 4.318254e+00 3.957081e+00
5.702430e+01 4.441699e+00 3.953188e+00
5.703430e+01 4.474159e+00 3.949296e+00
5.704430e+01 4.618567e+00 3.945407e+00
5.705429e+01 4.639527e+00 3.941519e+00
5.706429e+01 4.639564e+00 3.937633e+00
5.707429e+01 4.779910e+00 3.933749e+00
5.708429e+01 4.908375e+00 3.929867e+00
5.709429e+01 4.840480e+00 3.925988e+00
5.710429e+01 4.820304e+00 3.922111e+00
5.711429e+01 4.969689e+00 3.918236e+00
5.712429e+01 5.083993e+00 3.914365e+00
5.713429e+01 5.140710e+00 3.910496e+00
5.714429e+01 5.150138e+00 3.906631e+00
5.715428e+01 5.061403e+00 3.902768e+00
5.716428e+01 5.172260e+00 3.898909e+00
5.717428e+01 5.197340e+00 3.895053e+00
5.718428e+01 5.272652e+00 3.891200e+00
5.719428e+01 5.311091e+00 3.887351e+00
5.720428e+01 5.372062e+00 3.883506e+00
5.721428e+01 5.303011e+00 3.879664e+00
5.722428e+01 5.306666e+00 3.875827e+00
5.723428e+01 5.491946e+00 3.871993e+00
5.724428e+01 5.436782e+00 3.868164e+00
5.725427e+01 5.404498e+00 3.864339e+00
5.726427e+01 5.431980e+00 3.860518e+00
5.727427e+01 5.364838e+00 3.856702e+00
5.728427e+01 5.327031e+00 3.852890e+00
5.729427e+01 5.395659e+00 3.849084e+00
5.730427e+01 5.294986e+00 3.845281e+00
5.731427e+01 5.299633e+00 3.841484e+00
5.732427e+01 5.332649e+00 3.837692e+00
5.733427e+01 5.305708e+00 3.833905e+00
5.734427e+01 5.283539e+00 3.830123e+00
5.735426e+01 5.149174e+00 3.826347e+00
5.736426e+01 5.188318e+00 3.822576e+00
5.737426e+01 5.121235e+00 3.818811e+00
5.738426e+01 5.189451e+00 3.815051e+00
5.739426e+01 5.129642e+00 3.811297e+00
5.740426e+01 5.013728e+00 3.807549e+00
5.741426e+01 5.013585e+00 3.803806e+00
5.742426e+01 4.950736e+00 3.800070e+00
5.743426e+01 5.007837e+00 3.796340e+00
5.744426e+01 4.848560e+00 3.792616e+00
5.745425e+01 4.786382e+00 3.788898e+00
5.746425e+01 4.754719e+00 3.785187e+00
5.747425e+01 4.685404e+00 3.781483e+00
5.748425e+01 4.653654e+00 3.777784e+00
5.749425e+01 4.586414e+00 3.774093e+00
5.750425e+01 4.456686e+00 3.770408e+00
5.751425e+01 4.499365e+00 3.766731e+00
5.752425e+01 4.404309e+00 3.763060e+00
5.753425e+01 4.436403e+00 3.759396e+00
5.754425e+01 4.291359e+00 3.755739e+00
5.755424e+01 4.107056e+00 3.752089e+00
5.756424e+01 4.210520e+00 3.748447e+00
5.757424e+01 4.101707e+00 3.744812e+00
5.758424e+01 4.033994e+00 3.741185e+00
5.759424e+01 4.095792e+00 3.737565e+00
5.760424e+01 3.968032e+00 3.733953e+00
5.761424e+01 4.022481e+00 3.730348e+00
5.762424e+01 3.959547e+00 3.726751e+00
5.763424e+01 3.805781e+00 3.723162e+00
5.764424e+01 3.860436e+00 3.719581e+00
5.765423e+01 3.747748e+00 3.716008e+00
5.766423e+01 3.753917e+00 3.712443e+00
5.767423e+01 3.686086e+00 3.708886e+00
5.768423e+01 3.747496e+00 3.705337e+00
5.769423e+01 3.653899e+00 3.701797e+00
5.770423e+01 3.704550e+00 3.698265e+00
5.771423e+01 3.738979e+00 3.694741e+00
5.772423e+01 3.646103e+00 3.691226e+00
5.773423e+01 3.655236e+00 3.687720e+00
5.774423e+01 3.629546e+00 3.684222e+00
5.775422e+01 3.700041e+00 3.680733e+00
5.776422e+01 3.730772e+00 3.677253e+00
5.777422e+01 3.613675e+00 3.673782e+00
5.778422e+01 3.651657e+00 3.670320e+00
5.779422e+01 3.794035e+00 3.666866e+00
5.780422e+01 3.782960e+00 3.663422e+00
5.781422e+01 3.814141e+00 3.659987e+00
5.782422e+01 3.902800e+00 3.656561e+00
5.783422e+01 3.827208e+00 3.653145e+00
5.784422e+01 3.880748e+00 3.649738e+00
5.785421e+01 4.015773e+00 3.646340e+00
5.786421e+01 4.036319e+00 3.642952e+00
5.787421e+01 3.980719e+00 3.639573e+00
5.788421e+01 4.128964e+00 3.636204e+00
5.789421e+01 4.050269e+00 3.632845e+00
5.790421e+01 4.212802e+00 3.629495e+00
5.791421e+01 4.176243e+00 3.626155e+00
5.792421e+01 4.313162e+00 3.622826e+00
5.793421e+01 4.358670e+00 3.619506e+00
5.794421e+01 4.410970e+00 3.616196e+00
5.795420e+01 4.516530e+00 3.612896e+00
5.796420e+01 4.542138e+00 3.609607e+00
5.797420e+01 4.526854e+00 3.606327e+00
5.798420e+01 4.716564e+00 3.603058e+00
5.799420e+01 4.790282e+00 3.599800e+00
5.800420e+01 4.828464e+00 3.596551e+00
5.801420e+01 4.943252e+00 3.593314e+00
5.802420e+01 4.986154e+00 3.590087e+00
5.803420e+01 5.002904e+00 3.586870e+00
5.804420e+01 5.085420e+00 3.583664e+00
5.805419e+01 5.223680e+00 3.580469e+00
5.806419e+01 5.284216e+00 3.577285e+00
5.807419e+01 5.355659e+00 3.574112e+00
5.808419e+01 5.374101e+00 3.570949e+00
5.809419e+01 5.416700e+00 3.567798e+00
5.810419e+01 5.473345e+00 3.564658e+00
5.811419e+01 5.536029e+00 3.561529e+00
5.812419e+01 5.594950e+00 3.558411e+00
5.813419e+01 5.636227e+00 3.555305e+00
5.814419e+01 5.669957e+00 3.552209e+00
5.815418e+01 5.719922e+00 3.549126e+00
5.816418e+01 5.776864e+00 3.546054e+00
5.817418e+01 5.838430e+00 3.542993e+00
5.818418e+01 5.779281e+00 3.539944e+00
5.819418e+01 5.853238e+00 3.536907e+00
5.820418e+01 5.915441e+00 3.533882e+00
5.821418e+01 5.826935e+00 3.530869e+00
5.822418e+01 5.960427e+00 3.527867e+00
5.823418e+01 5.974537e+00 3.524878e+00
5.824418e+01 5.840327e+00 3.521901e+00
5.825417e+01 5.953883e+00 3.518936e+00
5.826417e+01 5.918557e+00 3.515983e+00
5.827417e+01 5.953750e+00 3.513043e+00
5.828417e+01 6.013989e+00 3.510115e+00
5.829417e+01 5.955431e+00 3.507199e+00
5.830417e+01 5.947895e+00 3.504296e+00
5.831417e+01 5.898282e+00 3.501406e+00
5.832417e+01 5.877777e+00 3.498529e+00
5.833417e+01 5.846910e+00 3.495664e+00
5.834417e+01 5.829705e+00 3.492812e+00
5.835416e+01 5.802954e+00 3.489974e+00
5.836416e+01 5.823783e+00 3.487148e+00
5.837416e+01 5.771403e+00 3.484336e+00
5.838416e+01 5.668248e+00 3.481537e+00
5.839416e+01 5.714312e+00 3.478751e+00
5.840416e+01 5.638826e+00 3.475978e+00
5.841416e+01 5.433971e+00 3.473220e+00
5.842416e+01 5.544336e+00 3.470474e+00
5.843416e+01 5.455073e+00 3.467743e+00
5.844416e+01 5.370287e+00 3.465025e+00
5.845415e+01 5.342678e+00 3.462321e+00
5.846415e+01 5.359364e+00 3.459631e+00
5.847415e+01 5.289169e+00 3.456955e+00
5.848415e+01 5.172551e+00 3.454294e+00
5.849415e+01 5.071223e+00 3.451646e+00
5.850415e+01 5.147224e+00 3.449013e+00
5.851415e+01 4.992955e+00 3.446395e+00
5.852415e+01 4.915973e+00 3.443791e+00
5.853415e+01 4.869287e+00 3.441202e+00
5.854415e+01 4.862111e+00 3.438627e+00
5.855414e+01 4.926586e+00 3.436067e+00
5.856414e+01 4.718620e+00 3.433522e+00
5.857414e+01 4.682870e+00 3.430993e+00
5.858414e+01 4.738647e+00 3.428478e+00
5.859414e+01 4.657064e+00 3.425979e+00
5.860414e+01 4.622943e+00 3.423495e+00
5.861414e+01 4.512735e+00 3.421026e+00
5.862414e+01 4.518733e+00 3.418573e+00
5.863414e+01 4.476889e+00 3.416136e+00
5.864414e+01 4.366960e+00 3.413715e+00
5.865413e+01 4.229890e+00 3.411309e+00
5.866413e+01 4.291501e+00 3.408919e+00
5.867413e+01 4.412379e+00 3.406546e+00
5.868413e+01 4.221761e+00 3.404188e+00
5.869413e+01 4.247003e+00 3.401847e+00
5.870413e+01 4.288437e+00 3.399523e+00
5.871413e+01 4.258111e+00 3.397214e+00
5.872413e+01 4.157506e+00 3.394923e+00
5.873413e+01 4.264418e+00 3.392648e+00
5.874413e+01 4.209537e+00 3.390390e+00
5.875412e+01 4.261157e+00 3.388149e+00
5.876412e+01 4.168042e+00 3.385925e+00
5.877412e+01 4.206758e+00 3.383719e+00
5.878412e+01 4.201082e+00 3.381529e+00
5.879412e+01 4.258394e+00 3.379357e+00
5.880412e+01 4.276546e+00 3.377202e+00
5.881412e+01 4.379231e+00 3.375065e+00
5.882412e+01 4.343217e+00 3.372946e+00
5.883412e+01 4.362153e+00 3.370844e+00
5.884412e+01 4.553377e+00 3.368761e+00
5.885411e+01 4.546607e+00 3.366695e+00
5.886411e+01 4.528367e+00 3.364648e+00
5.887411e+01 4.592358e+00 3.362618e+00
5.888411e+01 4.595506e+00 3.360607e+00
5.889411e+01 4.661157e+00 3.358615e+00
5.890411e+01 4.741964e+00 3.356641e+00
5.891411e+01 4.835319e+00 3.354686e+00
5.892411e+01 4.825280e+00 3.352749e+00
5.893411e+01 4.907043e+00 3.350832e+00
5.894411e+01 5.008939e+00 3.348933e+00
5.895410e+01 5.022056e+00 3.347053e+00
5.896410e+01 5.120278e+00 3.345193e+00
5.897410e+01 5.195402e+00 3.343352e+00
5.898410e+01 5.261988e+00 3.341530e+00
5.899410e+01 5.367203e+00 3.339727e+00
5.900410e+01 5.460830e+00 3.337944e+00
5.901410e+01 5.453361e+00 3.336181e+00
5.902410e+01 5.591765e+00 3.334438e+00
5.903410e+01 5.567345e+00 3.332714e+00
5.904410e+01 5.740254e+00 3.331010e+00
5.905409e+01 5.668523e+00 3.329327e+00
5.906409e+01 5.805952e+00 3.327663e+00
5.907409e+01 5.814455e+00 3.326020e+00
5.908409e+01 5.837860e+00 3.324397e+00
5.909409e+01 6.022144e+00 3.322794e+00
5.910409e+01 6.054904e+00 3.321212e+00
5.911409e+01 6.012003e+00 3.319650e+00
5.912409e+01 6.080332e+00 3.318109e+00
5.913409e+01 6.118296e+00 3.316589e+00
5.914409e+01 6.270910e+00 3.315090e+00
5.915408e+01 6.268604e+00 3.313611e+00
5.916408e+01 6.245849e+00 3.312153e+00
5.917408e+01 6.233550e+00 3.310717e+00
5.918408e+01 6.399904e+00 3.309301e+00
5.919408e+01 6.490384e+00 3.307907e+00
5.920408e+01 6.391213e+00 3.306534e+00
5.921408e+01 6.400186e+00 3.305182e+00
5.922408e+01 6.478800e+00 3.303852e+00
5.923408e+01 6.546256e+00 3.302543e+00
5.924408e+01 6.509120e+00 3.301256e+00
5.925407e+01 6.446275e+00 3.299990e+00
5.926407e+01 6.458870e+00 3.298746e+00
5.927407e+01 6.500058e+00 3.297523e+00
5.928407e+01 6.574525e+00 3.296323e+00
5.929407e+01 6.580775e+00 3.295144e+00
5.930407e+01 6.379917e+00 3.293987e+00
5.931407e+01 6.444820e+00 3.292852e+00
5.932407e+01 6.423044e+00 3.291739e+00
5.933407e+01 6.394929e+00 3.290648e+00
5.934407e+01 6.394724e+00 3.289580e+00
5.935406e+01 6.361791e+00 3.288533e+00
5.936406e+01 6.281306e+00 3.287509e+00
5.937406e+01 6.233675e+00 3.286507e+00
5.938406e+01 6.146347e+00 3.285527e+00
5.939406e+01 6.280743e+00 3.284570e+00
5.940406e+01 6.182460e+00 3.283635e+00
5.941406e+01 6.093229e+00 3.282722e+00
5.942406e+01 6.018232e+00 3.281832e+00
5.943406e+01 5.917180e+00 3.280964e+00
5.944406e+01 5.900515e+00 3.280119e+00
5.945405e+01 5.880653e+00 3.279296e+00
5.946405e+01 5.795806e+00 3.278496e+00
5.947405e+01 5.749360e+00 3.277719e+00
5.948405e+01 5.706702e+00 3.276965e+00
5.949405e+01 5.689479e+00 3.276233e+00
5.950405e+01 5.617735e+00 3.275523e+00
5.951405e+01 5.573423e+00 3.274837e+00
5.952405e+01 5.421470e+00 3.274173e+00
5.953405e+01 5.381006e+00 3.273532e+00
5.954405e+01 5.260847e+00 3.272914e+00
5.955404e+01 5.341190e+00 3.272319e+00
5.956404e+01 5.314383e+00 3.271747e+00
5.957404e+01 5.291223e+00 3.271197e+00
5.958404e+01 5.143165e+00 3.270671e+00
5.959404e+01 5.066880e+00 3.270167e+00
5.960404e+01 4.998350e+00 3.269686e+00
5.961404e+01 5.040707e+00 3.269228e+00
5.962404e+01 5.039980e+00 3.268793e+00
5.963404e+01 4.911296e+00 3.268381e+00
5.964404e+01 4.961802e+00 3.267992e+00
5.965403e+01 4.886171e+00 3.267626e+00
5.966403e+01 4.849467e+00 3.267283e+00
5.967403e+01 4.803066e+00 3.266963e+00
5.968403e+01 4.779059e+00 3.266666e+00
5.969403e+01 4.833054e+00 3.266392e+00
5.970403e+01 4.800349e+00 3.266141e+00
5.971403e+01 4.728688e+00 3.265913e+00
5.972403e+01 4.803898e+00 3.265708e+00
5.973403e+01 4.740355e+00 3.265525e+00
5.974403e+01 4.753577e+00 3.265366e+00
5.975402e+01 4.706287e+00 3.265230e+00
5.976402e+01 4.680607e+00 3.265117e+00
5.977402e+01 4.864178e+00 3.265027e+00
5.978402e+01 4.800816e+00 3.264959e+00
5.979402e+01 4.744864e+00 3.264915e+00
5.980402e+01 4.802712e+00 3.264894e+00
5.981402e+01 4.831484e+00 3.264896e+00
5.982402e+01 4.946123e+00 3.264920e+00
5.983402e+01 5.017981e+00 3.264968e+00
5.984402e+01 4.937294e+00 3.265038e+00
5.985401e+01 5.008298e+00 3.265132e+00
5.986401e+01 5.088067e+00 3.265248e+00
5.987401e+01 5.062710e+00 3.265387e+00
5.988401e+01 5.223525e+00 3.265549e+00
5.989401e+01 5.217899e+00 3.265734e+00
5.990401e+01 5.294398e+00 3.265942e+00
5.991401e+01 5.292457e+00 3.266172e+00
5.992401e+01 5.369578e+00 3.266425e+00
5.993401e+01 5.483167e+00 3.266702e+00
5.994401e+01 5.493093e+00 3.267001e+00
5.995400e+01 5.590542e+00 3.267322e+00
5.996400e+01 5.686760e+00 3.267667e+00
5.997400e+01 5.654087e+00 3.268034e+00
5.998400e+01 5.791085e+00 3.268424e+00
5.999400e+01 5.866980e+00 3.268837e+00
6.000400e+01 5.868966e+00 3.269272e+00
6.001400e+01 5.916613e+00 3.269730e+00
6.002400e+01 6.078603e+00 3.270210e+00
6.003400e+01 5.995102e+00 3.270713e+00
6.004400e+01 6.180574e+00 3.271239e+00
6.005399e+01 6.288463e+00 3.271787e+00
6.006399e+01 6.307418e+00 3.272358e+00
6.007399e+01 6.273380e+00 3.272952e+00
6.008399e+01 6.342816e+00 3.273567e+00
6.009399e+01 6.493963e+00 3.274206e+00
6.010399e+01 6.599928e+00 3.274867e+00
6.011399e+01 6.659346e+00 3.275550e+00
6.012399e+01 6.636706e+00 3.276255e+00
6.013399e+01 6.650114e+00 3.276983e+00
6.014399e+01 6.706766e+00 3.277734e+00
6.015398e+01 6.804184e+00 3.278506e+00
6.016398e+01 6.806546e+00 3.279301e+00
6.017398e+01 6.834716e+00 3.280118e+00
6.018398e+01 6.884903e+00 3.280958e+00
6.019398e+01 6.962362e+00 3.281819e+00
6.020398e+01 6.903606e+00 3.282703e+00
6.021398e+01 6.986909e+00 3.283609e+00
6.022398e+01 6.902872e+00 3.284537e+00
6.023398e+01 6.992144e+00 3.285487e+00
6.024398e+01 7.052780e+00 3.286460e+00
6.025397e+01 6.990110e+00 3.287454e+00
6.026397e+01 7.005357e+00 3.288470e+00
6.027397e+01 7.009333e+00 3.289509e+00
6.028397e+01 7.015946e+00 3.290569e+00
6.029397e+01 6.933369e+00 3.291651e+00
6.030397e+01 6.939703e+00 3.292755e+00
6.031397e+01 6.935459e+00 3.293881e+00
6.032397e+01 7.000689e+00 3.295029e+00
6.033397e+01 6.798617e+00 3.296199e+00
6.034397e+01 6.937157e+00 3.297390e+00
6.035396e+01 6.818317e+00 3.298603e+00
6.036396e+01 6.820051e+00 3.299838e+00
6.037396e+01 6.893772e+00 3.301095e+00
6.038396e+01 6.730149e+00 3.302373e+00
6.039396e+01 6.680710e+00 3.303673e+00
6.040396e+01 6.672237e+00 3.304994e+00
6.041396e+01 6.577738e+00 3.306337e+00
6.042396e+01 6.545557e+00 3.307702e+00
6.043396e+01 6.541709e+00 3.309088e+00
6.044396e+01 6.497882e+00 3.310495e+00
6.045395e+01 6.331142e+00 3.311924e+00
6.046395e+01 6.384500e+00 3.313374e+00
6.047395e+01 6.251636e+00 3.314846e+00
6.048395e+01 6.245198e+00 3.316339e+00
6.049395e+01 6.086791e+00 3.317853e+00
6.050395e+01 5.997247e+00 3.319388e+00
6.051395e+01 6.064600e+00 3.320945e+00
6.052395e+01 5.934972e+00 3.322523e+00
6.053395e+01 6.043251e+00 3.324122e+00
6.054395e+01 5.864751e+00 3.325742e+00
6.055394e+01 5.816159e+00 3.327383e+00
6.056394e+01 5.859869e+00 3.329046e+00
6.057394e+01 5.727707e+00 3.330729e+00
6.058394e+01 5.735034e+00 3.332433e+00
6.059394e+01 5.691375e+00 3.334158e+00
6.060394e+01 5.547352e+00 3.335904e+00
6.061394e+01 5.546523e+00 3.337671e+00
6.062394e+01 5.449110e+00 3.339459e+00
6.063394e+01 5.463607e+00 3.341267e+00
6.064394e+01 5.404561e+00 3.343096e+00
6.065393e+01 5.253446e+00 3.344946e+00
6.066393e+01 5.475602e+00 3.346817e+00
6.067393e+01 5.319462e+00 3.348708e+00
6.068393e+01 5.303138e+00 3.350620e+00
6.069393e+01 5.296502e+00 3.352552e+00
6.070393e+01 5.376839e+00 3.354505e+00
6.071393e+01 5.187478e+00 3.356478e+00
6.072393e+01 5.185144e+00 3.358472e+00
6.073393e+01 5.268288e+00 3.360486e+00
6.074393e+01 5.312046e+00 3.362520e+00
6.075392e+01 5.276730e+00 3.364575e+00
6.076392e+01 5.268740e+00 3.366649e+00
6.077392e+01 5.317740e+00 3.368745e+00
6.078392e+01 5.286335e+00 3.370860e+00
6.079392e+01 5.307622e+00 3.372995e+00
6.080392e+01 5.302532e+00 3.375151e+00
6.081392e+01 5.344693e+00 3.377326e+00
6.082392e+01 5.424989e+00 3.379521e+00
6.083392e+01 5.506261e+00 3.381737e+00
6.084392e+01 5.556975e+00 3.383972e+00
6.085391e+01 5.474122e+00 3.386227e+00
6.086391e+01 5.499882e+00 3.388502e+00
6.087391e+01 5.602154e+00 3.390796e+00
6.088391e+01 5.672744e+00 3.393111e+00
6.089391e+01 5.782371e+00 3.395444e+00
6.090391e+01 5.724769e+00 3.397798e+00
6.091391e+01 5.816964e+00 3.400171e+00
6.092391e+01 5.850173e+00 3.402563e+00
6.093391e+01 5.947383e+00 3.404975e+00
6.094391e+01 5.991203e+00 3.407407e+00
6.095390e+01 6.106248e+00 3.409857e+00
6.096390e+01 6.122785e+00 3.412327e+00
6.097390e+01 6.174250e+00 3.414816e+00
6.098390e+01 6.274409e+00 3.417324e+00
6.099390e+01 6.403850e+00 3.419852e+00
6.100390e+01 6.274191e+00 3.422398e+00
6.101390e+01 6.429439e+00 3.424964e+00
6.102390e+01 6.495416e+00 3.427548e+00
6.103390e+01 6.709379e+00 3.430151e+00
6.104390e+01 6.676774e+00 3.432773e+00
6.105389e+01 6.723717e+00 3.435414e+00
6.106389e+01 6.822741e+00 3.438074e+00
6.107389e+01 6.725617e+00 3.440752e+00
6.108389e+01 6.897594e+00 3.443449e+00
6.109389e+01 6.937736e+00 3.446164e+00
6.110389e+01 7.076320e+00 3.448898e+00
6.111389e+01 7.038659e+00 3.451650e+00
6.112389e+01 7.109087e+00 3.454420e+00
6.113389e+01 7.213954e+00 3.457209e+00
6.114389e+01 7.311320e+00 3.460015e+00
6.115388e+01 7.227124e+00 3.462840e+00
6.116388e+01 7.286063e+00 3.465683e+00
6.117388e+01 7.384631e+00 3.468544e+00
6.118388e+01 7.333564e+00 3.471423e+00
6.119388e+01 7.407937e+00 3.474320e+00
6.120388e+01 7.427814e+00 3.477235e+00
6.121388e+01 7.476930e+00 3.480167e+00
6.122388e+01 7.387314e+00 3.483117e+00
6.123388e+01 7.538313e+00 3.486084e+00
6.124388e+01 7.408032e+00 3.489069e+00
6.125387e+01 7.507497e+00 3.492071e+00
6.126387e+01 7.501702e+00 3.495091e+00
6.127387e+01 7.485635e+00 3.498128e+00
6.128387e+01 7.423124e+00 3.501182e+00
6.129387e+01 7.414648e+00 3.504253e+00
6.130387e+01 7.418910e+00 3.507341e+00
6.131387e+01 7.472618e+00 3.510446e+00
6.132387e+01 7.373405e+00 3.513568e+00
6.133387e+01 7.383402e+00 3.516707e+00
6.134387e+01 7.412160e+00 3.519862e+00
6.135386e+01 7.361215e+00 3.523034e+00
6.136386e+01 7.360644e+00 3.526222e+00
6.137386e+01 7.285129e+00 3.529427e+00
6.138386e+01 7.273037e+00 3.532648e+00
6.139386e+01 7.129612e+00 3.535886e+00
6.140386e+01 7.147033e+00 3.539139e+00
6.141386e+01 7.037012e+00 3.542409e+00
6.142386e+01 7.031565e+00 3.545695e+00
6.143386e+01 6.992418e+00 3.548996e+00
6.144386e+01 6.907043e+00 3.552314e+00
6.145385e+01 6.883809e+00 3.555647e+00
6.146385e+01 6.768897e+00 3.558995e+00
6.147385e+01 6.798504e+00 3.562359e+00
6.148385e+01 6.691094e+00 3.565739e+00
6.149385e+01 6.559354e+00 3.569134e+00
6.150385e+01 6.560607e+00 3.572544e+00
6.151385e+01 6.552378e+00 3.575969e+00
6.152385e+01 6.401768e+00 3.579409e+00
6.153385e+01 6.381016e+00 3.582864e+00
6.154385e+01 6.390951e+00 3.586334e+00
6.155384e+01 6.308196e+00 3.589819e+00
6.156384e+01 6.224451e+00 3.593318e+00
6.157384e+01 6.220713e+00 3.596831e+00
6.158384e+01 6.246266e+00 3.600359e+00
6.159384e+01 6.083442e+00 3.603902e+00
6.160384e+01 6.077516e+00 3.607458e+00
6.161384e+01 5.928689e+00 3.611029e+00
6.162384e+01 5.885010e+00 3.614613e+00
6.163384e+01 5.900123e+00 3.618211e+00
6.164384e+01 5.855630e+00 3.621823e+00
6.165383e+01 5.876210e+00 3.625449e+00
6.166383e+01 5.785525e+00 3.629088e+00
6.167383e+01 5.862404e+00 3.632740e+00
6.168383e+01 5.736989e+00 3.636406e+00
6.169383e+01 5.755245e+00 3.640085e+00
6.170383e+01 5.747956e+00 3.643776e+00
6.171383e+01 5.689916e+00 3.647481e+00
6.172383e+01 5.744804e+00 3.651199e+00
6.173383e+01 5.760920e+00 3.654929e+00
6.174383e+01 5.733601e+00 3.658671e+00
6.175382e+01 5.728885e+00 3.662426e+00
6.176382e+01 5.673989e+00 3.666193e+00
6.177382e+01 5.731941e+00 3.669973e+00
6.178382e+01 5.754654e+00 3.673764e+00
6.179382e+01 5.756977e+00 3.677567e+00
6.180382e+01 5.900156e+00 3.681382e+00
6.181382e+01 5.812590e+00 3.685209e+00
6.182382e+01 5.939581e+00 3.689047e+00
6.183382e+01 5.931106e+00 3.692897e+00
6.184382e+01 5.898265e+00 3.696758e+00
6.185381e+01 5.984053e+00 3.700630e+00
6.186381e+01 6.020686e+00 3.704512e+00
6.187381e+01 5.939501e+00 3.708406e+00
6.188381e+01 6.169146e+00 3.712310e+00
6.189381e+01 6.157858e+00 3.716225e+00
6.190381e+01 6.307129e+00 3.720151e+00
6.191381e+01 6.284787e+00 3.724086e+00
6.192381e+01 6.373146e+00 3.728032e+00
6.193381e+01 6.421337e+00 3.731988e+00
6.194381e+01 6.528809e+00 3.735953e+00
6.195380e+01 6.553688e+00 3.739929e+00
6.196380e+01 6.663987e+00 3.743914e+00
6.197380e+01 6.678234e+00 3.747908e+00
6.198380e+01 6.755676e+00 3.751911e+00
6.199380e+01 6.763022e+00 3.755924e+00
6.200380e+01 6.870836e+00 3.759946e+00
6.201380e+01 6.948445e+00 3.763977e+00
6.202380e+01 7.042369e+00 3.768016e+00
6.203380e+01 7.099028e+00 3.772064e+00
6.204380e+01 7.177526e+00 3.776120e+00
6.205379e+01 7.236080e+00 3.780184e+00
6.206379e+01 7.306472e+00 3.784257e+00
6.207379e+01 7.299167e+00 3.788338e+00
6.208379e+01 7.422507e+00 3.792426e+00
6.209379e+01 7.429371e+00 3.796522e+00
6.210379e+01 7.505943e+00 3.800626e+00
6.211379e+01 7.534796e+00 3.804737e+00
6.212379e+01 7.568642e+00 3.808855e+00
6.213379e+01 7.736262e+00 3.812980e+00
6.214379e+01 7.677888e+00 3.817112e+00
6.215378e+01 7.711294e+00 3.821251e+00
6.216378e+01 7.763483e+00 3.825396e+00
6.217378e+01 7.756929e+00 3.829548e+00
6.218378e+01 7.892463e+00 3.833706e+00
6.219378e+01 7.830656e+00 3.837870e+00
6.220378e+01 7.928531e+00 3.842040e+00
6.221378e+01 7.859321e+00 3.846216e+00
6.222378e+01 7.961144e+00 3.850398e+00
6.223378e+01 7.922618e+00 3.854585e+00
6.224378e+01 7.969919e+00 3.858777e+00
6.225377e+01 7.934310e+00 3.862975e+00
6.226377e+01 7.913761e+00 3.867178e+00
6.227377e+01 8.003364e+00 3.871385e+00
6.228377e+01 7.958509e+00 3.875597e+00
6.229377e+01 7.896007e+00 3.879814e+00
6.230377e+01 7.972813e+00 3.884035e+00
6.231377e+01 7.794754e+00 3.888261e+00
6.232377e+01 7.874340e+00 3.892490e+00
6.233377e+01 7.823134e+00 3.896723e+00
6.234377e+01 7.871330e+00 3.900960e+00
6.235376e+01 7.888343e+00 3.905201e+00
6.236376e+01 7.793465e+00 3.909445e+00
6.237376e+01 7.631914e+00 3.913693e+00
6.238376e+01 7.683222e+00 3.917943e+00
6.239376e+01 7.620920e+00 3.922196e+00
6.240376e+01 7.562469e+00 3.926453e+00
6.241376e+01 7.562630e+00 3.930712e+00
6.242376e+01 7.590974e+00 3.934973e+00
6.243376e+01 7.473403e+00 3.939237e+00
6.244376e+01 7.438047e+00 3.943502e+00
6.245375e+01 7.328293e+00 3.947770e+00
6.246375e+01 7.229710e+00 3.952040e+00
6.247375e+01 7.204616e+00 3.956311e+00
6.248375e+01 7.155052e+00 3.960584e+00
6.249375e+01 7.105153e+00 3.964858e+00
6.250375e+01 7.056820e+00 3.969134e+00
6.251375e+01 6.923837e+00 3.973410e+00
6.252375e+01 6.967635e+00 3.977688e+00
6.253375e+01 6.811401e+00 3.981966e+00
6.254375e+01 6.805366e+00 3.986245e+00
6.255374e+01 6.764525e+00 3.990524e+00
6.256374e+01 6.734291e+00 3.994803e+00
6.257374e+01 6.659327e+00 3.999083e+00
6.258374e+01 6.600539e+00 4.003363e+00
6.259374e+01 6.508615e+00 4.007642e+00
6.260374e+01 6.503838e+00 4.011921e+00
6.261374e+01 6.486098e+00 4.016200e+00
6.262374e+01 6.458658e+00 4.020477e+00
6.263374e+01 6.368196e+00 4.024754e+00
6.264374e+01 6.319389e+00 4.029031e+00
6.265373e+01 6.356399e+00 4.033306e+00
6.266373e+01 6.220796e+00 4.037579e+00
6.267373e+01 6.249470e+00 4.041852e+00
6.268373e+01 6.304970e+00 4.046123e+00
6.269373e+01 6.166860e+00 4.050392e+00
6.270373e+01 6.229392e+00 4.054659e+00
6.271373e+01 6.185792e+00 4.058924e+00
6.272373e+01 6.187470e+00 4.063187e+00
6.273373e+01 6.141906e+00 4.067448e+00
6.274373e+01 6.205479e+00 4.071707e+00
6.275372e+01 6.153424e+00 4.075963e+00
6.276372e+01 6.208088e+00 4.080216e+00
6.277372e+01 6.213457e+00 4.084466e+00
6.278372e+01 6.222168e+00 4.088713e+00
6.279372e+01 6.202201e+00 4.092957e+00
6.280372e+01 6.291328e+00 4.097198e+00
6.281372e+01 6.217737e+00 4.101435e+00
6.282372e+01 6.273779e+00 4.105669e+00
6.283372e+01 6.269218e+00 4.109899e+00
6.284372e+01 6.485399e+00 4.114126e+00
6.285371e+01 6.452549e+00 4.118348e+00
6.286371e+01 6.420207e+00 4.122566e+00
6.287371e+01 6.441763e+00 4.126780e+00
6.288371e+01 6.593157e+00 4.130989e+00
6.289371e+01 6.632463e+00 4.135194e+00
6.290371e+01 6.773766e+00 4.139395e+00
6.291371e+01 6.745116e+00 4.143590e+00
6.292371e+01 6.747948e+00 4.147781e+00
6.293371e+01 6.952077e+00 4.151967e+00
6.294371e+01 6.965136e+00 4.156147e+00
6.295370e+01 6.948447e+00 4.160322e+00
6.296370e+01 7.032818e+00 4.164492e+00
6.297370e+01 7.062658e+00 4.168656e+00
6.298370e+01 7.130018e+00 4.172814e+00
6.299370e+01 7.235067e+00 4.176967e+00
6.300370e+01 7.244867e+00 4.181114e+00
6.301370e+01 7.432344e+00 4.185254e+00
6.302370e+01 7.416806e+00 4.189389e+00
6.303370e+01 7.519326e+00 4.193517e+00
6.304370e+01 7.547190e+00 4.197639e+00
6.305369e+01 7.685392e+00 4.201754e+00
6.306369e+01 7.672804e+00 4.205863e+00
6.307369e+01 7.764572e+00 4.209965e+00
6.308369e+01 7.790984e+00 4.214060e+00
6.309369e+01 7.942871e+00 4.218148e+00
6.310369e+01 7.976381e+00 4.222229e+00
6.311369e+01 7.864990e+00 4.226303e+00
6.312369e+01 8.024501e+00 4.230369e+00
6.313369e+01 8.043923e+00 4.234428e+00
6.314369e+01 8.175926e+00 4.238479e+00
6.315368e+01 8.124244e+00 4.242523e+00
6.316368e+01 8.156182e+00 4.246559e+00
6.317368e+01 8.206788e+00 4.250587e+00
6.318368e+01 8.295495e+00 4.254608e+00
6.319368e+01 8.257697e+00 4.258620e+00
6.320368e+01 8.322272e+00 4.262624e+00
6.321368e+01 8.313525e+00 4.266620e+00
6.322368e+01 8.363016e+00 4.270607e+00
6.323368e+01 8.383802e+00 4.274586e+00
6.324368e+01 8.352152e+00 4.278556e+00
6.325367e+01 8.350899e+00 4.282518e+00
6.326367e+01 8.438482e+00 4.286471e+00
6.327367e+01 8.408390e+00 4.290415e+00
6.328367e+01 8.401515e+00 4.294350e+00
6.329367e+01 8.396840e+00 4.298276e+00
6.330367e+01 8.414496e+00 4.302193e+00
6.331367e+01 8.245367e+00 4.306101e+00
6.332367e+01 8.347416e+00 4.309999e+00
6.333367e+01 8.318931e+00 4.313888e+00
6.334367e+01 8.270126e+00 4.317768e+00
6.335366e+01 8.280631e+00 4.321638e+00
6.336366e+01 8.247894e+00 4.325498e+00
6.337366e+01 8.188804e+00 4.329349e+00
6.338366e+01 8.107706e+00 4.333190e+00
6.339366e+01 8.038671e+00 4.337021e+00
6.340366e+01 8.101282e+00 4.340842e+00
6.341366e+01 8.006389e+00 4.344653e+00
6.342366e+01 7.917625e+00 4.348453e+00
6.343366e+01 7.918508e+00 4.352244e+00
6.344366e+01 7.941480e+00 4.356024e+00
6.345365e+01 7.784064e+00 4.359794e+00
6.346365e+01 7.722187e+00 4.363553e+00
6.347365e+01 7.688900e+00 4.367302e+00
6.348365e+01 7.589510e+00 4.371041e+00
6.349365e+01 7.599708e+00 4.374768e+00
6.350365e+01 7.451273e+00 4.378485e+00
6.351365e+01 7.439172e+00 4.382191e+00
6.352365e+01 7.402460e+00 4.385887e+00
6.353365e+01 7.354535e+00 4.389571e+00
6.354365e+01 7.208991e+00 4.393244e+00
6.355364e+01 7.169935e+00 4.396906e+00
6.356364e+01 7.146621e+00 4.400558e+00
6.357364e+01 7.099260e+00 4.404198e+00
6.358364e+01 7.069671e+00 4.407826e+00
6.359364e+01 7.004718e+00 4.411444e+00
6.360364e+01 6.886495e+00 4.415050e+00
6.361364e+01 6.865680e+00 4.418644e+00
6.362364e+01 6.842833e+00 4.422227e+00
6.363364e+01 6.770390e+00 4.425799e+00
6.364364e+01 6.735059e+00 4.429359e+00
6.365363e+01 6.711108e+00 4.432907e+00
6.366363e+01 6.677818e+00 4.436444e+00
6.367363e+01 6.615412e+00 4.439969e+00
6.368363e+01 6.622291e+00 4.443482e+00
6.369363e+01 6.643600e+00 4.446983e+00
6.370363e+01 6.610004e+00 4.450472e+00
6.371363e+01 6.712618e+00 4.453949e+00
6.372363e+01 6.614140e+00 4.457414e+00
6.373363e+01 6.581693e+00 4.460867e+00
6.374363e+01 6.592207e+00 4.464308e+00
6.375362e+01 6.560535e+00 4.467737e+00
6.376362e+01 6.641436e+00 4.471154e+00
6.377362e+01 6.731740e+00 4.474558e+00
6.378362e+01 6.676269e+00 4.477951e+00
6.379362e+01 6.654789e+00 4.481330e+00
6.380362e+01 6.595489e+00 4.484698e+00
6.381362e+01 6.798607e+00 4.488053e+00
6.382362e+01 6.758934e+00 4.491395e+00
6.383362e+01 6.766768e+00 4.494725e+00
6.384362e+01 6.835834e+00 4.498043e+00
6.385361e+01 6.926513e+00 4.501348e+00
6.386361e+01 6.899699e+00 4.504640e+00
6.387361e+01 6.890119e+00 4.507920e+00
6.388361e+01 7.057444e+00 4.511187e+00
6.389361e+01 7.003988e+00 4.514441e+00
6.390361e+01 7.164035e+00 4.517683e+00
6.391361e+01 7.138543e+00 4.520912e+00
6.392361e+01 7.113021e+00 4.524128e+00
6.393361e+01 7.203433e+00 4.527331e+00
6.394361e+01 7.351034e+00 4.530521e+00
6.395360e+01 7.493449e+00 4.533699e+00
6.396360e+01 7.354880e+00 4.536863e+00
6.397360e+01 7.550876e+00 4.540015e+00
6.398360e+01 7.628372e+00 4.543153e+00
6.399360e+01 7.622342e+00 4.546279e+00
6.400360e+01 7.799520e+00 4.549391e+00
6.401360e+01 7.761963e+00 4.552491e+00
6.402360e+01 7.838265e+00 4.555577e+00
6.403360e+01 7.978555e+00 4.558650e+00
6.404360e+01 7.928220e+00 4.561711e+00
6.405359e+01 8.042807e+00 4.564758e+00
6.406359e+01 8.160740e+00 4.567792e+00
6.407359e+01 8.168135e+00 4.570812e+00
6.408359e+01 8.282069e+00 4.573820e+00
6.409359e+01 8.267915e+00 4.576814e+00
6.410359e+01 8.349967e+00 4.579795e+00
6.411359e+01 8.323418e+00 4.582763e+00
6.412359e+01 8.502770e+00 4.585718e+00
6.413359e+01 8.474367e+00 4.588659e+00
6.414359e+01 8.606936e+00 4.591587e+00
6.415358e+01 8.560850e+00 4.594502e+00
6.416358e+01 8.644360e+00 4.597403e+00
6.417358e+01 8.720836e+00 4.600291e+00
6.418358e+01 8.653282e+00 4.603166e+00
6.419358e+01 8.692454e+00 4.606027e+00
6.420358e+01 8.778478e+00 4.608875e+00
6.421358e+01 8.730229e+00 4.611710e+00
6.422358e+01 8.727539e+00 4.614531e+00
6.423358e+01 8.704164e+00 4.617339e+00
6.424358e+01 8.847050e+00 4.620133e+00
6.425357e+01 8.780261e+00 4.622914e+00
6.426357e+01 8.842338e+00 4.625681e+00
6.427357e+01 8.811496e+00 4.628436e+00
6.428357e+01 8.778701e+00 4.631176e+00
6.429357e+01 8.823687e+00 4.633903e+00
6.430357e+01 8.806109e+00 4.636617e+00
6.431357e+01 8.803764e+00 4.639318e+00
6.432357e+01 8.692700e+00 4.642005e+00
6.433357e+01 8.703779e+00 4.644678e+00
6.434357e+01 8.657950e+00 4.647338e+00
6.435356e+01 8.555095e+00 4.649985e+00
6.436356e+01 8.636139e+00 4.652618e+00
6.437356e+01 8.643112e+00 4.655238e+00
6.438356e+01 8.504793e+00 4.657844e+00
6.439356e+01 8.459925e+00 4.660437e+00
6.440356e+01 8.399974e+00 4.663016e+00
6.441356e+01 8.397020e+00 4.665582e+00
6.442356e+01 8.310192e+00 4.668134e+00
6.443356e+01 8.287048e+00 4.670673e+00
6.444356e+01 8.231248e+00 4.673199e+00
6.445355e+01 8.178801e+00 4.675711e+00
6.446355e+01 8.085122e+00 4.678210e+00
6.447355e+01 8.050406e+00 4.680695e+00
6.448355e+01 7.937034e+00 4.683167e+00
6.449355e+01 7.918627e+00 4.685625e+00
6.450355e+01 7.957536e+00 4.688070e+00
6.451355e+01 7.823164e+00 4.690502e+00
6.452355e+01 7.744789e+00 4.692920e+00
6.453355e+01 7.730350e+00 4.695325e+00
6.454355e+01 7.678556e+00 4.697717e+00
6.455354e+01 7.560273e+00 4.700095e+00
6.456354e+01 7.550428e+00 4.702460e+00
6.457354e+01 7.491473e+00 4.704811e+00
6.458354e+01 7.402019e+00 4.707150e+00
6.459354e+01 7.402014e+00 4.709475e+00
6.460354e+01 7.377118e+00 4.711786e+00
6.461354e+01 7.320505e+00 4.714084e+00
6.462354e+01 7.151157e+00 4.716369e+00
6.463354e+01 7.222214e+00 4.718641e+00
6.464354e+01 7.155920e+00 4.720900e+00
6.465353e+01 7.137344e+00 4.723145e+00
6.466353e+01 7.169333e+00 4.725377e+00
6.467353e+01 7.119887e+00 4.727596e+00
6.468353e+01 7.081137e+00 4.729801e+00
6.469353e+01 7.010910e+00 4.731994e+00
6.470353e+01 7.086089e+00 4.734173e+00
6.471353e+01 6.952584e+00 4.736339e+00
6.472353e+01 7.094613e+00 4.738492e+00
6.473353e+01 6.909253e+00 4.740632e+00
6.474353e+01 7.053299e+00 4.742759e+00
6.475352e+01 6.956513e+00 4.744873e+00
6.476352e+01 6.943154e+00 4.746974e+00
6.477352e+01 7.100108e+00 4.749062e+00
6.478352e+01 7.073040e+00 4.751136e+00
6.479352e+01 7.023054e+00 4.753198e+00
6.480352e+01 7.056650e+00 4.755247e+00
6.481352e+01 7.096259e+00 4.757282e+00
6.482352e+01 7.106027e+00 4.759305e+00
6.483352e+01 7.211743e+00 4.761315e+00
6.484352e+01 7.221595e+00 4.763312e+00
6.485351e+01 7.280407e+00 4.765297e+00
6.486351e+01 7.282569e+00 4.767268e+00
6.487351e+01 7.448255e+00 4.769227e+00
6.488351e+01 7.348653e+00 4.771172e+00
6.489351e+01 7.462157e+00 4.773105e+00
6.490351e+01 7.516093e+00 4.775025e+00
6.491351e+01 7.692483e+00 4.776933e+00
6.492351e+01 7.666086e+00 4.778828e+00
6.493351e+01 7.597021e+00 4.780710e+00
6.494351e+01 7.800406e+00 4.782579e+00
6.495350e+01 7.766800e+00 4.784436e+00
6.496350e+01 7.734262e+00 4.786281e+00
6.497350e+01 7.833027e+00 4.788112e+00
6.498350e+01 7.966827e+00 4.789931e+00
6.499350e+01 7.989849e+00 4.791738e+00
6.500350e+01 8.219810e+00 4.793532e+00
6.501350e+01 8.153802e+00 4.795314e+00
6.502350e+01 8.305094e+00 4.797083e+00
6.503350e+01 8.308483e+00 4.798840e+00
6.504350e+01 8.402434e+00 4.800584e+00
6.505349e+01 8.491532e+00 4.802316e+00
6.506349e+01 8.594101e+00 4.804036e+00
6.507349e+01 8.531543e+00 4.805744e+00
6.508349e+01 8.646427e+00 4.807439e+00
6.509349e+01 8.730814e+00 4.809122e+00
6.510349e+01 8.719506e+00 4.810793e+00
6.511349e+01 8.832518e+00 4.812451e+00
6.512349e+01 8.828450e+00 4.814098e+00
6.513349e+01 8.957525e+00 4.815732e+00
6.514349e+01 8.901543e+00 4.817354e+00
6.515348e+01 8.893424e+00 4.818964e+00
6.516348e+01 8.938528e+00 4.820562e+00
6.517348e+01 9.096216e+00 4.822148e+00
6.518348e+01 8.984315e+00 4.823722e+00
6.519348e+01 9.090541e+00 4.825285e+00
6.520348e+01 9.227206e+00 4.826835e+00
6.521348e+01 9.076821e+00 4.828373e+00
6.522348e+01 9.122239e+00 4.829900e+00
6.523348e+01 9.082820e+00 4.831415e+00
6.524348e+01 9.132591e+00 4.832918e+00
6.525347e+01 9.172057e+00 4.834409e+00
6.526347e+01 9.234477e+00 4.835889e+00
6.527347e+01 9.281542e+00 4.837356e+00
6.528347e+01 9.137925e+00 4.838813e+00
6.529347e+01 9.172594e+00 4.840257e+00
6.530347e+01 9.161581e+00 4.841690e+00
6.531347e+01 9.148497e+00 4.843112e+00
6.532347e+01 9.166035e+00 4.844522e+00
6.533347e+01 9.126993e+00 4.845920e+00
6.534347e+01 9.038429e+00 4.847307e+00
6.535346e+01 8.948777e+00 4.848683e+00
6.536346e+01 8.948689e+00 4.850047e+00
6.537346e+01 8.929743e+00 4.851400e+00
6.538346e+01 8.894731e+00 4.852741e+00
6.539346e+01 8.845322e+00 4.854071e+00
6.540346e+01 8.724105e+00 4.855390e+00
6.541346e+01 8.795008e+00 4.856698e+00
6.542346e+01 8.689207e+00 4.857995e+00
6.543346e+01 8.660283e+00 4.859280e+00
6.544346e+01 8.535330e+00 4.860554e+00
6.545345e+01 8.512125e+00 4.861818e+00
6.546345e+01 8.418856e+00 4.863070e+00
6.547345e+01 8.424849e+00 4.864311e+00
6.548345e+01 8.377417e+00 4.865541e+00
6.549345e+01 8.293466e+00 4.866761e+00
6.550345e+01 8.258261e+00 4.867969e+00
6.551345e+01 8.172789e+00 4.869167e+00
6.552345e+01 8.154567e+00 4.870353e+00
6.553345e+01 8.031264e+00 4.871529e+00
6.554345e+01 8.093366e+00 4.872694e+00
6.555344e+01 8.016732e+00 4.873849e+00
6.556344e+01 7.925371e+00 4.874992e+00
6.557344e+01 7.843341e+00 4.876125e+00
6.558344e+01 7.740140e+00 4.877248e+00
6.559344e+01 7.694156e+00 4.878359e+00
6.560344e+01 7.664946e+00 4.879461e+00
6.561344e+01 7.625770e+00 4.880551e+00
6.562344e+01 7.716500e+00 4.881631e+00
6.563344e+01 7.611278e+00 4.882701e+00
6.564344e+01 7.562060e+00 4.883760e+00
6.565343e+01 7.548878e+00 4.884809e+00
6.566343e+01 7.531032e+00 4.885848e+00
6.567343e+01 7.394981e+00 4.886876e+00
6.568343e+01 7.404288e+00 4.887894e+00
6.569343e+01 7.485269e+00 4.888902e+00
6.570343e+01 7.381292e+00 4.889899e+00
6.571343e+01 7.395804e+00 4.890887e+00
6.572343e+01 7.355292e+00 4.891864e+00
6.573343e+01 7.361997e+00 4.892831e+00
6.574343e+01 7.329586e+00 4.893788e+00
6.575342e+01 7.278684e+00 4.894735e+00
6.576342e+01 7.344374e+00 4.895672e+00
6.577342e+01 7.380585e+00 4.896599e+00
6.578342e+01 7.448466e+00 4.897516e+00
6.579342e+01 7.450692e+00 4.898423e+00
6.580342e+01 7.466576e+00 4.899320e+00
6.581342e+01 7.449525e+00 4.900207e+00
6.582342e+01 7.607560e+00 4.901085e+00
6.583342e+01 7.619643e+00 4.901952e+00
6.584342e+01 7.498376e+00 4.902810e+00
6.585341e+01 7.633791e+00 4.903659e+00
6.586341e+01 7.578301e+00 4.904497e+00
6.587341e+01 7.718172e+00 4.905326e+00
6.588341e+01 7.669796e+00 4.906146e+00
6.589341e+01 7.750494e+00 4.906955e+00
6.590341e+01 7.823351e+00 4.907756e+00
6.591341e+01 7.996467e+00 4.908546e+00
6.592341e+01 7.983249e+00 4.909327e+00
6.593341e+01 8.006507e+00 4.910099e+00
6.594341e+01 8.136539e+00 4.910861e+00
6.595340e+01 8.105860e+00 4.911614e+00
6.596340e+01 8.196480e+00 4.912358e+00
6.597340e+01 8.266587e+00 4.913092e+00
6.598340e+01 8.436870e+00 4.913817e+00
6.599340e+01 8.404473e+00 4.914533e+00
6.600340e+01 8.450617e+00 4.915239e+00
6.601340e+01 8.513515e+00 4.915936e+00
6.602340e+01 8.587221e+00 4.916624e+00
6.603340e+01 8.629908e+00 4.917303e+00
6.604340e+01 8.814121e+00 4.917973e+00
6.605339e+01 8.741330e+00 4.918633e+00
6.606339e+01 8.727178e+00 4.919285e+00
6.607339e+01 8.931920e+00 4.919927e+00
6.608339e+01 9.023376e+00 4.920561e+00
6.609339e+01 9.010670e+00 4.921185e+00
6.610339e+01 9.050467e+00 4.921801e+00
6.611339e+01 9.126708e+00 4.922408e+00
6.612339e+01 9.125006e+00 4.923005e+00
6.613339e+01 9.233365e+00 4.923594e+00
6.614339e+01 9.210985e+00 4.924174e+00
6.615338e+01 9.289453e+00 4.924745e+00
6.616338e+01 9.283478e+00 4.925308e+00
6.617338e+01 9.412547e+00 4.925862e+00
6.618338e+01 9.461190e+00 4.926406e+00
6.619338e+01 9.449081e+00 4.926943e+00
6.620338e+01 9.456465e+00 4.927470e+00
6.621338e+01 9.536950e+00 4.927989e+00
6.622338e+01 9.517131e+00 4.928499e+00
6.623338e+01 9.570722e+00 4.929001e+00
6.624338e+01 9.471893e+00 4.929494e+00
6.625337e+01 9.540797e+00 4.929978e+00
6.626337e+01 9.558999e+00 4.930454e+00
6.627337e+01 9.531393e+00 4.930922e+00
6.628337e+01 9.520914e+00 4.931381e+00
6.629337e+01 9.538635e+00 4.931831e+00
6.630337e+01 9.546019e+00 4.932273e+00
6.631337e+01 9.524615e+00 4.932707e+00
6.632337e+01 9.483337e+00 4.933132e+00
6.633337e+01 9.473404e+00 4.933549e+00
6.634337e+01 9.391063e+00 4.933957e+00
6.635336e+01 9.359250e+00 4.934357e+00
6.636336e+01 9.266279e+00 4.934749e+00
6.637336e+01 9.225100e+00 4.935132e+00
6.638336e+01 9.284826e+00 4.935508e+00
6.639336e+01 9.200678e+00 4.935874e+00
6.640336e+01 9.132674e+00 4.936233e+00
6.641336e+01 9.017402e+00 4.936584e+00
6.642336e+01 8.966591e+00 4.936926e+00
6.643336e+01 8.990570e+00 4.937260e+00
6.644336e+01 8.968788e+00 4.937586e+00
6.645335e+01 8.896653e+00 4.937903e+00
6.646335e+01 8.800298e+00 4.938213e+00
6.647335e+01 8.739442e+00 4.938515e+00
6.648335e+01 8.617677e+00 4.938808e+00
6.649335e+01 8.625011e+00 4.939093e+00
6.650335e+01 8.582247e+00 4.939370e+00
6.651335e+01 8.573800e+00 4.939640e+00
6.652335e+01 8.485686e+00 4.939901e+00
6.653335e+01 8.375600e+00 4.940154e+00
6.654335e+01 8.212781e+00 4.940399e+00
6.655334e+01 8.374122e+00 4.940636e+00
6.656334e+01 8.242154e+00 4.940865e+00
6.657334e+01 8.254250e+00 4.941086e+00
6.658334e+01 8.113007e+00 4.941299e+00
6.659334e+01 8.160651e+00 4.941504e+00
6.660334e+01 8.054807e+00 4.941701e+00
6.661334e+01 8.060852e+00 4.941891e+00
6.662334e+01 7.903683e+00 4.942072e+00
6.663334e+01 7.911468e+00 4.942246e+00
6.664334e+01 7.919387e+00 4.942411e+00
6.665333e+01 7.830871e+00 4.942569e+00
6.666333e+01 7.826442e+00 4.942718e+00
6.667333e+01 7.727826e+00 4.942860e+00
6.668333e+01 7.707970e+00 4.942994e+00
6.669333e+01 7.646651e+00 4.943121e+00
6.670333e+01 7.733477e+00 4.943239e+00
6.671333e+01 7.631019e+00 4.943349e+00
6.672333e+01 7.645675e+00 4.943452e+00
6.673333e+01 7.662463e+00 4.943547e+00
6.674333e+01 7.655870e+00 4.943634e+00
6.675332e+01 7.693447e+00 4.943713e+00
6.676332e+01 7.540356e+00 4.943784e+00
6.677332e+01 7.645130e+00 4.943847e+00
6.678332e+01 7.676168e+00 4.943903e+00
6.679332e+01 7.761416e+00 4.943951e+00
6.680332e+01 7.777634e+00 4.943991e+00
6.681332e+01 7.732859e+00 4.944023e+00
6.682332e+01 7.897432e+00 4.944047e+00
6.683332e+01 7.808443e+00 4.944064e+00
6.684332e+01 7.904699e+00 4.944073e+00
6.685331e+01 7.847807e+00 4.944074e+00
6.686331e+01 7.927611e+00 4.944067e+00
6.687331e+01 8.010166e+00 4.944052e+00
6.688331e+01 8.030444e+00 4.944030e+00
6.689331e+01 8.123721e+00 4.943999e+00
6.690331e+01 8.153093e+00 4.943961e+00
6.691331e+01 8.195905e+00 4.943915e+00
6.692331e+01 8.199370e+00 4.943862e+00
6.693331e+01 8.337956e+00 4.943800e+00
6.694331e+01 8.471465e+00 4.943731e+00
6.695330e+01 8.540231e+00 4.943653e+00
6.696330e+01 8.501882e+00 4.943568e+00
6.697330e+01 8.618368e+00 4.943475e+00
6.698330e+01 8.666514e+00 4.943374e+00
6.699330e+01 8.793110e+00 4.943266e+00
6.700330e+01 8.765230e+00 4.943149e+00
6.701330e+01 8.831757e+00 4.943024e+00
6.702330e+01 8.932263e+00 4.942892e+00
6.703330e+01 8.942211e+00 4.942752e+00
6.704330e+01 9.093752e+00 4.942604e+00
6.705329e+01 9.176126e+00 4.942447e+00
6.706329e+01 9.184992e+00 4.942283e+00
6.707329e+01 9.233833e+00 4.942111e+00
6.708329e+01 9.245064e+00 4.941932e+00
6.709329e+01 9.392652e+00 4.941744e+00
6.710329e+01 9.391373e+00 4.941548e+00
6.711329e+01 9.398717e+00 4.941344e+00
6.712329e+01 9.443567e+00 4.941132e+00
6.713329e+01 9.518365e+00 4.940912e+00
6.714329e+01 9.613254e+00 4.940684e+00
6.715328e+01 9.587715e+00 4.940448e+00
6.716328e+01 9.623971e+00 4.940204e+00
6.717328e+01 9.788777e+00 4.939951e+00
6.718328e+01 9.714165e+00 4.939691e+00
6.719328e+01 9.767438e+00 4.939423e+00
6.720328e+01 9.779554e+00 4.939146e+00
6.721328e+01 9.831463e+00 4.938861e+00
6.722328e+01 9.842589e+00 4.938568e+00
6.723328e+01 9.804448e+00 4.938267e+00
6.724328e+01 9.827689e+00 4.937958e+00
6.725327e+01 9.861513e+00 4.937640e+00
6.726327e+01 9.806446e+00 4.937314e+00
6.727327e+01 9.866821e+00 4.936980e+00
6.728327e+01 9.810655e+00 4.936638e+00
6.729327e+01 9.892611e+00 4.936287e+00
6.730327e+01 9.916289e+00 4.935927e+00
6.731327e+01 9.850195e+00 4.935560e+00
6.732327e+01 9.744808e+00 4.935184e+00
6.733327e+01 9.799377e+00 4.934799e+00
6.734327e+01 9.636933e+00 4.934406e+00
6.735326e+01 9.717324e+00 4.934005e+00
6.736326e+01 9.672058e+00 4.933595e+00
6.737326e+01 9.578756e+00 4.933176e+00
6.738326e+01 9.605031e+00 4.932749e+00
6.739326e+01 9.514262e+00 4.932314e+00
6.740326e+01 9.489450e+00 4.931869e+00
6.741326e+01 9.387509e+00 4.931416e+00
6.742326e+01 9.293026e+00 4.930955e+00
6.743326e+01 9.300230e+00 4.930484e+00
6.744326e+01 9.286073e+00 4.930005e+00
6.745325e+01 9.157779e+00 4.929517e+00
6.746325e+01 9.160870e+00 4.929020e+00
6.747325e+01 9.105502e+00 4.928514e+00
6.748325e+01 9.046310e+00 4.928000e+00
6.749325e+01 8.852806e+00 4.927476e+00
6.750325e+01 9.009641e+00 4.926944e+00
6.751325e+01 8.768198e+00 4.926402e+00
6.752325e+01 8.861155e+00 4.925852e+00
6.753325e+01 8.705053e+00 4.925292e+00
6.754325e+01 8.741284e+00 4.924723e+00
6.755324e+01 8.516855e+00 4.924145e+00
6.756324e+01 8.495528e+00 4.923558e+00
6.757324e+01 8.571035e+00 4.922962e+00
6.758324e+01 8.415424e+00 4.922356e+00
6.759324e+01 8.303268e+00 4.921741e+00
6.760324e+01 8.358471e+00 4.921117e+00
6.761324e+01 8.300567e+00 4.920483e+00
6.762324e+01 8.302055e+00 4.919840e+00
6.763324e+01 8.284518e+00 4.919188e+00
6.764324e+01 8.202226e+00 4.918525e+00
6.765323e+01 8.137982e+00 4.917854e+00
6.766323e+01 8.088480e+00 4.917172e+00
6.767323e+01 8.015732e+00 4.916481e+00
6.768323e+01 8.029197e+00 4.915780e+00
6.769323e+01 7.969944e+00 4.915070e+00
6.770323e+01 8.001912e+00 4.914349e+00
6.771323e+01 8.034556e+00 4.913619e+00
6.772323e+01 8.012870e+00 4.912879e+00
6.773323e+01 7.943055e+00 4.912129e+00
6.774323e+01 7.929067e+00 4.911369e+00
6.775322e+01 7.970165e+00 4.910599e+00
6.776322e+01 7.959143e+00 4.909819e+00
6.777322e+01 7.935689e+00 4.909028e+00
6.778322e+01 8.024730e+00 4.908228e+00
6.779322e+01 7.979411e+00 4.907417e+00
6.780322e+01 8.041683e+00 4.906596e+00
6.781322e+01 8.081229e+00 4.905764e+00
6.782322e+01 8.141867e+00 4.904922e+00
6.783322e+01 8.151693e+00 4.904069e+00
6.784322e+01 8.062536e+00 4.903206e+00
6.785321e+01 8.239836e+00 4.902333e+00
6.786321e+01 8.269082e+00 4.901448e+00
6.787321e+01 8.261467e+00 4.900553e+00
6.788321e+01 8.411160e+00 4.899648e+00
6.789321e+01 8.372465e+00 4.898731e+00
6.790321e+01 8.508102e+00 4.897804e+00
6.791321e+01 8.509706e+00 4.896865e+00
6.792321e+01 8.533487e+00 4.895916e+00
6.793321e+01 8.653021e+00 4.894955e+00
6.794321e+01 8.594463e+00 4.893984e+00
6.795320e+01 8.664758e+00 4.893001e+00
6.796320e+01 8.828399e+00 4.892007e+00
6.797320e+01 8.819780e+00 4.891001e+00
6.798320e+01 9.081377e+00 4.889984e+00
6.799320e+01 8.978754e+00 4.888956e+00
6.800320e+01 9.061837e+00 4.887916e+00
6.801320e+01 9.119840e+00 4.886865e+00
6.802320e+01 9.218873e+00 4.885802e+00
6.803320e+01 9.216448e+00 4.884727e+00
6.804320e+01 9.392837e+00 4.883640e+00
6.805319e+01 9.388757e+00 4.882542e+00
6.806319e+01 9.440624e+00 4.881431e+00
6.807319e+01 9.631485e+00 4.880309e+00
6.808319e+01 9.608467e+00 4.879174e+00
6.809319e+01 9.596971e+00 4.878028e+00
6.810319e+01 9.613730e+00 4.876869e+00
6.811319e+01 9.684875e+00 4.875698e+00
6.812319e+01 9.749043e+00 4.874514e+00
6.813319e+01 9.860020e+00 4.873318e+00
6.814319e+01 9.863843e+00 4.872110e+00
6.815318e+01 9.966286e+00 4.870889e+00
6.816318e+01 9.939503e+00 4.869655e+00
6.817318e+01 1.001550e+01 4.868409e+00
6.818318e+01 9.989343e+00 4.867150e+00
6.819318e+01 1.000216e+01 4.865877e+00
6.820318e+01 1.008498e+01 4.864592e+00
6.821318e+01 1.006408e+01 4.863294e+00
6.822318e+01 1.010297e+01 4.861983e+00
6.823318e+01 1.012440e+01 4.860658e+00
6.824318e+01 1.008408e+01 4.859320e+00
6.825317e+01 1.010463e+01 4.857969e+00
6.826317e+01 1.012276e+01 4.856604e+00
6.827317e+01 1.006382e+01 4.855226e+00
6.828317e+01 1.008224e+01 4.853834e+00
6.829317e+01 1.010442e+01 4.852428e+00
6.830317e+01 1.006498e+01 4.851009e+00
6.831317e+01 1.003132e+01 4.849575e+00
6.832317e+01 1.012417e+01 4.848128e+00
6.833317e+01 1.005882e+01 4.846667e+00
6.834317e+01 9.913780e+00 4.845191e+00
6.835316e+01 9.961958e+00 4.843701e+00
6.836316e+01 9.981287e+00 4.842197e+00
6.837316e+01 9.793905e+00 4.840679e+00
6.838316e+01 9.796792e+00 4.839146e+00
6.839316e+01 9.751375e+00 4.837598e+00
6.840316e+01 9.618456e+00 4.836035e+00
6.841316e+01 9.656802e+00 4.834458e+00
6.842316e+01 9.606298e+00 4.832866e+00
6.843316e+01 9.540695e+00 4.831259e+00
6.844316e+01 9.578263e+00 4.829637e+00
6.845315e+01 9.474791e+00 4.828000e+00
6.846315e+01 9.367978e+00 4.826347e+00
6.847315e+01 9.343168e+00 4.824679e+00
6.848315e+01 9.292233e+00 4.822996e+00
6.849315e+01 9.171702e+00 4.821296e+00
6.850315e+01 9.206792e+00 4.819582e+00
6.851315e+01 9.091281e+00 4.817851e+00
6.852315e+01 9.048315e+00 4.816105e+00
6.853315e+01 8.925335e+00 4.814343e+00
6.854315e+01 8.928117e+00 4.812564e+00
6.855314e+01 8.861676e+00 4.810770e+00
6.856314e+01 8.723161e+00 4.808959e+00
6.857314e+01 8.630873e+00 4.807131e+00
6.858314e+01 8.660403e+00 4.805288e+00
6.859314e+01 8.682918e+00 4.803427e+00
6.860314e+01 8.573504e+00 4.801550e+00
6.861314e+01 8.491939e+00 4.799656e+00
6.862314e+01 8.518433e+00 4.797745e+00
6.863314e+01 8.468751e+00 4.795817e+00
6.864314e+01 8.400941e+00 4.793872e+00
6.865313e+01 8.342492e+00 4.791910e+00
6.866313e+01 8.440710e+00 4.789930e+00
6.867313e+01 8.278199e+00 4.787933e+00
6.868313e+01 8.246478e+00 4.785918e+00
6.869313e+01 8.353632e+00 4.783886e+00
6.870313e+01 8.259286e+00 4.781835e+00
6.871313e+01 8.260105e+00 4.779767e+00
6.872313e+01 8.331301e+00 4.777681e+00
6.873313e+01 8.287410e+00 4.775576e+00
6.874313e+01 8.289510e+00 4.773453e+00
6.875312e+01 8.259559e+00 4.771312e+00
6.876312e+01 8.160287e+00 4.769152e+00
6.877312e+01 8.283537e+00 4.766973e+00
6.878312e+01 8.188399e+00 4.764776e+00
6.879312e+01 8.291797e+00 4.762560e+00
6.880312e+01 8.317127e+00 4.760324e+00
6.881312e+01 8.248019e+00 4.758070e+00
6.882312e+01 8.328012e+00 4.755796e+00
6.883312e+01 8.307007e+00 4.753503e+00
6.884312e+01 8.417011e+00 4.751190e+00
6.885311e+01 8.416801e+00 4.748858e+00
6.886311e+01 8.527336e+00 4.746505e+00
6.887311e+01 8.605167e+00 4.744133e+00
6.888311e+01 8.609185e+00 4.741741e+00
6.889311e+01 8.597341e+00 4.739329e+00
6.890311e+01 8.698123e+00 4.736896e+00
6.891311e+01 8.793118e+00 4.734443e+00
6.892311e+01 8.878012e+00 4.731969e+00
6.893311e+01 8.870862e+00 4.729474e+00
6.894311e+01 8.969721e+00 4.726959e+00
6.895310e+01 8.937429e+00 4.724422e+00
6.896310e+01 9.129536e+00 4.721864e+00
6.897310e+01 9.173428e+00 4.719286e+00
6.898310e+01 9.300415e+00 4.716685e+00
6.899310e+01 9.257138e+00 4.714063e+00
6.900310e+01 9.399531e+00 4.711420e+00
6.901310e+01 9.297927e+00 4.708754e+00
6.902310e+01 9.354513e+00 4.706066e+00
6.903310e+01 9.608202e+00 4.703357e+00
6.904310e+01 9.537220e+00 4.700625e+00
6.905309e+01 9.669292e+00 4.697870e+00
6.906309e+01 9.678262e+00 4.695093e+00
6.907309e+01 9.890147e+00 4.692293e+00
6.908309e+01 9.785175e+00 4.689471e+00
6.909309e+01 9.951521e+00 4.686625e+00
6.910309e+01 9.840920e+00 4.683756e+00
6.911309e+01 1.002884e+01 4.680864e+00
6.912309e+01 1.004229e+01 4.677948e+00
6.913309e+01 1.005486e+01 4.675008e+00
6.914309e+01 9.973985e+00 4.672045e+00
6.915308e+01 1.010587e+01 4.669058e+00
6.916308e+01 1.015221e+01 4.666046e+00
6.917308e+01 1.022784e+01 4.663010e+00
6.918308e+01 1.028332e+01 4.659950e+00
6.919308e+01 1.027024e+01 4.656865e+00
6.920308e+01 1.020370e+01 4.653756e+00
6.921308e+01 1.026425e+01 4.650621e+00
6.922308e+01 1.027337e+01 4.647461e+00
6.923308e+01 1.024407e+01 4.644276e+00
6.924308e+01 1.041116e+01 4.641066e+00
6.925307e+01 1.029588e+01 4.637830e+00
6.926307e+01 1.034128e+01 4.634568e+00
6.927307e+01 1.038644e+01 4.631280e+00
6.928307e+01 1.037220e+01 4.627966e+00
6.929307e+01 1.022961e+01 4.624626e+00
6.930307e+01 1.035168e+01 4.621259e+00
6.931307e+01 1.035431e+01 4.617866e+00
6.932307e+01 1.038172e+01 4.614445e+00
6.933307e+01 1.023627e+01 4.610998e+00
6.934307e+01 1.020784e+01 4.607524e+00
6.935306e+01 1.027681e+01 4.604022e+00
6.936306e+01 1.014706e+01 4.600492e+00
6.937306e+01 1.009918e+01 4.596935e+00
6.938306e+01 1.008292e+01 4.593350e+00
6.939306e+01 1.002989e+01 4.589737e+00
6.940306e+01 9.985848e+00 4.586095e+00
6.941306e+01 9.891452e+00 4.582425e+00
6.942306e+01 9.852284e+00 4.578727e+00
6.943306e+01 9.764618e+00 4.574999e+00
6.944306e+01 9.747489e+00 4.571243e+00
6.945305e+01 9.717637e+00 4.567457e+00
6.946305e+01 9.673809e+00 4.563642e+00
6.947305e+01 9.605404e+00 4.559797e+00
6.948305e+01 9.535122e+00 4.555922e+00
6.949305e+01 9.507136e+00 4.552017e+00
6.950305e+01 9.385298e+00 4.548083e+00
6.951305e+01 9.316122e+00 4.544117e+00
6.952305e+01 9.240794e+00 4.540121e+00
6.953305e+01 9.187573e+00 4.536094e+00
6.954305e+01 9.150183e+00 4.532037e+00
6.955304e+01 9.018033e+00 4.527947e+00
6.956304e+01 8.981201e+00 4.523827e+00
6.957304e+01 8.995681e+00 4.519675e+00
6.958304e+01 8.919997e+00 4.515491e+00
6.959304e+01 8.949467e+00 4.511275e+00
6.960304e+01 8.843636e+00 4.507026e+00
6.961304e+01 8.743997e+00 4.502746e+00
6.962304e+01 8.696250e+00 4.498432e+00
6.963304e+01 8.823398e+00 4.494086e+00
6.964304e+01 8.689032e+00 4.489706e+00
6.965303e+01 8.552794e+00 4.485293e+00
6.966303e+01 8.666082e+00 4.480847e+00
6.967303e+01 8.584842e+00 4.476366e+00
6.968303e+01 8.579355e+00 4.471852e+00
6.969303e+01 8.456951e+00 4.467304e+00
6.970303e+01 8.435574e+00 4.462721e+00
6.971303e+01 8.449228e+00 4.458103e+00
6.972303e+01 8.561334e+00 4.453450e+00
6.973303e+01 8.409632e+00 4.448763e+00
6.974303e+01 8.460272e+00 4.444040e+00
6.975302e+01 8.441570e+00 4.439281e+00
6.976302e+01 8.455810e+00 4.434487e+00
6.977302e+01 8.477963e+00 4.429656e+00
6.978302e+01 8.450589e+00 4.424789e+00
6.979302e+01 8.570869e+00 4.419886e+00
6.980302e+01 8.495239e+00 4.414946e+00
6.981302e+01 8.512902e+00 4.409969e+00
6.982302e+01 8.568642e+00 4.404955e+00
6.983302e+01 8.666901e+00 4.399903e+00
6.984302e+01 8.568553e+00 4.394813e+00
6.985301e+01 8.678151e+00 4.389686e+00
6.986301e+01 8.796286e+00 4.384520e+00
6.987301e+01 8.680961e+00 4.379316e+00
6.988301e+01 8.697830e+00 4.374073e+00
6.989301e+01 8.857547e+00 4.368792e+00
6.990301e+01 8.937504e+00 4.363471e+00
6.991301e+01 8.918802e+00 4.358110e+00
6.992301e+01 9.038603e+00 4.352710e+00
6.993301e+01 9.076246e+00 4.347270e+00
6.994301e+01 9.209597e+00 4.341790e+00
6.995300e+01 9.248683e+00 4.336269e+00
6.996300e+01 9.293875e+00 4.330708e+00
6.997300e+01 9.304154e+00 4.325106e+00
6.998300e+01 9.445769e+00 4.319462e+00
6.999300e+01 9.429383e+00 4.313777e+00
7.000300e+01 9.483572e+00 4.308050e+00
7.001300e+01 9.619544e+00 4.302281e+00
7.002300e+01 9.673694e+00 4.296470e+00
7.003300e+01 9.695820e+00 4.290617e+00
7.004300e+01 9.760345e+00 4.284720e+00
7.005299e+01 9.810653e+00 4.278781e+00
7.006299e+01 9.893809e+00 4.272798e+00
7.007299e+01 9.953544e+00 4.266771e+00
7.008299e+01 1.002887e+01 4.260701e+00
7.009299e+01 1.012315e+01 4.254586e+00
7.010299e+01 1.007724e+01 4.248427e+00
7.011299e+01 1.020336e+01 4.242224e+00
7.012299e+01 1.025478e+01 4.235975e+00
7.013299e+01 1.031678e+01 4.229681e+00
7.014299e+01 1.038077e+01 4.223341e+00
7.015298e+01 1.035988e+01 4.216956e+00
7.016298e+01 1.042447e+01 4.210525e+00
7.017298e+01 1.046923e+01 4.204047e+00
7.018298e+01 1.052119e+01 4.197522e+00
7.019298e+01 1.046244e+01 4.190951e+00
7.020298e+01 1.050588e+01 4.184332e+00
7.021298e+01 1.049727e+01 4.177666e+00
7.022298e+01 1.047732e+01 4.170952e+00
7.023298e+01 1.061823e+01 4.164190e+00
7.024298e+01 1.058465e+01 4.157380e+00
7.025297e+01 1.063429e+01 4.150521e+00
7.026297e+01 1.053567e+01 4.143613e+00
7.027297e+01 1.053215e+01 4.136656e+00
7.028297e+01 1.053502e+01 4.129649e+00
7.029297e+01 1.048242e+01 4.122592e+00
7.030297e+01 1.050933e+01 4.115486e+00
7.031297e+01 1.043088e+01 4.108328e+00
7.032297e+01 1.043570e+01 4.101121e+00
7.033297e+01 1.048469e+01 4.093862e+00
7.034297e+01 1.038721e+01 4.086552e+00
7.035296e+01 1.033850e+01 4.079190e+00
7.036296e+01 1.039138e+01 4.071776e+00
7.037296e+01 1.030714e+01 4.064310e+00
7.038296e+01 1.028453e+01 4.056792e+00
7.039296e+01 1.021341e+01 4.049221e+00
7.040296e+01 1.024797e+01 4.041596e+00
7.041296e+01 1.011078e+01 4.033919e+00
7.042296e+01 1.010070e+01 4.026187e+00
7.043296e+01 9.980863e+00 4.018402e+00
7.044296e+01 9.927823e+00 4.010562e+00
7.045295e+01 9.821512e+00 4.002668e+00
7.046295e+01 9.919469e+00 3.994719e+00
7.047295e+01 9.750801e+00 3.986715e+00
7.048295e+01 9.738161e+00 3.978655e+00
7.049295e+01 9.662594e+00 3.970539e+00
7.050295e+01 9.619737e+00 3.962367e+00
7.051295e+01 9.501648e+00 3.954139e+00
7.052295e+01 9.447249e+00 3.945854e+00
7.053295e+01 9.356043e+00 3.937512e+00
7.054295e+01 9.372791e+00 3.929112e+00
7.055294e+01 9.220697e+00 3.920655e+00
7.056294e+01 9.193243e+00 3.912140e+00
7.057294e+01 9.119230e+00 3.903567e+00
7.058294e+01 9.209252e+00 3.894935e+00
7.059294e+01 9.119361e+00 3.886244e+00
7.060294e+01 8.969076e+00 3.877494e+00
7.061294e+01 9.080922e+00 3.868684e+00
7.062294e+01 8.953341e+00 3.859815e+00
7.063294e+01 8.915919e+00 3.850885e+00
7.064294e+01 8.845039e+00 3.841895e+00
7.065293e+01 8.811732e+00 3.832845e+00
7.066293e+01 8.793354e+00 3.823733e+00
7.067293e+01 8.669138e+00 3.814560e+00
7.068293e+01 8.687434e+00 3.805326e+00
7.069293e+01 8.681429e+00 3.796029e+00
7.070293e+01 8.624293e+00 3.786670e+00
7.071293e+01 8.683211e+00 3.777249e+00
7.072293e+01 8.629251e+00 3.767765e+00
7.073293e+01 8.614595e+00 3.758217e+00
7.074293e+01 8.615793e+00 3.748606e+00
7.075292e+01 8.585812e+00 3.738932e+00
7.076292e+01 8.765644e+00 3.729193e+00
7.077292e+01 8.701853e+00 3.719390e+00
7.078292e+01 8.656520e+00 3.709522e+00
7.079292e+01 8.670607e+00 3.699590e+00
7.080292e+01 8.732134e+00 3.689592e+00
7.081292e+01 8.711996e+00 3.679528e+00
7.082292e+01 8.733832e+00 3.669399e+00
7.083292e+01 8.777115e+00 3.659204e+00
7.084292e+01 8.863291e+00 3.648942e+00
7.085291e+01 8.836806e+00 3.638613e+00
7.086291e+01 8.967549e+00 3.628218e+00
7.087291e+01 8.928526e+00 3.617755e+00
7.088291e+01 9.059101e+00 3.607225e+00
7.089291e+01 9.052466e+00 3.596627e+00
7.090291e+01 9.099017e+00 3.585960e+00
7.091291e+01 9.150642e+00 3.575225e+00
7.092291e+01 9.257412e+00 3.564422e+00
7.093291e+01 9.241720e+00 3.553550e+00
7.094291e+01 9.280879e+00 3.542608e+00
7.095290e+01 9.313852e+00 3.531597e+00
7.096290e+01 9.420544e+00 3.520516e+00
7.097290e+01 9.475398e+00 3.509365e+00
7.098290e+01 9.590557e+00 3.498143e+00
7.099290e+01 9.652836e+00 3.486852e+00
7.100290e+01 9.804156e+00 3.475489e+00
7.101290e+01 9.768758e+00 3.464055e+00
7.102290e+01 9.806858e+00 3.452550e+00
7.103290e+01 9.837230e+00 3.440973e+00
7.104290e+01 9.990909e+00 3.429325e+00
7.105289e+01 9.997650e+00 3.417604e+00
7.106289e+01 1.009070e+01 3.405811e+00
7.107289e+01 1.014195e+01 3.393945e+00
7.108289e+01 1.028978e+01 3.382007e+00
7.109289e+01 1.016875e+01 3.369996e+00
7.110289e+01 1.035006e+01 3.357911e+00
7.111289e+01 1.035534e+01 3.345753e+00
7.112289e+01 1.043361e+01 3.333521e+00
7.113289e+01 1.043874e+01 3.321215e+00
7.114289e+01 1.046528e+01 3.308835e+00
7.115288e+01 1.046920e+01 3.296380e+00
7.116288e+01 1.054734e+01 3.283852e+00
7.117288e+01 1.062408e+01 3.271248e+00
7.118288e+01 1.069971e+01 3.258569e+00
7.119288e+01 1.072592e+01 3.245815e+00
7.120288e+01 1.065609e+01 3.232986e+00
7.121288e+01 1.077022e+01 3.220082e+00
7.122288e+01 1.076891e+01 3.207101e+00
7.123288e+01 1.080305e+01 3.194045e+00
7.124288e+01 1.069499e+01 3.180912e+00
7.125287e+01 1.076219e+01 3.167704e+00
7.126287e+01 1.069479e+01 3.154419e+00
7.127287e+01 1.074762e+01 3.141057e+00
7.128287e+01 1.060404e+01 3.127619e+00
7.129287e+01 1.058789e+01 3.114104e+00
7.130287e+01 1.066327e+01 3.100512e+00
7.131287e+01 1.065376e+01 3.086843e+00
7.132287e+01 1.059883e+01 3.073097e+00
7.133287e+01 1.060555e+01 3.059274e+00
7.134287e+01 1.052379e+01 3.045373e+00
7.135286e+01 1.054827e+01 3.031394e+00
7.136286e+01 1.065582e+01 3.017338e+00
7.137286e+01 1.037195e+01 3.003204e+00
7.138286e+01 1.032049e+01 2.988992e+00
7.139286e+01 1.047098e+01 2.974703e+00
7.140286e+01 1.025375e+01 2.960335e+00
7.141286e+01 1.030482e+01 2.945890e+00
7.142286e+01 1.032668e+01 2.931366e+00
7.143286e+01 1.010947e+01 2.916764e+00
7.144286e+01 1.005727e+01 2.902084e+00
7.145285e+01 1.011156e+01 2.887326e+00
7.146285e+01 1.004599e+01 2.872489e+00
7.147285e+01 9.934313e+00 2.857574e+00
7.148285e+01 9.885170e+00 2.842581e+00
7.149285e+01 9.789752e+00 2.827510e+00
7.150285e+01 9.645188e+00 2.812361e+00
7.151285e+01 9.645398e+00 2.797133e+00
7.152285e+01 9.672419e+00 2.781827e+00
7.153285e+01 9.549765e+00 2.766443e+00
7.154285e+01 9.550633e+00 2.750980e+00
7.155284e+01 9.391200e+00 2.735440e+00
7.156284e+01 9.411995e+00 2.719821e+00
7.157284e+01 9.298323e+00 2.704125e+00
7.158284e+01 9.282255e+00 2.688351e+00
7.159284e+01 9.186053e+00 2.672499e+00
7.160284e+01 9.128734e+00 2.656569e+00
7.161284e+01 9.110103e+00 2.640561e+00
7.162284e+01 9.093837e+00 2.624477e+00
7.163284e+01 9.079977e+00 2.608315e+00
7.164284e+01 8.968132e+00 2.592075e+00
7.165283e+01 8.950388e+00 2.575759e+00
7.166283e+01 8.909466e+00 2.559366e+00
7.167283e+01 8.959260e+00 2.542896e+00
7.168283e+01 8.838562e+00 2.526350e+00
7.169283e+01 8.922052e+00 2.509727e+00
7.170283e+01 8.820939e+00 2.493028e+00
7.171283e+01 8.898633e+00 2.476254e+00
7.172283e+01 8.819056e+00 2.459403e+00
7.173283e+01 8.802104e+00 2.442478e+00
7.174283e+01 8.867457e+00 2.425477e+00
7.175282e+01 8.786468e+00 2.408401e+00
7.176282e+01 8.750081e+00 2.391251e+00
7.177282e+01 8.764483e+00 2.374026e+00
7.178282e+01 8.876370e+00 2.356727e+00
7.179282e+01 8.905066e+00 2.339355e+00
7.180282e+01 8.839063e+00 2.321909e+00
7.181282e+01 8.910719e+00 2.304391e+00
7.182282e+01 8.884785e+00 2.286799e+00
7.183282e+01 8.850189e+00 2.269136e+00
7.184282e+01 9.002886e+00 2.251400e+00
7.185281e+01 9.041952e+00 2.233593e+00
7.186281e+01 9.073319e+00 2.215715e+00
7.187281e+01 9.094594e+00 2.197766e+00
7.188281e+01 9.186825e+00 2.179746e+00
7.189281e+01 9.144189e+00 2.161657e+00
7.190281e+01 9.197116e+00 2.143499e+00
7.191281e+01 9.188149e+00 2.125271e+00
7.192281e+01 9.432338e+00 2.106976e+00
7.193281e+01 9.350548e+00 2.088612e+00
7.194281e+01 9.439548e+00 2.070181e+00
7.195280e+01 9.452706e+00 2.051683e+00
7.196280e+01 9.597923e+00 2.033119e+00
7.197280e+01 9.698899e+00 2.014488e+00
7.198280e+01 9.771336e+00 1.995793e+00
7.199280e+01 9.749340e+00 1.977033e+00
7.200280e+01 9.787847e+00 1.958209e+00
7.201280e+01 9.924130e+00 1.939322e+00
7.202280e+01 9.984718e+00 1.920371e+00
7.203280e+01 1.006314e+01 1.901359e+00
7.204280e+01 1.009313e+01 1.882285e+00
7.205279e+01 1.016105e+01 1.863150e+00
7.206279e+01 1.011781e+01 1.843955e+00
7.207279e+01 1.026630e+01 1.824701e+00
7.208279e+01 1.033654e+01 1.805387e+00
7.209279e+01 1.042168e+01 1.786016e+00
7.210279e+01 1.044735e+01 1.766587e+00
7.211279e+01 1.043761e+01 1.747102e+00
7.212279e+01 1.050508e+01 1.727561e+00
7.213279e+01 1.053465e+01 1.707964e+00
7.214279e+01 1.069896e+01 1.688314e+00
7.215278e+01 1.070477e+01 1.668610e+00
7.216278e+01 1.067701e+01 1.648853e+00
7.217278e+01 1.082168e+01 1.629044e+00
7.218278e+01 1.076943e+01 1.609185e+00
7.219278e+01 1.083776e+01 1.589275e+00
7.220278e+01 1.084445e+01 1.569316e+00
7.221278e+01 1.083732e+01 1.549308e+00
7.222278e+01 1.090172e+01 1.529253e+00
7.223278e+01 1.095147e+01 1.509151e+00
7.224278e+01 1.084311e+01 1.489003e+00
7.225277e+01 1.086163e+01 1.468811e+00
7.226277e+01 1.087358e+01 1.448574e+00
7.227277e+01 1.083306e+01 1.428295e+00
7.228277e+01 1.082936e+01 1.407973e+00
7.229277e+01 1.082651e+01 1.387611e+00
7.230277e+01 1.084394e+01 1.367208e+00
7.231277e+01 1.082534e+01 1.346766e+00
7.232277e+01 1.077427e+01 1.326286e+00
7.233277e+01 1.077443e+01 1.305769e+00
7.234277e+01 1.070940e+01 1.285216e+00
7.235276e+01 1.060207e+01 1.264628e+00
7.236276e+01 1.062144e+01 1.244005e+00
7.237276e+01 1.061656e+01 1.223350e+00
7.238276e+01 1.051882e+01 1.202662e+00
7.239276e+01 1.045395e+01 1.181944e+00
7.240276e+01 1.039305e+01 1.161196e+00
7.241276e+01 1.028940e+01 1.140419e+00
7.242276e+01 1.024482e+01 1.119614e+00
7.243276e+01 1.028396e+01 1.098783e+00
7.244276e+01 1.016247e+01 1.077926e+00
7.245275e+01 1.020088e+01 1.057045e+00
7.246275e+01 1.006492e+01 1.036140e+00
7.247275e+01 1.002516e+01 1.015213e+00
7.248275e+01 9.988878e+00 9.942648e-01
7.249275e+01 1.000430e+01 9.732966e-01
7.250275e+01 9.905343e+00 9.523096e-01
7.251275e+01 9.764275e+00 9.313048e-01
7.252275e+01 9.741498e+00 9.102833e-01
7.253275e+01 9.714862e+00 8.892464e-01
7.254275e+01 9.583102e+00 8.681950e-01
7.255274e+01 9.605607e+00 8.471304e-01
7.256274e+01 9.466162e+00 8.260537e-01
7.257274e+01 9.410483e+00 8.049661e-01
7.258274e+01 9.363233e+00 7.838686e-01
7.259274e+01 9.395377e+00 7.627625e-01
7.260274e+01 9.293718e+00 7.416488e-01
7.261274e+01 9.323490e+00 7.205288e-01
7.262274e+01 9.199223e+00 6.994036e-01
7.263274e+01 9.152469e+00 6.782742e-01
7.264274e+01 9.066194e+00 6.571419e-01
7.265273e+01 9.049680e+00 6.360079e-01
7.266273e+01 8.984014e+00 6.148732e-01
7.267273e+01 9.053294e+00 5.937389e-01
7.268273e+01 8.967584e+00 5.726063e-01
7.269273e+01 8.929540e+00 5.514765e-01
7.270273e+01 8.966768e+00 5.303506e-01
7.271273e+01 8.956096e+00 5.092297e-01
7.272273e+01 8.898137e+00 4.881150e-01
7.273273e+01 8.932272e+00 4.670076e-01
7.274273e+01 8.947975e+00 4.459086e-01
7.275272e+01 8.839317e+00 4.248191e-01
7.276272e+01 8.965481e+00 4.037402e-01
7.277272e+01 8.964994e+00 3.826731e-01
7.278272e+01 9.031699e+00 3.616188e-01
7.279272e+01 8.939915e+00 3.405785e-01
7.280272e+01 8.857493e+00 3.195532e-01
7.281272e+01 9.010365e+00 2.985440e-01
7.282272e+01 9.007592e+00 2.775520e-01
7.283272e+01 9.064555e+00 2.565782e-01
7.284272e+01 9.079154e+00 2.356237e-01
7.285271e+01 9.048772e+00 2.146896e-01
7.286271e+01 9.108711e+00 1.937769e-01
7.287271e+01 9.158896e+00 1.728867e-01
7.288271e+01 9.234564e+00 1.520199e-01
7.289271e+01 9.216498e+00 1.311776e-01
7.290271e+01 9.369832e+00 1.103609e-01
7.291271e+01 9.315176e+00 8.957063e-02
7.292271e+01 9.449680e+00 6.880789e-02
7.293271e+01 9.490636e+00 4.807363e-02
7.294271e+01 9.576810e+00 2.736884e-02
7.295270e+01 9.588827e+00 6.694478e-03
7.296270e+01 9.637406e+00 -1.394851e-02
7.297270e+01 9.740143e+00 -3.455917e-02
7.298270e+01 9.736142e+00 -5.513657e-02
7.299270e+01 9.934725e+00 -7.567979e-02
7.300270e+01 9.966503e+00 -9.618793e-02
7.301270e+01 9.979049e+00 -1.166601e-01
7.302270e+01 1.004555e+01 -1.370953e-01
7.303270e+01 1.013454e+01 -1.574928e-01
7.304270e+01 1.024092e+01 -1.778517e-01
7.305269e+01 1.027480e+01 -1.981711e-01
7.306269e+01 1.035518e+01 -2.184502e-01
7.307269e+01 1.033742e+01 -2.386882e-01
7.308269e+01 1.043467e+01 -2.588841e-01
7.309269e+01 1.032171e+01 -2.790373e-01
7.310269e+01 1.050412e+01 -2.991469e-01
7.311269e+01 1.059582e+01 -3.192122e-01
7.312269e+01 1.060048e+01 -3.392323e-01
7.313269e+01 1.056695e+01 -3.592066e-01
7.314269e+01 1.062958e+01 -3.791342e-01
7.315268e+01 1.075726e+01 -3.990145e-01
7.316268e+01 1.073725e+01 -4.188467e-01
7.317268e+01 1.082305e+01 -4.386302e-01
7.318268e+01 1.091252e+01 -4.583641e-01
7.319268e+01 1.084756e+01 -4.780479e-01
7.320268e+01 1.084496e+01 -4.976808e-01
7.321268e+01 1.095672e+01 -5.172623e-01
7.322268e+01 1.088186e+01 -5.367917e-01
7.323268e+01 1.083881e+01 -5.562682e-01
7.324268e+01 1.099785e+01 -5.756914e-01
7.325267e+01 1.098286e+01 -5.950606e-01
7.326267e+01 1.095138e+01 -6.143753e-01
7.327267e+01 1.098405e+01 -6.336348e-01
7.328267e+01 1.092084e+01 -6.528385e-01
7.329267e+01 1.091980e+01 -6.719860e-01
7.330267e+01 1.088688e+01 -6.910767e-01
7.331267e+01 1.088940e+01 -7.101100e-01
7.332267e+01 1.081667e+01 -7.290854e-01
7.333267e+01 1.080906e+01 -7.480024e-01
7.334267e+01 1.077436e+01 -7.668606e-01
7.335266e+01 1.074582e+01 -7.856595e-01
7.336266e+01 1.068294e+01 -8.043985e-01
7.337266e+01 1.066047e+01 -8.230773e-01
7.338266e+01 1.070702e+01 -8.416953e-01
7.339266e+01 1.060582e+01 -8.602522e-01
7.340266e+01 1.050808e+01 -8.787476e-01
7.341266e+01 1.052744e+01 -8.971809e-01
7.342266e+01 1.041578e+01 -9.155519e-01
7.343266e+01 1.034674e+01 -9.338602e-01
7.344266e+01 1.034493e+01 -9.521053e-01
7.345265e+01 1.025461e+01 -9.702869e-01
7.346265e+01 1.027625e+01 -9.884047e-01
7.347265e+01 1.012452e+01 -1.006458e+00
7.348265e+01 1.006522e+01 -1.024447e+00
7.349265e+01 9.969030e+00 -1.042372e+00
7.350265e+01 9.992683e+00 -1.060231e+00
7.351265e+01 9.876020e+00 -1.078025e+00
7.352265e+01 9.810460e+00 -1.095753e+00
7.353265e+01 9.781927e+00 -1.113415e+00
7.354265e+01 9.716530e+00 -1.131010e+00
7.355264e+01 9.630231e+00 -1.148540e+00
7.356264e+01 9.476309e+00 -1.166002e+00
7.357264e+01 9.521114e+00 -1.183398e+00
7.358264e+01 9.452007e+00 -1.200726e+00
7.359264e+01 9.424429e+00 -1.217987e+00
7.360264e+01 9.366245e+00 -1.235181e+00
7.361264e+01 9.357059e+00 -1.252306e+00
7.362264e+01 9.249319e+00 -1.269364e+00
7.363264e+01 9.213288e+00 -1.286353e+00
7.364264e+01 9.158540e+00 -1.303274e+00
7.365263e+01 9.137552e+00 -1.320127e+00
7.366263e+01 9.013816e+00 -1.336911e+00
7.367263e+01 9.012899e+00 -1.353626e+00
7.368263e+01 9.050011e+00 -1.370273e+00
7.369263e+01 9.039279e+00 -1.386850e+00
7.370263e+01 8.985378e+00 -1.403358e+00
7.371263e+01 8.917747e+00 -1.419797e+00
7.372263e+01 9.008156e+00 -1.436166e+00
7.373263e+01 8.956283e+00 -1.452466e+00
7.374263e+01 8.948732e+00 -1.468697e+00
7.375262e+01 8.942968e+00 -1.484858e+00
7.376262e+01 8.928743e+00 -1.500950e+00
7.377262e+01 8.970837e+00 -1.516971e+00
7.378262e+01 8.907412e+00 -1.532923e+00
7.379262e+01 9.030997e+00 -1.548805e+00
7.380262e+01 9.075333e+00 -1.564617e+00
7.381262e+01 9.063440e+00 -1.580360e+00
7.382262e+01 9.152194e+00 -1.596032e+00
7.383262e+01 9.064085e+00 -1.611635e+00
7.384262e+01 9.051100e+00 -1.627167e+00
7.385261e+01 9.154421e+00 -1.642630e+00
7.386261e+01 9.205637e+00 -1.658023e+00
7.387261e+01 9.171042e+00 -1.673346e+00
7.388261e+01 9.284317e+00 -1.688598e+00
7.389261e+01 9.351657e+00 -1.703781e+00
7.390261e+01 9.349445e+00 -1.718895e+00
7.391261e+01 9.474027e+00 -1.733938e+00
7.392261e+01 9.526507e+00 -1.748911e+00
7.393261e+01 9.576054e+00 -1.763815e+00
7.394261e+01 9.623582e+00 -1.778649e+00
7.395260e+01 9.660862e+00 -1.793413e+00
7.396260e+01 9.664204e+00 -1.808108e+00
7.397260e+01 9.801781e+00 -1.822733e+00
7.398260e+01 9.892361e+00 -1.837289e+00
7.399260e+01 9.915137e+00 -1.851775e+00
7.400260e+01 1.004482e+01 -1.866192e+00
7.401260e+01 1.000734e+01 -1.880539e+00
7.402260e+01 1.003824e+01 -1.894818e+00
7.403260e+01 1.015574e+01 -1.909027e+00
7.404260e+01 1.022280e+01 -1.923167e+00
7.405259e+01 1.031797e+01 -1.937238e+00
7.406259e+01 1.035361e+01 -1.951241e+00
7.407259e+01 1.045865e+01 -1.965174e+00
7.408259e+01 1.048880e+01 -1.979040e+00
7.409259e+01 1.053776e+01 -1.992836e+00
7.410259e+01 1.061768e+01 -2.006564e+00
7.411259e+01 1.066899e+01 -2.020224e+00
7.412259e+01 1.070193e+01 -2.033816e+00
7.413259e+01 1.073821e+01 -2.047339e+00
7.414259e+01 1.075855e+01 -2.060795e+00
7.415258e+01 1.085835e+01 -2.074182e+00
7.416258e+01 1.081259e+01 -2.087502e+00
7.417258e+01 1.085926e+01 -2.100755e+00
7.418258e+01 1.089618e+01 -2.113940e+00
7.419258e+01 1.102590e+01 -2.127057e+00
7.420258e+01 1.092823e+01 -2.140108e+00
7.421258e+01 1.096702e+01 -2.153091e+00
7.422258e+01 1.101093e+01 -2.166007e+00
7.423258e+01 1.097875e+01 -2.178857e+00
7.424258e+01 1.103309e+01 -2.191640e+00
7.425257e+01 1.095572e+01 -2.204356e+00
7.426257e+01 1.095420e+01 -2.217006e+00
7.427257e+01 1.097085e+01 -2.229590e+00
7.428257e+01 1.094679e+01 -2.242107e+00
7.429257e+01 1.092018e+01 -2.254559e+00
7.430257e+01 1.089889e+01 -2.266945e+00
7.431257e+01 1.088008e+01 -2.279265e+00
7.432257e+01 1.096716e+01 -2.291520e+00
7.433257e+01 1.088324e+01 -2.303709e+00
7.434257e+01 1.087159e+01 -2.315833e+00
7.435256e+01 1.070693e+01 -2.327891e+00
7.436256e+01 1.074810e+01 -2.339885e+00
7.437256e+01 1.073431e+01 -2.351814e+00
7.438256e+01 1.067344e+01 -2.363678e+00
7.439256e+01 1.058932e+01 -2.375478e+00
7.440256e+01 1.049484e+01 -2.387214e+00
7.441256e+01 1.050367e+01 -2.398885e+00
7.442256e+01 1.051241e+01 -2.410492e+00
7.443256e+01 1.040406e+01 -2.422035e+00
7.444256e+01 1.030472e+01 -2.433514e+00
7.445255e+01 1.023598e+01 -2.444929e+00
7.446255e+01 1.015309e+01 -2.456281e+00
7.447255e+01 1.018653e+01 -2.467569e+00
7.448255e+01 1.018476e+01 -2.478795e+00
7.449255e+01 1.000046e+01 -2.489956e+00
7.450255e+01 9.977342e+00 -2.501055e+00
7.451255e+01 9.930146e+00 -2.512091e+00
7.452255e+01 9.863196e+00 -2.523065e+00
7.453255e+01 9.765336e+00 -2.533975e+00
7.454255e+01 9.788595e+00 -2.544823e+00
7.455254e+01 9.694537e+00 -2.555609e+00
7.456254e+01 9.611317e+00 -2.566332e+00
7.457254e+01 9.570314e+00 -2.576993e+00
7.458254e+01 9.444169e+00 -2.587592e+00
7.459254e+01 9.485582e+00 -2.598129e+00
7.460254e+01 9.390234e+00 -2.608605e+00
7.461254e+01 9.423077e+00 -2.619018e+00
7.462254e+01 9.355897e+00 -2.629370e+00
7.463254e+01 9.136547e+00 -2.639661e+00
7.464254e+01 9.291106e+00 -2.649890e+00
7.465253e+01 9.233991e+00 -2.660057e+00
7.466253e+01 9.145334e+00 -2.670164e+00
7.467253e+01 9.108481e+00 -2.680209e+00
7.468253e+01 9.081815e+00 -2.690193e+00
7.469253e+01 9.127276e+00 -2.700117e+00
7.470253e+01 8.980153e+00 -2.709979e+00
7.471253e+01 9.072217e+00 -2.719781e+00
7.472253e+01 9.056891e+00 -2.729522e+00
7.473253e+01 8.978486e+00 -2.739202e+00
7.474253e+01 8.967041e+00 -2.748822e+00
7.475252e+01 8.975171e+00 -2.758381e+00
7.476252e+01 8.939851e+00 -2.767880e+00
7.477252e+01 9.039775e+00 -2.777319e+00
7.478252e+01 9.013748e+00 -2.786697e+00
7.479252e+01 9.050786e+00 -2.796015e+00
7.480252e+01 9.058667e+00 -2.805272e+00
7.481252e+01 9.075165e+00 -2.814470e+00
7.482252e+01 9.001885e+00 -2.823607e+00
7.483252e+01 9.130881e+00 -2.832685e+00
7.484252e+01 9.115779e+00 -2.841702e+00
7.485251e+01 9.192765e+00 -2.850660e+00
7.486251e+01 9.151065e+00 -2.859557e+00
7.487251e+01 9.365535e+00 -2.868394e+00
7.488251e+01 9.326855e+00 -2.877172e+00
7.489251e+01 9.386747e+00 -2.885890e+00
7.490251e+01 9.390874e+00 -2.894548e+00
7.491251e+01 9.492947e+00 -2.903145e+00
7.492251e+01 9.578513e+00 -2.911684e+00
7.493251e+01 9.562187e+00 -2.920162e+00
7.494251e+01 9.625088e+00 -2.928580e+00
7.495250e+01 9.668462e+00 -2.936939e+00
7.496250e+01 9.749535e+00 -2.945238e+00
7.497250e+01 9.838973e+00 -2.953477e+00
7.498250e+01 9.884459e+00 -2.961656e+00
7.499250e+01 9.985616e+00 -2.969776e+00
7.500250e+01 9.957891e+00 -2.977835e+00
7.501250e+01 1.009522e+01 -2.985835e+00
7.502250e+01 1.013878e+01 -2.993774e+00
7.503250e+01 1.020368e+01 -3.001654e+00
7.504250e+01 1.018592e+01 -3.009474e+00
7.505249e+01 1.036269e+01 -3.017234e+00
7.506249e+01 1.033122e+01 -3.024934e+00
7.507249e+01 1.038979e+01 -3.032574e+00
7.508249e+01 1.056460e+01 -3.040154e+00
7.509249e+01 1.050326e+01 -3.047674e+00
7.510249e+01 1.059643e+01 -3.055134e+00
7.511249e+01 1.058801e+01 -3.062534e+00
7.512249e+01 1.063189e+01 -3.069873e+00
7.513249e+01 1.076431e+01 -3.077152e+00
7.514249e+01 1.080738e+01 -3.084371e+00
7.515248e+01 1.080449e+01 -3.091529e+00
7.516248e+01 1.080600e+01 -3.098628e+00
7.517248e+01 1.081289e+01 -3.105665e+00
7.518248e+01 1.085921e+01 -3.112643e+00
7.519248e+01 1.091772e+01 -3.119559e+00
7.520248e+01 1.098853e+01 -3.126415e+00
7.521248e+01 1.089572e+01 -3.133211e+00
7.522248e+01 1.096679e+01 -3.139945e+00
7.523248e+01 1.093103e+01 -3.146619e+00
7.524248e+01 1.112695e+01 -3.153233e+00
7.525247e+01 1.097471e+01 -3.159785e+00
7.526247e+01 1.095640e+01 -3.166276e+00
7.527247e+01 1.093638e+01 -3.172706e+00
7.528247e+01 1.104601e+01 -3.179076e+00
7.529247e+01 1.093005e+01 -3.185384e+00
7.530247e+01 1.090933e+01 -3.191631e+00
7.531247e+01 1.085033e+01 -3.197816e+00
7.532247e+01 1.092817e+01 -3.203941e+00
7.533247e+01 1.079214e+01 -3.210003e+00
7.534247e+01 1.097953e+01 -3.216005e+00
7.535246e+01 1.087956e+01 -3.221945e+00
7.536246e+01 1.076780e+01 -3.227824e+00
7.537246e+01 1.064561e+01 -3.233640e+00
7.538246e+01 1.071097e+01 -3.239396e+00
7.539246e+01 1.060236e+01 -3.245089e+00
7.540246e+01 1.055733e+01 -3.250721e+00
7.541246e+01 1.056046e+01 -3.256291e+00
7.542246e+01 1.041590e+01 -3.261799e+00
7.543246e+01 1.036725e+01 -3.267245e+00
7.544246e+01 1.037847e+01 -3.272629e+00
7.545245e+01 1.024284e+01 -3.277951e+00
7.546245e+01 1.020879e+01 -3.283211e+00
7.547245e+01 1.010783e+01 -3.288408e+00
7.548245e+01 1.012208e+01 -3.293544e+00
7.549245e+01 1.002479e+01 -3.298617e+00
7.550245e+01 1.000162e+01 -3.303628e+00
7.551245e+01 9.959367e+00 -3.308577e+00
7.552245e+01 9.748984e+00 -3.313464e+00
7.553245e+01 9.811437e+00 -3.318288e+00
7.554245e+01 9.753455e+00 -3.323050e+00
7.555244e+01 9.670977e+00 -3.327749e+00
7.556244e+01 9.666443e+00 -3.332386e+00
7.557244e+01 9.557795e+00 -3.336960e+00
7.558244e+01 9.481888e+00 -3.341472e+00
7.559244e+01 9.442243e+00 -3.345921e+00
7.560244e+01 9.427040e+00 -3.350308e+00
7.561244e+01 9.327844e+00 -3.354632e+00
7.562244e+01 9.348022e+00 -3.358894e+00
7.563244e+01 9.286910e+00 -3.363093e+00
7.564244e+01 9.201442e+00 -3.367229e+00
7.565243e+01 9.107831e+00 -3.371303e+00
7.566243e+01 9.190619e+00 -3.375315e+00
7.567243e+01 9.120193e+00 -3.379264e+00
7.568243e+01 9.063602e+00 -3.383150e+00
7.569243e+01 9.074949e+00 -3.386974e+00
7.570243e+01 9.044313e+00 -3.390735e+00
7.571243e+01 8.965530e+00 -3.394434e+00
7.572243e+01 9.000068e+00 -3.398070e+00
7.573243e+01 8.989782e+00 -3.401644e+00
7.574243e+01 8.968881e+00 -3.405155e+00
7.575242e+01 9.056300e+00 -3.408604e+00
7.576242e+01 8.929380e+00 -3.411991e+00
7.577242e+01 8.923345e+00 -3.415316e+00
7.578242e+01 8.993704e+00 -3.418578e+00
7.579242e+01 9.088101e+00 -3.421777e+00
7.580242e+01 9.036349e+00 -3.424915e+00
7.581242e+01 9.075122e+00 -3.427991e+00
7.582242e+01 9.099117e+00 -3.431004e+00
7.583242e+01 9.189326e+00 -3.433956e+00
7.584242e+01 9.157514e+00 -3.436845e+00
7.585241e+01 9.207266e+00 -3.439673e+00
7.586241e+01 9.263458e+00 -3.442439e+00
7.587241e+01 9.280814e+00 -3.445143e+00
7.588241e+01 9.322177e+00 -3.447785e+00
7.589241e+01 9.302742e+00 -3.450366e+00
7.590241e+01 9.493111e+00 -3.452885e+00
7.591241e+01 9.475988e+00 -3.455343e+00
7.592241e+01 9.569252e+00 -3.457740e+00
7.593241e+01 9.571393e+00 -3.460075e+00
7.594241e+01 9.612287e+00 -3.462350e+00
7.595240e+01 9.739122e+00 -3.464563e+00
7.596240e+01 9.701845e+00 -3.466715e+00
7.597240e+01 9.837035e+00 -3.468807e+00
7.598240e+01 9.938089e+00 -3.470838e+00
7.599240e+01 9.959651e+00 -3.472808e+00
7.600240e+01 9.971896e+00 -3.474718e+00
7.601240e+01 1.015389e+01 -3.476567e+00
7.602240e+01 1.011153e+01 -3.478356e+00
7.603240e+01 1.013342e+01 -3.480085e+00
7.604240e+01 1.027512e+01 -3.481755e+00
7.605239e+01 1.029535e+01 -3.483364e+00
7.606239e+01 1.029195e+01 -3.484913e+00
7.607239e+01 1.047280e+01 -3.486403e+00
7.608239e+01 1.051533e+01 -3.487834e+00
7.609239e+01 1.051673e+01 -3.489205e+00
7.610239e+01 1.067603e+01 -3.490517e+00
7.611239e+01 1.068067e+01 -3.491770e+00
7.612239e+01 1.063573e+01 -3.492964e+00
7.613239e+01 1.068790e+01 -3.494099e+00
7.614239e+01 1.073909e+01 -3.495176e+00
7.615238e+01 1.076368e+01 -3.496195e+00
7.616238e+01 1.082825e+01 -3.497155e+00
7.617238e+01 1.091917e+01 -3.498057e+00
7.618238e+01 1.080791e+01 -3.498901e+00
7.619238e+01 1.095146e+01 -3.499687e+00
7.620238e+01 1.096576e+01 -3.500416e+00
7.621238e+01 1.098398e+01 -3.501088e+00
7.622238e+01 1.093130e+01 -3.501702e+00
7.623238e+01 1.090694e+01 -3.502259e+00
7.624238e+01 1.102645e+01 -3.502759e+00
7.625237e+01 1.096488e+01 -3.503202e+00
7.626237e+01 1.104482e+01 -3.503589e+00
7.627237e+01 1.103682e+01 -3.503920e+00
7.628237e+01 1.097978e+01 -3.504194e+00
7.629237e+01 1.088751e+01 -3.504412e+00
7.630237e+01 1.084642e+01 -3.504575e+00
7.631237e+01 1.090280e+01 -3.504682e+00
7.632237e+01 1.086199e+01 -3.504733e+00
7.633237e+01 1.088464e+01 -3.504729e+00
7.634237e+01 1.080397e+01 -3.504670e+00
7.635236e+01 1.074357e+01 -3.504557e+00
7.636236e+01 1.067316e+01 -3.504388e+00
7.637236e+01 1.060501e+01 -3.504166e+00
7.638236e+01 1.067955e+01 -3.503888e+00
7.639236e+01 1.052043e+01 -3.503557e+00
7.640236e+01 1.051209e+01 -3.503172e+00
7.641236e+01 1.053348e+01 -3.502733e+00
7.642236e+01 1.047803e+01 -3.502241e+00
7.643236e+01 1.046716e+01 -3.501696e+00
7.644236e+01 1.039118e+01 -3.501097e+00
7.645235e+01 1.020921e+01 -3.500446e+00
7.646235e+01 1.016412e+01 -3.499741e+00
7.647235e+01 1.015537e+01 -3.498985e+00
7.648235e+01 1.008894e+01 -3.498176e+00
7.649235e+01 9.957976e+00 -3.497315e+00
7.650235e+01 9.907776e+00 -3.496403e+00
7.651235e+01 9.914131e+00 -3.495438e+00
7.652235e+01 9.798209e+00 -3.494423e+00
7.653235e+01 9.776597e+00 -3.493356e+00
7.654235e+01 9.780068e+00 -3.492238e+00
7.655234e+01 9.638813e+00 -3.491070e+00
7.656234e+01 9.581676e+00 -3.489850e+00
7.657234e+01 9.516412e+00 -3.488581e+00
7.658234e+01 9.403423e+00 -3.487261e+00
7.659234e+01 9.417591e+00 -3.485892e+00
7.660234e+01 9.311707e+00 -3.484473e+00
7.661234e+01 9.367577e+00 -3.483004e+00
7.662234e+01 9.237444e+00 -3.481486e+00
7.663234e+01 9.230673e+00 -3.479920e+00
7.664234e+01 9.231666e+00 -3.478304e+00
7.665233e+01 9.159100e+00 -3.476640e+00
7.666233e+01 9.137361e+00 -3.474927e+00
7.667233e+01 9.071964e+00 -3.473166e+00
7.668233e+01 9.057463e+00 -3.471358e+00
7.669233e+01 8.967706e+00 -3.469501e+00
7.670233e+01 8.973103e+00 -3.467597e+00
7.671233e+01 8.931633e+00 -3.465646e+00
7.672233e+01 8.904662e+00 -3.463648e+00
7.673233e+01 8.922286e+00 -3.461603e+00
7.674233e+01 8.965881e+00 -3.459511e+00
7.675232e+01 8.951021e+00 -3.457373e+00
7.676232e+01 8.970150e+00 -3.455189e+00
7.677232e+01 8.945833e+00 -3.452959e+00
7.678232e+01 8.923159e+00 -3.450684e+00
7.679232e+01 9.013509e+00 -3.448362e+00
7.680232e+01 9.007541e+00 -3.445996e+00
7.681232e+01 9.015963e+00 -3.443585e+00
7.682232e+01 8.956881e+00 -3.441128e+00
7.683232e+01 9.057382e+00 -3.438628e+00
7.684232e+01 9.131560e+00 -3.436082e+00
7.685231e+01 9.124575e+00 -3.433493e+00
7.686231e+01 9.140375e+00 -3.430860e+00
7.687231e+01 9.310726e+00 -3.428183e+00
7.688231e+01 9.311878e+00 -3.425463e+00
7.689231e+01 9.297185e+00 -3.422700e+00
7.690231e+01 9.244157e+00 -3.419893e+00
7.691231e+01 9.433740e+00 -3.417044e+00
7.692231e+01 9.561842e+00 -3.414153e+00
7.693231e+01 9.515082e+00 -3.411219e+00
7.694231e+01 9.691371e+00 -3.408243e+00
7.695230e+01 9.644485e+00 -3.405225e+00
7.696230e+01 9.736389e+00 -3.402166e+00
7.697230e+01 9.686627e+00 -3.399065e+00
7.698230e+01 9.824051e+00 -3.395923e+00
7.699230e+01 9.770974e+00 -3.392740e+00
7.700230e+01 9.910829e+00 -3.389517e+00
7.701230e+01 1.003604e+01 -3.386253e+00
7.702230e+01 1.007317e+01 -3.382948e+00
7.703230e+01 1.021025e+01 -3.379604e+00
7.704230e+01 1.019179e+01 -3.376220e+00
7.705229e+01 1.027334e+01 -3.372797e+00
7.706229e+01 1.036641e+01 -3.369334e+00
7.707229e+01 1.034449e+01 -3.365832e+00
7.708229e+01 1.041673e+01 -3.362292e+00
7.709229e+01 1.052289e+01 -3.358713e+00
7.710229e+01 1.040981e+01 -3.355095e+00
7.711229e+01 1.052519e+01 -3.351439e+00
7.712229e+01 1.054512e+01 -3.347746e+00
7.713229e+01 1.066640e+01 -3.344015e+00
7.714229e+01 1.061120e+01 -3.340246e+00
7.715228e+01 1.074902e+01 -3.336440e+00
7.716228e+01 1.070545e+01 -3.332597e+00
7.717228e+01 1.074045e+01 -3.328718e+00
7.718228e+01 1.082851e+01 -3.324802e+00
7.719228e+01 1.085594e+01 -3.320850e+00
7.720228e+01 1.091322e+01 -3.316861e+00
7.721228e+01 1.089058e+01 -3.312837e+00
7.722228e+01 1.087790e+01 -3.308778e+00
7.723228e+01 1.087439e+01 -3.304683e+00
7.724228e+01 1.087673e+01 -3.300553e+00
7.725227e+01 1.092782e+01 -3.296388e+00
7.726227e+01 1.082228e+01 -3.292189e+00
7.727227e+01 1.089416e+01 -3.287955e+00
7.728227e+01 1.085712e+01 -3.283687e+00
7.729227e+01 1.083346e+01 -3.279385e+00
7.730227e+01 1.078769e+01 -3.275050e+00
7.731227e+01 1.079769e+01 -3.270681e+00
7.732227e+01 1.081548e+01 -3.266279e+00
7.733227e+01 1.083907e+01 -3.261844e+00
7.734227e+01 1.070645e+01 -3.257376e+00
7.735226e+01 1.067909e+01 -3.252876e+00
7.736226e+01 1.067662e+01 -3.248344e+00
7.737226e+01 1.060838e+01 -3.243780e+00
7.738226e+01 1.061565e+01 -3.239184e+00
7.739226e+01 1.053687e+01 -3.234557e+00
7.740226e+01 1.042400e+01 -3.229898e+00
7.741226e+01 1.041159e+01 -3.225208e+00
7.742226e+01 1.031930e+01 -3.220488e+00
7.743226e+01 1.036071e+01 -3.215737e+00
7.744226e+01 1.020451e+01 -3.210956e+00
7.745225e+01 1.023277e+01 -3.206144e+00
7.746225e+01 1.010694e+01 -3.201303e+00
7.747225e+01 1.003828e+01 -3.196433e+00
7.748225e+01 1.006240e+01 -3.191533e+00
7.749225e+01 9.961512e+00 -3.186604e+00
7.750225e+01 9.889246e+00 -3.181647e+00
7.751225e+01 9.853792e+00 -3.176660e+00
7.752225e+01 9.743907e+00 -3.171646e+00
7.753225e+01 9.703398e+00 -3.166603e+00
7.754225e+01 9.553376e+00 -3.161533e+00
7.755224e+01 9.513766e+00 -3.156435e+00
7.756224e+01 9.547729e+00 -3.151309e+00
7.757224e+01 9.437873e+00 -3.146157e+00
7.758224e+01 9.389804e+00 -3.140978e+00
7.759224e+01 9.303179e+00 -3.135772e+00
7.760224e+01 9.263895e+00 -3.130540e+00
7.761224e+01 9.256752e+00 -3.125282e+00
7.762224e+01 9.249623e+00 -3.119998e+00
7.763224e+01 9.191689e+00 -3.114688e+00
7.764224e+01 9.068205e+00 -3.109353e+00
7.765223e+01 9.042608e+00 -3.103993e+00
7.766223e+01 8.996334e+00 -3.098608e+00
7.767223e+01 8.899711e+00 -3.093199e+00
7.768223e+01 8.872223e+00 -3.087765e+00
7.769223e+01 8.932122e+00 -3.082307e+00
7.770223e+01 8.894960e+00 -3.076825e+00
7.771223e+01 8.915313e+00 -3.071320e+00
7.772223e+01 8.854981e+00 -3.065792e+00
7.773223e+01 8.903591e+00 -3.060240e+00
7.774223e+01 8.884965e+00 -3.054665e+00
7.775222e+01 8.907823e+00 -3.049068e+00
7.776222e+01 8.950479e+00 -3.043449e+00
7.777222e+01 8.892323e+00 -3.037808e+00
7.778222e+01 8.796236e+00 -3.032145e+00
7.779222e+01 8.807793e+00 -3.026460e+00
7.780222e+01 8.973953e+00 -3.020754e+00
7.781222e+01 8.905713e+00 -3.015027e+00
7.782222e+01 8.945935e+00 -3.009279e+00
7.783222e+01 8.972407e+00 -3.003511e+00
7.784222e+01 9.029609e+00 -2.997722e+00
7.785221e+01 9.093564e+00 -2.991913e+00
7.786221e+01 9.033281e+00 -2.986085e+00
7.787221e+01 9.093365e+00 -2.980237e+00
7.788221e+01 9.072923e+00 -2.974370e+00
7.789221e+01 9.205974e+00 -2.968484e+00
7.790221e+01 9.251123e+00 -2.962579e+00
7.791221e+01 9.204220e+00 -2.956656e+00
7.792221e+01 9.288416e+00 -2.950714e+00
7.793221e+01 9.390920e+00 -2.944755e+00
7.794221e+01 9.487211e+00 -2.938778e+00
7.795220e+01 9.562627e+00 -2.932783e+00
7.796220e+01 9.646551e+00 -2.926771e+00
7.797220e+01 9.613873e+00 -2.920742e+00
7.798220e+01 9.724510e+00 -2.914697e+00
7.799220e+01 9.853136e+00 -2.908635e+00
7.800220e+01 9.779841e+00 -2.902557e+00
7.801220e+01 9.979891e+00 -2.896463e+00
7.802220e+01 9.964826e+00 -2.890354e+00
7.803220e+01 1.004619e+01 -2.884229e+00
7.804220e+01 1.012481e+01 -2.878089e+00
7.805219e+01 1.008210e+01 -2.871934e+00
7.806219e+01 1.022874e+01 -2.865765e+00
7.807219e+01 1.015136e+01 -2.859581e+00
7.808219e+01 1.025436e+01 -2.853383e+00
7.809219e+01 1.033720e+01 -2.847171e+00
7.810219e+01 1.042432e+01 -2.840946e+00
7.811219e+01 1.056035e+01 -2.834708e+00
7.812219e+01 1.045686e+01 -2.828456e+00
7.813219e+01 1.058126e+01 -2.822191e+00
7.814219e+01 1.061765e+01 -2.815914e+00
7.815218e+01 1.071224e+01 -2.809625e+00
7.816218e+01 1.060135e+01 -2.803324e+00
7.817218e+01 1.060101e+01 -2.797011e+00
7.818218e+01 1.078924e+01 -2.790686e+00
7.819218e+01 1.071386e+01 -2.784351e+00
7.820218e+01 1.078971e+01 -2.778004e+00
7.821218e+01 1.081976e+01 -2.771646e+00
7.822218e+01 1.072249e+01 -2.765278e+00
7.823218e+01 1.074753e+01 -2.758900e+00
7.824218e+01 1.067403e+01 -2.752512e+00
7.825217e+01 1.081138e+01 -2.746114e+00
7.826217e+01 1.071130e+01 -2.739707e+00
7.827217e+01 1.079419e+01 -2.733290e+00
7.828217e+01 1.080879e+01 -2.726865e+00
7.829217e+01 1.080001e+01 -2.720431e+00
7.830217e+01 1.073338e+01 -2.713988e+00
7.831217e+01 1.075677e+01 -2.707538e+00
7.832217e+01 1.069014e+01 -2.701079e+00
7.833217e+01 1.062330e+01 -2.694613e+00
7.834217e+01 1.060131e+01 -2.688139e+00
7.835216e+01 1.057684e+01 -2.681658e+00
7.836216e+01 1.056828e+01 -2.675170e+00
7.837216e+01 1.056989e+01 -2.668676e+00
7.838216e+01 1.036121e+01 -2.662175e+00
7.839216e+01 1.043454e+01 -2.655668e+00
7.840216e+01 1.039302e+01 -2.649155e+00
7.841216e+01 1.033226e+01 -2.642637e+00
7.842216e+01 1.037359e+01 -2.636113e+00
7.843216e+01 1.018619e+01 -2.629584e+00
7.844216e+01 1.006596e+01 -2.623050e+00
7.845215e+01 1.011158e+01 -2.616511e+00
7.846215e+01 9.996814e+00 -2.609968e+00
7.847215e+01 9.997764e+00 -2.603421e+00
7.848215e+01 9.856596e+00 -2.596870e+00
7.849215e+01 9.806857e+00 -2.590315e+00
7.850215e+01 9.785756e+00 -2.583757e+00
7.851215e+01 9.704217e+00 -2.577196e+00
7.852215e+01 9.720610e+00 -2.570632e+00
7.853215e+01 9.569952e+00 -2.564065e+00
7.854215e+01 9.483924e+00 -2.557496e+00
7.855214e+01 9.422734e+00 -2.550924e+00
7.856214e+01 9.410611e+00 -2.544351e+00
7.857214e+01 9.338772e+00 -2.537775e+00
7.858214e+01 9.272323e+00 -2.531199e+00
7.859214e+01 9.244718e+00 -2.524621e+00
7.860214e+01 9.117349e+00 -2.518042e+00
7.861214e+01 9.169291e+00 -2.511462e+00
7.862214e+01 9.091415e+00 -2.504882e+00
7.863214e+01 9.013524e+00 -2.498302e+00
7.864214e+01 8.925929e+00 -2.491721e+00
7.865213e+01 8.903684e+00 -2.485141e+00
7.866213e+01 8.949710e+00 -2.478561e+00
7.867213e+01 8.851890e+00 -2.471982e+00
7.868213e+01 8.720742e+00 -2.465404e+00
7.869213e+01 8.810410e+00 -2.458826e+00
7.870213e+01 8.807462e+00 -2.452250e+00
7.871213e+01 8.678048e+00 -2.445676e+00
7.872213e+01 8.843881e+00 -2.439104e+00
7.873213e+01 8.775084e+00 -2.432533e+00
7.874213e+01 8.649765e+00 -2.425965e+00
7.875212e+01 8.759324e+00 -2.419400e+00
7.876212e+01 8.714897e+00 -2.412837e+00
7.877212e+01 8.707104e+00 -2.406277e+00
7.878212e+01 8.759513e+00 -2.399720e+00
7.879212e+01 8.753706e+00 -2.393166e+00
7.880212e+01 8.733170e+00 -2.386616e+00
7.881212e+01 8.779676e+00 -2.380070e+00
7.882212e+01 8.841834e+00 -2.373528e+00
7.883212e+01 8.836021e+00 -2.366990e+00
7.884212e+01 8.874305e+00 -2.360457e+00
7.885211e+01 8.899427e+00 -2.353929e+00
7.886211e+01 8.975882e+00 -2.347405e+00
7.887211e+01 8.986718e+00 -2.340886e+00
7.888211e+01 9.004530e+00 -2.334373e+00
7.889211e+01 9.012034e+00 -2.327865e+00
7.890211e+01 9.109966e+00 -2.321363e+00
7.891211e+01 9.168266e+00 -2.314867e+00
7.892211e+01 9.213341e+00 -2.308377e+00
7.893211e+01 9.301302e+00 -2.301894e+00
7.894211e+01 9.217977e+00 -2.295417e+00
7.895210e+01 9.409172e+00 -2.288947e+00
7.896210e+01 9.433386e+00 -2.282483e+00
7.897210e+01 9.518844e+00 -2.276027e+00
7.898210e+01 9.513668e+00 -2.269579e+00
7.899210e+01 9.599025e+00 -2.263137e+00
7.900210e+01 9.620625e+00 -2.256704e+00
7.901210e+01 9.727749e+00 -2.250279e+00
7.902210e+01 9.757743e+00 -2.243861e+00
7.903210e+01 9.953028e+00 -2.237452e+00
7.904210e+01 9.963978e+00 -2.231052e+00
7.905209e+01 9.877366e+00 -2.224660e+00
7.906209e+01 1.005948e+01 -2.218278e+00
7.907209e+01 1.008931e+01 -2.211904e+00
7.908209e+01 1.022285e+01 -2.205539e+00
7.909209e+01 1.026538e+01 -2.199185e+00
7.910209e+01 1.016832e+01 -2.192839e+00
7.911209e+01 1.028020e+01 -2.186504e+00
7.912209e+01 1.031179e+01 -2.180178e+00
7.913209e+01 1.042944e+01 -2.173863e+00
7.914209e+01 1.051009e+01 -2.167558e+00
7.915208e+01 1.060065e+01 -2.161264e+00
7.916208e+01 1.049974e+01 -2.154980e+00
7.917208e+01 1.048765e+01 -2.148707e+00
7.918208e+01 1.047570e+01 -2.142445e+00
7.919208e+01 1.054422e+01 -2.136195e+00
7.920208e+01 1.058929e+01 -2.129956e+00
7.921208e+01 1.061784e+01 -2.123728e+00
7.922208e+01 1.060712e+01 -2.117512e+00
7.923208e+01 1.058864e+01 -2.111308e+00
7.924208e+01 1.064425e+01 -2.105116e+00
7.925207e+01 1.070212e+01 -2.098936e+00
7.926207e+01 1.063743e+01 -2.092769e+00
7.927207e+01 1.062896e+01 -2.086614e+00
7.928207e+01 1.065305e+01 -2.080472e+00
7.929207e+01 1.062969e+01 -2.074342e+00
7.930207e+01 1.055336e+01 -2.068226e+00
7.931207e+01 1.050898e+01 -2.062122e+00
7.932207e+01 1.056599e+01 -2.056032e+00
7.933207e+01 1.067832e+01 -2.049955e+00
7.934207e+01 1.045569e+01 -2.043892e+00
7.935206e+01 1.034290e+01 -2.037843e+00
7.936206e+01 1.038664e+01 -2.031807e+00
7.937206e+01 1.032717e+01 -2.025785e+00
7.938206e+01 1.027563e+01 -2.019778e+00
7.939206e+01 1.025284e+01 -2.013784e+00
7.940206e+01 1.024372e+01 -2.007805e+00
7.941206e+01 1.012657e+01 -2.001841e+00
7.942206e+01 1.017984e+01 -1.995891e+00
7.943206e+01 1.005776e+01 -1.989956e+00
7.944206e+01 9.983006e+00 -1.984036e+00
7.945205e+01 9.899593e+00 -1.978131e+00
7.946205e+01 9.910433e+00 -1.972241e+00
7.947205e+01 9.807967e+00 -1.966366e+00
7.948205e+01 9.697996e+00 -1.960507e+00
7.949205e+01 9.628612e+00 -1.954663e+00
7.950205e+01 9.611433e+00 -1.948835e+00
7.951205e+01 9.505758e+00 -1.943023e+00
7.952205e+01 9.423145e+00 -1.937226e+00
7.953205e+01 9.329210e+00 -1.931445e+00
7.954205e+01 9.263103e+00 -1.925681e+00
7.955204e+01 9.196337e+00 -1.919932e+00
7.956204e+01 9.227025e+00 -1.914200e+00
7.957204e+01 9.116492e+00 -1.908485e+00
7.958204e+01 9.072726e+00 -1.902786e+00
7.959204e+01 8.948860e+00 -1.897103e+00
7.960204e+01 9.041395e+00 -1.891437e+00
7.961204e+01 8.938815e+00 -1.885788e+00
7.962204e+01 8.847592e+00 -1.880156e+00
7.963204e+01 8.849143e+00 -1.874541e+00
7.964204e+01 8.753029e+00 -1.868943e+00
7.965203e+01 8.744222e+00 -1.863362e+00
7.966203e+01 8.753347e+00 -1.857798e+00
7.967203e+01 8.675981e+00 -1.852252e+00
7.968203e+01 8.725306e+00 -1.846723e+00
7.969203e+01 8.676867e+00 -1.841211e+00
7.970203e+01 8.585420e+00 -1.835717e+00
7.971203e+01 8.629695e+00 -1.830241e+00
7.972203e+01 8.594234e+00 -1.824783e+00
7.973203e+01 8.539530e+00 -1.819342e+00
7.974203e+01 8.676344e+00 -1.813920e+00
7.975202e+01 8.644523e+00 -1.808515e+00
7.976202e+01 8.516956e+00 -1.803129e+00
7.977202e+01 8.591261e+00 -1.797760e+00
7.978202e+01 8.570833e+00 -1.792410e+00
7.979202e+01 8.577969e+00 -1.787078e+00
7.980202e+01 8.668882e+00 -1.781764e+00
7.981202e+01 8.554412e+00 -1.776469e+00
7.982202e+01 8.774808e+00 -1.771192e+00
7.983202e+01 8.686518e+00 -1.765933e+00
7.984202e+01 8.704613e+00 -1.760694e+00
7.985201e+01 8.682499e+00 -1.755472e+00
7.986201e+01 8.703564e+00 -1.750270e+00
7.987201e+01 8.791887e+00 -1.745086e+00
7.988201e+01 8.880803e+00 -1.739921e+00
7.989201e+01 8.954806e+00 -1.734775e+00
7.990201e+01 8.938494e+00 -1.729647e+00
7.991201e+01 9.055733e+00 -1.724539e+00
7.992201e+01 9.009718e+00 -1.719450e+00
7.993201e+01 9.104854e+00 -1.714379e+00
7.994201e+01 9.121568e+00 -1.709328e+00
7.995200e+01 9.194357e+00 -1.704295e+00
7.996200e+01 9.267695e+00 -1.699282e+00
7.997200e+01 9.376632e+00 -1.694288e+00
7.998200e+01 9.355859e+00 -1.689313e+00
7.999200e+01 9.507313e+00 -1.684357e+00
8.000200e+01 9.491454e+00 -1.679421e+00
8.001200e+01 9.554002e+00 -1.674504e+00
8.002200e+01 9.622867e+00 -1.669606e+00
8.003200e+01 9.779944e+00 -1.664727e+00
8.004200e+01 9.674897e+00 -1.659868e+00
8.005199e+01 9.659694e+00 -1.655028e+00
8.006199e+01 9.912631e+00 -1.650208e+00
8.007199e+01 9.998197e+00 -1.645407e+00
8.008199e+01 9.970747e+00 -1.640625e+00
8.009199e+01 9.984798e+00 -1.635863e+00
8.010199e+01 1.012889e+01 -1.631121e+00
8.011199e+01 1.013335e+01 -1.626397e+00
8.012199e+01 1.019662e+01 -1.621694e+00
8.013199e+01 1.032920e+01 -1.617009e+00
8.014199e+01 1.025749e+01 -1.612345e+00
8.015198e+01 1.028645e+01 -1.607700e+00
8.016198e+01 1.033254e+01 -1.603074e+00
8.017198e+01 1.037068e+01 -1.598468e+00
8.018198e+01 1.034203e+01 -1.593881e+00
8.019198e+01 1.038616e+01 -1.589314e+00
8.020198e+01 1.043597e+01 -1.584766e+00
8.021198e+01 1.036741e+01 -1.580238e+00
8.022198e+01 1.044396e+01 -1.575729e+00
8.023198e+01 1.044081e+01 -1.571240e+00
8.024198e+01 1.043253e+01 -1.566770e+00
8.025197e+01 1.049803e+01 -1.562320e+00
8.026197e+01 1.045440e+01 -1.557889e+00
8.027197e+01 1.038104e+01 -1.553478e+00
8.028197e+01 1.040986e+01 -1.549086e+00
8.029197e+01 1.042386e+01 -1.544714e+00
8.030197e+01 1.039002e+01 -1.540361e+00
8.031197e+01 1.044064e+01 -1.536027e+00
8.032197e+01 1.037789e+01 -1.531713e+00
8.033197e+01 1.025465e+01 -1.527418e+00
8.034197e+01 1.032029e+01 -1.523142e+00
8.035196e+01 1.025610e+01 -1.518886e+00
8.036196e+01 1.013467e+01 -1.514649e+00
8.037196e+01 1.005956e+01 -1.510431e+00
8.038196e+01 1.010064e+01 -1.506232e+00
8.039196e+01 1.001792e+01 -1.502053e+00
8.040196e+01 1.005927e+01 -1.497892e+00
8.041196e+01 9.955754e+00 -1.493751e+00
8.042196e+01 9.953596e+00 -1.489629e+00
8.043196e+01 9.796353e+00 -1.485526e+00
8.044196e+01 9.784790e+00 -1.481441e+00
8.045195e+01 9.682929e+00 -1.477376e+00
8.046195e+01 9.675473e+00 -1.473330e+00
8.047195e+01 9.621430e+00 -1.469302e+00
8.048195e+01 9.494182e+00 -1.465294e+00
8.049195e+01 9.505782e+00 -1.461304e+00
8.050195e+01 9.383614e+00 -1.457333e+00
8.051195e+01 9.319470e+00 -1.453380e+00
8.052195e+01 9.376361e+00 -1.449446e+00
8.053195e+01 9.220372e+00 -1.445531e+00
8.054195e+01 9.151624e+00 -1.441634e+00
8.055194e+01 9.017490e+00 -1.437756e+00
8.056194e+01 9.062122e+00 -1.433896e+00
8.057194e+01 8.905265e+00 -1.430055e+00
8.058194e+01 8.916229e+00 -1.426231e+00
8.059194e+01 8.976733e+00 -1.422426e+00
8.060194e+01 8.759516e+00 -1.418639e+00
8.061194e+01 8.812865e+00 -1.414871e+00
8.062194e+01 8.773147e+00 -1.411120e+00
8.063194e+01 8.683947e+00 -1.407387e+00
8.064194e+01 8.646845e+00 -1.403672e+00
8.065193e+01 8.579050e+00 -1.399975e+00
8.066193e+01 8.445092e+00 -1.396296e+00
8.067193e+01 8.528494e+00 -1.392634e+00
8.068193e+01 8.505814e+00 -1.388990e+00
8.069193e+01 8.439648e+00 -1.385364e+00
8.070193e+01 8.416684e+00 -1.381755e+00
8.071193e+01 8.424553e+00 -1.378163e+00
8.072193e+01 8.406579e+00 -1.374589e+00
8.073193e+01 8.312438e+00 -1.371032e+00
8.074193e+01 8.322494e+00 -1.367492e+00
8.075192e+01 8.384018e+00 -1.363969e+00
8.076192e+01 8.381743e+00 -1.360463e+00
8.077192e+01 8.449350e+00 -1.356974e+00
8.078192e+01 8.385800e+00 -1.353501e+00
8.079192e+01 8.360646e+00 -1.350046e+00
8.080192e+01 8.352972e+00 -1.346607e+00
8.081192e+01 8.405875e+00 -1.343184e+00
8.082192e+01 8.463404e+00 -1.339778e+00
8.083192e+01 8.479946e+00 -1.336388e+00
8.084192e+01 8.493233e+00 -1.333015e+00
8.085191e+01 8.612790e+00 -1.329657e+00
8.086191e+01 8.532580e+00 -1.326316e+00
8.087191e+01 8.555018e+00 -1.322990e+00
8.088191e+01 8.715470e+00 -1.319681e+00
8.089191e+01 8.698661e+00 -1.316387e+00
8.090191e+01 8.710931e+00 -1.313108e+00
8.091191e+01 8.858117e+00 -1.309845e+00
8.092191e+01 8.927983e+00 -1.306598e+00
8.093191e+01 8.892983e+00 -1.303366e+00
8.094191e+01 8.947304e+00 -1.300149e+00
8.095190e+01 9.002899e+00 -1.296947e+00
8.096190e+01 9.047087e+00 -1.293760e+00
8.097190e+01 9.033626e+00 -1.290588e+00
8.098190e+01 9.111664e+00 -1.287430e+00
8.099190e+01 9.165003e+00 -1.284287e+00
8.100190e+01 9.366036e+00 -1.281159e+00
8.101190e+01 9.395344e+00 -1.278044e+00
8.102190e+01 9.442666e+00 -1.274944e+00
8.103190e+01 9.472406e+00 -1.271859e+00
8.104190e+01 9.616794e+00 -1.268787e+00
8.105189e+01 9.530680e+00 -1.265729e+00
8.106189e+01 9.607484e+00 -1.262684e+00
8.107189e+01 9.770637e+00 -1.259653e+00
8.108189e+01 9.716264e+00 -1.256636e+00
8.109189e+01 9.791504e+00 -1.253632e+00
8.110189e+01 9.847422e+00 -1.250641e+00
8.111189e+01 9.913240e+00 -1.247663e+00
8.112189e+01 9.956592e+00 -1.244698e+00
8.113189e+01 1.003349e+01 -1.241746e+00
8.114189e+01 1.000928e+01 -1.238806e+00
8.115188e+01 1.002360e+01 -1.235879e+00
8.116188e+01 1.008821e+01 -1.232964e+00
8.117188e+01 1.010539e+01 -1.230061e+00
8.118188e+01 1.029393e+01 -1.227170e+00
8.119188e+01 1.028613e+01 -1.224291e+00
8.120188e+01 1.015413e+01 -1.221424e+00
8.121188e+01 1.018771e+01 -1.218569e+00
8.122188e+01 1.028188e+01 -1.215724e+00
8.123188e+01 1.027272e+01 -1.212891e+00
8.124188e+01 1.028090e+01 -1.210069e+00
8.125187e+01 1.020191e+01 -1.207258e+00
8.126187e+01 1.035550e+01 -1.204458e+00
8.127187e+01 1.025547e+01 -1.201668e+00
8.128187e+01 1.014563e+01 -1.198889e+00
8.129187e+01 1.020430e+01 -1.196120e+00
8.130187e+01 1.022222e+01 -1.193361e+00
8.131187e+01 1.022908e+01 -1.190612e+00
8.132187e+01 1.010780e+01 -1.187872e+00
8.133187e+01 1.004703e+01 -1.185142e+00
8.134187e+01 1.011076e+01 -1.182422e+00
8.135186e+01 1.003364e+01 -1.179711e+00
8.136186e+01 9.963751e+00 -1.177008e+00
8.137186e+01 9.906932e+00 -1.174315e+00
8.138186e+01 9.894138e+00 -1.171630e+00
8.139186e+01 9.822303e+00 -1.168954e+00
8.140186e+01 9.799696e+00 -1.166286e+00
8.141186e+01 9.700454e+00 -1.163626e+00
8.142186e+01 9.779754e+00 -1.160974e+00
8.143186e+01 9.674482e+00 -1.158330e+00
8.144186e+01 9.559566e+00 -1.155693e+00
8.145185e+01 9.488861e+00 -1.153064e+00
8.146185e+01 9.426759e+00 -1.150442e+00
8.147185e+01 9.424471e+00 -1.147826e+00
8.148185e+01 9.301459e+00 -1.145218e+00
8.149185e+01 9.275544e+00 -1.142615e+00
8.150185e+01 9.163903e+00 -1.140020e+00
8.151185e+01 9.132299e+00 -1.137430e+00
8.152185e+01 9.075033e+00 -1.134846e+00
8.153185e+01 9.043778e+00 -1.132268e+00
8.154185e+01 8.907861e+00 -1.129695e+00
8.155184e+01 8.878406e+00 -1.127127e+00
8.156184e+01 8.743393e+00 -1.124565e+00
8.157184e+01 8.753366e+00 -1.122007e+00
8.158184e+01 8.580042e+00 -1.119454e+00
8.159184e+01 8.653422e+00 -1.116906e+00
8.160184e+01 8.641641e+00 -1.114361e+00
8.161184e+01 8.506368e+00 -1.111820e+00
8.162184e+01 8.465167e+00 -1.109283e+00
8.163184e+01 8.448638e+00 -1.106750e+00
8.164184e+01 8.360815e+00 -1.104219e+00
8.165183e+01 8.297799e+00 -1.101692e+00
8.166183e+01 8.253029e+00 -1.099167e+00
8.167183e+01 8.252516e+00 -1.096645e+00
8.168183e+01 8.149756e+00 -1.094126e+00
8.169183e+01 8.145584e+00 -1.091608e+00
8.170183e+01 8.178457e+00 -1.089092e+00
8.171183e+01 8.213055e+00 -1.086577e+00
8.172183e+01 8.165488e+00 -1.084064e+00
8.173183e+01 8.168355e+00 -1.081552e+00
8.174183e+01 8.073163e+00 -1.079040e+00
8.175182e+01 8.097991e+00 -1.076529e+00
8.176182e+01 8.132529e+00 -1.074018e+00
8.177182e+01 8.099649e+00 -1.071507e+00
8.178182e+01 8.108651e+00 -1.068996e+00
8.179182e+01 8.091246e+00 -1.066485e+00
8.180182e+01 8.158641e+00 -1.063972e+00
8.181182e+01 8.119465e+00 -1.061459e+00
8.182182e+01 8.174955e+00 -1.058944e+00
8.183182e+01 8.226386e+00 -1.056428e+00
8.184182e+01 8.201771e+00 -1.053909e+00
8.185181e+01 8.265747e+00 -1.051389e+00
8.186181e+01 8.333576e+00 -1.048866e+00
8.187181e+01 8.386279e+00 -1.046340e+00
8.188181e+01 8.392147e+00 -1.043811e+00
8.189181e+01 8.507938e+00 -1.041279e+00
8.190181e+01 8.495096e+00 -1.038743e+00
8.191181e+01 8.447420e+00 -1.036204e+00
8.192181e+01 8.633252e+00 -1.033660e+00
8.193181e+01 8.718829e+00 -1.031111e+00
8.194181e+01 8.620244e+00 -1.028558e+00
8.195180e+01 8.837996e+00 -1.026000e+00
8.196180e+01 8.812637e+00 -1.023437e+00
8.197180e+01 8.872417e+00 -1.020867e+00
8.198180e+01 8.901761e+00 -1.018292e+00
8.199180e+01 9.015188e+00 -1.015710e+00
8.200180e+01 9.036243e+00 -1.013122e+00
8.201180e+01 9.021413e+00 -1.010527e+00
8.202180e+01 9.100734e+00 -1.007925e+00
8.203180e+01 9.363682e+00 -1.005315e+00
8.204180e+01 9.330347e+00 -1.002697e+00
8.205179e+01 9.369605e+00 -1.000071e+00
8.206179e+01 9.411322e+00 -9.974360e-01
8.207179e+01 9.498124e+00 -9.947925e-01
8.208179e+01 9.503942e+00 -9.921398e-01
8.209179e+01 9.577598e+00 -9.894775e-01
8.210179e+01 9.590966e+00 -9.868054e-01
8.211179e+01 9.597204e+00 -9.841231e-01
8.212179e+01 9.660937e+00 -9.814302e-01
8.213179e+01 9.887218e+00 -9.787265e-01
8.214179e+01 9.806988e+00 -9.760115e-01
8.215178e+01 9.795231e+00 -9.732850e-01
8.216178e+01 9.878690e+00 -9.705465e-01
8.217178e+01 9.916169e+00 -9.677958e-01
8.218178e+01 9.960100e+00 -9.650325e-01
8.219178e+01 1.002983e+01 -9.622562e-01
8.220178e+01 1.003913e+01 -9.594665e-01
8.221178e+01 9.865365e+00 -9.566632e-01
8.222178e+01 9.939566e+00 -9.538459e-01
8.223178e+01 9.957658e+00 -9.510141e-01
8.224178e+01 9.975779e+00 -9.481676e-01
8.225177e+01 1.002207e+01 -9.453060e-01
8.226177e+01 9.943152e+00 -9.424288e-01
8.227177e+01 9.998801e+00 -9.395358e-01
8.228177e+01 9.969898e+00 -9.366265e-01
8.229177e+01 9.876661e+00 -9.337007e-01
8.230177e+01 9.890096e+00 -9.307578e-01
8.231177e+01 9.906022e+00 -9.277976e-01
8.232177e+01 9.961896e+00 -9.248196e-01
8.233177e+01 9.867711e+00 -9.218235e-01
8.234177e+01 9.873592e+00 -9.188089e-01
8.235176e+01 9.819526e+00 -9.157754e-01
8.236176e+01 9.719850e+00 -9.127227e-01
8.237176e+01 9.671794e+00 -9.096503e-01
8.238176e+01 9.644471e+00 -9.065578e-01
8.239176e+01 9.521549e+00 -9.034449e-01
8.240176e+01 9.574400e+00 -9.003111e-01
8.241176e+01 9.564720e+00 -8.971562e-01
8.242176e+01 9.348784e+00 -8.939796e-01
8.243176e+01 9.386768e+00 -8.907810e-01
8.244176e+01 9.295014e+00 -8.875600e-01
8.245175e+01 9.277081e+00 -8.843162e-01
8.246175e+01 9.224391e+00 -8.810492e-01
8.247175e+01 9.076393e+00 -8.777585e-01
8.248175e+01 8.992509e+00 -8.744439e-01
8.249175e+01 8.910248e+00 -8.711048e-01
8.250175e+01 8.901616e+00 -8.677409e-01
8.251175e+01 8.754174e+00 -8.643518e-01
8.252175e+01 8.771161e+00 -8.609370e-01
8.253175e+01 8.659809e+00 -8.574962e-01
8.254175e+01 8.544070e+00 -8.540290e-01
8.255174e+01 8.557974e+00 -8.505349e-01
8.256174e+01 8.546500e+00 -8.470136e-01
8.257174e+01 8.476917e+00 -8.434646e-01
8.258174e+01 8.402259e+00 -8.398875e-01
8.259174e+01 8.405276e+00 -8.362819e-01
8.260174e+01 8.288831e+00 -8.326474e-01
8.261174e+01 8.326924e+00 -8.289836e-01
8.262174e+01 8.152838e+00 -8.252901e-01
8.263174e+01 8.103206e+00 -8.215664e-01
8.264174e+01 8.077017e+00 -8.178122e-01
8.265173e+01 8.036882e+00 -8.140270e-01
8.266173e+01 7.996741e+00 -8.102105e-01
8.267173e+01 8.006093e+00 -8.063622e-01
8.268173e+01 7.949732e+00 -8.024817e-01
8.269173e+01 7.829624e+00 -7.985686e-01
8.270173e+01 7.909735e+00 -7.946226e-01
8.271173e+01 7.839938e+00 -7.906431e-01
8.272173e+01 7.943115e+00 -7.866297e-01
8.273173e+01 7.789292e+00 -7.825822e-01
8.274173e+01 7.760650e+00 -7.785000e-01
8.275172e+01 7.810176e+00 -7.743828e-01
8.276172e+01 7.871009e+00 -7.702302e-01
8.277172e+01 7.919691e+00 -7.660417e-01
8.278172e+01 7.896000e+00 -7.618169e-01
8.279172e+01 7.807495e+00 -7.575556e-01
8.280172e+01 7.805100e+00 -7.532572e-01
8.281172e+01 7.866304e+00 -7.489213e-01
8.282172e+01 7.943510e+00 -7.445477e-01
8.283172e+01 7.990219e+00 -7.401358e-01
8.284172e+01 7.968282e+00 -7.356854e-01
8.285171e+01 8.029869e+00 -7.311959e-01
8.286171e+01 8.001906e+00 -7.266671e-01
8.287171e+01 8.168752e+00 -7.220985e-01
8.288171e+01 8.222893e+00 -7.174898e-01
8.289171e+01 8.231689e+00 -7.128406e-01
8.290171e+01 8.240653e+00 -7.081505e-01
8.291171e+01 8.320898e+00 -7.034191e-01
8.292171e+01 8.347862e+00 -6.986462e-01
8.293171e+01 8.327065e+00 -6.938312e-01
8.294171e+01 8.457192e+00 -6.889740e-01
8.295170e+01 8.483777e+00 -6.840740e-01
8.296170e+01 8.513258e+00 -6.791310e-01
8.297170e+01 8.590977e+00 -6.741447e-01
8.298170e+01 8.679219e+00 -6.691146e-01
8.299170e+01 8.731092e+00 -6.640404e-01
8.300170e+01 8.789026e+00 -6.589218e-01
8.301170e+01 8.760555e+00 -6.537586e-01
8.302170e+01 8.923900e+00 -6.485502e-01
8.303170e+01 8.953423e+00 -6.432966e-01
8.304170e+01 8.916559e+00 -6.379972e-01
8.305169e+01 9.109380e+00 -6.326518e-01
8.306169e+01 9.034579e+00 -6.272602e-01
8.307169e+01 9.071621e+00 -6.218220e-01
8.308169e+01 9.131692e+00 -6.163369e-01
8.309169e+01 9.274778e+00 -6.108047e-01
8.310169e+01 9.384734e+00 -6.052250e-01
8.311169e+01 9.368085e+00 -5.995977e-01
8.312169e+01 9.497015e+00 -5.939223e-01
8.313169e+01 9.568074e+00 -5.881988e-01
8.314169e+01 9.603867e+00 -5.824268e-01
8.315168e+01 9.517799e+00 -5.766061e-01
8.316168e+01 9.624134e+00 -5.707364e-01
8.317168e+01 9.640189e+00 -5.648176e-01
8.318168e+01 9.597196e+00 -5.588494e-01
8.319168e+01 9.621932e+00 -5.528316e-01
8.320168e+01 9.661140e+00 -5.467640e-01
8.321168e+01 9.599156e+00 -5.406464e-01
8.322168e+01 9.702852e+00 -5.344786e-01
8.323168e+01 9.734883e+00 -5.282604e-01
8.324168e+01 9.653921e+00 -5.219918e-01
8.325167e+01 9.611253e+00 -5.156724e-01
8.326167e+01 9.671364e+00 -5.093023e-01
8.327167e+01 9.628568e+00 -5.028811e-01
8.328167e+01 9.668592e+00 -4.964089e-01
8.329167e+01 9.671094e+00 -4.898854e-01
8.330167e+01 9.602145e+00 -4.833106e-01
8.331167e+01 9.544005e+00 -4.766843e-01
8.332167e+01 9.570721e+00 -4.700066e-01
8.333167e+01 9.631856e+00 -4.632772e-01
8.334167e+01 9.551864e+00 -4.564962e-01
8.335166e+01 9.433352e+00 -4.496634e-01
8.336166e+01 9.427446e+00 -4.427789e-01
8.337166e+01 9.327471e+00 -4.358425e-01
8.338166e+01 9.384520e+00 -4.288543e-01
8.339166e+01 9.311227e+00 -4.218143e-01
8.340166e+01 9.242977e+00 -4.147224e-01
8.341166e+01 9.148096e+00 -4.075787e-01
8.342166e+01 9.061527e+00 -4.003832e-01
8.343166e+01 9.069933e+00 -3.931359e-01
8.344166e+01 9.063412e+00 -3.858368e-01
8.345165e+01 8.850284e+00 -3.784861e-01
8.346165e+01 8.947033e+00 -3.710838e-01
8.347165e+01 8.798049e+00 -3.636299e-01
8.348165e+01 8.721475e+00 -3.561246e-01
8.349165e+01 8.607836e+00 -3.485680e-01
8.350165e+01 8.519112e+00 -3.409602e-01
8.351165e+01 8.526853e+00 -3.333013e-01
8.352165e+01 8.483535e+00 -3.255916e-01
8.353165e+01 8.395309e+00 -3.178310e-01
8.354165e+01 8.331255e+00 -3.100199e-01
8.355164e+01 8.285081e+00 -3.021584e-01
8.356164e+01 8.270947e+00 -2.942467e-01
8.357164e+01 8.169347e+00 -2.862850e-01
8.358164e+01 8.130070e+00 -2.782735e-01
8.359164e+01 7.983615e+00 -2.702126e-01
8.360164e+01 7.911355e+00 -2.621023e-01
8.361164e+01 7.967282e+00 -2.539431e-01
8.362164e+01 7.911705e+00 -2.457352e-01
8.363164e+01 7.804739e+00 -2.374788e-01
8.364164e+01 7.881723e+00 -2.291743e-01
8.365163e+01 7.625486e+00 -2.208221e-01
8.366163e+01 7.673916e+00 -2.124223e-01
8.367163e+01 7.576775e+00 -2.039755e-01
8.368163e+01 7.642362e+00 -1.954819e-01
8.369163e+01 7.534960e+00 -1.869419e-01
8.370163e+01 7.502352e+00 -1.783559e-01
8.371163e+01 7.621792e+00 -1.697244e-01
8.372163e+01 7.557929e+00 -1.610476e-01
8.373163e+01 7.601776e+00 -1.523262e-01
8.374163e+01 7.566065e+00 -1.435604e-01
8.375162e+01 7.551277e+00 -1.347508e-01
8.376162e+01 7.554289e+00 -1.258977e-01
8.377162e+01 7.553198e+00 -1.170018e-01
8.378162e+01 7.581284e+00 -1.080635e-01
8.379162e+01 7.473902e+00 -9.908322e-02
8.380162e+01 7.535325e+00 -9.006159e-02
8.381162e+01 7.549347e+00 -8.099910e-02
8.382162e+01 7.726008e+00 -7.189628e-02
8.383162e+01 7.600786e+00 -6.275371e-02
8.384162e+01 7.704821e+00 -5.357194e-02
8.385161e+01 7.686517e+00 -4.435154e-02
8.386161e+01 7.789911e+00 -3.509312e-02
8.387161e+01 7.763507e+00 -2.579728e-02
8.388161e+01 7.831379e+00 -1.646462e-02
8.389161e+01 7.767695e+00 -7.095764e-03
8.390161e+01 7.923391e+00 2.308645e-03
8.391161e+01 7.971023e+00 1.174797e-02
8.392161e+01 8.006713e+00 2.122154e-02
8.393161e+01 8.151683e+00 3.072871e-02
8.394161e+01 8.147639e+00 4.026879e-02
8.395160e+01 8.160980e+00 4.984110e-02
8.396160e+01 8.227273e+00 5.944494e-02
8.397160e+01 8.253822e+00 6.907961e-02
8.398160e+01 8.441995e+00 7.874439e-02
8.399160e+01 8.394852e+00 8.843857e-02
8.400160e+01 8.432999e+00 9.816140e-02
8.401160e+01 8.489431e+00 1.079122e-01
8.402160e+01 8.554958e+00 1.176901e-01
8.403160e+01 8.657975e+00 1.274945e-01
8.404160e+01 8.746204e+00 1.373245e-01
8.405159e+01 8.745620e+00 1.471794e-01
8.406159e+01 8.818188e+00 1.570584e-01
8.407159e+01 8.855095e+00 1.669608e-01
8.408159e+01 8.969966e+00 1.768857e-01
8.409159e+01 8.932648e+00 1.868323e-01
8.410159e+01 8.996659e+00 1.967999e-01
8.411159e+01 9.066546e+00 2.067876e-01
8.412159e+01 9.143806e+00 2.167947e-01
8.413159e+01 9.117874e+00 2.268203e-01
8.414159e+01 9.187216e+00 2.368636e-01
8.415158e+01 9.165084e+00 2.469238e-01
8.416158e+01 9.295923e+00 2.570000e-01
8.417158e+01 9.337370e+00 2.670914e-01
8.418158e+01 9.324672e+00 2.771972e-01
8.419158e+01 9.358403e+00 2.873166e-01
8.420158e+01 9.317818e+00 2.974487e-01
8.421158e+01 9.271489e+00 3.075927e-01
8.422158e+01 9.292743e+00 3.177477e-01
8.423158e+01 9.423120e+00 3.279129e-01
8.424158e+01 9.386095e+00 3.380875e-01
8.425157e+01 9.334246e+00 3.482705e-01
8.426157e+01 9.420025e+00 3.584612e-01
8.427157e+01 9.319714e+00 3.686588e-01
8.428157e+01 9.314610e+00 3.788623e-01
8.429157e+01 9.213087e+00 3.890709e-01
8.430157e+01 9.280086e+00 3.992839e-01
8.431157e+01 9.262519e+00 4.095002e-01
8.432157e+01 9.391303e+00 4.197192e-01
8.433157e+01 9.296790e+00 4.299400e-01
8.434157e+01 9.190532e+00 4.401617e-01
8.435156e+01 9.044623e+00 4.503835e-01
8.436156e+01 9.137527e+00 4.606046e-01
8.437156e+01 9.015700e+00 4.708241e-01
8.438156e+01 8.924906e+00 4.810413e-01
8.439156e+01 8.933839e+00 4.912553e-01
8.440156e+01 8.827445e+00 5.014653e-01
8.441156e+01 8.820238e+00 5.116705e-01
8.442156e+01 8.791420e+00 5.218700e-01
8.443156e+01 8.821551e+00 5.320632e-01
8.444156e+01 8.630287e+00 5.422492e-01
8.445155e+01 8.577977e+00 5.524271e-01
8.446155e+01 8.581548e+00 5.625963e-01
8.447155e+01 8.458118e+00 5.727559e-01
8.448155e+01 8.488326e+00 5.829052e-01
8.449155e+01 8.281476e+00 5.930434e-01
8.450155e+01 8.310181e+00 6.031698e-01
8.451155e+01 8.163594e+00 6.132836e-01
8.452155e+01 8.090294e+00 6.233841e-01
8.453155e+01 7.999311e+00 6.334704e-01
8.454155e+01 7.995238e+00 6.435420e-01
8.455154e+01 7.940240e+00 6.535981e-01
8.456154e+01 7.890697e+00 6.636380e-01
8.457154e+01 7.745039e+00 6.736609e-01
8.458154e+01 7.680094e+00 6.836662e-01
8.459154e+01 7.698960e+00 6.936532e-01
8.460154e+01 7.589786e+00 7.036213e-01
8.461154e+01 7.576245e+00 7.135697e-01
8.462154e+01 7.591854e+00 7.234978e-01
8.463154e+01 7.551680e+00 7.334050e-01
8.464154e+01 7.437161e+00 7.432905e-01
8.465153e+01 7.291196e+00 7.531539e-01
8.466153e+01 7.335125e+00 7.629944e-01
8.467153e+01 7.405022e+00 7.728115e-01
8.468153e+01 7.266227e+00 7.826046e-01
8.469153e+01 7.324976e+00 7.923731e-01
8.470153e+01 7.245508e+00 8.021163e-01
8.471153e+01 7.233472e+00 8.118338e-01
8.472153e+01 7.124342e+00 8.215250e-01
8.473153e+01 7.203261e+00 8.311893e-01
8.474153e+01 7.237607e+00 8.408262e-01
8.475152e+01 7.176526e+00 8.504352e-01
8.476152e+01 7.235348e+00 8.600157e-01
8.477152e+01 7.105771e+00 8.695674e-01
8.478152e+01 7.165602e+00 8.790896e-01
8.479152e+01 7.126226e+00 8.885819e-01
8.480152e+01 7.243738e+00 8.980438e-01
8.481152e+01 7.263122e+00 9.074749e-01
8.482152e+01 7.246682e+00 9.168747e-01
8.483152e+01 7.285602e+00 9.262428e-01
8.484152e+01 7.282986e+00 9.355788e-01
8.485151e+01 7.314621e+00 9.448823e-01
8.486151e+01 7.319626e+00 9.541528e-01
8.487151e+01 7.465429e+00 9.633900e-01
8.488151e+01 7.426289e+00 9.725935e-01
8.489151e+01 7.548519e+00 9.817629e-01
8.490151e+01 7.584715e+00 9.908978e-01
8.491151e+01 7.482143e+00 9.999980e-01
8.492151e+01 7.654833e+00 1.009063e+00
8.493151e+01 7.727676e+00 1.018093e+00
8.494151e+01 7.654034e+00 1.027087e+00
8.495150e+01 7.795815e+00 1.036045e+00
8.496150e+01 7.805878e+00 1.044966e+00
8.497150e+01 7.901249e+00 1.053851e+00
8.498150e+01 7.911135e+00 1.062699e+00
8.499150e+01 8.038215e+00 1.071510e+00
8.500150e+01 8.153507e+00 1.080284e+00
8.501150e+01 8.187348e+00 1.089020e+00
8.502150e+01 8.290317e+00 1.097718e+00
8.503150e+01 8.242095e+00 1.106378e+00
8.504150e+01 8.262894e+00 1.115000e+00
8.505149e+01 8.444847e+00 1.123584e+00
8.506149e+01 8.441809e+00 1.132129e+00
8.507149e+01 8.519680e+00 1.140635e+00
8.508149e+01 8.499472e+00 1.149102e+00
8.509149e+01 8.665833e+00 1.157530e+00
8.510149e+01 8.636149e+00 1.165919e+00
8.511149e+01 8.695579e+00 1.174268e+00
8.512149e+01 8.775675e+00 1.182578e+00
8.513149e+01 8.757752e+00 1.190849e+00
8.514149e+01 8.871147e+00 1.199079e+00
8.515148e+01 8.890257e+00 1.207270e+00
8.516148e+01 8.871909e+00 1.215421e+00
8.517148e+01 8.911531e+00 1.223533e+00
8.518148e+01 8.938515e+00 1.231604e+00
8.519148e+01 8.956174e+00 1.239635e+00
8.520148e+01 8.925272e+00 1.247626e+00
8.521148e+01 9.030787e+00 1.255577e+00
8.522148e+01 8.941000e+00 1.263487e+00
8.523148e+01 8.959261e+00 1.271358e+00
8.524148e+01 8.980530e+00 1.279188e+00
8.525147e+01 8.970190e+00 1.286978e+00
8.526147e+01 8.980065e+00 1.294728e+00
8.527147e+01 8.975733e+00 1.302438e+00
8.528147e+01 9.030399e+00 1.310107e+00
8.529147e+01 8.883035e+00 1.317737e+00
8.530147e+01 8.909269e+00 1.325326e+00
8.531147e+01 8.854324e+00 1.332875e+00
8.532147e+01 8.953247e+00 1.340384e+00
8.533147e+01 8.813816e+00 1.347854e+00
8.534147e+01 8.785881e+00 1.355283e+00
8.535146e+01 8.810268e+00 1.362673e+00
8.536146e+01 8.540779e+00 1.370023e+00
8.537146e+01 8.618063e+00 1.377333e+00
8.538146e+01 8.690699e+00 1.384604e+00
8.539146e+01 8.556392e+00 1.391835e+00
8.540146e+01 8.440671e+00 1.399027e+00
8.541146e+01 8.438886e+00 1.406179e+00
8.542146e+01 8.371626e+00 1.413293e+00
8.543146e+01 8.394485e+00 1.420368e+00
8.544146e+01 8.230369e+00 1.427403e+00
8.545145e+01 8.222400e+00 1.434400e+00
8.546145e+01 8.149186e+00 1.441359e+00
8.547145e+01 8.020740e+00 1.448279e+00
8.548145e+01 7.903632e+00 1.455160e+00
8.549145e+01 7.947578e+00 1.462004e+00
8.550145e+01 7.942320e+00 1.468809e+00
8.551145e+01 7.813093e+00 1.475577e+00
8.552145e+01 7.682763e+00 1.482307e+00
8.553145e+01 7.701884e+00 1.489000e+00
8.554145e+01 7.716292e+00 1.495655e+00
8.555144e+01 7.528521e+00 1.502274e+00
8.556144e+01 7.521245e+00 1.508855e+00
8.557144e+01 7.523443e+00 1.515400e+00
8.558144e+01 7.396044e+00 1.521908e+00
8.559144e+01 7.330746e+00 1.528380e+00
8.560144e+01 7.220705e+00 1.534816e+00
8.561144e+01 7.158453e+00 1.541216e+00
8.562144e+01 7.159081e+00 1.547580e+00
8.563144e+01 7.150976e+00 1.553909e+00
8.564144e+01 7.084393e+00 1.560202e+00
8.565143e+01 6.938961e+00 1.566460e+00
8.566143e+01 6.998890e+00 1.572684e+00
8.567143e+01 6.985455e+00 1.578873e+00
8.568143e+01 6.814613e+00 1.585028e+00
8.569143e+01 6.744389e+00 1.591149e+00
8.570143e+01 6.785841e+00 1.597235e+00
8.571143e+01 6.857239e+00 1.603289e+00
8.572143e+01 6.848403e+00 1.609308e+00
8.573143e+01 6.866719e+00 1.615295e+00
8.574143e+01 6.822285e+00 1.621249e+00
8.575142e+01 6.776737e+00 1.627170e+00
8.576142e+01 6.836572e+00 1.633059e+00
8.577142e+01 6.749141e+00 1.638915e+00
8.578142e+01 6.768137e+00 1.644740e+00
8.579142e+01 6.794484e+00 1.650533e+00
8.580142e+01 6.886081e+00 1.656295e+00
8.581142e+01 6.862645e+00 1.662025e+00
8.582142e+01 6.942702e+00 1.667725e+00
8.583142e+01 6.973023e+00 1.673394e+00
8.584142e+01 6.917409e+00 1.679033e+00
8.585141e+01 6.962285e+00 1.684642e+00
8.586141e+01 7.003008e+00 1.690221e+00
8.587141e+01 7.104732e+00 1.695770e+00
8.588141e+01 6.984905e+00 1.701291e+00
8.589141e+01 7.094305e+00 1.706782e+00
8.590141e+01 7.139125e+00 1.712244e+00
8.591141e+01 7.242972e+00 1.717679e+00
8.592141e+01 7.291912e+00 1.723085e+00
8.593141e+01 7.363101e+00 1.728463e+00
8.594141e+01 7.398629e+00 1.733813e+00
8.595140e+01 7.354656e+00 1.739137e+00
8.596140e+01 7.400984e+00 1.744433e+00
8.597140e+01 7.571737e+00 1.749702e+00
8.598140e+01 7.631569e+00 1.754945e+00
8.599140e+01 7.673156e+00 1.760162e+00
8.600140e+01 7.693189e+00 1.765353e+00
8.601140e+01 7.741117e+00 1.770518e+00
8.602140e+01 7.761024e+00 1.775657e+00
8.603140e+01 7.860960e+00 1.780772e+00
8.604140e+01 8.000503e+00 1.785862e+00
8.605139e+01 7.954508e+00 1.790927e+00
8.606139e+01 7.989824e+00 1.795968e+00
8.607139e+01 8.074891e+00 1.800985e+00
8.608139e+01 8.113163e+00 1.805978e+00
8.609139e+01 8.314481e+00 1.810948e+00
8.610139e+01 8.234249e+00 1.815895e+00
8.611139e+01 8.315462e+00 1.820819e+00
8.612139e+01 8.350725e+00 1.825720e+00
8.613139e+01 8.456544e+00 1.830599e+00
8.614139e+01 8.423889e+00 1.835456e+00
8.615138e+01 8.376097e+00 1.840291e+00
8.616138e+01 8.494103e+00 1.845104e+00
8.617138e+01 8.500708e+00 1.849897e+00
8.618138e+01 8.588249e+00 1.854668e+00
8.619138e+01 8.551559e+00 1.859419e+00
8.620138e+01 8.551668e+00 1.864149e+00
8.621138e+01 8.547660e+00 1.868859e+00
8.622138e+01 8.604910e+00 1.873550e+00
8.623138e+01 8.627195e+00 1.878221e+00
8.624138e+01 8.623375e+00 1.882872e+00
8.625137e+01 8.526389e+00 1.887505e+00
8.626137e+01 8.556857e+00 1.892118e+00
8.627137e+01 8.560455e+00 1.896713e+00
8.628137e+01 8.566014e+00 1.901290e+00
8.629137e+01 8.552041e+00 1.905849e+00
8.630137e+01 8.564643e+00 1.910391e+00
8.631137e+01 8.459979e+00 1.914914e+00
8.632137e+01 8.435948e+00 1.919421e+00
8.633137e+01 8.416654e+00 1.923911e+00
8.634137e+01 8.400269e+00 1.928384e+00
8.635136e+01 8.416377e+00 1.932840e+00
8.636136e+01 8.299726e+00 1.937281e+00
8.637136e+01 8.301948e+00 1.941705e+00
8.638136e+01 8.143674e+00 1.946114e+00
8.639136e+01 8.128979e+00 1.950508e+00
8.640136e+01 8.097735e+00 1.954886e+00
8.641136e+01 8.136965e+00 1.959250e+00
8.642136e+01 8.028725e+00 1.963599e+00
8.643136e+01 7.934696e+00 1.967934e+00
8.644136e+01 7.901003e+00 1.972254e+00
8.645135e+01 7.848630e+00 1.976561e+00
8.646135e+01 7.826524e+00 1.980854e+00
8.647135e+01 7.741201e+00 1.985133e+00
8.648135e+01 7.637623e+00 1.989400e+00
8.649135e+01 7.580918e+00 1.993653e+00
8.650135e+01 7.562868e+00 1.997894e+00
8.651135e+01 7.397157e+00 2.002123e+00
8.652135e+01 7.302370e+00 2.006339e+00
8.653135e+01 7.229817e+00 2.010543e+00
8.654135e+01 7.179905e+00 2.014736e+00
8.655134e+01 7.158231e+00 2.018917e+00
8.656134e+01 7.115232e+00 2.023087e+00
8.657134e+01 7.103784e+00 2.027246e+00
8.658134e+01 6.952948e+00 2.031394e+00
8.659134e+01 6.959532e+00 2.035531e+00
8.660134e+01 6.945313e+00 2.039658e+00
8.661134e+01 6.836287e+00 2.043775e+00
8.662134e+01 6.780486e+00 2.047882e+00
8.663134e+01 6.560389e+00 2.051980e+00
8.664134e+01 6.678846e+00 2.056068e+00
8.665133e+01 6.598332e+00 2.060147e+00
8.666133e+01 6.546639e+00 2.064217e+00
8.667133e+01 6.591766e+00 2.068278e+00
8.668133e+01 6.594795e+00 2.072330e+00
8.669133e+01 6.487304e+00 2.076374e+00
8.670133e+01 6.399211e+00 2.080410e+00
8.671133e+01 6.465752e+00 2.084438e+00
8.672133e+01 6.420440e+00 2.088458e+00
8.673133e+01 6.462887e+00 2.092470e+00
8.674133e+01 6.446475e+00 2.096476e+00
8.675132e+01 6.411191e+00 2.100474e+00
8.676132e+01 6.367641e+00 2.104465e+00
8.677132e+01 6.373931e+00 2.108449e+00
8.678132e+01 6.346576e+00 2.112427e+00
8.679132e+01 6.454865e+00 2.116399e+00
8.680132e+01 6.431302e+00 2.120364e+00
8.681132e+01 6.421443e+00 2.124324e+00
8.682132e+01 6.486577e+00 2.128277e+00
8.683132e+01 6.480385e+00 2.132225e+00
8.684132e+01 6.527266e+00 2.136168e+00
8.685131e+01 6.423707e+00 2.140106e+00
8.686131e+01 6.586511e+00 2.144038e+00
8.687131e+01 6.591036e+00 2.147966e+00
8.688131e+01 6.601221e+00 2.151889e+00
8.689131e+01 6.709308e+00 2.155807e+00
8.690131e+01 6.840977e+00 2.159722e+00
8.691131e+01 6.771400e+00 2.163632e+00
8.692131e+01 6.809604e+00 2.167538e+00
8.693131e+01 6.917924e+00 2.171440e+00
8.694131e+01 6.995687e+00 2.175339e+00
8.695130e+01 6.966430e+00 2.179235e+00
8.696130e+01 7.083111e+00 2.183127e+00
8.697130e+01 7.088750e+00 2.187016e+00
8.698130e+01 7.146481e+00 2.190902e+00
8.699130e+01 7.238179e+00 2.194785e+00
8.700130e+01 7.262611e+00 2.198666e+00
8.701130e+01 7.386569e+00 2.202544e+00
8.702130e+01 7.429185e+00 2.206420e+00
8.703130e+01 7.489478e+00 2.210294e+00
8.704130e+01 7.587636e+00 2.214166e+00
8.705129e+01 7.633602e+00 2.218036e+00
8.706129e+01 7.644334e+00 2.221905e+00
8.707129e+01 7.700417e+00 2.225772e+00
8.708129e+01 7.732641e+00 2.229638e+00
8.709129e+01 7.820766e+00 2.233502e+00
8.710129e+01 7.906507e+00 2.237365e+00
8.711129e+01 7.830474e+00 2.241228e+00
8.712129e+01 7.978817e+00 2.245090e+00
8.713129e+01 7.937156e+00 2.248951e+00
8.714129e+01 7.978879e+00 2.252811e+00
8.715128e+01 8.050575e+00 2.256672e+00
8.716128e+01 8.018541e+00 2.260532e+00
8.717128e+01 8.082827e+00 2.264392e+00
8.718128e+01 8.100883e+00 2.268252e+00
8.719128e+01 8.172301e+00 2.272112e+00
8.720128e+01 8.151367e+00 2.275972e+00
8.721128e+01 8.112593e+00 2.279833e+00
8.722128e+01 8.150311e+00 2.283695e+00
8.723128e+01 8.237945e+00 2.287557e+00
8.724128e+01 8.178418e+00 2.291420e+00
8.725127e+01 8.243265e+00 2.295284e+00
8.726127e+01 8.211164e+00 2.299150e+00
8.727127e+01 8.161549e+00 2.303016e+00
8.728127e+01 8.215068e+00 2.306884e+00
8.729127e+01 8.147618e+00 2.310753e+00
8.730127e+01 8.162797e+00 2.314623e+00
8.731127e+01 8.162994e+00 2.318496e+00
8.732127e+01 8.108108e+00 2.322370e+00
8.733127e+01 8.030136e+00 2.326246e+00
8.734127e+01 7.920826e+00 2.330124e+00
8.735126e+01 7.847807e+00 2.334004e+00
8.736126e+01 7.873814e+00 2.337887e+00
8.737126e+01 7.885231e+00 2.341771e+00
8.738126e+01 7.779665e+00 2.345659e+00
8.739126e+01 7.769967e+00 2.349548e+00
8.740126e+01 7.676161e+00 2.353441e+00
8.741126e+01 7.544557e+00 2.357336e+00
8.742126e+01 7.575458e+00 2.361234e+00
8.743126e+01 7.413163e+00 2.365135e+00
8.744126e+01 7.430588e+00 2.369039e+00
8.745125e+01 7.331605e+00 2.372946e+00
8.746125e+01 7.379245e+00 2.376856e+00
8.747125e+01 7.233928e+00 2.380770e+00
8.748125e+01 7.130403e+00 2.384687e+00
8.749125e+01 7.192289e+00 2.388607e+00
8.750125e+01 7.089863e+00 2.392531e+00
8.751125e+01 6.996284e+00 2.396459e+00
8.752125e+01 6.974601e+00 2.400391e+00
8.753125e+01 6.880960e+00 2.404326e+00
8.754125e+01 6.822534e+00 2.408265e+00
8.755124e+01 6.748005e+00 2.412209e+00
8.756124e+01 6.635431e+00 2.416156e+00
8.757124e+01 6.568665e+00 2.420107e+00
8.758124e+01 6.521410e+00 2.424063e+00
8.759124e+01 6.431574e+00 2.428023e+00
8.760124e+01 6.460362e+00 2.431988e+00
8.761124e+01 6.392877e+00 2.435957e+00
8.762124e+01 6.343662e+00 2.439930e+00
8.763124e+01 6.230434e+00 2.443909e+00
8.764124e+01 6.245969e+00 2.447891e+00
8.765123e+01 6.185552e+00 2.451879e+00
8.766123e+01 6.098385e+00 2.455871e+00
8.767123e+01 6.175440e+00 2.459869e+00
8.768123e+01 6.068542e+00 2.463871e+00
8.769123e+01 6.046918e+00 2.467878e+00
8.770123e+01 6.096464e+00 2.471890e+00
8.771123e+01 6.056386e+00 2.475908e+00
8.772123e+01 6.011841e+00 2.479930e+00
8.773123e+01 5.975176e+00 2.483958e+00
8.774123e+01 5.917784e+00 2.487991e+00
8.775122e+01 6.008779e+00 2.492030e+00
8.776122e+01 5.933289e+00 2.496073e+00
8.777122e+01 5.906327e+00 2.500123e+00
8.778122e+01 6.044233e+00 2.504178e+00
8.779122e+01 5.924613e+00 2.508238e+00
8.780122e+01 6.056502e+00 2.512304e+00
8.781122e+01 5.975197e+00 2.516376e+00
8.782122e+01 6.012934e+00 2.520453e+00
8.783122e+01 6.059383e+00 2.524536e+00
8.784122e+01 6.116455e+00 2.528625e+00
8.785121e+01 6.124621e+00 2.532720e+00
8.786121e+01 6.150901e+00 2.536821e+00
8.787121e+01 6.172319e+00 2.540927e+00
8.788121e+01 6.131321e+00 2.545040e+00
8.789121e+01 6.371439e+00 2.549158e+00
8.790121e+01 6.384295e+00 2.553283e+00
8.791121e+01 6.429016e+00 2.557414e+00
8.792121e+01 6.380896e+00 2.561550e+00
8.793121e+01 6.499795e+00 2.565693e+00
8.794121e+01 6.514045e+00 2.569842e+00
8.795120e+01 6.579291e+00 2.573998e+00
8.796120e+01 6.544030e+00 2.578159e+00
8.797120e+01 6.665704e+00 2.582327e+00
8.798120e+01 6.805861e+00 2.586501e+00
8.799120e+01 6.742320e+00 2.590681e+00
8.800120e+01 6.844572e+00 2.594868e+00
8.801120e+01 6.928432e+00 2.599061e+00
8.802120e+01 6.967825e+00 2.603261e+00
8.803120e+01 7.020754e+00 2.607466e+00
8.804120e+01 7.037464e+00 2.611679e+00
8.805119e+01 7.057858e+00 2.615898e+00
8.806119e+01 7.211503e+00 2.620123e+00
8.807119e+01 7.216840e+00 2.624354e+00
8.808119e+01 7.218162e+00 2.628593e+00
8.809119e+01 7.361131e+00 2.632837e+00
8.810119e+01 7.387373e+00 2.637089e+00
8.811119e+01 7.393757e+00 2.641346e+00
8.812119e+01 7.471626e+00 2.645611e+00
8.813119e+01 7.561594e+00 2.649881e+00
8.814119e+01 7.530953e+00 2.654159e+00
8.815118e+01 7.558038e+00 2.658443e+00
8.816118e+01 7.626778e+00 2.662734e+00
8.817118e+01 7.630238e+00 2.667031e+00
8.818118e+01 7.632934e+00 2.671335e+00
8.819118e+01 7.615157e+00 2.675645e+00
8.820118e+01 7.740134e+00 2.679962e+00
8.821118e+01 7.731872e+00 2.684286e+00
8.822118e+01 7.845918e+00 2.688616e+00
8.823118e+01 7.720463e+00 2.692953e+00
8.824118e+01 7.785995e+00 2.697296e+00
8.825117e+01 7.688826e+00 2.701646e+00
8.826117e+01 7.741192e+00 2.706003e+00
8.827117e+01 7.708112e+00 2.710366e+00
8.828117e+01 7.709855e+00 2.714736e+00
8.829117e+01 7.664456e+00 2.719112e+00
8.830117e+01 7.671569e+00 2.723495e+00
8.831117e+01 7.624822e+00 2.727885e+00
8.832117e+01 7.662410e+00 2.732281e+00
8.833117e+01 7.633838e+00 2.736683e+00
8.834117e+01 7.604592e+00 2.741092e+00
8.835116e+01 7.459555e+00 2.745508e+00
8.836116e+01 7.430264e+00 2.749930e+00
8.837116e+01 7.437622e+00 2.754359e+00
8.838116e+01 7.363380e+00 2.758794e+00
8.839116e+01 7.302135e+00 2.763236e+00
8.840116e+01 7.212545e+00 2.767684e+00
8.841116e+01 7.203238e+00 2.772138e+00
8.842116e+01 7.041530e+00 2.776599e+00
8.843116e+01 7.126456e+00 2.781066e+00
8.844116e+01 7.032635e+00 2.785539e+00
8.845115e+01 6.869432e+00 2.790019e+00
8.846115e+01 6.917996e+00 2.794506e+00
8.847115e+01 6.783376e+00 2.798998e+00
8.848115e+01 6.731491e+00 2.803497e+00
8.849115e+01 6.680185e+00 2.808002e+00
8.850115e+01 6.631338e+00 2.812513e+00
8.851115e+01 6.542064e+00 2.817030e+00
8.852115e+01 6.398891e+00 2.821553e+00
8.853115e+01 6.463382e+00 2.826083e+00
8.854115e+01 6.353797e+00 2.830619e+00
8.855114e+01 6.238872e+00 2.835160e+00
8.856114e+01 6.211783e+00 2.839708e+00
8.857114e+01 6.157033e+00 2.844261e+00
8.858114e+01 6.025844e+00 2.848821e+00
8.859114e+01 5.992610e+00 2.853386e+00
8.860114e+01 5.978164e+00 2.857958e+00
8.861114e+01 5.810529e+00 2.862535e+00
8.862114e+01 5.893917e+00 2.867118e+00
8.863114e+01 5.846273e+00 2.871706e+00
8.864114e+01 5.773608e+00 2.876301e+00
8.865113e+01 5.774250e+00 2.880901e+00
8.866113e+01 5.690928e+00 2.885506e+00
8.867113e+01 5.660186e+00 2.890118e+00
8.868113e+01 5.657114e+00 2.894734e+00
8.869113e+01 5.600644e+00 2.899356e+00
8.870113e+01 5.557166e+00 2.903984e+00
8.871113e+01 5.564369e+00 2.908617e+00
8.872113e+01 5.615640e+00 2.913255e+00
8.873113e+01 5.564016e+00 2.917899e+00
8.874113e+01 5.504109e+00 2.922547e+00
8.875112e+01 5.417061e+00 2.927201e+00
8.876112e+01 5.501365e+00 2.931860e+00
8.877112e+01 5.524699e+00 2.936525e+00
8.878112e+01 5.487314e+00 2.941194e+00
8.879112e+01 5.524517e+00 2.945868e+00
8.880112e+01 5.492958e+00 2.950547e+00
8.881112e+01 5.562853e+00 2.955230e+00
8.882112e+01 5.681958e+00 2.959919e+00
8.883112e+01 5.538647e+00 2.964612e+00
8.884112e+01 5.638281e+00 2.969310e+00
8.885111e+01 5.664409e+00 2.974013e+00
8.886111e+01 5.658466e+00 2.978720e+00
8.887111e+01 5.685863e+00 2.983432e+00
8.888111e+01 5.759768e+00 2.988147e+00
8.889111e+01 5.742296e+00 2.992868e+00
8.890111e+01 5.788878e+00 2.997592e+00
8.891111e+01 5.898789e+00 3.002321e+00
8.892111e+01 6.029417e+00 3.007054e+00
8.893111e+01 5.858156e+00 3.011791e+00
8.894111e+01 5.990871e+00 3.016532e+00
8.895110e+01 6.148914e+00 3.021277e+00
8.896110e+01 6.195670e+00 3.026026e+00
8.897110e+01 6.231545e+00 3.030778e+00
8.898110e+01 6.347865e+00 3.035535e+00
8.899110e+01 6.316885e+00 3.040295e+00
8.900110e+01 6.403621e+00 3.045058e+00
8.901110e+01 6.378092e+00 3.049825e+00
8.902110e+01 6.439501e+00 3.054595e+00
8.903110e+01 6.627045e+00 3.059369e+00
8.904110e+01 6.589715e+00 3.064146e+00
8.905109e+01 6.666122e+00 3.068926e+00
8.906109e+01 6.738038e+00 3.073710e+00
8.907109e+01 6.810218e+00 3.078496e+00
8.908109e+01 6.817169e+00 3.083285e+00
8.909109e+01 6.882274e+00 3.088077e+00
8.910109e+01 6.928623e+00 3.092872e+00
8.911109e+01 7.012655e+00 3.097670e+00
8.912109e+01 7.030375e+00 3.102470e+00
8.913109e+01 7.047722e+00 3.107273e+00
8.914109e+01 7.142899e+00 3.112078e+00
8.915108e+01 7.085963e+00 3.116885e+00
8.916108e+01 7.099918e+00 3.121695e+00
8.917108e+01 7.191264e+00 3.126507e+00
8.918108e+01 7.258690e+00 3.131321e+00
8.919108e+01 7.300956e+00 3.136137e+00
8.920108e+01 7.254108e+00 3.140955e+00
8.921108e+01 7.267267e+00 3.145774e+00
8.922108e+01 7.278953e+00 3.150596e+00
8.923108e+01 7.260000e+00 3.155419e+00
8.924108e+01 7.285764e+00 3.160243e+00
8.925107e+01 7.251800e+00 3.165069e+00
8.926107e+01 7.292167e+00 3.169896e+00
8.927107e+01 7.209129e+00 3.174725e+00
8.928107e+01 7.233322e+00 3.179554e+00
8.929107e+01 7.179132e+00 3.184385e+00
8.930107e+01 7.178014e+00 3.189217e+00
8.931107e+01 7.134152e+00 3.194049e+00
8.932107e+01 7.192731e+00 3.198883e+00
8.933107e+01 7.138003e+00 3.203716e+00
8.934107e+01 7.049801e+00 3.208551e+00
8.935106e+01 7.005325e+00 3.213386e+00
8.936106e+01 6.945917e+00 3.218221e+00
8.937106e+01 6.951235e+00 3.223056e+00
8.938106e+01 6.848081e+00 3.227892e+00
8.939106e+01 6.824969e+00 3.232727e+00
8.940106e+01 6.839225e+00 3.237563e+00
8.941106e+01 6.741133e+00 3.242398e+00
8.942106e+01 6.726165e+00 3.247233e+00
8.943106e+01 6.530143e+00 3.252068e+00
8.944106e+01 6.533133e+00 3.256902e+00
8.945105e+01 6.385561e+00 3.261736e+00
8.946105e+01 6.515440e+00 3.266568e+00
8.947105e+01 6.343222e+00 3.271400e+00
8.948105e+01 6.235802e+00 3.276231e+00
8.949105e+01 6.243426e+00 3.281061e+00
8.950105e+01 6.120863e+00 3.285890e+00
8.951105e+01 6.056643e+00 3.290717e+00
8.952105e+01 6.016497e+00 3.295543e+00
8.953105e+01 5.862775e+00 3.300368e+00
8.954105e+01 5.864153e+00 3.305191e+00
8.955104e+01 5.807093e+00 3.310012e+00
8.956104e+01 5.675198e+00 3.314831e+00
8.957104e+01 5.656010e+00 3.319648e+00
8.958104e+01 5.571931e+00 3.324463e+00
8.959104e+01 5.558746e+00 3.329276e+00
8.960104e+01 5.480374e+00 3.334087e+00
8.961104e+01 5.406427e+00 3.338895e+00
8.962104e+01 5.392188e+00 3.343701e+00
8.963104e+01 5.315322e+00 3.348504e+00
8.964104e+01 5.259473e+00 3.353304e+00
8.965103e+01 5.253228e+00 3.358101e+00
8.966103e+01 5.139033e+00 3.362895e+00
8.967103e+01 5.139558e+00 3.367686e+00
8.968103e+01 5.216805e+00 3.372474e+00
8.969103e+01 5.162585e+00 3.377258e+00
8.970103e+01 5.083416e+00 3.382038e+00
8.971103e+01 5.007260e+00 3.386815e+00
8.972103e+01 5.022907e+00 3.391589e+00
8.973103e+01 5.084048e+00 3.396358e+00
8.974103e+01 5.084444e+00 3.401123e+00
8.975102e+01 4.983048e+00 3.405884e+00
8.976102e+01 4.988661e+00 3.410641e+00
8.977102e+01 4.982727e+00 3.415393e+00
8.978102e+01 5.079547e+00 3.420141e+00
8.979102e+01 5.040649e+00 3.424884e+00
8.980102e+01 5.030099e+00 3.429622e+00
8.981102e+01 4.986647e+00 3.434355e+00
8.982102e+01 5.049501e+00 3.439084e+00
8.983102e+01 5.077862e+00 3.443807e+00
8.984102e+01 5.069618e+00 3.448524e+00
8.985101e+01 5.144185e+00 3.453237e+00
8.986101e+01 5.145344e+00 3.457943e+00
8.987101e+01 5.215971e+00 3.462644e+00
8.988101e+01 5.213598e+00 3.467339e+00
8.989101e+01 5.321335e+00 3.472029e+00
8.990101e+01 5.437992e+00 3.476712e+00
8.991101e+01 5.365644e+00 3.481388e+00
8.992101e+01 5.429504e+00 3.486059e+00
8.993101e+01 5.416827e+00 3.490723e+00
8.994101e+01 5.460289e+00 3.495380e+00
8.995100e+01 5.584289e+00 3.500030e+00
8.996100e+01 5.665530e+00 3.504674e+00
8.997100e+01 5.726415e+00 3.509310e+00
8.998100e+01 5.798571e+00 3.513940e+00
8.999100e+01 5.940596e+00 3.518562e+00
9.000100e+01 5.783358e+00 3.523176e+00
9.001100e+01 5.920050e+00 3.527783e+00
9.002100e+01 5.999008e+00 3.532382e+00
9.003100e+01 6.114411e+00 3.536974e+00
9.004100e+01 6.200334e+00 3.541557e+00
9.005099e+01 6.096833e+00 3.546132e+00
9.006099e+01 6.141326e+00 3.550699e+00
9.007099e+01 6.258931e+00 3.555258e+00
9.008099e+01 6.366612e+00 3.559808e+00
9.009099e+01 6.396012e+00 3.564349e+00
9.010099e+01 6.442765e+00 3.568882e+00
9.011099e+01 6.438168e+00 3.573406e+00
9.012099e+01 6.410729e+00 3.577920e+00
9.013099e+01 6.617848e+00 3.582425e+00
9.014099e+01 6.599430e+00 3.586921e+00
9.015098e+01 6.503360e+00 3.591408e+00
9.016098e+01 6.532181e+00 3.595885e+00
9.017098e+01 6.706665e+00 3.600352e+00
9.018098e+01 6.738908e+00 3.604809e+00
9.019098e+01 6.746077e+00 3.609256e+00
9.020098e+01 6.687973e+00 3.613693e+00
9.021098e+01 6.634156e+00 3.618120e+00
9.022098e+01 6.794294e+00 3.622536e+00
9.023098e+01 6.763916e+00 3.626942e+00
9.024098e+01 6.813485e+00 3.631337e+00
9.025097e+01 6.752222e+00 3.635721e+00
9.026097e+01 6.749155e+00 3.640094e+00
9.027097e+01 6.736735e+00 3.644455e+00
9.028097e+01 6.688428e+00 3.648806e+00
9.029097e+01 6.718306e+00 3.653145e+00
9.030097e+01 6.690633e+00 3.657473e+00
9.031097e+01 6.670610e+00 3.661789e+00
9.032097e+01 6.635622e+00 3.666093e+00
9.033097e+01 6.584606e+00 3.670385e+00
9.034097e+01 6.553238e+00 3.674665e+00
9.035096e+01 6.482545e+00 3.678933e+00
9.036096e+01 6.415511e+00 3.683188e+00
9.037096e+01 6.477208e+00 3.687431e+00
9.038096e+01 6.329047e+00 3.691661e+00
9.039096e+01 6.305107e+00 3.695879e+00
9.040096e+01 6.203022e+00 3.700083e+00
9.041096e+01 6.181664e+00 3.704275e+00
9.042096e+01 6.132913e+00 3.708453e+00
9.043096e+01 5.993200e+00 3.712618e+00
9.044096e+01 5.981820e+00 3.716769e+00
9.045095e+01 5.900233e+00 3.720907e+00
9.046095e+01 5.916760e+00 3.725031e+00
9.047095e+01 5.879344e+00 3.729141e+00
9.048095e+01 5.742930e+00 3.733238e+00
9.049095e+01 5.678955e+00 3.737320e+00
9.050095e+01 5.648179e+00 3.741388e+00
9.051095e+01 5.588750e+00 3.745441e+00
9.052095e+01 5.494568e+00 3.749480e+00
9.053095e+01 5.434653e+00 3.753504e+00
9.054095e+01 5.331571e+00 3.757513e+00
9.055094e+01 5.321759e+00 3.761507e+00
9.056094e+01 5.201863e+00 3.765487e+00
9.057094e+01 5.172547e+00 3.769451e+00
9.058094e+01 5.143017e+00 3.773399e+00
9.059094e+01 5.000480e+00 3.777333e+00
9.060094e+01 4.956370e+00 3.781250e+00
9.061094e+01 4.927567e+00 3.785152e+00
9.062094e+01 4.880635e+00 3.789038e+00
9.063094e+01 4.777072e+00 3.792908e+00
9.064094e+01 4.695100e+00 3.796762e+00
9.065093e+01 4.754313e+00 3.800599e+00
9.066093e+01 4.668793e+00 3.804420e+00
9.067093e+01 4.669930e+00 3.808225e+00
9.068093e+01 4.634035e+00 3.812013e+00
9.069093e+01 4.509353e+00 3.815784e+00
9.070093e+01 4.505928e+00 3.819538e+00
9.071093e+01 4.517454e+00 3.823275e+00
9.072093e+01 4.385513e+00 3.826995e+00
9.073093e+01 4.576011e+00 3.830698e+00
9.074093e+01 4.505781e+00 3.834383e+00
9.075092e+01 4.431367e+00 3.838050e+00
9.076092e+01 4.435547e+00 3.841700e+00
9.077092e+01 4.511889e+00 3.845332e+00
9.078092e+01 4.451021e+00 3.848946e+00
9.079092e+01 4.525277e+00 3.852542e+00
9.080092e+01 4.539996e+00 3.856120e+00
9.081092e+01 4.559301e+00 3.859680e+00
9.082092e+01 4.609690e+00 3.863221e+00
9.083092e+01 4.565168e+00 3.866743e+00
9.084092e+01 4.580939e+00 3.870247e+00
9.085091e+01 4.671857e+00 3.873732e+00
9.086091e+01 4.748277e+00 3.877198e+00
9.087091e+01 4.760130e+00 3.880645e+00
9.088091e+01 4.790179e+00 3.884072e+00
9.089091e+01 4.806609e+00 3.887481e+00
9.090091e+01 4.816494e+00 3.890870e+00
9.091091e+01 4.928903e+00 3.894239e+00
9.092091e+01 4.915396e+00 3.897589e+00
9.093091e+01 5.075563e+00 3.900918e+00
9.094091e+01 5.000799e+00 3.904228e+00
9.095090e+01 5.002414e+00 3.907518e+00
9.096090e+01 5.059897e+00 3.910788e+00
9.097090e+01 5.129152e+00 3.914037e+00
9.098090e+01 5.235786e+00 3.917266e+00
9.099090e+01 5.351712e+00 3.920475e+00
9.100090e+01 5.276185e+00 3.923662e+00
9.101090e+01 5.399263e+00 3.926829e+00
9.102090e+01 5.506391e+00 3.929976e+00
9.103090e+01 5.533436e+00 3.933101e+00
9.104090e+01 5.602824e+00 3.936205e+00
9.105089e+01 5.731357e+00 3.939287e+00
9.106089e+01 5.726778e+00 3.942349e+00
9.107089e+01 5.742047e+00 3.945389e+00
9.108089e+01 5.823556e+00 3.948407e+00
9.109089e+01 5.905917e+00 3.951404e+00
9.110089e+01 5.869903e+00 3.954378e+00
9.111089e+01 5.897584e+00 3.957331e+00
9.112089e+01 6.030229e+00 3.960262e+00
9.113089e+01 5.968364e+00 3.963171e+00
9.114089e+01 6.142524e+00 3.966057e+00
9.115088e+01 6.018400e+00 3.968921e+00
9.116088e+01 6.113870e+00 3.971763e+00
9.117088e+01 6.102042e+00 3.974582e+00
9.118088e+01 6.242323e+00 3.977378e+00
9.119088e+01 6.130220e+00 3.980151e+00
9.120088e+01 6.256685e+00 3.982901e+00
9.121088e+01 6.141527e+00 3.985629e+00
9.122088e+01 6.317653e+00 3.988333e+00
9.123088e+01 6.212789e+00 3.991014e+00
9.124088e+01 6.312845e+00 3.993671e+00
9.125087e+01 6.225112e+00 3.996305e+00
9.126087e+01 6.229447e+00 3.998915e+00
9.127087e+01 6.196357e+00 4.001502e+00
9.128087e+01 6.271266e+00 4.004065e+00
9.129087e+01 6.162241e+00 4.006604e+00
9.130087e+01 6.099673e+00 4.009118e+00
9.131087e+01 6.034617e+00 4.011609e+00
9.132087e+01 6.040995e+00 4.014075e+00
9.133087e+01 6.076325e+00 4.016517e+00
9.134087e+01 6.010245e+00 4.018935e+00
9.135086e+01 5.996228e+00 4.021328e+00
9.136086e+01 5.968693e+00 4.023696e+00
9.137086e+01 5.865682e+00 4.026039e+00
9.138086e+01 5.833477e+00 4.028358e+00
9.139086e+01 5.847606e+00 4.030651e+00
9.140086e+01 5.735871e+00 4.032920e+00
9.141086e+01 5.677744e+00 4.035163e+00
9.142086e+01 5.661033e+00 4.037381e+00
9.143086e+01 5.556859e+00 4.039573e+00
9.144086e+01 5.577168e+00 4.041740e+00
9.145085e+01 5.383368e+00 4.043881e+00
9.146085e+01 5.387068e+00 4.045997e+00
9.147085e+01 5.271099e+00 4.048086e+00
9.148085e+01 5.202648e+00 4.050150e+00
9.149085e+01 5.087251e+00 4.052187e+00
9.150085e+01 5.060702e+00 4.054199e+00
9.151085e+01 4.955497e+00 4.056184e+00
9.152085e+01 4.939347e+00 4.058143e+00
9.153085e+01 4.893398e+00 4.060075e+00
9.154085e+01 4.823660e+00 4.061981e+00
9.155084e+01 4.741682e+00 4.063860e+00
9.156084e+01 4.691400e+00 4.065712e+00
9.157084e+01 4.520181e+00 4.067537e+00
9.158084e+01 4.553035e+00 4.069336e+00
9.159084e+01 4.581980e+00 4.071107e+00
9.160084e+01 4.387550e+00 4.072851e+00
9.161084e+01 4.377576e+00 4.074568e+00
9.162084e+01 4.334467e+00 4.076257e+00
9.163084e+01 4.253843e+00 4.077919e+00
9.164084e+01 4.368446e+00 4.079553e+00
9.165083e+01 4.174056e+00 4.081160e+00
9.166083e+01 4.177572e+00 4.082738e+00
9.167083e+01 4.098978e+00 4.084289e+00
9.168083e+01 4.102496e+00 4.085812e+00
9.169083e+01 4.099219e+00 4.087307e+00
9.170083e+01 3.984353e+00 4.088773e+00
9.171083e+01 3.968070e+00 4.090211e+00
9.172083e+01 3.941082e+00 4.091621e+00
9.173083e+01 3.889606e+00 4.093002e+00
9.174083e+01 4.000757e+00 4.094355e+00
9.175082e+01 3.999870e+00 4.095678e+00
9.176082e+01 3.905084e+00 4.096973e+00
9.177082e+01 4.011693e+00 4.098240e+00
9.178082e+01 3.975473e+00 4.099477e+00
9.179082e+01 4.023503e+00 4.100684e+00
9.180082e+01 3.973801e+00 4.101863e+00
9.181082e+01 3.964218e+00 4.103013e+00
9.182082e+01 3.986823e+00 4.104132e+00
9.183082e+01 4.080676e+00 4.105223e+00
9.184082e+01 4.085775e+00 4.106284e+00
9.185081e+01 4.079668e+00 4.107315e+00
9.186081e+01 4.168024e+00 4.108316e+00
9.187081e+01 4.153154e+00 4.109287e+00
9.188081e+01 4.173264e+00 4.110228e+00
9.189081e+01 4.291470e+00 4.111139e+00
9.190081e+01 4.317286e+00 4.112020e+00
9.191081e+01 4.284545e+00 4.112870e+00
9.192081e+01 4.395467e+00 4.113690e+00
9.193081e+01 4.485103e+00 4.114479e+00
9.194081e+01 4.531825e+00 4.115238e+00
9.195080e+01 4.498167e+00 4.115966e+00
9.196080e+01 4.585932e+00 4.116663e+00
9.197080e+01 4.606328e+00 4.117329e+00
9.198080e+01 4.685909e+00 4.117964e+00
9.199080e+01 4.762137e+00 4.118568e+00
9.200080e+01 4.693470e+00 4.119141e+00
9.201080e+01 4.872505e+00 4.119682e+00
9.202080e+01 4.947765e+00 4.120191e+00
9.203080e+01 5.032264e+00 4.120670e+00
9.204080e+01 4.953556e+00 4.121116e+00
9.205079e+01 5.065167e+00 4.121531e+00
9.206079e+01 5.174134e+00 4.121913e+00
9.207079e+01 5.187125e+00 4.122264e+00
9.208079e+01 5.313302e+00 4.122582e+00
9.209079e+01 5.276714e+00 4.122869e+00
9.210079e+01 5.361905e+00 4.123123e+00
9.211079e+01 5.454337e+00 4.123344e+00
9.212079e+01 5.421846e+00 4.123533e+00
9.213079e+01 5.461083e+00 4.123690e+00
9.214079e+01 5.487958e+00 4.123813e+00
9.215078e+01 5.546211e+00 4.123904e+00
9.216078e+01 5.606627e+00 4.123962e+00
9.217078e+01 5.585742e+00 4.123987e+00
9.218078e+01 5.552899e+00 4.123978e+00
9.219078e+01 5.632154e+00 4.123937e+00
9.220078e+01 5.680888e+00 4.123862e+00
9.221078e+01 5.644809e+00 4.123753e+00
9.222078e+01 5.741760e+00 4.123611e+00
9.223078e+01 5.664946e+00 4.123435e+00
9.224078e+01 5.689548e+00 4.123225e+00
9.225077e+01 5.666081e+00 4.122982e+00
9.226077e+01 5.683699e+00 4.122704e+00
9.227077e+01 5.666099e+00 4.122392e+00
9.228077e+01 5.558537e+00 4.122046e+00
9.229077e+01 5.643962e+00 4.121666e+00
9.230077e+01 5.624415e+00 4.121251e+00
9.231077e+01 5.564031e+00 4.120801e+00
9.232077e+01 5.581601e+00 4.120317e+00
9.233077e+01 5.578937e+00 4.119798e+00
9.234077e+01 5.477683e+00 4.119244e+00
9.235076e+01 5.387319e+00 4.118655e+00
9.236076e+01 5.348073e+00 4.118031e+00
9.237076e+01 5.347836e+00 4.117371e+00
9.238076e+01 5.350101e+00 4.116677e+00
9.239076e+01 5.227757e+00 4.115947e+00
9.240076e+01 5.202278e+00 4.115181e+00
9.241076e+01 5.125979e+00 4.114379e+00
9.242076e+01 5.101638e+00 4.113542e+00
9.243076e+01 5.108561e+00 4.112669e+00
9.244076e+01 4.965712e+00 4.111760e+00
9.245075e+01 4.907432e+00 4.110814e+00
9.246075e+01 4.864898e+00 4.109833e+00
9.247075e+01 4.766196e+00 4.108815e+00
9.248075e+01 4.608885e+00 4.107760e+00
9.249075e+01 4.619861e+00 4.106669e+00
9.250075e+01 4.544837e+00 4.105541e+00
9.251075e+01 4.419338e+00 4.104376e+00
9.252075e+01 4.348169e+00 4.103175e+00
9.253075e+01 4.290342e+00 4.101936e+00
9.254075e+01 4.249988e+00 4.100660e+00
9.255074e+01 4.185711e+00 4.099347e+00
9.256074e+01 4.127018e+00 4.097997e+00
9.257074e+01 4.090824e+00 4.096608e+00
9.258074e+01 4.079296e+00 4.095183e+00
9.259074e+01 3.956217e+00 4.093719e+00
9.260074e+01 3.875047e+00 4.092218e+00
9.261074e+01 3.820519e+00 4.090679e+00
9.262074e+01 3.732633e+00 4.089101e+00
9.263074e+01 3.660007e+00 4.087485e+00
9.264074e+01 3.693780e+00 4.085831e+00
9.265073e+01 3.722679e+00 4.084139e+00
9.266073e+01 3.697810e+00 4.082408e+00
9.267073e+01 3.584463e+00 4.080638e+00
9.268073e+01 3.591606e+00 4.078830e+00
9.269073e+01 3.539909e+00 4.076982e+00
9.270073e+01 3.468430e+00 4.075096e+00
9.271073e+01 3.503332e+00 4.073170e+00
9.272073e+01 3.437944e+00 4.071205e+00
9.273073e+01 3.347861e+00 4.069201e+00
9.274073e+01 3.434804e+00 4.067157e+00
9.275072e+01 3.331632e+00 4.065074e+00
9.276072e+01 3.332209e+00 4.062950e+00
9.277072e+01 3.371705e+00 4.060787e+00
9.278072e+01 3.460920e+00 4.058584e+00
9.279072e+01 3.434911e+00 4.056341e+00
9.280072e+01 3.434648e+00 4.054058e+00
9.281072e+01 3.425813e+00 4.051734e+00
9.282072e+01 3.501827e+00 4.049370e+00
9.283072e+01 3.449576e+00 4.046965e+00
9.284072e+01 3.568752e+00 4.044520e+00
9.285071e+01 3.549614e+00 4.042034e+00
9.286071e+01 3.534009e+00 4.039506e+00
9.287071e+01 3.642309e+00 4.036938e+00
9.288071e+01 3.594575e+00 4.034329e+00
9.289071e+01 3.685379e+00 4.031678e+00
9.290071e+01 3.734248e+00 4.028986e+00
9.291071e+01 3.725281e+00 4.026253e+00
9.292071e+01 3.827225e+00 4.023478e+00
9.293071e+01 4.003793e+00 4.020661e+00
9.294071e+01 3.850737e+00 4.017802e+00
9.295070e+01 3.998003e+00 4.014902e+00
9.296070e+01 4.012166e+00 4.011959e+00
9.297070e+01 4.068415e+00 4.008974e+00
9.298070e+01 4.181778e+00 4.005947e+00
9.299070e+01 4.180492e+00 4.002877e+00
9.300070e+01 4.125763e+00 3.999765e+00
9.301070e+01 4.260662e+00 3.996610e+00
9.302070e+01 4.273728e+00 3.993412e+00
9.303070e+01 4.339722e+00 3.990171e+00
9.304070e+01 4.529088e+00 3.986888e+00
9.305069e+01 4.581846e+00 3.983561e+00
9.306069e+01 4.526623e+00 3.980191e+00
9.307069e+01 4.669463e+00 3.976778e+00
9.308069e+01 4.793672e+00 3.973321e+00
9.309069e+01 4.748517e+00 3.969821e+00
9.310069e+01 4.819731e+00 3.966277e+00
9.311069e+01 4.815896e+00 3.962689e+00
9.312069e+01 4.849854e+00 3.959058e+00
9.313069e+01 4.858377e+00 3.955382e+00
9.314069e+01 4.922681e+00 3.951663e+00
9.315068e+01 4.972464e+00 3.947899e+00
9.316068e+01 4.965375e+00 3.944090e+00
9.317068e+01 5.027251e+00 3.940238e+00
9.318068e+01 4.992418e+00 3.936341e+00
9.319068e+01 5.060263e+00 3.932399e+00
9.320068e+01 5.034190e+00 3.928412e+00
9.321068e+01 5.018367e+00 3.924381e+00
9.322068e+01 5.100700e+00 3.920304e+00
9.323068e+01 5.127932e+00 3.916183e+00
9.324068e+01 5.138415e+00 3.912016e+00
9.325067e+01 5.133314e+00 3.907804e+00
9.326067e+01 5.120890e+00 3.903547e+00
9.327067e+01 5.087898e+00 3.899244e+00
9.328067e+01 5.056867e+00 3.894896e+00
9.329067e+01 5.075291e+00 3.890502e+00
9.330067e+01 5.045729e+00 3.886062e+00
9.331067e+01 5.023126e+00 3.881577e+00
9.332067e+01 4.947713e+00 3.877045e+00
9.333067e+01 4.941698e+00 3.872467e+00
9.334067e+01 4.881885e+00 3.867844e+00
9.335066e+01 4.851915e+00 3.863174e+00
9.336066e+01 4.804300e+00 3.858457e+00
9.337066e+01 4.776762e+00 3.853695e+00
9.338066e+01 4.753770e+00 3.848886e+00
9.339066e+01 4.662971e+00 3.844030e+00
9.340066e+01 4.704220e+00 3.839127e+00
9.341066e+01 4.514409e+00 3.834178e+00
9.342066e+01 4.471649e+00 3.829182e+00
9.343066e+01 4.449336e+00 3.824138e+00
9.344066e+01 4.394281e+00 3.819048e+00
9.345065e+01 4.343246e+00 3.813911e+00
9.346065e+01 4.236503e+00 3.808727e+00
9.347065e+01 4.188815e+00 3.803495e+00
9.348065e+01 4.153241e+00 3.798216e+00
9.349065e+01 3.996678e+00 3.792889e+00
9.350065e+01 3.908552e+00 3.787515e+00
9.351065e+01 3.822054e+00 3.782093e+00
9.352065e+01 3.807847e+00 3.776624e+00
9.353065e+01 3.775968e+00 3.771107e+00
9.354065e+01 3.837085e+00 3.765542e+00
9.355064e+01 3.727641e+00 3.759929e+00
9.356064e+01 3.553489e+00 3.754268e+00
9.357064e+01 3.524545e+00 3.748559e+00
9.358064e+01 3.437346e+00 3.742802e+00
9.359064e+01 3.456546e+00 3.736997e+00
9.360064e+01 3.362762e+00 3.731143e+00
9.361064e+01 3.330932e+00 3.725241e+00
9.362064e+01 3.150517e+00 3.719291e+00
9.363064e+01 3.142185e+00 3.713293e+00
9.364064e+01 3.158404e+00 3.707246e+00
9.365063e+01 3.122909e+00 3.701150e+00
9.366063e+01 3.038566e+00 3.695006e+00
9.367063e+01 3.044332e+00 3.688813e+00
9.368063e+01 2.949496e+00 3.682571e+00
9.369063e+01 2.976613e+00 3.676281e+00
9.370063e+01 2.881856e+00 3.669941e+00
9.371063e+01 2.804274e+00 3.663553e+00
9.372063e+01 2.881771e+00 3.657116e+00
9.373063e+01 2.865044e+00 3.650630e+00
9.374063e+01 2.901841e+00 3.644095e+00
9.375062e+01 2.753084e+00 3.637511e+00
9.376062e+01 2.806137e+00 3.630877e+00
9.377062e+01 2.896207e+00 3.624195e+00
9.378062e+01 2.788820e+00 3.617463e+00
9.379062e+01 2.840026e+00 3.610682e+00
9.380062e+01 2.851580e+00 3.603851e+00
9.381062e+01 2.811532e+00 3.596972e+00
9.382062e+01 2.911770e+00 3.590043e+00
9.383062e+01 2.877281e+00 3.583064e+00
9.384062e+01 2.906652e+00 3.576036e+00
9.385061e+01 2.836400e+00 3.568959e+00
9.386061e+01 2.925302e+00 3.561832e+00
9.387061e+01 3.165636e+00 3.554655e+00
9.388061e+01 3.022582e+00 3.547429e+00
9.389061e+01 3.191044e+00 3.540153e+00
9.390061e+01 3.126176e+00 3.532828e+00
9.391061e+01 3.208662e+00 3.525453e+00
9.392061e+01 3.258230e+00 3.518029e+00
9.393061e+01 3.237828e+00 3.510554e+00
9.394061e+01 3.398876e+00 3.503030e+00
9.395060e+01 3.458998e+00 3.495457e+00
9.396060e+01 3.464023e+00 3.487833e+00
9.397060e+01 3.499851e+00 3.480160e+00
9.398060e+01 3.524268e+00 3.472437e+00
9.399060e+01 3.559770e+00 3.464664e+00
9.400060e+01 3.640809e+00 3.456842e+00
9.401060e+01 3.867278e+00 3.448970e+00
9.402060e+01 3.757991e+00 3.441047e+00
9.403060e+01 3.820662e+00 3.433075e+00
9.404060e+01 3.863131e+00 3.425054e+00
9.405059e+01 4.011440e+00 3.416982e+00
9.406059e+01 4.058013e+00 3.408861e+00
9.407059e+01 4.008591e+00 3.400689e+00
9.408059e+01 4.207263e+00 3.392468e+00
9.409059e+01 4.116723e+00 3.384198e+00
9.410059e+01 4.240516e+00 3.375877e+00
9.411059e+01 4.260842e+00 3.367507e+00
9.412059e+01 4.341181e+00 3.359086e+00
9.413059e+01 4.362966e+00 3.350616e+00
9.414059e+01 4.345522e+00 3.342097e+00
9.415058e+01 4.338207e+00 3.333527e+00
9.416058e+01 4.474698e+00 3.324908e+00
9.417058e+01 4.486636e+00 3.316239e+00
9.418058e+01 4.497225e+00 3.307521e+00
9.419058e+01 4.511717e+00 3.298753e+00
9.420058e+01 4.387987e+00 3.289935e+00
9.421058e+01 4.570701e+00 3.281067e+00
9.422058e+01 4.473312e+00 3.272150e+00
9.423058e+01 4.497913e+00 3.263184e+00
9.424058e+01 4.600086e+00 3.254168e+00
9.425057e+01 4.631216e+00 3.245102e+00
9.426057e+01 4.608680e+00 3.235987e+00
9.427057e+01 4.542511e+00 3.226823e+00
9.428057e+01 4.483979e+00 3.217610e+00
9.429057e+01 4.540435e+00 3.208347e+00
9.430057e+01 4.523965e+00 3.199034e+00
9.431057e+01 4.397493e+00 3.189673e+00
9.432057e+01 4.333388e+00 3.180262e+00
9.433057e+01 4.359081e+00 3.170803e+00
9.434057e+01 4.324856e+00 3.161294e+00
9.435056e+01 4.291484e+00 3.151736e+00
9.436056e+01 4.165782e+00 3.142130e+00
9.437056e+01 4.135058e+00 3.132474e+00
9.438056e+01 4.090414e+00 3.122770e+00
9.439056e+01 4.110345e+00 3.113017e+00
9.440056e+01 4.001749e+00 3.103216e+00
9.441056e+01 3.925751e+00 3.093365e+00
9.442056e+01 3.890730e+00 3.083467e+00
9.443056e+01 3.866594e+00 3.073520e+00
9.444056e+01 3.750901e+00 3.063524e+00
9.445055e+01 3.731492e+00 3.053481e+00
9.446055e+01 3.641209e+00 3.043389e+00
9.447055e+01 3.591457e+00 3.033249e+00
9.448055e+01 3.484440e+00 3.023062e+00
9.449055e+01 3.428631e+00 3.012826e+00
9.450055e+01 3.325825e+00 3.002543e+00
9.451055e+01 3.364400e+00 2.992212e+00
9.452055e+01 3.261651e+00 2.981834e+00
9.453055e+01 3.215300e+00 2.971409e+00
9.454055e+01 3.068690e+00 2.960936e+00
9.455054e+01 2.996081e+00 2.950416e+00
9.456054e+01 3.044252e+00 2.939849e+00
9.457054e+01 2.935365e+00 2.929235e+00
9.458054e+01 2.914482e+00 2.918574e+00
9.459054e+01 2.715139e+00 2.907867e+00
9.460054e+01 2.737695e+00 2.897114e+00
9.461054e+01 2.660403e+00 2.886314e+00
9.462054e+01 2.543164e+00 2.875468e+00
9.463054e+01 2.722697e+00 2.864576e+00
9.464054e+01 2.558815e+00 2.853639e+00
9.465053e+01 2.491328e+00 2.842656e+00
9.466053e+01 2.412566e+00 2.831627e+00
9.467053e+01 2.440026e+00 2.820554e+00
9.468053e+01 2.360532e+00 2.809435e+00
9.469053e+01 2.385394e+00 2.798271e+00
9.470053e+01 2.345060e+00 2.787063e+00
9.471053e+01 2.220891e+00 2.775811e+00
9.472053e+01 2.329848e+00 2.764514e+00
9.473053e+01 2.289301e+00 2.753173e+00
9.474053e+01 2.238051e+00 2.741789e+00
9.475052e+01 2.299860e+00 2.730361e+00
9.476052e+01 2.286944e+00 2.718890e+00
9.477052e+01 2.217931e+00 2.707376e+00
9.478052e+01 2.300235e+00 2.695819e+00
9.479052e+01 2.154488e+00 2.684219e+00
9.480052e+01 2.249143e+00 2.672578e+00
9.481052e+01 2.270889e+00 2.660895e+00
9.482052e+01 2.294283e+00 2.649169e+00
9.483052e+01 2.318275e+00 2.637403e+00
9.484052e+01 2.287771e+00 2.625596e+00
9.485051e+01 2.418299e+00 2.613748e+00
9.486051e+01 2.406767e+00 2.601859e+00
9.487051e+01 2.466920e+00 2.589931e+00
9.488051e+01 2.545581e+00 2.577962e+00
9.489051e+01 2.430127e+00 2.565955e+00
9.490051e+01 2.532956e+00 2.553908e+00
9.491051e+01 2.510242e+00 2.541823e+00
9.492051e+01 2.683473e+00 2.529699e+00
9.493051e+01 2.625428e+00 2.517538e+00
9.494051e+01 2.793963e+00 2.505339e+00
9.495050e+01 2.855341e+00 2.493103e+00
9.496050e+01 2.822889e+00 2.480830e+00
9.497050e+01 2.899886e+00 2.468521e+00
9.498050e+01 3.054735e+00 2.456176e+00
9.499050e+01 2.942335e+00 2.443795e+00
9.500050e+01 3.108462e+00 2.431380e+00
9.501050e+01 3.147558e+00 2.418930e+00
9.502050e+01 3.208262e+00 2.406447e+00
9.503050e+01 3.191606e+00 2.393929e+00
9.504050e+01 3.333306e+00 2.381379e+00
9.505049e+01 3.339428e+00 2.368796e+00
9.506049e+01 3.415968e+00 2.356181e+00
9.507049e+01 3.408545e+00 2.343534e+00
9.508049e+01 3.489684e+00 2.330857e+00
9.509049e+01 3.525845e+00 2.318149e+00
9.510049e+01 3.632249e+00 2.305411e+00
9.511049e+01 3.685867e+00 2.292644e+00
9.512049e+01 3.632436e+00 2.279848e+00
9.513049e+01 3.755355e+00 2.267024e+00
9.514049e+01 3.770330e+00 2.254173e+00
9.515048e+01 3.709708e+00 2.241294e+00
9.516048e+01 3.816081e+00 2.228389e+00
9.517048e+01 3.834981e+00 2.215459e+00
9.518048e+01 3.925240e+00 2.202503e+00
9.519048e+01 3.945199e+00 2.189523e+00
9.520048e+01 3.888773e+00 2.176520e+00
9.521048e+01 3.950260e+00 2.163493e+00
9.522048e+01 3.972460e+00 2.150444e+00
9.523048e+01 3.917274e+00 2.137373e+00
9.524048e+01 3.907783e+00 2.124281e+00
9.525047e+01 3.882473e+00 2.111169e+00
9.526047e+01 3.811119e+00 2.098037e+00
9.527047e+01 4.098940e+00 2.084887e+00
9.528047e+01 3.865922e+00 2.071718e+00
9.529047e+01 3.885139e+00 2.058532e+00
9.530047e+01 3.796160e+00 2.045330e+00
9.531047e+01 3.925296e+00 2.032112e+00
9.532047e+01 3.828861e+00 2.018879e+00
9.533047e+01 3.711158e+00 2.005632e+00
9.534047e+01 3.727247e+00 1.992371e+00
9.535046e+01 3.695446e+00 1.979098e+00
9.536046e+01 3.663134e+00 1.965813e+00
9.537046e+01 3.594539e+00 1.952517e+00
9.538046e+01 3.595299e+00 1.939211e+00
9.539046e+01 3.471172e+00 1.925896e+00
9.540046e+01 3.462246e+00 1.912573e+00
9.541046e+01 3.412179e+00 1.899242e+00
9.542046e+01 3.318858e+00 1.885905e+00
9.543046e+01 3.272443e+00 1.872561e+00
9.544046e+01 3.163215e+00 1.859213e+00
9.545045e+01 3.147857e+00 1.845861e+00
9.546045e+01 3.042878e+00 1.832506e+00
9.547045e+01 2.996403e+00 1.819149e+00
9.548045e+01 2.975658e+00 1.805791e+00
9.549045e+01 2.906813e+00 1.792432e+00
9.550045e+01 2.864502e+00 1.779074e+00
9.551045e+01 2.765871e+00 1.765717e+00
9.552045e+01 2.558479e+00 1.752363e+00
9.553045e+01 2.638983e+00 1.739012e+00
9.554045e+01 2.583421e+00 1.725666e+00
9.555044e+01 2.435403e+00 1.712325e+00
9.556044e+01 2.332527e+00 1.698990e+00
9.557044e+01 2.251179e+00 1.685662e+00
9.558044e+01 2.277858e+00 1.672343e+00
9.559044e+01 2.185149e+00 1.659032e+00
9.560044e+01 2.096762e+00 1.645732e+00
9.561044e+01 2.091215e+00 1.632442e+00
9.562044e+01 2.051724e+00 1.619165e+00
9.563044e+01 1.951499e+00 1.605900e+00
9.564044e+01 1.933568e+00 1.592649e+00
9.565043e+01 1.892225e+00 1.579413e+00
9.566043e+01 1.771690e+00 1.566193e+00
9.567043e+01 1.836931e+00 1.552990e+00
9.568043e+01 1.711348e+00 1.539804e+00
9.569043e+01 1.739239e+00 1.526637e+00
9.570043e+01 1.781684e+00 1.513490e+00
9.571043e+01 1.703707e+00 1.500363e+00
9.572043e+01 1.695600e+00 1.487257e+00
9.573043e+01 1.557066e+00 1.474174e+00
9.574043e+01 1.689487e+00 1.461114e+00
9.575042e+01 1.628657e+00 1.448079e+00
9.576042e+01 1.639295e+00 1.435068e+00
9.577042e+01 1.701029e+00 1.422084e+00
9.578042e+01 1.672844e+00 1.409127e+00
9.579042e+01 1.672856e+00 1.396198e+00
9.580042e+01 1.653319e+00 1.383297e+00
9.581042e+01 1.795686e+00 1.370427e+00
9.582042e+01 1.695597e+00 1.357586e+00
9.583042e+01 1.641039e+00 1.344778e+00
9.584042e+01 1.719404e+00 1.332002e+00
9.585041e+01 1.788512e+00 1.319259e+00
9.586041e+01 1.770675e+00 1.306550e+00
9.587041e+01 1.825097e+00 1.293876e+00
9.588041e+01 1.864976e+00 1.281237e+00
9.589041e+01 1.993024e+00 1.268636e+00
9.590041e+01 2.047181e+00 1.256071e+00
9.591041e+01 2.005256e+00 1.243545e+00
9.592041e+01 2.030327e+00 1.231058e+00
9.593041e+01 2.108367e+00 1.218611e+00
9.594041e+01 2.170996e+00 1.206204e+00
9.595040e+01 2.291812e+00 1.193839e+00
9.596040e+01 2.379447e+00 1.181515e+00
9.597040e+01 2.422488e+00 1.169235e+00
9.598040e+01 2.421679e+00 1.156998e+00
9.599040e+01 2.442137e+00 1.144805e+00
9.600040e+01 2.430960e+00 1.132657e+00
9.601040e+01 2.501862e+00 1.120555e+00
9.602040e+01 2.644848e+00 1.108499e+00
9.603040e+01 2.586114e+00 1.096490e+00
9.604040e+01 2.725204e+00 1.084528e+00
9.605039e+01 2.747581e+00 1.072615e+00
9.606039e+01 2.927753e+00 1.060751e+00
9.607039e+01 2.905904e+00 1.048937e+00
9.608039e+01 2.992529e+00 1.037172e+00
9.609039e+01 3.035652e+00 1.025458e+00
9.610039e+01 3.036039e+00 1.013795e+00
9.611039e+01 3.062728e+00 1.002184e+00
9.612039e+01 3.112918e+00 9.906258e-01
9.613039e+01 3.092711e+00 9.791201e-01
9.614039e+01 3.179912e+00 9.676678e-01
9.615038e+01 3.219020e+00 9.562693e-01
9.616038e+01 3.250464e+00 9.449252e-01
9.617038e+01 3.265974e+00 9.336359e-01
9.618038e+01 3.217547e+00 9.224018e-01
9.619038e+01 3.307558e+00 9.112235e-01
9.620038e+01 3.340510e+00 9.001014e-01
9.621038e+01 3.326419e+00 8.890357e-01
9.622038e+01 3.353559e+00 8.780271e-01
9.623038e+01 3.413916e+00 8.670758e-01
9.624038e+01 3.366049e+00 8.561821e-01
9.625037e+01 3.289569e+00 8.453466e-01
9.626037e+01 3.373646e+00 8.345694e-01
9.627037e+01 3.270131e+00 8.238510e-01
9.628037e+01 3.326467e+00 8.131917e-01
9.629037e+01 3.244137e+00 8.025916e-01
9.630037e+01 3.302317e+00 7.920513e-01
9.631037e+01 3.256723e+00 7.815708e-01
9.632037e+01 3.211195e+00 7.711505e-01
9.633037e+01 3.145543e+00 7.607906e-01
9.634037e+01 3.000303e+00 7.504914e-01
9.635036e+01 3.011023e+00 7.402530e-01
9.636036e+01 2.975189e+00 7.300758e-01
9.637036e+01 3.030153e+00 7.199598e-01
9.638036e+01 2.941170e+00 7.099053e-01
9.639036e+01 2.784598e+00 6.999124e-01
9.640036e+01 2.769265e+00 6.899813e-01
9.641036e+01 2.775520e+00 6.801122e-01
9.642036e+01 2.693691e+00 6.703052e-01
9.643036e+01 2.640890e+00 6.605603e-01
9.644036e+01 2.581019e+00 6.508778e-01
9.645035e+01 2.459875e+00 6.412577e-01
9.646035e+01 2.508643e+00 6.317001e-01
9.647035e+01 2.336652e+00 6.222051e-01
9.648035e+01 2.226927e+00 6.127727e-01
9.649035e+01 2.333928e+00 6.034031e-01
9.650035e+01 2.228155e+00 5.940962e-01
9.651035e+01 2.167269e+00 5.848521e-01
9.652035e+01 2.065390e+00 5.756709e-01
9.653035e+01 1.968835e+00 5.665525e-01
9.654035e+01 1.859306e+00 5.574970e-01
9.655034e+01 1.848583e+00 5.485043e-01
9.656034e+01 1.822590e+00 5.395745e-01
9.657034e+01 1.760171e+00 5.307075e-01
9.658034e+01 1.613231e+00 5.219033e-01
9.659034e+01 1.661264e+00 5.131619e-01
9.660034e+01 1.579186e+00 5.044832e-01
9.661034e+01 1.454601e+00 4.958672e-01
9.662034e+01 1.343684e+00 4.873138e-01
9.663034e+01 1.437593e+00 4.788229e-01
9.664034e+01 1.249716e+00 4.703945e-01
9.665033e+01 1.243847e+00 4.620285e-01
9.666033e+01 1.195183e+00 4.537248e-01
9.667033e+01 1.198485e+00 4.454834e-01
9.668033e+01 1.125823e+00 4.373040e-01
9.669033e+01 1.178032e+00 4.291866e-01
9.670033e+01 1.141981e+00 4.211311e-01
9.671033e+01 1.145642e+00 4.131374e-01
9.672033e+01 1.127704e+00 4.052053e-01
9.673033e+01 1.155553e+00 3.973347e-01
9.674033e+01 1.054721e+00 3.895254e-01
9.675032e+01 9.156287e-01 3.817774e-01
9.676032e+01 1.039216e+00 3.740905e-01
9.677032e+01 1.071224e+00 3.664644e-01
9.678032e+01 9.952182e-01 3.588992e-01
9.679032e+01 1.003845e+00 3.513945e-01
9.680032e+01 1.117159e+00 3.439502e-01
9.681032e+01 1.166824e+00 3.365662e-01
9.682032e+01 1.024976e+00 3.292423e-01
9.683032e+01 1.057524e+00 3.219783e-01
9.684032e+01 9.983570e-01 3.147741e-01
9.685031e+01 1.160257e+00 3.076293e-01
9.686031e+01 1.227607e+00 3.005439e-01
9.687031e+01 1.287289e+00 2.935176e-01
9.688031e+01 1.249142e+00 2.865503e-01
9.689031e+01 1.340923e+00 2.796418e-01
9.690031e+01 1.374124e+00 2.727917e-01
9.691031e+01 1.406385e+00 2.660001e-01
9.692031e+01 1.432468e+00 2.592665e-01
9.693031e+01 1.570690e+00 2.525909e-01
9.694031e+01 1.574104e+00 2.459730e-01
9.695030e+01 1.642206e+00 2.394126e-01
9.696030e+01 1.683198e+00 2.329095e-01
9.697030e+01 1.728139e+00 2.264634e-01
9.698030e+01 1.742123e+00 2.200742e-01
9.699030e+01 1.807860e+00 2.137415e-01
9.700030e+01 1.875524e+00 2.074653e-01
9.701030e+01 1.904281e+00 2.012452e-01
9.702030e+01 1.931169e+00 1.950811e-01
9.703030e+01 1.965785e+00 1.889727e-01
9.704030e+01 2.193772e+00 1.829197e-01
9.705029e+01 2.067658e+00 1.769220e-01
9.706029e+01 2.183691e+00 1.709793e-01
9.707029e+01 2.187223e+00 1.650914e-01
9.708029e+01 2.287688e+00 1.592581e-01
9.709029e+01 2.322019e+00 1.534790e-01
9.710029e+01 2.404144e+00 1.477540e-01
9.711029e+01 2.408734e+00 1.420829e-01
9.712029e+01 2.441641e+00 1.364654e-01
9.713029e+01 2.483322e+00 1.309012e-01
9.714029e+01 2.517741e+00 1.253902e-01
9.715028e+01 2.488827e+00 1.199321e-01
9.716028e+01 2.579478e+00 1.145266e-01
9.717028e+01 2.654482e+00 1.091736e-01
9.718028e+01 2.757131e+00 1.038727e-01
9.719028e+01 2.678106e+00 9.862378e-02
9.720028e+01 2.700893e+00 9.342656e-02
9.721028e+01 2.689430e+00 8.828082e-02
9.722028e+01 2.699484e+00 8.318630e-02
9.723028e+01 2.705587e+00 7.814279e-02
9.724028e+01 2.706488e+00 7.315003e-02
9.725027e+01 2.772547e+00 6.820780e-02
9.726027e+01 2.721423e+00 6.331585e-02
9.727027e+01 2.682377e+00 5.847396e-02
9.728027e+01 2.668831e+00 5.368189e-02
9.729027e+01 2.657936e+00 4.893939e-02
9.730027e+01 2.633305e+00 4.424625e-02
9.731027e+01 2.562158e+00 3.960223e-02
9.732027e+01 2.504031e+00 3.500708e-02
9.733027e+01 2.560246e+00 3.046059e-02
9.734027e+01 2.550682e+00 2.596252e-02
9.735026e+01 2.381500e+00 2.151264e-02
9.736026e+01 2.370253e+00 1.711073e-02
9.737026e+01 2.345256e+00 1.275654e-02
9.738026e+01 2.410550e+00 8.449862e-03
9.739026e+01 2.282356e+00 4.190460e-03
9.740026e+01 2.134986e+00 -2.189068e-05
9.741026e+01 2.132481e+00 -4.187415e-03
9.742026e+01 2.150254e+00 -8.306336e-03
9.743026e+01 2.032479e+00 -1.237888e-02
9.744026e+01 1.927219e+00 -1.640526e-02
9.745025e+01 1.804159e+00 -2.038571e-02
9.746025e+01 1.890763e+00 -2.432044e-02
9.747025e+01 1.793650e+00 -2.820968e-02
9.748025e+01 1.672717e+00 -3.205364e-02
9.749025e+01 1.518806e+00 -3.585253e-02
9.750025e+01 1.576510e+00 -3.960658e-02
9.751025e+01 1.509900e+00 -4.331600e-02
9.752025e+01 1.393876e+00 -4.698100e-02
9.753025e+01 1.352932e+00 -5.060179e-02
9.754025e+01 1.294383e+00 -5.417859e-02
9.755024e+01 1.179997e+00 -5.771161e-02
9.756024e+01 1.194938e+00 -6.120105e-02
9.757024e+01 1.145651e+00 -6.464712e-02
9.758024e+01 1.063236e+00 -6.805004e-02
9.759024e+01 9.084424e-01 -7.140999e-02
9.760024e+01 9.180638e-01 -7.472720e-02
9.761024e+01 8.487126e-01 -7.800186e-02
9.762024e+01 8.127714e-01 -8.123417e-02
9.763024e+01 8.078681e-01 -8.442434e-02
9.764024e+01 7.126332e-01 -8.757256e-02
9.765023e+01 6.495418e-01 -9.067904e-02
9.766023e+01 6.674302e-01 -9.374396e-02
9.767023e+01 6.157845e-01 -9.676753e-02
9.768023e+01 5.053117e-01 -9.974994e-02
9.769023e+01 4.445359e-01 -1.026914e-01
9.770023e+01 5.413125e-01 -1.055920e-01
9.771023e+01 4.385182e-01 -1.084521e-01
9.772023e+01 5.033593e-01 -1.112718e-01
9.773023e+01 4.582072e-01 -1.140513e-01
9.774023e+01 3.236575e-01 -1.167908e-01
9.775022e+01 4.073028e-01 -1.194904e-01
9.776022e+01 3.892654e-01 -1.221504e-01
9.777022e+01 3.260548e-01 -1.247709e-01
9.778022e+01 3.898942e-01 -1.273522e-01
9.779022e+01 4.039139e-01 -1.298943e-01
9.780022e+01 5.030527e-01 -1.323976e-01
9.781022e+01 4.992841e-01 -1.348621e-01
9.782022e+01 4.782595e-01 -1.372880e-01
9.783022e+01 4.483404e-01 -1.396755e-01
9.784022e+01 6.106795e-01 -1.420249e-01
9.785021e+01 5.706395e-01 -1.443362e-01
9.786021e+01 5.819846e-01 -1.466096e-01
9.787021e+01 6.172954e-01 -1.488454e-01
9.788021e+01 6.475675e-01 -1.510436e-01
9.789021e+01 6.717658e-01 -1.532045e-01
9.790021e+01 6.913996e-01 -1.553282e-01
9.791021e+01 7.099111e-01 -1.574149e-01
9.792021e+01 7.285316e-01 -1.594648e-01
9.793021e+01 9.078919e-01 -1.614779e-01
9.794021e+01 8.447680e-01 -1.634546e-01
9.795020e+01 1.038947e+00 -1.653949e-01
9.796020e+01 9.130418e-01 -1.672990e-01
9.797020e+01 1.047962e+00 -1.691671e-01
9.798020e+01 1.124434e+00 -1.709994e-01
9.799020e+01 1.202523e+00 -1.727959e-01
9.800020e+01 1.272583e+00 -1.745569e-01
9.801020e+01 1.264910e+00 -1.762824e-01
9.802020e+01 1.389227e+00 -1.779728e-01
9.803020e+01 1.398300e+00 -1.796280e-01
9.804020e+01 1.533164e+00 -1.812484e-01
9.805019e+01 1.525366e+00 -1.828339e-01
9.806019e+01 1.644969e+00 -1.843849e-01
9.807019e+01 1.644849e+00 -1.859013e-01
9.808019e+01 1.639847e+00 -1.873835e-01
9.809019e+01 1.620180e+00 -1.888315e-01
9.810019e+01 1.784756e+00 -1.902454e-01
9.811019e+01 1.900030e+00 -1.916255e-01
9.812019e+01 1.854970e+00 -1.929719e-01
9.813019e+01 1.888770e+00 -1.942846e-01
9.814019e+01 1.917187e+00 -1.955640e-01
9.815018e+01 2.022122e+00 -1.968100e-01
9.816018e+01 1.905811e+00 -1.980229e-01
9.817018e+01 2.009287e+00 -1.992028e-01
9.818018e+01 2.036186e+00 -2.003498e-01
9.819018e+01 2.024282e+00 -2.014641e-01
9.820018e+01 2.051779e+00 -2.025458e-01
9.821018e+01 2.071672e+00 -2.035950e-01
9.822018e+01 2.223374e+00 -2.046120e-01
9.823018e+01 2.137929e+00 -2.055967e-01
9.824018e+01 2.183138e+00 -2.065495e-01
9.825017e+01 2.062491e+00 -2.074703e-01
9.826017e+01 2.114870e+00 -2.083594e-01
9.827017e+01 2.149635e+00 -2.092168e-01
9.828017e+01 2.097774e+00 -2.100427e-01
9.829017e+01 2.037085e+00 -2.108373e-01
9.830017e+01 1.964416e+00 -2.116006e-01
9.831017e+01 1.946626e+00 -2.123329e-01
9.832017e+01 2.072397e+00 -2.130341e-01
9.833017e+01 1.939095e+00 -2.137045e-01
9.834017e+01 1.888287e+00 -2.143442e-01
9.835016e+01 1.836497e+00 -2.149533e-01
9.836016e+01 1.831454e+00 -2.155320e-01
9.837016e+01 1.723371e+00 -2.160803e-01
9.838016e+01 1.699272e+00 -2.165984e-01
9.839016e+01 1.721348e+00 -2.170865e-01
9.840016e+01 1.559082e+00 -2.175446e-01
9.841016e+01 1.544873e+00 -2.179728e-01
9.842016e+01 1.548011e+00 -2.183714e-01
9.843016e+01 1.382924e+00 -2.187403e-01
9.844016e+01 1.297933e+00 -2.190799e-01
9.845015e+01 1.307598e+00 -2.193900e-01
9.846015e+01 1.175513e+00 -2.196710e-01
9.847015e+01 1.200250e+00 -2.199228e-01
9.848015e+01 1.089161e+00 -2.201457e-01
9.849015e+01 1.001440e+00 -2.203398e-01
9.850015e+01 9.284976e-01 -2.205051e-01
9.851015e+01 8.484091e-01 -2.206417e-01
9.852015e+01 7.671271e-01 -2.207499e-01
9.853015e+01 7.038347e-01 -2.208297e-01
9.854015e+01 7.865027e-01 -2.208812e-01
9.855014e+01 6.626865e-01 -2.209046e-01
9.856014e+01 5.633778e-01 -2.209000e-01
9.857014e+01 4.883531e-01 -2.208674e-01
9.858014e+01 4.891233e-01 -2.208070e-01
9.859014e+01 3.494845e-01 -2.207190e-01
9.860014e+01 3.444273e-01 -2.206033e-01
9.861014e+01 1.681673e-01 -2.204603e-01
9.862014e+01 6.683638e-02 -2.202898e-01
9.863014e+01 2.101243e-01 -2.200922e-01
9.864014e+01 6.830277e-02 -2.198674e-01
9.865013e+01 4.255920e-02 -2.196156e-01
9.866013e+01 3.793420e-02 -2.193369e-01
9.867013e+01 -4.380403e-02 -2.190314e-01
9.868013e+01 -7.837327e-02 -2.186993e-01
9.869013e+01 -8.065860e-02 -2.183406e-01
9.870013e+01 -3.144920e-02 -2.179554e-01
9.871013e+01 -1.336156e-01 -2.175439e-01
9.872013e+01 -2.457449e-01 -2.171062e-01
9.873013e+01 -2.720714e-01 -2.166423e-01
9.874013e+01 -2.247885e-01 -2.161524e-01
9.875012e+01 -2.714607e-01 -2.156366e-01
9.876012e+01 -1.930043e-01 -2.150950e-01
9.877012e+01 -2.977695e-01 -2.145278e-01
9.878012e+01 -1.840610e-01 -2.139349e-01
9.879012e+01 -1.331608e-01 -2.133165e-01
9.880012e+01 -1.094964e-01 -2.126728e-01
9.881012e+01 -2.342036e-01 -2.120038e-01
9.882012e+01 -2.033724e-01 -2.113097e-01
9.883012e+01 -2.314523e-01 -2.105905e-01
9.884012e+01 -9.198625e-02 -2.098464e-01
9.885011e+01 -9.631577e-02 -2.090774e-01
9.886011e+01 -6.557139e-02 -2.082837e-01
9.887011e+01 2.036930e-02 -2.074653e-01
9.888011e+01 1.927041e-02 -2.066224e-01
9.889011e+01 1.131850e-01 -2.057551e-01
9.890011e+01 1.021775e-01 -2.048635e-01
9.891011e+01 1.733787e-01 -2.039477e-01
9.892011e+01 1.738420e-01 -2.030077e-01
9.893011e+01 2.560582e-01 -2.020438e-01
9.894011e+01 3.030412e-01 -2.010559e-01
9.895010e+01 4.264543e-01 -2.000443e-01
9.896010e+01 3.650306e-01 -1.990089e-01
9.897010e+01 4.123523e-01 -1.979500e-01
9.898010e+01 5.437018e-01 -1.968675e-01
9.899010e+01 5.456891e-01 -1.957617e-01
9.900010e+01 7.211652e-01 -1.946326e-01
9.901010e+01 7.499791e-01 -1.934802e-01
9.902010e+01 6.937181e-01 -1.923048e-01
9.903010e+01 8.400395e-01 -1.911064e-01
9.904010e+01 8.193380e-01 -1.898852e-01
9.905009e+01 9.226618e-01 -1.886411e-01
9.906009e+01 9.356566e-01 -1.873744e-01
9.907009e+01 1.173188e+00 -1.860851e-01
9.908009e+01 1.099731e+00 -1.847733e-01
9.909009e+01 1.088174e+00 -1.834391e-01
9.910009e+01 1.176755e+00 -1.820827e-01
9.911009e+01 1.193507e+00 -1.807041e-01
9.912009e+01 1.250991e+00 -1.793034e-01
9.913009e+01 1.255210e+00 -1.778807e-01
9.914009e+01 1.269644e+00 -1.764361e-01
9.915008e+01 1.337229e+00 -1.749698e-01
9.916008e+01 1.396567e+00 -1.734818e-01
9.917008e+01 1.441789e+00 -1.719722e-01
9.918008e+01 1.476949e+00 -1.704412e-01
9.919008e+01 1.499780e+00 -1.688888e-01
9.920008e+01 1.436392e+00 -1.673150e-01
9.921008e+01 1.443455e+00 -1.657202e-01
9.922008e+01 1.403590e+00 -1.641042e-01
9.923008e+01 1.466938e+00 -1.624672e-01
9.924008e+01 1.392949e+00 -1.608094e-01
9.925007e+01 1.575676e+00 -1.591308e-01
9.926007e+01 1.439578e+00 -1.574315e-01
9.927007e+01 1.505649e+00 -1.557117e-01
9.928007e+01 1.418869e+00 -1.539713e-01
9.929007e+01 1.417840e+00 -1.522106e-01
9.930007e+01 1.462673e+00 -1.504296e-01
9.931007e+01 1.368576e+00 -1.486284e-01
9.932007e+01 1.343230e+00 -1.468071e-01
9.933007e+01 1.298252e+00 -1.449658e-01
9.934007e+01 1.217818e+00 -1.431046e-01
9.935006e+01 1.270022e+00 -1.412237e-01
9.936006e+01 1.150743e+00 -1.393230e-01
9.937006e+01 1.104934e+00 -1.374028e-01
9.938006e+01 1.072422e+00 -1.354630e-01
9.939006e+01 1.044940e+00 -1.335039e-01
9.940006e+01 1.011535e+00 -1.315255e-01
9.941006e+01 8.805752e-01 -1.295278e-01
9.942006e+01 8.263186e-01 -1.275111e-01
9.943006e+01 8.204151e-01 -1.254754e-01
9.944006e+01 6.525106e-01 -1.234207e-01
9.945005e+01 6.354555e-01 -1.213473e-01
9.946005e+01 6.522992e-01 -1.192552e-01
9.947005e+01 5.099759e-01 -1.171444e-01
9.948005e+01 5.442912e-01 -1.150152e-01
9.949005e+01 2.680124e-01 -1.128675e-01
9.950005e+01 3.339528e-01 -1.107015e-01
9.951005e+01 2.572891e-01 -1.085174e-01
9.952005e+01 1.242388e-01 -1.063151e-01
9.953005e+01 8.000067e-02 -1.040948e-01
9.954005e+01 9.308248e-02 -1.018565e-01
9.955004e+01 -2.227004e-02 -9.960051e-02
9.956004e+01 -1.310710e-01 -9.732675e-02
9.957004e+01 -1.115070e-01 -9.503538e-02
9.958004e+01 -1.213013e-01 -9.272649e-02
9.959004e+01 -1.766480e-01 -9.040017e-02
9.960004e+01 -3.525888e-01 -8.805654e-02
9.961004e+01 -3.925286e-01 -8.569568e-02
9.962004e+01 -4.642749e-01 -8.331770e-02
9.963004e+01 -4.793500e-01 -8.092269e-02
9.964004e+01 -5.607242e-01 -7.851075e-02
9.965003e+01 -6.136739e-01 -7.608199e-02
9.966003e+01 -6.436486e-01 -7.363650e-02
9.967003e+01 -7.451028e-01 -7.117437e-02
9.968003e+01 -7.441122e-01 -6.869572e-02
9.969003e+01 -7.844401e-01 -6.620064e-02
9.970003e+01 -8.366439e-01 -6.368922e-02
9.971003e+01 -7.386083e-01 -6.116157e-02
9.972003e+01 -7.741313e-01 -5.861779e-02
9.973003e+01 -7.724077e-01 -5.605797e-02
9.974003e+01 -9.169086e-01 -5.348222e-02
9.975002e+01 -6.902652e-01 -5.089062e-02
9.976002e+01 -8.033053e-01 -4.828329e-02
9.977002e+01 -9.113626e-01 -4.566033e-02
9.978002e+01 -8.484735e-01 -4.302182e-02
9.979002e+01 -7.938061e-01 -4.036787e-02
9.980002e+01 -8.876628e-01 -3.769859e-02
9.981002e+01 -8.633352e-01 -3.501406e-02
9.982002e+01 -8.017986e-01 -3.231439e-02
9.983002e+01 -8.222688e-01 -2.959968e-02
9.984002e+01 -7.885706e-01 -2.687002e-02
9.985001e+01 -6.707526e-01 -2.412552e-02
9.986001e+01 -7.099653e-01 -2.136628e-02
9.987001e+01 -5.517916e-01 -1.859239e-02
9.988001e+01 -5.888896e-01 -1.580396e-02
9.989001e+01 -5.312336e-01 -1.300108e-02
9.990001e+01 -4.353491e-01 -1.018386e-02
9.991001e+01 -4.333241e-01 -7.352386e-03
9.992001e+01 -3.514276e-01 -4.506767e-03
9.993001e+01 -4.085160e-01 -1.647100e-03
9.994001e+01 -3.423582e-01 1.226514e-03
9.995000e+01 -2.859765e-01 4.113977e-03
9.996000e+01 -2.952107e-01 7.015190e-03
9.997000e+01 -1.624587e-01 9.930051e-03
9.998000e+01 -1.469297e-01 1.285846e-02
9.999000e+01 -3.301084e-02 1.580033e-02
1.000000e+02 4.522404e-02 1.875554e-02
