0.000000e+00 2.419679e-02 8.000994e-02
9.999000e-03 1.261587e-01 9.102712e-02
1.999800e-02 1.037274e-01 1.020071e-01
2.999700e-02 1.654955e-01 1.129497e-01
3.999600e-02 2.086609e-01 1.238545e-01
4.999500e-02 3.161541e-01 1.347211e-01
5.999400e-02 3.698434e-01 1.455493e-01
6.999300e-02 3.000595e-01 1.563388e-01
7.999200e-02 4.637876e-01 1.670893e-01
8.999100e-02 5.156119e-01 1.778003e-01
9.999000e-02 5.787252e-01 1.884717e-01
1.099890e-01 5.528901e-01 1.991031e-01
1.199880e-01 6.606059e-01 2.096943e-01
1.299870e-01 6.137692e-01 2.202448e-01
1.399860e-01 5.673742e-01 2.307545e-01
1.499850e-01 6.484861e-01 2.412230e-01
1.599840e-01 6.792123e-01 2.516501e-01
1.699830e-01 7.670455e-01 2.620354e-01
1.799820e-01 7.501460e-01 2.723787e-01
1.899810e-01 8.090634e-01 2.826797e-01
1.999800e-01 7.972984e-01 2.929381e-01
2.099790e-01 7.909436e-01 3.031537e-01
2.199780e-01 8.289377e-01 3.133261e-01
2.299770e-01 9.345219e-01 3.234550e-01
2.399760e-01 8.275211e-01 3.335403e-01
2.499750e-01 8.262814e-01 3.435817e-01
2.599740e-01 7.853285e-01 3.535788e-01
2.699730e-01 7.933993e-01 3.635315e-01
2.799720e-01 8.205931e-01 3.734394e-01
2.899710e-01 7.851543e-01 3.833024e-01
2.999700e-01 7.743732e-01 3.931201e-01
3.099690e-01 7.589383e-01 4.028924e-01
3.199680e-01 7.498299e-01 4.126189e-01
3.299670e-01 6.231426e-01 4.222994e-01
3.399660e-01 7.108390e-01 4.319338e-01
3.499650e-01 5.208295e-01 4.415217e-01
3.599640e-01 5.756378e-01 4.510629e-01
3.699630e-01 4.737679e-01 4.605572e-01
3.799620e-01 3.187390e-01 4.700043e-01
3.899610e-01 4.285824e-01 4.794041e-01
3.999600e-01 3.021131e-01 4.887563e-01
4.099590e-01 3.058711e-01 4.980606e-01
4.199580e-01 1.998285e-01 5.073170e-01
4.299570e-01 1.523875e-01 5.165250e-01
4.399560e-01 7.358751e-03 5.256847e-01
4.499550e-01 1.329734e-02 5.347956e-01
4.599540e-01 3.067176e-03 5.438577e-01
4.699530e-01 -1.556390e-01 5.528707e-01
4.799520e-01 -1.712141e-01 5.618344e-01
4.899510e-01 -3.018820e-01 5.707486e-01
4.999500e-01 -3.880936e-01 5.796131e-01
5.099490e-01 -3.579985e-01 5.884278e-01
5.199480e-01 -3.557042e-01 5.971924e-01
5.299470e-01 -4.698981e-01 6.059067e-01
5.399460e-01 -7.150448e-01 6.145707e-01
5.499450e-01 -7.138774e-01 6.231839e-01
5.599440e-01 -6.529526e-01 6.317464e-01
5.699430e-01 -8.439056e-01 6.402579e-01
5.799420e-01 -7.293220e-01 6.487183e-01
5.899410e-01 -1.010038e+00 6.571273e-01
5.999400e-01 -9.970509e-01 6.654849e-01
6.099390e-01 -9.744972e-01 6.737907e-01
6.199380e-01 -1.013190e+00 6.820448e-01
6.299370e-01 -1.100696e+00 6.902468e-01
6.399360e-01 -1.103284e+00 6.983967e-01
6.499350e-01 -1.228956e+00 7.064943e-01
6.599340e-01 -1.250051e+00 7.145394e-01
6.699330e-01 -1.292396e+00 7.225319e-01
6.799320e-01 -1.370455e+00 7.304716e-01
6.899310e-01 -1.389981e+00 7.383585e-01
6.999300e-01 -1.404932e+00 7.461922e-01
7.099290e-01 -1.429975e+00 7.539728e-01
7.199280e-01 -1.452451e+00 7.617000e-01
7.299270e-01 -1.452717e+00 7.693737e-01
7.399260e-01 -1.554564e+00 7.769938e-01
7.499250e-01 -1.410666e+00 7.845601e-01
7.599240e-01 -1.393575e+00 7.920726e-01
7.699230e-01 -1.462716e+00 7.995311e-01
7.799220e-01 -1.426310e+00 8.069354e-01
7.899210e-01 -1.480471e+00 8.142854e-01
7.999200e-01 -1.517089e+00 8.215810e-01
8.099190e-01 -1.464960e+00 8.288222e-01
8.199180e-01 -1.394547e+00 8.360087e-01
8.299170e-01 -1.417026e+00 8.431404e-01
8.399160e-01 -1.420321e+00 8.502173e-01
8.499150e-01 -1.370582e+00 8.572392e-01
8.599140e-01 -1.390333e+00 8.642060e-01
8.699130e-01 -1.201822e+00 8.711177e-01
8.799120e-01 -1.268460e+00 8.779740e-01
8.899110e-01 -1.191119e+00 8.847749e-01
8.999100e-01 -1.147803e+00 8.915203e-01
9.099090e-01 -1.141985e+00 8.982101e-01
9.199080e-01 -1.118805e+00 9.048442e-01
9.299070e-01 -9.151604e-01 9.114224e-01
9.399060e-01 -9.232907e-01 9.179448e-01
9.499050e-01 -8.623419e-01 9.244111e-01
9.599040e-01 -8.537099e-01 9.308214e-01
9.699030e-01 -7.644842e-01 9.371755e-01
9.799020e-01 -7.083242e-01 9.434733e-01
9.899010e-01 -6.682563e-01 9.497147e-01
9.999000e-01 -6.469159e-01 9.558997e-01
1.009899e+00 -5.748636e-01 9.620282e-01
1.019898e+00 -4.797273e-01 9.681001e-01
1.029897e+00 -4.215998e-01 9.741152e-01
1.039896e+00 -3.617513e-01 9.800736e-01
1.049895e+00 -3.831293e-01 9.859751e-01
1.059894e+00 -3.631584e-01 9.918197e-01
1.069893e+00 -2.874329e-01 9.976073e-01
1.079892e+00 -7.338748e-02 1.003338e+00
1.089891e+00 -1.366600e-01 1.009011e+00
1.099890e+00 4.035809e-02 1.014627e+00
1.109889e+00 2.919011e-03 1.020186e+00
1.119888e+00 -7.308747e-02 1.025688e+00
1.129887e+00 2.824882e-02 1.031132e+00
1.139886e+00 4.127829e-02 1.036518e+00
1.149885e+00 1.710072e-01 1.041847e+00
1.159884e+00 1.616189e-01 1.047119e+00
1.169883e+00 1.653997e-01 1.052332e+00
1.179882e+00 1.717234e-01 1.057488e+00
1.189881e+00 1.201361e-01 1.062586e+00
1.199880e+00 1.579712e-01 1.067627e+00
1.209879e+00 1.947731e-01 1.072609e+00
1.219878e+00 1.064767e-01 1.077533e+00
1.229877e+00 2.973987e-01 1.082400e+00
1.239876e+00 2.955740e-01 1.087208e+00
1.249875e+00 2.000224e-01 1.091958e+00
1.259874e+00 2.978172e-01 1.096650e+00
1.269873e+00 2.411667e-01 1.101283e+00
1.279872e+00 2.116970e-01 1.105859e+00
1.289871e+00 1.568736e-01 1.110376e+00
1.299870e+00 7.482114e-02 1.114834e+00
1.309869e+00 3.700578e-02 1.119234e+00
1.319868e+00 8.500839e-02 1.123576e+00
1.329867e+00 4.705351e-02 1.127859e+00
1.339866e+00 3.031973e-02 1.132083e+00
1.349865e+00 -9.207102e-03 1.136249e+00
1.359864e+00 -8.910300e-02 1.140356e+00
1.369863e+00 -8.145027e-02 1.144404e+00
1.379862e+00 -2.208485e-01 1.148394e+00
1.389861e+00 -1.901012e-01 1.152325e+00
1.399860e+00 -3.007923e-01 1.156196e+00
1.409859e+00 -3.361965e-01 1.160009e+00
1.419858e+00 -4.122073e-01 1.163763e+00
1.429857e+00 -4.165488e-01 1.167458e+00
1.439856e+00 -5.378310e-01 1.171094e+00
1.449855e+00 -6.055644e-01 1.174671e+00
1.459854e+00 -6.809650e-01 1.178189e+00
1.469853e+00 -7.373730e-01 1.181648e+00
1.479852e+00 -7.280603e-01 1.185047e+00
1.489851e+00 -8.395685e-01 1.188387e+00
1.499850e+00 -8.814037e-01 1.191668e+00
1.509849e+00 -1.036661e+00 1.194890e+00
1.519848e+00 -1.010753e+00 1.198052e+00
1.529847e+00 -1.127648e+00 1.201155e+00
1.539846e+00 -1.209222e+00 1.204199e+00
1.549845e+00 -1.376328e+00 1.207183e+00
1.559844e+00 -1.263274e+00 1.210108e+00
1.569843e+00 -1.401380e+00 1.212973e+00
1.579842e+00 -1.458594e+00 1.215778e+00
1.589841e+00 -1.476246e+00 1.218524e+00
1.599840e+00 -1.633103e+00 1.221210e+00
1.609839e+00 -1.587784e+00 1.223837e+00
1.619838e+00 -1.711269e+00 1.226404e+00
1.629837e+00 -1.755616e+00 1.228911e+00
1.639836e+00 -1.752009e+00 1.231359e+00
1.649835e+00 -1.854356e+00 1.233747e+00
1.659834e+00 -1.812993e+00 1.236075e+00
1.669833e+00 -1.907056e+00 1.238343e+00
1.679832e+00 -1.981789e+00 1.240551e+00
1.689831e+00 -2.072009e+00 1.242699e+00
1.699830e+00 -2.050191e+00 1.244788e+00
1.709829e+00 -2.087804e+00 1.246816e+00
1.719828e+00 -2.094418e+00 1.248785e+00
1.729827e+00 -2.082020e+00 1.250693e+00
1.739826e+00 -2.117810e+00 1.252542e+00
1.749825e+00 -2.030537e+00 1.254330e+00
1.759824e+00 -2.158337e+00 1.256058e+00
1.769823e+00 -2.101617e+00 1.257726e+00
1.779822e+00 -2.151555e+00 1.259334e+00
1.789821e+00 -2.149502e+00 1.260882e+00
1.799820e+00 -2.169416e+00 1.262369e+00
1.809819e+00 -2.031738e+00 1.263796e+00
1.819818e+00 -2.117091e+00 1.265163e+00
1.829817e+00 -2.021603e+00 1.266470e+00
1.839816e+00 -2.059234e+00 1.267716e+00
1.849815e+00 -1.959636e+00 1.268902e+00
1.859814e+00 -1.887463e+00 1.270028e+00
1.869813e+00 -1.876034e+00 1.271093e+00
1.879812e+00 -1.876361e+00 1.272097e+00
1.889811e+00 -1.834279e+00 1.273042e+00
1.899810e+00 -1.738810e+00 1.273925e+00
1.909809e+00 -1.708304e+00 1.274749e+00
1.919808e+00 -1.690312e+00 1.275512e+00
1.929807e+00 -1.606800e+00 1.276214e+00
1.939806e+00 -1.621623e+00 1.276855e+00
1.949805e+00 -1.524196e+00 1.277437e+00
1.959804e+00 -1.471180e+00 1.277957e+00
1.969803e+00 -1.393616e+00 1.278417e+00
1.979802e+00 -1.311107e+00 1.278816e+00
1.989801e+00 -1.286412e+00 1.279155e+00
1.999800e+00 -1.261158e+00 1.279433e+00
2.009799e+00 -1.115264e+00 1.279650e+00
2.019798e+00 -1.100753e+00 1.279806e+00
2.029797e+00 -1.112944e+00 1.279902e+00
2.039796e+00 -1.052315e+00 1.279937e+00
2.049795e+00 -1.044961e+00 1.279911e+00
2.059794e+00 -8.330889e-01 1.279825e+00
2.069793e+00 -8.892290e-01 1.279677e+00
2.079792e+00 -8.558405e-01 1.279469e+00
2.089791e+00 -8.128074e-01 1.279200e+00
2.099790e+00 -6.539587e-01 1.278871e+00
2.109789e+00 -7.118180e-01 1.278480e+00
2.119788e+00 -5.069535e-01 1.278029e+00
2.129787e+00 -5.979809e-01 1.277517e+00
2.139786e+00 -6.459289e-01 1.276944e+00
2.149785e+00 -5.544411e-01 1.276310e+00
2.159784e+00 -5.412452e-01 1.275615e+00
2.169783e+00 -4.459371e-01 1.274860e+00
2.179782e+00 -4.962792e-01 1.274043e+00
2.189781e+00 -4.782680e-01 1.273166e+00
2.199780e+00 -4.216457e-01 1.272228e+00
2.209779e+00 -4.976647e-01 1.271229e+00
2.219778e+00 -3.804944e-01 1.270170e+00
2.229777e+00 -3.297609e-01 1.269049e+00
2.239776e+00 -3.454147e-01 1.267868e+00
2.249775e+00 -4.104991e-01 1.266626e+00
2.259774e+00 -4.348755e-01 1.265323e+00
2.269773e+00 -3.959056e-01 1.263959e+00
2.279772e+00 -4.820065e-01 1.262535e+00
2.289771e+00 -4.671227e-01 1.261050e+00
2.299770e+00 -4.848721e-01 1.259504e+00
2.309769e+00 -6.239154e-01 1.257898e+00
2.319768e+00 -6.082780e-01 1.256231e+00
2.329767e+00 -5.334368e-01 1.254503e+00
2.339766e+00 -6.539015e-01 1.252715e+00
2.349765e+00 -5.946889e-01 1.250866e+00
2.359764e+00 -7.206009e-01 1.248957e+00
2.369763e+00 -5.920642e-01 1.246987e+00
2.379762e+00 -7.831166e-01 1.244957e+00
2.389761e+00 -8.313341e-01 1.242866e+00
2.399760e+00 -9.012513e-01 1.240715e+00
2.409759e+00 -9.234722e-01 1.238504e+00
2.419758e+00 -1.005084e+00 1.236232e+00
2.429757e+00 -1.160554e+00 1.233901e+00
2.439756e+00 -1.154228e+00 1.231509e+00
2.449755e+00 -1.144286e+00 1.229057e+00
2.459754e+00 -1.355164e+00 1.226545e+00
2.469753e+00 -1.350203e+00 1.223973e+00
2.479752e+00 -1.409908e+00 1.221341e+00
2.489751e+00 -1.509200e+00 1.218650e+00
2.499750e+00 -1.541301e+00 1.215899e+00
2.509749e+00 -1.630191e+00 1.213088e+00
2.519748e+00 -1.718299e+00 1.210217e+00
2.529747e+00 -1.710660e+00 1.207288e+00
2.539746e+00 -1.818312e+00 1.204298e+00
2.549745e+00 -1.882630e+00 1.201250e+00
2.559744e+00 -1.940069e+00 1.198142e+00
2.569743e+00 -1.990501e+00 1.194976e+00
2.579742e+00 -2.027935e+00 1.191750e+00
2.589741e+00 -2.085974e+00 1.188466e+00
2.599740e+00 -2.175792e+00 1.185122e+00
2.609739e+00 -2.265844e+00 1.181721e+00
2.619738e+00 -2.289235e+00 1.178261e+00
2.629737e+00 -2.242509e+00 1.174742e+00
2.639736e+00 -2.401454e+00 1.171165e+00
2.649735e+00 -2.401725e+00 1.167530e+00
2.659734e+00 -2.582235e+00 1.163838e+00
2.669733e+00 -2.541264e+00 1.160087e+00
2.679732e+00 -2.583982e+00 1.156279e+00
2.689731e+00 -2.559286e+00 1.152414e+00
2.699730e+00 -2.595843e+00 1.148491e+00
2.709729e+00 -2.595515e+00 1.144511e+00
2.719728e+00 -2.703661e+00 1.140475e+00
2.729727e+00 -2.679419e+00 1.136381e+00
2.739726e+00 -2.735001e+00 1.132231e+00
2.749725e+00 -2.721194e+00 1.128025e+00
2.759724e+00 -2.797695e+00 1.123763e+00
2.769723e+00 -2.803922e+00 1.119444e+00
2.779722e+00 -2.679889e+00 1.115070e+00
2.789721e+00 -2.756601e+00 1.110640e+00
2.799720e+00 -2.693073e+00 1.106156e+00
2.809719e+00 -2.734367e+00 1.101616e+00
2.819718e+00 -2.649002e+00 1.097021e+00
2.829717e+00 -2.648145e+00 1.092371e+00
2.839716e+00 -2.690727e+00 1.087668e+00
2.849715e+00 -2.629995e+00 1.082910e+00
2.859714e+00 -2.571574e+00 1.078099e+00
2.869713e+00 -2.575417e+00 1.073233e+00
2.879712e+00 -2.507975e+00 1.068315e+00
2.889711e+00 -2.503651e+00 1.063344e+00
2.899710e+00 -2.451908e+00 1.058320e+00
2.909709e+00 -2.368827e+00 1.053243e+00
2.919708e+00 -2.240753e+00 1.048115e+00
2.929707e+00 -2.290424e+00 1.042935e+00
2.939706e+00 -2.197991e+00 1.037703e+00
2.949705e+00 -2.126503e+00 1.032420e+00
2.959704e+00 -2.184466e+00 1.027086e+00
2.969703e+00 -2.014592e+00 1.021702e+00
2.979702e+00 -2.004782e+00 1.016268e+00
2.989701e+00 -2.003551e+00 1.010784e+00
2.999700e+00 -1.867486e+00 1.005250e+00
3.009699e+00 -1.800227e+00 9.996677e-01
3.019698e+00 -1.810012e+00 9.940364e-01
3.029697e+00 -1.682676e+00 9.883569e-01
3.039696e+00 -1.630642e+00 9.826294e-01
3.049695e+00 -1.600384e+00 9.768544e-01
3.059694e+00 -1.529874e+00 9.710322e-01
3.069693e+00 -1.517723e+00 9.651634e-01
3.079692e+00 -1.395564e+00 9.592482e-01
3.089691e+00 -1.388330e+00 9.532872e-01
3.099690e+00 -1.345890e+00 9.472807e-01
3.109689e+00 -1.288327e+00 9.412292e-01
3.119688e+00 -1.246046e+00 9.351331e-01
3.129687e+00 -1.310801e+00 9.289930e-01
3.139686e+00 -1.211539e+00 9.228091e-01
3.149685e+00 -1.166874e+00 9.165821e-01
3.159684e+00 -1.207302e+00 9.103124e-01
3.169683e+00 -1.105699e+00 9.040004e-01
3.179682e+00 -1.100214e+00 8.976467e-01
3.189681e+00 -1.097194e+00 8.912518e-01
3.199680e+00 -1.088877e+00 8.848161e-01
3.209679e+00 -9.854201e-01 8.783401e-01
3.219678e+00 -9.713297e-01 8.718244e-01
3.229677e+00 -1.080558e+00 8.652695e-01
3.239676e+00 -9.763902e-01 8.586760e-01
3.249675e+00 -1.124491e+00 8.520443e-01
3.259674e+00 -1.078288e+00 8.453750e-01
3.269673e+00 -1.045346e+00 8.386686e-01
3.279672e+00 -1.038280e+00 8.319258e-01
3.289671e+00 -1.049343e+00 8.251470e-01
3.299670e+00 -1.077291e+00 8.183328e-01
3.309669e+00 -1.105816e+00 8.114838e-01
3.319668e+00 -1.154428e+00 8.046007e-01
3.329667e+00 -1.226893e+00 7.976839e-01
3.339666e+00 -1.207267e+00 7.907340e-01
3.349665e+00 -1.357450e+00 7.837518e-01
3.359664e+00 -1.338507e+00 7.767376e-01
3.369663e+00 -1.313284e+00 7.696923e-01
3.379662e+00 -1.419419e+00 7.626163e-01
3.389661e+00 -1.551238e+00 7.555103e-01
3.399660e+00 -1.537012e+00 7.483750e-01
3.409659e+00 -1.668800e+00 7.412109e-01
3.419658e+00 -1.654271e+00 7.340187e-01
3.429657e+00 -1.691899e+00 7.267990e-01
3.439656e+00 -1.768195e+00 7.195525e-01
3.449655e+00 -1.807935e+00 7.122798e-01
3.459654e+00 -1.915803e+00 7.049815e-01
3.469653e+00 -1.950990e+00 6.976584e-01
3.479652e+00 -2.091150e+00 6.903110e-01
3.489651e+00 -2.084062e+00 6.829401e-01
3.499650e+00 -2.110325e+00 6.755462e-01
3.509649e+00 -2.234322e+00 6.681302e-01
3.519648e+00 -2.342052e+00 6.606926e-01
3.529647e+00 -2.399673e+00 6.532341e-01
3.539646e+00 -2.448190e+00 6.457554e-01
3.549645e+00 -2.516281e+00 6.382571e-01
3.559644e+00 -2.563332e+00 6.307401e-01
3.569643e+00 -2.663066e+00 6.232048e-01
3.579642e+00 -2.791323e+00 6.156521e-01
3.589641e+00 -2.755080e+00 6.080826e-01
3.599640e+00 -2.781631e+00 6.004970e-01
3.609639e+00 -2.809622e+00 5.928960e-01
3.619638e+00 -2.920788e+00 5.852803e-01
3.629637e+00 -2.963821e+00 5.776506e-01
3.639636e+00 -2.997283e+00 5.700075e-01
3.649635e+00 -3.077200e+00 5.623518e-01
3.659634e+00 -3.187487e+00 5.546842e-01
3.669633e+00 -3.145320e+00 5.470053e-01
3.679632e+00 -3.263546e+00 5.393159e-01
3.689631e+00 -3.200093e+00 5.316166e-01
3.699630e+00 -3.394057e+00 5.239081e-01
3.709629e+00 -3.298684e+00 5.161912e-01
3.719628e+00 -3.330153e+00 5.084665e-01
3.729627e+00 -3.261397e+00 5.007347e-01
3.739626e+00 -3.276767e+00 4.929965e-01
3.749625e+00 -3.340291e+00 4.852526e-01
3.759624e+00 -3.200095e+00 4.775037e-01
3.769623e+00 -3.268948e+00 4.697504e-01
3.779622e+00 -3.372980e+00 4.619934e-01
3.789621e+00 -3.317802e+00 4.542335e-01
3.799620e+00 -3.344435e+00 4.464712e-01
3.809619e+00 -3.263998e+00 4.387074e-01
3.819618e+00 -3.258023e+00 4.309425e-01
3.829617e+00 -3.283469e+00 4.231773e-01
3.839616e+00 -3.226428e+00 4.154125e-01
3.849615e+00 -3.238308e+00 4.076488e-01
3.859614e+00 -3.121378e+00 3.998867e-01
3.869613e+00 -3.202664e+00 3.921269e-01
3.879612e+00 -3.152267e+00 3.843701e-01
3.889611e+00 -3.061528e+00 3.766168e-01
3.899610e+00 -3.006062e+00 3.688679e-01
3.909609e+00 -3.010768e+00 3.611238e-01
3.919608e+00 -2.858790e+00 3.533853e-01
3.929607e+00 -2.905565e+00 3.456528e-01
3.939606e+00 -2.802284e+00 3.379271e-01
3.949605e+00 -2.756189e+00 3.302088e-01
3.959604e+00 -2.639389e+00 3.224984e-01
3.969603e+00 -2.599679e+00 3.147966e-01
3.979602e+00 -2.589167e+00 3.071039e-01
3.989601e+00 -2.552054e+00 2.994210e-01
3.999600e+00 -2.486960e+00 2.917484e-01
4.009599e+00 -2.535089e+00 2.840867e-01
4.019598e+00 -2.429619e+00 2.764365e-01
4.029597e+00 -2.295880e+00 2.687983e-01
4.039596e+00 -2.212700e+00 2.611726e-01
4.049595e+00 -2.251293e+00 2.535601e-01
4.059594e+00 -2.212013e+00 2.459612e-01
4.069593e+00 -2.143013e+00 2.383766e-01
4.079592e+00 -2.023546e+00 2.308066e-01
4.089591e+00 -2.063042e+00 2.232519e-01
4.099590e+00 -1.959515e+00 2.157129e-01
4.109589e+00 -1.932354e+00 2.081902e-01
4.119588e+00 -1.912171e+00 2.006842e-01
4.129587e+00 -1.845907e+00 1.931954e-01
4.139586e+00 -1.842957e+00 1.857243e-01
4.149585e+00 -1.746340e+00 1.782714e-01
4.159584e+00 -1.769229e+00 1.708371e-01
4.169583e+00 -1.668146e+00 1.634219e-01
4.179582e+00 -1.696978e+00 1.560262e-01
4.189581e+00 -1.556177e+00 1.486504e-01
4.199580e+00 -1.633831e+00 1.412951e-01
4.209579e+00 -1.646779e+00 1.339606e-01
4.219578e+00 -1.719029e+00 1.266473e-01
4.229577e+00 -1.592223e+00 1.193556e-01
4.239576e+00 -1.612348e+00 1.120859e-01
4.249575e+00 -1.680722e+00 1.048386e-01
4.259574e+00 -1.638223e+00 9.761405e-02
4.269573e+00 -1.548968e+00 9.041267e-02
4.279572e+00 -1.776903e+00 8.323479e-02
4.289571e+00 -1.850784e+00 7.608075e-02
4.299570e+00 -1.731542e+00 6.895091e-02
4.309569e+00 -1.735233e+00 6.184558e-02
4.319568e+00 -1.646561e+00 5.476509e-02
4.329567e+00 -1.790696e+00 4.770977e-02
4.339566e+00 -1.829699e+00 4.067991e-02
4.349565e+00 -1.893777e+00 3.367581e-02
4.359564e+00 -1.991671e+00 2.669776e-02
4.369563e+00 -1.988740e+00 1.974605e-02
4.379562e+00 -2.035239e+00 1.282093e-02
4.389561e+00 -2.096216e+00 5.922681e-03
4.399560e+00 -2.148591e+00 -9.484500e-04
4.409559e+00 -2.268158e+00 -7.792215e-03
4.419558e+00 -2.210006e+00 -1.460838e-02
4.429557e+00 -2.326243e+00 -2.139671e-02
4.439556e+00 -2.437267e+00 -2.815699e-02
4.449555e+00 -2.412743e+00 -3.488900e-02
4.459554e+00 -2.470872e+00 -4.159255e-02
4.469553e+00 -2.578870e+00 -4.826743e-02
4.479552e+00 -2.640353e+00 -5.491347e-02
4.489551e+00 -2.752004e+00 -6.153047e-02
4.499550e+00 -2.849768e+00 -6.811826e-02
4.509549e+00 -2.890146e+00 -7.467669e-02
4.519548e+00 -2.876289e+00 -8.120560e-02
4.529547e+00 -2.996003e+00 -8.770483e-02
4.539546e+00 -3.057757e+00 -9.417426e-02
4.549545e+00 -3.186082e+00 -1.006137e-01
4.559544e+00 -3.143296e+00 -1.070231e-01
4.569543e+00 -3.288365e+00 -1.134024e-01
4.579542e+00 -3.360600e+00 -1.197513e-01
4.589541e+00 -3.370242e+00 -1.260698e-01
4.599540e+00 -3.462398e+00 -1.323578e-01
4.609539e+00 -3.529082e+00 -1.386153e-01
4.619538e+00 -3.589441e+00 -1.448420e-01
4.629537e+00 -3.669489e+00 -1.510381e-01
4.639536e+00 -3.598642e+00 -1.572033e-01
4.649535e+00 -3.658093e+00 -1.633376e-01
4.659534e+00 -3.578186e+00 -1.694410e-01
4.669533e+00 -3.839563e+00 -1.755134e-01
4.679532e+00 -3.733143e+00 -1.815548e-01
4.689531e+00 -3.879405e+00 -1.875652e-01
4.699530e+00 -3.788334e+00 -1.935444e-01
4.709529e+00 -3.915599e+00 -1.994925e-01
4.719528e+00 -3.913115e+00 -2.054095e-01
4.729527e+00 -4.029258e+00 -2.112954e-01
4.739526e+00 -3.918465e+00 -2.171501e-01
4.749525e+00 -3.926597e+00 -2.229736e-01
4.759524e+00 -3.894217e+00 -2.287660e-01
4.769523e+00 -3.901545e+00 -2.345273e-01
4.779522e+00 -3.959460e+00 -2.402574e-01
4.789521e+00 -3.898745e+00 -2.459564e-01
4.799520e+00 -3.929193e+00 -2.516244e-01
4.809519e+00 -3.979816e+00 -2.572613e-01
4.819518e+00 -3.849285e+00 -2.628671e-01
4.829517e+00 -3.816940e+00 -2.684420e-01
4.839516e+00 -3.842058e+00 -2.739860e-01
4.849515e+00 -3.784771e+00 -2.794991e-01
4.859514e+00 -3.829985e+00 -2.849813e-01
4.869513e+00 -3.724655e+00 -2.904328e-01
4.879512e+00 -3.653313e+00 -2.958536e-01
4.889511e+00 -3.721952e+00 -3.012437e-01
4.899510e+00 -3.604028e+00 -3.066032e-01
4.909509e+00 -3.592239e+00 -3.119323e-01
4.919508e+00 -3.496422e+00 -3.172309e-01
4.929507e+00 -3.402729e+00 -3.224991e-01
4.939506e+00 -3.390411e+00 -3.277371e-01
4.949505e+00 -3.390695e+00 -3.329449e-01
4.959504e+00 -3.343572e+00 -3.381226e-01
4.969503e+00 -3.236432e+00 -3.432704e-01
4.979502e+00 -3.115280e+00 -3.483882e-01
4.989501e+00 -3.162319e+00 -3.534763e-01
4.999500e+00 -3.092853e+00 -3.585346e-01
5.009499e+00 -3.019889e+00 -3.635634e-01
5.019498e+00 -3.078449e+00 -3.685627e-01
5.029497e+00 -2.920622e+00 -3.735326e-01
5.039496e+00 -2.913218e+00 -3.784733e-01
5.049495e+00 -2.810334e+00 -3.833848e-01
5.059494e+00 -2.813904e+00 -3.882674e-01
5.069493e+00 -2.696906e+00 -3.931210e-01
5.079492e+00 -2.713172e+00 -3.979459e-01
5.089491e+00 -2.599979e+00 -4.027421e-01
5.099490e+00 -2.525013e+00 -4.075098e-01
5.109489e+00 -2.544322e+00 -4.122491e-01
5.119488e+00 -2.524331e+00 -4.169602e-01
5.129487e+00 -2.500930e+00 -4.216431e-01
5.139486e+00 -2.376314e+00 -4.262980e-01
5.149485e+00 -2.381525e+00 -4.309251e-01
5.159484e+00 -2.367853e+00 -4.355245e-01
5.169483e+00 -2.268688e+00 -4.400963e-01
5.179482e+00 -2.334910e+00 -4.446407e-01
5.189481e+00 -2.330169e+00 -4.491578e-01
5.199480e+00 -2.214632e+00 -4.536477e-01
5.209479e+00 -2.319470e+00 -4.581107e-01
5.219478e+00 -2.279181e+00 -4.625467e-01
5.229477e+00 -2.264028e+00 -4.669561e-01
5.239476e+00 -2.208834e+00 -4.713389e-01
5.249475e+00 -2.174405e+00 -4.756953e-01
5.259474e+00 -2.184974e+00 -4.800254e-01
5.269473e+00 -2.302249e+00 -4.843295e-01
5.279472e+00 -2.206532e+00 -4.886075e-01
5.289471e+00 -2.344239e+00 -4.928598e-01
5.299470e+00 -2.289131e+00 -4.970864e-01
5.309469e+00 -2.378472e+00 -5.012875e-01
5.319468e+00 -2.340449e+00 -5.054632e-01
5.329467e+00 -2.433892e+00 -5.096138e-01
5.339466e+00 -2.411303e+00 -5.137393e-01
5.349465e+00 -2.473443e+00 -5.178399e-01
5.359464e+00 -2.415700e+00 -5.219158e-01
5.369463e+00 -2.520437e+00 -5.259671e-01
5.379462e+00 -2.630150e+00 -5.299940e-01
5.389461e+00 -2.595681e+00 -5.339967e-01
5.399460e+00 -2.700837e+00 -5.379752e-01
5.409459e+00 -2.909913e+00 -5.419298e-01
5.419458e+00 -2.841545e+00 -5.458606e-01
5.429457e+00 -3.004210e+00 -5.497677e-01
5.439456e+00 -3.030735e+00 -5.536514e-01
5.449455e+00 -3.043202e+00 -5.575117e-01
5.459454e+00 -3.025493e+00 -5.613489e-01
5.469453e+00 -3.176184e+00 -5.651631e-01
5.479452e+00 -3.314673e+00 -5.689544e-01
5.489451e+00 -3.311754e+00 -5.727230e-01
5.499450e+00 -3.425848e+00 -5.764690e-01
5.509449e+00 -3.510729e+00 -5.801927e-01
5.519448e+00 -3.557566e+00 -5.838941e-01
5.529447e+00 -3.617820e+00 -5.875734e-01
5.539446e+00 -3.690159e+00 -5.912308e-01
5.549445e+00 -3.704346e+00 -5.948665e-01
5.559444e+00 -3.773552e+00 -5.984805e-01
5.569443e+00 -3.778744e+00 -6.020730e-01
5.579442e+00 -3.853009e+00 -6.056442e-01
5.589441e+00 -3.966530e+00 -6.091942e-01
5.599440e+00 -4.029906e+00 -6.127232e-01
5.609439e+00 -4.150216e+00 -6.162313e-01
5.619438e+00 -4.100548e+00 -6.197188e-01
5.629437e+00 -4.116438e+00 -6.231856e-01
5.639436e+00 -4.201622e+00 -6.266320e-01
5.649435e+00 -4.333428e+00 -6.300582e-01
5.659434e+00 -4.350973e+00 -6.334642e-01
5.669433e+00 -4.422244e+00 -6.368502e-01
5.679432e+00 -4.376222e+00 -6.402164e-01
5.689431e+00 -4.357851e+00 -6.435629e-01
5.699430e+00 -4.516911e+00 -6.468899e-01
5.709429e+00 -4.515760e+00 -6.501975e-01
5.719428e+00 -4.532648e+00 -6.534857e-01
5.729427e+00 -4.462077e+00 -6.567549e-01
5.739426e+00 -4.582122e+00 -6.600051e-01
5.749425e+00 -4.628314e+00 -6.632364e-01
5.759424e+00 -4.560009e+00 -6.664491e-01
5.769423e+00 -4.583498e+00 -6.696431e-01
5.779422e+00 -4.570484e+00 -6.728188e-01
5.789421e+00 -4.589176e+00 -6.759762e-01
5.799420e+00 -4.532959e+00 -6.791154e-01
5.809419e+00 -4.442077e+00 -6.822366e-01
5.819418e+00 -4.551305e+00 -6.853398e-01
5.829417e+00 -4.439887e+00 -6.884254e-01
5.839416e+00 -4.426648e+00 -6.914933e-01
5.849415e+00 -4.416573e+00 -6.945438e-01
5.859414e+00 -4.336879e+00 -6.975768e-01
5.869413e+00 -4.437830e+00 -7.005927e-01
5.879412e+00 -4.199798e+00 -7.035914e-01
5.889411e+00 -4.260658e+00 -7.065732e-01
5.899410e+00 -4.103925e+00 -7.095381e-01
5.909409e+00 -4.263768e+00 -7.124863e-01
5.919408e+00 -4.116538e+00 -7.154179e-01
5.929407e+00 -4.111216e+00 -7.183330e-01
5.939406e+00 -4.079577e+00 -7.212318e-01
5.949405e+00 -3.997698e+00 -7.241143e-01
5.959404e+00 -3.909848e+00 -7.269807e-01
5.969403e+00 -3.891261e+00 -7.298311e-01
5.979402e+00 -3.854376e+00 -7.326657e-01
5.989401e+00 -3.760237e+00 -7.354845e-01
5.999400e+00 -3.688633e+00 -7.382876e-01
6.009399e+00 -3.561226e+00 -7.410752e-01
6.019398e+00 -3.521351e+00 -7.438475e-01
6.029397e+00 -3.452311e+00 -7.466044e-01
6.039396e+00 -3.408844e+00 -7.493461e-01
6.049395e+00 -3.354052e+00 -7.520728e-01
6.059394e+00 -3.388587e+00 -7.547845e-01
6.069393e+00 -3.286910e+00 -7.574813e-01
6.079392e+00 -3.214405e+00 -7.601634e-01
6.089391e+00 -3.184558e+00 -7.628309e-01
6.099390e+00 -3.155192e+00 -7.654838e-01
6.109389e+00 -3.134726e+00 -7.681223e-01
6.119388e+00 -3.019213e+00 -7.707465e-01
6.129387e+00 -2.901680e+00 -7.733565e-01
6.139386e+00 -2.977233e+00 -7.759523e-01
6.149385e+00 -2.950701e+00 -7.785342e-01
6.159384e+00 -2.960143e+00 -7.811021e-01
6.169383e+00 -2.854962e+00 -7.836562e-01
6.179382e+00 -2.887739e+00 -7.861966e-01
6.189381e+00 -2.865162e+00 -7.887234e-01
6.199380e+00 -2.890563e+00 -7.912367e-01
6.209379e+00 -2.852295e+00 -7.937366e-01
6.219378e+00 -2.760505e+00 -7.962231e-01
6.229377e+00 -2.788011e+00 -7.986964e-01
6.239376e+00 -2.851373e+00 -8.011565e-01
6.249375e+00 -2.851110e+00 -8.036036e-01
6.259374e+00 -2.836839e+00 -8.060377e-01
6.269373e+00 -2.954574e+00 -8.084590e-01
6.279372e+00 -2.827982e+00 -8.108675e-01
6.289371e+00 -2.976563e+00 -8.132633e-01
6.299370e+00 -2.969927e+00 -8.156464e-01
6.309369e+00 -2.930542e+00 -8.180171e-01
6.319368e+00 -3.019403e+00 -8.203753e-01
6.329367e+00 -2.951660e+00 -8.227212e-01
6.339366e+00 -3.108977e+00 -8.250549e-01
6.349365e+00 -3.098220e+00 -8.273763e-01
6.359364e+00 -3.113028e+00 -8.296856e-01
6.369363e+00 -3.190258e+00 -8.319830e-01
6.379362e+00 -3.184352e+00 -8.342683e-01
6.389361e+00 -3.243592e+00 -8.365419e-01
6.399360e+00 -3.242591e+00 -8.388036e-01
6.409359e+00 -3.362836e+00 -8.410536e-01
6.419358e+00 -3.549067e+00 -8.432920e-01
6.429357e+00 -3.567139e+00 -8.455189e-01
6.439356e+00 -3.599664e+00 -8.477343e-01
6.449355e+00 -3.626859e+00 -8.499382e-01
6.459354e+00 -3.699992e+00 -8.521309e-01
6.469353e+00 -3.727461e+00 -8.543122e-01
6.479352e+00 -3.892854e+00 -8.564824e-01
6.489351e+00 -3.862343e+00 -8.586415e-01
6.499350e+00 -3.962701e+00 -8.607895e-01
6.509349e+00 -3.990102e+00 -8.629266e-01
6.519348e+00 -4.122455e+00 -8.650527e-01
6.529347e+00 -4.203481e+00 -8.671680e-01
6.539346e+00 -4.135718e+00 -8.692725e-01
6.549345e+00 -4.362883e+00 -8.713664e-01
6.559344e+00 -4.401389e+00 -8.734495e-01
6.569343e+00 -4.434078e+00 -8.755221e-01
6.579342e+00 -4.501665e+00 -8.775842e-01
6.589341e+00 -4.533589e+00 -8.796358e-01
6.599340e+00 -4.628039e+00 -8.816770e-01
6.609339e+00 -4.691623e+00 -8.837079e-01
6.619338e+00 -4.771985e+00 -8.857285e-01
6.629337e+00 -4.734956e+00 -8.877389e-01
6.639336e+00 -4.906383e+00 -8.897391e-01
6.649335e+00 -4.853796e+00 -8.917293e-01
6.659334e+00 -4.919123e+00 -8.937094e-01
6.669333e+00 -4.969620e+00 -8.956795e-01
6.679332e+00 -4.968608e+00 -8.976397e-01
6.689331e+00 -4.993588e+00 -8.995900e-01
6.699330e+00 -5.060483e+00 -9.015306e-01
6.709329e+00 -5.042126e+00 -9.034613e-01
6.719328e+00 -5.146016e+00 -9.053823e-01
6.729327e+00 -5.140395e+00 -9.072937e-01
6.739326e+00 -5.091934e+00 -9.091955e-01
6.749325e+00 -5.120211e+00 -9.110877e-01
6.759324e+00 -5.017507e+00 -9.129704e-01
6.769323e+00 -5.036364e+00 -9.148437e-01
6.779322e+00 -5.060895e+00 -9.167076e-01
6.789321e+00 -5.091994e+00 -9.185621e-01
6.799320e+00 -5.128519e+00 -9.204073e-01
6.809319e+00 -5.020168e+00 -9.222432e-01
6.819318e+00 -5.120999e+00 -9.240699e-01
6.829317e+00 -5.066109e+00 -9.258874e-01
6.839316e+00 -5.038428e+00 -9.276959e-01
6.849315e+00 -4.994276e+00 -9.294952e-01
6.859314e+00 -5.077702e+00 -9.312855e-01
6.869313e+00 -4.930389e+00 -9.330668e-01
6.879312e+00 -4.807539e+00 -9.348392e-01
6.889311e+00 -4.846234e+00 -9.366026e-01
6.899310e+00 -4.793103e+00 -9.383572e-01
6.909309e+00 -4.733713e+00 -9.401029e-01
6.919308e+00 -4.758343e+00 -9.418399e-01
6.929307e+00 -4.631711e+00 -9.435681e-01
6.939306e+00 -4.537235e+00 -9.452877e-01
6.949305e+00 -4.628564e+00 -9.469985e-01
6.959304e+00 -4.478670e+00 -9.487007e-01
6.969303e+00 -4.371865e+00 -9.503944e-01
6.979302e+00 -4.382829e+00 -9.520794e-01
6.989301e+00 -4.335455e+00 -9.537560e-01
6.999300e+00 -4.252373e+00 -9.554240e-01
7.009299e+00 -4.151423e+00 -9.570837e-01
7.019298e+00 -4.206559e+00 -9.587349e-01
7.029297e+00 -4.134194e+00 -9.603777e-01
7.039296e+00 -4.010175e+00 -9.620122e-01
7.049295e+00 -3.936512e+00 -9.636384e-01
7.059294e+00 -3.957633e+00 -9.652563e-01
7.069293e+00 -3.850001e+00 -9.668659e-01
7.079292e+00 -3.800473e+00 -9.684673e-01
7.089291e+00 -3.824795e+00 -9.700606e-01
7.099290e+00 -3.688764e+00 -9.716457e-01
7.109289e+00 -3.670705e+00 -9.732227e-01
7.119288e+00 -3.686466e+00 -9.747915e-01
7.129287e+00 -3.577714e+00 -9.763524e-01
7.139286e+00 -3.500347e+00 -9.779051e-01
7.149285e+00 -3.562752e+00 -9.794499e-01
7.159284e+00 -3.533009e+00 -9.809867e-01
7.169283e+00 -3.480939e+00 -9.825156e-01
7.179282e+00 -3.500176e+00 -9.840365e-01
7.189281e+00 -3.512900e+00 -9.855495e-01
7.199280e+00 -3.404224e+00 -9.870547e-01
7.209279e+00 -3.453618e+00 -9.885520e-01
7.219278e+00 -3.465637e+00 -9.900415e-01
7.229277e+00 -3.370026e+00 -9.915232e-01
7.239276e+00 -3.422762e+00 -9.929971e-01
7.249275e+00 -3.299253e+00 -9.944632e-01
7.259274e+00 -3.456725e+00 -9.959217e-01
7.269273e+00 -3.433667e+00 -9.973724e-01
7.279272e+00 -3.472204e+00 -9.988155e-01
7.289271e+00 -3.472588e+00 -1.000251e+00
7.299270e+00 -3.473349e+00 -1.001679e+00
7.309269e+00 -3.459846e+00 -1.003099e+00
7.319268e+00 -3.566752e+00 -1.004511e+00
7.329267e+00 -3.592754e+00 -1.005916e+00
7.339266e+00 -3.637020e+00 -1.007314e+00
7.349265e+00 -3.672144e+00 -1.008704e+00
7.359264e+00 -3.688890e+00 -1.010086e+00
7.369263e+00 -3.706266e+00 -1.011461e+00
7.379262e+00 -3.712771e+00 -1.012829e+00
7.389261e+00 -3.834143e+00 -1.014189e+00
7.399260e+00 -3.854505e+00 -1.015541e+00
7.409259e+00 -3.862479e+00 -1.016886e+00
7.419258e+00 -3.992081e+00 -1.018224e+00
7.429257e+00 -4.046671e+00 -1.019554e+00
7.439256e+00 -4.132515e+00 -1.020877e+00
7.449255e+00 -4.225792e+00 -1.022193e+00
7.459254e+00 -4.292262e+00 -1.023501e+00
7.469253e+00 -4.373034e+00 -1.024802e+00
7.479252e+00 -4.409765e+00 -1.026096e+00
7.489251e+00 -4.466126e+00 -1.027382e+00
7.499250e+00 -4.549657e+00 -1.028661e+00
7.509249e+00 -4.616831e+00 -1.029933e+00
7.519248e+00 -4.609676e+00 -1.031198e+00
7.529247e+00 -4.652206e+00 -1.032455e+00
7.539246e+00 -4.809912e+00 -1.033705e+00
7.549245e+00 -4.804026e+00 -1.034948e+00
7.559244e+00 -4.864753e+00 -1.036184e+00
7.569243e+00 -5.084750e+00 -1.037413e+00
7.579242e+00 -5.056926e+00 -1.038634e+00
7.589241e+00 -5.167156e+00 -1.039848e+00
7.599240e+00 -5.176835e+00 -1.041055e+00
7.609239e+00 -5.169625e+00 -1.042255e+00
7.619238e+00 -5.287915e+00 -1.043448e+00
7.629237e+00 -5.388410e+00 -1.044634e+00
7.639236e+00 -5.442589e+00 -1.045812e+00
7.649235e+00 -5.454955e+00 -1.046984e+00
7.659234e+00 -5.468849e+00 -1.048148e+00
7.669233e+00 -5.454363e+00 -1.049306e+00
7.679232e+00 -5.478548e+00 -1.050456e+00
7.689231e+00 -5.679201e+00 -1.051599e+00
7.699230e+00 -5.533372e+00 -1.052735e+00
7.709229e+00 -5.724119e+00 -1.053865e+00
7.719228e+00 -5.701765e+00 -1.054987e+00
7.729227e+00 -5.663173e+00 -1.056102e+00
7.739226e+00 -5.535912e+00 -1.057210e+00
7.749225e+00 -5.716775e+00 -1.058311e+00
7.759224e+00 -5.690478e+00 -1.059405e+00
7.769223e+00 -5.709095e+00 -1.060492e+00
7.779222e+00 -5.679243e+00 -1.061573e+00
7.789221e+00 -5.599516e+00 -1.062646e+00
7.799220e+00 -5.561686e+00 -1.063712e+00
7.809219e+00 -5.591864e+00 -1.064771e+00
7.819218e+00 -5.600916e+00 -1.065823e+00
7.829217e+00 -5.591851e+00 -1.066869e+00
7.839216e+00 -5.558297e+00 -1.067907e+00
7.849215e+00 -5.535082e+00 -1.068939e+00
7.859214e+00 -5.391895e+00 -1.069963e+00
7.869213e+00 -5.552280e+00 -1.070981e+00
7.879212e+00 -5.516783e+00 -1.071991e+00
7.889211e+00 -5.390616e+00 -1.072995e+00
7.899210e+00 -5.369978e+00 -1.073992e+00
7.909209e+00 -5.287328e+00 -1.074982e+00
7.919208e+00 -5.264313e+00 -1.075965e+00
7.929207e+00 -5.183793e+00 -1.076941e+00
7.939206e+00 -5.153396e+00 -1.077910e+00
7.949205e+00 -5.150197e+00 -1.078872e+00
7.959204e+00 -5.117769e+00 -1.079828e+00
7.969203e+00 -5.045062e+00 -1.080776e+00
7.979202e+00 -4.869803e+00 -1.081718e+00
7.989201e+00 -4.839107e+00 -1.082653e+00
7.999200e+00 -4.828212e+00 -1.083580e+00
8.009199e+00 -4.713948e+00 -1.084501e+00
8.019198e+00 -4.682998e+00 -1.085415e+00
8.029197e+00 -4.611281e+00 -1.086323e+00
8.039196e+00 -4.629790e+00 -1.087223e+00
8.049195e+00 -4.668397e+00 -1.088116e+00
8.059194e+00 -4.457688e+00 -1.089003e+00
8.069193e+00 -4.427369e+00 -1.089883e+00
8.079192e+00 -4.380935e+00 -1.090756e+00
8.089191e+00 -4.401807e+00 -1.091622e+00
8.099190e+00 -4.373995e+00 -1.092481e+00
8.109189e+00 -4.303648e+00 -1.093333e+00
8.119188e+00 -4.164583e+00 -1.094178e+00
8.129187e+00 -4.178838e+00 -1.095017e+00
8.139186e+00 -4.193174e+00 -1.095848e+00
8.149185e+00 -4.157216e+00 -1.096673e+00
8.159184e+00 -4.058502e+00 -1.097491e+00
8.169183e+00 -4.023764e+00 -1.098302e+00
8.179182e+00 -4.088181e+00 -1.099106e+00
8.189181e+00 -3.964028e+00 -1.099903e+00
8.199180e+00 -3.957363e+00 -1.100694e+00
8.209179e+00 -3.950927e+00 -1.101477e+00
8.219178e+00 -3.907758e+00 -1.102254e+00
8.229177e+00 -3.856854e+00 -1.103024e+00
8.239176e+00 -3.927677e+00 -1.103787e+00
8.249175e+00 -3.962342e+00 -1.104543e+00
8.259174e+00 -4.041905e+00 -1.105292e+00
8.269173e+00 -3.903622e+00 -1.106034e+00
8.279172e+00 -4.031698e+00 -1.106770e+00
8.289171e+00 -3.908593e+00 -1.107498e+00
8.299170e+00 -4.067466e+00 -1.108220e+00
8.309169e+00 -4.092279e+00 -1.108935e+00
8.319168e+00 -4.074519e+00 -1.109643e+00
8.329167e+00 -4.122817e+00 -1.110344e+00
8.339166e+00 -4.138648e+00 -1.111038e+00
8.349165e+00 -4.113197e+00 -1.111725e+00
8.359164e+00 -4.268999e+00 -1.112405e+00
8.369163e+00 -4.298293e+00 -1.113079e+00
8.379162e+00 -4.336707e+00 -1.113745e+00
8.389161e+00 -4.384523e+00 -1.114405e+00
8.399160e+00 -4.397976e+00 -1.115057e+00
8.409159e+00 -4.442033e+00 -1.115703e+00
8.419158e+00 -4.499328e+00 -1.116342e+00
8.429157e+00 -4.708951e+00 -1.116974e+00
8.439156e+00 -4.740786e+00 -1.117599e+00
8.449155e+00 -4.755214e+00 -1.118217e+00
8.459154e+00 -4.797094e+00 -1.118828e+00
8.469153e+00 -4.813037e+00 -1.119432e+00
8.479152e+00 -4.922565e+00 -1.120030e+00
8.489151e+00 -5.089644e+00 -1.120620e+00
8.499150e+00 -5.035751e+00 -1.121203e+00
8.509149e+00 -5.169074e+00 -1.121780e+00
8.519148e+00 -5.158891e+00 -1.122349e+00
8.529147e+00 -5.264610e+00 -1.122912e+00
8.539146e+00 -5.337012e+00 -1.123468e+00
8.549145e+00 -5.326895e+00 -1.124016e+00
8.559144e+00 -5.552312e+00 -1.124558e+00
8.569143e+00 -5.570860e+00 -1.125093e+00
8.579142e+00 -5.551989e+00 -1.125620e+00
8.589141e+00 -5.669626e+00 -1.126141e+00
8.599140e+00 -5.701834e+00 -1.126655e+00
8.609139e+00 -5.875234e+00 -1.127161e+00
8.619138e+00 -5.852549e+00 -1.127661e+00
8.629137e+00 -5.991528e+00 -1.128154e+00
8.639136e+00 -5.935783e+00 -1.128640e+00
8.649135e+00 -5.975687e+00 -1.129118e+00
8.659134e+00 -6.012812e+00 -1.129590e+00
8.669133e+00 -6.082567e+00 -1.130055e+00
8.679132e+00 -6.015464e+00 -1.130512e+00
8.689131e+00 -6.147406e+00 -1.130963e+00
8.699130e+00 -6.145384e+00 -1.131406e+00
8.709129e+00 -6.201093e+00 -1.131843e+00
8.719128e+00 -6.190084e+00 -1.132272e+00
8.729127e+00 -6.245861e+00 -1.132695e+00
8.739126e+00 -6.206149e+00 -1.133110e+00
8.749125e+00 -6.212069e+00 -1.133519e+00
8.759124e+00 -6.181135e+00 -1.133920e+00
8.769123e+00 -6.225890e+00 -1.134314e+00
8.779122e+00 -6.208302e+00 -1.134701e+00
8.789121e+00 -6.349092e+00 -1.135081e+00
8.799120e+00 -6.198145e+00 -1.135454e+00
8.809119e+00 -6.118664e+00 -1.135820e+00
8.819118e+00 -6.088379e+00 -1.136178e+00
8.829117e+00 -6.146738e+00 -1.136530e+00
8.839116e+00 -6.077952e+00 -1.136874e+00
8.849115e+00 -6.068829e+00 -1.137211e+00
8.859114e+00 -6.091858e+00 -1.137542e+00
8.869113e+00 -6.077161e+00 -1.137865e+00
8.879112e+00 -5.989883e+00 -1.138180e+00
8.889111e+00 -5.963487e+00 -1.138489e+00
8.899110e+00 -5.850193e+00 -1.138791e+00
8.909109e+00 -5.863008e+00 -1.139085e+00
8.919108e+00 -5.786049e+00 -1.139372e+00
8.929107e+00 -5.700515e+00 -1.139652e+00
8.939106e+00 -5.755470e+00 -1.139925e+00
8.949105e+00 -5.574257e+00 -1.140191e+00
8.959104e+00 -5.549071e+00 -1.140449e+00
8.969103e+00 -5.532794e+00 -1.140701e+00
8.979102e+00 -5.492524e+00 -1.140945e+00
8.989101e+00 -5.430297e+00 -1.141182e+00
8.999100e+00 -5.403183e+00 -1.141411e+00
9.009099e+00 -5.320095e+00 -1.141634e+00
9.019098e+00 -5.273563e+00 -1.141849e+00
9.029097e+00 -5.143364e+00 -1.142057e+00
9.039096e+00 -5.166655e+00 -1.142257e+00
9.049095e+00 -5.084647e+00 -1.142451e+00
9.059094e+00 -5.008629e+00 -1.142637e+00
9.069093e+00 -5.023525e+00 -1.142816e+00
9.079092e+00 -4.972646e+00 -1.142987e+00
9.089091e+00 -4.856420e+00 -1.143152e+00
9.099090e+00 -4.753088e+00 -1.143309e+00
9.109089e+00 -4.776926e+00 -1.143458e+00
9.119088e+00 -4.731906e+00 -1.143601e+00
9.129087e+00 -4.721248e+00 -1.143736e+00
9.139086e+00 -4.667058e+00 -1.143864e+00
9.149085e+00 -4.680713e+00 -1.143984e+00
9.159084e+00 -4.558544e+00 -1.144097e+00
9.169083e+00 -4.625527e+00 -1.144203e+00
9.179082e+00 -4.545528e+00 -1.144301e+00
9.189081e+00 -4.593468e+00 -1.144392e+00
9.199080e+00 -4.483612e+00 -1.144476e+00
9.209079e+00 -4.512832e+00 -1.144552e+00
9.219078e+00 -4.517514e+00 -1.144621e+00
9.229077e+00 -4.536644e+00 -1.144683e+00
9.239076e+00 -4.386026e+00 -1.144737e+00
9.249075e+00 -4.553176e+00 -1.144784e+00
9.259074e+00 -4.545479e+00 -1.144823e+00
9.269073e+00 -4.465306e+00 -1.144855e+00
9.279072e+00 -4.502669e+00 -1.144880e+00
9.289071e+00 -4.606479e+00 -1.144897e+00
9.299070e+00 -4.562346e+00 -1.144906e+00
9.309069e+00 -4.657190e+00 -1.144909e+00
9.319068e+00 -4.622539e+00 -1.144903e+00
9.329067e+00 -4.694316e+00 -1.144891e+00
9.339066e+00 -4.619757e+00 -1.144871e+00
9.349065e+00 -4.649003e+00 -1.144843e+00
9.359064e+00 -4.775817e+00 -1.144808e+00
9.369063e+00 -4.823271e+00 -1.144765e+00
9.379062e+00 -4.901362e+00 -1.144715e+00
9.389061e+00 -4.966016e+00 -1.144658e+00
9.399060e+00 -4.907228e+00 -1.144592e+00
9.409059e+00 -4.999032e+00 -1.144520e+00
9.419058e+00 -5.070710e+00 -1.144440e+00
9.429057e+00 -5.159434e+00 -1.144352e+00
9.439056e+00 -5.287240e+00 -1.144257e+00
9.449055e+00 -5.275620e+00 -1.144154e+00
9.459054e+00 -5.393972e+00 -1.144044e+00
9.469053e+00 -5.439824e+00 -1.143926e+00
9.479052e+00 -5.458749e+00 -1.143801e+00
9.489051e+00 -5.462002e+00 -1.143668e+00
9.499050e+00 -5.586052e+00 -1.143527e+00
9.509049e+00 -5.654732e+00 -1.143379e+00
9.519048e+00 -5.787816e+00 -1.143224e+00
9.529047e+00 -5.727201e+00 -1.143060e+00
9.539046e+00 -5.917752e+00 -1.142889e+00
9.549045e+00 -6.014124e+00 -1.142711e+00
9.559044e+00 -5.937239e+00 -1.142525e+00
9.569043e+00 -6.062117e+00 -1.142331e+00
9.579042e+00 -6.087989e+00 -1.142130e+00
9.589041e+00 -6.217581e+00 -1.141921e+00
9.599040e+00 -6.245869e+00 -1.141704e+00
9.609039e+00 -6.305375e+00 -1.141480e+00
9.619038e+00 -6.267074e+00 -1.141248e+00
9.629037e+00 -6.373255e+00 -1.141008e+00
9.639036e+00 -6.469489e+00 -1.140761e+00
9.649035e+00 -6.536356e+00 -1.140506e+00
9.659034e+00 -6.633921e+00 -1.140243e+00
9.669033e+00 -6.547707e+00 -1.139973e+00
9.679032e+00 -6.647575e+00 -1.139695e+00
9.689031e+00 -6.621749e+00 -1.139409e+00
9.699030e+00 -6.666978e+00 -1.139116e+00
9.709029e+00 -6.697558e+00 -1.138815e+00
9.719028e+00 -6.770743e+00 -1.138506e+00
9.729027e+00 -6.794371e+00 -1.138190e+00
9.739026e+00 -6.735602e+00 -1.137866e+00
9.749025e+00 -6.707710e+00 -1.137534e+00
9.759024e+00 -6.709102e+00 -1.137194e+00
9.769023e+00 -6.796839e+00 -1.136846e+00
9.779022e+00 -6.800040e+00 -1.136491e+00
9.789021e+00 -6.694512e+00 -1.136128e+00
9.799020e+00 -6.819832e+00 -1.135758e+00
9.809019e+00 -6.778358e+00 -1.135379e+00
9.819018e+00 -6.711554e+00 -1.134993e+00
9.829017e+00 -6.676350e+00 -1.134599e+00
9.839016e+00 -6.693213e+00 -1.134198e+00
9.849015e+00 -6.571660e+00 -1.133788e+00
9.859014e+00 -6.641171e+00 -1.133371e+00
9.869013e+00 -6.580917e+00 -1.132946e+00
9.879012e+00 -6.521498e+00 -1.132513e+00
9.889011e+00 -6.498910e+00 -1.132072e+00
9.899010e+00 -6.355938e+00 -1.131624e+00
9.909009e+00 -6.362392e+00 -1.131168e+00
9.919008e+00 -6.327604e+00 -1.130704e+00
9.929007e+00 -6.358089e+00 -1.130232e+00
9.939006e+00 -6.267076e+00 -1.129752e+00
9.949005e+00 -6.105163e+00 -1.129265e+00
9.959004e+00 -6.161687e+00 -1.128770e+00
9.969003e+00 -6.085493e+00 -1.128267e+00
9.979002e+00 -5.890560e+00 -1.127756e+00
9.989001e+00 -5.979875e+00 -1.127237e+00
9.999000e+00 -5.948864e+00 -1.126711e+00
1.000900e+01 -5.726315e+00 -1.126177e+00
1.001900e+01 -5.825595e+00 -1.125635e+00
1.002900e+01 -5.677759e+00 -1.125085e+00
1.003900e+01 -5.603011e+00 -1.124527e+00
1.004900e+01 -5.588927e+00 -1.123961e+00
1.005899e+01 -5.513178e+00 -1.123388e+00
1.006899e+01 -5.580212e+00 -1.122807e+00
1.007899e+01 -5.415766e+00 -1.122218e+00
1.008899e+01 -5.355709e+00 -1.121621e+00
1.009899e+01 -5.345615e+00 -1.121016e+00
1.010899e+01 -5.328544e+00 -1.120404e+00
1.011899e+01 -5.230317e+00 -1.119783e+00
1.012899e+01 -5.326069e+00 -1.119155e+00
1.013899e+01 -5.229531e+00 -1.118519e+00
1.014899e+01 -5.224243e+00 -1.117875e+00
1.015898e+01 -5.105506e+00 -1.117224e+00
1.016898e+01 -5.113385e+00 -1.116564e+00
1.017898e+01 -5.208009e+00 -1.115897e+00
1.018898e+01 -5.063478e+00 -1.115222e+00
1.019898e+01 -5.006478e+00 -1.114539e+00
1.020898e+01 -5.085188e+00 -1.113848e+00
1.021898e+01 -5.012312e+00 -1.113150e+00
1.022898e+01 -5.033704e+00 -1.112443e+00
1.023898e+01 -5.001299e+00 -1.111729e+00
1.024898e+01 -4.957100e+00 -1.111007e+00
1.025897e+01 -4.919842e+00 -1.110278e+00
1.026897e+01 -5.087722e+00 -1.109540e+00
1.027897e+01 -5.040105e+00 -1.108795e+00
1.028897e+01 -5.072620e+00 -1.108042e+00
1.029897e+01 -5.099245e+00 -1.107281e+00
1.030897e+01 -5.084328e+00 -1.106512e+00
1.031897e+01 -5.138039e+00 -1.105736e+00
1.032897e+01 -5.260491e+00 -1.104952e+00
1.033897e+01 -5.165919e+00 -1.104160e+00
1.034897e+01 -5.205344e+00 -1.103360e+00
1.035896e+01 -5.339786e+00 -1.102553e+00
1.036896e+01 -5.322027e+00 -1.101737e+00
1.037896e+01 -5.339904e+00 -1.100915e+00
1.038896e+01 -5.441555e+00 -1.100084e+00
1.039896e+01 -5.477824e+00 -1.099246e+00
1.040896e+01 -5.595577e+00 -1.098400e+00
1.041896e+01 -5.675210e+00 -1.097546e+00
1.042896e+01 -5.658580e+00 -1.096684e+00
1.043896e+01 -5.704598e+00 -1.095815e+00
1.044896e+01 -5.842347e+00 -1.094939e+00
1.045895e+01 -5.832241e+00 -1.094054e+00
1.046895e+01 -5.948227e+00 -1.093162e+00
1.047895e+01 -6.030869e+00 -1.092262e+00
1.048895e+01 -6.071401e+00 -1.091355e+00
1.049895e+01 -6.166201e+00 -1.090440e+00
1.050895e+01 -6.163875e+00 -1.089517e+00
1.051895e+01 -6.283604e+00 -1.088587e+00
1.052895e+01 -6.258738e+00 -1.087649e+00
1.053895e+01 -6.452049e+00 -1.086704e+00
1.054895e+01 -6.517281e+00 -1.085751e+00
1.055894e+01 -6.474698e+00 -1.084791e+00
1.056894e+01 -6.549622e+00 -1.083823e+00
1.057894e+01 -6.655577e+00 -1.082847e+00
1.058894e+01 -6.724312e+00 -1.081864e+00
1.059894e+01 -6.681234e+00 -1.080873e+00
1.060894e+01 -6.841016e+00 -1.079875e+00
1.061894e+01 -6.838322e+00 -1.078870e+00
1.062894e+01 -6.873512e+00 -1.077857e+00
1.063894e+01 -7.062551e+00 -1.076837e+00
1.064894e+01 -7.076722e+00 -1.075809e+00
1.065893e+01 -7.135588e+00 -1.074774e+00
1.066893e+01 -7.013012e+00 -1.073731e+00
1.067893e+01 -7.121658e+00 -1.072681e+00
1.068893e+01 -7.254497e+00 -1.071624e+00
1.069893e+01 -7.172032e+00 -1.070559e+00
1.070893e+01 -7.134889e+00 -1.069487e+00
1.071893e+01 -7.297667e+00 -1.068408e+00
1.072893e+01 -7.193037e+00 -1.067321e+00
1.073893e+01 -7.275814e+00 -1.066227e+00
1.074893e+01 -7.260656e+00 -1.065126e+00
1.075892e+01 -7.238844e+00 -1.064018e+00
1.076892e+01 -7.185144e+00 -1.062902e+00
1.077892e+01 -7.227550e+00 -1.061779e+00
1.078892e+01 -7.250754e+00 -1.060649e+00
1.079892e+01 -7.243743e+00 -1.059512e+00
1.080892e+01 -7.251992e+00 -1.058368e+00
1.081892e+01 -7.202146e+00 -1.057217e+00
1.082892e+01 -7.159275e+00 -1.056059e+00
1.083892e+01 -7.166447e+00 -1.054893e+00
1.084892e+01 -7.105869e+00 -1.053721e+00
1.085891e+01 -7.043404e+00 -1.052541e+00
1.086891e+01 -7.085133e+00 -1.051355e+00
1.087891e+01 -6.950509e+00 -1.050161e+00
1.088891e+01 -6.905955e+00 -1.048961e+00
1.089891e+01 -6.952487e+00 -1.047753e+00
1.090891e+01 -6.848708e+00 -1.046539e+00
1.091891e+01 -6.829097e+00 -1.045318e+00
1.092891e+01 -6.735403e+00 -1.044090e+00
1.093891e+01 -6.739311e+00 -1.042855e+00
1.094891e+01 -6.731775e+00 -1.041613e+00
1.095890e+01 -6.669776e+00 -1.040365e+00
1.096890e+01 -6.560678e+00 -1.039110e+00
1.097890e+01 -6.546746e+00 -1.037848e+00
1.098890e+01 -6.472866e+00 -1.036579e+00
1.099890e+01 -6.342697e+00 -1.035304e+00
1.100890e+01 -6.267702e+00 -1.034022e+00
1.101890e+01 -6.183496e+00 -1.032733e+00
1.102890e+01 -6.172774e+00 -1.031438e+00
1.103890e+01 -6.208652e+00 -1.030136e+00
1.104890e+01 -6.091067e+00 -1.028828e+00
1.105889e+01 -6.011645e+00 -1.027513e+00
1.106889e+01 -6.005116e+00 -1.026192e+00
1.107889e+01 -5.954386e+00 -1.024864e+00
1.108889e+01 -5.897142e+00 -1.023530e+00
1.109889e+01 -5.852105e+00 -1.022189e+00
1.110889e+01 -5.847540e+00 -1.020842e+00
1.111889e+01 -5.791447e+00 -1.019489e+00
1.112889e+01 -5.816372e+00 -1.018129e+00
1.113889e+01 -5.768319e+00 -1.016763e+00
1.114889e+01 -5.632895e+00 -1.015391e+00
1.115888e+01 -5.551833e+00 -1.014012e+00
1.116888e+01 -5.529569e+00 -1.012627e+00
1.117888e+01 -5.544571e+00 -1.011236e+00
1.118888e+01 -5.569570e+00 -1.009839e+00
1.119888e+01 -5.515989e+00 -1.008436e+00
1.120888e+01 -5.528742e+00 -1.007027e+00
1.121888e+01 -5.559482e+00 -1.005612e+00
1.122888e+01 -5.387248e+00 -1.004190e+00
1.123888e+01 -5.462037e+00 -1.002763e+00
1.124888e+01 -5.495272e+00 -1.001330e+00
1.125887e+01 -5.441610e+00 -9.998905e-01
1.126887e+01 -5.420402e+00 -9.984453e-01
1.127887e+01 -5.510181e+00 -9.969943e-01
1.128887e+01 -5.489938e+00 -9.955374e-01
1.129887e+01 -5.570813e+00 -9.940746e-01
1.130887e+01 -5.533246e+00 -9.926061e-01
1.131887e+01 -5.493625e+00 -9.911319e-01
1.132887e+01 -5.604509e+00 -9.896519e-01
1.133887e+01 -5.755194e+00 -9.881662e-01
1.134887e+01 -5.798014e+00 -9.866748e-01
1.135886e+01 -5.864372e+00 -9.851778e-01
1.136886e+01 -5.961526e+00 -9.836751e-01
1.137886e+01 -5.891639e+00 -9.821669e-01
1.138886e+01 -5.903098e+00 -9.806532e-01
1.139886e+01 -6.020907e+00 -9.791339e-01
1.140886e+01 -6.075571e+00 -9.776091e-01
1.141886e+01 -6.116003e+00 -9.760788e-01
1.142886e+01 -6.113558e+00 -9.745431e-01
1.143886e+01 -6.271823e+00 -9.730021e-01
1.144886e+01 -6.271132e+00 -9.714556e-01
1.145885e+01 -6.432810e+00 -9.699038e-01
1.146885e+01 -6.311535e+00 -9.683466e-01
1.147885e+01 -6.548478e+00 -9.667842e-01
1.148885e+01 -6.524560e+00 -9.652165e-01
1.149885e+01 -6.552700e+00 -9.636436e-01
1.150885e+01 -6.572017e+00 -9.620655e-01
1.151885e+01 -6.691802e+00 -9.604822e-01
1.152885e+01 -6.798191e+00 -9.588937e-01
1.153885e+01 -6.794717e+00 -9.573001e-01
1.154885e+01 -6.899024e+00 -9.557014e-01
1.155884e+01 -7.036088e+00 -9.540977e-01
1.156884e+01 -6.975598e+00 -9.524889e-01
1.157884e+01 -7.047001e+00 -9.508751e-01
1.158884e+01 -7.165683e+00 -9.492562e-01
1.159884e+01 -7.218815e+00 -9.476325e-01
1.160884e+01 -7.227786e+00 -9.460037e-01
1.161884e+01 -7.330062e+00 -9.443701e-01
1.162884e+01 -7.358930e+00 -9.427316e-01
1.163884e+01 -7.368049e+00 -9.410882e-01
1.164884e+01 -7.419185e+00 -9.394399e-01
1.165883e+01 -7.449666e+00 -9.377869e-01
1.166883e+01 -7.538279e+00 -9.361290e-01
1.167883e+01 -7.590504e+00 -9.344664e-01
1.168883e+01 -7.652353e+00 -9.327990e-01
1.169883e+01 -7.638330e+00 -9.311268e-01
1.170883e+01 -7.642759e+00 -9.294500e-01
1.171883e+01 -7.687275e+00 -9.277685e-01
1.172883e+01 -7.748547e+00 -9.260823e-01
1.173883e+01 -7.724709e+00 -9.243915e-01
1.174883e+01 -7.730295e+00 -9.226960e-01
1.175882e+01 -7.652254e+00 -9.209959e-01
1.176882e+01 -7.811827e+00 -9.192913e-01
1.177882e+01 -7.733508e+00 -9.175820e-01
1.178882e+01 -7.635709e+00 -9.158682e-01
1.179882e+01 -7.698029e+00 -9.141499e-01
1.180882e+01 -7.645153e+00 -9.124270e-01
1.181882e+01 -7.634882e+00 -9.106997e-01
1.182882e+01 -7.608314e+00 -9.089678e-01
1.183882e+01 -7.614037e+00 -9.072315e-01
1.184882e+01 -7.607952e+00 -9.054907e-01
1.185881e+01 -7.580008e+00 -9.037455e-01
1.186881e+01 -7.521346e+00 -9.019958e-01
1.187881e+01 -7.444370e+00 -9.002417e-01
1.188881e+01 -7.453339e+00 -8.984832e-01
1.189881e+01 -7.396849e+00 -8.967203e-01
1.190881e+01 -7.333417e+00 -8.949531e-01
1.191881e+01 -7.277127e+00 -8.931814e-01
1.192881e+01 -7.167927e+00 -8.914054e-01
1.193881e+01 -7.237319e+00 -8.896250e-01
1.194881e+01 -7.076515e+00 -8.878402e-01
1.195880e+01 -7.061754e+00 -8.860512e-01
1.196880e+01 -6.960629e+00 -8.842577e-01
1.197880e+01 -6.894028e+00 -8.824600e-01
1.198880e+01 -6.946640e+00 -8.806579e-01
1.199880e+01 -6.878118e+00 -8.788515e-01
1.200880e+01 -6.808875e+00 -8.770408e-01
1.201880e+01 -6.692206e+00 -8.752257e-01
1.202880e+01 -6.692555e+00 -8.734064e-01
1.203880e+01 -6.594995e+00 -8.715827e-01
1.204880e+01 -6.569325e+00 -8.697547e-01
1.205879e+01 -6.449840e+00 -8.679225e-01
1.206879e+01 -6.469315e+00 -8.660859e-01
1.207879e+01 -6.406574e+00 -8.642450e-01
1.208879e+01 -6.349327e+00 -8.623997e-01
1.209879e+01 -6.359658e+00 -8.605502e-01
1.210879e+01 -6.316381e+00 -8.586963e-01
1.211879e+01 -6.251332e+00 -8.568381e-01
1.212879e+01 -6.217231e+00 -8.549756e-01
1.213879e+01 -6.119754e+00 -8.531087e-01
1.214879e+01 -6.162146e+00 -8.512375e-01
1.215878e+01 -6.148884e+00 -8.493620e-01
1.216878e+01 -6.042317e+00 -8.474820e-01
1.217878e+01 -6.036370e+00 -8.455977e-01
1.218878e+01 -5.999603e+00 -8.437091e-01
1.219878e+01 -5.956694e+00 -8.418160e-01
1.220878e+01 -5.955725e+00 -8.399185e-01
1.221878e+01 -5.946471e+00 -8.380166e-01
1.222878e+01 -6.007641e+00 -8.361102e-01
1.223878e+01 -5.965860e+00 -8.341994e-01
1.224878e+01 -5.887674e+00 -8.322842e-01
1.225877e+01 -5.990125e+00 -8.303644e-01
1.226877e+01 -5.977012e+00 -8.284402e-01
1.227877e+01 -5.989564e+00 -8.265114e-01
1.228877e+01 -5.925763e+00 -8.245781e-01
1.229877e+01 -6.019304e+00 -8.226403e-01
1.230877e+01 -6.051984e+00 -8.206978e-01
1.231877e+01 -6.068158e+00 -8.187508e-01
1.232877e+01 -6.081805e+00 -8.167991e-01
1.233877e+01 -6.088726e+00 -8.148428e-01
1.234877e+01 -6.224958e+00 -8.128818e-01
1.235876e+01 -6.254289e+00 -8.109161e-01
1.236876e+01 -6.323041e+00 -8.089457e-01
1.237876e+01 -6.290826e+00 -8.069705e-01
1.238876e+01 -6.306154e+00 -8.049905e-01
1.239876e+01 -6.480551e+00 -8.030058e-01
1.240876e+01 -6.484302e+00 -8.010161e-01
1.241876e+01 -6.616178e+00 -7.990216e-01
1.242876e+01 -6.633867e+00 -7.970222e-01
1.243876e+01 -6.643090e+00 -7.950179e-01
1.244876e+01 -6.849975e+00 -7.930085e-01
1.245875e+01 -6.861894e+00 -7.909942e-01
1.246875e+01 -6.917355e+00 -7.889748e-01
1.247875e+01 -6.887424e+00 -7.869503e-01
1.248875e+01 -7.062054e+00 -7.849206e-01
1.249875e+01 -7.079762e+00 -7.828859e-01
1.250875e+01 -7.149173e+00 -7.808459e-01
1.251875e+01 -7.218809e+00 -7.788006e-01
1.252875e+01 -7.262263e+00 -7.767501e-01
1.253875e+01 -7.332703e+00 -7.746942e-01
1.254875e+01 -7.388607e+00 -7.726329e-01
1.255874e+01 -7.479170e+00 -7.705663e-01
1.256874e+01 -7.518178e+00 -7.684941e-01
1.257874e+01 -7.499325e+00 -7.664164e-01
1.258874e+01 -7.607258e+00 -7.643332e-01
1.259874e+01 -7.757632e+00 -7.622443e-01
1.260874e+01 -7.778845e+00 -7.601498e-01
1.261874e+01 -7.770656e+00 -7.580495e-01
1.262874e+01 -7.872596e+00 -7.559435e-01
1.263874e+01 -7.923217e+00 -7.538317e-01
1.264874e+01 -7.953036e+00 -7.517139e-01
1.265873e+01 -7.931980e+00 -7.495902e-01
1.266873e+01 -7.946819e+00 -7.474606e-01
1.267873e+01 -8.083643e+00 -7.453249e-01
1.268873e+01 -8.056381e+00 -7.431830e-01
1.269873e+01 -8.104817e+00 -7.410350e-01
1.270873e+01 -8.107332e+00 -7.388808e-01
1.271873e+01 -8.294608e+00 -7.367203e-01
1.272873e+01 -8.169633e+00 -7.345534e-01
1.273873e+01 -8.198302e+00 -7.323801e-01
1.274873e+01 -8.197012e+00 -7.302003e-01
1.275872e+01 -8.275207e+00 -7.280140e-01
1.276872e+01 -8.091344e+00 -7.258210e-01
1.277872e+01 -8.157028e+00 -7.236214e-01
1.278872e+01 -8.203205e+00 -7.214150e-01
1.279872e+01 -8.144510e+00 -7.192017e-01
1.280872e+01 -8.235006e+00 -7.169816e-01
1.281872e+01 -8.145636e+00 -7.147546e-01
1.282872e+01 -8.017021e+00 -7.125204e-01
1.283872e+01 -8.059255e+00 -7.102792e-01
1.284872e+01 -7.952064e+00 -7.080308e-01
1.285871e+01 -7.937165e+00 -7.057751e-01
1.286871e+01 -8.017962e+00 -7.035121e-01
1.287871e+01 -7.957444e+00 -7.012416e-01
1.288871e+01 -7.939533e+00 -6.989637e-01
1.289871e+01 -7.836654e+00 -6.966782e-01
1.290871e+01 -7.790066e+00 -6.943850e-01
1.291871e+01 -7.709074e+00 -6.920841e-01
1.292871e+01 -7.713371e+00 -6.897753e-01
1.293871e+01 -7.620614e+00 -6.874587e-01
1.294871e+01 -7.598032e+00 -6.851340e-01
1.295870e+01 -7.447742e+00 -6.828013e-01
1.296870e+01 -7.491078e+00 -6.804604e-01
1.297870e+01 -7.429811e+00 -6.781113e-01
1.298870e+01 -7.360755e+00 -6.757538e-01
1.299870e+01 -7.312852e+00 -6.733879e-01
1.300870e+01 -7.277779e+00 -6.710134e-01
1.301870e+01 -7.203845e+00 -6.686304e-01
1.302870e+01 -7.228069e+00 -6.662386e-01
1.303870e+01 -7.052356e+00 -6.638380e-01
1.304870e+01 -6.999089e+00 -6.614286e-01
1.305869e+01 -6.960750e+00 -6.590101e-01
1.306869e+01 -6.850491e+00 -6.565825e-01
1.307869e+01 -6.881223e+00 -6.541458e-01
1.308869e+01 -6.746636e+00 -6.516998e-01
1.309869e+01 -6.794382e+00 -6.492444e-01
1.310869e+01 -6.715814e+00 -6.467795e-01
1.311869e+01 -6.767813e+00 -6.443050e-01
1.312869e+01 -6.682103e+00 -6.418209e-01
1.313869e+01 -6.518098e+00 -6.393269e-01
1.314869e+01 -6.499650e+00 -6.368230e-01
1.315868e+01 -6.576171e+00 -6.343092e-01
1.316868e+01 -6.459674e+00 -6.317852e-01
1.317868e+01 -6.499282e+00 -6.292510e-01
1.318868e+01 -6.427128e+00 -6.267065e-01
1.319868e+01 -6.359680e+00 -6.241515e-01
1.320868e+01 -6.386419e+00 -6.215860e-01
1.321868e+01 -6.418555e+00 -6.190099e-01
1.322868e+01 -6.381989e+00 -6.164230e-01
1.323868e+01 -6.340908e+00 -6.138252e-01
1.324868e+01 -6.463313e+00 -6.112164e-01
1.325867e+01 -6.300919e+00 -6.085965e-01
1.326867e+01 -6.351972e+00 -6.059654e-01
1.327867e+01 -6.384833e+00 -6.033229e-01
1.328867e+01 -6.426711e+00 -6.006690e-01
1.329867e+01 -6.389194e+00 -5.980035e-01
1.330867e+01 -6.578341e+00 -5.953263e-01
1.331867e+01 -6.507375e+00 -5.926373e-01
1.332867e+01 -6.571024e+00 -5.899363e-01
1.333867e+01 -6.584344e+00 -5.872233e-01
1.334867e+01 -6.649054e+00 -5.844981e-01
1.335866e+01 -6.688305e+00 -5.817606e-01
1.336866e+01 -6.729105e+00 -5.790107e-01
1.337866e+01 -6.818801e+00 -5.762482e-01
1.338866e+01 -6.868249e+00 -5.734730e-01
1.339866e+01 -6.833653e+00 -5.706850e-01
1.340866e+01 -6.900623e+00 -5.678841e-01
1.341866e+01 -6.941879e+00 -5.650701e-01
1.342866e+01 -7.042536e+00 -5.622429e-01
1.343866e+01 -7.011642e+00 -5.594024e-01
1.344866e+01 -7.153696e+00 -5.565484e-01
1.345865e+01 -7.264463e+00 -5.536809e-01
1.346865e+01 -7.314560e+00 -5.507996e-01
1.347865e+01 -7.315378e+00 -5.479044e-01
1.348865e+01 -7.385600e+00 -5.449953e-01
1.349865e+01 -7.457725e+00 -5.420720e-01
1.350865e+01 -7.631103e+00 -5.391345e-01
1.351865e+01 -7.689269e+00 -5.361825e-01
1.352865e+01 -7.773748e+00 -5.332160e-01
1.353865e+01 -7.843359e+00 -5.302349e-01
1.354865e+01 -7.849253e+00 -5.272389e-01
1.355864e+01 -7.799708e+00 -5.242280e-01
1.356864e+01 -7.919151e+00 -5.212019e-01
1.357864e+01 -7.902889e+00 -5.181606e-01
1.358864e+01 -8.031511e+00 -5.151039e-01
1.359864e+01 -8.041713e+00 -5.120317e-01
1.360864e+01 -8.155105e+00 -5.089439e-01
1.361864e+01 -8.238426e+00 -5.058402e-01
1.362864e+01 -8.212891e+00 -5.027205e-01
1.363864e+01 -8.352464e+00 -4.995847e-01
1.364864e+01 -8.424163e+00 -4.964327e-01
1.365863e+01 -8.375356e+00 -4.932642e-01
1.366863e+01 -8.460758e+00 -4.900792e-01
1.367863e+01 -8.514044e+00 -4.868775e-01
1.368863e+01 -8.421393e+00 -4.836590e-01
1.369863e+01 -8.554530e+00 -4.804234e-01
1.370863e+01 -8.634262e+00 -4.771707e-01
1.371863e+01 -8.681911e+00 -4.739006e-01
1.372863e+01 -8.643004e+00 -4.706131e-01
1.373863e+01 -8.658963e+00 -4.673080e-01
1.374863e+01 -8.592237e+00 -4.639851e-01
1.375862e+01 -8.643147e+00 -4.606443e-01
1.376862e+01 -8.524524e+00 -4.572854e-01
1.377862e+01 -8.582439e+00 -4.539082e-01
1.378862e+01 -8.517216e+00 -4.505127e-01
1.379862e+01 -8.530874e+00 -4.470986e-01
1.380862e+01 -8.626562e+00 -4.436658e-01
1.381862e+01 -8.552519e+00 -4.402141e-01
1.382862e+01 -8.443043e+00 -4.367434e-01
1.383862e+01 -8.484120e+00 -4.332535e-01
1.384862e+01 -8.388455e+00 -4.297443e-01
1.385861e+01 -8.395911e+00 -4.262155e-01
1.386861e+01 -8.346948e+00 -4.226671e-01
1.387861e+01 -8.363708e+00 -4.190988e-01
1.388861e+01 -8.356896e+00 -4.155106e-01
1.389861e+01 -8.382701e+00 -4.119022e-01
1.390861e+01 -8.171218e+00 -4.082735e-01
1.391861e+01 -8.137033e+00 -4.046242e-01
1.392861e+01 -8.122771e+00 -4.009544e-01
1.393861e+01 -8.142039e+00 -3.972637e-01
1.394861e+01 -7.947480e+00 -3.935520e-01
1.395860e+01 -8.011566e+00 -3.898192e-01
1.396860e+01 -7.794864e+00 -3.860650e-01
1.397860e+01 -7.790634e+00 -3.822894e-01
1.398860e+01 -7.759386e+00 -3.784922e-01
1.399860e+01 -7.717366e+00 -3.746731e-01
1.400860e+01 -7.615318e+00 -3.708320e-01
1.401860e+01 -7.561697e+00 -3.669688e-01
1.402860e+01 -7.491301e+00 -3.630833e-01
1.403860e+01 -7.389211e+00 -3.591752e-01
1.404860e+01 -7.318040e+00 -3.552445e-01
1.405859e+01 -7.418415e+00 -3.512910e-01
1.406859e+01 -7.366166e+00 -3.473145e-01
1.407859e+01 -7.312349e+00 -3.433148e-01
1.408859e+01 -7.275219e+00 -3.392918e-01
1.409859e+01 -7.082487e+00 -3.352453e-01
1.410859e+01 -7.108574e+00 -3.311750e-01
1.411859e+01 -7.066906e+00 -3.270810e-01
1.412859e+01 -7.098616e+00 -3.229629e-01
1.413859e+01 -6.977239e+00 -3.188206e-01
1.414859e+01 -6.946304e+00 -3.146539e-01
1.415858e+01 -6.918064e+00 -3.104627e-01
1.416858e+01 -6.906168e+00 -3.062468e-01
1.417858e+01 -6.893427e+00 -3.020060e-01
1.418858e+01 -6.835592e+00 -2.977402e-01
1.419858e+01 -6.821651e+00 -2.934491e-01
1.420858e+01 -6.841211e+00 -2.891326e-01
1.421858e+01 -6.789373e+00 -2.847906e-01
1.422858e+01 -6.852138e+00 -2.804228e-01
1.423858e+01 -6.879468e+00 -2.760290e-01
1.424858e+01 -6.813367e+00 -2.716092e-01
1.425857e+01 -6.792134e+00 -2.671632e-01
1.426857e+01 -6.778645e+00 -2.626907e-01
1.427857e+01 -6.689591e+00 -2.581916e-01
1.428857e+01 -6.834989e+00 -2.536657e-01
1.429857e+01 -6.889625e+00 -2.491129e-01
1.430857e+01 -6.927080e+00 -2.445329e-01
1.431857e+01 -6.920855e+00 -2.399257e-01
1.432857e+01 -6.994919e+00 -2.352910e-01
1.433857e+01 -7.015490e+00 -2.306287e-01
1.434857e+01 -7.049700e+00 -2.259385e-01
1.435856e+01 -7.036986e+00 -2.212204e-01
1.436856e+01 -7.099105e+00 -2.164741e-01
1.437856e+01 -7.167937e+00 -2.116996e-01
1.438856e+01 -7.253345e+00 -2.068965e-01
1.439856e+01 -7.240600e+00 -2.020648e-01
1.440856e+01 -7.388315e+00 -1.972043e-01
1.441856e+01 -7.362569e+00 -1.923148e-01
1.442856e+01 -7.414661e+00 -1.873961e-01
1.443856e+01 -7.453162e+00 -1.824481e-01
1.444856e+01 -7.657626e+00 -1.774707e-01
1.445855e+01 -7.635388e+00 -1.724635e-01
1.446855e+01 -7.718144e+00 -1.674266e-01
1.447855e+01 -7.675991e+00 -1.623597e-01
1.448855e+01 -7.862444e+00 -1.572626e-01
1.449855e+01 -7.903424e+00 -1.521352e-01
1.450855e+01 -7.941833e+00 -1.469774e-01
1.451855e+01 -7.924841e+00 -1.417889e-01
1.452855e+01 -8.126075e+00 -1.365696e-01
1.453855e+01 -8.176203e+00 -1.313194e-01
1.454855e+01 -8.202098e+00 -1.260381e-01
1.455854e+01 -8.382110e+00 -1.207255e-01
1.456854e+01 -8.488770e+00 -1.153815e-01
1.457854e+01 -8.462705e+00 -1.100059e-01
1.458854e+01 -8.402359e+00 -1.045985e-01
1.459854e+01 -8.523930e+00 -9.915929e-02
1.460854e+01 -8.502375e+00 -9.368803e-02
1.461854e+01 -8.577505e+00 -8.818458e-02
1.462854e+01 -8.656821e+00 -8.264878e-02
1.463854e+01 -8.714054e+00 -7.708050e-02
1.464854e+01 -8.726540e+00 -7.147958e-02
1.465853e+01 -8.705407e+00 -6.584587e-02
1.466853e+01 -8.915825e+00 -6.017924e-02
1.467853e+01 -8.878076e+00 -5.447954e-02
1.468853e+01 -8.941312e+00 -4.874663e-02
1.469853e+01 -8.950893e+00 -4.298037e-02
1.470853e+01 -8.966868e+00 -3.718061e-02
1.471853e+01 -8.957843e+00 -3.134723e-02
1.472853e+01 -8.947126e+00 -2.548009e-02
1.473853e+01 -9.021878e+00 -1.957905e-02
1.474853e+01 -8.983784e+00 -1.364398e-02
1.475852e+01 -8.957699e+00 -7.674752e-03
1.476852e+01 -9.003424e+00 -1.671241e-03
1.477852e+01 -9.007985e+00 4.366682e-03
1.478852e+01 -8.962625e+00 1.043914e-02
1.479852e+01 -8.993039e+00 1.654626e-02
1.480852e+01 -9.067820e+00 2.268815e-02
1.481852e+01 -8.950686e+00 2.886494e-02
1.482852e+01 -8.876006e+00 3.507674e-02
1.483852e+01 -8.874535e+00 4.132367e-02
1.484852e+01 -8.823065e+00 4.760584e-02
1.485851e+01 -8.798350e+00 5.392334e-02
1.486851e+01 -8.697182e+00 6.027630e-02
1.487851e+01 -8.742981e+00 6.666482e-02
1.488851e+01 -8.682446e+00 7.308899e-02
1.489851e+01 -8.693759e+00 7.954892e-02
1.490851e+01 -8.535514e+00 8.604470e-02
1.491851e+01 -8.543514e+00 9.257643e-02
1.492851e+01 -8.576334e+00 9.914419e-02
1.493851e+01 -8.462428e+00 1.057481e-01
1.494851e+01 -8.455168e+00 1.123882e-01
1.495850e+01 -8.354913e+00 1.190646e-01
1.496850e+01 -8.238140e+00 1.257773e-01
1.497850e+01 -8.262159e+00 1.325265e-01
1.498850e+01 -8.175318e+00 1.393122e-01
1.499850e+01 -8.088905e+00 1.461346e-01
1.500850e+01 -7.991137e+00 1.529935e-01
1.501850e+01 -8.022468e+00 1.598892e-01
1.502850e+01 -7.889899e+00 1.668217e-01
1.503850e+01 -7.898580e+00 1.737910e-01
1.504850e+01 -7.749806e+00 1.807972e-01
1.505849e+01 -7.767808e+00 1.878403e-01
1.506849e+01 -7.591931e+00 1.949204e-01
1.507849e+01 -7.580848e+00 2.020375e-01
1.508849e+01 -7.680604e+00 2.091917e-01
1.509849e+01 -7.539399e+00 2.163830e-01
1.510849e+01 -7.514665e+00 2.236114e-01
1.511849e+01 -7.433768e+00 2.308770e-01
1.512849e+01 -7.366324e+00 2.381798e-01
1.513849e+01 -7.392617e+00 2.455197e-01
1.514849e+01 -7.384004e+00 2.528969e-01
1.515848e+01 -7.283092e+00 2.603112e-01
1.516848e+01 -7.320918e+00 2.677628e-01
1.517848e+01 -7.269504e+00 2.752516e-01
1.518848e+01 -7.318970e+00 2.827777e-01
1.519848e+01 -7.122525e+00 2.903409e-01
1.520848e+01 -7.211818e+00 2.979413e-01
1.521848e+01 -7.200992e+00 3.055790e-01
1.522848e+01 -7.174086e+00 3.132537e-01
1.523848e+01 -7.184033e+00 3.209657e-01
1.524848e+01 -7.112265e+00 3.287147e-01
1.525847e+01 -7.118265e+00 3.365007e-01
1.526847e+01 -7.235465e+00 3.443238e-01
1.527847e+01 -7.173172e+00 3.521839e-01
1.528847e+01 -7.234507e+00 3.600809e-01
1.529847e+01 -7.351680e+00 3.680147e-01
1.530847e+01 -7.240012e+00 3.759854e-01
1.531847e+01 -7.314725e+00 3.839927e-01
1.532847e+01 -7.414641e+00 3.920368e-01
1.533847e+01 -7.386526e+00 4.001174e-01
1.534847e+01 -7.408094e+00 4.082345e-01
1.535846e+01 -7.486036e+00 4.163880e-01
1.536846e+01 -7.480008e+00 4.245777e-01
1.537846e+01 -7.590707e+00 4.328037e-01
1.538846e+01 -7.637590e+00 4.410658e-01
1.539846e+01 -7.683784e+00 4.493639e-01
1.540846e+01 -7.736276e+00 4.576978e-01
1.541846e+01 -7.736800e+00 4.660675e-01
1.542846e+01 -7.839246e+00 4.744727e-01
1.543846e+01 -7.838161e+00 4.829134e-01
1.544846e+01 -7.937878e+00 4.913894e-01
1.545845e+01 -7.994899e+00 4.999006e-01
1.546845e+01 -8.080925e+00 5.084468e-01
1.547845e+01 -8.081344e+00 5.170278e-01
1.548845e+01 -8.102556e+00 5.256435e-01
1.549845e+01 -8.209712e+00 5.342936e-01
1.550845e+01 -8.396985e+00 5.429781e-01
1.551845e+01 -8.344422e+00 5.516967e-01
1.552845e+01 -8.505984e+00 5.604491e-01
1.553845e+01 -8.507296e+00 5.692353e-01
1.554845e+01 -8.546756e+00 5.780550e-01
1.555844e+01 -8.677869e+00 5.869080e-01
1.556844e+01 -8.623582e+00 5.957940e-01
1.557844e+01 -8.775930e+00 6.047128e-01
1.558844e+01 -8.874879e+00 6.136641e-01
1.559844e+01 -8.859381e+00 6.226478e-01
1.560844e+01 -9.005792e+00 6.316636e-01
1.561844e+01 -9.008967e+00 6.407112e-01
1.562844e+01 -9.008562e+00 6.497903e-01
1.563844e+01 -9.116189e+00 6.589006e-01
1.564844e+01 -9.122124e+00 6.680420e-01
1.565843e+01 -9.190733e+00 6.772140e-01
1.566843e+01 -9.230002e+00 6.864164e-01
1.567843e+01 -9.257032e+00 6.956489e-01
1.568843e+01 -9.334711e+00 7.049111e-01
1.569843e+01 -9.279428e+00 7.142027e-01
1.570843e+01 -9.248618e+00 7.235235e-01
1.571843e+01 -9.320690e+00 7.328730e-01
1.572843e+01 -9.341172e+00 7.422509e-01
1.573843e+01 -9.368521e+00 7.516569e-01
1.574843e+01 -9.279686e+00 7.610906e-01
1.575842e+01 -9.246156e+00 7.705516e-01
1.576842e+01 -9.403875e+00 7.800396e-01
1.577842e+01 -9.309601e+00 7.895542e-01
1.578842e+01 -9.339969e+00 7.990949e-01
1.579842e+01 -9.376841e+00 8.086614e-01
1.580842e+01 -9.295046e+00 8.182532e-01
1.581842e+01 -9.322546e+00 8.278700e-01
1.582842e+01 -9.338598e+00 8.375114e-01
1.583842e+01 -9.285235e+00 8.471768e-01
1.584842e+01 -9.199186e+00 8.568658e-01
1.585841e+01 -9.245125e+00 8.665781e-01
1.586841e+01 -9.138853e+00 8.763131e-01
1.587841e+01 -9.145077e+00 8.860704e-01
1.588841e+01 -8.969553e+00 8.958494e-01
1.589841e+01 -8.965480e+00 9.056498e-01
1.590841e+01 -9.012707e+00 9.154710e-01
1.591841e+01 -8.885948e+00 9.253126e-01
1.592841e+01 -8.803616e+00 9.351740e-01
1.593841e+01 -8.801475e+00 9.450547e-01
1.594841e+01 -8.722081e+00 9.549542e-01
1.595840e+01 -8.668106e+00 9.648719e-01
1.596840e+01 -8.630712e+00 9.748074e-01
1.597840e+01 -8.546662e+00 9.847601e-01
1.598840e+01 -8.416350e+00 9.947295e-01
1.599840e+01 -8.433141e+00 1.004715e+00
1.600840e+01 -8.378346e+00 1.014716e+00
1.601840e+01 -8.415247e+00 1.024732e+00
1.602840e+01 -8.148344e+00 1.034762e+00
1.603840e+01 -8.276745e+00 1.044806e+00
1.604840e+01 -8.100317e+00 1.054863e+00
1.605839e+01 -8.118349e+00 1.064933e+00
1.606839e+01 -7.950512e+00 1.075014e+00
1.607839e+01 -7.925767e+00 1.085107e+00
1.608839e+01 -7.974641e+00 1.095211e+00
1.609839e+01 -7.889874e+00 1.105325e+00
1.610839e+01 -7.945979e+00 1.115448e+00
1.611839e+01 -7.791377e+00 1.125580e+00
1.612839e+01 -7.864946e+00 1.135720e+00
1.613839e+01 -7.749193e+00 1.145868e+00
1.614839e+01 -7.733638e+00 1.156022e+00
1.615838e+01 -7.640145e+00 1.166182e+00
1.616838e+01 -7.570579e+00 1.176348e+00
1.617838e+01 -7.659171e+00 1.186519e+00
1.618838e+01 -7.589207e+00 1.196694e+00
1.619838e+01 -7.527577e+00 1.206872e+00
1.620838e+01 -7.582501e+00 1.217053e+00
1.621838e+01 -7.471412e+00 1.227236e+00
1.622838e+01 -7.451572e+00 1.237419e+00
1.623838e+01 -7.590227e+00 1.247604e+00
1.624838e+01 -7.558307e+00 1.257788e+00
1.625837e+01 -7.478046e+00 1.267971e+00
1.626837e+01 -7.548351e+00 1.278153e+00
1.627837e+01 -7.558089e+00 1.288332e+00
1.628837e+01 -7.597058e+00 1.298508e+00
1.629837e+01 -7.628551e+00 1.308680e+00
1.630837e+01 -7.573714e+00 1.318847e+00
1.631837e+01 -7.674896e+00 1.329009e+00
1.632837e+01 -7.658305e+00 1.339165e+00
1.633837e+01 -7.783854e+00 1.349313e+00
1.634837e+01 -7.768285e+00 1.359454e+00
1.635836e+01 -7.759399e+00 1.369586e+00
1.636836e+01 -7.809074e+00 1.379708e+00
1.637836e+01 -7.953700e+00 1.389821e+00
1.638836e+01 -7.917863e+00 1.399923e+00
1.639836e+01 -7.895761e+00 1.410012e+00
1.640836e+01 -8.040150e+00 1.420089e+00
1.641836e+01 -8.029823e+00 1.430153e+00
1.642836e+01 -8.099037e+00 1.440203e+00
1.643836e+01 -8.204436e+00 1.450237e+00
1.644836e+01 -8.286116e+00 1.460256e+00
1.645835e+01 -8.308109e+00 1.470258e+00
1.646835e+01 -8.496105e+00 1.480243e+00
1.647835e+01 -8.541270e+00 1.490209e+00
1.648835e+01 -8.603881e+00 1.500157e+00
1.649835e+01 -8.560448e+00 1.510084e+00
1.650835e+01 -8.637507e+00 1.519990e+00
1.651835e+01 -8.766551e+00 1.529875e+00
1.652835e+01 -8.798771e+00 1.539738e+00
1.653835e+01 -8.835650e+00 1.549577e+00
1.654835e+01 -8.883396e+00 1.559392e+00
1.655834e+01 -8.927847e+00 1.569182e+00
1.656834e+01 -9.064783e+00 1.578947e+00
1.657834e+01 -9.233907e+00 1.588685e+00
1.658834e+01 -9.170099e+00 1.598395e+00
1.659834e+01 -9.196021e+00 1.608077e+00
1.660834e+01 -9.251799e+00 1.617730e+00
1.661834e+01 -9.341670e+00 1.627352e+00
1.662834e+01 -9.408196e+00 1.636945e+00
1.663834e+01 -9.444852e+00 1.646505e+00
1.664834e+01 -9.428547e+00 1.656033e+00
1.665833e+01 -9.556190e+00 1.665527e+00
1.666833e+01 -9.524427e+00 1.674988e+00
1.667833e+01 -9.619086e+00 1.684413e+00
1.668833e+01 -9.658235e+00 1.693802e+00
1.669833e+01 -9.677082e+00 1.703155e+00
1.670833e+01 -9.636907e+00 1.712470e+00
1.671833e+01 -9.714838e+00 1.721747e+00
1.672833e+01 -9.688206e+00 1.730985e+00
1.673833e+01 -9.652420e+00 1.740183e+00
1.674833e+01 -9.633576e+00 1.749340e+00
1.675832e+01 -9.609303e+00 1.758455e+00
1.676832e+01 -9.713506e+00 1.767527e+00
1.677832e+01 -9.681554e+00 1.776557e+00
1.678832e+01 -9.697024e+00 1.785542e+00
1.679832e+01 -9.584242e+00 1.794483e+00
1.680832e+01 -9.620008e+00 1.803377e+00
1.681832e+01 -9.657892e+00 1.812225e+00
1.682832e+01 -9.619906e+00 1.821026e+00
1.683832e+01 -9.560901e+00 1.829779e+00
1.684832e+01 -9.527920e+00 1.838482e+00
1.685831e+01 -9.493224e+00 1.847136e+00
1.686831e+01 -9.531859e+00 1.855740e+00
1.687831e+01 -9.410921e+00 1.864292e+00
1.688831e+01 -9.416944e+00 1.872792e+00
1.689831e+01 -9.338034e+00 1.881239e+00
1.690831e+01 -9.370927e+00 1.889632e+00
1.691831e+01 -9.124849e+00 1.897972e+00
1.692831e+01 -9.160491e+00 1.906255e+00
1.693831e+01 -9.207416e+00 1.914483e+00
1.694831e+01 -9.116775e+00 1.922655e+00
1.695830e+01 -8.951388e+00 1.930769e+00
1.696830e+01 -8.940620e+00 1.938825e+00
1.697830e+01 -8.894892e+00 1.946821e+00
1.698830e+01 -8.897916e+00 1.954759e+00
1.699830e+01 -8.799471e+00 1.962636e+00
1.700830e+01 -8.705459e+00 1.970451e+00
1.701830e+01 -8.612296e+00 1.978206e+00
1.702830e+01 -8.553165e+00 1.985897e+00
1.703830e+01 -8.594342e+00 1.993525e+00
1.704830e+01 -8.509515e+00 2.001090e+00
1.705829e+01 -8.432085e+00 2.008590e+00
1.706829e+01 -8.426206e+00 2.016025e+00
1.707829e+01 -8.368884e+00 2.023393e+00
1.708829e+01 -8.236392e+00 2.030695e+00
1.709829e+01 -8.185651e+00 2.037930e+00
1.710829e+01 -8.138899e+00 2.045097e+00
1.711829e+01 -8.183706e+00 2.052195e+00
1.712829e+01 -8.106290e+00 2.059224e+00
1.713829e+01 -8.031653e+00 2.066184e+00
1.714829e+01 -7.942429e+00 2.073072e+00
1.715828e+01 -7.970172e+00 2.079890e+00
1.716828e+01 -7.970548e+00 2.086636e+00
1.717828e+01 -7.952352e+00 2.093309e+00
1.718828e+01 -7.886892e+00 2.099910e+00
1.719828e+01 -7.871899e+00 2.106437e+00
1.720828e+01 -7.844049e+00 2.112890e+00
1.721828e+01 -7.753959e+00 2.119268e+00
1.722828e+01 -7.852609e+00 2.125571e+00
1.723828e+01 -7.773833e+00 2.131798e+00
1.724828e+01 -7.818227e+00 2.137949e+00
1.725827e+01 -7.878693e+00 2.144022e+00
1.726827e+01 -7.894134e+00 2.150019e+00
1.727827e+01 -7.835757e+00 2.155937e+00
1.728827e+01 -7.826891e+00 2.161776e+00
1.729827e+01 -7.837614e+00 2.167537e+00
1.730827e+01 -7.882136e+00 2.173218e+00
1.731827e+01 -7.938723e+00 2.178819e+00
1.732827e+01 -7.992209e+00 2.184339e+00
1.733827e+01 -8.013967e+00 2.189778e+00
1.734827e+01 -7.996682e+00 2.195136e+00
1.735826e+01 -8.038420e+00 2.200411e+00
1.736826e+01 -8.068377e+00 2.205604e+00
1.737826e+01 -8.083583e+00 2.210715e+00
1.738826e+01 -8.300061e+00 2.215741e+00
1.739826e+01 -8.338867e+00 2.220684e+00
1.740826e+01 -8.366935e+00 2.225543e+00
1.741826e+01 -8.395788e+00 2.230316e+00
1.742826e+01 -8.472289e+00 2.235005e+00
1.743826e+01 -8.592853e+00 2.239608e+00
1.744826e+01 -8.500395e+00 2.244125e+00
1.745825e+01 -8.661283e+00 2.248556e+00
1.746825e+01 -8.660363e+00 2.252900e+00
1.747825e+01 -8.699577e+00 2.257157e+00
1.748825e+01 -8.769086e+00 2.261327e+00
1.749825e+01 -8.951868e+00 2.265409e+00
1.750825e+01 -9.019755e+00 2.269402e+00
1.751825e+01 -8.968633e+00 2.273307e+00
1.752825e+01 -9.107759e+00 2.277123e+00
1.753825e+01 -9.158946e+00 2.280850e+00
1.754825e+01 -9.274603e+00 2.284487e+00
1.755824e+01 -9.215189e+00 2.288035e+00
1.756824e+01 -9.341569e+00 2.291492e+00
1.757824e+01 -9.390359e+00 2.294859e+00
1.758824e+01 -9.397738e+00 2.298136e+00
1.759824e+01 -9.534027e+00 2.301321e+00
1.760824e+01 -9.558998e+00 2.304415e+00
1.761824e+01 -9.638808e+00 2.307417e+00
1.762824e+01 -9.639396e+00 2.310328e+00
1.763824e+01 -9.723659e+00 2.313146e+00
1.764824e+01 -9.773944e+00 2.315872e+00
1.765823e+01 -9.817559e+00 2.318506e+00
1.766823e+01 -9.837316e+00 2.321047e+00
1.767823e+01 -9.929907e+00 2.323495e+00
1.768823e+01 -9.902352e+00 2.325850e+00
1.769823e+01 -9.809980e+00 2.328111e+00
1.770823e+01 -9.861833e+00 2.330279e+00
1.771823e+01 -9.857283e+00 2.332353e+00
1.772823e+01 -9.978964e+00 2.334333e+00
1.773823e+01 -1.003934e+01 2.336219e+00
1.774823e+01 -1.001817e+01 2.338010e+00
1.775822e+01 -1.000350e+01 2.339708e+00
1.776822e+01 -9.969593e+00 2.341310e+00
1.777822e+01 -9.882034e+00 2.342818e+00
1.778822e+01 -9.971294e+00 2.344232e+00
1.779822e+01 -9.982242e+00 2.345550e+00
1.780822e+01 -9.878588e+00 2.346773e+00
1.781822e+01 -1.008740e+01 2.347901e+00
1.782822e+01 -9.866893e+00 2.348934e+00
1.783822e+01 -9.746546e+00 2.349871e+00
1.784822e+01 -9.803179e+00 2.350713e+00
1.785821e+01 -9.865956e+00 2.351460e+00
1.786821e+01 -9.847427e+00 2.352110e+00
1.787821e+01 -9.674045e+00 2.352666e+00
1.788821e+01 -9.691878e+00 2.353125e+00
1.789821e+01 -9.640768e+00 2.353489e+00
1.790821e+01 -9.612710e+00 2.353757e+00
1.791821e+01 -9.508962e+00 2.353930e+00
1.792821e+01 -9.433261e+00 2.354006e+00
1.793821e+01 -9.403632e+00 2.353987e+00
1.794821e+01 -9.335543e+00 2.353872e+00
1.795820e+01 -9.363019e+00 2.353661e+00
1.796820e+01 -9.269163e+00 2.353355e+00
1.797820e+01 -9.155807e+00 2.352953e+00
1.798820e+01 -9.110470e+00 2.352455e+00
1.799820e+01 -8.986301e+00 2.351861e+00
1.800820e+01 -8.968858e+00 2.351172e+00
1.801820e+01 -8.910902e+00 2.350387e+00
1.802820e+01 -8.904477e+00 2.349506e+00
1.803820e+01 -8.762376e+00 2.348531e+00
1.804820e+01 -8.633043e+00 2.347460e+00
1.805819e+01 -8.783520e+00 2.346293e+00
1.806819e+01 -8.665251e+00 2.345032e+00
1.807819e+01 -8.694877e+00 2.343675e+00
1.808819e+01 -8.609294e+00 2.342224e+00
1.809819e+01 -8.493259e+00 2.340678e+00
1.810819e+01 -8.384701e+00 2.339037e+00
1.811819e+01 -8.526708e+00 2.337301e+00
1.812819e+01 -8.460670e+00 2.335471e+00
1.813819e+01 -8.229182e+00 2.333547e+00
1.814819e+01 -8.214760e+00 2.331529e+00
1.815818e+01 -8.346844e+00 2.329416e+00
1.816818e+01 -8.213093e+00 2.327211e+00
1.817818e+01 -8.226129e+00 2.324911e+00
1.818818e+01 -8.178568e+00 2.322518e+00
1.819818e+01 -8.213308e+00 2.320032e+00
1.820818e+01 -8.063031e+00 2.317453e+00
1.821818e+01 -8.079828e+00 2.314782e+00
1.822818e+01 -8.090438e+00 2.312018e+00
1.823818e+01 -8.157744e+00 2.309161e+00
1.824818e+01 -8.079848e+00 2.306213e+00
1.825817e+01 -8.058890e+00 2.303173e+00
1.826817e+01 -8.025153e+00 2.300041e+00
1.827817e+01 -8.035909e+00 2.296818e+00
1.828817e+01 -8.225184e+00 2.293504e+00
1.829817e+01 -8.161681e+00 2.290100e+00
1.830817e+01 -8.289628e+00 2.286605e+00
1.831817e+01 -8.149728e+00 2.283020e+00
1.832817e+01 -8.256060e+00 2.279345e+00
1.833817e+01 -8.301174e+00 2.275580e+00
1.834817e+01 -8.404613e+00 2.271727e+00
1.835816e+01 -8.396397e+00 2.267785e+00
1.836816e+01 -8.418920e+00 2.263754e+00
1.837816e+01 -8.398647e+00 2.259635e+00
1.838816e+01 -8.491333e+00 2.255429e+00
1.839816e+01 -8.539823e+00 2.251135e+00
1.840816e+01 -8.580054e+00 2.246754e+00
1.841816e+01 -8.594733e+00 2.242286e+00
1.842816e+01 -8.798700e+00 2.237732e+00
1.843816e+01 -8.717645e+00 2.233092e+00
1.844816e+01 -8.924592e+00 2.228367e+00
1.845815e+01 -8.899443e+00 2.223557e+00
1.846815e+01 -8.988633e+00 2.218662e+00
1.847815e+01 -8.936014e+00 2.213683e+00
1.848815e+01 -9.211134e+00 2.208620e+00
1.849815e+01 -9.139079e+00 2.203473e+00
1.850815e+01 -9.129908e+00 2.198244e+00
1.851815e+01 -9.290458e+00 2.192933e+00
1.852815e+01 -9.315193e+00 2.187539e+00
1.853815e+01 -9.417509e+00 2.182064e+00
1.854815e+01 -9.488362e+00 2.176508e+00
1.855814e+01 -9.613464e+00 2.170871e+00
1.856814e+01 -9.614121e+00 2.165155e+00
1.857814e+01 -9.583710e+00 2.159358e+00
1.858814e+01 -9.697048e+00 2.153483e+00
1.859814e+01 -9.754920e+00 2.147530e+00
1.860814e+01 -9.743256e+00 2.141498e+00
1.861814e+01 -9.962796e+00 2.135389e+00
1.862814e+01 -9.882665e+00 2.129203e+00
1.863814e+01 -1.001733e+01 2.122940e+00
1.864814e+01 -1.004565e+01 2.116602e+00
1.865813e+01 -1.008964e+01 2.110189e+00
1.866813e+01 -1.007243e+01 2.103700e+00
1.867813e+01 -1.016972e+01 2.097138e+00
1.868813e+01 -1.017436e+01 2.090502e+00
1.869813e+01 -1.017032e+01 2.083793e+00
1.870813e+01 -1.020159e+01 2.077012e+00
1.871813e+01 -1.029150e+01 2.070159e+00
1.872813e+01 -1.010915e+01 2.063235e+00
1.873813e+01 -1.020397e+01 2.056240e+00
1.874813e+01 -1.023046e+01 2.049176e+00
1.875812e+01 -1.025586e+01 2.042042e+00
1.876812e+01 -1.025934e+01 2.034839e+00
1.877812e+01 -1.024721e+01 2.027568e+00
1.878812e+01 -1.020976e+01 2.020230e+00
1.879812e+01 -1.016075e+01 2.012825e+00
1.880812e+01 -1.010120e+01 2.005354e+00
1.881812e+01 -1.027586e+01 1.997818e+00
1.882812e+01 -1.007293e+01 1.990217e+00
1.883812e+01 -1.007310e+01 1.982551e+00
1.884812e+01 -1.006572e+01 1.974822e+00
1.885811e+01 -1.009607e+01 1.967031e+00
1.886811e+01 -1.000356e+01 1.959177e+00
1.887811e+01 -1.001665e+01 1.951262e+00
1.888811e+01 -9.921099e+00 1.943286e+00
1.889811e+01 -9.904010e+00 1.935250e+00
1.890811e+01 -9.828807e+00 1.927155e+00
1.891811e+01 -9.826347e+00 1.919002e+00
1.892811e+01 -9.690716e+00 1.910790e+00
1.893811e+01 -9.608292e+00 1.902522e+00
1.894811e+01 -9.617650e+00 1.894197e+00
1.895810e+01 -9.570518e+00 1.885816e+00
1.896810e+01 -9.450958e+00 1.877380e+00
1.897810e+01 -9.400274e+00 1.868890e+00
1.898810e+01 -9.408788e+00 1.860347e+00
1.899810e+01 -9.314929e+00 1.851751e+00
1.900810e+01 -9.222191e+00 1.843103e+00
1.901810e+01 -9.160197e+00 1.834403e+00
1.902810e+01 -9.111486e+00 1.825653e+00
1.903810e+01 -9.082630e+00 1.816854e+00
1.904810e+01 -9.024677e+00 1.808005e+00
1.905809e+01 -8.995376e+00 1.799108e+00
1.906809e+01 -8.884728e+00 1.790164e+00
1.907809e+01 -8.801021e+00 1.781173e+00
1.908809e+01 -8.851005e+00 1.772136e+00
1.909809e+01 -8.758745e+00 1.763054e+00
1.910809e+01 -8.714044e+00 1.753928e+00
1.911809e+01 -8.604940e+00 1.744758e+00
1.912809e+01 -8.656077e+00 1.735545e+00
1.913809e+01 -8.582993e+00 1.726291e+00
1.914809e+01 -8.406651e+00 1.716995e+00
1.915808e+01 -8.592020e+00 1.707659e+00
1.916808e+01 -8.386810e+00 1.698283e+00
1.917808e+01 -8.392682e+00 1.688868e+00
1.918808e+01 -8.460688e+00 1.679415e+00
1.919808e+01 -8.481288e+00 1.669925e+00
1.920808e+01 -8.433788e+00 1.660399e+00
1.921808e+01 -8.419942e+00 1.650837e+00
1.922808e+01 -8.390398e+00 1.641240e+00
1.923808e+01 -8.311564e+00 1.631609e+00
1.924808e+01 -8.406264e+00 1.621944e+00
1.925807e+01 -8.253367e+00 1.612248e+00
1.926807e+01 -8.297792e+00 1.602519e+00
1.927807e+01 -8.339939e+00 1.592760e+00
1.928807e+01 -8.383422e+00 1.582970e+00
1.929807e+01 -8.458344e+00 1.573152e+00
1.930807e+01 -8.534472e+00 1.563305e+00
1.931807e+01 -8.491957e+00 1.553430e+00
1.932807e+01 -8.449827e+00 1.543528e+00
1.933807e+01 -8.527883e+00 1.533601e+00
1.934807e+01 -8.587396e+00 1.523648e+00
1.935806e+01 -8.611460e+00 1.513670e+00
1.936806e+01 -8.656168e+00 1.503669e+00
1.937806e+01 -8.635020e+00 1.493646e+00
1.938806e+01 -8.723441e+00 1.483600e+00
1.939806e+01 -8.800932e+00 1.473532e+00
1.940806e+01 -8.769986e+00 1.463445e+00
1.941806e+01 -8.918150e+00 1.453337e+00
1.942806e+01 -8.986514e+00 1.443211e+00
1.943806e+01 -9.067718e+00 1.433066e+00
1.944806e+01 -9.109496e+00 1.422905e+00
1.945805e+01 -9.107122e+00 1.412726e+00
1.946805e+01 -9.258908e+00 1.402532e+00
1.947805e+01 -9.273239e+00 1.392323e+00
1.948805e+01 -9.384528e+00 1.382100e+00
1.949805e+01 -9.466388e+00 1.371863e+00
1.950805e+01 -9.420975e+00 1.361614e+00
1.951805e+01 -9.589555e+00 1.351353e+00
1.952805e+01 -9.653444e+00 1.341080e+00
1.953805e+01 -9.634071e+00 1.330797e+00
1.954805e+01 -9.684163e+00 1.320505e+00
1.955804e+01 -9.740467e+00 1.310204e+00
1.956804e+01 -9.802576e+00 1.299895e+00
1.957804e+01 -9.870097e+00 1.289578e+00
1.958804e+01 -9.970421e+00 1.279255e+00
1.959804e+01 -1.006768e+01 1.268926e+00
1.960804e+01 -1.006905e+01 1.258591e+00
1.961804e+01 -1.018820e+01 1.248253e+00
1.962804e+01 -1.010321e+01 1.237910e+00
1.963804e+01 -1.011652e+01 1.227565e+00
1.964804e+01 -1.026644e+01 1.217218e+00
1.965803e+01 -1.027033e+01 1.206869e+00
1.966803e+01 -1.025346e+01 1.196519e+00
1.967803e+01 -1.026174e+01 1.186169e+00
1.968803e+01 -1.034028e+01 1.175820e+00
1.969803e+01 -1.037706e+01 1.165472e+00
1.970803e+01 -1.048598e+01 1.155126e+00
1.971803e+01 -1.043550e+01 1.144783e+00
1.972803e+01 -1.033565e+01 1.134444e+00
1.973803e+01 -1.050204e+01 1.124108e+00
1.974803e+01 -1.046937e+01 1.113777e+00
1.975802e+01 -1.041505e+01 1.103452e+00
1.976802e+01 -1.048487e+01 1.093132e+00
1.977802e+01 -1.055378e+01 1.082820e+00
1.978802e+01 -1.042635e+01 1.072514e+00
1.979802e+01 -1.035222e+01 1.062217e+00
1.980802e+01 -1.040101e+01 1.051929e+00
1.981802e+01 -1.037086e+01 1.041649e+00
1.982802e+01 -1.033312e+01 1.031380e+00
1.983802e+01 -1.037435e+01 1.021121e+00
1.984802e+01 -1.032153e+01 1.010874e+00
1.985801e+01 -1.017627e+01 1.000638e+00
1.986801e+01 -1.030090e+01 9.904143e-01
1.987801e+01 -1.017683e+01 9.802039e-01
1.988801e+01 -1.019157e+01 9.700070e-01
1.989801e+01 -1.003053e+01 9.598243e-01
1.990801e+01 -1.001687e+01 9.496563e-01
1.991801e+01 -9.993354e+00 9.395037e-01
1.992801e+01 -9.923184e+00 9.293669e-01
1.993801e+01 -9.886005e+00 9.192466e-01
1.994801e+01 -9.827772e+00 9.091433e-01
1.995800e+01 -9.792890e+00 8.990575e-01
1.996800e+01 -9.591616e+00 8.889898e-01
1.997800e+01 -9.593432e+00 8.789407e-01
1.998800e+01 -9.647264e+00 8.689108e-01
1.999800e+01 -9.471860e+00 8.589005e-01
2.000800e+01 -9.491556e+00 8.489104e-01
2.001800e+01 -9.337944e+00 8.389410e-01
2.002800e+01 -9.292137e+00 8.289928e-01
2.003800e+01 -9.257247e+00 8.190663e-01
2.004800e+01 -9.166575e+00 8.091619e-01
2.005799e+01 -9.179573e+00 7.992802e-01
2.006799e+01 -9.128537e+00 7.894217e-01
2.007799e+01 -9.068604e+00 7.795867e-01
2.008799e+01 -8.975529e+00 7.697757e-01
2.009799e+01 -9.004095e+00 7.599893e-01
2.010799e+01 -8.863053e+00 7.502278e-01
2.011799e+01 -8.728627e+00 7.404917e-01
2.012799e+01 -8.819256e+00 7.307815e-01
2.013799e+01 -8.675670e+00 7.210974e-01
2.014799e+01 -8.791424e+00 7.114401e-01
2.015798e+01 -8.704530e+00 7.018099e-01
2.016798e+01 -8.681061e+00 6.922071e-01
2.017798e+01 -8.718501e+00 6.826322e-01
2.018798e+01 -8.681125e+00 6.730856e-01
2.019798e+01 -8.602081e+00 6.635677e-01
2.020798e+01 -8.600841e+00 6.540789e-01
2.021798e+01 -8.606785e+00 6.446195e-01
2.022798e+01 -8.544578e+00 6.351898e-01
2.023798e+01 -8.551069e+00 6.257903e-01
2.024798e+01 -8.567416e+00 6.164214e-01
2.025797e+01 -8.587131e+00 6.070833e-01
2.026797e+01 -8.515598e+00 5.977764e-01
2.027797e+01 -8.620252e+00 5.885010e-01
2.028797e+01 -8.534155e+00 5.792575e-01
2.029797e+01 -8.654425e+00 5.700462e-01
2.030797e+01 -8.682345e+00 5.608674e-01
2.031797e+01 -8.740496e+00 5.517214e-01
2.032797e+01 -8.729212e+00 5.426086e-01
2.033797e+01 -8.797680e+00 5.335292e-01
2.034797e+01 -8.726812e+00 5.244835e-01
2.035796e+01 -8.766685e+00 5.154718e-01
2.036796e+01 -8.855593e+00 5.064943e-01
2.037796e+01 -8.838105e+00 4.975515e-01
2.038796e+01 -8.892775e+00 4.886435e-01
2.039796e+01 -8.959907e+00 4.797706e-01
2.040796e+01 -9.109572e+00 4.709330e-01
2.041796e+01 -9.068703e+00 4.621311e-01
2.042796e+01 -9.165186e+00 4.533651e-01
2.043796e+01 -9.164386e+00 4.446351e-01
2.044796e+01 -9.341311e+00 4.359415e-01
2.045795e+01 -9.398966e+00 4.272845e-01
2.046795e+01 -9.439441e+00 4.186643e-01
2.047795e+01 -9.460551e+00 4.100812e-01
2.048795e+01 -9.455230e+00 4.015353e-01
2.049795e+01 -9.489011e+00 3.930269e-01
2.050795e+01 -9.633339e+00 3.845562e-01
2.051795e+01 -9.700867e+00 3.761234e-01
2.052795e+01 -9.802050e+00 3.677286e-01
2.053795e+01 -9.798889e+00 3.593722e-01
2.054795e+01 -9.876456e+00 3.510543e-01
2.055794e+01 -9.984479e+00 3.427750e-01
2.056794e+01 -1.005149e+01 3.345346e-01
2.057794e+01 -9.999332e+00 3.263333e-01
2.058794e+01 -1.004806e+01 3.181712e-01
2.059794e+01 -1.016751e+01 3.100485e-01
2.060794e+01 -1.030861e+01 3.019653e-01
2.061794e+01 -1.030158e+01 2.939219e-01
2.062794e+01 -1.036397e+01 2.859184e-01
2.063794e+01 -1.045812e+01 2.779550e-01
2.064794e+01 -1.043623e+01 2.700318e-01
2.065793e+01 -1.048190e+01 2.621490e-01
2.066793e+01 -1.051344e+01 2.543067e-01
2.067793e+01 -1.055258e+01 2.465051e-01
2.068793e+01 -1.051154e+01 2.387443e-01
2.069793e+01 -1.056757e+01 2.310245e-01
2.070793e+01 -1.059605e+01 2.233459e-01
2.071793e+01 -1.056342e+01 2.157084e-01
2.072793e+01 -1.068650e+01 2.081124e-01
2.073793e+01 -1.070292e+01 2.005580e-01
2.074793e+01 -1.059764e+01 1.930451e-01
2.075792e+01 -1.062468e+01 1.855741e-01
2.076792e+01 -1.054951e+01 1.781451e-01
2.077792e+01 -1.059897e+01 1.707581e-01
2.078792e+01 -1.067101e+01 1.634132e-01
2.079792e+01 -1.056926e+01 1.561107e-01
2.080792e+01 -1.057078e+01 1.488507e-01
2.081792e+01 -1.059133e+01 1.416332e-01
2.082792e+01 -1.056058e+01 1.344584e-01
2.083792e+01 -1.053439e+01 1.273264e-01
2.084792e+01 -1.050194e+01 1.202373e-01
2.085791e+01 -1.045954e+01 1.131913e-01
2.086791e+01 -1.041636e+01 1.061885e-01
2.087791e+01 -1.033658e+01 9.922898e-02
2.088791e+01 -1.029222e+01 9.231288e-02
2.089791e+01 -1.021783e+01 8.544031e-02
2.090791e+01 -1.018111e+01 7.861140e-02
2.091791e+01 -1.011071e+01 7.182626e-02
2.092791e+01 -1.010832e+01 6.508503e-02
2.093791e+01 -1.000270e+01 5.838782e-02
2.094791e+01 -9.952150e+00 5.173475e-02
2.095790e+01 -9.892977e+00 4.512594e-02
2.096790e+01 -9.825925e+00 3.856152e-02
2.097790e+01 -9.819322e+00 3.204161e-02
2.098790e+01 -9.761755e+00 2.556633e-02
2.099790e+01 -9.702910e+00 1.913581e-02
2.100790e+01 -9.620250e+00 1.275017e-02
2.101790e+01 -9.571200e+00 6.409547e-03
2.102790e+01 -9.512321e+00 1.140623e-04
2.103790e+01 -9.447895e+00 -6.136151e-03
2.104790e+01 -9.365106e+00 -1.234096e-02
2.105789e+01 -9.339554e+00 -1.850024e-02
2.106789e+01 -9.319336e+00 -2.461385e-02
2.107789e+01 -9.236341e+00 -3.068165e-02
2.108789e+01 -9.172661e+00 -3.670350e-02
2.109789e+01 -9.035149e+00 -4.267927e-02
2.110789e+01 -9.130553e+00 -4.860882e-02
2.111789e+01 -9.037622e+00 -5.449199e-02
2.112789e+01 -8.978618e+00 -6.032865e-02
2.113789e+01 -9.015263e+00 -6.611864e-02
2.114789e+01 -8.898784e+00 -7.186181e-02
2.115788e+01 -8.886259e+00 -7.755801e-02
2.116788e+01 -8.841214e+00 -8.320709e-02
2.117788e+01 -8.808822e+00 -8.880889e-02
2.118788e+01 -8.844238e+00 -9.436324e-02
2.119788e+01 -8.722200e+00 -9.986998e-02
2.120788e+01 -8.790842e+00 -1.053290e-01
2.121788e+01 -8.684775e+00 -1.107400e-01
2.122788e+01 -8.618113e+00 -1.161029e-01
2.123788e+01 -8.740190e+00 -1.214176e-01
2.124788e+01 -8.707024e+00 -1.266837e-01
2.125787e+01 -8.712748e+00 -1.319013e-01
2.126787e+01 -8.752232e+00 -1.370700e-01
2.127787e+01 -8.716069e+00 -1.421897e-01
2.128787e+01 -8.787322e+00 -1.472602e-01
2.129787e+01 -8.808629e+00 -1.522814e-01
2.130787e+01 -8.854033e+00 -1.572530e-01
2.131787e+01 -8.825078e+00 -1.621748e-01
2.132787e+01 -8.864332e+00 -1.670466e-01
2.133787e+01 -8.854015e+00 -1.718683e-01
2.134787e+01 -8.846781e+00 -1.766396e-01
2.135786e+01 -8.986158e+00 -1.813604e-01
2.136786e+01 -9.022552e+00 -1.860303e-01
2.137786e+01 -9.029588e+00 -1.906493e-01
2.138786e+01 -9.100748e+00 -1.952170e-01
2.139786e+01 -9.066335e+00 -1.997334e-01
2.140786e+01 -9.240983e+00 -2.041981e-01
2.141786e+01 -9.344063e+00 -2.086110e-01
2.142786e+01 -9.414359e+00 -2.129717e-01
2.143786e+01 -9.386551e+00 -2.172802e-01
2.144786e+01 -9.474741e+00 -2.215362e-01
2.145785e+01 -9.511099e+00 -2.257393e-01
2.146785e+01 -9.605355e+00 -2.298896e-01
2.147785e+01 -9.600168e+00 -2.339866e-01
2.148785e+01 -9.665961e+00 -2.380301e-01
2.149785e+01 -9.769303e+00 -2.420200e-01
2.150785e+01 -9.817795e+00 -2.459560e-01
2.151785e+01 -9.913392e+00 -2.498378e-01
2.152785e+01 -9.880345e+00 -2.536652e-01
2.153785e+01 -1.002809e+01 -2.574380e-01
2.154785e+01 -1.006929e+01 -2.611560e-01
2.155784e+01 -1.013058e+01 -2.648188e-01
2.156784e+01 -1.004780e+01 -2.684263e-01
2.157784e+01 -1.023533e+01 -2.719783e-01
2.158784e+01 -1.021248e+01 -2.754744e-01
2.159784e+01 -1.035642e+01 -2.789144e-01
2.160784e+01 -1.046591e+01 -2.822982e-01
2.161784e+01 -1.032591e+01 -2.856255e-01
2.162784e+01 -1.045729e+01 -2.888960e-01
2.163784e+01 -1.054178e+01 -2.921094e-01
2.164784e+01 -1.056725e+01 -2.952657e-01
2.165783e+01 -1.062988e+01 -2.983645e-01
2.166783e+01 -1.068152e+01 -3.014056e-01
2.167783e+01 -1.062434e+01 -3.043887e-01
2.168783e+01 -1.066357e+01 -3.073137e-01
2.169783e+01 -1.072240e+01 -3.101804e-01
2.170783e+01 -1.076600e+01 -3.129884e-01
2.171783e+01 -1.089208e+01 -3.157376e-01
2.172783e+01 -1.079008e+01 -3.184278e-01
2.173783e+01 -1.079116e+01 -3.210587e-01
2.174783e+01 -1.079104e+01 -3.236302e-01
2.175782e+01 -1.078583e+01 -3.261420e-01
2.176782e+01 -1.083646e+01 -3.285939e-01
2.177782e+01 -1.083553e+01 -3.309858e-01
2.178782e+01 -1.075677e+01 -3.333174e-01
2.179782e+01 -1.072956e+01 -3.355886e-01
2.180782e+01 -1.075823e+01 -3.377991e-01
2.181782e+01 -1.076603e+01 -3.399489e-01
2.182782e+01 -1.065731e+01 -3.420376e-01
2.183782e+01 -1.061989e+01 -3.440652e-01
2.184782e+01 -1.059051e+01 -3.460314e-01
2.185781e+01 -1.060950e+01 -3.479362e-01
2.186781e+01 -1.056082e+01 -3.497794e-01
2.187781e+01 -1.059108e+01 -3.515608e-01
2.188781e+01 -1.041038e+01 -3.532803e-01
2.189781e+01 -1.031272e+01 -3.549377e-01
2.190781e+01 -1.046687e+01 -3.565330e-01
2.191781e+01 -1.033238e+01 -3.580660e-01
2.192781e+01 -1.019788e+01 -3.595365e-01
2.193781e+01 -1.021441e+01 -3.609446e-01
2.194781e+01 -1.009083e+01 -3.622901e-01
2.195780e+01 -1.003020e+01 -3.635729e-01
2.196780e+01 -1.003482e+01 -3.647929e-01
2.197780e+01 -9.813015e+00 -3.659501e-01
2.198780e+01 -9.866868e+00 -3.670443e-01
2.199780e+01 -9.853690e+00 -3.680756e-01
2.200780e+01 -9.776798e+00 -3.690439e-01
2.201780e+01 -9.686678e+00 -3.699491e-01
2.202780e+01 -9.593040e+00 -3.707912e-01
2.203780e+01 -9.632879e+00 -3.715702e-01
2.204780e+01 -9.571437e+00 -3.722861e-01
2.205779e+01 -9.490500e+00 -3.729389e-01
2.206779e+01 -9.451039e+00 -3.735285e-01
2.207779e+01 -9.299532e+00 -3.740550e-01
2.208779e+01 -9.315379e+00 -3.745183e-01
2.209779e+01 -9.363397e+00 -3.749186e-01
2.210779e+01 -9.159169e+00 -3.752559e-01
2.211779e+01 -9.114157e+00 -3.755302e-01
2.212779e+01 -9.112790e+00 -3.757415e-01
2.213779e+01 -9.020366e+00 -3.758900e-01
2.214779e+01 -9.055630e+00 -3.759756e-01
2.215778e+01 -9.041591e+00 -3.759986e-01
2.216778e+01 -8.945122e+00 -3.759589e-01
2.217778e+01 -8.930901e+00 -3.758567e-01
2.218778e+01 -8.982935e+00 -3.756920e-01
2.219778e+01 -8.832075e+00 -3.754651e-01
2.220778e+01 -8.850697e+00 -3.751760e-01
2.221778e+01 -8.921950e+00 -3.748249e-01
2.222778e+01 -8.838736e+00 -3.744118e-01
2.223778e+01 -8.892966e+00 -3.739371e-01
2.224778e+01 -8.816215e+00 -3.734007e-01
2.225777e+01 -8.750029e+00 -3.728029e-01
2.226777e+01 -8.919443e+00 -3.721439e-01
2.227777e+01 -8.877782e+00 -3.714239e-01
2.228777e+01 -8.820148e+00 -3.706430e-01
2.229777e+01 -8.965777e+00 -3.698015e-01
2.230777e+01 -8.976358e+00 -3.688995e-01
2.231777e+01 -8.914014e+00 -3.679373e-01
2.232777e+01 -9.031826e+00 -3.669151e-01
2.233777e+01 -9.006353e+00 -3.658332e-01
2.234777e+01 -9.068950e+00 -3.646918e-01
2.235776e+01 -9.132890e+00 -3.634910e-01
2.236776e+01 -9.101307e+00 -3.622313e-01
2.237776e+01 -9.115528e+00 -3.609128e-01
2.238776e+01 -9.248722e+00 -3.595359e-01
2.239776e+01 -9.315273e+00 -3.581007e-01
2.240776e+01 -9.374353e+00 -3.566076e-01
2.241776e+01 -9.320188e+00 -3.550570e-01
2.242776e+01 -9.465991e+00 -3.534489e-01
2.243776e+01 -9.428870e+00 -3.517839e-01
2.244776e+01 -9.533325e+00 -3.500621e-01
2.245775e+01 -9.634390e+00 -3.482839e-01
2.246775e+01 -9.631494e+00 -3.464497e-01
2.247775e+01 -9.707210e+00 -3.445596e-01
2.248775e+01 -9.839195e+00 -3.426142e-01
2.249775e+01 -9.809939e+00 -3.406136e-01
2.250775e+01 -9.920733e+00 -3.385583e-01
2.251775e+01 -1.009082e+01 -3.364486e-01
2.252775e+01 -1.008608e+01 -3.342849e-01
2.253775e+01 -1.009136e+01 -3.320674e-01
2.254775e+01 -1.025133e+01 -3.297967e-01
2.255774e+01 -1.023699e+01 -3.274729e-01
2.256774e+01 -1.022075e+01 -3.250965e-01
2.257774e+01 -1.036768e+01 -3.226679e-01
2.258774e+01 -1.045967e+01 -3.201874e-01
2.259774e+01 -1.043993e+01 -3.176554e-01
2.260774e+01 -1.044892e+01 -3.150724e-01
2.261774e+01 -1.058237e+01 -3.124386e-01
2.262774e+01 -1.065246e+01 -3.097545e-01
2.263774e+01 -1.059608e+01 -3.070204e-01
2.264774e+01 -1.068543e+01 -3.042368e-01
2.265773e+01 -1.072254e+01 -3.014041e-01
2.266773e+01 -1.081384e+01 -2.985226e-01
2.267773e+01 -1.079854e+01 -2.955927e-01
2.268773e+01 -1.076288e+01 -2.926149e-01
2.269773e+01 -1.078383e+01 -2.895896e-01
2.270773e+01 -1.082594e+01 -2.865171e-01
2.271773e+01 -1.100097e+01 -2.833979e-01
2.272773e+01 -1.082994e+01 -2.802324e-01
2.273773e+01 -1.089333e+01 -2.770209e-01
2.274773e+01 -1.086961e+01 -2.737640e-01
2.275772e+01 -1.101232e+01 -2.704619e-01
2.276772e+01 -1.083386e+01 -2.671152e-01
2.277772e+01 -1.094884e+01 -2.637243e-01
2.278772e+01 -1.094150e+01 -2.602894e-01
2.279772e+01 -1.089593e+01 -2.568112e-01
2.280772e+01 -1.083795e+01 -2.532899e-01
2.281772e+01 -1.076562e+01 -2.497261e-01
2.282772e+01 -1.080024e+01 -2.461200e-01
2.283772e+01 -1.081991e+01 -2.424722e-01
2.284772e+01 -1.074775e+01 -2.387830e-01
2.285771e+01 -1.069300e+01 -2.350529e-01
2.286771e+01 -1.068423e+01 -2.312823e-01
2.287771e+01 -1.061227e+01 -2.274716e-01
2.288771e+01 -1.065975e+01 -2.236212e-01
2.289771e+01 -1.059750e+01 -2.197315e-01
2.290771e+01 -1.041481e+01 -2.158029e-01
2.291771e+01 -1.039536e+01 -2.118359e-01
2.292771e+01 -1.027940e+01 -2.078309e-01
2.293771e+01 -1.031702e+01 -2.037882e-01
2.294771e+01 -1.020434e+01 -1.997083e-01
2.295770e+01 -1.017309e+01 -1.955915e-01
2.296770e+01 -1.006846e+01 -1.914384e-01
2.297770e+01 -1.018618e+01 -1.872493e-01
2.298770e+01 -1.005581e+01 -1.830246e-01
2.299770e+01 -9.902875e+00 -1.787647e-01
2.300770e+01 -9.892254e+00 -1.744700e-01
2.301770e+01 -9.812045e+00 -1.701409e-01
2.302770e+01 -9.831234e+00 -1.657778e-01
2.303770e+01 -9.706299e+00 -1.613811e-01
2.304770e+01 -9.589091e+00 -1.569512e-01
2.305769e+01 -9.616263e+00 -1.524885e-01
2.306769e+01 -9.562835e+00 -1.479933e-01
2.307769e+01 -9.610174e+00 -1.434662e-01
2.308769e+01 -9.350812e+00 -1.389074e-01
2.309769e+01 -9.356893e+00 -1.343173e-01
2.310769e+01 -9.286980e+00 -1.296964e-01
2.311769e+01 -9.274233e+00 -1.250449e-01
2.312769e+01 -9.180744e+00 -1.203633e-01
2.313769e+01 -9.172355e+00 -1.156520e-01
2.314769e+01 -9.122379e+00 -1.109114e-01
2.315768e+01 -9.219938e+00 -1.061417e-01
2.316768e+01 -9.026493e+00 -1.013434e-01
2.317768e+01 -8.998116e+00 -9.651681e-02
2.318768e+01 -8.973684e+00 -9.166235e-02
2.319768e+01 -8.910508e+00 -8.678035e-02
2.320768e+01 -8.922636e+00 -8.187118e-02
2.321768e+01 -8.880088e+00 -7.693519e-02
2.322768e+01 -8.908166e+00 -7.197274e-02
2.323768e+01 -8.820823e+00 -6.698417e-02
2.324768e+01 -8.973702e+00 -6.196985e-02
2.325767e+01 -8.951477e+00 -5.693011e-02
2.326767e+01 -8.972112e+00 -5.186531e-02
2.327767e+01 -8.950128e+00 -4.677578e-02
2.328767e+01 -9.027491e+00 -4.166186e-02
2.329767e+01 -8.936141e+00 -3.652390e-02
2.330767e+01 -9.004259e+00 -3.136222e-02
2.331767e+01 -9.062177e+00 -2.617716e-02
2.332767e+01 -9.021660e+00 -2.096904e-02
2.333767e+01 -9.150507e+00 -1.573820e-02
2.334767e+01 -9.009983e+00 -1.048496e-02
2.335766e+01 -9.112840e+00 -5.209634e-03
2.336766e+01 -9.272565e+00 8.745055e-05
2.337766e+01 -9.261957e+00 5.405980e-03
2.338766e+01 -9.289778e+00 1.074564e-02
2.339766e+01 -9.373683e+00 1.610612e-02
2.340766e+01 -9.383448e+00 2.148711e-02
2.341766e+01 -9.494197e+00 2.688831e-02
2.342766e+01 -9.531723e+00 3.230941e-02
2.343766e+01 -9.568392e+00 3.775011e-02
2.344766e+01 -9.679096e+00 4.321011e-02
2.345765e+01 -9.616336e+00 4.868912e-02
2.346765e+01 -9.708846e+00 5.418684e-02
2.347765e+01 -9.846751e+00 5.970298e-02
2.348765e+01 -9.863226e+00 6.523726e-02
2.349765e+01 -9.925796e+00 7.078939e-02
2.350765e+01 -9.970522e+00 7.635909e-02
2.351765e+01 -1.009992e+01 8.194607e-02
2.352765e+01 -1.013284e+01 8.755006e-02
2.353765e+01 -1.021706e+01 9.317079e-02
2.354765e+01 -1.028563e+01 9.880797e-02
2.355764e+01 -1.039644e+01 1.044613e-01
2.356764e+01 -1.039416e+01 1.101306e-01
2.357764e+01 -1.046126e+01 1.158156e-01
2.358764e+01 -1.048704e+01 1.215159e-01
2.359764e+01 -1.056440e+01 1.272314e-01
2.360764e+01 -1.065293e+01 1.329617e-01
2.361764e+01 -1.056025e+01 1.387067e-01
2.362764e+01 -1.066545e+01 1.444660e-01
2.363764e+01 -1.071598e+01 1.502394e-01
2.364764e+01 -1.079687e+01 1.560267e-01
2.365763e+01 -1.083009e+01 1.618276e-01
2.366763e+01 -1.072084e+01 1.676419e-01
2.367763e+01 -1.083741e+01 1.734693e-01
2.368763e+01 -1.087415e+01 1.793096e-01
2.369763e+01 -1.079171e+01 1.851625e-01
2.370763e+01 -1.101164e+01 1.910278e-01
2.371763e+01 -1.104430e+01 1.969053e-01
2.372763e+01 -1.096532e+01 2.027948e-01
2.373763e+01 -1.100340e+01 2.086960e-01
2.374763e+01 -1.096629e+01 2.146086e-01
2.375762e+01 -1.098491e+01 2.205326e-01
2.376762e+01 -1.098325e+01 2.264675e-01
2.377762e+01 -1.098755e+01 2.324133e-01
2.378762e+01 -1.090463e+01 2.383697e-01
2.379762e+01 -1.088713e+01 2.443365e-01
2.380762e+01 -1.098059e+01 2.503134e-01
2.381762e+01 -1.082485e+01 2.563002e-01
2.382762e+01 -1.088181e+01 2.622969e-01
2.383762e+01 -1.080686e+01 2.683030e-01
2.384762e+01 -1.078322e+01 2.743184e-01
2.385761e+01 -1.084494e+01 2.803430e-01
2.386761e+01 -1.062337e+01 2.863765e-01
2.387761e+01 -1.072275e+01 2.924187e-01
2.388761e+01 -1.063200e+01 2.984693e-01
2.389761e+01 -1.058079e+01 3.045283e-01
2.390761e+01 -1.053887e+01 3.105954e-01
2.391761e+01 -1.046624e+01 3.166704e-01
2.392761e+01 -1.038231e+01 3.227531e-01
2.393761e+01 -1.028446e+01 3.288434e-01
2.394761e+01 -1.030390e+01 3.349409e-01
2.395760e+01 -1.027228e+01 3.410456e-01
2.396760e+01 -1.015756e+01 3.471573e-01
2.397760e+01 -1.016574e+01 3.532757e-01
2.398760e+01 -1.005840e+01 3.594007e-01
2.399760e+01 -1.001612e+01 3.655321e-01
2.400760e+01 -9.953631e+00 3.716697e-01
2.401760e+01 -9.868806e+00 3.778133e-01
2.402760e+01 -9.762417e+00 3.839628e-01
2.403760e+01 -9.684441e+00 3.901179e-01
2.404760e+01 -9.594202e+00 3.962786e-01
2.405759e+01 -9.614181e+00 4.024445e-01
2.406759e+01 -9.477393e+00 4.086156e-01
2.407759e+01 -9.523636e+00 4.147917e-01
2.408759e+01 -9.485970e+00 4.209725e-01
2.409759e+01 -9.414183e+00 4.271580e-01
2.410759e+01 -9.364227e+00 4.333479e-01
2.411759e+01 -9.379874e+00 4.395421e-01
2.412759e+01 -9.304563e+00 4.457405e-01
2.413759e+01 -9.253195e+00 4.519427e-01
2.414759e+01 -9.306550e+00 4.581488e-01
2.415758e+01 -9.164622e+00 4.643585e-01
2.416758e+01 -9.147400e+00 4.705716e-01
2.417758e+01 -9.152818e+00 4.767880e-01
2.418758e+01 -9.002693e+00 4.830075e-01
2.419758e+01 -9.000358e+00 4.892300e-01
2.420758e+01 -8.960939e+00 4.954553e-01
2.421758e+01 -8.984497e+00 5.016833e-01
2.422758e+01 -9.021382e+00 5.079137e-01
2.423758e+01 -8.986241e+00 5.141464e-01
2.424758e+01 -9.023214e+00 5.203813e-01
2.425757e+01 -8.952569e+00 5.266183e-01
2.426757e+01 -9.031025e+00 5.328571e-01
2.427757e+01 -9.098711e+00 5.390975e-01
2.428757e+01 -9.026317e+00 5.453396e-01
2.429757e+01 -8.955520e+00 5.515830e-01
2.430757e+01 -9.024427e+00 5.578276e-01
2.431757e+01 -9.173587e+00 5.640733e-01
2.432757e+01 -9.146022e+00 5.703200e-01
2.433757e+01 -9.171871e+00 5.765674e-01
2.434757e+01 -9.119711e+00 5.828155e-01
2.435756e+01 -9.181125e+00 5.890640e-01
2.436756e+01 -9.194057e+00 5.953129e-01
2.437756e+01 -9.298652e+00 6.015619e-01
2.438756e+01 -9.276681e+00 6.078109e-01
2.439756e+01 -9.382422e+00 6.140599e-01
2.440756e+01 -9.473888e+00 6.203085e-01
2.441756e+01 -9.496122e+00 6.265567e-01
2.442756e+01 -9.475128e+00 6.328044e-01
2.443756e+01 -9.647240e+00 6.390513e-01
2.444756e+01 -9.659261e+00 6.452973e-01
2.445755e+01 -9.717591e+00 6.515424e-01
2.446755e+01 -9.831925e+00 6.577862e-01
2.447755e+01 -9.885673e+00 6.640288e-01
2.448755e+01 -9.907844e+00 6.702698e-01
2.449755e+01 -9.943141e+00 6.765093e-01
2.450755e+01 -1.001455e+01 6.827470e-01
2.451755e+01 -1.016820e+01 6.889828e-01
2.452755e+01 -1.020954e+01 6.952166e-01
2.453755e+01 -1.019396e+01 7.014482e-01
2.454755e+01 -1.025608e+01 7.076774e-01
2.455754e+01 -1.037985e+01 7.139041e-01
2.456754e+01 -1.040882e+01 7.201282e-01
2.457754e+01 -1.051748e+01 7.263495e-01
2.458754e+01 -1.045645e+01 7.325678e-01
2.459754e+01 -1.058229e+01 7.387831e-01
2.460754e+01 -1.064156e+01 7.449951e-01
2.461754e+01 -1.067948e+01 7.512038e-01
2.462754e+01 -1.067932e+01 7.574089e-01
2.463754e+01 -1.069150e+01 7.636104e-01
2.464754e+01 -1.081761e+01 7.698080e-01
2.465753e+01 -1.089889e+01 7.760017e-01
2.466753e+01 -1.097450e+01 7.821912e-01
2.467753e+01 -1.093769e+01 7.883765e-01
2.468753e+01 -1.096988e+01 7.945574e-01
2.469753e+01 -1.092311e+01 8.007337e-01
2.470753e+01 -1.100794e+01 8.069052e-01
2.471753e+01 -1.101785e+01 8.130720e-01
2.472753e+01 -1.096832e+01 8.192337e-01
2.473753e+01 -1.095791e+01 8.253902e-01
2.474753e+01 -1.106531e+01 8.315414e-01
2.475752e+01 -1.092517e+01 8.376872e-01
2.476752e+01 -1.108201e+01 8.438273e-01
2.477752e+01 -1.091440e+01 8.499616e-01
2.478752e+01 -1.097204e+01 8.560901e-01
2.479752e+01 -1.097784e+01 8.622124e-01
2.480752e+01 -1.101006e+01 8.683285e-01
2.481752e+01 -1.100037e+01 8.744383e-01
2.482752e+01 -1.088900e+01 8.805415e-01
2.483752e+01 -1.082098e+01 8.866380e-01
2.484752e+01 -1.086688e+01 8.927276e-01
2.485751e+01 -1.076334e+01 8.988103e-01
2.486751e+01 -1.076185e+01 9.048858e-01
2.487751e+01 -1.066013e+01 9.109540e-01
2.488751e+01 -1.073448e+01 9.170147e-01
2.489751e+01 -1.059216e+01 9.230678e-01
2.490751e+01 -1.053242e+01 9.291130e-01
2.491751e+01 -1.054342e+01 9.351504e-01
2.492751e+01 -1.044366e+01 9.411796e-01
2.493751e+01 -1.045525e+01 9.472006e-01
2.494751e+01 -1.026353e+01 9.532131e-01
2.495750e+01 -1.027856e+01 9.592171e-01
2.496750e+01 -1.014362e+01 9.652123e-01
2.497750e+01 -1.010139e+01 9.711986e-01
2.498750e+01 -1.013942e+01 9.771758e-01
2.499750e+01 -1.003482e+01 9.831438e-01
2.500750e+01 -9.914632e+00 9.891024e-01
2.501750e+01 -9.821410e+00 9.950514e-01
2.502750e+01 -9.787180e+00 1.000991e+00
2.503750e+01 -9.839495e+00 1.006920e+00
2.504750e+01 -9.715541e+00 1.012839e+00
2.505749e+01 -9.578442e+00 1.018749e+00
2.506749e+01 -9.509655e+00 1.024647e+00
2.507749e+01 -9.467451e+00 1.030535e+00
2.508749e+01 -9.528513e+00 1.036413e+00
2.509749e+01 -9.443122e+00 1.042279e+00
2.510749e+01 -9.475815e+00 1.048135e+00
2.511749e+01 -9.273213e+00 1.053979e+00
2.512749e+01 -9.250050e+00 1.059812e+00
2.513749e+01 -9.310011e+00 1.065633e+00
2.514749e+01 -9.189910e+00 1.071443e+00
2.515748e+01 -9.217059e+00 1.077240e+00
2.516748e+01 -9.074816e+00 1.083026e+00
2.517748e+01 -9.060816e+00 1.088799e+00
2.518748e+01 -9.086636e+00 1.094560e+00
2.519748e+01 -8.963984e+00 1.100308e+00
2.520748e+01 -9.081557e+00 1.106043e+00
2.521748e+01 -9.050329e+00 1.111766e+00
2.522748e+01 -9.024163e+00 1.117475e+00
2.523748e+01 -9.071227e+00 1.123171e+00
2.524748e+01 -9.101148e+00 1.128853e+00
2.525747e+01 -8.965728e+00 1.134522e+00
2.526747e+01 -9.072981e+00 1.140177e+00
2.527747e+01 -8.976277e+00 1.145818e+00
2.528747e+01 -9.164422e+00 1.151444e+00
2.529747e+01 -9.130466e+00 1.157056e+00
2.530747e+01 -9.157745e+00 1.162654e+00
2.531747e+01 -9.091151e+00 1.168237e+00
2.532747e+01 -9.053194e+00 1.173805e+00
2.533747e+01 -9.103499e+00 1.179358e+00
2.534747e+01 -9.094064e+00 1.184895e+00
2.535746e+01 -9.169117e+00 1.190417e+00
2.536746e+01 -9.295774e+00 1.195924e+00
2.537746e+01 -9.350521e+00 1.201414e+00
2.538746e+01 -9.442837e+00 1.206889e+00
2.539746e+01 -9.386729e+00 1.212347e+00
2.540746e+01 -9.415621e+00 1.217789e+00
2.541746e+01 -9.542800e+00 1.223214e+00
2.542746e+01 -9.644814e+00 1.228622e+00
2.543746e+01 -9.697343e+00 1.234014e+00
2.544746e+01 -9.650242e+00 1.239388e+00
2.545745e+01 -9.711573e+00 1.244745e+00
2.546745e+01 -9.770526e+00 1.250085e+00
2.547745e+01 -9.866045e+00 1.255406e+00
2.548745e+01 -9.976241e+00 1.260710e+00
2.549745e+01 -9.874447e+00 1.265996e+00
2.550745e+01 -1.011144e+01 1.271263e+00
2.551745e+01 -1.015591e+01 1.276513e+00
2.552745e+01 -1.013784e+01 1.281743e+00
2.553745e+01 -1.022991e+01 1.286954e+00
2.554745e+01 -1.025059e+01 1.292147e+00
2.555744e+01 -1.034836e+01 1.297320e+00
2.556744e+01 -1.047060e+01 1.302474e+00
2.557744e+01 -1.043439e+01 1.307608e+00
2.558744e+01 -1.036499e+01 1.312723e+00
2.559744e+01 -1.059917e+01 1.317817e+00
2.560744e+01 -1.072442e+01 1.322892e+00
2.561744e+01 -1.071017e+01 1.327946e+00
2.562744e+01 -1.062046e+01 1.332979e+00
2.563744e+01 -1.066498e+01 1.337992e+00
2.564744e+01 -1.084821e+01 1.342984e+00
2.565743e+01 -1.081896e+01 1.347955e+00
2.566743e+01 -1.080753e+01 1.352904e+00
2.567743e+01 -1.088875e+01 1.357832e+00
2.568743e+01 -1.088440e+01 1.362738e+00
2.569743e+01 -1.093636e+01 1.367622e+00
2.570743e+01 -1.098714e+01 1.372485e+00
2.571743e+01 -1.090372e+01 1.377325e+00
2.572743e+01 -1.091774e+01 1.382142e+00
2.573743e+01 -1.106402e+01 1.386937e+00
2.574743e+01 -1.109784e+01 1.391709e+00
2.575742e+01 -1.095393e+01 1.396458e+00
2.576742e+01 -1.095294e+01 1.401184e+00
2.577742e+01 -1.092713e+01 1.405887e+00
2.578742e+01 -1.106780e+01 1.410566e+00
2.579742e+01 -1.093105e+01 1.415221e+00
2.580742e+01 -1.090664e+01 1.419852e+00
2.581742e+01 -1.096910e+01 1.424459e+00
2.582742e+01 -1.080206e+01 1.429042e+00
2.583742e+01 -1.081578e+01 1.433601e+00
2.584742e+01 -1.072777e+01 1.438134e+00
2.585741e+01 -1.081835e+01 1.442643e+00
2.586741e+01 -1.066904e+01 1.447126e+00
2.587741e+01 -1.066990e+01 1.451585e+00
2.588741e+01 -1.061153e+01 1.456018e+00
2.589741e+01 -1.056940e+01 1.460425e+00
2.590741e+01 -1.056604e+01 1.464807e+00
2.591741e+01 -1.045596e+01 1.469162e+00
2.592741e+01 -1.040329e+01 1.473492e+00
2.593741e+01 -1.027963e+01 1.477795e+00
2.594741e+01 -1.032553e+01 1.482071e+00
2.595740e+01 -1.021180e+01 1.486321e+00
2.596740e+01 -1.011211e+01 1.490544e+00
2.597740e+01 -1.012396e+01 1.494739e+00
2.598740e+01 -1.001531e+01 1.498908e+00
2.599740e+01 -9.907337e+00 1.503049e+00
2.600740e+01 -9.933985e+00 1.507162e+00
2.601740e+01 -9.841146e+00 1.511248e+00
2.602740e+01 -9.765997e+00 1.515306e+00
2.603740e+01 -9.782791e+00 1.519335e+00
2.604740e+01 -9.686870e+00 1.523337e+00
2.605739e+01 -9.683169e+00 1.527309e+00
2.606739e+01 -9.500717e+00 1.531253e+00
2.607739e+01 -9.471159e+00 1.535169e+00
2.608739e+01 -9.455210e+00 1.539055e+00
2.609739e+01 -9.422491e+00 1.542912e+00
2.610739e+01 -9.366664e+00 1.546739e+00
2.611739e+01 -9.317761e+00 1.550537e+00
2.612739e+01 -9.206785e+00 1.554306e+00
2.613739e+01 -9.121206e+00 1.558044e+00
2.614739e+01 -9.208373e+00 1.561753e+00
2.615738e+01 -9.161877e+00 1.565431e+00
2.616738e+01 -9.071312e+00 1.569079e+00
2.617738e+01 -9.085889e+00 1.572696e+00
2.618738e+01 -9.101968e+00 1.576283e+00
2.619738e+01 -9.033082e+00 1.579839e+00
2.620738e+01 -9.044143e+00 1.583363e+00
2.621738e+01 -8.964850e+00 1.586857e+00
2.622738e+01 -8.993879e+00 1.590319e+00
2.623738e+01 -8.941648e+00 1.593750e+00
2.624738e+01 -8.957456e+00 1.597149e+00
2.625737e+01 -8.997380e+00 1.600516e+00
2.626737e+01 -8.931823e+00 1.603851e+00
2.627737e+01 -8.971717e+00 1.607154e+00
2.628737e+01 -8.986782e+00 1.610425e+00
2.629737e+01 -8.908093e+00 1.613663e+00
2.630737e+01 -8.982604e+00 1.616869e+00
2.631737e+01 -9.108900e+00 1.620041e+00
2.632737e+01 -9.057810e+00 1.623181e+00
2.633737e+01 -9.006560e+00 1.626288e+00
2.634737e+01 -9.167027e+00 1.629362e+00
2.635736e+01 -9.186170e+00 1.632402e+00
2.636736e+01 -9.202376e+00 1.635409e+00
2.637736e+01 -9.170218e+00 1.638382e+00
2.638736e+01 -9.251853e+00 1.641322e+00
2.639736e+01 -9.345481e+00 1.644227e+00
2.640736e+01 -9.407021e+00 1.647099e+00
2.641736e+01 -9.503175e+00 1.649936e+00
2.642736e+01 -9.451791e+00 1.652739e+00
2.643736e+01 -9.651700e+00 1.655507e+00
2.644736e+01 -9.632189e+00 1.658241e+00
2.645735e+01 -9.695367e+00 1.660940e+00
2.646735e+01 -9.794409e+00 1.663604e+00
2.647735e+01 -9.859947e+00 1.666233e+00
2.648735e+01 -9.949317e+00 1.668826e+00
2.649735e+01 -9.944349e+00 1.671385e+00
2.650735e+01 -9.971178e+00 1.673908e+00
2.651735e+01 -1.005623e+01 1.676395e+00
2.652735e+01 -1.013982e+01 1.678847e+00
2.653735e+01 -1.013610e+01 1.681263e+00
2.654735e+01 -1.031357e+01 1.683643e+00
2.655734e+01 -1.030878e+01 1.685987e+00
2.656734e+01 -1.041706e+01 1.688295e+00
2.657734e+01 -1.050141e+01 1.690566e+00
2.658734e+01 -1.047183e+01 1.692801e+00
2.659734e+01 -1.062716e+01 1.695000e+00
2.660734e+01 -1.062586e+01 1.697162e+00
2.661734e+01 -1.060215e+01 1.699287e+00
2.662734e+01 -1.063012e+01 1.701375e+00
2.663734e+01 -1.071627e+01 1.703426e+00
2.664734e+01 -1.075893e+01 1.705440e+00
2.665733e+01 -1.080025e+01 1.707417e+00
2.666733e+01 -1.082840e+01 1.709356e+00
2.667733e+01 -1.081515e+01 1.711258e+00
2.668733e+01 -1.086498e+01 1.713122e+00
2.669733e+01 -1.086567e+01 1.714949e+00
2.670733e+01 -1.092051e+01 1.716738e+00
2.671733e+01 -1.095454e+01 1.718489e+00
2.672733e+01 -1.096297e+01 1.720202e+00
2.673733e+01 -1.100050e+01 1.721877e+00
2.674733e+01 -1.090864e+01 1.723514e+00
2.675732e+01 -1.096491e+01 1.725112e+00
2.676732e+01 -1.091638e+01 1.726672e+00
2.677732e+01 -1.094138e+01 1.728194e+00
2.678732e+01 -1.086268e+01 1.729677e+00
2.679732e+01 -1.086471e+01 1.731122e+00
2.680732e+01 -1.083950e+01 1.732527e+00
2.681732e+01 -1.083004e+01 1.733894e+00
2.682732e+01 -1.082132e+01 1.735222e+00
2.683732e+01 -1.092609e+01 1.736511e+00
2.684732e+01 -1.076094e+01 1.737761e+00
2.685731e+01 -1.063868e+01 1.738971e+00
2.686731e+01 -1.066540e+01 1.740143e+00
2.687731e+01 -1.064138e+01 1.741275e+00
2.688731e+01 -1.068590e+01 1.742367e+00
2.689731e+01 -1.049603e+01 1.743420e+00
2.690731e+01 -1.042031e+01 1.744434e+00
2.691731e+01 -1.041564e+01 1.745407e+00
2.692731e+01 -1.041508e+01 1.746341e+00
2.693731e+01 -1.034411e+01 1.747235e+00
2.694731e+01 -1.019815e+01 1.748090e+00
2.695730e+01 -1.016830e+01 1.748904e+00
2.696730e+01 -1.009346e+01 1.749678e+00
2.697730e+01 -9.991734e+00 1.750412e+00
2.698730e+01 -1.002575e+01 1.751106e+00
2.699730e+01 -9.883537e+00 1.751760e+00
2.700730e+01 -9.865774e+00 1.752373e+00
2.701730e+01 -9.759872e+00 1.752947e+00
2.702730e+01 -9.804137e+00 1.753479e+00
2.703730e+01 -9.691059e+00 1.753971e+00
2.704730e+01 -9.537335e+00 1.754423e+00
2.705729e+01 -9.558550e+00 1.754834e+00
2.706729e+01 -9.569378e+00 1.755204e+00
2.707729e+01 -9.479438e+00 1.755534e+00
2.708729e+01 -9.390890e+00 1.755822e+00
2.709729e+01 -9.372008e+00 1.756070e+00
2.710729e+01 -9.337820e+00 1.756277e+00
2.711729e+01 -9.313169e+00 1.756444e+00
2.712729e+01 -9.259595e+00 1.756569e+00
2.713729e+01 -9.235890e+00 1.756653e+00
2.714729e+01 -9.088255e+00 1.756696e+00
2.715728e+01 -9.006099e+00 1.756698e+00
2.716728e+01 -9.021031e+00 1.756659e+00
2.717728e+01 -8.933170e+00 1.756578e+00
2.718728e+01 -8.928483e+00 1.756456e+00
2.719728e+01 -8.927656e+00 1.756293e+00
2.720728e+01 -8.976626e+00 1.756089e+00
2.721728e+01 -8.949971e+00 1.755843e+00
2.722728e+01 -8.875634e+00 1.755556e+00
2.723728e+01 -8.895743e+00 1.755228e+00
2.724728e+01 -8.919185e+00 1.754857e+00
2.725727e+01 -8.838919e+00 1.754446e+00
2.726727e+01 -8.858688e+00 1.753993e+00
2.727727e+01 -8.906704e+00 1.753498e+00
2.728727e+01 -8.944762e+00 1.752962e+00
2.729727e+01 -8.960429e+00 1.752384e+00
2.730727e+01 -8.962336e+00 1.751764e+00
2.731727e+01 -8.958534e+00 1.751103e+00
2.732727e+01 -9.073754e+00 1.750400e+00
2.733727e+01 -9.006797e+00 1.749655e+00
2.734727e+01 -9.008242e+00 1.748869e+00
2.735726e+01 -9.151026e+00 1.748041e+00
2.736726e+01 -9.101340e+00 1.747171e+00
2.737726e+01 -9.178137e+00 1.746259e+00
2.738726e+01 -9.278794e+00 1.745305e+00
2.739726e+01 -9.284992e+00 1.744310e+00
2.740726e+01 -9.374950e+00 1.743272e+00
2.741726e+01 -9.513556e+00 1.742193e+00
2.742726e+01 -9.381660e+00 1.741072e+00
2.743726e+01 -9.476197e+00 1.739909e+00
2.744726e+01 -9.580836e+00 1.738704e+00
2.745725e+01 -9.578288e+00 1.737457e+00
2.746725e+01 -9.661226e+00 1.736168e+00
2.747725e+01 -9.702897e+00 1.734838e+00
2.748725e+01 -9.778602e+00 1.733465e+00
2.749725e+01 -9.885317e+00 1.732051e+00
2.750725e+01 -9.923829e+00 1.730594e+00
2.751725e+01 -9.917441e+00 1.729096e+00
2.752725e+01 -1.008083e+01 1.727555e+00
2.753725e+01 -1.019724e+01 1.725973e+00
2.754725e+01 -1.018818e+01 1.724349e+00
2.755724e+01 -1.028336e+01 1.722682e+00
2.756724e+01 -1.024832e+01 1.720974e+00
2.757724e+01 -1.031557e+01 1.719224e+00
2.758724e+01 -1.031454e+01 1.717432e+00
2.759724e+01 -1.041510e+01 1.715598e+00
2.760724e+01 -1.047332e+01 1.713722e+00
2.761724e+01 -1.058880e+01 1.711804e+00
2.762724e+01 -1.056450e+01 1.709845e+00
2.763724e+01 -1.067764e+01 1.707843e+00
2.764724e+01 -1.065861e+01 1.705800e+00
2.765723e+01 -1.071268e+01 1.703715e+00
2.766723e+01 -1.075660e+01 1.701587e+00
2.767723e+01 -1.078702e+01 1.699419e+00
2.768723e+01 -1.081817e+01 1.697208e+00
2.769723e+01 -1.082405e+01 1.694955e+00
2.770723e+01 -1.081686e+01 1.692661e+00
2.771723e+01 -1.088069e+01 1.690325e+00
2.772723e+01 -1.081324e+01 1.687947e+00
2.773723e+01 -1.078891e+01 1.685527e+00
2.774723e+01 -1.081097e+01 1.683066e+00
2.775722e+01 -1.079899e+01 1.680563e+00
2.776722e+01 -1.090072e+01 1.678018e+00
2.777722e+01 -1.078321e+01 1.675432e+00
2.778722e+01 -1.085616e+01 1.672804e+00
2.779722e+01 -1.081421e+01 1.670135e+00
2.780722e+01 -1.079082e+01 1.667424e+00
2.781722e+01 -1.073384e+01 1.664672e+00
2.782722e+01 -1.068121e+01 1.661878e+00
2.783722e+01 -1.062583e+01 1.659042e+00
2.784722e+01 -1.060047e+01 1.656166e+00
2.785721e+01 -1.065591e+01 1.653247e+00
2.786721e+01 -1.067433e+01 1.650288e+00
2.787721e+01 -1.046481e+01 1.647287e+00
2.788721e+01 -1.043457e+01 1.644245e+00
2.789721e+01 -1.039103e+01 1.641161e+00
2.790721e+01 -1.027834e+01 1.638037e+00
2.791721e+01 -1.036192e+01 1.634871e+00
2.792721e+01 -1.029085e+01 1.631664e+00
2.793721e+01 -1.024197e+01 1.628416e+00
2.794721e+01 -1.018323e+01 1.625127e+00
2.795720e+01 -1.010622e+01 1.621796e+00
2.796720e+01 -1.010002e+01 1.618425e+00
2.797720e+01 -9.996207e+00 1.615013e+00
2.798720e+01 -9.911556e+00 1.611560e+00
2.799720e+01 -9.823180e+00 1.608066e+00
2.800720e+01 -9.716231e+00 1.604532e+00
2.801720e+01 -9.701353e+00 1.600957e+00
2.802720e+01 -9.701345e+00 1.597340e+00
2.803720e+01 -9.564634e+00 1.593684e+00
2.804720e+01 -9.516016e+00 1.589986e+00
2.805719e+01 -9.519341e+00 1.586249e+00
2.806719e+01 -9.387048e+00 1.582470e+00
2.807719e+01 -9.325950e+00 1.578651e+00
2.808719e+01 -9.341850e+00 1.574792e+00
2.809719e+01 -9.308567e+00 1.570893e+00
2.810719e+01 -9.248219e+00 1.566953e+00
2.811719e+01 -9.208281e+00 1.562972e+00
2.812719e+01 -9.098378e+00 1.558952e+00
2.813719e+01 -9.097916e+00 1.554892e+00
2.814719e+01 -9.078153e+00 1.550791e+00
2.815718e+01 -8.978811e+00 1.546651e+00
2.816718e+01 -8.908331e+00 1.542470e+00
2.817718e+01 -8.970911e+00 1.538250e+00
2.818718e+01 -8.850523e+00 1.533989e+00
2.819718e+01 -8.786455e+00 1.529689e+00
2.820718e+01 -8.839740e+00 1.525349e+00
2.821718e+01 -8.810067e+00 1.520970e+00
2.822718e+01 -8.803404e+00 1.516551e+00
2.823718e+01 -8.801829e+00 1.512092e+00
2.824718e+01 -8.827473e+00 1.507594e+00
2.825717e+01 -8.759865e+00 1.503057e+00
2.826717e+01 -8.796297e+00 1.498480e+00
2.827717e+01 -8.767745e+00 1.493864e+00
2.828717e+01 -8.821432e+00 1.489209e+00
2.829717e+01 -8.803723e+00 1.484514e+00
2.830717e+01 -8.793276e+00 1.479781e+00
2.831717e+01 -8.905030e+00 1.475008e+00
2.832717e+01 -8.949537e+00 1.470197e+00
2.833717e+01 -8.976299e+00 1.465347e+00
2.834717e+01 -8.904611e+00 1.460458e+00
2.835716e+01 -8.944391e+00 1.455530e+00
2.836716e+01 -8.976182e+00 1.450564e+00
2.837716e+01 -9.099401e+00 1.445559e+00
2.838716e+01 -9.203363e+00 1.440515e+00
2.839716e+01 -9.210079e+00 1.435433e+00
2.840716e+01 -9.124192e+00 1.430313e+00
2.841716e+01 -9.305433e+00 1.425154e+00
2.842716e+01 -9.374414e+00 1.419958e+00
2.843716e+01 -9.377141e+00 1.414723e+00
2.844716e+01 -9.448912e+00 1.409450e+00
2.845715e+01 -9.596982e+00 1.404139e+00
2.846715e+01 -9.628114e+00 1.398790e+00
2.847715e+01 -9.666596e+00 1.393404e+00
2.848715e+01 -9.650046e+00 1.387980e+00
2.849715e+01 -9.759884e+00 1.382518e+00
2.850715e+01 -9.758248e+00 1.377018e+00
2.851715e+01 -9.806694e+00 1.371482e+00
2.852715e+01 -9.900912e+00 1.365907e+00
2.853715e+01 -9.951322e+00 1.360296e+00
2.854715e+01 -1.007400e+01 1.354647e+00
2.855714e+01 -1.002857e+01 1.348961e+00
2.856714e+01 -1.026163e+01 1.343238e+00
2.857714e+01 -1.019748e+01 1.337478e+00
2.858714e+01 -1.028231e+01 1.331681e+00
2.859714e+01 -1.027461e+01 1.325848e+00
2.860714e+01 -1.040055e+01 1.319978e+00
2.861714e+01 -1.043722e+01 1.314071e+00
2.862714e+01 -1.043566e+01 1.308128e+00
2.863714e+01 -1.047735e+01 1.302148e+00
2.864714e+01 -1.059875e+01 1.296132e+00
2.865713e+01 -1.059769e+01 1.290080e+00
2.866713e+01 -1.058086e+01 1.283991e+00
2.867713e+01 -1.053552e+01 1.277867e+00
2.868713e+01 -1.062043e+01 1.271706e+00
2.869713e+01 -1.067555e+01 1.265510e+00
2.870713e+01 -1.073637e+01 1.259278e+00
2.871713e+01 -1.074099e+01 1.253011e+00
2.872713e+01 -1.065145e+01 1.246708e+00
2.873713e+01 -1.074554e+01 1.240369e+00
2.874713e+01 -1.064703e+01 1.233996e+00
2.875712e+01 -1.074764e+01 1.227587e+00
2.876712e+01 -1.068756e+01 1.221142e+00
2.877712e+01 -1.065122e+01 1.214663e+00
2.878712e+01 -1.067207e+01 1.208149e+00
2.879712e+01 -1.069638e+01 1.201600e+00
2.880712e+01 -1.082478e+01 1.195017e+00
2.881712e+01 -1.075899e+01 1.188399e+00
2.882712e+01 -1.061840e+01 1.181746e+00
2.883712e+01 -1.054921e+01 1.175059e+00
2.884712e+01 -1.055972e+01 1.168338e+00
2.885711e+01 -1.054365e+01 1.161583e+00
2.886711e+01 -1.045413e+01 1.154793e+00
2.887711e+01 -1.047874e+01 1.147970e+00
2.888711e+01 -1.032732e+01 1.141113e+00
2.889711e+01 -1.028878e+01 1.134223e+00
2.890711e+01 -1.022589e+01 1.127298e+00
2.891711e+01 -1.012748e+01 1.120341e+00
2.892711e+01 -1.012639e+01 1.113350e+00
2.893711e+01 -1.002178e+01 1.106326e+00
2.894711e+01 -9.950732e+00 1.099269e+00
2.895710e+01 -9.902824e+00 1.092179e+00
2.896710e+01 -9.912536e+00 1.085056e+00
2.897710e+01 -9.878126e+00 1.077901e+00
2.898710e+01 -9.671523e+00 1.070713e+00
2.899710e+01 -9.680763e+00 1.063493e+00
2.900710e+01 -9.709257e+00 1.056240e+00
2.901710e+01 -9.575339e+00 1.048956e+00
2.902710e+01 -9.558610e+00 1.041639e+00
2.903710e+01 -9.431572e+00 1.034291e+00
2.904710e+01 -9.386876e+00 1.026911e+00
2.905709e+01 -9.307390e+00 1.019499e+00
2.906709e+01 -9.265071e+00 1.012056e+00
2.907709e+01 -9.210336e+00 1.004582e+00
2.908709e+01 -9.035969e+00 9.970766e-01
2.909709e+01 -9.114302e+00 9.895403e-01
2.910709e+01 -9.032720e+00 9.819733e-01
2.911709e+01 -8.985826e+00 9.743757e-01
2.912709e+01 -9.062123e+00 9.667476e-01
2.913709e+01 -8.897438e+00 9.590892e-01
2.914709e+01 -8.858459e+00 9.514006e-01
2.915708e+01 -8.890150e+00 9.436821e-01
2.916708e+01 -8.865435e+00 9.359338e-01
2.917708e+01 -8.729346e+00 9.281558e-01
2.918708e+01 -8.755058e+00 9.203484e-01
2.919708e+01 -8.657394e+00 9.125117e-01
2.920708e+01 -8.729798e+00 9.046458e-01
2.921708e+01 -8.653688e+00 8.967511e-01
2.922708e+01 -8.618844e+00 8.888276e-01
2.923708e+01 -8.734088e+00 8.808755e-01
2.924708e+01 -8.652179e+00 8.728950e-01
2.925707e+01 -8.584110e+00 8.648864e-01
2.926707e+01 -8.671649e+00 8.568498e-01
2.927707e+01 -8.621012e+00 8.487853e-01
2.928707e+01 -8.729443e+00 8.406933e-01
2.929707e+01 -8.689131e+00 8.325739e-01
2.930707e+01 -8.652614e+00 8.244273e-01
2.931707e+01 -8.730040e+00 8.162536e-01
2.932707e+01 -8.701749e+00 8.080533e-01
2.933707e+01 -8.857593e+00 7.998263e-01
2.934707e+01 -8.851092e+00 7.915731e-01
2.935706e+01 -8.878613e+00 7.832937e-01
2.936706e+01 -8.894591e+00 7.749884e-01
2.937706e+01 -8.898366e+00 7.666574e-01
2.938706e+01 -8.977893e+00 7.583010e-01
2.939706e+01 -8.925023e+00 7.499194e-01
2.940706e+01 -9.037258e+00 7.415128e-01
2.941706e+01 -9.154561e+00 7.330815e-01
2.942706e+01 -9.170695e+00 7.246257e-01
2.943706e+01 -9.255053e+00 7.161457e-01
2.944706e+01 -9.301907e+00 7.076417e-01
2.945705e+01 -9.330200e+00 6.991139e-01
2.946705e+01 -9.407581e+00 6.905627e-01
2.947705e+01 -9.447803e+00 6.819883e-01
2.948705e+01 -9.499327e+00 6.733910e-01
2.949705e+01 -9.546427e+00 6.647709e-01
2.950705e+01 -9.606171e+00 6.561285e-01
2.951705e+01 -9.616571e+00 6.474640e-01
2.952705e+01 -9.745582e+00 6.387777e-01
2.953705e+01 -9.744563e+00 6.300698e-01
2.954705e+01 -9.951959e+00 6.213406e-01
2.955704e+01 -9.916252e+00 6.125905e-01
2.956704e+01 -1.006597e+01 6.038197e-01
2.957704e+01 -1.008129e+01 5.950286e-01
2.958704e+01 -1.012677e+01 5.862174e-01
2.959704e+01 -1.011661e+01 5.773865e-01
2.960704e+01 -1.021082e+01 5.685362e-01
2.961704e+01 -1.023372e+01 5.596668e-01
2.962704e+01 -1.025235e+01 5.507786e-01
2.963704e+01 -1.035911e+01 5.418720e-01
2.964704e+01 -1.038172e+01 5.329472e-01
2.965703e+01 -1.049950e+01 5.240047e-01
2.966703e+01 -1.042796e+01 5.150448e-01
2.967703e+01 -1.040646e+01 5.060678e-01
2.968703e+01 -1.041980e+01 4.970740e-01
2.969703e+01 -1.056901e+01 4.880639e-01
2.970703e+01 -1.052862e+01 4.790378e-01
2.971703e+01 -1.060794e+01 4.699960e-01
2.972703e+01 -1.065624e+01 4.609389e-01
2.973703e+01 -1.061276e+01 4.518670e-01
2.974703e+01 -1.062248e+01 4.427805e-01
2.975702e+01 -1.060676e+01 4.336799e-01
2.976702e+01 -1.053357e+01 4.245655e-01
2.977702e+01 -1.056610e+01 4.154378e-01
2.978702e+01 -1.049649e+01 4.062971e-01
2.979702e+01 -1.045635e+01 3.971439e-01
2.980702e+01 -1.058928e+01 3.879785e-01
2.981702e+01 -1.034937e+01 3.788013e-01
2.982702e+01 -1.043513e+01 3.696128e-01
2.983702e+01 -1.041760e+01 3.604134e-01
2.984702e+01 -1.033163e+01 3.512035e-01
2.985701e+01 -1.026771e+01 3.419835e-01
2.986701e+01 -1.022253e+01 3.327539e-01
2.987701e+01 -1.028715e+01 3.235151e-01
2.988701e+01 -1.014590e+01 3.142675e-01
2.989701e+01 -1.008254e+01 3.050116e-01
2.990701e+01 -9.992099e+00 2.957479e-01
2.991701e+01 -9.994104e+00 2.864767e-01
2.992701e+01 -9.965778e+00 2.771985e-01
2.993701e+01 -9.946816e+00 2.679138e-01
2.994701e+01 -9.916592e+00 2.586231e-01
2.995700e+01 -9.792002e+00 2.493267e-01
2.996700e+01 -9.729121e+00 2.400253e-01
2.997700e+01 -9.637743e+00 2.307191e-01
2.998700e+01 -9.644087e+00 2.214088e-01
2.999700e+01 -9.517502e+00 2.120948e-01
3.000700e+01 -9.441201e+00 2.027776e-01
3.001700e+01 -9.416892e+00 1.934576e-01
3.002700e+01 -9.345312e+00 1.841354e-01
3.003700e+01 -9.294892e+00 1.748114e-01
3.004700e+01 -9.113298e+00 1.654861e-01
3.005699e+01 -9.176516e+00 1.561600e-01
3.006699e+01 -9.069691e+00 1.468336e-01
3.007699e+01 -8.961651e+00 1.375074e-01
3.008699e+01 -9.009752e+00 1.281818e-01
3.009699e+01 -8.917710e+00 1.188575e-01
3.010699e+01 -8.877773e+00 1.095348e-01
3.011699e+01 -8.834329e+00 1.002143e-01
3.012699e+01 -8.733889e+00 9.089652e-02
3.013699e+01 -8.745101e+00 8.158189e-02
3.014699e+01 -8.688798e+00 7.227094e-02
3.015698e+01 -8.590257e+00 6.296418e-02
3.016698e+01 -8.552628e+00 5.366210e-02
3.017698e+01 -8.629105e+00 4.436520e-02
3.018698e+01 -8.620858e+00 3.507399e-02
3.019698e+01 -8.572965e+00 2.578896e-02
3.020698e+01 -8.571552e+00 1.651061e-02
3.021698e+01 -8.495070e+00 7.239446e-03
3.022698e+01 -8.471619e+00 -2.024043e-03
3.023698e+01 -8.408984e+00 -1.127936e-02
3.024698e+01 -8.416711e+00 -2.052601e-02
3.025697e+01 -8.431482e+00 -2.976351e-02
3.026697e+01 -8.406986e+00 -3.899136e-02
3.027697e+01 -8.469284e+00 -4.820908e-02
3.028697e+01 -8.416123e+00 -5.741619e-02
3.029697e+01 -8.491719e+00 -6.661220e-02
3.030697e+01 -8.570685e+00 -7.579665e-02
3.031697e+01 -8.503451e+00 -8.496905e-02
3.032697e+01 -8.604424e+00 -9.412893e-02
3.033697e+01 -8.521953e+00 -1.032758e-01
3.034697e+01 -8.559184e+00 -1.124093e-01
3.035696e+01 -8.703019e+00 -1.215289e-01
3.036696e+01 -8.669752e+00 -1.306341e-01
3.037696e+01 -8.730487e+00 -1.397245e-01
3.038696e+01 -8.743824e+00 -1.487996e-01
3.039696e+01 -8.807260e+00 -1.578591e-01
3.040696e+01 -8.834806e+00 -1.669025e-01
3.041696e+01 -8.963020e+00 -1.759294e-01
3.042696e+01 -8.930146e+00 -1.849393e-01
3.043696e+01 -9.006286e+00 -1.939318e-01
3.044696e+01 -9.103626e+00 -2.029065e-01
3.045695e+01 -9.187993e+00 -2.118631e-01
3.046695e+01 -9.259702e+00 -2.208011e-01
3.047695e+01 -9.247534e+00 -2.297202e-01
3.048695e+01 -9.297098e+00 -2.386200e-01
3.049695e+01 -9.364531e+00 -2.475000e-01
3.050695e+01 -9.429553e+00 -2.563600e-01
3.051695e+01 -9.511176e+00 -2.651995e-01
3.052695e+01 -9.577475e+00 -2.740183e-01
3.053695e+01 -9.638965e+00 -2.828160e-01
3.054695e+01 -9.721627e+00 -2.915923e-01
3.055694e+01 -9.781565e+00 -3.003468e-01
3.056694e+01 -9.843489e+00 -3.090792e-01
3.057694e+01 -9.891057e+00 -3.177893e-01
3.058694e+01 -9.827817e+00 -3.264767e-01
3.059694e+01 -9.929640e+00 -3.351412e-01
3.060694e+01 -9.961523e+00 -3.437824e-01
3.061694e+01 -1.004951e+01 -3.524001e-01
3.062694e+01 -1.007998e+01 -3.609941e-01
3.063694e+01 -1.014814e+01 -3.695641e-01
3.064694e+01 -1.013746e+01 -3.781098e-01
3.065693e+01 -1.019022e+01 -3.866311e-01
3.066693e+01 -1.021988e+01 -3.951276e-01
3.067693e+01 -1.023627e+01 -4.035993e-01
3.068693e+01 -1.034589e+01 -4.120459e-01
3.069693e+01 -1.032107e+01 -4.204672e-01
3.070693e+01 -1.030913e+01 -4.288630e-01
3.071693e+01 -1.032543e+01 -4.372332e-01
3.072693e+01 -1.036576e+01 -4.455776e-01
3.073693e+01 -1.042103e+01 -4.538960e-01
3.074693e+01 -1.032546e+01 -4.621884e-01
3.075692e+01 -1.026521e+01 -4.704545e-01
3.076692e+01 -1.047282e+01 -4.786944e-01
3.077692e+01 -1.029721e+01 -4.869077e-01
3.078692e+01 -1.026371e+01 -4.950945e-01
3.079692e+01 -1.026475e+01 -5.032547e-01
3.080692e+01 -1.024611e+01 -5.113882e-01
3.081692e+01 -1.018762e+01 -5.194949e-01
3.082692e+01 -1.019364e+01 -5.275747e-01
3.083692e+01 -1.007580e+01 -5.356276e-01
3.084692e+01 -1.013581e+01 -5.436536e-01
3.085691e+01 -1.012309e+01 -5.516527e-01
3.086691e+01 -1.004449e+01 -5.596247e-01
3.087691e+01 -1.005280e+01 -5.675697e-01
3.088691e+01 -1.006822e+01 -5.754878e-01
3.089691e+01 -9.963792e+00 -5.833788e-01
3.090691e+01 -9.858967e+00 -5.912429e-01
3.091691e+01 -9.802591e+00 -5.990800e-01
3.092691e+01 -9.758564e+00 -6.068901e-01
3.093691e+01 -9.671722e+00 -6.146734e-01
3.094691e+01 -9.572285e+00 -6.224298e-01
3.095690e+01 -9.605157e+00 -6.301595e-01
3.096690e+01 -9.566927e+00 -6.378625e-01
3.097690e+01 -9.465200e+00 -6.455388e-01
3.098690e+01 -9.441100e+00 -6.531886e-01
3.099690e+01 -9.419842e+00 -6.608120e-01
3.100690e+01 -9.328843e+00 -6.684090e-01
3.101690e+01 -9.250001e+00 -6.759798e-01
3.102690e+01 -9.121444e+00 -6.835244e-01
3.103690e+01 -9.045823e+00 -6.910430e-01
3.104690e+01 -9.014028e+00 -6.985358e-01
3.105689e+01 -8.966008e+00 -7.060029e-01
3.106689e+01 -8.930703e+00 -7.134443e-01
3.107689e+01 -8.697179e+00 -7.208603e-01
3.108689e+01 -8.596174e+00 -7.282511e-01
3.109689e+01 -8.712707e+00 -7.356168e-01
3.110689e+01 -8.659397e+00 -7.429575e-01
3.111689e+01 -8.633648e+00 -7.502735e-01
3.112689e+01 -8.592731e+00 -7.575649e-01
3.113689e+01 -8.555230e+00 -7.648319e-01
3.114689e+01 -8.412897e+00 -7.720748e-01
3.115688e+01 -8.435415e+00 -7.792936e-01
3.116688e+01 -8.362086e+00 -7.864888e-01
3.117688e+01 -8.425506e+00 -7.936604e-01
3.118688e+01 -8.267968e+00 -8.008086e-01
3.119688e+01 -8.350264e+00 -8.079338e-01
3.120688e+01 -8.344041e+00 -8.150361e-01
3.121688e+01 -8.371502e+00 -8.221157e-01
3.122688e+01 -8.221309e+00 -8.291730e-01
3.123688e+01 -8.236485e+00 -8.362081e-01
3.124688e+01 -8.177563e+00 -8.432213e-01
3.125687e+01 -8.253063e+00 -8.502128e-01
3.126687e+01 -8.221305e+00 -8.571830e-01
3.127687e+01 -8.277439e+00 -8.641320e-01
3.128687e+01 -8.290146e+00 -8.710602e-01
3.129687e+01 -8.288429e+00 -8.779678e-01
3.130687e+01 -8.272917e+00 -8.848551e-01
3.131687e+01 -8.349978e+00 -8.917223e-01
3.132687e+01 -8.350791e+00 -8.985698e-01
3.133687e+01 -8.325328e+00 -9.053978e-01
3.134687e+01 -8.410612e+00 -9.122066e-01
3.135686e+01 -8.473506e+00 -9.189965e-01
3.136686e+01 -8.420744e+00 -9.257678e-01
3.137686e+01 -8.501876e+00 -9.325207e-01
3.138686e+01 -8.592153e+00 -9.392557e-01
3.139686e+01 -8.593551e+00 -9.459729e-01
3.140686e+01 -8.624319e+00 -9.526727e-01
3.141686e+01 -8.748130e+00 -9.593554e-01
3.142686e+01 -8.768797e+00 -9.660212e-01
3.143686e+01 -8.805301e+00 -9.726706e-01
3.144686e+01 -8.818906e+00 -9.793038e-01
3.145685e+01 -8.937200e+00 -9.859211e-01
3.146685e+01 -9.003489e+00 -9.925228e-01
3.147685e+01 -9.080152e+00 -9.991093e-01
3.148685e+01 -9.088928e+00 -1.005681e+00
3.149685e+01 -9.192521e+00 -1.012238e+00
3.150685e+01 -9.224457e+00 -1.018780e+00
3.151685e+01 -9.322701e+00 -1.025309e+00
3.152685e+01 -9.269145e+00 -1.031824e+00
3.153685e+01 -9.420289e+00 -1.038325e+00
3.154685e+01 -9.485204e+00 -1.044814e+00
3.155684e+01 -9.475492e+00 -1.051290e+00
3.156684e+01 -9.577477e+00 -1.057753e+00
3.157684e+01 -9.611786e+00 -1.064204e+00
3.158684e+01 -9.723870e+00 -1.070644e+00
3.159684e+01 -9.736221e+00 -1.077072e+00
3.160684e+01 -9.780387e+00 -1.083489e+00
3.161684e+01 -9.823879e+00 -1.089895e+00
3.162684e+01 -9.867181e+00 -1.096291e+00
3.163684e+01 -9.884541e+00 -1.102676e+00
3.164684e+01 -9.858229e+00 -1.109052e+00
3.165683e+01 -9.957969e+00 -1.115418e+00
3.166683e+01 -1.005894e+01 -1.121775e+00
3.167683e+01 -1.002944e+01 -1.128123e+00
3.168683e+01 -1.006466e+01 -1.134462e+00
3.169683e+01 -1.001511e+01 -1.140793e+00
3.170683e+01 -9.997011e+00 -1.147116e+00
3.171683e+01 -1.005602e+01 -1.153431e+00
3.172683e+01 -1.015336e+01 -1.159739e+00
3.173683e+01 -1.015982e+01 -1.166040e+00
3.174683e+01 -1.013295e+01 -1.172335e+00
3.175682e+01 -1.018751e+01 -1.178622e+00
3.176682e+01 -1.015596e+01 -1.184904e+00
3.177682e+01 -1.008751e+01 -1.191180e+00
3.178682e+01 -1.008928e+01 -1.197450e+00
3.179682e+01 -1.001710e+01 -1.203715e+00
3.180682e+01 -1.000141e+01 -1.209974e+00
3.181682e+01 -1.012352e+01 -1.216229e+00
3.182682e+01 -9.945655e+00 -1.222480e+00
3.183682e+01 -9.918927e+00 -1.228727e+00
3.184682e+01 -9.858856e+00 -1.234969e+00
3.185681e+01 -9.900477e+00 -1.241208e+00
3.186681e+01 -9.788567e+00 -1.247444e+00
3.187681e+01 -9.756477e+00 -1.253677e+00
3.188681e+01 -9.668422e+00 -1.259907e+00
3.189681e+01 -9.629052e+00 -1.266134e+00
3.190681e+01 -9.594488e+00 -1.272359e+00
3.191681e+01 -9.626834e+00 -1.278582e+00
3.192681e+01 -9.481411e+00 -1.284803e+00
3.193681e+01 -9.459587e+00 -1.291022e+00
3.194681e+01 -9.371597e+00 -1.297241e+00
3.195680e+01 -9.409947e+00 -1.303458e+00
3.196680e+01 -9.281162e+00 -1.309674e+00
3.197680e+01 -9.227894e+00 -1.315890e+00
3.198680e+01 -9.129548e+00 -1.322105e+00
3.199680e+01 -9.126938e+00 -1.328320e+00
3.200680e+01 -9.027877e+00 -1.334535e+00
3.201680e+01 -8.923783e+00 -1.340751e+00
3.202680e+01 -8.805353e+00 -1.346966e+00
3.203680e+01 -8.803961e+00 -1.353183e+00
3.204680e+01 -8.778332e+00 -1.359400e+00
3.205679e+01 -8.616285e+00 -1.365618e+00
3.206679e+01 -8.613679e+00 -1.371837e+00
3.207679e+01 -8.562143e+00 -1.378058e+00
3.208679e+01 -8.467980e+00 -1.384280e+00
3.209679e+01 -8.436183e+00 -1.390503e+00
3.210679e+01 -8.474380e+00 -1.396729e+00
3.211679e+01 -8.342649e+00 -1.402957e+00
3.212679e+01 -8.358772e+00 -1.409186e+00
3.213679e+01 -8.235100e+00 -1.415418e+00
3.214679e+01 -8.282294e+00 -1.421652e+00
3.215678e+01 -8.215731e+00 -1.427889e+00
3.216678e+01 -8.163514e+00 -1.434129e+00
3.217678e+01 -8.113079e+00 -1.440371e+00
3.218678e+01 -8.050867e+00 -1.446616e+00
3.219678e+01 -8.083706e+00 -1.452864e+00
3.220678e+01 -8.062825e+00 -1.459115e+00
3.221678e+01 -8.155489e+00 -1.465369e+00
3.222678e+01 -7.976984e+00 -1.471626e+00
3.223678e+01 -8.048064e+00 -1.477886e+00
3.224678e+01 -7.949860e+00 -1.484150e+00
3.225677e+01 -8.071240e+00 -1.490418e+00
3.226677e+01 -8.009537e+00 -1.496688e+00
3.227677e+01 -7.966823e+00 -1.502962e+00
3.228677e+01 -8.047499e+00 -1.509240e+00
3.229677e+01 -7.990295e+00 -1.515521e+00
3.230677e+01 -7.956063e+00 -1.521806e+00
3.231677e+01 -8.057823e+00 -1.528094e+00
3.232677e+01 -8.131837e+00 -1.534386e+00
3.233677e+01 -8.115642e+00 -1.540682e+00
3.234677e+01 -8.144834e+00 -1.546981e+00
3.235676e+01 -8.165972e+00 -1.553284e+00
3.236676e+01 -8.191846e+00 -1.559590e+00
3.237676e+01 -8.318578e+00 -1.565900e+00
3.238676e+01 -8.241018e+00 -1.572213e+00
3.239676e+01 -8.334860e+00 -1.578530e+00
3.240676e+01 -8.400665e+00 -1.584850e+00
3.241676e+01 -8.442825e+00 -1.591174e+00
3.242676e+01 -8.475808e+00 -1.597500e+00
3.243676e+01 -8.529145e+00 -1.603831e+00
3.244676e+01 -8.572938e+00 -1.610164e+00
3.245675e+01 -8.689490e+00 -1.616500e+00
3.246675e+01 -8.656378e+00 -1.622839e+00
3.247675e+01 -8.713311e+00 -1.629181e+00
3.248675e+01 -8.793319e+00 -1.635526e+00
3.249675e+01 -8.863103e+00 -1.641873e+00
3.250675e+01 -8.977518e+00 -1.648224e+00
3.251675e+01 -8.945847e+00 -1.654576e+00
3.252675e+01 -9.100878e+00 -1.660931e+00
3.253675e+01 -9.082303e+00 -1.667288e+00
3.254675e+01 -9.217319e+00 -1.673647e+00
3.255674e+01 -9.185561e+00 -1.680007e+00
3.256674e+01 -9.303774e+00 -1.686370e+00
3.257674e+01 -9.348943e+00 -1.692734e+00
3.258674e+01 -9.362911e+00 -1.699099e+00
3.259674e+01 -9.537728e+00 -1.705466e+00
3.260674e+01 -9.506510e+00 -1.711833e+00
3.261674e+01 -9.632687e+00 -1.718202e+00
3.262674e+01 -9.615835e+00 -1.724571e+00
3.263674e+01 -9.550660e+00 -1.730941e+00
3.264674e+01 -9.530464e+00 -1.737311e+00
3.265673e+01 -9.749482e+00 -1.743681e+00
3.266673e+01 -9.815382e+00 -1.750050e+00
3.267673e+01 -9.785088e+00 -1.756420e+00
3.268673e+01 -9.818050e+00 -1.762789e+00
3.269673e+01 -9.783857e+00 -1.769157e+00
3.270673e+01 -9.774479e+00 -1.775524e+00
3.271673e+01 -9.812775e+00 -1.781890e+00
3.272673e+01 -9.931363e+00 -1.788254e+00
3.273673e+01 -9.940818e+00 -1.794617e+00
3.274673e+01 -9.907376e+00 -1.800978e+00
3.275672e+01 -9.848895e+00 -1.807337e+00
3.276672e+01 -9.832632e+00 -1.813693e+00
3.277672e+01 -9.846326e+00 -1.820046e+00
3.278672e+01 -9.839675e+00 -1.826397e+00
3.279672e+01 -9.814085e+00 -1.832744e+00
3.280672e+01 -9.738470e+00 -1.839088e+00
3.281672e+01 -9.773137e+00 -1.845428e+00
3.282672e+01 -9.692287e+00 -1.851765e+00
3.283672e+01 -9.576213e+00 -1.858097e+00
3.284672e+01 -9.655024e+00 -1.864424e+00
3.285671e+01 -9.602768e+00 -1.870747e+00
3.286671e+01 -9.578629e+00 -1.877065e+00
3.287671e+01 -9.524515e+00 -1.883378e+00
3.288671e+01 -9.344861e+00 -1.889685e+00
3.289671e+01 -9.348753e+00 -1.895986e+00
3.290671e+01 -9.297334e+00 -1.902281e+00
3.291671e+01 -9.273987e+00 -1.908570e+00
3.292671e+01 -9.205305e+00 -1.914853e+00
3.293671e+01 -9.315922e+00 -1.921128e+00
3.294671e+01 -9.120070e+00 -1.927397e+00
3.295670e+01 -9.130191e+00 -1.933658e+00
3.296670e+01 -8.985182e+00 -1.939911e+00
3.297670e+01 -8.886770e+00 -1.946157e+00
3.298670e+01 -8.879255e+00 -1.952394e+00
3.299670e+01 -8.713734e+00 -1.958623e+00
3.300670e+01 -8.757930e+00 -1.964843e+00
3.301670e+01 -8.638989e+00 -1.971055e+00
3.302670e+01 -8.607256e+00 -1.977257e+00
3.303670e+01 -8.471558e+00 -1.983450e+00
3.304670e+01 -8.486659e+00 -1.989633e+00
3.305669e+01 -8.325701e+00 -1.995806e+00
3.306669e+01 -8.326810e+00 -2.001969e+00
3.307669e+01 -8.325239e+00 -2.008122e+00
3.308669e+01 -8.164950e+00 -2.014264e+00
3.309669e+01 -8.229944e+00 -2.020396e+00
3.310669e+01 -8.078807e+00 -2.026516e+00
3.311669e+01 -8.061903e+00 -2.032625e+00
3.312669e+01 -8.049685e+00 -2.038722e+00
3.313669e+01 -7.823593e+00 -2.044808e+00
3.314669e+01 -7.942253e+00 -2.050882e+00
3.315668e+01 -7.875521e+00 -2.056943e+00
3.316668e+01 -7.789089e+00 -2.062992e+00
3.317668e+01 -7.831126e+00 -2.069029e+00
3.318668e+01 -7.820086e+00 -2.075053e+00
3.319668e+01 -7.759878e+00 -2.081064e+00
3.320668e+01 -7.717423e+00 -2.087062e+00
3.321668e+01 -7.696782e+00 -2.093047e+00
3.322668e+01 -7.796174e+00 -2.099018e+00
3.323668e+01 -7.534943e+00 -2.104976e+00
3.324668e+01 -7.689018e+00 -2.110920e+00
3.325667e+01 -7.666861e+00 -2.116850e+00
3.326667e+01 -7.655273e+00 -2.122766e+00
3.327667e+01 -7.663127e+00 -2.128667e+00
3.328667e+01 -7.810941e+00 -2.134555e+00
3.329667e+01 -7.745851e+00 -2.140427e+00
3.330667e+01 -7.715857e+00 -2.146285e+00
3.331667e+01 -7.834868e+00 -2.152129e+00
3.332667e+01 -7.769175e+00 -2.157957e+00
3.333667e+01 -7.823854e+00 -2.163771e+00
3.334667e+01 -7.908179e+00 -2.169569e+00
3.335666e+01 -7.890200e+00 -2.175353e+00
3.336666e+01 -7.870105e+00 -2.181121e+00
3.337666e+01 -7.870758e+00 -2.186874e+00
3.338666e+01 -8.010156e+00 -2.192611e+00
3.339666e+01 -8.051044e+00 -2.198333e+00
3.340666e+01 -8.046586e+00 -2.204039e+00
3.341666e+01 -8.139433e+00 -2.209730e+00
3.342666e+01 -8.253510e+00 -2.215405e+00
3.343666e+01 -8.244097e+00 -2.221064e+00
3.344666e+01 -8.339382e+00 -2.226708e+00
3.345665e+01 -8.425614e+00 -2.232335e+00
3.346665e+01 -8.440348e+00 -2.237947e+00
3.347665e+01 -8.536746e+00 -2.243543e+00
3.348665e+01 -8.598089e+00 -2.249124e+00
3.349665e+01 -8.597857e+00 -2.254688e+00
3.350665e+01 -8.637785e+00 -2.260237e+00
3.351665e+01 -8.617325e+00 -2.265769e+00
3.352665e+01 -8.814806e+00 -2.271286e+00
3.353665e+01 -8.893123e+00 -2.276787e+00
3.354665e+01 -8.964014e+00 -2.282273e+00
3.355664e+01 -8.964226e+00 -2.287742e+00
3.356664e+01 -8.935600e+00 -2.293196e+00
3.357664e+01 -9.061429e+00 -2.298634e+00
3.358664e+01 -9.061364e+00 -2.304057e+00
3.359664e+01 -9.142106e+00 -2.309464e+00
3.360664e+01 -9.304497e+00 -2.314855e+00
3.361664e+01 -9.262559e+00 -2.320231e+00
3.362664e+01 -9.278187e+00 -2.325592e+00
3.363664e+01 -9.292946e+00 -2.330937e+00
3.364664e+01 -9.337883e+00 -2.336267e+00
3.365663e+01 -9.360180e+00 -2.341582e+00
3.366663e+01 -9.495872e+00 -2.346882e+00
3.367663e+01 -9.392998e+00 -2.352167e+00
3.368663e+01 -9.493605e+00 -2.357437e+00
3.369663e+01 -9.465158e+00 -2.362693e+00
3.370663e+01 -9.502867e+00 -2.367934e+00
3.371663e+01 -9.469479e+00 -2.373160e+00
3.372663e+01 -9.503693e+00 -2.378373e+00
3.373663e+01 -9.508096e+00 -2.383571e+00
3.374663e+01 -9.486733e+00 -2.388755e+00
3.375662e+01 -9.454731e+00 -2.393925e+00
3.376662e+01 -9.574576e+00 -2.399081e+00
3.377662e+01 -9.528342e+00 -2.404224e+00
3.378662e+01 -9.590631e+00 -2.409353e+00
3.379662e+01 -9.426605e+00 -2.414469e+00
3.380662e+01 -9.543350e+00 -2.419573e+00
3.381662e+01 -9.396909e+00 -2.424663e+00
3.382662e+01 -9.269520e+00 -2.429740e+00
3.383662e+01 -9.297492e+00 -2.434805e+00
3.384662e+01 -9.431569e+00 -2.439858e+00
3.385661e+01 -9.191153e+00 -2.444898e+00
3.386661e+01 -9.256499e+00 -2.449926e+00
3.387661e+01 -9.252288e+00 -2.454943e+00
3.388661e+01 -9.093391e+00 -2.459948e+00
3.389661e+01 -9.106517e+00 -2.464942e+00
3.390661e+01 -8.950542e+00 -2.469925e+00
3.391661e+01 -9.011160e+00 -2.474897e+00
3.392661e+01 -8.993640e+00 -2.479858e+00
3.393661e+01 -8.946049e+00 -2.484809e+00
3.394661e+01 -8.828181e+00 -2.489749e+00
3.395660e+01 -8.756097e+00 -2.494680e+00
3.396660e+01 -8.633346e+00 -2.499601e+00
3.397660e+01 -8.568175e+00 -2.504512e+00
3.398660e+01 -8.543419e+00 -2.509415e+00
3.399660e+01 -8.451288e+00 -2.514308e+00
3.400660e+01 -8.414188e+00 -2.519192e+00
3.401660e+01 -8.381428e+00 -2.524068e+00
3.402660e+01 -8.227486e+00 -2.528936e+00
3.403660e+01 -8.206484e+00 -2.533796e+00
3.404660e+01 -8.122074e+00 -2.538648e+00
3.405659e+01 -8.089944e+00 -2.543493e+00
3.406659e+01 -8.044256e+00 -2.548331e+00
3.407659e+01 -8.023154e+00 -2.553162e+00
3.408659e+01 -7.849030e+00 -2.557986e+00
3.409659e+01 -7.868142e+00 -2.562804e+00
3.410659e+01 -7.894854e+00 -2.567617e+00
3.411659e+01 -7.787968e+00 -2.572423e+00
3.412659e+01 -7.715933e+00 -2.577224e+00
3.413659e+01 -7.663422e+00 -2.582020e+00
3.414659e+01 -7.626876e+00 -2.586811e+00
3.415658e+01 -7.470745e+00 -2.591597e+00
3.416658e+01 -7.451821e+00 -2.596380e+00
3.417658e+01 -7.521372e+00 -2.601158e+00
3.418658e+01 -7.425649e+00 -2.605933e+00
3.419658e+01 -7.488184e+00 -2.610704e+00
3.420658e+01 -7.355609e+00 -2.615473e+00
3.421658e+01 -7.368593e+00 -2.620239e+00
3.422658e+01 -7.394947e+00 -2.625002e+00
3.423658e+01 -7.379104e+00 -2.629764e+00
3.424658e+01 -7.365277e+00 -2.634523e+00
3.425657e+01 -7.346476e+00 -2.639281e+00
3.426657e+01 -7.434767e+00 -2.644039e+00
3.427657e+01 -7.383460e+00 -2.648795e+00
3.428657e+01 -7.333144e+00 -2.653551e+00
3.429657e+01 -7.365243e+00 -2.658307e+00
3.430657e+01 -7.423521e+00 -2.663063e+00
3.431657e+01 -7.471916e+00 -2.667819e+00
3.432657e+01 -7.325582e+00 -2.672577e+00
3.433657e+01 -7.384703e+00 -2.677335e+00
3.434657e+01 -7.467931e+00 -2.682095e+00
3.435656e+01 -7.527683e+00 -2.686857e+00
3.436656e+01 -7.539325e+00 -2.691622e+00
3.437656e+01 -7.672586e+00 -2.696388e+00
3.438656e+01 -7.678625e+00 -2.701158e+00
3.439656e+01 -7.608783e+00 -2.705930e+00
3.440656e+01 -7.596831e+00 -2.710707e+00
3.441656e+01 -7.791165e+00 -2.715487e+00
3.442656e+01 -7.779009e+00 -2.720271e+00
3.443656e+01 -7.843425e+00 -2.725060e+00
3.444656e+01 -7.985905e+00 -2.729854e+00
3.445655e+01 -8.103066e+00 -2.734653e+00
3.446655e+01 -8.072415e+00 -2.739457e+00
3.447655e+01 -8.157826e+00 -2.744267e+00
3.448655e+01 -8.222657e+00 -2.749084e+00
3.449655e+01 -8.224710e+00 -2.753907e+00
3.450655e+01 -8.314923e+00 -2.758737e+00
3.451655e+01 -8.448392e+00 -2.763574e+00
3.452655e+01 -8.441474e+00 -2.768419e+00
3.453655e+01 -8.572124e+00 -2.773272e+00
3.454655e+01 -8.484815e+00 -2.778133e+00
3.455654e+01 -8.594797e+00 -2.783002e+00
3.456654e+01 -8.688741e+00 -2.787881e+00
3.457654e+01 -8.682221e+00 -2.792769e+00
3.458654e+01 -8.745160e+00 -2.797666e+00
3.459654e+01 -8.831892e+00 -2.802573e+00
3.460654e+01 -8.860615e+00 -2.807491e+00
3.461654e+01 -8.901356e+00 -2.812419e+00
3.462654e+01 -8.940506e+00 -2.817358e+00
3.463654e+01 -9.051652e+00 -2.822308e+00
3.464654e+01 -9.018086e+00 -2.827270e+00
3.465653e+01 -8.968452e+00 -2.832243e+00
3.466653e+01 -9.058844e+00 -2.837229e+00
3.467653e+01 -9.097697e+00 -2.842227e+00
3.468653e+01 -9.113193e+00 -2.847238e+00
3.469653e+01 -9.155696e+00 -2.852263e+00
3.470653e+01 -9.172345e+00 -2.857300e+00
3.471653e+01 -9.292084e+00 -2.862352e+00
3.472653e+01 -9.190479e+00 -2.867417e+00
3.473653e+01 -9.217141e+00 -2.872497e+00
3.474653e+01 -9.146804e+00 -2.877592e+00
3.475652e+01 -9.210508e+00 -2.882701e+00
3.476652e+01 -9.096468e+00 -2.887826e+00
3.477652e+01 -9.186994e+00 -2.892967e+00
3.478652e+01 -9.043518e+00 -2.898123e+00
3.479652e+01 -9.105163e+00 -2.903296e+00
3.480652e+01 -9.086867e+00 -2.908485e+00
3.481652e+01 -9.057441e+00 -2.913690e+00
3.482652e+01 -8.919647e+00 -2.918913e+00
3.483652e+01 -8.946125e+00 -2.924153e+00
3.484652e+01 -8.931110e+00 -2.929410e+00
3.485651e+01 -9.021975e+00 -2.934686e+00
3.486651e+01 -8.899010e+00 -2.939979e+00
3.487651e+01 -8.879164e+00 -2.945291e+00
3.488651e+01 -8.770219e+00 -2.950621e+00
3.489651e+01 -8.665384e+00 -2.955970e+00
3.490651e+01 -8.686486e+00 -2.961338e+00
3.491651e+01 -8.668684e+00 -2.966726e+00
3.492651e+01 -8.514982e+00 -2.972133e+00
3.493651e+01 -8.527359e+00 -2.977560e+00
3.494651e+01 -8.381355e+00 -2.983006e+00
3.495650e+01 -8.358646e+00 -2.988473e+00
3.496650e+01 -8.411504e+00 -2.993961e+00
3.497650e+01 -8.258703e+00 -2.999469e+00
3.498650e+01 -8.060745e+00 -3.004997e+00
3.499650e+01 -8.118867e+00 -3.010547e+00
3.500650e+01 -8.007094e+00 -3.016118e+00
3.501650e+01 -8.043011e+00 -3.021710e+00
3.502650e+01 -7.907774e+00 -3.027324e+00
3.503650e+01 -7.852619e+00 -3.032960e+00
3.504650e+01 -7.858885e+00 -3.038617e+00
3.505649e+01 -7.659414e+00 -3.044296e+00
3.506649e+01 -7.681690e+00 -3.049998e+00
3.507649e+01 -7.665623e+00 -3.055722e+00
3.508649e+01 -7.526107e+00 -3.061468e+00
3.509649e+01 -7.415833e+00 -3.067237e+00
3.510649e+01 -7.460437e+00 -3.073028e+00
3.511649e+01 -7.291858e+00 -3.078842e+00
3.512649e+01 -7.349961e+00 -3.084679e+00
3.513649e+01 -7.257179e+00 -3.090539e+00
3.514649e+01 -7.232411e+00 -3.096422e+00
3.515648e+01 -7.203214e+00 -3.102328e+00
3.516648e+01 -7.158859e+00 -3.108257e+00
3.517648e+01 -7.177039e+00 -3.114209e+00
3.518648e+01 -7.023195e+00 -3.120185e+00
3.519648e+01 -7.034643e+00 -3.126183e+00
3.520648e+01 -7.062738e+00 -3.132205e+00
3.521648e+01 -6.951600e+00 -3.138250e+00
3.522648e+01 -7.068510e+00 -3.144319e+00
3.523648e+01 -6.893918e+00 -3.150411e+00
3.524648e+01 -7.022324e+00 -3.156525e+00
3.525647e+01 -6.990485e+00 -3.162664e+00
3.526647e+01 -6.940982e+00 -3.168825e+00
3.527647e+01 -7.021424e+00 -3.175009e+00
3.528647e+01 -7.035802e+00 -3.181217e+00
3.529647e+01 -7.039417e+00 -3.187447e+00
3.530647e+01 -7.070889e+00 -3.193700e+00
3.531647e+01 -7.053016e+00 -3.199976e+00
3.532647e+01 -7.128420e+00 -3.206275e+00
3.533647e+01 -7.046896e+00 -3.212596e+00
3.534647e+01 -7.083121e+00 -3.218940e+00
3.535646e+01 -7.240736e+00 -3.225306e+00
3.536646e+01 -7.181286e+00 -3.231693e+00
3.537646e+01 -7.196767e+00 -3.238103e+00
3.538646e+01 -7.352007e+00 -3.244535e+00
3.539646e+01 -7.325128e+00 -3.250988e+00
3.540646e+01 -7.373357e+00 -3.257462e+00
3.541646e+01 -7.482541e+00 -3.263958e+00
3.542646e+01 -7.396471e+00 -3.270474e+00
3.543646e+01 -7.566478e+00 -3.277011e+00
3.544646e+01 -7.602975e+00 -3.283569e+00
3.545645e+01 -7.707943e+00 -3.290146e+00
3.546645e+01 -7.759821e+00 -3.296743e+00
3.547645e+01 -7.774967e+00 -3.303360e+00
3.548645e+01 -7.861945e+00 -3.309996e+00
3.549645e+01 -7.938509e+00 -3.316651e+00
3.550645e+01 -7.983735e+00 -3.323324e+00
3.551645e+01 -7.974175e+00 -3.330015e+00
3.552645e+01 -8.028638e+00 -3.336725e+00
3.553645e+01 -8.180349e+00 -3.343451e+00
3.554645e+01 -8.230704e+00 -3.350195e+00
3.555644e+01 -8.143679e+00 -3.356955e+00
3.556644e+01 -8.272720e+00 -3.363732e+00
3.557644e+01 -8.322003e+00 -3.370524e+00
3.558644e+01 -8.427053e+00 -3.377331e+00
3.559644e+01 -8.475764e+00 -3.384154e+00
3.560644e+01 -8.524995e+00 -3.390990e+00
3.561644e+01 -8.479474e+00 -3.397841e+00
3.562644e+01 -8.685656e+00 -3.404705e+00
3.563644e+01 -8.538038e+00 -3.411582e+00
3.564644e+01 -8.638490e+00 -3.418471e+00
3.565643e+01 -8.761089e+00 -3.425372e+00
3.566643e+01 -8.727282e+00 -3.432284e+00
3.567643e+01 -8.742934e+00 -3.439207e+00
3.568643e+01 -8.763498e+00 -3.446141e+00
3.569643e+01 -8.816142e+00 -3.453083e+00
3.570643e+01 -8.669221e+00 -3.460035e+00
3.571643e+01 -8.816623e+00 -3.466995e+00
3.572643e+01 -8.821803e+00 -3.473963e+00
3.573643e+01 -8.820913e+00 -3.480938e+00
3.574643e+01 -8.824573e+00 -3.487919e+00
3.575642e+01 -8.820784e+00 -3.494907e+00
3.576642e+01 -8.743821e+00 -3.501899e+00
3.577642e+01 -8.848595e+00 -3.508896e+00
3.578642e+01 -8.670193e+00 -3.515896e+00
3.579642e+01 -8.707443e+00 -3.522900e+00
3.580642e+01 -8.652771e+00 -3.529906e+00
3.581642e+01 -8.674530e+00 -3.536914e+00
3.582642e+01 -8.680382e+00 -3.543923e+00
3.583642e+01 -8.608257e+00 -3.550932e+00
3.584642e+01 -8.569483e+00 -3.557941e+00
3.585641e+01 -8.495481e+00 -3.564948e+00
3.586641e+01 -8.502301e+00 -3.571953e+00
3.587641e+01 -8.431330e+00 -3.578956e+00
3.588641e+01 -8.423141e+00 -3.585955e+00
3.589641e+01 -8.403046e+00 -3.592950e+00
3.590641e+01 -8.281469e+00 -3.599940e+00
3.591641e+01 -8.203238e+00 -3.606924e+00
3.592641e+01 -8.162804e+00 -3.613902e+00
3.593641e+01 -8.201623e+00 -3.620872e+00
3.594641e+01 -8.096709e+00 -3.627833e+00
3.595640e+01 -8.004812e+00 -3.634786e+00
3.596640e+01 -8.032942e+00 -3.641729e+00
3.597640e+01 -7.807570e+00 -3.648662e+00
3.598640e+01 -7.734088e+00 -3.655583e+00
3.599640e+01 -7.690595e+00 -3.662491e+00
3.600640e+01 -7.614134e+00 -3.669387e+00
3.601640e+01 -7.593036e+00 -3.676269e+00
3.602640e+01 -7.505287e+00 -3.683136e+00
3.603640e+01 -7.403386e+00 -3.689988e+00
3.604640e+01 -7.320178e+00 -3.696823e+00
3.605639e+01 -7.277154e+00 -3.703641e+00
3.606639e+01 -7.293375e+00 -3.710442e+00
3.607639e+01 -7.240994e+00 -3.717223e+00
3.608639e+01 -7.158356e+00 -3.723985e+00
3.609639e+01 -7.138048e+00 -3.730727e+00
3.610639e+01 -6.991747e+00 -3.737447e+00
3.611639e+01 -7.016848e+00 -3.744145e+00
3.612639e+01 -6.935958e+00 -3.750821e+00
3.613639e+01 -6.907840e+00 -3.757473e+00
3.614639e+01 -6.815228e+00 -3.764100e+00
3.615638e+01 -6.802250e+00 -3.770703e+00
3.616638e+01 -6.731522e+00 -3.777279e+00
3.617638e+01 -6.726658e+00 -3.783829e+00
3.618638e+01 -6.695722e+00 -3.790351e+00
3.619638e+01 -6.650781e+00 -3.796844e+00
3.620638e+01 -6.667403e+00 -3.803309e+00
3.621638e+01 -6.659445e+00 -3.809744e+00
3.622638e+01 -6.569330e+00 -3.816148e+00
3.623638e+01 -6.575060e+00 -3.822521e+00
3.624638e+01 -6.605836e+00 -3.828862e+00
3.625637e+01 -6.550491e+00 -3.835170e+00
3.626637e+01 -6.619416e+00 -3.841445e+00
3.627637e+01 -6.589705e+00 -3.847685e+00
3.628637e+01 -6.542253e+00 -3.853890e+00
3.629637e+01 -6.652098e+00 -3.860060e+00
3.630637e+01 -6.690526e+00 -3.866194e+00
3.631637e+01 -6.674571e+00 -3.872291e+00
3.632637e+01 -6.659541e+00 -3.878350e+00
3.633637e+01 -6.717469e+00 -3.884370e+00
3.634637e+01 -6.721572e+00 -3.890352e+00
3.635636e+01 -6.864905e+00 -3.896295e+00
3.636636e+01 -6.867890e+00 -3.902197e+00
3.637636e+01 -6.852523e+00 -3.908059e+00
3.638636e+01 -6.920910e+00 -3.913879e+00
3.639636e+01 -6.928906e+00 -3.919657e+00
3.640636e+01 -6.901993e+00 -3.925393e+00
3.641636e+01 -7.025243e+00 -3.931086e+00
3.642636e+01 -7.157110e+00 -3.936735e+00
3.643636e+01 -7.107915e+00 -3.942341e+00
3.644636e+01 -7.145458e+00 -3.947901e+00
3.645635e+01 -7.300996e+00 -3.953417e+00
3.646635e+01 -7.287729e+00 -3.958887e+00
3.647635e+01 -7.347707e+00 -3.964311e+00
3.648635e+01 -7.336555e+00 -3.969688e+00
3.649635e+01 -7.485195e+00 -3.975018e+00
3.650635e+01 -7.564271e+00 -3.980301e+00
3.651635e+01 -7.622986e+00 -3.985537e+00
3.652635e+01 -7.628070e+00 -3.990723e+00
3.653635e+01 -7.725667e+00 -3.995862e+00
3.654635e+01 -7.831839e+00 -4.000951e+00
3.655634e+01 -7.842401e+00 -4.005991e+00
3.656634e+01 -7.856625e+00 -4.010981e+00
3.657634e+01 -7.950069e+00 -4.015921e+00
3.658634e+01 -7.963602e+00 -4.020810e+00
3.659634e+01 -7.984720e+00 -4.025649e+00
3.660634e+01 -8.061628e+00 -4.030437e+00
3.661634e+01 -8.090711e+00 -4.035174e+00
3.662634e+01 -8.206622e+00 -4.039859e+00
3.663634e+01 -8.217677e+00 -4.044492e+00
3.664634e+01 -8.121717e+00 -4.049073e+00
3.665633e+01 -8.257251e+00 -4.053602e+00
3.666633e+01 -8.360826e+00 -4.058078e+00
3.667633e+01 -8.338542e+00 -4.062502e+00
3.668633e+01 -8.417833e+00 -4.066872e+00
3.669633e+01 -8.421855e+00 -4.071190e+00
3.670633e+01 -8.367594e+00 -4.075454e+00
3.671633e+01 -8.371120e+00 -4.079665e+00
3.672633e+01 -8.508062e+00 -4.083822e+00
3.673633e+01 -8.364587e+00 -4.087926e+00
3.674633e+01 -8.370755e+00 -4.091976e+00
3.675632e+01 -8.458200e+00 -4.095971e+00
3.676632e+01 -8.350308e+00 -4.099913e+00
3.677632e+01 -8.379352e+00 -4.103801e+00
3.678632e+01 -8.413537e+00 -4.107635e+00
3.679632e+01 -8.352638e+00 -4.111414e+00
3.680632e+01 -8.319178e+00 -4.115140e+00
3.681632e+01 -8.257120e+00 -4.118811e+00
3.682632e+01 -8.269277e+00 -4.122427e+00
3.683632e+01 -8.168839e+00 -4.125990e+00
3.684632e+01 -8.241322e+00 -4.129498e+00
3.685631e+01 -8.178680e+00 -4.132952e+00
3.686631e+01 -8.046997e+00 -4.136351e+00
3.687631e+01 -8.058756e+00 -4.139696e+00
3.688631e+01 -7.958571e+00 -4.142987e+00
3.689631e+01 -7.920850e+00 -4.146224e+00
3.690631e+01 -7.929746e+00 -4.149407e+00
3.691631e+01 -7.862516e+00 -4.152536e+00
3.692631e+01 -7.830138e+00 -4.155611e+00
3.693631e+01 -7.809714e+00 -4.158632e+00
3.694631e+01 -7.574800e+00 -4.161599e+00
3.695630e+01 -7.595452e+00 -4.164512e+00
3.696630e+01 -7.513501e+00 -4.167372e+00
3.697630e+01 -7.444446e+00 -4.170179e+00
3.698630e+01 -7.318359e+00 -4.172932e+00
3.699630e+01 -7.322819e+00 -4.175632e+00
3.700630e+01 -7.188196e+00 -4.178279e+00
3.701630e+01 -7.149866e+00 -4.180873e+00
3.702630e+01 -7.165801e+00 -4.183414e+00
3.703630e+01 -6.950175e+00 -4.185903e+00
3.704630e+01 -6.977641e+00 -4.188340e+00
3.705629e+01 -6.909956e+00 -4.190724e+00
3.706629e+01 -6.896219e+00 -4.193056e+00
3.707629e+01 -6.854585e+00 -4.195337e+00
3.708629e+01 -6.677185e+00 -4.197565e+00
3.709629e+01 -6.716033e+00 -4.199743e+00
3.710629e+01 -6.561511e+00 -4.201869e+00
3.711629e+01 -6.576451e+00 -4.203944e+00
3.712629e+01 -6.477596e+00 -4.205968e+00
3.713629e+01 -6.450017e+00 -4.207942e+00
3.714629e+01 -6.361144e+00 -4.209866e+00
3.715628e+01 -6.380784e+00 -4.211739e+00
3.716628e+01 -6.394220e+00 -4.213562e+00
3.717628e+01 -6.425970e+00 -4.215336e+00
3.718628e+01 -6.285659e+00 -4.217060e+00
3.719628e+01 -6.167367e+00 -4.218736e+00
3.720628e+01 -6.281020e+00 -4.220362e+00
3.721628e+01 -6.215524e+00 -4.221940e+00
3.722628e+01 -6.150587e+00 -4.223469e+00
3.723628e+01 -6.271402e+00 -4.224951e+00
3.724628e+01 -6.220525e+00 -4.226384e+00
3.725627e+01 -6.157792e+00 -4.227770e+00
3.726627e+01 -6.214805e+00 -4.229109e+00
3.727627e+01 -6.208663e+00 -4.230400e+00
3.728627e+01 -6.117224e+00 -4.231645e+00
3.729627e+01 -6.191851e+00 -4.232843e+00
3.730627e+01 -6.173126e+00 -4.233996e+00
3.731627e+01 -6.153422e+00 -4.235102e+00
3.732627e+01 -6.226365e+00 -4.236163e+00
3.733627e+01 -6.357631e+00 -4.237178e+00
3.734627e+01 -6.284819e+00 -4.238149e+00
3.735626e+01 -6.361224e+00 -4.239074e+00
3.736626e+01 -6.427124e+00 -4.239956e+00
3.737626e+01 -6.428233e+00 -4.240793e+00
3.738626e+01 -6.446546e+00 -4.241586e+00
3.739626e+01 -6.520584e+00 -4.242336e+00
3.740626e+01 -6.679566e+00 -4.243042e+00
3.741626e+01 -6.557332e+00 -4.243706e+00
3.742626e+01 -6.737840e+00 -4.244327e+00
3.743626e+01 -6.705290e+00 -4.244905e+00
3.744626e+01 -6.779474e+00 -4.245442e+00
3.745625e+01 -6.844709e+00 -4.245937e+00
3.746625e+01 -6.816776e+00 -4.246390e+00
3.747625e+01 -7.015875e+00 -4.246803e+00
3.748625e+01 -6.959603e+00 -4.247174e+00
3.749625e+01 -7.090663e+00 -4.247505e+00
3.750625e+01 -7.121130e+00 -4.247796e+00
3.751625e+01 -7.196088e+00 -4.248047e+00
3.752625e+01 -7.143605e+00 -4.248259e+00
3.753625e+01 -7.310744e+00 -4.248431e+00
3.754625e+01 -7.349159e+00 -4.248564e+00
3.755624e+01 -7.349579e+00 -4.248658e+00
3.756624e+01 -7.417685e+00 -4.248715e+00
3.757624e+01 -7.421304e+00 -4.248733e+00
3.758624e+01 -7.493230e+00 -4.248713e+00
3.759624e+01 -7.544287e+00 -4.248656e+00
3.760624e+01 -7.689878e+00 -4.248562e+00
3.761624e+01 -7.708357e+00 -4.248431e+00
3.762624e+01 -7.762176e+00 -4.248264e+00
3.763624e+01 -7.809551e+00 -4.248060e+00
3.764624e+01 -7.854028e+00 -4.247820e+00
3.765623e+01 -7.859102e+00 -4.247545e+00
3.766623e+01 -7.778790e+00 -4.247235e+00
3.767623e+01 -7.884832e+00 -4.246889e+00
3.768623e+01 -7.895082e+00 -4.246509e+00
3.769623e+01 -7.882025e+00 -4.246095e+00
3.770623e+01 -7.900151e+00 -4.245646e+00
3.771623e+01 -7.965637e+00 -4.245164e+00
3.772623e+01 -8.043446e+00 -4.244648e+00
3.773623e+01 -7.938961e+00 -4.244099e+00
3.774623e+01 -7.997059e+00 -4.243517e+00
3.775622e+01 -7.997691e+00 -4.242903e+00
3.776622e+01 -7.903442e+00 -4.242256e+00
3.777622e+01 -7.880721e+00 -4.241577e+00
3.778622e+01 -7.975544e+00 -4.240867e+00
3.779622e+01 -7.857736e+00 -4.240125e+00
3.780622e+01 -7.876138e+00 -4.239352e+00
3.781622e+01 -7.974860e+00 -4.238548e+00
3.782622e+01 -7.912112e+00 -4.237714e+00
3.783622e+01 -7.744967e+00 -4.236849e+00
3.784622e+01 -7.781754e+00 -4.235954e+00
3.785621e+01 -7.696924e+00 -4.235030e+00
3.786621e+01 -7.617603e+00 -4.234076e+00
3.787621e+01 -7.586283e+00 -4.233094e+00
3.788621e+01 -7.624931e+00 -4.232082e+00
3.789621e+01 -7.455153e+00 -4.231042e+00
3.790621e+01 -7.426554e+00 -4.229974e+00
3.791621e+01 -7.421369e+00 -4.228877e+00
3.792621e+01 -7.355864e+00 -4.227753e+00
3.793621e+01 -7.259790e+00 -4.226602e+00
3.794621e+01 -7.150858e+00 -4.225423e+00
3.795620e+01 -7.137969e+00 -4.224218e+00
3.796620e+01 -6.966309e+00 -4.222986e+00
3.797620e+01 -7.052402e+00 -4.221727e+00
3.798620e+01 -6.959042e+00 -4.220443e+00
3.799620e+01 -6.916808e+00 -4.219132e+00
3.800620e+01 -6.809543e+00 -4.217797e+00
3.801620e+01 -6.685043e+00 -4.216436e+00
3.802620e+01 -6.630193e+00 -4.215050e+00
3.803620e+01 -6.648276e+00 -4.213639e+00
3.804620e+01 -6.556031e+00 -4.212204e+00
3.805619e+01 -6.495205e+00 -4.210745e+00
3.806619e+01 -6.333140e+00 -4.209262e+00
3.807619e+01 -6.261244e+00 -4.207755e+00
3.808619e+01 -6.267588e+00 -4.206224e+00
3.809619e+01 -6.207095e+00 -4.204671e+00
3.810619e+01 -6.094169e+00 -4.203095e+00
3.811619e+01 -6.141112e+00 -4.201496e+00
3.812619e+01 -6.068439e+00 -4.199875e+00
3.813619e+01 -6.006907e+00 -4.198231e+00
3.814619e+01 -5.974275e+00 -4.196566e+00
3.815618e+01 -5.992885e+00 -4.194879e+00
3.816618e+01 -5.849316e+00 -4.193171e+00
3.817618e+01 -5.855754e+00 -4.191442e+00
3.818618e+01 -5.827860e+00 -4.189692e+00
3.819618e+01 -5.720531e+00 -4.187921e+00
3.820618e+01 -5.850855e+00 -4.186130e+00
3.821618e+01 -5.767718e+00 -4.184319e+00
3.822618e+01 -5.806260e+00 -4.182488e+00
3.823618e+01 -5.760314e+00 -4.180637e+00
3.824618e+01 -5.783660e+00 -4.178767e+00
3.825617e+01 -5.693534e+00 -4.176878e+00
3.826617e+01 -5.669066e+00 -4.174970e+00
3.827617e+01 -5.781985e+00 -4.173043e+00
3.828617e+01 -5.769237e+00 -4.171098e+00
3.829617e+01 -5.729401e+00 -4.169134e+00
3.830617e+01 -5.695766e+00 -4.167153e+00
3.831617e+01 -5.795764e+00 -4.165154e+00
3.832617e+01 -5.857620e+00 -4.163137e+00
3.833617e+01 -5.824697e+00 -4.161104e+00
3.834617e+01 -5.908604e+00 -4.159053e+00
3.835616e+01 -5.913803e+00 -4.156985e+00
3.836616e+01 -5.898889e+00 -4.154901e+00
3.837616e+01 -6.016069e+00 -4.152800e+00
3.838616e+01 -6.168851e+00 -4.150684e+00
3.839616e+01 -6.061217e+00 -4.148551e+00
3.840616e+01 -6.090236e+00 -4.146403e+00
3.841616e+01 -6.117635e+00 -4.144239e+00
3.842616e+01 -6.171079e+00 -4.142060e+00
3.843616e+01 -6.300537e+00 -4.139867e+00
3.844616e+01 -6.331381e+00 -4.137658e+00
3.845615e+01 -6.447387e+00 -4.135435e+00
3.846615e+01 -6.383853e+00 -4.133197e+00
3.847615e+01 -6.387790e+00 -4.130946e+00
3.848615e+01 -6.582307e+00 -4.128680e+00
3.849615e+01 -6.564210e+00 -4.126401e+00
3.850615e+01 -6.690926e+00 -4.124108e+00
3.851615e+01 -6.744061e+00 -4.121802e+00
3.852615e+01 -6.754181e+00 -4.119483e+00
3.853615e+01 -6.920860e+00 -4.117151e+00
3.854615e+01 -6.874920e+00 -4.114807e+00
3.855614e+01 -6.942776e+00 -4.112450e+00
3.856614e+01 -7.006900e+00 -4.110081e+00
3.857614e+01 -7.147156e+00 -4.107700e+00
3.858614e+01 -7.135883e+00 -4.105307e+00
3.859614e+01 -7.099332e+00 -4.102902e+00
3.860614e+01 -7.216320e+00 -4.100486e+00
3.861614e+01 -7.195536e+00 -4.098059e+00
3.862614e+01 -7.334002e+00 -4.095621e+00
3.863614e+01 -7.284611e+00 -4.093172e+00
3.864614e+01 -7.367315e+00 -4.090713e+00
3.865613e+01 -7.373703e+00 -4.088243e+00
3.866613e+01 -7.365769e+00 -4.085763e+00
3.867613e+01 -7.297426e+00 -4.083273e+00
3.868613e+01 -7.474500e+00 -4.080773e+00
3.869613e+01 -7.563110e+00 -4.078263e+00
3.870613e+01 -7.553055e+00 -4.075744e+00
3.871613e+01 -7.443920e+00 -4.073216e+00
3.872613e+01 -7.491493e+00 -4.070679e+00
3.873613e+01 -7.529218e+00 -4.068133e+00
3.874613e+01 -7.554101e+00 -4.065579e+00
3.875612e+01 -7.490308e+00 -4.063016e+00
3.876612e+01 -7.381589e+00 -4.060444e+00
3.877612e+01 -7.363360e+00 -4.057865e+00
3.878612e+01 -7.465705e+00 -4.055277e+00
3.879612e+01 -7.398530e+00 -4.052682e+00
3.880612e+01 -7.417127e+00 -4.050080e+00
3.881612e+01 -7.414492e+00 -4.047470e+00
3.882612e+01 -7.308923e+00 -4.044853e+00
3.883612e+01 -7.279130e+00 -4.042229e+00
3.884612e+01 -7.318718e+00 -4.039598e+00
3.885611e+01 -7.217766e+00 -4.036960e+00
3.886611e+01 -7.283624e+00 -4.034316e+00
3.887611e+01 -7.070039e+00 -4.031666e+00
3.888611e+01 -7.199458e+00 -4.029009e+00
3.889611e+01 -7.102331e+00 -4.026347e+00
3.890611e+01 -6.963406e+00 -4.023679e+00
3.891611e+01 -6.831635e+00 -4.021005e+00
3.892611e+01 -6.882272e+00 -4.018326e+00
3.893611e+01 -6.796462e+00 -4.015641e+00
3.894611e+01 -6.845036e+00 -4.012951e+00
3.895610e+01 -6.645791e+00 -4.010257e+00
3.896610e+01 -6.602012e+00 -4.007558e+00
3.897610e+01 -6.545271e+00 -4.004854e+00
3.898610e+01 -6.413651e+00 -4.002145e+00
3.899610e+01 -6.395574e+00 -3.999433e+00
3.900610e+01 -6.323962e+00 -3.996716e+00
3.901610e+01 -6.268970e+00 -3.993995e+00
3.902610e+01 -6.133624e+00 -3.991271e+00
3.903610e+01 -6.233906e+00 -3.988543e+00
3.904610e+01 -6.027198e+00 -3.985811e+00
3.905609e+01 -6.105536e+00 -3.983076e+00
3.906609e+01 -5.983325e+00 -3.980338e+00
3.907609e+01 -5.879310e+00 -3.977597e+00
3.908609e+01 -5.810016e+00 -3.974853e+00
3.909609e+01 -5.843538e+00 -3.972106e+00
3.910609e+01 -5.748836e+00 -3.969357e+00
3.911609e+01 -5.601745e+00 -3.966605e+00
3.912609e+01 -5.559018e+00 -3.963851e+00
3.913609e+01 -5.495088e+00 -3.961095e+00
3.914609e+01 -5.469910e+00 -3.958337e+00
3.915608e+01 -5.483917e+00 -3.955577e+00
3.916608e+01 -5.503857e+00 -3.952815e+00
3.917608e+01 -5.368947e+00 -3.950052e+00
3.918608e+01 -5.337974e+00 -3.947287e+00
3.919608e+01 -5.455083e+00 -3.944521e+00
3.920608e+01 -5.319369e+00 -3.941754e+00
3.921608e+01 -5.292011e+00 -3.938985e+00
3.922608e+01 -5.239773e+00 -3.936216e+00
3.923608e+01 -5.236606e+00 -3.933446e+00
3.924608e+01 -5.282122e+00 -3.930676e+00
3.925607e+01 -5.216065e+00 -3.927905e+00
3.926607e+01 -5.275693e+00 -3.925133e+00
3.927607e+01 -5.331643e+00 -3.922362e+00
3.928607e+01 -5.311971e+00 -3.919590e+00
3.929607e+01 -5.300312e+00 -3.916818e+00
3.930607e+01 -5.212089e+00 -3.914047e+00
3.931607e+01 -5.341482e+00 -3.911275e+00
3.932607e+01 -5.389747e+00 -3.908504e+00
3.933607e+01 -5.327600e+00 -3.905734e+00
3.934607e+01 -5.349027e+00 -3.902964e+00
3.935606e+01 -5.409594e+00 -3.900195e+00
3.936606e+01 -5.456831e+00 -3.897426e+00
3.937606e+01 -5.414767e+00 -3.894659e+00
3.938606e+01 -5.465760e+00 -3.891893e+00
3.939606e+01 -5.606908e+00 -3.889128e+00
3.940606e+01 -5.718750e+00 -3.886364e+00
3.941606e+01 -5.672906e+00 -3.883602e+00
3.942606e+01 -5.656543e+00 -3.880841e+00
3.943606e+01 -5.712799e+00 -3.878082e+00
3.944606e+01 -5.777292e+00 -3.875324e+00
3.945605e+01 -5.857495e+00 -3.872568e+00
3.946605e+01 -5.913053e+00 -3.869815e+00
3.947605e+01 -5.976252e+00 -3.867063e+00
3.948605e+01 -6.011589e+00 -3.864313e+00
3.949605e+01 -6.079850e+00 -3.861566e+00
3.950605e+01 -6.150786e+00 -3.858821e+00
3.951605e+01 -6.178879e+00 -3.856078e+00
3.952605e+01 -6.236957e+00 -3.853338e+00
3.953605e+01 -6.388869e+00 -3.850601e+00
3.954605e+01 -6.435565e+00 -3.847866e+00
3.955604e+01 -6.461270e+00 -3.845134e+00
3.956604e+01 -6.497035e+00 -3.842405e+00
3.957604e+01 -6.586877e+00 -3.839679e+00
3.958604e+01 -6.669525e+00 -3.836956e+00
3.959604e+01 -6.711083e+00 -3.834236e+00
3.960604e+01 -6.674746e+00 -3.831519e+00
3.961604e+01 -6.708159e+00 -3.828806e+00
3.962604e+01 -6.811993e+00 -3.826096e+00
3.963604e+01 -6.778717e+00 -3.823389e+00
3.964604e+01 -6.781296e+00 -3.820686e+00
3.965603e+01 -6.844367e+00 -3.817987e+00
3.966603e+01 -6.979791e+00 -3.815291e+00
3.967603e+01 -6.877439e+00 -3.812599e+00
3.968603e+01 -7.000689e+00 -3.809911e+00
3.969603e+01 -7.009810e+00 -3.807226e+00
3.970603e+01 -6.989317e+00 -3.804546e+00
3.971603e+01 -7.044180e+00 -3.801870e+00
3.972603e+01 -7.020820e+00 -3.799198e+00
3.973603e+01 -6.953831e+00 -3.796530e+00
3.974603e+01 -7.039154e+00 -3.793866e+00
3.975602e+01 -7.033449e+00 -3.791207e+00
3.976602e+01 -7.044713e+00 -3.788552e+00
3.977602e+01 -6.869536e+00 -3.785901e+00
3.978602e+01 -6.963508e+00 -3.783255e+00
3.979602e+01 -6.950912e+00 -3.780613e+00
3.980602e+01 -6.930822e+00 -3.777976e+00
3.981602e+01 -6.858495e+00 -3.775344e+00
3.982602e+01 -6.825724e+00 -3.772716e+00
3.983602e+01 -6.774808e+00 -3.770093e+00
3.984602e+01 -6.819858e+00 -3.767475e+00
3.985601e+01 -6.734161e+00 -3.764862e+00
3.986601e+01 -6.709863e+00 -3.762253e+00
3.987601e+01 -6.724533e+00 -3.759650e+00
3.988601e+01 -6.563756e+00 -3.757051e+00
3.989601e+01 -6.506390e+00 -3.754458e+00
3.990601e+01 -6.510183e+00 -3.751869e+00
3.991601e+01 -6.378283e+00 -3.749286e+00
3.992601e+01 -6.335702e+00 -3.746707e+00
3.993601e+01 -6.399388e+00 -3.744134e+00
3.994601e+01 -6.231814e+00 -3.741566e+00
3.995600e+01 -6.019491e+00 -3.739004e+00
3.996600e+01 -6.070751e+00 -3.736446e+00
3.997600e+01 -6.083165e+00 -3.733894e+00
3.998600e+01 -5.943030e+00 -3.731347e+00
3.999600e+01 -5.900668e+00 -3.728806e+00
4.000600e+01 -5.796795e+00 -3.726270e+00
4.001600e+01 -5.761219e+00 -3.723739e+00
4.002600e+01 -5.648581e+00 -3.721214e+00
4.003600e+01 -5.601872e+00 -3.718694e+00
4.004600e+01 -5.598708e+00 -3.716180e+00
4.005599e+01 -5.498981e+00 -3.713671e+00
4.006599e+01 -5.546766e+00 -3.711168e+00
4.007599e+01 -5.313375e+00 -3.708670e+00
4.008599e+01 -5.313618e+00 -3.706177e+00
4.009599e+01 -5.308034e+00 -3.703691e+00
4.010599e+01 -5.191063e+00 -3.701209e+00
4.011599e+01 -5.124743e+00 -3.698734e+00
4.012599e+01 -5.059712e+00 -3.696264e+00
4.013599e+01 -5.032963e+00 -3.693799e+00
4.014599e+01 -5.031123e+00 -3.691340e+00
4.015598e+01 -4.982284e+00 -3.688887e+00
4.016598e+01 -4.948847e+00 -3.686439e+00
4.017598e+01 -4.907491e+00 -3.683997e+00
4.018598e+01 -4.896840e+00 -3.681561e+00
4.019598e+01 -4.756419e+00 -3.679130e+00
4.020598e+01 -4.923691e+00 -3.676704e+00
4.021598e+01 -4.841626e+00 -3.674284e+00
4.022598e+01 -4.794930e+00 -3.671870e+00
4.023598e+01 -4.752978e+00 -3.669461e+00
4.024598e+01 -4.765033e+00 -3.667058e+00
4.025597e+01 -4.738548e+00 -3.664661e+00
4.026597e+01 -4.821475e+00 -3.662268e+00
4.027597e+01 -4.810487e+00 -3.659882e+00
4.028597e+01 -4.723779e+00 -3.657501e+00
4.029597e+01 -4.829334e+00 -3.655125e+00
4.030597e+01 -4.772692e+00 -3.652755e+00
4.031597e+01 -4.817270e+00 -3.650390e+00
4.032597e+01 -4.860236e+00 -3.648031e+00
4.033597e+01 -4.825660e+00 -3.645677e+00
4.034597e+01 -4.923069e+00 -3.643329e+00
4.035596e+01 -4.993813e+00 -3.640986e+00
4.036596e+01 -4.984811e+00 -3.638648e+00
4.037596e+01 -5.003481e+00 -3.636315e+00
4.038596e+01 -5.031192e+00 -3.633988e+00
4.039596e+01 -5.121050e+00 -3.631666e+00
4.040596e+01 -5.096181e+00 -3.629349e+00
4.041596e+01 -5.118834e+00 -3.627037e+00
4.042596e+01 -5.244273e+00 -3.624730e+00
4.043596e+01 -5.285339e+00 -3.622429e+00
4.044596e+01 -5.292978e+00 -3.620132e+00
4.045595e+01 -5.419692e+00 -3.617841e+00
4.046595e+01 -5.417798e+00 -3.615554e+00
4.047595e+01 -5.461006e+00 -3.613273e+00
4.048595e+01 -5.576717e+00 -3.610996e+00
4.049595e+01 -5.623397e+00 -3.608724e+00
4.050595e+01 -5.707675e+00 -3.606456e+00
4.051595e+01 -5.659617e+00 -3.604194e+00
4.052595e+01 -5.856604e+00 -3.601936e+00
4.053595e+01 -5.796718e+00 -3.599683e+00
4.054595e+01 -5.926696e+00 -3.597434e+00
4.055594e+01 -5.950670e+00 -3.595190e+00
4.056594e+01 -5.980769e+00 -3.592950e+00
4.057594e+01 -6.022555e+00 -3.590714e+00
4.058594e+01 -6.030074e+00 -3.588483e+00
4.059594e+01 -6.113480e+00 -3.586256e+00
4.060594e+01 -6.181465e+00 -3.584034e+00
4.061594e+01 -6.239185e+00 -3.581815e+00
4.062594e+01 -6.212109e+00 -3.579600e+00
4.063594e+01 -6.398121e+00 -3.577390e+00
4.064594e+01 -6.272522e+00 -3.575183e+00
4.065593e+01 -6.275630e+00 -3.572980e+00
4.066593e+01 -6.392987e+00 -3.570781e+00
4.067593e+01 -6.448095e+00 -3.568586e+00
4.068593e+01 -6.434684e+00 -3.566394e+00
4.069593e+01 -6.499397e+00 -3.564205e+00
4.070593e+01 -6.500365e+00 -3.562020e+00
4.071593e+01 -6.492733e+00 -3.559839e+00
4.072593e+01 -6.510014e+00 -3.557660e+00
4.073593e+01 -6.478213e+00 -3.555485e+00
4.074593e+01 -6.457113e+00 -3.553313e+00
4.075592e+01 -6.566619e+00 -3.551144e+00
4.076592e+01 -6.482121e+00 -3.548978e+00
4.077592e+01 -6.412608e+00 -3.546814e+00
4.078592e+01 -6.409665e+00 -3.544654e+00
4.079592e+01 -6.460526e+00 -3.542496e+00
4.080592e+01 -6.416750e+00 -3.540340e+00
4.081592e+01 -6.490086e+00 -3.538187e+00
4.082592e+01 -6.376103e+00 -3.536036e+00
4.083592e+01 -6.332363e+00 -3.533887e+00
4.084592e+01 -6.333836e+00 -3.531741e+00
4.085591e+01 -6.247911e+00 -3.529596e+00
4.086591e+01 -6.141470e+00 -3.527454e+00
4.087591e+01 -6.081682e+00 -3.525313e+00
4.088591e+01 -6.065611e+00 -3.523173e+00
4.089591e+01 -6.037603e+00 -3.521036e+00
4.090591e+01 -5.933160e+00 -3.518900e+00
4.091591e+01 -5.915637e+00 -3.516765e+00
4.092591e+01 -5.787169e+00 -3.514631e+00
4.093591e+01 -5.759740e+00 -3.512498e+00
4.094591e+01 -5.813232e+00 -3.510366e+00
4.095590e+01 -5.731403e+00 -3.508235e+00
4.096590e+01 -5.615823e+00 -3.506105e+00
4.097590e+01 -5.541011e+00 -3.503975e+00
4.098590e+01 -5.364190e+00 -3.501846e+00
4.099590e+01 -5.397177e+00 -3.499717e+00
4.100590e+01 -5.412788e+00 -3.497588e+00
4.101590e+01 -5.344364e+00 -3.495459e+00
4.102590e+01 -5.235564e+00 -3.493331e+00
4.103590e+01 -5.151802e+00 -3.491201e+00
4.104590e+01 -5.104790e+00 -3.489072e+00
4.105589e+01 -4.862455e+00 -3.486942e+00
4.106589e+01 -4.897804e+00 -3.484811e+00
4.107589e+01 -4.903221e+00 -3.482679e+00
4.108589e+01 -4.873630e+00 -3.480547e+00
4.109589e+01 -4.738698e+00 -3.478413e+00
4.110589e+01 -4.653071e+00 -3.476278e+00
4.111589e+01 -4.608496e+00 -3.474142e+00
4.112589e+01 -4.576511e+00 -3.472003e+00
4.113589e+01 -4.545647e+00 -3.469864e+00
4.114589e+01 -4.500225e+00 -3.467722e+00
4.115588e+01 -4.459952e+00 -3.465578e+00
4.116588e+01 -4.403624e+00 -3.463432e+00
4.117588e+01 -4.387620e+00 -3.461284e+00
4.118588e+01 -4.278319e+00 -3.459133e+00
4.119588e+01 -4.276894e+00 -3.456979e+00
4.120588e+01 -4.247497e+00 -3.454822e+00
4.121588e+01 -4.289023e+00 -3.452663e+00
4.122588e+01 -4.251239e+00 -3.450500e+00
4.123588e+01 -4.287132e+00 -3.448333e+00
4.124588e+01 -4.286466e+00 -3.446163e+00
4.125587e+01 -4.186607e+00 -3.443989e+00
4.126587e+01 -4.158750e+00 -3.441811e+00
4.127587e+01 -4.262914e+00 -3.439629e+00
4.128587e+01 -4.164973e+00 -3.437443e+00
4.129587e+01 -4.260068e+00 -3.435252e+00
4.130587e+01 -4.232771e+00 -3.433057e+00
4.131587e+01 -4.290538e+00 -3.430856e+00
4.132587e+01 -4.248219e+00 -3.428651e+00
4.133587e+01 -4.345375e+00 -3.426440e+00
4.134587e+01 -4.368054e+00 -3.424223e+00
4.135586e+01 -4.428092e+00 -3.422001e+00
4.136586e+01 -4.481602e+00 -3.419773e+00
4.137586e+01 -4.422312e+00 -3.417539e+00
4.138586e+01 -4.446646e+00 -3.415299e+00
4.139586e+01 -4.512454e+00 -3.413052e+00
4.140586e+01 -4.560363e+00 -3.410799e+00
4.141586e+01 -4.663238e+00 -3.408539e+00
4.142586e+01 -4.716474e+00 -3.406271e+00
4.143586e+01 -4.654938e+00 -3.403996e+00
4.144586e+01 -4.796350e+00 -3.401714e+00
4.145585e+01 -4.842494e+00 -3.399424e+00
4.146585e+01 -4.940570e+00 -3.397126e+00
4.147585e+01 -5.057269e+00 -3.394820e+00
4.148585e+01 -5.029924e+00 -3.392505e+00
4.149585e+01 -5.043452e+00 -3.390182e+00
4.150585e+01 -5.143380e+00 -3.387850e+00
4.151585e+01 -5.131638e+00 -3.385510e+00
4.152585e+01 -5.296114e+00 -3.383159e+00
4.153585e+01 -5.363869e+00 -3.380800e+00
4.154585e+01 -5.397742e+00 -3.378430e+00
4.155584e+01 -5.413981e+00 -3.376051e+00
4.156584e+01 -5.485691e+00 -3.373662e+00
4.157584e+01 -5.502155e+00 -3.371262e+00
4.158584e+01 -5.577156e+00 -3.368851e+00
4.159584e+01 -5.615530e+00 -3.366430e+00
4.160584e+01 -5.685468e+00 -3.363998e+00
4.161584e+01 -5.648387e+00 -3.361554e+00
4.162584e+01 -5.766525e+00 -3.359099e+00
4.163584e+01 -5.772480e+00 -3.356633e+00
4.164584e+01 -5.832857e+00 -3.354154e+00
4.165583e+01 -5.793790e+00 -3.351663e+00
4.166583e+01 -5.847371e+00 -3.349159e+00
4.167583e+01 -5.895459e+00 -3.346643e+00
4.168583e+01 -5.873326e+00 -3.344114e+00
4.169583e+01 -5.966312e+00 -3.341572e+00
4.170583e+01 -5.950579e+00 -3.339017e+00
4.171583e+01 -5.951873e+00 -3.336448e+00
4.172583e+01 -5.888505e+00 -3.333865e+00
4.173583e+01 -5.906802e+00 -3.331268e+00
4.174583e+01 -5.891229e+00 -3.328657e+00
4.175582e+01 -5.922405e+00 -3.326031e+00
4.176582e+01 -5.864381e+00 -3.323391e+00
4.177582e+01 -5.900075e+00 -3.320735e+00
4.178582e+01 -5.927405e+00 -3.318064e+00
4.179582e+01 -5.924197e+00 -3.315378e+00
4.180582e+01 -5.918053e+00 -3.312676e+00
4.181582e+01 -5.847211e+00 -3.309959e+00
4.182582e+01 -5.780000e+00 -3.307225e+00
4.183582e+01 -5.832499e+00 -3.304475e+00
4.184582e+01 -5.732714e+00 -3.301708e+00
4.185581e+01 -5.676052e+00 -3.298924e+00
4.186581e+01 -5.595980e+00 -3.296123e+00
4.187581e+01 -5.664476e+00 -3.293305e+00
4.188581e+01 -5.535968e+00 -3.290470e+00
4.189581e+01 -5.468884e+00 -3.287616e+00
4.190581e+01 -5.423191e+00 -3.284745e+00
4.191581e+01 -5.445669e+00 -3.281856e+00
4.192581e+01 -5.396624e+00 -3.278948e+00
4.193581e+01 -5.147445e+00 -3.276021e+00
4.194581e+01 -5.150172e+00 -3.273076e+00
4.195580e+01 -5.136382e+00 -3.270112e+00
4.196580e+01 -5.053510e+00 -3.267128e+00
4.197580e+01 -4.893385e+00 -3.264125e+00
4.198580e+01 -4.927817e+00 -3.261102e+00
4.199580e+01 -4.760268e+00 -3.258060e+00
4.200580e+01 -4.833776e+00 -3.254997e+00
4.201580e+01 -4.684524e+00 -3.251914e+00
4.202580e+01 -4.589598e+00 -3.248811e+00
4.203580e+01 -4.539435e+00 -3.245687e+00
4.204580e+01 -4.474144e+00 -3.242542e+00
4.205579e+01 -4.395381e+00 -3.239376e+00
4.206579e+01 -4.425276e+00 -3.236188e+00
4.207579e+01 -4.278432e+00 -3.232980e+00
4.208579e+01 -4.283987e+00 -3.229749e+00
4.209579e+01 -4.163850e+00 -3.226497e+00
4.210579e+01 -4.122165e+00 -3.223223e+00
4.211579e+01 -3.986814e+00 -3.219926e+00
4.212579e+01 -4.091475e+00 -3.216607e+00
4.213579e+01 -3.946790e+00 -3.213266e+00
4.214579e+01 -3.947048e+00 -3.209902e+00
4.215578e+01 -3.925008e+00 -3.206515e+00
4.216578e+01 -3.923089e+00 -3.203105e+00
4.217578e+01 -3.864067e+00 -3.199672e+00
4.218578e+01 -3.805374e+00 -3.196216e+00
4.219578e+01 -3.781440e+00 -3.192736e+00
4.220578e+01 -3.687207e+00 -3.189232e+00
4.221578e+01 -3.644731e+00 -3.185705e+00
4.222578e+01 -3.645208e+00 -3.182153e+00
4.223578e+01 -3.661222e+00 -3.178578e+00
4.224578e+01 -3.764099e+00 -3.174978e+00
4.225577e+01 -3.571780e+00 -3.171355e+00
4.226577e+01 -3.695108e+00 -3.167706e+00
4.227577e+01 -3.682136e+00 -3.164033e+00
4.228577e+01 -3.682169e+00 -3.160335e+00
4.229577e+01 -3.594940e+00 -3.156613e+00
4.230577e+01 -3.695101e+00 -3.152865e+00
4.231577e+01 -3.653091e+00 -3.149093e+00
4.232577e+01 -3.753813e+00 -3.145295e+00
4.233577e+01 -3.765441e+00 -3.141472e+00
4.234577e+01 -3.799066e+00 -3.137624e+00
4.235576e+01 -3.894977e+00 -3.133750e+00
4.236576e+01 -3.893318e+00 -3.129850e+00
4.237576e+01 -3.866562e+00 -3.125925e+00
4.238576e+01 -3.955317e+00 -3.121974e+00
4.239576e+01 -3.951156e+00 -3.117998e+00
4.240576e+01 -4.053179e+00 -3.113995e+00
4.241576e+01 -4.030911e+00 -3.109966e+00
4.242576e+01 -4.152964e+00 -3.105912e+00
4.243576e+01 -4.172655e+00 -3.101831e+00
4.244576e+01 -4.317928e+00 -3.097724e+00
4.245575e+01 -4.224241e+00 -3.093591e+00
4.246575e+01 -4.285426e+00 -3.089431e+00
4.247575e+01 -4.464661e+00 -3.085245e+00
4.248575e+01 -4.532477e+00 -3.081032e+00
4.249575e+01 -4.544597e+00 -3.076793e+00
4.250575e+01 -4.599200e+00 -3.072528e+00
4.251575e+01 -4.670697e+00 -3.068236e+00
4.252575e+01 -4.692785e+00 -3.063917e+00
4.253575e+01 -4.698047e+00 -3.059571e+00
4.254575e+01 -4.718645e+00 -3.055199e+00
4.255574e+01 -4.920167e+00 -3.050800e+00
4.256574e+01 -4.838658e+00 -3.046374e+00
4.257574e+01 -4.943938e+00 -3.041921e+00
4.258574e+01 -5.034658e+00 -3.037442e+00
4.259574e+01 -5.100840e+00 -3.032936e+00
4.260574e+01 -5.112615e+00 -3.028402e+00
4.261574e+01 -5.113886e+00 -3.023842e+00
4.262574e+01 -5.159539e+00 -3.019255e+00
4.263574e+01 -5.200307e+00 -3.014641e+00
4.264574e+01 -5.220092e+00 -3.009999e+00
4.265573e+01 -5.369446e+00 -3.005331e+00
4.266573e+01 -5.285373e+00 -3.000636e+00
4.267573e+01 -5.380562e+00 -2.995914e+00
4.268573e+01 -5.309846e+00 -2.991165e+00
4.269573e+01 -5.321441e+00 -2.986389e+00
4.270573e+01 -5.405567e+00 -2.981585e+00
4.271573e+01 -5.394721e+00 -2.976755e+00
4.272573e+01 -5.386342e+00 -2.971898e+00
4.273573e+01 -5.335614e+00 -2.967013e+00
4.274573e+01 -5.393955e+00 -2.962102e+00
4.275572e+01 -5.373804e+00 -2.957164e+00
4.276572e+01 -5.400844e+00 -2.952198e+00
4.277572e+01 -5.352807e+00 -2.947206e+00
4.278572e+01 -5.268648e+00 -2.942186e+00
4.279572e+01 -5.422445e+00 -2.937140e+00
4.280572e+01 -5.365576e+00 -2.932066e+00
4.281572e+01 -5.287398e+00 -2.926966e+00
4.282572e+01 -5.356909e+00 -2.921839e+00
4.283572e+01 -5.140499e+00 -2.916684e+00
4.284572e+01 -5.176122e+00 -2.911503e+00
4.285571e+01 -5.126577e+00 -2.906295e+00
4.286571e+01 -5.110027e+00 -2.901060e+00
4.287571e+01 -5.015318e+00 -2.895798e+00
4.288571e+01 -4.918763e+00 -2.890510e+00
4.289571e+01 -4.934794e+00 -2.885194e+00
4.290571e+01 -4.848141e+00 -2.879852e+00
4.291571e+01 -4.819733e+00 -2.874483e+00
4.292571e+01 -4.746629e+00 -2.869087e+00
4.293571e+01 -4.651398e+00 -2.863665e+00
4.294571e+01 -4.614035e+00 -2.858216e+00
4.295570e+01 -4.511791e+00 -2.852740e+00
4.296570e+01 -4.523236e+00 -2.847238e+00
4.297570e+01 -4.451783e+00 -2.841709e+00
4.298570e+01 -4.430894e+00 -2.836154e+00
4.299570e+01 -4.254143e+00 -2.830572e+00
4.300570e+01 -4.136189e+00 -2.824964e+00
4.301570e+01 -4.190258e+00 -2.819330e+00
4.302570e+01 -4.103923e+00 -2.813669e+00
4.303570e+01 -4.029577e+00 -2.807982e+00
4.304570e+01 -3.892809e+00 -2.802268e+00
4.305569e+01 -3.887234e+00 -2.796529e+00
4.306569e+01 -3.735697e+00 -2.790763e+00
4.307569e+01 -3.813773e+00 -2.784972e+00
4.308569e+01 -3.686918e+00 -2.779154e+00
4.309569e+01 -3.707767e+00 -2.773310e+00
4.310569e+01 -3.531971e+00 -2.767441e+00
4.311569e+01 -3.628753e+00 -2.761545e+00
4.312569e+01 -3.421530e+00 -2.755624e+00
4.313569e+01 -3.417886e+00 -2.749678e+00
4.314569e+01 -3.337534e+00 -2.743706e+00
4.315568e+01 -3.268165e+00 -2.737708e+00
4.316568e+01 -3.274616e+00 -2.731685e+00
4.317568e+01 -3.253115e+00 -2.725636e+00
4.318568e+01 -3.199987e+00 -2.719563e+00
4.319568e+01 -3.204510e+00 -2.713464e+00
4.320568e+01 -3.203321e+00 -2.707340e+00
4.321568e+01 -3.274918e+00 -2.701191e+00
4.322568e+01 -3.134252e+00 -2.695018e+00
4.323568e+01 -3.125491e+00 -2.688820e+00
4.324568e+01 -3.190661e+00 -2.682597e+00
4.325567e+01 -3.063742e+00 -2.676349e+00
4.326567e+01 -3.127130e+00 -2.670077e+00
4.327567e+01 -3.150762e+00 -2.663781e+00
4.328567e+01 -3.173653e+00 -2.657461e+00
4.329567e+01 -3.143769e+00 -2.651117e+00
4.330567e+01 -3.188274e+00 -2.644749e+00
4.331567e+01 -3.179862e+00 -2.638358e+00
4.332567e+01 -3.168762e+00 -2.631942e+00
4.333567e+01 -3.159124e+00 -2.625504e+00
4.334567e+01 -3.212680e+00 -2.619042e+00
4.335566e+01 -3.350135e+00 -2.612557e+00
4.336566e+01 -3.301230e+00 -2.606049e+00
4.337566e+01 -3.317894e+00 -2.599519e+00
4.338566e+01 -3.423769e+00 -2.592965e+00
4.339566e+01 -3.370477e+00 -2.586390e+00
4.340566e+01 -3.446047e+00 -2.579792e+00
4.341566e+01 -3.534134e+00 -2.573172e+00
4.342566e+01 -3.484358e+00 -2.566531e+00
4.343566e+01 -3.622531e+00 -2.559867e+00
4.344566e+01 -3.712988e+00 -2.553183e+00
4.345565e+01 -3.656585e+00 -2.546477e+00
4.346565e+01 -3.770952e+00 -2.539750e+00
4.347565e+01 -3.805917e+00 -2.533003e+00
4.348565e+01 -3.895448e+00 -2.526234e+00
4.349565e+01 -3.890936e+00 -2.519446e+00
4.350565e+01 -4.030504e+00 -2.512638e+00
4.351565e+01 -4.052295e+00 -2.505809e+00
4.352565e+01 -4.127627e+00 -2.498961e+00
4.353565e+01 -4.060960e+00 -2.492094e+00
4.354565e+01 -4.230457e+00 -2.485208e+00
4.355564e+01 -4.281245e+00 -2.478303e+00
4.356564e+01 -4.392624e+00 -2.471380e+00
4.357564e+01 -4.397071e+00 -2.464438e+00
4.358564e+01 -4.487383e+00 -2.457478e+00
4.359564e+01 -4.454999e+00 -2.450501e+00
4.360564e+01 -4.547233e+00 -2.443506e+00
4.361564e+01 -4.647080e+00 -2.436494e+00
4.362564e+01 -4.679561e+00 -2.429465e+00
4.363564e+01 -4.740073e+00 -2.422420e+00
4.364564e+01 -4.726082e+00 -2.415359e+00
4.365563e+01 -4.708753e+00 -2.408281e+00
4.366563e+01 -4.785016e+00 -2.401189e+00
4.367563e+01 -4.751382e+00 -2.394081e+00
4.368563e+01 -4.831853e+00 -2.386958e+00
4.369563e+01 -4.780620e+00 -2.379820e+00
4.370563e+01 -4.918413e+00 -2.372669e+00
4.371563e+01 -4.828297e+00 -2.365503e+00
4.372563e+01 -4.826700e+00 -2.358324e+00
4.373563e+01 -4.782122e+00 -2.351132e+00
4.374563e+01 -4.888811e+00 -2.343927e+00
4.375562e+01 -4.756211e+00 -2.336709e+00
4.376562e+01 -4.826971e+00 -2.329479e+00
4.377562e+01 -4.847237e+00 -2.322238e+00
4.378562e+01 -4.780573e+00 -2.314985e+00
4.379562e+01 -4.754382e+00 -2.307721e+00
4.380562e+01 -4.729677e+00 -2.300447e+00
4.381562e+01 -4.749886e+00 -2.293162e+00
4.382562e+01 -4.632794e+00 -2.285868e+00
4.383562e+01 -4.642841e+00 -2.278563e+00
4.384562e+01 -4.631471e+00 -2.271250e+00
4.385561e+01 -4.572911e+00 -2.263928e+00
4.386561e+01 -4.578245e+00 -2.256598e+00
4.387561e+01 -4.415695e+00 -2.249260e+00
4.388561e+01 -4.367378e+00 -2.241914e+00
4.389561e+01 -4.435399e+00 -2.234561e+00
4.390561e+01 -4.243225e+00 -2.227202e+00
4.391561e+01 -4.166480e+00 -2.219836e+00
4.392561e+01 -4.183659e+00 -2.212464e+00
4.393561e+01 -4.075893e+00 -2.205087e+00
4.394561e+01 -4.075752e+00 -2.197704e+00
4.395560e+01 -3.997813e+00 -2.190317e+00
4.396560e+01 -3.914929e+00 -2.182925e+00
4.397560e+01 -3.828223e+00 -2.175530e+00
4.398560e+01 -3.817255e+00 -2.168130e+00
4.399560e+01 -3.674158e+00 -2.160728e+00
4.400560e+01 -3.635936e+00 -2.153323e+00
4.401560e+01 -3.552412e+00 -2.145916e+00
4.402560e+01 -3.523946e+00 -2.138507e+00
4.403560e+01 -3.510220e+00 -2.131097e+00
4.404560e+01 -3.381600e+00 -2.123685e+00
4.405559e+01 -3.368265e+00 -2.116273e+00
4.406559e+01 -3.188894e+00 -2.108860e+00
4.407559e+01 -3.229814e+00 -2.101448e+00
4.408559e+01 -3.074758e+00 -2.094036e+00
4.409559e+01 -3.048410e+00 -2.086625e+00
4.410559e+01 -3.116619e+00 -2.079216e+00
4.411559e+01 -2.938054e+00 -2.071808e+00
4.412559e+01 -2.844686e+00 -2.064402e+00
4.413559e+01 -2.824901e+00 -2.056999e+00
4.414559e+01 -2.800761e+00 -2.049599e+00
4.415558e+01 -2.731689e+00 -2.042202e+00
4.416558e+01 -2.728083e+00 -2.034808e+00
4.417558e+01 -2.769250e+00 -2.027419e+00
4.418558e+01 -2.732088e+00 -2.020035e+00
4.419558e+01 -2.615169e+00 -2.012655e+00
4.420558e+01 -2.592504e+00 -2.005280e+00
4.421558e+01 -2.578997e+00 -1.997911e+00
4.422558e+01 -2.459431e+00 -1.990548e+00
4.423558e+01 -2.651041e+00 -1.983191e+00
4.424558e+01 -2.602565e+00 -1.975841e+00
4.425557e+01 -2.465518e+00 -1.968498e+00
4.426557e+01 -2.620828e+00 -1.961163e+00
4.427557e+01 -2.546929e+00 -1.953835e+00
4.428557e+01 -2.559676e+00 -1.946516e+00
4.429557e+01 -2.529444e+00 -1.939205e+00
4.430557e+01 -2.594928e+00 -1.931902e+00
4.431557e+01 -2.520971e+00 -1.924609e+00
4.432557e+01 -2.617478e+00 -1.917326e+00
4.433557e+01 -2.642281e+00 -1.910052e+00
4.434557e+01 -2.632814e+00 -1.902788e+00
4.435556e+01 -2.664930e+00 -1.895535e+00
4.436556e+01 -2.705820e+00 -1.888293e+00
4.437556e+01 -2.741200e+00 -1.881061e+00
4.438556e+01 -2.805858e+00 -1.873842e+00
4.439556e+01 -2.895258e+00 -1.866633e+00
4.440556e+01 -2.837335e+00 -1.859437e+00
4.441556e+01 -2.980190e+00 -1.852254e+00
4.442556e+01 -3.034288e+00 -1.845082e+00
4.443556e+01 -2.994808e+00 -1.837924e+00
4.444556e+01 -3.078057e+00 -1.830779e+00
4.445555e+01 -3.086267e+00 -1.823648e+00
4.446555e+01 -3.159618e+00 -1.816530e+00
4.447555e+01 -3.267643e+00 -1.809426e+00
4.448555e+01 -3.306956e+00 -1.802336e+00
4.449555e+01 -3.319971e+00 -1.795261e+00
4.450555e+01 -3.442321e+00 -1.788201e+00
4.451555e+01 -3.486819e+00 -1.781155e+00
4.452555e+01 -3.582655e+00 -1.774125e+00
4.453555e+01 -3.554118e+00 -1.767110e+00
4.454555e+01 -3.650364e+00 -1.760111e+00
4.455554e+01 -3.653454e+00 -1.753128e+00
4.456554e+01 -3.741473e+00 -1.746162e+00
4.457554e+01 -3.899990e+00 -1.739211e+00
4.458554e+01 -3.809683e+00 -1.732277e+00
4.459554e+01 -3.837177e+00 -1.725360e+00
4.460554e+01 -3.910877e+00 -1.718460e+00
4.461554e+01 -4.020975e+00 -1.711577e+00
4.462554e+01 -4.065769e+00 -1.704712e+00
4.463554e+01 -4.081787e+00 -1.697864e+00
4.464554e+01 -4.138353e+00 -1.691034e+00
4.465553e+01 -4.068257e+00 -1.684221e+00
4.466553e+01 -4.188827e+00 -1.677427e+00
4.467553e+01 -4.211216e+00 -1.670651e+00
4.468553e+01 -4.353786e+00 -1.663894e+00
4.469553e+01 -4.217249e+00 -1.657155e+00
4.470553e+01 -4.257978e+00 -1.650435e+00
4.471553e+01 -4.230353e+00 -1.643733e+00
4.472553e+01 -4.239841e+00 -1.637051e+00
4.473553e+01 -4.182827e+00 -1.630388e+00
4.474553e+01 -4.264741e+00 -1.623744e+00
4.475552e+01 -4.231662e+00 -1.617119e+00
4.476552e+01 -4.212676e+00 -1.610514e+00
4.477552e+01 -4.190183e+00 -1.603929e+00
4.478552e+01 -4.188301e+00 -1.597363e+00
4.479552e+01 -4.069032e+00 -1.590817e+00
4.480552e+01 -4.204313e+00 -1.584291e+00
4.481552e+01 -4.152819e+00 -1.577786e+00
4.482552e+01 -4.007567e+00 -1.571300e+00
4.483552e+01 -4.047262e+00 -1.564834e+00
4.484552e+01 -3.939178e+00 -1.558389e+00
4.485551e+01 -4.001272e+00 -1.551964e+00
4.486551e+01 -3.845361e+00 -1.545560e+00
4.487551e+01 -3.867236e+00 -1.539176e+00
4.488551e+01 -3.807678e+00 -1.532813e+00
4.489551e+01 -3.705808e+00 -1.526471e+00
4.490551e+01 -3.700882e+00 -1.520149e+00
4.491551e+01 -3.578585e+00 -1.513848e+00
4.492551e+01 -3.590410e+00 -1.507567e+00
4.493551e+01 -3.497913e+00 -1.501308e+00
4.494551e+01 -3.464664e+00 -1.495069e+00
4.495550e+01 -3.350707e+00 -1.488852e+00
4.496550e+01 -3.370916e+00 -1.482655e+00
4.497550e+01 -3.267700e+00 -1.476479e+00
4.498550e+01 -3.182503e+00 -1.470325e+00
4.499550e+01 -3.220929e+00 -1.464191e+00
4.500550e+01 -3.078056e+00 -1.458079e+00
4.501550e+01 -3.000587e+00 -1.451987e+00
4.502550e+01 -2.902738e+00 -1.445917e+00
4.503550e+01 -2.891842e+00 -1.439868e+00
4.504550e+01 -2.772201e+00 -1.433839e+00
4.505549e+01 -2.739066e+00 -1.427832e+00
4.506549e+01 -2.650503e+00 -1.421846e+00
4.507549e+01 -2.583792e+00 -1.415881e+00
4.508549e+01 -2.586163e+00 -1.409937e+00
4.509549e+01 -2.451177e+00 -1.404014e+00
4.510549e+01 -2.371873e+00 -1.398112e+00
4.511549e+01 -2.417076e+00 -1.392231e+00
4.512549e+01 -2.295788e+00 -1.386371e+00
4.513549e+01 -2.238442e+00 -1.380532e+00
4.514549e+01 -2.233554e+00 -1.374714e+00
4.515548e+01 -2.158182e+00 -1.368917e+00
4.516548e+01 -2.105333e+00 -1.363141e+00
4.517548e+01 -1.947657e+00 -1.357385e+00
4.518548e+01 -2.140712e+00 -1.351650e+00
4.519548e+01 -2.048696e+00 -1.345936e+00
4.520548e+01 -2.058883e+00 -1.340243e+00
4.521548e+01 -1.982528e+00 -1.334570e+00
4.522548e+01 -1.957988e+00 -1.328917e+00
4.523548e+01 -1.932803e+00 -1.323285e+00
4.524548e+01 -1.967071e+00 -1.317674e+00
4.525547e+01 -1.936833e+00 -1.312083e+00
4.526547e+01 -1.953628e+00 -1.306512e+00
4.527547e+01 -1.839257e+00 -1.300962e+00
4.528547e+01 -1.868631e+00 -1.295431e+00
4.529547e+01 -1.967727e+00 -1.289921e+00
4.530547e+01 -2.050919e+00 -1.284431e+00
4.531547e+01 -1.955760e+00 -1.278960e+00
4.532547e+01 -2.009330e+00 -1.273510e+00
4.533547e+01 -2.048222e+00 -1.268079e+00
4.534547e+01 -2.104181e+00 -1.262668e+00
4.535546e+01 -2.163764e+00 -1.257277e+00
4.536546e+01 -2.146482e+00 -1.251905e+00
4.537546e+01 -2.056235e+00 -1.246552e+00
4.538546e+01 -2.243735e+00 -1.241219e+00
4.539546e+01 -2.225946e+00 -1.235905e+00
4.540546e+01 -2.315784e+00 -1.230610e+00
4.541546e+01 -2.308346e+00 -1.225334e+00
4.542546e+01 -2.350222e+00 -1.220077e+00
4.543546e+01 -2.564913e+00 -1.214839e+00
4.544546e+01 -2.493646e+00 -1.209620e+00
4.545545e+01 -2.496441e+00 -1.204419e+00
4.546545e+01 -2.683089e+00 -1.199237e+00
4.547545e+01 -2.663304e+00 -1.194073e+00
4.548545e+01 -2.625363e+00 -1.188928e+00
4.549545e+01 -2.788597e+00 -1.183800e+00
4.550545e+01 -2.772951e+00 -1.178691e+00
4.551545e+01 -2.918989e+00 -1.173600e+00
4.552545e+01 -2.994945e+00 -1.168526e+00
4.553545e+01 -2.964576e+00 -1.163470e+00
4.554545e+01 -3.025777e+00 -1.158432e+00
4.555544e+01 -3.161587e+00 -1.153411e+00
4.556544e+01 -3.008627e+00 -1.148408e+00
4.557544e+01 -3.223040e+00 -1.143421e+00
4.558544e+01 -3.299526e+00 -1.138452e+00
4.559544e+01 -3.253350e+00 -1.133500e+00
4.560544e+01 -3.339858e+00 -1.128564e+00
4.561544e+01 -3.347746e+00 -1.123645e+00
4.562544e+01 -3.402751e+00 -1.118743e+00
4.563544e+01 -3.488247e+00 -1.113857e+00
4.564544e+01 -3.458518e+00 -1.108988e+00
4.565543e+01 -3.486196e+00 -1.104135e+00
4.566543e+01 -3.488007e+00 -1.099297e+00
4.567543e+01 -3.572866e+00 -1.094476e+00
4.568543e+01 -3.594670e+00 -1.089670e+00
4.569543e+01 -3.655915e+00 -1.084880e+00
4.570543e+01 -3.656207e+00 -1.080106e+00
4.571543e+01 -3.606141e+00 -1.075346e+00
4.572543e+01 -3.601862e+00 -1.070602e+00
4.573543e+01 -3.624722e+00 -1.065873e+00
4.574543e+01 -3.621439e+00 -1.061159e+00
4.575542e+01 -3.525941e+00 -1.056460e+00
4.576542e+01 -3.666406e+00 -1.051775e+00
4.577542e+01 -3.600819e+00 -1.047104e+00
4.578542e+01 -3.576212e+00 -1.042448e+00
4.579542e+01 -3.522536e+00 -1.037807e+00
4.580542e+01 -3.470880e+00 -1.033179e+00
4.581542e+01 -3.469420e+00 -1.028565e+00
4.582542e+01 -3.535769e+00 -1.023965e+00
4.583542e+01 -3.466871e+00 -1.019378e+00
4.584542e+01 -3.461463e+00 -1.014805e+00
4.585541e+01 -3.300879e+00 -1.010245e+00
4.586541e+01 -3.209645e+00 -1.005698e+00
4.587541e+01 -3.339634e+00 -1.001164e+00
4.588541e+01 -3.099083e+00 -9.966432e-01
4.589541e+01 -3.161834e+00 -9.921349e-01
4.590541e+01 -3.104804e+00 -9.876391e-01
4.591541e+01 -3.063471e+00 -9.831557e-01
4.592541e+01 -2.953642e+00 -9.786845e-01
4.593541e+01 -2.922834e+00 -9.742253e-01
4.594541e+01 -2.872030e+00 -9.697780e-01
4.595540e+01 -2.870328e+00 -9.653425e-01
4.596540e+01 -2.700199e+00 -9.609186e-01
4.597540e+01 -2.576740e+00 -9.565061e-01
4.598540e+01 -2.528743e+00 -9.521050e-01
4.599540e+01 -2.507832e+00 -9.477149e-01
4.600540e+01 -2.375821e+00 -9.433358e-01
4.601540e+01 -2.415934e+00 -9.389676e-01
4.602540e+01 -2.333556e+00 -9.346100e-01
4.603540e+01 -2.313247e+00 -9.302629e-01
4.604540e+01 -2.193052e+00 -9.259262e-01
4.605539e+01 -2.055429e+00 -9.215997e-01
4.606539e+01 -2.105217e+00 -9.172833e-01
4.607539e+01 -1.907264e+00 -9.129767e-01
4.608539e+01 -1.925890e+00 -9.086799e-01
4.609539e+01 -1.790996e+00 -9.043926e-01
4.610539e+01 -1.748571e+00 -9.001148e-01
4.611539e+01 -1.764795e+00 -8.958462e-01
4.612539e+01 -1.687337e+00 -8.915868e-01
4.613539e+01 -1.700022e+00 -8.873363e-01
4.614539e+01 -1.726756e+00 -8.830946e-01
4.615538e+01 -1.649957e+00 -8.788616e-01
4.616538e+01 -1.592609e+00 -8.746371e-01
4.617538e+01 -1.512546e+00 -8.704209e-01
4.618538e+01 -1.366167e+00 -8.662129e-01
4.619538e+01 -1.375564e+00 -8.620129e-01
4.620538e+01 -1.364138e+00 -8.578208e-01
4.621538e+01 -1.307242e+00 -8.536365e-01
4.622538e+01 -1.314505e+00 -8.494597e-01
4.623538e+01 -1.364065e+00 -8.452903e-01
4.624538e+01 -1.171244e+00 -8.411282e-01
4.625537e+01 -1.343520e+00 -8.369733e-01
4.626537e+01 -1.347941e+00 -8.328253e-01
4.627537e+01 -1.361222e+00 -8.286841e-01
4.628537e+01 -1.363547e+00 -8.245495e-01
4.629537e+01 -1.311604e+00 -8.204215e-01
4.630537e+01 -1.383951e+00 -8.162999e-01
4.631537e+01 -1.336913e+00 -8.121844e-01
4.632537e+01 -1.401775e+00 -8.080751e-01
4.633537e+01 -1.366489e+00 -8.039716e-01
4.634537e+01 -1.525963e+00 -7.998739e-01
4.635536e+01 -1.507435e+00 -7.957819e-01
4.636536e+01 -1.532519e+00 -7.916953e-01
4.637536e+01 -1.534876e+00 -7.876141e-01
4.638536e+01 -1.533463e+00 -7.835380e-01
4.639536e+01 -1.622500e+00 -7.794670e-01
4.640536e+01 -1.663093e+00 -7.754008e-01
4.641536e+01 -1.736827e+00 -7.713395e-01
4.642536e+01 -1.818303e+00 -7.672827e-01
4.643536e+01 -1.834197e+00 -7.632304e-01
4.644536e+01 -1.896777e+00 -7.591824e-01
4.645535e+01 -1.949903e+00 -7.551386e-01
4.646535e+01 -2.023312e+00 -7.510989e-01
4.647535e+01 -1.980554e+00 -7.470630e-01
4.648535e+01 -1.985658e+00 -7.430310e-01
4.649535e+01 -2.134296e+00 -7.390025e-01
4.650535e+01 -2.227032e+00 -7.349776e-01
4.651535e+01 -2.363698e+00 -7.309560e-01
4.652535e+01 -2.290839e+00 -7.269376e-01
4.653535e+01 -2.365368e+00 -7.229223e-01
4.654535e+01 -2.479805e+00 -7.189099e-01
4.655534e+01 -2.444130e+00 -7.149004e-01
4.656534e+01 -2.489099e+00 -7.108936e-01
4.657534e+01 -2.583703e+00 -7.068893e-01
4.658534e+01 -2.670496e+00 -7.028874e-01
4.659534e+01 -2.657249e+00 -6.988879e-01
4.660534e+01 -2.718532e+00 -6.948905e-01
4.661534e+01 -2.836681e+00 -6.908951e-01
4.662534e+01 -2.859769e+00 -6.869017e-01
4.663534e+01 -2.862043e+00 -6.829100e-01
4.664534e+01 -2.944493e+00 -6.789201e-01
4.665533e+01 -2.926234e+00 -6.749316e-01
4.666533e+01 -3.008291e+00 -6.709446e-01
4.667533e+01 -2.968708e+00 -6.669589e-01
4.668533e+01 -2.968649e+00 -6.629744e-01
4.669533e+01 -3.022892e+00 -6.589909e-01
4.670533e+01 -3.017255e+00 -6.550084e-01
4.671533e+01 -3.065014e+00 -6.510267e-01
4.672533e+01 -3.086201e+00 -6.470457e-01
4.673533e+01 -2.947869e+00 -6.430653e-01
4.674533e+01 -3.014699e+00 -6.390854e-01
4.675532e+01 -3.087705e+00 -6.351058e-01
4.676532e+01 -3.024302e+00 -6.311265e-01
4.677532e+01 -3.037870e+00 -6.271474e-01
4.678532e+01 -2.972023e+00 -6.231683e-01
4.679532e+01 -2.995083e+00 -6.191892e-01
4.680532e+01 -2.908996e+00 -6.152099e-01
4.681532e+01 -2.939252e+00 -6.112303e-01
4.682532e+01 -2.803273e+00 -6.072503e-01
4.683532e+01 -2.862042e+00 -6.032699e-01
4.684532e+01 -2.749504e+00 -5.992888e-01
4.685531e+01 -2.693365e+00 -5.953071e-01
4.686531e+01 -2.659563e+00 -5.913247e-01
4.687531e+01 -2.724253e+00 -5.873413e-01
4.688531e+01 -2.596540e+00 -5.833570e-01
4.689531e+01 -2.551756e+00 -5.793716e-01
4.690531e+01 -2.443636e+00 -5.753851e-01
4.691531e+01 -2.425534e+00 -5.713973e-01
4.692531e+01 -2.377839e+00 -5.674082e-01
4.693531e+01 -2.256698e+00 -5.634176e-01
4.694531e+01 -2.207886e+00 -5.594256e-01
4.695530e+01 -2.261253e+00 -5.554319e-01
4.696530e+01 -2.074849e+00 -5.514366e-01
4.697530e+01 -1.996438e+00 -5.474395e-01
4.698530e+01 -2.022155e+00 -5.434406e-01
4.699530e+01 -1.876085e+00 -5.394398e-01
4.700530e+01 -1.915829e+00 -5.354369e-01
4.701530e+01 -1.815344e+00 -5.314320e-01
4.702530e+01 -1.667957e+00 -5.274249e-01
4.703530e+01 -1.559881e+00 -5.234157e-01
4.704530e+01 -1.646993e+00 -5.194041e-01
4.705529e+01 -1.485859e+00 -5.153901e-01
4.706529e+01 -1.410020e+00 -5.113737e-01
4.707529e+01 -1.401865e+00 -5.073549e-01
4.708529e+01 -1.219165e+00 -5.033334e-01
4.709529e+01 -1.243861e+00 -4.993094e-01
4.710529e+01 -1.208025e+00 -4.952826e-01
4.711529e+01 -1.191595e+00 -4.912531e-01
4.712529e+01 -1.133638e+00 -4.872208e-01
4.713529e+01 -9.674507e-01 -4.831856e-01
4.714529e+01 -1.056553e+00 -4.791475e-01
4.715528e+01 -1.064226e+00 -4.751064e-01
4.716528e+01 -9.199089e-01 -4.710623e-01
4.717528e+01 -8.976793e-01 -4.670152e-01
4.718528e+01 -7.964501e-01 -4.629649e-01
4.719528e+01 -8.095875e-01 -4.589114e-01
4.720528e+01 -7.389385e-01 -4.548547e-01
4.721528e+01 -8.023579e-01 -4.507948e-01
4.722528e+01 -8.227090e-01 -4.467315e-01
4.723528e+01 -7.249426e-01 -4.426650e-01
4.724528e+01 -7.003866e-01 -4.385950e-01
4.725527e+01 -7.452896e-01 -4.345216e-01
4.726527e+01 -6.843148e-01 -4.304448e-01
4.727527e+01 -6.012976e-01 -4.263645e-01
4.728527e+01 -7.178277e-01 -4.222807e-01
4.729527e+01 -7.141700e-01 -4.181934e-01
4.730527e+01 -7.839106e-01 -4.141025e-01
4.731527e+01 -7.817545e-01 -4.100080e-01
4.732527e+01 -7.798810e-01 -4.059099e-01
4.733527e+01 -8.854196e-01 -4.018081e-01
4.734527e+01 -8.370144e-01 -3.977027e-01
4.735526e+01 -8.975039e-01 -3.935937e-01
4.736526e+01 -9.348182e-01 -3.894809e-01
4.737526e+01 -9.583480e-01 -3.853644e-01
4.738526e+01 -1.002032e+00 -3.812442e-01
4.739526e+01 -1.018843e+00 -3.771203e-01
4.740526e+01 -1.111206e+00 -3.729927e-01
4.741526e+01 -9.959004e-01 -3.688613e-01
4.742526e+01 -1.166623e+00 -3.647262e-01
4.743526e+01 -1.294295e+00 -3.605873e-01
4.744526e+01 -1.264556e+00 -3.564447e-01
4.745525e+01 -1.353542e+00 -3.522983e-01
4.746525e+01 -1.347773e+00 -3.481482e-01
4.747525e+01 -1.410294e+00 -3.439943e-01
4.748525e+01 -1.469432e+00 -3.398367e-01
4.749525e+01 -1.533071e+00 -3.356754e-01
4.750525e+01 -1.613748e+00 -3.315104e-01
4.751525e+01 -1.623891e+00 -3.273417e-01
4.752525e+01 -1.638504e+00 -3.231692e-01
4.753525e+01 -1.694534e+00 -3.189932e-01
4.754525e+01 -1.854898e+00 -3.148134e-01
4.755524e+01 -1.896323e+00 -3.106301e-01
4.756524e+01 -1.943672e+00 -3.064431e-01
4.757524e+01 -1.976328e+00 -3.022525e-01
4.758524e+01 -1.995801e+00 -2.980584e-01
4.759524e+01 -2.152168e+00 -2.938607e-01
4.760524e+01 -2.157924e+00 -2.896596e-01
4.761524e+01 -2.187474e+00 -2.854550e-01
4.762524e+01 -2.140145e+00 -2.812469e-01
4.763524e+01 -2.231537e+00 -2.770354e-01
4.764524e+01 -2.217982e+00 -2.728206e-01
4.765523e+01 -2.263658e+00 -2.686025e-01
4.766523e+01 -2.310870e+00 -2.643811e-01
4.767523e+01 -2.341050e+00 -2.601564e-01
4.768523e+01 -2.379767e+00 -2.559286e-01
4.769523e+01 -2.364706e+00 -2.516976e-01
4.770523e+01 -2.401933e+00 -2.474635e-01
4.771523e+01 -2.489855e+00 -2.432263e-01
4.772523e+01 -2.423851e+00 -2.389862e-01
4.773523e+01 -2.364445e+00 -2.347432e-01
4.774523e+01 -2.470931e+00 -2.304972e-01
4.775522e+01 -2.418185e+00 -2.262485e-01
4.776522e+01 -2.329798e+00 -2.219970e-01
4.777522e+01 -2.425901e+00 -2.177428e-01
4.778522e+01 -2.315437e+00 -2.134859e-01
4.779522e+01 -2.310469e+00 -2.092265e-01
4.780522e+01 -2.352942e+00 -2.049646e-01
4.781522e+01 -2.263630e+00 -2.007003e-01
4.782522e+01 -2.251267e+00 -1.964336e-01
4.783522e+01 -2.178030e+00 -1.921646e-01
4.784522e+01 -2.105572e+00 -1.878934e-01
4.785521e+01 -2.060213e+00 -1.836201e-01
4.786521e+01 -2.094443e+00 -1.793448e-01
4.787521e+01 -2.049991e+00 -1.750674e-01
4.788521e+01 -2.031524e+00 -1.707882e-01
4.789521e+01 -1.965046e+00 -1.665072e-01
4.790521e+01 -1.892566e+00 -1.622245e-01
4.791521e+01 -1.811445e+00 -1.579402e-01
4.792521e+01 -1.786617e+00 -1.536543e-01
4.793521e+01 -1.606456e+00 -1.493670e-01
4.794521e+01 -1.570243e+00 -1.450783e-01
4.795520e+01 -1.488117e+00 -1.407884e-01
4.796520e+01 -1.479311e+00 -1.364973e-01
4.797520e+01 -1.455458e+00 -1.322051e-01
4.798520e+01 -1.413464e+00 -1.279120e-01
4.799520e+01 -1.264681e+00 -1.236181e-01
4.800520e+01 -1.214690e+00 -1.193234e-01
4.801520e+01 -1.167634e+00 -1.150280e-01
4.802520e+01 -1.035470e+00 -1.107321e-01
4.803520e+01 -9.796781e-01 -1.064358e-01
4.804520e+01 -9.820786e-01 -1.021392e-01
4.805519e+01 -8.939486e-01 -9.784233e-02
4.806519e+01 -7.676657e-01 -9.354539e-02
4.807519e+01 -7.290771e-01 -8.924847e-02
4.808519e+01 -7.787987e-01 -8.495169e-02
4.809519e+01 -5.897593e-01 -8.065517e-02
4.810519e+01 -6.590598e-01 -7.635903e-02
4.811519e+01 -5.148237e-01 -7.206338e-02
4.812519e+01 -4.112273e-01 -6.776836e-02
4.813519e+01 -4.908855e-01 -6.347409e-02
4.814519e+01 -3.671885e-01 -5.918068e-02
4.815518e+01 -2.746037e-01 -5.488828e-02
4.816518e+01 -2.946421e-01 -5.059701e-02
4.817518e+01 -2.699097e-01 -4.630699e-02
4.818518e+01 -2.637126e-01 -4.201837e-02
4.819518e+01 -2.379879e-01 -3.773128e-02
4.820518e+01 -1.614248e-01 -3.344584e-02
4.821518e+01 -1.136946e-01 -2.916220e-02
4.822518e+01 -1.923419e-01 -2.488049e-02
4.823518e+01 -1.791657e-01 -2.060085e-02
4.824518e+01 -1.269967e-01 -1.632342e-02
4.825517e+01 -8.889862e-02 -1.204834e-02
4.826517e+01 -1.398547e-01 -7.775760e-03
4.827517e+01 -5.114610e-02 -3.505816e-03
4.828517e+01 -6.014026e-02 7.613451e-04
4.829517e+01 -1.498734e-01 5.025577e-03
4.830517e+01 -9.462808e-02 9.286733e-03
4.831517e+01 -1.563322e-01 1.354466e-02
4.832517e+01 -1.549943e-01 1.779922e-02
4.833517e+01 -3.039196e-02 2.205025e-02
4.834517e+01 -1.594690e-01 2.629761e-02
4.835516e+01 -2.258794e-01 3.054114e-02
4.836516e+01 -1.942910e-01 3.478068e-02
4.837516e+01 -2.552451e-01 3.901609e-02
4.838516e+01 -3.049232e-01 4.324720e-02
4.839516e+01 -3.196057e-01 4.747386e-02
4.840516e+01 -5.150399e-01 5.169591e-02
4.841516e+01 -5.071247e-01 5.591320e-02
4.842516e+01 -5.174054e-01 6.012556e-02
4.843516e+01 -5.619017e-01 6.433283e-02
4.844516e+01 -6.425314e-01 6.853485e-02
4.845515e+01 -6.971582e-01 7.273147e-02
4.846515e+01 -8.015743e-01 7.692250e-02
4.847515e+01 -8.614389e-01 8.110780e-02
4.848515e+01 -8.466924e-01 8.528720e-02
4.849515e+01 -8.483010e-01 8.946053e-02
4.850515e+01 -1.030551e+00 9.362763e-02
4.851515e+01 -1.056641e+00 9.778832e-02
4.852515e+01 -1.074557e+00 1.019424e-01
4.853515e+01 -1.143539e+00 1.060898e-01
4.854515e+01 -1.145525e+00 1.102303e-01
4.855514e+01 -1.208741e+00 1.143637e-01
4.856514e+01 -1.259144e+00 1.184899e-01
4.857514e+01 -1.326633e+00 1.226086e-01
4.858514e+01 -1.295845e+00 1.267198e-01
4.859514e+01 -1.479823e+00 1.308232e-01
4.860514e+01 -1.488280e+00 1.349187e-01
4.861514e+01 -1.543764e+00 1.390061e-01
4.862514e+01 -1.597358e+00 1.430852e-01
4.863514e+01 -1.603644e+00 1.471558e-01
4.864514e+01 -1.660024e+00 1.512179e-01
4.865513e+01 -1.632223e+00 1.552711e-01
4.866513e+01 -1.699193e+00 1.593154e-01
4.867513e+01 -1.776956e+00 1.633505e-01
4.868513e+01 -1.713765e+00 1.673763e-01
4.869513e+01 -1.774448e+00 1.713926e-01
4.870513e+01 -1.699965e+00 1.753993e-01
4.871513e+01 -1.745805e+00 1.793961e-01
4.872513e+01 -1.772579e+00 1.833828e-01
4.873513e+01 -1.707625e+00 1.873594e-01
4.874513e+01 -1.827704e+00 1.913256e-01
4.875512e+01 -1.786305e+00 1.952813e-01
4.876512e+01 -1.737597e+00 1.992262e-01
4.877512e+01 -1.746377e+00 2.031603e-01
4.878512e+01 -1.660685e+00 2.070832e-01
4.879512e+01 -1.707148e+00 2.109949e-01
4.880512e+01 -1.649201e+00 2.148952e-01
4.881512e+01 -1.595529e+00 2.187839e-01
4.882512e+01 -1.566256e+00 2.226608e-01
4.883512e+01 -1.628639e+00 2.265257e-01
4.884512e+01 -1.624610e+00 2.303785e-01
4.885511e+01 -1.490843e+00 2.342190e-01
4.886511e+01 -1.436382e+00 2.380470e-01
4.887511e+01 -1.390230e+00 2.418624e-01
4.888511e+01 -1.324482e+00 2.456649e-01
4.889511e+01 -1.317873e+00 2.494544e-01
4.890511e+01 -1.146389e+00 2.532307e-01
4.891511e+01 -1.165603e+00 2.569937e-01
4.892511e+01 -1.144212e+00 2.607431e-01
4.893511e+01 -1.006192e+00 2.644789e-01
4.894511e+01 -1.032404e+00 2.682007e-01
4.895510e+01 -1.003541e+00 2.719085e-01
4.896510e+01 -9.311821e-01 2.756021e-01
4.897510e+01 -8.065257e-01 2.792813e-01
4.898510e+01 -7.237608e-01 2.829459e-01
4.899510e+01 -5.354846e-01 2.865958e-01
4.900510e+01 -5.803274e-01 2.902308e-01
4.901510e+01 -4.821746e-01 2.938507e-01
4.902510e+01 -3.877465e-01 2.974554e-01
4.903510e+01 -4.582299e-01 3.010446e-01
4.904510e+01 -3.060083e-01 3.046182e-01
4.905509e+01 -3.281782e-01 3.081762e-01
4.906509e+01 -2.657653e-01 3.117181e-01
4.907509e+01 -2.516061e-01 3.152440e-01
4.908509e+01 -1.177380e-01 3.187537e-01
4.909509e+01 1.499395e-03 3.222469e-01
4.910509e+01 -1.800426e-02 3.257236e-01
4.911509e+01 1.272491e-01 3.291835e-01
4.912509e+01 2.611013e-01 3.326265e-01
4.913509e+01 1.668308e-01 3.360524e-01
4.914509e+01 2.385714e-01 3.394612e-01
4.915508e+01 2.933165e-01 3.428525e-01
4.916508e+01 3.835496e-01 3.462263e-01
4.917508e+01 3.938075e-01 3.495823e-01
4.918508e+01 3.826417e-01 3.529205e-01
4.919508e+01 3.821693e-01 3.562407e-01
4.920508e+01 4.726904e-01 3.595427e-01
4.921508e+01 5.713895e-01 3.628264e-01
4.922508e+01 5.544708e-01 3.660916e-01
4.923508e+01 4.481923e-01 3.693381e-01
4.924508e+01 5.998131e-01 3.725658e-01
4.925507e+01 5.086676e-01 3.757747e-01
4.926507e+01 5.690908e-01 3.789644e-01
4.927507e+01 5.433391e-01 3.821348e-01
4.928507e+01 5.777409e-01 3.852859e-01
4.929507e+01 5.506299e-01 3.884174e-01
4.930507e+01 4.414286e-01 3.915293e-01
4.931507e+01 5.126842e-01 3.946213e-01
4.932507e+01 4.560580e-01 3.976934e-01
4.933507e+01 4.521285e-01 4.007453e-01
4.934507e+01 2.680348e-01 4.037770e-01
4.935506e+01 3.920391e-01 4.067883e-01
4.936506e+01 3.384481e-01 4.097790e-01
4.937506e+01 3.410275e-01 4.127491e-01
4.938506e+01 2.547890e-01 4.156983e-01
4.939506e+01 2.475720e-01 4.186266e-01
4.940506e+01 2.094275e-01 4.215338e-01
4.941506e+01 1.346210e-01 4.244198e-01
4.942506e+01 1.774542e-02 4.272845e-01
4.943506e+01 6.037163e-05 4.301277e-01
4.944506e+01 -5.455648e-03 4.329492e-01
4.945505e+01 -7.889031e-02 4.357491e-01
4.946505e+01 -1.651481e-01 4.385270e-01
4.947505e+01 -1.426288e-01 4.412830e-01
4.948505e+01 -2.379132e-01 4.440169e-01
4.949505e+01 -3.432628e-01 4.467285e-01
4.950505e+01 -3.085066e-01 4.494177e-01
4.951505e+01 -4.172112e-01 4.520845e-01
4.952505e+01 -4.866343e-01 4.547287e-01
4.953505e+01 -5.197541e-01 4.573502e-01
4.954505e+01 -5.518183e-01 4.599488e-01
4.955504e+01 -5.963633e-01 4.625245e-01
4.956504e+01 -6.329519e-01 4.650771e-01
4.957504e+01 -7.507957e-01 4.676065e-01
4.958504e+01 -6.745269e-01 4.701127e-01
4.959504e+01 -8.579822e-01 4.725954e-01
4.960504e+01 -8.390398e-01 4.750547e-01
4.961504e+01 -8.280678e-01 4.774903e-01
4.962504e+01 -1.004994e+00 4.799022e-01
4.963504e+01 -9.810756e-01 4.822903e-01
4.964504e+01 -1.109265e+00 4.846545e-01
4.965503e+01 -1.041143e+00 4.869946e-01
4.966503e+01 -1.136180e+00 4.893106e-01
4.967503e+01 -1.091665e+00 4.916024e-01
4.968503e+01 -1.141272e+00 4.938699e-01
4.969503e+01 -1.150543e+00 4.961129e-01
4.970503e+01 -1.163079e+00 4.983314e-01
4.971503e+01 -1.226308e+00 5.005254e-01
4.972503e+01 -1.151841e+00 5.026946e-01
4.973503e+01 -1.143864e+00 5.048391e-01
4.974503e+01 -1.241896e+00 5.069586e-01
4.975502e+01 -1.180909e+00 5.090533e-01
4.976502e+01 -1.176954e+00 5.111228e-01
4.977502e+01 -1.156424e+00 5.131673e-01
4.978502e+01 -1.095927e+00 5.151865e-01
4.979502e+01 -1.140775e+00 5.171804e-01
4.980502e+01 -1.044854e+00 5.191490e-01
4.981502e+01 -9.837640e-01 5.210921e-01
4.982502e+01 -1.017429e+00 5.230097e-01
4.983502e+01 -9.363389e-01 5.249017e-01
4.984502e+01 -9.899422e-01 5.267680e-01
4.985501e+01 -8.391831e-01 5.286086e-01
4.986501e+01 -7.518734e-01 5.304233e-01
4.987501e+01 -7.891680e-01 5.322122e-01
4.988501e+01 -7.395785e-01 5.339751e-01
4.989501e+01 -6.748883e-01 5.357120e-01
4.990501e+01 -6.259336e-01 5.374227e-01
4.991501e+01 -4.930963e-01 5.391074e-01
4.992501e+01 -4.896313e-01 5.407658e-01
4.993501e+01 -3.970714e-01 5.423980e-01
4.994501e+01 -4.283929e-01 5.440038e-01
4.995500e+01 -3.350852e-01 5.455833e-01
4.996500e+01 -1.623349e-01 5.471363e-01
4.997500e+01 -1.202554e-01 5.486628e-01
4.998500e+01 -1.669599e-01 5.501628e-01
4.999500e+01 -4.148570e-02 5.516361e-01
5.000500e+01 3.926697e-02 5.530829e-01
5.001500e+01 1.254048e-01 5.545029e-01
5.002500e+01 2.039929e-01 5.558961e-01
5.003500e+01 2.146590e-01 5.572626e-01
5.004500e+01 3.364766e-01 5.586023e-01
5.005499e+01 2.809842e-01 5.599150e-01
5.006499e+01 4.873240e-01 5.612009e-01
5.007499e+01 4.707798e-01 5.624598e-01
5.008499e+01 5.910670e-01 5.636917e-01
5.009499e+01 6.908119e-01 5.648966e-01
5.010499e+01 7.562348e-01 5.660744e-01
5.011499e+01 7.240832e-01 5.672251e-01
5.012499e+01 7.723179e-01 5.683487e-01
5.013499e+01 8.730300e-01 5.694451e-01
5.014499e+01 9.574975e-01 5.705143e-01
5.015498e+01 9.668314e-01 5.715563e-01
5.016498e+01 1.019968e+00 5.725711e-01
5.017498e+01 9.920403e-01 5.735586e-01
5.018498e+01 1.024745e+00 5.745187e-01
5.019498e+01 1.030032e+00 5.754516e-01
5.020498e+01 1.073574e+00 5.763572e-01
5.021498e+01 1.128790e+00 5.772354e-01
5.022498e+01 1.108780e+00 5.780862e-01
5.023498e+01 1.226811e+00 5.789096e-01
5.024498e+01 1.149951e+00 5.797056e-01
5.025497e+01 1.121568e+00 5.804742e-01
5.026497e+01 1.108675e+00 5.812154e-01
5.027497e+01 1.061654e+00 5.819292e-01
5.028497e+01 1.176724e+00 5.826155e-01
5.029497e+01 1.123599e+00 5.832743e-01
5.030497e+01 1.152928e+00 5.839057e-01
5.031497e+01 1.049713e+00 5.845096e-01
5.032497e+01 1.062675e+00 5.850860e-01
5.033497e+01 1.091995e+00 5.856350e-01
5.034497e+01 1.028455e+00 5.861565e-01
5.035496e+01 1.046184e+00 5.866505e-01
5.036496e+01 9.617180e-01 5.871170e-01
5.037496e+01 1.004375e+00 5.875561e-01
5.038496e+01 8.905094e-01 5.879677e-01
5.039496e+01 9.738472e-01 5.883518e-01
5.040496e+01 8.871147e-01 5.887085e-01
5.041496e+01 7.362274e-01 5.890378e-01
5.042496e+01 6.685110e-01 5.893396e-01
5.043496e+01 7.444065e-01 5.896141e-01
5.044496e+01 5.969912e-01 5.898611e-01
5.045495e+01 6.302065e-01 5.900807e-01
5.046495e+01 4.499679e-01 5.902729e-01
5.047495e+01 4.512289e-01 5.904378e-01
5.048495e+01 4.141569e-01 5.905753e-01
5.049495e+01 4.292047e-01 5.906855e-01
5.050495e+01 3.355121e-01 5.907684e-01
5.051495e+01 1.341945e-01 5.908241e-01
5.052495e+01 2.459725e-01 5.908524e-01
5.053495e+01 2.211938e-01 5.908536e-01
5.054495e+01 4.692038e-02 5.908275e-01
5.055494e+01 -2.908325e-02 5.907743e-01
5.056494e+01 -6.368555e-02 5.906939e-01
5.057494e+01 -7.661378e-02 5.905864e-01
5.058494e+01 -2.178873e-01 5.904518e-01
5.059494e+01 -1.822407e-01 5.902901e-01
5.060494e+01 -2.660160e-01 5.901014e-01
5.061494e+01 -3.111126e-01 5.898857e-01
5.062494e+01 -3.463362e-01 5.896431e-01
5.063494e+01 -3.078996e-01 5.893736e-01
5.064494e+01 -4.148339e-01 5.890772e-01
5.065493e+01 -3.948531e-01 5.887539e-01
5.066493e+01 -4.235648e-01 5.884039e-01
5.067493e+01 -4.691961e-01 5.880271e-01
5.068493e+01 -4.957354e-01 5.876236e-01
5.069493e+01 -4.819766e-01 5.871934e-01
5.070493e+01 -4.162331e-01 5.867367e-01
5.071493e+01 -4.491395e-01 5.862533e-01
5.072493e+01 -5.840436e-01 5.857435e-01
5.073493e+01 -5.176258e-01 5.852071e-01
5.074493e+01 -5.396604e-01 5.846444e-01
5.075492e+01 -5.946791e-01 5.840552e-01
5.076492e+01 -5.473852e-01 5.834398e-01
5.077492e+01 -5.094019e-01 5.827981e-01
5.078492e+01 -4.731937e-01 5.821302e-01
5.079492e+01 -4.770043e-01 5.814362e-01
5.080492e+01 -4.440896e-01 5.807161e-01
5.081492e+01 -3.792631e-01 5.799699e-01
5.082492e+01 -3.350814e-01 5.791978e-01
5.083492e+01 -2.981859e-01 5.783997e-01
5.084492e+01 -3.141943e-01 5.775759e-01
5.085491e+01 -1.735114e-01 5.767262e-01
5.086491e+01 -2.010439e-01 5.758509e-01
5.087491e+01 -1.663916e-01 5.749499e-01
5.088491e+01 -1.490473e-01 5.740233e-01
5.089491e+01 1.104327e-03 5.730712e-01
5.090491e+01 1.824922e-03 5.720936e-01
5.091491e+01 -2.113573e-02 5.710908e-01
5.092491e+01 1.589354e-01 5.700626e-01
5.093491e+01 1.261969e-01 5.690091e-01
5.094491e+01 2.438755e-01 5.679306e-01
5.095490e+01 2.810458e-01 5.668269e-01
5.096490e+01 4.132693e-01 5.656983e-01
5.097490e+01 5.083758e-01 5.645448e-01
5.098490e+01 4.136666e-01 5.633664e-01
5.099490e+01 5.602643e-01 5.621633e-01
5.100490e+01 6.922297e-01 5.609355e-01
5.101490e+01 7.445756e-01 5.596831e-01
5.102490e+01 8.269539e-01 5.584061e-01
5.103490e+01 8.784371e-01 5.571048e-01
5.104490e+01 9.789789e-01 5.557791e-01
5.105489e+01 1.009743e+00 5.544292e-01
5.106489e+01 9.823572e-01 5.530551e-01
5.107489e+01 1.147337e+00 5.516570e-01
5.108489e+01 1.269467e+00 5.502349e-01
5.109489e+01 1.243650e+00 5.487888e-01
5.110489e+01 1.307359e+00 5.473190e-01
5.111489e+01 1.311513e+00 5.458255e-01
5.112489e+01 1.491643e+00 5.443083e-01
5.113489e+01 1.536459e+00 5.427677e-01
5.114489e+01 1.403857e+00 5.412036e-01
5.115488e+01 1.503985e+00 5.396162e-01
5.116488e+01 1.627938e+00 5.380056e-01
5.117488e+01 1.625193e+00 5.363719e-01
5.118488e+01 1.632215e+00 5.347152e-01
5.119488e+01 1.678697e+00 5.330355e-01
5.120488e+01 1.689210e+00 5.313331e-01
5.121488e+01 1.759874e+00 5.296079e-01
5.122488e+01 1.801157e+00 5.278601e-01
5.123488e+01 1.778190e+00 5.260899e-01
5.124488e+01 1.732998e+00 5.242972e-01
5.125487e+01 1.794265e+00 5.224823e-01
5.126487e+01 1.762885e+00 5.206452e-01
5.127487e+01 1.822417e+00 5.187861e-01
5.128487e+01 1.773525e+00 5.169050e-01
5.129487e+01 1.716614e+00 5.150021e-01
5.130487e+01 1.778757e+00 5.130774e-01
5.131487e+01 1.843287e+00 5.111312e-01
5.132487e+01 1.712469e+00 5.091635e-01
5.133487e+01 1.738486e+00 5.071744e-01
5.134487e+01 1.648351e+00 5.051640e-01
5.135486e+01 1.760522e+00 5.031326e-01
5.136486e+01 1.618329e+00 5.010801e-01
5.137486e+01 1.578958e+00 4.990067e-01
5.138486e+01 1.524150e+00 4.969126e-01
5.139486e+01 1.543142e+00 4.947978e-01
5.140486e+01 1.533364e+00 4.926625e-01
5.141486e+01 1.391273e+00 4.905068e-01
5.142486e+01 1.330663e+00 4.883309e-01
5.143486e+01 1.288938e+00 4.861348e-01
5.144486e+01 1.201176e+00 4.839187e-01
5.145485e+01 1.269796e+00 4.816827e-01
5.146485e+01 1.166694e+00 4.794270e-01
5.147485e+01 1.010750e+00 4.771517e-01
5.148485e+01 9.790552e-01 4.748568e-01
5.149485e+01 9.265628e-01 4.725427e-01
5.150485e+01 9.091721e-01 4.702093e-01
5.151485e+01 9.063249e-01 4.678568e-01
5.152485e+01 8.382031e-01 4.654854e-01
5.153485e+01 7.643089e-01 4.630952e-01
5.154485e+01 6.120023e-01 4.606863e-01
5.155484e+01 6.725611e-01 4.582589e-01
5.156484e+01 5.361079e-01 4.558131e-01
5.157484e+01 5.655734e-01 4.533491e-01
5.158484e+01 4.805467e-01 4.508669e-01
5.159484e+01 3.420300e-01 4.483668e-01
5.160484e+01 3.562911e-01 4.458489e-01
5.161484e+01 3.797491e-01 4.433134e-01
5.162484e+01 3.551294e-01 4.407603e-01
5.163484e+01 3.122076e-01 4.381898e-01
5.164484e+01 2.673215e-01 4.356021e-01
5.165483e+01 2.755692e-01 4.329973e-01
5.166483e+01 2.101765e-01 4.303756e-01
5.167483e+01 1.011803e-01 4.277372e-01
5.168483e+01 1.266253e-01 4.250821e-01
5.169483e+01 8.233178e-02 4.224106e-01
5.170483e+01 1.192198e-01 4.197227e-01
5.171483e+01 6.874868e-02 4.170187e-01
5.172483e+01 1.325641e-01 4.142987e-01
5.173483e+01 1.247083e-01 4.115628e-01
5.174483e+01 7.809402e-02 4.088113e-01
5.175482e+01 4.737429e-02 4.060442e-01
5.176482e+01 1.610551e-01 4.032618e-01
5.177482e+01 1.385954e-01 4.004642e-01
5.178482e+01 1.865767e-01 3.976515e-01
5.179482e+01 1.118499e-01 3.948239e-01
5.180482e+01 8.198957e-02 3.919817e-01
5.181482e+01 1.967475e-01 3.891248e-01
5.182482e+01 3.076132e-01 3.862536e-01
5.183482e+01 2.906239e-01 3.833682e-01
5.184482e+01 2.394135e-01 3.804687e-01
5.185481e+01 3.508707e-01 3.775554e-01
5.186481e+01 3.589375e-01 3.746283e-01
5.187481e+01 3.976797e-01 3.716877e-01
5.188481e+01 5.168411e-01 3.687337e-01
5.189481e+01 5.833950e-01 3.657666e-01
5.190481e+01 6.215513e-01 3.627864e-01
5.191481e+01 6.765149e-01 3.597933e-01
5.192481e+01 6.772558e-01 3.567876e-01
5.193481e+01 8.023199e-01 3.537694e-01
5.194481e+01 9.331133e-01 3.507388e-01
5.195480e+01 1.005736e+00 3.476961e-01
5.196480e+01 1.094085e+00 3.446415e-01
5.197480e+01 1.077210e+00 3.415750e-01
5.198480e+01 1.084333e+00 3.384970e-01
5.199480e+01 1.232160e+00 3.354075e-01
5.200480e+01 1.185289e+00 3.323067e-01
5.201480e+01 1.286294e+00 3.291950e-01
5.202480e+01 1.364995e+00 3.260723e-01
5.203480e+01 1.436207e+00 3.229389e-01
5.204480e+01 1.583595e+00 3.197950e-01
5.205479e+01 1.657361e+00 3.166408e-01
5.206479e+01 1.731789e+00 3.134765e-01
5.207479e+01 1.802146e+00 3.103022e-01
5.208479e+01 1.785721e+00 3.071182e-01
5.209479e+01 1.791445e+00 3.039246e-01
5.210479e+01 1.876780e+00 3.007216e-01
5.211479e+01 2.021005e+00 2.975094e-01
5.212479e+01 2.042197e+00 2.942883e-01
5.213479e+01 2.072084e+00 2.910583e-01
5.214479e+01 2.086003e+00 2.878197e-01
5.215478e+01 2.178869e+00 2.845728e-01
5.216478e+01 2.250540e+00 2.813175e-01
5.217478e+01 2.309593e+00 2.780543e-01
5.218478e+01 2.263770e+00 2.747833e-01
5.219478e+01 2.244277e+00 2.715046e-01
5.220478e+01 2.337815e+00 2.682185e-01
5.221478e+01 2.385462e+00 2.649251e-01
5.222478e+01 2.378844e+00 2.616248e-01
5.223478e+01 2.430104e+00 2.583176e-01
5.224478e+01 2.489715e+00 2.550037e-01
5.225477e+01 2.416134e+00 2.516835e-01
5.226477e+01 2.473388e+00 2.483570e-01
5.227477e+01 2.378809e+00 2.450245e-01
5.228477e+01 2.389358e+00 2.416862e-01
5.229477e+01 2.379698e+00 2.383423e-01
5.230477e+01 2.367208e+00 2.349930e-01
5.231477e+01 2.461920e+00 2.316385e-01
5.232477e+01 2.271510e+00 2.282790e-01
5.233477e+01 2.294743e+00 2.249147e-01
5.234477e+01 2.352794e+00 2.215459e-01
5.235476e+01 2.293935e+00 2.181727e-01
5.236476e+01 2.248236e+00 2.147953e-01
5.237476e+01 2.279791e+00 2.114140e-01
5.238476e+01 2.285339e+00 2.080290e-01
5.239476e+01 2.077700e+00 2.046405e-01
5.240476e+01 2.136595e+00 2.012487e-01
5.241476e+01 2.075638e+00 1.978537e-01
5.242476e+01 1.977516e+00 1.944560e-01
5.243476e+01 1.924395e+00 1.910555e-01
5.244476e+01 1.821157e+00 1.876526e-01
5.245475e+01 1.813863e+00 1.842475e-01
5.246475e+01 1.793500e+00 1.808404e-01
5.247475e+01 1.739716e+00 1.774315e-01
5.248475e+01 1.676755e+00 1.740211e-01
5.249475e+01 1.518915e+00 1.706092e-01
5.250475e+01 1.527473e+00 1.671963e-01
5.251475e+01 1.452795e+00 1.637824e-01
5.252475e+01 1.488978e+00 1.603679e-01
5.253475e+01 1.420070e+00 1.569529e-01
5.254475e+01 1.268665e+00 1.535376e-01
5.255474e+01 1.326081e+00 1.501223e-01
5.256474e+01 1.193308e+00 1.467072e-01
5.257474e+01 1.122082e+00 1.432926e-01
5.258474e+01 1.128004e+00 1.398786e-01
5.259474e+01 1.029133e+00 1.364654e-01
5.260474e+01 1.041175e+00 1.330534e-01
5.261474e+01 9.146570e-01 1.296427e-01
5.262474e+01 9.360712e-01 1.262335e-01
5.263474e+01 8.822642e-01 1.228262e-01
5.264474e+01 8.172392e-01 1.194208e-01
5.265473e+01 8.844345e-01 1.160177e-01
5.266473e+01 9.049615e-01 1.126171e-01
5.267473e+01 7.622826e-01 1.092191e-01
5.268473e+01 8.242604e-01 1.058241e-01
5.269473e+01 7.215968e-01 1.024322e-01
5.270473e+01 6.911114e-01 9.904372e-02
5.271473e+01 7.201728e-01 9.565886e-02
5.272473e+01 7.113554e-01 9.227785e-02
5.273473e+01 7.732388e-01 8.890093e-02
5.274473e+01 7.267844e-01 8.552833e-02
5.275472e+01 6.862357e-01 8.216027e-02
5.276472e+01 6.692750e-01 7.879701e-02
5.277472e+01 7.356026e-01 7.543876e-02
5.278472e+01 7.381084e-01 7.208577e-02
5.279472e+01 7.469977e-01 6.873827e-02
5.280472e+01 7.830621e-01 6.539649e-02
5.281472e+01 7.637389e-01 6.206068e-02
5.282472e+01 8.237008e-01 5.873106e-02
5.283472e+01 9.289633e-01 5.540788e-02
5.284472e+01 8.876559e-01 5.209137e-02
5.285471e+01 9.666769e-01 4.878178e-02
5.286471e+01 9.887167e-01 4.547933e-02
5.287471e+01 1.084483e+00 4.218427e-02
5.288471e+01 1.073675e+00 3.889683e-02
5.289471e+01 1.224770e+00 3.561726e-02
5.290471e+01 1.322038e+00 3.234580e-02
5.291471e+01 1.240867e+00 2.908268e-02
5.292471e+01 1.379035e+00 2.582814e-02
5.293471e+01 1.408360e+00 2.258243e-02
5.294471e+01 1.532924e+00 1.934579e-02
5.295470e+01 1.533574e+00 1.611845e-02
5.296470e+01 1.664076e+00 1.290066e-02
5.297470e+01 1.716531e+00 9.692667e-03
5.298470e+01 1.702939e+00 6.494703e-03
5.299470e+01 1.911706e+00 3.307014e-03
5.300470e+01 1.907710e+00 1.298419e-04
5.301470e+01 1.943921e+00 -3.036569e-03
5.302470e+01 2.107906e+00 -6.191977e-03
5.303470e+01 2.118062e+00 -9.336137e-03
5.304470e+01 2.132117e+00 -1.246881e-02
5.305469e+01 2.259961e+00 -1.558974e-02
5.306469e+01 2.390382e+00 -1.869870e-02
5.307469e+01 2.339025e+00 -2.179543e-02
5.308469e+01 2.420056e+00 -2.487970e-02
5.309469e+01 2.494273e+00 -2.795126e-02
5.310469e+01 2.582846e+00 -3.100986e-02
5.311469e+01 2.618538e+00 -3.405526e-02
5.312469e+01 2.614321e+00 -3.708721e-02
5.313469e+01 2.684950e+00 -4.010547e-02
5.314469e+01 2.737368e+00 -4.310979e-02
5.315468e+01 2.871506e+00 -4.609993e-02
5.316468e+01 2.740076e+00 -4.907564e-02
5.317468e+01 2.892070e+00 -5.203667e-02
5.318468e+01 3.040085e+00 -5.498279e-02
5.319468e+01 2.880472e+00 -5.791374e-02
5.320468e+01 3.034137e+00 -6.082927e-02
5.321468e+01 2.891864e+00 -6.372915e-02
5.322468e+01 3.018261e+00 -6.661312e-02
5.323468e+01 3.001331e+00 -6.948094e-02
5.324468e+01 3.048134e+00 -7.233237e-02
5.325467e+01 3.025079e+00 -7.516714e-02
5.326467e+01 3.086942e+00 -7.798503e-02
5.327467e+01 2.951784e+00 -8.078578e-02
5.328467e+01 3.144609e+00 -8.356914e-02
5.329467e+01 3.014242e+00 -8.633488e-02
5.330467e+01 2.966492e+00 -8.908274e-02
5.331467e+01 3.001902e+00 -9.181247e-02
5.332467e+01 2.995288e+00 -9.452383e-02
5.333467e+01 2.946992e+00 -9.721658e-02
5.334467e+01 2.894962e+00 -9.989046e-02
5.335466e+01 2.775638e+00 -1.025452e-01
5.336466e+01 2.850222e+00 -1.051807e-01
5.337466e+01 2.847351e+00 -1.077965e-01
5.338466e+01 2.824762e+00 -1.103924e-01
5.339466e+01 2.724729e+00 -1.129683e-01
5.340466e+01 2.649943e+00 -1.155238e-01
5.341466e+01 2.690060e+00 -1.180588e-01
5.342466e+01 2.631889e+00 -1.205729e-01
5.343466e+01 2.516803e+00 -1.230659e-01
5.344466e+01 2.493096e+00 -1.255376e-01
5.345465e+01 2.446671e+00 -1.279878e-01
5.346465e+01 2.451458e+00 -1.304161e-01
5.347465e+01 2.223623e+00 -1.328224e-01
5.348465e+01 2.271119e+00 -1.352063e-01
5.349465e+01 2.314443e+00 -1.375677e-01
5.350465e+01 2.080868e+00 -1.399064e-01
5.351465e+01 2.162574e+00 -1.422219e-01
5.352465e+01 1.983297e+00 -1.445142e-01
5.353465e+01 1.879358e+00 -1.467830e-01
5.354465e+01 1.967879e+00 -1.490280e-01
5.355464e+01 1.912892e+00 -1.512490e-01
5.356464e+01 1.836866e+00 -1.534457e-01
5.357464e+01 1.713301e+00 -1.556180e-01
5.358464e+01 1.720454e+00 -1.577655e-01
5.359464e+01 1.750503e+00 -1.598880e-01
5.360464e+01 1.656369e+00 -1.619852e-01
5.361464e+01 1.601386e+00 -1.640570e-01
5.362464e+01 1.678079e+00 -1.661031e-01
5.363464e+01 1.559790e+00 -1.681233e-01
5.364464e+01 1.500406e+00 -1.701172e-01
5.365463e+01 1.423292e+00 -1.720848e-01
5.366463e+01 1.457791e+00 -1.740256e-01
5.367463e+01 1.278229e+00 -1.759395e-01
5.368463e+01 1.329637e+00 -1.778263e-01
5.369463e+01 1.307635e+00 -1.796857e-01
5.370463e+01 1.346351e+00 -1.815175e-01
5.371463e+01 1.356599e+00 -1.833214e-01
5.372463e+01 1.305864e+00 -1.850972e-01
5.373463e+01 1.274202e+00 -1.868446e-01
5.374463e+01 1.379794e+00 -1.885635e-01
5.375462e+01 1.336229e+00 -1.902535e-01
5.376462e+01 1.251505e+00 -1.919145e-01
5.377462e+01 1.398129e+00 -1.935462e-01
5.378462e+01 1.342353e+00 -1.951484e-01
5.379462e+01 1.331595e+00 -1.967208e-01
5.380462e+01 1.481119e+00 -1.982632e-01
5.381462e+01 1.498554e+00 -1.997754e-01
5.382462e+01 1.584993e+00 -2.012572e-01
5.383462e+01 1.520525e+00 -2.027082e-01
5.384462e+01 1.581884e+00 -2.041284e-01
5.385461e+01 1.592142e+00 -2.055173e-01
5.386461e+01 1.578222e+00 -2.068749e-01
5.387461e+01 1.670609e+00 -2.082009e-01
5.388461e+01 1.757542e+00 -2.094950e-01
5.389461e+01 1.851420e+00 -2.107570e-01
5.390461e+01 1.892797e+00 -2.119867e-01
5.391461e+01 1.960398e+00 -2.131839e-01
5.392461e+01 1.982189e+00 -2.143483e-01
5.393461e+01 1.997149e+00 -2.154798e-01
5.394461e+01 2.135373e+00 -2.165780e-01
5.395460e+01 2.180133e+00 -2.176428e-01
5.396460e+01 2.235989e+00 -2.186739e-01
5.397460e+01 2.310636e+00 -2.196711e-01
5.398460e+01 2.410886e+00 -2.206342e-01
5.399460e+01 2.533127e+00 -2.215629e-01
5.400460e+01 2.476848e+00 -2.224571e-01
5.401460e+01 2.542242e+00 -2.233166e-01
5.402460e+01 2.672079e+00 -2.241410e-01
5.403460e+01 2.764934e+00 -2.249302e-01
5.404460e+01 2.881752e+00 -2.256839e-01
5.405459e+01 2.801147e+00 -2.264020e-01
5.406459e+01 2.886952e+00 -2.270842e-01
5.407459e+01 2.980720e+00 -2.277302e-01
5.408459e+01 3.011574e+00 -2.283400e-01
5.409459e+01 3.056012e+00 -2.289133e-01
5.410459e+01 3.188083e+00 -2.294497e-01
5.411459e+01 3.212638e+00 -2.299493e-01
5.412459e+01 3.225746e+00 -2.304116e-01
5.413459e+01 3.204799e+00 -2.308366e-01
5.414459e+01 3.346680e+00 -2.312239e-01
5.415458e+01 3.355160e+00 -2.315735e-01
5.416458e+01 3.421011e+00 -2.318850e-01
5.417458e+01 3.377727e+00 -2.321583e-01
5.418458e+01 3.528408e+00 -2.323931e-01
5.419458e+01 3.516157e+00 -2.325893e-01
5.420458e+01 3.522393e+00 -2.327466e-01
5.421458e+01 3.566835e+00 -2.328649e-01
5.422458e+01 3.551976e+00 -2.329439e-01
5.423458e+01 3.507241e+00 -2.329834e-01
5.424458e+01 3.702195e+00 -2.329833e-01
5.425457e+01 3.571530e+00 -2.329432e-01
5.426457e+01 3.714672e+00 -2.328631e-01
5.427457e+01 3.664006e+00 -2.327427e-01
5.428457e+01 3.701539e+00 -2.325818e-01
5.429457e+01 3.646982e+00 -2.323802e-01
5.430457e+01 3.616874e+00 -2.321377e-01
5.431457e+01 3.523543e+00 -2.318542e-01
5.432457e+01 3.629862e+00 -2.315294e-01
5.433457e+01 3.594988e+00 -2.311631e-01
5.434457e+01 3.449577e+00 -2.307551e-01
5.435456e+01 3.518651e+00 -2.303053e-01
5.436456e+01 3.485114e+00 -2.298134e-01
5.437456e+01 3.494814e+00 -2.292793e-01
5.438456e+01 3.411857e+00 -2.287027e-01
5.439456e+01 3.274409e+00 -2.280836e-01
5.440456e+01 3.297717e+00 -2.274216e-01
5.441456e+01 3.274585e+00 -2.267166e-01
5.442456e+01 3.182409e+00 -2.259684e-01
5.443456e+01 3.132324e+00 -2.251768e-01
5.444456e+01 3.061363e+00 -2.243417e-01
5.445455e+01 3.017494e+00 -2.234629e-01
5.446455e+01 2.996339e+00 -2.225401e-01
5.447455e+01 2.938726e+00 -2.215732e-01
5.448455e+01 2.908898e+00 -2.205620e-01
5.449455e+01 2.922907e+00 -2.195064e-01
5.450455e+01 2.789949e+00 -2.184061e-01
5.451455e+01 2.719038e+00 -2.172610e-01
5.452455e+01 2.673579e+00 -2.160709e-01
5.453455e+01 2.638497e+00 -2.148356e-01
5.454455e+01 2.515481e+00 -2.135550e-01
5.455454e+01 2.497497e+00 -2.122289e-01
5.456454e+01 2.379648e+00 -2.108571e-01
5.457454e+01 2.383529e+00 -2.094394e-01
5.458454e+01 2.388919e+00 -2.079757e-01
5.459454e+01 2.318753e+00 -2.064658e-01
5.460454e+01 2.197562e+00 -2.049095e-01
5.461454e+01 2.130728e+00 -2.033067e-01
5.462454e+01 2.069230e+00 -2.016572e-01
5.463454e+01 2.041395e+00 -1.999609e-01
5.464454e+01 2.102048e+00 -1.982175e-01
5.465453e+01 2.050490e+00 -1.964270e-01
5.466453e+01 1.972045e+00 -1.945891e-01
5.467453e+01 2.066720e+00 -1.927037e-01
5.468453e+01 1.916506e+00 -1.907706e-01
5.469453e+01 2.009024e+00 -1.887898e-01
5.470453e+01 1.877156e+00 -1.867610e-01
5.471453e+01 1.934355e+00 -1.846840e-01
5.472453e+01 1.961634e+00 -1.825588e-01
5.473453e+01 1.949585e+00 -1.803851e-01
5.474453e+01 1.972323e+00 -1.781629e-01
5.475452e+01 1.905992e+00 -1.758920e-01
5.476452e+01 1.981676e+00 -1.735722e-01
5.477452e+01 1.938115e+00 -1.712033e-01
5.478452e+01 1.919601e+00 -1.687853e-01
5.479452e+01 2.024194e+00 -1.663180e-01
5.480452e+01 2.036367e+00 -1.638013e-01
5.481452e+01 2.095279e+00 -1.612349e-01
5.482452e+01 1.953677e+00 -1.586189e-01
5.483452e+01 2.146716e+00 -1.559529e-01
5.484452e+01 2.233315e+00 -1.532370e-01
5.485451e+01 2.348317e+00 -1.504709e-01
5.486451e+01 2.174916e+00 -1.476546e-01
5.487451e+01 2.335913e+00 -1.447878e-01
5.488451e+01 2.382133e+00 -1.418705e-01
5.489451e+01 2.418564e+00 -1.389025e-01
5.490451e+01 2.522340e+00 -1.358838e-01
5.491451e+01 2.572727e+00 -1.328141e-01
5.492451e+01 2.617569e+00 -1.296934e-01
5.493451e+01 2.708427e+00 -1.265215e-01
5.494451e+01 2.732216e+00 -1.232982e-01
5.495450e+01 2.822641e+00 -1.200236e-01
5.496450e+01 2.798606e+00 -1.166974e-01
5.497450e+01 2.919911e+00 -1.133196e-01
5.498450e+01 2.959444e+00 -1.098900e-01
5.499450e+01 3.038904e+00 -1.064085e-01
5.500450e+01 3.112851e+00 -1.028750e-01
5.501450e+01 3.176245e+00 -9.928938e-02
5.502450e+01 3.266724e+00 -9.565153e-02
5.503450e+01 3.243863e+00 -9.196134e-02
5.504450e+01 3.303763e+00 -8.821869e-02
5.505449e+01 3.425209e+00 -8.442349e-02
5.506449e+01 3.548308e+00 -8.057563e-02
5.507449e+01 3.566188e+00 -7.667500e-02
5.508449e+01 3.677837e+00 -7.272150e-02
5.509449e+01 3.680172e+00 -6.871504e-02
5.510449e+01 3.739149e+00 -6.465550e-02
5.511449e+01 3.758396e+00 -6.054281e-02
5.512449e+01 3.902496e+00 -5.637685e-02
5.513449e+01 3.844283e+00 -5.215753e-02
5.514449e+01 3.909311e+00 -4.788477e-02
5.515448e+01 4.050868e+00 -4.355847e-02
5.516448e+01 4.154093e+00 -3.917853e-02
5.517448e+01 4.113796e+00 -3.474488e-02
5.518448e+01 4.168530e+00 -3.025743e-02
5.519448e+01 4.149395e+00 -2.571609e-02
5.520448e+01 4.228609e+00 -2.112078e-02
5.521448e+01 4.195676e+00 -1.647142e-02
5.522448e+01 4.220436e+00 -1.176792e-02
5.523448e+01 4.153229e+00 -7.010219e-03
5.524448e+01 4.269742e+00 -2.198230e-03
5.525447e+01 4.325897e+00 2.668117e-03
5.526447e+01 4.216682e+00 7.588896e-03
5.527447e+01 4.318351e+00 1.256418e-02
5.528447e+01 4.214264e+00 1.759403e-02
5.529447e+01 4.274874e+00 2.267852e-02
5.530447e+01 4.202557e+00 2.781772e-02
5.531447e+01 4.127061e+00 3.301168e-02
5.532447e+01 4.186980e+00 3.826047e-02
5.533447e+01 4.165608e+00 4.356415e-02
5.534447e+01 4.078744e+00 4.892277e-02
5.535446e+01 4.135307e+00 5.433640e-02
5.536446e+01 3.967363e+00 5.980509e-02
5.537446e+01 3.959907e+00 6.532888e-02
5.538446e+01 3.948908e+00 7.090784e-02
5.539446e+01 3.931281e+00 7.654200e-02
5.540446e+01 3.938061e+00 8.223141e-02
5.541446e+01 3.870150e+00 8.797613e-02
5.542446e+01 3.858387e+00 9.377618e-02
5.543446e+01 3.718636e+00 9.963161e-02
5.544446e+01 3.699131e+00 1.055425e-01
5.545445e+01 3.658334e+00 1.115088e-01
5.546445e+01 3.506493e+00 1.175306e-01
5.547445e+01 3.503783e+00 1.236079e-01
5.548445e+01 3.410683e+00 1.297408e-01
5.549445e+01 3.387594e+00 1.359292e-01
5.550445e+01 3.321207e+00 1.421733e-01
5.551445e+01 3.350186e+00 1.484730e-01
5.552445e+01 3.349424e+00 1.548283e-01
5.553445e+01 3.131845e+00 1.612393e-01
5.554445e+01 3.089874e+00 1.677060e-01
5.555444e+01 3.027909e+00 1.742284e-01
5.556444e+01 3.113868e+00 1.808065e-01
5.557444e+01 2.944580e+00 1.874403e-01
5.558444e+01 3.006405e+00 1.941299e-01
5.559444e+01 2.902129e+00 2.008752e-01
5.560444e+01 2.861451e+00 2.076762e-01
5.561444e+01 2.874312e+00 2.145330e-01
5.562444e+01 2.591605e+00 2.214455e-01
5.563444e+01 2.693347e+00 2.284138e-01
5.564444e+01 2.651944e+00 2.354377e-01
5.565443e+01 2.686476e+00 2.425174e-01
5.566443e+01 2.703462e+00 2.496528e-01
5.567443e+01 2.603578e+00 2.568439e-01
5.568443e+01 2.536841e+00 2.640907e-01
5.569443e+01 2.570541e+00 2.713931e-01
5.570443e+01 2.591070e+00 2.787512e-01
5.571443e+01 2.473910e+00 2.861649e-01
5.572443e+01 2.512311e+00 2.936341e-01
5.573443e+01 2.532812e+00 3.011589e-01
5.574443e+01 2.591995e+00 3.087393e-01
5.575442e+01 2.504817e+00 3.163751e-01
5.576442e+01 2.489395e+00 3.240663e-01
5.577442e+01 2.550570e+00 3.318130e-01
5.578442e+01 2.584949e+00 3.396150e-01
5.579442e+01 2.621188e+00 3.474724e-01
5.580442e+01 2.697045e+00 3.553850e-01
5.581442e+01 2.673838e+00 3.633528e-01
5.582442e+01 2.707270e+00 3.713758e-01
5.583442e+01 2.681178e+00 3.794538e-01
5.584442e+01 2.739601e+00 3.875869e-01
5.585441e+01 2.794025e+00 3.957750e-01
5.586441e+01 2.864303e+00 4.040180e-01
5.587441e+01 2.902423e+00 4.123158e-01
5.588441e+01 2.954984e+00 4.206683e-01
5.589441e+01 2.938924e+00 4.290756e-01
5.590441e+01 3.122297e+00 4.375374e-01
5.591441e+01 3.095153e+00 4.460538e-01
5.592441e+01 3.233967e+00 4.546245e-01
5.593441e+01 3.199176e+00 4.632497e-01
5.594441e+01 3.287855e+00 4.719290e-01
5.595440e+01 3.273891e+00 4.806625e-01
5.596440e+01 3.387646e+00 4.894500e-01
5.597440e+01 3.476160e+00 4.982915e-01
5.598440e+01 3.560474e+00 5.071868e-01
5.599440e+01 3.591409e+00 5.161358e-01
5.600440e+01 3.707035e+00 5.251384e-01
5.601440e+01 3.730534e+00 5.341945e-01
5.602440e+01 3.919585e+00 5.433040e-01
5.603440e+01 3.845473e+00 5.524667e-01
5.604440e+01 3.971216e+00 5.616824e-01
5.605439e+01 3.996027e+00 5.709512e-01
5.606439e+01 4.101894e+00 5.802727e-01
5.607439e+01 4.181393e+00 5.896470e-01
5.608439e+01 4.254577e+00 5.990738e-01
5.609439e+01 4.286552e+00 6.085529e-01
5.610439e+01 4.389884e+00 6.180843e-01
5.611439e+01 4.422665e+00 6.276678e-01
5.612439e+01 4.457145e+00 6.373032e-01
5.613439e+01 4.486933e+00 6.469903e-01
5.614439e+01 4.566633e+00 6.567289e-01
5.615438e+01 4.646522e+00 6.665190e-01
5.616438e+01 4.594822e+00 6.763603e-01
5.617438e+01 4.688280e+00 6.862525e-01
5.618438e+01 4.646652e+00 6.961957e-01
5.619438e+01 4.702416e+00 7.061894e-01
5.620438e+01 4.728852e+00 7.162336e-01
5.621438e+01 4.746205e+00 7.263281e-01
5.622438e+01 4.784918e+00 7.364725e-01
5.623438e+01 4.890849e+00 7.466668e-01
5.624438e+01 4.857483e+00 7.569107e-01
5.625437e+01 4.832239e+00 7.672039e-01
5.626437e+01 4.837838e+00 7.775463e-01
5.627437e+01 4.783836e+00 7.879376e-01
5.628437e+01 4.792806e+00 7.983776e-01
5.629437e+01 4.775034e+00 8.088660e-01
5.630437e+01 4.752215e+00 8.194026e-01
5.631437e+01 4.732939e+00 8.299871e-01
5.632437e+01 4.762965e+00 8.406193e-01
5.633437e+01 4.648640e+00 8.512989e-01
5.634437e+01 4.681951e+00 8.620257e-01
5.635436e+01 4.718939e+00 8.727993e-01
5.636436e+01 4.641022e+00 8.836195e-01
5.637436e+01 4.608466e+00 8.944860e-01
5.638436e+01 4.514675e+00 9.053985e-01
5.639436e+01 4.492351e+00 9.163567e-01
5.640436e+01 4.418525e+00 9.273603e-01
5.641436e+01 4.454348e+00 9.384091e-01
5.642436e+01 4.354412e+00 9.495026e-01
5.643436e+01 4.300565e+00 9.606406e-01
5.644436e+01 4.264823e+00 9.718228e-01
5.645435e+01 4.271154e+00 9.830488e-01
5.646435e+01 4.088039e+00 9.943182e-01
5.647435e+01 4.097390e+00 1.005631e+00
5.648435e+01 4.060601e+00 1.016986e+00
5.649435e+01 4.019918e+00 1.028384e+00
5.650435e+01 3.951603e+00 1.039824e+00
5.651435e+01 3.909236e+00 1.051306e+00
5.652435e+01 3.772244e+00 1.062829e+00
5.653435e+01 3.734490e+00 1.074393e+00
5.654435e+01 3.601235e+00 1.085997e+00
5.655434e+01 3.722331e+00 1.097642e+00
5.656434e+01 3.614098e+00 1.109326e+00
5.657434e+01 3.535173e+00 1.121050e+00
5.658434e+01 3.540937e+00 1.132813e+00
5.659434e+01 3.479014e+00 1.144615e+00
5.660434e+01 3.377310e+00 1.156454e+00
5.661434e+01 3.446108e+00 1.168332e+00
5.662434e+01 3.293369e+00 1.180246e+00
5.663434e+01 3.232622e+00 1.192198e+00
5.664434e+01 3.259585e+00 1.204186e+00
5.665433e+01 3.211940e+00 1.216210e+00
5.666433e+01 3.121869e+00 1.228269e+00
5.667433e+01 3.272967e+00 1.240363e+00
5.668433e+01 3.145916e+00 1.252492e+00
5.669433e+01 3.144979e+00 1.264656e+00
5.670433e+01 3.061411e+00 1.276852e+00
5.671433e+01 3.105458e+00 1.289082e+00
5.672433e+01 3.175904e+00 1.301345e+00
5.673433e+01 3.049143e+00 1.313639e+00
5.674433e+01 2.977459e+00 1.325965e+00
5.675432e+01 3.206479e+00 1.338323e+00
5.676432e+01 3.157184e+00 1.350710e+00
5.677432e+01 3.154781e+00 1.363128e+00
5.678432e+01 3.197587e+00 1.375576e+00
5.679432e+01 3.201699e+00 1.388052e+00
5.680432e+01 3.138522e+00 1.400557e+00
5.681432e+01 3.257034e+00 1.413090e+00
5.682432e+01 3.226900e+00 1.425650e+00
5.683432e+01 3.223074e+00 1.438237e+00
5.684432e+01 3.302594e+00 1.450851e+00
5.685431e+01 3.410133e+00 1.463489e+00
5.686431e+01 3.359702e+00 1.476153e+00
5.687431e+01 3.552321e+00 1.488842e+00
5.688431e+01 3.459052e+00 1.501554e+00
5.689431e+01 3.597332e+00 1.514290e+00
5.690431e+01 3.657307e+00 1.527048e+00
5.691431e+01 3.679163e+00 1.539829e+00
5.692431e+01 3.796420e+00 1.552631e+00
5.693431e+01 3.822616e+00 1.565454e+00
5.694431e+01 3.830803e+00 1.578297e+00
5.695430e+01 3.996976e+00 1.591160e+00
5.696430e+01 4.038539e+00 1.604042e+00
5.697430e+01 3.970499e+00 1.616942e+00
5.698430e+01 4.121486e+00 1.629860e+00
5.699430e+01 4.212385e+00 1.642795e+00
5.700430e+01 4.303022e+00 1.655747e+00
5.701430e+01 4.332851e+00 1.668715e+00
5.702430e+01 4.474887e+00 1.681697e+00
5.703430e+01 4.457681e+00 1.694694e+00
5.704430e+01 4.565357e+00 1.707705e+00
5.705429e+01 4.598789e+00 1.720730e+00
5.706429e+01 4.624813e+00 1.733767e+00
5.707429e+01 4.702130e+00 1.746815e+00
5.708429e+01 4.845353e+00 1.759875e+00
5.709429e+01 4.932909e+00 1.772945e+00
5.710429e+01 4.923530e+00 1.786026e+00
5.711429e+01 4.964029e+00 1.799115e+00
5.712429e+01 5.028698e+00 1.812213e+00
5.713429e+01 5.008676e+00 1.825318e+00
5.714429e+01 5.146407e+00 1.838431e+00
5.715428e+01 5.168865e+00 1.851550e+00
5.716428e+01 5.272739e+00 1.864675e+00
5.717428e+01 5.273173e+00 1.877805e+00
5.718428e+01 5.270481e+00 1.890939e+00
5.719428e+01 5.336030e+00 1.904077e+00
5.720428e+01 5.282271e+00 1.917218e+00
5.721428e+01 5.379234e+00 1.930360e+00
5.722428e+01 5.451954e+00 1.943505e+00
5.723428e+01 5.466698e+00 1.956650e+00
5.724428e+01 5.347406e+00 1.969796e+00
5.725427e+01 5.410260e+00 1.982940e+00
5.726427e+01 5.375529e+00 1.996084e+00
5.727427e+01 5.400990e+00 2.009225e+00
5.728427e+01 5.370420e+00 2.022364e+00
5.729427e+01 5.338150e+00 2.035500e+00
5.730427e+01 5.285082e+00 2.048631e+00
5.731427e+01 5.362584e+00 2.061758e+00
5.732427e+01 5.394064e+00 2.074879e+00
5.733427e+01 5.232696e+00 2.087994e+00
5.734427e+01 5.279239e+00 2.101102e+00
5.735426e+01 5.381294e+00 2.114202e+00
5.736426e+01 5.174429e+00 2.127294e+00
5.737426e+01 5.140400e+00 2.140377e+00
5.738426e+01 5.165066e+00 2.153451e+00
5.739426e+01 5.152979e+00 2.166514e+00
5.740426e+01 4.995239e+00 2.179566e+00
5.741426e+01 5.093498e+00 2.192606e+00
5.742426e+01 5.024525e+00 2.205634e+00
5.743426e+01 4.854781e+00 2.218649e+00
5.744426e+01 4.840242e+00 2.231650e+00
5.745425e+01 4.808751e+00 2.244637e+00
5.746425e+01 4.770514e+00 2.257608e+00
5.747425e+01 4.696499e+00 2.270564e+00
5.748425e+01 4.591825e+00 2.283503e+00
5.749425e+01 4.594846e+00 2.296425e+00
5.750425e+01 4.433925e+00 2.309330e+00
5.751425e+01 4.373692e+00 2.322216e+00
5.752425e+01 4.418071e+00 2.335083e+00
5.753425e+01 4.379857e+00 2.347930e+00
5.754425e+01 4.268221e+00 2.360757e+00
5.755424e+01 4.270872e+00 2.373563e+00
5.756424e+01 4.124567e+00 2.386347e+00
5.757424e+01 4.205615e+00 2.399109e+00
5.758424e+01 4.071908e+00 2.411848e+00
5.759424e+01 4.038511e+00 2.424563e+00
5.760424e+01 3.988599e+00 2.437255e+00
5.761424e+01 3.950390e+00 2.449922e+00
5.762424e+01 3.971889e+00 2.462563e+00
5.763424e+01 3.979466e+00 2.475179e+00
5.764424e+01 3.894521e+00 2.487768e+00
5.765423e+01 3.928142e+00 2.500329e+00
5.766423e+01 3.771169e+00 2.512864e+00
5.767423e+01 3.758417e+00 2.525370e+00
5.768423e+01 3.742223e+00 2.537847e+00
5.769423e+01 3.689142e+00 2.550295e+00
5.770423e+01 3.659310e+00 2.562713e+00
5.771423e+01 3.731396e+00 2.575100e+00
5.772423e+01 3.705310e+00 2.587456e+00
5.773423e+01 3.675129e+00 2.599781e+00
5.774423e+01 3.677452e+00 2.612074e+00
5.775422e+01 3.714991e+00 2.624334e+00
5.776422e+01 3.724437e+00 2.636561e+00
5.777422e+01 3.597248e+00 2.648754e+00
5.778422e+01 3.784437e+00 2.660913e+00
5.779422e+01 3.685497e+00 2.673037e+00
5.780422e+01 3.828662e+00 2.685126e+00
5.781422e+01 3.781376e+00 2.697180e+00
5.782422e+01 3.779365e+00 2.709197e+00
5.783422e+01 3.843695e+00 2.721178e+00
5.784422e+01 3.935377e+00 2.733121e+00
5.785421e+01 3.926496e+00 2.745027e+00
5.786421e+01 4.039043e+00 2.756895e+00
5.787421e+01 4.016861e+00 2.768725e+00
5.788421e+01 4.102843e+00 2.780516e+00
5.789421e+01 4.118876e+00 2.792267e+00
5.790421e+01 4.199496e+00 2.803979e+00
5.791421e+01 4.227602e+00 2.815650e+00
5.792421e+01 4.370484e+00 2.827281e+00
5.793421e+01 4.425064e+00 2.838871e+00
5.794421e+01 4.490842e+00 2.850419e+00
5.795420e+01 4.591210e+00 2.861926e+00
5.796420e+01 4.522773e+00 2.873390e+00
5.797420e+01 4.688384e+00 2.884812e+00
5.798420e+01 4.664967e+00 2.896191e+00
5.799420e+01 4.765872e+00 2.907527e+00
5.800420e+01 4.896318e+00 2.918819e+00
5.801420e+01 4.920484e+00 2.930066e+00
5.802420e+01 5.001014e+00 2.941270e+00
5.803420e+01 5.003548e+00 2.952429e+00
5.804420e+01 5.229961e+00 2.963543e+00
5.805419e+01 5.160730e+00 2.974611e+00
5.806419e+01 5.227069e+00 2.985634e+00
5.807419e+01 5.261836e+00 2.996611e+00
5.808419e+01 5.394476e+00 3.007541e+00
5.809419e+01 5.465819e+00 3.018425e+00
5.810419e+01 5.433247e+00 3.029262e+00
5.811419e+01 5.544109e+00 3.040052e+00
5.812419e+01 5.633177e+00 3.050794e+00
5.813419e+01 5.578307e+00 3.061489e+00
5.814419e+01 5.638406e+00 3.072135e+00
5.815418e+01 5.704729e+00 3.082734e+00
5.816418e+01 5.725997e+00 3.093283e+00
5.817418e+01 5.818108e+00 3.103784e+00
5.818418e+01 5.854441e+00 3.114236e+00
5.819418e+01 5.852646e+00 3.124639e+00
5.820418e+01 5.961713e+00 3.134992e+00
5.821418e+01 5.925933e+00 3.145296e+00
5.822418e+01 5.904044e+00 3.155549e+00
5.823418e+01 5.897711e+00 3.165753e+00
5.824418e+01 5.939329e+00 3.175906e+00
5.825417e+01 5.985816e+00 3.186008e+00
5.826417e+01 5.922682e+00 3.196060e+00
5.827417e+01 5.902043e+00 3.206061e+00
5.828417e+01 5.961043e+00 3.216011e+00
5.829417e+01 5.946722e+00 3.225910e+00
5.830417e+01 5.865191e+00 3.235757e+00
5.831417e+01 6.031402e+00 3.245552e+00
5.832417e+01 5.900638e+00 3.255296e+00
5.833417e+01 5.834734e+00 3.264987e+00
5.834417e+01 5.760092e+00 3.274627e+00
5.835416e+01 5.899262e+00 3.284214e+00
5.836416e+01 5.713338e+00 3.293749e+00
5.837416e+01 5.771125e+00 3.303232e+00
5.838416e+01 5.618441e+00 3.312662e+00
5.839416e+01 5.601333e+00 3.322039e+00
5.840416e+01 5.650035e+00 3.331363e+00
5.841416e+01 5.563080e+00 3.340634e+00
5.842416e+01 5.459543e+00 3.349852e+00
5.843416e+01 5.541356e+00 3.359017e+00
5.844416e+01 5.410789e+00 3.368129e+00
5.845415e+01 5.340676e+00 3.377187e+00
5.846415e+01 5.405690e+00 3.386192e+00
5.847415e+01 5.299414e+00 3.395143e+00
5.848415e+01 5.226792e+00 3.404041e+00
5.849415e+01 4.985005e+00 3.412884e+00
5.850415e+01 5.103359e+00 3.421674e+00
5.851415e+01 4.973139e+00 3.430411e+00
5.852415e+01 4.888644e+00 3.439093e+00
5.853415e+01 4.918175e+00 3.447721e+00
5.854415e+01 4.862650e+00 3.456295e+00
5.855414e+01 4.796421e+00 3.464815e+00
5.856414e+01 4.751416e+00 3.473282e+00
5.857414e+01 4.621452e+00 3.481693e+00
5.858414e+01 4.645721e+00 3.490051e+00
5.859414e+01 4.517605e+00 3.498355e+00
5.860414e+01 4.521924e+00 3.506604e+00
5.861414e+01 4.628791e+00 3.514799e+00
5.862414e+01 4.435005e+00 3.522939e+00
5.863414e+01 4.484616e+00 3.531026e+00
5.864414e+01 4.398426e+00 3.539058e+00
5.865413e+01 4.272011e+00 3.547035e+00
5.866413e+01 4.326060e+00 3.554959e+00
5.867413e+01 4.317256e+00 3.562828e+00
5.868413e+01 4.221678e+00 3.570642e+00
5.869413e+01 4.156889e+00 3.578403e+00
5.870413e+01 4.169700e+00 3.586109e+00
5.871413e+01 4.234621e+00 3.593760e+00
5.872413e+01 4.283259e+00 3.601358e+00
5.873413e+01 4.245052e+00 3.608901e+00
5.874413e+01 4.221673e+00 3.616390e+00
5.875412e+01 4.247349e+00 3.623824e+00
5.876412e+01 4.227078e+00 3.631205e+00
5.877412e+01 4.132002e+00 3.638531e+00
5.878412e+01 4.248876e+00 3.645803e+00
5.879412e+01 4.266992e+00 3.653021e+00
5.880412e+01 4.332719e+00 3.660185e+00
5.881412e+01 4.394837e+00 3.667295e+00
5.882412e+01 4.326737e+00 3.674351e+00
5.883412e+01 4.360934e+00 3.681353e+00
5.884412e+01 4.478753e+00 3.688301e+00
5.885411e+01 4.480282e+00 3.695195e+00
5.886411e+01 4.601439e+00 3.702036e+00
5.887411e+01 4.642300e+00 3.708823e+00
5.888411e+01 4.616186e+00 3.715556e+00
5.889411e+01 4.687265e+00 3.722236e+00
5.890411e+01 4.758928e+00 3.728862e+00
5.891411e+01 4.877114e+00 3.735435e+00
5.892411e+01 4.822740e+00 3.741955e+00
5.893411e+01 4.947883e+00 3.748421e+00
5.894411e+01 4.905858e+00 3.754834e+00
5.895410e+01 4.995300e+00 3.761194e+00
5.896410e+01 5.081236e+00 3.767501e+00
5.897410e+01 5.164303e+00 3.773755e+00
5.898410e+01 5.318335e+00 3.779956e+00
5.899410e+01 5.304244e+00 3.786104e+00
5.900410e+01 5.339489e+00 3.792199e+00
5.901410e+01 5.484027e+00 3.798242e+00
5.902410e+01 5.544335e+00 3.804233e+00
5.903410e+01 5.617542e+00 3.810171e+00
5.904410e+01 5.738971e+00 3.816057e+00
5.905409e+01 5.771713e+00 3.821890e+00
5.906409e+01 5.745654e+00 3.827672e+00
5.907409e+01 5.829948e+00 3.833401e+00
5.908409e+01 5.936055e+00 3.839079e+00
5.909409e+01 5.939924e+00 3.844705e+00
5.910409e+01 5.949031e+00 3.850279e+00
5.911409e+01 6.064243e+00 3.855802e+00
5.912409e+01 6.140665e+00 3.861273e+00
5.913409e+01 6.197103e+00 3.866693e+00
5.914409e+01 6.234246e+00 3.872062e+00
5.915408e+01 6.235313e+00 3.877379e+00
5.916408e+01 6.312206e+00 3.882646e+00
5.917408e+01 6.305112e+00 3.887862e+00
5.918408e+01 6.422803e+00 3.893027e+00
5.919408e+01 6.353295e+00 3.898141e+00
5.920408e+01 6.324683e+00 3.903205e+00
5.921408e+01 6.437168e+00 3.908219e+00
5.922408e+01 6.417534e+00 3.913182e+00
5.923408e+01 6.542741e+00 3.918095e+00
5.924408e+01 6.443408e+00 3.922959e+00
5.925407e+01 6.431944e+00 3.927772e+00
5.926407e+01 6.487587e+00 3.932536e+00
5.927407e+01 6.423511e+00 3.937251e+00
5.928407e+01 6.582367e+00 3.941916e+00
5.929407e+01 6.460268e+00 3.946531e+00
5.930407e+01 6.434688e+00 3.951098e+00
5.931407e+01 6.452167e+00 3.955615e+00
5.932407e+01 6.381910e+00 3.960084e+00
5.933407e+01 6.373890e+00 3.964504e+00
5.934407e+01 6.404989e+00 3.968875e+00
5.935406e+01 6.360926e+00 3.973198e+00
5.936406e+01 6.322001e+00 3.977473e+00
5.937406e+01 6.262779e+00 3.981699e+00
5.938406e+01 6.234727e+00 3.985878e+00
5.939406e+01 6.179414e+00 3.990008e+00
5.940406e+01 6.129433e+00 3.994092e+00
5.941406e+01 5.971546e+00 3.998127e+00
5.942406e+01 6.080228e+00 4.002115e+00
5.943406e+01 5.956218e+00 4.006056e+00
5.944406e+01 5.952428e+00 4.009950e+00
5.945405e+01 5.871837e+00 4.013797e+00
5.946405e+01 5.811373e+00 4.017597e+00
5.947405e+01 5.770838e+00 4.021350e+00
5.948405e+01 5.634935e+00 4.025057e+00
5.949405e+01 5.678633e+00 4.028718e+00
5.950405e+01 5.648609e+00 4.032333e+00
5.951405e+01 5.495504e+00 4.035901e+00
5.952405e+01 5.491106e+00 4.039424e+00
5.953405e+01 5.380677e+00 4.042901e+00
5.954405e+01 5.422422e+00 4.046333e+00
5.955404e+01 5.324958e+00 4.049719e+00
5.956404e+01 5.286290e+00 4.053060e+00
5.957404e+01 5.125537e+00 4.056356e+00
5.958404e+01 5.200375e+00 4.059608e+00
5.959404e+01 5.055466e+00 4.062814e+00
5.960404e+01 4.983781e+00 4.065976e+00
5.961404e+01 4.977160e+00 4.069094e+00
5.962404e+01 5.064417e+00 4.072168e+00
5.963404e+01 4.945728e+00 4.075197e+00
5.964404e+01 4.935388e+00 4.078183e+00
5.965403e+01 4.885365e+00 4.081125e+00
5.966403e+01 4.773714e+00 4.084023e+00
5.967403e+01 4.857326e+00 4.086878e+00
5.968403e+01 4.786434e+00 4.089690e+00
5.969403e+01 4.778498e+00 4.092459e+00
5.970403e+01 4.718515e+00 4.095185e+00
5.971403e+01 4.747985e+00 4.097868e+00
5.972403e+01 4.814049e+00 4.100509e+00
5.973403e+01 4.732713e+00 4.103108e+00
5.974403e+01 4.803535e+00 4.105664e+00
5.975402e+01 4.758275e+00 4.108179e+00
5.976402e+01 4.758909e+00 4.110651e+00
5.977402e+01 4.753479e+00 4.113082e+00
5.978402e+01 4.798418e+00 4.115472e+00
5.979402e+01 4.798768e+00 4.117820e+00
5.980402e+01 4.837431e+00 4.120127e+00
5.981402e+01 4.848485e+00 4.122394e+00
5.982402e+01 4.969067e+00 4.124619e+00
5.983402e+01 4.847484e+00 4.126804e+00
5.984402e+01 4.929866e+00 4.128949e+00
5.985401e+01 4.994038e+00 4.131053e+00
5.986401e+01 5.077297e+00 4.133117e+00
5.987401e+01 5.029393e+00 4.135141e+00
5.988401e+01 5.236540e+00 4.137126e+00
5.989401e+01 5.250787e+00 4.139071e+00
5.990401e+01 5.291441e+00 4.140977e+00
5.991401e+01 5.294344e+00 4.142844e+00
5.992401e+01 5.389110e+00 4.144671e+00
5.993401e+01 5.477250e+00 4.146460e+00
5.994401e+01 5.481001e+00 4.148210e+00
5.995400e+01 5.589399e+00 4.149922e+00
5.996400e+01 5.655405e+00 4.151595e+00
5.997400e+01 5.711781e+00 4.153231e+00
5.998400e+01 5.812818e+00 4.154828e+00
5.999400e+01 5.846847e+00 4.156388e+00
6.000400e+01 5.906635e+00 4.157911e+00
6.001400e+01 5.983761e+00 4.159395e+00
6.002400e+01 6.061514e+00 4.160843e+00
6.003400e+01 6.089117e+00 4.162254e+00
6.004400e+01 6.125424e+00 4.163628e+00
6.005399e+01 6.319799e+00 4.164965e+00
6.006399e+01 6.252901e+00 4.166266e+00
6.007399e+01 6.356716e+00 4.167531e+00
6.008399e+01 6.390948e+00 4.168759e+00
6.009399e+01 6.441467e+00 4.169952e+00
6.010399e+01 6.514840e+00 4.171109e+00
6.011399e+01 6.509347e+00 4.172230e+00
6.012399e+01 6.579776e+00 4.173316e+00
6.013399e+01 6.619761e+00 4.174367e+00
6.014399e+01 6.768278e+00 4.175383e+00
6.015398e+01 6.810646e+00 4.176364e+00
6.016398e+01 6.794336e+00 4.177311e+00
6.017398e+01 6.764619e+00 4.178223e+00
6.018398e+01 6.891687e+00 4.179101e+00
6.019398e+01 6.932917e+00 4.179944e+00
6.020398e+01 6.871529e+00 4.180754e+00
6.021398e+01 6.961840e+00 4.181531e+00
6.022398e+01 7.018673e+00 4.182274e+00
6.023398e+01 6.928895e+00 4.182983e+00
6.024398e+01 7.007998e+00 4.183660e+00
6.025397e+01 6.999053e+00 4.184303e+00
6.026397e+01 6.952685e+00 4.184914e+00
6.027397e+01 6.962678e+00 4.185492e+00
6.028397e+01 7.010231e+00 4.186038e+00
6.029397e+01 6.950398e+00 4.186551e+00
6.030397e+01 6.948997e+00 4.187033e+00
6.031397e+01 6.948083e+00 4.187483e+00
6.032397e+01 7.025384e+00 4.187901e+00
6.033397e+01 6.892480e+00 4.188288e+00
6.034397e+01 6.864581e+00 4.188644e+00
6.035396e+01 6.849568e+00 4.188968e+00
6.036396e+01 6.792214e+00 4.189262e+00
6.037396e+01 6.774543e+00 4.189525e+00
6.038396e+01 6.846377e+00 4.189758e+00
6.039396e+01 6.649627e+00 4.189960e+00
6.040396e+01 6.582329e+00 4.190132e+00
6.041396e+01 6.622479e+00 4.190275e+00
6.042396e+01 6.537538e+00 4.190387e+00
6.043396e+01 6.518990e+00 4.190470e+00
6.044396e+01 6.487522e+00 4.190524e+00
6.045395e+01 6.328849e+00 4.190549e+00
6.046395e+01 6.315613e+00 4.190545e+00
6.047395e+01 6.296936e+00 4.190511e+00
6.048395e+01 6.209436e+00 4.190450e+00
6.049395e+01 6.182622e+00 4.190360e+00
6.050395e+01 6.075063e+00 4.190242e+00
6.051395e+01 6.054096e+00 4.190095e+00
6.052395e+01 6.059350e+00 4.189921e+00
6.053395e+01 6.003635e+00 4.189720e+00
6.054395e+01 5.814195e+00 4.189491e+00
6.055394e+01 5.850872e+00 4.189235e+00
6.056394e+01 5.670881e+00 4.188951e+00
6.057394e+01 5.706214e+00 4.188641e+00
6.058394e+01 5.704351e+00 4.188305e+00
6.059394e+01 5.691200e+00 4.187941e+00
6.060394e+01 5.521524e+00 4.187552e+00
6.061394e+01 5.433552e+00 4.187137e+00
6.062394e+01 5.491169e+00 4.186695e+00
6.063394e+01 5.465721e+00 4.186228e+00
6.064394e+01 5.479910e+00 4.185736e+00
6.065393e+01 5.356305e+00 4.185218e+00
6.066393e+01 5.472867e+00 4.184675e+00
6.067393e+01 5.296322e+00 4.184107e+00
6.068393e+01 5.364514e+00 4.183515e+00
6.069393e+01 5.293105e+00 4.182898e+00
6.070393e+01 5.319610e+00 4.182257e+00
6.071393e+01 5.230214e+00 4.181591e+00
6.072393e+01 5.242731e+00 4.180902e+00
6.073393e+01 5.218636e+00 4.180189e+00
6.074393e+01 5.136991e+00 4.179452e+00
6.075392e+01 5.407305e+00 4.178692e+00
6.076392e+01 5.309254e+00 4.177909e+00
6.077392e+01 5.234695e+00 4.177103e+00
6.078392e+01 5.363122e+00 4.176275e+00
6.079392e+01 5.356757e+00 4.175423e+00
6.080392e+01 5.307574e+00 4.174550e+00
6.081392e+01 5.473705e+00 4.173654e+00
6.082392e+01 5.345664e+00 4.172736e+00
6.083392e+01 5.419649e+00 4.171797e+00
6.084392e+01 5.524188e+00 4.170836e+00
6.085391e+01 5.530617e+00 4.169853e+00
6.086391e+01 5.588357e+00 4.168850e+00
6.087391e+01 5.607900e+00 4.167825e+00
6.088391e+01 5.652781e+00 4.166780e+00
6.089391e+01 5.748970e+00 4.165714e+00
6.090391e+01 5.831755e+00 4.164627e+00
6.091391e+01 5.764626e+00 4.163521e+00
6.092391e+01 5.847955e+00 4.162394e+00
6.093391e+01 5.937070e+00 4.161248e+00
6.094391e+01 6.001509e+00 4.160082e+00
6.095390e+01 6.139778e+00 4.158896e+00
6.096390e+01 6.122130e+00 4.157692e+00
6.097390e+01 6.194761e+00 4.156468e+00
6.098390e+01 6.336683e+00 4.155226e+00
6.099390e+01 6.321199e+00 4.153965e+00
6.100390e+01 6.432566e+00 4.152685e+00
6.101390e+01 6.424554e+00 4.151388e+00
6.102390e+01 6.589679e+00 4.150072e+00
6.103390e+01 6.558879e+00 4.148738e+00
6.104390e+01 6.680531e+00 4.147387e+00
6.105389e+01 6.791949e+00 4.146018e+00
6.106389e+01 6.750016e+00 4.144633e+00
6.107389e+01 6.892080e+00 4.143230e+00
6.108389e+01 6.917386e+00 4.141810e+00
6.109389e+01 7.001867e+00 4.140373e+00
6.110389e+01 6.990249e+00 4.138921e+00
6.111389e+01 7.094330e+00 4.137451e+00
6.112389e+01 7.137015e+00 4.135966e+00
6.113389e+01 7.216619e+00 4.134465e+00
6.114389e+01 7.244840e+00 4.132948e+00
6.115388e+01 7.266511e+00 4.131416e+00
6.116388e+01 7.312290e+00 4.129869e+00
6.117388e+01 7.292044e+00 4.128306e+00
6.118388e+01 7.360256e+00 4.126729e+00
6.119388e+01 7.451881e+00 4.125136e+00
6.120388e+01 7.460050e+00 4.123530e+00
6.121388e+01 7.527392e+00 4.121909e+00
6.122388e+01 7.460985e+00 4.120274e+00
6.123388e+01 7.518419e+00 4.118625e+00
6.124388e+01 7.482171e+00 4.116962e+00
6.125387e+01 7.544633e+00 4.115286e+00
6.126387e+01 7.530802e+00 4.113596e+00
6.127387e+01 7.407660e+00 4.111893e+00
6.128387e+01 7.483301e+00 4.110177e+00
6.129387e+01 7.507668e+00 4.108449e+00
6.130387e+01 7.379316e+00 4.106708e+00
6.131387e+01 7.500992e+00 4.104954e+00
6.132387e+01 7.366532e+00 4.103189e+00
6.133387e+01 7.306944e+00 4.101411e+00
6.134387e+01 7.431092e+00 4.099622e+00
6.135386e+01 7.278180e+00 4.097821e+00
6.136386e+01 7.312231e+00 4.096008e+00
6.137386e+01 7.243061e+00 4.094185e+00
6.138386e+01 7.199052e+00 4.092350e+00
6.139386e+01 7.158126e+00 4.090504e+00
6.140386e+01 7.112002e+00 4.088648e+00
6.141386e+01 7.142322e+00 4.086782e+00
6.142386e+01 7.005179e+00 4.084905e+00
6.143386e+01 6.933846e+00 4.083018e+00
6.144386e+01 6.924376e+00 4.081121e+00
6.145385e+01 6.836578e+00 4.079214e+00
6.146385e+01 6.802901e+00 4.077298e+00
6.147385e+01 6.775983e+00 4.075372e+00
6.148385e+01 6.716380e+00 4.073437e+00
6.149385e+01 6.579194e+00 4.071494e+00
6.150385e+01 6.567984e+00 4.069541e+00
6.151385e+01 6.510683e+00 4.067580e+00
6.152385e+01 6.369285e+00 4.065611e+00
6.153385e+01 6.492931e+00 4.063633e+00
6.154385e+01 6.375540e+00 4.061647e+00
6.155384e+01 6.346180e+00 4.059653e+00
6.156384e+01 6.320026e+00 4.057652e+00
6.157384e+01 6.141551e+00 4.055643e+00
6.158384e+01 6.128327e+00 4.053627e+00
6.159384e+01 6.118151e+00 4.051604e+00
6.160384e+01 5.994964e+00 4.049573e+00
6.161384e+01 5.971168e+00 4.047536e+00
6.162384e+01 5.984957e+00 4.045492e+00
6.163384e+01 5.908787e+00 4.043442e+00
6.164384e+01 5.895174e+00 4.041386e+00
6.165383e+01 5.837938e+00 4.039323e+00
6.166383e+01 5.894865e+00 4.037255e+00
6.167383e+01 5.718831e+00 4.035180e+00
6.168383e+01 5.833791e+00 4.033101e+00
6.169383e+01 5.810878e+00 4.031016e+00
6.170383e+01 5.819185e+00 4.028925e+00
6.171383e+01 5.715680e+00 4.026830e+00
6.172383e+01 5.699047e+00 4.024730e+00
6.173383e+01 5.747616e+00 4.022625e+00
6.174383e+01 5.718324e+00 4.020515e+00
6.175382e+01 5.700182e+00 4.018401e+00
6.176382e+01 5.699178e+00 4.016283e+00
6.177382e+01 5.721875e+00 4.014161e+00
6.178382e+01 5.784054e+00 4.012035e+00
6.179382e+01 5.752907e+00 4.009906e+00
6.180382e+01 5.875671e+00 4.007772e+00
6.181382e+01 5.802028e+00 4.005636e+00
6.182382e+01 5.941840e+00 4.003496e+00
6.183382e+01 5.842190e+00 4.001354e+00
6.184382e+01 5.888194e+00 3.999208e+00
6.185381e+01 5.944240e+00 3.997060e+00
6.186381e+01 6.037659e+00 3.994909e+00
6.187381e+01 6.009244e+00 3.992755e+00
6.188381e+01 6.152255e+00 3.990600e+00
6.189381e+01 6.130849e+00 3.988442e+00
6.190381e+01 6.269908e+00 3.986283e+00
6.191381e+01 6.260639e+00 3.984122e+00
6.192381e+01 6.369444e+00 3.981959e+00
6.193381e+01 6.407441e+00 3.979795e+00
6.194381e+01 6.474503e+00 3.977629e+00
6.195380e+01 6.468204e+00 3.975462e+00
6.196380e+01 6.549537e+00 3.973294e+00
6.197380e+01 6.670501e+00 3.971126e+00
6.198380e+01 6.766813e+00 3.968957e+00
6.199380e+01 6.847994e+00 3.966787e+00
6.200380e+01 6.947730e+00 3.964617e+00
6.201380e+01 6.940997e+00 3.962446e+00
6.202380e+01 6.961681e+00 3.960276e+00
6.203380e+01 7.095309e+00 3.958105e+00
6.204380e+01 7.118912e+00 3.955935e+00
6.205379e+01 7.218010e+00 3.953765e+00
6.206379e+01 7.231613e+00 3.951596e+00
6.207379e+01 7.299101e+00 3.949427e+00
6.208379e+01 7.426791e+00 3.947259e+00
6.209379e+01 7.420251e+00 3.945091e+00
6.210379e+01 7.476447e+00 3.942925e+00
6.211379e+01 7.567964e+00 3.940760e+00
6.212379e+01 7.663593e+00 3.938597e+00
6.213379e+01 7.577570e+00 3.936435e+00
6.214379e+01 7.686474e+00 3.934274e+00
6.215378e+01 7.850102e+00 3.932115e+00
6.216378e+01 7.803530e+00 3.929958e+00
6.217378e+01 7.881441e+00 3.927803e+00
6.218378e+01 7.915953e+00 3.925650e+00
6.219378e+01 7.853156e+00 3.923500e+00
6.220378e+01 7.889065e+00 3.921352e+00
6.221378e+01 7.949653e+00 3.919206e+00
6.222378e+01 7.889819e+00 3.917063e+00
6.223378e+01 7.965547e+00 3.914922e+00
6.224378e+01 7.975092e+00 3.912785e+00
6.225377e+01 7.954623e+00 3.910651e+00
6.226377e+01 7.875596e+00 3.908520e+00
6.227377e+01 7.984389e+00 3.906392e+00
6.228377e+01 7.983506e+00 3.904267e+00
6.229377e+01 7.908633e+00 3.902146e+00
6.230377e+01 7.957648e+00 3.900029e+00
6.231377e+01 7.936223e+00 3.897915e+00
6.232377e+01 7.897946e+00 3.895805e+00
6.233377e+01 7.905551e+00 3.893700e+00
6.234377e+01 7.800693e+00 3.891598e+00
6.235376e+01 7.699703e+00 3.889501e+00
6.236376e+01 7.816682e+00 3.887408e+00
6.237376e+01 7.811580e+00 3.885319e+00
6.238376e+01 7.751979e+00 3.883235e+00
6.239376e+01 7.640744e+00 3.881156e+00
6.240376e+01 7.544970e+00 3.879082e+00
6.241376e+01 7.518581e+00 3.877012e+00
6.242376e+01 7.551275e+00 3.874948e+00
6.243376e+01 7.578790e+00 3.872888e+00
6.244376e+01 7.401715e+00 3.870834e+00
6.245375e+01 7.359135e+00 3.868786e+00
6.246375e+01 7.259747e+00 3.866742e+00
6.247375e+01 7.174686e+00 3.864705e+00
6.248375e+01 7.199867e+00 3.862673e+00
6.249375e+01 7.109054e+00 3.860647e+00
6.250375e+01 7.009786e+00 3.858626e+00
6.251375e+01 6.973049e+00 3.856612e+00
6.252375e+01 6.923569e+00 3.854604e+00
6.253375e+01 6.829039e+00 3.852602e+00
6.254375e+01 6.783826e+00 3.850606e+00
6.255374e+01 6.831123e+00 3.848617e+00
6.256374e+01 6.774442e+00 3.846634e+00
6.257374e+01 6.705375e+00 3.844658e+00
6.258374e+01 6.619774e+00 3.842689e+00
6.259374e+01 6.466353e+00 3.840726e+00
6.260374e+01 6.466879e+00 3.838771e+00
6.261374e+01 6.426773e+00 3.836822e+00
6.262374e+01 6.468102e+00 3.834881e+00
6.263374e+01 6.367589e+00 3.832946e+00
6.264374e+01 6.425435e+00 3.831019e+00
6.265373e+01 6.221603e+00 3.829100e+00
6.266373e+01 6.247225e+00 3.827188e+00
6.267373e+01 6.242636e+00 3.825283e+00
6.268373e+01 6.214439e+00 3.823386e+00
6.269373e+01 6.207726e+00 3.821497e+00
6.270373e+01 6.209873e+00 3.819616e+00
6.271373e+01 6.154651e+00 3.817743e+00
6.272373e+01 6.275416e+00 3.815878e+00
6.273373e+01 6.226656e+00 3.814021e+00
6.274373e+01 6.175149e+00 3.812172e+00
6.275372e+01 6.037774e+00 3.810332e+00
6.276372e+01 6.200447e+00 3.808500e+00
6.277372e+01 6.097642e+00 3.806677e+00
6.278372e+01 6.166620e+00 3.804862e+00
6.279372e+01 6.215402e+00 3.803056e+00
6.280372e+01 6.148602e+00 3.801258e+00
6.281372e+01 6.316023e+00 3.799470e+00
6.282372e+01 6.350509e+00 3.797690e+00
6.283372e+01 6.365922e+00 3.795920e+00
6.284372e+01 6.364288e+00 3.794159e+00
6.285371e+01 6.419007e+00 3.792407e+00
6.286371e+01 6.489906e+00 3.790664e+00
6.287371e+01 6.534640e+00 3.788931e+00
6.288371e+01 6.653238e+00 3.787207e+00
6.289371e+01 6.641445e+00 3.785492e+00
6.290371e+01 6.689705e+00 3.783788e+00
6.291371e+01 6.759973e+00 3.782093e+00
6.292371e+01 6.728288e+00 3.780408e+00
6.293371e+01 6.869274e+00 3.778733e+00
6.294371e+01 6.893068e+00 3.777068e+00
6.295370e+01 7.071151e+00 3.775413e+00
6.296370e+01 6.984863e+00 3.773768e+00
6.297370e+01 7.143566e+00 3.772133e+00
6.298370e+01 7.174199e+00 3.770509e+00
6.299370e+01 7.241376e+00 3.768895e+00
6.300370e+01 7.305576e+00 3.767292e+00
6.301370e+01 7.412364e+00 3.765699e+00
6.302370e+01 7.417972e+00 3.764117e+00
6.303370e+01 7.409059e+00 3.762546e+00
6.304370e+01 7.611869e+00 3.760985e+00
6.305369e+01 7.651268e+00 3.759436e+00
6.306369e+01 7.706098e+00 3.757897e+00
6.307369e+01 7.780673e+00 3.756370e+00
6.308369e+01 7.854679e+00 3.754853e+00
6.309369e+01 7.818724e+00 3.753348e+00
6.310369e+01 7.977914e+00 3.751855e+00
6.311369e+01 8.019075e+00 3.750372e+00
6.312369e+01 8.078299e+00 3.748901e+00
6.313369e+01 8.048577e+00 3.747442e+00
6.314369e+01 8.191846e+00 3.745994e+00
6.315368e+01 8.137995e+00 3.744559e+00
6.316368e+01 8.181189e+00 3.743134e+00
6.317368e+01 8.245913e+00 3.741722e+00
6.318368e+01 8.359866e+00 3.740322e+00
6.319368e+01 8.421078e+00 3.738934e+00
6.320368e+01 8.256045e+00 3.737558e+00
6.321368e+01 8.377806e+00 3.736194e+00
6.322368e+01 8.394974e+00 3.734842e+00
6.323368e+01 8.326295e+00 3.733503e+00
6.324368e+01 8.388081e+00 3.732176e+00
6.325367e+01 8.390060e+00 3.730862e+00
6.326367e+01 8.404890e+00 3.729560e+00
6.327367e+01 8.411975e+00 3.728271e+00
6.328367e+01 8.362194e+00 3.726995e+00
6.329367e+01 8.398293e+00 3.725731e+00
6.330367e+01 8.417100e+00 3.724480e+00
6.331367e+01 8.363720e+00 3.723242e+00
6.332367e+01 8.337128e+00 3.722018e+00
6.333367e+01 8.324581e+00 3.720806e+00
6.334367e+01 8.225223e+00 3.719607e+00
6.335366e+01 8.208807e+00 3.718422e+00
6.336366e+01 8.230348e+00 3.717250e+00
6.337366e+01 8.087529e+00 3.716091e+00
6.338366e+01 8.089242e+00 3.714946e+00
6.339366e+01 7.979796e+00 3.713814e+00
6.340366e+01 8.093479e+00 3.712696e+00
6.341366e+01 7.956536e+00 3.711592e+00
6.342366e+01 7.861706e+00 3.710501e+00
6.343366e+01 7.829817e+00 3.709424e+00
6.344366e+01 7.767882e+00 3.708360e+00
6.345365e+01 7.878825e+00 3.707311e+00
6.346365e+01 7.667064e+00 3.706275e+00
6.347365e+01 7.590197e+00 3.705254e+00
6.348365e+01 7.627452e+00 3.704246e+00
6.349365e+01 7.611917e+00 3.703253e+00
6.350365e+01 7.481084e+00 3.702273e+00
6.351365e+01 7.413652e+00 3.701308e+00
6.352365e+01 7.350927e+00 3.700357e+00
6.353365e+01 7.312491e+00 3.699421e+00
6.354365e+01 7.262550e+00 3.698498e+00
6.355364e+01 7.145500e+00 3.697590e+00
6.356364e+01 7.101392e+00 3.696697e+00
6.357364e+01 7.064124e+00 3.695818e+00
6.358364e+01 6.946767e+00 3.694953e+00
6.359364e+01 6.921204e+00 3.694103e+00
6.360364e+01 6.993669e+00 3.693267e+00
6.361364e+01 6.835957e+00 3.692446e+00
6.362364e+01 6.792483e+00 3.691640e+00
6.363364e+01 6.813134e+00 3.690848e+00
6.364364e+01 6.751883e+00 3.690071e+00
6.365363e+01 6.817027e+00 3.689309e+00
6.366363e+01 6.762265e+00 3.688561e+00
6.367363e+01 6.605500e+00 3.687828e+00
6.368363e+01 6.623504e+00 3.687110e+00
6.369363e+01 6.669554e+00 3.686406e+00
6.370363e+01 6.657123e+00 3.685717e+00
6.371363e+01 6.655316e+00 3.685043e+00
6.372363e+01 6.547164e+00 3.684384e+00
6.373363e+01 6.610677e+00 3.683740e+00
6.374363e+01 6.648004e+00 3.683110e+00
6.375362e+01 6.568383e+00 3.682495e+00
6.376362e+01 6.580740e+00 3.681894e+00
6.377362e+01 6.502419e+00 3.681309e+00
6.378362e+01 6.752488e+00 3.680738e+00
6.379362e+01 6.747058e+00 3.680181e+00
6.380362e+01 6.715425e+00 3.679639e+00
6.381362e+01 6.756014e+00 3.679112e+00
6.382362e+01 6.737424e+00 3.678600e+00
6.383362e+01 6.759308e+00 3.678102e+00
6.384362e+01 6.810947e+00 3.677618e+00
6.385361e+01 6.859456e+00 3.677149e+00
6.386361e+01 6.808343e+00 3.676694e+00
6.387361e+01 6.981746e+00 3.676254e+00
6.388361e+01 7.022649e+00 3.675828e+00
6.389361e+01 7.149683e+00 3.675416e+00
6.390361e+01 7.112848e+00 3.675018e+00
6.391361e+01 7.182785e+00 3.674634e+00
6.392361e+01 7.176337e+00 3.674265e+00
6.393361e+01 7.243915e+00 3.673909e+00
6.394361e+01 7.328028e+00 3.673567e+00
6.395360e+01 7.454499e+00 3.673239e+00
6.396360e+01 7.516099e+00 3.672924e+00
6.397360e+01 7.544862e+00 3.672623e+00
6.398360e+01 7.577313e+00 3.672335e+00
6.399360e+01 7.720443e+00 3.672061e+00
6.400360e+01 7.713081e+00 3.671800e+00
6.401360e+01 7.826023e+00 3.671552e+00
6.402360e+01 7.846907e+00 3.671317e+00
6.403360e+01 7.880591e+00 3.671095e+00
6.404360e+01 8.017074e+00 3.670886e+00
6.405359e+01 8.068627e+00 3.670689e+00
6.406359e+01 8.070010e+00 3.670505e+00
6.407359e+01 8.176833e+00 3.670333e+00
6.408359e+01 8.214026e+00 3.670173e+00
6.409359e+01 8.236904e+00 3.670025e+00
6.410359e+01 8.350904e+00 3.669889e+00
6.411359e+01 8.391829e+00 3.669765e+00
6.412359e+01 8.339461e+00 3.669652e+00
6.413359e+01 8.541364e+00 3.669551e+00
6.414359e+01 8.517280e+00 3.669461e+00
6.415358e+01 8.655186e+00 3.669382e+00
6.416358e+01 8.679144e+00 3.669313e+00
6.417358e+01 8.689304e+00 3.669256e+00
6.418358e+01 8.702837e+00 3.669208e+00
6.419358e+01 8.705517e+00 3.669171e+00
6.420358e+01 8.780478e+00 3.669144e+00
6.421358e+01 8.680695e+00 3.669127e+00
6.422358e+01 8.810672e+00 3.669120e+00
6.423358e+01 8.832040e+00 3.669122e+00
6.424358e+01 8.832066e+00 3.669133e+00
6.425357e+01 8.779260e+00 3.669153e+00
6.426357e+01 8.806758e+00 3.669182e+00
6.427357e+01 8.808814e+00 3.669220e+00
6.428357e+01 8.646129e+00 3.669266e+00
6.429357e+01 8.701036e+00 3.669320e+00
6.430357e+01 8.785029e+00 3.669382e+00
6.431357e+01 8.656447e+00 3.669451e+00
6.432357e+01 8.689343e+00 3.669528e+00
6.433357e+01 8.728603e+00 3.669613e+00
6.434357e+01 8.647872e+00 3.669704e+00
6.435356e+01 8.728213e+00 3.669802e+00
6.436356e+01 8.586423e+00 3.669906e+00
6.437356e+01 8.611903e+00 3.670017e+00
6.438356e+01 8.550447e+00 3.670134e+00
6.439356e+01 8.475479e+00 3.670256e+00
6.440356e+01 8.428976e+00 3.670384e+00
6.441356e+01 8.367446e+00 3.670517e+00
6.442356e+01 8.298592e+00 3.670655e+00
6.443356e+01 8.266107e+00 3.670798e+00
6.444356e+01 8.260457e+00 3.670946e+00
6.445355e+01 8.200537e+00 3.671098e+00
6.446355e+01 8.091723e+00 3.671254e+00
6.447355e+01 8.022516e+00 3.671413e+00
6.448355e+01 8.000749e+00 3.671577e+00
6.449355e+01 7.987564e+00 3.671743e+00
6.450355e+01 7.934400e+00 3.671913e+00
6.451355e+01 7.768407e+00 3.672085e+00
6.452355e+01 7.802220e+00 3.672260e+00
6.453355e+01 7.735017e+00 3.672438e+00
6.454355e+01 7.663150e+00 3.672617e+00
6.455354e+01 7.534890e+00 3.672799e+00
6.456354e+01 7.476472e+00 3.672982e+00
6.457354e+01 7.485320e+00 3.673166e+00
6.458354e+01 7.380729e+00 3.673352e+00
6.459354e+01 7.437582e+00 3.673539e+00
6.460354e+01 7.301659e+00 3.673726e+00
6.461354e+01 7.317550e+00 3.673914e+00
6.462354e+01 7.239915e+00 3.674103e+00
6.463354e+01 7.105161e+00 3.674291e+00
6.464354e+01 7.079091e+00 3.674479e+00
6.465353e+01 7.114098e+00 3.674668e+00
6.466353e+01 7.063288e+00 3.674855e+00
6.467353e+01 7.114873e+00 3.675042e+00
6.468353e+01 7.005059e+00 3.675228e+00
6.469353e+01 7.077140e+00 3.675413e+00
6.470353e+01 6.965061e+00 3.675597e+00
6.471353e+01 6.988197e+00 3.675779e+00
6.472353e+01 7.011634e+00 3.675959e+00
6.473353e+01 7.045638e+00 3.676138e+00
6.474353e+01 7.010304e+00 3.676315e+00
6.475352e+01 6.971178e+00 3.676490e+00
6.476352e+01 7.104544e+00 3.676662e+00
6.477352e+01 6.944211e+00 3.676832e+00
6.478352e+01 7.020827e+00 3.677000e+00
6.479352e+01 7.013167e+00 3.677164e+00
6.480352e+01 7.117495e+00 3.677326e+00
6.481352e+01 7.024830e+00 3.677485e+00
6.482352e+01 7.088630e+00 3.677641e+00
6.483352e+01 7.070733e+00 3.677793e+00
6.484352e+01 7.181392e+00 3.677942e+00
6.485351e+01 7.148302e+00 3.678088e+00
6.486351e+01 7.331306e+00 3.678230e+00
6.487351e+01 7.304076e+00 3.678368e+00
6.488351e+01 7.213331e+00 3.678503e+00
6.489351e+01 7.398716e+00 3.678633e+00
6.490351e+01 7.403640e+00 3.678760e+00
6.491351e+01 7.528771e+00 3.678883e+00
6.492351e+01 7.670311e+00 3.679001e+00
6.493351e+01 7.702302e+00 3.679115e+00
6.494351e+01 7.805998e+00 3.679225e+00
6.495350e+01 7.788292e+00 3.679331e+00
6.496350e+01 7.808010e+00 3.679432e+00
6.497350e+01 7.769759e+00 3.679529e+00
6.498350e+01 7.950255e+00 3.679621e+00
6.499350e+01 8.065588e+00 3.679709e+00
6.500350e+01 8.058079e+00 3.679792e+00
6.501350e+01 8.258303e+00 3.679871e+00
6.502350e+01 8.296993e+00 3.679945e+00
6.503350e+01 8.330465e+00 3.680014e+00
6.504350e+01 8.310593e+00 3.680079e+00
6.505349e+01 8.363593e+00 3.680139e+00
6.506349e+01 8.473607e+00 3.680194e+00
6.507349e+01 8.622664e+00 3.680244e+00
6.508349e+01 8.626879e+00 3.680290e+00
6.509349e+01 8.678303e+00 3.680331e+00
6.510349e+01 8.744784e+00 3.680367e+00
6.511349e+01 8.806305e+00 3.680399e+00
6.512349e+01 8.781169e+00 3.680426e+00
6.513349e+01 8.831992e+00 3.680448e+00
6.514349e+01 8.826367e+00 3.680466e+00
6.515348e+01 8.965866e+00 3.680479e+00
6.516348e+01 8.990479e+00 3.680487e+00
6.517348e+01 9.069295e+00 3.680491e+00
6.518348e+01 9.152927e+00 3.680490e+00
6.519348e+01 9.162479e+00 3.680485e+00
6.520348e+01 9.117766e+00 3.680475e+00
6.521348e+01 9.061237e+00 3.680461e+00
6.522348e+01 9.157529e+00 3.680442e+00
6.523348e+01 9.192206e+00 3.680419e+00
6.524348e+01 9.083425e+00 3.680392e+00
6.525347e+01 9.096416e+00 3.680361e+00
6.526347e+01 9.204962e+00 3.680325e+00
6.527347e+01 9.139417e+00 3.680286e+00
6.528347e+01 9.148666e+00 3.680242e+00
6.529347e+01 9.192021e+00 3.680195e+00
6.530347e+01 9.228842e+00 3.680143e+00
6.531347e+01 9.151297e+00 3.680088e+00
6.532347e+01 9.011594e+00 3.680029e+00
6.533347e+01 9.074988e+00 3.679966e+00
6.534347e+01 9.092265e+00 3.679900e+00
6.535346e+01 9.079019e+00 3.679830e+00
6.536346e+01 9.083385e+00 3.679756e+00
6.537346e+01 8.799827e+00 3.679680e+00
6.538346e+01 8.835259e+00 3.679600e+00
6.539346e+01 8.879458e+00 3.679517e+00
6.540346e+01 8.799007e+00 3.679430e+00
6.541346e+01 8.726606e+00 3.679341e+00
6.542346e+01 8.615144e+00 3.679249e+00
6.543346e+01 8.577846e+00 3.679154e+00
6.544346e+01 8.630918e+00 3.679056e+00
6.545345e+01 8.508811e+00 3.678955e+00
6.546345e+01 8.523084e+00 3.678852e+00
6.547345e+01 8.515332e+00 3.678746e+00
6.548345e+01 8.443212e+00 3.678638e+00
6.549345e+01 8.229510e+00 3.678528e+00
6.550345e+01 8.216513e+00 3.678415e+00
6.551345e+01 8.182734e+00 3.678300e+00
6.552345e+01 8.173853e+00 3.678184e+00
6.553345e+01 8.077904e+00 3.678065e+00
6.554345e+01 8.030279e+00 3.677944e+00
6.555344e+01 7.861256e+00 3.677822e+00
6.556344e+01 7.889348e+00 3.677698e+00
6.557344e+01 7.896221e+00 3.677573e+00
6.558344e+01 7.845777e+00 3.677446e+00
6.559344e+01 7.753554e+00 3.677318e+00
6.560344e+01 7.654552e+00 3.677189e+00
6.561344e+01 7.600493e+00 3.677058e+00
6.562344e+01 7.670925e+00 3.676926e+00
6.563344e+01 7.500820e+00 3.676794e+00
6.564344e+01 7.558188e+00 3.676660e+00
6.565343e+01 7.536921e+00 3.676526e+00
6.566343e+01 7.459949e+00 3.676392e+00
6.567343e+01 7.492057e+00 3.676256e+00
6.568343e+01 7.457739e+00 3.676120e+00
6.569343e+01 7.475091e+00 3.675984e+00
6.570343e+01 7.371155e+00 3.675848e+00
6.571343e+01 7.315300e+00 3.675711e+00
6.572343e+01 7.457118e+00 3.675575e+00
6.573343e+01 7.364048e+00 3.675438e+00
6.574343e+01 7.348917e+00 3.675302e+00
6.575342e+01 7.345595e+00 3.675165e+00
6.576342e+01 7.339565e+00 3.675030e+00
6.577342e+01 7.349858e+00 3.674894e+00
6.578342e+01 7.350079e+00 3.674759e+00
6.579342e+01 7.369488e+00 3.674625e+00
6.580342e+01 7.394338e+00 3.674491e+00
6.581342e+01 7.492997e+00 3.674358e+00
6.582342e+01 7.490311e+00 3.674226e+00
6.583342e+01 7.423957e+00 3.674096e+00
6.584342e+01 7.621500e+00 3.673966e+00
6.585341e+01 7.563382e+00 3.673837e+00
6.586341e+01 7.660986e+00 3.673710e+00
6.587341e+01 7.709130e+00 3.673584e+00
6.588341e+01 7.837274e+00 3.673459e+00
6.589341e+01 7.889800e+00 3.673336e+00
6.590341e+01 7.797661e+00 3.673215e+00
6.591341e+01 7.930606e+00 3.673095e+00
6.592341e+01 7.935448e+00 3.672977e+00
6.593341e+01 8.042392e+00 3.672861e+00
6.594341e+01 8.072183e+00 3.672747e+00
6.595340e+01 8.157487e+00 3.672636e+00
6.596340e+01 8.171613e+00 3.672526e+00
6.597340e+01 8.283638e+00 3.672419e+00
6.598340e+01 8.331709e+00 3.672313e+00
6.599340e+01 8.421726e+00 3.672211e+00
6.600340e+01 8.526886e+00 3.672111e+00
6.601340e+01 8.553411e+00 3.672013e+00
6.602340e+01 8.638751e+00 3.671918e+00
6.603340e+01 8.638174e+00 3.671826e+00
6.604340e+01 8.680809e+00 3.671737e+00
6.605339e+01 8.723046e+00 3.671651e+00
6.606339e+01 8.817334e+00 3.671567e+00
6.607339e+01 8.897235e+00 3.671487e+00
6.608339e+01 9.042336e+00 3.671410e+00
6.609339e+01 9.059549e+00 3.671336e+00
6.610339e+01 9.037396e+00 3.671266e+00
6.611339e+01 9.076560e+00 3.671199e+00
6.612339e+01 9.198535e+00 3.671135e+00
6.613339e+01 9.226705e+00 3.671075e+00
6.614339e+01 9.257035e+00 3.671019e+00
6.615338e+01 9.359219e+00 3.670966e+00
6.616338e+01 9.300674e+00 3.670917e+00
6.617338e+01 9.369180e+00 3.670872e+00
6.618338e+01 9.437026e+00 3.670832e+00
6.619338e+01 9.391127e+00 3.670795e+00
6.620338e+01 9.548991e+00 3.670762e+00
6.621338e+01 9.497730e+00 3.670733e+00
6.622338e+01 9.518510e+00 3.670709e+00
6.623338e+01 9.518962e+00 3.670688e+00
6.624338e+01 9.547090e+00 3.670673e+00
6.625337e+01 9.502210e+00 3.670662e+00
6.626337e+01 9.432388e+00 3.670655e+00
6.627337e+01 9.508807e+00 3.670653e+00
6.628337e+01 9.484726e+00 3.670655e+00
6.629337e+01 9.488356e+00 3.670663e+00
6.630337e+01 9.555241e+00 3.670675e+00
6.631337e+01 9.394985e+00 3.670692e+00
6.632337e+01 9.437741e+00 3.670714e+00
6.633337e+01 9.382128e+00 3.670741e+00
6.634337e+01 9.346482e+00 3.670773e+00
6.635336e+01 9.327196e+00 3.670810e+00
6.636336e+01 9.334905e+00 3.670853e+00
6.637336e+01 9.275266e+00 3.670901e+00
6.638336e+01 9.167386e+00 3.670954e+00
6.639336e+01 9.216746e+00 3.671012e+00
6.640336e+01 9.171490e+00 3.671076e+00
6.641336e+01 9.143389e+00 3.671146e+00
6.642336e+01 9.068141e+00 3.671221e+00
6.643336e+01 8.963294e+00 3.671302e+00
6.644336e+01 8.948942e+00 3.671389e+00
6.645335e+01 8.943623e+00 3.671482e+00
6.646335e+01 8.729569e+00 3.671580e+00
6.647335e+01 8.647504e+00 3.671684e+00
6.648335e+01 8.736415e+00 3.671795e+00
6.649335e+01 8.611727e+00 3.671911e+00
6.650335e+01 8.648953e+00 3.672034e+00
6.651335e+01 8.518100e+00 3.672162e+00
6.652335e+01 8.403058e+00 3.672297e+00
6.653335e+01 8.418967e+00 3.672439e+00
6.654335e+01 8.319898e+00 3.672586e+00
6.655334e+01 8.155757e+00 3.672740e+00
6.656334e+01 8.232161e+00 3.672901e+00
6.657334e+01 8.200005e+00 3.673068e+00
6.658334e+01 8.117504e+00 3.673242e+00
6.659334e+01 8.059342e+00 3.673422e+00
6.660334e+01 8.042685e+00 3.673609e+00
6.661334e+01 7.958959e+00 3.673803e+00
6.662334e+01 7.923229e+00 3.674004e+00
6.663334e+01 7.980715e+00 3.674211e+00
6.664334e+01 7.904205e+00 3.674426e+00
6.665333e+01 7.839047e+00 3.674648e+00
6.666333e+01 7.714250e+00 3.674876e+00
6.667333e+01 7.753036e+00 3.675112e+00
6.668333e+01 7.759472e+00 3.675355e+00
6.669333e+01 7.701087e+00 3.675605e+00
6.670333e+01 7.634950e+00 3.675862e+00
6.671333e+01 7.717156e+00 3.676127e+00
6.672333e+01 7.683926e+00 3.676399e+00
6.673333e+01 7.713820e+00 3.676679e+00
6.674333e+01 7.748262e+00 3.676966e+00
6.675332e+01 7.716105e+00 3.677261e+00
6.676332e+01 7.679472e+00 3.677563e+00
6.677332e+01 7.691601e+00 3.677873e+00
6.678332e+01 7.744522e+00 3.678190e+00
6.679332e+01 7.847211e+00 3.678516e+00
6.680332e+01 7.676455e+00 3.678849e+00
6.681332e+01 7.814073e+00 3.679190e+00
6.682332e+01 7.798252e+00 3.679539e+00
6.683332e+01 7.882218e+00 3.679895e+00
6.684332e+01 7.976125e+00 3.680260e+00
6.685331e+01 7.955649e+00 3.680633e+00
6.686331e+01 7.923493e+00 3.681014e+00
6.687331e+01 8.065906e+00 3.681403e+00
6.688331e+01 8.128972e+00 3.681800e+00
6.689331e+01 8.133156e+00 3.682206e+00
6.690331e+01 8.178523e+00 3.682620e+00
6.691331e+01 8.261870e+00 3.683042e+00
6.692331e+01 8.264903e+00 3.683473e+00
6.693331e+01 8.273503e+00 3.683912e+00
6.694331e+01 8.378049e+00 3.684359e+00
6.695330e+01 8.451423e+00 3.684815e+00
6.696330e+01 8.430326e+00 3.685280e+00
6.697330e+01 8.661783e+00 3.685753e+00
6.698330e+01 8.685587e+00 3.686235e+00
6.699330e+01 8.713880e+00 3.686725e+00
6.700330e+01 8.829534e+00 3.687224e+00
6.701330e+01 8.777329e+00 3.687732e+00
6.702330e+01 8.949201e+00 3.688249e+00
6.703330e+01 8.887094e+00 3.688775e+00
6.704330e+01 9.034597e+00 3.689310e+00
6.705329e+01 9.125499e+00 3.689853e+00
6.706329e+01 9.128360e+00 3.690406e+00
6.707329e+01 9.268715e+00 3.690967e+00
6.708329e+01 9.260123e+00 3.691538e+00
6.709329e+01 9.359713e+00 3.692118e+00
6.710329e+01 9.338225e+00 3.692706e+00
6.711329e+01 9.463894e+00 3.693305e+00
6.712329e+01 9.555545e+00 3.693912e+00
6.713329e+01 9.521590e+00 3.694528e+00
6.714329e+01 9.578280e+00 3.695154e+00
6.715328e+01 9.657718e+00 3.695789e+00
6.716328e+01 9.618151e+00 3.696434e+00
6.717328e+01 9.662382e+00 3.697088e+00
6.718328e+01 9.706982e+00 3.697751e+00
6.719328e+01 9.878111e+00 3.698424e+00
6.720328e+01 9.768901e+00 3.699106e+00
6.721328e+01 9.758950e+00 3.699798e+00
6.722328e+01 9.818301e+00 3.700499e+00
6.723328e+01 9.846438e+00 3.701210e+00
6.724328e+01 9.891272e+00 3.701931e+00
6.725327e+01 9.897894e+00 3.702661e+00
6.726327e+01 9.817025e+00 3.703401e+00
6.727327e+01 9.912478e+00 3.704151e+00
6.728327e+01 9.888728e+00 3.704911e+00
6.729327e+01 9.777079e+00 3.705680e+00
6.730327e+01 9.840458e+00 3.706459e+00
6.731327e+01 9.755956e+00 3.707248e+00
6.732327e+01 9.848719e+00 3.708046e+00
6.733327e+01 9.721668e+00 3.708855e+00
6.734327e+01 9.730494e+00 3.709674e+00
6.735326e+01 9.735231e+00 3.710502e+00
6.736326e+01 9.575671e+00 3.711341e+00
6.737326e+01 9.650253e+00 3.712189e+00
6.738326e+01 9.589813e+00 3.713048e+00
6.739326e+01 9.491488e+00 3.713916e+00
6.740326e+01 9.490356e+00 3.714795e+00
6.741326e+01 9.352852e+00 3.715683e+00
6.742326e+01 9.283069e+00 3.716582e+00
6.743326e+01 9.285889e+00 3.717491e+00
6.744326e+01 9.306987e+00 3.718410e+00
6.745325e+01 9.148712e+00 3.719339e+00
6.746325e+01 9.165344e+00 3.720279e+00
6.747325e+01 8.963870e+00 3.721228e+00
6.748325e+01 8.915002e+00 3.722188e+00
6.749325e+01 8.931178e+00 3.723158e+00
6.750325e+01 8.833321e+00 3.724138e+00
6.751325e+01 8.775482e+00 3.725129e+00
6.752325e+01 8.750804e+00 3.726130e+00
6.753325e+01 8.691822e+00 3.727141e+00
6.754325e+01 8.574139e+00 3.728162e+00
6.755324e+01 8.575131e+00 3.729194e+00
6.756324e+01 8.489219e+00 3.730236e+00
6.757324e+01 8.503439e+00 3.731289e+00
6.758324e+01 8.398591e+00 3.732351e+00
6.759324e+01 8.376003e+00 3.733425e+00
6.760324e+01 8.318159e+00 3.734508e+00
6.761324e+01 8.308945e+00 3.735602e+00
6.762324e+01 8.299010e+00 3.736706e+00
6.763324e+01 8.263449e+00 3.737821e+00
6.764324e+01 8.174671e+00 3.738946e+00
6.765323e+01 8.213709e+00 3.740082e+00
6.766323e+01 8.075573e+00 3.741228e+00
6.767323e+01 8.081068e+00 3.742385e+00
6.768323e+01 8.044028e+00 3.743551e+00
6.769323e+01 8.011835e+00 3.744729e+00
6.770323e+01 8.023981e+00 3.745917e+00
6.771323e+01 7.927503e+00 3.747115e+00
6.772323e+01 7.996146e+00 3.748323e+00
6.773323e+01 7.951009e+00 3.749542e+00
6.774323e+01 7.982896e+00 3.750772e+00
6.775322e+01 7.975596e+00 3.752012e+00
6.776322e+01 7.966839e+00 3.753263e+00
6.777322e+01 8.027410e+00 3.754523e+00
6.778322e+01 8.008909e+00 3.755795e+00
6.779322e+01 7.970003e+00 3.757077e+00
6.780322e+01 8.041112e+00 3.758369e+00
6.781322e+01 8.030280e+00 3.759671e+00
6.782322e+01 8.109897e+00 3.760984e+00
6.783322e+01 8.045168e+00 3.762308e+00
6.784322e+01 8.185227e+00 3.763642e+00
6.785321e+01 8.240757e+00 3.764986e+00
6.786321e+01 8.247946e+00 3.766341e+00
6.787321e+01 8.310956e+00 3.767706e+00
6.788321e+01 8.383017e+00 3.769081e+00
6.789321e+01 8.454809e+00 3.770467e+00
6.790321e+01 8.397167e+00 3.771863e+00
6.791321e+01 8.508387e+00 3.773270e+00
6.792321e+01 8.696394e+00 3.774687e+00
6.793321e+01 8.490341e+00 3.776114e+00
6.794321e+01 8.705901e+00 3.777552e+00
6.795320e+01 8.699998e+00 3.779000e+00
6.796320e+01 8.792486e+00 3.780458e+00
6.797320e+01 8.824484e+00 3.781926e+00
6.798320e+01 8.964328e+00 3.783405e+00
6.799320e+01 8.970996e+00 3.784894e+00
6.800320e+01 9.058384e+00 3.786393e+00
6.801320e+01 9.109666e+00 3.787902e+00
6.802320e+01 9.201529e+00 3.789421e+00
6.803320e+01 9.222798e+00 3.790951e+00
6.804320e+01 9.318468e+00 3.792491e+00
6.805319e+01 9.410692e+00 3.794041e+00
6.806319e+01 9.502424e+00 3.795601e+00
6.807319e+01 9.444391e+00 3.797171e+00
6.808319e+01 9.600514e+00 3.798751e+00
6.809319e+01 9.541473e+00 3.800341e+00
6.810319e+01 9.628161e+00 3.801941e+00
6.811319e+01 9.695819e+00 3.803552e+00
6.812319e+01 9.819908e+00 3.805172e+00
6.813319e+01 9.880255e+00 3.806802e+00
6.814319e+01 9.901823e+00 3.808442e+00
6.815318e+01 9.852986e+00 3.810092e+00
6.816318e+01 9.946366e+00 3.811752e+00
6.817318e+01 9.902430e+00 3.813421e+00
6.818318e+01 1.004304e+01 3.815101e+00
6.819318e+01 1.006579e+01 3.816790e+00
6.820318e+01 1.002652e+01 3.818489e+00
6.821318e+01 1.017460e+01 3.820198e+00
6.822318e+01 1.010682e+01 3.821916e+00
6.823318e+01 1.000720e+01 3.823644e+00
6.824318e+01 1.011606e+01 3.825382e+00
6.825317e+01 1.018835e+01 3.827129e+00
6.826317e+01 1.008142e+01 3.828886e+00
6.827317e+01 1.008981e+01 3.830652e+00
6.828317e+01 1.007693e+01 3.832428e+00
6.829317e+01 1.006556e+01 3.834214e+00
6.830317e+01 1.008565e+01 3.836008e+00
6.831317e+01 1.006736e+01 3.837813e+00
6.832317e+01 1.000317e+01 3.839626e+00
6.833317e+01 1.005709e+01 3.841449e+00
6.834317e+01 9.927555e+00 3.843281e+00
6.835316e+01 9.938138e+00 3.845123e+00
6.836316e+01 9.809421e+00 3.846974e+00
6.837316e+01 9.857704e+00 3.848834e+00
6.838316e+01 9.825610e+00 3.850703e+00
6.839316e+01 9.736159e+00 3.852581e+00
6.840316e+01 9.704382e+00 3.854468e+00
6.841316e+01 9.683456e+00 3.856365e+00
6.842316e+01 9.582853e+00 3.858270e+00
6.843316e+01 9.599688e+00 3.860185e+00
6.844316e+01 9.536015e+00 3.862108e+00
6.845315e+01 9.421393e+00 3.864040e+00
6.846315e+01 9.538559e+00 3.865981e+00
6.847315e+01 9.252243e+00 3.867931e+00
6.848315e+01 9.302513e+00 3.869890e+00
6.849315e+01 9.252010e+00 3.871857e+00
6.850315e+01 9.122134e+00 3.873833e+00
6.851315e+01 9.130103e+00 3.875818e+00
6.852315e+01 9.024837e+00 3.877811e+00
6.853315e+01 8.915429e+00 3.879813e+00
6.854315e+01 8.931328e+00 3.881823e+00
6.855314e+01 8.905648e+00 3.883842e+00
6.856314e+01 8.788780e+00 3.885870e+00
6.857314e+01 8.699109e+00 3.887905e+00
6.858314e+01 8.712243e+00 3.889950e+00
6.859314e+01 8.581661e+00 3.892002e+00
6.860314e+01 8.571436e+00 3.894063e+00
6.861314e+01 8.602516e+00 3.896132e+00
6.862314e+01 8.453679e+00 3.898209e+00
6.863314e+01 8.482263e+00 3.900294e+00
6.864314e+01 8.365155e+00 3.902388e+00
6.865313e+01 8.414567e+00 3.904489e+00
6.866313e+01 8.375273e+00 3.906599e+00
6.867313e+01 8.303321e+00 3.908716e+00
6.868313e+01 8.340912e+00 3.910842e+00
6.869313e+01 8.310073e+00 3.912975e+00
6.870313e+01 8.291939e+00 3.915117e+00
6.871313e+01 8.169803e+00 3.917266e+00
6.872313e+01 8.219048e+00 3.919422e+00
6.873313e+01 8.251191e+00 3.921587e+00
6.874313e+01 8.220426e+00 3.923759e+00
6.875312e+01 8.181662e+00 3.925939e+00
6.876312e+01 8.266286e+00 3.928126e+00
6.877312e+01 8.258607e+00 3.930321e+00
6.878312e+01 8.243646e+00 3.932524e+00
6.879312e+01 8.407542e+00 3.934733e+00
6.880312e+01 8.273267e+00 3.936951e+00
6.881312e+01 8.340188e+00 3.939175e+00
6.882312e+01 8.389146e+00 3.941407e+00
6.883312e+01 8.374010e+00 3.943647e+00
6.884312e+01 8.449312e+00 3.945893e+00
6.885311e+01 8.409083e+00 3.948147e+00
6.886311e+01 8.504776e+00 3.950408e+00
6.887311e+01 8.633790e+00 3.952676e+00
6.888311e+01 8.530428e+00 3.954951e+00
6.889311e+01 8.516387e+00 3.957233e+00
6.890311e+01 8.724165e+00 3.959522e+00
6.891311e+01 8.729549e+00 3.961818e+00
6.892311e+01 8.799152e+00 3.964120e+00
6.893311e+01 8.853909e+00 3.966430e+00
6.894311e+01 8.899356e+00 3.968746e+00
6.895310e+01 9.005165e+00 3.971070e+00
6.896310e+01 9.060191e+00 3.973399e+00
6.897310e+01 9.118264e+00 3.975736e+00
6.898310e+01 9.175562e+00 3.978079e+00
6.899310e+01 9.329504e+00 3.980429e+00
6.900310e+01 9.397079e+00 3.982785e+00
6.901310e+01 9.515311e+00 3.985148e+00
6.902310e+01 9.379116e+00 3.987517e+00
6.903310e+01 9.537716e+00 3.989893e+00
6.904310e+01 9.627704e+00 3.992275e+00
6.905309e+01 9.590163e+00 3.994663e+00
6.906309e+01 9.720719e+00 3.997058e+00
6.907309e+01 9.798907e+00 3.999459e+00
6.908309e+01 9.855711e+00 4.001866e+00
6.909309e+01 9.854192e+00 4.004279e+00
6.910309e+01 9.979052e+00 4.006698e+00
6.911309e+01 1.000669e+01 4.009124e+00
6.912309e+01 1.002845e+01 4.011555e+00
6.913309e+01 1.007450e+01 4.013992e+00
6.914309e+01 1.016288e+01 4.016436e+00
6.915308e+01 1.016512e+01 4.018885e+00
6.916308e+01 1.024898e+01 4.021340e+00
6.917308e+01 1.015995e+01 4.023801e+00
6.918308e+01 1.017237e+01 4.026267e+00
6.919308e+01 1.023055e+01 4.028740e+00
6.920308e+01 1.031295e+01 4.031218e+00
6.921308e+01 1.024995e+01 4.033702e+00
6.922308e+01 1.032823e+01 4.036191e+00
6.923308e+01 1.037490e+01 4.038686e+00
6.924308e+01 1.034588e+01 4.041186e+00
6.925307e+01 1.041743e+01 4.043692e+00
6.926307e+01 1.035156e+01 4.046204e+00
6.927307e+01 1.035219e+01 4.048720e+00
6.928307e+01 1.032693e+01 4.051243e+00
6.929307e+01 1.036195e+01 4.053770e+00
6.930307e+01 1.032663e+01 4.056303e+00
6.931307e+01 1.027560e+01 4.058841e+00
6.932307e+01 1.031755e+01 4.061384e+00
6.933307e+01 1.010204e+01 4.063932e+00
6.934307e+01 1.018821e+01 4.066486e+00
6.935306e+01 1.021174e+01 4.069044e+00
6.936306e+01 1.017248e+01 4.071608e+00
6.937306e+01 1.008484e+01 4.074177e+00
6.938306e+01 9.995863e+00 4.076750e+00
6.939306e+01 9.984937e+00 4.079329e+00
6.940306e+01 9.995800e+00 4.081912e+00
6.941306e+01 9.931393e+00 4.084500e+00
6.942306e+01 9.897798e+00 4.087093e+00
6.943306e+01 9.836905e+00 4.089691e+00
6.944306e+01 9.758050e+00 4.092294e+00
6.945305e+01 9.767701e+00 4.094901e+00
6.946305e+01 9.699252e+00 4.097513e+00
6.947305e+01 9.531939e+00 4.100129e+00
6.948305e+01 9.406710e+00 4.102750e+00
6.949305e+01 9.388479e+00 4.105376e+00
6.950305e+01 9.376417e+00 4.108006e+00
6.951305e+01 9.388595e+00 4.110640e+00
6.952305e+01 9.170487e+00 4.113279e+00
6.953305e+01 9.222233e+00 4.115922e+00
6.954305e+01 9.135990e+00 4.118569e+00
6.955304e+01 9.086707e+00 4.121221e+00
6.956304e+01 9.011216e+00 4.123877e+00
6.957304e+01 8.900244e+00 4.126537e+00
6.958304e+01 8.933191e+00 4.129202e+00
6.959304e+01 8.837380e+00 4.131870e+00
6.960304e+01 8.866031e+00 4.134543e+00
6.961304e+01 8.773648e+00 4.137219e+00
6.962304e+01 8.762217e+00 4.139900e+00
6.963304e+01 8.730392e+00 4.142584e+00
6.964304e+01 8.629529e+00 4.145272e+00
6.965303e+01 8.661568e+00 4.147965e+00
6.966303e+01 8.606170e+00 4.150661e+00
6.967303e+01 8.555072e+00 4.153360e+00
6.968303e+01 8.538182e+00 4.156064e+00
6.969303e+01 8.534866e+00 4.158771e+00
6.970303e+01 8.608712e+00 4.161482e+00
6.971303e+01 8.430264e+00 4.164196e+00
6.972303e+01 8.434278e+00 4.166914e+00
6.973303e+01 8.464397e+00 4.169636e+00
6.974303e+01 8.476039e+00 4.172361e+00
6.975302e+01 8.476574e+00 4.175089e+00
6.976302e+01 8.447941e+00 4.177821e+00
6.977302e+01 8.480986e+00 4.180556e+00
6.978302e+01 8.540190e+00 4.183294e+00
6.979302e+01 8.441766e+00 4.186035e+00
6.980302e+01 8.579138e+00 4.188780e+00
6.981302e+01 8.589907e+00 4.191528e+00
6.982302e+01 8.555814e+00 4.194278e+00
6.983302e+01 8.556131e+00 4.197032e+00
6.984302e+01 8.600000e+00 4.199789e+00
6.985301e+01 8.777097e+00 4.202549e+00
6.986301e+01 8.728390e+00 4.205311e+00
6.987301e+01 8.739369e+00 4.208077e+00
6.988301e+01 8.797243e+00 4.210845e+00
6.989301e+01 8.796985e+00 4.213616e+00
6.990301e+01 8.903141e+00 4.216389e+00
6.991301e+01 8.973125e+00 4.219165e+00
6.992301e+01 9.013710e+00 4.221944e+00
6.993301e+01 9.178581e+00 4.224725e+00
6.994301e+01 9.087722e+00 4.227509e+00
6.995300e+01 9.238838e+00 4.230295e+00
6.996300e+01 9.182861e+00 4.233083e+00
6.997300e+01 9.329601e+00 4.235874e+00
6.998300e+01 9.465320e+00 4.238666e+00
6.999300e+01 9.325647e+00 4.241461e+00
7.000300e+01 9.498331e+00 4.244258e+00
7.001300e+01 9.626512e+00 4.247057e+00
7.002300e+01 9.642519e+00 4.249858e+00
7.003300e+01 9.614931e+00 4.252661e+00
7.004300e+01 9.746320e+00 4.255466e+00
7.005299e+01 9.858396e+00 4.258272e+00
7.006299e+01 9.929824e+00 4.261080e+00
7.007299e+01 1.000475e+01 4.263890e+00
7.008299e+01 1.004248e+01 4.266701e+00
7.009299e+01 1.004212e+01 4.269514e+00
7.010299e+01 1.027254e+01 4.272328e+00
7.011299e+01 1.025150e+01 4.275144e+00
7.012299e+01 1.027344e+01 4.277960e+00
7.013299e+01 1.023208e+01 4.280778e+00
7.014299e+01 1.026893e+01 4.283598e+00
7.015298e+01 1.034385e+01 4.286418e+00
7.016298e+01 1.029839e+01 4.289239e+00
7.017298e+01 1.040026e+01 4.292061e+00
7.018298e+01 1.053178e+01 4.294884e+00
7.019298e+01 1.045469e+01 4.297708e+00
7.020298e+01 1.049070e+01 4.300532e+00
7.021298e+01 1.047611e+01 4.303357e+00
7.022298e+01 1.058301e+01 4.306182e+00
7.023298e+01 1.054009e+01 4.309008e+00
7.024298e+01 1.056090e+01 4.311834e+00
7.025297e+01 1.051189e+01 4.314660e+00
7.026297e+01 1.052567e+01 4.317487e+00
7.027297e+01 1.052373e+01 4.320313e+00
7.028297e+01 1.060757e+01 4.323140e+00
7.029297e+01 1.052602e+01 4.325966e+00
7.030297e+01 1.048963e+01 4.328792e+00
7.031297e+01 1.044504e+01 4.331618e+00
7.032297e+01 1.044883e+01 4.334443e+00
7.033297e+01 1.049402e+01 4.337268e+00
7.034297e+01 1.039765e+01 4.340093e+00
7.035296e+01 1.037998e+01 4.342916e+00
7.036296e+01 1.034193e+01 4.345739e+00
7.037296e+01 1.035904e+01 4.348561e+00
7.038296e+01 1.018727e+01 4.351382e+00
7.039296e+01 1.022770e+01 4.354202e+00
7.040296e+01 1.017116e+01 4.357020e+00
7.041296e+01 1.012221e+01 4.359837e+00
7.042296e+01 1.013536e+01 4.362653e+00
7.043296e+01 9.982878e+00 4.365467e+00
7.044296e+01 9.907940e+00 4.368280e+00
7.045295e+01 9.811403e+00 4.371090e+00
7.046295e+01 9.764336e+00 4.373899e+00
7.047295e+01 9.725860e+00 4.376706e+00
7.048295e+01 9.713417e+00 4.379511e+00
7.049295e+01 9.663911e+00 4.382313e+00
7.050295e+01 9.569701e+00 4.385113e+00
7.051295e+01 9.449630e+00 4.387911e+00
7.052295e+01 9.534282e+00 4.390705e+00
7.053295e+01 9.493978e+00 4.393497e+00
7.054295e+01 9.325694e+00 4.396287e+00
7.055294e+01 9.259869e+00 4.399073e+00
7.056294e+01 9.173744e+00 4.401856e+00
7.057294e+01 9.221422e+00 4.404635e+00
7.058294e+01 9.151179e+00 4.407412e+00
7.059294e+01 8.986536e+00 4.410184e+00
7.060294e+01 9.002542e+00 4.412953e+00
7.061294e+01 8.971207e+00 4.415719e+00
7.062294e+01 8.928128e+00 4.418480e+00
7.063294e+01 8.975286e+00 4.421237e+00
7.064294e+01 8.966982e+00 4.423989e+00
7.065293e+01 8.944880e+00 4.426738e+00
7.066293e+01 8.809476e+00 4.429481e+00
7.067293e+01 8.706155e+00 4.432220e+00
7.068293e+01 8.747039e+00 4.434954e+00
7.069293e+01 8.706066e+00 4.437683e+00
7.070293e+01 8.674380e+00 4.440407e+00
7.071293e+01 8.664222e+00 4.443125e+00
7.072293e+01 8.593657e+00 4.445838e+00
7.073293e+01 8.704017e+00 4.448545e+00
7.074293e+01 8.590524e+00 4.451247e+00
7.075292e+01 8.676013e+00 4.453942e+00
7.076292e+01 8.538779e+00 4.456631e+00
7.077292e+01 8.682490e+00 4.459314e+00
7.078292e+01 8.662313e+00 4.461990e+00
7.079292e+01 8.706859e+00 4.464660e+00
7.080292e+01 8.750394e+00 4.467322e+00
7.081292e+01 8.736145e+00 4.469978e+00
7.082292e+01 8.782250e+00 4.472626e+00
7.083292e+01 8.797087e+00 4.475267e+00
7.084292e+01 8.855826e+00 4.477900e+00
7.085291e+01 8.905422e+00 4.480526e+00
7.086291e+01 8.806508e+00 4.483143e+00
7.087291e+01 8.968829e+00 4.485753e+00
7.088291e+01 9.024909e+00 4.488354e+00
7.089291e+01 9.035079e+00 4.490946e+00
7.090291e+01 9.130380e+00 4.493530e+00
7.091291e+01 9.109563e+00 4.496104e+00
7.092291e+01 9.172530e+00 4.498670e+00
7.093291e+01 9.215261e+00 4.501226e+00
7.094291e+01 9.235171e+00 4.503773e+00
7.095290e+01 9.404117e+00 4.506310e+00
7.096290e+01 9.471487e+00 4.508837e+00
7.097290e+01 9.451980e+00 4.511354e+00
7.098290e+01 9.565116e+00 4.513860e+00
7.099290e+01 9.623250e+00 4.516356e+00
7.100290e+01 9.730451e+00 4.518841e+00
7.101290e+01 9.765002e+00 4.521315e+00
7.102290e+01 9.750430e+00 4.523778e+00
7.103290e+01 9.947618e+00 4.526229e+00
7.104290e+01 9.978015e+00 4.528669e+00
7.105289e+01 9.987018e+00 4.531097e+00
7.106289e+01 1.001554e+01 4.533512e+00
7.107289e+01 1.013745e+01 4.535916e+00
7.108289e+01 1.013891e+01 4.538307e+00
7.109289e+01 1.022832e+01 4.540685e+00
7.110289e+01 1.030154e+01 4.543049e+00
7.111289e+01 1.041934e+01 4.545401e+00
7.112289e+01 1.037896e+01 4.547739e+00
7.113289e+01 1.043579e+01 4.550064e+00
7.114289e+01 1.048342e+01 4.552374e+00
7.115288e+01 1.046663e+01 4.554671e+00
7.116288e+01 1.065175e+01 4.556952e+00
7.117288e+01 1.063334e+01 4.559219e+00
7.118288e+01 1.054626e+01 4.561472e+00
7.119288e+01 1.054526e+01 4.563709e+00
7.120288e+01 1.068549e+01 4.565930e+00
7.121288e+01 1.072085e+01 4.568136e+00
7.122288e+01 1.072637e+01 4.570326e+00
7.123288e+01 1.068683e+01 4.572499e+00
7.124288e+01 1.061209e+01 4.574657e+00
7.125287e+01 1.070625e+01 4.576797e+00
7.126287e+01 1.077350e+01 4.578921e+00
7.127287e+01 1.068992e+01 4.581027e+00
7.128287e+01 1.069834e+01 4.583116e+00
7.129287e+01 1.073008e+01 4.585187e+00
7.130287e+01 1.067596e+01 4.587240e+00
7.131287e+01 1.073044e+01 4.589275e+00
7.132287e+01 1.066809e+01 4.591291e+00
7.133287e+01 1.063229e+01 4.593289e+00
7.134287e+01 1.063277e+01 4.595267e+00
7.135286e+01 1.050949e+01 4.597226e+00
7.136286e+01 1.050193e+01 4.599165e+00
7.137286e+01 1.044301e+01 4.601085e+00
7.138286e+01 1.044593e+01 4.602984e+00
7.139286e+01 1.041514e+01 4.604863e+00
7.140286e+01 1.029163e+01 4.606721e+00
7.141286e+01 1.029623e+01 4.608558e+00
7.142286e+01 1.020806e+01 4.610374e+00
7.143286e+01 1.015373e+01 4.612168e+00
7.144286e+01 1.005654e+01 4.613941e+00
7.145285e+01 9.945108e+00 4.615691e+00
7.146285e+01 9.984058e+00 4.617419e+00
7.147285e+01 9.926979e+00 4.619124e+00
7.148285e+01 9.791202e+00 4.620806e+00
7.149285e+01 9.808783e+00 4.622465e+00
7.150285e+01 9.775016e+00 4.624100e+00
7.151285e+01 9.689782e+00 4.625711e+00
7.152285e+01 9.610659e+00 4.627299e+00
7.153285e+01 9.547651e+00 4.628861e+00
7.154285e+01 9.460702e+00 4.630399e+00
7.155284e+01 9.360585e+00 4.631913e+00
7.156284e+01 9.287375e+00 4.633400e+00
7.157284e+01 9.271418e+00 4.634862e+00
7.158284e+01 9.295558e+00 4.636299e+00
7.159284e+01 9.142934e+00 4.637709e+00
7.160284e+01 9.105229e+00 4.639092e+00
7.161284e+01 9.062530e+00 4.640449e+00
7.162284e+01 9.001273e+00 4.641779e+00
7.163284e+01 9.008148e+00 4.643081e+00
7.164284e+01 9.015502e+00 4.644356e+00
7.165283e+01 8.968626e+00 4.645603e+00
7.166283e+01 9.015242e+00 4.646822e+00
7.167283e+01 8.880063e+00 4.648012e+00
7.168283e+01 8.889545e+00 4.649173e+00
7.169283e+01 8.810434e+00 4.650305e+00
7.170283e+01 8.777526e+00 4.651408e+00
7.171283e+01 8.845565e+00 4.652481e+00
7.172283e+01 8.798961e+00 4.653524e+00
7.173283e+01 8.748135e+00 4.654537e+00
7.174283e+01 8.811663e+00 4.655519e+00
7.175282e+01 8.804652e+00 4.656470e+00
7.176282e+01 8.781886e+00 4.657391e+00
7.177282e+01 8.874140e+00 4.658280e+00
7.178282e+01 8.795266e+00 4.659137e+00
7.179282e+01 8.977012e+00 4.659962e+00
7.180282e+01 8.955689e+00 4.660755e+00
7.181282e+01 8.932523e+00 4.661516e+00
7.182282e+01 8.885061e+00 4.662243e+00
7.183282e+01 8.967958e+00 4.662938e+00
7.184282e+01 8.910520e+00 4.663599e+00
7.185281e+01 8.931959e+00 4.664227e+00
7.186281e+01 9.072564e+00 4.664821e+00
7.187281e+01 9.143801e+00 4.665380e+00
7.188281e+01 9.217201e+00 4.665906e+00
7.189281e+01 9.179257e+00 4.666396e+00
7.190281e+01 9.157366e+00 4.666852e+00
7.191281e+01 9.274580e+00 4.667273e+00
7.192281e+01 9.321850e+00 4.667658e+00
7.193281e+01 9.431788e+00 4.668008e+00
7.194281e+01 9.484666e+00 4.668321e+00
7.195280e+01 9.595943e+00 4.668599e+00
7.196280e+01 9.558745e+00 4.668840e+00
7.197280e+01 9.687963e+00 4.669045e+00
7.198280e+01 9.709703e+00 4.669213e+00
7.199280e+01 9.784662e+00 4.669344e+00
7.200280e+01 9.782549e+00 4.669437e+00
7.201280e+01 9.922375e+00 4.669494e+00
7.202280e+01 9.926757e+00 4.669513e+00
7.203280e+01 1.012952e+01 4.669493e+00
7.204280e+01 1.006035e+01 4.669436e+00
7.205279e+01 1.017113e+01 4.669341e+00
7.206279e+01 1.026093e+01 4.669208e+00
7.207279e+01 1.027913e+01 4.669035e+00
7.208279e+01 1.032030e+01 4.668825e+00
7.209279e+01 1.041267e+01 4.668575e+00
7.210279e+01 1.043676e+01 4.668286e+00
7.211279e+01 1.051631e+01 4.667959e+00
7.212279e+01 1.054505e+01 4.667592e+00
7.213279e+01 1.063491e+01 4.667186e+00
7.214279e+01 1.062904e+01 4.666740e+00
7.215278e+01 1.071371e+01 4.666254e+00
7.216278e+01 1.063913e+01 4.665729e+00
7.217278e+01 1.071085e+01 4.665164e+00
7.218278e+01 1.072370e+01 4.664560e+00
7.219278e+01 1.074540e+01 4.663915e+00
7.220278e+01 1.083148e+01 4.663230e+00
7.221278e+01 1.077551e+01 4.662506e+00
7.222278e+01 1.081888e+01 4.661741e+00
7.223278e+01 1.087507e+01 4.660936e+00
7.224278e+01 1.077687e+01 4.660091e+00
7.225277e+01 1.088209e+01 4.659206e+00
7.226277e+01 1.080195e+01 4.658280e+00
7.227277e+01 1.086532e+01 4.657315e+00
7.228277e+01 1.087772e+01 4.656309e+00
7.229277e+01 1.079829e+01 4.655264e+00
7.230277e+01 1.072071e+01 4.654178e+00
7.231277e+01 1.084989e+01 4.653052e+00
7.232277e+01 1.073679e+01 4.651887e+00
7.233277e+01 1.073550e+01 4.650682e+00
7.234277e+01 1.066529e+01 4.649436e+00
7.235276e+01 1.064899e+01 4.648152e+00
7.236276e+01 1.054301e+01 4.646828e+00
7.237276e+01 1.062830e+01 4.645464e+00
7.238276e+01 1.045784e+01 4.644061e+00
7.239276e+01 1.037992e+01 4.642620e+00
7.240276e+01 1.037455e+01 4.641139e+00
7.241276e+01 1.033135e+01 4.639620e+00
7.242276e+01 1.034674e+01 4.638062e+00
7.243276e+01 1.023602e+01 4.636466e+00
7.244276e+01 1.019484e+01 4.634832e+00
7.245275e+01 1.014833e+01 4.633160e+00
7.246275e+01 1.003537e+01 4.631451e+00
7.247275e+01 1.011980e+01 4.629704e+00
7.248275e+01 9.972182e+00 4.627920e+00
7.249275e+01 9.925481e+00 4.626100e+00
7.250275e+01 9.897209e+00 4.624244e+00
7.251275e+01 9.806760e+00 4.622351e+00
7.252275e+01 9.778944e+00 4.620423e+00
7.253275e+01 9.714908e+00 4.618459e+00
7.254275e+01 9.614305e+00 4.616461e+00
7.255274e+01 9.519215e+00 4.614428e+00
7.256274e+01 9.488056e+00 4.612360e+00
7.257274e+01 9.416361e+00 4.610259e+00
7.258274e+01 9.398347e+00 4.608125e+00
7.259274e+01 9.362367e+00 4.605958e+00
7.260274e+01 9.403130e+00 4.603759e+00
7.261274e+01 9.280640e+00 4.601527e+00
7.262274e+01 9.132655e+00 4.599264e+00
7.263274e+01 9.176083e+00 4.596970e+00
7.264274e+01 9.098852e+00 4.594646e+00
7.265273e+01 9.065854e+00 4.592292e+00
7.266273e+01 8.951718e+00 4.589908e+00
7.267273e+01 8.964634e+00 4.587495e+00
7.268273e+01 8.977293e+00 4.585054e+00
7.269273e+01 8.866383e+00 4.582586e+00
7.270273e+01 8.907457e+00 4.580090e+00
7.271273e+01 8.936577e+00 4.577568e+00
7.272273e+01 8.853505e+00 4.575019e+00
7.273273e+01 8.924852e+00 4.572446e+00
7.274273e+01 8.903276e+00 4.569847e+00
7.275272e+01 8.817908e+00 4.567225e+00
7.276272e+01 8.926492e+00 4.564579e+00
7.277272e+01 8.959270e+00 4.561910e+00
7.278272e+01 9.027763e+00 4.559219e+00
7.279272e+01 8.931112e+00 4.556506e+00
7.280272e+01 8.952748e+00 4.553773e+00
7.281272e+01 8.986068e+00 4.551020e+00
7.282272e+01 9.096272e+00 4.548247e+00
7.283272e+01 9.087654e+00 4.545455e+00
7.284272e+01 9.075582e+00 4.542645e+00
7.285271e+01 9.139009e+00 4.539818e+00
7.286271e+01 9.220993e+00 4.536974e+00
7.287271e+01 9.208261e+00 4.534114e+00
7.288271e+01 9.195863e+00 4.531239e+00
7.289271e+01 9.267030e+00 4.528349e+00
7.290271e+01 9.316037e+00 4.525445e+00
7.291271e+01 9.454606e+00 4.522528e+00
7.292271e+01 9.426009e+00 4.519599e+00
7.293271e+01 9.630848e+00 4.516658e+00
7.294271e+01 9.555082e+00 4.513706e+00
7.295270e+01 9.598262e+00 4.510743e+00
7.296270e+01 9.753179e+00 4.507771e+00
7.297270e+01 9.767182e+00 4.504791e+00
7.298270e+01 9.865105e+00 4.501802e+00
7.299270e+01 9.881815e+00 4.498805e+00
7.300270e+01 9.805341e+00 4.495802e+00
7.301270e+01 1.002774e+01 4.492792e+00
7.302270e+01 1.004632e+01 4.489777e+00
7.303270e+01 1.014127e+01 4.486758e+00
7.304270e+01 1.015639e+01 4.483734e+00
7.305269e+01 1.025791e+01 4.480707e+00
7.306269e+01 1.033573e+01 4.477677e+00
7.307269e+01 1.037273e+01 4.474645e+00
7.308269e+01 1.050264e+01 4.471612e+00
7.309269e+01 1.052240e+01 4.468577e+00
7.310269e+01 1.050045e+01 4.465543e+00
7.311269e+01 1.056500e+01 4.462509e+00
7.312269e+01 1.059228e+01 4.459476e+00
7.313269e+01 1.086497e+01 4.456445e+00
7.314269e+01 1.071988e+01 4.453416e+00
7.315268e+01 1.074237e+01 4.450389e+00
7.316268e+01 1.084636e+01 4.447366e+00
7.317268e+01 1.075079e+01 4.444347e+00
7.318268e+01 1.080959e+01 4.441332e+00
7.319268e+01 1.090424e+01 4.438322e+00
7.320268e+01 1.088501e+01 4.435317e+00
7.321268e+01 1.085258e+01 4.432319e+00
7.322268e+01 1.098963e+01 4.429326e+00
7.323268e+01 1.096760e+01 4.426341e+00
7.324268e+01 1.106866e+01 4.423363e+00
7.325267e+01 1.093706e+01 4.420392e+00
7.326267e+01 1.095382e+01 4.417430e+00
7.327267e+01 1.093103e+01 4.414476e+00
7.328267e+01 1.089142e+01 4.411530e+00
7.329267e+01 1.091748e+01 4.408595e+00
7.330267e+01 1.088755e+01 4.405668e+00
7.331267e+01 1.088325e+01 4.402752e+00
7.332267e+01 1.085722e+01 4.399846e+00
7.333267e+01 1.079302e+01 4.396950e+00
7.334267e+01 1.085385e+01 4.394065e+00
7.335266e+01 1.078050e+01 4.391191e+00
7.336266e+01 1.066895e+01 4.388328e+00
7.337266e+01 1.064297e+01 4.385477e+00
7.338266e+01 1.056381e+01 4.382638e+00
7.339266e+01 1.063124e+01 4.379811e+00
7.340266e+01 1.048643e+01 4.376995e+00
7.341266e+01 1.039978e+01 4.374192e+00
7.342266e+01 1.040451e+01 4.371401e+00
7.343266e+01 1.028609e+01 4.368623e+00
7.344266e+01 1.030868e+01 4.365857e+00
7.345265e+01 1.021835e+01 4.363104e+00
7.346265e+01 1.015419e+01 4.360364e+00
7.347265e+01 1.013505e+01 4.357637e+00
7.348265e+01 1.002567e+01 4.354922e+00
7.349265e+01 1.008964e+01 4.352220e+00
7.350265e+01 9.943451e+00 4.349531e+00
7.351265e+01 9.906399e+00 4.346855e+00
7.352265e+01 9.768617e+00 4.344192e+00
7.353265e+01 9.785961e+00 4.341542e+00
7.354265e+01 9.675377e+00 4.338904e+00
7.355264e+01 9.648859e+00 4.336279e+00
7.356264e+01 9.606393e+00 4.333667e+00
7.357264e+01 9.505703e+00 4.331067e+00
7.358264e+01 9.494495e+00 4.328479e+00
7.359264e+01 9.374530e+00 4.325903e+00
7.360264e+01 9.379444e+00 4.323340e+00
7.361264e+01 9.321227e+00 4.320788e+00
7.362264e+01 9.179801e+00 4.318248e+00
7.363264e+01 9.294993e+00 4.315720e+00
7.364264e+01 9.217593e+00 4.313203e+00
7.365263e+01 9.041040e+00 4.310697e+00
7.366263e+01 9.075601e+00 4.308201e+00
7.367263e+01 9.104584e+00 4.305717e+00
7.368263e+01 9.101094e+00 4.303242e+00
7.369263e+01 9.080769e+00 4.300778e+00
7.370263e+01 8.983943e+00 4.298323e+00
7.371263e+01 9.005664e+00 4.295878e+00
7.372263e+01 8.959596e+00 4.293442e+00
7.373263e+01 9.086651e+00 4.291015e+00
7.374263e+01 8.903872e+00 4.288597e+00
7.375262e+01 8.889684e+00 4.286186e+00
7.376262e+01 8.943515e+00 4.283784e+00
7.377262e+01 8.869897e+00 4.281388e+00
7.378262e+01 9.067343e+00 4.279000e+00
7.379262e+01 9.068611e+00 4.276619e+00
7.380262e+01 9.081621e+00 4.274244e+00
7.381262e+01 8.988648e+00 4.271875e+00
7.382262e+01 9.083060e+00 4.269512e+00
7.383262e+01 9.041706e+00 4.267153e+00
7.384262e+01 9.238271e+00 4.264800e+00
7.385261e+01 9.118400e+00 4.262450e+00
7.386261e+01 9.280902e+00 4.260104e+00
7.387261e+01 9.224133e+00 4.257762e+00
7.388261e+01 9.269537e+00 4.255423e+00
7.389261e+01 9.424929e+00 4.253086e+00
7.390261e+01 9.425427e+00 4.250751e+00
7.391261e+01 9.562902e+00 4.248417e+00
7.392261e+01 9.484037e+00 4.246085e+00
7.393261e+01 9.530137e+00 4.243753e+00
7.394261e+01 9.593943e+00 4.241421e+00
7.395260e+01 9.602803e+00 4.239088e+00
7.396260e+01 9.753063e+00 4.236755e+00
7.397260e+01 9.868876e+00 4.234420e+00
7.398260e+01 9.819371e+00 4.232083e+00
7.399260e+01 9.899538e+00 4.229743e+00
7.400260e+01 9.962612e+00 4.227401e+00
7.401260e+01 1.005427e+01 4.225055e+00
7.402260e+01 1.011848e+01 4.222704e+00
7.403260e+01 1.024888e+01 4.220349e+00
7.404260e+01 1.022771e+01 4.217988e+00
7.405259e+01 1.039025e+01 4.215622e+00
7.406259e+01 1.036630e+01 4.213250e+00
7.407259e+01 1.038444e+01 4.210870e+00
7.408259e+01 1.054704e+01 4.208483e+00
7.409259e+01 1.053400e+01 4.206088e+00
7.410259e+01 1.056212e+01 4.203684e+00
7.411259e+01 1.064572e+01 4.201270e+00
7.412259e+01 1.062699e+01 4.198847e+00
7.413259e+01 1.077584e+01 4.196414e+00
7.414259e+01 1.079576e+01 4.193969e+00
7.415258e+01 1.070074e+01 4.191513e+00
7.416258e+01 1.075930e+01 4.189045e+00
7.417258e+01 1.088262e+01 4.186563e+00
7.418258e+01 1.092092e+01 4.184069e+00
7.419258e+01 1.093813e+01 4.181560e+00
7.420258e+01 1.097854e+01 4.179036e+00
7.421258e+01 1.090202e+01 4.176497e+00
7.422258e+01 1.106983e+01 4.173943e+00
7.423258e+01 1.097388e+01 4.171371e+00
7.424258e+01 1.092244e+01 4.168783e+00
7.425257e+01 1.107039e+01 4.166176e+00
7.426257e+01 1.103953e+01 4.163551e+00
7.427257e+01 1.093397e+01 4.160907e+00
7.428257e+01 1.106497e+01 4.158243e+00
7.429257e+01 1.099570e+01 4.155559e+00
7.430257e+01 1.099514e+01 4.152853e+00
7.431257e+01 1.091682e+01 4.150126e+00
7.432257e+01 1.089653e+01 4.147377e+00
7.433257e+01 1.076775e+01 4.144604e+00
7.434257e+01 1.081782e+01 4.141808e+00
7.435256e+01 1.088898e+01 4.138987e+00
7.436256e+01 1.071549e+01 4.136141e+00
7.437256e+01 1.074809e+01 4.133269e+00
7.438256e+01 1.061082e+01 4.130371e+00
7.439256e+01 1.058693e+01 4.127446e+00
7.440256e+01 1.057486e+01 4.124493e+00
7.441256e+01 1.054883e+01 4.121511e+00
7.442256e+01 1.052224e+01 4.118500e+00
7.443256e+01 1.044100e+01 4.115459e+00
7.444256e+01 1.029231e+01 4.112388e+00
7.445255e+01 1.024743e+01 4.109285e+00
7.446255e+01 1.037529e+01 4.106150e+00
7.447255e+01 1.016447e+01 4.102982e+00
7.448255e+01 1.015988e+01 4.099781e+00
7.449255e+01 1.005870e+01 4.096545e+00
7.450255e+01 1.002598e+01 4.093275e+00
7.451255e+01 9.936075e+00 4.089968e+00
7.452255e+01 9.876643e+00 4.086625e+00
7.453255e+01 9.766837e+00 4.083245e+00
7.454255e+01 9.733255e+00 4.079827e+00
7.455254e+01 9.602259e+00 4.076371e+00
7.456254e+01 9.651520e+00 4.072875e+00
7.457254e+01 9.584108e+00 4.069338e+00
7.458254e+01 9.467734e+00 4.065760e+00
7.459254e+01 9.449604e+00 4.062141e+00
7.460254e+01 9.359509e+00 4.058479e+00
7.461254e+01 9.321460e+00 4.054774e+00
7.462254e+01 9.315488e+00 4.051024e+00
7.463254e+01 9.315867e+00 4.047230e+00
7.464254e+01 9.215160e+00 4.043389e+00
7.465253e+01 9.098110e+00 4.039503e+00
7.466253e+01 9.084001e+00 4.035568e+00
7.467253e+01 9.066933e+00 4.031586e+00
7.468253e+01 9.025851e+00 4.027554e+00
7.469253e+01 9.002677e+00 4.023473e+00
7.470253e+01 9.037682e+00 4.019340e+00
7.471253e+01 8.966609e+00 4.015157e+00
7.472253e+01 8.977426e+00 4.010920e+00
7.473253e+01 8.903149e+00 4.006631e+00
7.474253e+01 8.969518e+00 4.002287e+00
7.475252e+01 8.999298e+00 3.997889e+00
7.476252e+01 8.994986e+00 3.993434e+00
7.477252e+01 9.004559e+00 3.988923e+00
7.478252e+01 9.050916e+00 3.984354e+00
7.479252e+01 9.097291e+00 3.979726e+00
7.480252e+01 9.049617e+00 3.975039e+00
7.481252e+01 9.047518e+00 3.970292e+00
7.482252e+01 9.067625e+00 3.965483e+00
7.483252e+01 9.288945e+00 3.960612e+00
7.484252e+01 9.170987e+00 3.955678e+00
7.485251e+01 9.174775e+00 3.950680e+00
7.486251e+01 9.283713e+00 3.945617e+00
7.487251e+01 9.298185e+00 3.940488e+00
7.488251e+01 9.284260e+00 3.935292e+00
7.489251e+01 9.407499e+00 3.930029e+00
7.490251e+01 9.398166e+00 3.924696e+00
7.491251e+01 9.414634e+00 3.919294e+00
7.492251e+01 9.625185e+00 3.913820e+00
7.493251e+01 9.540992e+00 3.908275e+00
7.494251e+01 9.609552e+00 3.902658e+00
7.495250e+01 9.715274e+00 3.896966e+00
7.496250e+01 9.734575e+00 3.891200e+00
7.497250e+01 9.834982e+00 3.885358e+00
7.498250e+01 9.876340e+00 3.879438e+00
7.499250e+01 9.839418e+00 3.873442e+00
7.500250e+01 9.961944e+00 3.867366e+00
7.501250e+01 1.009763e+01 3.861210e+00
7.502250e+01 1.011564e+01 3.854973e+00
7.503250e+01 1.019620e+01 3.848654e+00
7.504250e+01 1.029232e+01 3.842252e+00
7.505249e+01 1.037264e+01 3.835766e+00
7.506249e+01 1.034890e+01 3.829194e+00
7.507249e+01 1.042861e+01 3.822536e+00
7.508249e+01 1.047462e+01 3.815791e+00
7.509249e+01 1.059137e+01 3.808957e+00
7.510249e+01 1.068031e+01 3.802033e+00
7.511249e+01 1.062703e+01 3.795019e+00
7.512249e+01 1.067794e+01 3.787912e+00
7.513249e+01 1.072762e+01 3.780713e+00
7.514249e+01 1.078181e+01 3.773419e+00
7.515248e+01 1.082853e+01 3.766030e+00
7.516248e+01 1.079085e+01 3.758544e+00
7.517248e+01 1.091813e+01 3.750961e+00
7.518248e+01 1.090204e+01 3.743279e+00
7.519248e+01 1.095900e+01 3.735498e+00
7.520248e+01 1.096370e+01 3.727615e+00
7.521248e+01 1.098198e+01 3.719629e+00
7.522248e+01 1.101312e+01 3.711541e+00
7.523248e+01 1.099505e+01 3.703347e+00
7.524248e+01 1.095826e+01 3.695048e+00
7.525247e+01 1.101165e+01 3.686642e+00
7.526247e+01 1.095650e+01 3.678127e+00
7.527247e+01 1.096497e+01 3.669503e+00
7.528247e+01 1.094741e+01 3.660769e+00
7.529247e+01 1.098147e+01 3.651923e+00
7.530247e+01 1.100116e+01 3.642963e+00
7.531247e+01 1.094660e+01 3.633890e+00
7.532247e+01 1.091974e+01 3.624700e+00
7.533247e+01 1.088909e+01 3.615395e+00
7.534247e+01 1.078060e+01 3.605971e+00
7.535246e+01 1.076495e+01 3.596428e+00
7.536246e+01 1.076840e+01 3.586765e+00
7.537246e+01 1.073028e+01 3.576980e+00
7.538246e+01 1.064617e+01 3.567072e+00
7.539246e+01 1.060541e+01 3.557041e+00
7.540246e+01 1.054858e+01 3.546884e+00
7.541246e+01 1.051039e+01 3.536600e+00
7.542246e+01 1.053313e+01 3.526189e+00
7.543246e+01 1.039436e+01 3.515649e+00
7.544246e+01 1.034470e+01 3.504978e+00
7.545245e+01 1.026450e+01 3.494177e+00
7.546245e+01 1.023475e+01 3.483242e+00
7.547245e+01 1.018287e+01 3.472174e+00
7.548245e+01 1.001676e+01 3.460971e+00
7.549245e+01 1.012724e+01 3.449631e+00
7.550245e+01 9.958200e+00 3.438154e+00
7.551245e+01 9.898529e+00 3.426539e+00
7.552245e+01 9.866984e+00 3.414783e+00
7.553245e+01 9.742522e+00 3.402887e+00
7.554245e+01 9.706918e+00 3.390848e+00
7.555244e+01 9.747956e+00 3.378666e+00
7.556244e+01 9.595841e+00 3.366339e+00
7.557244e+01 9.476654e+00 3.353867e+00
7.558244e+01 9.509377e+00 3.341248e+00
7.559244e+01 9.502966e+00 3.328480e+00
7.560244e+01 9.341212e+00 3.315564e+00
7.561244e+01 9.315045e+00 3.302497e+00
7.562244e+01 9.277390e+00 3.289279e+00
7.563244e+01 9.263214e+00 3.275909e+00
7.564244e+01 9.216100e+00 3.262385e+00
7.565243e+01 9.063005e+00 3.248706e+00
7.566243e+01 9.173096e+00 3.234872e+00
7.567243e+01 9.058316e+00 3.220881e+00
7.568243e+01 9.016524e+00 3.206732e+00
7.569243e+01 9.110621e+00 3.192425e+00
7.570243e+01 9.061207e+00 3.177958e+00
7.571243e+01 9.024564e+00 3.163330e+00
7.572243e+01 8.924060e+00 3.148540e+00
7.573243e+01 9.019875e+00 3.133588e+00
7.574243e+01 8.994622e+00 3.118473e+00
7.575242e+01 8.989422e+00 3.103193e+00
7.576242e+01 8.980419e+00 3.087748e+00
7.577242e+01 9.012513e+00 3.072136e+00
7.578242e+01 9.001159e+00 3.056358e+00
7.579242e+01 9.141161e+00 3.040412e+00
7.580242e+01 9.123518e+00 3.024298e+00
7.581242e+01 8.962494e+00 3.008014e+00
7.582242e+01 9.097684e+00 2.991561e+00
7.583242e+01 9.193481e+00 2.974937e+00
7.584242e+01 9.161680e+00 2.958141e+00
7.585241e+01 9.199191e+00 2.941174e+00
7.586241e+01 9.219774e+00 2.924034e+00
7.587241e+01 9.243755e+00 2.906721e+00
7.588241e+01 9.393385e+00 2.889235e+00
7.589241e+01 9.398675e+00 2.871574e+00
7.590241e+01 9.413281e+00 2.853739e+00
7.591241e+01 9.509668e+00 2.835729e+00
7.592241e+01 9.568962e+00 2.817543e+00
7.593241e+01 9.551717e+00 2.799181e+00
7.594241e+01 9.575561e+00 2.780644e+00
7.595240e+01 9.658851e+00 2.761930e+00
7.596240e+01 9.708386e+00 2.743039e+00
7.597240e+01 9.823342e+00 2.723972e+00
7.598240e+01 9.879795e+00 2.704727e+00
7.599240e+01 9.931347e+00 2.685305e+00
7.600240e+01 9.922138e+00 2.665707e+00
7.601240e+01 1.001982e+01 2.645931e+00
7.602240e+01 1.010028e+01 2.625977e+00
7.603240e+01 1.016815e+01 2.605847e+00
7.604240e+01 1.029450e+01 2.585539e+00
7.605239e+01 1.018497e+01 2.565054e+00
7.606239e+01 1.039972e+01 2.544393e+00
7.607239e+01 1.048287e+01 2.523555e+00
7.608239e+01 1.045481e+01 2.502541e+00
7.609239e+01 1.054672e+01 2.481351e+00
7.610239e+01 1.055260e+01 2.459985e+00
7.611239e+01 1.070872e+01 2.438444e+00
7.612239e+01 1.063875e+01 2.416729e+00
7.613239e+01 1.071499e+01 2.394839e+00
7.614239e+01 1.083229e+01 2.372776e+00
7.615238e+01 1.077591e+01 2.350541e+00
7.616238e+01 1.084530e+01 2.328133e+00
7.617238e+01 1.078634e+01 2.305553e+00
7.618238e+01 1.089035e+01 2.282803e+00
7.619238e+01 1.078592e+01 2.259883e+00
7.620238e+01 1.087735e+01 2.236795e+00
7.621238e+01 1.100296e+01 2.213538e+00
7.622238e+01 1.097078e+01 2.190115e+00
7.623238e+01 1.094868e+01 2.166525e+00
7.624238e+01 1.100133e+01 2.142771e+00
7.625237e+01 1.096600e+01 2.118854e+00
7.626237e+01 1.102252e+01 2.094774e+00
7.627237e+01 1.100298e+01 2.070533e+00
7.628237e+01 1.098552e+01 2.046132e+00
7.629237e+01 1.094755e+01 2.021573e+00
7.630237e+01 1.087641e+01 1.996858e+00
7.631237e+01 1.094371e+01 1.971987e+00
7.632237e+01 1.086861e+01 1.946962e+00
7.633237e+01 1.086706e+01 1.921785e+00
7.634237e+01 1.075991e+01 1.896458e+00
7.635236e+01 1.078487e+01 1.870982e+00
7.636236e+01 1.070695e+01 1.845359e+00
7.637236e+01 1.064481e+01 1.819590e+00
7.638236e+01 1.057759e+01 1.793679e+00
7.639236e+01 1.059181e+01 1.767626e+00
7.640236e+01 1.049120e+01 1.741434e+00
7.641236e+01 1.040886e+01 1.715105e+00
7.642236e+01 1.050588e+01 1.688641e+00
7.643236e+01 1.029593e+01 1.662043e+00
7.644236e+01 1.027241e+01 1.635315e+00
7.645235e+01 1.026793e+01 1.608458e+00
7.646235e+01 1.021091e+01 1.581474e+00
7.647235e+01 1.010525e+01 1.554367e+00
7.648235e+01 1.011720e+01 1.527138e+00
7.649235e+01 1.000800e+01 1.499790e+00
7.650235e+01 9.915006e+00 1.472326e+00
7.651235e+01 9.884298e+00 1.444747e+00
7.652235e+01 9.846116e+00 1.417056e+00
7.653235e+01 9.784758e+00 1.389256e+00
7.654235e+01 9.626854e+00 1.361350e+00
7.655234e+01 9.678864e+00 1.333341e+00
7.656234e+01 9.594683e+00 1.305230e+00
7.657234e+01 9.570904e+00 1.277021e+00
7.658234e+01 9.461068e+00 1.248717e+00
7.659234e+01 9.415246e+00 1.220319e+00
7.660234e+01 9.336501e+00 1.191833e+00
7.661234e+01 9.358919e+00 1.163259e+00
7.662234e+01 9.277661e+00 1.134601e+00
7.663234e+01 9.209280e+00 1.105862e+00
7.664234e+01 9.196970e+00 1.077046e+00
7.665233e+01 9.184630e+00 1.048154e+00
7.666233e+01 9.138721e+00 1.019190e+00
7.667233e+01 9.038354e+00 9.901571e-01
7.668233e+01 9.023897e+00 9.610584e-01
7.669233e+01 9.050494e+00 9.318969e-01
7.670233e+01 8.986921e+00 9.026757e-01
7.671233e+01 9.017391e+00 8.733979e-01
7.672233e+01 8.945021e+00 8.440667e-01
7.673233e+01 8.920020e+00 8.146852e-01
7.674233e+01 8.925174e+00 7.852567e-01
7.675232e+01 8.918672e+00 7.557842e-01
7.676232e+01 8.853576e+00 7.262711e-01
7.677232e+01 8.929966e+00 6.967204e-01
7.678232e+01 8.987671e+00 6.671355e-01
7.679232e+01 8.961330e+00 6.375195e-01
7.680232e+01 9.037295e+00 6.078756e-01
7.681232e+01 8.951000e+00 5.782071e-01
7.682232e+01 9.103737e+00 5.485172e-01
7.683232e+01 9.070125e+00 5.188091e-01
7.684232e+01 9.098157e+00 4.890860e-01
7.685231e+01 9.190361e+00 4.593511e-01
7.686231e+01 9.248805e+00 4.296077e-01
7.687231e+01 9.228267e+00 3.998590e-01
7.688231e+01 9.280672e+00 3.701081e-01
7.689231e+01 9.332809e+00 3.403582e-01
7.690231e+01 9.349801e+00 3.106125e-01
7.691231e+01 9.417616e+00 2.808742e-01
7.692231e+01 9.481843e+00 2.511464e-01
7.693231e+01 9.429885e+00 2.214323e-01
7.694231e+01 9.631659e+00 1.917349e-01
7.695230e+01 9.646414e+00 1.620573e-01
7.696230e+01 9.658220e+00 1.324027e-01
7.697230e+01 9.724945e+00 1.027741e-01
7.698230e+01 9.774740e+00 7.317453e-02
7.699230e+01 9.881368e+00 4.360699e-02
7.700230e+01 9.903309e+00 1.407447e-02
7.701230e+01 1.002488e+01 -1.542005e-02
7.702230e+01 1.008599e+01 -4.487364e-02
7.703230e+01 1.008861e+01 -7.428340e-02
7.704230e+01 1.022114e+01 -1.036464e-01
7.705229e+01 1.021748e+01 -1.329599e-01
7.706229e+01 1.035271e+01 -1.622210e-01
7.707229e+01 1.041162e+01 -1.914269e-01
7.708229e+01 1.041743e+01 -2.205748e-01
7.709229e+01 1.051939e+01 -2.496621e-01
7.710229e+01 1.041293e+01 -2.786861e-01
7.711229e+01 1.066243e+01 -3.076441e-01
7.712229e+01 1.062266e+01 -3.365334e-01
7.713229e+01 1.065421e+01 -3.653515e-01
7.714229e+01 1.068312e+01 -3.940959e-01
7.715228e+01 1.070828e+01 -4.227640e-01
7.716228e+01 1.074855e+01 -4.513534e-01
7.717228e+01 1.075509e+01 -4.798617e-01
7.718228e+01 1.068140e+01 -5.082864e-01
7.719228e+01 1.074523e+01 -5.366252e-01
7.720228e+01 1.087605e+01 -5.648758e-01
7.721228e+01 1.078764e+01 -5.930359e-01
7.722228e+01 1.098619e+01 -6.211034e-01
7.723228e+01 1.090746e+01 -6.490760e-01
7.724228e+01 1.082793e+01 -6.769515e-01
7.725227e+01 1.089790e+01 -7.047280e-01
7.726227e+01 1.092667e+01 -7.324032e-01
7.727227e+01 1.084395e+01 -7.599753e-01
7.728227e+01 1.087795e+01 -7.874422e-01
7.729227e+01 1.089492e+01 -8.148021e-01
7.730227e+01 1.090326e+01 -8.420530e-01
7.731227e+01 1.093527e+01 -8.691931e-01
7.732227e+01 1.084391e+01 -8.962206e-01
7.733227e+01 1.081451e+01 -9.231337e-01
7.734227e+01 1.071098e+01 -9.499309e-01
7.735226e+01 1.059750e+01 -9.766103e-01
7.736226e+01 1.069302e+01 -1.003170e+00
7.737226e+01 1.063119e+01 -1.029609e+00
7.738226e+01 1.057316e+01 -1.055926e+00
7.739226e+01 1.042280e+01 -1.082119e+00
7.740226e+01 1.043199e+01 -1.108187e+00
7.741226e+01 1.039019e+01 -1.134127e+00
7.742226e+01 1.037636e+01 -1.159940e+00
7.743226e+01 1.032964e+01 -1.185623e+00
7.744226e+01 1.022315e+01 -1.211176e+00
7.745225e+01 1.015083e+01 -1.236596e+00
7.746225e+01 1.007753e+01 -1.261884e+00
7.747225e+01 1.009344e+01 -1.287037e+00
7.748225e+01 1.006527e+01 -1.312055e+00
7.749225e+01 9.976095e+00 -1.336936e+00
7.750225e+01 9.877337e+00 -1.361680e+00
7.751225e+01 9.799576e+00 -1.386286e+00
7.752225e+01 9.795556e+00 -1.410752e+00
7.753225e+01 9.670766e+00 -1.435079e+00
7.754225e+01 9.619382e+00 -1.459264e+00
7.755224e+01 9.586639e+00 -1.483307e+00
7.756224e+01 9.529327e+00 -1.507207e+00
7.757224e+01 9.448165e+00 -1.530964e+00
7.758224e+01 9.382178e+00 -1.554577e+00
7.759224e+01 9.419684e+00 -1.578046e+00
7.760224e+01 9.251575e+00 -1.601369e+00
7.761224e+01 9.228888e+00 -1.624545e+00
7.762224e+01 9.233439e+00 -1.647576e+00
7.763224e+01 9.168456e+00 -1.670459e+00
7.764224e+01 9.055842e+00 -1.693195e+00
7.765223e+01 9.067368e+00 -1.715782e+00
7.766223e+01 9.041022e+00 -1.738222e+00
7.767223e+01 8.976054e+00 -1.760512e+00
7.768223e+01 8.875172e+00 -1.782654e+00
7.769223e+01 8.947282e+00 -1.804646e+00
7.770223e+01 8.913412e+00 -1.826488e+00
7.771223e+01 8.891171e+00 -1.848180e+00
7.772223e+01 8.823855e+00 -1.869722e+00
7.773223e+01 8.885754e+00 -1.891114e+00
7.774223e+01 8.852227e+00 -1.912355e+00
7.775222e+01 8.883966e+00 -1.933446e+00
7.776222e+01 8.878132e+00 -1.954385e+00
7.777222e+01 8.824535e+00 -1.975174e+00
7.778222e+01 8.880486e+00 -1.995812e+00
7.779222e+01 8.866949e+00 -2.016299e+00
7.780222e+01 8.889371e+00 -2.036635e+00
7.781222e+01 8.958599e+00 -2.056820e+00
7.782222e+01 8.850522e+00 -2.076854e+00
7.783222e+01 9.000704e+00 -2.096738e+00
7.784222e+01 9.119942e+00 -2.116471e+00
7.785221e+01 9.027830e+00 -2.136053e+00
7.786221e+01 9.047330e+00 -2.155485e+00
7.787221e+01 9.080788e+00 -2.174766e+00
7.788221e+01 9.159279e+00 -2.193898e+00
7.789221e+01 9.221215e+00 -2.212880e+00
7.790221e+01 9.170324e+00 -2.231712e+00
7.791221e+01 9.397929e+00 -2.250395e+00
7.792221e+01 9.330560e+00 -2.268929e+00
7.793221e+01 9.346596e+00 -2.287314e+00
7.794221e+01 9.448755e+00 -2.305551e+00
7.795220e+01 9.506690e+00 -2.323640e+00
7.796220e+01 9.655102e+00 -2.341581e+00
7.797220e+01 9.708635e+00 -2.359374e+00
7.798220e+01 9.673648e+00 -2.377021e+00
7.799220e+01 9.818490e+00 -2.394521e+00
7.800220e+01 9.862357e+00 -2.411875e+00
7.801220e+01 9.882184e+00 -2.429083e+00
7.802220e+01 9.855470e+00 -2.446146e+00
7.803220e+01 9.923788e+00 -2.463063e+00
7.804220e+01 1.000592e+01 -2.479837e+00
7.805219e+01 1.027961e+01 -2.496467e+00
7.806219e+01 1.021204e+01 -2.512953e+00
7.807219e+01 1.020054e+01 -2.529297e+00
7.808219e+01 1.033537e+01 -2.545498e+00
7.809219e+01 1.027316e+01 -2.561557e+00
7.810219e+01 1.037885e+01 -2.577475e+00
7.811219e+01 1.043886e+01 -2.593252e+00
7.812219e+01 1.044761e+01 -2.608890e+00
7.813219e+01 1.059932e+01 -2.624387e+00
7.814219e+01 1.055930e+01 -2.639746e+00
7.815218e+01 1.054436e+01 -2.654966e+00
7.816218e+01 1.071397e+01 -2.670049e+00
7.817218e+01 1.064586e+01 -2.684994e+00
7.818218e+01 1.066012e+01 -2.699803e+00
7.819218e+01 1.075678e+01 -2.714476e+00
7.820218e+01 1.077251e+01 -2.729014e+00
7.821218e+01 1.082180e+01 -2.743417e+00
7.822218e+01 1.078289e+01 -2.757686e+00
7.823218e+01 1.075520e+01 -2.771822e+00
7.824218e+01 1.078119e+01 -2.785825e+00
7.825217e+01 1.076176e+01 -2.799697e+00
7.826217e+01 1.070467e+01 -2.813436e+00
7.827217e+01 1.077076e+01 -2.827046e+00
7.828217e+01 1.082199e+01 -2.840525e+00
7.829217e+01 1.070496e+01 -2.853875e+00
7.830217e+01 1.077069e+01 -2.867097e+00
7.831217e+01 1.065372e+01 -2.880191e+00
7.832217e+01 1.068586e+01 -2.893157e+00
7.833217e+01 1.059199e+01 -2.905997e+00
7.834217e+01 1.061370e+01 -2.918712e+00
7.835216e+01 1.054980e+01 -2.931301e+00
7.836216e+01 1.052689e+01 -2.943766e+00
7.837216e+01 1.053288e+01 -2.956107e+00
7.838216e+01 1.041962e+01 -2.968326e+00
7.839216e+01 1.035718e+01 -2.980422e+00
7.840216e+01 1.029908e+01 -2.992397e+00
7.841216e+01 1.028407e+01 -3.004251e+00
7.842216e+01 1.021506e+01 -3.015985e+00
7.843216e+01 1.015054e+01 -3.027600e+00
7.844216e+01 1.010640e+01 -3.039096e+00
7.845215e+01 1.012717e+01 -3.050475e+00
7.846215e+01 9.993455e+00 -3.061736e+00
7.847215e+01 9.910190e+00 -3.072881e+00
7.848215e+01 9.842932e+00 -3.083910e+00
7.849215e+01 9.862299e+00 -3.094825e+00
7.850215e+01 9.777811e+00 -3.105625e+00
7.851215e+01 9.702191e+00 -3.116312e+00
7.852215e+01 9.641446e+00 -3.126886e+00
7.853215e+01 9.465518e+00 -3.137348e+00
7.854215e+01 9.528981e+00 -3.147699e+00
7.855214e+01 9.400619e+00 -3.157939e+00
7.856214e+01 9.319829e+00 -3.168069e+00
7.857214e+01 9.394482e+00 -3.178091e+00
7.858214e+01 9.290045e+00 -3.188003e+00
7.859214e+01 9.236343e+00 -3.197809e+00
7.860214e+01 9.174792e+00 -3.207507e+00
7.861214e+01 9.183561e+00 -3.217099e+00
7.862214e+01 9.050839e+00 -3.226586e+00
7.863214e+01 8.967701e+00 -3.235967e+00
7.864214e+01 8.913587e+00 -3.245245e+00
7.865213e+01 9.024449e+00 -3.254419e+00
7.866213e+01 8.838513e+00 -3.263491e+00
7.867213e+01 8.911564e+00 -3.272460e+00
7.868213e+01 8.826887e+00 -3.281329e+00
7.869213e+01 8.812523e+00 -3.290097e+00
7.870213e+01 8.674549e+00 -3.298765e+00
7.871213e+01 8.748521e+00 -3.307333e+00
7.872213e+01 8.825684e+00 -3.315804e+00
7.873213e+01 8.743396e+00 -3.324176e+00
7.874213e+01 8.685769e+00 -3.332452e+00
7.875212e+01 8.721101e+00 -3.340631e+00
7.876212e+01 8.704322e+00 -3.348714e+00
7.877212e+01 8.743479e+00 -3.356703e+00
7.878212e+01 8.652732e+00 -3.364597e+00
7.879212e+01 8.730431e+00 -3.372397e+00
7.880212e+01 8.823795e+00 -3.380104e+00
7.881212e+01 8.830121e+00 -3.387719e+00
7.882212e+01 8.751839e+00 -3.395242e+00
7.883212e+01 8.846694e+00 -3.402675e+00
7.884212e+01 8.907989e+00 -3.410016e+00
7.885211e+01 8.920917e+00 -3.417269e+00
7.886211e+01 8.980640e+00 -3.424432e+00
7.887211e+01 8.983278e+00 -3.431506e+00
7.888211e+01 9.071641e+00 -3.438493e+00
7.889211e+01 8.995043e+00 -3.445393e+00
7.890211e+01 9.149511e+00 -3.452206e+00
7.891211e+01 9.184737e+00 -3.458934e+00
7.892211e+01 9.206801e+00 -3.465576e+00
7.893211e+01 9.292172e+00 -3.472134e+00
7.894211e+01 9.326735e+00 -3.478608e+00
7.895210e+01 9.418892e+00 -3.484998e+00
7.896210e+01 9.431633e+00 -3.491306e+00
7.897210e+01 9.394907e+00 -3.497531e+00
7.898210e+01 9.517947e+00 -3.503675e+00
7.899210e+01 9.626051e+00 -3.509738e+00
7.900210e+01 9.739760e+00 -3.515721e+00
7.901210e+01 9.811054e+00 -3.521625e+00
7.902210e+01 9.882689e+00 -3.527449e+00
7.903210e+01 9.930492e+00 -3.533194e+00
7.904210e+01 9.931744e+00 -3.538862e+00
7.905209e+01 1.007925e+01 -3.544453e+00
7.906209e+01 1.000272e+01 -3.549966e+00
7.907209e+01 1.012879e+01 -3.555404e+00
7.908209e+01 1.019931e+01 -3.560766e+00
7.909209e+01 1.021611e+01 -3.566053e+00
7.910209e+01 1.029759e+01 -3.571266e+00
7.911209e+01 1.031665e+01 -3.576404e+00
7.912209e+01 1.029975e+01 -3.581470e+00
7.913209e+01 1.040464e+01 -3.586462e+00
7.914209e+01 1.044654e+01 -3.591383e+00
7.915208e+01 1.056766e+01 -3.596232e+00
7.916208e+01 1.051583e+01 -3.601009e+00
7.917208e+01 1.054169e+01 -3.605716e+00
7.918208e+01 1.057740e+01 -3.610354e+00
7.919208e+01 1.067916e+01 -3.614921e+00
7.920208e+01 1.059634e+01 -3.619420e+00
7.921208e+01 1.060379e+01 -3.623850e+00
7.922208e+01 1.056570e+01 -3.628213e+00
7.923208e+01 1.068375e+01 -3.632508e+00
7.924208e+01 1.062415e+01 -3.636736e+00
7.925207e+01 1.061609e+01 -3.640898e+00
7.926207e+01 1.058982e+01 -3.644994e+00
7.927207e+01 1.063150e+01 -3.649025e+00
7.928207e+01 1.064852e+01 -3.652991e+00
7.929207e+01 1.065944e+01 -3.656892e+00
7.930207e+01 1.051494e+01 -3.660730e+00
7.931207e+01 1.057377e+01 -3.664505e+00
7.932207e+01 1.057872e+01 -3.668217e+00
7.933207e+01 1.054802e+01 -3.671866e+00
7.934207e+01 1.037284e+01 -3.675454e+00
7.935206e+01 1.040101e+01 -3.678980e+00
7.936206e+01 1.038632e+01 -3.682446e+00
7.937206e+01 1.030929e+01 -3.685851e+00
7.938206e+01 1.034205e+01 -3.689196e+00
7.939206e+01 1.022503e+01 -3.692482e+00
7.940206e+01 1.021398e+01 -3.695709e+00
7.941206e+01 1.016655e+01 -3.698877e+00
7.942206e+01 1.013269e+01 -3.701987e+00
7.943206e+01 1.005007e+01 -3.705040e+00
7.944206e+01 9.937594e+00 -3.708036e+00
7.945205e+01 9.967033e+00 -3.710974e+00
7.946205e+01 9.959445e+00 -3.713857e+00
7.947205e+01 9.811832e+00 -3.716684e+00
7.948205e+01 9.800180e+00 -3.719455e+00
7.949205e+01 9.599977e+00 -3.722172e+00
7.950205e+01 9.617901e+00 -3.724834e+00
7.951205e+01 9.535197e+00 -3.727442e+00
7.952205e+01 9.451617e+00 -3.729997e+00
7.953205e+01 9.352156e+00 -3.732498e+00
7.954205e+01 9.359225e+00 -3.734947e+00
7.955204e+01 9.215012e+00 -3.737343e+00
7.956204e+01 9.202504e+00 -3.739688e+00
7.957204e+01 9.239177e+00 -3.741981e+00
7.958204e+01 9.113284e+00 -3.744223e+00
7.959204e+01 9.027818e+00 -3.746414e+00
7.960204e+01 9.023801e+00 -3.748555e+00
7.961204e+01 8.971986e+00 -3.750647e+00
7.962204e+01 8.822652e+00 -3.752688e+00
7.963204e+01 8.812898e+00 -3.754681e+00
7.964204e+01 8.717567e+00 -3.756625e+00
7.965203e+01 8.816824e+00 -3.758521e+00
7.966203e+01 8.756681e+00 -3.760370e+00
7.967203e+01 8.755431e+00 -3.762170e+00
7.968203e+01 8.687139e+00 -3.763924e+00
7.969203e+01 8.558664e+00 -3.765631e+00
7.970203e+01 8.546654e+00 -3.767292e+00
7.971203e+01 8.622957e+00 -3.768907e+00
7.972203e+01 8.564814e+00 -3.770476e+00
7.973203e+01 8.583199e+00 -3.772000e+00
7.974203e+01 8.559613e+00 -3.773480e+00
7.975202e+01 8.576137e+00 -3.774915e+00
7.976202e+01 8.572756e+00 -3.776306e+00
7.977202e+01 8.542924e+00 -3.777653e+00
7.978202e+01 8.527608e+00 -3.778957e+00
7.979202e+01 8.520819e+00 -3.780218e+00
7.980202e+01 8.651455e+00 -3.781437e+00
7.981202e+01 8.617304e+00 -3.782613e+00
7.982202e+01 8.603536e+00 -3.783748e+00
7.983202e+01 8.686613e+00 -3.784841e+00
7.984202e+01 8.747336e+00 -3.785892e+00
7.985201e+01 8.792968e+00 -3.786903e+00
7.986201e+01 8.760340e+00 -3.787874e+00
7.987201e+01 8.919815e+00 -3.788805e+00
7.988201e+01 8.860758e+00 -3.789695e+00
7.989201e+01 8.902409e+00 -3.790547e+00
7.990201e+01 8.977785e+00 -3.791359e+00
7.991201e+01 8.991902e+00 -3.792132e+00
7.992201e+01 9.050963e+00 -3.792867e+00
7.993201e+01 9.121155e+00 -3.793564e+00
7.994201e+01 9.206569e+00 -3.794223e+00
7.995200e+01 9.190179e+00 -3.794845e+00
7.996200e+01 9.256228e+00 -3.795429e+00
7.997200e+01 9.305925e+00 -3.795977e+00
7.998200e+01 9.423257e+00 -3.796489e+00
7.999200e+01 9.442809e+00 -3.796964e+00
8.000200e+01 9.502880e+00 -3.797403e+00
8.001200e+01 9.565578e+00 -3.797807e+00
8.002200e+01 9.690932e+00 -3.798176e+00
8.003200e+01 9.611184e+00 -3.798509e+00
8.004200e+01 9.778046e+00 -3.798808e+00
8.005199e+01 9.906371e+00 -3.799073e+00
8.006199e+01 9.878249e+00 -3.799304e+00
8.007199e+01 9.975634e+00 -3.799501e+00
8.008199e+01 9.973823e+00 -3.799665e+00
8.009199e+01 1.007216e+01 -3.799796e+00
8.010199e+01 1.015129e+01 -3.799894e+00
8.011199e+01 1.014849e+01 -3.799959e+00
8.012199e+01 1.021568e+01 -3.799993e+00
8.013199e+01 1.028506e+01 -3.799994e+00
8.014199e+01 1.024875e+01 -3.799964e+00
8.015198e+01 1.028664e+01 -3.799902e+00
8.016198e+01 1.038566e+01 -3.799810e+00
8.017198e+01 1.035839e+01 -3.799687e+00
8.018198e+01 1.040927e+01 -3.799533e+00
8.019198e+01 1.043794e+01 -3.799349e+00
8.020198e+01 1.035196e+01 -3.799135e+00
8.021198e+01 1.050020e+01 -3.798891e+00
8.022198e+01 1.061210e+01 -3.798619e+00
8.023198e+01 1.040609e+01 -3.798317e+00
8.024198e+01 1.039809e+01 -3.797986e+00
8.025197e+01 1.035845e+01 -3.797626e+00
8.026197e+01 1.052885e+01 -3.797239e+00
8.027197e+01 1.049675e+01 -3.796823e+00
8.028197e+01 1.040380e+01 -3.796380e+00
8.029197e+01 1.041711e+01 -3.795909e+00
8.030197e+01 1.049039e+01 -3.795410e+00
8.031197e+01 1.039100e+01 -3.794885e+00
8.032197e+01 1.034732e+01 -3.794333e+00
8.033197e+01 1.032059e+01 -3.793755e+00
8.034197e+01 1.027188e+01 -3.793151e+00
8.035196e+01 1.023986e+01 -3.792520e+00
8.036196e+01 1.022394e+01 -3.791864e+00
8.037196e+01 1.017856e+01 -3.791182e+00
8.038196e+01 1.009812e+01 -3.790475e+00
8.039196e+01 1.003427e+01 -3.789743e+00
8.040196e+01 1.005865e+01 -3.788987e+00
8.041196e+01 9.848192e+00 -3.788205e+00
8.042196e+01 9.973056e+00 -3.787400e+00
8.043196e+01 9.837612e+00 -3.786571e+00
8.044196e+01 9.900610e+00 -3.785717e+00
8.045195e+01 9.677053e+00 -3.784841e+00
8.046195e+01 9.662169e+00 -3.783941e+00
8.047195e+01 9.696646e+00 -3.783017e+00
8.048195e+01 9.589096e+00 -3.782071e+00
8.049195e+01 9.454369e+00 -3.781103e+00
8.050195e+01 9.346439e+00 -3.780112e+00
8.051195e+01 9.218891e+00 -3.779098e+00
8.052195e+01 9.348944e+00 -3.778063e+00
8.053195e+01 9.210881e+00 -3.777006e+00
8.054195e+01 9.091880e+00 -3.775928e+00
8.055194e+01 9.206132e+00 -3.774828e+00
8.056194e+01 8.968060e+00 -3.773707e+00
8.057194e+01 8.941110e+00 -3.772565e+00
8.058194e+01 8.847429e+00 -3.771403e+00
8.059194e+01 8.829329e+00 -3.770220e+00
8.060194e+01 8.686812e+00 -3.769017e+00
8.061194e+01 8.753124e+00 -3.767793e+00
8.062194e+01 8.695891e+00 -3.766550e+00
8.063194e+01 8.651079e+00 -3.765288e+00
8.064194e+01 8.600328e+00 -3.764006e+00
8.065193e+01 8.642784e+00 -3.762704e+00
8.066193e+01 8.580669e+00 -3.761384e+00
8.067193e+01 8.513535e+00 -3.760044e+00
8.068193e+01 8.455655e+00 -3.758687e+00
8.069193e+01 8.417890e+00 -3.757310e+00
8.070193e+01 8.426657e+00 -3.755916e+00
8.071193e+01 8.355271e+00 -3.754503e+00
8.072193e+01 8.462630e+00 -3.753072e+00
8.073193e+01 8.319582e+00 -3.751624e+00
8.074193e+01 8.280821e+00 -3.750158e+00
8.075192e+01 8.386866e+00 -3.748675e+00
8.076192e+01 8.281672e+00 -3.747175e+00
8.077192e+01 8.391844e+00 -3.745657e+00
8.078192e+01 8.334660e+00 -3.744123e+00
8.079192e+01 8.339286e+00 -3.742573e+00
8.080192e+01 8.354880e+00 -3.741006e+00
8.081192e+01 8.471933e+00 -3.739422e+00
8.082192e+01 8.468055e+00 -3.737823e+00
8.083192e+01 8.512985e+00 -3.736208e+00
8.084192e+01 8.478902e+00 -3.734576e+00
8.085191e+01 8.554777e+00 -3.732930e+00
8.086191e+01 8.597634e+00 -3.731268e+00
8.087191e+01 8.591533e+00 -3.729590e+00
8.088191e+01 8.651633e+00 -3.727898e+00
8.089191e+01 8.676793e+00 -3.726190e+00
8.090191e+01 8.762144e+00 -3.724468e+00
8.091191e+01 8.765491e+00 -3.722731e+00
8.092191e+01 8.861958e+00 -3.720980e+00
8.093191e+01 8.911497e+00 -3.719215e+00
8.094191e+01 8.899303e+00 -3.717435e+00
8.095190e+01 9.013289e+00 -3.715641e+00
8.096190e+01 9.060509e+00 -3.713834e+00
8.097190e+01 9.265425e+00 -3.712012e+00
8.098190e+01 9.186516e+00 -3.710178e+00
8.099190e+01 9.268986e+00 -3.708329e+00
8.100190e+01 9.252620e+00 -3.706468e+00
8.101190e+01 9.316196e+00 -3.704593e+00
8.102190e+01 9.471747e+00 -3.702706e+00
8.103190e+01 9.465484e+00 -3.700805e+00
8.104190e+01 9.475983e+00 -3.698892e+00
8.105189e+01 9.573197e+00 -3.696967e+00
8.106189e+01 9.706446e+00 -3.695029e+00
8.107189e+01 9.621103e+00 -3.693078e+00
8.108189e+01 9.835370e+00 -3.691116e+00
8.109189e+01 9.892352e+00 -3.689141e+00
8.110189e+01 9.867431e+00 -3.687155e+00
8.111189e+01 9.916218e+00 -3.685156e+00
8.112189e+01 9.945074e+00 -3.683146e+00
8.113189e+01 1.012141e+01 -3.681125e+00
8.114189e+01 9.973486e+00 -3.679092e+00
8.115188e+01 1.005422e+01 -3.677048e+00
8.116188e+01 1.013245e+01 -3.674993e+00
8.117188e+01 1.009876e+01 -3.672926e+00
8.118188e+01 1.021850e+01 -3.670849e+00
8.119188e+01 1.015392e+01 -3.668761e+00
8.120188e+01 1.020152e+01 -3.666662e+00
8.121188e+01 1.022960e+01 -3.664553e+00
8.122188e+01 1.016600e+01 -3.662433e+00
8.123188e+01 1.019856e+01 -3.660303e+00
8.124188e+01 1.029349e+01 -3.658163e+00
8.125187e+01 1.017214e+01 -3.656012e+00
8.126187e+01 1.020704e+01 -3.653851e+00
8.127187e+01 1.023892e+01 -3.651681e+00
8.128187e+01 1.022138e+01 -3.649501e+00
8.129187e+01 1.008251e+01 -3.647310e+00
8.130187e+01 1.024029e+01 -3.645111e+00
8.131187e+01 1.011290e+01 -3.642902e+00
8.132187e+01 1.013244e+01 -3.640683e+00
8.133187e+01 1.012173e+01 -3.638455e+00
8.134187e+01 1.015738e+01 -3.636218e+00
8.135186e+01 1.006012e+01 -3.633971e+00
8.136186e+01 9.933971e+00 -3.631716e+00
8.137186e+01 9.915577e+00 -3.629452e+00
8.138186e+01 9.877575e+00 -3.627178e+00
8.139186e+01 9.893405e+00 -3.624897e+00
8.140186e+01 9.751436e+00 -3.622606e+00
8.141186e+01 9.720864e+00 -3.620307e+00
8.142186e+01 9.742699e+00 -3.617999e+00
8.143186e+01 9.654773e+00 -3.615683e+00
8.144186e+01 9.539352e+00 -3.613358e+00
8.145185e+01 9.507378e+00 -3.611025e+00
8.146185e+01 9.440358e+00 -3.608684e+00
8.147185e+01 9.307154e+00 -3.606335e+00
8.148185e+01 9.318083e+00 -3.603978e+00
8.149185e+01 9.219175e+00 -3.601613e+00
8.150185e+01 9.108728e+00 -3.599240e+00
8.151185e+01 9.097890e+00 -3.596860e+00
8.152185e+01 9.044509e+00 -3.594471e+00
8.153185e+01 8.939548e+00 -3.592075e+00
8.154185e+01 8.838486e+00 -3.589672e+00
8.155184e+01 8.826937e+00 -3.587260e+00
8.156184e+01 8.763160e+00 -3.584842e+00
8.157184e+01 8.768440e+00 -3.582416e+00
8.158184e+01 8.611095e+00 -3.579983e+00
8.159184e+01 8.574623e+00 -3.577542e+00
8.160184e+01 8.522956e+00 -3.575095e+00
8.161184e+01 8.454861e+00 -3.572640e+00
8.162184e+01 8.411987e+00 -3.570178e+00
8.163184e+01 8.388644e+00 -3.567709e+00
8.164184e+01 8.340654e+00 -3.565234e+00
8.165183e+01 8.302617e+00 -3.562751e+00
8.166183e+01 8.228023e+00 -3.560262e+00
8.167183e+01 8.261733e+00 -3.557766e+00
8.168183e+01 8.300263e+00 -3.555263e+00
8.169183e+01 8.174985e+00 -3.552754e+00
8.170183e+01 8.171374e+00 -3.550238e+00
8.171183e+01 8.182701e+00 -3.547716e+00
8.172183e+01 8.164081e+00 -3.545187e+00
8.173183e+01 8.104721e+00 -3.542652e+00
8.174183e+01 8.205432e+00 -3.540110e+00
8.175182e+01 8.155951e+00 -3.537562e+00
8.176182e+01 8.089286e+00 -3.535008e+00
8.177182e+01 8.100200e+00 -3.532447e+00
8.178182e+01 8.204347e+00 -3.529881e+00
8.179182e+01 8.105867e+00 -3.527308e+00
8.180182e+01 8.147097e+00 -3.524730e+00
8.181182e+01 8.164516e+00 -3.522145e+00
8.182182e+01 8.128952e+00 -3.519554e+00
8.183182e+01 8.221666e+00 -3.516958e+00
8.184182e+01 8.233211e+00 -3.514355e+00
8.185181e+01 8.353355e+00 -3.511747e+00
8.186181e+01 8.316817e+00 -3.509133e+00
8.187181e+01 8.363363e+00 -3.506513e+00
8.188181e+01 8.430202e+00 -3.503887e+00
8.189181e+01 8.554602e+00 -3.501256e+00
8.190181e+01 8.458277e+00 -3.498619e+00
8.191181e+01 8.577007e+00 -3.495977e+00
8.192181e+01 8.572704e+00 -3.493329e+00
8.193181e+01 8.618208e+00 -3.490675e+00
8.194181e+01 8.614457e+00 -3.488016e+00
8.195180e+01 8.771861e+00 -3.485352e+00
8.196180e+01 8.851630e+00 -3.482682e+00
8.197180e+01 8.898661e+00 -3.480007e+00
8.198180e+01 8.956257e+00 -3.477326e+00
8.199180e+01 8.909539e+00 -3.474640e+00
8.200180e+01 9.099723e+00 -3.471949e+00
8.201180e+01 9.048253e+00 -3.469252e+00
8.202180e+01 9.245300e+00 -3.466551e+00
8.203180e+01 9.218970e+00 -3.463844e+00
8.204180e+01 9.273058e+00 -3.461132e+00
8.205179e+01 9.441425e+00 -3.458415e+00
8.206179e+01 9.356594e+00 -3.455693e+00
8.207179e+01 9.465502e+00 -3.452965e+00
8.208179e+01 9.436755e+00 -3.450233e+00
8.209179e+01 9.596142e+00 -3.447496e+00
8.210179e+01 9.561786e+00 -3.444753e+00
8.211179e+01 9.676327e+00 -3.442006e+00
8.212179e+01 9.700902e+00 -3.439254e+00
8.213179e+01 9.713415e+00 -3.436497e+00
8.214179e+01 9.760883e+00 -3.433735e+00
8.215178e+01 9.849896e+00 -3.430968e+00
8.216178e+01 9.792160e+00 -3.428196e+00
8.217178e+01 9.916615e+00 -3.425420e+00
8.218178e+01 9.931394e+00 -3.422639e+00
8.219178e+01 9.979704e+00 -3.419853e+00
8.220178e+01 9.983566e+00 -3.417062e+00
8.221178e+01 9.993871e+00 -3.414267e+00
8.222178e+01 9.996559e+00 -3.411466e+00
8.223178e+01 9.951768e+00 -3.408662e+00
8.224178e+01 1.006430e+01 -3.405852e+00
8.225177e+01 9.961478e+00 -3.403038e+00
8.226177e+01 9.924379e+00 -3.400219e+00
8.227177e+01 1.002593e+01 -3.397396e+00
8.228177e+01 9.950623e+00 -3.394568e+00
8.229177e+01 9.903899e+00 -3.391736e+00
8.230177e+01 9.895485e+00 -3.388899e+00
8.231177e+01 9.770471e+00 -3.386058e+00
8.232177e+01 9.920056e+00 -3.383212e+00
8.233177e+01 9.952645e+00 -3.380362e+00
8.234177e+01 9.858286e+00 -3.377507e+00
8.235176e+01 9.766447e+00 -3.374648e+00
8.236176e+01 9.664940e+00 -3.371784e+00
8.237176e+01 9.660211e+00 -3.368916e+00
8.238176e+01 9.611929e+00 -3.366043e+00
8.239176e+01 9.586898e+00 -3.363167e+00
8.240176e+01 9.515101e+00 -3.360286e+00
8.241176e+01 9.485037e+00 -3.357400e+00
8.242176e+01 9.347896e+00 -3.354510e+00
8.243176e+01 9.434718e+00 -3.351616e+00
8.244176e+01 9.241850e+00 -3.348718e+00
8.245175e+01 9.221683e+00 -3.345816e+00
8.246175e+01 9.156860e+00 -3.342909e+00
8.247175e+01 9.108211e+00 -3.339998e+00
8.248175e+01 8.976123e+00 -3.337083e+00
8.249175e+01 8.991549e+00 -3.334163e+00
8.250175e+01 8.903738e+00 -3.331240e+00
8.251175e+01 8.812956e+00 -3.328312e+00
8.252175e+01 8.816581e+00 -3.325380e+00
8.253175e+01 8.759045e+00 -3.322444e+00
8.254175e+01 8.673960e+00 -3.319504e+00
8.255174e+01 8.527382e+00 -3.316560e+00
8.256174e+01 8.596538e+00 -3.313612e+00
8.257174e+01 8.393309e+00 -3.310659e+00
8.258174e+01 8.367936e+00 -3.307703e+00
8.259174e+01 8.370205e+00 -3.304742e+00
8.260174e+01 8.282694e+00 -3.301778e+00
8.261174e+01 8.193232e+00 -3.298810e+00
8.262174e+01 8.125241e+00 -3.295837e+00
8.263174e+01 8.141117e+00 -3.292861e+00
8.264174e+01 8.102163e+00 -3.289880e+00
8.265173e+01 8.026351e+00 -3.286896e+00
8.266173e+01 7.973172e+00 -3.283908e+00
8.267173e+01 8.001779e+00 -3.280916e+00
8.268173e+01 7.972043e+00 -3.277920e+00
8.269173e+01 7.960460e+00 -3.274920e+00
8.270173e+01 7.883365e+00 -3.271916e+00
8.271173e+01 7.838350e+00 -3.268909e+00
8.272173e+01 7.858415e+00 -3.265897e+00
8.273173e+01 7.831243e+00 -3.262882e+00
8.274173e+01 7.828964e+00 -3.259863e+00
8.275172e+01 7.850060e+00 -3.256840e+00
8.276172e+01 7.842293e+00 -3.253814e+00
8.277172e+01 7.754028e+00 -3.250783e+00
8.278172e+01 7.855152e+00 -3.247749e+00
8.279172e+01 7.874495e+00 -3.244712e+00
8.280172e+01 8.078978e+00 -3.241670e+00
8.281172e+01 7.958931e+00 -3.238625e+00
8.282172e+01 7.955600e+00 -3.235576e+00
8.283172e+01 8.060636e+00 -3.232524e+00
8.284172e+01 8.014283e+00 -3.229468e+00
8.285171e+01 8.022685e+00 -3.226408e+00
8.286171e+01 8.063562e+00 -3.223345e+00
8.287171e+01 8.017335e+00 -3.220278e+00
8.288171e+01 8.242997e+00 -3.217208e+00
8.289171e+01 8.239269e+00 -3.214134e+00
8.290171e+01 8.248857e+00 -3.211057e+00
8.291171e+01 8.331074e+00 -3.207976e+00
8.292171e+01 8.346840e+00 -3.204891e+00
8.293171e+01 8.382221e+00 -3.201804e+00
8.294171e+01 8.380723e+00 -3.198712e+00
8.295170e+01 8.510822e+00 -3.195618e+00
8.296170e+01 8.608880e+00 -3.192520e+00
8.297170e+01 8.697906e+00 -3.189418e+00
8.298170e+01 8.660799e+00 -3.186314e+00
8.299170e+01 8.672485e+00 -3.183205e+00
8.300170e+01 8.792359e+00 -3.180094e+00
8.301170e+01 8.860172e+00 -3.176979e+00
8.302170e+01 8.946619e+00 -3.173861e+00
8.303170e+01 8.973606e+00 -3.170740e+00
8.304170e+01 9.081487e+00 -3.167616e+00
8.305169e+01 9.112569e+00 -3.164488e+00
8.306169e+01 9.209000e+00 -3.161357e+00
8.307169e+01 9.228869e+00 -3.158223e+00
8.308169e+01 9.246613e+00 -3.155086e+00
8.309169e+01 9.344002e+00 -3.151946e+00
8.310169e+01 9.325636e+00 -3.148802e+00
8.311169e+01 9.382561e+00 -3.145656e+00
8.312169e+01 9.381775e+00 -3.142507e+00
8.313169e+01 9.463942e+00 -3.139354e+00
8.314169e+01 9.432223e+00 -3.136199e+00
8.315168e+01 9.419591e+00 -3.133040e+00
8.316168e+01 9.615212e+00 -3.129879e+00
8.317168e+01 9.600647e+00 -3.126715e+00
8.318168e+01 9.632416e+00 -3.123548e+00
8.319168e+01 9.600989e+00 -3.120378e+00
8.320168e+01 9.597633e+00 -3.117205e+00
8.321168e+01 9.653879e+00 -3.114030e+00
8.322168e+01 9.649179e+00 -3.110851e+00
8.323168e+01 9.796234e+00 -3.107670e+00
8.324168e+01 9.691122e+00 -3.104486e+00
8.325167e+01 9.670698e+00 -3.101300e+00
8.326167e+01 9.770017e+00 -3.098111e+00
8.327167e+01 9.743850e+00 -3.094919e+00
8.328167e+01 9.685857e+00 -3.091724e+00
8.329167e+01 9.700017e+00 -3.088527e+00
8.330167e+01 9.563875e+00 -3.085328e+00
8.331167e+01 9.630127e+00 -3.082126e+00
8.332167e+01 9.594428e+00 -3.078921e+00
8.333167e+01 9.625213e+00 -3.075715e+00
8.334167e+01 9.521110e+00 -3.072505e+00
8.335166e+01 9.402282e+00 -3.069293e+00
8.336166e+01 9.386226e+00 -3.066079e+00
8.337166e+01 9.460300e+00 -3.062863e+00
8.338166e+01 9.281590e+00 -3.059644e+00
8.339166e+01 9.194975e+00 -3.056424e+00
8.340166e+01 9.203275e+00 -3.053200e+00
8.341166e+01 9.243785e+00 -3.049975e+00
8.342166e+01 8.983633e+00 -3.046748e+00
8.343166e+01 9.091671e+00 -3.043518e+00
8.344166e+01 9.005237e+00 -3.040287e+00
8.345165e+01 8.932192e+00 -3.037053e+00
8.346165e+01 8.869158e+00 -3.033817e+00
8.347165e+01 8.822003e+00 -3.030580e+00
8.348165e+01 8.715038e+00 -3.027340e+00
8.349165e+01 8.689208e+00 -3.024099e+00
8.350165e+01 8.532545e+00 -3.020856e+00
8.351165e+01 8.507500e+00 -3.017611e+00
8.352165e+01 8.491156e+00 -3.014364e+00
8.353165e+01 8.303618e+00 -3.011115e+00
8.354165e+01 8.370665e+00 -3.007865e+00
8.355164e+01 8.283196e+00 -3.004613e+00
8.356164e+01 8.216862e+00 -3.001360e+00
8.357164e+01 8.187355e+00 -2.998105e+00
8.358164e+01 8.144209e+00 -2.994848e+00
8.359164e+01 8.011949e+00 -2.991590e+00
8.360164e+01 7.972339e+00 -2.988330e+00
8.361164e+01 8.006239e+00 -2.985069e+00
8.362164e+01 7.949399e+00 -2.981807e+00
8.363164e+01 7.754911e+00 -2.978543e+00
8.364164e+01 7.668688e+00 -2.975279e+00
8.365163e+01 7.795595e+00 -2.972012e+00
8.366163e+01 7.788325e+00 -2.968745e+00
8.367163e+01 7.647517e+00 -2.965477e+00
8.368163e+01 7.663323e+00 -2.962207e+00
8.369163e+01 7.512273e+00 -2.958937e+00
8.370163e+01 7.540197e+00 -2.955665e+00
8.371163e+01 7.530985e+00 -2.952393e+00
8.372163e+01 7.499147e+00 -2.949119e+00
8.373163e+01 7.493245e+00 -2.945845e+00
8.374163e+01 7.579968e+00 -2.942570e+00
8.375162e+01 7.427412e+00 -2.939294e+00
8.376162e+01 7.530545e+00 -2.936017e+00
8.377162e+01 7.561908e+00 -2.932740e+00
8.378162e+01 7.576116e+00 -2.929462e+00
8.379162e+01 7.551024e+00 -2.926183e+00
8.380162e+01 7.565848e+00 -2.922904e+00
8.381162e+01 7.592457e+00 -2.919625e+00
8.382162e+01 7.650759e+00 -2.916345e+00
8.383162e+01 7.587304e+00 -2.913064e+00
8.384162e+01 7.677222e+00 -2.909784e+00
8.385161e+01 7.722400e+00 -2.906503e+00
8.386161e+01 7.650507e+00 -2.903221e+00
8.387161e+01 7.754431e+00 -2.899940e+00
8.388161e+01 7.778977e+00 -2.896658e+00
8.389161e+01 7.905122e+00 -2.893377e+00
8.390161e+01 7.952492e+00 -2.890095e+00
8.391161e+01 8.017561e+00 -2.886814e+00
8.392161e+01 8.013295e+00 -2.883532e+00
8.393161e+01 7.976117e+00 -2.880251e+00
8.394161e+01 8.148629e+00 -2.876970e+00
8.395160e+01 8.171631e+00 -2.873689e+00
8.396160e+01 8.263422e+00 -2.870408e+00
8.397160e+01 8.247820e+00 -2.867128e+00
8.398160e+01 8.320644e+00 -2.863848e+00
8.399160e+01 8.371199e+00 -2.860568e+00
8.400160e+01 8.466315e+00 -2.857290e+00
8.401160e+01 8.414463e+00 -2.854011e+00
8.402160e+01 8.505607e+00 -2.850734e+00
8.403160e+01 8.603057e+00 -2.847456e+00
8.404160e+01 8.682861e+00 -2.844180e+00
8.405159e+01 8.703025e+00 -2.840905e+00
8.406159e+01 8.775951e+00 -2.837630e+00
8.407159e+01 8.913327e+00 -2.834356e+00
8.408159e+01 8.888315e+00 -2.831083e+00
8.409159e+01 8.993872e+00 -2.827812e+00
8.410159e+01 9.055122e+00 -2.824541e+00
8.411159e+01 9.055820e+00 -2.821271e+00
8.412159e+01 9.070524e+00 -2.818003e+00
8.413159e+01 9.115535e+00 -2.814736e+00
8.414159e+01 9.173899e+00 -2.811470e+00
8.415158e+01 9.162719e+00 -2.808206e+00
8.416158e+01 9.340063e+00 -2.804943e+00
8.417158e+01 9.250744e+00 -2.801681e+00
8.418158e+01 9.245474e+00 -2.798421e+00
8.419158e+01 9.275963e+00 -2.795163e+00
8.420158e+01 9.367159e+00 -2.791906e+00
8.421158e+01 9.365315e+00 -2.788651e+00
8.422158e+01 9.389441e+00 -2.785397e+00
8.423158e+01 9.397416e+00 -2.782146e+00
8.424158e+01 9.291914e+00 -2.778896e+00
8.425157e+01 9.349693e+00 -2.775649e+00
8.426157e+01 9.377438e+00 -2.772403e+00
8.427157e+01 9.314826e+00 -2.769160e+00
8.428157e+01 9.318802e+00 -2.765918e+00
8.429157e+01 9.375416e+00 -2.762679e+00
8.430157e+01 9.243631e+00 -2.759442e+00
8.431157e+01 9.264737e+00 -2.756208e+00
8.432157e+01 9.205032e+00 -2.752976e+00
8.433157e+01 9.190679e+00 -2.749746e+00
8.434157e+01 9.155330e+00 -2.746518e+00
8.435156e+01 9.073110e+00 -2.743294e+00
8.436156e+01 9.025653e+00 -2.740072e+00
8.437156e+01 9.078717e+00 -2.736852e+00
8.438156e+01 8.947501e+00 -2.733635e+00
8.439156e+01 8.950831e+00 -2.730421e+00
8.440156e+01 8.888519e+00 -2.727210e+00
8.441156e+01 8.833217e+00 -2.724002e+00
8.442156e+01 8.788902e+00 -2.720797e+00
8.443156e+01 8.644191e+00 -2.717595e+00
8.444156e+01 8.757555e+00 -2.714396e+00
8.445155e+01 8.564661e+00 -2.711200e+00
8.446155e+01 8.563408e+00 -2.708007e+00
8.447155e+01 8.459760e+00 -2.704818e+00
8.448155e+01 8.446340e+00 -2.701632e+00
8.449155e+01 8.342687e+00 -2.698449e+00
8.450155e+01 8.273256e+00 -2.695270e+00
8.451155e+01 8.202988e+00 -2.692094e+00
8.452155e+01 8.184520e+00 -2.688922e+00
8.453155e+01 8.117768e+00 -2.685754e+00
8.454155e+01 8.048410e+00 -2.682589e+00
8.455154e+01 7.916121e+00 -2.679428e+00
8.456154e+01 7.836498e+00 -2.676271e+00
8.457154e+01 7.669129e+00 -2.673117e+00
8.458154e+01 7.812177e+00 -2.669968e+00
8.459154e+01 7.680457e+00 -2.666822e+00
8.460154e+01 7.633633e+00 -2.663681e+00
8.461154e+01 7.653165e+00 -2.660544e+00
8.462154e+01 7.566514e+00 -2.657411e+00
8.463154e+01 7.418494e+00 -2.654282e+00
8.464154e+01 7.414884e+00 -2.651157e+00
8.465153e+01 7.407234e+00 -2.648037e+00
8.466153e+01 7.343689e+00 -2.644921e+00
8.467153e+01 7.281273e+00 -2.641810e+00
8.468153e+01 7.315649e+00 -2.638703e+00
8.469153e+01 7.326487e+00 -2.635601e+00
8.470153e+01 7.284730e+00 -2.632503e+00
8.471153e+01 7.187815e+00 -2.629411e+00
8.472153e+01 7.123244e+00 -2.626322e+00
8.473153e+01 7.187966e+00 -2.623239e+00
8.474153e+01 7.237553e+00 -2.620161e+00
8.475152e+01 7.138596e+00 -2.617087e+00
8.476152e+01 7.236044e+00 -2.614018e+00
8.477152e+01 7.248661e+00 -2.610955e+00
8.478152e+01 7.134251e+00 -2.607896e+00
8.479152e+01 7.102999e+00 -2.604843e+00
8.480152e+01 7.193520e+00 -2.601795e+00
8.481152e+01 7.241114e+00 -2.598752e+00
8.482152e+01 7.164182e+00 -2.595714e+00
8.483152e+01 7.225243e+00 -2.592682e+00
8.484152e+01 7.249565e+00 -2.589655e+00
8.485151e+01 7.375327e+00 -2.586634e+00
8.486151e+01 7.400970e+00 -2.583618e+00
8.487151e+01 7.406916e+00 -2.580608e+00
8.488151e+01 7.425912e+00 -2.577603e+00
8.489151e+01 7.481737e+00 -2.574604e+00
8.490151e+01 7.532988e+00 -2.571610e+00
8.491151e+01 7.602841e+00 -2.568623e+00
8.492151e+01 7.665253e+00 -2.565641e+00
8.493151e+01 7.676938e+00 -2.562665e+00
8.494151e+01 7.780700e+00 -2.559695e+00
8.495150e+01 7.898919e+00 -2.556731e+00
8.496150e+01 7.897410e+00 -2.553773e+00
8.497150e+01 7.954829e+00 -2.550821e+00
8.498150e+01 8.005385e+00 -2.547876e+00
8.499150e+01 8.033966e+00 -2.544936e+00
8.500150e+01 8.076798e+00 -2.542003e+00
8.501150e+01 8.127768e+00 -2.539076e+00
8.502150e+01 8.257188e+00 -2.536155e+00
8.503150e+01 8.200984e+00 -2.533240e+00
8.504150e+01 8.271294e+00 -2.530332e+00
8.505149e+01 8.434233e+00 -2.527430e+00
8.506149e+01 8.507057e+00 -2.524535e+00
8.507149e+01 8.529018e+00 -2.521646e+00
8.508149e+01 8.502911e+00 -2.518764e+00
8.509149e+01 8.633082e+00 -2.515889e+00
8.510149e+01 8.602656e+00 -2.513020e+00
8.511149e+01 8.662638e+00 -2.510158e+00
8.512149e+01 8.701920e+00 -2.507302e+00
8.513149e+01 8.887203e+00 -2.504454e+00
8.514149e+01 8.871793e+00 -2.501612e+00
8.515148e+01 8.833139e+00 -2.498777e+00
8.516148e+01 8.898753e+00 -2.495949e+00
8.517148e+01 8.976933e+00 -2.493128e+00
8.518148e+01 8.928298e+00 -2.490313e+00
8.519148e+01 8.917968e+00 -2.487506e+00
8.520148e+01 8.872080e+00 -2.484706e+00
8.521148e+01 8.993366e+00 -2.481913e+00
8.522148e+01 9.037943e+00 -2.479127e+00
8.523148e+01 9.037541e+00 -2.476348e+00
8.524148e+01 9.012861e+00 -2.473576e+00
8.525147e+01 9.087861e+00 -2.470812e+00
8.526147e+01 9.096092e+00 -2.468055e+00
8.527147e+01 8.931412e+00 -2.465305e+00
8.528147e+01 8.918271e+00 -2.462562e+00
8.529147e+01 8.931509e+00 -2.459827e+00
8.530147e+01 8.975782e+00 -2.457099e+00
8.531147e+01 8.869347e+00 -2.454379e+00
8.532147e+01 8.925546e+00 -2.451666e+00
8.533147e+01 8.858658e+00 -2.448960e+00
8.534147e+01 8.763202e+00 -2.446262e+00
8.535146e+01 8.751647e+00 -2.443572e+00
8.536146e+01 8.729861e+00 -2.440889e+00
8.537146e+01 8.642797e+00 -2.438213e+00
8.538146e+01 8.619633e+00 -2.435546e+00
8.539146e+01 8.592494e+00 -2.432885e+00
8.540146e+01 8.471173e+00 -2.430233e+00
8.541146e+01 8.501993e+00 -2.427588e+00
8.542146e+01 8.394110e+00 -2.424951e+00
8.543146e+01 8.373652e+00 -2.422321e+00
8.544146e+01 8.326107e+00 -2.419700e+00
8.545145e+01 8.199214e+00 -2.417086e+00
8.546145e+01 8.104287e+00 -2.414480e+00
8.547145e+01 8.102402e+00 -2.411881e+00
8.548145e+01 8.128329e+00 -2.409291e+00
8.549145e+01 7.933844e+00 -2.406708e+00
8.550145e+01 7.958108e+00 -2.404133e+00
8.551145e+01 7.905249e+00 -2.401566e+00
8.552145e+01 7.736742e+00 -2.399007e+00
8.553145e+01 7.724046e+00 -2.396456e+00
8.554145e+01 7.729325e+00 -2.393912e+00
8.555144e+01 7.559399e+00 -2.391377e+00
8.556144e+01 7.462952e+00 -2.388850e+00
8.557144e+01 7.360205e+00 -2.386330e+00
8.558144e+01 7.403710e+00 -2.383819e+00
8.559144e+01 7.306002e+00 -2.381315e+00
8.560144e+01 7.287855e+00 -2.378819e+00
8.561144e+01 7.193269e+00 -2.376332e+00
8.562144e+01 7.139246e+00 -2.373852e+00
8.563144e+01 7.173743e+00 -2.371381e+00
8.564144e+01 7.051130e+00 -2.368917e+00
8.565143e+01 7.026874e+00 -2.366462e+00
8.566143e+01 7.144905e+00 -2.364014e+00
8.567143e+01 6.905504e+00 -2.361575e+00
8.568143e+01 6.952619e+00 -2.359143e+00
8.569143e+01 6.909497e+00 -2.356720e+00
8.570143e+01 6.920871e+00 -2.354305e+00
8.571143e+01 6.849952e+00 -2.351897e+00
8.572143e+01 6.838289e+00 -2.349498e+00
8.573143e+01 6.733770e+00 -2.347107e+00
8.574143e+01 6.854066e+00 -2.344724e+00
8.575142e+01 6.879302e+00 -2.342349e+00
8.576142e+01 6.755204e+00 -2.339982e+00
8.577142e+01 6.706842e+00 -2.337623e+00
8.578142e+01 6.803332e+00 -2.335272e+00
8.579142e+01 6.778727e+00 -2.332929e+00
8.580142e+01 6.786750e+00 -2.330594e+00
8.581142e+01 6.837166e+00 -2.328267e+00
8.582142e+01 6.853712e+00 -2.325948e+00
8.583142e+01 7.022452e+00 -2.323637e+00
8.584142e+01 6.943599e+00 -2.321334e+00
8.585141e+01 6.943634e+00 -2.319040e+00
8.586141e+01 6.928633e+00 -2.316753e+00
8.587141e+01 7.114807e+00 -2.314474e+00
8.588141e+01 7.050521e+00 -2.312203e+00
8.589141e+01 7.065473e+00 -2.309940e+00
8.590141e+01 7.188438e+00 -2.307685e+00
8.591141e+01 7.184433e+00 -2.305438e+00
8.592141e+01 7.250199e+00 -2.303199e+00
8.593141e+01 7.299889e+00 -2.300968e+00
8.594141e+01 7.382763e+00 -2.298744e+00
8.595140e+01 7.472118e+00 -2.296529e+00
8.596140e+01 7.492317e+00 -2.294321e+00
8.597140e+01 7.489454e+00 -2.292121e+00
8.598140e+01 7.613463e+00 -2.289929e+00
8.599140e+01 7.731858e+00 -2.287745e+00
8.600140e+01 7.725414e+00 -2.285569e+00
8.601140e+01 7.742506e+00 -2.283400e+00
8.602140e+01 7.798791e+00 -2.281239e+00
8.603140e+01 7.949138e+00 -2.279086e+00
8.604140e+01 7.926707e+00 -2.276941e+00
8.605139e+01 8.093841e+00 -2.274803e+00
8.606139e+01 8.056753e+00 -2.272673e+00
8.607139e+01 8.167624e+00 -2.270550e+00
8.608139e+01 8.257565e+00 -2.268436e+00
8.609139e+01 8.191371e+00 -2.266328e+00
8.610139e+01 8.247877e+00 -2.264229e+00
8.611139e+01 8.191319e+00 -2.262136e+00
8.612139e+01 8.373156e+00 -2.260052e+00
8.613139e+01 8.473740e+00 -2.257974e+00
8.614139e+01 8.441867e+00 -2.255904e+00
8.615138e+01 8.531393e+00 -2.253842e+00
8.616138e+01 8.377153e+00 -2.251787e+00
8.617138e+01 8.584547e+00 -2.249739e+00
8.618138e+01 8.593176e+00 -2.247699e+00
8.619138e+01 8.468715e+00 -2.245666e+00
8.620138e+01 8.583051e+00 -2.243640e+00
8.621138e+01 8.596978e+00 -2.241622e+00
8.622138e+01 8.577615e+00 -2.239610e+00
8.623138e+01 8.642525e+00 -2.237606e+00
8.624138e+01 8.605569e+00 -2.235609e+00
8.625137e+01 8.591512e+00 -2.233619e+00
8.626137e+01 8.483638e+00 -2.231636e+00
8.627137e+01 8.585104e+00 -2.229660e+00
8.628137e+01 8.505307e+00 -2.227691e+00
8.629137e+01 8.552587e+00 -2.225728e+00
8.630137e+01 8.519698e+00 -2.223773e+00
8.631137e+01 8.475121e+00 -2.221825e+00
8.632137e+01 8.432736e+00 -2.219883e+00
8.633137e+01 8.408538e+00 -2.217948e+00
8.634137e+01 8.332540e+00 -2.216020e+00
8.635136e+01 8.390118e+00 -2.214099e+00
8.636136e+01 8.358856e+00 -2.212184e+00
8.637136e+01 8.319875e+00 -2.210276e+00
8.638136e+01 8.240284e+00 -2.208375e+00
8.639136e+01 8.119201e+00 -2.206480e+00
8.640136e+01 8.053599e+00 -2.204591e+00
8.641136e+01 8.131597e+00 -2.202709e+00
8.642136e+01 8.050008e+00 -2.200833e+00
8.643136e+01 7.878956e+00 -2.198964e+00
8.644136e+01 7.852103e+00 -2.197100e+00
8.645135e+01 7.761465e+00 -2.195243e+00
8.646135e+01 7.744223e+00 -2.193393e+00
8.647135e+01 7.690863e+00 -2.191548e+00
8.648135e+01 7.693809e+00 -2.189710e+00
8.649135e+01 7.470067e+00 -2.187877e+00
8.650135e+01 7.527807e+00 -2.186051e+00
8.651135e+01 7.406713e+00 -2.184230e+00
8.652135e+01 7.347176e+00 -2.182416e+00
8.653135e+01 7.173698e+00 -2.180607e+00
8.654135e+01 7.153197e+00 -2.178804e+00
8.655134e+01 7.178957e+00 -2.177007e+00
8.656134e+01 7.114014e+00 -2.175215e+00
8.657134e+01 7.068991e+00 -2.173429e+00
8.658134e+01 7.036061e+00 -2.171649e+00
8.659134e+01 6.803797e+00 -2.169874e+00
8.660134e+01 6.839101e+00 -2.168105e+00
8.661134e+01 6.832276e+00 -2.166341e+00
8.662134e+01 6.681227e+00 -2.164582e+00
8.663134e+01 6.761461e+00 -2.162829e+00
8.664134e+01 6.707642e+00 -2.161081e+00
8.665133e+01 6.625336e+00 -2.159338e+00
8.666133e+01 6.649898e+00 -2.157601e+00
8.667133e+01 6.508711e+00 -2.155868e+00
8.668133e+01 6.409591e+00 -2.154141e+00
8.669133e+01 6.571623e+00 -2.152418e+00
8.670133e+01 6.386044e+00 -2.150701e+00
8.671133e+01 6.458034e+00 -2.148988e+00
8.672133e+01 6.455367e+00 -2.147280e+00
8.673133e+01 6.466614e+00 -2.145577e+00
8.674133e+01 6.458943e+00 -2.143878e+00
8.675132e+01 6.382210e+00 -2.142184e+00
8.676132e+01 6.426451e+00 -2.140495e+00
8.677132e+01 6.376720e+00 -2.138810e+00
8.678132e+01 6.356655e+00 -2.137130e+00
8.679132e+01 6.456256e+00 -2.135454e+00
8.680132e+01 6.357102e+00 -2.133782e+00
8.681132e+01 6.495976e+00 -2.132115e+00
8.682132e+01 6.560840e+00 -2.130451e+00
8.683132e+01 6.455209e+00 -2.128792e+00
8.684132e+01 6.520882e+00 -2.127137e+00
8.685131e+01 6.639446e+00 -2.125486e+00
8.686131e+01 6.589333e+00 -2.123839e+00
8.687131e+01 6.536207e+00 -2.122196e+00
8.688131e+01 6.707109e+00 -2.120557e+00
8.689131e+01 6.816703e+00 -2.118921e+00
8.690131e+01 6.753602e+00 -2.117290e+00
8.691131e+01 6.740533e+00 -2.115662e+00
8.692131e+01 6.834974e+00 -2.114037e+00
8.693131e+01 6.850527e+00 -2.112416e+00
8.694131e+01 6.889802e+00 -2.110798e+00
8.695130e+01 7.031012e+00 -2.109184e+00
8.696130e+01 7.094899e+00 -2.107573e+00
8.697130e+01 7.102591e+00 -2.105966e+00
8.698130e+01 7.185413e+00 -2.104361e+00
8.699130e+01 7.194435e+00 -2.102760e+00
8.700130e+01 7.337898e+00 -2.101162e+00
8.701130e+01 7.237178e+00 -2.099567e+00
8.702130e+01 7.439441e+00 -2.097975e+00
8.703130e+01 7.498089e+00 -2.096386e+00
8.704130e+01 7.538986e+00 -2.094799e+00
8.705129e+01 7.580291e+00 -2.093215e+00
8.706129e+01 7.719037e+00 -2.091634e+00
8.707129e+01 7.674550e+00 -2.090056e+00
8.708129e+01 7.781468e+00 -2.088480e+00
8.709129e+01 7.845397e+00 -2.086907e+00
8.710129e+01 7.772092e+00 -2.085336e+00
8.711129e+01 7.880503e+00 -2.083768e+00
8.712129e+01 7.867386e+00 -2.082201e+00
8.713129e+01 7.892155e+00 -2.080638e+00
8.714129e+01 8.017213e+00 -2.079076e+00
8.715128e+01 8.101657e+00 -2.077516e+00
8.716128e+01 7.962276e+00 -2.075959e+00
8.717128e+01 8.110507e+00 -2.074403e+00
8.718128e+01 8.179252e+00 -2.072850e+00
8.719128e+01 8.087762e+00 -2.071298e+00
8.720128e+01 8.159574e+00 -2.069748e+00
8.721128e+01 8.240924e+00 -2.068200e+00
8.722128e+01 8.203888e+00 -2.066653e+00
8.723128e+01 8.279220e+00 -2.065108e+00
8.724128e+01 8.192195e+00 -2.063565e+00
8.725127e+01 8.228631e+00 -2.062023e+00
8.726127e+01 8.247578e+00 -2.060483e+00
8.727127e+01 8.161438e+00 -2.058943e+00
8.728127e+01 8.222301e+00 -2.057406e+00
8.729127e+01 8.128236e+00 -2.055869e+00
8.730127e+01 8.120622e+00 -2.054334e+00
8.731127e+01 8.063168e+00 -2.052800e+00
8.732127e+01 8.072314e+00 -2.051266e+00
8.733127e+01 8.057136e+00 -2.049734e+00
8.734127e+01 8.004848e+00 -2.048203e+00
8.735126e+01 8.011422e+00 -2.046672e+00
8.736126e+01 7.992009e+00 -2.045143e+00
8.737126e+01 7.867511e+00 -2.043614e+00
8.738126e+01 7.836778e+00 -2.042086e+00
8.739126e+01 7.782411e+00 -2.040558e+00
8.740126e+01 7.686393e+00 -2.039031e+00
8.741126e+01 7.598964e+00 -2.037505e+00
8.742126e+01 7.591094e+00 -2.035979e+00
8.743126e+01 7.536095e+00 -2.034453e+00
8.744126e+01 7.553532e+00 -2.032928e+00
8.745125e+01 7.394978e+00 -2.031402e+00
8.746125e+01 7.311055e+00 -2.029878e+00
8.747125e+01 7.323731e+00 -2.028353e+00
8.748125e+01 7.098696e+00 -2.026828e+00
8.749125e+01 7.223038e+00 -2.025304e+00
8.750125e+01 7.113908e+00 -2.023779e+00
8.751125e+01 6.910949e+00 -2.022254e+00
8.752125e+01 6.989881e+00 -2.020729e+00
8.753125e+01 6.891106e+00 -2.019204e+00
8.754125e+01 6.768718e+00 -2.017679e+00
8.755124e+01 6.713540e+00 -2.016153e+00
8.756124e+01 6.603632e+00 -2.014627e+00
8.757124e+01 6.612106e+00 -2.013101e+00
8.758124e+01 6.495237e+00 -2.011574e+00
8.759124e+01 6.413850e+00 -2.010046e+00
8.760124e+01 6.424076e+00 -2.008518e+00
8.761124e+01 6.332823e+00 -2.006990e+00
8.762124e+01 6.356363e+00 -2.005460e+00
8.763124e+01 6.292646e+00 -2.003930e+00
8.764124e+01 6.204114e+00 -2.002400e+00
8.765123e+01 6.273828e+00 -2.000868e+00
8.766123e+01 6.190068e+00 -1.999335e+00
8.767123e+01 6.098538e+00 -1.997802e+00
8.768123e+01 6.089366e+00 -1.996267e+00
8.769123e+01 6.084904e+00 -1.994731e+00
8.770123e+01 6.062173e+00 -1.993195e+00
8.771123e+01 6.032650e+00 -1.991657e+00
8.772123e+01 6.027195e+00 -1.990118e+00
8.773123e+01 6.044438e+00 -1.988577e+00
8.774123e+01 5.963837e+00 -1.987035e+00
8.775122e+01 6.008361e+00 -1.985492e+00
8.776122e+01 5.872195e+00 -1.983948e+00
8.777122e+01 5.933511e+00 -1.982402e+00
8.778122e+01 5.940972e+00 -1.980855e+00
8.779122e+01 6.013074e+00 -1.979306e+00
8.780122e+01 5.953732e+00 -1.977755e+00
8.781122e+01 5.972883e+00 -1.976203e+00
8.782122e+01 5.988756e+00 -1.974650e+00
8.783122e+01 6.050868e+00 -1.973094e+00
8.784122e+01 6.135727e+00 -1.971537e+00
8.785121e+01 6.199046e+00 -1.969978e+00
8.786121e+01 6.169258e+00 -1.968417e+00
8.787121e+01 6.165782e+00 -1.966854e+00
8.788121e+01 6.276921e+00 -1.965289e+00
8.789121e+01 6.241228e+00 -1.963723e+00
8.790121e+01 6.277667e+00 -1.962154e+00
8.791121e+01 6.378798e+00 -1.960583e+00
8.792121e+01 6.438904e+00 -1.959010e+00
8.793121e+01 6.433123e+00 -1.957435e+00
8.794121e+01 6.480124e+00 -1.955858e+00
8.795120e+01 6.549053e+00 -1.954279e+00
8.796120e+01 6.662929e+00 -1.952697e+00
8.797120e+01 6.696235e+00 -1.951113e+00
8.798120e+01 6.790403e+00 -1.949527e+00
8.799120e+01 6.775786e+00 -1.947938e+00
8.800120e+01 6.946990e+00 -1.946347e+00
8.801120e+01 6.976599e+00 -1.944754e+00
8.802120e+01 6.983686e+00 -1.943158e+00
8.803120e+01 7.041418e+00 -1.941560e+00
8.804120e+01 7.013163e+00 -1.939959e+00
8.805119e+01 7.012412e+00 -1.938356e+00
8.806119e+01 7.183781e+00 -1.936750e+00
8.807119e+01 7.280227e+00 -1.935141e+00
8.808119e+01 7.293164e+00 -1.933530e+00
8.809119e+01 7.440899e+00 -1.931916e+00
8.810119e+01 7.477073e+00 -1.930299e+00
8.811119e+01 7.395673e+00 -1.928679e+00
8.812119e+01 7.432336e+00 -1.927057e+00
8.813119e+01 7.587597e+00 -1.925432e+00
8.814119e+01 7.656578e+00 -1.923804e+00
8.815118e+01 7.634039e+00 -1.922174e+00
8.816118e+01 7.646575e+00 -1.920540e+00
8.817118e+01 7.639379e+00 -1.918903e+00
8.818118e+01 7.616704e+00 -1.917264e+00
8.819118e+01 7.692325e+00 -1.915622e+00
8.820118e+01 7.734067e+00 -1.913976e+00
8.821118e+01 7.719650e+00 -1.912328e+00
8.822118e+01 7.689518e+00 -1.910676e+00
8.823118e+01 7.636487e+00 -1.909022e+00
8.824118e+01 7.788795e+00 -1.907364e+00
8.825117e+01 7.751665e+00 -1.905704e+00
8.826117e+01 7.788749e+00 -1.904040e+00
8.827117e+01 7.768416e+00 -1.902373e+00
8.828117e+01 7.750136e+00 -1.900703e+00
8.829117e+01 7.755847e+00 -1.899030e+00
8.830117e+01 7.601888e+00 -1.897354e+00
8.831117e+01 7.595423e+00 -1.895674e+00
8.832117e+01 7.650390e+00 -1.893991e+00
8.833117e+01 7.578647e+00 -1.892305e+00
8.834117e+01 7.491223e+00 -1.890616e+00
8.835116e+01 7.436773e+00 -1.888923e+00
8.836116e+01 7.515343e+00 -1.887227e+00
8.837116e+01 7.331978e+00 -1.885528e+00
8.838116e+01 7.360516e+00 -1.883825e+00
8.839116e+01 7.238515e+00 -1.882120e+00
8.840116e+01 7.291758e+00 -1.880410e+00
8.841116e+01 7.192992e+00 -1.878698e+00
8.842116e+01 7.022025e+00 -1.876982e+00
8.843116e+01 7.179437e+00 -1.875262e+00
8.844116e+01 6.965035e+00 -1.873540e+00
8.845115e+01 6.841988e+00 -1.871814e+00
8.846115e+01 6.836456e+00 -1.870084e+00
8.847115e+01 6.858035e+00 -1.868351e+00
8.848115e+01 6.751375e+00 -1.866615e+00
8.849115e+01 6.734128e+00 -1.864875e+00
8.850115e+01 6.583354e+00 -1.863132e+00
8.851115e+01 6.412874e+00 -1.861385e+00
8.852115e+01 6.497541e+00 -1.859635e+00
8.853115e+01 6.357449e+00 -1.857881e+00
8.854115e+01 6.399710e+00 -1.856124e+00
8.855114e+01 6.265083e+00 -1.854364e+00
8.856114e+01 6.177507e+00 -1.852600e+00
8.857114e+01 6.156352e+00 -1.850832e+00
8.858114e+01 6.038198e+00 -1.849061e+00
8.859114e+01 6.084437e+00 -1.847287e+00
8.860114e+01 5.975464e+00 -1.845509e+00
8.861114e+01 6.013188e+00 -1.843727e+00
8.862114e+01 5.828024e+00 -1.841942e+00
8.863114e+01 5.806312e+00 -1.840154e+00
8.864114e+01 5.792213e+00 -1.838362e+00
8.865113e+01 5.700292e+00 -1.836566e+00
8.866113e+01 5.578271e+00 -1.834767e+00
8.867113e+01 5.675802e+00 -1.832965e+00
8.868113e+01 5.619468e+00 -1.831159e+00
8.869113e+01 5.458891e+00 -1.829350e+00
8.870113e+01 5.602621e+00 -1.827537e+00
8.871113e+01 5.471660e+00 -1.825720e+00
8.872113e+01 5.556143e+00 -1.823901e+00
8.873113e+01 5.540249e+00 -1.822077e+00
8.874113e+01 5.600211e+00 -1.820250e+00
8.875112e+01 5.540773e+00 -1.818420e+00
8.876112e+01 5.483919e+00 -1.816586e+00
8.877112e+01 5.456403e+00 -1.814749e+00
8.878112e+01 5.436956e+00 -1.812908e+00
8.879112e+01 5.489249e+00 -1.811064e+00
8.880112e+01 5.632226e+00 -1.809217e+00
8.881112e+01 5.513703e+00 -1.807366e+00
8.882112e+01 5.544840e+00 -1.805511e+00
8.883112e+01 5.501113e+00 -1.803653e+00
8.884112e+01 5.575165e+00 -1.801792e+00
8.885111e+01 5.690213e+00 -1.799927e+00
8.886111e+01 5.657829e+00 -1.798059e+00
8.887111e+01 5.708383e+00 -1.796188e+00
8.888111e+01 5.681526e+00 -1.794313e+00
8.889111e+01 5.831508e+00 -1.792435e+00
8.890111e+01 5.876379e+00 -1.790553e+00
8.891111e+01 5.887358e+00 -1.788668e+00
8.892111e+01 5.959208e+00 -1.786780e+00
8.893111e+01 5.987012e+00 -1.784889e+00
8.894111e+01 5.988489e+00 -1.782994e+00
8.895110e+01 6.129540e+00 -1.781095e+00
8.896110e+01 6.147448e+00 -1.779194e+00
8.897110e+01 6.129878e+00 -1.777289e+00
8.898110e+01 6.254909e+00 -1.775381e+00
8.899110e+01 6.247589e+00 -1.773470e+00
8.900110e+01 6.391266e+00 -1.771555e+00
8.901110e+01 6.468736e+00 -1.769637e+00
8.902110e+01 6.570734e+00 -1.767716e+00
8.903110e+01 6.580578e+00 -1.765792e+00
8.904110e+01 6.549748e+00 -1.763865e+00
8.905109e+01 6.683309e+00 -1.761934e+00
8.906109e+01 6.685356e+00 -1.760000e+00
8.907109e+01 6.638340e+00 -1.758064e+00
8.908109e+01 6.795494e+00 -1.756124e+00
8.909109e+01 6.851048e+00 -1.754180e+00
8.910109e+01 6.876126e+00 -1.752234e+00
8.911109e+01 6.975946e+00 -1.750285e+00
8.912109e+01 6.981159e+00 -1.748332e+00
8.913109e+01 7.042752e+00 -1.746377e+00
8.914109e+01 7.108966e+00 -1.744418e+00
8.915108e+01 7.081621e+00 -1.742457e+00
8.916108e+01 7.114291e+00 -1.740492e+00
8.917108e+01 7.129353e+00 -1.738525e+00
8.918108e+01 7.219695e+00 -1.736554e+00
8.919108e+01 7.233475e+00 -1.734580e+00
8.920108e+01 7.229000e+00 -1.732604e+00
8.921108e+01 7.256801e+00 -1.730625e+00
8.922108e+01 7.259267e+00 -1.728642e+00
8.923108e+01 7.306475e+00 -1.726657e+00
8.924108e+01 7.357408e+00 -1.724669e+00
8.925107e+01 7.241543e+00 -1.722678e+00
8.926107e+01 7.239208e+00 -1.720684e+00
8.927107e+01 7.230358e+00 -1.718687e+00
8.928107e+01 7.260576e+00 -1.716688e+00
8.929107e+01 7.286701e+00 -1.714686e+00
8.930107e+01 7.128820e+00 -1.712681e+00
8.931107e+01 7.188249e+00 -1.710673e+00
8.932107e+01 7.095999e+00 -1.708662e+00
8.933107e+01 7.061770e+00 -1.706649e+00
8.934107e+01 7.048934e+00 -1.704633e+00
8.935106e+01 6.988268e+00 -1.702614e+00
8.936106e+01 6.935850e+00 -1.700593e+00
8.937106e+01 6.952927e+00 -1.698569e+00
8.938106e+01 6.865755e+00 -1.696542e+00
8.939106e+01 6.826320e+00 -1.694513e+00
8.940106e+01 6.834539e+00 -1.692481e+00
8.941106e+01 6.646762e+00 -1.690447e+00
8.942106e+01 6.585868e+00 -1.688410e+00
8.943106e+01 6.617682e+00 -1.686370e+00
8.944106e+01 6.472048e+00 -1.684328e+00
8.945105e+01 6.549164e+00 -1.682283e+00
8.946105e+01 6.247292e+00 -1.680236e+00
8.947105e+01 6.312357e+00 -1.678186e+00
8.948105e+01 6.317132e+00 -1.676134e+00
8.949105e+01 6.228947e+00 -1.674080e+00
8.950105e+01 6.127540e+00 -1.672023e+00
8.951105e+01 6.024407e+00 -1.669963e+00
8.952105e+01 6.023949e+00 -1.667901e+00
8.953105e+01 5.973818e+00 -1.665837e+00
8.954105e+01 5.858159e+00 -1.663771e+00
8.955104e+01 5.748371e+00 -1.661702e+00
8.956104e+01 5.751436e+00 -1.659630e+00
8.957104e+01 5.643953e+00 -1.657557e+00
8.958104e+01 5.677863e+00 -1.655481e+00
8.959104e+01 5.588648e+00 -1.653403e+00
8.960104e+01 5.495754e+00 -1.651322e+00
8.961104e+01 5.336684e+00 -1.649239e+00
8.962104e+01 5.433076e+00 -1.647155e+00
8.963104e+01 5.364418e+00 -1.645067e+00
8.964104e+01 5.300487e+00 -1.642978e+00
8.965103e+01 5.326298e+00 -1.640886e+00
8.966103e+01 5.308355e+00 -1.638793e+00
8.967103e+01 5.249045e+00 -1.636697e+00
8.968103e+01 5.181048e+00 -1.634599e+00
8.969103e+01 5.115312e+00 -1.632498e+00
8.970103e+01 5.112436e+00 -1.630396e+00
8.971103e+01 5.106592e+00 -1.628292e+00
8.972103e+01 5.016040e+00 -1.626185e+00
8.973103e+01 5.083650e+00 -1.624077e+00
8.974103e+01 5.027485e+00 -1.621966e+00
8.975102e+01 4.911298e+00 -1.619853e+00
8.976102e+01 5.010918e+00 -1.617739e+00
8.977102e+01 4.942500e+00 -1.615622e+00
8.978102e+01 4.993734e+00 -1.613503e+00
8.979102e+01 5.029739e+00 -1.611382e+00
8.980102e+01 5.017533e+00 -1.609260e+00
8.981102e+01 4.996468e+00 -1.607135e+00
8.982102e+01 5.039297e+00 -1.605008e+00
8.983102e+01 5.151230e+00 -1.602880e+00
8.984102e+01 5.200508e+00 -1.600749e+00
8.985101e+01 5.133137e+00 -1.598617e+00
8.986101e+01 5.117039e+00 -1.596482e+00
8.987101e+01 5.224628e+00 -1.594346e+00
8.988101e+01 5.305175e+00 -1.592208e+00
8.989101e+01 5.327075e+00 -1.590068e+00
8.990101e+01 5.398377e+00 -1.587926e+00
8.991101e+01 5.433084e+00 -1.585782e+00
8.992101e+01 5.471827e+00 -1.583636e+00
8.993101e+01 5.507008e+00 -1.581489e+00
8.994101e+01 5.563770e+00 -1.579340e+00
8.995100e+01 5.597393e+00 -1.577188e+00
8.996100e+01 5.705750e+00 -1.575035e+00
8.997100e+01 5.627438e+00 -1.572881e+00
8.998100e+01 5.809337e+00 -1.570724e+00
8.999100e+01 5.790481e+00 -1.568566e+00
9.000100e+01 5.992486e+00 -1.566406e+00
9.001100e+01 5.947727e+00 -1.564244e+00
9.002100e+01 5.995369e+00 -1.562080e+00
9.003100e+01 6.028777e+00 -1.559915e+00
9.004100e+01 6.154727e+00 -1.557748e+00
9.005099e+01 6.167700e+00 -1.555579e+00
9.006099e+01 6.256758e+00 -1.553408e+00
9.007099e+01 6.331953e+00 -1.551236e+00
9.008099e+01 6.375686e+00 -1.549061e+00
9.009099e+01 6.314767e+00 -1.546886e+00
9.010099e+01 6.415027e+00 -1.544708e+00
9.011099e+01 6.450810e+00 -1.542529e+00
9.012099e+01 6.483909e+00 -1.540348e+00
9.013099e+01 6.473640e+00 -1.538165e+00
9.014099e+01 6.606933e+00 -1.535981e+00
9.015098e+01 6.630315e+00 -1.533795e+00
9.016098e+01 6.700058e+00 -1.531607e+00
9.017098e+01 6.650484e+00 -1.529417e+00
9.018098e+01 6.693659e+00 -1.527226e+00
9.019098e+01 6.814665e+00 -1.525033e+00
9.020098e+01 6.760422e+00 -1.522839e+00
9.021098e+01 6.703278e+00 -1.520643e+00
9.022098e+01 6.813893e+00 -1.518445e+00
9.023098e+01 6.786537e+00 -1.516245e+00
9.024098e+01 6.747380e+00 -1.514044e+00
9.025097e+01 6.811413e+00 -1.511841e+00
9.026097e+01 6.700422e+00 -1.509636e+00
9.027097e+01 6.784268e+00 -1.507430e+00
9.028097e+01 6.666386e+00 -1.505222e+00
9.029097e+01 6.701515e+00 -1.503012e+00
9.030097e+01 6.662912e+00 -1.500801e+00
9.031097e+01 6.629582e+00 -1.498588e+00
9.032097e+01 6.646269e+00 -1.496373e+00
9.033097e+01 6.568698e+00 -1.494157e+00
9.034097e+01 6.581053e+00 -1.491939e+00
9.035096e+01 6.453496e+00 -1.489719e+00
9.036096e+01 6.469568e+00 -1.487497e+00
9.037096e+01 6.409964e+00 -1.485274e+00
9.038096e+01 6.443863e+00 -1.483049e+00
9.039096e+01 6.300319e+00 -1.480823e+00
9.040096e+01 6.309120e+00 -1.478594e+00
9.041096e+01 6.251955e+00 -1.476364e+00
9.042096e+01 6.186328e+00 -1.474132e+00
9.043096e+01 6.027758e+00 -1.471899e+00
9.044096e+01 6.013480e+00 -1.469664e+00
9.045095e+01 5.857320e+00 -1.467427e+00
9.046095e+01 5.815593e+00 -1.465188e+00
9.047095e+01 5.774098e+00 -1.462947e+00
9.048095e+01 5.735308e+00 -1.460705e+00
9.049095e+01 5.662926e+00 -1.458461e+00
9.050095e+01 5.531397e+00 -1.456215e+00
9.051095e+01 5.516967e+00 -1.453968e+00
9.052095e+01 5.437131e+00 -1.451718e+00
9.053095e+01 5.396961e+00 -1.449467e+00
9.054095e+01 5.333260e+00 -1.447214e+00
9.055094e+01 5.252791e+00 -1.444959e+00
9.056094e+01 5.118178e+00 -1.442703e+00
9.057094e+01 5.117835e+00 -1.440444e+00
9.058094e+01 5.091431e+00 -1.438184e+00
9.059094e+01 4.942182e+00 -1.435922e+00
9.060094e+01 4.990201e+00 -1.433658e+00
9.061094e+01 4.885703e+00 -1.431392e+00
9.062094e+01 4.793614e+00 -1.429124e+00
9.063094e+01 4.836641e+00 -1.426854e+00
9.064094e+01 4.764757e+00 -1.424582e+00
9.065093e+01 4.687031e+00 -1.422309e+00
9.066093e+01 4.692785e+00 -1.420033e+00
9.067093e+01 4.647973e+00 -1.417755e+00
9.068093e+01 4.580713e+00 -1.415476e+00
9.069093e+01 4.605901e+00 -1.413194e+00
9.070093e+01 4.581174e+00 -1.410911e+00
9.071093e+01 4.579743e+00 -1.408625e+00
9.072093e+01 4.518088e+00 -1.406338e+00
9.073093e+01 4.526726e+00 -1.404048e+00
9.074093e+01 4.576055e+00 -1.401756e+00
9.075092e+01 4.582527e+00 -1.399462e+00
9.076092e+01 4.605460e+00 -1.397166e+00
9.077092e+01 4.554189e+00 -1.394868e+00
9.078092e+01 4.573031e+00 -1.392568e+00
9.079092e+01 4.470927e+00 -1.390266e+00
9.080092e+01 4.487137e+00 -1.387961e+00
9.081092e+01 4.513844e+00 -1.385655e+00
9.082092e+01 4.586433e+00 -1.383346e+00
9.083092e+01 4.470765e+00 -1.381035e+00
9.084092e+01 4.583731e+00 -1.378721e+00
9.085091e+01 4.681445e+00 -1.376406e+00
9.086091e+01 4.787549e+00 -1.374088e+00
9.087091e+01 4.752167e+00 -1.371768e+00
9.088091e+01 4.754127e+00 -1.369445e+00
9.089091e+01 4.787228e+00 -1.367120e+00
9.090091e+01 4.870291e+00 -1.364793e+00
9.091091e+01 4.805613e+00 -1.362463e+00
9.092091e+01 4.962891e+00 -1.360131e+00
9.093091e+01 5.022373e+00 -1.357797e+00
9.094091e+01 5.003933e+00 -1.355460e+00
9.095090e+01 5.104619e+00 -1.353120e+00
9.096090e+01 5.066558e+00 -1.350778e+00
9.097090e+01 5.180814e+00 -1.348434e+00
9.098090e+01 5.309091e+00 -1.346087e+00
9.099090e+01 5.210774e+00 -1.343737e+00
9.100090e+01 5.434812e+00 -1.341385e+00
9.101090e+01 5.406910e+00 -1.339030e+00
9.102090e+01 5.501340e+00 -1.336673e+00
9.103090e+01 5.487570e+00 -1.334312e+00
9.104090e+01 5.688856e+00 -1.331949e+00
9.105089e+01 5.671748e+00 -1.329584e+00
9.106089e+01 5.745793e+00 -1.327216e+00
9.107089e+01 5.693081e+00 -1.324844e+00
9.108089e+01 5.818514e+00 -1.322470e+00
9.109089e+01 5.906758e+00 -1.320094e+00
9.110089e+01 5.893916e+00 -1.317714e+00
9.111089e+01 5.985521e+00 -1.315331e+00
9.112089e+01 5.941531e+00 -1.312946e+00
9.113089e+01 6.046415e+00 -1.310557e+00
9.114089e+01 6.093044e+00 -1.308166e+00
9.115088e+01 6.124264e+00 -1.305772e+00
9.116088e+01 6.118285e+00 -1.303374e+00
9.117088e+01 6.113922e+00 -1.300974e+00
9.118088e+01 6.171276e+00 -1.298570e+00
9.119088e+01 6.073738e+00 -1.296163e+00
9.120088e+01 6.141986e+00 -1.293753e+00
9.121088e+01 6.237769e+00 -1.291340e+00
9.122088e+01 6.141695e+00 -1.288924e+00
9.123088e+01 6.280583e+00 -1.286504e+00
9.124088e+01 6.239839e+00 -1.284082e+00
9.125087e+01 6.253279e+00 -1.281655e+00
9.126087e+01 6.352546e+00 -1.279226e+00
9.127087e+01 6.280722e+00 -1.276793e+00
9.128087e+01 6.232090e+00 -1.274357e+00
9.129087e+01 6.106597e+00 -1.271917e+00
9.130087e+01 6.058939e+00 -1.269474e+00
9.131087e+01 6.103316e+00 -1.267027e+00
9.132087e+01 6.071180e+00 -1.264576e+00
9.133087e+01 6.038257e+00 -1.262123e+00
9.134087e+01 6.022985e+00 -1.259665e+00
9.135086e+01 5.994116e+00 -1.257204e+00
9.136086e+01 6.070394e+00 -1.254739e+00
9.137086e+01 5.903924e+00 -1.252270e+00
9.138086e+01 5.904150e+00 -1.249798e+00
9.139086e+01 5.754175e+00 -1.247322e+00
9.140086e+01 5.695129e+00 -1.244842e+00
9.141086e+01 5.748685e+00 -1.242358e+00
9.142086e+01 5.580875e+00 -1.239870e+00
9.143086e+01 5.620457e+00 -1.237378e+00
9.144086e+01 5.534845e+00 -1.234883e+00
9.145085e+01 5.488465e+00 -1.232383e+00
9.146085e+01 5.294232e+00 -1.229879e+00
9.147085e+01 5.286197e+00 -1.227371e+00
9.148085e+01 5.237473e+00 -1.224859e+00
9.149085e+01 5.216597e+00 -1.222343e+00
9.150085e+01 5.083338e+00 -1.219823e+00
9.151085e+01 5.023119e+00 -1.217298e+00
9.152085e+01 4.988383e+00 -1.214769e+00
9.153085e+01 4.797471e+00 -1.212236e+00
9.154085e+01 4.797238e+00 -1.209699e+00
9.155084e+01 4.683108e+00 -1.207157e+00
9.156084e+01 4.701698e+00 -1.204610e+00
9.157084e+01 4.669403e+00 -1.202059e+00
9.158084e+01 4.524560e+00 -1.199504e+00
9.159084e+01 4.439036e+00 -1.196944e+00
9.160084e+01 4.462391e+00 -1.194379e+00
9.161084e+01 4.435989e+00 -1.191810e+00
9.162084e+01 4.314055e+00 -1.189236e+00
9.163084e+01 4.259653e+00 -1.186657e+00
9.164084e+01 4.254935e+00 -1.184074e+00
9.165083e+01 4.097620e+00 -1.181486e+00
9.166083e+01 4.184662e+00 -1.178893e+00
9.167083e+01 4.106275e+00 -1.176295e+00
9.168083e+01 4.031856e+00 -1.173692e+00
9.169083e+01 3.986424e+00 -1.171084e+00
9.170083e+01 3.972579e+00 -1.168471e+00
9.171083e+01 3.940500e+00 -1.165853e+00
9.172083e+01 3.976302e+00 -1.163230e+00
9.173083e+01 3.980378e+00 -1.160601e+00
9.174083e+01 3.968911e+00 -1.157968e+00
9.175082e+01 3.906350e+00 -1.155329e+00
9.176082e+01 4.044645e+00 -1.152685e+00
9.177082e+01 4.009480e+00 -1.150036e+00
9.178082e+01 3.941444e+00 -1.147382e+00
9.179082e+01 4.069781e+00 -1.144721e+00
9.180082e+01 3.987417e+00 -1.142056e+00
9.181082e+01 3.885620e+00 -1.139385e+00
9.182082e+01 4.006722e+00 -1.136708e+00
9.183082e+01 4.057444e+00 -1.134026e+00
9.184082e+01 4.057191e+00 -1.131339e+00
9.185081e+01 4.131588e+00 -1.128645e+00
9.186081e+01 4.131498e+00 -1.125946e+00
9.187081e+01 4.114203e+00 -1.123241e+00
9.188081e+01 4.088782e+00 -1.120531e+00
9.189081e+01 4.296279e+00 -1.117814e+00
9.190081e+01 4.245369e+00 -1.115092e+00
9.191081e+01 4.305706e+00 -1.112363e+00
9.192081e+01 4.386943e+00 -1.109629e+00
9.193081e+01 4.437830e+00 -1.106888e+00
9.194081e+01 4.520832e+00 -1.104142e+00
9.195080e+01 4.529676e+00 -1.101390e+00
9.196080e+01 4.638385e+00 -1.098631e+00
9.197080e+01 4.718600e+00 -1.095866e+00
9.198080e+01 4.652423e+00 -1.093095e+00
9.199080e+01 4.666630e+00 -1.090317e+00
9.200080e+01 4.899286e+00 -1.087533e+00
9.201080e+01 4.896594e+00 -1.084743e+00
9.202080e+01 4.991920e+00 -1.081947e+00
9.203080e+01 4.976029e+00 -1.079144e+00
9.204080e+01 4.897961e+00 -1.076334e+00
9.205079e+01 5.044085e+00 -1.073518e+00
9.206079e+01 5.116623e+00 -1.070695e+00
9.207079e+01 5.238114e+00 -1.067866e+00
9.208079e+01 5.303584e+00 -1.065030e+00
9.209079e+01 5.299110e+00 -1.062187e+00
9.210079e+01 5.333670e+00 -1.059337e+00
9.211079e+01 5.373263e+00 -1.056481e+00
9.212079e+01 5.326718e+00 -1.053617e+00
9.213079e+01 5.472111e+00 -1.050747e+00
9.214079e+01 5.441632e+00 -1.047870e+00
9.215078e+01 5.577108e+00 -1.044986e+00
9.216078e+01 5.583168e+00 -1.042095e+00
9.217078e+01 5.549423e+00 -1.039196e+00
9.218078e+01 5.587038e+00 -1.036291e+00
9.219078e+01 5.629306e+00 -1.033378e+00
9.220078e+01 5.720116e+00 -1.030458e+00
9.221078e+01 5.632647e+00 -1.027531e+00
9.222078e+01 5.664739e+00 -1.024597e+00
9.223078e+01 5.700182e+00 -1.021655e+00
9.224078e+01 5.710256e+00 -1.018706e+00
9.225077e+01 5.700051e+00 -1.015749e+00
9.226077e+01 5.715435e+00 -1.012785e+00
9.227077e+01 5.616742e+00 -1.009813e+00
9.228077e+01 5.545794e+00 -1.006834e+00
9.229077e+01 5.633657e+00 -1.003847e+00
9.230077e+01 5.600696e+00 -1.000853e+00
9.231077e+01 5.556319e+00 -9.978508e-01
9.232077e+01 5.607318e+00 -9.948409e-01
9.233077e+01 5.484219e+00 -9.918233e-01
9.234077e+01 5.369015e+00 -9.887978e-01
9.235076e+01 5.415837e+00 -9.857645e-01
9.236076e+01 5.418329e+00 -9.827233e-01
9.237076e+01 5.241062e+00 -9.796742e-01
9.238076e+01 5.301747e+00 -9.766171e-01
9.239076e+01 5.218577e+00 -9.735520e-01
9.240076e+01 5.214254e+00 -9.704789e-01
9.241076e+01 5.078315e+00 -9.673976e-01
9.242076e+01 5.073137e+00 -9.643082e-01
9.243076e+01 4.995441e+00 -9.612107e-01
9.244076e+01 4.902953e+00 -9.581049e-01
9.245075e+01 4.830404e+00 -9.549909e-01
9.246075e+01 4.759591e+00 -9.518686e-01
9.247075e+01 4.717521e+00 -9.487380e-01
9.248075e+01 4.629810e+00 -9.455991e-01
9.249075e+01 4.613867e+00 -9.424517e-01
9.250075e+01 4.554802e+00 -9.392960e-01
9.251075e+01 4.517551e+00 -9.361317e-01
9.252075e+01 4.353662e+00 -9.329590e-01
9.253075e+01 4.346912e+00 -9.297777e-01
9.254075e+01 4.319443e+00 -9.265879e-01
9.255074e+01 4.159440e+00 -9.233895e-01
9.256074e+01 4.139097e+00 -9.201824e-01
9.257074e+01 4.084865e+00 -9.169666e-01
9.258074e+01 3.971226e+00 -9.137422e-01
9.259074e+01 3.956763e+00 -9.105090e-01
9.260074e+01 3.918973e+00 -9.072671e-01
9.261074e+01 3.819083e+00 -9.040163e-01
9.262074e+01 3.723056e+00 -9.007568e-01
9.263074e+01 3.730344e+00 -8.974883e-01
9.264074e+01 3.699577e+00 -8.942110e-01
9.265073e+01 3.623133e+00 -8.909248e-01
9.266073e+01 3.618756e+00 -8.876296e-01
9.267073e+01 3.524501e+00 -8.843254e-01
9.268073e+01 3.614117e+00 -8.810123e-01
9.269073e+01 3.543725e+00 -8.776901e-01
9.270073e+01 3.452344e+00 -8.743588e-01
9.271073e+01 3.447702e+00 -8.710185e-01
9.272073e+01 3.401903e+00 -8.676691e-01
9.273073e+01 3.397350e+00 -8.643105e-01
9.274073e+01 3.403545e+00 -8.609427e-01
9.275072e+01 3.415232e+00 -8.575658e-01
9.276072e+01 3.377834e+00 -8.541797e-01
9.277072e+01 3.414762e+00 -8.507843e-01
9.278072e+01 3.348943e+00 -8.473797e-01
9.279072e+01 3.407137e+00 -8.439658e-01
9.280072e+01 3.445199e+00 -8.405426e-01
9.281072e+01 3.359202e+00 -8.371101e-01
9.282072e+01 3.447242e+00 -8.336683e-01
9.283072e+01 3.429258e+00 -8.302171e-01
9.284072e+01 3.542370e+00 -8.267566e-01
9.285071e+01 3.514208e+00 -8.232866e-01
9.286071e+01 3.505293e+00 -8.198073e-01
9.287071e+01 3.614919e+00 -8.163185e-01
9.288071e+01 3.598743e+00 -8.128203e-01
9.289071e+01 3.728045e+00 -8.093126e-01
9.290071e+01 3.736778e+00 -8.057955e-01
9.291071e+01 3.733553e+00 -8.022689e-01
9.292071e+01 3.837720e+00 -7.987328e-01
9.293071e+01 3.897972e+00 -7.951872e-01
9.294071e+01 3.937408e+00 -7.916320e-01
9.295070e+01 4.011374e+00 -7.880674e-01
9.296070e+01 3.975167e+00 -7.844932e-01
9.297070e+01 4.142611e+00 -7.809095e-01
9.298070e+01 4.086696e+00 -7.773162e-01
9.299070e+01 4.219943e+00 -7.737134e-01
9.300070e+01 4.289480e+00 -7.701010e-01
9.301070e+01 4.385176e+00 -7.664790e-01
9.302070e+01 4.414785e+00 -7.628475e-01
9.303070e+01 4.440346e+00 -7.592064e-01
9.304070e+01 4.519325e+00 -7.555557e-01
9.305069e+01 4.539661e+00 -7.518954e-01
9.306069e+01 4.647170e+00 -7.482256e-01
9.307069e+01 4.600588e+00 -7.445462e-01
9.308069e+01 4.791818e+00 -7.408571e-01
9.309069e+01 4.684320e+00 -7.371586e-01
9.310069e+01 4.731818e+00 -7.334504e-01
9.311069e+01 4.857350e+00 -7.297327e-01
9.312069e+01 4.843807e+00 -7.260053e-01
9.313069e+01 4.805269e+00 -7.222685e-01
9.314069e+01 4.953745e+00 -7.185221e-01
9.315068e+01 5.144950e+00 -7.147661e-01
9.316068e+01 5.035433e+00 -7.110006e-01
9.317068e+01 4.989877e+00 -7.072255e-01
9.318068e+01 5.045828e+00 -7.034410e-01
9.319068e+01 5.161989e+00 -6.996469e-01
9.320068e+01 5.069420e+00 -6.958433e-01
9.321068e+01 5.243875e+00 -6.920303e-01
9.322068e+01 5.184604e+00 -6.882078e-01
9.323068e+01 5.170658e+00 -6.843758e-01
9.324068e+01 5.097797e+00 -6.805344e-01
9.325067e+01 5.059164e+00 -6.766836e-01
9.326067e+01 5.153131e+00 -6.728234e-01
9.327067e+01 5.027340e+00 -6.689538e-01
9.328067e+01 5.126809e+00 -6.650748e-01
9.329067e+01 5.026459e+00 -6.611865e-01
9.330067e+01 5.056032e+00 -6.572889e-01
9.331067e+01 4.906993e+00 -6.533820e-01
9.332067e+01 4.886953e+00 -6.494658e-01
9.333067e+01 4.910722e+00 -6.455404e-01
9.334067e+01 4.872548e+00 -6.416058e-01
9.335066e+01 4.852396e+00 -6.376620e-01
9.336066e+01 4.879524e+00 -6.337091e-01
9.337066e+01 4.794546e+00 -6.297470e-01
9.338066e+01 4.704456e+00 -6.257759e-01
9.339066e+01 4.650865e+00 -6.217957e-01
9.340066e+01 4.683295e+00 -6.178064e-01
9.341066e+01 4.616736e+00 -6.138082e-01
9.342066e+01 4.485404e+00 -6.098010e-01
9.343066e+01 4.434138e+00 -6.057850e-01
9.344066e+01 4.359956e+00 -6.017600e-01
9.345065e+01 4.234043e+00 -5.977262e-01
9.346065e+01 4.305009e+00 -5.936837e-01
9.347065e+01 4.137661e+00 -5.896323e-01
9.348065e+01 4.111958e+00 -5.855723e-01
9.349065e+01 4.073949e+00 -5.815036e-01
9.350065e+01 3.906643e+00 -5.774263e-01
9.351065e+01 3.913383e+00 -5.733405e-01
9.352065e+01 3.896492e+00 -5.692461e-01
9.353065e+01 3.775419e+00 -5.651432e-01
9.354065e+01 3.603745e+00 -5.610320e-01
9.355064e+01 3.656261e+00 -5.569123e-01
9.356064e+01 3.645993e+00 -5.527844e-01
9.357064e+01 3.481826e+00 -5.486482e-01
9.358064e+01 3.421156e+00 -5.445038e-01
9.359064e+01 3.419243e+00 -5.403513e-01
9.360064e+01 3.445245e+00 -5.361907e-01
9.361064e+01 3.349828e+00 -5.320220e-01
9.362064e+01 3.128462e+00 -5.278454e-01
9.363064e+01 3.198524e+00 -5.236610e-01
9.364064e+01 3.151072e+00 -5.194686e-01
9.365063e+01 3.078266e+00 -5.152685e-01
9.366063e+01 3.005865e+00 -5.110607e-01
9.367063e+01 3.026465e+00 -5.068453e-01
9.368063e+01 2.890316e+00 -5.026223e-01
9.369063e+01 2.920287e+00 -4.983918e-01
9.370063e+01 2.908864e+00 -4.941539e-01
9.371063e+01 2.928467e+00 -4.899086e-01
9.372063e+01 2.873551e+00 -4.856560e-01
9.373063e+01 2.846795e+00 -4.813963e-01
9.374063e+01 2.897707e+00 -4.771294e-01
9.375062e+01 2.799541e+00 -4.728554e-01
9.376062e+01 2.845915e+00 -4.685745e-01
9.377062e+01 2.831410e+00 -4.642867e-01
9.378062e+01 2.747583e+00 -4.599921e-01
9.379062e+01 2.858071e+00 -4.556908e-01
9.380062e+01 2.761246e+00 -4.513828e-01
9.381062e+01 2.850885e+00 -4.470683e-01
9.382062e+01 2.933547e+00 -4.427473e-01
9.383062e+01 2.897885e+00 -4.384200e-01
9.384062e+01 2.920041e+00 -4.340863e-01
9.385061e+01 2.909120e+00 -4.297465e-01
9.386061e+01 3.029371e+00 -4.254005e-01
9.387061e+01 2.979361e+00 -4.210486e-01
9.388061e+01 3.027541e+00 -4.166907e-01
9.389061e+01 3.025945e+00 -4.123270e-01
9.390061e+01 3.202344e+00 -4.079575e-01
9.391061e+01 3.245214e+00 -4.035825e-01
9.392061e+01 3.169920e+00 -3.992019e-01
9.393061e+01 3.230463e+00 -3.948159e-01
9.394061e+01 3.387733e+00 -3.904245e-01
9.395060e+01 3.363023e+00 -3.860280e-01
9.396060e+01 3.484833e+00 -3.816263e-01
9.397060e+01 3.547744e+00 -3.772197e-01
9.398060e+01 3.542706e+00 -3.728081e-01
9.399060e+01 3.605986e+00 -3.683917e-01
9.400060e+01 3.713706e+00 -3.639707e-01
9.401060e+01 3.725665e+00 -3.595450e-01
9.402060e+01 3.794674e+00 -3.551150e-01
9.403060e+01 3.857806e+00 -3.506805e-01
9.404060e+01 3.888064e+00 -3.462419e-01
9.405059e+01 3.979918e+00 -3.417991e-01
9.406059e+01 4.034130e+00 -3.373524e-01
9.407059e+01 4.060291e+00 -3.329017e-01
9.408059e+01 4.114317e+00 -3.284473e-01
9.409059e+01 4.169977e+00 -3.239893e-01
9.410059e+01 4.197244e+00 -3.195277e-01
9.411059e+01 4.291550e+00 -3.150628e-01
9.412059e+01 4.256649e+00 -3.105946e-01
9.413059e+01 4.259357e+00 -3.061232e-01
9.414059e+01 4.279210e+00 -3.016488e-01
9.415058e+01 4.481737e+00 -2.971716e-01
9.416058e+01 4.451019e+00 -2.926916e-01
9.417058e+01 4.532703e+00 -2.882089e-01
9.418058e+01 4.455517e+00 -2.837238e-01
9.419058e+01 4.511410e+00 -2.792363e-01
9.420058e+01 4.497315e+00 -2.747465e-01
9.421058e+01 4.547855e+00 -2.702547e-01
9.422058e+01 4.475356e+00 -2.657609e-01
9.423058e+01 4.558850e+00 -2.612653e-01
9.424058e+01 4.570434e+00 -2.567679e-01
9.425057e+01 4.488531e+00 -2.522691e-01
9.426057e+01 4.469351e+00 -2.477688e-01
9.427057e+01 4.625004e+00 -2.432673e-01
9.428057e+01 4.504009e+00 -2.387646e-01
9.429057e+01 4.510337e+00 -2.342610e-01
9.430057e+01 4.473908e+00 -2.297565e-01
9.431057e+01 4.379633e+00 -2.252514e-01
9.432057e+01 4.437064e+00 -2.207457e-01
9.433057e+01 4.432800e+00 -2.162396e-01
9.434057e+01 4.207894e+00 -2.117332e-01
9.435056e+01 4.266893e+00 -2.072268e-01
9.436056e+01 4.224496e+00 -2.027204e-01
9.437056e+01 4.152326e+00 -1.982141e-01
9.438056e+01 4.146141e+00 -1.937083e-01
9.439056e+01 4.084253e+00 -1.892029e-01
9.440056e+01 4.065738e+00 -1.846983e-01
9.441056e+01 3.936682e+00 -1.801944e-01
9.442056e+01 3.849847e+00 -1.756915e-01
9.443056e+01 3.886319e+00 -1.711897e-01
9.444056e+01 3.803999e+00 -1.666892e-01
9.445055e+01 3.729853e+00 -1.621901e-01
9.446055e+01 3.647026e+00 -1.576927e-01
9.447055e+01 3.618774e+00 -1.531970e-01
9.448055e+01 3.517359e+00 -1.487032e-01
9.449055e+01 3.479981e+00 -1.442115e-01
9.450055e+01 3.395201e+00 -1.397220e-01
9.451055e+01 3.321893e+00 -1.352349e-01
9.452055e+01 3.299463e+00 -1.307505e-01
9.453055e+01 3.121428e+00 -1.262687e-01
9.454055e+01 3.085076e+00 -1.217898e-01
9.455054e+01 3.100137e+00 -1.173141e-01
9.456054e+01 2.965151e+00 -1.128415e-01
9.457054e+01 2.969830e+00 -1.083723e-01
9.458054e+01 2.909868e+00 -1.039067e-01
9.459054e+01 2.796468e+00 -9.944485e-02
9.460054e+01 2.735823e+00 -9.498688e-02
9.461054e+01 2.766311e+00 -9.053298e-02
9.462054e+01 2.639226e+00 -8.608333e-02
9.463054e+01 2.520586e+00 -8.163808e-02
9.464054e+01 2.518887e+00 -7.719742e-02
9.465053e+01 2.478300e+00 -7.276152e-02
9.466053e+01 2.441343e+00 -6.833054e-02
9.467053e+01 2.429359e+00 -6.390467e-02
9.468053e+01 2.439514e+00 -5.948407e-02
9.469053e+01 2.364353e+00 -5.506891e-02
9.470053e+01 2.264693e+00 -5.065938e-02
9.471053e+01 2.212014e+00 -4.625565e-02
9.472053e+01 2.279718e+00 -4.185789e-02
9.473053e+01 2.212667e+00 -3.746627e-02
9.474053e+01 2.290411e+00 -3.308098e-02
9.475052e+01 2.273364e+00 -2.870220e-02
9.476052e+01 2.300795e+00 -2.433008e-02
9.477052e+01 2.208805e+00 -1.996483e-02
9.478052e+01 2.289690e+00 -1.560661e-02
9.479052e+01 2.261945e+00 -1.125559e-02
9.480052e+01 2.284654e+00 -6.911971e-03
9.481052e+01 2.357195e+00 -2.575915e-03
9.482052e+01 2.320390e+00 1.752396e-03
9.483052e+01 2.339702e+00 6.072781e-03
9.484052e+01 2.285519e+00 1.038506e-02
9.485051e+01 2.329331e+00 1.468906e-02
9.486051e+01 2.410209e+00 1.898459e-02
9.487051e+01 2.450850e+00 2.327148e-02
9.488051e+01 2.512036e+00 2.754955e-02
9.489051e+01 2.520796e+00 3.181861e-02
9.490051e+01 2.582176e+00 3.607848e-02
9.491051e+01 2.596213e+00 4.032899e-02
9.492051e+01 2.658152e+00 4.456996e-02
9.493051e+01 2.740355e+00 4.880120e-02
9.494051e+01 2.795639e+00 5.302253e-02
9.495050e+01 2.752823e+00 5.723377e-02
9.496050e+01 2.900166e+00 6.143475e-02
9.497050e+01 2.889950e+00 6.562527e-02
9.498050e+01 2.996616e+00 6.980516e-02
9.499050e+01 3.072663e+00 7.397424e-02
9.500050e+01 3.044821e+00 7.813233e-02
9.501050e+01 3.101480e+00 8.227924e-02
9.502050e+01 3.185084e+00 8.641480e-02
9.503050e+01 3.275042e+00 9.053882e-02
9.504050e+01 3.277257e+00 9.465112e-02
9.505049e+01 3.341090e+00 9.875153e-02
9.506049e+01 3.443107e+00 1.028399e-01
9.507049e+01 3.434947e+00 1.069159e-01
9.508049e+01 3.532389e+00 1.109796e-01
9.509049e+01 3.637200e+00 1.150306e-01
9.510049e+01 3.665889e+00 1.190688e-01
9.511049e+01 3.647852e+00 1.230940e-01
9.512049e+01 3.629217e+00 1.271061e-01
9.513049e+01 3.771080e+00 1.311049e-01
9.514049e+01 3.744055e+00 1.350901e-01
9.515048e+01 3.817017e+00 1.390616e-01
9.516048e+01 3.847187e+00 1.430193e-01
9.517048e+01 3.849671e+00 1.469629e-01
9.518048e+01 3.847622e+00 1.508923e-01
9.519048e+01 3.909756e+00 1.548073e-01
9.520048e+01 4.014443e+00 1.587077e-01
9.521048e+01 3.964200e+00 1.625933e-01
9.522048e+01 3.850209e+00 1.664640e-01
9.523048e+01 4.050496e+00 1.703196e-01
9.524048e+01 4.021060e+00 1.741599e-01
9.525047e+01 3.874169e+00 1.779848e-01
9.526047e+01 3.883947e+00 1.817940e-01
9.527047e+01 3.889024e+00 1.855874e-01
9.528047e+01 3.957417e+00 1.893648e-01
9.529047e+01 3.820719e+00 1.931261e-01
9.530047e+01 3.933044e+00 1.968710e-01
9.531047e+01 3.863433e+00 2.005994e-01
9.532047e+01 3.807959e+00 2.043112e-01
9.533047e+01 3.719598e+00 2.080061e-01
9.534047e+01 3.725385e+00 2.116840e-01
9.535046e+01 3.675781e+00 2.153447e-01
9.536046e+01 3.574578e+00 2.189881e-01
9.537046e+01 3.628700e+00 2.226140e-01
9.538046e+01 3.593891e+00 2.262221e-01
9.539046e+01 3.479563e+00 2.298125e-01
9.540046e+01 3.429798e+00 2.333847e-01
9.541046e+01 3.347699e+00 2.369388e-01
9.542046e+01 3.373156e+00 2.404746e-01
9.543046e+01 3.303540e+00 2.439918e-01
9.544046e+01 3.148699e+00 2.474904e-01
9.545045e+01 3.122358e+00 2.509701e-01
9.546045e+01 3.045621e+00 2.544308e-01
9.547045e+01 3.011368e+00 2.578724e-01
9.548045e+01 2.960579e+00 2.612946e-01
9.549045e+01 2.799542e+00 2.646974e-01
9.550045e+01 2.761212e+00 2.680805e-01
9.551045e+01 2.773227e+00 2.714438e-01
9.552045e+01 2.655749e+00 2.747871e-01
9.553045e+01 2.635757e+00 2.781103e-01
9.554045e+01 2.456952e+00 2.814133e-01
9.555044e+01 2.511080e+00 2.846958e-01
9.556044e+01 2.381692e+00 2.879578e-01
9.557044e+01 2.322162e+00 2.911990e-01
9.558044e+01 2.247761e+00 2.944194e-01
9.559044e+01 2.336178e+00 2.976187e-01
9.560044e+01 2.114928e+00 3.007968e-01
9.561044e+01 2.129730e+00 3.039537e-01
9.562044e+01 2.013240e+00 3.070890e-01
9.563044e+01 1.976534e+00 3.102027e-01
9.564044e+01 1.968956e+00 3.132947e-01
9.565043e+01 1.897217e+00 3.163647e-01
9.566043e+01 1.752328e+00 3.194127e-01
9.567043e+01 1.847622e+00 3.224385e-01
9.568043e+01 1.848264e+00 3.254420e-01
9.569043e+01 1.699546e+00 3.284230e-01
9.570043e+01 1.720394e+00 3.313814e-01
9.571043e+01 1.598642e+00 3.343170e-01
9.572043e+01 1.725166e+00 3.372298e-01
9.573043e+01 1.682057e+00 3.401195e-01
9.574043e+01 1.700282e+00 3.429860e-01
9.575042e+01 1.650650e+00 3.458293e-01
9.576042e+01 1.582051e+00 3.486492e-01
9.577042e+01 1.659791e+00 3.514455e-01
9.578042e+01 1.621956e+00 3.542181e-01
9.579042e+01 1.608805e+00 3.569670e-01
9.580042e+01 1.637659e+00 3.596919e-01
9.581042e+01 1.692225e+00 3.623927e-01
9.582042e+01 1.723727e+00 3.650694e-01
9.583042e+01 1.677782e+00 3.677217e-01
9.584042e+01 1.651885e+00 3.703497e-01
9.585041e+01 1.652660e+00 3.729531e-01
9.586041e+01 1.756965e+00 3.755318e-01
9.587041e+01 1.793160e+00 3.780858e-01
9.588041e+01 1.914048e+00 3.806148e-01
9.589041e+01 1.940082e+00 3.831189e-01
9.590041e+01 1.982215e+00 3.855978e-01
9.591041e+01 1.988811e+00 3.880515e-01
9.592041e+01 2.052526e+00 3.904799e-01
9.593041e+01 2.067799e+00 3.928829e-01
9.594041e+01 2.076308e+00 3.952602e-01
9.595040e+01 2.221361e+00 3.976120e-01
9.596040e+01 2.265670e+00 3.999379e-01
9.597040e+01 2.346929e+00 4.022380e-01
9.598040e+01 2.329418e+00 4.045121e-01
9.599040e+01 2.346466e+00 4.067602e-01
9.600040e+01 2.537185e+00 4.089821e-01
9.601040e+01 2.482071e+00 4.111778e-01
9.602040e+01 2.665751e+00 4.133471e-01
9.603040e+01 2.704069e+00 4.154899e-01
9.604040e+01 2.739534e+00 4.176063e-01
9.605039e+01 2.754561e+00 4.196960e-01
9.606039e+01 2.804641e+00 4.217590e-01
9.607039e+01 2.832235e+00 4.237952e-01
9.608039e+01 2.870821e+00 4.258045e-01
9.609039e+01 2.984203e+00 4.277869e-01
9.610039e+01 2.981719e+00 4.297422e-01
9.611039e+01 3.073571e+00 4.316704e-01
9.612039e+01 3.126689e+00 4.335714e-01
9.613039e+01 3.146896e+00 4.354451e-01
9.614039e+01 3.210301e+00 4.372915e-01
9.615038e+01 3.184547e+00 4.391104e-01
9.616038e+01 3.179440e+00 4.409019e-01
9.617038e+01 3.260381e+00 4.426658e-01
9.618038e+01 3.301943e+00 4.444021e-01
9.619038e+01 3.293655e+00 4.461106e-01
9.620038e+01 3.348246e+00 4.477915e-01
9.621038e+01 3.337276e+00 4.494445e-01
9.622038e+01 3.370903e+00 4.510696e-01
9.623038e+01 3.347135e+00 4.526668e-01
9.624038e+01 3.417215e+00 4.542360e-01
9.625037e+01 3.280261e+00 4.557772e-01
9.626037e+01 3.355134e+00 4.572903e-01
9.627037e+01 3.229419e+00 4.587752e-01
9.628037e+01 3.296150e+00 4.602319e-01
9.629037e+01 3.227964e+00 4.616604e-01
9.630037e+01 3.262099e+00 4.630607e-01
9.631037e+01 3.200402e+00 4.644325e-01
9.632037e+01 3.161132e+00 4.657761e-01
9.633037e+01 3.222257e+00 4.670912e-01
9.634037e+01 3.137755e+00 4.683779e-01
9.635036e+01 3.043583e+00 4.696361e-01
9.636036e+01 3.102448e+00 4.708658e-01
9.637036e+01 3.054765e+00 4.720669e-01
9.638036e+01 2.880823e+00 4.732395e-01
9.639036e+01 2.936336e+00 4.743835e-01
9.640036e+01 2.796706e+00 4.754989e-01
9.641036e+01 2.824786e+00 4.765856e-01
9.642036e+01 2.732735e+00 4.776437e-01
9.643036e+01 2.561357e+00 4.786731e-01
9.644036e+01 2.564129e+00 4.796738e-01
9.645035e+01 2.447282e+00 4.806458e-01
9.646035e+01 2.521263e+00 4.815890e-01
9.647035e+01 2.386646e+00 4.825036e-01
9.648035e+01 2.311775e+00 4.833894e-01
9.649035e+01 2.296017e+00 4.842464e-01
9.650035e+01 2.156149e+00 4.850747e-01
9.651035e+01 2.082681e+00 4.858743e-01
9.652035e+01 2.150970e+00 4.866451e-01
9.653035e+01 1.947313e+00 4.873871e-01
9.654035e+01 1.807308e+00 4.881004e-01
9.655034e+01 1.833667e+00 4.887850e-01
9.656034e+01 1.765504e+00 4.894408e-01
9.657034e+01 1.720743e+00 4.900679e-01
9.658034e+01 1.624842e+00 4.906663e-01
9.659034e+01 1.546687e+00 4.912360e-01
9.660034e+01 1.557583e+00 4.917771e-01
9.661034e+01 1.507585e+00 4.922895e-01
9.662034e+01 1.365092e+00 4.927732e-01
9.663034e+01 1.353733e+00 4.932284e-01
9.664034e+01 1.355251e+00 4.936550e-01
9.665033e+01 1.325369e+00 4.940530e-01
9.666033e+01 1.269765e+00 4.944225e-01
9.667033e+01 1.170608e+00 4.947635e-01
9.668033e+01 1.247691e+00 4.950761e-01
9.669033e+01 1.090486e+00 4.953602e-01
9.670033e+01 1.253079e+00 4.956160e-01
9.671033e+01 1.109754e+00 4.958434e-01
9.672033e+01 1.086245e+00 4.960425e-01
9.673033e+01 1.076950e+00 4.962134e-01
9.674033e+01 1.057995e+00 4.963561e-01
9.675032e+01 9.954513e-01 4.964706e-01
9.676032e+01 1.045005e+00 4.965571e-01
9.677032e+01 9.923032e-01 4.966155e-01
9.678032e+01 1.012159e+00 4.966459e-01
9.679032e+01 1.033476e+00 4.966483e-01
9.680032e+01 1.007815e+00 4.966229e-01
9.681032e+01 1.035582e+00 4.965698e-01
9.682032e+01 1.093301e+00 4.964888e-01
9.683032e+01 1.032175e+00 4.963802e-01
9.684032e+01 1.207844e+00 4.962440e-01
9.685031e+01 1.152202e+00 4.960803e-01
9.686031e+01 1.140350e+00 4.958891e-01
9.687031e+01 1.175242e+00 4.956705e-01
9.688031e+01 1.263427e+00 4.954246e-01
9.689031e+01 1.345191e+00 4.951515e-01
9.690031e+01 1.338870e+00 4.948513e-01
9.691031e+01 1.355239e+00 4.945240e-01
9.692031e+01 1.454523e+00 4.941698e-01
9.693031e+01 1.499339e+00 4.937886e-01
9.694031e+01 1.530671e+00 4.933807e-01
9.695030e+01 1.670119e+00 4.929461e-01
9.696030e+01 1.692650e+00 4.924849e-01
9.697030e+01 1.669460e+00 4.919972e-01
9.698030e+01 1.817020e+00 4.914831e-01
9.699030e+01 1.837812e+00 4.909427e-01
9.700030e+01 1.857478e+00 4.903761e-01
9.701030e+01 1.834967e+00 4.897834e-01
9.702030e+01 1.960712e+00 4.891648e-01
9.703030e+01 2.010455e+00 4.885202e-01
9.704030e+01 2.211375e+00 4.878500e-01
9.705029e+01 2.171908e+00 4.871540e-01
9.706029e+01 2.173300e+00 4.864326e-01
9.707029e+01 2.298659e+00 4.856857e-01
9.708029e+01 2.353306e+00 4.849136e-01
9.709029e+01 2.353360e+00 4.841162e-01
9.710029e+01 2.374244e+00 4.832939e-01
9.711029e+01 2.436009e+00 4.824466e-01
9.712029e+01 2.417190e+00 4.815745e-01
9.713029e+01 2.501211e+00 4.806778e-01
9.714029e+01 2.558221e+00 4.797566e-01
9.715028e+01 2.561188e+00 4.788109e-01
9.716028e+01 2.643112e+00 4.778411e-01
9.717028e+01 2.634987e+00 4.768471e-01
9.718028e+01 2.755793e+00 4.758291e-01
9.719028e+01 2.718629e+00 4.747873e-01
9.720028e+01 2.672191e+00 4.737218e-01
9.721028e+01 2.677956e+00 4.726328e-01
9.722028e+01 2.781149e+00 4.715203e-01
9.723028e+01 2.763665e+00 4.703847e-01
9.724028e+01 2.689025e+00 4.692259e-01
9.725027e+01 2.742887e+00 4.680442e-01
9.726027e+01 2.803939e+00 4.668397e-01
9.727027e+01 2.713979e+00 4.656126e-01
9.728027e+01 2.683897e+00 4.643630e-01
9.729027e+01 2.683667e+00 4.630911e-01
9.730027e+01 2.649632e+00 4.617970e-01
9.731027e+01 2.612658e+00 4.604810e-01
9.732027e+01 2.591740e+00 4.591431e-01
9.733027e+01 2.498455e+00 4.577836e-01
9.734027e+01 2.590959e+00 4.564026e-01
9.735026e+01 2.479682e+00 4.550003e-01
9.736026e+01 2.338768e+00 4.535768e-01
9.737026e+01 2.285830e+00 4.521324e-01
9.738026e+01 2.363222e+00 4.506672e-01
9.739026e+01 2.257080e+00 4.491814e-01
9.740026e+01 2.234210e+00 4.476751e-01
9.741026e+01 2.245412e+00 4.461486e-01
9.742026e+01 2.044019e+00 4.446020e-01
9.743026e+01 1.995316e+00 4.430356e-01
9.744026e+01 1.999899e+00 4.414494e-01
9.745025e+01 1.955290e+00 4.398437e-01
9.746025e+01 1.819032e+00 4.382186e-01
9.747025e+01 1.804190e+00 4.365745e-01
9.748025e+01 1.742729e+00 4.349113e-01
9.749025e+01 1.712611e+00 4.332294e-01
9.750025e+01 1.516426e+00 4.315290e-01
9.751025e+01 1.430201e+00 4.298101e-01
9.752025e+01 1.469513e+00 4.280731e-01
9.753025e+01 1.358816e+00 4.263181e-01
9.754025e+01 1.329570e+00 4.245453e-01
9.755024e+01 1.198329e+00 4.227550e-01
9.756024e+01 1.103659e+00 4.209472e-01
9.757024e+01 1.029991e+00 4.191223e-01
9.758024e+01 9.784849e-01 4.172804e-01
9.759024e+01 1.067032e+00 4.154218e-01
9.760024e+01 9.233321e-01 4.135465e-01
9.761024e+01 8.256342e-01 4.116550e-01
9.762024e+01 8.019383e-01 4.097472e-01
9.763024e+01 7.878519e-01 4.078235e-01
9.764024e+01 7.149189e-01 4.058841e-01
9.765023e+01 5.904675e-01 4.039292e-01
9.766023e+01 5.700764e-01 4.019590e-01
9.767023e+01 5.498611e-01 3.999737e-01
9.768023e+01 5.560157e-01 3.979735e-01
9.769023e+01 5.759593e-01 3.959586e-01
9.770023e+01 4.978812e-01 3.939293e-01
9.771023e+01 5.630969e-01 3.918858e-01
9.772023e+01 4.421589e-01 3.898282e-01
9.773023e+01 3.979669e-01 3.877569e-01
9.774023e+01 4.482454e-01 3.856720e-01
9.775022e+01 4.313337e-01 3.835737e-01
9.776022e+01 3.667844e-01 3.814623e-01
9.777022e+01 3.473103e-01 3.793380e-01
9.778022e+01 3.486151e-01 3.772011e-01
9.779022e+01 4.247027e-01 3.750516e-01
9.780022e+01 4.254206e-01 3.728899e-01
9.781022e+01 4.155166e-01 3.707163e-01
9.782022e+01 4.402526e-01 3.685308e-01
9.783022e+01 5.076060e-01 3.663338e-01
9.784022e+01 5.385718e-01 3.641254e-01
9.785021e+01 4.763491e-01 3.619059e-01
9.786021e+01 5.444556e-01 3.596756e-01
9.787021e+01 6.054794e-01 3.574346e-01
9.788021e+01 6.208513e-01 3.551832e-01
9.789021e+01 6.814834e-01 3.529216e-01
9.790021e+01 8.116916e-01 3.506501e-01
9.791021e+01 8.090752e-01 3.483688e-01
9.792021e+01 8.130248e-01 3.460780e-01
9.793021e+01 9.429748e-01 3.437780e-01
9.794021e+01 9.016234e-01 3.414689e-01
9.795020e+01 9.388494e-01 3.391511e-01
9.796020e+01 9.475682e-01 3.368246e-01
9.797020e+01 1.080914e+00 3.344899e-01
9.798020e+01 1.152123e+00 3.321470e-01
9.799020e+01 1.193751e+00 3.297963e-01
9.800020e+01 1.240848e+00 3.274380e-01
9.801020e+01 1.356177e+00 3.250722e-01
9.802020e+01 1.370463e+00 3.226993e-01
9.803020e+01 1.572801e+00 3.203194e-01
9.804020e+01 1.471905e+00 3.179329e-01
9.805019e+01 1.501977e+00 3.155399e-01
9.806019e+01 1.573112e+00 3.131407e-01
9.807019e+01 1.656443e+00 3.107354e-01
9.808019e+01 1.647743e+00 3.083245e-01
9.809019e+01 1.734805e+00 3.059080e-01
9.810019e+01 1.778061e+00 3.034862e-01
9.811019e+01 1.851746e+00 3.010594e-01
9.812019e+01 1.767651e+00 2.986277e-01
9.813019e+01 1.887505e+00 2.961915e-01
9.814019e+01 1.869351e+00 2.937509e-01
9.815018e+01 2.052065e+00 2.913062e-01
9.816018e+01 2.012407e+00 2.888577e-01
9.817018e+01 1.963290e+00 2.864055e-01
9.818018e+01 2.001357e+00 2.839499e-01
9.819018e+01 2.101754e+00 2.814911e-01
9.820018e+01 2.108244e+00 2.790293e-01
9.821018e+01 2.075207e+00 2.765649e-01
9.822018e+01 2.074658e+00 2.740980e-01
9.823018e+01 2.087381e+00 2.716289e-01
9.824018e+01 2.054011e+00 2.691577e-01
9.825017e+01 1.976555e+00 2.666848e-01
9.826017e+01 2.086723e+00 2.642103e-01
9.827017e+01 2.179473e+00 2.617345e-01
9.828017e+01 2.086426e+00 2.592577e-01
9.829017e+01 1.944887e+00 2.567800e-01
9.830017e+01 1.940249e+00 2.543017e-01
9.831017e+01 2.068598e+00 2.518229e-01
9.832017e+01 1.942614e+00 2.493441e-01
9.833017e+01 1.984168e+00 2.468653e-01
9.834017e+01 1.865095e+00 2.443868e-01
9.835016e+01 1.913957e+00 2.419088e-01
9.836016e+01 1.716470e+00 2.394316e-01
9.837016e+01 1.733666e+00 2.369554e-01
9.838016e+01 1.712808e+00 2.344804e-01
9.839016e+01 1.684369e+00 2.320069e-01
9.840016e+01 1.587307e+00 2.295350e-01
9.841016e+01 1.506840e+00 2.270649e-01
9.842016e+01 1.509820e+00 2.245970e-01
9.843016e+01 1.412761e+00 2.221315e-01
9.844016e+01 1.276608e+00 2.196685e-01
9.845015e+01 1.238598e+00 2.172083e-01
9.846015e+01 1.249358e+00 2.147511e-01
9.847015e+01 1.058499e+00 2.122971e-01
9.848015e+01 1.082986e+00 2.098465e-01
9.849015e+01 1.029927e+00 2.073997e-01
9.850015e+01 9.196517e-01 2.049567e-01
9.851015e+01 8.678564e-01 2.025178e-01
9.852015e+01 8.050570e-01 2.000832e-01
9.853015e+01 8.252250e-01 1.976532e-01
9.854015e+01 5.871559e-01 1.952279e-01
9.855014e+01 5.449238e-01 1.928076e-01
9.856014e+01 5.618403e-01 1.903925e-01
9.857014e+01 5.364139e-01 1.879828e-01
9.858014e+01 4.191272e-01 1.855786e-01
9.859014e+01 4.057738e-01 1.831803e-01
9.860014e+01 2.581089e-01 1.807880e-01
9.861014e+01 1.909664e-01 1.784020e-01
9.862014e+01 1.916456e-01 1.760224e-01
9.863014e+01 1.652700e-01 1.736494e-01
9.864014e+01 1.651171e-01 1.712834e-01
9.865013e+01 7.522262e-02 1.689244e-01
9.866013e+01 -4.940875e-03 1.665726e-01
9.867013e+01 -7.387499e-02 1.642283e-01
9.868013e+01 -2.418515e-02 1.618918e-01
9.869013e+01 -1.621130e-01 1.595631e-01
9.870013e+01 -1.910891e-01 1.572424e-01
9.871013e+01 -1.523353e-01 1.549301e-01
9.872013e+01 -1.828523e-01 1.526262e-01
9.873013e+01 -1.663524e-01 1.503310e-01
9.874013e+01 -2.356853e-01 1.480447e-01
9.875012e+01 -2.550904e-01 1.457675e-01
9.876012e+01 -1.444095e-01 1.434995e-01
9.877012e+01 -2.136853e-01 1.412410e-01
9.878012e+01 -2.088670e-01 1.389921e-01
9.879012e+01 -3.258391e-02 1.367531e-01
9.880012e+01 -1.381265e-01 1.345241e-01
9.881012e+01 -2.495474e-01 1.323053e-01
9.882012e+01 -2.022253e-01 1.300970e-01
9.883012e+01 -5.223420e-02 1.278992e-01
9.884012e+01 -4.605066e-02 1.257122e-01
9.885011e+01 -3.368100e-02 1.235362e-01
9.886011e+01 -7.837699e-02 1.213714e-01
9.887011e+01 4.631703e-02 1.192178e-01
9.888011e+01 4.108917e-03 1.170758e-01
9.889011e+01 5.257982e-02 1.149455e-01
9.890011e+01 1.526081e-01 1.128271e-01
9.891011e+01 1.637928e-01 1.107207e-01
9.892011e+01 1.751205e-01 1.086265e-01
9.893011e+01 2.847491e-01 1.065447e-01
9.894011e+01 2.719772e-01 1.044755e-01
9.895010e+01 3.756403e-01 1.024191e-01
9.896010e+01 3.567566e-01 1.003756e-01
9.897010e+01 4.396861e-01 9.834512e-02
9.898010e+01 4.625247e-01 9.632795e-02
9.899010e+01 4.885423e-01 9.432420e-02
9.900010e+01 6.428523e-01 9.233405e-02
9.901010e+01 6.669496e-01 9.035766e-02
9.902010e+01 6.738428e-01 8.839519e-02
9.903010e+01 9.195342e-01 8.644682e-02
9.904010e+01 8.863535e-01 8.451269e-02
9.905009e+01 9.282154e-01 8.259297e-02
9.906009e+01 1.002680e+00 8.068782e-02
9.907009e+01 9.754675e-01 7.879740e-02
9.908009e+01 1.015024e+00 7.692186e-02
9.909009e+01 1.147408e+00 7.506136e-02
9.910009e+01 1.121838e+00 7.321606e-02
9.911009e+01 1.249559e+00 7.138610e-02
9.912009e+01 1.279823e+00 6.957164e-02
9.913009e+01 1.236109e+00 6.777284e-02
9.914009e+01 1.277055e+00 6.598983e-02
9.915008e+01 1.357105e+00 6.422277e-02
9.916008e+01 1.436015e+00 6.247180e-02
9.917008e+01 1.395496e+00 6.073707e-02
9.918008e+01 1.455707e+00 5.901872e-02
9.919008e+01 1.350424e+00 5.731690e-02
9.920008e+01 1.468963e+00 5.563175e-02
9.921008e+01 1.463681e+00 5.396341e-02
9.922008e+01 1.598385e+00 5.231202e-02
9.923008e+01 1.478678e+00 5.067771e-02
9.924008e+01 1.432339e+00 4.906062e-02
9.925007e+01 1.453417e+00 4.746090e-02
9.926007e+01 1.445254e+00 4.587866e-02
9.927007e+01 1.421936e+00 4.431405e-02
9.928007e+01 1.407772e+00 4.276720e-02
9.929007e+01 1.330919e+00 4.123823e-02
9.930007e+01 1.371680e+00 3.972728e-02
9.931007e+01 1.328713e+00 3.823447e-02
9.932007e+01 1.336564e+00 3.675993e-02
9.933007e+01 1.310363e+00 3.530379e-02
9.934007e+01 1.215243e+00 3.386617e-02
9.935006e+01 1.164374e+00 3.244719e-02
9.936006e+01 1.173064e+00 3.104698e-02
9.937006e+01 1.176230e+00 2.966565e-02
9.938006e+01 9.965276e-01 2.830333e-02
9.939006e+01 1.038851e+00 2.696012e-02
9.940006e+01 9.964450e-01 2.563616e-02
9.941006e+01 9.597300e-01 2.433154e-02
9.942006e+01 7.875375e-01 2.304640e-02
9.943006e+01 7.251385e-01 2.178084e-02
9.944006e+01 7.583770e-01 2.053496e-02
9.945005e+01 6.950923e-01 1.930890e-02
9.946005e+01 5.774376e-01 1.810274e-02
9.947005e+01 4.831647e-01 1.691660e-02
9.948005e+01 4.233336e-01 1.575059e-02
9.949005e+01 3.668265e-01 1.460481e-02
9.950005e+01 2.608456e-01 1.347937e-02
9.951005e+01 3.237315e-01 1.237437e-02
9.952005e+01 1.270744e-01 1.128991e-02
9.953005e+01 1.631560e-01 1.022609e-02
9.954005e+01 1.262347e-01 9.183018e-03
9.955004e+01 -3.283407e-02 8.160782e-03
9.956004e+01 -3.586545e-02 7.159484e-03
9.957004e+01 -1.404482e-01 6.179220e-03
9.958004e+01 -1.880635e-01 5.220084e-03
9.959004e+01 -2.939993e-01 4.282169e-03
9.960004e+01 -3.401641e-01 3.365568e-03
9.961004e+01 -4.011084e-01 2.470373e-03
9.962004e+01 -4.595712e-01 1.596674e-03
9.963004e+01 -5.246479e-01 7.445591e-04
9.964004e+01 -5.366880e-01 -8.588363e-05
9.965003e+01 -5.604849e-01 -8.945675e-04
9.966003e+01 -5.833008e-01 -1.681407e-03
9.967003e+01 -7.183577e-01 -2.446318e-03
9.968003e+01 -7.092730e-01 -3.189217e-03
9.969003e+01 -6.804156e-01 -3.910022e-03
9.970003e+01 -7.463929e-01 -4.608652e-03
9.971003e+01 -6.911420e-01 -5.285028e-03
9.972003e+01 -7.210685e-01 -5.939070e-03
9.973003e+01 -8.585901e-01 -6.570701e-03
9.974003e+01 -9.009257e-01 -7.179845e-03
9.975002e+01 -9.135183e-01 -7.766426e-03
9.976002e+01 -7.744595e-01 -8.330371e-03
9.977002e+01 -8.027543e-01 -8.871605e-03
9.978002e+01 -8.461168e-01 -9.390057e-03
9.979002e+01 -8.637862e-01 -9.885656e-03
9.980002e+01 -9.042991e-01 -1.035833e-02
9.981002e+01 -7.162846e-01 -1.080802e-02
9.982002e+01 -7.708253e-01 -1.123464e-02
9.983002e+01 -7.614311e-01 -1.163814e-02
9.984002e+01 -7.569985e-01 -1.201844e-02
9.985001e+01 -7.247875e-01 -1.237549e-02
9.986001e+01 -6.429221e-01 -1.270922e-02
9.987001e+01 -6.770691e-01 -1.301957e-02
9.988001e+01 -5.933042e-01 -1.330647e-02
9.989001e+01 -5.902991e-01 -1.356987e-02
9.990001e+01 -5.592529e-01 -1.380971e-02
9.991001e+01 -4.857113e-01 -1.402592e-02
9.992001e+01 -5.104053e-01 -1.421845e-02
9.993001e+01 -3.642860e-01 -1.438725e-02
9.994001e+01 -3.060730e-01 -1.453225e-02
9.995000e+01 -2.183011e-01 -1.465341e-02
9.996000e+01 -2.025252e-01 -1.475068e-02
9.997000e+01 -2.476739e-01 -1.482399e-02
9.998000e+01 -1.345946e-01 -1.487329e-02
9.999000e+01 -8.942810e-02 -1.489855e-02
1.000000e+02 -6.029456e-02 -1.489970e-02
