0.000000e+00 1.759148e-03 4.309539e-02
9.999000e-04 3.827618e-02 5.407907e-02
1.999800e-03 1.640824e-02 6.477141e-02
2.999700e-03 6.382915e-02 7.517312e-02
3.999600e-03 1.410732e-01 8.528504e-02
4.999500e-03 1.236483e-03 9.510808e-02
5.999400e-03 3.497564e-03 1.046433e-01
6.999300e-03 -6.637735e-02 1.138918e-01
7.999200e-03 -5.522281e-02 1.228548e-01
8.999100e-03 1.972053e-02 1.315336e-01
9.999000e-03 7.302678e-02 1.399296e-01
1.099890e-02 1.090822e-01 1.480442e-01
1.199880e-02 1.757018e-01 1.558791e-01
1.299870e-02 5.319323e-02 1.634357e-01
1.399860e-02 1.984708e-01 1.707160e-01
1.499850e-02 1.346424e-01 1.777215e-01
1.599840e-02 -4.212169e-02 1.844541e-01
1.699830e-02 -8.509260e-02 1.909158e-01
1.799820e-02 9.138932e-02 1.971085e-01
1.899810e-02 1.046000e-01 2.030341e-01
1.999800e-02 9.762184e-02 2.086949e-01
2.099790e-02 2.455069e-01 2.140929e-01
2.199780e-02 2.380736e-01 2.192302e-01
2.299770e-02 2.088375e-01 2.241092e-01
2.399760e-02 1.612988e-01 2.287322e-01
2.499750e-02 1.216436e-01 2.331013e-01
2.599740e-02 -6.180554e-03 2.372190e-01
2.699730e-02 -1.145699e-02 2.410878e-01
2.799720e-02 1.432302e-01 2.447099e-01
2.899710e-02 1.249571e-01 2.480881e-01
2.999700e-02 1.892480e-01 2.512246e-01
3.099690e-02 3.206321e-01 2.541222e-01
3.199680e-02 2.851299e-01 2.567834e-01
3.299670e-02 3.801327e-01 2.592108e-01
3.399660e-02 3.309604e-01 2.614070e-01
3.499650e-02 1.542933e-01 2.633748e-01
3.599640e-02 1.863381e-01 2.651168e-01
3.699630e-02 1.583866e-01 2.666357e-01
3.799620e-02 7.804268e-02 2.679344e-01
3.899610e-02 1.550740e-01 2.690155e-01
3.999600e-02 2.947366e-01 2.698819e-01
4.099590e-02 3.472593e-01 2.705364e-01
4.199580e-02 2.548602e-01 2.709819e-01
4.299570e-02 3.861789e-01 2.712211e-01
4.399560e-02 2.538111e-01 2.712569e-01
4.499550e-02 2.764794e-01 2.710924e-01
4.599540e-02 2.187233e-01 2.707303e-01
4.699530e-02 1.965724e-01 2.701735e-01
4.799520e-02 2.690813e-01 2.694251e-01
4.899510e-02 2.474440e-01 2.684880e-01
4.999500e-02 3.144857e-01 2.673651e-01
5.099490e-02 3.425067e-01 2.660594e-01
5.199480e-02 3.742062e-01 2.645739e-01
5.299470e-02 4.947237e-01 2.629117e-01
5.399460e-02 3.839913e-01 2.610757e-01
5.499450e-02 3.573978e-01 2.590689e-01
5.599440e-02 3.583046e-01 2.568944e-01
5.699430e-02 2.290299e-01 2.545553e-01
5.799420e-02 2.946084e-01 2.520545e-01
5.899410e-02 3.418815e-01 2.493952e-01
5.999400e-02 3.530247e-01 2.465804e-01
6.099390e-02 3.490927e-01 2.436131e-01
6.199380e-02 3.945903e-01 2.404966e-01
6.299370e-02 4.091186e-01 2.372337e-01
6.399360e-02 5.432732e-01 2.338277e-01
6.499350e-02 4.907763e-01 2.302817e-01
6.599340e-02 3.517856e-01 2.265986e-01
6.699330e-02 3.003759e-01 2.227817e-01
6.799320e-02 2.558686e-01 2.188341e-01
6.899310e-02 3.387064e-01 2.147587e-01
6.999300e-02 4.415897e-01 2.105588e-01
7.099290e-02 5.700732e-01 2.062374e-01
7.199280e-02 4.941483e-01 2.017977e-01
7.299270e-02 5.450571e-01 1.972427e-01
7.399260e-02 4.392351e-01 1.925756e-01
7.499250e-02 4.237218e-01 1.877995e-01
7.599240e-02 4.114488e-01 1.829173e-01
7.699230e-02 3.486311e-01 1.779323e-01
7.799220e-02 3.211930e-01 1.728475e-01
7.899210e-02 4.627657e-01 1.676660e-01
7.999200e-02 4.942879e-01 1.623909e-01
8.099190e-02 5.132743e-01 1.570251e-01
8.199180e-02 5.895909e-01 1.515719e-01
8.299170e-02 6.213209e-01 1.460341e-01
8.399160e-02 6.125744e-01 1.404149e-01
8.499150e-02 5.302292e-01 1.347172e-01
8.599140e-02 4.378510e-01 1.289441e-01
8.699130e-02 3.844338e-01 1.230985e-01
8.799120e-02 4.181581e-01 1.171835e-01
8.899110e-02 4.486424e-01 1.112019e-01
8.999100e-02 6.133028e-01 1.051568e-01
9.099090e-02 6.332195e-01 9.905097e-02
9.199080e-02 6.808481e-01 9.288741e-02
9.299070e-02 6.307909e-01 8.666898e-02
9.399060e-02 5.848629e-01 8.039854e-02
9.499050e-02 4.873658e-01 7.407891e-02
9.599040e-02 5.522068e-01 6.771293e-02
9.699030e-02 4.488041e-01 6.130336e-02
9.799020e-02 4.520872e-01 5.485298e-02
9.899010e-02 5.437266e-01 4.836453e-02
9.999000e-02 6.222997e-01 4.184070e-02
1.009899e-01 5.929116e-01 3.528418e-02
1.019898e-01 6.681391e-01 2.869760e-02
1.029897e-01 6.796389e-01 2.208360e-02
1.039896e-01 7.341595e-01 1.544476e-02
1.049895e-01 7.400325e-01 8.783617e-03
1.059894e-01 5.808795e-01 2.102700e-03
1.069893e-01 5.248990e-01 -4.595512e-03
1.079892e-01 5.631151e-01 -1.130857e-02
1.089891e-01 5.947659e-01 -1.803406e-02
1.099890e-01 6.296512e-01 -2.476962e-02
1.109889e-01 6.749900e-01 -3.151291e-02
1.119888e-01 6.881413e-01 -3.826162e-02
1.129887e-01 6.872120e-01 -4.501352e-02
1.139886e-01 6.914934e-01 -5.176636e-02
1.149885e-01 6.763561e-01 -5.851799e-02
1.159884e-01 6.304241e-01 -6.526627e-02
1.169883e-01 5.120126e-01 -7.200910e-02
1.179882e-01 6.505320e-01 -7.874442e-02
1.189881e-01 5.920573e-01 -8.547024e-02
1.199880e-01 7.855591e-01 -9.218459e-02
1.209879e-01 6.768801e-01 -9.888554e-02
1.219878e-01 8.148917e-01 -1.055712e-01
1.229877e-01 8.001825e-01 -1.122398e-01
1.239876e-01 7.863303e-01 -1.188894e-01
1.249875e-01 7.625647e-01 -1.255185e-01
1.259874e-01 6.912454e-01 -1.321251e-01
1.269873e-01 6.324508e-01 -1.387078e-01
1.279872e-01 6.670399e-01 -1.452648e-01
1.289871e-01 7.026953e-01 -1.517946e-01
1.299870e-01 8.327657e-01 -1.582957e-01
1.309869e-01 7.345235e-01 -1.647666e-01
1.319868e-01 8.858635e-01 -1.712059e-01
1.329867e-01 8.018760e-01 -1.776121e-01
1.339866e-01 8.573545e-01 -1.839839e-01
1.349865e-01 7.917351e-01 -1.903199e-01
1.359864e-01 7.365719e-01 -1.966190e-01
1.369863e-01 7.245761e-01 -2.028799e-01
1.379862e-01 7.530727e-01 -2.091014e-01
1.389861e-01 6.961869e-01 -2.152824e-01
1.399860e-01 6.835284e-01 -2.214217e-01
1.409859e-01 8.827080e-01 -2.275183e-01
1.419858e-01 8.033523e-01 -2.335711e-01
1.429857e-01 9.968089e-01 -2.395792e-01
1.439856e-01 8.805061e-01 -2.455416e-01
1.449855e-01 8.260012e-01 -2.514575e-01
1.459854e-01 7.425374e-01 -2.573258e-01
1.469853e-01 7.015014e-01 -2.631458e-01
1.479852e-01 6.341003e-01 -2.689167e-01
1.489851e-01 8.202877e-01 -2.746377e-01
1.499850e-01 8.333510e-01 -2.803081e-01
1.509849e-01 9.086122e-01 -2.859271e-01
1.519848e-01 9.028096e-01 -2.914940e-01
1.529847e-01 8.080573e-01 -2.970083e-01
1.539846e-01 9.197935e-01 -3.024693e-01
1.549845e-01 8.342536e-01 -3.078764e-01
1.559844e-01 7.055152e-01 -3.132290e-01
1.569843e-01 7.085841e-01 -3.185267e-01
1.579842e-01 7.381847e-01 -3.237689e-01
1.589841e-01 7.188750e-01 -3.289551e-01
1.599840e-01 9.905708e-01 -3.340849e-01
1.609839e-01 8.037475e-01 -3.391579e-01
1.619838e-01 8.547168e-01 -3.441735e-01
1.629837e-01 9.922108e-01 -3.491316e-01
1.639836e-01 8.977354e-01 -3.540316e-01
1.649835e-01 8.029778e-01 -3.588732e-01
1.659834e-01 8.002667e-01 -3.636562e-01
1.669833e-01 7.278230e-01 -3.683801e-01
1.679832e-01 8.137571e-01 -3.730448e-01
1.689831e-01 7.996799e-01 -3.776499e-01
1.699830e-01 8.489007e-01 -3.821952e-01
1.709829e-01 9.885330e-01 -3.866805e-01
1.719828e-01 9.437938e-01 -3.911055e-01
1.729827e-01 9.969044e-01 -3.954700e-01
1.739826e-01 9.529663e-01 -3.997738e-01
1.749825e-01 8.477427e-01 -4.040168e-01
1.759824e-01 8.516796e-01 -4.081987e-01
1.769823e-01 8.427659e-01 -4.123195e-01
1.779822e-01 7.839663e-01 -4.163790e-01
1.789821e-01 7.269235e-01 -4.203770e-01
1.799820e-01 9.024626e-01 -4.243134e-01
1.809819e-01 9.799160e-01 -4.281881e-01
1.819818e-01 9.634149e-01 -4.320011e-01
1.829817e-01 9.469439e-01 -4.357522e-01
1.839816e-01 1.016739e+00 -4.394413e-01
1.849815e-01 9.094907e-01 -4.430683e-01
1.859814e-01 9.150460e-01 -4.466332e-01
1.869813e-01 8.561677e-01 -4.501360e-01
1.879812e-01 8.452977e-01 -4.535766e-01
1.889811e-01 8.401244e-01 -4.569548e-01
1.899810e-01 9.364330e-01 -4.602708e-01
1.909809e-01 9.081556e-01 -4.635245e-01
1.919808e-01 1.072112e+00 -4.667157e-01
1.929807e-01 1.004229e+00 -4.698446e-01
1.939806e-01 1.034259e+00 -4.729112e-01
1.949805e-01 9.065352e-01 -4.759153e-01
1.959804e-01 1.031960e+00 -4.788570e-01
1.969803e-01 9.377586e-01 -4.817364e-01
1.979802e-01 8.676132e-01 -4.845534e-01
1.989801e-01 7.944599e-01 -4.873081e-01
1.999800e-01 9.170712e-01 -4.900004e-01
2.009799e-01 8.880540e-01 -4.926305e-01
2.019798e-01 1.051556e+00 -4.951983e-01
2.029797e-01 1.049498e+00 -4.977039e-01
2.039796e-01 9.920666e-01 -5.001474e-01
2.049795e-01 9.864090e-01 -5.025288e-01
2.059794e-01 9.377576e-01 -5.048482e-01
2.069793e-01 8.827458e-01 -5.071057e-01
2.079792e-01 8.291885e-01 -5.093013e-01
2.089791e-01 8.957183e-01 -5.114352e-01
2.099790e-01 9.664621e-01 -5.135074e-01
2.109789e-01 1.013714e+00 -5.155180e-01
2.119788e-01 1.034246e+00 -5.174672e-01
2.129787e-01 1.098064e+00 -5.193551e-01
2.139786e-01 1.075534e+00 -5.211819e-01
2.149785e-01 9.379238e-01 -5.229476e-01
2.159784e-01 9.185680e-01 -5.246524e-01
2.169783e-01 9.729279e-01 -5.262966e-01
2.179782e-01 9.779910e-01 -5.278802e-01
2.189781e-01 9.444926e-01 -5.294034e-01
2.199780e-01 9.226881e-01 -5.308665e-01
2.209779e-01 9.971152e-01 -5.322697e-01
2.219778e-01 1.054881e+00 -5.336132e-01
2.229777e-01 1.151118e+00 -5.348973e-01
2.239776e-01 9.457715e-01 -5.361221e-01
2.249775e-01 9.591064e-01 -5.372880e-01
2.259774e-01 9.345887e-01 -5.383952e-01
2.269773e-01 8.004681e-01 -5.394441e-01
2.279772e-01 9.058259e-01 -5.404349e-01
2.289771e-01 9.306247e-01 -5.413680e-01
2.299770e-01 1.047114e+00 -5.422436e-01
2.309769e-01 1.058455e+00 -5.430623e-01
2.319768e-01 1.123719e+00 -5.438243e-01
2.329767e-01 1.134197e+00 -5.445301e-01
2.339766e-01 1.124142e+00 -5.451800e-01
2.349765e-01 1.011378e+00 -5.457745e-01
2.359764e-01 8.957605e-01 -5.463141e-01
2.369763e-01 8.236575e-01 -5.467992e-01
2.379762e-01 1.034656e+00 -5.472303e-01
2.389761e-01 9.490014e-01 -5.476078e-01
2.399760e-01 1.014434e+00 -5.479324e-01
2.409759e-01 1.084183e+00 -5.482046e-01
2.419758e-01 1.131105e+00 -5.484250e-01
2.429757e-01 1.151111e+00 -5.485941e-01
2.439756e-01 1.138994e+00 -5.487126e-01
2.449755e-01 9.908526e-01 -5.487810e-01
2.459754e-01 9.740932e-01 -5.488001e-01
2.469753e-01 9.532442e-01 -5.487705e-01
2.479752e-01 8.226702e-01 -5.486929e-01
2.489751e-01 9.836457e-01 -5.485680e-01
2.499750e-01 9.603964e-01 -5.483967e-01
2.509749e-01 1.018589e+00 -5.481795e-01
2.519748e-01 1.169546e+00 -5.479174e-01
2.529747e-01 1.121739e+00 -5.476111e-01
2.539746e-01 1.111815e+00 -5.472614e-01
2.549745e-01 9.759259e-01 -5.468692e-01
2.559744e-01 1.022741e+00 -5.464354e-01
2.569743e-01 9.034142e-01 -5.459608e-01
2.579742e-01 8.369758e-01 -5.454464e-01
2.589741e-01 8.719504e-01 -5.448931e-01
2.599740e-01 9.107944e-01 -5.443018e-01
2.609739e-01 1.041899e+00 -5.436735e-01
2.619738e-01 1.079671e+00 -5.430092e-01
2.629737e-01 1.036869e+00 -5.423099e-01
2.639736e-01 1.048911e+00 -5.415766e-01
2.649735e-01 1.052395e+00 -5.408103e-01
2.659734e-01 8.913808e-01 -5.400121e-01
2.669733e-01 9.185615e-01 -5.391831e-01
2.679732e-01 8.047981e-01 -5.383244e-01
2.689731e-01 9.166878e-01 -5.374370e-01
2.699730e-01 1.081891e+00 -5.365221e-01
2.709729e-01 1.070172e+00 -5.355808e-01
2.719728e-01 1.072786e+00 -5.346142e-01
2.729727e-01 1.137923e+00 -5.336235e-01
2.739726e-01 1.112683e+00 -5.326098e-01
2.749725e-01 9.841938e-01 -5.315743e-01
2.759724e-01 8.722942e-01 -5.305182e-01
2.769723e-01 9.184138e-01 -5.294427e-01
2.779722e-01 9.366883e-01 -5.283489e-01
2.789721e-01 8.383024e-01 -5.272380e-01
2.799720e-01 1.029421e+00 -5.261113e-01
2.809719e-01 9.839266e-01 -5.249699e-01
2.819718e-01 1.065764e+00 -5.238151e-01
2.829717e-01 1.098391e+00 -5.226480e-01
2.839716e-01 1.042196e+00 -5.214698e-01
2.849715e-01 9.962770e-01 -5.202818e-01
2.859714e-01 9.524782e-01 -5.190851e-01
2.869713e-01 8.439876e-01 -5.178809e-01
2.879712e-01 8.240952e-01 -5.166705e-01
2.889711e-01 9.163057e-01 -5.154549e-01
2.899710e-01 9.020130e-01 -5.142355e-01
2.909709e-01 1.035966e+00 -5.130132e-01
2.919708e-01 9.580714e-01 -5.117894e-01
2.929707e-01 1.071224e+00 -5.105652e-01
2.939706e-01 9.757562e-01 -5.093416e-01
2.949705e-01 1.015715e+00 -5.081199e-01
2.959704e-01 9.357640e-01 -5.069010e-01
2.969703e-01 8.084969e-01 -5.056862e-01
2.979702e-01 7.963542e-01 -5.044766e-01
2.989701e-01 7.925638e-01 -5.032730e-01
2.999700e-01 9.146317e-01 -5.020768e-01
3.009699e-01 9.364759e-01 -5.008887e-01
3.019698e-01 1.058038e+00 -4.997100e-01
3.029697e-01 1.029593e+00 -4.985415e-01
3.039696e-01 1.033527e+00 -4.973842e-01
3.049695e-01 8.534480e-01 -4.962392e-01
3.059694e-01 9.432353e-01 -4.951072e-01
3.069693e-01 8.394628e-01 -4.939893e-01
3.079692e-01 7.834222e-01 -4.928863e-01
3.089691e-01 8.346586e-01 -4.917991e-01
3.099690e-01 1.014105e+00 -4.907285e-01
3.109689e-01 9.910203e-01 -4.896754e-01
3.119688e-01 1.151708e+00 -4.886404e-01
3.129687e-01 1.095245e+00 -4.876245e-01
3.139686e-01 9.998847e-01 -4.866283e-01
3.149685e-01 9.495339e-01 -4.856525e-01
3.159684e-01 8.358045e-01 -4.846979e-01
3.169683e-01 8.150871e-01 -4.837651e-01
3.179682e-01 8.239449e-01 -4.828547e-01
3.189681e-01 7.474955e-01 -4.819673e-01
3.199680e-01 9.040142e-01 -4.811036e-01
3.209679e-01 1.037097e+00 -4.802641e-01
3.219678e-01 1.060254e+00 -4.794492e-01
3.229677e-01 9.841838e-01 -4.786596e-01
3.239676e-01 9.749347e-01 -4.778957e-01
3.249675e-01 8.952234e-01 -4.771580e-01
3.259674e-01 7.905454e-01 -4.764468e-01
3.269673e-01 7.663601e-01 -4.757625e-01
3.279672e-01 8.690145e-01 -4.751056e-01
3.289671e-01 8.334048e-01 -4.744764e-01
3.299670e-01 9.412027e-01 -4.738752e-01
3.309669e-01 9.165454e-01 -4.733024e-01
3.319668e-01 9.603690e-01 -4.727581e-01
3.329667e-01 8.991794e-01 -4.722426e-01
3.339666e-01 9.163985e-01 -4.717562e-01
3.349665e-01 8.853700e-01 -4.712990e-01
3.359664e-01 8.198425e-01 -4.708713e-01
3.369663e-01 9.141068e-01 -4.704732e-01
3.379662e-01 8.609923e-01 -4.701047e-01
3.389661e-01 7.558020e-01 -4.697662e-01
3.399660e-01 7.513844e-01 -4.694575e-01
3.409659e-01 9.105817e-01 -4.691788e-01
3.419658e-01 8.924943e-01 -4.689302e-01
3.429657e-01 9.597841e-01 -4.687117e-01
3.439656e-01 9.006498e-01 -4.685232e-01
3.449655e-01 8.528947e-01 -4.683648e-01
3.459654e-01 6.729306e-01 -4.682364e-01
3.469653e-01 6.833317e-01 -4.681381e-01
3.479652e-01 7.103674e-01 -4.680697e-01
3.489651e-01 7.527370e-01 -4.680312e-01
3.499650e-01 8.079634e-01 -4.680224e-01
3.509649e-01 8.399166e-01 -4.680433e-01
3.519648e-01 9.183525e-01 -4.680938e-01
3.529647e-01 9.674274e-01 -4.681736e-01
3.539646e-01 9.310555e-01 -4.682828e-01
3.549645e-01 7.813488e-01 -4.684210e-01
3.559644e-01 7.513337e-01 -4.685882e-01
3.569643e-01 6.830787e-01 -4.687841e-01
3.579642e-01 6.824977e-01 -4.690085e-01
3.589641e-01 7.088698e-01 -4.692613e-01
3.599640e-01 7.836302e-01 -4.695422e-01
3.609639e-01 8.890773e-01 -4.698510e-01
3.619638e-01 8.904626e-01 -4.701874e-01
3.629637e-01 8.979861e-01 -4.705512e-01
3.639636e-01 8.192071e-01 -4.709422e-01
3.649635e-01 7.013076e-01 -4.713601e-01
3.659634e-01 6.726100e-01 -4.718046e-01
3.669633e-01 6.931866e-01 -4.722754e-01
3.679632e-01 5.465122e-01 -4.727723e-01
3.689631e-01 6.965697e-01 -4.732950e-01
3.699630e-01 7.670122e-01 -4.738432e-01
3.709629e-01 7.852404e-01 -4.744166e-01
3.719628e-01 8.037554e-01 -4.750148e-01
3.729627e-01 8.686158e-01 -4.756377e-01
3.739626e-01 7.881073e-01 -4.762848e-01
3.749625e-01 6.724013e-01 -4.769559e-01
3.759624e-01 7.367260e-01 -4.776506e-01
3.769623e-01 6.495162e-01 -4.783687e-01
3.779622e-01 6.086378e-01 -4.791098e-01
3.789621e-01 5.815796e-01 -4.798735e-01
3.799620e-01 6.679036e-01 -4.806597e-01
3.809619e-01 6.389782e-01 -4.814679e-01
3.819618e-01 7.251755e-01 -4.822978e-01
3.829617e-01 7.499286e-01 -4.831491e-01
3.839616e-01 7.380050e-01 -4.840214e-01
3.849615e-01 6.270834e-01 -4.849145e-01
3.859614e-01 5.130322e-01 -4.858280e-01
3.869613e-01 5.052508e-01 -4.867616e-01
3.879612e-01 6.083874e-01 -4.877150e-01
3.889611e-01 6.677462e-01 -4.886878e-01
3.899610e-01 5.861762e-01 -4.896797e-01
3.909609e-01 6.868987e-01 -4.906904e-01
3.919608e-01 7.399181e-01 -4.917196e-01
3.929607e-01 6.407030e-01 -4.927670e-01
3.939606e-01 7.406224e-01 -4.938322e-01
3.949605e-01 5.695023e-01 -4.949149e-01
3.959604e-01 4.948570e-01 -4.960148e-01
3.969603e-01 4.994593e-01 -4.971316e-01
3.979602e-01 4.428675e-01 -4.982650e-01
3.989601e-01 5.039149e-01 -4.994146e-01
3.999600e-01 5.735343e-01 -5.005803e-01
4.009599e-01 7.305777e-01 -5.017616e-01
4.019598e-01 6.630995e-01 -5.029583e-01
4.029597e-01 6.432477e-01 -5.041701e-01
4.039596e-01 5.754855e-01 -5.053967e-01
4.049595e-01 6.192517e-01 -5.066378e-01
4.059594e-01 5.096606e-01 -5.078931e-01
4.069593e-01 4.808639e-01 -5.091623e-01
4.079592e-01 4.815971e-01 -5.104452e-01
4.089591e-01 4.011714e-01 -5.117415e-01
4.099590e-01 6.138139e-01 -5.130508e-01
4.109589e-01 5.989551e-01 -5.143730e-01
4.119588e-01 5.732186e-01 -5.157078e-01
4.129587e-01 6.234953e-01 -5.170548e-01
4.139586e-01 5.585594e-01 -5.184139e-01
4.149585e-01 4.891558e-01 -5.197848e-01
4.159584e-01 4.453339e-01 -5.211672e-01
4.169583e-01 3.641176e-01 -5.225609e-01
4.179582e-01 4.038758e-01 -5.239657e-01
4.189581e-01 4.035020e-01 -5.253812e-01
4.199580e-01 5.566695e-01 -5.268073e-01
4.209579e-01 5.785839e-01 -5.282437e-01
4.219578e-01 5.414658e-01 -5.296902e-01
4.229577e-01 5.466314e-01 -5.311466e-01
4.239576e-01 5.472318e-01 -5.326126e-01
4.249575e-01 4.169438e-01 -5.340880e-01
4.259574e-01 3.316437e-01 -5.355726e-01
4.269573e-01 3.735645e-01 -5.370661e-01
4.279572e-01 3.731204e-01 -5.385685e-01
4.289571e-01 4.044345e-01 -5.400794e-01
4.299570e-01 4.322095e-01 -5.415987e-01
4.309569e-01 4.083969e-01 -5.431261e-01
4.319568e-01 5.481319e-01 -5.446615e-01
4.329567e-01 4.612474e-01 -5.462046e-01
4.339566e-01 4.255512e-01 -5.477554e-01
4.349565e-01 3.801904e-01 -5.493135e-01
4.359564e-01 2.710978e-01 -5.508788e-01
4.369563e-01 2.589477e-01 -5.524511e-01
4.379562e-01 2.679034e-01 -5.540302e-01
4.389561e-01 3.063764e-01 -5.556161e-01
4.399560e-01 4.183273e-01 -5.572084e-01
4.409559e-01 4.496286e-01 -5.588070e-01
4.419558e-01 5.302762e-01 -5.604118e-01
4.429557e-01 5.112840e-01 -5.620226e-01
4.439556e-01 3.462075e-01 -5.636392e-01
4.449555e-01 2.902191e-01 -5.652615e-01
4.459554e-01 1.250375e-01 -5.668892e-01
4.469553e-01 2.442534e-01 -5.685224e-01
4.479552e-01 1.437636e-01 -5.701608e-01
4.489551e-01 2.241821e-01 -5.718042e-01
4.499550e-01 2.996939e-01 -5.734525e-01
4.509549e-01 3.963782e-01 -5.751057e-01
4.519548e-01 3.248393e-01 -5.767634e-01
4.529547e-01 4.335550e-01 -5.784257e-01
4.539546e-01 3.114158e-01 -5.800923e-01
4.549545e-01 2.950291e-01 -5.817631e-01
4.559544e-01 1.439808e-01 -5.834381e-01
4.569543e-01 1.440736e-01 -5.851170e-01
4.579542e-01 1.247650e-01 -5.867998e-01
4.589541e-01 1.403877e-01 -5.884863e-01
4.599540e-01 3.005894e-01 -5.901764e-01
4.609539e-01 3.063532e-01 -5.918699e-01
4.619538e-01 4.445537e-01 -5.935669e-01
4.629537e-01 2.348302e-01 -5.952671e-01
4.639536e-01 3.007537e-01 -5.969704e-01
4.649535e-01 1.816363e-01 -5.986767e-01
4.659534e-01 1.715502e-01 -6.003860e-01
4.669533e-01 1.904814e-01 -6.020980e-01
4.679532e-01 1.208696e-01 -6.038128e-01
4.689531e-01 1.107606e-01 -6.055301e-01
4.699530e-01 1.601105e-01 -6.072499e-01
4.709529e-01 2.056081e-01 -6.089721e-01
4.719528e-01 2.188800e-01 -6.106966e-01
4.729527e-01 2.600737e-01 -6.124233e-01
4.739526e-01 2.238395e-01 -6.141521e-01
4.749525e-01 1.542321e-01 -6.158829e-01
4.759524e-01 1.413860e-02 -6.176156e-01
4.769523e-01 8.646399e-02 -6.193501e-01
4.779522e-01 4.498990e-03 -6.210863e-01
4.789521e-01 4.899629e-02 -6.228241e-01
4.799520e-01 2.119190e-01 -6.245635e-01
4.809519e-01 2.010484e-01 -6.263044e-01
4.819518e-01 2.218900e-01 -6.280466e-01
4.829517e-01 2.433140e-01 -6.297901e-01
4.839516e-01 2.369984e-01 -6.315348e-01
4.849515e-01 8.535293e-02 -6.332806e-01
4.859514e-01 7.272511e-02 -6.350275e-01
4.869513e-01 -8.853698e-02 -6.367753e-01
4.879512e-01 6.039263e-02 -6.385240e-01
4.889511e-01 -1.157601e-02 -6.402734e-01
4.899510e-01 1.017064e-01 -6.420237e-01
4.909509e-01 7.007812e-02 -6.437745e-01
4.919508e-01 8.161998e-02 -6.455259e-01
4.929507e-01 1.441466e-01 -6.472779e-01
4.939506e-01 2.179181e-02 -6.490302e-01
4.949505e-01 6.495003e-02 -6.507829e-01
4.959504e-01 -1.011352e-01 -6.525359e-01
4.969503e-01 -8.698537e-02 -6.542890e-01
4.979502e-01 -9.712735e-02 -6.560423e-01
4.989501e-01 1.537156e-02 -6.577957e-01
4.999500e-01 -4.814130e-02 -6.595491e-01
5.009499e-01 1.707184e-01 -6.613024e-01
5.019498e-01 1.279230e-01 -6.630555e-01
5.029497e-01 8.845160e-02 -6.648085e-01
5.039496e-01 4.588401e-02 -6.665612e-01
5.049495e-01 -5.521583e-02 -6.683135e-01
5.059494e-01 -1.243972e-01 -6.700654e-01
5.069493e-01 -1.035260e-01 -6.718169e-01
5.079492e-01 -7.948098e-02 -6.735678e-01
5.089491e-01 -3.180366e-02 -6.753181e-01
5.099490e-01 1.332996e-02 -6.770677e-01
5.109489e-01 3.630804e-02 -6.788167e-01
5.119488e-01 1.084539e-01 -6.805648e-01
5.129487e-01 -4.225896e-02 -6.823121e-01
5.139486e-01 -6.072711e-02 -6.840584e-01
5.149485e-01 -5.144075e-02 -6.858038e-01
5.159484e-01 -1.981839e-01 -6.875482e-01
5.169483e-01 -2.490762e-01 -6.892915e-01
5.179482e-01 -2.013960e-01 -6.910336e-01
5.189481e-01 -1.224585e-01 -6.927744e-01
5.199480e-01 -2.188465e-01 -6.945140e-01
5.209479e-01 -1.233130e-01 -6.962523e-01
5.219478e-01 -1.042497e-01 -6.979892e-01
5.229477e-01 -6.520043e-02 -6.997246e-01
5.239476e-01 -1.179084e-01 -7.014585e-01
5.249475e-01 -2.629102e-01 -7.031908e-01
5.259474e-01 -1.444301e-01 -7.049215e-01
5.269473e-01 -2.856067e-01 -7.066505e-01
5.279472e-01 -2.278873e-01 -7.083777e-01
5.289471e-01 -2.375042e-01 -7.101032e-01
5.299470e-01 -1.284361e-01 -7.118267e-01
5.309469e-01 -1.355617e-01 -7.135484e-01
5.319468e-01 -3.805175e-02 -7.152681e-01
5.329467e-01 -1.832042e-02 -7.169857e-01
5.339466e-01 -8.875573e-02 -7.187012e-01
5.349465e-01 -2.347109e-01 -7.204146e-01
5.359464e-01 -2.279654e-01 -7.221258e-01
5.369463e-01 -2.925083e-01 -7.238348e-01
5.379462e-01 -2.980023e-01 -7.255414e-01
5.389461e-01 -3.011925e-01 -7.272456e-01
5.399460e-01 -2.149225e-01 -7.289474e-01
5.409459e-01 -1.597265e-01 -7.306467e-01
5.419458e-01 -1.124135e-01 -7.323434e-01
5.429457e-01 -2.625515e-01 -7.340376e-01
5.439456e-01 -2.894327e-01 -7.357290e-01
5.449455e-01 -3.141903e-01 -7.374178e-01
5.459454e-01 -3.841214e-01 -7.391038e-01
5.469453e-01 -3.904650e-01 -7.407870e-01
5.479452e-01 -3.868826e-01 -7.424673e-01
5.489451e-01 -3.630391e-01 -7.441446e-01
5.499450e-01 -3.264683e-01 -7.458190e-01
5.509449e-01 -2.983078e-01 -7.474903e-01
5.519448e-01 -2.367286e-01 -7.491585e-01
5.529447e-01 -2.602474e-01 -7.508235e-01
5.539446e-01 -2.961981e-01 -7.524853e-01
5.549445e-01 -3.200559e-01 -7.541438e-01
5.559444e-01 -4.348069e-01 -7.557990e-01
5.569443e-01 -4.469911e-01 -7.574508e-01
5.579442e-01 -3.921113e-01 -7.590992e-01
5.589441e-01 -4.082191e-01 -7.607441e-01
5.599440e-01 -4.103152e-01 -7.623854e-01
5.609439e-01 -3.480385e-01 -7.640231e-01
5.619438e-01 -3.575028e-01 -7.656571e-01
5.629437e-01 -3.494180e-01 -7.672874e-01
5.639436e-01 -3.535015e-01 -7.689139e-01
5.649435e-01 -4.327514e-01 -7.705366e-01
5.659434e-01 -5.082208e-01 -7.721554e-01
5.669433e-01 -5.483457e-01 -7.737703e-01
5.679432e-01 -4.930730e-01 -7.753811e-01
5.689431e-01 -6.070365e-01 -7.769879e-01
5.699430e-01 -3.337194e-01 -7.785906e-01
5.709429e-01 -3.295377e-01 -7.801891e-01
5.719428e-01 -2.830451e-01 -7.817833e-01
5.729427e-01 -3.531594e-01 -7.833733e-01
5.739426e-01 -4.016204e-01 -7.849590e-01
5.749425e-01 -4.937584e-01 -7.865402e-01
5.759424e-01 -5.028812e-01 -7.881170e-01
5.769423e-01 -5.794152e-01 -7.896893e-01
5.779422e-01 -4.928107e-01 -7.912570e-01
5.789421e-01 -5.939139e-01 -7.928201e-01
5.799420e-01 -4.200621e-01 -7.943785e-01
5.809419e-01 -4.458835e-01 -7.959322e-01
5.819418e-01 -3.259712e-01 -7.974811e-01
5.829417e-01 -4.794843e-01 -7.990251e-01
5.839416e-01 -4.421592e-01 -8.005642e-01
5.849415e-01 -5.039532e-01 -8.020984e-01
5.859414e-01 -5.836837e-01 -8.036276e-01
5.869413e-01 -6.526613e-01 -8.051516e-01
5.879412e-01 -6.556129e-01 -8.066706e-01
5.889411e-01 -5.875134e-01 -8.081844e-01
5.899410e-01 -5.321435e-01 -8.096929e-01
5.909409e-01 -5.528274e-01 -8.111961e-01
5.919408e-01 -4.521870e-01 -8.126940e-01
5.929407e-01 -4.325979e-01 -8.141864e-01
5.939406e-01 -5.083961e-01 -8.156734e-01
5.949405e-01 -5.989640e-01 -8.171549e-01
5.959404e-01 -6.562407e-01 -8.186307e-01
5.969403e-01 -6.063579e-01 -8.201010e-01
5.979402e-01 -7.146761e-01 -8.215655e-01
5.989401e-01 -6.340947e-01 -8.230243e-01
5.999400e-01 -7.135779e-01 -8.244773e-01
6.009399e-01 -4.150787e-01 -8.259244e-01
6.019398e-01 -5.012727e-01 -8.273656e-01
6.029397e-01 -5.638060e-01 -8.288008e-01
6.039396e-01 -5.159065e-01 -8.302300e-01
6.049395e-01 -5.301756e-01 -8.316531e-01
6.059394e-01 -6.125017e-01 -8.330700e-01
6.069393e-01 -6.724734e-01 -8.344808e-01
6.079392e-01 -7.652013e-01 -8.358852e-01
6.089391e-01 -6.841137e-01 -8.372834e-01
6.099390e-01 -5.862098e-01 -8.386752e-01
6.109389e-01 -5.957251e-01 -8.400605e-01
6.119388e-01 -5.099985e-01 -8.414394e-01
6.129387e-01 -5.573529e-01 -8.428117e-01
6.139386e-01 -4.918913e-01 -8.441775e-01
6.149385e-01 -7.036821e-01 -8.455366e-01
6.159384e-01 -7.514281e-01 -8.468889e-01
6.169383e-01 -7.341566e-01 -8.482345e-01
6.179382e-01 -7.257216e-01 -8.495733e-01
6.189381e-01 -7.388516e-01 -8.509052e-01
6.199380e-01 -7.145983e-01 -8.522302e-01
6.209379e-01 -6.323955e-01 -8.535481e-01
6.219378e-01 -5.816325e-01 -8.548591e-01
6.229377e-01 -6.206248e-01 -8.561629e-01
6.239376e-01 -6.118109e-01 -8.574595e-01
6.249375e-01 -6.473076e-01 -8.587490e-01
6.259374e-01 -7.967635e-01 -8.600311e-01
6.269373e-01 -7.187664e-01 -8.613060e-01
6.279372e-01 -8.543491e-01 -8.625735e-01
6.289371e-01 -7.551581e-01 -8.638335e-01
6.299370e-01 -6.351535e-01 -8.650860e-01
6.309369e-01 -6.412015e-01 -8.663310e-01
6.319368e-01 -6.161287e-01 -8.675684e-01
6.329367e-01 -6.439676e-01 -8.687981e-01
6.339366e-01 -6.868942e-01 -8.700201e-01
6.349365e-01 -7.177835e-01 -8.712344e-01
6.359364e-01 -8.511406e-01 -8.724408e-01
6.369363e-01 -8.188845e-01 -8.736393e-01
6.379362e-01 -9.134582e-01 -8.748299e-01
6.389361e-01 -8.048866e-01 -8.760125e-01
6.399360e-01 -7.652425e-01 -8.771871e-01
6.409359e-01 -6.865196e-01 -8.783535e-01
6.419358e-01 -6.335497e-01 -8.795118e-01
6.429357e-01 -6.550486e-01 -8.806619e-01
6.439356e-01 -7.633773e-01 -8.818038e-01
6.449355e-01 -7.669053e-01 -8.829373e-01
6.459354e-01 -8.624273e-01 -8.840624e-01
6.469353e-01 -9.641522e-01 -8.851792e-01
6.479352e-01 -9.348832e-01 -8.862874e-01
6.489351e-01 -9.134588e-01 -8.873871e-01
6.499350e-01 -8.322305e-01 -8.884782e-01
6.509349e-01 -8.162552e-01 -8.895607e-01
6.519348e-01 -6.319704e-01 -8.906345e-01
6.529347e-01 -7.755942e-01 -8.916995e-01
6.539346e-01 -8.131734e-01 -8.927558e-01
6.549345e-01 -7.940823e-01 -8.938031e-01
6.559344e-01 -9.505669e-01 -8.948416e-01
6.569343e-01 -9.491918e-01 -8.958711e-01
6.579342e-01 -9.547232e-01 -8.968916e-01
6.589341e-01 -9.895721e-01 -8.979031e-01
6.599340e-01 -8.884444e-01 -8.989054e-01
6.609339e-01 -6.993273e-01 -8.998985e-01
6.619338e-01 -7.436891e-01 -9.008824e-01
6.629337e-01 -8.488570e-01 -9.018571e-01
6.639336e-01 -8.087621e-01 -9.028224e-01
6.649335e-01 -9.020769e-01 -9.037783e-01
6.659334e-01 -9.670866e-01 -9.047248e-01
6.669333e-01 -9.780679e-01 -9.056618e-01
6.679332e-01 -9.079382e-01 -9.065893e-01
6.689331e-01 -8.386732e-01 -9.075072e-01
6.699330e-01 -8.803062e-01 -9.084155e-01
6.709329e-01 -8.700437e-01 -9.093140e-01
6.719328e-01 -6.980976e-01 -9.102029e-01
6.729327e-01 -8.350484e-01 -9.110819e-01
6.739326e-01 -8.029413e-01 -9.119511e-01
6.749325e-01 -8.773418e-01 -9.128104e-01
6.759324e-01 -9.783164e-01 -9.136598e-01
6.769323e-01 -1.013919e+00 -9.144992e-01
6.779322e-01 -9.576109e-01 -9.153285e-01
6.789321e-01 -9.607202e-01 -9.161478e-01
6.799320e-01 -9.316986e-01 -9.169569e-01
6.809319e-01 -8.234976e-01 -9.177558e-01
6.819318e-01 -7.553835e-01 -9.185445e-01
6.829317e-01 -8.198023e-01 -9.193229e-01
6.839316e-01 -8.897145e-01 -9.200909e-01
6.849315e-01 -8.587549e-01 -9.208486e-01
6.859314e-01 -8.421805e-01 -9.215959e-01
6.869313e-01 -1.022394e+00 -9.223327e-01
6.879312e-01 -1.055624e+00 -9.230589e-01
6.889311e-01 -1.034771e+00 -9.237746e-01
6.899310e-01 -9.601155e-01 -9.244797e-01
6.909309e-01 -8.733576e-01 -9.251740e-01
6.919308e-01 -9.282049e-01 -9.258577e-01
6.929307e-01 -8.721746e-01 -9.265306e-01
6.939306e-01 -9.796067e-01 -9.271928e-01
6.949305e-01 -9.141202e-01 -9.278440e-01
6.959304e-01 -1.025338e+00 -9.284844e-01
6.969303e-01 -1.092115e+00 -9.291138e-01
6.979302e-01 -9.759393e-01 -9.297322e-01
6.989301e-01 -9.942700e-01 -9.303396e-01
6.999300e-01 -8.822523e-01 -9.309359e-01
7.009299e-01 -8.405156e-01 -9.315211e-01
7.019298e-01 -8.237203e-01 -9.320951e-01
7.029297e-01 -8.263629e-01 -9.326579e-01
7.039296e-01 -9.120865e-01 -9.332095e-01
7.049295e-01 -9.171704e-01 -9.337498e-01
7.059294e-01 -1.015637e+00 -9.342787e-01
7.069293e-01 -1.144831e+00 -9.347962e-01
7.079292e-01 -1.083815e+00 -9.353023e-01
7.089291e-01 -9.600798e-01 -9.357969e-01
7.099290e-01 -9.033024e-01 -9.362801e-01
7.109289e-01 -9.290980e-01 -9.367516e-01
7.119288e-01 -8.323902e-01 -9.372116e-01
7.129287e-01 -8.007159e-01 -9.376600e-01
7.139286e-01 -9.776564e-01 -9.380966e-01
7.149285e-01 -8.711567e-01 -9.385216e-01
7.159284e-01 -1.056095e+00 -9.389348e-01
7.169283e-01 -9.974858e-01 -9.393362e-01
7.179282e-01 -1.046287e+00 -9.397258e-01
7.189281e-01 -1.015619e+00 -9.401035e-01
7.199280e-01 -9.927625e-01 -9.404693e-01
7.209279e-01 -9.161273e-01 -9.408231e-01
7.219278e-01 -8.582628e-01 -9.411650e-01
7.229277e-01 -9.047543e-01 -9.414948e-01
7.239276e-01 -9.707683e-01 -9.418126e-01
7.249275e-01 -9.610867e-01 -9.421183e-01
7.259274e-01 -1.020347e+00 -9.424118e-01
7.269273e-01 -1.092953e+00 -9.426932e-01
7.279272e-01 -1.132351e+00 -9.429623e-01
7.289271e-01 -1.014624e+00 -9.432192e-01
7.299270e-01 -1.021652e+00 -9.434639e-01
7.309269e-01 -9.468897e-01 -9.436962e-01
7.319268e-01 -8.524367e-01 -9.439162e-01
7.329267e-01 -9.511480e-01 -9.441238e-01
7.339266e-01 -1.019713e+00 -9.443190e-01
7.349265e-01 -9.577479e-01 -9.445017e-01
7.359264e-01 -1.108261e+00 -9.446720e-01
7.369263e-01 -1.085680e+00 -9.448297e-01
7.379262e-01 -1.077951e+00 -9.449749e-01
7.389261e-01 -1.100087e+00 -9.451076e-01
7.399260e-01 -1.124311e+00 -9.452276e-01
7.409259e-01 -9.336040e-01 -9.453350e-01
7.419258e-01 -9.048043e-01 -9.454297e-01
7.429257e-01 -9.423035e-01 -9.455118e-01
7.439256e-01 -9.805448e-01 -9.455811e-01
7.449255e-01 -1.001108e+00 -9.456376e-01
7.459254e-01 -1.074918e+00 -9.456814e-01
7.469253e-01 -1.122411e+00 -9.457124e-01
7.479252e-01 -1.112720e+00 -9.457305e-01
7.489251e-01 -1.099092e+00 -9.457358e-01
7.499250e-01 -9.852139e-01 -9.457282e-01
7.509249e-01 -1.067894e+00 -9.457077e-01
7.519248e-01 -8.095372e-01 -9.456742e-01
7.529247e-01 -7.945526e-01 -9.456277e-01
7.539246e-01 -9.633430e-01 -9.455683e-01
7.549245e-01 -9.148742e-01 -9.454959e-01
7.559244e-01 -1.046464e+00 -9.454104e-01
7.569243e-01 -1.180993e+00 -9.453118e-01
7.579242e-01 -1.187698e+00 -9.452002e-01
7.589241e-01 -1.006795e+00 -9.450755e-01
7.599240e-01 -1.021805e+00 -9.449376e-01
7.609239e-01 -1.006071e+00 -9.447866e-01
7.619238e-01 -9.173638e-01 -9.446224e-01
7.629237e-01 -8.614453e-01 -9.444450e-01
7.639236e-01 -9.627984e-01 -9.442544e-01
7.649235e-01 -9.956926e-01 -9.440505e-01
7.659234e-01 -1.087237e+00 -9.438335e-01
7.669233e-01 -1.065527e+00 -9.436031e-01
7.679232e-01 -1.263739e+00 -9.433595e-01
7.689231e-01 -1.152625e+00 -9.431025e-01
7.699230e-01 -9.932395e-01 -9.428323e-01
7.709229e-01 -9.606900e-01 -9.425487e-01
7.719228e-01 -8.989316e-01 -9.422517e-01
7.729227e-01 -8.125802e-01 -9.419414e-01
7.739226e-01 -9.194211e-01 -9.416177e-01
7.749225e-01 -1.039904e+00 -9.412806e-01
7.759224e-01 -1.039563e+00 -9.409300e-01
7.769223e-01 -9.995144e-01 -9.405661e-01
7.779222e-01 -9.725442e-01 -9.401887e-01
7.789221e-01 -1.030545e+00 -9.397979e-01
7.799220e-01 -9.870316e-01 -9.393936e-01
7.809219e-01 -9.340872e-01 -9.389758e-01
7.819218e-01 -9.162317e-01 -9.385445e-01
7.829217e-01 -9.054634e-01 -9.380998e-01
7.839216e-01 -9.113845e-01 -9.376415e-01
7.849215e-01 -8.835471e-01 -9.371697e-01
7.859214e-01 -1.031970e+00 -9.366844e-01
7.869213e-01 -1.107058e+00 -9.361856e-01
7.879212e-01 -1.027700e+00 -9.356732e-01
7.889211e-01 -9.917759e-01 -9.351473e-01
7.899210e-01 -9.439762e-01 -9.346078e-01
7.909209e-01 -8.771127e-01 -9.340548e-01
7.919208e-01 -8.826952e-01 -9.334882e-01
7.929207e-01 -8.525698e-01 -9.329080e-01
7.939206e-01 -9.369211e-01 -9.323142e-01
7.949205e-01 -9.268492e-01 -9.317069e-01
7.959204e-01 -1.015251e+00 -9.310860e-01
7.969203e-01 -1.086539e+00 -9.304515e-01
7.979202e-01 -1.078902e+00 -9.298034e-01
7.989201e-01 -9.899425e-01 -9.291417e-01
7.999200e-01 -9.307513e-01 -9.284665e-01
8.009199e-01 -8.821386e-01 -9.277776e-01
8.019198e-01 -9.319884e-01 -9.270751e-01
8.029197e-01 -9.056227e-01 -9.263591e-01
8.039196e-01 -8.604930e-01 -9.256294e-01
8.049195e-01 -9.205672e-01 -9.248862e-01
8.059194e-01 -9.838340e-01 -9.241294e-01
8.069193e-01 -1.024299e+00 -9.233589e-01
8.079192e-01 -1.003926e+00 -9.225749e-01
8.089191e-01 -1.067304e+00 -9.217773e-01
8.099190e-01 -1.064607e+00 -9.209662e-01
8.109189e-01 -9.037058e-01 -9.201414e-01
8.119188e-01 -8.353182e-01 -9.193031e-01
8.129187e-01 -8.478881e-01 -9.184512e-01
8.139186e-01 -8.884198e-01 -9.175858e-01
8.149185e-01 -8.488029e-01 -9.167068e-01
8.159184e-01 -9.748962e-01 -9.158142e-01
8.169183e-01 -1.040612e+00 -9.149082e-01
8.179182e-01 -9.518268e-01 -9.139885e-01
8.189181e-01 -9.254650e-01 -9.130554e-01
8.199180e-01 -8.919133e-01 -9.121088e-01
8.209179e-01 -9.196167e-01 -9.111486e-01
8.219178e-01 -8.624064e-01 -9.101749e-01
8.229177e-01 -8.187427e-01 -9.091878e-01
8.239176e-01 -8.594781e-01 -9.081872e-01
8.249175e-01 -9.045842e-01 -9.071731e-01
8.259174e-01 -1.028241e+00 -9.061456e-01
8.269173e-01 -9.836200e-01 -9.051046e-01
8.279172e-01 -9.468330e-01 -9.040502e-01
8.289171e-01 -9.738481e-01 -9.029824e-01
8.299170e-01 -9.053469e-01 -9.019011e-01
8.309169e-01 -9.463858e-01 -9.008065e-01
8.319168e-01 -7.926740e-01 -8.996985e-01
8.329167e-01 -7.903827e-01 -8.985772e-01
8.339166e-01 -8.550811e-01 -8.974425e-01
8.349165e-01 -8.886583e-01 -8.962945e-01
8.359164e-01 -8.850975e-01 -8.951332e-01
8.369163e-01 -9.568951e-01 -8.939586e-01
8.379162e-01 -9.493559e-01 -8.927707e-01
8.389161e-01 -8.522082e-01 -8.915695e-01
8.399160e-01 -8.025649e-01 -8.903552e-01
8.409159e-01 -8.728122e-01 -8.891275e-01
8.419158e-01 -8.315490e-01 -8.878867e-01
8.429157e-01 -6.983748e-01 -8.866327e-01
8.439156e-01 -8.130574e-01 -8.853656e-01
8.449155e-01 -8.180484e-01 -8.840853e-01
8.459154e-01 -8.585306e-01 -8.827919e-01
8.469153e-01 -9.234673e-01 -8.814854e-01
8.479152e-01 -8.623943e-01 -8.801658e-01
8.489151e-01 -8.835706e-01 -8.788331e-01
8.499150e-01 -7.405326e-01 -8.774874e-01
8.509149e-01 -8.133227e-01 -8.761287e-01
8.519148e-01 -6.127153e-01 -8.747571e-01
8.529147e-01 -7.313676e-01 -8.733724e-01
8.539146e-01 -8.027368e-01 -8.719749e-01
8.549145e-01 -8.414032e-01 -8.705644e-01
8.559144e-01 -7.182918e-01 -8.691410e-01
8.569143e-01 -8.565380e-01 -8.677048e-01
8.579142e-01 -7.953450e-01 -8.662557e-01
8.589141e-01 -9.136078e-01 -8.647938e-01
8.599140e-01 -6.903719e-01 -8.633192e-01
8.609139e-01 -7.156315e-01 -8.618317e-01
8.619138e-01 -6.223330e-01 -8.603316e-01
8.629137e-01 -6.736122e-01 -8.588188e-01
8.639136e-01 -6.406256e-01 -8.572933e-01
8.649135e-01 -7.432266e-01 -8.557551e-01
8.659134e-01 -7.587490e-01 -8.542044e-01
8.669133e-01 -9.017253e-01 -8.526410e-01
8.679132e-01 -7.593640e-01 -8.510651e-01
8.689131e-01 -7.723573e-01 -8.494767e-01
8.699130e-01 -6.916192e-01 -8.478758e-01
8.709129e-01 -6.309044e-01 -8.462625e-01
8.719128e-01 -6.071532e-01 -8.446367e-01
8.729127e-01 -5.646301e-01 -8.429985e-01
8.739126e-01 -6.046833e-01 -8.413480e-01
8.749125e-01 -7.871392e-01 -8.396851e-01
8.759124e-01 -7.407637e-01 -8.380100e-01
8.769123e-01 -7.221230e-01 -8.363226e-01
8.779122e-01 -7.996268e-01 -8.346229e-01
8.789121e-01 -7.610509e-01 -8.329111e-01
8.799120e-01 -6.965829e-01 -8.311871e-01
8.809119e-01 -6.756934e-01 -8.294510e-01
8.819118e-01 -6.147850e-01 -8.277028e-01
8.829117e-01 -5.744157e-01 -8.259426e-01
8.839116e-01 -5.724188e-01 -8.241703e-01
8.849115e-01 -6.550816e-01 -8.223861e-01
8.859114e-01 -5.979153e-01 -8.205899e-01
8.869113e-01 -8.693000e-01 -8.187819e-01
8.879112e-01 -7.340816e-01 -8.169619e-01
8.889111e-01 -7.075844e-01 -8.151302e-01
8.899110e-01 -6.277717e-01 -8.132866e-01
8.909109e-01 -6.012324e-01 -8.114313e-01
8.919108e-01 -5.202836e-01 -8.095643e-01
8.929107e-01 -5.502844e-01 -8.076857e-01
8.939106e-01 -4.167688e-01 -8.057954e-01
8.949105e-01 -6.077471e-01 -8.038935e-01
8.959104e-01 -6.166204e-01 -8.019801e-01
8.969103e-01 -7.523105e-01 -8.000552e-01
8.979102e-01 -6.599036e-01 -7.981188e-01
8.989101e-01 -6.496229e-01 -7.961710e-01
8.999100e-01 -4.945760e-01 -7.942118e-01
9.009099e-01 -5.274005e-01 -7.922413e-01
9.019098e-01 -4.263260e-01 -7.902594e-01
9.029097e-01 -5.140793e-01 -7.882664e-01
9.039096e-01 -5.377558e-01 -7.862621e-01
9.049095e-01 -5.584139e-01 -7.842467e-01
9.059094e-01 -6.837988e-01 -7.822202e-01
9.069093e-01 -6.209416e-01 -7.801825e-01
9.079092e-01 -5.609287e-01 -7.781339e-01
9.089091e-01 -5.851602e-01 -7.760743e-01
9.099090e-01 -5.266044e-01 -7.740037e-01
9.109089e-01 -4.847192e-01 -7.719223e-01
9.119088e-01 -4.700865e-01 -7.698300e-01
9.129087e-01 -4.181246e-01 -7.677270e-01
9.139086e-01 -5.221960e-01 -7.656131e-01
9.149085e-01 -4.562290e-01 -7.634886e-01
9.159084e-01 -6.080414e-01 -7.613535e-01
9.169083e-01 -6.778810e-01 -7.592077e-01
9.179082e-01 -5.362621e-01 -7.570514e-01
9.189081e-01 -5.520218e-01 -7.548846e-01
9.199080e-01 -4.935812e-01 -7.527073e-01
9.209079e-01 -4.325925e-01 -7.505196e-01
9.219078e-01 -4.638391e-01 -7.483216e-01
9.229077e-01 -2.633122e-01 -7.461133e-01
9.239076e-01 -4.377896e-01 -7.438947e-01
9.249075e-01 -5.453807e-01 -7.416660e-01
9.259074e-01 -5.501756e-01 -7.394270e-01
9.269073e-01 -5.514792e-01 -7.371780e-01
9.279072e-01 -4.846428e-01 -7.349190e-01
9.289071e-01 -5.085544e-01 -7.326500e-01
9.299070e-01 -4.691450e-01 -7.303710e-01
9.309069e-01 -3.663949e-01 -7.280821e-01
9.319068e-01 -2.843531e-01 -7.257835e-01
9.329067e-01 -2.679453e-01 -7.234750e-01
9.339066e-01 -4.448419e-01 -7.211568e-01
9.349065e-01 -4.475867e-01 -7.188290e-01
9.359064e-01 -4.153054e-01 -7.164916e-01
9.369063e-01 -5.751651e-01 -7.141446e-01
9.379062e-01 -4.528238e-01 -7.117881e-01
9.389061e-01 -4.546090e-01 -7.094222e-01
9.399060e-01 -3.079892e-01 -7.070469e-01
9.409059e-01 -3.233343e-01 -7.046623e-01
9.419058e-01 -3.573321e-01 -7.022685e-01
9.429057e-01 -3.029937e-01 -6.998654e-01
9.439056e-01 -2.943581e-01 -6.974531e-01
9.449055e-01 -3.226675e-01 -6.950318e-01
9.459054e-01 -3.509271e-01 -6.926015e-01
9.469053e-01 -5.061001e-01 -6.901622e-01
9.479052e-01 -3.990678e-01 -6.877140e-01
9.489051e-01 -4.684122e-01 -6.852569e-01
9.499050e-01 -3.332322e-01 -6.827911e-01
9.509049e-01 -2.722248e-01 -6.803165e-01
9.519048e-01 -1.963009e-01 -6.778332e-01
9.529047e-01 -2.140509e-01 -6.753414e-01
9.539046e-01 -1.278829e-01 -6.728410e-01
9.549045e-01 -2.651223e-01 -6.703322e-01
9.559044e-01 -3.892645e-01 -6.678149e-01
9.569043e-01 -4.046181e-01 -6.652893e-01
9.579042e-01 -4.591476e-01 -6.627554e-01
9.589041e-01 -3.024010e-01 -6.602132e-01
9.599040e-01 -2.539539e-01 -6.576630e-01
9.609039e-01 -2.009159e-01 -6.551046e-01
9.619038e-01 -1.018891e-01 -6.525382e-01
9.629037e-01 -1.305827e-01 -6.499638e-01
9.639036e-01 -2.801843e-01 -6.473816e-01
9.649035e-01 -2.008170e-01 -6.447915e-01
9.659034e-01 -2.190180e-01 -6.421936e-01
9.669033e-01 -2.848404e-01 -6.395881e-01
9.679032e-01 -3.170593e-01 -6.369749e-01
9.689031e-01 -2.747673e-01 -6.343542e-01
9.699030e-01 -2.166555e-01 -6.317260e-01
9.709029e-01 -1.297318e-01 -6.290903e-01
9.719028e-01 -1.291600e-01 -6.264474e-01
9.729027e-01 -1.370899e-01 -6.237971e-01
9.739026e-01 -1.207447e-01 -6.211396e-01
9.749025e-01 -1.572104e-01 -6.184750e-01
9.759024e-01 -2.159737e-01 -6.158032e-01
9.769023e-01 -2.567134e-01 -6.131245e-01
9.779022e-01 -2.554993e-01 -6.104389e-01
9.789021e-01 -2.024560e-01 -6.077464e-01
9.799020e-01 -8.040020e-02 -6.050471e-01
9.809019e-01 -3.045710e-02 -6.023410e-01
9.819018e-01 1.907016e-02 -5.996284e-01
9.829017e-01 3.196425e-02 -5.969091e-01
9.839016e-01 -1.991547e-02 -5.941834e-01
9.849015e-01 -6.359021e-03 -5.914512e-01
9.859014e-01 -2.630467e-02 -5.887127e-01
9.869013e-01 -1.448006e-01 -5.859679e-01
9.879012e-01 -2.183618e-01 -5.832169e-01
9.889011e-01 -1.291750e-01 -5.804597e-01
9.899010e-01 -1.198045e-01 -5.776965e-01
9.909009e-01 -3.405467e-02 -5.749273e-01
9.919008e-01 1.446242e-01 -5.721522e-01
9.929007e-01 6.518895e-02 -5.693713e-01
9.939006e-01 6.936845e-02 -5.665846e-01
9.949005e-01 -7.671536e-02 -5.637922e-01
9.959004e-01 -1.003470e-01 -5.609943e-01
9.969003e-01 -1.333831e-01 -5.581908e-01
9.979002e-01 -6.510477e-02 -5.553818e-01
9.989001e-01 -1.198117e-01 -5.525675e-01
9.999000e-01 5.038090e-03 -5.497478e-01
1.000900e+00 4.438926e-02 -5.469230e-01
1.001900e+00 2.158451e-02 -5.440930e-01
1.002900e+00 3.748579e-02 -5.412579e-01
1.003900e+00 7.212668e-02 -5.384178e-01
1.004900e+00 6.465246e-03 -5.355728e-01
1.005899e+00 -4.373055e-02 -5.327230e-01
1.006899e+00 4.805988e-02 -5.298685e-01
1.007899e+00 4.894811e-03 -5.270092e-01
1.008899e+00 -8.703052e-02 -5.241454e-01
1.009899e+00 1.379186e-01 -5.212771e-01
1.010899e+00 1.676667e-01 -5.184043e-01
1.011899e+00 2.008304e-01 -5.155271e-01
1.012899e+00 1.914913e-01 -5.126457e-01
1.013899e+00 1.777315e-01 -5.097601e-01
1.014899e+00 1.339129e-01 -5.068703e-01
1.015898e+00 3.660585e-02 -5.039765e-01
1.016898e+00 -1.691478e-02 -5.010788e-01
1.017898e+00 8.135824e-02 -4.981771e-01
1.018898e+00 7.457609e-02 -4.952717e-01
1.019898e+00 1.578779e-01 -4.923625e-01
1.020898e+00 1.644033e-01 -4.894497e-01
1.021898e+00 1.571595e-01 -4.865334e-01
1.022898e+00 2.052142e-01 -4.836136e-01
1.023898e+00 2.721736e-01 -4.806903e-01
1.024898e+00 1.357075e-01 -4.777638e-01
1.025897e+00 5.403599e-02 -4.748340e-01
1.026897e+00 9.893235e-02 -4.719010e-01
1.027897e+00 6.452282e-02 -4.689650e-01
1.028897e+00 1.448826e-01 -4.660260e-01
1.029897e+00 1.578626e-01 -4.630841e-01
1.030897e+00 3.259965e-01 -4.601393e-01
1.031897e+00 2.708874e-01 -4.571918e-01
1.032897e+00 2.691433e-01 -4.542416e-01
1.033897e+00 3.380305e-01 -4.512889e-01
1.034897e+00 2.987288e-01 -4.483336e-01
1.035896e+00 1.560195e-01 -4.453759e-01
1.036896e+00 1.112341e-01 -4.424158e-01
1.037896e+00 2.567512e-01 -4.394535e-01
1.038896e+00 2.237173e-01 -4.364890e-01
1.039896e+00 2.407042e-01 -4.335224e-01
1.040896e+00 3.048813e-01 -4.305537e-01
1.041896e+00 3.926232e-01 -4.275832e-01
1.042896e+00 3.137367e-01 -4.246107e-01
1.043896e+00 3.705174e-01 -4.216365e-01
1.044896e+00 3.498918e-01 -4.186606e-01
1.045895e+00 2.295596e-01 -4.156830e-01
1.046895e+00 1.906173e-01 -4.127039e-01
1.047895e+00 1.855663e-01 -4.097234e-01
1.048895e+00 2.931513e-01 -4.067415e-01
1.049895e+00 3.371819e-01 -4.037582e-01
1.050895e+00 3.190123e-01 -4.007738e-01
1.051895e+00 5.182978e-01 -3.977882e-01
1.052895e+00 3.007655e-01 -3.948015e-01
1.053895e+00 4.144458e-01 -3.918139e-01
1.054895e+00 3.414365e-01 -3.888253e-01
1.055894e+00 3.417387e-01 -3.858360e-01
1.056894e+00 1.813743e-01 -3.828459e-01
1.057894e+00 2.639012e-01 -3.798551e-01
1.058894e+00 3.181676e-01 -3.768637e-01
1.059894e+00 4.269667e-01 -3.738718e-01
1.060894e+00 4.515687e-01 -3.708795e-01
1.061894e+00 5.076879e-01 -3.678869e-01
1.062894e+00 4.196175e-01 -3.648939e-01
1.063894e+00 4.157407e-01 -3.619008e-01
1.064894e+00 4.235012e-01 -3.589076e-01
1.065893e+00 2.705493e-01 -3.559143e-01
1.066893e+00 3.367830e-01 -3.529210e-01
1.067893e+00 2.843518e-01 -3.499278e-01
1.068893e+00 2.799139e-01 -3.469348e-01
1.069893e+00 3.939870e-01 -3.439421e-01
1.070893e+00 5.288506e-01 -3.409498e-01
1.071893e+00 5.618088e-01 -3.379578e-01
1.072893e+00 5.495485e-01 -3.349663e-01
1.073893e+00 4.983699e-01 -3.319754e-01
1.074893e+00 4.469958e-01 -3.289851e-01
1.075892e+00 3.919846e-01 -3.259956e-01
1.076892e+00 3.370957e-01 -3.230068e-01
1.077892e+00 2.636353e-01 -3.200189e-01
1.078892e+00 4.178052e-01 -3.170319e-01
1.079892e+00 3.919050e-01 -3.140460e-01
1.080892e+00 5.576380e-01 -3.110611e-01
1.081892e+00 6.226871e-01 -3.080773e-01
1.082892e+00 6.717949e-01 -3.050948e-01
1.083892e+00 5.477538e-01 -3.021136e-01
1.084892e+00 5.231268e-01 -2.991338e-01
1.085891e+00 5.746447e-01 -2.961553e-01
1.086891e+00 3.650759e-01 -2.931785e-01
1.087891e+00 4.810555e-01 -2.902031e-01
1.088891e+00 5.351974e-01 -2.872295e-01
1.089891e+00 5.739283e-01 -2.842575e-01
1.090891e+00 6.660050e-01 -2.812874e-01
1.091891e+00 5.845260e-01 -2.783191e-01
1.092891e+00 6.758558e-01 -2.753527e-01
1.093891e+00 6.513961e-01 -2.723883e-01
1.094891e+00 5.355437e-01 -2.694260e-01
1.095890e+00 4.806743e-01 -2.664658e-01
1.096890e+00 5.074299e-01 -2.635079e-01
1.097890e+00 5.501131e-01 -2.605521e-01
1.098890e+00 5.415184e-01 -2.575988e-01
1.099890e+00 5.124093e-01 -2.546478e-01
1.100890e+00 6.573584e-01 -2.516992e-01
1.101890e+00 6.750210e-01 -2.487532e-01
1.102890e+00 7.131979e-01 -2.458098e-01
1.103890e+00 6.936465e-01 -2.428691e-01
1.104890e+00 6.263539e-01 -2.399310e-01
1.105889e+00 5.409595e-01 -2.369958e-01
1.106889e+00 5.984572e-01 -2.340634e-01
1.107889e+00 3.828194e-01 -2.311339e-01
1.108889e+00 6.473330e-01 -2.282073e-01
1.109889e+00 5.740163e-01 -2.252838e-01
1.110889e+00 6.781051e-01 -2.223634e-01
1.111889e+00 7.547633e-01 -2.194461e-01
1.112889e+00 8.213798e-01 -2.165321e-01
1.113889e+00 8.100489e-01 -2.136213e-01
1.114889e+00 7.025787e-01 -2.107138e-01
1.115888e+00 5.732227e-01 -2.078098e-01
1.116888e+00 5.969877e-01 -2.049091e-01
1.117888e+00 6.316753e-01 -2.020120e-01
1.118888e+00 6.368818e-01 -1.991184e-01
1.119888e+00 6.528405e-01 -1.962285e-01
1.120888e+00 7.190048e-01 -1.933422e-01
1.121888e+00 8.178968e-01 -1.904596e-01
1.122888e+00 8.014665e-01 -1.875809e-01
1.123888e+00 7.323599e-01 -1.847059e-01
1.124888e+00 6.781435e-01 -1.818349e-01
1.125887e+00 6.050999e-01 -1.789677e-01
1.126887e+00 5.606777e-01 -1.761046e-01
1.127887e+00 5.846365e-01 -1.732456e-01
1.128887e+00 6.736858e-01 -1.703906e-01
1.129887e+00 6.463888e-01 -1.675397e-01
1.130887e+00 7.258645e-01 -1.646931e-01
1.131887e+00 8.001028e-01 -1.618507e-01
1.132887e+00 9.140496e-01 -1.590126e-01
1.133887e+00 9.190642e-01 -1.561789e-01
1.134887e+00 6.779354e-01 -1.533496e-01
1.135886e+00 7.778564e-01 -1.505246e-01
1.136886e+00 6.329603e-01 -1.477042e-01
1.137886e+00 7.339013e-01 -1.448883e-01
1.138886e+00 7.229789e-01 -1.420770e-01
1.139886e+00 8.677282e-01 -1.392704e-01
1.140886e+00 8.085382e-01 -1.364684e-01
1.141886e+00 8.214249e-01 -1.336711e-01
1.142886e+00 9.448074e-01 -1.308785e-01
1.143886e+00 9.215431e-01 -1.280908e-01
1.144886e+00 7.000218e-01 -1.253079e-01
1.145885e+00 7.623751e-01 -1.225299e-01
1.146885e+00 7.440295e-01 -1.197568e-01
1.147885e+00 6.602923e-01 -1.169887e-01
1.148885e+00 7.217366e-01 -1.142255e-01
1.149885e+00 8.503118e-01 -1.114675e-01
1.150885e+00 8.979577e-01 -1.087145e-01
1.151885e+00 9.332022e-01 -1.059666e-01
1.152885e+00 9.557527e-01 -1.032239e-01
1.153885e+00 8.738862e-01 -1.004863e-01
1.154885e+00 8.064361e-01 -9.775401e-02
1.155884e+00 7.493159e-01 -9.502696e-02
1.156884e+00 7.395515e-01 -9.230522e-02
1.157884e+00 7.102335e-01 -8.958880e-02
1.158884e+00 7.078218e-01 -8.687774e-02
1.159884e+00 9.339562e-01 -8.417208e-02
1.160884e+00 9.137544e-01 -8.147185e-02
1.161884e+00 9.147582e-01 -7.877708e-02
1.162884e+00 1.037283e+00 -7.608780e-02
1.163884e+00 8.241023e-01 -7.340403e-02
1.164884e+00 8.760663e-01 -7.072582e-02
1.165883e+00 8.104980e-01 -6.805318e-02
1.166883e+00 7.544475e-01 -6.538614e-02
1.167883e+00 7.539191e-01 -6.272473e-02
1.168883e+00 7.512851e-01 -6.006898e-02
1.169883e+00 9.482259e-01 -5.741891e-02
1.170883e+00 9.830055e-01 -5.477455e-02
1.171883e+00 1.040388e+00 -5.213592e-02
1.172883e+00 9.956368e-01 -4.950305e-02
1.173883e+00 8.158969e-01 -4.687595e-02
1.174883e+00 8.653831e-01 -4.425466e-02
1.175882e+00 8.883068e-01 -4.163918e-02
1.176882e+00 8.204850e-01 -3.902954e-02
1.177882e+00 8.079974e-01 -3.642577e-02
1.178882e+00 8.345887e-01 -3.382788e-02
1.179882e+00 8.976362e-01 -3.123588e-02
1.180882e+00 9.231111e-01 -2.864980e-02
1.181882e+00 9.763429e-01 -2.606966e-02
1.182882e+00 1.033984e+00 -2.349546e-02
1.183882e+00 9.748011e-01 -2.092724e-02
1.184882e+00 8.804966e-01 -1.836499e-02
1.185881e+00 8.745606e-01 -1.580873e-02
1.186881e+00 8.463776e-01 -1.325848e-02
1.187881e+00 8.991943e-01 -1.071425e-02
1.188881e+00 8.434606e-01 -8.176055e-03
1.189881e+00 8.706188e-01 -5.643900e-03
1.190881e+00 9.791712e-01 -3.117798e-03
1.191881e+00 9.877742e-01 -5.977585e-04
1.192881e+00 1.032531e+00 1.916210e-03
1.193881e+00 1.000838e+00 4.424099e-03
1.194881e+00 9.762916e-01 6.925902e-03
1.195880e+00 9.196277e-01 9.421612e-03
1.196880e+00 8.599269e-01 1.191122e-02
1.197880e+00 8.266325e-01 1.439473e-02
1.198880e+00 9.095600e-01 1.687213e-02
1.199880e+00 1.001540e+00 1.934342e-02
1.200880e+00 1.119590e+00 2.180859e-02
1.201880e+00 9.937494e-01 2.426765e-02
1.202880e+00 1.065748e+00 2.672059e-02
1.203880e+00 1.006710e+00 2.916742e-02
1.204880e+00 9.653491e-01 3.160813e-02
1.205879e+00 9.300645e-01 3.404272e-02
1.206879e+00 8.363142e-01 3.647120e-02
1.207879e+00 9.060343e-01 3.889356e-02
1.208879e+00 9.119026e-01 4.130982e-02
1.209879e+00 9.100625e-01 4.371998e-02
1.210879e+00 1.083991e+00 4.612404e-02
1.211879e+00 9.917351e-01 4.852201e-02
1.212879e+00 1.066046e+00 5.091389e-02
1.213879e+00 9.738404e-01 5.329969e-02
1.214879e+00 1.019149e+00 5.567943e-02
1.215878e+00 9.557947e-01 5.805310e-02
1.216878e+00 8.157877e-01 6.042072e-02
1.217878e+00 8.841810e-01 6.278231e-02
1.218878e+00 9.589580e-01 6.513786e-02
1.219878e+00 1.062680e+00 6.748740e-02
1.220878e+00 1.063565e+00 6.983093e-02
1.221878e+00 1.110762e+00 7.216848e-02
1.222878e+00 1.113887e+00 7.450005e-02
1.223878e+00 1.125004e+00 7.682566e-02
1.224878e+00 9.486158e-01 7.914533e-02
1.225877e+00 1.019449e+00 8.145907e-02
1.226877e+00 9.193325e-01 8.376690e-02
1.227877e+00 9.192999e-01 8.606884e-02
1.228877e+00 9.426885e-01 8.836491e-02
1.229877e+00 1.054576e+00 9.065514e-02
1.230877e+00 1.029408e+00 9.293953e-02
1.231877e+00 1.095585e+00 9.521811e-02
1.232877e+00 1.154042e+00 9.749091e-02
1.233877e+00 1.042019e+00 9.975795e-02
1.234877e+00 9.769785e-01 1.020193e-01
1.235876e+00 8.282099e-01 1.042748e-01
1.236876e+00 9.247345e-01 1.065247e-01
1.237876e+00 9.322190e-01 1.087690e-01
1.238876e+00 8.608522e-01 1.110076e-01
1.239876e+00 1.063555e+00 1.132406e-01
1.240876e+00 1.045153e+00 1.154680e-01
1.241876e+00 1.084721e+00 1.176899e-01
1.242876e+00 1.089327e+00 1.199063e-01
1.243876e+00 9.960449e-01 1.221172e-01
1.244876e+00 1.057469e+00 1.243226e-01
1.245875e+00 9.622957e-01 1.265227e-01
1.246875e+00 8.647245e-01 1.287173e-01
1.247875e+00 9.435964e-01 1.309066e-01
1.248875e+00 9.739906e-01 1.330906e-01
1.249875e+00 9.259655e-01 1.352693e-01
1.250875e+00 1.027622e+00 1.374427e-01
1.251875e+00 9.561612e-01 1.396110e-01
1.252875e+00 1.119681e+00 1.417741e-01
1.253875e+00 1.042945e+00 1.439321e-01
1.254875e+00 9.901102e-01 1.460850e-01
1.255874e+00 8.910018e-01 1.482328e-01
1.256874e+00 9.080089e-01 1.503757e-01
1.257874e+00 8.248336e-01 1.525136e-01
1.258874e+00 8.895152e-01 1.546465e-01
1.259874e+00 1.020927e+00 1.567746e-01
1.260874e+00 9.926204e-01 1.588979e-01
1.261874e+00 1.063221e+00 1.610164e-01
1.262874e+00 1.156620e+00 1.631302e-01
1.263874e+00 1.064872e+00 1.652393e-01
1.264874e+00 1.122634e+00 1.673438e-01
1.265873e+00 9.365791e-01 1.694436e-01
1.266873e+00 8.756740e-01 1.715390e-01
1.267873e+00 8.975369e-01 1.736298e-01
1.268873e+00 9.328167e-01 1.757162e-01
1.269873e+00 1.001028e+00 1.777983e-01
1.270873e+00 1.090333e+00 1.798760e-01
1.271873e+00 1.065769e+00 1.819494e-01
1.272873e+00 1.045243e+00 1.840186e-01
1.273873e+00 1.046115e+00 1.860836e-01
1.274873e+00 9.173096e-01 1.881446e-01
1.275872e+00 9.676164e-01 1.902015e-01
1.276872e+00 8.712457e-01 1.922544e-01
1.277872e+00 9.187320e-01 1.943033e-01
1.278872e+00 8.959797e-01 1.963484e-01
1.279872e+00 9.417080e-01 1.983897e-01
1.280872e+00 9.392995e-01 2.004272e-01
1.281872e+00 1.095542e+00 2.024611e-01
1.282872e+00 1.150307e+00 2.044913e-01
1.283872e+00 9.658231e-01 2.065179e-01
1.284872e+00 9.775346e-01 2.085411e-01
1.285871e+00 9.819232e-01 2.105608e-01
1.286871e+00 8.528806e-01 2.125771e-01
1.287871e+00 8.375303e-01 2.145902e-01
1.288871e+00 9.040378e-01 2.166000e-01
1.289871e+00 9.558278e-01 2.186066e-01
1.290871e+00 1.022718e+00 2.206102e-01
1.291871e+00 1.040366e+00 2.226107e-01
1.292871e+00 1.069901e+00 2.246082e-01
1.293871e+00 1.015700e+00 2.266029e-01
1.294871e+00 9.683662e-01 2.285948e-01
1.295870e+00 8.379038e-01 2.305839e-01
1.296870e+00 9.008498e-01 2.325704e-01
1.297870e+00 8.818965e-01 2.345542e-01
1.298870e+00 7.610771e-01 2.365356e-01
1.299870e+00 9.470447e-01 2.385145e-01
1.300870e+00 9.735959e-01 2.404910e-01
1.301870e+00 1.086923e+00 2.424653e-01
1.302870e+00 1.040919e+00 2.444373e-01
1.303870e+00 1.021318e+00 2.464073e-01
1.304870e+00 8.589105e-01 2.483751e-01
1.305869e+00 8.463809e-01 2.503411e-01
1.306869e+00 8.149155e-01 2.523051e-01
1.307869e+00 9.215611e-01 2.542673e-01
1.308869e+00 9.483778e-01 2.562278e-01
1.309869e+00 9.287285e-01 2.581867e-01
1.310869e+00 1.043768e+00 2.601440e-01
1.311869e+00 1.002000e+00 2.620998e-01
1.312869e+00 9.981479e-01 2.640543e-01
1.313869e+00 9.488056e-01 2.660075e-01
1.314869e+00 8.625662e-01 2.679594e-01
1.315868e+00 9.035825e-01 2.699103e-01
1.316868e+00 8.197737e-01 2.718601e-01
1.317868e+00 9.199729e-01 2.738090e-01
1.318868e+00 7.928316e-01 2.757570e-01
1.319868e+00 8.676311e-01 2.777043e-01
1.320868e+00 9.708567e-01 2.796509e-01
1.321868e+00 9.448364e-01 2.815969e-01
1.322868e+00 9.699510e-01 2.835425e-01
1.323868e+00 9.454142e-01 2.854877e-01
1.324868e+00 8.632452e-01 2.874325e-01
1.325867e+00 8.680217e-01 2.893772e-01
1.326867e+00 7.168443e-01 2.913218e-01
1.327867e+00 8.735980e-01 2.932664e-01
1.328867e+00 8.276360e-01 2.952111e-01
1.329867e+00 8.404238e-01 2.971560e-01
1.330867e+00 9.465336e-01 2.991012e-01
1.331867e+00 9.428394e-01 3.010468e-01
1.332867e+00 9.426401e-01 3.029929e-01
1.333867e+00 9.284677e-01 3.049396e-01
1.334867e+00 9.034544e-01 3.068870e-01
1.335866e+00 8.226710e-01 3.088352e-01
1.336866e+00 6.707184e-01 3.107843e-01
1.337866e+00 7.784104e-01 3.127344e-01
1.338866e+00 7.755964e-01 3.146856e-01
1.339866e+00 8.045713e-01 3.166381e-01
1.340866e+00 9.353697e-01 3.185919e-01
1.341866e+00 9.419714e-01 3.205471e-01
1.342866e+00 8.468026e-01 3.225039e-01
1.343866e+00 9.133749e-01 3.244623e-01
1.344866e+00 8.850289e-01 3.264225e-01
1.345865e+00 7.144288e-01 3.283846e-01
1.346865e+00 7.423042e-01 3.303487e-01
1.347865e+00 7.452083e-01 3.323148e-01
1.348865e+00 7.819264e-01 3.342832e-01
1.349865e+00 8.094038e-01 3.362539e-01
1.350865e+00 9.143882e-01 3.382270e-01
1.351865e+00 8.578955e-01 3.402027e-01
1.352865e+00 8.739029e-01 3.421810e-01
1.353865e+00 8.504894e-01 3.441621e-01
1.354865e+00 7.887070e-01 3.461461e-01
1.355864e+00 7.419825e-01 3.481332e-01
1.356864e+00 7.319610e-01 3.501233e-01
1.357864e+00 7.011469e-01 3.521167e-01
1.358864e+00 7.095874e-01 3.541135e-01
1.359864e+00 8.318450e-01 3.561137e-01
1.360864e+00 8.549043e-01 3.581175e-01
1.361864e+00 8.491102e-01 3.601251e-01
1.362864e+00 9.110363e-01 3.621365e-01
1.363864e+00 8.748275e-01 3.641519e-01
1.364864e+00 8.087233e-01 3.661713e-01
1.365863e+00 6.376167e-01 3.681950e-01
1.366863e+00 6.934433e-01 3.702229e-01
1.367863e+00 5.959359e-01 3.722554e-01
1.368863e+00 6.674531e-01 3.742924e-01
1.369863e+00 7.372675e-01 3.763341e-01
1.370863e+00 7.627948e-01 3.783807e-01
1.371863e+00 7.918698e-01 3.804322e-01
1.372863e+00 7.856616e-01 3.824887e-01
1.373863e+00 8.347047e-01 3.845505e-01
1.374863e+00 6.977470e-01 3.866176e-01
1.375862e+00 7.285515e-01 3.886901e-01
1.376862e+00 6.473325e-01 3.907683e-01
1.377862e+00 6.400038e-01 3.928521e-01
1.378862e+00 6.191767e-01 3.949418e-01
1.379862e+00 7.344556e-01 3.970375e-01
1.380862e+00 7.464852e-01 3.991392e-01
1.381862e+00 7.685060e-01 4.012472e-01
1.382862e+00 7.792039e-01 4.033615e-01
1.383862e+00 7.876385e-01 4.054823e-01
1.384862e+00 7.051736e-01 4.076097e-01
1.385861e+00 5.995124e-01 4.097438e-01
1.386861e+00 6.161105e-01 4.118848e-01
1.387861e+00 5.010345e-01 4.140329e-01
1.388861e+00 5.030352e-01 4.161880e-01
1.389861e+00 6.350171e-01 4.183504e-01
1.390861e+00 6.271474e-01 4.205202e-01
1.391861e+00 8.057345e-01 4.226975e-01
1.392861e+00 7.085060e-01 4.248825e-01
1.393861e+00 7.407986e-01 4.270752e-01
1.394861e+00 6.350393e-01 4.292759e-01
1.395860e+00 5.573060e-01 4.314846e-01
1.396860e+00 4.885252e-01 4.337015e-01
1.397860e+00 5.940971e-01 4.359267e-01
1.398860e+00 4.635375e-01 4.381603e-01
1.399860e+00 5.356744e-01 4.404025e-01
1.400860e+00 6.432033e-01 4.426533e-01
1.401860e+00 7.034637e-01 4.449130e-01
1.402860e+00 6.694651e-01 4.471817e-01
1.403860e+00 6.603653e-01 4.494594e-01
1.404860e+00 6.520924e-01 4.517463e-01
1.405859e+00 5.028246e-01 4.540426e-01
1.406859e+00 3.783294e-01 4.563483e-01
1.407859e+00 4.660158e-01 4.586636e-01
1.408859e+00 4.248091e-01 4.609886e-01
1.409859e+00 5.239156e-01 4.633234e-01
1.410859e+00 5.941833e-01 4.656682e-01
1.411859e+00 5.426499e-01 4.680231e-01
1.412859e+00 5.849660e-01 4.703882e-01
1.413859e+00 5.365536e-01 4.727637e-01
1.414859e+00 5.881116e-01 4.751495e-01
1.415858e+00 5.000237e-01 4.775460e-01
1.416858e+00 3.916058e-01 4.799531e-01
1.417858e+00 4.215433e-01 4.823711e-01
1.418858e+00 3.708264e-01 4.847999e-01
1.419858e+00 5.402532e-01 4.872398e-01
1.420858e+00 5.079172e-01 4.896909e-01
1.421858e+00 5.677049e-01 4.921532e-01
1.422858e+00 5.721691e-01 4.946269e-01
1.423858e+00 5.251513e-01 4.971120e-01
1.424858e+00 4.181794e-01 4.996088e-01
1.425857e+00 3.133072e-01 5.021172e-01
1.426857e+00 3.286353e-01 5.046375e-01
1.427857e+00 3.413207e-01 5.071696e-01
1.428857e+00 4.734656e-01 5.097138e-01
1.429857e+00 3.958858e-01 5.122700e-01
1.430857e+00 4.762938e-01 5.148385e-01
1.431857e+00 5.226384e-01 5.174192e-01
1.432857e+00 5.159277e-01 5.200123e-01
1.433857e+00 5.064070e-01 5.226179e-01
1.434857e+00 3.928260e-01 5.252360e-01
1.435856e+00 4.111936e-01 5.278667e-01
1.436856e+00 3.077193e-01 5.305102e-01
1.437856e+00 2.942036e-01 5.331664e-01
1.438856e+00 3.759075e-01 5.358356e-01
1.439856e+00 4.290619e-01 5.385176e-01
1.440856e+00 4.818953e-01 5.412127e-01
1.441856e+00 5.041328e-01 5.439208e-01
1.442856e+00 4.379912e-01 5.466420e-01
1.443856e+00 3.323815e-01 5.493765e-01
1.444856e+00 3.926701e-01 5.521242e-01
1.445855e+00 3.518276e-01 5.548851e-01
1.446855e+00 1.644606e-01 5.576594e-01
1.447855e+00 2.407855e-01 5.604471e-01
1.448855e+00 3.199376e-01 5.632482e-01
1.449855e+00 3.243596e-01 5.660627e-01
1.450855e+00 4.104979e-01 5.688907e-01
1.451855e+00 4.201339e-01 5.717322e-01
1.452855e+00 2.886581e-01 5.745873e-01
1.453855e+00 3.442682e-01 5.774558e-01
1.454855e+00 2.470776e-01 5.803379e-01
1.455854e+00 1.655820e-01 5.832335e-01
1.456854e+00 2.007885e-01 5.861427e-01
1.457854e+00 2.420169e-01 5.890654e-01
1.458854e+00 2.166828e-01 5.920016e-01
1.459854e+00 2.335580e-01 5.949514e-01
1.460854e+00 2.743712e-01 5.979146e-01
1.461854e+00 2.987132e-01 6.008912e-01
1.462854e+00 3.078831e-01 6.038813e-01
1.463854e+00 3.600507e-01 6.068847e-01
1.464854e+00 2.155381e-01 6.099015e-01
1.465853e+00 1.104844e-01 6.129315e-01
1.466853e+00 6.941931e-02 6.159747e-01
1.467853e+00 9.871069e-02 6.190310e-01
1.468853e+00 1.735979e-01 6.221004e-01
1.469853e+00 1.419353e-01 6.251828e-01
1.470853e+00 2.030749e-01 6.282780e-01
1.471853e+00 2.792146e-01 6.313860e-01
1.472853e+00 2.636182e-01 6.345067e-01
1.473853e+00 2.536519e-01 6.376400e-01
1.474853e+00 2.785757e-01 6.407856e-01
1.475852e+00 1.232364e-01 6.439436e-01
1.476852e+00 1.200531e-02 6.471138e-01
1.477852e+00 -5.423707e-02 6.502960e-01
1.478852e+00 9.392597e-02 6.534900e-01
1.479852e+00 -2.255287e-02 6.566958e-01
1.480852e+00 2.266691e-01 6.599131e-01
1.481852e+00 1.968917e-01 6.631417e-01
1.482852e+00 1.954854e-01 6.663815e-01
1.483852e+00 1.408317e-01 6.696323e-01
1.484852e+00 3.859974e-02 6.728938e-01
1.485851e+00 9.140399e-02 6.761659e-01
1.486851e+00 -2.709873e-02 6.794484e-01
1.487851e+00 -1.511427e-01 6.827409e-01
1.488851e+00 -7.439475e-03 6.860433e-01
1.489851e+00 -1.239058e-03 6.893552e-01
1.490851e+00 1.103416e-01 6.926765e-01
1.491851e+00 8.937075e-02 6.960069e-01
1.492851e+00 1.987484e-01 6.993461e-01
1.493851e+00 8.574393e-02 7.026938e-01
1.494851e+00 9.871358e-02 7.060497e-01
1.495850e+00 5.554209e-02 7.094135e-01
1.496850e+00 -7.854172e-02 7.127849e-01
1.497850e+00 -1.236016e-01 7.161635e-01
1.498850e+00 -1.275770e-01 7.195491e-01
1.499850e+00 4.409846e-03 7.229412e-01
1.500850e+00 5.695441e-02 7.263396e-01
1.501850e+00 8.695652e-02 7.297438e-01
1.502850e+00 6.992520e-02 7.331536e-01
1.503850e+00 -7.888618e-03 7.365685e-01
1.504850e+00 -1.677189e-03 7.399881e-01
1.505849e+00 -1.458486e-02 7.434120e-01
1.506849e+00 -9.247476e-02 7.468399e-01
1.507849e+00 -1.182194e-01 7.502713e-01
1.508849e+00 -4.561984e-02 7.537057e-01
1.509849e+00 -8.493599e-02 7.571429e-01
1.510849e+00 7.226689e-02 7.605822e-01
1.511849e+00 2.794597e-02 7.640234e-01
1.512849e+00 2.075902e-02 7.674658e-01
1.513849e+00 -4.189990e-03 7.709091e-01
1.514849e+00 -7.500685e-02 7.743528e-01
1.515848e+00 -1.572852e-01 7.777965e-01
1.516848e+00 -1.634131e-01 7.812395e-01
1.517848e+00 -2.628353e-01 7.846815e-01
1.518848e+00 -2.268118e-01 7.881219e-01
1.519848e+00 -1.636051e-01 7.915602e-01
1.520848e+00 -3.402786e-02 7.949960e-01
1.521848e+00 -1.198512e-01 7.984287e-01
1.522848e+00 -1.322147e-01 8.018577e-01
1.523848e+00 -5.926301e-02 8.052827e-01
1.524848e+00 -5.163660e-02 8.087029e-01
1.525847e+00 -2.715898e-01 8.121180e-01
1.526847e+00 -2.638784e-01 8.155272e-01
1.527847e+00 -2.212374e-01 8.189302e-01
1.528847e+00 -1.801550e-01 8.223264e-01
1.529847e+00 -1.532898e-01 8.257151e-01
1.530847e+00 -1.501920e-01 8.290960e-01
1.531847e+00 -1.109794e-01 8.324682e-01
1.532847e+00 -1.427616e-01 8.358315e-01
1.533847e+00 -2.976268e-01 8.391850e-01
1.534847e+00 -2.188618e-01 8.425284e-01
1.535846e+00 -2.543091e-01 8.458610e-01
1.536846e+00 -4.193817e-01 8.491823e-01
1.537846e+00 -3.259302e-01 8.524917e-01
1.538846e+00 -3.999115e-01 8.557885e-01
1.539846e+00 -2.186119e-01 8.590724e-01
1.540846e+00 -2.126638e-01 8.623426e-01
1.541846e+00 -1.748009e-01 8.655986e-01
1.542846e+00 -2.131648e-01 8.688399e-01
1.543846e+00 -2.568663e-01 8.720659e-01
1.544846e+00 -3.225601e-01 8.752760e-01
1.545845e+00 -3.203869e-01 8.784696e-01
1.546845e+00 -3.504319e-01 8.816462e-01
1.547845e+00 -3.803307e-01 8.848052e-01
1.548845e+00 -2.926089e-01 8.879461e-01
1.549845e+00 -2.523411e-01 8.910684e-01
1.550845e+00 -2.294770e-01 8.941714e-01
1.551845e+00 -2.035446e-01 8.972546e-01
1.552845e+00 -1.468297e-01 9.003175e-01
1.553845e+00 -2.262211e-01 9.033596e-01
1.554845e+00 -2.435646e-01 9.063802e-01
1.555844e+00 -5.073278e-01 9.093790e-01
1.556844e+00 -5.290548e-01 9.123553e-01
1.557844e+00 -4.871028e-01 9.153087e-01
1.558844e+00 -4.357422e-01 9.182386e-01
1.559844e+00 -3.279729e-01 9.211446e-01
1.560844e+00 -3.136000e-01 9.240261e-01
1.561844e+00 -2.027871e-01 9.268826e-01
1.562844e+00 -3.309142e-01 9.297137e-01
1.563844e+00 -2.639194e-01 9.325189e-01
1.564844e+00 -3.697143e-01 9.352978e-01
1.565843e+00 -4.726197e-01 9.380498e-01
1.566843e+00 -5.232032e-01 9.407745e-01
1.567843e+00 -5.794753e-01 9.434715e-01
1.568843e+00 -4.266959e-01 9.461403e-01
1.569843e+00 -4.041553e-01 9.487805e-01
1.570843e+00 -4.296686e-01 9.513917e-01
1.571843e+00 -3.207482e-01 9.539735e-01
1.572843e+00 -3.413158e-01 9.565255e-01
1.573843e+00 -4.086557e-01 9.590472e-01
1.574843e+00 -4.931427e-01 9.615384e-01
1.575842e+00 -4.442041e-01 9.639986e-01
1.576842e+00 -5.106669e-01 9.664275e-01
1.577842e+00 -5.945904e-01 9.688247e-01
1.578842e+00 -5.475081e-01 9.711899e-01
1.579842e+00 -4.874349e-01 9.735227e-01
1.580842e+00 -4.659732e-01 9.758228e-01
1.581842e+00 -4.121944e-01 9.780900e-01
1.582842e+00 -3.340884e-01 9.803238e-01
1.583842e+00 -5.806431e-01 9.825241e-01
1.584842e+00 -4.848958e-01 9.846906e-01
1.585841e+00 -5.582303e-01 9.868229e-01
1.586841e+00 -6.134028e-01 9.889208e-01
1.587841e+00 -6.078718e-01 9.909841e-01
1.588841e+00 -5.963216e-01 9.930125e-01
1.589841e+00 -4.377436e-01 9.950058e-01
1.590841e+00 -4.960826e-01 9.969638e-01
1.591841e+00 -4.099285e-01 9.988863e-01
1.592841e+00 -4.122682e-01 1.000773e+00
1.593841e+00 -5.052972e-01 1.002624e+00
1.594841e+00 -5.825260e-01 1.004439e+00
1.595840e+00 -5.869458e-01 1.006217e+00
1.596840e+00 -6.571757e-01 1.007960e+00
1.597840e+00 -6.794218e-01 1.009665e+00
1.598840e+00 -7.368871e-01 1.011334e+00
1.599840e+00 -5.106249e-01 1.012967e+00
1.600840e+00 -5.109812e-01 1.014562e+00
1.601840e+00 -5.698933e-01 1.016121e+00
1.602840e+00 -5.071931e-01 1.017642e+00
1.603840e+00 -5.205879e-01 1.019126e+00
1.604840e+00 -5.740586e-01 1.020574e+00
1.605839e+00 -7.239661e-01 1.021983e+00
1.606839e+00 -7.419764e-01 1.023356e+00
1.607839e+00 -6.810667e-01 1.024692e+00
1.608839e+00 -6.751735e-01 1.025990e+00
1.609839e+00 -6.732062e-01 1.027250e+00
1.610839e+00 -5.975909e-01 1.028474e+00
1.611839e+00 -5.679419e-01 1.029660e+00
1.612839e+00 -6.208469e-01 1.030809e+00
1.613839e+00 -6.373797e-01 1.031921e+00
1.614839e+00 -7.228358e-01 1.032995e+00
1.615838e+00 -7.107390e-01 1.034033e+00
1.616838e+00 -7.755353e-01 1.035033e+00
1.617838e+00 -7.848264e-01 1.035997e+00
1.618838e+00 -7.830111e-01 1.036923e+00
1.619838e+00 -6.215853e-01 1.037813e+00
1.620838e+00 -6.594139e-01 1.038666e+00
1.621838e+00 -5.351785e-01 1.039483e+00
1.622838e+00 -5.827411e-01 1.040263e+00
1.623838e+00 -6.452448e-01 1.041007e+00
1.624838e+00 -6.357878e-01 1.041715e+00
1.625837e+00 -8.555560e-01 1.042387e+00
1.626837e+00 -8.234241e-01 1.043023e+00
1.627837e+00 -8.732352e-01 1.043624e+00
1.628837e+00 -7.781849e-01 1.044189e+00
1.629837e+00 -7.654997e-01 1.044720e+00
1.630837e+00 -7.462075e-01 1.045215e+00
1.631837e+00 -5.785820e-01 1.045676e+00
1.632837e+00 -6.489829e-01 1.046102e+00
1.633837e+00 -6.718683e-01 1.046494e+00
1.634837e+00 -7.471094e-01 1.046852e+00
1.635836e+00 -7.634829e-01 1.047176e+00
1.636836e+00 -8.179045e-01 1.047467e+00
1.637836e+00 -9.160337e-01 1.047725e+00
1.638836e+00 -7.870134e-01 1.047950e+00
1.639836e+00 -7.735580e-01 1.048143e+00
1.640836e+00 -7.393573e-01 1.048303e+00
1.641836e+00 -7.108294e-01 1.048432e+00
1.642836e+00 -7.694028e-01 1.048529e+00
1.643836e+00 -7.162294e-01 1.048595e+00
1.644836e+00 -8.281129e-01 1.048630e+00
1.645835e+00 -9.639952e-01 1.048635e+00
1.646835e+00 -9.206116e-01 1.048610e+00
1.647835e+00 -8.666640e-01 1.048555e+00
1.648835e+00 -8.584966e-01 1.048471e+00
1.649835e+00 -7.763937e-01 1.048358e+00
1.650835e+00 -8.188135e-01 1.048216e+00
1.651835e+00 -8.101059e-01 1.048047e+00
1.652835e+00 -7.016887e-01 1.047850e+00
1.653835e+00 -8.029472e-01 1.047626e+00
1.654835e+00 -8.607004e-01 1.047375e+00
1.655834e+00 -9.109929e-01 1.047097e+00
1.656834e+00 -8.293882e-01 1.046794e+00
1.657834e+00 -9.447856e-01 1.046466e+00
1.658834e+00 -8.718811e-01 1.046113e+00
1.659834e+00 -8.431328e-01 1.045735e+00
1.660834e+00 -8.447586e-01 1.045334e+00
1.661834e+00 -7.462309e-01 1.044909e+00
1.662834e+00 -7.848509e-01 1.044462e+00
1.663834e+00 -9.347572e-01 1.043992e+00
1.664834e+00 -8.558472e-01 1.043500e+00
1.665833e+00 -9.280173e-01 1.042987e+00
1.666833e+00 -1.048911e+00 1.042453e+00
1.667833e+00 -1.070119e+00 1.041899e+00
1.668833e+00 -9.668900e-01 1.041325e+00
1.669833e+00 -8.475094e-01 1.040732e+00
1.670833e+00 -8.246566e-01 1.040121e+00
1.671833e+00 -7.224361e-01 1.039491e+00
1.672833e+00 -7.697003e-01 1.038844e+00
1.673833e+00 -8.388978e-01 1.038180e+00
1.674833e+00 -8.535896e-01 1.037499e+00
1.675832e+00 -9.586234e-01 1.036803e+00
1.676832e+00 -9.931946e-01 1.036092e+00
1.677832e+00 -1.080900e+00 1.035366e+00
1.678832e+00 -1.050869e+00 1.034626e+00
1.679832e+00 -8.522410e-01 1.033872e+00
1.680832e+00 -8.662482e-01 1.033106e+00
1.681832e+00 -8.396983e-01 1.032327e+00
1.682832e+00 -8.492927e-01 1.031537e+00
1.683832e+00 -8.435614e-01 1.030736e+00
1.684832e+00 -9.288414e-01 1.029924e+00
1.685831e+00 -1.011381e+00 1.029102e+00
1.686831e+00 -1.034713e+00 1.028271e+00
1.687831e+00 -9.605606e-01 1.027431e+00
1.688831e+00 -1.014098e+00 1.026583e+00
1.689831e+00 -9.552138e-01 1.025727e+00
1.690831e+00 -8.437720e-01 1.024865e+00
1.691831e+00 -8.270888e-01 1.023996e+00
1.692831e+00 -9.363016e-01 1.023122e+00
1.693831e+00 -8.567050e-01 1.022242e+00
1.694831e+00 -9.202248e-01 1.021358e+00
1.695830e+00 -9.398703e-01 1.020470e+00
1.696830e+00 -9.842778e-01 1.019578e+00
1.697830e+00 -1.098754e+00 1.018683e+00
1.698830e+00 -1.046041e+00 1.017787e+00
1.699830e+00 -9.466506e-01 1.016889e+00
1.700830e+00 -9.562797e-01 1.015989e+00
1.701830e+00 -9.216715e-01 1.015089e+00
1.702830e+00 -8.357096e-01 1.014189e+00
1.703830e+00 -8.514431e-01 1.013290e+00
1.704830e+00 -9.839452e-01 1.012392e+00
1.705829e+00 -9.678005e-01 1.011496e+00
1.706829e+00 -1.084700e+00 1.010602e+00
1.707829e+00 -1.051552e+00 1.009711e+00
1.708829e+00 -1.126223e+00 1.008823e+00
1.709829e+00 -9.012808e-01 1.007939e+00
1.710829e+00 -8.934717e-01 1.007060e+00
1.711829e+00 -8.501742e-01 1.006185e+00
1.712829e+00 -9.740656e-01 1.005316e+00
1.713829e+00 -9.469990e-01 1.004453e+00
1.714829e+00 -9.141041e-01 1.003596e+00
1.715828e+00 -9.892481e-01 1.002747e+00
1.716828e+00 -1.034962e+00 1.001905e+00
1.717828e+00 -1.147898e+00 1.001070e+00
1.718828e+00 -1.076959e+00 1.000245e+00
1.719828e+00 -9.589624e-01 9.994276e-01
1.720828e+00 -9.452616e-01 9.986200e-01
1.721828e+00 -8.698112e-01 9.978222e-01
1.722828e+00 -1.033126e+00 9.970347e-01
1.723828e+00 -8.504285e-01 9.962578e-01
1.724828e+00 -9.963743e-01 9.954920e-01
1.725827e+00 -1.009659e+00 9.947378e-01
1.726827e+00 -1.052176e+00 9.939955e-01
1.727827e+00 -1.038388e+00 9.932655e-01
1.728827e+00 -1.102074e+00 9.925483e-01
1.729827e+00 -9.561426e-01 9.918442e-01
1.730827e+00 -9.518500e-01 9.911536e-01
1.731827e+00 -9.152378e-01 9.904769e-01
1.732827e+00 -9.035708e-01 9.898144e-01
1.733827e+00 -8.624408e-01 9.891666e-01
1.734827e+00 -9.888778e-01 9.885336e-01
1.735826e+00 -1.087438e+00 9.879160e-01
1.736826e+00 -1.119242e+00 9.873139e-01
1.737826e+00 -1.076210e+00 9.867277e-01
1.738826e+00 -1.118652e+00 9.861578e-01
1.739826e+00 -1.108096e+00 9.856044e-01
1.740826e+00 -9.037179e-01 9.850678e-01
1.741826e+00 -8.868600e-01 9.845482e-01
1.742826e+00 -9.141579e-01 9.840461e-01
1.743826e+00 -9.541812e-01 9.835616e-01
1.744826e+00 -9.429335e-01 9.830950e-01
1.745825e+00 -1.095986e+00 9.826465e-01
1.746825e+00 -1.154006e+00 9.822164e-01
1.747825e+00 -1.029146e+00 9.818048e-01
1.748825e+00 -1.055292e+00 9.814121e-01
1.749825e+00 -9.354372e-01 9.810384e-01
1.750825e+00 -9.049295e-01 9.806840e-01
1.751825e+00 -8.863197e-01 9.803490e-01
1.752825e+00 -8.603860e-01 9.800336e-01
1.753825e+00 -9.079985e-01 9.797379e-01
1.754825e+00 -9.848784e-01 9.794623e-01
1.755824e+00 -1.075168e+00 9.792067e-01
1.756824e+00 -1.081579e+00 9.789714e-01
1.757824e+00 -1.090071e+00 9.787565e-01
1.758824e+00 -1.088428e+00 9.785621e-01
1.759824e+00 -1.072040e+00 9.783884e-01
1.760824e+00 -9.376605e-01 9.782355e-01
1.761824e+00 -8.803352e-01 9.781035e-01
1.762824e+00 -9.916854e-01 9.779924e-01
1.763824e+00 -9.543718e-01 9.779025e-01
1.764824e+00 -9.458505e-01 9.778337e-01
1.765823e+00 -1.029704e+00 9.777862e-01
1.766823e+00 -1.175493e+00 9.777600e-01
1.767823e+00 -1.070781e+00 9.777551e-01
1.768823e+00 -1.077735e+00 9.777718e-01
1.769823e+00 -1.021958e+00 9.778099e-01
1.770823e+00 -9.489801e-01 9.778695e-01
1.771823e+00 -8.949157e-01 9.779507e-01
1.772823e+00 -8.860689e-01 9.780535e-01
1.773823e+00 -8.767257e-01 9.781779e-01
1.774823e+00 -1.043201e+00 9.783239e-01
1.775822e+00 -1.069040e+00 9.784916e-01
1.776822e+00 -1.068261e+00 9.786809e-01
1.777822e+00 -1.152368e+00 9.788918e-01
1.778822e+00 -1.067402e+00 9.791243e-01
1.779822e+00 -1.004292e+00 9.793785e-01
1.780822e+00 -9.915647e-01 9.796542e-01
1.781822e+00 -9.080382e-01 9.799514e-01
1.782822e+00 -8.991361e-01 9.802701e-01
1.783822e+00 -9.217493e-01 9.806103e-01
1.784822e+00 -9.080006e-01 9.809719e-01
1.785821e+00 -9.936595e-01 9.813548e-01
1.786821e+00 -1.097853e+00 9.817590e-01
1.787821e+00 -1.013650e+00 9.821845e-01
1.788821e+00 -1.024218e+00 9.826311e-01
1.789821e+00 -1.069663e+00 9.830987e-01
1.790821e+00 -9.421607e-01 9.835874e-01
1.791821e+00 -7.935574e-01 9.840970e-01
1.792821e+00 -8.074674e-01 9.846274e-01
1.793821e+00 -8.547931e-01 9.851785e-01
1.794821e+00 -9.363380e-01 9.857503e-01
1.795820e+00 -1.013154e+00 9.863425e-01
1.796820e+00 -1.108396e+00 9.869552e-01
1.797820e+00 -9.346158e-01 9.875881e-01
1.798820e+00 -1.041427e+00 9.882412e-01
1.799820e+00 -9.505090e-01 9.889144e-01
1.800820e+00 -9.073844e-01 9.896075e-01
1.801820e+00 -7.361366e-01 9.903204e-01
1.802820e+00 -7.532746e-01 9.910529e-01
1.803820e+00 -8.958912e-01 9.918049e-01
1.804820e+00 -9.582795e-01 9.925764e-01
1.805819e+00 -9.774674e-01 9.933670e-01
1.806819e+00 -9.748600e-01 9.941767e-01
1.807819e+00 -9.611752e-01 9.950054e-01
1.808819e+00 -1.092299e+00 9.958528e-01
1.809819e+00 -9.051340e-01 9.967188e-01
1.810819e+00 -8.775376e-01 9.976033e-01
1.811819e+00 -7.864078e-01 9.985060e-01
1.812819e+00 -8.603822e-01 9.994268e-01
1.813819e+00 -9.057658e-01 1.000366e+00
1.814819e+00 -8.662285e-01 1.001322e+00
1.815818e+00 -9.583655e-01 1.002296e+00
1.816818e+00 -1.043241e+00 1.003288e+00
1.817818e+00 -9.520145e-01 1.004297e+00
1.818818e+00 -9.414872e-01 1.005322e+00
1.819818e+00 -9.790027e-01 1.006365e+00
1.820818e+00 -8.259246e-01 1.007424e+00
1.821818e+00 -8.749193e-01 1.008500e+00
1.822818e+00 -7.779075e-01 1.009592e+00
1.823818e+00 -7.766839e-01 1.010700e+00
1.824818e+00 -8.754417e-01 1.011824e+00
1.825817e+00 -9.303146e-01 1.012964e+00
1.826817e+00 -1.035977e+00 1.014119e+00
1.827817e+00 -9.930641e-01 1.015289e+00
1.828817e+00 -9.015833e-01 1.016475e+00
1.829817e+00 -9.095445e-01 1.017675e+00
1.830817e+00 -8.310430e-01 1.018890e+00
1.831817e+00 -8.543718e-01 1.020119e+00
1.832817e+00 -7.545176e-01 1.021363e+00
1.833817e+00 -8.387319e-01 1.022620e+00
1.834817e+00 -8.401801e-01 1.023892e+00
1.835816e+00 -8.981881e-01 1.025177e+00
1.836816e+00 -9.557081e-01 1.026475e+00
1.837816e+00 -8.950215e-01 1.027786e+00
1.838816e+00 -9.006558e-01 1.029111e+00
1.839816e+00 -8.442363e-01 1.030448e+00
1.840816e+00 -7.651049e-01 1.031797e+00
1.841816e+00 -7.120349e-01 1.033159e+00
1.842816e+00 -7.653626e-01 1.034532e+00
1.843816e+00 -7.335597e-01 1.035918e+00
1.844816e+00 -8.367033e-01 1.037315e+00
1.845815e+00 -7.964679e-01 1.038723e+00
1.846815e+00 -8.592047e-01 1.040143e+00
1.847815e+00 -8.484493e-01 1.041573e+00
1.848815e+00 -9.101877e-01 1.043014e+00
1.849815e+00 -8.146092e-01 1.044465e+00
1.850815e+00 -8.308409e-01 1.045927e+00
1.851815e+00 -7.291933e-01 1.047398e+00
1.852815e+00 -7.168490e-01 1.048879e+00
1.853815e+00 -7.390853e-01 1.050370e+00
1.854815e+00 -7.592575e-01 1.051870e+00
1.855814e+00 -8.958898e-01 1.053379e+00
1.856814e+00 -9.371731e-01 1.054896e+00
1.857814e+00 -9.067312e-01 1.056422e+00
1.858814e+00 -7.558990e-01 1.057957e+00
1.859814e+00 -7.655634e-01 1.059499e+00
1.860814e+00 -7.543342e-01 1.061050e+00
1.861814e+00 -6.524285e-01 1.062608e+00
1.862814e+00 -6.670665e-01 1.064173e+00
1.863814e+00 -7.382016e-01 1.065745e+00
1.864814e+00 -7.283415e-01 1.067325e+00
1.865813e+00 -7.636577e-01 1.068910e+00
1.866813e+00 -8.093046e-01 1.070503e+00
1.867813e+00 -8.228426e-01 1.072101e+00
1.868813e+00 -8.250172e-01 1.073705e+00
1.869813e+00 -7.386416e-01 1.075315e+00
1.870813e+00 -6.580687e-01 1.076931e+00
1.871813e+00 -7.865904e-01 1.078552e+00
1.872813e+00 -6.085747e-01 1.080177e+00
1.873813e+00 -6.086233e-01 1.081808e+00
1.874813e+00 -7.226910e-01 1.083443e+00
1.875812e+00 -6.779513e-01 1.085082e+00
1.876812e+00 -7.248213e-01 1.086725e+00
1.877812e+00 -7.697617e-01 1.088372e+00
1.878812e+00 -7.398596e-01 1.090022e+00
1.879812e+00 -7.311985e-01 1.091676e+00
1.880812e+00 -6.002892e-01 1.093333e+00
1.881812e+00 -4.929476e-01 1.094992e+00
1.882812e+00 -5.220322e-01 1.096655e+00
1.883812e+00 -5.581183e-01 1.098319e+00
1.884812e+00 -6.427512e-01 1.099986e+00
1.885811e+00 -6.916054e-01 1.101655e+00
1.886811e+00 -6.545326e-01 1.103325e+00
1.887811e+00 -7.854126e-01 1.104997e+00
1.888811e+00 -7.491922e-01 1.106670e+00
1.889811e+00 -6.698587e-01 1.108344e+00
1.890811e+00 -4.924871e-01 1.110018e+00
1.891811e+00 -5.553638e-01 1.111693e+00
1.892811e+00 -4.834067e-01 1.113369e+00
1.893811e+00 -5.982208e-01 1.115044e+00
1.894811e+00 -6.274574e-01 1.116719e+00
1.895810e+00 -7.145577e-01 1.118394e+00
1.896810e+00 -6.463549e-01 1.120068e+00
1.897810e+00 -7.750146e-01 1.121741e+00
1.898810e+00 -6.823463e-01 1.123413e+00
1.899810e+00 -5.718080e-01 1.125083e+00
1.900810e+00 -4.919710e-01 1.126752e+00
1.901810e+00 -5.229317e-01 1.128419e+00
1.902810e+00 -4.822265e-01 1.130085e+00
1.903810e+00 -5.124222e-01 1.131747e+00
1.904810e+00 -5.468258e-01 1.133408e+00
1.905809e+00 -5.951891e-01 1.135065e+00
1.906809e+00 -7.363962e-01 1.136720e+00
1.907809e+00 -6.139674e-01 1.138371e+00
1.908809e+00 -6.819764e-01 1.140020e+00
1.909809e+00 -5.299377e-01 1.141664e+00
1.910809e+00 -5.022301e-01 1.143305e+00
1.911809e+00 -3.561159e-01 1.144941e+00
1.912809e+00 -4.181445e-01 1.146573e+00
1.913809e+00 -4.821010e-01 1.148201e+00
1.914809e+00 -5.123194e-01 1.149824e+00
1.915808e+00 -6.158720e-01 1.151442e+00
1.916808e+00 -5.402400e-01 1.153055e+00
1.917808e+00 -6.167376e-01 1.154662e+00
1.918808e+00 -6.738470e-01 1.156264e+00
1.919808e+00 -4.852441e-01 1.157860e+00
1.920808e+00 -4.642405e-01 1.159450e+00
1.921808e+00 -4.149032e-01 1.161033e+00
1.922808e+00 -3.555550e-01 1.162610e+00
1.923808e+00 -3.783313e-01 1.164181e+00
1.924808e+00 -4.198511e-01 1.165744e+00
1.925807e+00 -4.919189e-01 1.167301e+00
1.926807e+00 -6.019553e-01 1.168850e+00
1.927807e+00 -6.066788e-01 1.170391e+00
1.928807e+00 -5.016921e-01 1.171925e+00
1.929807e+00 -4.671654e-01 1.173451e+00
1.930807e+00 -3.725907e-01 1.174968e+00
1.931807e+00 -3.914642e-01 1.176477e+00
1.932807e+00 -3.441871e-01 1.177978e+00
1.933807e+00 -3.191782e-01 1.179470e+00
1.934807e+00 -3.683079e-01 1.180952e+00
1.935806e+00 -4.716835e-01 1.182426e+00
1.936806e+00 -4.026936e-01 1.183890e+00
1.937806e+00 -4.778280e-01 1.185344e+00
1.938806e+00 -4.821097e-01 1.186789e+00
1.939806e+00 -4.693595e-01 1.188223e+00
1.940806e+00 -3.108613e-01 1.189648e+00
1.941806e+00 -2.436399e-01 1.191061e+00
1.942806e+00 -2.688301e-01 1.192465e+00
1.943806e+00 -2.595452e-01 1.193857e+00
1.944806e+00 -2.190672e-01 1.195238e+00
1.945805e+00 -4.060878e-01 1.196608e+00
1.946805e+00 -3.932692e-01 1.197967e+00
1.947805e+00 -4.145191e-01 1.199313e+00
1.948805e+00 -4.277804e-01 1.200648e+00
1.949805e+00 -2.687033e-01 1.201971e+00
1.950805e+00 -3.518390e-01 1.203282e+00
1.951805e+00 -2.221934e-01 1.204580e+00
1.952805e+00 -1.353171e-01 1.205866e+00
1.953805e+00 -1.796106e-01 1.207139e+00
1.954805e+00 -2.870388e-01 1.208399e+00
1.955804e+00 -2.412140e-01 1.209645e+00
1.956804e+00 -3.340354e-01 1.210878e+00
1.957804e+00 -3.062268e-01 1.212098e+00
1.958804e+00 -3.392504e-01 1.213304e+00
1.959804e+00 -3.463412e-01 1.214495e+00
1.960804e+00 -2.015998e-01 1.215673e+00
1.961804e+00 -1.323227e-01 1.216836e+00
1.962804e+00 -2.139001e-01 1.217985e+00
1.963804e+00 -1.228806e-01 1.219119e+00
1.964804e+00 -1.922079e-01 1.220238e+00
1.965803e+00 -2.816232e-01 1.221342e+00
1.966803e+00 -3.478882e-01 1.222431e+00
1.967803e+00 -3.156561e-01 1.223504e+00
1.968803e+00 -2.961777e-01 1.224562e+00
1.969803e+00 -1.399501e-01 1.225603e+00
1.970803e+00 -1.903199e-01 1.226629e+00
1.971803e+00 2.441723e-02 1.227639e+00
1.972803e+00 -1.561491e-02 1.228632e+00
1.973803e+00 -1.861515e-01 1.229609e+00
1.974803e+00 -1.910291e-01 1.230568e+00
1.975802e+00 -1.328688e-01 1.231511e+00
1.976802e+00 -2.379203e-01 1.232437e+00
1.977802e+00 -2.697060e-01 1.233346e+00
1.978802e+00 -1.736070e-01 1.234237e+00
1.979802e+00 -1.061935e-01 1.235110e+00
1.980802e+00 -4.505724e-02 1.235966e+00
1.981802e+00 4.533075e-02 1.236804e+00
1.982802e+00 8.927873e-02 1.237624e+00
1.983802e+00 -4.490200e-02 1.238425e+00
1.984802e+00 -1.066143e-01 1.239208e+00
1.985801e+00 -1.384321e-01 1.239972e+00
1.986801e+00 -1.253906e-01 1.240717e+00
1.987801e+00 -2.212670e-01 1.241444e+00
1.988801e+00 -1.638731e-01 1.242151e+00
1.989801e+00 -1.098930e-01 1.242838e+00
1.990801e+00 -6.675423e-02 1.243507e+00
1.991801e+00 -1.077451e-03 1.244155e+00
1.992801e+00 4.235020e-02 1.244784e+00
1.993801e+00 -3.072624e-02 1.245393e+00
1.994801e+00 3.168722e-02 1.245982e+00
1.995800e+00 -1.237628e-01 1.246550e+00
1.996800e+00 -1.611408e-01 1.247098e+00
1.997800e+00 -1.301887e-01 1.247625e+00
1.998800e+00 -7.798895e-02 1.248131e+00
1.999800e+00 4.490897e-02 1.248616e+00
2.000800e+00 1.010558e-01 1.249080e+00
2.001800e+00 6.862172e-02 1.249523e+00
2.002800e+00 1.460115e-01 1.249944e+00
2.003800e+00 1.066381e-01 1.250344e+00
2.004800e+00 2.249061e-02 1.250722e+00
2.005799e+00 2.923025e-02 1.251078e+00
2.006799e+00 1.155067e-01 1.251412e+00
2.007799e+00 -1.846509e-01 1.251723e+00
2.008799e+00 -1.674248e-02 1.252013e+00
2.009799e+00 2.955020e-02 1.252279e+00
2.010799e+00 9.625585e-02 1.252523e+00
2.011799e+00 2.032383e-01 1.252744e+00
2.012799e+00 1.831335e-01 1.252942e+00
2.013799e+00 1.103944e-01 1.253117e+00
2.014799e+00 2.156765e-02 1.253268e+00
2.015798e+00 9.116653e-02 1.253396e+00
2.016798e+00 -2.674044e-02 1.253500e+00
2.017798e+00 4.956944e-02 1.253580e+00
2.018798e+00 1.980962e-02 1.253637e+00
2.019798e+00 1.468208e-01 1.253669e+00
2.020798e+00 2.505817e-01 1.253677e+00
2.021798e+00 2.908512e-01 1.253661e+00
2.022798e+00 2.523229e-01 1.253620e+00
2.023798e+00 2.043765e-01 1.253555e+00
2.024798e+00 1.706872e-01 1.253464e+00
2.025797e+00 7.935482e-02 1.253349e+00
2.026797e+00 2.390455e-02 1.253209e+00
2.027797e+00 9.435570e-02 1.253043e+00
2.028797e+00 1.599512e-01 1.252852e+00
2.029797e+00 1.578170e-01 1.252635e+00
2.030797e+00 2.222820e-01 1.252392e+00
2.031797e+00 3.085465e-01 1.252124e+00
2.032797e+00 2.599455e-01 1.251830e+00
2.033797e+00 1.904463e-01 1.251510e+00
2.034797e+00 2.211314e-01 1.251163e+00
2.035796e+00 2.500843e-01 1.250790e+00
2.036796e+00 1.447429e-01 1.250390e+00
2.037796e+00 3.313067e-02 1.249964e+00
2.038796e+00 2.130007e-01 1.249511e+00
2.039796e+00 1.994705e-01 1.249031e+00
2.040796e+00 2.673918e-01 1.248524e+00
2.041796e+00 3.686475e-01 1.247989e+00
2.042796e+00 3.559426e-01 1.247428e+00
2.043796e+00 3.196909e-01 1.246839e+00
2.044796e+00 2.528011e-01 1.246222e+00
2.045795e+00 1.208388e-01 1.245577e+00
2.046795e+00 1.598234e-01 1.244905e+00
2.047795e+00 2.082800e-01 1.244204e+00
2.048795e+00 2.597144e-01 1.243476e+00
2.049795e+00 3.431110e-01 1.242719e+00
2.050795e+00 3.269830e-01 1.241934e+00
2.051795e+00 4.781347e-01 1.241120e+00
2.052795e+00 4.464499e-01 1.240277e+00
2.053795e+00 2.916033e-01 1.239406e+00
2.054795e+00 3.938589e-01 1.238506e+00
2.055794e+00 2.590290e-01 1.237577e+00
2.056794e+00 2.919393e-01 1.236619e+00
2.057794e+00 2.614090e-01 1.235631e+00
2.058794e+00 3.040274e-01 1.234614e+00
2.059794e+00 3.398333e-01 1.233567e+00
2.060794e+00 4.335221e-01 1.232491e+00
2.061794e+00 5.032170e-01 1.231385e+00
2.062794e+00 5.194055e-01 1.230250e+00
2.063794e+00 5.027284e-01 1.229084e+00
2.064794e+00 3.792725e-01 1.227888e+00
2.065793e+00 3.853572e-01 1.226662e+00
2.066793e+00 4.217928e-01 1.225405e+00
2.067793e+00 3.219312e-01 1.224118e+00
2.068793e+00 3.607677e-01 1.222801e+00
2.069793e+00 4.162675e-01 1.221453e+00
2.070793e+00 3.929962e-01 1.220074e+00
2.071793e+00 5.420551e-01 1.218664e+00
2.072793e+00 4.236893e-01 1.217223e+00
2.073793e+00 4.875862e-01 1.215751e+00
2.074793e+00 4.365104e-01 1.214247e+00
2.075792e+00 4.927398e-01 1.212713e+00
2.076792e+00 3.560413e-01 1.211147e+00
2.077792e+00 3.168465e-01 1.209549e+00
2.078792e+00 3.810954e-01 1.207920e+00
2.079792e+00 4.501061e-01 1.206259e+00
2.080792e+00 6.298730e-01 1.204566e+00
2.081792e+00 7.335591e-01 1.202841e+00
2.082792e+00 6.342682e-01 1.201084e+00
2.083792e+00 5.438941e-01 1.199295e+00
2.084792e+00 4.902190e-01 1.197473e+00
2.085791e+00 4.546382e-01 1.195620e+00
2.086791e+00 4.350983e-01 1.193733e+00
2.087791e+00 4.365199e-01 1.191815e+00
2.088791e+00 5.177645e-01 1.189863e+00
2.089791e+00 5.227433e-01 1.187879e+00
2.090791e+00 6.358907e-01 1.185862e+00
2.091791e+00 6.227629e-01 1.183812e+00
2.092791e+00 6.346138e-01 1.181729e+00
2.093791e+00 6.675369e-01 1.179614e+00
2.094791e+00 6.097542e-01 1.177464e+00
2.095790e+00 5.217581e-01 1.175282e+00
2.096790e+00 5.081948e-01 1.173066e+00
2.097790e+00 3.614871e-01 1.170817e+00
2.098790e+00 5.076718e-01 1.168534e+00
2.099790e+00 5.938159e-01 1.166218e+00
2.100790e+00 6.229878e-01 1.163868e+00
2.101790e+00 6.642812e-01 1.161485e+00
2.102790e+00 6.938694e-01 1.159067e+00
2.103790e+00 7.021304e-01 1.156616e+00
2.104790e+00 6.382391e-01 1.154131e+00
2.105789e+00 5.214388e-01 1.151611e+00
2.106789e+00 5.088636e-01 1.149058e+00
2.107789e+00 5.802242e-01 1.146470e+00
2.108789e+00 6.206793e-01 1.143848e+00
2.109789e+00 5.685518e-01 1.141192e+00
2.110789e+00 6.359743e-01 1.138502e+00
2.111789e+00 6.775664e-01 1.135777e+00
2.112789e+00 7.184544e-01 1.133017e+00
2.113789e+00 7.305961e-01 1.130223e+00
2.114789e+00 6.877172e-01 1.127394e+00
2.115788e+00 6.212582e-01 1.124531e+00
2.116788e+00 5.047256e-01 1.121633e+00
2.117788e+00 5.147710e-01 1.118700e+00
2.118788e+00 6.369161e-01 1.115733e+00
2.119788e+00 6.181411e-01 1.112730e+00
2.120788e+00 7.416771e-01 1.109693e+00
2.121788e+00 7.270737e-01 1.106621e+00
2.122788e+00 8.565263e-01 1.103513e+00
2.123788e+00 8.683771e-01 1.100371e+00
2.124788e+00 6.804479e-01 1.097193e+00
2.125787e+00 6.890394e-01 1.093981e+00
2.126787e+00 6.480074e-01 1.090733e+00
2.127787e+00 7.011198e-01 1.087450e+00
2.128787e+00 7.368597e-01 1.084132e+00
2.129787e+00 7.284023e-01 1.080778e+00
2.130787e+00 8.783263e-01 1.077390e+00
2.131787e+00 8.670308e-01 1.073965e+00
2.132787e+00 7.889787e-01 1.070506e+00
2.133787e+00 7.742024e-01 1.067011e+00
2.134787e+00 7.304140e-01 1.063481e+00
2.135786e+00 7.981718e-01 1.059915e+00
2.136786e+00 7.343634e-01 1.056314e+00
2.137786e+00 7.138516e-01 1.052678e+00
2.138786e+00 6.026155e-01 1.049006e+00
2.139786e+00 7.991642e-01 1.045299e+00
2.140786e+00 8.500888e-01 1.041556e+00
2.141786e+00 8.711887e-01 1.037778e+00
2.142786e+00 8.905227e-01 1.033964e+00
2.143786e+00 8.649578e-01 1.030115e+00
2.144786e+00 7.888653e-01 1.026230e+00
2.145785e+00 8.594551e-01 1.022310e+00
2.146785e+00 6.677207e-01 1.018354e+00
2.147785e+00 7.397953e-01 1.014363e+00
2.148785e+00 8.487051e-01 1.010337e+00
2.149785e+00 8.624942e-01 1.006275e+00
2.150785e+00 8.646477e-01 1.002177e+00
2.151785e+00 8.893444e-01 9.980443e-01
2.152785e+00 8.758219e-01 9.938761e-01
2.153785e+00 8.869953e-01 9.896725e-01
2.154785e+00 7.004669e-01 9.854336e-01
2.155784e+00 8.102985e-01 9.811594e-01
2.156784e+00 7.129954e-01 9.768498e-01
2.157784e+00 7.011260e-01 9.725051e-01
2.158784e+00 7.427733e-01 9.681251e-01
2.159784e+00 8.316368e-01 9.637099e-01
2.160784e+00 8.398002e-01 9.592595e-01
2.161784e+00 9.337956e-01 9.547741e-01
2.162784e+00 8.157332e-01 9.502536e-01
2.163784e+00 9.797681e-01 9.456980e-01
2.164784e+00 8.983666e-01 9.411076e-01
2.165783e+00 7.602241e-01 9.364821e-01
2.166783e+00 7.475427e-01 9.318219e-01
2.167783e+00 7.496349e-01 9.271268e-01
2.168783e+00 8.119894e-01 9.223970e-01
2.169783e+00 8.271870e-01 9.176325e-01
2.170783e+00 9.627861e-01 9.128333e-01
2.171783e+00 9.617903e-01 9.079996e-01
2.172783e+00 9.266837e-01 9.031315e-01
2.173783e+00 9.608450e-01 8.982289e-01
2.174783e+00 8.385229e-01 8.932920e-01
2.175782e+00 9.145386e-01 8.883208e-01
2.176782e+00 8.216557e-01 8.833154e-01
2.177782e+00 8.736216e-01 8.782759e-01
2.178782e+00 8.163915e-01 8.732024e-01
2.179782e+00 9.802141e-01 8.680950e-01
2.180782e+00 1.042123e+00 8.629538e-01
2.181782e+00 9.949455e-01 8.577788e-01
2.182782e+00 9.970828e-01 8.525701e-01
2.183782e+00 9.919585e-01 8.473279e-01
2.184782e+00 9.177528e-01 8.420522e-01
2.185781e+00 8.045626e-01 8.367432e-01
2.186781e+00 7.886616e-01 8.314010e-01
2.187781e+00 8.771331e-01 8.260256e-01
2.188781e+00 9.091708e-01 8.206171e-01
2.189781e+00 8.437653e-01 8.151758e-01
2.190781e+00 1.018058e+00 8.097016e-01
2.191781e+00 9.842180e-01 8.041948e-01
2.192781e+00 9.466078e-01 7.986554e-01
2.193781e+00 9.533664e-01 7.930836e-01
2.194781e+00 8.762915e-01 7.874794e-01
2.195780e+00 1.024122e+00 7.818431e-01
2.196780e+00 8.509695e-01 7.761747e-01
2.197780e+00 8.624488e-01 7.704743e-01
2.198780e+00 8.018336e-01 7.647422e-01
2.199780e+00 8.561691e-01 7.589784e-01
2.200780e+00 9.432676e-01 7.531831e-01
2.201780e+00 1.117122e+00 7.473564e-01
2.202780e+00 1.038085e+00 7.414984e-01
2.203780e+00 9.956712e-01 7.356094e-01
2.204780e+00 1.071278e+00 7.296894e-01
2.205779e+00 1.019844e+00 7.237387e-01
2.206779e+00 8.688436e-01 7.177572e-01
2.207779e+00 9.080569e-01 7.117453e-01
2.208779e+00 9.562809e-01 7.057030e-01
2.209779e+00 9.871609e-01 6.996306e-01
2.210779e+00 1.052526e+00 6.935281e-01
2.211779e+00 1.079340e+00 6.873958e-01
2.212779e+00 1.170936e+00 6.812337e-01
2.213779e+00 1.069879e+00 6.750422e-01
2.214779e+00 9.878325e-01 6.688212e-01
2.215778e+00 9.883984e-01 6.625710e-01
2.216778e+00 8.850736e-01 6.562918e-01
2.217778e+00 9.536405e-01 6.499837e-01
2.218778e+00 9.728019e-01 6.436469e-01
2.219778e+00 9.793970e-01 6.372816e-01
2.220778e+00 1.000501e+00 6.308879e-01
2.221778e+00 1.045412e+00 6.244660e-01
2.222778e+00 1.125387e+00 6.180162e-01
2.223778e+00 1.113175e+00 6.115384e-01
2.224778e+00 9.304931e-01 6.050331e-01
2.225777e+00 9.004611e-01 5.985002e-01
2.226777e+00 9.542652e-01 5.919401e-01
2.227777e+00 1.004313e+00 5.853528e-01
2.228777e+00 9.639656e-01 5.787386e-01
2.229777e+00 1.056121e+00 5.720976e-01
2.230777e+00 1.014234e+00 5.654300e-01
2.231777e+00 1.109172e+00 5.587361e-01
2.232777e+00 1.030916e+00 5.520159e-01
2.233777e+00 1.045448e+00 5.452697e-01
2.234777e+00 9.352233e-01 5.384976e-01
2.235776e+00 9.470226e-01 5.316999e-01
2.236776e+00 9.497445e-01 5.248766e-01
2.237776e+00 8.582164e-01 5.180281e-01
2.238776e+00 9.384487e-01 5.111544e-01
2.239776e+00 9.392633e-01 5.042557e-01
2.240776e+00 1.004568e+00 4.973323e-01
2.241776e+00 1.060634e+00 4.903843e-01
2.242776e+00 1.114758e+00 4.834119e-01
2.243776e+00 1.052352e+00 4.764152e-01
2.244776e+00 1.026124e+00 4.693945e-01
2.245775e+00 9.931957e-01 4.623499e-01
2.246775e+00 9.383904e-01 4.552816e-01
2.247775e+00 9.190658e-01 4.481897e-01
2.248775e+00 9.813358e-01 4.410744e-01
2.249775e+00 1.009009e+00 4.339360e-01
2.250775e+00 9.925909e-01 4.267745e-01
2.251775e+00 1.057741e+00 4.195901e-01
2.252775e+00 1.129048e+00 4.123831e-01
2.253775e+00 1.043404e+00 4.051535e-01
2.254775e+00 8.975315e-01 3.979015e-01
2.255774e+00 9.272200e-01 3.906273e-01
2.256774e+00 9.185527e-01 3.833310e-01
2.257774e+00 8.835669e-01 3.760128e-01
2.258774e+00 8.436448e-01 3.686728e-01
2.259774e+00 9.899141e-01 3.613112e-01
2.260774e+00 9.986675e-01 3.539281e-01
2.261774e+00 9.870497e-01 3.465236e-01
2.262774e+00 1.108152e+00 3.390980e-01
2.263774e+00 9.583212e-01 3.316513e-01
2.264774e+00 1.015985e+00 3.241836e-01
2.265773e+00 9.411664e-01 3.166952e-01
2.266773e+00 8.859916e-01 3.091860e-01
2.267773e+00 8.936584e-01 3.016562e-01
2.268773e+00 9.631377e-01 2.941060e-01
2.269773e+00 9.841175e-01 2.865355e-01
2.270773e+00 1.124447e+00 2.789447e-01
2.271773e+00 1.016162e+00 2.713337e-01
2.272773e+00 1.098859e+00 2.637028e-01
2.273773e+00 1.071315e+00 2.560518e-01
2.274773e+00 1.000030e+00 2.483810e-01
2.275772e+00 9.912073e-01 2.406904e-01
2.276772e+00 9.702907e-01 2.329801e-01
2.277772e+00 9.023338e-01 2.252502e-01
2.278772e+00 9.300057e-01 2.175007e-01
2.279772e+00 9.884184e-01 2.097317e-01
2.280772e+00 1.045578e+00 2.019433e-01
2.281772e+00 1.099623e+00 1.941354e-01
2.282772e+00 1.060437e+00 1.863082e-01
2.283772e+00 9.896610e-01 1.784617e-01
2.284772e+00 1.051633e+00 1.705959e-01
2.285771e+00 8.532926e-01 1.627108e-01
2.286771e+00 8.481372e-01 1.548065e-01
2.287771e+00 9.257315e-01 1.468830e-01
2.288771e+00 9.592963e-01 1.389403e-01
2.289771e+00 9.400212e-01 1.309784e-01
2.290771e+00 1.054962e+00 1.229972e-01
2.291771e+00 1.070973e+00 1.149968e-01
2.292771e+00 1.048583e+00 1.069772e-01
2.293771e+00 1.056158e+00 9.893826e-02
2.294771e+00 9.823972e-01 9.088005e-02
2.295770e+00 9.735236e-01 8.280249e-02
2.296770e+00 8.830790e-01 7.470554e-02
2.297770e+00 8.348032e-01 6.658915e-02
2.298770e+00 7.770757e-01 5.845326e-02
2.299770e+00 9.340673e-01 5.029781e-02
2.300770e+00 1.017773e+00 4.212272e-02
2.301770e+00 1.012523e+00 3.392791e-02
2.302770e+00 1.055912e+00 2.571329e-02
2.303770e+00 9.770312e-01 1.747877e-02
2.304770e+00 9.100278e-01 9.224252e-03
2.305769e+00 8.724680e-01 9.496260e-04
2.306769e+00 9.213210e-01 -7.345222e-03
2.307769e+00 8.312326e-01 -1.566041e-02
2.308769e+00 8.684623e-01 -2.399607e-02
2.309769e+00 9.499228e-01 -3.235234e-02
2.310769e+00 9.748089e-01 -4.072935e-02
2.311769e+00 1.040528e+00 -4.912725e-02
2.312769e+00 9.257104e-01 -5.754620e-02
2.313769e+00 9.858966e-01 -6.598635e-02
2.314769e+00 8.738575e-01 -7.444788e-02
2.315768e+00 9.051276e-01 -8.293094e-02
2.316768e+00 8.843850e-01 -9.143572e-02
2.317768e+00 7.758896e-01 -9.996241e-02
2.318768e+00 8.815215e-01 -1.085112e-01
2.319768e+00 9.349448e-01 -1.170822e-01
2.320768e+00 9.352507e-01 -1.256758e-01
2.321768e+00 1.000314e+00 -1.342920e-01
2.322768e+00 8.814085e-01 -1.429310e-01
2.323768e+00 1.052382e+00 -1.515932e-01
2.324768e+00 8.916889e-01 -1.602787e-01
2.325767e+00 8.668084e-01 -1.689877e-01
2.326767e+00 7.917686e-01 -1.777205e-01
2.327767e+00 7.950044e-01 -1.864772e-01
2.328767e+00 7.842603e-01 -1.952581e-01
2.329767e+00 8.884397e-01 -2.040635e-01
2.330767e+00 9.602513e-01 -2.128935e-01
2.331767e+00 9.379075e-01 -2.217483e-01
2.332767e+00 9.929367e-01 -2.306283e-01
2.333767e+00 9.895110e-01 -2.395336e-01
2.334767e+00 9.340660e-01 -2.484645e-01
2.335766e+00 8.511675e-01 -2.574211e-01
2.336766e+00 7.816495e-01 -2.664038e-01
2.337766e+00 7.299807e-01 -2.754127e-01
2.338766e+00 7.241723e-01 -2.844481e-01
2.339766e+00 8.052243e-01 -2.935101e-01
2.340766e+00 9.411764e-01 -3.025991e-01
2.341766e+00 9.675953e-01 -3.117152e-01
2.342766e+00 9.177555e-01 -3.208586e-01
2.343766e+00 9.698329e-01 -3.300295e-01
2.344766e+00 7.785523e-01 -3.392281e-01
2.345765e+00 8.262486e-01 -3.484546e-01
2.346765e+00 6.512013e-01 -3.577092e-01
2.347765e+00 7.700396e-01 -3.669921e-01
2.348765e+00 7.349473e-01 -3.763033e-01
2.349765e+00 6.777060e-01 -3.856431e-01
2.350765e+00 8.983651e-01 -3.950116e-01
2.351765e+00 8.029353e-01 -4.044089e-01
2.352765e+00 8.408495e-01 -4.138352e-01
2.353765e+00 9.028009e-01 -4.232905e-01
2.354765e+00 8.575873e-01 -4.327750e-01
2.355764e+00 7.063292e-01 -4.422887e-01
2.356764e+00 7.324908e-01 -4.518316e-01
2.357764e+00 7.093799e-01 -4.614038e-01
2.358764e+00 7.442374e-01 -4.710054e-01
2.359764e+00 7.599796e-01 -4.806363e-01
2.360764e+00 8.378689e-01 -4.902965e-01
2.361764e+00 9.503326e-01 -4.999861e-01
2.362764e+00 9.025750e-01 -5.097048e-01
2.363764e+00 8.757307e-01 -5.194528e-01
2.364764e+00 7.575690e-01 -5.292298e-01
2.365763e+00 6.985129e-01 -5.390357e-01
2.366763e+00 6.639185e-01 -5.488705e-01
2.367763e+00 5.907848e-01 -5.587339e-01
2.368763e+00 6.248573e-01 -5.686257e-01
2.369763e+00 8.253378e-01 -5.785457e-01
2.370763e+00 7.381867e-01 -5.884937e-01
2.371763e+00 7.590776e-01 -5.984694e-01
2.372763e+00 8.893876e-01 -6.084725e-01
2.373763e+00 7.883758e-01 -6.185026e-01
2.374763e+00 6.665416e-01 -6.285594e-01
2.375762e+00 7.012957e-01 -6.386424e-01
2.376762e+00 6.335277e-01 -6.487514e-01
2.377762e+00 5.289935e-01 -6.588857e-01
2.378762e+00 6.437134e-01 -6.690449e-01
2.379762e+00 6.090210e-01 -6.792286e-01
2.380762e+00 7.559994e-01 -6.894360e-01
2.381762e+00 8.419107e-01 -6.996667e-01
2.382762e+00 8.746448e-01 -7.099200e-01
2.383762e+00 7.567851e-01 -7.201952e-01
2.384762e+00 7.447888e-01 -7.304917e-01
2.385761e+00 5.886203e-01 -7.408087e-01
2.386761e+00 5.458370e-01 -7.511455e-01
2.387761e+00 6.197495e-01 -7.615012e-01
2.388761e+00 6.439190e-01 -7.718750e-01
2.389761e+00 7.216606e-01 -7.822662e-01
2.390761e+00 7.230966e-01 -7.926736e-01
2.391761e+00 6.540460e-01 -8.030965e-01
2.392761e+00 7.795994e-01 -8.135339e-01
2.393761e+00 6.773336e-01 -8.239846e-01
2.394761e+00 5.181991e-01 -8.344478e-01
2.395760e+00 5.967293e-01 -8.449223e-01
2.396760e+00 5.538134e-01 -8.554070e-01
2.397760e+00 4.904272e-01 -8.659008e-01
2.398760e+00 5.469230e-01 -8.764024e-01
2.399760e+00 6.166055e-01 -8.869108e-01
2.400760e+00 6.033713e-01 -8.974246e-01
2.401760e+00 6.120153e-01 -9.079427e-01
2.402760e+00 7.131284e-01 -9.184636e-01
2.403760e+00 6.484577e-01 -9.289862e-01
2.404760e+00 6.065828e-01 -9.395090e-01
2.405759e+00 6.612418e-01 -9.500306e-01
2.406759e+00 4.272430e-01 -9.605498e-01
2.407759e+00 4.587782e-01 -9.710650e-01
2.408759e+00 4.404758e-01 -9.815748e-01
2.409759e+00 5.153201e-01 -9.920778e-01
2.410759e+00 6.743074e-01 -1.002573e+00
2.411759e+00 6.313581e-01 -1.013057e+00
2.412759e+00 5.323773e-01 -1.023531e+00
2.413759e+00 6.786286e-01 -1.033992e+00
2.414759e+00 5.721161e-01 -1.044438e+00
2.415758e+00 4.261110e-01 -1.054868e+00
2.416758e+00 3.686608e-01 -1.065281e+00
2.417758e+00 4.735486e-01 -1.075675e+00
2.418758e+00 4.571387e-01 -1.086048e+00
2.419758e+00 5.027959e-01 -1.096398e+00
2.420758e+00 5.573983e-01 -1.106725e+00
2.421758e+00 5.744479e-01 -1.117027e+00
2.422758e+00 6.232271e-01 -1.127301e+00
2.423758e+00 5.658731e-01 -1.137547e+00
2.424758e+00 4.671302e-01 -1.147762e+00
2.425757e+00 3.909247e-01 -1.157946e+00
2.426757e+00 2.931648e-01 -1.168097e+00
2.427757e+00 2.228227e-01 -1.178212e+00
2.428757e+00 3.342482e-01 -1.188291e+00
2.429757e+00 4.027740e-01 -1.198332e+00
2.430757e+00 4.614429e-01 -1.208333e+00
2.431757e+00 5.504848e-01 -1.218293e+00
2.432757e+00 4.506049e-01 -1.228211e+00
2.433757e+00 5.176495e-01 -1.238085e+00
2.434757e+00 4.303217e-01 -1.247913e+00
2.435756e+00 3.459792e-01 -1.257694e+00
2.436756e+00 2.962443e-01 -1.267426e+00
2.437756e+00 1.574078e-01 -1.277109e+00
2.438756e+00 3.127576e-01 -1.286741e+00
2.439756e+00 4.141434e-01 -1.296320e+00
2.440756e+00 3.922200e-01 -1.305845e+00
2.441756e+00 4.566542e-01 -1.315315e+00
2.442756e+00 4.519291e-01 -1.324729e+00
2.443756e+00 3.970762e-01 -1.334085e+00
2.444756e+00 3.401786e-01 -1.343382e+00
2.445755e+00 2.877649e-01 -1.352620e+00
2.446755e+00 2.471532e-01 -1.361796e+00
2.447755e+00 1.988938e-01 -1.370910e+00
2.448755e+00 2.040817e-01 -1.379961e+00
2.449755e+00 3.383648e-01 -1.388947e+00
2.450755e+00 3.929178e-01 -1.397868e+00
2.451755e+00 2.691531e-01 -1.406723e+00
2.452755e+00 3.741661e-01 -1.415510e+00
2.453755e+00 2.107203e-01 -1.424230e+00
2.454755e+00 2.674840e-01 -1.432880e+00
2.455754e+00 2.103058e-01 -1.441461e+00
2.456754e+00 1.055409e-01 -1.449971e+00
2.457754e+00 1.326338e-01 -1.458410e+00
2.458754e+00 2.216843e-01 -1.466778e+00
2.459754e+00 2.372374e-01 -1.475072e+00
2.460754e+00 3.140742e-01 -1.483294e+00
2.461754e+00 3.000590e-01 -1.491441e+00
2.462754e+00 3.917480e-01 -1.499514e+00
2.463754e+00 3.184851e-01 -1.507513e+00
2.464754e+00 2.572349e-01 -1.515436e+00
2.465753e+00 2.190753e-01 -1.523283e+00
2.466753e+00 1.472367e-01 -1.531055e+00
2.467753e+00 6.995753e-02 -1.538750e+00
2.468753e+00 9.909820e-02 -1.546368e+00
2.469753e+00 2.352606e-01 -1.553908e+00
2.470753e+00 2.170818e-01 -1.561372e+00
2.471753e+00 3.007996e-01 -1.568758e+00
2.472753e+00 2.558816e-01 -1.576066e+00
2.473753e+00 1.487706e-01 -1.583297e+00
2.474753e+00 1.368054e-01 -1.590449e+00
2.475752e+00 2.384131e-01 -1.597524e+00
2.476752e+00 8.001264e-02 -1.604520e+00
2.477752e+00 9.392893e-02 -1.611438e+00
2.478752e+00 1.345022e-01 -1.618278e+00
2.479752e+00 4.588005e-02 -1.625039e+00
2.480752e+00 3.721386e-02 -1.631723e+00
2.481752e+00 1.427202e-01 -1.638329e+00
2.482752e+00 2.771498e-01 -1.644857e+00
2.483752e+00 1.472779e-01 -1.651307e+00
2.484752e+00 9.561572e-02 -1.657679e+00
2.485751e+00 6.712378e-02 -1.663975e+00
2.486751e+00 -6.124403e-02 -1.670193e+00
2.487751e+00 -8.436597e-02 -1.676334e+00
2.488751e+00 7.389453e-03 -1.682399e+00
2.489751e+00 -2.208129e-03 -1.688387e+00
2.490751e+00 -2.062019e-02 -1.694299e+00
2.491751e+00 1.580650e-01 -1.700136e+00
2.492751e+00 1.223776e-01 -1.705897e+00
2.493751e+00 4.726726e-02 -1.711583e+00
2.494751e+00 7.563289e-02 -1.717194e+00
2.495750e+00 -1.073780e-02 -1.722731e+00
2.496750e+00 -1.188952e-01 -1.728195e+00
2.497750e+00 -9.440291e-02 -1.733584e+00
2.498750e+00 -1.128531e-01 -1.738901e+00
2.499750e+00 -6.310073e-03 -1.744146e+00
2.500750e+00 -1.733779e-02 -1.749318e+00
2.501750e+00 1.586666e-01 -1.754418e+00
2.502750e+00 1.068912e-01 -1.759448e+00
2.503750e+00 3.141198e-02 -1.764407e+00
2.504750e+00 -6.466787e-02 -1.769295e+00
2.505749e+00 5.644899e-03 -1.774115e+00
2.506749e+00 -1.438480e-01 -1.778865e+00
2.507749e+00 -1.269959e-01 -1.783546e+00
2.508749e+00 -1.286297e-01 -1.788160e+00
2.509749e+00 -1.593902e-01 -1.792706e+00
2.510749e+00 2.402371e-02 -1.797185e+00
2.511749e+00 3.032389e-02 -1.801598e+00
2.512749e+00 -2.057272e-02 -1.805945e+00
2.513749e+00 -6.465276e-02 -1.810226e+00
2.514749e+00 -6.590513e-02 -1.814443e+00
2.515748e+00 -1.789894e-01 -1.818596e+00
2.516748e+00 -1.878355e-01 -1.822686e+00
2.517748e+00 -2.598725e-01 -1.826713e+00
2.518748e+00 -1.763772e-01 -1.830677e+00
2.519748e+00 -2.240437e-01 -1.834580e+00
2.520748e+00 -8.953652e-02 -1.838421e+00
2.521748e+00 -9.486509e-02 -1.842202e+00
2.522748e+00 -2.914788e-02 -1.845923e+00
2.523748e+00 -5.513711e-02 -1.849585e+00
2.524748e+00 -1.474961e-01 -1.853187e+00
2.525747e+00 -2.149356e-01 -1.856732e+00
2.526747e+00 -2.946289e-01 -1.860219e+00
2.527747e+00 -2.088126e-01 -1.863649e+00
2.528747e+00 -3.198368e-01 -1.867023e+00
2.529747e+00 -2.068302e-01 -1.870340e+00
2.530747e+00 -1.909787e-01 -1.873603e+00
2.531747e+00 -8.415647e-02 -1.876811e+00
2.532747e+00 -1.709134e-01 -1.879964e+00
2.533747e+00 -1.503211e-01 -1.883065e+00
2.534747e+00 -2.267334e-01 -1.886112e+00
2.535746e+00 -2.310598e-01 -1.889107e+00
2.536746e+00 -2.787769e-01 -1.892050e+00
2.537746e+00 -3.023978e-01 -1.894942e+00
2.538746e+00 -2.779650e-01 -1.897784e+00
2.539746e+00 -2.698389e-01 -1.900575e+00
2.540746e+00 -2.047752e-01 -1.903317e+00
2.541746e+00 -1.568057e-01 -1.906009e+00
2.542746e+00 -2.067482e-01 -1.908654e+00
2.543746e+00 -1.319520e-01 -1.911250e+00
2.544746e+00 -2.326252e-01 -1.913799e+00
2.545745e+00 -3.360913e-01 -1.916302e+00
2.546745e+00 -3.555415e-01 -1.918758e+00
2.547745e+00 -3.785779e-01 -1.921168e+00
2.548745e+00 -3.669649e-01 -1.923533e+00
2.549745e+00 -3.030731e-01 -1.925854e+00
2.550745e+00 -3.663095e-01 -1.928130e+00
2.551745e+00 -2.613245e-01 -1.930363e+00
2.552745e+00 -1.883019e-01 -1.932552e+00
2.553745e+00 -3.186414e-01 -1.934699e+00
2.554745e+00 -3.313210e-01 -1.936804e+00
2.555744e+00 -3.378620e-01 -1.938867e+00
2.556744e+00 -5.357899e-01 -1.940889e+00
2.557744e+00 -4.321652e-01 -1.942870e+00
2.558744e+00 -4.813945e-01 -1.944811e+00
2.559744e+00 -2.639877e-01 -1.946713e+00
2.560744e+00 -2.755194e-01 -1.948575e+00
2.561744e+00 -2.952134e-01 -1.950398e+00
2.562744e+00 -3.441416e-01 -1.952183e+00
2.563744e+00 -3.086438e-01 -1.953930e+00
2.564744e+00 -4.059404e-01 -1.955640e+00
2.565743e+00 -4.406939e-01 -1.957313e+00
2.566743e+00 -5.649930e-01 -1.958949e+00
2.567743e+00 -6.173055e-01 -1.960549e+00
2.568743e+00 -4.634696e-01 -1.962114e+00
2.569743e+00 -4.809155e-01 -1.963643e+00
2.570743e+00 -3.815670e-01 -1.965137e+00
2.571743e+00 -2.908176e-01 -1.966598e+00
2.572743e+00 -2.579230e-01 -1.968024e+00
2.573743e+00 -3.801305e-01 -1.969416e+00
2.574743e+00 -4.392032e-01 -1.970776e+00
2.575742e+00 -5.286036e-01 -1.972102e+00
2.576742e+00 -6.578166e-01 -1.973397e+00
2.577742e+00 -6.003222e-01 -1.974659e+00
2.578742e+00 -6.904626e-01 -1.975890e+00
2.579742e+00 -5.346258e-01 -1.977089e+00
2.580742e+00 -4.268817e-01 -1.978258e+00
2.581742e+00 -3.943494e-01 -1.979397e+00
2.582742e+00 -4.216950e-01 -1.980505e+00
2.583742e+00 -3.688359e-01 -1.981584e+00
2.584742e+00 -4.312177e-01 -1.982633e+00
2.585741e+00 -5.459739e-01 -1.983653e+00
2.586741e+00 -5.821014e-01 -1.984645e+00
2.587741e+00 -5.011301e-01 -1.985608e+00
2.588741e+00 -5.077695e-01 -1.986544e+00
2.589741e+00 -5.942044e-01 -1.987452e+00
2.590741e+00 -5.064969e-01 -1.988333e+00
2.591741e+00 -4.050403e-01 -1.989187e+00
2.592741e+00 -4.345084e-01 -1.990014e+00
2.593741e+00 -4.687059e-01 -1.990815e+00
2.594741e+00 -4.631799e-01 -1.991591e+00
2.595740e+00 -6.996634e-01 -1.992340e+00
2.596740e+00 -7.020415e-01 -1.993065e+00
2.597740e+00 -7.020960e-01 -1.993764e+00
2.598740e+00 -7.116260e-01 -1.994439e+00
2.599740e+00 -5.896239e-01 -1.995090e+00
2.600740e+00 -6.433176e-01 -1.995717e+00
2.601740e+00 -4.899263e-01 -1.996320e+00
2.602740e+00 -4.469168e-01 -1.996899e+00
2.603740e+00 -5.799134e-01 -1.997456e+00
2.604740e+00 -6.932871e-01 -1.997989e+00
2.605739e+00 -6.537043e-01 -1.998501e+00
2.606739e+00 -6.983078e-01 -1.998990e+00
2.607739e+00 -6.855672e-01 -1.999457e+00
2.608739e+00 -7.674539e-01 -1.999903e+00
2.609739e+00 -6.376389e-01 -2.000327e+00
2.610739e+00 -5.787765e-01 -2.000730e+00
2.611739e+00 -5.987833e-01 -2.001112e+00
2.612739e+00 -5.610464e-01 -2.001474e+00
2.613739e+00 -6.205586e-01 -2.001816e+00
2.614739e+00 -6.022393e-01 -2.002138e+00
2.615738e+00 -7.282717e-01 -2.002440e+00
2.616738e+00 -7.628214e-01 -2.002723e+00
2.617738e+00 -7.608075e-01 -2.002986e+00
2.618738e+00 -7.551231e-01 -2.003231e+00
2.619738e+00 -7.239802e-01 -2.003457e+00
2.620738e+00 -5.846701e-01 -2.003665e+00
2.621738e+00 -5.725940e-01 -2.003854e+00
2.622738e+00 -5.845259e-01 -2.004026e+00
2.623738e+00 -6.141129e-01 -2.004180e+00
2.624738e+00 -7.679873e-01 -2.004317e+00
2.625737e+00 -8.185473e-01 -2.004437e+00
2.626737e+00 -8.824738e-01 -2.004540e+00
2.627737e+00 -8.192363e-01 -2.004626e+00
2.628737e+00 -7.831282e-01 -2.004696e+00
2.629737e+00 -6.954811e-01 -2.004750e+00
2.630737e+00 -6.930324e-01 -2.004788e+00
2.631737e+00 -7.053692e-01 -2.004810e+00
2.632737e+00 -6.754151e-01 -2.004817e+00
2.633737e+00 -6.930067e-01 -2.004809e+00
2.634737e+00 -7.384260e-01 -2.004786e+00
2.635736e+00 -8.073639e-01 -2.004748e+00
2.636736e+00 -8.723555e-01 -2.004696e+00
2.637736e+00 -8.845501e-01 -2.004630e+00
2.638736e+00 -8.662256e-01 -2.004550e+00
2.639736e+00 -7.942748e-01 -2.004455e+00
2.640736e+00 -7.291145e-01 -2.004348e+00
2.641736e+00 -6.674667e-01 -2.004227e+00
2.642736e+00 -6.657760e-01 -2.004093e+00
2.643736e+00 -6.206296e-01 -2.003947e+00
2.644736e+00 -7.960929e-01 -2.003787e+00
2.645735e+00 -8.155956e-01 -2.003616e+00
2.646735e+00 -8.339466e-01 -2.003432e+00
2.647735e+00 -9.204645e-01 -2.003236e+00
2.648735e+00 -8.603049e-01 -2.003029e+00
2.649735e+00 -8.352041e-01 -2.002810e+00
2.650735e+00 -7.328960e-01 -2.002580e+00
2.651735e+00 -8.099156e-01 -2.002339e+00
2.652735e+00 -6.470616e-01 -2.002086e+00
2.653735e+00 -6.573241e-01 -2.001824e+00
2.654735e+00 -8.391865e-01 -2.001551e+00
2.655734e+00 -8.369240e-01 -2.001268e+00
2.656734e+00 -9.606200e-01 -2.000974e+00
2.657734e+00 -9.928530e-01 -2.000671e+00
2.658734e+00 -9.409410e-01 -2.000359e+00
2.659734e+00 -9.105591e-01 -2.000037e+00
2.660734e+00 -8.633598e-01 -1.999706e+00
2.661734e+00 -7.673627e-01 -1.999366e+00
2.662734e+00 -7.720459e-01 -1.999018e+00
2.663734e+00 -7.513371e-01 -1.998661e+00
2.664734e+00 -7.918281e-01 -1.998295e+00
2.665733e+00 -9.162670e-01 -1.997922e+00
2.666733e+00 -1.013225e+00 -1.997541e+00
2.667733e+00 -9.513178e-01 -1.997152e+00
2.668733e+00 -9.994235e-01 -1.996756e+00
2.669733e+00 -8.965300e-01 -1.996352e+00
2.670733e+00 -7.737924e-01 -1.995941e+00
2.671733e+00 -8.253268e-01 -1.995524e+00
2.672733e+00 -7.398513e-01 -1.995100e+00
2.673733e+00 -8.041157e-01 -1.994670e+00
2.674733e+00 -9.296940e-01 -1.994233e+00
2.675732e+00 -9.103632e-01 -1.993790e+00
2.676732e+00 -1.089429e+00 -1.993342e+00
2.677732e+00 -1.040831e+00 -1.992887e+00
2.678732e+00 -9.033203e-01 -1.992428e+00
2.679732e+00 -8.810457e-01 -1.991963e+00
2.680732e+00 -8.945958e-01 -1.991493e+00
2.681732e+00 -7.584231e-01 -1.991019e+00
2.682732e+00 -7.670535e-01 -1.990539e+00
2.683732e+00 -8.111981e-01 -1.990056e+00
2.684732e+00 -9.305634e-01 -1.989568e+00
2.685731e+00 -8.966673e-01 -1.989076e+00
2.686731e+00 -1.085521e+00 -1.988580e+00
2.687731e+00 -1.018221e+00 -1.988080e+00
2.688731e+00 -1.001178e+00 -1.987578e+00
2.689731e+00 -9.659870e-01 -1.987071e+00
2.690731e+00 -9.531783e-01 -1.986562e+00
2.691731e+00 -8.278953e-01 -1.986050e+00
2.692731e+00 -8.549266e-01 -1.985535e+00
2.693731e+00 -8.473023e-01 -1.985018e+00
2.694731e+00 -8.976284e-01 -1.984498e+00
2.695730e+00 -1.038263e+00 -1.983976e+00
2.696730e+00 -1.022859e+00 -1.983452e+00
2.697730e+00 -1.042796e+00 -1.982926e+00
2.698730e+00 -9.742622e-01 -1.982399e+00
2.699730e+00 -9.722570e-01 -1.981870e+00
2.700730e+00 -9.016414e-01 -1.981341e+00
2.701730e+00 -9.605421e-01 -1.980810e+00
2.702730e+00 -8.201148e-01 -1.980278e+00
2.703730e+00 -9.021817e-01 -1.979745e+00
2.704730e+00 -9.101343e-01 -1.979212e+00
2.705729e+00 -9.384605e-01 -1.978679e+00
2.706729e+00 -1.066294e+00 -1.978145e+00
2.707729e+00 -1.022377e+00 -1.977611e+00
2.708729e+00 -9.933145e-01 -1.977078e+00
2.709729e+00 -9.703328e-01 -1.976545e+00
2.710729e+00 -8.448666e-01 -1.976012e+00
2.711729e+00 -8.880196e-01 -1.975480e+00
2.712729e+00 -8.645334e-01 -1.974949e+00
2.713729e+00 -9.108792e-01 -1.974418e+00
2.714729e+00 -9.218102e-01 -1.973889e+00
2.715728e+00 -1.027058e+00 -1.973361e+00
2.716728e+00 -1.103358e+00 -1.972835e+00
2.717728e+00 -1.124122e+00 -1.972310e+00
2.718728e+00 -1.044365e+00 -1.971787e+00
2.719728e+00 -9.752826e-01 -1.971265e+00
2.720728e+00 -9.561893e-01 -1.970746e+00
2.721728e+00 -9.656626e-01 -1.970229e+00
2.722728e+00 -8.913500e-01 -1.969714e+00
2.723728e+00 -9.181207e-01 -1.969202e+00
2.724728e+00 -1.039275e+00 -1.968692e+00
2.725727e+00 -1.041862e+00 -1.968185e+00
2.726727e+00 -1.004748e+00 -1.967681e+00
2.727727e+00 -1.076511e+00 -1.967180e+00
2.728727e+00 -1.095768e+00 -1.966682e+00
2.729727e+00 -1.021411e+00 -1.966187e+00
2.730727e+00 -1.040139e+00 -1.965696e+00
2.731727e+00 -8.609021e-01 -1.965207e+00
2.732727e+00 -9.130954e-01 -1.964723e+00
2.733727e+00 -9.092416e-01 -1.964242e+00
2.734727e+00 -1.022533e+00 -1.963765e+00
2.735726e+00 -1.100369e+00 -1.963292e+00
2.736726e+00 -1.181695e+00 -1.962823e+00
2.737726e+00 -1.068889e+00 -1.962358e+00
2.738726e+00 -1.051205e+00 -1.961898e+00
2.739726e+00 -9.072838e-01 -1.961441e+00
2.740726e+00 -8.962067e-01 -1.960989e+00
2.741726e+00 -8.470315e-01 -1.960542e+00
2.742726e+00 -8.619443e-01 -1.960099e+00
2.743726e+00 -9.441718e-01 -1.959661e+00
2.744726e+00 -9.555923e-01 -1.959227e+00
2.745725e+00 -1.043077e+00 -1.958798e+00
2.746725e+00 -1.126919e+00 -1.958374e+00
2.747725e+00 -1.096595e+00 -1.957955e+00
2.748725e+00 -1.005020e+00 -1.957541e+00
2.749725e+00 -9.676703e-01 -1.957132e+00
2.750725e+00 -9.408146e-01 -1.956729e+00
2.751725e+00 -9.424930e-01 -1.956330e+00
2.752725e+00 -9.015273e-01 -1.955937e+00
2.753725e+00 -8.790194e-01 -1.955548e+00
2.754725e+00 -9.808705e-01 -1.955165e+00
2.755724e+00 -1.062969e+00 -1.954788e+00
2.756724e+00 -1.114563e+00 -1.954415e+00
2.757724e+00 -1.153013e+00 -1.954049e+00
2.758724e+00 -1.065543e+00 -1.953687e+00
2.759724e+00 -1.021957e+00 -1.953331e+00
2.760724e+00 -9.941855e-01 -1.952980e+00
2.761724e+00 -8.529612e-01 -1.952635e+00
2.762724e+00 -9.138958e-01 -1.952295e+00
2.763724e+00 -9.375750e-01 -1.951961e+00
2.764724e+00 -1.042206e+00 -1.951632e+00
2.765723e+00 -1.038927e+00 -1.951309e+00
2.766723e+00 -1.096910e+00 -1.950991e+00
2.767723e+00 -9.716520e-01 -1.950678e+00
2.768723e+00 -1.032142e+00 -1.950371e+00
2.769723e+00 -1.034284e+00 -1.950069e+00
2.770723e+00 -9.403998e-01 -1.949773e+00
2.771723e+00 -1.007035e+00 -1.949482e+00
2.772723e+00 -8.611968e-01 -1.949196e+00
2.773723e+00 -8.808628e-01 -1.948915e+00
2.774723e+00 -8.534408e-01 -1.948639e+00
2.775722e+00 -1.029044e+00 -1.948369e+00
2.776722e+00 -1.072795e+00 -1.948104e+00
2.777722e+00 -1.155899e+00 -1.947843e+00
2.778722e+00 -1.076841e+00 -1.947588e+00
2.779722e+00 -9.821993e-01 -1.947338e+00
2.780722e+00 -8.927927e-01 -1.947092e+00
2.781722e+00 -8.902800e-01 -1.946851e+00
2.782722e+00 -9.339889e-01 -1.946615e+00
2.783722e+00 -8.979373e-01 -1.946383e+00
2.784722e+00 -9.860868e-01 -1.946156e+00
2.785721e+00 -1.006240e+00 -1.945933e+00
2.786721e+00 -1.078782e+00 -1.945715e+00
2.787721e+00 -1.028458e+00 -1.945501e+00
2.788721e+00 -1.065175e+00 -1.945291e+00
2.789721e+00 -1.032240e+00 -1.945085e+00
2.790721e+00 -9.310076e-01 -1.944882e+00
2.791721e+00 -8.349352e-01 -1.944684e+00
2.792721e+00 -8.874747e-01 -1.944489e+00
2.793721e+00 -9.446272e-01 -1.944298e+00
2.794721e+00 -8.465011e-01 -1.944110e+00
2.795720e+00 -9.518861e-01 -1.943925e+00
2.796720e+00 -1.097905e+00 -1.943744e+00
2.797720e+00 -9.817287e-01 -1.943565e+00
2.798720e+00 -1.037426e+00 -1.943390e+00
2.799720e+00 -9.924267e-01 -1.943217e+00
2.800720e+00 -8.634386e-01 -1.943047e+00
2.801720e+00 -8.642274e-01 -1.942879e+00
2.802720e+00 -7.930150e-01 -1.942713e+00
2.803720e+00 -9.368118e-01 -1.942550e+00
2.804720e+00 -9.451663e-01 -1.942388e+00
2.805719e+00 -9.207241e-01 -1.942229e+00
2.806719e+00 -1.073631e+00 -1.942071e+00
2.807719e+00 -1.067553e+00 -1.941914e+00
2.808719e+00 -9.790656e-01 -1.941759e+00
2.809719e+00 -1.026001e+00 -1.941605e+00
2.810719e+00 -9.012553e-01 -1.941452e+00
2.811719e+00 -8.303495e-01 -1.941300e+00
2.812719e+00 -9.188780e-01 -1.941148e+00
2.813719e+00 -7.776194e-01 -1.940997e+00
2.814719e+00 -8.494645e-01 -1.940846e+00
2.815718e+00 -9.117073e-01 -1.940696e+00
2.816718e+00 -1.009014e+00 -1.940545e+00
2.817718e+00 -1.041184e+00 -1.940394e+00
2.818718e+00 -1.027169e+00 -1.940243e+00
2.819718e+00 -8.945360e-01 -1.940091e+00
2.820718e+00 -8.351541e-01 -1.939938e+00
2.821718e+00 -8.601214e-01 -1.939784e+00
2.822718e+00 -9.133562e-01 -1.939629e+00
2.823718e+00 -8.721647e-01 -1.939472e+00
2.824718e+00 -8.407268e-01 -1.939315e+00
2.825717e+00 -1.000574e+00 -1.939155e+00
2.826717e+00 -1.019974e+00 -1.938993e+00
2.827717e+00 -1.039222e+00 -1.938830e+00
2.828717e+00 -9.906101e-01 -1.938664e+00
2.829717e+00 -8.341984e-01 -1.938495e+00
2.830717e+00 -8.385516e-01 -1.938324e+00
2.831717e+00 -7.320898e-01 -1.938150e+00
2.832717e+00 -7.412295e-01 -1.937973e+00
2.833717e+00 -8.236545e-01 -1.937792e+00
2.834717e+00 -8.502748e-01 -1.937608e+00
2.835716e+00 -8.833054e-01 -1.937421e+00
2.836716e+00 -9.187713e-01 -1.937230e+00
2.837716e+00 -9.272820e-01 -1.937034e+00
2.838716e+00 -9.141697e-01 -1.936835e+00
2.839716e+00 -7.925452e-01 -1.936631e+00
2.840716e+00 -7.852410e-01 -1.936423e+00
2.841716e+00 -6.935536e-01 -1.936210e+00
2.842716e+00 -8.129813e-01 -1.935992e+00
2.843716e+00 -7.744398e-01 -1.935769e+00
2.844716e+00 -8.027137e-01 -1.935540e+00
2.845715e+00 -8.744186e-01 -1.935306e+00
2.846715e+00 -1.038300e+00 -1.935067e+00
2.847715e+00 -9.272052e-01 -1.934822e+00
2.848715e+00 -8.068824e-01 -1.934571e+00
2.849715e+00 -8.230578e-01 -1.934314e+00
2.850715e+00 -8.818847e-01 -1.934050e+00
2.851715e+00 -6.876125e-01 -1.933780e+00
2.852715e+00 -7.121641e-01 -1.933504e+00
2.853715e+00 -6.720552e-01 -1.933220e+00
2.854715e+00 -7.721947e-01 -1.932930e+00
2.855714e+00 -7.695672e-01 -1.932633e+00
2.856714e+00 -8.350459e-01 -1.932328e+00
2.857714e+00 -8.530060e-01 -1.932017e+00
2.858714e+00 -8.756347e-01 -1.931697e+00
2.859714e+00 -8.330751e-01 -1.931370e+00
2.860714e+00 -6.772845e-01 -1.931035e+00
2.861714e+00 -6.710185e-01 -1.930693e+00
2.862714e+00 -6.261742e-01 -1.930342e+00
2.863714e+00 -7.128529e-01 -1.929983e+00
2.864714e+00 -7.954388e-01 -1.929615e+00
2.865713e+00 -6.928338e-01 -1.929239e+00
2.866713e+00 -8.263356e-01 -1.928855e+00
2.867713e+00 -8.259822e-01 -1.928462e+00
2.868713e+00 -8.132736e-01 -1.928060e+00
2.869713e+00 -7.907195e-01 -1.927649e+00
2.870713e+00 -6.593545e-01 -1.927229e+00
2.871713e+00 -6.076472e-01 -1.926800e+00
2.872713e+00 -6.389247e-01 -1.926362e+00
2.873713e+00 -6.327027e-01 -1.925914e+00
2.874713e+00 -7.415699e-01 -1.925457e+00
2.875712e+00 -6.789255e-01 -1.924991e+00
2.876712e+00 -7.786441e-01 -1.924514e+00
2.877712e+00 -7.494995e-01 -1.924028e+00
2.878712e+00 -8.556866e-01 -1.923533e+00
2.879712e+00 -6.898233e-01 -1.923027e+00
2.880712e+00 -6.263038e-01 -1.922511e+00
2.881712e+00 -5.667801e-01 -1.921986e+00
2.882712e+00 -6.858439e-01 -1.921450e+00
2.883712e+00 -5.921091e-01 -1.920904e+00
2.884712e+00 -5.704020e-01 -1.920348e+00
2.885711e+00 -6.789430e-01 -1.919781e+00
2.886711e+00 -6.817184e-01 -1.919204e+00
2.887711e+00 -8.154070e-01 -1.918617e+00
2.888711e+00 -7.017986e-01 -1.918019e+00
2.889711e+00 -7.744212e-01 -1.917411e+00
2.890711e+00 -5.921751e-01 -1.916792e+00
2.891711e+00 -6.250806e-01 -1.916163e+00
2.892711e+00 -5.129650e-01 -1.915523e+00
2.893711e+00 -5.016769e-01 -1.914872e+00
2.894711e+00 -5.747999e-01 -1.914211e+00
2.895710e+00 -6.529619e-01 -1.913539e+00
2.896710e+00 -6.709307e-01 -1.912856e+00
2.897710e+00 -7.014171e-01 -1.912163e+00
2.898710e+00 -6.757848e-01 -1.911458e+00
2.899710e+00 -5.512935e-01 -1.910743e+00
2.900710e+00 -5.026143e-01 -1.910017e+00
2.901710e+00 -4.740119e-01 -1.909280e+00
2.902710e+00 -4.812338e-01 -1.908533e+00
2.903710e+00 -4.066711e-01 -1.907774e+00
2.904710e+00 -5.024175e-01 -1.907005e+00
2.905709e+00 -6.104337e-01 -1.906225e+00
2.906709e+00 -6.202595e-01 -1.905434e+00
2.907709e+00 -5.623615e-01 -1.904632e+00
2.908709e+00 -6.836789e-01 -1.903819e+00
2.909709e+00 -5.322289e-01 -1.902996e+00
2.910709e+00 -4.292186e-01 -1.902161e+00
2.911709e+00 -4.230087e-01 -1.901316e+00
2.912709e+00 -3.754799e-01 -1.900461e+00
2.913709e+00 -4.654160e-01 -1.899594e+00
2.914709e+00 -4.317876e-01 -1.898717e+00
2.915708e+00 -5.562051e-01 -1.897829e+00
2.916708e+00 -5.994856e-01 -1.896931e+00
2.917708e+00 -5.378795e-01 -1.896022e+00
2.918708e+00 -5.719769e-01 -1.895102e+00
2.919708e+00 -4.982478e-01 -1.894172e+00
2.920708e+00 -4.550125e-01 -1.893231e+00
2.921708e+00 -3.546090e-01 -1.892280e+00
2.922708e+00 -4.176228e-01 -1.891319e+00
2.923708e+00 -3.374871e-01 -1.890347e+00
2.924708e+00 -4.208415e-01 -1.889365e+00
2.925707e+00 -5.311683e-01 -1.888373e+00
2.926707e+00 -6.080919e-01 -1.887370e+00
2.927707e+00 -5.687096e-01 -1.886357e+00
2.928707e+00 -5.446500e-01 -1.885334e+00
2.929707e+00 -5.399443e-01 -1.884301e+00
2.930707e+00 -3.542445e-01 -1.883259e+00
2.931707e+00 -3.451279e-01 -1.882206e+00
2.932707e+00 -3.006902e-01 -1.881143e+00
2.933707e+00 -3.086704e-01 -1.880071e+00
2.934707e+00 -3.857972e-01 -1.878989e+00
2.935706e+00 -4.756358e-01 -1.877897e+00
2.936706e+00 -4.406343e-01 -1.876796e+00
2.937706e+00 -3.699748e-01 -1.875685e+00
2.938706e+00 -4.440553e-01 -1.874565e+00
2.939706e+00 -4.070382e-01 -1.873435e+00
2.940706e+00 -3.513230e-01 -1.872296e+00
2.941706e+00 -2.195047e-01 -1.871148e+00
2.942706e+00 -2.682919e-01 -1.869991e+00
2.943706e+00 -2.430926e-01 -1.868825e+00
2.944706e+00 -3.033994e-01 -1.867649e+00
2.945705e+00 -4.226228e-01 -1.866465e+00
2.946705e+00 -3.996839e-01 -1.865272e+00
2.947705e+00 -4.707180e-01 -1.864071e+00
2.948705e+00 -3.288346e-01 -1.862860e+00
2.949705e+00 -3.348587e-01 -1.861642e+00
2.950705e+00 -2.730530e-01 -1.860414e+00
2.951705e+00 -1.483507e-01 -1.859179e+00
2.952705e+00 -1.698322e-01 -1.857935e+00
2.953705e+00 -2.163421e-01 -1.856682e+00
2.954705e+00 -2.179859e-01 -1.855422e+00
2.955704e+00 -3.464019e-01 -1.854154e+00
2.956704e+00 -3.363721e-01 -1.852878e+00
2.957704e+00 -3.427060e-01 -1.851593e+00
2.958704e+00 -3.478223e-01 -1.850302e+00
2.959704e+00 -2.683347e-01 -1.849002e+00
2.960704e+00 -2.528806e-01 -1.847695e+00
2.961704e+00 -8.858376e-02 -1.846381e+00
2.962704e+00 -1.828274e-01 -1.845059e+00
2.963704e+00 -1.474645e-01 -1.843729e+00
2.964704e+00 -2.643105e-01 -1.842393e+00
2.965703e+00 -2.736202e-01 -1.841050e+00
2.966703e+00 -3.010999e-01 -1.839699e+00
2.967703e+00 -3.123980e-01 -1.838342e+00
2.968703e+00 -2.813678e-01 -1.836978e+00
2.969703e+00 -2.420756e-01 -1.835607e+00
2.970703e+00 -1.554833e-01 -1.834229e+00
2.971703e+00 -8.560097e-02 -1.832845e+00
2.972703e+00 -1.660967e-01 -1.831455e+00
2.973703e+00 -1.344681e-01 -1.830058e+00
2.974703e+00 -1.153744e-01 -1.828655e+00
2.975702e+00 -2.339083e-01 -1.827246e+00
2.976702e+00 -2.016045e-01 -1.825831e+00
2.977702e+00 -1.410762e-01 -1.824410e+00
2.978702e+00 -2.670633e-01 -1.822983e+00
2.979702e+00 -1.701135e-01 -1.821550e+00
2.980702e+00 -8.823778e-02 -1.820112e+00
2.981702e+00 -6.545863e-02 -1.818668e+00
2.982702e+00 -7.108067e-02 -1.817219e+00
2.983702e+00 -5.882016e-02 -1.815764e+00
2.984702e+00 -1.373888e-01 -1.814304e+00
2.985701e+00 -1.070327e-01 -1.812839e+00
2.986701e+00 -2.056230e-01 -1.811369e+00
2.987701e+00 -1.924434e-01 -1.809894e+00
2.988701e+00 -2.321248e-01 -1.808414e+00
2.989701e+00 -8.983072e-02 -1.806929e+00
2.990701e+00 -4.812562e-02 -1.805440e+00
2.991701e+00 -9.396761e-03 -1.803946e+00
2.992701e+00 5.410366e-02 -1.802447e+00
2.993701e+00 1.740145e-02 -1.800944e+00
2.994701e+00 -7.153686e-02 -1.799437e+00
2.995700e+00 -4.335932e-02 -1.797925e+00
2.996700e+00 -1.602503e-01 -1.796410e+00
2.997700e+00 -1.528359e-01 -1.794890e+00
2.998700e+00 -9.960227e-02 -1.793366e+00
2.999700e+00 5.608578e-02 -1.791839e+00
3.000700e+00 7.514162e-02 -1.790308e+00
3.001700e+00 9.541227e-02 -1.788773e+00
3.002700e+00 1.303122e-01 -1.787234e+00
3.003700e+00 1.517913e-01 -1.785692e+00
3.004700e+00 -1.367450e-02 -1.784147e+00
3.005699e+00 8.544068e-02 -1.782598e+00
3.006699e+00 -2.518099e-02 -1.781046e+00
3.007699e+00 -8.395642e-02 -1.779491e+00
3.008699e+00 1.119078e-01 -1.777933e+00
3.009699e+00 5.157902e-02 -1.776372e+00
3.010699e+00 1.681982e-01 -1.774808e+00
3.011699e+00 1.473995e-01 -1.773241e+00
3.012699e+00 2.163250e-01 -1.771671e+00
3.013699e+00 1.433925e-01 -1.770099e+00
3.014699e+00 2.342229e-01 -1.768524e+00
3.015698e+00 3.234494e-02 -1.766947e+00
3.016698e+00 9.752516e-02 -1.765367e+00
3.017698e+00 4.166964e-02 -1.763785e+00
3.018698e+00 6.069525e-02 -1.762201e+00
3.019698e+00 8.415036e-02 -1.760614e+00
3.020698e+00 2.681394e-01 -1.759026e+00
3.021698e+00 1.601890e-01 -1.757435e+00
3.022698e+00 2.319892e-01 -1.755842e+00
3.023698e+00 2.599750e-01 -1.754248e+00
3.024698e+00 1.286001e-01 -1.752652e+00
3.025697e+00 6.180100e-02 -1.751054e+00
3.026697e+00 7.162989e-02 -1.749454e+00
3.027697e+00 7.075965e-02 -1.747853e+00
3.028697e+00 1.288701e-01 -1.746251e+00
3.029697e+00 1.683693e-01 -1.744647e+00
3.030697e+00 2.017065e-01 -1.743041e+00
3.031697e+00 1.862318e-01 -1.741434e+00
3.032697e+00 2.547732e-01 -1.739827e+00
3.033697e+00 3.124163e-01 -1.738217e+00
3.034697e+00 3.265158e-01 -1.736607e+00
3.035696e+00 2.149890e-01 -1.734996e+00
3.036696e+00 1.327374e-01 -1.733384e+00
3.037696e+00 1.543650e-01 -1.731771e+00
3.038696e+00 1.631560e-01 -1.730157e+00
3.039696e+00 2.126565e-01 -1.728542e+00
3.040696e+00 2.627981e-01 -1.726926e+00
3.041696e+00 3.151567e-01 -1.725310e+00
3.042696e+00 2.971188e-01 -1.723693e+00
3.043696e+00 4.123820e-01 -1.722076e+00
3.044696e+00 3.159925e-01 -1.720458e+00
3.045695e+00 2.624720e-01 -1.718840e+00
3.046695e+00 2.078326e-01 -1.717221e+00
3.047695e+00 2.957150e-01 -1.715602e+00
3.048695e+00 2.108576e-01 -1.713983e+00
3.049695e+00 2.399913e-01 -1.712364e+00
3.050695e+00 3.358185e-01 -1.710744e+00
3.051695e+00 3.850279e-01 -1.709124e+00
3.052695e+00 4.869168e-01 -1.707505e+00
3.053695e+00 4.160645e-01 -1.705885e+00
3.054695e+00 3.145540e-01 -1.704265e+00
3.055694e+00 3.356129e-01 -1.702645e+00
3.056694e+00 2.303903e-01 -1.701025e+00
3.057694e+00 2.723525e-01 -1.699406e+00
3.058694e+00 2.860236e-01 -1.697787e+00
3.059694e+00 3.387444e-01 -1.696167e+00
3.060694e+00 3.519262e-01 -1.694549e+00
3.061694e+00 5.306493e-01 -1.692930e+00
3.062694e+00 5.294460e-01 -1.691312e+00
3.063694e+00 4.981879e-01 -1.689694e+00
3.064694e+00 4.482141e-01 -1.688077e+00
3.065693e+00 3.315912e-01 -1.686460e+00
3.066693e+00 3.319238e-01 -1.684844e+00
3.067693e+00 3.466055e-01 -1.683228e+00
3.068693e+00 3.439148e-01 -1.681613e+00
3.069693e+00 4.066757e-01 -1.679999e+00
3.070693e+00 4.184360e-01 -1.678385e+00
3.071693e+00 5.832037e-01 -1.676771e+00
3.072693e+00 5.097049e-01 -1.675159e+00
3.073693e+00 5.511652e-01 -1.673547e+00
3.074693e+00 4.820133e-01 -1.671936e+00
3.075692e+00 3.452934e-01 -1.670326e+00
3.076692e+00 4.440091e-01 -1.668716e+00
3.077692e+00 3.528107e-01 -1.667108e+00
3.078692e+00 4.009731e-01 -1.665500e+00
3.079692e+00 3.837052e-01 -1.663893e+00
3.080692e+00 5.125951e-01 -1.662287e+00
3.081692e+00 5.600061e-01 -1.660682e+00
3.082692e+00 6.209146e-01 -1.659078e+00
3.083692e+00 5.963170e-01 -1.657475e+00
3.084692e+00 6.449627e-01 -1.655873e+00
3.085691e+00 4.368350e-01 -1.654272e+00
3.086691e+00 4.628823e-01 -1.652671e+00
3.087691e+00 4.738920e-01 -1.651072e+00
3.088691e+00 5.511256e-01 -1.649474e+00
3.089691e+00 5.494470e-01 -1.647877e+00
3.090691e+00 5.897345e-01 -1.646281e+00
3.091691e+00 7.227595e-01 -1.644687e+00
3.092691e+00 6.034717e-01 -1.643093e+00
3.093691e+00 5.894412e-01 -1.641500e+00
3.094691e+00 6.324945e-01 -1.639909e+00
3.095690e+00 5.488794e-01 -1.638319e+00
3.096690e+00 5.234146e-01 -1.636729e+00
3.097690e+00 4.380596e-01 -1.635141e+00
3.098690e+00 4.817652e-01 -1.633554e+00
3.099690e+00 5.396581e-01 -1.631969e+00
3.100690e+00 5.232525e-01 -1.630384e+00
3.101690e+00 6.991795e-01 -1.628801e+00
3.102690e+00 7.344944e-01 -1.627218e+00
3.103690e+00 6.789646e-01 -1.625637e+00
3.104690e+00 6.448441e-01 -1.624057e+00
3.105689e+00 6.800544e-01 -1.622478e+00
3.106689e+00 4.984141e-01 -1.620901e+00
3.107689e+00 6.097060e-01 -1.619324e+00
3.108689e+00 5.608139e-01 -1.617749e+00
3.109689e+00 6.849360e-01 -1.616175e+00
3.110689e+00 7.122663e-01 -1.614602e+00
3.111689e+00 6.720765e-01 -1.613030e+00
3.112689e+00 8.766266e-01 -1.611460e+00
3.113689e+00 8.011294e-01 -1.609890e+00
3.114689e+00 6.946633e-01 -1.608322e+00
3.115688e+00 6.588787e-01 -1.606754e+00
3.116688e+00 6.212398e-01 -1.605188e+00
3.117688e+00 5.659918e-01 -1.603623e+00
3.118688e+00 6.203142e-01 -1.602059e+00
3.119688e+00 6.760914e-01 -1.600496e+00
3.120688e+00 7.138241e-01 -1.598934e+00
3.121688e+00 8.185925e-01 -1.597374e+00
3.122688e+00 6.603822e-01 -1.595814e+00
3.123688e+00 7.902645e-01 -1.594255e+00
3.124688e+00 7.567799e-01 -1.592697e+00
3.125687e+00 6.578817e-01 -1.591141e+00
3.126687e+00 6.232847e-01 -1.589585e+00
3.127687e+00 5.773283e-01 -1.588030e+00
3.128687e+00 7.392052e-01 -1.586477e+00
3.129687e+00 6.977034e-01 -1.584924e+00
3.130687e+00 8.046496e-01 -1.583372e+00
3.131687e+00 8.802941e-01 -1.581821e+00
3.132687e+00 8.589006e-01 -1.580271e+00
3.133687e+00 8.021111e-01 -1.578722e+00
3.134687e+00 7.315066e-01 -1.577173e+00
3.135686e+00 7.631796e-01 -1.575626e+00
3.136686e+00 5.942386e-01 -1.574079e+00
3.137686e+00 6.776633e-01 -1.572533e+00
3.138686e+00 5.791047e-01 -1.570987e+00
3.139686e+00 7.699462e-01 -1.569443e+00
3.140686e+00 7.898678e-01 -1.567899e+00
3.141686e+00 8.104449e-01 -1.566356e+00
3.142686e+00 9.059875e-01 -1.564813e+00
3.143686e+00 8.850934e-01 -1.563272e+00
3.144686e+00 8.312469e-01 -1.561730e+00
3.145685e+00 7.097950e-01 -1.560190e+00
3.146685e+00 6.769500e-01 -1.558649e+00
3.147685e+00 7.546399e-01 -1.557110e+00
3.148685e+00 6.882872e-01 -1.555571e+00
3.149685e+00 7.525256e-01 -1.554032e+00
3.150685e+00 9.006651e-01 -1.552494e+00
3.151685e+00 9.086547e-01 -1.550956e+00
3.152685e+00 8.602061e-01 -1.549418e+00
3.153685e+00 8.449604e-01 -1.547881e+00
3.154685e+00 8.597648e-01 -1.546345e+00
3.155684e+00 7.608183e-01 -1.544808e+00
3.156684e+00 8.051191e-01 -1.543272e+00
3.157684e+00 8.137755e-01 -1.541736e+00
3.158684e+00 7.821953e-01 -1.540200e+00
3.159684e+00 7.578802e-01 -1.538665e+00
3.160684e+00 8.888893e-01 -1.537129e+00
3.161684e+00 9.469739e-01 -1.535594e+00
3.162684e+00 9.166151e-01 -1.534058e+00
3.163684e+00 9.042168e-01 -1.532523e+00
3.164684e+00 9.031786e-01 -1.530988e+00
3.165683e+00 8.770921e-01 -1.529452e+00
3.166683e+00 8.786254e-01 -1.527917e+00
3.167683e+00 6.765564e-01 -1.526382e+00
3.168683e+00 7.923659e-01 -1.524846e+00
3.169683e+00 8.057090e-01 -1.523310e+00
3.170683e+00 8.753303e-01 -1.521774e+00
3.171683e+00 9.970982e-01 -1.520238e+00
3.172683e+00 1.042037e+00 -1.518701e+00
3.173683e+00 9.620739e-01 -1.517165e+00
3.174683e+00 8.551737e-01 -1.515628e+00
3.175682e+00 8.021563e-01 -1.514090e+00
3.176682e+00 8.116806e-01 -1.512552e+00
3.177682e+00 8.133023e-01 -1.511014e+00
3.178682e+00 8.835749e-01 -1.509475e+00
3.179682e+00 8.663146e-01 -1.507936e+00
3.180682e+00 9.898439e-01 -1.506396e+00
3.181682e+00 1.029158e+00 -1.504855e+00
3.182682e+00 1.048923e+00 -1.503314e+00
3.183682e+00 1.042322e+00 -1.501772e+00
3.184682e+00 8.991589e-01 -1.500230e+00
3.185681e+00 9.919802e-01 -1.498687e+00
3.186681e+00 8.185184e-01 -1.497143e+00
3.187681e+00 9.034485e-01 -1.495598e+00
3.188681e+00 8.862783e-01 -1.494053e+00
3.189681e+00 9.725123e-01 -1.492506e+00
3.190681e+00 9.937813e-01 -1.490959e+00
3.191681e+00 9.208322e-01 -1.489411e+00
3.192681e+00 1.086307e+00 -1.487862e+00
3.193681e+00 1.027190e+00 -1.486312e+00
3.194681e+00 9.876340e-01 -1.484760e+00
3.195680e+00 9.422009e-01 -1.483208e+00
3.196680e+00 8.471788e-01 -1.481655e+00
3.197680e+00 8.137126e-01 -1.480100e+00
3.198680e+00 8.664018e-01 -1.478545e+00
3.199680e+00 8.778365e-01 -1.476988e+00
3.200680e+00 9.607749e-01 -1.475430e+00
3.201680e+00 1.061849e+00 -1.473870e+00
3.202680e+00 1.018446e+00 -1.472310e+00
3.203680e+00 1.121262e+00 -1.470748e+00
3.204680e+00 1.021691e+00 -1.469184e+00
3.205679e+00 9.514425e-01 -1.467620e+00
3.206679e+00 8.115357e-01 -1.466054e+00
3.207679e+00 8.454127e-01 -1.464486e+00
3.208679e+00 8.822816e-01 -1.462917e+00
3.209679e+00 9.019333e-01 -1.461346e+00
3.210679e+00 1.011466e+00 -1.459774e+00
3.211679e+00 1.028184e+00 -1.458200e+00
3.212679e+00 1.078265e+00 -1.456625e+00
3.213679e+00 1.035107e+00 -1.455048e+00
3.214679e+00 9.197446e-01 -1.453470e+00
3.215678e+00 9.997004e-01 -1.451889e+00
3.216678e+00 9.629780e-01 -1.450307e+00
3.217678e+00 9.459623e-01 -1.448724e+00
3.218678e+00 8.887327e-01 -1.447138e+00
3.219678e+00 9.421056e-01 -1.445551e+00
3.220678e+00 1.132096e+00 -1.443962e+00
3.221678e+00 1.100994e+00 -1.442371e+00
3.222678e+00 9.401250e-01 -1.440778e+00
3.223678e+00 1.122247e+00 -1.439184e+00
3.224678e+00 1.045577e+00 -1.437587e+00
3.225677e+00 8.838488e-01 -1.435989e+00
3.226677e+00 8.334778e-01 -1.434389e+00
3.227677e+00 9.216185e-01 -1.432786e+00
3.228677e+00 8.246284e-01 -1.431182e+00
3.229677e+00 9.946430e-01 -1.429576e+00
3.230677e+00 1.053498e+00 -1.427967e+00
3.231677e+00 1.088966e+00 -1.426357e+00
3.232677e+00 1.070872e+00 -1.424744e+00
3.233677e+00 1.201208e+00 -1.423130e+00
3.234677e+00 1.122382e+00 -1.421513e+00
3.235676e+00 1.016675e+00 -1.419894e+00
3.236676e+00 9.197491e-01 -1.418274e+00
3.237676e+00 9.487623e-01 -1.416651e+00
3.238676e+00 9.565244e-01 -1.415026e+00
3.239676e+00 9.522219e-01 -1.413398e+00
3.240676e+00 1.043516e+00 -1.411769e+00
3.241676e+00 1.054161e+00 -1.410137e+00
3.242676e+00 1.120875e+00 -1.408503e+00
3.243676e+00 1.086545e+00 -1.406867e+00
3.244676e+00 9.942428e-01 -1.405229e+00
3.245675e+00 1.043343e+00 -1.403589e+00
3.246675e+00 9.158266e-01 -1.401946e+00
3.247675e+00 9.050407e-01 -1.400301e+00
3.248675e+00 8.932410e-01 -1.398654e+00
3.249675e+00 9.733368e-01 -1.397005e+00
3.250675e+00 1.060469e+00 -1.395353e+00
3.251675e+00 1.148308e+00 -1.393699e+00
3.252675e+00 1.108919e+00 -1.392043e+00
3.253675e+00 1.005960e+00 -1.390385e+00
3.254675e+00 9.727127e-01 -1.388724e+00
3.255674e+00 1.026865e+00 -1.387061e+00
3.256674e+00 9.545026e-01 -1.385396e+00
3.257674e+00 9.327153e-01 -1.383729e+00
3.258674e+00 9.761711e-01 -1.382059e+00
3.259674e+00 9.730678e-01 -1.380388e+00
3.260674e+00 9.809317e-01 -1.378714e+00
3.261674e+00 1.160292e+00 -1.377037e+00
3.262674e+00 1.219721e+00 -1.375359e+00
3.263674e+00 1.021225e+00 -1.373678e+00
3.264674e+00 1.031594e+00 -1.371996e+00
3.265673e+00 8.772127e-01 -1.370311e+00
3.266673e+00 9.462561e-01 -1.368623e+00
3.267673e+00 9.246667e-01 -1.366934e+00
3.268673e+00 8.826986e-01 -1.365243e+00
3.269673e+00 9.226786e-01 -1.363549e+00
3.270673e+00 1.136979e+00 -1.361854e+00
3.271673e+00 1.070731e+00 -1.360156e+00
3.272673e+00 1.091026e+00 -1.358456e+00
3.273673e+00 1.216685e+00 -1.356754e+00
3.274673e+00 1.042549e+00 -1.355050e+00
3.275672e+00 8.301139e-01 -1.353344e+00
3.276672e+00 8.450295e-01 -1.351637e+00
3.277672e+00 9.165277e-01 -1.349927e+00
3.278672e+00 8.935134e-01 -1.348215e+00
3.279672e+00 1.009925e+00 -1.346501e+00
3.280672e+00 1.093722e+00 -1.344786e+00
3.281672e+00 1.061043e+00 -1.343068e+00
3.282672e+00 1.118601e+00 -1.341349e+00
3.283672e+00 1.017033e+00 -1.339628e+00
3.284672e+00 9.494052e-01 -1.337905e+00
3.285671e+00 9.544335e-01 -1.336181e+00
3.286671e+00 8.869060e-01 -1.334455e+00
3.287671e+00 8.058236e-01 -1.332727e+00
3.288671e+00 8.782004e-01 -1.330997e+00
3.289671e+00 9.858007e-01 -1.329266e+00
3.290671e+00 1.101107e+00 -1.327533e+00
3.291671e+00 1.012555e+00 -1.325799e+00
3.292671e+00 1.122986e+00 -1.324064e+00
3.293671e+00 1.037153e+00 -1.322327e+00
3.294671e+00 8.809281e-01 -1.320588e+00
3.295670e+00 8.300831e-01 -1.318848e+00
3.296670e+00 8.805212e-01 -1.317107e+00
3.297670e+00 8.690421e-01 -1.315365e+00
3.298670e+00 9.127630e-01 -1.313621e+00
3.299670e+00 9.729667e-01 -1.311877e+00
3.300670e+00 9.117047e-01 -1.310131e+00
3.301670e+00 1.035532e+00 -1.308384e+00
3.302670e+00 1.089392e+00 -1.306636e+00
3.303670e+00 9.442633e-01 -1.304888e+00
3.304670e+00 9.834275e-01 -1.303138e+00
3.305669e+00 9.438867e-01 -1.301387e+00
3.306669e+00 9.070844e-01 -1.299636e+00
3.307669e+00 9.372423e-01 -1.297884e+00
3.308669e+00 8.450982e-01 -1.296131e+00
3.309669e+00 9.639342e-01 -1.294378e+00
3.310669e+00 8.422828e-01 -1.292624e+00
3.311669e+00 1.035720e+00 -1.290870e+00
3.312669e+00 1.046556e+00 -1.289115e+00
3.313669e+00 1.080806e+00 -1.287360e+00
3.314669e+00 8.923269e-01 -1.285605e+00
3.315668e+00 8.077048e-01 -1.283849e+00
3.316668e+00 8.245950e-01 -1.282094e+00
3.317668e+00 7.356914e-01 -1.280338e+00
3.318668e+00 7.886501e-01 -1.278582e+00
3.319668e+00 9.890923e-01 -1.276826e+00
3.320668e+00 9.324443e-01 -1.275071e+00
3.321668e+00 9.591391e-01 -1.273315e+00
3.322668e+00 1.007566e+00 -1.271560e+00
3.323668e+00 1.008076e+00 -1.269806e+00
3.324668e+00 8.875115e-01 -1.268051e+00
3.325667e+00 8.383878e-01 -1.266298e+00
3.326667e+00 7.813728e-01 -1.264544e+00
3.327667e+00 8.738936e-01 -1.262792e+00
3.328667e+00 8.038254e-01 -1.261040e+00
3.329667e+00 8.780607e-01 -1.259289e+00
3.330667e+00 9.237418e-01 -1.257539e+00
3.331667e+00 9.575982e-01 -1.255790e+00
3.332667e+00 9.397054e-01 -1.254042e+00
3.333667e+00 8.952471e-01 -1.252295e+00
3.334667e+00 9.011735e-01 -1.250550e+00
3.335666e+00 8.725165e-01 -1.248806e+00
3.336666e+00 7.810783e-01 -1.247063e+00
3.337666e+00 7.774041e-01 -1.245322e+00
3.338666e+00 8.347367e-01 -1.243582e+00
3.339666e+00 8.254136e-01 -1.241845e+00
3.340666e+00 8.495900e-01 -1.240109e+00
3.341666e+00 8.234829e-01 -1.238374e+00
3.342666e+00 8.756934e-01 -1.236642e+00
3.343666e+00 8.982472e-01 -1.234912e+00
3.344666e+00 8.193860e-01 -1.233184e+00
3.345665e+00 7.283354e-01 -1.231459e+00
3.346665e+00 7.827908e-01 -1.229736e+00
3.347665e+00 8.187216e-01 -1.228015e+00
3.348665e+00 6.500398e-01 -1.226297e+00
3.349665e+00 8.085392e-01 -1.224582e+00
3.350665e+00 8.551871e-01 -1.222869e+00
3.351665e+00 8.375816e-01 -1.221160e+00
3.352665e+00 8.532452e-01 -1.219453e+00
3.353665e+00 7.697402e-01 -1.217749e+00
3.354665e+00 7.379434e-01 -1.216049e+00
3.355664e+00 8.561835e-01 -1.214352e+00
3.356664e+00 7.072776e-01 -1.212658e+00
3.357664e+00 6.847857e-01 -1.210968e+00
3.358664e+00 6.504277e-01 -1.209282e+00
3.359664e+00 7.167146e-01 -1.207599e+00
3.360664e+00 7.998815e-01 -1.205921e+00
3.361664e+00 8.316944e-01 -1.204246e+00
3.362664e+00 8.959383e-01 -1.202575e+00
3.363664e+00 8.788880e-01 -1.200909e+00
3.364664e+00 7.233532e-01 -1.199246e+00
3.365663e+00 7.255658e-01 -1.197589e+00
3.366663e+00 6.737285e-01 -1.195936e+00
3.367663e+00 6.589761e-01 -1.194287e+00
3.368663e+00 7.062243e-01 -1.192643e+00
3.369663e+00 7.919880e-01 -1.191004e+00
3.370663e+00 7.829340e-01 -1.189371e+00
3.371663e+00 7.812040e-01 -1.187742e+00
3.372663e+00 8.205755e-01 -1.186119e+00
3.373663e+00 8.616061e-01 -1.184500e+00
3.374663e+00 8.056323e-01 -1.182888e+00
3.375662e+00 5.903606e-01 -1.181281e+00
3.376662e+00 6.176554e-01 -1.179680e+00
3.377662e+00 5.053787e-01 -1.178084e+00
3.378662e+00 6.284838e-01 -1.176495e+00
3.379662e+00 6.598269e-01 -1.174912e+00
3.380662e+00 7.093457e-01 -1.173335e+00
3.381662e+00 7.453568e-01 -1.171764e+00
3.382662e+00 8.256976e-01 -1.170200e+00
3.383662e+00 7.036352e-01 -1.168642e+00
3.384662e+00 7.175478e-01 -1.167092e+00
3.385661e+00 5.955769e-01 -1.165548e+00
3.386661e+00 6.159958e-01 -1.164011e+00
3.387661e+00 6.158298e-01 -1.162481e+00
3.388661e+00 6.134732e-01 -1.160958e+00
3.389661e+00 5.993990e-01 -1.159443e+00
3.390661e+00 6.314896e-01 -1.157935e+00
3.391661e+00 7.604404e-01 -1.156435e+00
3.392661e+00 6.908225e-01 -1.154942e+00
3.393661e+00 6.910173e-01 -1.153458e+00
3.394661e+00 5.666657e-01 -1.151981e+00
3.395660e+00 6.322268e-01 -1.150513e+00
3.396660e+00 5.081953e-01 -1.149052e+00
3.397660e+00 5.035898e-01 -1.147601e+00
3.398660e+00 5.244928e-01 -1.146157e+00
3.399660e+00 5.190846e-01 -1.144723e+00
3.400660e+00 5.778404e-01 -1.143297e+00
3.401660e+00 6.585708e-01 -1.141880e+00
3.402660e+00 7.408123e-01 -1.140472e+00
3.403660e+00 6.856156e-01 -1.139074e+00
3.404660e+00 5.672492e-01 -1.137684e+00
3.405659e+00 5.279850e-01 -1.136305e+00
3.406659e+00 4.360258e-01 -1.134934e+00
3.407659e+00 5.229438e-01 -1.133574e+00
3.408659e+00 4.901588e-01 -1.132223e+00
3.409659e+00 6.622832e-01 -1.130882e+00
3.410659e+00 5.976846e-01 -1.129552e+00
3.411659e+00 5.809617e-01 -1.128231e+00
3.412659e+00 6.858457e-01 -1.126921e+00
3.413659e+00 6.079571e-01 -1.125622e+00
3.414659e+00 5.386634e-01 -1.124333e+00
3.415658e+00 5.311232e-01 -1.123055e+00
3.416658e+00 3.805827e-01 -1.121788e+00
3.417658e+00 4.108404e-01 -1.120532e+00
3.418658e+00 3.836280e-01 -1.119287e+00
3.419658e+00 5.275230e-01 -1.118053e+00
3.420658e+00 4.978468e-01 -1.116831e+00
3.421658e+00 6.078651e-01 -1.115621e+00
3.422658e+00 5.337790e-01 -1.114422e+00
3.423658e+00 5.032279e-01 -1.113235e+00
3.424658e+00 5.389545e-01 -1.112060e+00
3.425657e+00 3.292602e-01 -1.110897e+00
3.426657e+00 4.287436e-01 -1.109746e+00
3.427657e+00 3.237851e-01 -1.108608e+00
3.428657e+00 3.028143e-01 -1.107482e+00
3.429657e+00 4.080948e-01 -1.106369e+00
3.430657e+00 5.416319e-01 -1.105269e+00
3.431657e+00 5.208480e-01 -1.104182e+00
3.432657e+00 4.670450e-01 -1.103107e+00
3.433657e+00 5.420611e-01 -1.102046e+00
3.434657e+00 4.420846e-01 -1.100998e+00
3.435656e+00 3.305325e-01 -1.099964e+00
3.436656e+00 2.800533e-01 -1.098943e+00
3.437656e+00 2.438508e-01 -1.097936e+00
3.438656e+00 3.166983e-01 -1.096943e+00
3.439656e+00 4.322481e-01 -1.095963e+00
3.440656e+00 4.532596e-01 -1.094998e+00
3.441656e+00 3.346741e-01 -1.094047e+00
3.442656e+00 4.402597e-01 -1.093110e+00
3.443656e+00 4.997694e-01 -1.092188e+00
3.444656e+00 2.648528e-01 -1.091281e+00
3.445655e+00 2.849292e-01 -1.090388e+00
3.446655e+00 2.536067e-01 -1.089510e+00
3.447655e+00 2.291931e-01 -1.088647e+00
3.448655e+00 3.017453e-01 -1.087800e+00
3.449655e+00 2.076124e-01 -1.086967e+00
3.450655e+00 3.676319e-01 -1.086150e+00
3.451655e+00 4.241181e-01 -1.085349e+00
3.452655e+00 4.064998e-01 -1.084563e+00
3.453655e+00 4.019395e-01 -1.083793e+00
3.454655e+00 3.187814e-01 -1.083039e+00
3.455654e+00 2.403234e-01 -1.082301e+00
3.456654e+00 1.920787e-01 -1.081579e+00
3.457654e+00 1.532308e-01 -1.080873e+00
3.458654e+00 2.369311e-01 -1.080184e+00
3.459654e+00 1.583837e-01 -1.079511e+00
3.460654e+00 3.544319e-01 -1.078855e+00
3.461654e+00 3.110905e-01 -1.078216e+00
3.462654e+00 3.281145e-01 -1.077594e+00
3.463654e+00 2.892307e-01 -1.076989e+00
3.464654e+00 3.078886e-01 -1.076400e+00
3.465653e+00 1.764294e-01 -1.075830e+00
3.466653e+00 1.581170e-01 -1.075276e+00
3.467653e+00 1.269234e-01 -1.074740e+00
3.468653e+00 8.638775e-02 -1.074222e+00
3.469653e+00 1.264802e-01 -1.073722e+00
3.470653e+00 2.878437e-01 -1.073239e+00
3.471653e+00 2.447154e-01 -1.072775e+00
3.472653e+00 2.850487e-01 -1.072328e+00
3.473653e+00 2.209483e-01 -1.071900e+00
3.474653e+00 1.604285e-01 -1.071491e+00
3.475652e+00 4.866899e-02 -1.071099e+00
3.476652e+00 6.209546e-02 -1.070727e+00
3.477652e+00 4.070722e-02 -1.070373e+00
3.478652e+00 1.177283e-01 -1.070038e+00
3.479652e+00 1.053985e-01 -1.069722e+00
3.480652e+00 1.865489e-01 -1.069425e+00
3.481652e+00 2.507469e-01 -1.069147e+00
3.482652e+00 1.460162e-01 -1.068888e+00
3.483652e+00 1.702511e-01 -1.068649e+00
3.484652e+00 1.991971e-01 -1.068430e+00
3.485651e+00 1.190522e-01 -1.068230e+00
3.486651e+00 -1.063412e-02 -1.068050e+00
3.487651e+00 -1.070830e-01 -1.067890e+00
3.488651e+00 -1.256216e-02 -1.067749e+00
3.489651e+00 5.104910e-02 -1.067629e+00
3.490651e+00 7.377838e-02 -1.067529e+00
3.491651e+00 1.673457e-01 -1.067449e+00
3.492651e+00 1.579739e-01 -1.067390e+00
3.493651e+00 1.675079e-01 -1.067351e+00
3.494651e+00 7.630830e-03 -1.067333e+00
3.495650e+00 2.158869e-02 -1.067336e+00
3.496650e+00 -3.378709e-02 -1.067360e+00
3.497650e+00 -4.800700e-02 -1.067404e+00
3.498650e+00 8.082986e-03 -1.067470e+00
3.499650e+00 4.733561e-02 -1.067556e+00
3.500650e+00 1.198731e-02 -1.067664e+00
3.501650e+00 4.720827e-02 -1.067794e+00
3.502650e+00 1.422761e-01 -1.067944e+00
3.503650e+00 3.285383e-02 -1.068117e+00
3.504650e+00 -4.169798e-02 -1.068311e+00
3.505649e+00 -2.501250e-02 -1.068527e+00
3.506649e+00 -1.427820e-01 -1.068765e+00
3.507649e+00 -1.769353e-01 -1.069024e+00
3.508649e+00 -5.417402e-02 -1.069306e+00
3.509649e+00 -9.342696e-02 -1.069610e+00
3.510649e+00 -9.969880e-02 -1.069936e+00
3.511649e+00 -4.936254e-02 -1.070285e+00
3.512649e+00 5.425042e-04 -1.070656e+00
3.513649e+00 -4.390768e-02 -1.071050e+00
3.514649e+00 -1.422766e-01 -1.071466e+00
3.515648e+00 -2.139367e-01 -1.071905e+00
3.516648e+00 -1.733568e-01 -1.072367e+00
3.517648e+00 -1.841321e-01 -1.072851e+00
3.518648e+00 -2.092047e-01 -1.073359e+00
3.519648e+00 -2.030773e-01 -1.073890e+00
3.520648e+00 -1.974888e-01 -1.074444e+00
3.521648e+00 7.266470e-02 -1.075021e+00
3.522648e+00 -1.104774e-01 -1.075622e+00
3.523648e+00 -1.241213e-01 -1.076246e+00
3.524648e+00 -1.305390e-01 -1.076894e+00
3.525647e+00 -2.616057e-01 -1.077565e+00
3.526647e+00 -1.778018e-01 -1.078260e+00
3.527647e+00 -2.346219e-01 -1.078979e+00
3.528647e+00 -2.422615e-01 -1.079722e+00
3.529647e+00 -1.900879e-01 -1.080488e+00
3.530647e+00 -2.249331e-01 -1.081279e+00
3.531647e+00 -1.124530e-01 -1.082094e+00
3.532647e+00 -6.197449e-03 -1.082933e+00
3.533647e+00 -1.714234e-01 -1.083796e+00
3.534647e+00 -2.321115e-01 -1.084683e+00
3.535646e+00 -3.181977e-01 -1.085595e+00
3.536646e+00 -2.663388e-01 -1.086532e+00
3.537646e+00 -2.090755e-01 -1.087493e+00
3.538646e+00 -3.768167e-01 -1.088478e+00
3.539646e+00 -2.339151e-01 -1.089489e+00
3.540646e+00 -2.125615e-01 -1.090524e+00
3.541646e+00 -1.490454e-01 -1.091584e+00
3.542646e+00 -1.716255e-01 -1.092669e+00
3.543646e+00 -2.443481e-01 -1.093778e+00
3.544646e+00 -1.976269e-01 -1.094913e+00
3.545645e+00 -3.416467e-01 -1.096073e+00
3.546645e+00 -2.889464e-01 -1.097258e+00
3.547645e+00 -3.170087e-01 -1.098469e+00
3.548645e+00 -3.851220e-01 -1.099704e+00
3.549645e+00 -3.456915e-01 -1.100965e+00
3.550645e+00 -2.678272e-01 -1.102252e+00
3.551645e+00 -2.292275e-01 -1.103564e+00
3.552645e+00 -7.689096e-02 -1.104901e+00
3.553645e+00 -2.579878e-01 -1.106264e+00
3.554645e+00 -3.284567e-01 -1.107653e+00
3.555644e+00 -3.841301e-01 -1.109067e+00
3.556644e+00 -4.023520e-01 -1.110507e+00
3.557644e+00 -4.199803e-01 -1.111973e+00
3.558644e+00 -3.903647e-01 -1.113464e+00
3.559644e+00 -3.452206e-01 -1.114982e+00
3.560644e+00 -3.551409e-01 -1.116525e+00
3.561644e+00 -3.160833e-01 -1.118095e+00
3.562644e+00 -3.586712e-01 -1.119690e+00
3.563644e+00 -3.785930e-01 -1.121311e+00
3.564644e+00 -3.669676e-01 -1.122959e+00
3.565643e+00 -4.583156e-01 -1.124632e+00
3.566643e+00 -4.984579e-01 -1.126332e+00
3.567643e+00 -5.355666e-01 -1.128058e+00
3.568643e+00 -4.762531e-01 -1.129810e+00
3.569643e+00 -4.098236e-01 -1.131589e+00
3.570643e+00 -4.160681e-01 -1.133394e+00
3.571643e+00 -3.875989e-01 -1.135225e+00
3.572643e+00 -3.087746e-01 -1.137082e+00
3.573643e+00 -4.062977e-01 -1.138966e+00
3.574643e+00 -4.697795e-01 -1.140876e+00
3.575642e+00 -5.292775e-01 -1.142812e+00
3.576642e+00 -5.362929e-01 -1.144775e+00
3.577642e+00 -5.848994e-01 -1.146765e+00
3.578642e+00 -6.175232e-01 -1.148781e+00
3.579642e+00 -4.286960e-01 -1.150823e+00
3.580642e+00 -4.287478e-01 -1.152892e+00
3.581642e+00 -4.430859e-01 -1.154987e+00
3.582642e+00 -5.295194e-01 -1.157109e+00
3.583642e+00 -4.911439e-01 -1.159257e+00
3.584642e+00 -5.347770e-01 -1.161432e+00
3.585641e+00 -5.938585e-01 -1.163634e+00
3.586641e+00 -6.410645e-01 -1.165862e+00
3.587641e+00 -5.844318e-01 -1.168116e+00
3.588641e+00 -5.632026e-01 -1.170397e+00
3.589641e+00 -5.891418e-01 -1.172704e+00
3.590641e+00 -5.082518e-01 -1.175038e+00
3.591641e+00 -4.479874e-01 -1.177399e+00
3.592641e+00 -4.639295e-01 -1.179786e+00
3.593641e+00 -5.254026e-01 -1.182199e+00
3.594641e+00 -4.789467e-01 -1.184639e+00
3.595640e+00 -6.378484e-01 -1.187105e+00
3.596640e+00 -6.629030e-01 -1.189598e+00
3.597640e+00 -6.291774e-01 -1.192117e+00
3.598640e+00 -7.132279e-01 -1.194662e+00
3.599640e+00 -6.234505e-01 -1.197234e+00
3.600640e+00 -5.943920e-01 -1.199832e+00
3.601640e+00 -4.654085e-01 -1.202456e+00
3.602640e+00 -5.612305e-01 -1.205107e+00
3.603640e+00 -6.164892e-01 -1.207783e+00
3.604640e+00 -4.906720e-01 -1.210486e+00
3.605639e+00 -5.894590e-01 -1.213215e+00
3.606639e+00 -5.701008e-01 -1.215970e+00
3.607639e+00 -6.465474e-01 -1.218751e+00
3.608639e+00 -6.505524e-01 -1.221557e+00
3.609639e+00 -7.799913e-01 -1.224390e+00
3.610639e+00 -5.769318e-01 -1.227249e+00
3.611639e+00 -5.679871e-01 -1.230133e+00
3.612639e+00 -5.326075e-01 -1.233043e+00
3.613639e+00 -5.762641e-01 -1.235979e+00
3.614639e+00 -6.508869e-01 -1.238940e+00
3.615638e+00 -6.041168e-01 -1.241926e+00
3.616638e+00 -7.338898e-01 -1.244939e+00
3.617638e+00 -7.139772e-01 -1.247976e+00
3.618638e+00 -8.261492e-01 -1.251039e+00
3.619638e+00 -6.905693e-01 -1.254127e+00
3.620638e+00 -6.526758e-01 -1.257239e+00
3.621638e+00 -5.757082e-01 -1.260377e+00
3.622638e+00 -5.728628e-01 -1.263540e+00
3.623638e+00 -6.391032e-01 -1.266728e+00
3.624638e+00 -7.167455e-01 -1.269940e+00
3.625637e+00 -7.301438e-01 -1.273177e+00
3.626637e+00 -7.976480e-01 -1.276439e+00
3.627637e+00 -8.948865e-01 -1.279725e+00
3.628637e+00 -7.527716e-01 -1.283035e+00
3.629637e+00 -7.875192e-01 -1.286369e+00
3.630637e+00 -6.675805e-01 -1.289727e+00
3.631637e+00 -7.220715e-01 -1.293109e+00
3.632637e+00 -5.925692e-01 -1.296515e+00
3.633637e+00 -7.032124e-01 -1.299945e+00
3.634637e+00 -7.552023e-01 -1.303398e+00
3.635636e+00 -7.522932e-01 -1.306875e+00
3.636636e+00 -9.294521e-01 -1.310375e+00
3.637636e+00 -7.891275e-01 -1.313898e+00
3.638636e+00 -8.350788e-01 -1.317444e+00
3.639636e+00 -8.326836e-01 -1.321012e+00
3.640636e+00 -7.606338e-01 -1.324604e+00
3.641636e+00 -6.622593e-01 -1.328217e+00
3.642636e+00 -7.332210e-01 -1.331854e+00
3.643636e+00 -7.413928e-01 -1.335512e+00
3.644636e+00 -8.697621e-01 -1.339193e+00
3.645635e+00 -8.290459e-01 -1.342895e+00
3.646635e+00 -8.159317e-01 -1.346619e+00
3.647635e+00 -9.550659e-01 -1.350364e+00
3.648635e+00 -9.620215e-01 -1.354131e+00
3.649635e+00 -7.747281e-01 -1.357919e+00
3.650635e+00 -6.747223e-01 -1.361728e+00
3.651635e+00 -7.007154e-01 -1.365557e+00
3.652635e+00 -7.698164e-01 -1.369408e+00
3.653635e+00 -7.220164e-01 -1.373278e+00
3.654635e+00 -6.832793e-01 -1.377169e+00
3.655634e+00 -8.297915e-01 -1.381079e+00
3.656634e+00 -1.031285e+00 -1.385010e+00
3.657634e+00 -9.194872e-01 -1.388960e+00
3.658634e+00 -9.670969e-01 -1.392929e+00
3.659634e+00 -8.877981e-01 -1.396918e+00
3.660634e+00 -7.992916e-01 -1.400925e+00
3.661634e+00 -8.194150e-01 -1.404951e+00
3.662634e+00 -6.993009e-01 -1.408996e+00
3.663634e+00 -8.037850e-01 -1.413058e+00
3.664634e+00 -8.825970e-01 -1.417139e+00
3.665633e+00 -8.027215e-01 -1.421238e+00
3.666633e+00 -9.286735e-01 -1.425354e+00
3.667633e+00 -9.931164e-01 -1.429487e+00
3.668633e+00 -9.022056e-01 -1.433637e+00
3.669633e+00 -8.721004e-01 -1.437804e+00
3.670633e+00 -8.074148e-01 -1.441988e+00
3.671633e+00 -8.358206e-01 -1.446188e+00
3.672633e+00 -8.123685e-01 -1.450404e+00
3.673633e+00 -7.364331e-01 -1.454635e+00
3.674633e+00 -9.182363e-01 -1.458883e+00
3.675632e+00 -9.291017e-01 -1.463145e+00
3.676632e+00 -1.040897e+00 -1.467422e+00
3.677632e+00 -1.053016e+00 -1.471715e+00
3.678632e+00 -9.149154e-01 -1.476021e+00
3.679632e+00 -8.832197e-01 -1.480342e+00
3.680632e+00 -8.994539e-01 -1.484677e+00
3.681632e+00 -8.162584e-01 -1.489025e+00
3.682632e+00 -8.764679e-01 -1.493386e+00
3.683632e+00 -9.172641e-01 -1.497761e+00
3.684632e+00 -9.005634e-01 -1.502148e+00
3.685631e+00 -1.024416e+00 -1.506548e+00
3.686631e+00 -1.002309e+00 -1.510960e+00
3.687631e+00 -9.697443e-01 -1.515384e+00
3.688631e+00 -1.005751e+00 -1.519819e+00
3.689631e+00 -1.019290e+00 -1.524266e+00
3.690631e+00 -8.431825e-01 -1.528724e+00
3.691631e+00 -8.202040e-01 -1.533192e+00
3.692631e+00 -7.742229e-01 -1.537671e+00
3.693631e+00 -9.318156e-01 -1.542160e+00
3.694631e+00 -1.015163e+00 -1.546658e+00
3.695630e+00 -1.016025e+00 -1.551167e+00
3.696630e+00 -1.101087e+00 -1.555684e+00
3.697630e+00 -9.750214e-01 -1.560210e+00
3.698630e+00 -1.013557e+00 -1.564745e+00
3.699630e+00 -1.025394e+00 -1.569288e+00
3.700630e+00 -9.252139e-01 -1.573838e+00
3.701630e+00 -8.364673e-01 -1.578397e+00
3.702630e+00 -8.666766e-01 -1.582963e+00
3.703630e+00 -8.863380e-01 -1.587535e+00
3.704630e+00 -9.657424e-01 -1.592115e+00
3.705629e+00 -9.665268e-01 -1.596700e+00
3.706629e+00 -1.036199e+00 -1.601292e+00
3.707629e+00 -1.038258e+00 -1.605889e+00
3.708629e+00 -9.593102e-01 -1.610492e+00
3.709629e+00 -1.033677e+00 -1.615100e+00
3.710629e+00 -9.794256e-01 -1.619713e+00
3.711629e+00 -8.728783e-01 -1.624330e+00
3.712629e+00 -9.093094e-01 -1.628951e+00
3.713629e+00 -8.206413e-01 -1.633575e+00
3.714629e+00 -9.690080e-01 -1.638204e+00
3.715628e+00 -1.034378e+00 -1.642835e+00
3.716628e+00 -1.127151e+00 -1.647469e+00
3.717628e+00 -1.055526e+00 -1.652106e+00
3.718628e+00 -1.040696e+00 -1.656745e+00
3.719628e+00 -9.300883e-01 -1.661386e+00
3.720628e+00 -9.844990e-01 -1.666028e+00
3.721628e+00 -9.327909e-01 -1.670671e+00
3.722628e+00 -8.873332e-01 -1.675315e+00
3.723628e+00 -1.011202e+00 -1.679960e+00
3.724628e+00 -1.024600e+00 -1.684605e+00
3.725627e+00 -1.023508e+00 -1.689250e+00
3.726627e+00 -1.116746e+00 -1.693895e+00
3.727627e+00 -1.093342e+00 -1.698538e+00
3.728627e+00 -9.640534e-01 -1.703181e+00
3.729627e+00 -9.842029e-01 -1.707823e+00
3.730627e+00 -9.312481e-01 -1.712462e+00
3.731627e+00 -8.984411e-01 -1.717100e+00
3.732627e+00 -8.916664e-01 -1.721736e+00
3.733627e+00 -9.289113e-01 -1.726368e+00
3.734627e+00 -9.836668e-01 -1.730998e+00
3.735626e+00 -8.744319e-01 -1.735625e+00
3.736626e+00 -1.071321e+00 -1.740248e+00
3.737626e+00 -1.189280e+00 -1.744867e+00
3.738626e+00 -1.058503e+00 -1.749483e+00
3.739626e+00 -1.003269e+00 -1.754093e+00
3.740626e+00 -9.541829e-01 -1.758699e+00
3.741626e+00 -9.522601e-01 -1.763300e+00
3.742626e+00 -8.566846e-01 -1.767896e+00
3.743626e+00 -9.909897e-01 -1.772485e+00
3.744626e+00 -8.897890e-01 -1.777069e+00
3.745625e+00 -1.036510e+00 -1.781647e+00
3.746625e+00 -1.087403e+00 -1.786218e+00
3.747625e+00 -1.074022e+00 -1.790783e+00
3.748625e+00 -1.062124e+00 -1.795340e+00
3.749625e+00 -1.096417e+00 -1.799890e+00
3.750625e+00 -9.812859e-01 -1.804432e+00
3.751625e+00 -9.509398e-01 -1.808966e+00
3.752625e+00 -8.709508e-01 -1.813492e+00
3.753625e+00 -9.678308e-01 -1.818009e+00
3.754625e+00 -9.772900e-01 -1.822518e+00
3.755624e+00 -9.959223e-01 -1.827018e+00
3.756624e+00 -1.133551e+00 -1.831508e+00
3.757624e+00 -1.123304e+00 -1.835988e+00
3.758624e+00 -1.008326e+00 -1.840459e+00
3.759624e+00 -1.062989e+00 -1.844920e+00
3.760624e+00 -9.352098e-01 -1.849370e+00
3.761624e+00 -9.192032e-01 -1.853810e+00
3.762624e+00 -8.886819e-01 -1.858238e+00
3.763624e+00 -8.569278e-01 -1.862656e+00
3.764624e+00 -9.910480e-01 -1.867062e+00
3.765623e+00 -1.043463e+00 -1.871457e+00
3.766623e+00 -1.032940e+00 -1.875839e+00
3.767623e+00 -1.079707e+00 -1.880210e+00
3.768623e+00 -1.027844e+00 -1.884568e+00
3.769623e+00 -9.748312e-01 -1.888913e+00
3.770623e+00 -9.209926e-01 -1.893245e+00
3.771623e+00 -9.830576e-01 -1.897565e+00
3.772623e+00 -9.049830e-01 -1.901871e+00
3.773623e+00 -9.948446e-01 -1.906163e+00
3.774623e+00 -9.808154e-01 -1.910442e+00
3.775622e+00 -1.061942e+00 -1.914707e+00
3.776622e+00 -1.048624e+00 -1.918957e+00
3.777622e+00 -1.060355e+00 -1.923193e+00
3.778622e+00 -1.116619e+00 -1.927415e+00
3.779622e+00 -9.615743e-01 -1.931621e+00
3.780622e+00 -9.332817e-01 -1.935813e+00
3.781622e+00 -9.213258e-01 -1.939989e+00
3.782622e+00 -9.829753e-01 -1.944149e+00
3.783622e+00 -8.919918e-01 -1.948294e+00
3.784622e+00 -1.011996e+00 -1.952423e+00
3.785621e+00 -1.059060e+00 -1.956536e+00
3.786621e+00 -1.070170e+00 -1.960633e+00
3.787621e+00 -1.075001e+00 -1.964713e+00
3.788621e+00 -1.144890e+00 -1.968776e+00
3.789621e+00 -9.718731e-01 -1.972823e+00
3.790621e+00 -8.626325e-01 -1.976853e+00
3.791621e+00 -8.438487e-01 -1.980865e+00
3.792621e+00 -9.761891e-01 -1.984860e+00
3.793621e+00 -8.108804e-01 -1.988837e+00
3.794621e+00 -9.379433e-01 -1.992797e+00
3.795620e+00 -1.033825e+00 -1.996739e+00
3.796620e+00 -1.032025e+00 -2.000662e+00
3.797620e+00 -1.024546e+00 -2.004567e+00
3.798620e+00 -1.030742e+00 -2.008454e+00
3.799620e+00 -9.417628e-01 -2.012323e+00
3.800620e+00 -1.008331e+00 -2.016172e+00
3.801620e+00 -8.337920e-01 -2.020003e+00
3.802620e+00 -8.863620e-01 -2.023815e+00
3.803620e+00 -8.649596e-01 -2.027607e+00
3.804620e+00 -9.132804e-01 -2.031380e+00
3.805619e+00 -9.645171e-01 -2.035134e+00
3.806619e+00 -9.806386e-01 -2.038868e+00
3.807619e+00 -1.066994e+00 -2.042582e+00
3.808619e+00 -1.000424e+00 -2.046277e+00
3.809619e+00 -9.948320e-01 -2.049951e+00
3.810619e+00 -8.531888e-01 -2.053605e+00
3.811619e+00 -9.142640e-01 -2.057239e+00
3.812619e+00 -8.314475e-01 -2.060852e+00
3.813619e+00 -8.255896e-01 -2.064445e+00
3.814619e+00 -8.935379e-01 -2.068017e+00
3.815618e+00 -9.682524e-01 -2.071569e+00
3.816618e+00 -9.861015e-01 -2.075099e+00
3.817618e+00 -9.834041e-01 -2.078608e+00
3.818618e+00 -8.891638e-01 -2.082097e+00
3.819618e+00 -9.972677e-01 -2.085563e+00
3.820618e+00 -8.414449e-01 -2.089009e+00
3.821618e+00 -7.594277e-01 -2.092433e+00
3.822618e+00 -8.372545e-01 -2.095835e+00
3.823618e+00 -7.393321e-01 -2.099216e+00
3.824618e+00 -8.243812e-01 -2.102575e+00
3.825617e+00 -9.858883e-01 -2.105911e+00
3.826617e+00 -9.894787e-01 -2.109226e+00
3.827617e+00 -9.607659e-01 -2.112519e+00
3.828617e+00 -9.591950e-01 -2.115790e+00
3.829617e+00 -8.666015e-01 -2.119038e+00
3.830617e+00 -7.792020e-01 -2.122264e+00
3.831617e+00 -7.265593e-01 -2.125467e+00
3.832617e+00 -6.567765e-01 -2.128648e+00
3.833617e+00 -8.139003e-01 -2.131806e+00
3.834617e+00 -8.385198e-01 -2.134941e+00
3.835616e+00 -9.604609e-01 -2.138054e+00
3.836616e+00 -9.764664e-01 -2.141143e+00
3.837616e+00 -9.610933e-01 -2.144210e+00
3.838616e+00 -9.111245e-01 -2.147253e+00
3.839616e+00 -8.473753e-01 -2.150274e+00
3.840616e+00 -8.026131e-01 -2.153271e+00
3.841616e+00 -7.293617e-01 -2.156245e+00
3.842616e+00 -7.627574e-01 -2.159195e+00
3.843616e+00 -7.663506e-01 -2.162122e+00
3.844616e+00 -8.122252e-01 -2.165026e+00
3.845615e+00 -8.639201e-01 -2.167906e+00
3.846615e+00 -8.976131e-01 -2.170762e+00
3.847615e+00 -8.616561e-01 -2.173595e+00
3.848615e+00 -9.276527e-01 -2.176404e+00
3.849615e+00 -9.074968e-01 -2.179189e+00
3.850615e+00 -6.886191e-01 -2.181950e+00
3.851615e+00 -7.389731e-01 -2.184687e+00
3.852615e+00 -8.228666e-01 -2.187400e+00
3.853615e+00 -7.114891e-01 -2.190089e+00
3.854615e+00 -8.286068e-01 -2.192754e+00
3.855614e+00 -7.732268e-01 -2.195395e+00
3.856614e+00 -8.527304e-01 -2.198012e+00
3.857614e+00 -9.911928e-01 -2.200604e+00
3.858614e+00 -7.943069e-01 -2.203172e+00
3.859614e+00 -7.716296e-01 -2.205716e+00
3.860614e+00 -7.090146e-01 -2.208235e+00
3.861614e+00 -6.945750e-01 -2.210730e+00
3.862614e+00 -6.598681e-01 -2.213201e+00
3.863614e+00 -6.604765e-01 -2.215646e+00
3.864614e+00 -7.469589e-01 -2.218068e+00
3.865613e+00 -8.436174e-01 -2.220464e+00
3.866613e+00 -7.649712e-01 -2.222836e+00
3.867613e+00 -8.930677e-01 -2.225183e+00
3.868613e+00 -8.406902e-01 -2.227506e+00
3.869613e+00 -7.542523e-01 -2.229803e+00
3.870613e+00 -7.042364e-01 -2.232076e+00
3.871613e+00 -5.892480e-01 -2.234324e+00
3.872613e+00 -6.100127e-01 -2.236547e+00
3.873613e+00 -7.517867e-01 -2.238745e+00
3.874613e+00 -6.682698e-01 -2.240918e+00
3.875612e+00 -7.348148e-01 -2.243067e+00
3.876612e+00 -7.850475e-01 -2.245190e+00
3.877612e+00 -7.945750e-01 -2.247288e+00
3.878612e+00 -7.312165e-01 -2.249361e+00
3.879612e+00 -7.174669e-01 -2.251409e+00
3.880612e+00 -6.606654e-01 -2.253431e+00
3.881612e+00 -6.092143e-01 -2.255429e+00
3.882612e+00 -6.406148e-01 -2.257401e+00
3.883612e+00 -5.983177e-01 -2.259348e+00
3.884612e+00 -6.345939e-01 -2.261270e+00
3.885611e+00 -6.895663e-01 -2.263167e+00
3.886611e+00 -6.842344e-01 -2.265038e+00
3.887611e+00 -8.026035e-01 -2.266884e+00
3.888611e+00 -7.634642e-01 -2.268704e+00
3.889611e+00 -6.280022e-01 -2.270499e+00
3.890611e+00 -5.986337e-01 -2.272269e+00
3.891611e+00 -5.389955e-01 -2.274013e+00
3.892611e+00 -5.458777e-01 -2.275732e+00
3.893611e+00 -4.990507e-01 -2.277426e+00
3.894611e+00 -5.318327e-01 -2.279094e+00
3.895610e+00 -7.282674e-01 -2.280736e+00
3.896610e+00 -7.036404e-01 -2.282353e+00
3.897610e+00 -7.617854e-01 -2.283944e+00
3.898610e+00 -6.827880e-01 -2.285510e+00
3.899610e+00 -6.242580e-01 -2.287050e+00
3.900610e+00 -6.014130e-01 -2.288564e+00
3.901610e+00 -4.910131e-01 -2.290053e+00
3.902610e+00 -4.790943e-01 -2.291517e+00
3.903610e+00 -5.437417e-01 -2.292954e+00
3.904610e+00 -4.464068e-01 -2.294366e+00
3.905609e+00 -5.685439e-01 -2.295752e+00
3.906609e+00 -6.048763e-01 -2.297113e+00
3.907609e+00 -6.206969e-01 -2.298448e+00
3.908609e+00 -6.424933e-01 -2.299757e+00
3.909609e+00 -5.716129e-01 -2.301040e+00
3.910609e+00 -4.702914e-01 -2.302297e+00
3.911609e+00 -4.006540e-01 -2.303529e+00
3.912609e+00 -4.236500e-01 -2.304735e+00
3.913609e+00 -3.792037e-01 -2.305915e+00
3.914609e+00 -5.001781e-01 -2.307069e+00
3.915608e+00 -5.672720e-01 -2.308197e+00
3.916608e+00 -6.020679e-01 -2.309300e+00
3.917608e+00 -5.905329e-01 -2.310376e+00
3.918608e+00 -6.293152e-01 -2.311427e+00
3.919608e+00 -4.926241e-01 -2.312452e+00
3.920608e+00 -4.717765e-01 -2.313450e+00
3.921608e+00 -3.419290e-01 -2.314423e+00
3.922608e+00 -3.028362e-01 -2.315370e+00
3.923608e+00 -4.512361e-01 -2.316291e+00
3.924608e+00 -4.130845e-01 -2.317186e+00
3.925607e+00 -4.763137e-01 -2.318055e+00
3.926607e+00 -3.937451e-01 -2.318898e+00
3.927607e+00 -4.858250e-01 -2.319714e+00
3.928607e+00 -5.416773e-01 -2.320505e+00
3.929607e+00 -4.789917e-01 -2.321270e+00
3.930607e+00 -3.400907e-01 -2.322009e+00
3.931607e+00 -3.395974e-01 -2.322721e+00
3.932607e+00 -2.870548e-01 -2.323408e+00
3.933607e+00 -3.485136e-01 -2.324068e+00
3.934607e+00 -3.701695e-01 -2.324702e+00
3.935606e+00 -3.940651e-01 -2.325310e+00
3.936606e+00 -5.546149e-01 -2.325892e+00
3.937606e+00 -5.338831e-01 -2.326448e+00
3.938606e+00 -4.126386e-01 -2.326977e+00
3.939606e+00 -5.136231e-01 -2.327480e+00
3.940606e+00 -2.824897e-01 -2.327957e+00
3.941606e+00 -2.696209e-01 -2.328408e+00
3.942606e+00 -2.560291e-01 -2.328833e+00
3.943606e+00 -2.168426e-01 -2.329231e+00
3.944606e+00 -2.908085e-01 -2.329603e+00
3.945605e+00 -4.548194e-01 -2.329948e+00
3.946605e+00 -4.386457e-01 -2.330268e+00
3.947605e+00 -4.281016e-01 -2.330560e+00
3.948605e+00 -4.401456e-01 -2.330827e+00
3.949605e+00 -4.626244e-01 -2.331067e+00
3.950605e+00 -2.517879e-01 -2.331281e+00
3.951605e+00 -1.961479e-01 -2.331468e+00
3.952605e+00 -1.680410e-01 -2.331629e+00
3.953605e+00 -1.269338e-01 -2.331764e+00
3.954605e+00 -2.149977e-01 -2.331871e+00
3.955604e+00 -3.015981e-01 -2.331953e+00
3.956604e+00 -3.761552e-01 -2.332008e+00
3.957604e+00 -3.234083e-01 -2.332036e+00
3.958604e+00 -2.515535e-01 -2.332038e+00
3.959604e+00 -2.177201e-01 -2.332013e+00
3.960604e+00 -1.900956e-01 -2.331962e+00
3.961604e+00 -1.171351e-01 -2.331884e+00
3.962604e+00 -1.158556e-01 -2.331779e+00
3.963604e+00 -1.468064e-01 -2.331648e+00
3.964604e+00 -1.208693e-01 -2.331490e+00
3.965603e+00 -1.870751e-01 -2.331306e+00
3.966603e+00 -3.480706e-01 -2.331094e+00
3.967603e+00 -2.432718e-01 -2.330856e+00
3.968603e+00 -1.671522e-01 -2.330591e+00
3.969603e+00 -2.183236e-01 -2.330300e+00
3.970603e+00 -1.366752e-01 -2.329981e+00
3.971603e+00 -2.391487e-02 -2.329636e+00
3.972603e+00 -5.942415e-02 -2.329263e+00
3.973603e+00 1.901623e-02 -2.328864e+00
3.974603e+00 -1.616537e-01 -2.328438e+00
3.975602e+00 -1.563938e-01 -2.327985e+00
3.976602e+00 -1.411623e-01 -2.327505e+00
3.977602e+00 -2.455371e-01 -2.326998e+00
3.978602e+00 -2.352530e-01 -2.326464e+00
3.979602e+00 -1.622664e-01 -2.325903e+00
3.980602e+00 -9.061844e-02 -2.325315e+00
3.981602e+00 -1.175341e-01 -2.324700e+00
3.982602e+00 3.976626e-02 -2.324057e+00
3.983602e+00 -4.318746e-02 -2.323388e+00
3.984602e+00 -5.326607e-02 -2.322691e+00
3.985601e+00 -1.754292e-01 -2.321967e+00
3.986601e+00 -2.066081e-01 -2.321216e+00
3.987601e+00 -1.921435e-01 -2.320438e+00
3.988601e+00 -1.038097e-01 -2.319632e+00
3.989601e+00 -6.814838e-02 -2.318799e+00
3.990601e+00 -6.237835e-03 -2.317938e+00
3.991601e+00 -1.183279e-02 -2.317050e+00
3.992601e+00 5.327118e-02 -2.316135e+00
3.993601e+00 -2.870247e-02 -2.315192e+00
3.994601e+00 -2.034127e-02 -2.314222e+00
3.995600e+00 4.069300e-02 -2.313224e+00
3.996600e+00 -1.434809e-02 -2.312199e+00
3.997600e+00 -1.278681e-01 -2.311146e+00
3.998600e+00 -6.973203e-02 -2.310065e+00
3.999600e+00 4.185152e-02 -2.308957e+00
4.000600e+00 1.554501e-02 -2.307821e+00
4.001600e+00 7.743091e-02 -2.306657e+00
4.002600e+00 1.166164e-01 -2.305466e+00
4.003600e+00 1.393395e-01 -2.304247e+00
4.004600e+00 1.307983e-01 -2.303000e+00
4.005599e+00 4.232808e-03 -2.301725e+00
4.006599e+00 -8.323257e-02 -2.300422e+00
4.007599e+00 2.776104e-02 -2.299091e+00
4.008599e+00 4.334889e-02 -2.297733e+00
4.009599e+00 3.365370e-02 -2.296346e+00
4.010599e+00 1.372039e-01 -2.294931e+00
4.011599e+00 1.344385e-01 -2.293488e+00
4.012599e+00 2.075975e-01 -2.292017e+00
4.013599e+00 1.839765e-01 -2.290518e+00
4.014599e+00 1.523965e-01 -2.288991e+00
4.015598e+00 1.151284e-01 -2.287435e+00
4.016598e+00 6.145401e-02 -2.285851e+00
4.017598e+00 1.273384e-02 -2.284239e+00
4.018598e+00 7.017062e-02 -2.282599e+00
4.019598e+00 9.791287e-02 -2.280930e+00
4.020598e+00 1.237834e-01 -2.279233e+00
4.021598e+00 2.438623e-01 -2.277507e+00
4.022598e+00 2.257546e-01 -2.275753e+00
4.023598e+00 2.524394e-01 -2.273970e+00
4.024598e+00 1.232013e-01 -2.272159e+00
4.025597e+00 1.254287e-01 -2.270319e+00
4.026597e+00 3.919004e-02 -2.268451e+00
4.027597e+00 8.332567e-02 -2.266553e+00
4.028597e+00 1.501729e-01 -2.264628e+00
4.029597e+00 1.509745e-01 -2.262673e+00
4.030597e+00 2.115535e-01 -2.260689e+00
4.031597e+00 2.991021e-01 -2.258677e+00
4.032597e+00 2.167189e-01 -2.256636e+00
4.033597e+00 3.554019e-01 -2.254566e+00
4.034597e+00 1.693690e-01 -2.252467e+00
4.035596e+00 1.779944e-01 -2.250339e+00
4.036596e+00 1.605808e-01 -2.248182e+00
4.037596e+00 1.710329e-01 -2.245995e+00
4.038596e+00 2.003037e-01 -2.243780e+00
4.039596e+00 2.873836e-01 -2.241536e+00
4.040596e+00 2.639841e-01 -2.239262e+00
4.041596e+00 3.982625e-01 -2.236959e+00
4.042596e+00 3.779134e-01 -2.234627e+00
4.043596e+00 4.006167e-01 -2.232266e+00
4.044596e+00 3.241960e-01 -2.229875e+00
4.045595e+00 2.722319e-01 -2.227455e+00
4.046595e+00 1.439833e-01 -2.225006e+00
4.047595e+00 1.626777e-01 -2.222527e+00
4.048595e+00 2.777798e-01 -2.220018e+00
4.049595e+00 2.557468e-01 -2.217480e+00
4.050595e+00 3.828041e-01 -2.214913e+00
4.051595e+00 3.636405e-01 -2.212316e+00
4.052595e+00 3.977141e-01 -2.209689e+00
4.053595e+00 4.064252e-01 -2.207033e+00
4.054595e+00 3.999219e-01 -2.204347e+00
4.055594e+00 3.569838e-01 -2.201631e+00
4.056594e+00 2.295704e-01 -2.198885e+00
4.057594e+00 2.614080e-01 -2.196110e+00
4.058594e+00 3.087210e-01 -2.193304e+00
4.059594e+00 3.376172e-01 -2.190469e+00
4.060594e+00 4.464677e-01 -2.187604e+00
4.061594e+00 4.968983e-01 -2.184709e+00
4.062594e+00 4.436128e-01 -2.181784e+00
4.063594e+00 5.593210e-01 -2.178829e+00
4.064594e+00 4.256237e-01 -2.175844e+00
4.065593e+00 3.291205e-01 -2.172829e+00
4.066593e+00 2.983103e-01 -2.169784e+00
4.067593e+00 2.815106e-01 -2.166709e+00
4.068593e+00 3.698444e-01 -2.163603e+00
4.069593e+00 3.850908e-01 -2.160468e+00
4.070593e+00 4.373382e-01 -2.157302e+00
4.071593e+00 5.718530e-01 -2.154106e+00
4.072593e+00 5.639998e-01 -2.150879e+00
4.073593e+00 4.966156e-01 -2.147622e+00
4.074593e+00 4.481318e-01 -2.144335e+00
4.075592e+00 4.003613e-01 -2.141018e+00
4.076592e+00 4.108392e-01 -2.137670e+00
4.077592e+00 3.637084e-01 -2.134292e+00
4.078592e+00 4.773994e-01 -2.130883e+00
4.079592e+00 4.465696e-01 -2.127444e+00
4.080592e+00 4.165382e-01 -2.123975e+00
4.081592e+00 5.506931e-01 -2.120475e+00
4.082592e+00 6.216329e-01 -2.116944e+00
4.083592e+00 5.506624e-01 -2.113383e+00
4.084592e+00 4.832867e-01 -2.109791e+00
4.085591e+00 4.676727e-01 -2.106169e+00
4.086591e+00 4.374418e-01 -2.102516e+00
4.087591e+00 4.019062e-01 -2.098833e+00
4.088591e+00 4.456793e-01 -2.095119e+00
4.089591e+00 5.218159e-01 -2.091374e+00
4.090591e+00 4.982707e-01 -2.087598e+00
4.091591e+00 5.258274e-01 -2.083792e+00
4.092591e+00 6.570444e-01 -2.079955e+00
4.093591e+00 6.576465e-01 -2.076088e+00
4.094591e+00 5.862080e-01 -2.072190e+00
4.095590e+00 5.132817e-01 -2.068261e+00
4.096590e+00 4.262107e-01 -2.064301e+00
4.097590e+00 5.441429e-01 -2.060311e+00
4.098590e+00 5.809480e-01 -2.056290e+00
4.099590e+00 5.216923e-01 -2.052238e+00
4.100590e+00 5.557412e-01 -2.048155e+00
4.101590e+00 6.859885e-01 -2.044042e+00
4.102590e+00 6.221532e-01 -2.039897e+00
4.103590e+00 7.711732e-01 -2.035723e+00
4.104590e+00 5.848548e-01 -2.031517e+00
4.105589e+00 5.697423e-01 -2.027280e+00
4.106589e+00 5.169087e-01 -2.023013e+00
4.107589e+00 4.428972e-01 -2.018715e+00
4.108589e+00 5.262943e-01 -2.014386e+00
4.109589e+00 5.576932e-01 -2.010027e+00
4.110589e+00 6.248021e-01 -2.005637e+00
4.111589e+00 6.633784e-01 -2.001216e+00
4.112589e+00 8.041910e-01 -1.996764e+00
4.113589e+00 6.929137e-01 -1.992281e+00
4.114589e+00 7.109287e-01 -1.987768e+00
4.115588e+00 6.327218e-01 -1.983224e+00
4.116588e+00 5.832861e-01 -1.978650e+00
4.117588e+00 6.635465e-01 -1.974045e+00
4.118588e+00 5.967144e-01 -1.969409e+00
4.119588e+00 7.099084e-01 -1.964743e+00
4.120588e+00 7.304853e-01 -1.960046e+00
4.121588e+00 8.198306e-01 -1.955318e+00
4.122588e+00 7.572345e-01 -1.950560e+00
4.123588e+00 7.821215e-01 -1.945771e+00
4.124588e+00 7.398455e-01 -1.940952e+00
4.125587e+00 6.639106e-01 -1.936103e+00
4.126587e+00 6.228055e-01 -1.931222e+00
4.127587e+00 6.170742e-01 -1.926312e+00
4.128587e+00 5.063717e-01 -1.921371e+00
4.129587e+00 7.021597e-01 -1.916400e+00
4.130587e+00 6.902764e-01 -1.911399e+00
4.131587e+00 9.086871e-01 -1.906367e+00
4.132587e+00 8.813572e-01 -1.901305e+00
4.133587e+00 7.193706e-01 -1.896213e+00
4.134587e+00 8.154578e-01 -1.891091e+00
4.135586e+00 7.458438e-01 -1.885938e+00
4.136586e+00 6.775269e-01 -1.880756e+00
4.137586e+00 7.020200e-01 -1.875544e+00
4.138586e+00 5.717605e-01 -1.870301e+00
4.139586e+00 8.226904e-01 -1.865029e+00
4.140586e+00 8.468331e-01 -1.859727e+00
4.141586e+00 8.993329e-01 -1.854396e+00
4.142586e+00 9.385502e-01 -1.849034e+00
4.143586e+00 8.997642e-01 -1.843643e+00
4.144586e+00 7.898644e-01 -1.838223e+00
4.145585e+00 7.838691e-01 -1.832773e+00
4.146585e+00 7.160848e-01 -1.827293e+00
4.147585e+00 6.421752e-01 -1.821784e+00
4.148585e+00 7.672812e-01 -1.816246e+00
4.149585e+00 7.974456e-01 -1.810679e+00
4.150585e+00 8.499037e-01 -1.805082e+00
4.151585e+00 8.026453e-01 -1.799457e+00
4.152585e+00 9.377675e-01 -1.793802e+00
4.153585e+00 8.749109e-01 -1.788119e+00
4.154585e+00 8.395979e-01 -1.782406e+00
4.155584e+00 7.757237e-01 -1.776665e+00
4.156584e+00 7.355803e-01 -1.770896e+00
4.157584e+00 7.116261e-01 -1.765098e+00
4.158584e+00 7.450424e-01 -1.759271e+00
4.159584e+00 8.654749e-01 -1.753417e+00
4.160584e+00 9.493753e-01 -1.747534e+00
4.161584e+00 9.568243e-01 -1.741622e+00
4.162584e+00 9.244888e-01 -1.735683e+00
4.163584e+00 1.000348e+00 -1.729716e+00
4.164584e+00 8.461094e-01 -1.723721e+00
4.165583e+00 8.423536e-01 -1.717699e+00
4.166583e+00 8.028086e-01 -1.711649e+00
4.167583e+00 7.010342e-01 -1.705571e+00
4.168583e+00 9.683563e-01 -1.699467e+00
4.169583e+00 8.798197e-01 -1.693335e+00
4.170583e+00 9.411193e-01 -1.687176e+00
4.171583e+00 9.599900e-01 -1.680990e+00
4.172583e+00 1.041678e+00 -1.674777e+00
4.173583e+00 1.011122e+00 -1.668538e+00
4.174583e+00 9.760600e-01 -1.662272e+00
4.175582e+00 8.420139e-01 -1.655980e+00
4.176582e+00 8.546221e-01 -1.649661e+00
4.177582e+00 8.206148e-01 -1.643317e+00
4.178582e+00 8.900279e-01 -1.636946e+00
4.179582e+00 8.483959e-01 -1.630550e+00
4.180582e+00 1.019970e+00 -1.624128e+00
4.181582e+00 1.058013e+00 -1.617681e+00
4.182582e+00 9.456376e-01 -1.611209e+00
4.183582e+00 1.057511e+00 -1.604711e+00
4.184582e+00 9.856620e-01 -1.598189e+00
4.185581e+00 8.652390e-01 -1.591641e+00
4.186581e+00 7.980120e-01 -1.585069e+00
4.187581e+00 8.345939e-01 -1.578473e+00
4.188581e+00 8.755075e-01 -1.571852e+00
4.189581e+00 9.240456e-01 -1.565208e+00
4.190581e+00 9.391031e-01 -1.558539e+00
4.191581e+00 1.036880e+00 -1.551847e+00
4.192581e+00 1.014298e+00 -1.545131e+00
4.193581e+00 1.102306e+00 -1.538392e+00
4.194581e+00 9.096325e-01 -1.531630e+00
4.195580e+00 8.872988e-01 -1.524845e+00
4.196580e+00 8.591433e-01 -1.518038e+00
4.197580e+00 8.486714e-01 -1.511208e+00
4.198580e+00 8.174042e-01 -1.504355e+00
4.199580e+00 8.688746e-01 -1.497481e+00
4.200580e+00 9.862107e-01 -1.490585e+00
4.201580e+00 9.874826e-01 -1.483667e+00
4.202580e+00 1.063542e+00 -1.476728e+00
4.203580e+00 9.952627e-01 -1.469768e+00
4.204580e+00 1.004814e+00 -1.462787e+00
4.205579e+00 9.647216e-01 -1.455785e+00
4.206579e+00 9.137102e-01 -1.448762e+00
4.207579e+00 8.470569e-01 -1.441720e+00
4.208579e+00 8.562413e-01 -1.434658e+00
4.209579e+00 8.942556e-01 -1.427575e+00
4.210579e+00 9.981772e-01 -1.420474e+00
4.211579e+00 9.726539e-01 -1.413353e+00
4.212579e+00 9.792208e-01 -1.406213e+00
4.213579e+00 9.881510e-01 -1.399055e+00
4.214579e+00 1.071362e+00 -1.391878e+00
4.215578e+00 9.245793e-01 -1.384683e+00
4.216578e+00 8.907907e-01 -1.377470e+00
4.217578e+00 9.044403e-01 -1.370240e+00
4.218578e+00 8.655675e-01 -1.362992e+00
4.219578e+00 9.115996e-01 -1.355727e+00
4.220578e+00 9.732381e-01 -1.348445e+00
4.221578e+00 1.101611e+00 -1.341147e+00
4.222578e+00 1.062520e+00 -1.333833e+00
4.223578e+00 1.085278e+00 -1.326502e+00
4.224578e+00 1.013934e+00 -1.319156e+00
4.225577e+00 1.037878e+00 -1.311795e+00
4.226577e+00 9.568091e-01 -1.304419e+00
4.227577e+00 8.879918e-01 -1.297028e+00
4.228577e+00 9.315342e-01 -1.289623e+00
4.229577e+00 9.791050e-01 -1.282203e+00
4.230577e+00 1.038446e+00 -1.274770e+00
4.231577e+00 1.092285e+00 -1.267323e+00
4.232577e+00 1.053491e+00 -1.259863e+00
4.233577e+00 1.021727e+00 -1.252390e+00
4.234577e+00 1.081182e+00 -1.244905e+00
4.235576e+00 1.014077e+00 -1.237407e+00
4.236576e+00 1.025507e+00 -1.229898e+00
4.237576e+00 9.280868e-01 -1.222377e+00
4.238576e+00 9.437090e-01 -1.214845e+00
4.239576e+00 9.465560e-01 -1.207302e+00
4.240576e+00 9.655512e-01 -1.199748e+00
4.241576e+00 1.190062e+00 -1.192185e+00
4.242576e+00 9.959846e-01 -1.184611e+00
4.243576e+00 1.099236e+00 -1.177028e+00
4.244576e+00 1.034728e+00 -1.169436e+00
4.245575e+00 9.614477e-01 -1.161835e+00
4.246575e+00 9.753328e-01 -1.154225e+00
4.247575e+00 9.486502e-01 -1.146608e+00
4.248575e+00 8.919622e-01 -1.138982e+00
4.249575e+00 1.036970e+00 -1.131350e+00
4.250575e+00 1.050196e+00 -1.123710e+00
4.251575e+00 1.088785e+00 -1.116064e+00
4.252575e+00 1.097281e+00 -1.108411e+00
4.253575e+00 1.133544e+00 -1.100752e+00
4.254575e+00 9.995903e-01 -1.093088e+00
4.255574e+00 1.039111e+00 -1.085419e+00
4.256574e+00 8.910560e-01 -1.077745e+00
4.257574e+00 7.992906e-01 -1.070067e+00
4.258574e+00 9.960784e-01 -1.062385e+00
4.259574e+00 1.054650e+00 -1.054699e+00
4.260574e+00 1.050510e+00 -1.047009e+00
4.261574e+00 1.101876e+00 -1.039317e+00
4.262574e+00 1.174248e+00 -1.031622e+00
4.263574e+00 1.017238e+00 -1.023926e+00
4.264574e+00 1.122375e+00 -1.016227e+00
4.265573e+00 9.958624e-01 -1.008527e+00
4.266573e+00 9.638798e-01 -1.000827e+00
4.267573e+00 8.570692e-01 -9.931256e-01
4.268573e+00 9.488256e-01 -9.854243e-01
4.269573e+00 9.025807e-01 -9.777232e-01
4.270573e+00 1.075710e+00 -9.700229e-01
4.271573e+00 1.150090e+00 -9.623236e-01
4.272573e+00 1.071169e+00 -9.546258e-01
4.273573e+00 1.003364e+00 -9.469298e-01
4.274573e+00 1.009861e+00 -9.392362e-01
4.275572e+00 8.932254e-01 -9.315452e-01
4.276572e+00 9.111619e-01 -9.238574e-01
4.277572e+00 8.126104e-01 -9.161730e-01
4.278572e+00 9.200251e-01 -9.084926e-01
4.279572e+00 9.192704e-01 -9.008165e-01
4.280572e+00 1.053465e+00 -8.931451e-01
4.281572e+00 9.630297e-01 -8.854789e-01
4.282572e+00 1.229267e+00 -8.778183e-01
4.283572e+00 1.006178e+00 -8.701636e-01
4.284572e+00 1.038469e+00 -8.625153e-01
4.285571e+00 9.244270e-01 -8.548739e-01
4.286571e+00 8.979774e-01 -8.472396e-01
4.287571e+00 8.494779e-01 -8.396130e-01
4.288571e+00 9.004034e-01 -8.319944e-01
4.289571e+00 8.652446e-01 -8.243843e-01
4.290571e+00 9.457373e-01 -8.167831e-01
4.291571e+00 1.010715e+00 -8.091912e-01
4.292571e+00 1.139041e+00 -8.016090e-01
4.293571e+00 1.079054e+00 -7.940369e-01
4.294571e+00 1.063663e+00 -7.864754e-01
4.295570e+00 9.533836e-01 -7.789249e-01
4.296570e+00 8.403500e-01 -7.713857e-01
4.297570e+00 8.167917e-01 -7.638584e-01
4.298570e+00 8.053798e-01 -7.563432e-01
4.299570e+00 9.697542e-01 -7.488407e-01
4.300570e+00 9.885336e-01 -7.413513e-01
4.301570e+00 1.011255e+00 -7.338753e-01
4.302570e+00 9.284307e-01 -7.264132e-01
4.303570e+00 1.015141e+00 -7.189654e-01
4.304570e+00 9.618682e-01 -7.115323e-01
4.305569e+00 8.954909e-01 -7.041144e-01
4.306569e+00 8.861925e-01 -6.967120e-01
4.307569e+00 8.188346e-01 -6.893255e-01
4.308569e+00 8.611376e-01 -6.819554e-01
4.309569e+00 9.691472e-01 -6.746021e-01
4.310569e+00 8.930563e-01 -6.672659e-01
4.311569e+00 9.944362e-01 -6.599474e-01
4.312569e+00 1.026927e+00 -6.526468e-01
4.313569e+00 1.013671e+00 -6.453647e-01
4.314569e+00 1.044732e+00 -6.381014e-01
4.315568e+00 8.723096e-01 -6.308573e-01
4.316568e+00 8.619944e-01 -6.236328e-01
4.317568e+00 8.608827e-01 -6.164284e-01
4.318568e+00 8.479828e-01 -6.092444e-01
4.319568e+00 8.488622e-01 -6.020812e-01
4.320568e+00 9.646388e-01 -5.949392e-01
4.321568e+00 9.561473e-01 -5.878188e-01
4.322568e+00 9.194342e-01 -5.807205e-01
4.323568e+00 8.327836e-01 -5.736446e-01
4.324568e+00 8.845151e-01 -5.665914e-01
4.325567e+00 8.662752e-01 -5.595615e-01
4.326567e+00 7.545868e-01 -5.525552e-01
4.327567e+00 7.186199e-01 -5.455728e-01
4.328567e+00 7.444704e-01 -5.386147e-01
4.329567e+00 7.677690e-01 -5.316814e-01
4.330567e+00 9.226501e-01 -5.247732e-01
4.331567e+00 9.343248e-01 -5.178905e-01
4.332567e+00 9.276523e-01 -5.110337e-01
4.333567e+00 1.011998e+00 -5.042031e-01
4.334567e+00 8.235115e-01 -4.973991e-01
4.335566e+00 8.305400e-01 -4.906221e-01
4.336566e+00 6.898988e-01 -4.838725e-01
4.337566e+00 7.662416e-01 -4.771505e-01
4.338566e+00 7.305806e-01 -4.704567e-01
4.339566e+00 8.820939e-01 -4.637913e-01
4.340566e+00 8.901417e-01 -4.571547e-01
4.341566e+00 8.871138e-01 -4.505472e-01
4.342566e+00 9.471059e-01 -4.439692e-01
4.343566e+00 8.374533e-01 -4.374212e-01
4.344566e+00 8.023783e-01 -4.309033e-01
4.345565e+00 8.096060e-01 -4.244159e-01
4.346565e+00 6.935906e-01 -4.179595e-01
4.347565e+00 6.421727e-01 -4.115343e-01
4.348565e+00 7.787780e-01 -4.051406e-01
4.349565e+00 7.902185e-01 -3.987789e-01
4.350565e+00 7.635120e-01 -3.924494e-01
4.351565e+00 8.913178e-01 -3.861525e-01
4.352565e+00 8.650197e-01 -3.798884e-01
4.353565e+00 9.243848e-01 -3.736576e-01
4.354565e+00 8.401065e-01 -3.674603e-01
4.355564e+00 6.791189e-01 -3.612968e-01
4.356564e+00 7.003515e-01 -3.551675e-01
4.357564e+00 6.507372e-01 -3.490727e-01
4.358564e+00 7.091621e-01 -3.430126e-01
4.359564e+00 7.007553e-01 -3.369876e-01
4.360564e+00 7.543103e-01 -3.309980e-01
4.361564e+00 8.703879e-01 -3.250441e-01
4.362564e+00 8.375022e-01 -3.191262e-01
4.363564e+00 8.417131e-01 -3.132445e-01
4.364564e+00 7.706872e-01 -3.073994e-01
4.365563e+00 7.096495e-01 -3.015911e-01
4.366563e+00 6.437718e-01 -2.958199e-01
4.367563e+00 6.084508e-01 -2.900862e-01
4.368563e+00 6.635391e-01 -2.843901e-01
4.369563e+00 6.501038e-01 -2.787319e-01
4.370563e+00 7.723680e-01 -2.731120e-01
4.371563e+00 7.833053e-01 -2.675305e-01
4.372563e+00 7.920259e-01 -2.619878e-01
4.373563e+00 7.481199e-01 -2.564840e-01
4.374563e+00 6.955138e-01 -2.510195e-01
4.375562e+00 6.755977e-01 -2.455945e-01
4.376562e+00 6.128373e-01 -2.402092e-01
4.377562e+00 6.554023e-01 -2.348640e-01
4.378562e+00 5.641761e-01 -2.295589e-01
4.379562e+00 6.804543e-01 -2.242943e-01
4.380562e+00 6.919446e-01 -2.190704e-01
4.381562e+00 7.861077e-01 -2.138874e-01
4.382562e+00 8.498443e-01 -2.087456e-01
4.383562e+00 7.107512e-01 -2.036452e-01
4.384562e+00 6.583564e-01 -1.985863e-01
4.385561e+00 6.578959e-01 -1.935693e-01
4.386561e+00 5.730179e-01 -1.885942e-01
4.387561e+00 5.613149e-01 -1.836614e-01
4.388561e+00 5.741235e-01 -1.787710e-01
4.389561e+00 6.205824e-01 -1.739232e-01
4.390561e+00 6.754452e-01 -1.691183e-01
4.391561e+00 7.500729e-01 -1.643564e-01
4.392561e+00 7.639066e-01 -1.596377e-01
4.393561e+00 6.383089e-01 -1.549624e-01
4.394561e+00 7.126211e-01 -1.503306e-01
4.395560e+00 5.649481e-01 -1.457426e-01
4.396560e+00 4.927578e-01 -1.411986e-01
4.397560e+00 5.371317e-01 -1.366986e-01
4.398560e+00 5.366345e-01 -1.322429e-01
4.399560e+00 6.294243e-01 -1.278317e-01
4.400560e+00 5.908682e-01 -1.234650e-01
4.401560e+00 5.908006e-01 -1.191431e-01
4.402560e+00 7.018213e-01 -1.148661e-01
4.403560e+00 5.967115e-01 -1.106342e-01
4.404560e+00 5.358913e-01 -1.064474e-01
4.405559e+00 5.843126e-01 -1.023061e-01
4.406559e+00 3.763972e-01 -9.821015e-02
4.407559e+00 4.569362e-01 -9.415987e-02
4.408559e+00 5.033299e-01 -9.015535e-02
4.409559e+00 5.220055e-01 -8.619670e-02
4.410559e+00 5.172542e-01 -8.228407e-02
4.411559e+00 5.498609e-01 -7.841757e-02
4.412559e+00 6.530052e-01 -7.459732e-02
4.413559e+00 6.255367e-01 -7.082343e-02
4.414559e+00 5.705668e-01 -6.709603e-02
4.415558e+00 5.088335e-01 -6.341521e-02
4.416558e+00 3.852187e-01 -5.978107e-02
4.417558e+00 4.058021e-01 -5.619374e-02
4.418558e+00 4.499501e-01 -5.265329e-02
4.419558e+00 4.486033e-01 -4.915983e-02
4.420558e+00 4.714314e-01 -4.571344e-02
4.421558e+00 6.135388e-01 -4.231423e-02
4.422558e+00 5.522341e-01 -3.896226e-02
4.423558e+00 5.634116e-01 -3.565762e-02
4.424558e+00 4.760627e-01 -3.240040e-02
4.425557e+00 3.839947e-01 -2.919066e-02
4.426557e+00 4.056821e-01 -2.602847e-02
4.427557e+00 3.619244e-01 -2.291392e-02
4.428557e+00 3.550347e-01 -1.984705e-02
4.429557e+00 3.992595e-01 -1.682794e-02
4.430557e+00 6.014780e-01 -1.385664e-02
4.431557e+00 5.038271e-01 -1.093321e-02
4.432557e+00 5.459147e-01 -8.057708e-03
4.433557e+00 3.874745e-01 -5.230173e-03
4.434557e+00 4.014308e-01 -2.450657e-03
4.435556e+00 3.877722e-01 2.807970e-04
4.436556e+00 2.764047e-01 2.964148e-03
4.437556e+00 2.922233e-01 5.599359e-03
4.438556e+00 2.791231e-01 8.186395e-03
4.439556e+00 3.186314e-01 1.072522e-02
4.440556e+00 3.941609e-01 1.321582e-02
4.441556e+00 4.214728e-01 1.565815e-02
4.442556e+00 4.851479e-01 1.805220e-02
4.443556e+00 4.109559e-01 2.039794e-02
4.444556e+00 3.755997e-01 2.269537e-02
4.445555e+00 3.027592e-01 2.494446e-02
4.446555e+00 3.147284e-01 2.714520e-02
4.447555e+00 2.346995e-01 2.929759e-02
4.448555e+00 2.922476e-01 3.140161e-02
4.449555e+00 3.182543e-01 3.345728e-02
4.450555e+00 3.508613e-01 3.546457e-02
4.451555e+00 4.023126e-01 3.742351e-02
4.452555e+00 4.406355e-01 3.933409e-02
4.453555e+00 3.594707e-01 4.119632e-02
4.454555e+00 2.834323e-01 4.301022e-02
4.455554e+00 2.297159e-01 4.477578e-02
4.456554e+00 1.792203e-01 4.649304e-02
4.457554e+00 1.556061e-01 4.816201e-02
4.458554e+00 1.344153e-01 4.978271e-02
4.459554e+00 2.881723e-01 5.135516e-02
4.460554e+00 2.678824e-01 5.287939e-02
4.461554e+00 3.798651e-01 5.435543e-02
4.462554e+00 3.856480e-01 5.578331e-02
4.463554e+00 2.763719e-01 5.716306e-02
4.464554e+00 1.719286e-01 5.849472e-02
4.465553e+00 2.384600e-01 5.977832e-02
4.466553e+00 1.091673e-01 6.101392e-02
4.467553e+00 1.023059e-01 6.220155e-02
4.468553e+00 3.545939e-02 6.334125e-02
4.469553e+00 1.572023e-01 6.443308e-02
4.470553e+00 1.688328e-01 6.547708e-02
4.471553e+00 2.931812e-01 6.647331e-02
4.472553e+00 2.659440e-01 6.742183e-02
4.473553e+00 1.602742e-01 6.832268e-02
4.474553e+00 2.372029e-01 6.917594e-02
4.475552e+00 1.713359e-01 6.998165e-02
4.476552e+00 -1.101712e-02 7.073990e-02
4.477552e+00 -7.191599e-02 7.145073e-02
4.478552e+00 1.580545e-02 7.211423e-02
4.479552e+00 1.112356e-01 7.273046e-02
4.480552e+00 1.651160e-01 7.329949e-02
4.481552e+00 2.339847e-01 7.382140e-02
4.482552e+00 1.948687e-01 7.429627e-02
4.483552e+00 1.697963e-01 7.472418e-02
4.484552e+00 5.444034e-02 7.510520e-02
4.485551e+00 1.067090e-01 7.543942e-02
4.486551e+00 -3.129397e-02 7.572693e-02
4.487551e+00 -1.608113e-02 7.596782e-02
4.488551e+00 -2.648938e-02 7.616217e-02
4.489551e+00 7.727907e-02 7.631008e-02
4.490551e+00 5.005173e-02 7.641163e-02
4.491551e+00 3.824870e-02 7.646694e-02
4.492551e+00 1.025383e-01 7.647608e-02
4.493551e+00 1.476517e-01 7.643917e-02
4.494551e+00 -2.655810e-02 7.635631e-02
4.495550e+00 -5.611724e-02 7.622759e-02
4.496550e+00 -9.270427e-02 7.605313e-02
4.497550e+00 -2.113340e-01 7.583304e-02
4.498550e+00 -1.059250e-01 7.556741e-02
4.499550e+00 -1.117476e-02 7.525637e-02
4.500550e+00 8.392278e-03 7.490003e-02
4.501550e+00 6.778039e-02 7.449850e-02
4.502550e+00 8.640437e-02 7.405190e-02
4.503550e+00 1.263048e-01 7.356035e-02
4.504550e+00 7.931100e-03 7.302397e-02
4.505549e+00 -7.779203e-02 7.244289e-02
4.506549e+00 -1.177362e-01 7.181722e-02
4.507549e+00 -1.713572e-01 7.114709e-02
4.508549e+00 -1.012309e-01 7.043264e-02
4.509549e+00 -4.527365e-02 6.967400e-02
4.510549e+00 -1.285528e-01 6.887128e-02
4.511549e+00 4.477514e-02 6.802464e-02
4.512549e+00 -6.007344e-03 6.713420e-02
4.513549e+00 2.864303e-02 6.620010e-02
4.514549e+00 -2.193216e-02 6.522249e-02
4.515548e+00 -1.180586e-01 6.420149e-02
4.516548e+00 -1.876864e-01 6.313727e-02
4.517548e+00 -2.572969e-01 6.202994e-02
4.518548e+00 -2.593177e-01 6.087968e-02
4.519548e+00 -1.968231e-01 5.968662e-02
4.520548e+00 -6.892270e-02 5.845091e-02
4.521548e+00 -2.457029e-02 5.717271e-02
4.522548e+00 -8.148091e-02 5.585216e-02
4.523548e+00 -7.743535e-02 5.448942e-02
4.524548e+00 -3.996749e-02 5.308466e-02
4.525547e+00 -1.797677e-01 5.163802e-02
4.526547e+00 -2.848291e-01 5.014966e-02
4.527547e+00 -3.023405e-01 4.861976e-02
4.528547e+00 -2.801738e-01 4.704847e-02
4.529547e+00 -1.823374e-01 4.543595e-02
4.530547e+00 -9.600131e-02 4.378238e-02
4.531547e+00 -1.341722e-01 4.208792e-02
4.532547e+00 -1.384653e-01 4.035274e-02
4.533547e+00 -8.240209e-02 3.857701e-02
4.534547e+00 -1.878717e-01 3.676091e-02
4.535546e+00 -2.540654e-01 3.490461e-02
4.536546e+00 -2.718461e-01 3.300829e-02
4.537546e+00 -3.384591e-01 3.107212e-02
4.538546e+00 -3.425718e-01 2.909629e-02
4.539546e+00 -3.242988e-01 2.708097e-02
4.540546e+00 -2.971420e-01 2.502636e-02
4.541546e+00 -2.256352e-01 2.293263e-02
4.542546e+00 -2.060791e-01 2.079996e-02
4.543546e+00 -1.853884e-01 1.862856e-02
4.544546e+00 -2.051529e-01 1.641860e-02
4.545545e+00 -3.004720e-01 1.417029e-02
4.546545e+00 -3.599442e-01 1.188380e-02
4.547545e+00 -3.989150e-01 9.559338e-03
4.548545e+00 -3.393911e-01 7.197096e-03
4.549545e+00 -2.980923e-01 4.797272e-03
4.550545e+00 -3.726457e-01 2.360064e-03
4.551545e+00 -2.739399e-01 -1.143267e-04
4.552545e+00 -1.786115e-01 -2.625700e-03
4.553545e+00 -2.683503e-01 -5.173851e-03
4.554545e+00 -2.964701e-01 -7.758575e-03
4.555544e+00 -3.776807e-01 -1.037967e-02
4.556544e+00 -4.783385e-01 -1.303692e-02
4.557544e+00 -4.715435e-01 -1.573012e-02
4.558544e+00 -4.435463e-01 -1.845906e-02
4.559544e+00 -4.728858e-01 -2.122352e-02
4.560544e+00 -3.040736e-01 -2.402330e-02
4.561544e+00 -2.883394e-01 -2.685817e-02
4.562544e+00 -3.049702e-01 -2.972793e-02
4.563544e+00 -3.411411e-01 -3.263234e-02
4.564544e+00 -3.343927e-01 -3.557120e-02
4.565543e+00 -4.380757e-01 -3.854428e-02
4.566543e+00 -5.771852e-01 -4.155136e-02
4.567543e+00 -5.465838e-01 -4.459221e-02
4.568543e+00 -5.040430e-01 -4.766661e-02
4.569543e+00 -4.107484e-01 -5.077433e-02
4.570543e+00 -3.269492e-01 -5.391515e-02
4.571543e+00 -2.811734e-01 -5.708883e-02
4.572543e+00 -3.786062e-01 -6.029514e-02
4.573543e+00 -2.697365e-01 -6.353385e-02
4.574543e+00 -3.326874e-01 -6.680473e-02
4.575542e+00 -4.420174e-01 -7.010754e-02
4.576542e+00 -5.140816e-01 -7.344204e-02
4.577542e+00 -6.617096e-01 -7.680800e-02
4.578542e+00 -6.233722e-01 -8.020518e-02
4.579542e+00 -5.146610e-01 -8.363333e-02
4.580542e+00 -4.205399e-01 -8.709222e-02
4.581542e+00 -4.131668e-01 -9.058159e-02
4.582542e+00 -3.909105e-01 -9.410122e-02
4.583542e+00 -4.073903e-01 -9.765085e-02
4.584542e+00 -5.165953e-01 -1.012302e-01
4.585541e+00 -6.113332e-01 -1.048391e-01
4.586541e+00 -6.641965e-01 -1.084773e-01
4.587541e+00 -5.410157e-01 -1.121444e-01
4.588541e+00 -6.119950e-01 -1.158403e-01
4.589541e+00 -6.198491e-01 -1.195647e-01
4.590541e+00 -4.281646e-01 -1.233174e-01
4.591541e+00 -4.096602e-01 -1.270980e-01
4.592541e+00 -3.915220e-01 -1.309064e-01
4.593541e+00 -4.834655e-01 -1.347423e-01
4.594541e+00 -4.909516e-01 -1.386054e-01
4.595540e+00 -5.182235e-01 -1.424954e-01
4.596540e+00 -6.248083e-01 -1.464121e-01
4.597540e+00 -6.744814e-01 -1.503553e-01
4.598540e+00 -7.047535e-01 -1.543246e-01
4.599540e+00 -5.779490e-01 -1.583199e-01
4.600540e+00 -6.098818e-01 -1.623408e-01
4.601540e+00 -5.724882e-01 -1.663871e-01
4.602540e+00 -4.868934e-01 -1.704585e-01
4.603540e+00 -5.733860e-01 -1.745547e-01
4.604540e+00 -6.006319e-01 -1.786755e-01
4.605539e+00 -6.409054e-01 -1.828206e-01
4.606539e+00 -7.295662e-01 -1.869898e-01
4.607539e+00 -7.873701e-01 -1.911827e-01
4.608539e+00 -7.677199e-01 -1.953991e-01
4.609539e+00 -6.598741e-01 -1.996387e-01
4.610539e+00 -6.213691e-01 -2.039012e-01
4.611539e+00 -6.312062e-01 -2.081865e-01
4.612539e+00 -5.412577e-01 -2.124941e-01
4.613539e+00 -4.790973e-01 -2.168238e-01
4.614539e+00 -6.736029e-01 -2.211754e-01
4.615538e+00 -6.995246e-01 -2.255485e-01
4.616538e+00 -8.005579e-01 -2.299429e-01
4.617538e+00 -8.265937e-01 -2.343583e-01
4.618538e+00 -7.450172e-01 -2.387944e-01
4.619538e+00 -6.965718e-01 -2.432510e-01
4.620538e+00 -5.823291e-01 -2.477277e-01
4.621538e+00 -5.784042e-01 -2.522244e-01
4.622538e+00 -6.267410e-01 -2.567406e-01
4.623538e+00 -6.392249e-01 -2.612761e-01
4.624538e+00 -6.694264e-01 -2.658306e-01
4.625537e+00 -7.668607e-01 -2.704039e-01
4.626537e+00 -7.688241e-01 -2.749957e-01
4.627537e+00 -8.331738e-01 -2.796056e-01
4.628537e+00 -7.089843e-01 -2.842335e-01
4.629537e+00 -7.604571e-01 -2.888789e-01
4.630537e+00 -7.963899e-01 -2.935417e-01
4.631537e+00 -6.815935e-01 -2.982215e-01
4.632537e+00 -6.191472e-01 -3.029180e-01
4.633537e+00 -5.998017e-01 -3.076310e-01
4.634537e+00 -7.043773e-01 -3.123602e-01
4.635536e+00 -6.857573e-01 -3.171053e-01
4.636536e+00 -9.012864e-01 -3.218659e-01
4.637536e+00 -8.004731e-01 -3.266419e-01
4.638536e+00 -8.202099e-01 -3.314330e-01
4.639536e+00 -8.610591e-01 -3.362387e-01
4.640536e+00 -7.411975e-01 -3.410589e-01
4.641536e+00 -6.805234e-01 -3.458933e-01
4.642536e+00 -6.192080e-01 -3.507415e-01
4.643536e+00 -7.700799e-01 -3.556034e-01
4.644536e+00 -7.522525e-01 -3.604785e-01
4.645535e+00 -9.114978e-01 -3.653666e-01
4.646535e+00 -8.303949e-01 -3.702675e-01
4.647535e+00 -8.940949e-01 -3.751808e-01
4.648535e+00 -9.108595e-01 -3.801063e-01
4.649535e+00 -8.703919e-01 -3.850436e-01
4.650535e+00 -7.884318e-01 -3.899925e-01
4.651535e+00 -7.889971e-01 -3.949526e-01
4.652535e+00 -7.002934e-01 -3.999238e-01
4.653535e+00 -7.460783e-01 -4.049057e-01
4.654535e+00 -7.860169e-01 -4.098981e-01
4.655534e+00 -8.551692e-01 -4.149005e-01
4.656534e+00 -9.861057e-01 -4.199129e-01
4.657534e+00 -1.002862e+00 -4.249348e-01
4.658534e+00 -9.249245e-01 -4.299660e-01
4.659534e+00 -9.123303e-01 -4.350062e-01
4.660534e+00 -8.124856e-01 -4.400552e-01
4.661534e+00 -8.922885e-01 -4.451125e-01
4.662534e+00 -8.503243e-01 -4.501781e-01
4.663534e+00 -8.064659e-01 -4.552515e-01
4.664534e+00 -9.186982e-01 -4.603325e-01
4.665533e+00 -8.715787e-01 -4.654208e-01
4.666533e+00 -8.272735e-01 -4.705162e-01
4.667533e+00 -9.161310e-01 -4.756183e-01
4.668533e+00 -9.456075e-01 -4.807270e-01
4.669533e+00 -9.939373e-01 -4.858418e-01
4.670533e+00 -8.654569e-01 -4.909625e-01
4.671533e+00 -7.991984e-01 -4.960889e-01
4.672533e+00 -7.676090e-01 -5.012207e-01
4.673533e+00 -8.180738e-01 -5.063575e-01
4.674533e+00 -9.523378e-01 -5.114992e-01
4.675532e+00 -9.881050e-01 -5.166455e-01
4.676532e+00 -1.049707e+00 -5.217960e-01
4.677532e+00 -8.781399e-01 -5.269505e-01
4.678532e+00 -9.297404e-01 -5.321088e-01
4.679532e+00 -1.036117e+00 -5.372706e-01
4.680532e+00 -8.268957e-01 -5.424356e-01
4.681532e+00 -8.028077e-01 -5.476035e-01
4.682532e+00 -9.213142e-01 -5.527741e-01
4.683532e+00 -8.774391e-01 -5.579471e-01
4.684532e+00 -8.383776e-01 -5.631223e-01
4.685531e+00 -1.012476e+00 -5.682994e-01
4.686531e+00 -9.409740e-01 -5.734780e-01
4.687531e+00 -9.778084e-01 -5.786581e-01
4.688531e+00 -9.856558e-01 -5.838393e-01
4.689531e+00 -9.804835e-01 -5.890213e-01
4.690531e+00 -1.019544e+00 -5.942039e-01
4.691531e+00 -8.929930e-01 -5.993869e-01
4.692531e+00 -8.268984e-01 -6.045700e-01
4.693531e+00 -8.376487e-01 -6.097529e-01
4.694531e+00 -8.559969e-01 -6.149354e-01
4.695530e+00 -9.842535e-01 -6.201172e-01
4.696530e+00 -9.652981e-01 -6.252982e-01
4.697530e+00 -1.009301e+00 -6.304780e-01
4.698530e+00 -9.902137e-01 -6.356564e-01
4.699530e+00 -9.385098e-01 -6.408332e-01
4.700530e+00 -9.185039e-01 -6.460081e-01
4.701530e+00 -8.915752e-01 -6.511809e-01
4.702530e+00 -8.358172e-01 -6.563514e-01
4.703530e+00 -8.512646e-01 -6.615192e-01
4.704530e+00 -8.092180e-01 -6.666843e-01
4.705529e+00 -1.003483e+00 -6.718463e-01
4.706529e+00 -1.022410e+00 -6.770050e-01
4.707529e+00 -9.943953e-01 -6.821602e-01
4.708529e+00 -1.063352e+00 -6.873116e-01
4.709529e+00 -9.755253e-01 -6.924591e-01
4.710529e+00 -8.176924e-01 -6.976024e-01
4.711529e+00 -9.350759e-01 -7.027413e-01
4.712529e+00 -8.470834e-01 -7.078755e-01
4.713529e+00 -9.531332e-01 -7.130049e-01
4.714529e+00 -1.043877e+00 -7.181292e-01
4.715528e+00 -9.850546e-01 -7.232482e-01
4.716528e+00 -1.058839e+00 -7.283618e-01
4.717528e+00 -1.182292e+00 -7.334696e-01
4.718528e+00 -1.060725e+00 -7.385715e-01
4.719528e+00 -9.912368e-01 -7.436672e-01
4.720528e+00 -9.360708e-01 -7.487566e-01
4.721528e+00 -8.174979e-01 -7.538395e-01
4.722528e+00 -8.256288e-01 -7.589157e-01
4.723528e+00 -8.569221e-01 -7.639849e-01
4.724528e+00 -8.681836e-01 -7.690469e-01
4.725527e+00 -1.009517e+00 -7.741016e-01
4.726527e+00 -1.055387e+00 -7.791488e-01
4.727527e+00 -1.130322e+00 -7.841883e-01
4.728527e+00 -1.117868e+00 -7.892198e-01
4.729527e+00 -1.001276e+00 -7.942432e-01
4.730527e+00 -9.415888e-01 -7.992584e-01
4.731527e+00 -9.322989e-01 -8.042650e-01
4.732527e+00 -9.517695e-01 -8.092630e-01
4.733527e+00 -9.004759e-01 -8.142522e-01
4.734527e+00 -9.555088e-01 -8.192323e-01
4.735526e+00 -1.047722e+00 -8.242033e-01
4.736526e+00 -1.107726e+00 -8.291648e-01
4.737526e+00 -1.174872e+00 -8.341169e-01
4.738526e+00 -1.136029e+00 -8.390592e-01
4.739526e+00 -1.025315e+00 -8.439916e-01
4.740526e+00 -9.545140e-01 -8.489140e-01
4.741526e+00 -8.444027e-01 -8.538261e-01
4.742526e+00 -8.503363e-01 -8.587279e-01
4.743526e+00 -8.553400e-01 -8.636191e-01
4.744526e+00 -9.814986e-01 -8.684997e-01
4.745525e+00 -1.064087e+00 -8.733694e-01
4.746525e+00 -1.037886e+00 -8.782280e-01
4.747525e+00 -1.118081e+00 -8.830756e-01
4.748525e+00 -1.097229e+00 -8.879118e-01
4.749525e+00 -1.041476e+00 -8.927365e-01
4.750525e+00 -9.554949e-01 -8.975496e-01
4.751525e+00 -9.960717e-01 -9.023510e-01
4.752525e+00 -8.801041e-01 -9.071405e-01
4.753525e+00 -8.987718e-01 -9.119180e-01
4.754525e+00 -9.006254e-01 -9.166833e-01
4.755524e+00 -9.942176e-01 -9.214363e-01
4.756524e+00 -1.035216e+00 -9.261768e-01
4.757524e+00 -1.068963e+00 -9.309048e-01
4.758524e+00 -1.105303e+00 -9.356201e-01
4.759524e+00 -9.897272e-01 -9.403225e-01
4.760524e+00 -9.170372e-01 -9.450120e-01
4.761524e+00 -9.457716e-01 -9.496884e-01
4.762524e+00 -8.558692e-01 -9.543516e-01
4.763524e+00 -9.646335e-01 -9.590015e-01
4.764524e+00 -9.167333e-01 -9.636379e-01
4.765523e+00 -9.994200e-01 -9.682608e-01
4.766523e+00 -1.082559e+00 -9.728700e-01
4.767523e+00 -1.128739e+00 -9.774655e-01
4.768523e+00 -1.084228e+00 -9.820470e-01
4.769523e+00 -9.275995e-01 -9.866146e-01
4.770523e+00 -9.428861e-01 -9.911680e-01
4.771523e+00 -8.101995e-01 -9.957073e-01
4.772523e+00 -9.363660e-01 -1.000232e+00
4.773523e+00 -7.995431e-01 -1.004743e+00
4.774523e+00 -9.639691e-01 -1.009239e+00
4.775522e+00 -1.053242e+00 -1.013720e+00
4.776522e+00 -1.145262e+00 -1.018187e+00
4.777522e+00 -1.095759e+00 -1.022639e+00
4.778522e+00 -1.149061e+00 -1.027076e+00
4.779522e+00 -1.005897e+00 -1.031498e+00
4.780522e+00 -8.888982e-01 -1.035905e+00
4.781522e+00 -9.262455e-01 -1.040297e+00
4.782522e+00 -7.964479e-01 -1.044673e+00
4.783522e+00 -8.788205e-01 -1.049035e+00
4.784522e+00 -1.020846e+00 -1.053381e+00
4.785521e+00 -9.504343e-01 -1.057711e+00
4.786521e+00 -1.041807e+00 -1.062026e+00
4.787521e+00 -1.090152e+00 -1.066325e+00
4.788521e+00 -1.026205e+00 -1.070609e+00
4.789521e+00 -9.584870e-01 -1.074877e+00
4.790521e+00 -9.672108e-01 -1.079129e+00
4.791521e+00 -9.157244e-01 -1.083365e+00
4.792521e+00 -8.771928e-01 -1.087585e+00
4.793521e+00 -9.610865e-01 -1.091789e+00
4.794521e+00 -9.089664e-01 -1.095977e+00
4.795520e+00 -9.355167e-01 -1.100149e+00
4.796520e+00 -1.027386e+00 -1.104305e+00
4.797520e+00 -9.263523e-01 -1.108444e+00
4.798520e+00 -1.029446e+00 -1.112568e+00
4.799520e+00 -9.920511e-01 -1.116674e+00
4.800520e+00 -9.414324e-01 -1.120765e+00
4.801520e+00 -9.203449e-01 -1.124839e+00
4.802520e+00 -7.871299e-01 -1.128896e+00
4.803520e+00 -8.996423e-01 -1.132937e+00
4.804520e+00 -9.551011e-01 -1.136961e+00
4.805519e+00 -9.552515e-01 -1.140968e+00
4.806519e+00 -1.037585e+00 -1.144959e+00
4.807519e+00 -1.035641e+00 -1.148933e+00
4.808519e+00 -9.992683e-01 -1.152891e+00
4.809519e+00 -1.009071e+00 -1.156831e+00
4.810519e+00 -9.144806e-01 -1.160755e+00
4.811519e+00 -7.767662e-01 -1.164661e+00
4.812519e+00 -8.713052e-01 -1.168551e+00
4.813519e+00 -8.487684e-01 -1.172424e+00
4.814519e+00 -9.172547e-01 -1.176279e+00
4.815518e+00 -9.064682e-01 -1.180118e+00
4.816518e+00 -1.074882e+00 -1.183940e+00
4.817518e+00 -1.005538e+00 -1.187745e+00
4.818518e+00 -9.440206e-01 -1.191532e+00
4.819518e+00 -9.783746e-01 -1.195302e+00
4.820518e+00 -8.774724e-01 -1.199056e+00
4.821518e+00 -7.920918e-01 -1.202792e+00
4.822518e+00 -8.188497e-01 -1.206510e+00
4.823518e+00 -7.920909e-01 -1.210212e+00
4.824518e+00 -8.600891e-01 -1.213896e+00
4.825517e+00 -9.232697e-01 -1.217563e+00
4.826517e+00 -1.073775e+00 -1.221213e+00
4.827517e+00 -9.904412e-01 -1.224845e+00
4.828517e+00 -9.817584e-01 -1.228461e+00
4.829517e+00 -9.423999e-01 -1.232059e+00
4.830517e+00 -8.102678e-01 -1.235639e+00
4.831517e+00 -7.741010e-01 -1.239202e+00
4.832517e+00 -7.903443e-01 -1.242748e+00
4.833517e+00 -7.366951e-01 -1.246276e+00
4.834517e+00 -8.971923e-01 -1.249787e+00
4.835516e+00 -9.136048e-01 -1.253281e+00
4.836516e+00 -9.334901e-01 -1.256757e+00
4.837516e+00 -9.888690e-01 -1.260216e+00
4.838516e+00 -8.572794e-01 -1.263658e+00
4.839516e+00 -7.779337e-01 -1.267082e+00
4.840516e+00 -8.107685e-01 -1.270488e+00
4.841516e+00 -7.195970e-01 -1.273878e+00
4.842516e+00 -6.665549e-01 -1.277250e+00
4.843516e+00 -8.245233e-01 -1.280604e+00
4.844516e+00 -7.847437e-01 -1.283941e+00
4.845515e+00 -7.715040e-01 -1.287261e+00
4.846515e+00 -8.740655e-01 -1.290563e+00
4.847515e+00 -9.487995e-01 -1.293848e+00
4.848515e+00 -8.663285e-01 -1.297115e+00
4.849515e+00 -8.379888e-01 -1.300365e+00
4.850515e+00 -6.603507e-01 -1.303598e+00
4.851515e+00 -7.243278e-01 -1.306813e+00
4.852515e+00 -6.256032e-01 -1.310011e+00
4.853515e+00 -6.263327e-01 -1.313191e+00
4.854515e+00 -7.238167e-01 -1.316355e+00
4.855514e+00 -7.552457e-01 -1.319500e+00
4.856514e+00 -9.391298e-01 -1.322629e+00
4.857514e+00 -9.199456e-01 -1.325740e+00
4.858514e+00 -7.718084e-01 -1.328834e+00
4.859514e+00 -8.148977e-01 -1.331910e+00
4.860514e+00 -7.793451e-01 -1.334969e+00
4.861514e+00 -6.358194e-01 -1.338011e+00
4.862514e+00 -6.770483e-01 -1.341036e+00
4.863514e+00 -7.845508e-01 -1.344043e+00
4.864514e+00 -6.853039e-01 -1.347033e+00
4.865513e+00 -8.421387e-01 -1.350006e+00
4.866513e+00 -8.319594e-01 -1.352962e+00
4.867513e+00 -8.780050e-01 -1.355900e+00
4.868513e+00 -8.671225e-01 -1.358821e+00
4.869513e+00 -7.262953e-01 -1.361726e+00
4.870513e+00 -6.735341e-01 -1.364612e+00
4.871513e+00 -6.224990e-01 -1.367482e+00
4.872513e+00 -7.001893e-01 -1.370335e+00
4.873513e+00 -6.745676e-01 -1.373170e+00
4.874513e+00 -6.981998e-01 -1.375989e+00
4.875512e+00 -6.863009e-01 -1.378790e+00
4.876512e+00 -7.357914e-01 -1.381574e+00
4.877512e+00 -7.920745e-01 -1.384342e+00
4.878512e+00 -7.649659e-01 -1.387092e+00
4.879512e+00 -7.332926e-01 -1.389825e+00
4.880512e+00 -6.429309e-01 -1.392541e+00
4.881512e+00 -5.911349e-01 -1.395240e+00
4.882512e+00 -6.019971e-01 -1.397923e+00
4.883512e+00 -5.306189e-01 -1.400588e+00
4.884512e+00 -6.304093e-01 -1.403236e+00
4.885511e+00 -6.508869e-01 -1.405868e+00
4.886511e+00 -6.764230e-01 -1.408483e+00
4.887511e+00 -6.585185e-01 -1.411080e+00
4.888511e+00 -7.273428e-01 -1.413661e+00
4.889511e+00 -6.592952e-01 -1.416225e+00
4.890511e+00 -4.882173e-01 -1.418773e+00
4.891511e+00 -5.407428e-01 -1.421303e+00
4.892511e+00 -5.246831e-01 -1.423817e+00
4.893511e+00 -5.809392e-01 -1.426314e+00
4.894511e+00 -6.189286e-01 -1.428794e+00
4.895510e+00 -6.215840e-01 -1.431258e+00
4.896510e+00 -6.140580e-01 -1.433705e+00
4.897510e+00 -7.438563e-01 -1.436135e+00
4.898510e+00 -7.171657e-01 -1.438549e+00
4.899510e+00 -6.728877e-01 -1.440946e+00
4.900510e+00 -4.990072e-01 -1.443326e+00
4.901510e+00 -4.732665e-01 -1.445690e+00
4.902510e+00 -5.220242e-01 -1.448037e+00
4.903510e+00 -4.573822e-01 -1.450367e+00
4.904510e+00 -5.840184e-01 -1.452681e+00
4.905509e+00 -6.386826e-01 -1.454979e+00
4.906509e+00 -6.045095e-01 -1.457260e+00
4.907509e+00 -6.301964e-01 -1.459524e+00
4.908509e+00 -5.921495e-01 -1.461772e+00
4.909509e+00 -6.125551e-01 -1.464003e+00
4.910509e+00 -5.754697e-01 -1.466218e+00
4.911509e+00 -4.259297e-01 -1.468417e+00
4.912509e+00 -4.318913e-01 -1.470599e+00
4.913509e+00 -3.875911e-01 -1.472765e+00
4.914509e+00 -3.308984e-01 -1.474914e+00
4.915508e+00 -5.923364e-01 -1.477047e+00
4.916508e+00 -5.518671e-01 -1.479164e+00
4.917508e+00 -5.920175e-01 -1.481264e+00
4.918508e+00 -4.882017e-01 -1.483348e+00
4.919508e+00 -4.880332e-01 -1.485415e+00
4.920508e+00 -4.755695e-01 -1.487466e+00
4.921508e+00 -4.118633e-01 -1.489501e+00
4.922508e+00 -3.451758e-01 -1.491519e+00
4.923508e+00 -4.140995e-01 -1.493521e+00
4.924508e+00 -4.379651e-01 -1.495507e+00
4.925507e+00 -4.937860e-01 -1.497477e+00
4.926507e+00 -5.823290e-01 -1.499430e+00
4.927507e+00 -4.452579e-01 -1.501367e+00
4.928507e+00 -5.428577e-01 -1.503287e+00
4.929507e+00 -5.633082e-01 -1.505192e+00
4.930507e+00 -4.122014e-01 -1.507079e+00
4.931507e+00 -3.446125e-01 -1.508951e+00
4.932507e+00 -3.172310e-01 -1.510806e+00
4.933507e+00 -3.690731e-01 -1.512646e+00
4.934507e+00 -4.388671e-01 -1.514468e+00
4.935506e+00 -4.000299e-01 -1.516275e+00
4.936506e+00 -4.963160e-01 -1.518065e+00
4.937506e+00 -4.459697e-01 -1.519839e+00
4.938506e+00 -4.695481e-01 -1.521596e+00
4.939506e+00 -3.985452e-01 -1.523337e+00
4.940506e+00 -3.809849e-01 -1.525062e+00
4.941506e+00 -3.039414e-01 -1.526770e+00
4.942506e+00 -2.458655e-01 -1.528462e+00
4.943506e+00 -2.671383e-01 -1.530138e+00
4.944506e+00 -3.433814e-01 -1.531797e+00
4.945505e+00 -3.250619e-01 -1.533440e+00
4.946505e+00 -3.491845e-01 -1.535066e+00
4.947505e+00 -3.997863e-01 -1.536676e+00
4.948505e+00 -4.366814e-01 -1.538269e+00
4.949505e+00 -2.983312e-01 -1.539846e+00
4.950505e+00 -2.361381e-01 -1.541407e+00
4.951505e+00 -3.486712e-01 -1.542950e+00
4.952505e+00 -1.547562e-01 -1.544478e+00
4.953505e+00 -1.380075e-01 -1.545988e+00
4.954505e+00 -2.501887e-01 -1.547482e+00
4.955504e+00 -3.094745e-01 -1.548959e+00
4.956504e+00 -3.503171e-01 -1.550420e+00
4.957504e+00 -3.902195e-01 -1.551863e+00
4.958504e+00 -4.295345e-01 -1.553290e+00
4.959504e+00 -3.273402e-01 -1.554700e+00
4.960504e+00 -2.073045e-01 -1.556094e+00
4.961504e+00 -1.874608e-01 -1.557470e+00
4.962504e+00 -1.603569e-01 -1.558829e+00
4.963504e+00 -1.250514e-01 -1.560172e+00
4.964504e+00 -2.205330e-01 -1.561497e+00
4.965503e+00 -2.780498e-01 -1.562805e+00
4.966503e+00 -2.609238e-01 -1.564096e+00
4.967503e+00 -2.373884e-01 -1.565369e+00
4.968503e+00 -2.534585e-01 -1.566625e+00
4.969503e+00 -2.358649e-01 -1.567864e+00
4.970503e+00 -1.275681e-01 -1.569086e+00
4.971503e+00 -2.046810e-01 -1.570290e+00
4.972503e+00 -5.756975e-02 -1.571476e+00
4.973503e+00 -1.132469e-01 -1.572645e+00
4.974503e+00 -1.348312e-01 -1.573796e+00
4.975502e+00 -2.346153e-01 -1.574929e+00
4.976502e+00 -2.868923e-01 -1.576044e+00
4.977502e+00 -2.637020e-01 -1.577142e+00
4.978502e+00 -1.955751e-01 -1.578221e+00
4.979502e+00 -1.750713e-01 -1.579282e+00
4.980502e+00 -1.547909e-01 -1.580325e+00
4.981502e+00 -5.091534e-02 -1.581349e+00
4.982502e+00 -5.036585e-02 -1.582355e+00
4.983502e+00 -6.610212e-02 -1.583342e+00
4.984502e+00 -5.307755e-02 -1.584311e+00
4.985501e+00 -5.472457e-02 -1.585261e+00
4.986501e+00 -1.426394e-01 -1.586192e+00
4.987501e+00 -2.435774e-01 -1.587104e+00
4.988501e+00 -2.011994e-01 -1.587997e+00
4.989501e+00 -1.241068e-01 -1.588871e+00
4.990501e+00 -2.142685e-02 -1.589725e+00
4.991501e+00 9.814362e-02 -1.590560e+00
4.992501e+00 1.885318e-02 -1.591375e+00
4.993501e+00 -6.286374e-02 -1.592171e+00
4.994501e+00 8.257210e-02 -1.592946e+00
4.995500e+00 2.417874e-02 -1.593702e+00
4.996500e+00 -1.133142e-01 -1.594437e+00
4.997500e+00 -5.180294e-02 -1.595152e+00
4.998500e+00 -8.454097e-02 -1.595846e+00
4.999500e+00 6.944411e-02 -1.596520e+00
5.000500e+00 5.964071e-02 -1.597173e+00
5.001500e+00 1.258008e-01 -1.597805e+00
5.002500e+00 1.609729e-01 -1.598415e+00
5.003500e+00 9.778213e-02 -1.599005e+00
5.004500e+00 1.531058e-01 -1.599572e+00
5.005499e+00 7.864251e-02 -1.600118e+00
5.006499e+00 -4.770149e-02 -1.600642e+00
5.007499e+00 3.627619e-03 -1.601144e+00
5.008499e+00 -9.594528e-02 -1.601624e+00
5.009499e+00 5.285300e-02 -1.602081e+00
5.010499e+00 1.383275e-01 -1.602516e+00
5.011499e+00 1.652758e-01 -1.602927e+00
5.012499e+00 2.793786e-01 -1.603316e+00
5.013499e+00 1.561190e-01 -1.603681e+00
5.014499e+00 1.702472e-01 -1.604022e+00
5.015498e+00 3.677892e-02 -1.604340e+00
5.016498e+00 2.514917e-02 -1.604633e+00
5.017498e+00 1.335199e-01 -1.604903e+00
5.018498e+00 2.104167e-02 -1.605148e+00
5.019498e+00 4.998555e-02 -1.605368e+00
5.020498e+00 1.738953e-01 -1.605563e+00
5.021498e+00 1.872041e-01 -1.605732e+00
5.022498e+00 2.291953e-01 -1.605877e+00
5.023498e+00 2.885273e-01 -1.605995e+00
5.024498e+00 1.960171e-01 -1.606087e+00
5.025497e+00 1.639766e-01 -1.606153e+00
5.026497e+00 1.720361e-01 -1.606193e+00
5.027497e+00 5.540274e-03 -1.606205e+00
5.028497e+00 1.285188e-01 -1.606190e+00
5.029497e+00 1.225710e-01 -1.606148e+00
5.030497e+00 2.588836e-01 -1.606078e+00
5.031497e+00 3.239528e-01 -1.605980e+00
5.032497e+00 2.655142e-01 -1.605854e+00
5.033497e+00 2.497353e-01 -1.605698e+00
5.034497e+00 2.902289e-01 -1.605514e+00
5.035496e+00 1.738185e-01 -1.605301e+00
5.036496e+00 1.096228e-01 -1.605057e+00
5.037496e+00 1.609538e-01 -1.604784e+00
5.038496e+00 1.257416e-01 -1.604480e+00
5.039496e+00 2.064808e-01 -1.604146e+00
5.040496e+00 3.195515e-01 -1.603781e+00
5.041496e+00 3.461790e-01 -1.603384e+00
5.042496e+00 3.727678e-01 -1.602956e+00
5.043496e+00 3.222002e-01 -1.602495e+00
5.044496e+00 3.477658e-01 -1.602002e+00
5.045495e+00 2.541289e-01 -1.601476e+00
5.046495e+00 1.769879e-01 -1.600917e+00
5.047495e+00 2.464341e-01 -1.600325e+00
5.048495e+00 1.758136e-01 -1.599698e+00
5.049495e+00 2.800706e-01 -1.599037e+00
5.050495e+00 3.483177e-01 -1.598342e+00
5.051495e+00 5.254918e-01 -1.597611e+00
5.052495e+00 4.677700e-01 -1.596845e+00
5.053495e+00 4.930906e-01 -1.596043e+00
5.054495e+00 2.939486e-01 -1.595205e+00
5.055494e+00 3.839205e-01 -1.594330e+00
5.056494e+00 2.095021e-01 -1.593417e+00
5.057494e+00 2.818663e-01 -1.592468e+00
5.058494e+00 2.326390e-01 -1.591480e+00
5.059494e+00 2.999535e-01 -1.590454e+00
5.060494e+00 4.071964e-01 -1.589389e+00
5.061494e+00 4.406260e-01 -1.588284e+00
5.062494e+00 5.373208e-01 -1.587141e+00
5.063494e+00 5.575799e-01 -1.585957e+00
5.064494e+00 4.328294e-01 -1.584732e+00
5.065493e+00 4.499095e-01 -1.583466e+00
5.066493e+00 2.826437e-01 -1.582159e+00
5.067493e+00 3.141822e-01 -1.580810e+00
5.068493e+00 3.031842e-01 -1.579419e+00
5.069493e+00 3.776568e-01 -1.577985e+00
5.070493e+00 5.023836e-01 -1.576508e+00
5.071493e+00 6.185569e-01 -1.574986e+00
5.072493e+00 5.112280e-01 -1.573421e+00
5.073493e+00 5.099948e-01 -1.571811e+00
5.074493e+00 5.168719e-01 -1.570156e+00
5.075492e+00 4.241684e-01 -1.568455e+00
5.076492e+00 3.945252e-01 -1.566709e+00
5.077492e+00 3.247647e-01 -1.564915e+00
5.078492e+00 3.765046e-01 -1.563075e+00
5.079492e+00 4.319641e-01 -1.561187e+00
5.080492e+00 4.985609e-01 -1.559251e+00
5.081492e+00 5.308454e-01 -1.557267e+00
5.082492e+00 5.384358e-01 -1.555234e+00
5.083492e+00 6.579895e-01 -1.553151e+00
5.084492e+00 6.335782e-01 -1.551019e+00
5.085491e+00 5.179064e-01 -1.548836e+00
5.086491e+00 3.173451e-01 -1.546602e+00
5.087491e+00 4.138940e-01 -1.544317e+00
5.088491e+00 5.094077e-01 -1.541980e+00
5.089491e+00 5.005559e-01 -1.539591e+00
5.090491e+00 5.460099e-01 -1.537149e+00
5.091491e+00 6.123392e-01 -1.534654e+00
5.092491e+00 7.026819e-01 -1.532104e+00
5.093491e+00 6.729379e-01 -1.529501e+00
5.094491e+00 5.916697e-01 -1.526843e+00
5.095490e+00 5.124183e-01 -1.524129e+00
5.096490e+00 3.694264e-01 -1.521360e+00
5.097490e+00 4.192948e-01 -1.518534e+00
5.098490e+00 6.179737e-01 -1.515652e+00
5.099490e+00 5.931525e-01 -1.512713e+00
5.100490e+00 6.430124e-01 -1.509716e+00
5.101490e+00 6.645987e-01 -1.506660e+00
5.102490e+00 7.122547e-01 -1.503546e+00
5.103490e+00 7.089833e-01 -1.500373e+00
5.104490e+00 6.117699e-01 -1.497141e+00
5.105489e+00 5.129255e-01 -1.493848e+00
5.106489e+00 5.316255e-01 -1.490494e+00
5.107489e+00 5.134117e-01 -1.487080e+00
5.108489e+00 5.463882e-01 -1.483604e+00
5.109489e+00 6.340495e-01 -1.480066e+00
5.110489e+00 7.331599e-01 -1.476465e+00
5.111489e+00 6.916884e-01 -1.472802e+00
5.112489e+00 7.233515e-01 -1.469075e+00
5.113489e+00 7.279467e-01 -1.465284e+00
5.114489e+00 6.257731e-01 -1.461429e+00
5.115488e+00 7.148294e-01 -1.457510e+00
5.116488e+00 5.962268e-01 -1.453524e+00
5.117488e+00 6.682348e-01 -1.449474e+00
5.118488e+00 6.334011e-01 -1.445357e+00
5.119488e+00 6.207372e-01 -1.441173e+00
5.120488e+00 7.785208e-01 -1.436922e+00
5.121488e+00 7.304845e-01 -1.432604e+00
5.122488e+00 8.353351e-01 -1.428218e+00
5.123488e+00 8.282891e-01 -1.423764e+00
5.124488e+00 5.828023e-01 -1.419240e+00
5.125487e+00 6.884230e-01 -1.414648e+00
5.126487e+00 7.439246e-01 -1.409986e+00
5.127487e+00 6.262479e-01 -1.405253e+00
5.128487e+00 6.697952e-01 -1.400450e+00
5.129487e+00 6.446934e-01 -1.395577e+00
5.130487e+00 7.216194e-01 -1.390632e+00
5.131487e+00 8.312606e-01 -1.385615e+00
5.132487e+00 8.431751e-01 -1.380526e+00
5.133487e+00 9.272049e-01 -1.375364e+00
5.134487e+00 7.576847e-01 -1.370130e+00
5.135486e+00 8.271520e-01 -1.364822e+00
5.136486e+00 6.658030e-01 -1.359441e+00
5.137486e+00 6.263523e-01 -1.353985e+00
5.138486e+00 7.911138e-01 -1.348455e+00
5.139486e+00 6.831004e-01 -1.342850e+00
5.140486e+00 8.456934e-01 -1.337170e+00
5.141486e+00 9.470297e-01 -1.331414e+00
5.142486e+00 1.004001e+00 -1.325582e+00
5.143486e+00 8.460704e-01 -1.319674e+00
5.144486e+00 8.823333e-01 -1.313690e+00
5.145485e+00 7.607484e-01 -1.307628e+00
5.146485e+00 7.887142e-01 -1.301489e+00
5.147485e+00 6.981567e-01 -1.295272e+00
5.148485e+00 8.026761e-01 -1.288977e+00
5.149485e+00 7.522970e-01 -1.282604e+00
5.150485e+00 8.334971e-01 -1.276152e+00
5.151485e+00 8.920084e-01 -1.269621e+00
5.152485e+00 8.958383e-01 -1.263011e+00
5.153485e+00 8.854667e-01 -1.256321e+00
5.154485e+00 8.477096e-01 -1.249551e+00
5.155484e+00 7.729356e-01 -1.242701e+00
5.156484e+00 7.836653e-01 -1.235771e+00
5.157484e+00 7.092881e-01 -1.228760e+00
5.158484e+00 7.244547e-01 -1.221667e+00
5.159484e+00 6.993784e-01 -1.214494e+00
5.160484e+00 9.160441e-01 -1.207238e+00
5.161484e+00 8.777609e-01 -1.199901e+00
5.162484e+00 9.085662e-01 -1.192482e+00
5.163484e+00 9.345919e-01 -1.184980e+00
5.164484e+00 8.137090e-01 -1.177395e+00
5.165483e+00 8.416944e-01 -1.169728e+00
5.166483e+00 7.758240e-01 -1.161977e+00
5.167483e+00 6.959349e-01 -1.154143e+00
5.168483e+00 9.121478e-01 -1.146226e+00
5.169483e+00 7.908829e-01 -1.138225e+00
5.170483e+00 9.468440e-01 -1.130139e+00
5.171483e+00 9.597161e-01 -1.121970e+00
5.172483e+00 9.214261e-01 -1.113716e+00
5.173483e+00 9.783801e-01 -1.105377e+00
5.174483e+00 9.251083e-01 -1.096953e+00
5.175482e+00 9.512322e-01 -1.088445e+00
5.176482e+00 8.222827e-01 -1.079851e+00
5.177482e+00 8.291947e-01 -1.071172e+00
5.178482e+00 8.492179e-01 -1.062408e+00
5.179482e+00 9.591913e-01 -1.053557e+00
5.180482e+00 9.457946e-01 -1.044621e+00
5.181482e+00 9.474434e-01 -1.035599e+00
5.182482e+00 1.071118e+00 -1.026491e+00
5.183482e+00 9.330269e-01 -1.017297e+00
5.184482e+00 9.891127e-01 -1.008016e+00
5.185481e+00 8.567303e-01 -9.986489e-01
5.186481e+00 8.812097e-01 -9.891952e-01
5.187481e+00 7.962313e-01 -9.796548e-01
5.188481e+00 8.497432e-01 -9.700277e-01
5.189481e+00 9.412837e-01 -9.603137e-01
5.190481e+00 1.002838e+00 -9.505129e-01
5.191481e+00 9.837435e-01 -9.406251e-01
5.192481e+00 1.110641e+00 -9.306502e-01
5.193481e+00 9.913529e-01 -9.205883e-01
5.194481e+00 8.813861e-01 -9.104393e-01
5.195480e+00 8.398729e-01 -9.002032e-01
5.196480e+00 8.441192e-01 -8.898799e-01
5.197480e+00 7.963561e-01 -8.794695e-01
5.198480e+00 8.744199e-01 -8.689719e-01
5.199480e+00 9.254546e-01 -8.583871e-01
5.200480e+00 9.373417e-01 -8.477153e-01
5.201480e+00 9.571314e-01 -8.369563e-01
5.202480e+00 1.059398e+00 -8.261103e-01
5.203480e+00 1.071380e+00 -8.151773e-01
5.204480e+00 1.064631e+00 -8.041573e-01
5.205479e+00 9.311442e-01 -7.930505e-01
5.206479e+00 8.815797e-01 -7.818570e-01
5.207479e+00 8.299941e-01 -7.705768e-01
5.208479e+00 9.060486e-01 -7.592101e-01
5.209479e+00 9.686336e-01 -7.477569e-01
5.210479e+00 1.017396e+00 -7.362175e-01
5.211479e+00 1.089130e+00 -7.245920e-01
5.212479e+00 1.123099e+00 -7.128805e-01
5.213479e+00 1.134494e+00 -7.010833e-01
5.214479e+00 1.045940e+00 -6.892005e-01
5.215478e+00 9.126224e-01 -6.772324e-01
5.216478e+00 8.637248e-01 -6.651792e-01
5.217478e+00 9.000922e-01 -6.530411e-01
5.218478e+00 9.229119e-01 -6.408184e-01
5.219478e+00 9.715683e-01 -6.285115e-01
5.220478e+00 1.068667e+00 -6.161205e-01
5.221478e+00 1.027693e+00 -6.036458e-01
5.222478e+00 1.069603e+00 -5.910878e-01
5.223478e+00 1.101915e+00 -5.784468e-01
5.224478e+00 1.085789e+00 -5.657231e-01
5.225477e+00 9.310475e-01 -5.529173e-01
5.226477e+00 9.541986e-01 -5.400296e-01
5.227477e+00 8.635312e-01 -5.270606e-01
5.228477e+00 9.125102e-01 -5.140106e-01
5.229477e+00 1.000919e+00 -5.008802e-01
5.230477e+00 9.889505e-01 -4.876699e-01
5.231477e+00 1.046051e+00 -4.743801e-01
5.232477e+00 1.110554e+00 -4.610116e-01
5.233477e+00 1.089184e+00 -4.475647e-01
5.234477e+00 9.983384e-01 -4.340401e-01
5.235476e+00 9.751318e-01 -4.204385e-01
5.236476e+00 9.004072e-01 -4.067605e-01
5.237476e+00 8.449101e-01 -3.930068e-01
5.238476e+00 9.984863e-01 -3.791780e-01
5.239476e+00 9.555426e-01 -3.652749e-01
5.240476e+00 9.260564e-01 -3.512983e-01
5.241476e+00 1.086349e+00 -3.372489e-01
5.242476e+00 1.093266e+00 -3.231275e-01
5.243476e+00 1.053290e+00 -3.089351e-01
5.244476e+00 1.037438e+00 -2.946724e-01
5.245475e+00 1.011883e+00 -2.803403e-01
5.246475e+00 8.895629e-01 -2.659398e-01
5.247475e+00 9.072001e-01 -2.514719e-01
5.248475e+00 9.446271e-01 -2.369375e-01
5.249475e+00 9.599371e-01 -2.223377e-01
5.250475e+00 1.069172e+00 -2.076735e-01
5.251475e+00 1.034220e+00 -1.929460e-01
5.252475e+00 1.173424e+00 -1.781563e-01
5.253475e+00 1.026124e+00 -1.633055e-01
5.254475e+00 1.170040e+00 -1.483949e-01
5.255474e+00 9.719820e-01 -1.334256e-01
5.256474e+00 9.136655e-01 -1.183990e-01
5.257474e+00 8.517874e-01 -1.033161e-01
5.258474e+00 8.432554e-01 -8.817848e-02
5.259474e+00 9.139358e-01 -7.298734e-02
5.260474e+00 1.081696e+00 -5.774407e-02
5.261474e+00 1.122076e+00 -4.245009e-02
5.262474e+00 1.018822e+00 -2.710683e-02
5.263474e+00 1.087132e+00 -1.171575e-02
5.264474e+00 1.109620e+00 3.721657e-03
5.265473e+00 9.073944e-01 1.920385e-02
5.266473e+00 9.090140e-01 3.472929e-02
5.267473e+00 9.618444e-01 5.029636e-02
5.268473e+00 9.279045e-01 6.590347e-02
5.269473e+00 9.904161e-01 8.154897e-02
5.270473e+00 1.068587e+00 9.723117e-02
5.271473e+00 1.038338e+00 1.129484e-01
5.272473e+00 1.006251e+00 1.286989e-01
5.273473e+00 1.148840e+00 1.444809e-01
5.274473e+00 9.498712e-01 1.602927e-01
5.275472e+00 9.522363e-01 1.761324e-01
5.276472e+00 1.010484e+00 1.919982e-01
5.277472e+00 9.251038e-01 2.078882e-01
5.278472e+00 9.222173e-01 2.238007e-01
5.279472e+00 9.783155e-01 2.397336e-01
5.280472e+00 1.039969e+00 2.556852e-01
5.281472e+00 1.096107e+00 2.716533e-01
5.282472e+00 1.077948e+00 2.876362e-01
5.283472e+00 9.921935e-01 3.036318e-01
5.284472e+00 9.947473e-01 3.196382e-01
5.285471e+00 9.806026e-01 3.356533e-01
5.286471e+00 8.410369e-01 3.516752e-01
5.287471e+00 9.151541e-01 3.677018e-01
5.288471e+00 8.943029e-01 3.837312e-01
5.289471e+00 8.909762e-01 3.997612e-01
5.290471e+00 9.914990e-01 4.157899e-01
5.291471e+00 1.008429e+00 4.318152e-01
5.292471e+00 1.093182e+00 4.478350e-01
5.293471e+00 1.067017e+00 4.638474e-01
5.294471e+00 9.402122e-01 4.798502e-01
5.295470e+00 1.016784e+00 4.958414e-01
5.296470e+00 9.522673e-01 5.118190e-01
5.297470e+00 9.720405e-01 5.277809e-01
5.298470e+00 7.949637e-01 5.437251e-01
5.299470e+00 9.243656e-01 5.596495e-01
5.300470e+00 9.743865e-01 5.755522e-01
5.301470e+00 9.807244e-01 5.914311e-01
5.302470e+00 1.117815e+00 6.072843e-01
5.303470e+00 9.351171e-01 6.231096e-01
5.304470e+00 1.016509e+00 6.389052e-01
5.305469e+00 9.211046e-01 6.546692e-01
5.306469e+00 8.954659e-01 6.703995e-01
5.307469e+00 8.463420e-01 6.860943e-01
5.308469e+00 9.055506e-01 7.017516e-01
5.309469e+00 8.954319e-01 7.173696e-01
5.310469e+00 9.701482e-01 7.329464e-01
5.311469e+00 9.721820e-01 7.484802e-01
5.312469e+00 1.012113e+00 7.639691e-01
5.313469e+00 9.610187e-01 7.794115e-01
5.314469e+00 9.792133e-01 7.948055e-01
5.315468e+00 8.289804e-01 8.101494e-01
5.316468e+00 8.565522e-01 8.254415e-01
5.317468e+00 8.174730e-01 8.406802e-01
5.318468e+00 8.369218e-01 8.558637e-01
5.319468e+00 8.820493e-01 8.709906e-01
5.320468e+00 9.573648e-01 8.860592e-01
5.321468e+00 9.639847e-01 9.010679e-01
5.322468e+00 1.051920e+00 9.160154e-01
5.323468e+00 1.057307e+00 9.309001e-01
5.324468e+00 9.570634e-01 9.457205e-01
5.325467e+00 8.790860e-01 9.604753e-01
5.326467e+00 7.403846e-01 9.751630e-01
5.327467e+00 8.804678e-01 9.897825e-01
5.328467e+00 8.021516e-01 1.004332e+00
5.329467e+00 9.520867e-01 1.018811e+00
5.330467e+00 8.691966e-01 1.033218e+00
5.331467e+00 9.931212e-01 1.047552e+00
5.332467e+00 9.764011e-01 1.061811e+00
5.333467e+00 9.318749e-01 1.075994e+00
5.334467e+00 9.144594e-01 1.090101e+00
5.335466e+00 9.007246e-01 1.104130e+00
5.336466e+00 8.093944e-01 1.118081e+00
5.337466e+00 7.083937e-01 1.131952e+00
5.338466e+00 8.018835e-01 1.145743e+00
5.339466e+00 8.314430e-01 1.159452e+00
5.340466e+00 8.903555e-01 1.173079e+00
5.341466e+00 1.043274e+00 1.186622e+00
5.342466e+00 9.352125e-01 1.200082e+00
5.343466e+00 8.857165e-01 1.213458e+00
5.344466e+00 8.942284e-01 1.226748e+00
5.345465e+00 8.401115e-01 1.239952e+00
5.346465e+00 7.459010e-01 1.253069e+00
5.347465e+00 6.409569e-01 1.266100e+00
5.348465e+00 7.562965e-01 1.279042e+00
5.349465e+00 8.505899e-01 1.291897e+00
5.350465e+00 8.314086e-01 1.304662e+00
5.351465e+00 8.629163e-01 1.317339e+00
5.352465e+00 9.423364e-01 1.329925e+00
5.353465e+00 8.854850e-01 1.342422e+00
5.354465e+00 9.087432e-01 1.354828e+00
5.355464e+00 6.908301e-01 1.367143e+00
5.356464e+00 6.403308e-01 1.379367e+00
5.357464e+00 5.857389e-01 1.391500e+00
5.358464e+00 7.246062e-01 1.403541e+00
5.359464e+00 8.023683e-01 1.415490e+00
5.360464e+00 7.961248e-01 1.427347e+00
5.361464e+00 7.694734e-01 1.439112e+00
5.362464e+00 8.708165e-01 1.450784e+00
5.363464e+00 8.935253e-01 1.462364e+00
5.364464e+00 7.529291e-01 1.473851e+00
5.365463e+00 7.271442e-01 1.485246e+00
5.366463e+00 6.730746e-01 1.496547e+00
5.367463e+00 6.028231e-01 1.507756e+00
5.368463e+00 6.406596e-01 1.518872e+00
5.369463e+00 7.387672e-01 1.529896e+00
5.370463e+00 7.611549e-01 1.540826e+00
5.371463e+00 8.126388e-01 1.551664e+00
5.372463e+00 8.382720e-01 1.562409e+00
5.373463e+00 8.659618e-01 1.573062e+00
5.374463e+00 7.167006e-01 1.583622e+00
5.375462e+00 7.230632e-01 1.594090e+00
5.376462e+00 6.480833e-01 1.604465e+00
5.377462e+00 6.162965e-01 1.614749e+00
5.378462e+00 5.684942e-01 1.624941e+00
5.379462e+00 6.211567e-01 1.635041e+00
5.380462e+00 7.148706e-01 1.645050e+00
5.381462e+00 7.080001e-01 1.654967e+00
5.382462e+00 7.535105e-01 1.664794e+00
5.383462e+00 7.251354e-01 1.674530e+00
5.384462e+00 6.882896e-01 1.684175e+00
5.385461e+00 5.678650e-01 1.693730e+00
5.386461e+00 4.863048e-01 1.703195e+00
5.387461e+00 5.324257e-01 1.712571e+00
5.388461e+00 5.055919e-01 1.721857e+00
5.389461e+00 6.703128e-01 1.731054e+00
5.390461e+00 6.473475e-01 1.740163e+00
5.391461e+00 6.721981e-01 1.749183e+00
5.392461e+00 7.096062e-01 1.758115e+00
5.393461e+00 6.431472e-01 1.766959e+00
5.394461e+00 5.956684e-01 1.775716e+00
5.395460e+00 5.367551e-01 1.784387e+00
5.396460e+00 4.513792e-01 1.792970e+00
5.397460e+00 4.766807e-01 1.801468e+00
5.398460e+00 4.629473e-01 1.809879e+00
5.399460e+00 5.349260e-01 1.818206e+00
5.400460e+00 5.971594e-01 1.826447e+00
5.401460e+00 6.169532e-01 1.834603e+00
5.402460e+00 6.795412e-01 1.842676e+00
5.403460e+00 6.269271e-01 1.850664e+00
5.404460e+00 5.523588e-01 1.858570e+00
5.405459e+00 4.593713e-01 1.866392e+00
5.406459e+00 4.602164e-01 1.874132e+00
5.407459e+00 4.001232e-01 1.881790e+00
5.408459e+00 5.642431e-01 1.889366e+00
5.409459e+00 5.219810e-01 1.896861e+00
5.410459e+00 5.198616e-01 1.904275e+00
5.411459e+00 6.114619e-01 1.911608e+00
5.412459e+00 5.340478e-01 1.918862e+00
5.413459e+00 6.150052e-01 1.926037e+00
5.414459e+00 5.791152e-01 1.933132e+00
5.415458e+00 4.774912e-01 1.940149e+00
5.416458e+00 3.895637e-01 1.947088e+00
5.417458e+00 3.733695e-01 1.953950e+00
5.418458e+00 4.155434e-01 1.960734e+00
5.419458e+00 4.527923e-01 1.967442e+00
5.420458e+00 5.166916e-01 1.974073e+00
5.421458e+00 5.955355e-01 1.980628e+00
5.422458e+00 6.283716e-01 1.987109e+00
5.423458e+00 6.640905e-01 1.993514e+00
5.424458e+00 4.912370e-01 1.999845e+00
5.425457e+00 4.749473e-01 2.006102e+00
5.426457e+00 3.373054e-01 2.012286e+00
5.427457e+00 4.003681e-01 2.018396e+00
5.428457e+00 3.768178e-01 2.024435e+00
5.429457e+00 4.271294e-01 2.030401e+00
5.430457e+00 4.972841e-01 2.036295e+00
5.431457e+00 5.228954e-01 2.042118e+00
5.432457e+00 5.807427e-01 2.047871e+00
5.433457e+00 3.799298e-01 2.053554e+00
5.434457e+00 4.763333e-01 2.059166e+00
5.435456e+00 3.220852e-01 2.064710e+00
5.436456e+00 2.673106e-01 2.070185e+00
5.437456e+00 3.382836e-01 2.075591e+00
5.438456e+00 3.205070e-01 2.080929e+00
5.439456e+00 3.461942e-01 2.086200e+00
5.440456e+00 3.635606e-01 2.091404e+00
5.441456e+00 4.791753e-01 2.096542e+00
5.442456e+00 4.452232e-01 2.101613e+00
5.443456e+00 4.966484e-01 2.106619e+00
5.444456e+00 3.868560e-01 2.111560e+00
5.445455e+00 2.806629e-01 2.116436e+00
5.446455e+00 2.616443e-01 2.121248e+00
5.447455e+00 2.257120e-01 2.125996e+00
5.448455e+00 3.251102e-01 2.130680e+00
5.449455e+00 3.056473e-01 2.135302e+00
5.450455e+00 2.993858e-01 2.139861e+00
5.451455e+00 4.445931e-01 2.144358e+00
5.452455e+00 4.028236e-01 2.148794e+00
5.453455e+00 3.304554e-01 2.153168e+00
5.454455e+00 1.774463e-01 2.157482e+00
5.455454e+00 2.181535e-01 2.161736e+00
5.456454e+00 7.912468e-02 2.165929e+00
5.457454e+00 2.318166e-01 2.170064e+00
5.458454e+00 1.891561e-01 2.174139e+00
5.459454e+00 3.218360e-01 2.178156e+00
5.460454e+00 3.022600e-01 2.182115e+00
5.461454e+00 2.909997e-01 2.186016e+00
5.462454e+00 3.757463e-01 2.189860e+00
5.463454e+00 2.950453e-01 2.193647e+00
5.464454e+00 2.254123e-01 2.197377e+00
5.465453e+00 1.445389e-01 2.201052e+00
5.466453e+00 9.389323e-02 2.204671e+00
5.467453e+00 1.469593e-01 2.208235e+00
5.468453e+00 1.180171e-01 2.211745e+00
5.469453e+00 5.379115e-02 2.215200e+00
5.470453e+00 2.308902e-01 2.218601e+00
5.471453e+00 2.272207e-01 2.221949e+00
5.472453e+00 2.112906e-01 2.225244e+00
5.473453e+00 2.213235e-01 2.228486e+00
5.474453e+00 2.056024e-01 2.231675e+00
5.475452e+00 1.560450e-01 2.234813e+00
5.476452e+00 4.155608e-02 2.237900e+00
5.477452e+00 7.091769e-02 2.240936e+00
5.478452e+00 -1.862695e-02 2.243920e+00
5.479452e+00 1.845382e-02 2.246855e+00
5.480452e+00 1.398588e-01 2.249740e+00
5.481452e+00 2.640986e-01 2.252575e+00
5.482452e+00 2.080945e-01 2.255362e+00
5.483452e+00 2.073230e-01 2.258099e+00
5.484452e+00 1.051896e-01 2.260789e+00
5.485451e+00 5.512363e-02 2.263430e+00
5.486451e+00 9.973775e-02 2.266024e+00
5.487451e+00 -4.463114e-02 2.268571e+00
5.488451e+00 2.528159e-02 2.271072e+00
5.489451e+00 8.773222e-02 2.273526e+00
5.490451e+00 7.293704e-02 2.275934e+00
5.491451e+00 1.407104e-01 2.278296e+00
5.492451e+00 1.946666e-01 2.280613e+00
5.493451e+00 2.039677e-01 2.282885e+00
5.494451e+00 9.429906e-02 2.285113e+00
5.495450e+00 -1.984095e-02 2.287297e+00
5.496450e+00 -6.228218e-02 2.289437e+00
5.497450e+00 -8.719046e-02 2.291534e+00
5.498450e+00 -6.493321e-02 2.293587e+00
5.499450e+00 -6.966807e-02 2.295598e+00
5.500450e+00 5.773532e-02 2.297567e+00
5.501450e+00 1.312860e-02 2.299494e+00
5.502450e+00 1.779904e-01 2.301379e+00
5.503450e+00 -1.174022e-02 2.303224e+00
5.504450e+00 -6.623753e-02 2.305027e+00
5.505449e+00 -4.657588e-02 2.306790e+00
5.506449e+00 -6.590510e-02 2.308513e+00
5.507449e+00 -7.908017e-02 2.310196e+00
5.508449e+00 -1.915763e-01 2.311839e+00
5.509449e+00 -2.723148e-02 2.313444e+00
5.510449e+00 -1.859313e-02 2.315009e+00
5.511449e+00 1.745921e-02 2.316537e+00
5.512449e+00 2.716880e-02 2.318026e+00
5.513449e+00 3.055631e-02 2.319478e+00
5.514449e+00 -3.576121e-02 2.320892e+00
5.515448e+00 -1.074455e-01 2.322269e+00
5.516448e+00 -2.161727e-01 2.323610e+00
5.517448e+00 -1.485867e-01 2.324914e+00
5.518448e+00 -2.853987e-01 2.326182e+00
5.519448e+00 -1.339055e-01 2.327415e+00
5.520448e+00 -1.113402e-01 2.328612e+00
5.521448e+00 4.656658e-02 2.329774e+00
5.522448e+00 2.318163e-02 2.330901e+00
5.523448e+00 -7.639399e-02 2.331995e+00
5.524448e+00 -4.434944e-02 2.333054e+00
5.525447e+00 -2.043303e-01 2.334079e+00
5.526447e+00 -3.026710e-01 2.335071e+00
5.527447e+00 -2.444629e-01 2.336030e+00
5.528447e+00 -3.230595e-01 2.336956e+00
5.529447e+00 -2.463486e-01 2.337849e+00
5.530447e+00 -1.334057e-01 2.338711e+00
5.531447e+00 -4.680150e-02 2.339540e+00
5.532447e+00 -1.089550e-01 2.340338e+00
5.533447e+00 -1.462822e-01 2.341105e+00
5.534447e+00 -9.296647e-02 2.341841e+00
5.535446e+00 -2.146087e-01 2.342547e+00
5.536446e+00 -2.331144e-01 2.343222e+00
5.537446e+00 -3.351987e-01 2.343867e+00
5.538446e+00 -3.386300e-01 2.344482e+00
5.539446e+00 -2.626021e-01 2.345068e+00
5.540446e+00 -1.078859e-01 2.345625e+00
5.541446e+00 -1.624141e-01 2.346153e+00
5.542446e+00 -2.057962e-01 2.346653e+00
5.543446e+00 -1.561055e-01 2.347124e+00
5.544446e+00 -2.460012e-01 2.347568e+00
5.545445e+00 -3.578053e-01 2.347984e+00
5.546445e+00 -4.135481e-01 2.348373e+00
5.547445e+00 -3.839679e-01 2.348734e+00
5.548445e+00 -3.900723e-01 2.349069e+00
5.549445e+00 -3.785259e-01 2.349377e+00
5.550445e+00 -3.130082e-01 2.349659e+00
5.551445e+00 -2.581730e-01 2.349916e+00
5.552445e+00 -2.298104e-01 2.350146e+00
5.553445e+00 -3.114959e-01 2.350352e+00
5.554445e+00 -2.679521e-01 2.350532e+00
5.555444e+00 -3.090359e-01 2.350687e+00
5.556444e+00 -5.525921e-01 2.350818e+00
5.557444e+00 -3.839407e-01 2.350924e+00
5.558444e+00 -4.861363e-01 2.351007e+00
5.559444e+00 -3.656337e-01 2.351066e+00
5.560444e+00 -3.411809e-01 2.351101e+00
5.561444e+00 -2.978100e-01 2.351114e+00
5.562444e+00 -2.630922e-01 2.351103e+00
5.563444e+00 -3.411373e-01 2.351070e+00
5.564444e+00 -3.247992e-01 2.351014e+00
5.565443e+00 -4.164989e-01 2.350936e+00
5.566443e+00 -4.281213e-01 2.350836e+00
5.567443e+00 -5.697385e-01 2.350715e+00
5.568443e+00 -4.988382e-01 2.350572e+00
5.569443e+00 -5.000146e-01 2.350408e+00
5.570443e+00 -4.343598e-01 2.350223e+00
5.571443e+00 -4.458645e-01 2.350018e+00
5.572443e+00 -3.000021e-01 2.349792e+00
5.573443e+00 -2.629108e-01 2.349546e+00
5.574443e+00 -3.654934e-01 2.349280e+00
5.575442e+00 -5.118817e-01 2.348995e+00
5.576442e+00 -4.710033e-01 2.348690e+00
5.577442e+00 -5.304496e-01 2.348366e+00
5.578442e+00 -4.572657e-01 2.348023e+00
5.579442e+00 -4.949940e-01 2.347661e+00
5.580442e+00 -4.979727e-01 2.347281e+00
5.581442e+00 -4.078680e-01 2.346883e+00
5.582442e+00 -4.319751e-01 2.346466e+00
5.583442e+00 -4.596034e-01 2.346032e+00
5.584442e+00 -5.735002e-01 2.345581e+00
5.585441e+00 -5.182563e-01 2.345112e+00
5.586441e+00 -5.931487e-01 2.344626e+00
5.587441e+00 -6.322788e-01 2.344123e+00
5.588441e+00 -7.064248e-01 2.343604e+00
5.589441e+00 -5.289462e-01 2.343068e+00
5.590441e+00 -5.044218e-01 2.342516e+00
5.591441e+00 -5.181031e-01 2.341948e+00
5.592441e+00 -5.052668e-01 2.341364e+00
5.593441e+00 -5.231935e-01 2.340765e+00
5.594441e+00 -4.827271e-01 2.340151e+00
5.595440e+00 -6.067309e-01 2.339521e+00
5.596440e+00 -6.851838e-01 2.338876e+00
5.597440e+00 -7.126420e-01 2.338217e+00
5.598440e+00 -6.467943e-01 2.337543e+00
5.599440e+00 -6.178610e-01 2.336855e+00
5.600440e+00 -5.557301e-01 2.336153e+00
5.601440e+00 -4.712013e-01 2.335438e+00
5.602440e+00 -5.144334e-01 2.334708e+00
5.603440e+00 -5.433046e-01 2.333965e+00
5.604440e+00 -5.629526e-01 2.333209e+00
5.605439e+00 -6.062587e-01 2.332439e+00
5.606439e+00 -6.963206e-01 2.331657e+00
5.607439e+00 -7.512304e-01 2.330863e+00
5.608439e+00 -6.545216e-01 2.330055e+00
5.609439e+00 -6.097401e-01 2.329236e+00
5.610439e+00 -6.000389e-01 2.328404e+00
5.611439e+00 -5.267217e-01 2.327561e+00
5.612439e+00 -5.398639e-01 2.326705e+00
5.613439e+00 -5.615319e-01 2.325839e+00
5.614439e+00 -7.301254e-01 2.324960e+00
5.615438e+00 -6.863013e-01 2.324071e+00
5.616438e+00 -8.282518e-01 2.323171e+00
5.617438e+00 -7.931244e-01 2.322260e+00
5.618438e+00 -8.285921e-01 2.321339e+00
5.619438e+00 -7.502075e-01 2.320407e+00
5.620438e+00 -6.621272e-01 2.319464e+00
5.621438e+00 -6.540892e-01 2.318512e+00
5.622438e+00 -6.577814e-01 2.317550e+00
5.623438e+00 -6.274249e-01 2.316578e+00
5.624438e+00 -6.951578e-01 2.315597e+00
5.625437e+00 -7.391655e-01 2.314606e+00
5.626437e+00 -7.759773e-01 2.313606e+00
5.627437e+00 -8.576112e-01 2.312597e+00
5.628437e+00 -7.780159e-01 2.311579e+00
5.629437e+00 -7.948783e-01 2.310553e+00
5.630437e+00 -7.010100e-01 2.309518e+00
5.631437e+00 -5.889651e-01 2.308475e+00
5.632437e+00 -5.606920e-01 2.307423e+00
5.633437e+00 -7.006932e-01 2.306363e+00
5.634437e+00 -7.810776e-01 2.305296e+00
5.635436e+00 -7.150218e-01 2.304221e+00
5.636436e+00 -9.109582e-01 2.303138e+00
5.637436e+00 -8.491577e-01 2.302048e+00
5.638436e+00 -8.266236e-01 2.300951e+00
5.639436e+00 -8.077135e-01 2.299847e+00
5.640436e+00 -7.546704e-01 2.298735e+00
5.641436e+00 -6.288186e-01 2.297617e+00
5.642436e+00 -6.996143e-01 2.296493e+00
5.643436e+00 -7.629960e-01 2.295362e+00
5.644436e+00 -7.581535e-01 2.294224e+00
5.645435e+00 -8.773235e-01 2.293081e+00
5.646435e+00 -9.134088e-01 2.291931e+00
5.647435e+00 -7.985277e-01 2.290776e+00
5.648435e+00 -8.919317e-01 2.289615e+00
5.649435e+00 -7.890350e-01 2.288448e+00
5.650435e+00 -7.567272e-01 2.287276e+00
5.651435e+00 -7.802095e-01 2.286099e+00
5.652435e+00 -6.706390e-01 2.284916e+00
5.653435e+00 -7.899722e-01 2.283729e+00
5.654435e+00 -8.576628e-01 2.282537e+00
5.655434e+00 -8.616661e-01 2.281340e+00
5.656434e+00 -8.800594e-01 2.280138e+00
5.657434e+00 -9.325960e-01 2.278932e+00
5.658434e+00 -9.185148e-01 2.277722e+00
5.659434e+00 -9.041766e-01 2.276508e+00
5.660434e+00 -8.178438e-01 2.275290e+00
5.661434e+00 -6.919540e-01 2.274067e+00
5.662434e+00 -7.542378e-01 2.272842e+00
5.663434e+00 -7.612058e-01 2.271612e+00
5.664434e+00 -8.885431e-01 2.270379e+00
5.665433e+00 -8.224476e-01 2.269143e+00
5.666433e+00 -9.612464e-01 2.267904e+00
5.667433e+00 -9.579093e-01 2.266661e+00
5.668433e+00 -9.593344e-01 2.265416e+00
5.669433e+00 -8.382612e-01 2.264167e+00
5.670433e+00 -8.183924e-01 2.262917e+00
5.671433e+00 -7.513673e-01 2.261663e+00
5.672433e+00 -7.891614e-01 2.260407e+00
5.673433e+00 -8.447268e-01 2.259149e+00
5.674433e+00 -8.191638e-01 2.257889e+00
5.675432e+00 -9.653350e-01 2.256627e+00
5.676432e+00 -8.929965e-01 2.255362e+00
5.677432e+00 -1.037318e+00 2.254097e+00
5.678432e+00 -1.040484e+00 2.252829e+00
5.679432e+00 -9.199552e-01 2.251560e+00
5.680432e+00 -9.305675e-01 2.250289e+00
5.681432e+00 -7.882342e-01 2.249018e+00
5.682432e+00 -8.346176e-01 2.247745e+00
5.683432e+00 -7.667254e-01 2.246471e+00
5.684432e+00 -8.596482e-01 2.245196e+00
5.685431e+00 -1.024498e+00 2.243920e+00
5.686431e+00 -9.750903e-01 2.242644e+00
5.687431e+00 -1.012181e+00 2.241367e+00
5.688431e+00 -1.067421e+00 2.240089e+00
5.689431e+00 -9.893786e-01 2.238812e+00
5.690431e+00 -9.297264e-01 2.237534e+00
5.691431e+00 -8.529451e-01 2.236256e+00
5.692431e+00 -9.377341e-01 2.234978e+00
5.693431e+00 -8.281760e-01 2.233700e+00
5.694431e+00 -8.381760e-01 2.232423e+00
5.695430e+00 -9.348337e-01 2.231146e+00
5.696430e+00 -1.092149e+00 2.229869e+00
5.697430e+00 -1.021372e+00 2.228593e+00
5.698430e+00 -9.753826e-01 2.227318e+00
5.699430e+00 -1.057631e+00 2.226044e+00
5.700430e+00 -9.809621e-01 2.224771e+00
5.701430e+00 -8.777749e-01 2.223498e+00
5.702430e+00 -9.137424e-01 2.222227e+00
5.703430e+00 -9.110768e-01 2.220957e+00
5.704430e+00 -9.811789e-01 2.219689e+00
5.705429e+00 -8.920316e-01 2.218422e+00
5.706429e+00 -1.141208e+00 2.217157e+00
5.707429e+00 -1.062583e+00 2.215894e+00
5.708429e+00 -9.930147e-01 2.214632e+00
5.709429e+00 -1.024583e+00 2.213372e+00
5.710429e+00 -9.792104e-01 2.212115e+00
5.711429e+00 -9.529435e-01 2.210859e+00
5.712429e+00 -8.177218e-01 2.209606e+00
5.713429e+00 -9.292304e-01 2.208356e+00
5.714429e+00 -9.986334e-01 2.207108e+00
5.715428e+00 -1.075703e+00 2.205862e+00
5.716428e+00 -9.856706e-01 2.204619e+00
5.717428e+00 -1.054555e+00 2.203379e+00
5.718428e+00 -1.043976e+00 2.202143e+00
5.719428e+00 -9.597714e-01 2.200909e+00
5.720428e+00 -9.503253e-01 2.199678e+00
5.721428e+00 -8.913799e-01 2.198450e+00
5.722428e+00 -8.291223e-01 2.197226e+00
5.723428e+00 -8.783361e-01 2.196006e+00
5.724428e+00 -1.075027e+00 2.194789e+00
5.725427e+00 -1.032367e+00 2.193576e+00
5.726427e+00 -1.180257e+00 2.192366e+00
5.727427e+00 -1.051666e+00 2.191160e+00
5.728427e+00 -1.080561e+00 2.189959e+00
5.729427e+00 -1.067330e+00 2.188761e+00
5.730427e+00 -9.923161e-01 2.187568e+00
5.731427e+00 -8.063451e-01 2.186379e+00
5.732427e+00 -8.645100e-01 2.185195e+00
5.733427e+00 -9.202586e-01 2.184015e+00
5.734427e+00 -9.536832e-01 2.182840e+00
5.735426e+00 -9.455774e-01 2.181669e+00
5.736426e+00 -1.145137e+00 2.180503e+00
5.737426e+00 -1.197680e+00 2.179342e+00
5.738426e+00 -1.166813e+00 2.178187e+00
5.739426e+00 -1.069181e+00 2.177036e+00
5.740426e+00 -9.071704e-01 2.175891e+00
5.741426e+00 -9.253088e-01 2.174751e+00
5.742426e+00 -9.809480e-01 2.173616e+00
5.743426e+00 -1.014789e+00 2.172487e+00
5.744426e+00 -1.067946e+00 2.171364e+00
5.745425e+00 -9.678918e-01 2.170246e+00
5.746425e+00 -1.033204e+00 2.169135e+00
5.747425e+00 -1.141938e+00 2.168029e+00
5.748425e+00 -1.115268e+00 2.166929e+00
5.749425e+00 -1.042199e+00 2.165836e+00
5.750425e+00 -9.176375e-01 2.164748e+00
5.751425e+00 -9.015186e-01 2.163667e+00
5.752425e+00 -8.968513e-01 2.162593e+00
5.753425e+00 -9.118443e-01 2.161525e+00
5.754425e+00 -9.181873e-01 2.160464e+00
5.755424e+00 -9.732366e-01 2.159409e+00
5.756424e+00 -9.233744e-01 2.158362e+00
5.757424e+00 -1.103973e+00 2.157321e+00
5.758424e+00 -1.141497e+00 2.156287e+00
5.759424e+00 -1.106789e+00 2.155261e+00
5.760424e+00 -9.441597e-01 2.154241e+00
5.761424e+00 -9.853572e-01 2.153229e+00
5.762424e+00 -8.307174e-01 2.152225e+00
5.763424e+00 -9.212700e-01 2.151228e+00
5.764424e+00 -9.459087e-01 2.150238e+00
5.765423e+00 -1.040128e+00 2.149257e+00
5.766423e+00 -1.078174e+00 2.148283e+00
5.767423e+00 -1.010086e+00 2.147317e+00
5.768423e+00 -1.079788e+00 2.146359e+00
5.769423e+00 -9.674763e-01 2.145409e+00
5.770423e+00 -1.044873e+00 2.144467e+00
5.771423e+00 -8.870845e-01 2.143534e+00
5.772423e+00 -9.083344e-01 2.142609e+00
5.773423e+00 -9.170850e-01 2.141692e+00
5.774423e+00 -9.616285e-01 2.140784e+00
5.775422e+00 -9.672587e-01 2.139885e+00
5.776422e+00 -1.075212e+00 2.138994e+00
5.777422e+00 -1.154076e+00 2.138112e+00
5.778422e+00 -1.086406e+00 2.137239e+00
5.779422e+00 -1.088864e+00 2.136376e+00
5.780422e+00 -8.773783e-01 2.135521e+00
5.781422e+00 -8.828720e-01 2.134675e+00
5.782422e+00 -9.024786e-01 2.133839e+00
5.783422e+00 -8.777804e-01 2.133012e+00
5.784422e+00 -8.922681e-01 2.132195e+00
5.785421e+00 -1.037639e+00 2.131387e+00
5.786421e+00 -1.084011e+00 2.130589e+00
5.787421e+00 -1.003594e+00 2.129800e+00
5.788421e+00 -1.070113e+00 2.129021e+00
5.789421e+00 -1.012822e+00 2.128253e+00
5.790421e+00 -9.365119e-01 2.127494e+00
5.791421e+00 -8.496773e-01 2.126745e+00
5.792421e+00 -8.503761e-01 2.126007e+00
5.793421e+00 -8.313797e-01 2.125278e+00
5.794421e+00 -9.349221e-01 2.124560e+00
5.795420e+00 -9.274139e-01 2.123853e+00
5.796420e+00 -1.019667e+00 2.123156e+00
5.797420e+00 -1.105067e+00 2.122469e+00
5.798420e+00 -1.061371e+00 2.121794e+00
5.799420e+00 -1.019109e+00 2.121128e+00
5.800420e+00 -9.699399e-01 2.120474e+00
5.801420e+00 -8.821746e-01 2.119831e+00
5.802420e+00 -9.125921e-01 2.119198e+00
5.803420e+00 -9.160396e-01 2.118577e+00
5.804420e+00 -8.515988e-01 2.117967e+00
5.805419e+00 -9.354327e-01 2.117368e+00
5.806419e+00 -1.007784e+00 2.116780e+00
5.807419e+00 -1.011480e+00 2.116204e+00
5.808419e+00 -9.949002e-01 2.115639e+00
5.809419e+00 -9.979744e-01 2.115086e+00
5.810419e+00 -8.856399e-01 2.114544e+00
5.811419e+00 -9.344193e-01 2.114014e+00
5.812419e+00 -8.605163e-01 2.113496e+00
5.813419e+00 -8.709656e-01 2.112989e+00
5.814419e+00 -9.112494e-01 2.112494e+00
5.815418e+00 -9.993154e-01 2.112012e+00
5.816418e+00 -9.755520e-01 2.111541e+00
5.817418e+00 -9.577034e-01 2.111082e+00
5.818418e+00 -9.803894e-01 2.110636e+00
5.819418e+00 -9.235484e-01 2.110201e+00
5.820418e+00 -8.259606e-01 2.109779e+00
5.821418e+00 -8.048320e-01 2.109370e+00
5.822418e+00 -7.638759e-01 2.108972e+00
5.823418e+00 -9.174258e-01 2.108588e+00
5.824418e+00 -9.693768e-01 2.108215e+00
5.825417e+00 -9.658581e-01 2.107856e+00
5.826417e+00 -9.350534e-01 2.107508e+00
5.827417e+00 -9.329338e-01 2.107174e+00
5.828417e+00 -8.951393e-01 2.106852e+00
5.829417e+00 -9.811260e-01 2.106544e+00
5.830417e+00 -8.855220e-01 2.106248e+00
5.831417e+00 -7.949091e-01 2.105965e+00
5.832417e+00 -7.151442e-01 2.105695e+00
5.833417e+00 -8.629974e-01 2.105438e+00
5.834417e+00 -8.619413e-01 2.105194e+00
5.835416e+00 -9.627102e-01 2.104963e+00
5.836416e+00 -8.783773e-01 2.104745e+00
5.837416e+00 -9.793604e-01 2.104541e+00
5.838416e+00 -9.430777e-01 2.104349e+00
5.839416e+00 -8.731465e-01 2.104171e+00
5.840416e+00 -7.370212e-01 2.104007e+00
5.841416e+00 -7.828977e-01 2.103855e+00
5.842416e+00 -7.219984e-01 2.103718e+00
5.843416e+00 -8.025550e-01 2.103593e+00
5.844416e+00 -7.852115e-01 2.103482e+00
5.845415e+00 -8.008091e-01 2.103385e+00
5.846415e+00 -9.260683e-01 2.103301e+00
5.847415e+00 -9.561693e-01 2.103230e+00
5.848415e+00 -8.615928e-01 2.103174e+00
5.849415e+00 -8.746485e-01 2.103131e+00
5.850415e+00 -8.228093e-01 2.103101e+00
5.851415e+00 -6.871661e-01 2.103085e+00
5.852415e+00 -7.491451e-01 2.103083e+00
5.853415e+00 -6.563541e-01 2.103095e+00
5.854415e+00 -7.654287e-01 2.103120e+00
5.855414e+00 -7.888388e-01 2.103159e+00
5.856414e+00 -8.719264e-01 2.103211e+00
5.857414e+00 -9.359502e-01 2.103278e+00
5.858414e+00 -9.155460e-01 2.103358e+00
5.859414e+00 -8.705860e-01 2.103452e+00
5.860414e+00 -6.683801e-01 2.103560e+00
5.861414e+00 -6.645813e-01 2.103681e+00
5.862414e+00 -6.790279e-01 2.103817e+00
5.863414e+00 -6.267324e-01 2.103966e+00
5.864414e+00 -7.289631e-01 2.104129e+00
5.865413e+00 -7.330139e-01 2.104305e+00
5.866413e+00 -8.335424e-01 2.104496e+00
5.867413e+00 -7.810449e-01 2.104700e+00
5.868413e+00 -8.623855e-01 2.104918e+00
5.869413e+00 -7.154715e-01 2.105149e+00
5.870413e+00 -7.027051e-01 2.105394e+00
5.871413e+00 -6.116516e-01 2.105653e+00
5.872413e+00 -6.079333e-01 2.105926e+00
5.873413e+00 -6.290332e-01 2.106212e+00
5.874413e+00 -5.935349e-01 2.106512e+00
5.875412e+00 -7.312317e-01 2.106825e+00
5.876412e+00 -6.902827e-01 2.107152e+00
5.877412e+00 -8.522067e-01 2.107493e+00
5.878412e+00 -7.491687e-01 2.107847e+00
5.879412e+00 -7.850280e-01 2.108214e+00
5.880412e+00 -7.367434e-01 2.108595e+00
5.881412e+00 -5.927912e-01 2.108989e+00
5.882412e+00 -6.061676e-01 2.109396e+00
5.883412e+00 -5.846014e-01 2.109817e+00
5.884412e+00 -5.417505e-01 2.110251e+00
5.885411e+00 -6.815160e-01 2.110698e+00
5.886411e+00 -7.775480e-01 2.111158e+00
5.887411e+00 -7.397665e-01 2.111631e+00
5.888411e+00 -7.018515e-01 2.112117e+00
5.889411e+00 -6.331389e-01 2.112616e+00
5.890411e+00 -6.647741e-01 2.113128e+00
5.891411e+00 -4.992124e-01 2.113652e+00
5.892411e+00 -4.958759e-01 2.114189e+00
5.893411e+00 -5.000467e-01 2.114739e+00
5.894411e+00 -5.514227e-01 2.115301e+00
5.895410e+00 -6.569896e-01 2.115876e+00
5.896410e+00 -6.197744e-01 2.116463e+00
5.897410e+00 -7.816223e-01 2.117063e+00
5.898410e+00 -5.823924e-01 2.117674e+00
5.899410e+00 -6.892450e-01 2.118298e+00
5.900410e+00 -6.591377e-01 2.118934e+00
5.901410e+00 -5.250084e-01 2.119581e+00
5.902410e+00 -3.510773e-01 2.120240e+00
5.903410e+00 -4.768762e-01 2.120911e+00
5.904410e+00 -5.384254e-01 2.121594e+00
5.905409e+00 -6.353630e-01 2.122288e+00
5.906409e+00 -6.374462e-01 2.122993e+00
5.907409e+00 -6.014437e-01 2.123710e+00
5.908409e+00 -6.712250e-01 2.124438e+00
5.909409e+00 -5.715358e-01 2.125177e+00
5.910409e+00 -5.368575e-01 2.125926e+00
5.911409e+00 -4.859688e-01 2.126687e+00
5.912409e+00 -4.701215e-01 2.127458e+00
5.913409e+00 -4.655637e-01 2.128239e+00
5.914409e+00 -4.605444e-01 2.129031e+00
5.915408e+00 -4.833668e-01 2.129833e+00
5.916408e+00 -4.973081e-01 2.130645e+00
5.917408e+00 -6.491191e-01 2.131467e+00
5.918408e+00 -6.014772e-01 2.132299e+00
5.919408e+00 -5.229415e-01 2.133141e+00
5.920408e+00 -4.295102e-01 2.133992e+00
5.921408e+00 -3.677502e-01 2.134852e+00
5.922408e+00 -3.129027e-01 2.135721e+00
5.923408e+00 -3.546410e-01 2.136600e+00
5.924408e+00 -3.527946e-01 2.137487e+00
5.925407e+00 -5.006277e-01 2.138383e+00
5.926407e+00 -5.186108e-01 2.139288e+00
5.927407e+00 -5.076880e-01 2.140201e+00
5.928407e+00 -5.277390e-01 2.141122e+00
5.929407e+00 -4.512369e-01 2.142052e+00
5.930407e+00 -3.858125e-01 2.142989e+00
5.931407e+00 -2.899064e-01 2.143934e+00
5.932407e+00 -2.866814e-01 2.144886e+00
5.933407e+00 -2.983149e-01 2.145846e+00
5.934407e+00 -3.689051e-01 2.146812e+00
5.935406e+00 -4.541652e-01 2.147786e+00
5.936406e+00 -4.909074e-01 2.148767e+00
5.937406e+00 -4.922182e-01 2.149754e+00
5.938406e+00 -4.591714e-01 2.150747e+00
5.939406e+00 -3.956598e-01 2.151747e+00
5.940406e+00 -2.879065e-01 2.152753e+00
5.941406e+00 -2.960958e-01 2.153764e+00
5.942406e+00 -2.176312e-01 2.154781e+00
5.943406e+00 -2.174772e-01 2.155804e+00
5.944406e+00 -3.604324e-01 2.156831e+00
5.945405e+00 -2.970850e-01 2.157864e+00
5.946405e+00 -3.577757e-01 2.158902e+00
5.947405e+00 -4.311462e-01 2.159944e+00
5.948405e+00 -3.854087e-01 2.160990e+00
5.949405e+00 -3.172253e-01 2.162041e+00
5.950405e+00 -2.021748e-01 2.163096e+00
5.951405e+00 -1.298038e-01 2.164154e+00
5.952405e+00 -1.373006e-01 2.165216e+00
5.953405e+00 -2.893630e-01 2.166282e+00
5.954405e+00 -2.727142e-01 2.167350e+00
5.955404e+00 -2.547251e-01 2.168422e+00
5.956404e+00 -3.666545e-01 2.169496e+00
5.957404e+00 -4.087465e-01 2.170572e+00
5.958404e+00 -2.949040e-01 2.171651e+00
5.959404e+00 -2.439793e-01 2.172732e+00
5.960404e+00 -2.340778e-01 2.173815e+00
5.961404e+00 -8.121807e-02 2.174899e+00
5.962404e+00 -1.523206e-01 2.175985e+00
5.963404e+00 -1.766864e-01 2.177071e+00
5.964404e+00 -2.963982e-01 2.178159e+00
5.965403e+00 -1.884454e-01 2.179248e+00
5.966403e+00 -3.814255e-01 2.180337e+00
5.967403e+00 -3.362480e-01 2.181426e+00
5.968403e+00 -2.774236e-01 2.182515e+00
5.969403e+00 -2.537234e-01 2.183605e+00
5.970403e+00 -1.484274e-01 2.184693e+00
5.971403e+00 -1.449175e-01 2.185781e+00
5.972403e+00 -8.129054e-02 2.186869e+00
5.973403e+00 -4.193671e-02 2.187955e+00
5.974403e+00 -5.547124e-02 2.189040e+00
5.975402e+00 -1.542550e-01 2.190124e+00
5.976402e+00 -1.469242e-01 2.191205e+00
5.977402e+00 -2.045354e-01 2.192285e+00
5.978402e+00 -2.606089e-01 2.193363e+00
5.979402e+00 -1.755197e-01 2.194438e+00
5.980402e+00 -6.998909e-02 2.195511e+00
5.981402e+00 5.313558e-02 2.196580e+00
5.982402e+00 -5.168718e-02 2.197647e+00
5.983402e+00 -7.320614e-02 2.198711e+00
5.984402e+00 -1.358484e-01 2.199771e+00
5.985401e+00 -1.334733e-01 2.200827e+00
5.986401e+00 -1.807592e-01 2.201879e+00
5.987401e+00 -1.754492e-01 2.202928e+00
5.988401e+00 -1.067744e-01 2.203971e+00
5.989401e+00 -1.212450e-01 2.205011e+00
5.990401e+00 -1.242948e-01 2.206045e+00
5.991401e+00 -2.995370e-02 2.207075e+00
5.992401e+00 7.364006e-02 2.208099e+00
5.993401e+00 6.757491e-02 2.209118e+00
5.994401e+00 4.498672e-02 2.210131e+00
5.995400e+00 -6.820464e-02 2.211139e+00
5.996400e+00 -2.325778e-02 2.212140e+00
5.997400e+00 -1.129846e-01 2.213135e+00
5.998400e+00 -5.115754e-02 2.214124e+00
5.999400e+00 5.063746e-02 2.215106e+00
6.000400e+00 -7.014611e-02 2.216082e+00
6.001400e+00 1.513124e-01 2.217050e+00
6.002400e+00 1.091937e-01 2.218011e+00
6.003400e+00 6.876751e-02 2.218964e+00
6.004400e+00 8.979182e-02 2.219910e+00
6.005399e+00 -2.122537e-02 2.220848e+00
6.006399e+00 3.947223e-02 2.221778e+00
6.007399e+00 -4.618904e-02 2.222700e+00
6.008399e+00 9.654042e-03 2.223614e+00
6.009399e+00 5.532471e-02 2.224519e+00
6.010399e+00 1.055515e-01 2.225415e+00
6.011399e+00 6.596448e-02 2.226302e+00
6.012399e+00 1.824825e-01 2.227180e+00
6.013399e+00 2.179577e-01 2.228049e+00
6.014399e+00 1.518916e-01 2.228908e+00
6.015398e+00 1.008738e-01 2.229758e+00
6.016398e+00 7.097575e-02 2.230597e+00
6.017398e+00 1.539931e-02 2.231427e+00
6.018398e+00 -1.434784e-02 2.232247e+00
6.019398e+00 6.794641e-02 2.233056e+00
6.020398e+00 1.729989e-01 2.233855e+00
6.021398e+00 1.821314e-01 2.234643e+00
6.022398e+00 2.619725e-01 2.235420e+00
6.023398e+00 2.305782e-01 2.236186e+00
6.024398e+00 2.329077e-01 2.236941e+00
6.025397e+00 1.601232e-01 2.237685e+00
6.026397e+00 1.896256e-02 2.238417e+00
6.027397e+00 9.298750e-02 2.239138e+00
6.028397e+00 1.019297e-01 2.239847e+00
6.029397e+00 1.447127e-01 2.240543e+00
6.030397e+00 2.052654e-01 2.241228e+00
6.031397e+00 2.787331e-01 2.241901e+00
6.032397e+00 2.752525e-01 2.242561e+00
6.033397e+00 3.200174e-01 2.243209e+00
6.034397e+00 2.360189e-01 2.243844e+00
6.035396e+00 1.833917e-01 2.244467e+00
6.036396e+00 1.859786e-01 2.245076e+00
6.037396e+00 2.021887e-01 2.245673e+00
6.038396e+00 6.159377e-02 2.246256e+00
6.039396e+00 1.054918e-01 2.246826e+00
6.040396e+00 2.412674e-01 2.247383e+00
6.041396e+00 3.232893e-01 2.247926e+00
6.042396e+00 4.226964e-01 2.248456e+00
6.043396e+00 3.425874e-01 2.248971e+00
6.044396e+00 3.221906e-01 2.249473e+00
6.045395e+00 2.700340e-01 2.249961e+00
6.046395e+00 2.485865e-01 2.250435e+00
6.047395e+00 1.396921e-01 2.250894e+00
6.048395e+00 2.181347e-01 2.251339e+00
6.049395e+00 2.242345e-01 2.251770e+00
6.050395e+00 3.623446e-01 2.252186e+00
6.051395e+00 4.310111e-01 2.252588e+00
6.052395e+00 3.745147e-01 2.252975e+00
6.053395e+00 3.422664e-01 2.253347e+00
6.054395e+00 4.193426e-01 2.253704e+00
6.055394e+00 3.124847e-01 2.254045e+00
6.056394e+00 2.115206e-01 2.254372e+00
6.057394e+00 1.669425e-01 2.254684e+00
6.058394e+00 2.920400e-01 2.254980e+00
6.059394e+00 2.978513e-01 2.255261e+00
6.060394e+00 4.138726e-01 2.255527e+00
6.061394e+00 4.885832e-01 2.255777e+00
6.062394e+00 4.760080e-01 2.256011e+00
6.063394e+00 5.269965e-01 2.256229e+00
6.064394e+00 3.934714e-01 2.256432e+00
6.065393e+00 2.813834e-01 2.256619e+00
6.066393e+00 3.368157e-01 2.256790e+00
6.067393e+00 2.833642e-01 2.256945e+00
6.068393e+00 4.033208e-01 2.257084e+00
6.069393e+00 4.343206e-01 2.257207e+00
6.070393e+00 4.327369e-01 2.257313e+00
6.071393e+00 4.377018e-01 2.257404e+00
6.072393e+00 5.362601e-01 2.257478e+00
6.073393e+00 4.620391e-01 2.257535e+00
6.074393e+00 4.585410e-01 2.257576e+00
6.075392e+00 4.524164e-01 2.257601e+00
6.076392e+00 4.217257e-01 2.257609e+00
6.077392e+00 3.535387e-01 2.257601e+00
6.078392e+00 3.191803e-01 2.257576e+00
6.079392e+00 4.341017e-01 2.257534e+00
6.080392e+00 5.007012e-01 2.257475e+00
6.081392e+00 6.139627e-01 2.257400e+00
6.082392e+00 5.922547e-01 2.257308e+00
6.083392e+00 6.254150e-01 2.257199e+00
6.084392e+00 5.931608e-01 2.257073e+00
6.085391e+00 4.593810e-01 2.256930e+00
6.086391e+00 4.678177e-01 2.256770e+00
6.087391e+00 4.734511e-01 2.256593e+00
6.088391e+00 4.746274e-01 2.256399e+00
6.089391e+00 4.261743e-01 2.256189e+00
6.090391e+00 6.447781e-01 2.255961e+00
6.091391e+00 5.562530e-01 2.255715e+00
6.092391e+00 5.812627e-01 2.255453e+00
6.093391e+00 5.693328e-01 2.255174e+00
6.094391e+00 6.146252e-01 2.254877e+00
6.095390e+00 5.946253e-01 2.254563e+00
6.096390e+00 4.908504e-01 2.254232e+00
6.097390e+00 4.912465e-01 2.253884e+00
6.098390e+00 4.783070e-01 2.253518e+00
6.099390e+00 5.952006e-01 2.253135e+00
6.100390e+00 6.294782e-01 2.252735e+00
6.101390e+00 6.199004e-01 2.252318e+00
6.102390e+00 6.725077e-01 2.251883e+00
6.103390e+00 7.252366e-01 2.251431e+00
6.104390e+00 6.338517e-01 2.250962e+00
6.105389e+00 6.942849e-01 2.250475e+00
6.106389e+00 5.522438e-01 2.249971e+00
6.107389e+00 5.195024e-01 2.249450e+00
6.108389e+00 5.397825e-01 2.248912e+00
6.109389e+00 6.536545e-01 2.248356e+00
6.110389e+00 6.896449e-01 2.247783e+00
6.111389e+00 7.970588e-01 2.247193e+00
6.112389e+00 7.348812e-01 2.246585e+00
6.113389e+00 7.709065e-01 2.245960e+00
6.114389e+00 6.448362e-01 2.245318e+00
6.115388e+00 7.073472e-01 2.244659e+00
6.116388e+00 5.549939e-01 2.243982e+00
6.117388e+00 6.342745e-01 2.243288e+00
6.118388e+00 5.547404e-01 2.242577e+00
6.119388e+00 7.069760e-01 2.241849e+00
6.120388e+00 6.497080e-01 2.241104e+00
6.121388e+00 8.690054e-01 2.240342e+00
6.122388e+00 7.888127e-01 2.239562e+00
6.123388e+00 7.413028e-01 2.238766e+00
6.124388e+00 7.074562e-01 2.237952e+00
6.125387e+00 7.541098e-01 2.237121e+00
6.126387e+00 6.366282e-01 2.236274e+00
6.127387e+00 6.551013e-01 2.235409e+00
6.128387e+00 6.653014e-01 2.234528e+00
6.129387e+00 7.378460e-01 2.233630e+00
6.130387e+00 7.638262e-01 2.232715e+00
6.131387e+00 8.544305e-01 2.231783e+00
6.132387e+00 8.371908e-01 2.230834e+00
6.133387e+00 7.336036e-01 2.229869e+00
6.134387e+00 8.462279e-01 2.228887e+00
6.135386e+00 7.111506e-01 2.227889e+00
6.136386e+00 6.614177e-01 2.226874e+00
6.137386e+00 7.331060e-01 2.225842e+00
6.138386e+00 8.031370e-01 2.224794e+00
6.139386e+00 7.505062e-01 2.223729e+00
6.140386e+00 8.525384e-01 2.222649e+00
6.141386e+00 7.920542e-01 2.221551e+00
6.142386e+00 8.964767e-01 2.220438e+00
6.143386e+00 8.637671e-01 2.219309e+00
6.144386e+00 8.631839e-01 2.218163e+00
6.145385e+00 7.937244e-01 2.217001e+00
6.146385e+00 6.949331e-01 2.215824e+00
6.147385e+00 6.669033e-01 2.214630e+00
6.148385e+00 7.511648e-01 2.213420e+00
6.149385e+00 6.887436e-01 2.212195e+00
6.150385e+00 8.110469e-01 2.210954e+00
6.151385e+00 9.481208e-01 2.209698e+00
6.152385e+00 8.741720e-01 2.208425e+00
6.153385e+00 9.656349e-01 2.207138e+00
6.154385e+00 9.126818e-01 2.205835e+00
6.155384e+00 8.121164e-01 2.204516e+00
6.156384e+00 8.290161e-01 2.203182e+00
6.157384e+00 7.309220e-01 2.201834e+00
6.158384e+00 7.574618e-01 2.200470e+00
6.159384e+00 8.278747e-01 2.199091e+00
6.160384e+00 9.505242e-01 2.197697e+00
6.161384e+00 8.335215e-01 2.196288e+00
6.162384e+00 9.466756e-01 2.194865e+00
6.163384e+00 1.038691e+00 2.193426e+00
6.164384e+00 8.262450e-01 2.191974e+00
6.165383e+00 8.082495e-01 2.190507e+00
6.166383e+00 7.724342e-01 2.189025e+00
6.167383e+00 7.744299e-01 2.187529e+00
6.168383e+00 7.590116e-01 2.186019e+00
6.169383e+00 7.703422e-01 2.184495e+00
6.170383e+00 8.646761e-01 2.182958e+00
6.171383e+00 8.945512e-01 2.181406e+00
6.172383e+00 9.340926e-01 2.179840e+00
6.173383e+00 1.019554e+00 2.178261e+00
6.174383e+00 8.887337e-01 2.176668e+00
6.175382e+00 8.865453e-01 2.175062e+00
6.176382e+00 7.557785e-01 2.173443e+00
6.177382e+00 8.153798e-01 2.171810e+00
6.178382e+00 8.097117e-01 2.170164e+00
6.179382e+00 8.667568e-01 2.168506e+00
6.180382e+00 8.163189e-01 2.166834e+00
6.181382e+00 9.480808e-01 2.165150e+00
6.182382e+00 9.184908e-01 2.163453e+00
6.183382e+00 1.052978e+00 2.161744e+00
6.184382e+00 1.024778e+00 2.160022e+00
6.185381e+00 8.982319e-01 2.158288e+00
6.186381e+00 8.840537e-01 2.156542e+00
6.187381e+00 7.788258e-01 2.154784e+00
6.188381e+00 8.827036e-01 2.153014e+00
6.189381e+00 8.905875e-01 2.151233e+00
6.190381e+00 9.220592e-01 2.149439e+00
6.191381e+00 1.024885e+00 2.147635e+00
6.192381e+00 1.090451e+00 2.145819e+00
6.193381e+00 9.514553e-01 2.143992e+00
6.194381e+00 1.081341e+00 2.142154e+00
6.195380e+00 9.467492e-01 2.140305e+00
6.196380e+00 8.492558e-01 2.138445e+00
6.197380e+00 8.976882e-01 2.136575e+00
6.198380e+00 7.699645e-01 2.134694e+00
6.199380e+00 9.668928e-01 2.132803e+00
6.200380e+00 9.594005e-01 2.130902e+00
6.201380e+00 1.060908e+00 2.128991e+00
6.202380e+00 1.096175e+00 2.127070e+00
6.203380e+00 1.038972e+00 2.125139e+00
6.204380e+00 1.055970e+00 2.123198e+00
6.205379e+00 8.759493e-01 2.121249e+00
6.206379e+00 8.976937e-01 2.119290e+00
6.207379e+00 8.497841e-01 2.117322e+00
6.208379e+00 8.735261e-01 2.115345e+00
6.209379e+00 8.495168e-01 2.113359e+00
6.210379e+00 9.365730e-01 2.111364e+00
6.211379e+00 1.083290e+00 2.109361e+00
6.212379e+00 1.209821e+00 2.107350e+00
6.213379e+00 1.087914e+00 2.105331e+00
6.214379e+00 1.009059e+00 2.103303e+00
6.215378e+00 9.369873e-01 2.101268e+00
6.216378e+00 8.510113e-01 2.099226e+00
6.217378e+00 8.912734e-01 2.097175e+00
6.218378e+00 9.175183e-01 2.095118e+00
6.219378e+00 9.226674e-01 2.093053e+00
6.220378e+00 1.032774e+00 2.090982e+00
6.221378e+00 1.025876e+00 2.088903e+00
6.222378e+00 1.067083e+00 2.086818e+00
6.223378e+00 9.943714e-01 2.084727e+00
6.224378e+00 1.036196e+00 2.082629e+00
6.225377e+00 9.509111e-01 2.080525e+00
6.226377e+00 9.259332e-01 2.078415e+00
6.227377e+00 9.049153e-01 2.076300e+00
6.228377e+00 9.852873e-01 2.074179e+00
6.229377e+00 1.005588e+00 2.072053e+00
6.230377e+00 1.007381e+00 2.069921e+00
6.231377e+00 1.107971e+00 2.067784e+00
6.232377e+00 1.044672e+00 2.065643e+00
6.233377e+00 1.056581e+00 2.063497e+00
6.234377e+00 1.047578e+00 2.061346e+00
6.235376e+00 9.777021e-01 2.059191e+00
6.236376e+00 9.085211e-01 2.057032e+00
6.237376e+00 8.228675e-01 2.054869e+00
6.238376e+00 9.638534e-01 2.052702e+00
6.239376e+00 9.758236e-01 2.050532e+00
6.240376e+00 1.040456e+00 2.048358e+00
6.241376e+00 1.042661e+00 2.046181e+00
6.242376e+00 1.145218e+00 2.044001e+00
6.243376e+00 1.145300e+00 2.041818e+00
6.244376e+00 9.760390e-01 2.039633e+00
6.245375e+00 9.803944e-01 2.037445e+00
6.246375e+00 9.946088e-01 2.035255e+00
6.247375e+00 8.421938e-01 2.033063e+00
6.248375e+00 9.311413e-01 2.030869e+00
6.249375e+00 9.615428e-01 2.028673e+00
6.250375e+00 1.011374e+00 2.026476e+00
6.251375e+00 9.996313e-01 2.024277e+00
6.252375e+00 1.026368e+00 2.022078e+00
6.253375e+00 1.125462e+00 2.019877e+00
6.254375e+00 1.005941e+00 2.017675e+00
6.255374e+00 9.194906e-01 2.015473e+00
6.256374e+00 9.053819e-01 2.013271e+00
6.257374e+00 8.361662e-01 2.011069e+00
6.258374e+00 9.847155e-01 2.008866e+00
6.259374e+00 9.244969e-01 2.006664e+00
6.260374e+00 9.690465e-01 2.004462e+00
6.261374e+00 1.085219e+00 2.002260e+00
6.262374e+00 9.536750e-01 2.000060e+00
6.263374e+00 1.079375e+00 1.997860e+00
6.264374e+00 1.062598e+00 1.995662e+00
6.265373e+00 9.120918e-01 1.993464e+00
6.266373e+00 9.125507e-01 1.991269e+00
6.267373e+00 8.978779e-01 1.989075e+00
6.268373e+00 8.149132e-01 1.986883e+00
6.269373e+00 8.637021e-01 1.984693e+00
6.270373e+00 1.022645e+00 1.982505e+00
6.271373e+00 1.023876e+00 1.980320e+00
6.272373e+00 1.053644e+00 1.978137e+00
6.273373e+00 1.062168e+00 1.975957e+00
6.274373e+00 1.005984e+00 1.973781e+00
6.275372e+00 9.652370e-01 1.971607e+00
6.276372e+00 9.124580e-01 1.969437e+00
6.277372e+00 9.618794e-01 1.967271e+00
6.278372e+00 8.701204e-01 1.965108e+00
6.279372e+00 9.515584e-01 1.962949e+00
6.280372e+00 9.476123e-01 1.960794e+00
6.281372e+00 1.059098e+00 1.958644e+00
6.282372e+00 1.084348e+00 1.956498e+00
6.283372e+00 9.778330e-01 1.954357e+00
6.284372e+00 1.036144e+00 1.952221e+00
6.285371e+00 1.034729e+00 1.950089e+00
6.286371e+00 8.538030e-01 1.947963e+00
6.287371e+00 8.578911e-01 1.945843e+00
6.288371e+00 9.238643e-01 1.943728e+00
6.289371e+00 8.960697e-01 1.941618e+00
6.290371e+00 1.012627e+00 1.939515e+00
6.291371e+00 1.076261e+00 1.937418e+00
6.292371e+00 1.098100e+00 1.935327e+00
6.293371e+00 1.090619e+00 1.933243e+00
6.294371e+00 9.235148e-01 1.931165e+00
6.295370e+00 9.735055e-01 1.929094e+00
6.296370e+00 9.053039e-01 1.927030e+00
6.297370e+00 8.788066e-01 1.924973e+00
6.298370e+00 8.205585e-01 1.922924e+00
6.299370e+00 9.638999e-01 1.920882e+00
6.300370e+00 9.843874e-01 1.918848e+00
6.301370e+00 1.001598e+00 1.916821e+00
6.302370e+00 9.699026e-01 1.914803e+00
6.303370e+00 1.050736e+00 1.912793e+00
6.304370e+00 9.764226e-01 1.910791e+00
6.305369e+00 8.821300e-01 1.908798e+00
6.306369e+00 8.928288e-01 1.906814e+00
6.307369e+00 8.041802e-01 1.904838e+00
6.308369e+00 9.154171e-01 1.902871e+00
6.309369e+00 9.261295e-01 1.900914e+00
6.310369e+00 9.329598e-01 1.898966e+00
6.311369e+00 1.021655e+00 1.897027e+00
6.312369e+00 1.000098e+00 1.895098e+00
6.313369e+00 9.429812e-01 1.893179e+00
6.314369e+00 9.163608e-01 1.891270e+00
6.315368e+00 8.497427e-01 1.889371e+00
6.316368e+00 8.572888e-01 1.887482e+00
6.317368e+00 8.369955e-01 1.885604e+00
6.318368e+00 8.299203e-01 1.883736e+00
6.319368e+00 8.832821e-01 1.881879e+00
6.320368e+00 8.793785e-01 1.880033e+00
6.321368e+00 9.328619e-01 1.878198e+00
6.322368e+00 1.007375e+00 1.876374e+00
6.323368e+00 9.551491e-01 1.874561e+00
6.324368e+00 9.114960e-01 1.872761e+00
6.325367e+00 8.543804e-01 1.870971e+00
6.326367e+00 7.815279e-01 1.869194e+00
6.327367e+00 7.937198e-01 1.867428e+00
6.328367e+00 8.299961e-01 1.865674e+00
6.329367e+00 9.429106e-01 1.863933e+00
6.330367e+00 9.201188e-01 1.862204e+00
6.331367e+00 1.069014e+00 1.860487e+00
6.332367e+00 9.855155e-01 1.858784e+00
6.333367e+00 1.077693e+00 1.857092e+00
6.334367e+00 8.963397e-01 1.855414e+00
6.335366e+00 7.832801e-01 1.853749e+00
6.336366e+00 8.323310e-01 1.852097e+00
6.337366e+00 7.631705e-01 1.850458e+00
6.338366e+00 7.132150e-01 1.848833e+00
6.339366e+00 7.016761e-01 1.847221e+00
6.340366e+00 8.695049e-01 1.845623e+00
6.341366e+00 9.245578e-01 1.844039e+00
6.342366e+00 1.009857e+00 1.842468e+00
6.343366e+00 8.791194e-01 1.840912e+00
6.344366e+00 7.857100e-01 1.839370e+00
6.345365e+00 8.123744e-01 1.837842e+00
6.346365e+00 8.163695e-01 1.836329e+00
6.347365e+00 7.402324e-01 1.834830e+00
6.348365e+00 7.066207e-01 1.833346e+00
6.349365e+00 8.113792e-01 1.831876e+00
6.350365e+00 8.220856e-01 1.830422e+00
6.351365e+00 9.208942e-01 1.828982e+00
6.352365e+00 9.017161e-01 1.827558e+00
6.353365e+00 8.589396e-01 1.826149e+00
6.354365e+00 7.766306e-01 1.824755e+00
6.355364e+00 8.535481e-01 1.823377e+00
6.356364e+00 6.852873e-01 1.822014e+00
6.357364e+00 6.931365e-01 1.820667e+00
6.358364e+00 7.536199e-01 1.819336e+00
6.359364e+00 7.508735e-01 1.818021e+00
6.360364e+00 6.879096e-01 1.816721e+00
6.361364e+00 8.020187e-01 1.815438e+00
6.362364e+00 9.177933e-01 1.814171e+00
6.363364e+00 8.663657e-01 1.812921e+00
6.364364e+00 8.190112e-01 1.811686e+00
6.365363e+00 7.129632e-01 1.810469e+00
6.366363e+00 5.509603e-01 1.809267e+00
6.367363e+00 5.090486e-01 1.808083e+00
6.368363e+00 5.446172e-01 1.806915e+00
6.369363e+00 6.419095e-01 1.805765e+00
6.370363e+00 7.662374e-01 1.804631e+00
6.371363e+00 7.907255e-01 1.803514e+00
6.372363e+00 8.706418e-01 1.802415e+00
6.373363e+00 8.695464e-01 1.801333e+00
6.374363e+00 7.295012e-01 1.800268e+00
6.375362e+00 7.244492e-01 1.799221e+00
6.376362e+00 6.164941e-01 1.798191e+00
6.377362e+00 5.363133e-01 1.797178e+00
6.378362e+00 5.939820e-01 1.796184e+00
6.379362e+00 6.505200e-01 1.795207e+00
6.380362e+00 7.558971e-01 1.794248e+00
6.381362e+00 8.316889e-01 1.793307e+00
6.382362e+00 7.972925e-01 1.792384e+00
6.383362e+00 8.235224e-01 1.791480e+00
6.384362e+00 7.394647e-01 1.790593e+00
6.385361e+00 7.274984e-01 1.789725e+00
6.386361e+00 5.008919e-01 1.788875e+00
6.387361e+00 5.297693e-01 1.788043e+00
6.388361e+00 4.907625e-01 1.787230e+00
6.389361e+00 5.930681e-01 1.786435e+00
6.390361e+00 5.810396e-01 1.785659e+00
6.391361e+00 6.997033e-01 1.784902e+00
6.392361e+00 6.724491e-01 1.784164e+00
6.393361e+00 7.457848e-01 1.783444e+00
6.394361e+00 7.658100e-01 1.782743e+00
6.395360e+00 6.136719e-01 1.782061e+00
6.396360e+00 5.600637e-01 1.781399e+00
6.397360e+00 5.273772e-01 1.780755e+00
6.398360e+00 4.954537e-01 1.780130e+00
6.399360e+00 4.875034e-01 1.779525e+00
6.400360e+00 6.579599e-01 1.778939e+00
6.401360e+00 7.275690e-01 1.778372e+00
6.402360e+00 7.037207e-01 1.777825e+00
6.403360e+00 6.807349e-01 1.777297e+00
6.404360e+00 5.806650e-01 1.776788e+00
6.405359e+00 4.762445e-01 1.776299e+00
6.406359e+00 4.809860e-01 1.775830e+00
6.407359e+00 4.099217e-01 1.775380e+00
6.408359e+00 4.713897e-01 1.774950e+00
6.409359e+00 5.292991e-01 1.774540e+00
6.410359e+00 6.207995e-01 1.774149e+00
6.411359e+00 6.624187e-01 1.773779e+00
6.412359e+00 5.501506e-01 1.773428e+00
6.413359e+00 6.535016e-01 1.773097e+00
6.414359e+00 6.094099e-01 1.772786e+00
6.415358e+00 4.700621e-01 1.772495e+00
6.416358e+00 3.656350e-01 1.772224e+00
6.417358e+00 4.527979e-01 1.771973e+00
6.418358e+00 2.949500e-01 1.771742e+00
6.419358e+00 3.705809e-01 1.771532e+00
6.420358e+00 5.375046e-01 1.771341e+00
6.421358e+00 4.992889e-01 1.771171e+00
6.422358e+00 4.825255e-01 1.771021e+00
6.423358e+00 5.420437e-01 1.770891e+00
6.424358e+00 5.540687e-01 1.770781e+00
6.425357e+00 4.917833e-01 1.770692e+00
6.426357e+00 3.735461e-01 1.770623e+00
6.427357e+00 4.709193e-01 1.770575e+00
6.428357e+00 3.298909e-01 1.770546e+00
6.429357e+00 4.028922e-01 1.770538e+00
6.430357e+00 4.750716e-01 1.770551e+00
6.431357e+00 5.961808e-01 1.770584e+00
6.432357e+00 5.300228e-01 1.770637e+00
6.433357e+00 4.680038e-01 1.770711e+00
6.434357e+00 3.989829e-01 1.770805e+00
6.435356e+00 4.412283e-01 1.770919e+00
6.436356e+00 3.380830e-01 1.771054e+00
6.437356e+00 2.288545e-01 1.771210e+00
6.438356e+00 2.340120e-01 1.771386e+00
6.439356e+00 3.678669e-01 1.771582e+00
6.440356e+00 3.920355e-01 1.771799e+00
6.441356e+00 3.800663e-01 1.772036e+00
6.442356e+00 4.124394e-01 1.772293e+00
6.443356e+00 4.324729e-01 1.772571e+00
6.444356e+00 4.067821e-01 1.772870e+00
6.445355e+00 2.872082e-01 1.773188e+00
6.446355e+00 1.647632e-01 1.773527e+00
6.447355e+00 1.944189e-01 1.773887e+00
6.448355e+00 2.006938e-01 1.774266e+00
6.449355e+00 3.381936e-01 1.774666e+00
6.450355e+00 3.630260e-01 1.775086e+00
6.451355e+00 4.072401e-01 1.775527e+00
6.452355e+00 4.745832e-01 1.775987e+00
6.453355e+00 3.813339e-01 1.776468e+00
6.454355e+00 3.059457e-01 1.776969e+00
6.455354e+00 2.019745e-01 1.777489e+00
6.456354e+00 2.564877e-01 1.778030e+00
6.457354e+00 1.852122e-01 1.778591e+00
6.458354e+00 2.181714e-01 1.779172e+00
6.459354e+00 1.886297e-01 1.779772e+00
6.460354e+00 2.896354e-01 1.780392e+00
6.461354e+00 2.806657e-01 1.781032e+00
6.462354e+00 3.312537e-01 1.781692e+00
6.463354e+00 3.248623e-01 1.782371e+00
6.464354e+00 2.677659e-01 1.783070e+00
6.465353e+00 1.842819e-01 1.783788e+00
6.466353e+00 2.225339e-01 1.784526e+00
6.467353e+00 4.101849e-02 1.785282e+00
6.468353e+00 2.665819e-02 1.786058e+00
6.469353e+00 1.387322e-01 1.786853e+00
6.470353e+00 2.262892e-01 1.787667e+00
6.471353e+00 2.014063e-01 1.788500e+00
6.472353e+00 2.796126e-01 1.789352e+00
6.473353e+00 2.740757e-01 1.790222e+00
6.474353e+00 2.124670e-01 1.791111e+00
6.475352e+00 1.536475e-01 1.792018e+00
6.476352e+00 2.391934e-02 1.792944e+00
6.477352e+00 3.779487e-02 1.793887e+00
6.478352e+00 5.985489e-02 1.794849e+00
6.479352e+00 3.868162e-02 1.795829e+00
6.480352e+00 1.475890e-01 1.796826e+00
6.481352e+00 1.944195e-01 1.797841e+00
6.482352e+00 1.747891e-01 1.798874e+00
6.483352e+00 2.692067e-01 1.799924e+00
6.484352e+00 1.445803e-01 1.800991e+00
6.485351e+00 -1.673697e-02 1.802075e+00
6.486351e+00 3.785289e-03 1.803175e+00
6.487351e+00 2.530839e-02 1.804293e+00
6.488351e+00 -4.718141e-02 1.805427e+00
6.489351e+00 1.369438e-02 1.806577e+00
6.490351e+00 6.071755e-02 1.807743e+00
6.491351e+00 1.388352e-01 1.808925e+00
6.492351e+00 1.382596e-01 1.810123e+00
6.493351e+00 1.193907e-01 1.811336e+00
6.494351e+00 1.872428e-03 1.812564e+00
6.495350e+00 3.782492e-03 1.813808e+00
6.496350e+00 -6.532009e-02 1.815066e+00
6.497350e+00 -7.455851e-03 1.816339e+00
6.498350e+00 -1.194153e-01 1.817626e+00
6.499350e+00 -2.820866e-02 1.818927e+00
6.500350e+00 -8.866749e-03 1.820242e+00
6.501350e+00 1.095339e-01 1.821570e+00
6.502350e+00 1.191033e-01 1.822912e+00
6.503350e+00 3.640700e-02 1.824267e+00
6.504350e+00 -6.076200e-02 1.825635e+00
6.505349e+00 -9.041687e-02 1.827015e+00
6.506349e+00 -8.095352e-02 1.828407e+00
6.507349e+00 -9.162002e-02 1.829811e+00
6.508349e+00 -1.478908e-02 1.831227e+00
6.509349e+00 -6.006754e-02 1.832654e+00
6.510349e+00 -1.046367e-01 1.834092e+00
6.511349e+00 3.003088e-02 1.835541e+00
6.512349e+00 6.630591e-02 1.837000e+00
6.513349e+00 1.631041e-03 1.838469e+00
6.514349e+00 2.526977e-02 1.839947e+00
6.515348e+00 -6.020072e-02 1.841435e+00
6.516348e+00 -1.349497e-01 1.842933e+00
6.517348e+00 -1.914281e-01 1.844438e+00
6.518348e+00 -2.736904e-01 1.845952e+00
6.519348e+00 -1.144406e-01 1.847474e+00
6.520348e+00 -1.915863e-01 1.849004e+00
6.521348e+00 -5.245296e-02 1.850540e+00
6.522348e+00 -3.711629e-02 1.852084e+00
6.523348e+00 -5.653730e-02 1.853634e+00
6.524348e+00 -1.760964e-01 1.855190e+00
6.525347e+00 -2.706486e-01 1.856752e+00
6.526347e+00 -2.789599e-01 1.858318e+00
6.527347e+00 -2.631428e-01 1.859890e+00
6.528347e+00 -2.692125e-01 1.861466e+00
6.529347e+00 -1.825486e-01 1.863047e+00
6.530347e+00 -2.496122e-01 1.864630e+00
6.531347e+00 -4.803189e-02 1.866217e+00
6.532347e+00 -9.805813e-02 1.867807e+00
6.533347e+00 -1.667132e-01 1.869399e+00
6.534347e+00 -5.513463e-02 1.870993e+00
6.535346e+00 -3.032660e-01 1.872589e+00
6.536346e+00 -2.931159e-01 1.874186e+00
6.537346e+00 -3.289442e-01 1.875783e+00
6.538346e+00 -3.623177e-01 1.877380e+00
6.539346e+00 -2.308797e-01 1.878977e+00
6.540346e+00 -2.154003e-01 1.880574e+00
6.541346e+00 -2.059015e-01 1.882169e+00
6.542346e+00 -1.977657e-01 1.883762e+00
6.543346e+00 -1.626651e-01 1.885354e+00
6.544346e+00 -2.055312e-01 1.886942e+00
6.545345e+00 -2.554580e-01 1.888528e+00
6.546345e+00 -3.545484e-01 1.890110e+00
6.547345e+00 -4.077384e-01 1.891689e+00
6.548345e+00 -3.407673e-01 1.893263e+00
6.549345e+00 -2.659698e-01 1.894832e+00
6.550345e+00 -3.289128e-01 1.896395e+00
6.551345e+00 -2.583285e-01 1.897953e+00
6.552345e+00 -2.071205e-01 1.899505e+00
6.553345e+00 -2.434301e-01 1.901050e+00
6.554345e+00 -1.464884e-01 1.902587e+00
6.555344e+00 -3.743383e-01 1.904117e+00
6.556344e+00 -4.443367e-01 1.905639e+00
6.557344e+00 -4.332263e-01 1.907152e+00
6.558344e+00 -4.315146e-01 1.908656e+00
6.559344e+00 -3.359723e-01 1.910150e+00
6.560344e+00 -3.415455e-01 1.911634e+00
6.561344e+00 -2.516533e-01 1.913108e+00
6.562344e+00 -3.546547e-01 1.914571e+00
6.563344e+00 -3.608827e-01 1.916023e+00
6.564344e+00 -4.211471e-01 1.917462e+00
6.565343e+00 -4.331516e-01 1.918890e+00
6.566343e+00 -4.190982e-01 1.920304e+00
6.567343e+00 -5.113680e-01 1.921705e+00
6.568343e+00 -4.598366e-01 1.923093e+00
6.569343e+00 -4.172814e-01 1.924466e+00
6.570343e+00 -4.079022e-01 1.925825e+00
6.571343e+00 -3.535116e-01 1.927168e+00
6.572343e+00 -2.801445e-01 1.928496e+00
6.573343e+00 -3.683218e-01 1.929809e+00
6.574343e+00 -3.951458e-01 1.931105e+00
6.575342e+00 -5.823696e-01 1.932384e+00
6.576342e+00 -5.940904e-01 1.933645e+00
6.577342e+00 -5.995033e-01 1.934890e+00
6.578342e+00 -5.288946e-01 1.936116e+00
6.579342e+00 -4.878666e-01 1.937323e+00
6.580342e+00 -4.744115e-01 1.938512e+00
6.581342e+00 -3.570459e-01 1.939682e+00
6.582342e+00 -4.431401e-01 1.940831e+00
6.583342e+00 -4.525249e-01 1.941961e+00
6.584342e+00 -4.822532e-01 1.943070e+00
6.585341e+00 -5.888268e-01 1.944158e+00
6.586341e+00 -6.290096e-01 1.945225e+00
6.587341e+00 -6.736183e-01 1.946270e+00
6.588341e+00 -6.364971e-01 1.947293e+00
6.589341e+00 -5.802554e-01 1.948293e+00
6.590341e+00 -5.111207e-01 1.949271e+00
6.591341e+00 -4.084612e-01 1.950225e+00
6.592341e+00 -4.225728e-01 1.951156e+00
6.593341e+00 -4.607778e-01 1.952063e+00
6.594341e+00 -5.748273e-01 1.952945e+00
6.595340e+00 -5.650596e-01 1.953803e+00
6.596340e+00 -6.942328e-01 1.954636e+00
6.597340e+00 -8.145876e-01 1.955443e+00
6.598340e+00 -6.001772e-01 1.956225e+00
6.599340e+00 -6.491830e-01 1.956981e+00
6.600340e+00 -5.649520e-01 1.957710e+00
6.601340e+00 -5.632756e-01 1.958413e+00
6.602340e+00 -4.818395e-01 1.959088e+00
6.603340e+00 -4.402907e-01 1.959736e+00
6.604340e+00 -6.348032e-01 1.960357e+00
6.605339e+00 -7.270067e-01 1.960949e+00
6.606339e+00 -6.324726e-01 1.961513e+00
6.607339e+00 -6.966017e-01 1.962049e+00
6.608339e+00 -6.805543e-01 1.962555e+00
6.609339e+00 -6.315448e-01 1.963033e+00
6.610339e+00 -6.525991e-01 1.963481e+00
6.611339e+00 -5.886521e-01 1.963898e+00
6.612339e+00 -4.759465e-01 1.964286e+00
6.613339e+00 -5.567909e-01 1.964644e+00
6.614339e+00 -6.128994e-01 1.964970e+00
6.615338e+00 -6.953655e-01 1.965266e+00
6.616338e+00 -8.068562e-01 1.965531e+00
6.617338e+00 -8.083342e-01 1.965764e+00
6.618338e+00 -7.189794e-01 1.965965e+00
6.619338e+00 -7.585594e-01 1.966134e+00
6.620338e+00 -6.541769e-01 1.966270e+00
6.621338e+00 -5.608036e-01 1.966375e+00
6.622338e+00 -6.103120e-01 1.966446e+00
6.623338e+00 -5.535788e-01 1.966484e+00
6.624338e+00 -6.298024e-01 1.966489e+00
6.625337e+00 -7.074780e-01 1.966460e+00
6.626337e+00 -7.877826e-01 1.966397e+00
6.627337e+00 -7.558883e-01 1.966300e+00
6.628337e+00 -7.198758e-01 1.966168e+00
6.629337e+00 -7.626251e-01 1.966002e+00
6.630337e+00 -6.993602e-01 1.965802e+00
6.631337e+00 -6.667357e-01 1.965566e+00
6.632337e+00 -6.219040e-01 1.965294e+00
6.633337e+00 -6.925243e-01 1.964987e+00
6.634337e+00 -7.138286e-01 1.964644e+00
6.635336e+00 -7.978384e-01 1.964265e+00
6.636336e+00 -8.817821e-01 1.963850e+00
6.637336e+00 -9.021752e-01 1.963399e+00
6.638336e+00 -8.279107e-01 1.962910e+00
6.639336e+00 -7.583888e-01 1.962384e+00
6.640336e+00 -8.040488e-01 1.961822e+00
6.641336e+00 -6.944034e-01 1.961222e+00
6.642336e+00 -6.277007e-01 1.960584e+00
6.643336e+00 -6.675204e-01 1.959908e+00
6.644336e+00 -6.997308e-01 1.959194e+00
6.645335e+00 -7.662469e-01 1.958442e+00
6.646335e+00 -9.299610e-01 1.957651e+00
6.647335e+00 -8.889434e-01 1.956821e+00
6.648335e+00 -9.246874e-01 1.955952e+00
6.649335e+00 -8.909563e-01 1.955044e+00
6.650335e+00 -7.541265e-01 1.954097e+00
6.651335e+00 -7.570306e-01 1.953110e+00
6.652335e+00 -7.119012e-01 1.952083e+00
6.653335e+00 -7.472370e-01 1.951016e+00
6.654335e+00 -7.853154e-01 1.949908e+00
6.655334e+00 -8.027966e-01 1.948760e+00
6.656334e+00 -8.895518e-01 1.947571e+00
6.657334e+00 -9.266973e-01 1.946342e+00
6.658334e+00 -8.948420e-01 1.945071e+00
6.659334e+00 -7.916920e-01 1.943758e+00
6.660334e+00 -8.384810e-01 1.942404e+00
6.661334e+00 -7.031941e-01 1.941008e+00
6.662334e+00 -8.022846e-01 1.939570e+00
6.663334e+00 -6.653153e-01 1.938090e+00
6.664334e+00 -8.099060e-01 1.936568e+00
6.665333e+00 -8.150870e-01 1.935002e+00
6.666333e+00 -9.637943e-01 1.933394e+00
6.667333e+00 -9.185911e-01 1.931742e+00
6.668333e+00 -9.667069e-01 1.930048e+00
6.669333e+00 -1.068527e+00 1.928309e+00
6.670333e+00 -8.719513e-01 1.926527e+00
6.671333e+00 -8.494790e-01 1.924701e+00
6.672333e+00 -8.616428e-01 1.922831e+00
6.673333e+00 -8.393900e-01 1.920916e+00
6.674333e+00 -9.073070e-01 1.918957e+00
6.675332e+00 -8.858701e-01 1.916953e+00
6.676332e+00 -8.910012e-01 1.914904e+00
6.677332e+00 -9.704512e-01 1.912810e+00
6.678332e+00 -1.034401e+00 1.910670e+00
6.679332e+00 -9.247178e-01 1.908485e+00
6.680332e+00 -7.932265e-01 1.906253e+00
6.681332e+00 -8.552840e-01 1.903976e+00
6.682332e+00 -7.504096e-01 1.901653e+00
6.683332e+00 -8.493206e-01 1.899283e+00
6.684332e+00 -8.622252e-01 1.896866e+00
6.685331e+00 -8.984786e-01 1.894402e+00
6.686331e+00 -9.908852e-01 1.891892e+00
6.687331e+00 -1.024995e+00 1.889334e+00
6.688331e+00 -1.046878e+00 1.886729e+00
6.689331e+00 -1.026803e+00 1.884076e+00
6.690331e+00 -8.624860e-01 1.881375e+00
6.691331e+00 -8.906627e-01 1.878626e+00
6.692331e+00 -7.884750e-01 1.875829e+00
6.693331e+00 -8.494812e-01 1.872984e+00
6.694331e+00 -8.608507e-01 1.870090e+00
6.695330e+00 -9.634734e-01 1.867147e+00
6.696330e+00 -1.030968e+00 1.864155e+00
6.697330e+00 -1.024027e+00 1.861114e+00
6.698330e+00 -1.097356e+00 1.858023e+00
6.699330e+00 -1.056487e+00 1.854884e+00
6.700330e+00 -8.788400e-01 1.851694e+00
6.701330e+00 -8.554517e-01 1.848455e+00
6.702330e+00 -9.170696e-01 1.845165e+00
6.703330e+00 -8.077712e-01 1.841826e+00
6.704330e+00 -9.649311e-01 1.838436e+00
6.705329e+00 -9.680847e-01 1.834995e+00
6.706329e+00 -9.721426e-01 1.831504e+00
6.707329e+00 -1.061193e+00 1.827963e+00
6.708329e+00 -1.135361e+00 1.824370e+00
6.709329e+00 -9.111291e-01 1.820726e+00
6.710329e+00 -8.913627e-01 1.817031e+00
6.711329e+00 -9.273082e-01 1.813284e+00
6.712329e+00 -9.595778e-01 1.809486e+00
6.713329e+00 -9.321480e-01 1.805637e+00
6.714329e+00 -9.344867e-01 1.801736e+00
6.715328e+00 -9.292211e-01 1.797783e+00
6.716328e+00 -9.917418e-01 1.793778e+00
6.717328e+00 -1.045779e+00 1.789721e+00
6.718328e+00 -1.018665e+00 1.785612e+00
6.719328e+00 -9.411504e-01 1.781450e+00
6.720328e+00 -1.056752e+00 1.777237e+00
6.721328e+00 -8.281756e-01 1.772971e+00
6.722328e+00 -9.120542e-01 1.768653e+00
6.723328e+00 -8.014306e-01 1.764282e+00
6.724328e+00 -9.588555e-01 1.759858e+00
6.725327e+00 -9.736252e-01 1.755382e+00
6.726327e+00 -1.064970e+00 1.750854e+00
6.727327e+00 -1.132860e+00 1.746272e+00
6.728327e+00 -1.048731e+00 1.741638e+00
6.729327e+00 -1.060127e+00 1.736952e+00
6.730327e+00 -9.512918e-01 1.732212e+00
6.731327e+00 -8.981480e-01 1.727420e+00
6.732327e+00 -1.020082e+00 1.722575e+00
6.733327e+00 -9.868773e-01 1.717678e+00
6.734327e+00 -9.711489e-01 1.712728e+00
6.735326e+00 -1.075775e+00 1.707725e+00
6.736326e+00 -1.075318e+00 1.702670e+00
6.737326e+00 -1.167279e+00 1.697562e+00
6.738326e+00 -1.044109e+00 1.692402e+00
6.739326e+00 -1.115205e+00 1.687190e+00
6.740326e+00 -9.741279e-01 1.681925e+00
6.741326e+00 -8.945191e-01 1.676609e+00
6.742326e+00 -8.572494e-01 1.671240e+00
6.743326e+00 -9.635930e-01 1.665819e+00
6.744326e+00 -9.432834e-01 1.660347e+00
6.745325e+00 -1.052950e+00 1.654823e+00
6.746325e+00 -1.077111e+00 1.649248e+00
6.747325e+00 -1.039019e+00 1.643621e+00
6.748325e+00 -1.123132e+00 1.637944e+00
6.749325e+00 -1.201027e+00 1.632215e+00
6.750325e+00 -8.993016e-01 1.626436e+00
6.751325e+00 -9.632735e-01 1.620606e+00
6.752325e+00 -8.633397e-01 1.614727e+00
6.753325e+00 -9.766662e-01 1.608797e+00
6.754325e+00 -1.014740e+00 1.602818e+00
6.755324e+00 -9.814373e-01 1.596789e+00
6.756324e+00 -1.019056e+00 1.590711e+00
6.757324e+00 -1.105280e+00 1.584585e+00
6.758324e+00 -1.049242e+00 1.578410e+00
6.759324e+00 -1.120828e+00 1.572187e+00
6.760324e+00 -1.017056e+00 1.565916e+00
6.761324e+00 -9.812594e-01 1.559598e+00
6.762324e+00 -8.209669e-01 1.553233e+00
6.763324e+00 -8.698604e-01 1.546822e+00
6.764324e+00 -9.274354e-01 1.540364e+00
6.765323e+00 -9.550100e-01 1.533860e+00
6.766323e+00 -1.049895e+00 1.527311e+00
6.767323e+00 -1.108089e+00 1.520717e+00
6.768323e+00 -1.122787e+00 1.514079e+00
6.769323e+00 -1.183202e+00 1.507397e+00
6.770323e+00 -8.295254e-01 1.500672e+00
6.771323e+00 -9.076560e-01 1.493904e+00
6.772323e+00 -9.150778e-01 1.487093e+00
6.773323e+00 -9.620124e-01 1.480241e+00
6.774323e+00 -9.619196e-01 1.473347e+00
6.775322e+00 -1.004389e+00 1.466413e+00
6.776322e+00 -1.097725e+00 1.459439e+00
6.777322e+00 -1.113318e+00 1.452425e+00
6.778322e+00 -1.048027e+00 1.445372e+00
6.779322e+00 -9.580966e-01 1.438282e+00
6.780322e+00 -9.357389e-01 1.431153e+00
6.781322e+00 -8.403927e-01 1.423988e+00
6.782322e+00 -8.116053e-01 1.416787e+00
6.783322e+00 -8.639751e-01 1.409550e+00
6.784322e+00 -8.711852e-01 1.402279e+00
6.785321e+00 -1.062450e+00 1.394973e+00
6.786321e+00 -1.067617e+00 1.387634e+00
6.787321e+00 -1.016264e+00 1.380263e+00
6.788321e+00 -9.799149e-01 1.372859e+00
6.789321e+00 -1.047493e+00 1.365425e+00
6.790321e+00 -9.172307e-01 1.357961e+00
6.791321e+00 -7.972322e-01 1.350467e+00
6.792321e+00 -8.585458e-01 1.342944e+00
6.793321e+00 -8.390234e-01 1.335394e+00
6.794321e+00 -9.022795e-01 1.327816e+00
6.795320e+00 -1.047998e+00 1.320213e+00
6.796320e+00 -1.115775e+00 1.312584e+00
6.797320e+00 -1.083600e+00 1.304931e+00
6.798320e+00 -1.080734e+00 1.297255e+00
6.799320e+00 -1.009950e+00 1.289556e+00
6.800320e+00 -1.000591e+00 1.281835e+00
6.801320e+00 -9.030726e-01 1.274093e+00
6.802320e+00 -8.604347e-01 1.266331e+00
6.803320e+00 -8.471383e-01 1.258551e+00
6.804320e+00 -9.311044e-01 1.250752e+00
6.805319e+00 -9.490279e-01 1.242937e+00
6.806319e+00 -9.310282e-01 1.235105e+00
6.807319e+00 -1.015175e+00 1.227258e+00
6.808319e+00 -9.964965e-01 1.219397e+00
6.809319e+00 -9.130226e-01 1.211522e+00
6.810319e+00 -8.674835e-01 1.203636e+00
6.811319e+00 -8.950443e-01 1.195738e+00
6.812319e+00 -7.637130e-01 1.187829e+00
6.813319e+00 -7.826951e-01 1.179912e+00
6.814319e+00 -8.815663e-01 1.171986e+00
6.815318e+00 -8.668270e-01 1.164052e+00
6.816318e+00 -9.350356e-01 1.156112e+00
6.817318e+00 -1.040643e+00 1.148167e+00
6.818318e+00 -1.026248e+00 1.140218e+00
6.819318e+00 -9.039329e-01 1.132265e+00
6.820318e+00 -9.387125e-01 1.124309e+00
6.821318e+00 -9.178456e-01 1.116353e+00
6.822318e+00 -7.580979e-01 1.108395e+00
6.823318e+00 -8.506883e-01 1.100439e+00
6.824318e+00 -8.281647e-01 1.092484e+00
6.825317e+00 -8.916537e-01 1.084532e+00
6.826317e+00 -9.483124e-01 1.076583e+00
6.827317e+00 -1.056678e+00 1.068639e+00
6.828317e+00 -9.753879e-01 1.060700e+00
6.829317e+00 -8.729439e-01 1.052768e+00
6.830317e+00 -8.624583e-01 1.044843e+00
6.831317e+00 -7.843763e-01 1.036927e+00
6.832317e+00 -6.610544e-01 1.029020e+00
6.833317e+00 -7.873601e-01 1.021124e+00
6.834317e+00 -8.325782e-01 1.013239e+00
6.835316e+00 -9.395137e-01 1.005367e+00
6.836316e+00 -9.117455e-01 9.975072e-01
6.837316e+00 -9.680179e-01 9.896620e-01
6.838316e+00 -9.140397e-01 9.818319e-01
6.839316e+00 -8.276229e-01 9.740178e-01
6.840316e+00 -8.646894e-01 9.662207e-01
6.841316e+00 -6.939929e-01 9.584414e-01
6.842316e+00 -7.327796e-01 9.506809e-01
6.843316e+00 -7.462366e-01 9.429400e-01
6.844316e+00 -8.270949e-01 9.352195e-01
6.845315e+00 -8.617346e-01 9.275204e-01
6.846315e+00 -8.794758e-01 9.198436e-01
6.847315e+00 -9.286194e-01 9.121897e-01
6.848315e+00 -8.663426e-01 9.045598e-01
6.849315e+00 -8.799351e-01 8.969545e-01
6.850315e+00 -7.284776e-01 8.893748e-01
6.851315e+00 -8.069967e-01 8.818213e-01
6.852315e+00 -6.494498e-01 8.742950e-01
6.853315e+00 -6.686170e-01 8.667965e-01
6.854315e+00 -7.318287e-01 8.593266e-01
6.855314e+00 -8.533495e-01 8.518861e-01
6.856314e+00 -7.902865e-01 8.444756e-01
6.857314e+00 -8.538721e-01 8.370961e-01
6.858314e+00 -8.687128e-01 8.297480e-01
6.859314e+00 -7.985590e-01 8.224322e-01
6.860314e+00 -6.913679e-01 8.151492e-01
6.861314e+00 -7.236410e-01 8.078999e-01
6.862314e+00 -6.221274e-01 8.006847e-01
6.863314e+00 -6.497233e-01 7.935045e-01
6.864314e+00 -6.890807e-01 7.863597e-01
6.865313e+00 -7.631313e-01 7.792510e-01
6.866313e+00 -8.479093e-01 7.721791e-01
6.867313e+00 -8.102926e-01 7.651444e-01
6.868313e+00 -7.817995e-01 7.581476e-01
6.869313e+00 -7.634009e-01 7.511892e-01
6.870313e+00 -6.374769e-01 7.442698e-01
6.871313e+00 -7.273247e-01 7.373898e-01
6.872313e+00 -5.272463e-01 7.305499e-01
6.873313e+00 -5.754654e-01 7.237504e-01
6.874313e+00 -6.098267e-01 7.169919e-01
6.875312e+00 -7.412141e-01 7.102749e-01
6.876312e+00 -8.218505e-01 7.035997e-01
6.877312e+00 -7.958843e-01 6.969670e-01
6.878312e+00 -7.346378e-01 6.903770e-01
6.879312e+00 -7.632247e-01 6.838302e-01
6.880312e+00 -6.380726e-01 6.773269e-01
6.881312e+00 -5.803902e-01 6.708677e-01
6.882312e+00 -5.762008e-01 6.644528e-01
6.883312e+00 -6.544132e-01 6.580826e-01
6.884312e+00 -6.084545e-01 6.517575e-01
6.885311e+00 -7.332035e-01 6.454778e-01
6.886311e+00 -7.021233e-01 6.392438e-01
6.887311e+00 -7.075682e-01 6.330558e-01
6.888311e+00 -7.443540e-01 6.269140e-01
6.889311e+00 -6.814259e-01 6.208189e-01
6.890311e+00 -5.718500e-01 6.147707e-01
6.891311e+00 -5.895419e-01 6.087695e-01
6.892311e+00 -5.588614e-01 6.028157e-01
6.893311e+00 -5.582983e-01 5.969095e-01
6.894311e+00 -5.246674e-01 5.910510e-01
6.895310e+00 -6.019864e-01 5.852406e-01
6.896310e+00 -7.436685e-01 5.794784e-01
6.897310e+00 -6.760716e-01 5.737645e-01
6.898310e+00 -6.500056e-01 5.680992e-01
6.899310e+00 -7.203076e-01 5.624826e-01
6.900310e+00 -6.113925e-01 5.569148e-01
6.901310e+00 -4.570320e-01 5.513961e-01
6.902310e+00 -5.717893e-01 5.459264e-01
6.903310e+00 -5.307510e-01 5.405060e-01
6.904310e+00 -4.461337e-01 5.351350e-01
6.905309e+00 -5.486221e-01 5.298133e-01
6.906309e+00 -6.846328e-01 5.245412e-01
6.907309e+00 -6.611755e-01 5.193187e-01
6.908309e+00 -6.143517e-01 5.141458e-01
6.909309e+00 -6.572618e-01 5.090227e-01
6.910309e+00 -5.432768e-01 5.039493e-01
6.911309e+00 -4.690618e-01 4.989257e-01
6.912309e+00 -5.056363e-01 4.939520e-01
6.913309e+00 -4.580328e-01 4.890281e-01
6.914309e+00 -4.824118e-01 4.841541e-01
6.915308e+00 -5.520646e-01 4.793299e-01
6.916308e+00 -6.192773e-01 4.745556e-01
6.917308e+00 -5.523574e-01 4.698312e-01
6.918308e+00 -6.247609e-01 4.651566e-01
6.919308e+00 -4.730379e-01 4.605318e-01
6.920308e+00 -5.129457e-01 4.559568e-01
6.921308e+00 -3.989391e-01 4.514315e-01
6.922308e+00 -4.007390e-01 4.469559e-01
6.923308e+00 -2.151509e-01 4.425300e-01
6.924308e+00 -3.974426e-01 4.381536e-01
6.925307e+00 -4.504644e-01 4.338267e-01
6.926307e+00 -5.025881e-01 4.295492e-01
6.927307e+00 -5.679229e-01 4.253211e-01
6.928307e+00 -6.792727e-01 4.211423e-01
6.929307e+00 -4.133058e-01 4.170127e-01
6.930307e+00 -4.300102e-01 4.129321e-01
6.931307e+00 -2.823185e-01 4.089005e-01
6.932307e+00 -3.406243e-01 4.049178e-01
6.933307e+00 -3.127733e-01 4.009839e-01
6.934307e+00 -2.989530e-01 3.970986e-01
6.935306e+00 -4.588964e-01 3.932619e-01
6.936306e+00 -5.230851e-01 3.894735e-01
6.937306e+00 -3.827466e-01 3.857335e-01
6.938306e+00 -4.638204e-01 3.820416e-01
6.939306e+00 -4.667185e-01 3.783977e-01
6.940306e+00 -4.025264e-01 3.748018e-01
6.941306e+00 -2.882249e-01 3.712535e-01
6.942306e+00 -2.242837e-01 3.677529e-01
6.943306e+00 -3.187812e-01 3.642997e-01
6.944306e+00 -3.116418e-01 3.608937e-01
6.945305e+00 -3.424382e-01 3.575350e-01
6.946305e+00 -4.182263e-01 3.542232e-01
6.947305e+00 -3.940611e-01 3.509582e-01
6.948305e+00 -3.469854e-01 3.477399e-01
6.949305e+00 -3.473418e-01 3.445681e-01
6.950305e+00 -3.225450e-01 3.414427e-01
6.951305e+00 -2.200151e-01 3.383634e-01
6.952305e+00 -2.012450e-01 3.353301e-01
6.953305e+00 -1.900615e-01 3.323426e-01
6.954305e+00 -2.564708e-01 3.294007e-01
6.955304e+00 -2.980487e-01 3.265044e-01
6.956304e+00 -3.757831e-01 3.236533e-01
6.957304e+00 -3.153023e-01 3.208474e-01
6.958304e+00 -4.000692e-01 3.180864e-01
6.959304e+00 -3.460285e-01 3.153702e-01
6.960304e+00 -3.093435e-01 3.126986e-01
6.961304e+00 -2.215280e-01 3.100713e-01
6.962304e+00 -1.097529e-01 3.074883e-01
6.963304e+00 -1.598620e-01 3.049493e-01
6.964304e+00 -2.075155e-01 3.024542e-01
6.965303e+00 -1.433929e-01 3.000028e-01
6.966303e+00 -3.222178e-01 2.975948e-01
6.967303e+00 -3.518953e-01 2.952302e-01
6.968303e+00 -3.535438e-01 2.929086e-01
6.969303e+00 -2.606072e-01 2.906300e-01
6.970303e+00 -1.175020e-01 2.883942e-01
6.971303e+00 -1.627491e-01 2.862009e-01
6.972303e+00 -1.068958e-01 2.840500e-01
6.973303e+00 -1.315344e-01 2.819413e-01
6.974303e+00 -5.556837e-02 2.798747e-01
6.975302e+00 -1.630164e-01 2.778498e-01
6.976302e+00 -2.377017e-01 2.758666e-01
6.977302e+00 -2.623734e-01 2.739249e-01
6.978302e+00 -2.938921e-01 2.720245e-01
6.979302e+00 -1.622375e-01 2.701652e-01
6.980302e+00 -1.686378e-01 2.683468e-01
6.981302e+00 -1.649467e-01 2.665692e-01
6.982302e+00 -9.910461e-02 2.648321e-01
6.983302e+00 -4.710127e-02 2.631355e-01
6.984302e+00 -6.131746e-02 2.614790e-01
6.985301e+00 -1.761290e-01 2.598626e-01
6.986301e+00 -2.040251e-01 2.582861e-01
6.987301e+00 -1.987933e-01 2.567493e-01
6.988301e+00 -2.109686e-01 2.552520e-01
6.989301e+00 -1.153682e-01 2.537941e-01
6.990301e+00 -7.251423e-02 2.523753e-01
6.991301e+00 1.369611e-01 2.509956e-01
6.992301e+00 -2.361115e-02 2.496547e-01
6.993301e+00 3.536241e-02 2.483525e-01
6.994301e+00 1.335972e-03 2.470889e-01
6.995300e+00 6.875959e-02 2.458636e-01
6.996300e+00 -9.844116e-02 2.446765e-01
6.997300e+00 -1.744353e-01 2.435274e-01
6.998300e+00 6.679148e-03 2.424163e-01
6.999300e+00 3.122997e-02 2.413428e-01
7.000300e+00 -3.387571e-03 2.403070e-01
7.001300e+00 4.737545e-02 2.393085e-01
7.002300e+00 2.264817e-01 2.383474e-01
7.003300e+00 1.336226e-01 2.374233e-01
7.004300e+00 4.741198e-02 2.365363e-01
7.005299e+00 6.090989e-03 2.356860e-01
7.006299e+00 -3.470275e-02 2.348725e-01
7.007299e+00 -7.100818e-03 2.340955e-01
7.008299e+00 -4.464941e-02 2.333549e-01
7.009299e+00 8.952280e-03 2.326506e-01
7.010299e+00 6.416434e-02 2.319824e-01
7.011299e+00 1.357566e-01 2.313502e-01
7.012299e+00 1.218748e-01 2.307538e-01
7.013299e+00 8.000479e-02 2.301932e-01
7.014299e+00 1.174622e-01 2.296682e-01
7.015298e+00 -3.206767e-02 2.291787e-01
7.016298e+00 -1.082218e-02 2.287245e-01
7.017298e+00 3.885340e-02 2.283055e-01
7.018298e+00 5.337177e-02 2.279217e-01
7.019298e+00 3.797506e-02 2.275729e-01
7.020298e+00 1.935890e-01 2.272589e-01
7.021298e+00 1.578954e-01 2.269796e-01
7.022298e+00 3.125389e-01 2.267350e-01
7.023298e+00 2.276341e-01 2.265250e-01
7.024298e+00 2.080748e-01 2.263494e-01
7.025297e+00 2.019728e-01 2.262080e-01
7.026297e+00 4.953353e-02 2.261009e-01
7.027297e+00 9.291401e-02 2.260279e-01
7.028297e+00 1.242399e-01 2.259889e-01
7.029297e+00 1.231212e-01 2.259838e-01
7.030297e+00 1.934904e-01 2.260126e-01
7.031297e+00 3.270769e-01 2.260750e-01
7.032297e+00 3.467570e-01 2.261710e-01
7.033297e+00 2.809010e-01 2.263006e-01
7.034297e+00 2.356591e-01 2.264637e-01
7.035296e+00 2.082000e-01 2.266601e-01
7.036296e+00 1.938316e-01 2.268897e-01
7.037296e+00 1.574321e-01 2.271525e-01
7.038296e+00 1.450573e-01 2.274485e-01
7.039296e+00 2.016200e-01 2.277775e-01
7.040296e+00 2.881498e-01 2.281394e-01
7.041296e+00 3.603981e-01 2.285342e-01
7.042296e+00 2.840495e-01 2.289618e-01
7.043296e+00 3.098160e-01 2.294222e-01
7.044296e+00 2.972629e-01 2.299152e-01
7.045295e+00 2.577099e-01 2.304408e-01
7.046295e+00 2.736547e-01 2.309989e-01
7.047295e+00 2.229487e-01 2.315895e-01
7.048295e+00 1.856705e-01 2.322125e-01
7.049295e+00 2.504508e-01 2.328678e-01
7.050295e+00 2.379265e-01 2.335555e-01
7.051295e+00 3.850563e-01 2.342754e-01
7.052295e+00 4.393384e-01 2.350274e-01
7.053295e+00 3.834437e-01 2.358116e-01
7.054295e+00 3.929106e-01 2.366279e-01
7.055294e+00 3.944976e-01 2.374762e-01
7.056294e+00 2.497761e-01 2.383565e-01
7.057294e+00 2.126441e-01 2.392687e-01
7.058294e+00 3.564067e-01 2.402128e-01
7.059294e+00 3.187100e-01 2.411888e-01
7.060294e+00 3.856864e-01 2.421966e-01
7.061294e+00 4.365556e-01 2.432362e-01
7.062294e+00 4.593000e-01 2.443076e-01
7.063294e+00 4.528683e-01 2.454106e-01
7.064294e+00 4.881032e-01 2.465454e-01
7.065293e+00 4.343384e-01 2.477118e-01
7.066293e+00 2.815607e-01 2.489098e-01
7.067293e+00 2.750731e-01 2.501394e-01
7.068293e+00 3.751765e-01 2.514006e-01
7.069293e+00 4.545851e-01 2.526933e-01
7.070293e+00 4.535137e-01 2.540175e-01
7.071293e+00 5.732448e-01 2.553733e-01
7.072293e+00 5.683614e-01 2.567605e-01
7.073293e+00 6.219494e-01 2.581793e-01
7.074293e+00 4.292044e-01 2.596294e-01
7.075292e+00 4.581017e-01 2.611110e-01
7.076292e+00 3.148441e-01 2.626241e-01
7.077292e+00 3.833055e-01 2.641685e-01
7.078292e+00 3.203957e-01 2.657443e-01
7.079292e+00 4.881257e-01 2.673516e-01
7.080292e+00 4.421592e-01 2.689902e-01
7.081292e+00 6.709291e-01 2.706602e-01
7.082292e+00 5.454213e-01 2.723616e-01
7.083292e+00 6.270322e-01 2.740944e-01
7.084292e+00 5.020579e-01 2.758585e-01
7.085291e+00 4.581495e-01 2.776540e-01
7.086291e+00 5.380034e-01 2.794809e-01
7.087291e+00 3.765402e-01 2.813391e-01
7.088291e+00 4.173127e-01 2.832288e-01
7.089291e+00 5.319896e-01 2.851497e-01
7.090291e+00 5.196128e-01 2.871021e-01
7.091291e+00 6.046555e-01 2.890859e-01
7.092291e+00 6.757270e-01 2.911010e-01
7.093291e+00 6.800357e-01 2.931476e-01
7.094291e+00 5.770706e-01 2.952256e-01
7.095290e+00 6.000907e-01 2.973349e-01
7.096290e+00 6.018815e-01 2.994758e-01
7.097290e+00 4.522752e-01 3.016480e-01
7.098290e+00 4.582220e-01 3.038517e-01
7.099290e+00 5.467501e-01 3.060869e-01
7.100290e+00 5.303664e-01 3.083535e-01
7.101290e+00 7.228161e-01 3.106516e-01
7.102290e+00 6.866423e-01 3.129813e-01
7.103290e+00 7.089270e-01 3.153424e-01
7.104290e+00 6.799926e-01 3.177351e-01
7.105289e+00 5.406023e-01 3.201593e-01
7.106289e+00 5.853097e-01 3.226151e-01
7.107289e+00 4.705101e-01 3.251024e-01
7.108289e+00 5.852611e-01 3.276214e-01
7.109289e+00 5.576577e-01 3.301720e-01
7.110289e+00 6.384566e-01 3.327542e-01
7.111289e+00 7.016189e-01 3.353680e-01
7.112289e+00 7.944088e-01 3.380135e-01
7.113289e+00 7.698697e-01 3.406907e-01
7.114289e+00 7.900387e-01 3.433996e-01
7.115288e+00 6.817558e-01 3.461402e-01
7.116288e+00 6.181484e-01 3.489125e-01
7.117288e+00 5.717018e-01 3.517166e-01
7.118288e+00 5.469691e-01 3.545524e-01
7.119288e+00 6.211497e-01 3.574201e-01
7.120288e+00 6.393548e-01 3.603195e-01
7.121288e+00 7.032473e-01 3.632507e-01
7.122288e+00 8.678750e-01 3.662137e-01
7.123288e+00 7.733369e-01 3.692086e-01
7.124288e+00 7.078119e-01 3.722353e-01
7.125287e+00 6.701838e-01 3.752939e-01
7.126287e+00 6.225004e-01 3.783844e-01
7.127287e+00 5.770222e-01 3.815067e-01
7.128287e+00 6.311542e-01 3.846609e-01
7.129287e+00 6.249686e-01 3.878471e-01
7.130287e+00 7.845140e-01 3.910651e-01
7.131287e+00 8.564791e-01 3.943151e-01
7.132287e+00 8.817264e-01 3.975969e-01
7.133287e+00 8.123458e-01 4.009107e-01
7.134287e+00 8.259328e-01 4.042565e-01
7.135286e+00 6.978876e-01 4.076341e-01
7.136286e+00 6.577876e-01 4.110437e-01
7.137286e+00 6.488318e-01 4.144852e-01
7.138286e+00 6.614475e-01 4.179586e-01
7.139286e+00 7.850930e-01 4.214640e-01
7.140286e+00 8.765958e-01 4.250012e-01
7.141286e+00 8.430347e-01 4.285703e-01
7.142286e+00 8.041896e-01 4.321714e-01
7.143286e+00 8.782277e-01 4.358042e-01
7.144286e+00 7.846466e-01 4.394690e-01
7.145285e+00 7.442028e-01 4.431655e-01
7.146285e+00 7.226343e-01 4.468939e-01
7.147285e+00 6.409361e-01 4.506540e-01
7.148285e+00 6.935428e-01 4.544459e-01
7.149285e+00 8.073269e-01 4.582696e-01
7.150285e+00 9.174560e-01 4.621249e-01
7.151285e+00 9.019799e-01 4.660119e-01
7.152285e+00 9.417568e-01 4.699305e-01
7.153285e+00 8.324735e-01 4.738807e-01
7.154285e+00 9.269722e-01 4.778624e-01
7.155284e+00 7.251182e-01 4.818756e-01
7.156284e+00 7.468789e-01 4.859202e-01
7.157284e+00 7.689225e-01 4.899962e-01
7.158284e+00 7.180839e-01 4.941035e-01
7.159284e+00 7.917145e-01 4.982421e-01
7.160284e+00 9.132138e-01 5.024119e-01
7.161284e+00 8.549277e-01 5.066127e-01
7.162284e+00 9.572432e-01 5.108446e-01
7.163284e+00 9.321455e-01 5.151075e-01
7.164284e+00 8.548188e-01 5.194012e-01
7.165283e+00 8.701365e-01 5.237257e-01
7.166283e+00 7.905746e-01 5.280809e-01
7.167283e+00 7.623949e-01 5.324667e-01
7.168283e+00 8.436276e-01 5.368830e-01
7.169283e+00 7.293270e-01 5.413297e-01
7.170283e+00 9.643021e-01 5.458067e-01
7.171283e+00 1.041336e+00 5.503138e-01
7.172283e+00 1.103193e+00 5.548509e-01
7.173283e+00 8.966961e-01 5.594179e-01
7.174283e+00 8.910537e-01 5.640147e-01
7.175282e+00 8.804500e-01 5.686411e-01
7.176282e+00 8.832610e-01 5.732970e-01
7.177282e+00 7.691112e-01 5.779823e-01
7.178282e+00 7.431609e-01 5.826967e-01
7.179282e+00 8.936629e-01 5.874401e-01
7.180282e+00 9.729931e-01 5.922124e-01
7.181282e+00 9.219253e-01 5.970134e-01
7.182282e+00 1.016878e+00 6.018428e-01
7.183282e+00 1.110313e+00 6.067005e-01
7.184282e+00 8.695195e-01 6.115864e-01
7.185281e+00 7.996119e-01 6.165001e-01
7.186281e+00 8.630062e-01 6.214415e-01
7.187281e+00 7.843770e-01 6.264105e-01
7.188281e+00 8.748047e-01 6.314067e-01
7.189281e+00 9.079662e-01 6.364299e-01
7.190281e+00 9.177325e-01 6.414799e-01
7.191281e+00 9.753516e-01 6.465565e-01
7.192281e+00 1.107727e+00 6.516594e-01
7.193281e+00 1.002641e+00 6.567883e-01
7.194281e+00 1.005434e+00 6.619431e-01
7.195280e+00 9.311628e-01 6.671233e-01
7.196280e+00 8.652929e-01 6.723288e-01
7.197280e+00 8.782670e-01 6.775592e-01
7.198280e+00 9.321632e-01 6.828143e-01
7.199280e+00 8.740564e-01 6.880938e-01
7.200280e+00 8.988357e-01 6.933973e-01
7.201280e+00 1.086722e+00 6.987245e-01
7.202280e+00 1.080732e+00 7.040751e-01
7.203280e+00 1.139431e+00 7.094488e-01
7.204280e+00 1.106597e+00 7.148452e-01
7.205279e+00 1.031302e+00 7.202640e-01
7.206279e+00 9.230009e-01 7.257048e-01
7.207279e+00 8.360402e-01 7.311672e-01
7.208279e+00 8.807654e-01 7.366510e-01
7.209279e+00 9.377391e-01 7.421556e-01
7.210279e+00 9.819651e-01 7.476807e-01
7.211279e+00 1.082479e+00 7.532260e-01
7.212279e+00 1.089407e+00 7.587909e-01
7.213279e+00 1.021153e+00 7.643751e-01
7.214279e+00 1.017894e+00 7.699782e-01
7.215278e+00 9.070420e-01 7.755997e-01
7.216278e+00 8.920340e-01 7.812393e-01
7.217278e+00 8.985590e-01 7.868963e-01
7.218278e+00 8.792062e-01 7.925704e-01
7.219278e+00 9.523991e-01 7.982612e-01
7.220278e+00 9.169753e-01 8.039681e-01
7.221278e+00 1.055705e+00 8.096906e-01
7.222278e+00 1.016906e+00 8.154284e-01
7.223278e+00 1.118548e+00 8.211808e-01
7.224278e+00 9.986295e-01 8.269474e-01
7.225277e+00 1.009642e+00 8.327276e-01
7.226277e+00 8.828764e-01 8.385210e-01
7.227277e+00 8.782435e-01 8.443271e-01
7.228277e+00 8.808284e-01 8.501451e-01
7.229277e+00 9.689580e-01 8.559748e-01
7.230277e+00 1.034134e+00 8.618154e-01
7.231277e+00 1.011370e+00 8.676664e-01
7.232277e+00 1.100065e+00 8.735273e-01
7.233277e+00 1.015122e+00 8.793974e-01
7.234277e+00 1.062978e+00 8.852763e-01
7.235276e+00 9.824630e-01 8.911632e-01
7.236276e+00 8.614126e-01 8.970577e-01
7.237276e+00 8.782094e-01 9.029591e-01
7.238276e+00 8.921552e-01 9.088668e-01
7.239276e+00 9.819598e-01 9.147802e-01
7.240276e+00 9.697385e-01 9.206986e-01
7.241276e+00 1.111142e+00 9.266215e-01
7.242276e+00 1.051193e+00 9.325482e-01
7.243276e+00 1.132146e+00 9.384781e-01
7.244276e+00 1.069800e+00 9.444105e-01
7.245275e+00 9.533545e-01 9.503447e-01
7.246275e+00 9.342366e-01 9.562802e-01
7.247275e+00 8.714936e-01 9.622162e-01
7.248275e+00 9.940118e-01 9.681521e-01
7.249275e+00 9.592907e-01 9.740872e-01
7.250275e+00 1.079205e+00 9.800209e-01
7.251275e+00 1.057388e+00 9.859524e-01
7.252275e+00 1.146951e+00 9.918810e-01
7.253275e+00 1.082670e+00 9.978061e-01
7.254275e+00 1.073980e+00 1.003727e+00
7.255274e+00 1.001597e+00 1.009643e+00
7.256274e+00 8.677878e-01 1.015553e+00
7.257274e+00 8.442342e-01 1.021458e+00
7.258274e+00 9.457937e-01 1.027355e+00
7.259274e+00 9.741151e-01 1.033244e+00
7.260274e+00 1.021673e+00 1.039125e+00
7.261274e+00 1.025033e+00 1.044996e+00
7.262274e+00 1.150599e+00 1.050858e+00
7.263274e+00 1.101943e+00 1.056709e+00
7.264274e+00 1.007737e+00 1.062549e+00
7.265273e+00 9.333816e-01 1.068377e+00
7.266273e+00 8.391259e-01 1.074192e+00
7.267273e+00 9.059629e-01 1.079994e+00
7.268273e+00 9.452322e-01 1.085781e+00
7.269273e+00 8.841372e-01 1.091554e+00
7.270273e+00 1.017385e+00 1.097311e+00
7.271273e+00 1.131074e+00 1.103051e+00
7.272273e+00 1.064700e+00 1.108775e+00
7.273273e+00 1.048972e+00 1.114480e+00
7.274273e+00 1.002456e+00 1.120167e+00
7.275272e+00 1.028330e+00 1.125835e+00
7.276272e+00 9.159100e-01 1.131483e+00
7.277272e+00 8.657245e-01 1.137110e+00
7.278272e+00 8.096543e-01 1.142716e+00
7.279272e+00 9.312142e-01 1.148299e+00
7.280272e+00 1.022817e+00 1.153860e+00
7.281272e+00 1.099048e+00 1.159397e+00
7.282272e+00 1.099467e+00 1.164910e+00
7.283272e+00 1.053354e+00 1.170398e+00
7.284272e+00 9.734399e-01 1.175861e+00
7.285271e+00 9.010120e-01 1.181297e+00
7.286271e+00 9.437597e-01 1.186706e+00
7.287271e+00 8.607844e-01 1.192087e+00
7.288271e+00 8.153529e-01 1.197440e+00
7.289271e+00 1.019694e+00 1.202764e+00
7.290271e+00 9.442584e-01 1.208058e+00
7.291271e+00 1.117636e+00 1.213322e+00
7.292271e+00 1.092244e+00 1.218555e+00
7.293271e+00 1.140356e+00 1.223756e+00
7.294271e+00 9.503549e-01 1.228925e+00
7.295270e+00 1.004427e+00 1.234061e+00
7.296270e+00 8.172990e-01 1.239164e+00
7.297270e+00 8.879016e-01 1.244232e+00
7.298270e+00 8.847344e-01 1.249265e+00
7.299270e+00 9.108407e-01 1.254263e+00
7.300270e+00 9.356419e-01 1.259224e+00
7.301270e+00 1.032157e+00 1.264149e+00
7.302270e+00 9.577861e-01 1.269037e+00
7.303270e+00 1.097217e+00 1.273887e+00
7.304270e+00 1.025675e+00 1.278699e+00
7.305269e+00 8.610674e-01 1.283472e+00
7.306269e+00 8.816201e-01 1.288205e+00
7.307269e+00 7.720907e-01 1.292898e+00
7.308269e+00 8.301423e-01 1.297550e+00
7.309269e+00 8.416011e-01 1.302162e+00
7.310269e+00 9.713642e-01 1.306731e+00
7.311269e+00 1.115777e+00 1.311259e+00
7.312269e+00 9.421315e-01 1.315744e+00
7.313269e+00 1.003657e+00 1.320186e+00
7.314269e+00 9.018726e-01 1.324584e+00
7.315268e+00 9.882338e-01 1.328938e+00
7.316268e+00 8.172064e-01 1.333247e+00
7.317268e+00 8.319768e-01 1.337511e+00
7.318268e+00 8.266623e-01 1.341730e+00
7.319268e+00 9.139576e-01 1.345903e+00
7.320268e+00 9.261179e-01 1.350030e+00
7.321268e+00 1.104632e+00 1.354110e+00
7.322268e+00 9.748544e-01 1.358143e+00
7.323268e+00 9.917591e-01 1.362128e+00
7.324268e+00 9.698738e-01 1.366065e+00
7.325267e+00 8.676434e-01 1.369954e+00
7.326267e+00 7.685441e-01 1.373795e+00
7.327267e+00 7.865514e-01 1.377586e+00
7.328267e+00 9.039781e-01 1.381328e+00
7.329267e+00 7.733772e-01 1.385021e+00
7.330267e+00 8.765542e-01 1.388663e+00
7.331267e+00 9.530723e-01 1.392255e+00
7.332267e+00 9.209749e-01 1.395797e+00
7.333267e+00 1.005117e+00 1.399287e+00
7.334267e+00 9.421963e-01 1.402727e+00
7.335266e+00 8.553649e-01 1.406115e+00
7.336266e+00 7.920995e-01 1.409451e+00
7.337266e+00 7.772280e-01 1.412736e+00
7.338266e+00 8.036158e-01 1.415968e+00
7.339266e+00 6.744580e-01 1.419148e+00
7.340266e+00 8.410000e-01 1.422276e+00
7.341266e+00 9.367533e-01 1.425351e+00
7.342266e+00 9.424947e-01 1.428372e+00
7.343266e+00 9.104081e-01 1.431341e+00
7.344266e+00 9.750414e-01 1.434256e+00
7.345265e+00 9.313999e-01 1.437118e+00
7.346265e+00 7.053890e-01 1.439926e+00
7.347265e+00 7.269602e-01 1.442680e+00
7.348265e+00 7.146818e-01 1.445381e+00
7.349265e+00 7.188707e-01 1.448027e+00
7.350265e+00 9.126691e-01 1.450620e+00
7.351265e+00 8.648663e-01 1.453158e+00
7.352265e+00 8.875202e-01 1.455642e+00
7.353265e+00 8.912050e-01 1.458071e+00
7.354265e+00 8.709929e-01 1.460446e+00
7.355264e+00 8.507626e-01 1.462766e+00
7.356264e+00 7.940996e-01 1.465032e+00
7.357264e+00 6.693184e-01 1.467243e+00
7.358264e+00 7.141809e-01 1.469400e+00
7.359264e+00 7.123931e-01 1.471502e+00
7.360264e+00 8.128658e-01 1.473549e+00
7.361264e+00 8.632768e-01 1.475541e+00
7.362264e+00 8.894664e-01 1.477479e+00
7.363264e+00 7.655001e-01 1.479362e+00
7.364264e+00 7.220943e-01 1.481191e+00
7.365263e+00 7.046214e-01 1.482964e+00
7.366263e+00 7.586354e-01 1.484684e+00
7.367263e+00 7.134013e-01 1.486348e+00
7.368263e+00 5.862116e-01 1.487958e+00
7.369263e+00 6.516966e-01 1.489514e+00
7.370263e+00 7.601690e-01 1.491015e+00
7.371263e+00 7.639653e-01 1.492462e+00
7.372263e+00 8.688829e-01 1.493854e+00
7.373263e+00 7.368576e-01 1.495193e+00
7.374263e+00 6.590591e-01 1.496477e+00
7.375262e+00 6.449908e-01 1.497707e+00
7.376262e+00 6.588493e-01 1.498884e+00
7.377262e+00 5.743633e-01 1.500007e+00
7.378262e+00 5.015157e-01 1.501076e+00
7.379262e+00 7.027557e-01 1.502091e+00
7.380262e+00 6.677457e-01 1.503053e+00
7.381262e+00 6.832022e-01 1.503962e+00
7.382262e+00 7.308986e-01 1.504818e+00
7.383262e+00 7.080246e-01 1.505621e+00
7.384262e+00 6.752144e-01 1.506371e+00
7.385261e+00 7.081136e-01 1.507069e+00
7.386261e+00 5.374589e-01 1.507714e+00
7.387261e+00 5.391829e-01 1.508306e+00
7.388261e+00 5.449318e-01 1.508847e+00
7.389261e+00 5.945303e-01 1.509336e+00
7.390261e+00 7.218083e-01 1.509772e+00
7.391261e+00 7.117019e-01 1.510158e+00
7.392261e+00 6.904893e-01 1.510492e+00
7.393261e+00 7.049543e-01 1.510774e+00
7.394261e+00 6.642309e-01 1.511006e+00
7.395260e+00 5.732198e-01 1.511187e+00
7.396260e+00 4.848423e-01 1.511317e+00
7.397260e+00 4.628181e-01 1.511397e+00
7.398260e+00 5.038879e-01 1.511427e+00
7.399260e+00 4.843187e-01 1.511407e+00
7.400260e+00 5.686177e-01 1.511337e+00
7.401260e+00 7.376541e-01 1.511218e+00
7.402260e+00 6.458214e-01 1.511050e+00
7.403260e+00 6.882162e-01 1.510832e+00
7.404260e+00 6.552043e-01 1.510566e+00
7.405259e+00 5.051635e-01 1.510251e+00
7.406259e+00 4.887671e-01 1.509888e+00
7.407259e+00 4.592531e-01 1.509476e+00
7.408259e+00 4.339923e-01 1.509017e+00
7.409259e+00 3.814767e-01 1.508511e+00
7.410259e+00 5.829138e-01 1.507957e+00
7.411259e+00 6.353065e-01 1.507355e+00
7.412259e+00 6.924610e-01 1.506707e+00
7.413259e+00 5.498939e-01 1.506013e+00
7.414259e+00 5.496307e-01 1.505272e+00
7.415258e+00 4.921087e-01 1.504485e+00
7.416258e+00 4.411108e-01 1.503653e+00
7.417258e+00 3.167543e-01 1.502774e+00
7.418258e+00 4.096790e-01 1.501851e+00
7.419258e+00 4.340485e-01 1.500882e+00
7.420258e+00 5.356459e-01 1.499869e+00
7.421258e+00 6.286242e-01 1.498811e+00
7.422258e+00 5.686663e-01 1.497709e+00
7.423258e+00 5.837062e-01 1.496563e+00
7.424258e+00 5.192732e-01 1.495374e+00
7.425257e+00 4.436629e-01 1.494141e+00
7.426257e+00 4.038813e-01 1.492864e+00
7.427257e+00 3.503346e-01 1.491545e+00
7.428257e+00 3.802179e-01 1.490183e+00
7.429257e+00 4.571189e-01 1.488779e+00
7.430257e+00 4.179850e-01 1.487333e+00
7.431257e+00 5.541802e-01 1.485845e+00
7.432257e+00 6.217013e-01 1.484316e+00
7.433257e+00 5.355039e-01 1.482745e+00
7.434257e+00 4.114439e-01 1.481133e+00
7.435256e+00 3.797397e-01 1.479481e+00
7.436256e+00 4.646009e-01 1.477788e+00
7.437256e+00 2.669523e-01 1.476055e+00
7.438256e+00 2.737102e-01 1.474282e+00
7.439256e+00 2.798705e-01 1.472469e+00
7.440256e+00 4.144616e-01 1.470617e+00
7.441256e+00 4.653128e-01 1.468726e+00
7.442256e+00 5.243520e-01 1.466796e+00
7.443256e+00 3.978076e-01 1.464828e+00
7.444256e+00 3.889748e-01 1.462821e+00
7.445255e+00 3.363442e-01 1.460777e+00
7.446255e+00 2.397894e-01 1.458694e+00
7.447255e+00 1.613013e-01 1.456574e+00
7.448255e+00 1.871321e-01 1.454417e+00
7.449255e+00 2.930238e-01 1.452223e+00
7.450255e+00 3.798497e-01 1.449993e+00
7.451255e+00 3.708751e-01 1.447726e+00
7.452255e+00 3.998672e-01 1.445423e+00
7.453255e+00 3.006732e-01 1.443084e+00
7.454255e+00 3.338021e-01 1.440709e+00
7.455254e+00 2.208937e-01 1.438300e+00
7.456254e+00 1.380202e-01 1.435855e+00
7.457254e+00 2.334203e-01 1.433375e+00
7.458254e+00 1.994291e-01 1.430861e+00
7.459254e+00 1.902427e-01 1.428313e+00
7.460254e+00 2.841838e-01 1.425730e+00
7.461254e+00 3.451493e-01 1.423114e+00
7.462254e+00 2.662704e-01 1.420465e+00
7.463254e+00 4.005750e-01 1.417782e+00
7.464254e+00 2.152884e-01 1.415066e+00
7.465253e+00 1.770366e-01 1.412318e+00
7.466253e+00 1.285164e-01 1.409537e+00
7.467253e+00 3.361215e-02 1.406724e+00
7.468253e+00 1.676325e-01 1.403879e+00
7.469253e+00 9.195711e-02 1.401002e+00
7.470253e+00 2.075252e-01 1.398094e+00
7.471253e+00 3.436469e-01 1.395155e+00
7.472253e+00 3.147978e-01 1.392185e+00
7.473253e+00 1.784771e-01 1.389184e+00
7.474253e+00 2.103863e-01 1.386153e+00
7.475252e+00 3.314781e-02 1.383092e+00
7.476252e+00 1.611920e-01 1.380001e+00
7.477252e+00 1.701549e-02 1.376880e+00
7.478252e+00 -1.952045e-02 1.373730e+00
7.479252e+00 2.592759e-01 1.370551e+00
7.480252e+00 1.303365e-01 1.367343e+00
7.481252e+00 1.887923e-01 1.364106e+00
7.482252e+00 2.101197e-01 1.360840e+00
7.483252e+00 1.169582e-01 1.357547e+00
7.484252e+00 2.432935e-01 1.354226e+00
7.485251e+00 3.825357e-02 1.350877e+00
7.486251e+00 -1.006251e-01 1.347500e+00
7.487251e+00 -1.009494e-01 1.344097e+00
7.488251e+00 -1.852453e-02 1.340666e+00
7.489251e+00 -2.861809e-02 1.337209e+00
7.490251e+00 1.106114e-01 1.333725e+00
7.491251e+00 9.740754e-02 1.330215e+00
7.492251e+00 2.285706e-01 1.326679e+00
7.493251e+00 1.511617e-01 1.323117e+00
7.494251e+00 6.112155e-02 1.319530e+00
7.495250e+00 -1.138376e-02 1.315917e+00
7.496250e+00 -1.382477e-02 1.312279e+00
7.497250e+00 -7.203548e-02 1.308616e+00
7.498250e+00 -1.337225e-01 1.304929e+00
7.499250e+00 -1.832795e-01 1.301218e+00
7.500250e+00 -5.203307e-02 1.297482e+00
7.501250e+00 7.792216e-02 1.293722e+00
7.502250e+00 7.948282e-02 1.289939e+00
7.503250e+00 1.491945e-01 1.286132e+00
7.504250e+00 -8.791533e-02 1.282302e+00
7.505249e+00 -5.886948e-02 1.278449e+00
7.506249e+00 -1.162147e-01 1.274573e+00
7.507249e+00 -1.690188e-01 1.270674e+00
7.508249e+00 -1.805759e-01 1.266753e+00
7.509249e+00 -3.334988e-02 1.262810e+00
7.510249e+00 -3.988787e-03 1.258845e+00
7.511249e+00 2.828459e-03 1.254859e+00
7.512249e+00 6.577011e-02 1.250850e+00
7.513249e+00 -3.747044e-02 1.246821e+00
7.514249e+00 -1.213770e-02 1.242771e+00
7.515248e+00 -9.939625e-02 1.238699e+00
7.516248e+00 -1.322158e-01 1.234607e+00
7.517248e+00 -2.420871e-01 1.230495e+00
7.518248e+00 -2.499573e-01 1.226362e+00
7.519248e+00 -1.011336e-01 1.222210e+00
7.520248e+00 -5.384607e-02 1.218038e+00
7.521248e+00 -1.475556e-01 1.213846e+00
7.522248e+00 -1.091616e-03 1.209635e+00
7.523248e+00 -9.637059e-02 1.205404e+00
7.524248e+00 -1.216244e-01 1.201155e+00
7.525247e+00 -1.552516e-01 1.196887e+00
7.526247e+00 -2.038573e-01 1.192600e+00
7.527247e+00 -2.933222e-01 1.188295e+00
7.528247e+00 -2.877448e-01 1.183972e+00
7.529247e+00 -2.737342e-01 1.179631e+00
7.530247e+00 -1.911629e-01 1.175273e+00
7.531247e+00 -1.041502e-01 1.170896e+00
7.532247e+00 -1.181685e-01 1.166503e+00
7.533247e+00 -1.043925e-01 1.162092e+00
7.534247e+00 -2.053066e-01 1.157665e+00
7.535246e+00 -3.658127e-01 1.153221e+00
7.536246e+00 -3.372861e-01 1.148760e+00
7.537246e+00 -2.669553e-01 1.144283e+00
7.538246e+00 -2.808996e-01 1.139789e+00
7.539246e+00 -3.321312e-01 1.135280e+00
7.540246e+00 -1.378486e-01 1.130755e+00
7.541246e+00 -1.734593e-01 1.126215e+00
7.542246e+00 -2.402498e-01 1.121659e+00
7.543246e+00 -2.163236e-01 1.117088e+00
7.544246e+00 -1.614386e-01 1.112502e+00
7.545245e+00 -2.240962e-01 1.107901e+00
7.546245e+00 -2.838423e-01 1.103286e+00
7.547245e+00 -4.111472e-01 1.098656e+00
7.548245e+00 -3.736819e-01 1.094012e+00
7.549245e+00 -2.593504e-01 1.089354e+00
7.550245e+00 -3.539784e-01 1.084682e+00
7.551245e+00 -2.621219e-01 1.079996e+00
7.552245e+00 -2.479200e-01 1.075297e+00
7.553245e+00 -2.819499e-01 1.070585e+00
7.554245e+00 -2.615808e-01 1.065859e+00
7.555244e+00 -2.640989e-01 1.061121e+00
7.556244e+00 -5.031977e-01 1.056369e+00
7.557244e+00 -4.530352e-01 1.051606e+00
7.558244e+00 -4.050316e-01 1.046829e+00
7.559244e+00 -4.011165e-01 1.042041e+00
7.560244e+00 -3.385946e-01 1.037240e+00
7.561244e+00 -1.526095e-01 1.032428e+00
7.562244e+00 -2.279528e-01 1.027604e+00
7.563244e+00 -3.666182e-01 1.022768e+00
7.564244e+00 -2.876704e-01 1.017921e+00
7.565243e+00 -4.342070e-01 1.013063e+00
7.566243e+00 -5.075084e-01 1.008193e+00
7.567243e+00 -4.991518e-01 1.003313e+00
7.568243e+00 -4.918186e-01 9.984224e-01
7.569243e+00 -4.968105e-01 9.935211e-01
7.570243e+00 -4.158034e-01 9.886094e-01
7.571243e+00 -3.966611e-01 9.836876e-01
7.572243e+00 -2.724067e-01 9.787558e-01
7.573243e+00 -4.077365e-01 9.738141e-01
7.574243e+00 -3.888723e-01 9.688628e-01
7.575242e+00 -3.859715e-01 9.639019e-01
7.576242e+00 -4.980426e-01 9.589317e-01
7.577242e+00 -5.468073e-01 9.539523e-01
7.578242e+00 -5.456998e-01 9.489639e-01
7.579242e+00 -4.889340e-01 9.439667e-01
7.580242e+00 -4.822622e-01 9.389607e-01
7.581242e+00 -3.655421e-01 9.339462e-01
7.582242e+00 -3.409134e-01 9.289233e-01
7.583242e+00 -4.641902e-01 9.238922e-01
7.584242e+00 -5.949095e-01 9.188530e-01
7.585241e+00 -5.059194e-01 9.138060e-01
7.586241e+00 -5.789856e-01 9.087511e-01
7.587241e+00 -6.172518e-01 9.036887e-01
7.588241e+00 -5.744873e-01 8.986188e-01
7.589241e+00 -5.090866e-01 8.935416e-01
7.590241e+00 -5.657420e-01 8.884573e-01
7.591241e+00 -5.104397e-01 8.833660e-01
7.592241e+00 -5.243541e-01 8.782679e-01
7.593241e+00 -5.220578e-01 8.731631e-01
7.594241e+00 -4.238907e-01 8.680517e-01
7.595240e+00 -5.458340e-01 8.629340e-01
7.596240e+00 -6.483017e-01 8.578100e-01
7.597240e+00 -6.849131e-01 8.526800e-01
7.598240e+00 -6.445751e-01 8.475440e-01
7.599240e+00 -6.030569e-01 8.424022e-01
7.600240e+00 -5.285667e-01 8.372547e-01
7.601240e+00 -5.434425e-01 8.321018e-01
7.602240e+00 -5.622418e-01 8.269434e-01
7.603240e+00 -4.942499e-01 8.217799e-01
7.604240e+00 -5.900206e-01 8.166113e-01
7.605239e+00 -5.556707e-01 8.114378e-01
7.606239e+00 -6.279673e-01 8.062594e-01
7.607239e+00 -7.381699e-01 8.010765e-01
7.608239e+00 -6.516731e-01 7.958890e-01
7.609239e+00 -6.706554e-01 7.906971e-01
7.610239e+00 -6.879896e-01 7.855010e-01
7.611239e+00 -5.210565e-01 7.803008e-01
7.612239e+00 -5.372522e-01 7.750967e-01
7.613239e+00 -5.940689e-01 7.698887e-01
7.614239e+00 -6.584958e-01 7.646770e-01
7.615238e+00 -7.044586e-01 7.594618e-01
7.616238e+00 -7.886506e-01 7.542432e-01
7.617238e+00 -6.883171e-01 7.490213e-01
7.618238e+00 -7.339736e-01 7.437962e-01
7.619238e+00 -7.846956e-01 7.385681e-01
7.620238e+00 -6.310924e-01 7.333372e-01
7.621238e+00 -6.462296e-01 7.281035e-01
7.622238e+00 -4.830684e-01 7.228671e-01
7.623238e+00 -5.515322e-01 7.176283e-01
7.624238e+00 -7.447428e-01 7.123871e-01
7.625237e+00 -6.422553e-01 7.071437e-01
7.626237e+00 -7.889928e-01 7.018982e-01
7.627237e+00 -8.508609e-01 6.966507e-01
7.628237e+00 -9.074217e-01 6.914013e-01
7.629237e+00 -8.086789e-01 6.861502e-01
7.630237e+00 -7.220069e-01 6.808975e-01
7.631237e+00 -6.009406e-01 6.756433e-01
7.632237e+00 -5.896257e-01 6.703878e-01
7.633237e+00 -6.204732e-01 6.651311e-01
7.634237e+00 -7.929918e-01 6.598732e-01
7.635236e+00 -7.965015e-01 6.546144e-01
7.636236e+00 -7.953880e-01 6.493547e-01
7.637236e+00 -8.637026e-01 6.440942e-01
7.638236e+00 -9.529320e-01 6.388332e-01
7.639236e+00 -8.070293e-01 6.335716e-01
7.640236e+00 -7.261865e-01 6.283097e-01
7.641236e+00 -7.406199e-01 6.230475e-01
7.642236e+00 -6.969167e-01 6.177851e-01
7.643236e+00 -6.294308e-01 6.125227e-01
7.644236e+00 -7.120575e-01 6.072605e-01
7.645235e+00 -7.861617e-01 6.019984e-01
7.646235e+00 -8.966915e-01 5.967366e-01
7.647235e+00 -9.006853e-01 5.914753e-01
7.648235e+00 -8.589621e-01 5.862146e-01
7.649235e+00 -8.039197e-01 5.809545e-01
7.650235e+00 -8.966649e-01 5.756951e-01
7.651235e+00 -7.115454e-01 5.704367e-01
7.652235e+00 -6.622776e-01 5.651793e-01
7.653235e+00 -7.775522e-01 5.599230e-01
7.654235e+00 -7.811016e-01 5.546679e-01
7.655234e+00 -9.141345e-01 5.494141e-01
7.656234e+00 -7.966218e-01 5.441618e-01
7.657234e+00 -1.001090e+00 5.389111e-01
7.658234e+00 -9.570213e-01 5.336620e-01
7.659234e+00 -9.124280e-01 5.284147e-01
7.660234e+00 -7.845317e-01 5.231692e-01
7.661234e+00 -7.035048e-01 5.179258e-01
7.662234e+00 -8.095043e-01 5.126844e-01
7.663234e+00 -8.315536e-01 5.074452e-01
7.664234e+00 -7.167040e-01 5.022083e-01
7.665233e+00 -8.961819e-01 4.969739e-01
7.666233e+00 -9.155632e-01 4.917419e-01
7.667233e+00 -9.755651e-01 4.865126e-01
7.668233e+00 -9.240262e-01 4.812859e-01
7.669233e+00 -8.909985e-01 4.760621e-01
7.670233e+00 -8.438916e-01 4.708412e-01
7.671233e+00 -7.721922e-01 4.656233e-01
7.672233e+00 -7.735118e-01 4.604086e-01
7.673233e+00 -8.041842e-01 4.551970e-01
7.674233e+00 -8.779816e-01 4.499888e-01
7.675232e+00 -9.361595e-01 4.447840e-01
7.676232e+00 -8.463141e-01 4.395826e-01
7.677232e+00 -9.983473e-01 4.343849e-01
7.678232e+00 -1.029386e+00 4.291909e-01
7.679232e+00 -9.930165e-01 4.240007e-01
7.680232e+00 -8.198638e-01 4.188144e-01
7.681232e+00 -8.288809e-01 4.136321e-01
7.682232e+00 -6.777978e-01 4.084539e-01
7.683232e+00 -8.140839e-01 4.032798e-01
7.684232e+00 -8.830653e-01 3.981100e-01
7.685231e+00 -8.976680e-01 3.929446e-01
7.686231e+00 -1.004444e+00 3.877836e-01
7.687231e+00 -1.025577e+00 3.826272e-01
7.688231e+00 -9.137411e-01 3.774754e-01
7.689231e+00 -1.035763e+00 3.723283e-01
7.690231e+00 -9.381463e-01 3.671861e-01
7.691231e+00 -7.716680e-01 3.620487e-01
7.692231e+00 -8.596854e-01 3.569163e-01
7.693231e+00 -7.949939e-01 3.517890e-01
7.694231e+00 -9.508152e-01 3.466669e-01
7.695230e+00 -9.361801e-01 3.415500e-01
7.696230e+00 -1.054948e+00 3.364384e-01
7.697230e+00 -1.097911e+00 3.313322e-01
7.698230e+00 -9.526850e-01 3.262316e-01
7.699230e+00 -1.112376e+00 3.211365e-01
7.700230e+00 -9.724402e-01 3.160471e-01
7.701230e+00 -8.531255e-01 3.109635e-01
7.702230e+00 -7.783953e-01 3.058856e-01
7.703230e+00 -8.259854e-01 3.008137e-01
7.704230e+00 -9.276915e-01 2.957478e-01
7.705229e+00 -9.378577e-01 2.906879e-01
7.706229e+00 -1.005894e+00 2.856342e-01
7.707229e+00 -1.195222e+00 2.805867e-01
7.708229e+00 -9.826203e-01 2.755455e-01
7.709229e+00 -1.056314e+00 2.705107e-01
7.710229e+00 -1.070653e+00 2.654823e-01
7.711229e+00 -8.401425e-01 2.604605e-01
7.712229e+00 -7.915638e-01 2.554453e-01
7.713229e+00 -8.517828e-01 2.504367e-01
7.714229e+00 -9.621927e-01 2.454349e-01
7.715228e+00 -1.032733e+00 2.404400e-01
7.716228e+00 -1.053975e+00 2.354519e-01
7.717228e+00 -1.077826e+00 2.304708e-01
7.718228e+00 -1.038897e+00 2.254967e-01
7.719228e+00 -9.642973e-01 2.205297e-01
7.720228e+00 -1.068043e+00 2.155700e-01
7.721228e+00 -9.742381e-01 2.106174e-01
7.722228e+00 -8.976763e-01 2.056722e-01
7.723228e+00 -8.675377e-01 2.007344e-01
7.724228e+00 -9.725038e-01 1.958040e-01
7.725227e+00 -9.685230e-01 1.908811e-01
7.726227e+00 -1.138832e+00 1.859658e-01
7.727227e+00 -1.033141e+00 1.810581e-01
7.728227e+00 -1.071202e+00 1.761582e-01
7.729227e+00 -1.129115e+00 1.712660e-01
7.730227e+00 -1.032386e+00 1.663817e-01
7.731227e+00 -9.865557e-01 1.615053e-01
7.732227e+00 -8.558626e-01 1.566368e-01
7.733227e+00 -9.171592e-01 1.517764e-01
7.734227e+00 -9.483881e-01 1.469240e-01
7.735226e+00 -1.111415e+00 1.420798e-01
7.736226e+00 -1.033977e+00 1.372437e-01
7.737226e+00 -1.120248e+00 1.324159e-01
7.738226e+00 -1.059903e+00 1.275965e-01
7.739226e+00 -1.022278e+00 1.227854e-01
7.740226e+00 -1.041041e+00 1.179827e-01
7.741226e+00 -9.537314e-01 1.131886e-01
7.742226e+00 -8.682904e-01 1.084029e-01
7.743226e+00 -8.747429e-01 1.036259e-01
7.744226e+00 -9.294190e-01 9.885749e-02
7.745225e+00 -1.008848e+00 9.409779e-02
7.746225e+00 -1.096204e+00 8.934685e-02
7.747225e+00 -1.099397e+00 8.460471e-02
7.748225e+00 -1.163921e+00 7.987143e-02
7.749225e+00 -1.048906e+00 7.514705e-02
7.750225e+00 -1.011318e+00 7.043163e-02
7.751225e+00 -9.580091e-01 6.572522e-02
7.752225e+00 -8.063859e-01 6.102786e-02
7.753225e+00 -9.073251e-01 5.633960e-02
7.754225e+00 -9.986220e-01 5.166050e-02
7.755224e+00 -1.024447e+00 4.699059e-02
7.756224e+00 -1.074821e+00 4.232992e-02
7.757224e+00 -1.123562e+00 3.767854e-02
7.758224e+00 -1.195954e+00 3.303650e-02
7.759224e+00 -1.057899e+00 2.840384e-02
7.760224e+00 -9.119114e-01 2.378059e-02
7.761224e+00 -8.395921e-01 1.916682e-02
7.762224e+00 -8.439933e-01 1.456255e-02
7.763224e+00 -9.453668e-01 9.967833e-03
7.764224e+00 -1.036489e+00 5.382708e-03
7.765223e+00 -1.009908e+00 8.072174e-04
7.766223e+00 -1.109011e+00 -3.758600e-03
7.767223e+00 -1.023759e+00 -8.314703e-03
7.768223e+00 -1.142512e+00 -1.286105e-02
7.769223e+00 -9.673228e-01 -1.739761e-02
7.770223e+00 -9.467744e-01 -2.192434e-02
7.771223e+00 -9.522339e-01 -2.644120e-02
7.772223e+00 -9.105143e-01 -3.094816e-02
7.773223e+00 -1.027287e+00 -3.544517e-02
7.774223e+00 -9.136348e-01 -3.993221e-02
7.775222e+00 -9.986146e-01 -4.440923e-02
7.776222e+00 -1.096356e+00 -4.887621e-02
7.777222e+00 -1.093036e+00 -5.333310e-02
7.778222e+00 -1.101292e+00 -5.777988e-02
7.779222e+00 -9.718331e-01 -6.221650e-02
7.780222e+00 -1.041158e+00 -6.664294e-02
7.781222e+00 -8.913098e-01 -7.105917e-02
7.782222e+00 -8.949517e-01 -7.546515e-02
7.783222e+00 -8.521019e-01 -7.986085e-02
7.784222e+00 -8.936274e-01 -8.424624e-02
7.785221e+00 -1.028362e+00 -8.862129e-02
7.786221e+00 -1.101687e+00 -9.298596e-02
7.787221e+00 -1.101816e+00 -9.734024e-02
7.788221e+00 -1.025452e+00 -1.016841e-01
7.789221e+00 -9.869376e-01 -1.060175e-01
7.790221e+00 -8.706768e-01 -1.103404e-01
7.791221e+00 -8.896257e-01 -1.146528e-01
7.792221e+00 -8.693572e-01 -1.189546e-01
7.793221e+00 -8.773644e-01 -1.232459e-01
7.794221e+00 -9.040147e-01 -1.275265e-01
7.795220e+00 -1.040273e+00 -1.317966e-01
7.796220e+00 -1.040492e+00 -1.360560e-01
7.797220e+00 -1.025031e+00 -1.403047e-01
7.798220e+00 -1.029068e+00 -1.445428e-01
7.799220e+00 -9.350000e-01 -1.487701e-01
7.800220e+00 -8.866656e-01 -1.529867e-01
7.801220e+00 -9.119589e-01 -1.571924e-01
7.802220e+00 -9.384668e-01 -1.613874e-01
7.803220e+00 -8.929270e-01 -1.655716e-01
7.804220e+00 -9.755109e-01 -1.697450e-01
7.805219e+00 -9.817990e-01 -1.739074e-01
7.806219e+00 -1.016379e+00 -1.780590e-01
7.807219e+00 -1.092095e+00 -1.821997e-01
7.808219e+00 -9.260007e-01 -1.863295e-01
7.809219e+00 -1.060115e+00 -1.904483e-01
7.810219e+00 -8.690750e-01 -1.945561e-01
7.811219e+00 -9.819356e-01 -1.986530e-01
7.812219e+00 -7.821972e-01 -2.027388e-01
7.813219e+00 -8.294248e-01 -2.068137e-01
7.814219e+00 -7.973767e-01 -2.108774e-01
7.815218e+00 -9.149401e-01 -2.149301e-01
7.816218e+00 -1.018061e+00 -2.189717e-01
7.817218e+00 -9.986217e-01 -2.230022e-01
7.818218e+00 -1.022801e+00 -2.270216e-01
7.819218e+00 -1.061615e+00 -2.310299e-01
7.820218e+00 -8.608064e-01 -2.350269e-01
7.821218e+00 -7.506479e-01 -2.390128e-01
7.822218e+00 -7.765148e-01 -2.429876e-01
7.823218e+00 -7.559891e-01 -2.469511e-01
7.824218e+00 -8.894269e-01 -2.509033e-01
7.825217e+00 -9.356836e-01 -2.548444e-01
7.826217e+00 -1.000093e+00 -2.587741e-01
7.827217e+00 -9.365109e-01 -2.626926e-01
7.828217e+00 -9.714084e-01 -2.665998e-01
7.829217e+00 -9.673370e-01 -2.704957e-01
7.830217e+00 -8.813153e-01 -2.743803e-01
7.831217e+00 -8.766419e-01 -2.782535e-01
7.832217e+00 -7.217320e-01 -2.821154e-01
7.833217e+00 -8.549339e-01 -2.859659e-01
7.834217e+00 -7.739455e-01 -2.898051e-01
7.835216e+00 -9.165771e-01 -2.936328e-01
7.836216e+00 -8.972584e-01 -2.974492e-01
7.837216e+00 -9.873357e-01 -3.012541e-01
7.838216e+00 -9.243615e-01 -3.050475e-01
7.839216e+00 -9.404455e-01 -3.088296e-01
7.840216e+00 -8.569991e-01 -3.126001e-01
7.841216e+00 -7.516650e-01 -3.163592e-01
7.842216e+00 -7.344141e-01 -3.201068e-01
7.843216e+00 -7.986043e-01 -3.238429e-01
7.844216e+00 -9.000636e-01 -3.275675e-01
7.845215e+00 -7.982209e-01 -3.312805e-01
7.846215e+00 -7.597139e-01 -3.349820e-01
7.847215e+00 -8.888057e-01 -3.386720e-01
7.848215e+00 -9.828105e-01 -3.423504e-01
7.849215e+00 -8.253687e-01 -3.460172e-01
7.850215e+00 -8.569671e-01 -3.496724e-01
7.851215e+00 -7.813950e-01 -3.533160e-01
7.852215e+00 -7.363548e-01 -3.569480e-01
7.853215e+00 -6.619901e-01 -3.605684e-01
7.854215e+00 -7.413922e-01 -3.641772e-01
7.855214e+00 -7.482274e-01 -3.677743e-01
7.856214e+00 -8.323601e-01 -3.713598e-01
7.857214e+00 -9.241554e-01 -3.749336e-01
7.858214e+00 -8.757044e-01 -3.784957e-01
7.859214e+00 -7.471579e-01 -3.820461e-01
7.860214e+00 -7.863836e-01 -3.855848e-01
7.861214e+00 -7.667959e-01 -3.891119e-01
7.862214e+00 -6.937185e-01 -3.926272e-01
7.863214e+00 -6.537528e-01 -3.961307e-01
7.864214e+00 -6.625602e-01 -3.996226e-01
7.865213e+00 -7.889752e-01 -4.031026e-01
7.866213e+00 -8.023404e-01 -4.065710e-01
7.867213e+00 -8.023388e-01 -4.100275e-01
7.868213e+00 -8.185644e-01 -4.134723e-01
7.869213e+00 -7.878567e-01 -4.169053e-01
7.870213e+00 -7.224634e-01 -4.203264e-01
7.871213e+00 -6.629912e-01 -4.237358e-01
7.872213e+00 -6.102207e-01 -4.271334e-01
7.873213e+00 -6.412698e-01 -4.305191e-01
7.874213e+00 -7.415921e-01 -4.338930e-01
7.875212e+00 -8.095319e-01 -4.372551e-01
7.876212e+00 -7.499063e-01 -4.406053e-01
7.877212e+00 -7.517581e-01 -4.439436e-01
7.878212e+00 -8.136472e-01 -4.472701e-01
7.879212e+00 -7.272395e-01 -4.505846e-01
7.880212e+00 -6.621542e-01 -4.538873e-01
7.881212e+00 -6.560499e-01 -4.571781e-01
7.882212e+00 -5.947995e-01 -4.604570e-01
7.883212e+00 -5.852986e-01 -4.637240e-01
7.884212e+00 -6.110624e-01 -4.669790e-01
7.885211e+00 -7.078278e-01 -4.702221e-01
7.886211e+00 -7.437367e-01 -4.734533e-01
7.887211e+00 -7.044854e-01 -4.766725e-01
7.888211e+00 -7.994266e-01 -4.798798e-01
7.889211e+00 -6.445976e-01 -4.830751e-01
7.890211e+00 -5.676789e-01 -4.862584e-01
7.891211e+00 -6.049640e-01 -4.894297e-01
7.892211e+00 -5.425758e-01 -4.925891e-01
7.893211e+00 -5.362508e-01 -4.957364e-01
7.894211e+00 -5.267532e-01 -4.988718e-01
7.895210e+00 -5.648195e-01 -5.019951e-01
7.896210e+00 -7.073239e-01 -5.051064e-01
7.897210e+00 -8.006512e-01 -5.082057e-01
7.898210e+00 -6.866756e-01 -5.112930e-01
7.899210e+00 -6.374063e-01 -5.143682e-01
7.900210e+00 -6.147632e-01 -5.174313e-01
7.901210e+00 -5.623612e-01 -5.204824e-01
7.902210e+00 -5.263063e-01 -5.235215e-01
7.903210e+00 -4.606109e-01 -5.265485e-01
7.904210e+00 -6.098035e-01 -5.295633e-01
7.905209e+00 -5.399052e-01 -5.325661e-01
7.906209e+00 -5.521791e-01 -5.355568e-01
7.907209e+00 -6.779424e-01 -5.385355e-01
7.908209e+00 -5.655106e-01 -5.415020e-01
7.909209e+00 -6.691524e-01 -5.444563e-01
7.910209e+00 -5.771016e-01 -5.473986e-01
7.911209e+00 -4.972500e-01 -5.503288e-01
7.912209e+00 -3.878988e-01 -5.532468e-01
7.913209e+00 -3.605275e-01 -5.561526e-01
7.914209e+00 -5.296013e-01 -5.590464e-01
7.915208e+00 -4.574690e-01 -5.619280e-01
7.916208e+00 -5.796875e-01 -5.647974e-01
7.917208e+00 -5.767255e-01 -5.676546e-01
7.918208e+00 -5.824522e-01 -5.704997e-01
7.919208e+00 -4.903987e-01 -5.733326e-01
7.920208e+00 -4.631608e-01 -5.761534e-01
7.921208e+00 -3.899085e-01 -5.789619e-01
7.922208e+00 -3.435562e-01 -5.817583e-01
7.923208e+00 -3.897457e-01 -5.845425e-01
7.924208e+00 -3.851263e-01 -5.873144e-01
7.925207e+00 -5.673176e-01 -5.900742e-01
7.926207e+00 -6.110311e-01 -5.928217e-01
7.927207e+00 -6.311309e-01 -5.955570e-01
7.928207e+00 -4.802034e-01 -5.982802e-01
7.929207e+00 -5.450093e-01 -6.009910e-01
7.930207e+00 -3.437001e-01 -6.036897e-01
7.931207e+00 -3.110112e-01 -6.063761e-01
7.932207e+00 -3.292107e-01 -6.090503e-01
7.933207e+00 -1.509791e-01 -6.117122e-01
7.934207e+00 -3.754722e-01 -6.143619e-01
7.935206e+00 -3.407082e-01 -6.169993e-01
7.936206e+00 -3.649048e-01 -6.196245e-01
7.937206e+00 -5.185242e-01 -6.222374e-01
7.938206e+00 -3.915739e-01 -6.248380e-01
7.939206e+00 -4.162927e-01 -6.274264e-01
7.940206e+00 -3.385206e-01 -6.300025e-01
7.941206e+00 -2.329417e-01 -6.325663e-01
7.942206e+00 -2.221489e-01 -6.351179e-01
7.943206e+00 -3.079674e-01 -6.376572e-01
7.944206e+00 -3.401345e-01 -6.401842e-01
7.945205e+00 -4.038555e-01 -6.426989e-01
7.946205e+00 -4.417544e-01 -6.452013e-01
7.947205e+00 -4.369289e-01 -6.476914e-01
7.948205e+00 -3.567097e-01 -6.501692e-01
7.949205e+00 -2.935260e-01 -6.526348e-01
7.950205e+00 -3.791437e-01 -6.550880e-01
7.951205e+00 -2.171012e-01 -6.575290e-01
7.952205e+00 -1.780674e-01 -6.599576e-01
7.953205e+00 -2.181564e-01 -6.623739e-01
7.954205e+00 -2.447557e-01 -6.647780e-01
7.955204e+00 -3.769537e-01 -6.671697e-01
7.956204e+00 -3.872679e-01 -6.695491e-01
7.957204e+00 -3.932487e-01 -6.719162e-01
7.958204e+00 -4.176888e-01 -6.742710e-01
7.959204e+00 -3.094150e-01 -6.766135e-01
7.960204e+00 -2.214560e-01 -6.789437e-01
7.961204e+00 -2.236535e-01 -6.812616e-01
7.962204e+00 -8.642214e-02 -6.835671e-01
7.963204e+00 -1.705197e-01 -6.858604e-01
7.964204e+00 -3.135764e-01 -6.881413e-01
7.965203e+00 -1.875625e-01 -6.904100e-01
7.966203e+00 -3.300208e-01 -6.926663e-01
7.967203e+00 -3.528419e-01 -6.949103e-01
7.968203e+00 -2.270662e-01 -6.971420e-01
7.969203e+00 -2.277292e-01 -6.993614e-01
7.970203e+00 -1.622327e-01 -7.015685e-01
7.971203e+00 -8.292691e-02 -7.037633e-01
7.972203e+00 -6.350486e-02 -7.059458e-01
7.973203e+00 -6.434392e-02 -7.081160e-01
7.974203e+00 -1.084411e-01 -7.102739e-01
7.975202e+00 -2.387896e-01 -7.124195e-01
7.976202e+00 -2.280472e-01 -7.145528e-01
7.977202e+00 -2.777997e-01 -7.166738e-01
7.978202e+00 -2.050748e-01 -7.187825e-01
7.979202e+00 -1.799687e-01 -7.208789e-01
7.980202e+00 -5.399213e-02 -7.229631e-01
7.981202e+00 -2.402261e-03 -7.250350e-01
7.982202e+00 3.044339e-02 -7.270946e-01
7.983202e+00 6.282032e-04 -7.291419e-01
7.984202e+00 -9.556913e-02 -7.311770e-01
7.985201e+00 -7.443814e-02 -7.331998e-01
7.986201e+00 -1.213880e-01 -7.352103e-01
7.987201e+00 -1.485991e-01 -7.372086e-01
7.988201e+00 -1.970356e-01 -7.391946e-01
7.989201e+00 -1.592466e-01 -7.411684e-01
7.990201e+00 -4.954937e-02 -7.431300e-01
7.991201e+00 5.125613e-03 -7.450793e-01
7.992201e+00 -1.483876e-02 -7.470164e-01
7.993201e+00 -2.052145e-03 -7.489412e-01
7.994201e+00 8.569865e-02 -7.508539e-01
7.995200e+00 -5.846349e-02 -7.527543e-01
7.996200e+00 -3.385888e-03 -7.546426e-01
7.997200e+00 -1.396103e-01 -7.565186e-01
7.998200e+00 -1.146800e-01 -7.583825e-01
7.999200e+00 -3.070484e-02 -7.602341e-01
8.000200e+00 -4.801758e-04 -7.620736e-01
8.001200e+00 1.287655e-01 -7.639009e-01
8.002200e+00 6.219993e-02 -7.657161e-01
8.003200e+00 1.690237e-01 -7.675191e-01
8.004200e+00 9.177856e-02 -7.693100e-01
8.005199e+00 1.807329e-02 -7.710887e-01
8.006199e+00 -1.874988e-01 -7.728553e-01
8.007199e+00 -3.274523e-02 -7.746098e-01
8.008199e+00 -4.952810e-02 -7.763522e-01
8.009199e+00 -6.636351e-02 -7.780825e-01
8.010199e+00 1.122801e-01 -7.798007e-01
8.011199e+00 1.229411e-01 -7.815068e-01
8.012199e+00 8.915274e-02 -7.832008e-01
8.013199e+00 1.582296e-01 -7.848828e-01
8.014199e+00 1.778946e-01 -7.865527e-01
8.015198e+00 4.372290e-02 -7.882106e-01
8.016198e+00 5.851162e-02 -7.898565e-01
8.017198e+00 5.482292e-02 -7.914904e-01
8.018198e+00 2.208672e-02 -7.931122e-01
8.019198e+00 1.371804e-01 -7.947221e-01
8.020198e+00 1.576802e-01 -7.963200e-01
8.021198e+00 2.660734e-01 -7.979059e-01
8.022198e+00 1.391520e-01 -7.994799e-01
8.023198e+00 2.495421e-01 -8.010419e-01
8.024198e+00 2.546881e-01 -8.025920e-01
8.025197e+00 1.300935e-01 -8.041302e-01
8.026197e+00 9.229705e-02 -8.056564e-01
8.027197e+00 1.578248e-01 -8.071708e-01
8.028197e+00 1.050348e-01 -8.086733e-01
8.029197e+00 1.400039e-01 -8.101640e-01
8.030197e+00 1.392750e-01 -8.116428e-01
8.031197e+00 2.957636e-01 -8.131098e-01
8.032197e+00 3.646802e-01 -8.145649e-01
8.033197e+00 3.151657e-01 -8.160083e-01
8.034197e+00 2.180133e-01 -8.174399e-01
8.035196e+00 1.479721e-01 -8.188597e-01
8.036196e+00 1.466971e-01 -8.202677e-01
8.037196e+00 1.719876e-01 -8.216640e-01
8.038196e+00 2.018297e-01 -8.230486e-01
8.039196e+00 1.989727e-01 -8.244215e-01
8.040196e+00 2.145230e-01 -8.257827e-01
8.041196e+00 4.037172e-01 -8.271322e-01
8.042196e+00 3.596641e-01 -8.284701e-01
8.043196e+00 4.465417e-01 -8.297964e-01
8.044196e+00 2.700665e-01 -8.311110e-01
8.045195e+00 3.774092e-01 -8.324140e-01
8.046195e+00 2.587073e-01 -8.337055e-01
8.047195e+00 2.235763e-01 -8.349853e-01
8.048195e+00 1.723986e-01 -8.362537e-01
8.049195e+00 3.036652e-01 -8.375105e-01
8.050195e+00 3.630456e-01 -8.387558e-01
8.051195e+00 3.118750e-01 -8.399897e-01
8.052195e+00 3.808582e-01 -8.412120e-01
8.053195e+00 4.645012e-01 -8.424230e-01
8.054195e+00 3.894248e-01 -8.436225e-01
8.055194e+00 3.342047e-01 -8.448106e-01
8.056194e+00 2.205458e-01 -8.459873e-01
8.057194e+00 1.948950e-01 -8.471527e-01
8.058194e+00 2.865263e-01 -8.483067e-01
8.059194e+00 3.285769e-01 -8.494494e-01
8.060194e+00 3.930899e-01 -8.505808e-01
8.061194e+00 3.775958e-01 -8.517010e-01
8.062194e+00 5.548289e-01 -8.528099e-01
8.063194e+00 4.482242e-01 -8.539076e-01
8.064194e+00 3.397904e-01 -8.549940e-01
8.065193e+00 3.715488e-01 -8.560693e-01
8.066193e+00 3.569888e-01 -8.571335e-01
8.067193e+00 3.411697e-01 -8.581865e-01
8.068193e+00 3.316265e-01 -8.592284e-01
8.069193e+00 3.490474e-01 -8.602592e-01
8.070193e+00 4.788238e-01 -8.612790e-01
8.071193e+00 4.426560e-01 -8.622877e-01
8.072193e+00 5.455570e-01 -8.632854e-01
8.073193e+00 5.440051e-01 -8.642722e-01
8.074193e+00 4.940110e-01 -8.652480e-01
8.075192e+00 5.107044e-01 -8.662128e-01
8.076192e+00 3.959230e-01 -8.671668e-01
8.077192e+00 3.222909e-01 -8.681099e-01
8.078192e+00 3.625523e-01 -8.690421e-01
8.079192e+00 3.883747e-01 -8.699635e-01
8.080192e+00 5.215621e-01 -8.708741e-01
8.081192e+00 5.067183e-01 -8.717740e-01
8.082192e+00 6.185843e-01 -8.726631e-01
8.083192e+00 4.754523e-01 -8.735415e-01
8.084192e+00 5.602744e-01 -8.744093e-01
8.085191e+00 5.497427e-01 -8.752664e-01
8.086191e+00 4.559436e-01 -8.761128e-01
8.087191e+00 3.436888e-01 -8.769487e-01
8.088191e+00 4.176381e-01 -8.777740e-01
8.089191e+00 5.545502e-01 -8.785888e-01
8.090191e+00 5.756455e-01 -8.793931e-01
8.091191e+00 6.324101e-01 -8.801869e-01
8.092191e+00 6.854593e-01 -8.809702e-01
8.093191e+00 6.856426e-01 -8.817432e-01
8.094191e+00 6.117170e-01 -8.825058e-01
8.095190e+00 6.199302e-01 -8.832580e-01
8.096190e+00 4.651314e-01 -8.840000e-01
8.097190e+00 5.319548e-01 -8.847316e-01
8.098190e+00 4.976318e-01 -8.854530e-01
8.099190e+00 5.641261e-01 -8.861642e-01
8.100190e+00 5.938623e-01 -8.868652e-01
8.101190e+00 6.145672e-01 -8.875561e-01
8.102190e+00 7.169738e-01 -8.882368e-01
8.103190e+00 7.469374e-01 -8.889075e-01
8.104190e+00 7.208557e-01 -8.895682e-01
8.105189e+00 5.703118e-01 -8.902188e-01
8.106189e+00 7.325967e-01 -8.908595e-01
8.107189e+00 5.568555e-01 -8.914902e-01
8.108189e+00 5.371646e-01 -8.921110e-01
8.109189e+00 6.053637e-01 -8.927220e-01
8.110189e+00 6.068546e-01 -8.933231e-01
8.111189e+00 6.020264e-01 -8.939144e-01
8.112189e+00 8.051972e-01 -8.944960e-01
8.113189e+00 7.826335e-01 -8.950679e-01
8.114189e+00 6.177866e-01 -8.956301e-01
8.115188e+00 7.087528e-01 -8.961826e-01
8.116188e+00 5.832441e-01 -8.967256e-01
8.117188e+00 5.542374e-01 -8.972590e-01
8.118188e+00 5.329899e-01 -8.977829e-01
8.119188e+00 6.629406e-01 -8.982972e-01
8.120188e+00 7.175533e-01 -8.988022e-01
8.121188e+00 7.588527e-01 -8.992977e-01
8.122188e+00 7.264149e-01 -8.997839e-01
8.123188e+00 8.930412e-01 -9.002608e-01
8.124188e+00 8.165511e-01 -9.007283e-01
8.125187e+00 6.737772e-01 -9.011867e-01
8.126187e+00 6.288423e-01 -9.016358e-01
8.127187e+00 5.752725e-01 -9.020758e-01
8.128187e+00 6.599001e-01 -9.025067e-01
8.129187e+00 6.771760e-01 -9.029285e-01
8.130187e+00 7.481546e-01 -9.033412e-01
8.131187e+00 8.117941e-01 -9.037450e-01
8.132187e+00 8.116071e-01 -9.041399e-01
8.133187e+00 7.724354e-01 -9.045259e-01
8.134187e+00 7.671985e-01 -9.049030e-01
8.135186e+00 8.106432e-01 -9.052713e-01
8.136186e+00 7.042262e-01 -9.056308e-01
8.137186e+00 6.893321e-01 -9.059817e-01
8.138186e+00 6.689016e-01 -9.063238e-01
8.139186e+00 7.077399e-01 -9.066574e-01
8.140186e+00 7.407392e-01 -9.069823e-01
8.141186e+00 8.342543e-01 -9.072988e-01
8.142186e+00 8.348861e-01 -9.076068e-01
8.143186e+00 8.424007e-01 -9.079063e-01
8.144186e+00 7.412101e-01 -9.081974e-01
8.145185e+00 7.554051e-01 -9.084803e-01
8.146185e+00 8.048815e-01 -9.087548e-01
8.147185e+00 6.350354e-01 -9.090211e-01
8.148185e+00 7.669617e-01 -9.092792e-01
8.149185e+00 7.351174e-01 -9.095292e-01
8.150185e+00 8.918491e-01 -9.097711e-01
8.151185e+00 9.069688e-01 -9.100049e-01
8.152185e+00 8.985476e-01 -9.102308e-01
8.153185e+00 9.518860e-01 -9.104487e-01
8.154185e+00 7.687322e-01 -9.106588e-01
8.155184e+00 7.566743e-01 -9.108610e-01
8.156184e+00 7.274272e-01 -9.110554e-01
8.157184e+00 7.028564e-01 -9.112422e-01
8.158184e+00 7.268386e-01 -9.114212e-01
8.159184e+00 8.119399e-01 -9.115927e-01
8.160184e+00 8.970689e-01 -9.117566e-01
8.161184e+00 9.417546e-01 -9.119130e-01
8.162184e+00 9.448111e-01 -9.120619e-01
8.163184e+00 9.153726e-01 -9.122034e-01
8.164184e+00 8.207033e-01 -9.123376e-01
8.165183e+00 8.415518e-01 -9.124645e-01
8.166183e+00 7.830971e-01 -9.125842e-01
8.167183e+00 7.408761e-01 -9.126967e-01
8.168183e+00 7.480479e-01 -9.128021e-01
8.169183e+00 7.605907e-01 -9.129005e-01
8.170183e+00 8.703643e-01 -9.129918e-01
8.171183e+00 9.316534e-01 -9.130762e-01
8.172183e+00 9.516648e-01 -9.131538e-01
8.173183e+00 9.912280e-01 -9.132245e-01
8.174183e+00 9.001664e-01 -9.132884e-01
8.175182e+00 8.594299e-01 -9.133456e-01
8.176182e+00 8.223483e-01 -9.133962e-01
8.177182e+00 8.245443e-01 -9.134403e-01
8.178182e+00 7.547781e-01 -9.134778e-01
8.179182e+00 8.087600e-01 -9.135088e-01
8.180182e+00 8.533319e-01 -9.135334e-01
8.181182e+00 9.161681e-01 -9.135517e-01
8.182182e+00 9.772773e-01 -9.135638e-01
8.183182e+00 1.016437e+00 -9.135696e-01
8.184182e+00 9.946058e-01 -9.135693e-01
8.185181e+00 8.933321e-01 -9.135629e-01
8.186181e+00 8.370463e-01 -9.135504e-01
8.187181e+00 8.412692e-01 -9.135320e-01
8.188181e+00 7.577359e-01 -9.135078e-01
8.189181e+00 8.399933e-01 -9.134776e-01
8.190181e+00 9.509229e-01 -9.134418e-01
8.191181e+00 1.063491e+00 -9.134002e-01
8.192181e+00 1.057347e+00 -9.133530e-01
8.193181e+00 1.139459e+00 -9.133002e-01
8.194181e+00 1.142337e+00 -9.132420e-01
8.195180e+00 8.839617e-01 -9.131783e-01
8.196180e+00 9.035164e-01 -9.131092e-01
8.197180e+00 8.086315e-01 -9.130349e-01
8.198180e+00 8.302831e-01 -9.129553e-01
8.199180e+00 1.008570e+00 -9.128705e-01
8.200180e+00 9.729918e-01 -9.127807e-01
8.201180e+00 1.018288e+00 -9.126858e-01
8.202180e+00 1.094694e+00 -9.125859e-01
8.203180e+00 1.091914e+00 -9.124812e-01
8.204180e+00 1.114118e+00 -9.123717e-01
8.205179e+00 9.873802e-01 -9.122574e-01
8.206179e+00 9.106726e-01 -9.121384e-01
8.207179e+00 9.110836e-01 -9.120148e-01
8.208179e+00 8.567341e-01 -9.118866e-01
8.209179e+00 9.257916e-01 -9.117540e-01
8.210179e+00 1.009915e+00 -9.116170e-01
8.211179e+00 1.001644e+00 -9.114757e-01
8.212179e+00 1.109116e+00 -9.113301e-01
8.213179e+00 1.131141e+00 -9.111803e-01
8.214179e+00 1.086898e+00 -9.110264e-01
8.215178e+00 1.023928e+00 -9.108684e-01
8.216178e+00 9.105959e-01 -9.107065e-01
8.217178e+00 8.866814e-01 -9.105406e-01
8.218178e+00 8.349506e-01 -9.103710e-01
8.219178e+00 9.018857e-01 -9.101975e-01
8.220178e+00 9.793804e-01 -9.100204e-01
8.221178e+00 1.090727e+00 -9.098397e-01
8.222178e+00 9.930066e-01 -9.096554e-01
8.223178e+00 1.120715e+00 -9.094676e-01
8.224178e+00 1.092692e+00 -9.092765e-01
8.225177e+00 9.328946e-01 -9.090820e-01
8.226177e+00 8.847190e-01 -9.088842e-01
8.227177e+00 1.003459e+00 -9.086833e-01
8.228177e+00 8.070066e-01 -9.084792e-01
8.229177e+00 8.795989e-01 -9.082721e-01
8.230177e+00 9.101336e-01 -9.080621e-01
8.231177e+00 1.066090e+00 -9.078491e-01
8.232177e+00 1.117764e+00 -9.076333e-01
8.233177e+00 1.121909e+00 -9.074148e-01
8.234177e+00 9.810396e-01 -9.071936e-01
8.235176e+00 9.394411e-01 -9.069697e-01
8.236176e+00 8.991638e-01 -9.067434e-01
8.237176e+00 9.504615e-01 -9.065145e-01
8.238176e+00 9.544069e-01 -9.062833e-01
8.239176e+00 9.482867e-01 -9.060498e-01
8.240176e+00 9.362440e-01 -9.058139e-01
8.241176e+00 9.915389e-01 -9.055759e-01
8.242176e+00 1.089417e+00 -9.053358e-01
8.243176e+00 1.064217e+00 -9.050937e-01
8.244176e+00 9.709385e-01 -9.048496e-01
8.245175e+00 1.029737e+00 -9.046035e-01
8.246175e+00 9.670194e-01 -9.043557e-01
8.247175e+00 9.462227e-01 -9.041060e-01
8.248175e+00 9.196279e-01 -9.038547e-01
8.249175e+00 9.955698e-01 -9.036017e-01
8.250175e+00 9.132168e-01 -9.033472e-01
8.251175e+00 1.038641e+00 -9.030912e-01
8.252175e+00 1.101207e+00 -9.028337e-01
8.253175e+00 1.100047e+00 -9.025749e-01
8.254175e+00 1.011148e+00 -9.023148e-01
8.255174e+00 1.015288e+00 -9.020535e-01
8.256174e+00 9.423143e-01 -9.017910e-01
8.257174e+00 9.652130e-01 -9.015274e-01
8.258174e+00 1.073089e+00 -9.012627e-01
8.259174e+00 1.027968e+00 -9.009971e-01
8.260174e+00 1.032932e+00 -9.007306e-01
8.261174e+00 1.056153e+00 -9.004632e-01
8.262174e+00 1.061001e+00 -9.001951e-01
8.263174e+00 1.134759e+00 -8.999262e-01
8.264174e+00 1.022038e+00 -8.996566e-01
8.265173e+00 9.731124e-01 -8.993864e-01
8.266173e+00 8.897781e-01 -8.991157e-01
8.267173e+00 8.946495e-01 -8.988445e-01
8.268173e+00 9.193401e-01 -8.985729e-01
8.269173e+00 9.654831e-01 -8.983009e-01
8.270173e+00 9.661385e-01 -8.980285e-01
8.271173e+00 1.117452e+00 -8.977559e-01
8.272173e+00 1.115362e+00 -8.974831e-01
8.273173e+00 1.083725e+00 -8.972101e-01
8.274173e+00 1.089849e+00 -8.969370e-01
8.275172e+00 9.204295e-01 -8.966638e-01
8.276172e+00 9.335892e-01 -8.963906e-01
8.277172e+00 9.028679e-01 -8.961175e-01
8.278172e+00 8.496772e-01 -8.958444e-01
8.279172e+00 9.510439e-01 -8.955715e-01
8.280172e+00 1.065349e+00 -8.952988e-01
8.281172e+00 1.062285e+00 -8.950262e-01
8.282172e+00 1.185877e+00 -8.947540e-01
8.283172e+00 1.115747e+00 -8.944820e-01
8.284172e+00 1.073985e+00 -8.942104e-01
8.285171e+00 1.077956e+00 -8.939392e-01
8.286171e+00 9.376941e-01 -8.936684e-01
8.287171e+00 8.836539e-01 -8.933981e-01
8.288171e+00 8.718680e-01 -8.931283e-01
8.289171e+00 8.904918e-01 -8.928590e-01
8.290171e+00 9.405956e-01 -8.925903e-01
8.291171e+00 9.706575e-01 -8.923222e-01
8.292171e+00 1.035180e+00 -8.920548e-01
8.293171e+00 9.989863e-01 -8.917880e-01
8.294171e+00 1.031205e+00 -8.915219e-01
8.295170e+00 9.689076e-01 -8.912565e-01
8.296170e+00 8.840515e-01 -8.909918e-01
8.297170e+00 9.629288e-01 -8.907280e-01
8.298170e+00 8.832121e-01 -8.904649e-01
8.299170e+00 8.707854e-01 -8.902026e-01
8.300170e+00 1.010150e+00 -8.899412e-01
8.301170e+00 9.463360e-01 -8.896806e-01
8.302170e+00 1.010140e+00 -8.894209e-01
8.303170e+00 1.026796e+00 -8.891621e-01
8.304170e+00 9.407702e-01 -8.889042e-01
8.305169e+00 1.021694e+00 -8.886472e-01
8.306169e+00 9.667829e-01 -8.883911e-01
8.307169e+00 8.422767e-01 -8.881359e-01
8.308169e+00 9.503673e-01 -8.878817e-01
8.309169e+00 8.332017e-01 -8.876285e-01
8.310169e+00 9.437248e-01 -8.873762e-01
8.311169e+00 9.224544e-01 -8.871248e-01
8.312169e+00 1.001521e+00 -8.868744e-01
8.313169e+00 9.879272e-01 -8.866249e-01
8.314169e+00 9.756064e-01 -8.863765e-01
8.315168e+00 9.037671e-01 -8.861289e-01
8.316168e+00 8.283619e-01 -8.858823e-01
8.317168e+00 8.191691e-01 -8.856367e-01
8.318168e+00 8.953860e-01 -8.853919e-01
8.319168e+00 9.051422e-01 -8.851481e-01
8.320168e+00 8.770103e-01 -8.849052e-01
8.321168e+00 9.724007e-01 -8.846632e-01
8.322168e+00 9.631227e-01 -8.844221e-01
8.323168e+00 9.541052e-01 -8.841819e-01
8.324168e+00 9.080537e-01 -8.839425e-01
8.325167e+00 8.902541e-01 -8.837039e-01
8.326167e+00 8.461164e-01 -8.834661e-01
8.327167e+00 8.341485e-01 -8.832291e-01
8.328167e+00 7.290558e-01 -8.829929e-01
8.329167e+00 7.363938e-01 -8.827574e-01
8.330167e+00 8.384184e-01 -8.825226e-01
8.331167e+00 9.552918e-01 -8.822885e-01
8.332167e+00 9.443732e-01 -8.820550e-01
8.333167e+00 9.303778e-01 -8.818221e-01
8.334167e+00 8.905364e-01 -8.815898e-01
8.335166e+00 8.330556e-01 -8.813581e-01
8.336166e+00 7.529188e-01 -8.811269e-01
8.337166e+00 7.949605e-01 -8.808961e-01
8.338166e+00 7.743460e-01 -8.806658e-01
8.339166e+00 7.363755e-01 -8.804358e-01
8.340166e+00 8.815183e-01 -8.802062e-01
8.341166e+00 8.772177e-01 -8.799769e-01
8.342166e+00 1.006895e+00 -8.797478e-01
8.343166e+00 9.383458e-01 -8.795189e-01
8.344166e+00 8.481145e-01 -8.792902e-01
8.345165e+00 7.736278e-01 -8.790616e-01
8.346165e+00 7.904516e-01 -8.788331e-01
8.347165e+00 7.387495e-01 -8.786045e-01
8.348165e+00 6.858774e-01 -8.783759e-01
8.349165e+00 7.675226e-01 -8.781472e-01
8.350165e+00 7.439911e-01 -8.779183e-01
8.351165e+00 8.414000e-01 -8.776892e-01
8.352165e+00 9.123061e-01 -8.774598e-01
8.353165e+00 9.129621e-01 -8.772301e-01
8.354165e+00 9.149910e-01 -8.769999e-01
8.355164e+00 7.882031e-01 -8.767693e-01
8.356164e+00 8.197221e-01 -8.765382e-01
8.357164e+00 7.669123e-01 -8.763065e-01
8.358164e+00 7.519045e-01 -8.760741e-01
8.359164e+00 7.110690e-01 -8.758410e-01
8.360164e+00 8.752945e-01 -8.756071e-01
8.361164e+00 7.859487e-01 -8.753723e-01
8.362164e+00 9.775104e-01 -8.751366e-01
8.363164e+00 8.794575e-01 -8.748999e-01
8.364164e+00 7.265253e-01 -8.746621e-01
8.365163e+00 7.486108e-01 -8.744232e-01
8.366163e+00 6.870410e-01 -8.741831e-01
8.367163e+00 5.998406e-01 -8.739416e-01
8.368163e+00 6.892856e-01 -8.736988e-01
8.369163e+00 6.901726e-01 -8.734546e-01
8.370163e+00 7.562146e-01 -8.732089e-01
8.371163e+00 7.452878e-01 -8.729615e-01
8.372163e+00 8.111188e-01 -8.727125e-01
8.373163e+00 7.742068e-01 -8.724618e-01
8.374163e+00 7.297518e-01 -8.722092e-01
8.375162e+00 7.847644e-01 -8.719548e-01
8.376162e+00 5.890108e-01 -8.716984e-01
8.377162e+00 5.500251e-01 -8.714399e-01
8.378162e+00 6.867525e-01 -8.711793e-01
8.379162e+00 6.561502e-01 -8.709165e-01
8.380162e+00 6.933047e-01 -8.706514e-01
8.381162e+00 7.106059e-01 -8.703840e-01
8.382162e+00 7.065593e-01 -8.701141e-01
8.383162e+00 7.369176e-01 -8.698417e-01
8.384162e+00 6.891981e-01 -8.695667e-01
8.385161e+00 6.410789e-01 -8.692890e-01
8.386161e+00 5.322922e-01 -8.690085e-01
8.387161e+00 6.232828e-01 -8.687252e-01
8.388161e+00 5.846869e-01 -8.684391e-01
8.389161e+00 5.405218e-01 -8.681499e-01
8.390161e+00 6.797080e-01 -8.678576e-01
8.391161e+00 6.359511e-01 -8.675623e-01
8.392161e+00 7.245848e-01 -8.672637e-01
8.393161e+00 7.393281e-01 -8.669617e-01
8.394161e+00 6.068520e-01 -8.666565e-01
8.395160e+00 6.469771e-01 -8.663477e-01
8.396160e+00 5.212555e-01 -8.660355e-01
8.397160e+00 5.166909e-01 -8.657196e-01
8.398160e+00 5.399638e-01 -8.654001e-01
8.399160e+00 5.551654e-01 -8.650768e-01
8.400160e+00 7.055070e-01 -8.647497e-01
8.401160e+00 5.895682e-01 -8.644187e-01
8.402160e+00 6.355990e-01 -8.640838e-01
8.403160e+00 6.610189e-01 -8.637448e-01
8.404160e+00 6.557556e-01 -8.634017e-01
8.405159e+00 5.647586e-01 -8.630544e-01
8.406159e+00 5.102117e-01 -8.627029e-01
8.407159e+00 3.428488e-01 -8.623471e-01
8.408159e+00 4.120330e-01 -8.619869e-01
8.409159e+00 4.598772e-01 -8.616223e-01
8.410159e+00 5.884225e-01 -8.612531e-01
8.411159e+00 5.510524e-01 -8.608794e-01
8.412159e+00 6.774461e-01 -8.605011e-01
8.413159e+00 6.841484e-01 -8.601180e-01
8.414159e+00 4.656078e-01 -8.597303e-01
8.415158e+00 5.838544e-01 -8.593377e-01
8.416158e+00 4.185564e-01 -8.589402e-01
8.417158e+00 3.716316e-01 -8.585378e-01
8.418158e+00 4.289890e-01 -8.581304e-01
8.419158e+00 5.296237e-01 -8.577180e-01
8.420158e+00 4.482163e-01 -8.573005e-01
8.421158e+00 6.226850e-01 -8.568778e-01
8.422158e+00 5.913267e-01 -8.564500e-01
8.423158e+00 5.885938e-01 -8.560169e-01
8.424158e+00 4.386680e-01 -8.555785e-01
8.425157e+00 4.037451e-01 -8.551348e-01
8.426157e+00 4.301199e-01 -8.546857e-01
8.427157e+00 3.735676e-01 -8.542312e-01
8.428157e+00 2.137265e-01 -8.537712e-01
8.429157e+00 3.325053e-01 -8.533057e-01
8.430157e+00 4.619387e-01 -8.528347e-01
8.431157e+00 5.330376e-01 -8.523581e-01
8.432157e+00 4.730835e-01 -8.518759e-01
8.433157e+00 5.430824e-01 -8.513880e-01
8.434157e+00 5.495939e-01 -8.508944e-01
8.435156e+00 3.180940e-01 -8.503951e-01
8.436156e+00 3.324633e-01 -8.498900e-01
8.437156e+00 3.128327e-01 -8.493792e-01
8.438156e+00 2.844086e-01 -8.488625e-01
8.439156e+00 3.945352e-01 -8.483401e-01
8.440156e+00 4.546073e-01 -8.478117e-01
8.441156e+00 5.183852e-01 -8.472775e-01
8.442156e+00 4.246734e-01 -8.467374e-01
8.443156e+00 4.387913e-01 -8.461914e-01
8.444156e+00 4.090995e-01 -8.456394e-01
8.445155e+00 3.304993e-01 -8.450814e-01
8.446155e+00 2.393010e-01 -8.445175e-01
8.447155e+00 1.700688e-01 -8.439477e-01
8.448155e+00 3.405478e-01 -8.433718e-01
8.449155e+00 2.844721e-01 -8.427899e-01
8.450155e+00 2.942070e-01 -8.422020e-01
8.451155e+00 3.121101e-01 -8.416081e-01
8.452155e+00 3.391106e-01 -8.410081e-01
8.453155e+00 3.561808e-01 -8.404022e-01
8.454155e+00 4.159482e-01 -8.397902e-01
8.455154e+00 2.762666e-01 -8.391721e-01
8.456154e+00 1.765249e-01 -8.385481e-01
8.457154e+00 2.434974e-01 -8.379180e-01
8.458154e+00 2.068855e-01 -8.372818e-01
8.459154e+00 2.719009e-01 -8.366397e-01
8.460154e+00 2.996397e-01 -8.359915e-01
8.461154e+00 4.072487e-01 -8.353374e-01
8.462154e+00 3.104652e-01 -8.346772e-01
8.463154e+00 2.346462e-01 -8.340111e-01
8.464154e+00 2.622292e-01 -8.333390e-01
8.465153e+00 2.014245e-01 -8.326609e-01
8.466153e+00 1.883479e-01 -8.319769e-01
8.467153e+00 2.615760e-02 -8.312870e-01
8.468153e+00 1.814331e-02 -8.305911e-01
8.469153e+00 1.252317e-01 -8.298894e-01
8.470153e+00 1.568131e-01 -8.291819e-01
8.471153e+00 2.492660e-01 -8.284684e-01
8.472153e+00 3.142805e-01 -8.277492e-01
8.473153e+00 2.302102e-01 -8.270242e-01
8.474153e+00 2.349160e-01 -8.262934e-01
8.475152e+00 6.133637e-02 -8.255569e-01
8.476152e+00 9.515253e-02 -8.248147e-01
8.477152e+00 1.608636e-02 -8.240668e-01
8.478152e+00 3.120167e-02 -8.233133e-01
8.479152e+00 7.613057e-02 -8.225542e-01
8.480152e+00 9.577493e-02 -8.217895e-01
8.481152e+00 1.115406e-01 -8.210193e-01
8.482152e+00 2.288050e-01 -8.202435e-01
8.483152e+00 1.384605e-01 -8.194623e-01
8.484152e+00 7.323458e-02 -8.186757e-01
8.485151e+00 9.035219e-02 -8.178838e-01
8.486151e+00 -4.662865e-03 -8.170865e-01
8.487151e+00 -3.507757e-02 -8.162839e-01
8.488151e+00 -7.755414e-03 -8.154760e-01
8.489151e+00 3.379395e-02 -8.146630e-01
8.490151e+00 6.317612e-02 -8.138447e-01
8.491151e+00 1.877158e-01 -8.130214e-01
8.492151e+00 1.481673e-01 -8.121931e-01
8.493151e+00 1.513655e-01 -8.113597e-01
8.494151e+00 5.236535e-02 -8.105214e-01
8.495150e+00 9.550496e-03 -8.096781e-01
8.496150e+00 -5.627534e-03 -8.088300e-01
8.497150e+00 -8.493717e-02 -8.079772e-01
8.498150e+00 -4.388969e-02 -8.071195e-01
8.499150e+00 -6.703890e-02 -8.062572e-01
8.500150e+00 3.961261e-02 -8.053903e-01
8.501150e+00 1.071120e-01 -8.045188e-01
8.502150e+00 1.218110e-01 -8.036427e-01
8.503150e+00 1.712583e-01 -8.027622e-01
8.504150e+00 9.401832e-02 -8.018773e-01
8.505149e+00 -4.884092e-02 -8.009881e-01
8.506149e+00 -1.273297e-01 -8.000946e-01
8.507149e+00 -1.488184e-01 -7.991969e-01
8.508149e+00 -1.542682e-01 -7.982951e-01
8.509149e+00 -9.979561e-02 -7.973891e-01
8.510149e+00 -5.429768e-02 -7.964792e-01
8.511149e+00 2.808854e-02 -7.955653e-01
8.512149e+00 7.166331e-02 -7.946475e-01
8.513149e+00 5.392812e-02 -7.937258e-01
8.514149e+00 5.111494e-02 -7.928004e-01
8.515148e+00 -1.053737e-01 -7.918714e-01
8.516148e+00 -1.099380e-01 -7.909387e-01
8.517148e+00 -1.696806e-01 -7.900025e-01
8.518148e+00 -1.350006e-01 -7.890627e-01
8.519148e+00 -1.367635e-01 -7.881196e-01
8.520148e+00 -1.535906e-01 -7.871732e-01
8.521148e+00 -1.741422e-01 -7.862234e-01
8.522148e+00 -5.002091e-02 -7.852705e-01
8.523148e+00 -1.045797e-01 -7.843144e-01
8.524148e+00 -1.278579e-01 -7.833553e-01
8.525147e+00 -1.547412e-01 -7.823932e-01
8.526147e+00 -2.438189e-01 -7.814282e-01
8.527147e+00 -2.073692e-01 -7.804604e-01
8.528147e+00 -2.248783e-01 -7.794898e-01
8.529147e+00 -2.872040e-01 -7.785165e-01
8.530147e+00 -1.380766e-01 -7.775407e-01
8.531147e+00 -1.753244e-01 -7.765622e-01
8.532147e+00 -1.506121e-01 -7.755813e-01
8.533147e+00 -3.914809e-02 -7.745981e-01
8.534147e+00 -2.721756e-01 -7.736125e-01
8.535146e+00 -1.852808e-01 -7.726247e-01
8.536146e+00 -2.789256e-01 -7.716347e-01
8.537146e+00 -3.060169e-01 -7.706427e-01
8.538146e+00 -3.109376e-01 -7.696487e-01
8.539146e+00 -2.117390e-01 -7.686527e-01
8.540146e+00 -3.548334e-01 -7.676549e-01
8.541146e+00 -2.248829e-01 -7.666553e-01
8.542146e+00 -1.936221e-01 -7.656540e-01
8.543146e+00 -1.869051e-01 -7.646511e-01
8.544146e+00 -1.871013e-01 -7.636467e-01
8.545145e+00 -3.003961e-01 -7.626408e-01
8.546145e+00 -3.957459e-01 -7.616335e-01
8.547145e+00 -3.469481e-01 -7.606249e-01
8.548145e+00 -3.717528e-01 -7.596151e-01
8.549145e+00 -3.744003e-01 -7.586041e-01
8.550145e+00 -3.199292e-01 -7.575921e-01
8.551145e+00 -2.362920e-01 -7.565791e-01
8.552145e+00 -1.936595e-01 -7.555651e-01
8.553145e+00 -2.465021e-01 -7.545504e-01
8.554145e+00 -2.379820e-01 -7.535348e-01
8.555144e+00 -3.775055e-01 -7.525186e-01
8.556144e+00 -3.710235e-01 -7.515018e-01
8.557144e+00 -3.356857e-01 -7.504845e-01
8.558144e+00 -5.402918e-01 -7.494667e-01
8.559144e+00 -3.475459e-01 -7.484485e-01
8.560144e+00 -4.064069e-01 -7.474301e-01
8.561144e+00 -2.255556e-01 -7.464115e-01
8.562144e+00 -3.813812e-01 -7.453927e-01
8.563144e+00 -3.440443e-01 -7.443738e-01
8.564144e+00 -3.861676e-01 -7.433550e-01
8.565143e+00 -3.849353e-01 -7.423362e-01
8.566143e+00 -4.469742e-01 -7.413177e-01
8.567143e+00 -4.717289e-01 -7.402994e-01
8.568143e+00 -5.966252e-01 -7.392814e-01
8.569143e+00 -4.638934e-01 -7.382638e-01
8.570143e+00 -4.440676e-01 -7.372467e-01
8.571143e+00 -3.602112e-01 -7.362301e-01
8.572143e+00 -3.342559e-01 -7.352142e-01
8.573143e+00 -4.303320e-01 -7.341989e-01
8.574143e+00 -4.039125e-01 -7.331845e-01
8.575142e+00 -4.780489e-01 -7.321709e-01
8.576142e+00 -5.521950e-01 -7.311582e-01
8.577142e+00 -6.221181e-01 -7.301465e-01
8.578142e+00 -4.611792e-01 -7.291359e-01
8.579142e+00 -4.957835e-01 -7.281265e-01
8.580142e+00 -4.202368e-01 -7.271182e-01
8.581142e+00 -4.743001e-01 -7.261113e-01
8.582142e+00 -5.368931e-01 -7.251057e-01
8.583142e+00 -3.549191e-01 -7.241016e-01
8.584142e+00 -4.248947e-01 -7.230990e-01
8.585141e+00 -4.162385e-01 -7.220979e-01
8.586141e+00 -5.595577e-01 -7.210985e-01
8.587141e+00 -6.686667e-01 -7.201009e-01
8.588141e+00 -5.793196e-01 -7.191050e-01
8.589141e+00 -5.477833e-01 -7.181110e-01
8.590141e+00 -5.227008e-01 -7.171189e-01
8.591141e+00 -5.810476e-01 -7.161288e-01
8.592141e+00 -3.554325e-01 -7.151408e-01
8.593141e+00 -4.645542e-01 -7.141549e-01
8.594141e+00 -4.794145e-01 -7.131713e-01
8.595140e+00 -5.770039e-01 -7.121899e-01
8.596140e+00 -6.267350e-01 -7.112108e-01
8.597140e+00 -6.754069e-01 -7.102342e-01
8.598140e+00 -6.296369e-01 -7.092600e-01
8.599140e+00 -6.374973e-01 -7.082884e-01
8.600140e+00 -5.853689e-01 -7.073193e-01
8.601140e+00 -4.546628e-01 -7.063530e-01
8.602140e+00 -5.707384e-01 -7.053893e-01
8.603140e+00 -5.443295e-01 -7.044285e-01
8.604140e+00 -5.931351e-01 -7.034705e-01
8.605139e+00 -6.300138e-01 -7.025154e-01
8.606139e+00 -6.919904e-01 -7.015633e-01
8.607139e+00 -6.538767e-01 -7.006143e-01
8.608139e+00 -6.901016e-01 -6.996683e-01
8.609139e+00 -6.334071e-01 -6.987256e-01
8.610139e+00 -6.079898e-01 -6.977860e-01
8.611139e+00 -5.383051e-01 -6.968497e-01
8.612139e+00 -6.005607e-01 -6.959168e-01
8.613139e+00 -5.357372e-01 -6.949872e-01
8.614139e+00 -5.073101e-01 -6.940612e-01
8.615138e+00 -6.496764e-01 -6.931386e-01
8.616138e+00 -7.429915e-01 -6.922196e-01
8.617138e+00 -7.504354e-01 -6.913042e-01
8.618138e+00 -7.374834e-01 -6.903925e-01
8.619138e+00 -7.008882e-01 -6.894845e-01
8.620138e+00 -7.241490e-01 -6.885804e-01
8.621138e+00 -5.269000e-01 -6.876800e-01
8.622138e+00 -5.249160e-01 -6.867836e-01
8.623138e+00 -5.608461e-01 -6.858911e-01
8.624138e+00 -6.402292e-01 -6.850026e-01
8.625137e+00 -6.918137e-01 -6.841182e-01
8.626137e+00 -8.266088e-01 -6.832378e-01
8.627137e+00 -7.946030e-01 -6.823616e-01
8.628137e+00 -8.665962e-01 -6.814896e-01
8.629137e+00 -8.369986e-01 -6.806219e-01
8.630137e+00 -7.171279e-01 -6.797584e-01
8.631137e+00 -6.425392e-01 -6.788993e-01
8.632137e+00 -6.753480e-01 -6.780446e-01
8.633137e+00 -6.501017e-01 -6.771943e-01
8.634137e+00 -7.472056e-01 -6.763484e-01
8.635136e+00 -7.538876e-01 -6.755072e-01
8.636136e+00 -8.539388e-01 -6.746704e-01
8.637136e+00 -8.943686e-01 -6.738383e-01
8.638136e+00 -8.959571e-01 -6.730109e-01
8.639136e+00 -8.144647e-01 -6.721881e-01
8.640136e+00 -7.926795e-01 -6.713701e-01
8.641136e+00 -6.573367e-01 -6.705568e-01
8.642136e+00 -7.010188e-01 -6.697484e-01
8.643136e+00 -6.244230e-01 -6.689448e-01
8.644136e+00 -7.356619e-01 -6.681461e-01
8.645135e+00 -7.332219e-01 -6.673524e-01
8.646135e+00 -7.894720e-01 -6.665636e-01
8.647135e+00 -8.848563e-01 -6.657798e-01
8.648135e+00 -9.137907e-01 -6.650011e-01
8.649135e+00 -9.169242e-01 -6.642275e-01
8.650135e+00 -8.720118e-01 -6.634590e-01
8.651135e+00 -7.331608e-01 -6.626956e-01
8.652135e+00 -6.823234e-01 -6.619374e-01
8.653135e+00 -7.190822e-01 -6.611844e-01
8.654135e+00 -8.478737e-01 -6.604366e-01
8.655134e+00 -7.980443e-01 -6.596942e-01
8.656134e+00 -9.219949e-01 -6.589570e-01
8.657134e+00 -9.723938e-01 -6.582252e-01
8.658134e+00 -9.311094e-01 -6.574988e-01
8.659134e+00 -8.763617e-01 -6.567777e-01
8.660134e+00 -9.230296e-01 -6.560621e-01
8.661134e+00 -7.777235e-01 -6.553519e-01
8.662134e+00 -7.504082e-01 -6.546472e-01
8.663134e+00 -8.736709e-01 -6.539480e-01
8.664134e+00 -8.588413e-01 -6.532543e-01
8.665133e+00 -8.417162e-01 -6.525662e-01
8.666133e+00 -8.978973e-01 -6.518836e-01
8.667133e+00 -9.037391e-01 -6.512067e-01
8.668133e+00 -9.533847e-01 -6.505353e-01
8.669133e+00 -9.399129e-01 -6.498697e-01
8.670133e+00 -8.773010e-01 -6.492096e-01
8.671133e+00 -8.373065e-01 -6.485553e-01
8.672133e+00 -8.132523e-01 -6.479067e-01
8.673133e+00 -7.720508e-01 -6.472638e-01
8.674133e+00 -7.907549e-01 -6.466266e-01
8.675132e+00 -9.768796e-01 -6.459952e-01
8.676132e+00 -9.399849e-01 -6.453696e-01
8.677132e+00 -1.011115e+00 -6.447497e-01
8.678132e+00 -1.002541e+00 -6.441357e-01
8.679132e+00 -9.651508e-01 -6.435275e-01
8.680132e+00 -8.360341e-01 -6.429251e-01
8.681132e+00 -8.052091e-01 -6.423286e-01
8.682132e+00 -7.278925e-01 -6.417379e-01
8.683132e+00 -9.034448e-01 -6.411532e-01
8.684132e+00 -8.800463e-01 -6.405743e-01
8.685131e+00 -9.461884e-01 -6.400013e-01
8.686131e+00 -9.962343e-01 -6.394342e-01
8.687131e+00 -1.054740e+00 -6.388731e-01
8.688131e+00 -1.051644e+00 -6.383179e-01
8.689131e+00 -1.050474e+00 -6.377686e-01
8.690131e+00 -8.839228e-01 -6.372252e-01
8.691131e+00 -8.234148e-01 -6.366878e-01
8.692131e+00 -8.110399e-01 -6.361564e-01
8.693131e+00 -8.175075e-01 -6.356309e-01
8.694131e+00 -8.517951e-01 -6.351114e-01
8.695130e+00 -9.467004e-01 -6.345979e-01
8.696130e+00 -9.806242e-01 -6.340904e-01
8.697130e+00 -9.889850e-01 -6.335888e-01
8.698130e+00 -9.839803e-01 -6.330933e-01
8.699130e+00 -1.047631e+00 -6.326037e-01
8.700130e+00 -8.568617e-01 -6.321201e-01
8.701130e+00 -9.119682e-01 -6.316425e-01
8.702130e+00 -8.335488e-01 -6.311709e-01
8.703130e+00 -8.309534e-01 -6.307052e-01
8.704130e+00 -9.684271e-01 -6.302456e-01
8.705129e+00 -1.023011e+00 -6.297920e-01
8.706129e+00 -1.130373e+00 -6.293443e-01
8.707129e+00 -1.190732e+00 -6.289026e-01
8.708129e+00 -1.132217e+00 -6.284669e-01
8.709129e+00 -1.032439e+00 -6.280372e-01
8.710129e+00 -9.464399e-01 -6.276135e-01
8.711129e+00 -9.148781e-01 -6.271957e-01
8.712129e+00 -8.648980e-01 -6.267839e-01
8.713129e+00 -8.572573e-01 -6.263780e-01
8.714129e+00 -8.926495e-01 -6.259781e-01
8.715128e+00 -1.016932e+00 -6.255841e-01
8.716128e+00 -1.103141e+00 -6.251961e-01
8.717128e+00 -1.111507e+00 -6.248140e-01
8.718128e+00 -9.901342e-01 -6.244378e-01
8.719128e+00 -9.950529e-01 -6.240675e-01
8.720128e+00 -9.364844e-01 -6.237031e-01
8.721128e+00 -9.163303e-01 -6.233446e-01
8.722128e+00 -9.386008e-01 -6.229920e-01
8.723128e+00 -8.657590e-01 -6.226452e-01
8.724128e+00 -8.849294e-01 -6.223043e-01
8.725127e+00 -1.025950e+00 -6.219692e-01
8.726127e+00 -1.018245e+00 -6.216400e-01
8.727127e+00 -1.099285e+00 -6.213166e-01
8.728127e+00 -1.064460e+00 -6.209989e-01
8.729127e+00 -1.058038e+00 -6.206871e-01
8.730127e+00 -9.846378e-01 -6.203810e-01
8.731127e+00 -8.700223e-01 -6.200807e-01
8.732127e+00 -8.934955e-01 -6.197862e-01
8.733127e+00 -9.821145e-01 -6.194973e-01
8.734127e+00 -9.940464e-01 -6.192142e-01
8.735126e+00 -9.635571e-01 -6.189367e-01
8.736126e+00 -1.062053e+00 -6.186649e-01
8.737126e+00 -1.035729e+00 -6.183988e-01
8.738126e+00 -1.061088e+00 -6.181383e-01
8.739126e+00 -1.129983e+00 -6.178834e-01
8.740126e+00 -1.046535e+00 -6.176342e-01
8.741126e+00 -9.079709e-01 -6.173905e-01
8.742126e+00 -8.382757e-01 -6.171523e-01
8.743126e+00 -8.810744e-01 -6.169197e-01
8.744126e+00 -9.914668e-01 -6.166926e-01
8.745125e+00 -1.058808e+00 -6.164710e-01
8.746125e+00 -1.036999e+00 -6.162549e-01
8.747125e+00 -1.086465e+00 -6.160443e-01
8.748125e+00 -1.084255e+00 -6.158390e-01
8.749125e+00 -1.091238e+00 -6.156392e-01
8.750125e+00 -9.293809e-01 -6.154447e-01
8.751125e+00 -9.807825e-01 -6.152556e-01
8.752125e+00 -9.435927e-01 -6.150718e-01
8.753125e+00 -9.187365e-01 -6.148934e-01
8.754125e+00 -9.866293e-01 -6.147202e-01
8.755124e+00 -9.687065e-01 -6.145523e-01
8.756124e+00 -1.046978e+00 -6.143896e-01
8.757124e+00 -1.051944e+00 -6.142322e-01
8.758124e+00 -1.021457e+00 -6.140799e-01
8.759124e+00 -1.001740e+00 -6.139327e-01
8.760124e+00 -9.721402e-01 -6.137907e-01
8.761124e+00 -9.782140e-01 -6.136538e-01
8.762124e+00 -8.747676e-01 -6.135220e-01
8.763124e+00 -8.688238e-01 -6.133952e-01
8.764124e+00 -9.358937e-01 -6.132735e-01
8.765123e+00 -1.030182e+00 -6.131567e-01
8.766123e+00 -1.088107e+00 -6.130449e-01
8.767123e+00 -1.089583e+00 -6.129381e-01
8.768123e+00 -1.053246e+00 -6.128361e-01
8.769123e+00 -1.037376e+00 -6.127391e-01
8.770123e+00 -9.851962e-01 -6.126468e-01
8.771123e+00 -9.918608e-01 -6.125594e-01
8.772123e+00 -8.718072e-01 -6.124768e-01
8.773123e+00 -8.800870e-01 -6.123990e-01
8.774123e+00 -9.062181e-01 -6.123258e-01
8.775122e+00 -9.701574e-01 -6.122574e-01
8.776122e+00 -1.110815e+00 -6.121937e-01
8.777122e+00 -1.086792e+00 -6.121346e-01
8.778122e+00 -1.152039e+00 -6.120800e-01
8.779122e+00 -9.502049e-01 -6.120301e-01
8.780122e+00 -9.766977e-01 -6.119847e-01
8.781122e+00 -9.191159e-01 -6.119439e-01
8.782122e+00 -8.724592e-01 -6.119075e-01
8.783122e+00 -9.253737e-01 -6.118755e-01
8.784122e+00 -9.799459e-01 -6.118480e-01
8.785121e+00 -1.001219e+00 -6.118249e-01
8.786121e+00 -1.056444e+00 -6.118061e-01
8.787121e+00 -9.560495e-01 -6.117917e-01
8.788121e+00 -1.017000e+00 -6.117815e-01
8.789121e+00 -1.027615e+00 -6.117756e-01
8.790121e+00 -1.041427e+00 -6.117739e-01
8.791121e+00 -9.093489e-01 -6.117765e-01
8.792121e+00 -8.583600e-01 -6.117831e-01
8.793121e+00 -9.243688e-01 -6.117940e-01
8.794121e+00 -9.155634e-01 -6.118089e-01
8.795120e+00 -9.048222e-01 -6.118278e-01
8.796120e+00 -1.090093e+00 -6.118508e-01
8.797120e+00 -1.017641e+00 -6.118778e-01
8.798120e+00 -1.100786e+00 -6.119088e-01
8.799120e+00 -9.801772e-01 -6.119437e-01
8.800120e+00 -9.433772e-01 -6.119825e-01
8.801120e+00 -8.959113e-01 -6.120251e-01
8.802120e+00 -8.412328e-01 -6.120716e-01
8.803120e+00 -8.305089e-01 -6.121219e-01
8.804120e+00 -8.227608e-01 -6.121760e-01
8.805119e+00 -8.520649e-01 -6.122338e-01
8.806119e+00 -1.064241e+00 -6.122953e-01
8.807119e+00 -1.070510e+00 -6.123604e-01
8.808119e+00 -1.045213e+00 -6.124292e-01
8.809119e+00 -9.963694e-01 -6.125016e-01
8.810119e+00 -8.636050e-01 -6.125776e-01
8.811119e+00 -7.775141e-01 -6.126571e-01
8.812119e+00 -8.021393e-01 -6.127401e-01
8.813119e+00 -8.124416e-01 -6.128265e-01
8.814119e+00 -8.184463e-01 -6.129165e-01
8.815118e+00 -9.292894e-01 -6.130098e-01
8.816118e+00 -9.639572e-01 -6.131065e-01
8.817118e+00 -9.585333e-01 -6.132065e-01
8.818118e+00 -9.552691e-01 -6.133098e-01
8.819118e+00 -9.044247e-01 -6.134164e-01
8.820118e+00 -8.883492e-01 -6.135263e-01
8.821118e+00 -8.932632e-01 -6.136394e-01
8.822118e+00 -7.619468e-01 -6.137556e-01
8.823118e+00 -7.877871e-01 -6.138750e-01
8.824118e+00 -8.037234e-01 -6.139975e-01
8.825117e+00 -8.279291e-01 -6.141232e-01
8.826117e+00 -9.431073e-01 -6.142518e-01
8.827117e+00 -9.838651e-01 -6.143835e-01
8.828117e+00 -9.242988e-01 -6.145182e-01
8.829117e+00 -8.919507e-01 -6.146558e-01
8.830117e+00 -9.122827e-01 -6.147964e-01
8.831117e+00 -7.727088e-01 -6.149399e-01
8.832117e+00 -7.175296e-01 -6.150862e-01
8.833117e+00 -7.787587e-01 -6.152354e-01
8.834117e+00 -9.452107e-01 -6.153874e-01
8.835116e+00 -8.972516e-01 -6.155422e-01
8.836116e+00 -9.410368e-01 -6.156997e-01
8.837116e+00 -1.000257e+00 -6.158600e-01
8.838116e+00 -1.027955e+00 -6.160229e-01
8.839116e+00 -9.085896e-01 -6.161886e-01
8.840116e+00 -9.458553e-01 -6.163568e-01
8.841116e+00 -7.927773e-01 -6.165277e-01
8.842116e+00 -6.665633e-01 -6.167012e-01
8.843116e+00 -7.752287e-01 -6.168772e-01
8.844116e+00 -8.107911e-01 -6.170557e-01
8.845115e+00 -7.533751e-01 -6.172368e-01
8.846115e+00 -8.624670e-01 -6.174203e-01
8.847115e+00 -9.521222e-01 -6.176063e-01
8.848115e+00 -8.852128e-01 -6.177947e-01
8.849115e+00 -9.247912e-01 -6.179855e-01
8.850115e+00 -7.422971e-01 -6.181786e-01
8.851115e+00 -6.846305e-01 -6.183741e-01
8.852115e+00 -6.390986e-01 -6.185720e-01
8.853115e+00 -7.709963e-01 -6.187721e-01
8.854115e+00 -7.305007e-01 -6.189745e-01
8.855114e+00 -8.158103e-01 -6.191792e-01
8.856114e+00 -8.235210e-01 -6.193861e-01
8.857114e+00 -7.917998e-01 -6.195951e-01
8.858114e+00 -8.523568e-01 -6.198064e-01
8.859114e+00 -7.495259e-01 -6.200198e-01
8.860114e+00 -7.834868e-01 -6.202354e-01
8.861114e+00 -7.221710e-01 -6.204531e-01
8.862114e+00 -6.462239e-01 -6.206729e-01
8.863114e+00 -6.678874e-01 -6.208947e-01
8.864114e+00 -6.394907e-01 -6.211186e-01
8.865113e+00 -7.312935e-01 -6.213446e-01
8.866113e+00 -8.259131e-01 -6.215725e-01
8.867113e+00 -7.623920e-01 -6.218024e-01
8.868113e+00 -9.165600e-01 -6.220344e-01
8.869113e+00 -8.665029e-01 -6.222683e-01
8.870113e+00 -7.451754e-01 -6.225041e-01
8.871113e+00 -6.597946e-01 -6.227418e-01
8.872113e+00 -5.844896e-01 -6.229815e-01
8.873113e+00 -6.719908e-01 -6.232230e-01
8.874113e+00 -6.824745e-01 -6.234664e-01
8.875112e+00 -6.539397e-01 -6.237117e-01
8.876112e+00 -8.105254e-01 -6.239588e-01
8.877112e+00 -7.474314e-01 -6.242077e-01
8.878112e+00 -7.872313e-01 -6.244585e-01
8.879112e+00 -7.582644e-01 -6.247110e-01
8.880112e+00 -6.971036e-01 -6.249654e-01
8.881112e+00 -6.394239e-01 -6.252215e-01
8.882112e+00 -5.151398e-01 -6.254794e-01
8.883112e+00 -5.204414e-01 -6.257390e-01
8.884112e+00 -6.104047e-01 -6.260004e-01
8.885111e+00 -6.076142e-01 -6.262634e-01
8.886111e+00 -6.677441e-01 -6.265283e-01
8.887111e+00 -8.128703e-01 -6.267948e-01
8.888111e+00 -7.468449e-01 -6.270630e-01
8.889111e+00 -6.493710e-01 -6.273329e-01
8.890111e+00 -6.145363e-01 -6.276045e-01
8.891111e+00 -5.969620e-01 -6.278777e-01
8.892111e+00 -5.278593e-01 -6.281526e-01
8.893111e+00 -5.786975e-01 -6.284292e-01
8.894111e+00 -5.566656e-01 -6.287074e-01
8.895110e+00 -6.126490e-01 -6.289873e-01
8.896110e+00 -7.347730e-01 -6.292688e-01
8.897110e+00 -6.868450e-01 -6.295519e-01
8.898110e+00 -6.936317e-01 -6.298367e-01
8.899110e+00 -6.450865e-01 -6.301231e-01
8.900110e+00 -5.473810e-01 -6.304112e-01
8.901110e+00 -5.055801e-01 -6.307008e-01
8.902110e+00 -4.836587e-01 -6.309921e-01
8.903110e+00 -5.196336e-01 -6.312850e-01
8.904110e+00 -5.048242e-01 -6.315795e-01
8.905109e+00 -5.352938e-01 -6.318756e-01
8.906109e+00 -6.196888e-01 -6.321733e-01
8.907109e+00 -6.486549e-01 -6.324727e-01
8.908109e+00 -5.791172e-01 -6.327736e-01
8.909109e+00 -5.940394e-01 -6.330762e-01
8.910109e+00 -4.697715e-01 -6.333804e-01
8.911109e+00 -4.872803e-01 -6.336862e-01
8.912109e+00 -3.908560e-01 -6.339937e-01
8.913109e+00 -3.532688e-01 -6.343028e-01
8.914109e+00 -5.338448e-01 -6.346135e-01
8.915108e+00 -5.345097e-01 -6.349258e-01
8.916108e+00 -6.031223e-01 -6.352398e-01
8.917108e+00 -5.729289e-01 -6.355554e-01
8.918108e+00 -6.311846e-01 -6.358727e-01
8.919108e+00 -5.786550e-01 -6.361916e-01
8.920108e+00 -4.776381e-01 -6.365122e-01
8.921108e+00 -5.138935e-01 -6.368345e-01
8.922108e+00 -4.262838e-01 -6.371585e-01
8.923108e+00 -3.508200e-01 -6.374841e-01
8.924108e+00 -4.964275e-01 -6.378114e-01
8.925107e+00 -4.973296e-01 -6.381405e-01
8.926107e+00 -5.099909e-01 -6.384712e-01
8.927107e+00 -4.884222e-01 -6.388037e-01
8.928107e+00 -5.785119e-01 -6.391379e-01
8.929107e+00 -5.157477e-01 -6.394739e-01
8.930107e+00 -4.091360e-01 -6.398116e-01
8.931107e+00 -3.270522e-01 -6.401510e-01
8.932107e+00 -2.643141e-01 -6.404923e-01
8.933107e+00 -3.655801e-01 -6.408353e-01
8.934107e+00 -3.576841e-01 -6.411802e-01
8.935106e+00 -2.992261e-01 -6.415268e-01
8.936106e+00 -4.317052e-01 -6.418753e-01
8.937106e+00 -4.763323e-01 -6.422257e-01
8.938106e+00 -4.322406e-01 -6.425778e-01
8.939106e+00 -4.547507e-01 -6.429319e-01
8.940106e+00 -4.089907e-01 -6.432878e-01
8.941106e+00 -2.625334e-01 -6.436457e-01
8.942106e+00 -2.362126e-01 -6.440054e-01
8.943106e+00 -3.141208e-01 -6.443671e-01
8.944106e+00 -3.195952e-01 -6.447307e-01
8.945105e+00 -3.303140e-01 -6.450963e-01
8.946105e+00 -4.708428e-01 -6.454638e-01
8.947105e+00 -4.204940e-01 -6.458334e-01
8.948105e+00 -4.513447e-01 -6.462049e-01
8.949105e+00 -3.329086e-01 -6.465785e-01
8.950105e+00 -2.020325e-01 -6.469541e-01
8.951105e+00 -2.865871e-01 -6.473317e-01
8.952105e+00 -2.107261e-01 -6.477115e-01
8.953105e+00 -1.900333e-01 -6.480933e-01
8.954105e+00 -2.397478e-01 -6.484772e-01
8.955104e+00 -1.668932e-01 -6.488632e-01
8.956104e+00 -3.649352e-01 -6.492513e-01
8.957104e+00 -2.903869e-01 -6.496416e-01
8.958104e+00 -3.325217e-01 -6.500341e-01
8.959104e+00 -2.881613e-01 -6.504287e-01
8.960104e+00 -1.765131e-01 -6.508256e-01
8.961104e+00 -9.554950e-02 -6.512246e-01
8.962104e+00 -1.140759e-01 -6.516259e-01
8.963104e+00 -8.398424e-03 -6.520294e-01
8.964104e+00 -1.664785e-01 -6.524352e-01
8.965103e+00 -2.397435e-01 -6.528432e-01
8.966103e+00 -2.886297e-01 -6.532535e-01
8.967103e+00 -3.343909e-01 -6.536661e-01
8.968103e+00 -3.600211e-01 -6.540810e-01
8.969103e+00 -2.310940e-01 -6.544983e-01
8.970103e+00 -1.538569e-01 -6.549179e-01
8.971103e+00 -3.863288e-02 -6.553398e-01
8.972103e+00 -1.174421e-01 -6.557641e-01
8.973103e+00 -4.044017e-03 -6.561907e-01
8.974103e+00 -1.355740e-01 -6.566198e-01
8.975102e+00 -2.390843e-01 -6.570512e-01
8.976102e+00 -1.565922e-01 -6.574850e-01
8.977102e+00 -2.216660e-01 -6.579213e-01
8.978102e+00 -2.992635e-01 -6.583599e-01
8.979102e+00 -1.013812e-01 -6.588010e-01
8.980102e+00 -1.527586e-01 -6.592444e-01
8.981102e+00 -1.616093e-02 -6.596904e-01
8.982102e+00 -1.946290e-02 -6.601387e-01
8.983102e+00 -4.794353e-02 -6.605895e-01
8.984102e+00 -4.338845e-02 -6.610427e-01
8.985101e+00 1.100647e-03 -6.614984e-01
8.986101e+00 -2.642915e-01 -6.619565e-01
8.987101e+00 -1.330695e-01 -6.624171e-01
8.988101e+00 -1.476264e-01 -6.628801e-01
8.989101e+00 -1.022031e-01 -6.633455e-01
8.990101e+00 -5.051202e-02 -6.638133e-01
8.991101e+00 1.086638e-02 -6.642836e-01
8.992101e+00 7.735502e-03 -6.647563e-01
8.993101e+00 9.330009e-02 -6.652314e-01
8.994101e+00 3.206800e-02 -6.657089e-01
8.995100e+00 -2.242464e-02 -6.661888e-01
8.996100e+00 -4.969123e-02 -6.666711e-01
8.997100e+00 -1.341959e-01 -6.671557e-01
8.998100e+00 -7.074405e-02 -6.676426e-01
8.999100e+00 -1.026523e-01 -6.681319e-01
9.000100e+00 3.521358e-02 -6.686235e-01
9.001100e+00 2.788773e-02 -6.691174e-01
9.002100e+00 -2.284494e-02 -6.696135e-01
9.003100e+00 1.335111e-01 -6.701119e-01
9.004100e+00 1.458100e-01 -6.706124e-01
9.005099e+00 6.126649e-02 -6.711152e-01
9.006099e+00 -3.334461e-03 -6.716201e-01
9.007099e+00 -5.807402e-02 -6.721271e-01
9.008099e+00 6.336075e-02 -6.726362e-01
9.009099e+00 5.243267e-02 -6.731473e-01
9.010099e+00 -6.495803e-03 -6.736604e-01
9.011099e+00 2.162017e-01 -6.741755e-01
9.012099e+00 2.442545e-01 -6.746925e-01
9.013099e+00 1.133653e-01 -6.752114e-01
9.014099e+00 1.642995e-01 -6.757321e-01
9.015098e+00 1.162090e-01 -6.762545e-01
9.016098e+00 8.584175e-02 -6.767787e-01
9.017098e+00 -1.266336e-02 -6.773045e-01
9.018098e+00 -1.507287e-03 -6.778319e-01
9.019098e+00 9.946174e-02 -6.783609e-01
9.020098e+00 -1.152356e-02 -6.788914e-01
9.021098e+00 1.858544e-01 -6.794232e-01
9.022098e+00 3.329117e-01 -6.799564e-01
9.023098e+00 2.329613e-01 -6.804909e-01
9.024098e+00 1.994887e-01 -6.810265e-01
9.025097e+00 1.926054e-01 -6.815633e-01
9.026097e+00 1.508575e-01 -6.821010e-01
9.027097e+00 6.746922e-02 -6.826398e-01
9.028097e+00 5.285951e-02 -6.831794e-01
9.029097e+00 1.099347e-01 -6.837197e-01
9.030097e+00 2.003412e-01 -6.842608e-01
9.031097e+00 2.994348e-01 -6.848024e-01
9.032097e+00 2.682963e-01 -6.853445e-01
9.033097e+00 3.546356e-01 -6.858870e-01
9.034097e+00 2.879065e-01 -6.864297e-01
9.035096e+00 1.375016e-01 -6.869726e-01
9.036096e+00 2.517132e-01 -6.875156e-01
9.037096e+00 1.255301e-01 -6.880585e-01
9.038096e+00 1.644084e-01 -6.886013e-01
9.039096e+00 1.885379e-01 -6.891437e-01
9.040096e+00 1.640172e-01 -6.896857e-01
9.041096e+00 2.529995e-01 -6.902271e-01
9.042096e+00 4.434221e-01 -6.907679e-01
9.043096e+00 4.451751e-01 -6.913078e-01
9.044096e+00 2.942456e-01 -6.918468e-01
9.045095e+00 2.387115e-01 -6.923846e-01
9.046095e+00 2.278297e-01 -6.929212e-01
9.047095e+00 2.369326e-01 -6.934564e-01
9.048095e+00 1.454561e-01 -6.939901e-01
9.049095e+00 3.358588e-01 -6.945220e-01
9.050095e+00 3.402900e-01 -6.950521e-01
9.051095e+00 3.956532e-01 -6.955801e-01
9.052095e+00 4.200906e-01 -6.961060e-01
9.053095e+00 3.656773e-01 -6.966295e-01
9.054095e+00 3.386139e-01 -6.971504e-01
9.055094e+00 4.162217e-01 -6.976686e-01
9.056094e+00 2.481746e-01 -6.981839e-01
9.057094e+00 2.742793e-01 -6.986962e-01
9.058094e+00 2.867844e-01 -6.992051e-01
9.059094e+00 2.267237e-01 -6.997106e-01
9.060094e+00 3.619686e-01 -7.002125e-01
9.061094e+00 4.854809e-01 -7.007105e-01
9.062094e+00 4.389471e-01 -7.012045e-01
9.063094e+00 4.636652e-01 -7.016941e-01
9.064094e+00 4.231408e-01 -7.021794e-01
9.065093e+00 2.929574e-01 -7.026599e-01
9.066093e+00 4.271604e-01 -7.031356e-01
9.067093e+00 3.618534e-01 -7.036062e-01
9.068093e+00 3.106128e-01 -7.040714e-01
9.069093e+00 3.894640e-01 -7.045311e-01
9.070093e+00 3.446703e-01 -7.049851e-01
9.071093e+00 4.677416e-01 -7.054330e-01
9.072093e+00 5.332518e-01 -7.058747e-01
9.073093e+00 5.488216e-01 -7.063099e-01
9.074093e+00 4.116793e-01 -7.067384e-01
9.075092e+00 3.540659e-01 -7.071600e-01
9.076092e+00 3.285275e-01 -7.075743e-01
9.077092e+00 2.625065e-01 -7.079813e-01
9.078092e+00 3.061154e-01 -7.083805e-01
9.079092e+00 4.282729e-01 -7.087718e-01
9.080092e+00 5.179062e-01 -7.091549e-01
9.081092e+00 5.230807e-01 -7.095296e-01
9.082092e+00 5.510760e-01 -7.098955e-01
9.083092e+00 5.531419e-01 -7.102525e-01
9.084092e+00 5.020834e-01 -7.106002e-01
9.085091e+00 4.408343e-01 -7.109384e-01
9.086091e+00 4.934983e-01 -7.112668e-01
9.087091e+00 4.302411e-01 -7.115852e-01
9.088091e+00 4.375742e-01 -7.118933e-01
9.089091e+00 4.974323e-01 -7.121908e-01
9.090091e+00 4.389599e-01 -7.124774e-01
9.091091e+00 6.771246e-01 -7.127529e-01
9.092091e+00 6.752718e-01 -7.130169e-01
9.093091e+00 5.774036e-01 -7.132693e-01
9.094091e+00 6.879671e-01 -7.135096e-01
9.095090e+00 5.683020e-01 -7.137377e-01
9.096090e+00 5.110239e-01 -7.139532e-01
9.097090e+00 4.672599e-01 -7.141558e-01
9.098090e+00 4.583647e-01 -7.143453e-01
9.099090e+00 4.818421e-01 -7.145214e-01
9.100090e+00 6.168161e-01 -7.146838e-01
9.101090e+00 7.213815e-01 -7.148321e-01
9.102090e+00 6.766939e-01 -7.149662e-01
9.103090e+00 6.922295e-01 -7.150856e-01
9.104090e+00 7.101162e-01 -7.151902e-01
9.105089e+00 6.362758e-01 -7.152795e-01
9.106089e+00 5.605840e-01 -7.153534e-01
9.107089e+00 5.448746e-01 -7.154115e-01
9.108089e+00 5.076051e-01 -7.154535e-01
9.109089e+00 5.642422e-01 -7.154792e-01
9.110089e+00 6.662376e-01 -7.154882e-01
9.111089e+00 7.574598e-01 -7.154802e-01
9.112089e+00 7.368990e-01 -7.154550e-01
9.113089e+00 7.505267e-01 -7.154122e-01
9.114089e+00 7.715846e-01 -7.153516e-01
9.115088e+00 6.872311e-01 -7.152728e-01
9.116088e+00 6.289676e-01 -7.151756e-01
9.117088e+00 6.255203e-01 -7.150597e-01
9.118088e+00 6.000133e-01 -7.149247e-01
9.119088e+00 5.771757e-01 -7.147704e-01
9.120088e+00 5.857266e-01 -7.145965e-01
9.121088e+00 7.358528e-01 -7.144026e-01
9.122088e+00 8.156908e-01 -7.141886e-01
9.123088e+00 7.846210e-01 -7.139541e-01
9.124088e+00 7.843989e-01 -7.136989e-01
9.125087e+00 7.687348e-01 -7.134225e-01
9.126087e+00 6.553440e-01 -7.131249e-01
9.127087e+00 6.565485e-01 -7.128056e-01
9.128087e+00 7.196115e-01 -7.124644e-01
9.129087e+00 5.700778e-01 -7.121010e-01
9.130087e+00 6.811668e-01 -7.117151e-01
9.131087e+00 8.176587e-01 -7.113065e-01
9.132087e+00 7.808091e-01 -7.108748e-01
9.133087e+00 8.116296e-01 -7.104199e-01
9.134087e+00 7.859662e-01 -7.099414e-01
9.135086e+00 6.594345e-01 -7.094390e-01
9.136086e+00 6.179856e-01 -7.089126e-01
9.137086e+00 6.618817e-01 -7.083618e-01
9.138086e+00 6.247673e-01 -7.077863e-01
9.139086e+00 7.652978e-01 -7.071860e-01
9.140086e+00 7.240625e-01 -7.065605e-01
9.141086e+00 7.757158e-01 -7.059096e-01
9.142086e+00 8.096808e-01 -7.052330e-01
9.143086e+00 9.795990e-01 -7.045305e-01
9.144086e+00 7.684325e-01 -7.038019e-01
9.145085e+00 7.663755e-01 -7.030469e-01
9.146085e+00 7.572732e-01 -7.022652e-01
9.147085e+00 7.202388e-01 -7.014567e-01
9.148085e+00 6.326538e-01 -7.006210e-01
9.149085e+00 7.157406e-01 -6.997580e-01
9.150085e+00 7.835364e-01 -6.988674e-01
9.151085e+00 9.440754e-01 -6.979490e-01
9.152085e+00 8.954026e-01 -6.970026e-01
9.153085e+00 9.553444e-01 -6.960279e-01
9.154085e+00 7.786445e-01 -6.950247e-01
9.155084e+00 7.687452e-01 -6.939929e-01
9.156084e+00 7.522379e-01 -6.929322e-01
9.157084e+00 7.743632e-01 -6.918423e-01
9.158084e+00 7.889550e-01 -6.907232e-01
9.159084e+00 7.133849e-01 -6.895746e-01
9.160084e+00 8.551236e-01 -6.883963e-01
9.161084e+00 9.765385e-01 -6.871881e-01
9.162084e+00 9.402803e-01 -6.859498e-01
9.163084e+00 9.467914e-01 -6.846812e-01
9.164084e+00 8.712277e-01 -6.833822e-01
9.165083e+00 8.452658e-01 -6.820526e-01
9.166083e+00 8.757968e-01 -6.806922e-01
9.167083e+00 7.967513e-01 -6.793008e-01
9.168083e+00 7.383321e-01 -6.778783e-01
9.169083e+00 8.465809e-01 -6.764244e-01
9.170083e+00 9.741646e-01 -6.749391e-01
9.171083e+00 9.084472e-01 -6.734223e-01
9.172083e+00 9.588978e-01 -6.718736e-01
9.173083e+00 9.797259e-01 -6.702930e-01
9.174083e+00 9.689755e-01 -6.686804e-01
9.175082e+00 8.950122e-01 -6.670356e-01
9.176082e+00 7.696986e-01 -6.653585e-01
9.177082e+00 8.226933e-01 -6.636489e-01
9.178082e+00 7.877002e-01 -6.619067e-01
9.179082e+00 8.912390e-01 -6.601318e-01
9.180082e+00 9.052551e-01 -6.583240e-01
9.181082e+00 9.990205e-01 -6.564834e-01
9.182082e+00 9.592441e-01 -6.546096e-01
9.183082e+00 9.068603e-01 -6.527027e-01
9.184082e+00 1.033885e+00 -6.507626e-01
9.185081e+00 9.061428e-01 -6.487891e-01
9.186081e+00 7.897617e-01 -6.467821e-01
9.187081e+00 8.048142e-01 -6.447415e-01
9.188081e+00 9.258562e-01 -6.426674e-01
9.189081e+00 8.379308e-01 -6.405595e-01
9.190081e+00 8.132099e-01 -6.384178e-01
9.191081e+00 9.616922e-01 -6.362422e-01
9.192081e+00 1.058110e+00 -6.340327e-01
9.193081e+00 1.014740e+00 -6.317891e-01
9.194081e+00 1.008954e+00 -6.295115e-01
9.195080e+00 9.540957e-01 -6.271998e-01
9.196080e+00 9.418198e-01 -6.248539e-01
9.197080e+00 7.686077e-01 -6.224737e-01
9.198080e+00 8.616073e-01 -6.200593e-01
9.199080e+00 7.549032e-01 -6.176105e-01
9.200080e+00 9.426261e-01 -6.151274e-01
9.201080e+00 1.026285e+00 -6.126099e-01
9.202080e+00 1.084711e+00 -6.100579e-01
9.203080e+00 1.103896e+00 -6.074715e-01
9.204080e+00 1.082761e+00 -6.048506e-01
9.205079e+00 9.258633e-01 -6.021952e-01
9.206079e+00 8.850033e-01 -5.995054e-01
9.207079e+00 8.196120e-01 -5.967810e-01
9.208079e+00 8.541199e-01 -5.940220e-01
9.209079e+00 9.730148e-01 -5.912286e-01
9.210079e+00 9.736392e-01 -5.884006e-01
9.211079e+00 9.945900e-01 -5.855381e-01
9.212079e+00 1.099737e+00 -5.826411e-01
9.213079e+00 1.079751e+00 -5.797096e-01
9.214079e+00 1.025954e+00 -5.767436e-01
9.215078e+00 9.547309e-01 -5.737431e-01
9.216078e+00 9.067773e-01 -5.707082e-01
9.217078e+00 9.250532e-01 -5.676389e-01
9.218078e+00 9.628676e-01 -5.645352e-01
9.219078e+00 9.414145e-01 -5.613972e-01
9.220078e+00 1.013410e+00 -5.582249e-01
9.221078e+00 9.880455e-01 -5.550183e-01
9.222078e+00 1.054434e+00 -5.517775e-01
9.223078e+00 1.198984e+00 -5.485025e-01
9.224078e+00 1.055415e+00 -5.451935e-01
9.225077e+00 9.736742e-01 -5.418503e-01
9.226077e+00 8.945059e-01 -5.384732e-01
9.227077e+00 9.014897e-01 -5.350622e-01
9.228077e+00 8.805107e-01 -5.316173e-01
9.229077e+00 9.083785e-01 -5.281386e-01
9.230077e+00 9.059227e-01 -5.246262e-01
9.231077e+00 1.037858e+00 -5.210801e-01
9.232077e+00 1.068879e+00 -5.175005e-01
9.233077e+00 1.042653e+00 -5.138875e-01
9.234077e+00 1.037085e+00 -5.102410e-01
9.235076e+00 9.901427e-01 -5.065613e-01
9.236076e+00 9.690418e-01 -5.028484e-01
9.237076e+00 8.935312e-01 -4.991023e-01
9.238076e+00 8.885980e-01 -4.953233e-01
9.239076e+00 9.258659e-01 -4.915114e-01
9.240076e+00 9.916943e-01 -4.876667e-01
9.241076e+00 1.022083e+00 -4.837893e-01
9.242076e+00 1.130755e+00 -4.798793e-01
9.243076e+00 1.078297e+00 -4.759370e-01
9.244076e+00 1.089615e+00 -4.719622e-01
9.245075e+00 1.031271e+00 -4.679553e-01
9.246075e+00 9.658125e-01 -4.639163e-01
9.247075e+00 8.725148e-01 -4.598454e-01
9.248075e+00 9.453726e-01 -4.557426e-01
9.249075e+00 9.391412e-01 -4.516081e-01
9.250075e+00 9.832308e-01 -4.474421e-01
9.251075e+00 1.017728e+00 -4.432447e-01
9.252075e+00 1.141015e+00 -4.390160e-01
9.253075e+00 1.050133e+00 -4.347562e-01
9.254075e+00 1.091081e+00 -4.304655e-01
9.255074e+00 1.017793e+00 -4.261439e-01
9.256074e+00 8.994498e-01 -4.217916e-01
9.257074e+00 9.655141e-01 -4.174088e-01
9.258074e+00 9.891125e-01 -4.129956e-01
9.259074e+00 9.847083e-01 -4.085523e-01
9.260074e+00 1.115594e+00 -4.040789e-01
9.261074e+00 1.067779e+00 -3.995756e-01
9.262074e+00 1.129218e+00 -3.950426e-01
9.263074e+00 1.084202e+00 -3.904801e-01
9.264074e+00 1.128990e+00 -3.858883e-01
9.265073e+00 8.687457e-01 -3.812672e-01
9.266073e+00 9.525985e-01 -3.766171e-01
9.267073e+00 9.289702e-01 -3.719382e-01
9.268073e+00 8.643855e-01 -3.672307e-01
9.269073e+00 9.630645e-01 -3.624946e-01
9.270073e+00 1.053792e+00 -3.577303e-01
9.271073e+00 1.111269e+00 -3.529379e-01
9.272073e+00 1.020586e+00 -3.481175e-01
9.273073e+00 1.140289e+00 -3.432695e-01
9.274073e+00 1.028608e+00 -3.383939e-01
9.275072e+00 1.004509e+00 -3.334909e-01
9.276072e+00 8.531979e-01 -3.285609e-01
9.277072e+00 7.627148e-01 -3.236038e-01
9.278072e+00 8.826695e-01 -3.186201e-01
9.279072e+00 9.350870e-01 -3.136098e-01
9.280072e+00 9.248591e-01 -3.085731e-01
9.281072e+00 9.976229e-01 -3.035104e-01
9.282072e+00 1.052831e+00 -2.984217e-01
9.283072e+00 1.094713e+00 -2.933072e-01
9.284072e+00 1.088536e+00 -2.881673e-01
9.285071e+00 1.041557e+00 -2.830020e-01
9.286071e+00 9.806685e-01 -2.778117e-01
9.287071e+00 8.288226e-01 -2.725965e-01
9.288071e+00 9.701186e-01 -2.673566e-01
9.289071e+00 9.633359e-01 -2.620923e-01
9.290071e+00 9.929189e-01 -2.568037e-01
9.291071e+00 1.023122e+00 -2.514911e-01
9.292071e+00 1.052722e+00 -2.461548e-01
9.293071e+00 1.131144e+00 -2.407948e-01
9.294071e+00 9.426755e-01 -2.354115e-01
9.295070e+00 8.601153e-01 -2.300051e-01
9.296070e+00 8.834937e-01 -2.245758e-01
9.297070e+00 8.035162e-01 -2.191238e-01
9.298070e+00 8.997003e-01 -2.136493e-01
9.299070e+00 7.992044e-01 -2.081526e-01
9.300070e+00 9.554305e-01 -2.026339e-01
9.301070e+00 1.044082e+00 -1.970934e-01
9.302070e+00 9.424123e-01 -1.915314e-01
9.303070e+00 1.054704e+00 -1.859481e-01
9.304070e+00 1.003763e+00 -1.803437e-01
9.305069e+00 9.251110e-01 -1.747184e-01
9.306069e+00 9.197111e-01 -1.690725e-01
9.307069e+00 8.883784e-01 -1.634062e-01
9.308069e+00 9.251509e-01 -1.577198e-01
9.309069e+00 8.916053e-01 -1.520134e-01
9.310069e+00 9.358197e-01 -1.462874e-01
9.311069e+00 1.063607e+00 -1.405418e-01
9.312069e+00 1.044438e+00 -1.347771e-01
9.313069e+00 1.091049e+00 -1.289934e-01
9.314069e+00 9.406731e-01 -1.231909e-01
9.315068e+00 9.717236e-01 -1.173700e-01
9.316068e+00 8.249176e-01 -1.115307e-01
9.317068e+00 7.628124e-01 -1.056734e-01
9.318068e+00 8.306064e-01 -9.979836e-02
9.319068e+00 9.154226e-01 -9.390571e-02
9.320068e+00 8.755808e-01 -8.799574e-02
9.321068e+00 9.590905e-01 -8.206868e-02
9.322068e+00 9.644218e-01 -7.612477e-02
9.323068e+00 1.053076e+00 -7.016425e-02
9.324068e+00 9.749045e-01 -6.418736e-02
9.325067e+00 9.204368e-01 -5.819433e-02
9.326067e+00 8.964463e-01 -5.218541e-02
9.327067e+00 7.070806e-01 -4.616084e-02
9.328067e+00 7.482254e-01 -4.012085e-02
9.329067e+00 8.381452e-01 -3.406567e-02
9.330067e+00 8.700271e-01 -2.799556e-02
9.331067e+00 1.002017e+00 -2.191075e-02
9.332067e+00 9.192951e-01 -1.581148e-02
9.333067e+00 9.510646e-01 -9.697983e-03
9.334067e+00 9.678408e-01 -3.570502e-03
9.335066e+00 7.325879e-01 2.570725e-03
9.336066e+00 7.768276e-01 8.725460e-03
9.337066e+00 8.017100e-01 1.489346e-02
9.338066e+00 7.205970e-01 2.107450e-02
9.339066e+00 8.074789e-01 2.726833e-02
9.340066e+00 9.176615e-01 3.347471e-02
9.341066e+00 7.935520e-01 3.969341e-02
9.342066e+00 9.695226e-01 4.592419e-02
9.343066e+00 9.819083e-01 5.216681e-02
9.344066e+00 9.100045e-01 5.842104e-02
9.345065e+00 7.915566e-01 6.468664e-02
9.346065e+00 7.492540e-01 7.096336e-02
9.347065e+00 7.120152e-01 7.725099e-02
9.348065e+00 7.302584e-01 8.354927e-02
9.349065e+00 7.859260e-01 8.985797e-02
9.350065e+00 8.002859e-01 9.617687e-02
9.351065e+00 8.809377e-01 1.025057e-01
9.352065e+00 8.809883e-01 1.088443e-01
9.353065e+00 8.142315e-01 1.151923e-01
9.354065e+00 8.203766e-01 1.215496e-01
9.355064e+00 8.225057e-01 1.279159e-01
9.356064e+00 6.932099e-01 1.342910e-01
9.357064e+00 6.644295e-01 1.406746e-01
9.358064e+00 6.654184e-01 1.470665e-01
9.359064e+00 8.001408e-01 1.534665e-01
9.360064e+00 7.289746e-01 1.598744e-01
9.361064e+00 8.240501e-01 1.662899e-01
9.362064e+00 7.218811e-01 1.727127e-01
9.363064e+00 8.206694e-01 1.791427e-01
9.364064e+00 7.707050e-01 1.855796e-01
9.365063e+00 8.259039e-01 1.920231e-01
9.366063e+00 7.851788e-01 1.984732e-01
9.367063e+00 6.342246e-01 2.049294e-01
9.368063e+00 6.233492e-01 2.113916e-01
9.369063e+00 6.588112e-01 2.178596e-01
9.370063e+00 7.587668e-01 2.243331e-01
9.371063e+00 7.476867e-01 2.308118e-01
9.372063e+00 8.027152e-01 2.372957e-01
9.373063e+00 7.516500e-01 2.437843e-01
9.374063e+00 7.317871e-01 2.502776e-01
9.375062e+00 7.097101e-01 2.567752e-01
9.376062e+00 5.969317e-01 2.632769e-01
9.377062e+00 6.359661e-01 2.697826e-01
9.378062e+00 6.169026e-01 2.762919e-01
9.379062e+00 6.608675e-01 2.828046e-01
9.380062e+00 8.187204e-01 2.893205e-01
9.381062e+00 7.422449e-01 2.958394e-01
9.382062e+00 7.725806e-01 3.023611e-01
9.383062e+00 7.334104e-01 3.088853e-01
9.384062e+00 7.964278e-01 3.154117e-01
9.385061e+00 6.514071e-01 3.219401e-01
9.386061e+00 5.603043e-01 3.284704e-01
9.387061e+00 5.651010e-01 3.350023e-01
9.388061e+00 4.627471e-01 3.415354e-01
9.389061e+00 6.027334e-01 3.480697e-01
9.390061e+00 6.265969e-01 3.546049e-01
9.391061e+00 6.194917e-01 3.611407e-01
9.392061e+00 6.775012e-01 3.676768e-01
9.393061e+00 6.610120e-01 3.742132e-01
9.394061e+00 6.559182e-01 3.807494e-01
9.395060e+00 5.449522e-01 3.872853e-01
9.396060e+00 5.690781e-01 3.938207e-01
9.397060e+00 4.971621e-01 4.003553e-01
9.398060e+00 4.779357e-01 4.068888e-01
9.399060e+00 4.906224e-01 4.134210e-01
9.400060e+00 6.170415e-01 4.199517e-01
9.401060e+00 7.523190e-01 4.264807e-01
9.402060e+00 7.601332e-01 4.330076e-01
9.403060e+00 6.763557e-01 4.395322e-01
9.404060e+00 6.387809e-01 4.460544e-01
9.405059e+00 6.401274e-01 4.525737e-01
9.406059e+00 5.201510e-01 4.590901e-01
9.407059e+00 3.751056e-01 4.656032e-01
9.408059e+00 3.866632e-01 4.721127e-01
9.409059e+00 5.601837e-01 4.786185e-01
9.410059e+00 5.506036e-01 4.851202e-01
9.411059e+00 6.463547e-01 4.916177e-01
9.412059e+00 5.826114e-01 4.981105e-01
9.413059e+00 6.001255e-01 5.045986e-01
9.414059e+00 5.159514e-01 5.110816e-01
9.415058e+00 5.753516e-01 5.175592e-01
9.416058e+00 3.509691e-01 5.240311e-01
9.417058e+00 4.538187e-01 5.304972e-01
9.418058e+00 3.868776e-01 5.369571e-01
9.419058e+00 4.719856e-01 5.434105e-01
9.420058e+00 3.653585e-01 5.498572e-01
9.421058e+00 4.866061e-01 5.562969e-01
9.422058e+00 5.277058e-01 5.627293e-01
9.423058e+00 5.965477e-01 5.691541e-01
9.424058e+00 4.897350e-01 5.755710e-01
9.425057e+00 4.349966e-01 5.819797e-01
9.426057e+00 3.327319e-01 5.883799e-01
9.427057e+00 3.176718e-01 5.947714e-01
9.428057e+00 2.945915e-01 6.011537e-01
9.429057e+00 4.278608e-01 6.075267e-01
9.430057e+00 4.447977e-01 6.138900e-01
9.431057e+00 4.924625e-01 6.202432e-01
9.432057e+00 5.284727e-01 6.265861e-01
9.433057e+00 4.847846e-01 6.329183e-01
9.434057e+00 5.118275e-01 6.392396e-01
9.435056e+00 4.986558e-01 6.455495e-01
9.436056e+00 3.646813e-01 6.518477e-01
9.437056e+00 4.222602e-01 6.581339e-01
9.438056e+00 2.672144e-01 6.644078e-01
9.439056e+00 3.220423e-01 6.706689e-01
9.440056e+00 4.241553e-01 6.769170e-01
9.441056e+00 4.930972e-01 6.831517e-01
9.442056e+00 5.602694e-01 6.893726e-01
9.443056e+00 4.306999e-01 6.955793e-01
9.444056e+00 4.360452e-01 7.017714e-01
9.445055e+00 3.720040e-01 7.079487e-01
9.446055e+00 2.901676e-01 7.141106e-01
9.447055e+00 2.015460e-01 7.202569e-01
9.448055e+00 1.834549e-01 7.263870e-01
9.449055e+00 3.299621e-01 7.325006e-01
9.450055e+00 3.453495e-01 7.385973e-01
9.451055e+00 3.118660e-01 7.446767e-01
9.452055e+00 3.389439e-01 7.507383e-01
9.453055e+00 3.135932e-01 7.567817e-01
9.454055e+00 3.533760e-01 7.628064e-01
9.455054e+00 1.961695e-01 7.688121e-01
9.456054e+00 2.438062e-01 7.747982e-01
9.457054e+00 1.394660e-01 7.807643e-01
9.458054e+00 2.348812e-01 7.867100e-01
9.459054e+00 2.405273e-01 7.926347e-01
9.460054e+00 1.905401e-01 7.985380e-01
9.461054e+00 3.376737e-01 8.044194e-01
9.462054e+00 3.984655e-01 8.102784e-01
9.463054e+00 3.131509e-01 8.161144e-01
9.464054e+00 2.653897e-01 8.219270e-01
9.465053e+00 2.967881e-01 8.277157e-01
9.466053e+00 2.005618e-01 8.334799e-01
9.467053e+00 5.838598e-02 8.392190e-01
9.468053e+00 1.309367e-01 8.449326e-01
9.469053e+00 1.063417e-01 8.506200e-01
9.470053e+00 1.995113e-01 8.562807e-01
9.471053e+00 3.028127e-01 8.619141e-01
9.472053e+00 2.972175e-01 8.675197e-01
9.473053e+00 2.867017e-01 8.730968e-01
9.474053e+00 2.001519e-01 8.786449e-01
9.475052e+00 1.465854e-01 8.841632e-01
9.476052e+00 1.621636e-01 8.896513e-01
9.477052e+00 2.155164e-02 8.951084e-01
9.478052e+00 3.844036e-03 9.005340e-01
9.479052e+00 7.796753e-02 9.059273e-01
9.480052e+00 1.473303e-01 9.112877e-01
9.481052e+00 1.575560e-01 9.166146e-01
9.482052e+00 2.282107e-01 9.219072e-01
9.483052e+00 2.192144e-01 9.271648e-01
9.484052e+00 1.142101e-01 9.323868e-01
9.485051e+00 1.290962e-01 9.375725e-01
9.486051e+00 6.413402e-02 9.427210e-01
9.487051e+00 4.634130e-03 9.478318e-01
9.488051e+00 2.815571e-02 9.529039e-01
9.489051e+00 -2.790646e-02 9.579367e-01
9.490051e+00 4.875051e-02 9.629295e-01
9.491051e+00 2.037315e-01 9.678813e-01
9.492051e+00 1.745535e-01 9.727915e-01
9.493051e+00 1.414258e-01 9.776592e-01
9.494051e+00 2.428983e-01 9.824837e-01
9.495050e+00 1.110942e-02 9.872641e-01
9.496050e+00 -1.326052e-01 9.919995e-01
9.497050e+00 -2.084700e-02 9.966892e-01
9.498050e+00 -1.031478e-01 1.001332e+00
9.499050e+00 -1.040517e-01 1.005928e+00
9.500050e+00 -6.004035e-02 1.010475e+00
9.501050e+00 7.363641e-02 1.014973e+00
9.502050e+00 1.580591e-01 1.019421e+00
9.503050e+00 5.116183e-02 1.023818e+00
9.504050e+00 8.092627e-02 1.028163e+00
9.505049e+00 -2.965921e-02 1.032456e+00
9.506049e+00 -1.080023e-01 1.036694e+00
9.507049e+00 -1.947793e-01 1.040878e+00
9.508049e+00 -5.974567e-02 1.045006e+00
9.509049e+00 -6.369300e-02 1.049078e+00
9.510049e+00 -1.690788e-02 1.053092e+00
9.511049e+00 -6.125420e-02 1.057048e+00
9.512049e+00 5.504186e-02 1.060944e+00
9.513049e+00 5.408426e-02 1.064780e+00
9.514049e+00 -8.640028e-02 1.068555e+00
9.515048e+00 -1.213480e-01 1.072267e+00
9.516048e+00 -1.737187e-01 1.075916e+00
9.517048e+00 -2.114823e-01 1.079500e+00
9.518048e+00 -1.277232e-01 1.083019e+00
9.519048e+00 -3.136356e-01 1.086472e+00
9.520048e+00 -1.119403e-01 1.089858e+00
9.521048e+00 -9.999514e-02 1.093175e+00
9.522048e+00 -1.115207e-01 1.096423e+00
9.523048e+00 -7.749636e-02 1.099601e+00
9.524048e+00 -1.202609e-01 1.102707e+00
9.525047e+00 -1.687285e-01 1.105741e+00
9.526047e+00 -2.091635e-01 1.108702e+00
9.527047e+00 -3.513531e-01 1.111589e+00
9.528047e+00 -2.577948e-01 1.114401e+00
9.529047e+00 -3.145295e-01 1.117136e+00
9.530047e+00 -1.692683e-01 1.119795e+00
9.531047e+00 -1.529974e-01 1.122375e+00
9.532047e+00 -1.427577e-01 1.124877e+00
9.533047e+00 -2.795705e-02 1.127298e+00
9.534047e+00 -1.736356e-01 1.129639e+00
9.535046e+00 -1.472923e-01 1.131898e+00
9.536046e+00 -2.074799e-01 1.134075e+00
9.537046e+00 -3.338081e-01 1.136168e+00
9.538046e+00 -3.190016e-01 1.138177e+00
9.539046e+00 -3.117422e-01 1.140101e+00
9.540046e+00 -2.454139e-01 1.141940e+00
9.541046e+00 -7.379810e-02 1.143691e+00
9.542046e+00 -2.075891e-01 1.145356e+00
9.543046e+00 -2.365659e-01 1.146932e+00
9.544046e+00 -1.850010e-01 1.148420e+00
9.545045e+00 -2.774227e-01 1.149818e+00
9.546045e+00 -4.205513e-01 1.151127e+00
9.547045e+00 -3.929520e-01 1.152345e+00
9.548045e+00 -4.059859e-01 1.153472e+00
9.549045e+00 -4.022778e-01 1.154507e+00
9.550045e+00 -4.027661e-01 1.155451e+00
9.551045e+00 -1.559047e-01 1.156302e+00
9.552045e+00 -1.978939e-01 1.157060e+00
9.553045e+00 -2.135529e-01 1.157725e+00
9.554045e+00 -2.793765e-01 1.158297e+00
9.555044e+00 -3.441656e-01 1.158775e+00
9.556044e+00 -4.334932e-01 1.159159e+00
9.557044e+00 -4.151181e-01 1.159450e+00
9.558044e+00 -5.078923e-01 1.159646e+00
9.559044e+00 -3.981933e-01 1.159749e+00
9.560044e+00 -4.060922e-01 1.159757e+00
9.561044e+00 -2.465652e-01 1.159672e+00
9.562044e+00 -2.995218e-01 1.159493e+00
9.563044e+00 -2.894928e-01 1.159221e+00
9.564044e+00 -2.604252e-01 1.158855e+00
9.565043e+00 -3.493239e-01 1.158397e+00
9.566043e+00 -3.796749e-01 1.157846e+00
9.567043e+00 -4.824492e-01 1.157203e+00
9.568043e+00 -5.615461e-01 1.156469e+00
9.569043e+00 -4.824274e-01 1.155644e+00
9.570043e+00 -4.034777e-01 1.154730e+00
9.571043e+00 -3.441351e-01 1.153725e+00
9.572043e+00 -3.221221e-01 1.152633e+00
9.573043e+00 -4.196968e-01 1.151453e+00
9.574043e+00 -4.487036e-01 1.150186e+00
9.575042e+00 -3.831137e-01 1.148833e+00
9.576042e+00 -5.435537e-01 1.147396e+00
9.577042e+00 -5.829590e-01 1.145875e+00
9.578042e+00 -5.360523e-01 1.144273e+00
9.579042e+00 -5.758291e-01 1.142589e+00
9.580042e+00 -4.553509e-01 1.140826e+00
9.581042e+00 -3.444047e-01 1.138984e+00
9.582042e+00 -4.435679e-01 1.137066e+00
9.583042e+00 -4.608926e-01 1.135073e+00
9.584042e+00 -3.677093e-01 1.133006e+00
9.585041e+00 -5.365680e-01 1.130868e+00
9.586041e+00 -4.799153e-01 1.128658e+00
9.587041e+00 -6.041525e-01 1.126381e+00
9.588041e+00 -6.571297e-01 1.124036e+00
9.589041e+00 -6.270113e-01 1.121627e+00
9.590041e+00 -4.816251e-01 1.119155e+00
9.591041e+00 -4.980904e-01 1.116621e+00
9.592041e+00 -5.527430e-01 1.114028e+00
9.593041e+00 -4.899128e-01 1.111378e+00
9.594041e+00 -4.328217e-01 1.108673e+00
9.595040e+00 -5.871199e-01 1.105914e+00
9.596040e+00 -6.017760e-01 1.103104e+00
9.597040e+00 -6.799915e-01 1.100245e+00
9.598040e+00 -6.859850e-01 1.097339e+00
9.599040e+00 -6.104689e-01 1.094389e+00
9.600040e+00 -6.413432e-01 1.091395e+00
9.601040e+00 -4.727563e-01 1.088361e+00
9.602040e+00 -4.871515e-01 1.085288e+00
9.603040e+00 -4.965064e-01 1.082178e+00
9.604040e+00 -4.930357e-01 1.079034e+00
9.605039e+00 -6.734572e-01 1.075858e+00
9.606039e+00 -6.887403e-01 1.072651e+00
9.607039e+00 -7.659392e-01 1.069417e+00
9.608039e+00 -7.447969e-01 1.066156e+00
9.609039e+00 -6.831702e-01 1.062871e+00
9.610039e+00 -6.495174e-01 1.059563e+00
9.611039e+00 -5.477822e-01 1.056236e+00
9.612039e+00 -5.376645e-01 1.052890e+00
9.613039e+00 -5.339815e-01 1.049528e+00
9.614039e+00 -5.580740e-01 1.046152e+00
9.615038e+00 -6.115034e-01 1.042762e+00
9.616038e+00 -7.240946e-01 1.039362e+00
9.617038e+00 -7.265104e-01 1.035952e+00
9.618038e+00 -7.458725e-01 1.032535e+00
9.619038e+00 -6.378882e-01 1.029112e+00
9.620038e+00 -7.422220e-01 1.025684e+00
9.621038e+00 -6.881273e-01 1.022254e+00
9.622038e+00 -6.085714e-01 1.018822e+00
9.623038e+00 -5.478413e-01 1.015390e+00
9.624038e+00 -6.572792e-01 1.011959e+00
9.625037e+00 -7.380293e-01 1.008530e+00
9.626037e+00 -7.421204e-01 1.005106e+00
9.627037e+00 -7.941082e-01 1.001686e+00
9.628037e+00 -8.104957e-01 9.982729e-01
9.629037e+00 -8.173647e-01 9.948664e-01
9.630037e+00 -7.430771e-01 9.914681e-01
9.631037e+00 -6.566163e-01 9.880787e-01
9.632037e+00 -6.225121e-01 9.846992e-01
9.633037e+00 -7.189320e-01 9.813303e-01
9.634037e+00 -7.333365e-01 9.779728e-01
9.635036e+00 -8.153603e-01 9.746274e-01
9.636036e+00 -8.317344e-01 9.712946e-01
9.637036e+00 -8.747901e-01 9.679752e-01
9.638036e+00 -7.808757e-01 9.646694e-01
9.639036e+00 -8.335735e-01 9.613780e-01
9.640036e+00 -7.825203e-01 9.581011e-01
9.641036e+00 -7.841242e-01 9.548392e-01
9.642036e+00 -7.326612e-01 9.515925e-01
9.643036e+00 -6.281373e-01 9.483614e-01
9.644036e+00 -6.784299e-01 9.451460e-01
9.645035e+00 -7.870712e-01 9.419464e-01
9.646035e+00 -8.245262e-01 9.387628e-01
9.647035e+00 -8.717974e-01 9.355952e-01
9.648035e+00 -9.288790e-01 9.324436e-01
9.649035e+00 -8.085268e-01 9.293081e-01
9.650035e+00 -8.528318e-01 9.261884e-01
9.651035e+00 -8.550088e-01 9.230847e-01
9.652035e+00 -6.970637e-01 9.199966e-01
9.653035e+00 -7.838369e-01 9.169241e-01
9.654035e+00 -8.260691e-01 9.138669e-01
9.655034e+00 -8.899766e-01 9.108248e-01
9.656034e+00 -9.377505e-01 9.077976e-01
9.657034e+00 -9.350241e-01 9.047850e-01
9.658034e+00 -9.349340e-01 9.017865e-01
9.659034e+00 -9.875225e-01 8.988020e-01
9.660034e+00 -8.151617e-01 8.958311e-01
9.661034e+00 -7.789498e-01 8.928733e-01
9.662034e+00 -7.410401e-01 8.899282e-01
9.663034e+00 -7.507108e-01 8.869956e-01
9.664034e+00 -7.375874e-01 8.840748e-01
9.665033e+00 -8.172005e-01 8.811655e-01
9.666033e+00 -8.671924e-01 8.782673e-01
9.667033e+00 -1.027981e+00 8.753795e-01
9.668033e+00 -1.001747e+00 8.725019e-01
9.669033e+00 -9.648626e-01 8.696338e-01
9.670033e+00 -8.430751e-01 8.667748e-01
9.671033e+00 -8.504995e-01 8.639243e-01
9.672033e+00 -7.602070e-01 8.610819e-01
9.673033e+00 -7.643369e-01 8.582471e-01
9.674033e+00 -8.723304e-01 8.554192e-01
9.675032e+00 -8.430281e-01 8.525979e-01
9.676032e+00 -9.532508e-01 8.497825e-01
9.677032e+00 -9.354782e-01 8.469726e-01
9.678032e+00 -9.959505e-01 8.441676e-01
9.679032e+00 -9.328058e-01 8.413671e-01
9.680032e+00 -9.566273e-01 8.385704e-01
9.681032e+00 -9.161332e-01 8.357771e-01
9.682032e+00 -8.197540e-01 8.329866e-01
9.683032e+00 -8.184707e-01 8.301984e-01
9.684032e+00 -8.923516e-01 8.274121e-01
9.685031e+00 -9.125811e-01 8.246272e-01
9.686031e+00 -1.050883e+00 8.218430e-01
9.687031e+00 -1.029998e+00 8.190592e-01
9.688031e+00 -9.735343e-01 8.162753e-01
9.689031e+00 -1.083486e+00 8.134907e-01
9.690031e+00 -8.868370e-01 8.107050e-01
9.691031e+00 -8.729869e-01 8.079178e-01
9.692031e+00 -8.406299e-01 8.051286e-01
9.693031e+00 -8.180010e-01 8.023369e-01
9.694031e+00 -7.873118e-01 7.995423e-01
9.695030e+00 -8.660940e-01 7.967444e-01
9.696030e+00 -1.014422e+00 7.939427e-01
9.697030e+00 -1.001491e+00 7.911369e-01
9.698030e+00 -1.008147e+00 7.883265e-01
9.699030e+00 -1.011753e+00 7.855111e-01
9.700030e+00 -9.747698e-01 7.826904e-01
9.701030e+00 -8.716428e-01 7.798639e-01
9.702030e+00 -7.981975e-01 7.770314e-01
9.703030e+00 -8.797428e-01 7.741924e-01
9.704030e+00 -9.062538e-01 7.713465e-01
9.705029e+00 -9.310332e-01 7.684936e-01
9.706029e+00 -1.030197e+00 7.656332e-01
9.707029e+00 -1.070141e+00 7.627650e-01
9.708029e+00 -1.088955e+00 7.598887e-01
9.709029e+00 -1.009055e+00 7.570039e-01
9.710029e+00 -9.148394e-01 7.541105e-01
9.711029e+00 -8.389075e-01 7.512081e-01
9.712029e+00 -8.658889e-01 7.482965e-01
9.713029e+00 -9.133666e-01 7.453753e-01
9.714029e+00 -8.877719e-01 7.424444e-01
9.715028e+00 -9.374575e-01 7.395035e-01
9.716028e+00 -1.018410e+00 7.365523e-01
9.717028e+00 -1.122421e+00 7.335906e-01
9.718028e+00 -1.052229e+00 7.306183e-01
9.719028e+00 -9.540074e-01 7.276350e-01
9.720028e+00 -1.033397e+00 7.246406e-01
9.721028e+00 -9.438360e-01 7.216349e-01
9.722028e+00 -9.723616e-01 7.186178e-01
9.723028e+00 -8.846502e-01 7.155889e-01
9.724028e+00 -9.293428e-01 7.125482e-01
9.725027e+00 -9.929010e-01 7.094956e-01
9.726027e+00 -1.067754e+00 7.064308e-01
9.727027e+00 -1.154388e+00 7.033537e-01
9.728027e+00 -1.123422e+00 7.002641e-01
9.729027e+00 -1.078093e+00 6.971620e-01
9.730027e+00 -9.804983e-01 6.940473e-01
9.731027e+00 -9.601243e-01 6.909197e-01
9.732027e+00 -9.405165e-01 6.877792e-01
9.733027e+00 -9.232836e-01 6.846258e-01
9.734027e+00 -9.143226e-01 6.814592e-01
9.735026e+00 -9.589553e-01 6.782795e-01
9.736026e+00 -1.056721e+00 6.750864e-01
9.737026e+00 -1.054054e+00 6.718801e-01
9.738026e+00 -1.058852e+00 6.686603e-01
9.739026e+00 -1.066920e+00 6.654271e-01
9.740026e+00 -1.000405e+00 6.621804e-01
9.741026e+00 -9.621651e-01 6.589201e-01
9.742026e+00 -9.236691e-01 6.556462e-01
9.743026e+00 -8.923633e-01 6.523587e-01
9.744026e+00 -9.666010e-01 6.490575e-01
9.745025e+00 -9.782618e-01 6.457426e-01
9.746025e+00 -1.137874e+00 6.424140e-01
9.747025e+00 -1.118916e+00 6.390717e-01
9.748025e+00 -1.055423e+00 6.357156e-01
9.749025e+00 -1.128371e+00 6.323459e-01
9.750025e+00 -1.042624e+00 6.289624e-01
9.751025e+00 -9.655614e-01 6.255652e-01
9.752025e+00 -8.981797e-01 6.221543e-01
9.753025e+00 -8.718697e-01 6.187297e-01
9.754025e+00 -9.409867e-01 6.152914e-01
9.755024e+00 -1.034345e+00 6.118396e-01
9.756024e+00 -1.090445e+00 6.083742e-01
9.757024e+00 -1.086698e+00 6.048952e-01
9.758024e+00 -1.022525e+00 6.014028e-01
9.759024e+00 -1.079654e+00 5.978969e-01
9.760024e+00 -1.012529e+00 5.943776e-01
9.761024e+00 -9.321596e-01 5.908450e-01
9.762024e+00 -9.094006e-01 5.872992e-01
9.763024e+00 -8.749390e-01 5.837401e-01
9.764024e+00 -9.310829e-01 5.801680e-01
9.765023e+00 -9.814998e-01 5.765828e-01
9.766023e+00 -1.062674e+00 5.729846e-01
9.767023e+00 -1.093419e+00 5.693736e-01
9.768023e+00 -1.150874e+00 5.657499e-01
9.769023e+00 -9.523228e-01 5.621134e-01
9.770023e+00 -1.032672e+00 5.584644e-01
9.771023e+00 -8.961415e-01 5.548030e-01
9.772023e+00 -9.849165e-01 5.511292e-01
9.773023e+00 -9.341328e-01 5.474431e-01
9.774023e+00 -9.059393e-01 5.437449e-01
9.775022e+00 -9.211094e-01 5.400348e-01
9.776022e+00 -1.130406e+00 5.363128e-01
9.777022e+00 -1.045221e+00 5.325790e-01
9.778022e+00 -1.004460e+00 5.288336e-01
9.779022e+00 -1.093504e+00 5.250768e-01
9.780022e+00 -1.042947e+00 5.213086e-01
9.781022e+00 -8.712430e-01 5.175293e-01
9.782022e+00 -8.318963e-01 5.137390e-01
9.783022e+00 -9.586275e-01 5.099378e-01
9.784022e+00 -8.724611e-01 5.061258e-01
9.785021e+00 -9.693243e-01 5.023034e-01
9.786021e+00 -9.699782e-01 4.984705e-01
9.787021e+00 -1.068999e+00 4.946275e-01
9.788021e+00 -1.044204e+00 4.907744e-01
9.789021e+00 -1.056791e+00 4.869115e-01
9.790021e+00 -8.716165e-01 4.830389e-01
9.791021e+00 -8.619400e-01 4.791568e-01
9.792021e+00 -9.051361e-01 4.752654e-01
9.793021e+00 -8.114647e-01 4.713649e-01
9.794021e+00 -8.822722e-01 4.674554e-01
9.795020e+00 -8.441568e-01 4.635373e-01
9.796020e+00 -1.075417e+00 4.596107e-01
9.797020e+00 -1.055354e+00 4.556757e-01
9.798020e+00 -1.140414e+00 4.517327e-01
9.799020e+00 -9.735953e-01 4.477818e-01
9.800020e+00 -9.262578e-01 4.438232e-01
9.801020e+00 -9.776959e-01 4.398572e-01
9.802020e+00 -8.705218e-01 4.358840e-01
9.803020e+00 -9.234675e-01 4.319037e-01
9.804020e+00 -9.728961e-01 4.279167e-01
9.805019e+00 -8.864010e-01 4.239232e-01
9.806019e+00 -9.886677e-01 4.199234e-01
9.807019e+00 -1.005470e+00 4.159176e-01
9.808019e+00 -9.887308e-01 4.119059e-01
9.809019e+00 -1.027690e+00 4.078887e-01
9.810019e+00 -9.090853e-01 4.038662e-01
9.811019e+00 -8.138161e-01 3.998386e-01
9.812019e+00 -8.595586e-01 3.958062e-01
9.813019e+00 -8.143982e-01 3.917693e-01
9.814019e+00 -8.290017e-01 3.877281e-01
9.815018e+00 -9.087939e-01 3.836828e-01
9.816018e+00 -1.019889e+00 3.796339e-01
9.817018e+00 -1.062414e+00 3.755814e-01
9.818018e+00 -1.016565e+00 3.715258e-01
9.819018e+00 -1.007006e+00 3.674672e-01
9.820018e+00 -9.480652e-01 3.634060e-01
9.821018e+00 -7.969990e-01 3.593424e-01
9.822018e+00 -7.762278e-01 3.552767e-01
9.823018e+00 -7.193542e-01 3.512093e-01
9.824018e+00 -7.873067e-01 3.471403e-01
9.825017e+00 -9.851649e-01 3.430701e-01
9.826017e+00 -9.161120e-01 3.389991e-01
9.827017e+00 -1.039232e+00 3.349274e-01
9.828017e+00 -1.014576e+00 3.308554e-01
9.829017e+00 -9.960169e-01 3.267834e-01
9.830017e+00 -7.926293e-01 3.227117e-01
9.831017e+00 -7.568824e-01 3.186406e-01
9.832017e+00 -8.129277e-01 3.145704e-01
9.833017e+00 -8.369993e-01 3.105014e-01
9.834017e+00 -8.025765e-01 3.064340e-01
9.835016e+00 -8.974144e-01 3.023685e-01
9.836016e+00 -9.548813e-01 2.983052e-01
9.837016e+00 -9.554309e-01 2.942444e-01
9.838016e+00 -9.285305e-01 2.901864e-01
9.839016e+00 -9.756592e-01 2.861316e-01
9.840016e+00 -8.958006e-01 2.820802e-01
9.841016e+00 -8.061872e-01 2.780327e-01
9.842016e+00 -6.765075e-01 2.739894e-01
9.843016e+00 -6.210746e-01 2.699506e-01
9.844016e+00 -8.286727e-01 2.659166e-01
9.845015e+00 -8.014246e-01 2.618877e-01
9.846015e+00 -9.486491e-01 2.578644e-01
9.847015e+00 -8.424358e-01 2.538470e-01
9.848015e+00 -8.532569e-01 2.498358e-01
9.849015e+00 -8.523454e-01 2.458311e-01
9.850015e+00 -7.822459e-01 2.418334e-01
9.851015e+00 -7.133450e-01 2.378429e-01
9.852015e+00 -6.585815e-01 2.338600e-01
9.853015e+00 -7.485993e-01 2.298851e-01
9.854015e+00 -6.580808e-01 2.259185e-01
9.855014e+00 -8.495601e-01 2.219607e-01
9.856014e+00 -7.969814e-01 2.180118e-01
9.857014e+00 -9.380375e-01 2.140724e-01
9.858014e+00 -8.520483e-01 2.101427e-01
9.859014e+00 -7.240318e-01 2.062232e-01
9.860014e+00 -8.303119e-01 2.023142e-01
9.861014e+00 -6.603516e-01 1.984161e-01
9.862014e+00 -6.169252e-01 1.945292e-01
9.863014e+00 -6.842002e-01 1.906540e-01
9.864014e+00 -7.226881e-01 1.867907e-01
9.865013e+00 -7.517273e-01 1.829398e-01
9.866013e+00 -8.704149e-01 1.791017e-01
9.867013e+00 -8.259927e-01 1.752766e-01
9.868013e+00 -8.065364e-01 1.714651e-01
9.869013e+00 -8.647375e-01 1.676674e-01
9.870013e+00 -6.921257e-01 1.638840e-01
9.871013e+00 -6.928938e-01 1.601152e-01
9.872013e+00 -5.875186e-01 1.563614e-01
9.873013e+00 -5.475090e-01 1.526230e-01
9.874013e+00 -6.725527e-01 1.489005e-01
9.875012e+00 -6.773338e-01 1.451941e-01
9.876012e+00 -7.353186e-01 1.415042e-01
9.877012e+00 -8.270351e-01 1.378313e-01
9.878012e+00 -7.697321e-01 1.341757e-01
9.879012e+00 -7.681591e-01 1.305379e-01
9.880012e+00 -6.483650e-01 1.269182e-01
9.881012e+00 -5.537178e-01 1.233169e-01
9.882012e+00 -5.958167e-01 1.197346e-01
9.883012e+00 -5.674993e-01 1.161715e-01
9.884012e+00 -6.252120e-01 1.126282e-01
9.885011e+00 -6.197312e-01 1.091049e-01
9.886011e+00 -7.696411e-01 1.056020e-01
9.887011e+00 -8.159559e-01 1.021201e-01
9.888011e+00 -7.118140e-01 9.865934e-02
9.889011e+00 -7.022622e-01 9.522028e-02
9.890011e+00 -6.050749e-01 9.180325e-02
9.891011e+00 -5.906596e-01 8.840867e-02
9.892011e+00 -4.932290e-01 8.503692e-02
9.893011e+00 -5.296656e-01 8.168841e-02
9.894011e+00 -5.049606e-01 7.836352e-02
9.895010e+00 -5.636647e-01 7.506267e-02
9.896010e+00 -5.919261e-01 7.178623e-02
9.897010e+00 -6.996243e-01 6.853461e-02
9.898010e+00 -6.523986e-01 6.530821e-02
9.899010e+00 -6.291119e-01 6.210743e-02
9.900010e+00 -6.104336e-01 5.893265e-02
9.901010e+00 -4.638556e-01 5.578428e-02
9.902010e+00 -4.829596e-01 5.266271e-02
9.903010e+00 -5.407556e-01 4.956833e-02
9.904010e+00 -4.836039e-01 4.650156e-02
9.905009e+00 -6.297574e-01 4.346277e-02
9.906009e+00 -5.917766e-01 4.045236e-02
9.907009e+00 -6.159674e-01 3.747074e-02
9.908009e+00 -6.572669e-01 3.451828e-02
9.909009e+00 -5.882224e-01 3.159540e-02
9.910009e+00 -5.921127e-01 2.870247e-02
9.911009e+00 -3.802113e-01 2.583989e-02
9.912009e+00 -4.018428e-01 2.300806e-02
9.913009e+00 -4.058152e-01 2.020735e-02
9.914009e+00 -4.137296e-01 1.743817e-02
9.915008e+00 -4.460821e-01 1.470090e-02
9.916008e+00 -5.555606e-01 1.199593e-02
9.917008e+00 -6.165662e-01 9.323646e-03
9.918008e+00 -5.871205e-01 6.684429e-03
9.919008e+00 -5.293095e-01 4.078667e-03
9.920008e+00 -4.705514e-01 1.506741e-03
9.921008e+00 -3.876227e-01 -1.030966e-03
9.922008e+00 -3.756655e-01 -3.534075e-03
9.923008e+00 -3.123783e-01 -6.002207e-03
9.924008e+00 -4.613284e-01 -8.434986e-03
9.925007e+00 -3.952980e-01 -1.083204e-02
9.926007e+00 -5.223618e-01 -1.319298e-02
9.927007e+00 -5.854628e-01 -1.551746e-02
9.928007e+00 -4.927587e-01 -1.780509e-02
9.929007e+00 -5.349126e-01 -2.005551e-02
9.930007e+00 -4.008740e-01 -2.226835e-02
9.931007e+00 -4.065394e-01 -2.444326e-02
9.932007e+00 -3.201383e-01 -2.657986e-02
9.933007e+00 -3.340953e-01 -2.867781e-02
9.934007e+00 -2.861160e-01 -3.073674e-02
9.935006e+00 -3.973316e-01 -3.275631e-02
9.936006e+00 -4.256706e-01 -3.473615e-02
9.937006e+00 -4.441645e-01 -3.667593e-02
9.938006e+00 -5.018546e-01 -3.857530e-02
9.939006e+00 -5.467426e-01 -4.043391e-02
9.940006e+00 -4.195208e-01 -4.225143e-02
9.941006e+00 -3.326350e-01 -4.402752e-02
9.942006e+00 -1.436980e-01 -4.576185e-02
9.943006e+00 -1.816421e-01 -4.745409e-02
9.944006e+00 -1.886441e-01 -4.910392e-02
9.945005e+00 -2.140762e-01 -5.071101e-02
9.946005e+00 -3.662275e-01 -5.227504e-02
9.947005e+00 -4.106691e-01 -5.379571e-02
9.948005e+00 -3.810690e-01 -5.527269e-02
9.949005e+00 -2.409920e-01 -5.670570e-02
9.950005e+00 -3.309239e-01 -5.809441e-02
9.951005e+00 -2.196586e-01 -5.943854e-02
9.952005e+00 -2.803294e-01 -6.073780e-02
9.953005e+00 -1.747999e-01 -6.199190e-02
9.954005e+00 -2.496720e-01 -6.320055e-02
9.955004e+00 -2.747283e-01 -6.436347e-02
9.956004e+00 -3.084291e-01 -6.548040e-02
9.957004e+00 -3.163804e-01 -6.655106e-02
9.958004e+00 -3.033329e-01 -6.757519e-02
9.959004e+00 -3.900247e-01 -6.855254e-02
9.960004e+00 -1.753721e-01 -6.948285e-02
9.961004e+00 -5.302181e-02 -7.036589e-02
9.962004e+00 -1.620591e-01 -7.120140e-02
9.963004e+00 -1.026180e-01 -7.198916e-02
9.964004e+00 -1.998086e-01 -7.272894e-02
9.965003e+00 -2.672852e-01 -7.342051e-02
9.966003e+00 -1.662517e-01 -7.406367e-02
9.967003e+00 -3.240532e-01 -7.465821e-02
9.968003e+00 -2.476367e-01 -7.520392e-02
9.969003e+00 -2.057149e-01 -7.570062e-02
9.970003e+00 -2.486609e-01 -7.614811e-02
9.971003e+00 -1.206756e-01 -7.654622e-02
9.972003e+00 -1.090168e-01 -7.689478e-02
9.973003e+00 -1.131105e-01 -7.719361e-02
9.974003e+00 -7.037120e-02 -7.744258e-02
9.975002e+00 -1.066349e-01 -7.764151e-02
9.976002e+00 -3.307305e-01 -7.779029e-02
9.977002e+00 -3.247648e-01 -7.788877e-02
9.978002e+00 -2.992762e-01 -7.793682e-02
9.979002e+00 -1.814658e-01 -7.793435e-02
9.980002e+00 -1.301336e-01 -7.788123e-02
9.981002e+00 -1.167940e-01 -7.777738e-02
9.982002e+00 2.568845e-02 -7.762269e-02
9.983002e+00 -2.465185e-02 -7.741710e-02
9.984002e+00 -7.101011e-02 -7.716054e-02
9.985001e+00 -4.731856e-02 -7.685294e-02
9.986001e+00 -1.168289e-01 -7.649425e-02
9.987001e+00 -1.926214e-01 -7.608442e-02
9.988001e+00 -2.406704e-01 -7.562344e-02
9.989001e+00 -4.496482e-02 -7.511128e-02
9.990001e+00 -8.764353e-02 -7.454792e-02
9.991001e+00 2.351137e-02 -7.393337e-02
9.992001e+00 4.899658e-03 -7.326763e-02
9.993001e+00 8.565201e-02 -7.255072e-02
9.994001e+00 1.009053e-01 -7.178268e-02
9.995000e+00 -4.486354e-02 -7.096355e-02
9.996000e+00 -3.562815e-02 -7.009338e-02
9.997000e+00 -1.047514e-01 -6.917223e-02
9.998000e+00 -5.725843e-02 -6.820017e-02
9.999000e+00 -4.224380e-02 -6.717730e-02
1.000000e+01 1.489807e-01 -6.610370e-02
