0.000000e+00 2.973082e-02 3.411056e-01
9.999000e-05 4.749481e-02 3.448981e-01
1.999800e-04 -3.989581e-02 3.486026e-01
2.999700e-04 9.946410e-02 3.522050e-01
3.999600e-04 4.131580e-03 3.556910e-01
4.999500e-04 -6.037915e-02 3.590461e-01
5.999400e-04 7.320198e-02 3.622554e-01
6.999300e-04 4.192989e-02 3.653041e-01
7.999200e-04 1.356699e-01 3.681769e-01
8.999100e-04 6.942141e-02 3.708587e-01
9.999000e-04 1.054301e-01 3.733343e-01
1.099890e-03 8.219174e-02 3.755882e-01
1.199880e-03 1.021324e-01 3.776053e-01
1.299870e-03 1.169358e-01 3.793704e-01
1.399860e-03 5.971089e-02 3.808686e-01
1.499850e-03 1.187878e-01 3.820852e-01
1.599840e-03 9.586477e-02 3.830058e-01
1.699830e-03 4.017754e-02 3.836165e-01
1.799820e-03 6.143930e-02 3.839039e-01
1.899810e-03 1.292995e-01 3.838554e-01
1.999800e-03 9.339254e-02 3.834589e-01
2.099790e-03 1.422213e-01 3.827034e-01
2.199780e-03 6.477277e-02 3.815788e-01
2.299770e-03 4.972360e-02 3.800763e-01
2.399760e-03 1.073111e-01 3.781881e-01
2.499750e-03 1.244505e-01 3.759081e-01
2.599740e-03 1.031654e-01 3.732314e-01
2.699730e-03 1.968738e-01 3.701551e-01
2.799720e-03 1.615183e-01 3.666777e-01
2.899710e-03 1.291106e-01 3.628000e-01
2.999700e-03 5.833915e-02 3.585244e-01
3.099690e-03 7.783507e-02 3.538555e-01
3.199680e-03 1.223228e-01 3.488001e-01
3.299670e-03 1.182695e-01 3.433669e-01
3.399660e-03 5.090494e-02 3.375668e-01
3.499650e-03 5.185361e-02 3.314130e-01
3.599640e-03 2.111765e-02 3.249207e-01
3.699630e-03 2.075678e-01 3.181068e-01
3.799620e-03 1.474087e-01 3.109903e-01
3.899610e-03 1.148916e-01 3.035921e-01
3.999600e-03 1.390654e-02 2.959342e-01
4.099590e-03 3.924357e-02 2.880403e-01
4.199580e-03 4.483867e-02 2.799351e-01
4.299570e-03 -1.174647e-02 2.716442e-01
4.399560e-03 2.871792e-02 2.631937e-01
4.499550e-03 3.999970e-02 2.546103e-01
4.599540e-03 8.079518e-02 2.459207e-01
4.699530e-03 5.322237e-02 2.371515e-01
4.799520e-03 5.539175e-02 2.283291e-01
4.899510e-03 7.018348e-02 2.194791e-01
4.999500e-03 7.979470e-03 2.106268e-01
5.099490e-03 4.295455e-02 2.017965e-01
5.199480e-03 1.555514e-02 1.930115e-01
5.299470e-03 -6.879467e-02 1.842945e-01
5.399460e-03 1.015780e-02 1.756671e-01
5.499450e-03 -6.527614e-02 1.671498e-01
5.599440e-03 -2.794214e-02 1.587626e-01
5.699430e-03 -2.827256e-02 1.505245e-01
5.799420e-03 1.692499e-02 1.424539e-01
5.899410e-03 1.137669e-02 1.345687e-01
5.999400e-03 -7.016820e-03 1.268862e-01
6.099390e-03 4.601599e-02 1.194232e-01
6.199380e-03 3.811998e-03 1.121965e-01
6.299370e-03 -5.159361e-02 1.052222e-01
6.399360e-03 -6.083385e-02 9.851644e-02
6.499350e-03 -1.180088e-02 9.209473e-02
6.599340e-03 -1.130113e-02 8.597231e-02
6.699330e-03 -1.112635e-01 8.016387e-02
6.799320e-03 -9.460970e-03 7.468346e-02
6.899310e-03 -3.737252e-03 6.954431e-02
6.999300e-03 -1.151369e-01 6.475866e-02
7.099290e-03 -4.641027e-02 6.033758e-02
7.199280e-03 -5.705970e-02 5.629079e-02
7.299270e-03 -8.081075e-02 5.262649e-02
7.399260e-03 -6.636194e-02 4.935117e-02
7.499250e-03 7.402380e-02 4.646950e-02
7.599240e-03 -7.388872e-04 4.398422e-02
7.699230e-03 -3.584582e-02 4.189601e-02
7.799220e-03 -1.406246e-01 4.020352e-02
7.899210e-03 -2.462075e-02 3.890331e-02
7.999200e-03 -5.177990e-02 3.798985e-02
8.099190e-03 -6.216410e-02 3.745562e-02
8.199180e-03 -6.779230e-02 3.729117e-02
8.299170e-03 -5.824093e-02 3.748523e-02
8.399160e-03 -4.152930e-03 3.802481e-02
8.499150e-03 2.203696e-02 3.889536e-02
8.599140e-03 -4.412755e-02 4.008094e-02
8.699130e-03 2.795950e-02 4.156431e-02
8.799120e-03 -2.090891e-02 4.332716e-02
8.899110e-03 -6.844014e-02 4.535022e-02
8.999100e-03 -5.557593e-02 4.761340e-02
9.099090e-03 -3.154622e-02 5.009596e-02
9.199080e-03 -2.191608e-02 5.277661e-02
9.299070e-03 1.683450e-02 5.563364e-02
9.399060e-03 6.757578e-02 5.864503e-02
9.499050e-03 -4.465798e-02 6.178850e-02
9.599040e-03 3.583901e-02 6.504163e-02
9.699030e-03 3.680224e-02 6.838191e-02
9.799020e-03 3.123198e-03 7.178678e-02
9.899010e-03 3.462452e-02 7.523369e-02
9.999000e-03 7.690549e-02 7.870013e-02
1.009899e-02 -6.414549e-02 8.216364e-02
1.019898e-02 1.250555e-01 8.560188e-02
1.029897e-02 5.867036e-02 8.899258e-02
1.039896e-02 8.669966e-02 9.231363e-02
1.049895e-02 8.702099e-02 9.554305e-02
1.059894e-02 2.762674e-02 9.865904e-02
1.069893e-02 1.363774e-01 1.016400e-01
1.079892e-02 7.839951e-02 1.044645e-01
1.089891e-02 5.701461e-02 1.071114e-01
1.099890e-02 1.150295e-01 1.095599e-01
1.109889e-02 9.757972e-02 1.117896e-01
1.119888e-02 1.692839e-01 1.137804e-01
1.129887e-02 1.183235e-01 1.155127e-01
1.139886e-02 1.021616e-01 1.169676e-01
1.149885e-02 6.537984e-02 1.181267e-01
1.159884e-02 2.369629e-01 1.189725e-01
1.169883e-02 1.712146e-01 1.194883e-01
1.179882e-02 1.851285e-01 1.196585e-01
1.189881e-02 1.367769e-01 1.194686e-01
1.199880e-02 1.517423e-01 1.189051e-01
1.209879e-02 1.392167e-01 1.179562e-01
1.219878e-02 2.089405e-01 1.166115e-01
1.229877e-02 2.190085e-01 1.148622e-01
1.239876e-02 1.492716e-01 1.127013e-01
1.249875e-02 2.333338e-01 1.101237e-01
1.259874e-02 1.863450e-01 1.071260e-01
1.269873e-02 1.357842e-01 1.037073e-01
1.279872e-02 1.621850e-01 9.986852e-02
1.289871e-02 2.059244e-01 9.561280e-02
1.299870e-02 2.306718e-01 9.094551e-02
1.309869e-02 1.908923e-01 8.587419e-02
1.319868e-02 1.737893e-01 8.040853e-02
1.329867e-02 1.511947e-01 7.456033e-02
1.339866e-02 2.185504e-01 6.834341e-02
1.349865e-02 2.797988e-01 6.177347e-02
1.359864e-02 3.681346e-02 5.486801e-02
1.369863e-02 1.330769e-01 4.764611e-02
1.379862e-02 1.614039e-01 4.012832e-02
1.389861e-02 7.625972e-02 3.233638e-02
1.399860e-02 2.314765e-01 2.429312e-02
1.409859e-02 2.358239e-01 1.602216e-02
1.419858e-02 1.344238e-01 7.547748e-03
1.429857e-02 1.911316e-01 -1.105453e-03
1.439856e-02 1.234769e-01 -9.912567e-03
1.449855e-02 1.147832e-01 -1.884868e-02
1.459854e-02 3.736593e-02 -2.788902e-02
1.469853e-02 1.271608e-01 -3.700908e-02
1.479852e-02 2.195131e-02 -4.618474e-02
1.489851e-02 1.276350e-01 -5.539236e-02
1.499850e-02 2.084125e-03 -6.460886e-02
1.509849e-02 1.074548e-01 -7.381175e-02
1.519848e-02 1.530701e-01 -8.297915e-02
1.529847e-02 7.388145e-02 -9.208978e-02
1.539846e-02 7.606144e-02 -1.011230e-01
1.549845e-02 1.216139e-01 -1.100585e-01
1.559844e-02 1.830146e-01 -1.188769e-01
1.569843e-02 1.345459e-01 -1.275588e-01
1.579842e-02 -2.996828e-02 -1.360856e-01
1.589841e-02 6.038189e-02 -1.444387e-01
1.599840e-02 6.467770e-02 -1.526002e-01
1.609839e-02 2.706841e-02 -1.605523e-01
1.619838e-02 6.694807e-02 -1.682776e-01
1.629837e-02 1.004269e-01 -1.757587e-01
1.639836e-02 5.211343e-02 -1.829791e-01
1.649835e-02 -4.211570e-02 -1.899223e-01
1.659834e-02 1.533430e-02 -1.965724e-01
1.669833e-02 -5.520477e-02 -2.029140e-01
1.679832e-02 -2.516730e-02 -2.089326e-01
1.689831e-02 2.281673e-02 -2.146142e-01
1.699830e-02 1.348616e-01 -2.199459e-01
1.709829e-02 1.554446e-03 -2.249159e-01
1.719828e-02 1.733543e-02 -2.295136e-01
1.729827e-02 1.216147e-01 -2.337298e-01
1.739826e-02 1.745020e-01 -2.375567e-01
1.749825e-02 -2.356497e-02 -2.409883e-01
1.759824e-02 2.865122e-02 -2.440203e-01
1.769823e-02 7.471850e-04 -2.466502e-01
1.779822e-02 4.454437e-02 -2.488776e-01
1.789821e-02 3.375070e-02 -2.507038e-01
1.799820e-02 -7.531470e-02 -2.521326e-01
1.809819e-02 1.008818e-02 -2.531694e-01
1.819818e-02 3.818990e-02 -2.538222e-01
1.829817e-02 6.047983e-02 -2.541006e-01
1.839816e-02 3.339926e-02 -2.540164e-01
1.849815e-02 -1.049582e-02 -2.535833e-01
1.859814e-02 5.511896e-02 -2.528168e-01
1.869813e-02 4.676831e-02 -2.517343e-01
1.879812e-02 4.982494e-02 -2.503545e-01
1.889811e-02 1.010925e-01 -2.486979e-01
1.899810e-02 5.256315e-02 -2.467862e-01
1.909809e-02 8.625567e-02 -2.446423e-01
1.919808e-02 1.568512e-01 -2.422901e-01
1.929807e-02 1.273877e-01 -2.397543e-01
1.939806e-02 5.178612e-02 -2.370606e-01
1.949805e-02 1.340521e-01 -2.342348e-01
1.959804e-02 6.770731e-02 -2.313033e-01
1.969803e-02 1.120505e-01 -2.282929e-01
1.979802e-02 2.180172e-01 -2.252301e-01
1.989801e-02 1.556459e-01 -2.221416e-01
1.999800e-02 1.318371e-01 -2.190538e-01
2.009799e-02 1.150056e-01 -2.159927e-01
2.019798e-02 1.268072e-01 -2.129838e-01
2.029797e-02 7.983507e-02 -2.100523e-01
2.039796e-02 1.591972e-01 -2.072224e-01
2.049795e-02 2.396771e-01 -2.045177e-01
2.059794e-02 2.339998e-01 -2.019610e-01
2.069793e-02 1.490349e-01 -1.995740e-01
2.079792e-02 2.423732e-01 -1.973778e-01
2.089791e-02 1.848870e-01 -1.953920e-01
2.099790e-02 1.536427e-01 -1.936355e-01
2.109789e-02 2.227927e-01 -1.921258e-01
2.119788e-02 2.214821e-01 -1.908797e-01
2.129787e-02 2.451249e-01 -1.899124e-01
2.139786e-02 2.317565e-01 -1.892382e-01
2.149785e-02 1.717551e-01 -1.888702e-01
2.159784e-02 2.881791e-01 -1.888202e-01
2.169783e-02 1.674329e-01 -1.890989e-01
2.179782e-02 2.331831e-01 -1.897159e-01
2.189781e-02 2.242637e-01 -1.906796e-01
2.199780e-02 2.371719e-01 -1.919971e-01
2.209779e-02 2.418921e-01 -1.936745e-01
2.219778e-02 2.293183e-01 -1.957169e-01
2.229777e-02 1.043481e-01 -1.981278e-01
2.239776e-02 2.549197e-01 -2.009102e-01
2.249775e-02 2.448749e-01 -2.040654e-01
2.259774e-02 1.835848e-01 -2.075941e-01
2.269773e-02 2.120370e-01 -2.114955e-01
2.279772e-02 3.209714e-01 -2.157680e-01
2.289771e-02 3.008183e-01 -2.204089e-01
2.299770e-02 2.064877e-01 -2.254141e-01
2.309769e-02 2.406264e-01 -2.307788e-01
2.319768e-02 2.149929e-01 -2.364970e-01
2.329767e-02 2.331252e-01 -2.425614e-01
2.339766e-02 2.479593e-01 -2.489638e-01
2.349765e-02 1.729398e-01 -2.556949e-01
2.359764e-02 1.517628e-01 -2.627442e-01
2.369763e-02 2.721734e-01 -2.701001e-01
2.379762e-02 2.730569e-01 -2.777499e-01
2.389761e-02 2.629058e-01 -2.856797e-01
2.399760e-02 1.770024e-01 -2.938745e-01
2.409759e-02 2.441091e-01 -3.023182e-01
2.419758e-02 1.597123e-01 -3.109935e-01
2.429757e-02 1.553426e-01 -3.198819e-01
2.439756e-02 2.044311e-01 -3.289642e-01
2.449755e-02 2.244696e-01 -3.382195e-01
2.459754e-02 1.951073e-01 -3.476265e-01
2.469753e-02 1.465676e-01 -3.571625e-01
2.479752e-02 2.033429e-01 -3.668039e-01
2.489751e-02 1.376893e-01 -3.765265e-01
2.499750e-02 1.250378e-01 -3.863051e-01
2.509749e-02 1.821089e-01 -3.961138e-01
2.519748e-02 1.159196e-01 -4.059263e-01
2.529747e-02 9.297607e-02 -4.157157e-01
2.539746e-02 1.151088e-01 -4.254548e-01
2.549745e-02 2.030184e-01 -4.351164e-01
2.559744e-02 8.941279e-02 -4.446731e-01
2.569743e-02 4.725221e-02 -4.540978e-01
2.579742e-02 1.615540e-01 -4.633636e-01
2.589741e-02 1.117051e-01 -4.724441e-01
2.599740e-02 1.014564e-01 -4.813138e-01
2.609739e-02 3.042893e-02 -4.899479e-01
2.619738e-02 1.173206e-01 -4.983228e-01
2.629737e-02 1.156824e-01 -5.064159e-01
2.639736e-02 7.467953e-02 -5.142062e-01
2.649735e-02 1.233355e-01 -5.216744e-01
2.659734e-02 1.488929e-01 -5.288025e-01
2.669733e-02 1.446568e-01 -5.355749e-01
2.679732e-02 8.732328e-02 -5.419774e-01
2.689731e-02 6.616980e-02 -5.479983e-01
2.699730e-02 6.042951e-02 -5.536278e-01
2.709729e-02 1.329179e-01 -5.588583e-01
2.719728e-02 1.323088e-01 -5.636845e-01
2.729727e-02 1.120685e-01 -5.681032e-01
2.739726e-02 8.384352e-02 -5.721134e-01
2.749725e-02 3.706507e-02 -5.757163e-01
2.759724e-02 2.414644e-02 -5.789153e-01
2.769723e-02 -1.177934e-02 -5.817154e-01
2.779722e-02 1.659141e-01 -5.841240e-01
2.789721e-02 1.686427e-01 -5.861500e-01
2.799720e-02 9.037044e-02 -5.878039e-01
2.809719e-02 2.223665e-02 -5.890980e-01
2.819718e-02 5.203171e-02 -5.900456e-01
2.829717e-02 1.362671e-01 -5.906617e-01
2.839716e-02 1.197657e-01 -5.909621e-01
2.849715e-02 1.881479e-01 -5.909634e-01
2.859714e-02 1.084641e-01 -5.906832e-01
2.869713e-02 3.421637e-02 -5.901398e-01
2.879712e-02 1.495029e-01 -5.893519e-01
2.889711e-02 1.471395e-01 -5.883386e-01
2.899710e-02 6.480062e-02 -5.871193e-01
2.909709e-02 1.204254e-01 -5.857136e-01
2.919708e-02 1.035483e-01 -5.841411e-01
2.929707e-02 1.057191e-01 -5.824215e-01
2.939706e-02 1.903392e-01 -5.805745e-01
2.949705e-02 8.895680e-02 -5.786196e-01
2.959704e-02 1.472495e-01 -5.765761e-01
2.969703e-02 1.618182e-01 -5.744633e-01
2.979702e-02 2.063324e-01 -5.723003e-01
2.989701e-02 2.230767e-01 -5.701059e-01
2.999700e-02 1.566270e-01 -5.678987e-01
3.009699e-02 2.039711e-01 -5.656972e-01
3.019698e-02 2.105372e-01 -5.635197e-01
3.029697e-02 1.793886e-01 -5.613845e-01
3.039696e-02 7.656686e-02 -5.593094e-01
3.049695e-02 1.833835e-01 -5.573124e-01
3.059694e-02 2.450732e-01 -5.554113e-01
3.069693e-02 2.952175e-01 -5.536239e-01
3.079692e-02 2.139668e-01 -5.519680e-01
3.089691e-02 2.880680e-01 -5.504612e-01
3.099690e-02 2.621321e-01 -5.491212e-01
3.109689e-02 3.526477e-01 -5.479657e-01
3.119688e-02 3.036374e-01 -5.470124e-01
3.129687e-02 3.044776e-01 -5.462789e-01
3.139686e-02 3.348380e-01 -5.457828e-01
3.149685e-02 3.306315e-01 -5.455416e-01
3.159684e-02 2.181565e-01 -5.455728e-01
3.169683e-02 1.887015e-01 -5.458937e-01
3.179682e-02 3.171182e-01 -5.465212e-01
3.189681e-02 2.942768e-01 -5.474720e-01
3.199680e-02 3.393365e-01 -5.487624e-01
3.209679e-02 3.238173e-01 -5.504083e-01
3.219678e-02 2.928360e-01 -5.524249e-01
3.229677e-02 2.786596e-01 -5.548265e-01
3.239676e-02 3.218529e-01 -5.576267e-01
3.249675e-02 2.518890e-01 -5.608380e-01
3.259674e-02 3.422226e-01 -5.644718e-01
3.269673e-02 3.493628e-01 -5.685379e-01
3.279672e-02 3.333127e-01 -5.730450e-01
3.289671e-02 4.565302e-01 -5.779997e-01
3.299670e-02 3.709430e-01 -5.834069e-01
3.309669e-02 2.404474e-01 -5.892695e-01
3.319668e-02 2.854139e-01 -5.955882e-01
3.329667e-02 3.732115e-01 -6.023613e-01
3.339666e-02 3.579090e-01 -6.095847e-01
3.349665e-02 2.532423e-01 -6.172518e-01
3.359664e-02 2.211579e-01 -6.253530e-01
3.369663e-02 3.496476e-01 -6.338762e-01
3.379662e-02 2.626333e-01 -6.428066e-01
3.389661e-02 2.127233e-01 -6.521262e-01
3.399660e-02 3.185003e-01 -6.618145e-01
3.409659e-02 2.948499e-01 -6.718483e-01
3.419658e-02 2.412881e-01 -6.822015e-01
3.429657e-02 2.583176e-01 -6.928457e-01
3.439656e-02 2.552102e-01 -7.037500e-01
3.449655e-02 3.032526e-01 -7.148815e-01
3.459654e-02 2.900483e-01 -7.262054e-01
3.469653e-02 2.621206e-01 -7.376851e-01
3.479652e-02 2.265472e-01 -7.492828e-01
3.489651e-02 2.107475e-01 -7.609596e-01
3.499650e-02 2.782222e-01 -7.726761e-01
3.509649e-02 9.516282e-02 -7.843923e-01
3.519648e-02 2.944169e-01 -7.960684e-01
3.529647e-02 1.838249e-01 -8.076650e-01
3.539646e-02 1.920624e-01 -8.191432e-01
3.549645e-02 2.255680e-01 -8.304655e-01
3.559644e-02 1.958183e-01 -8.415956e-01
3.569643e-02 1.782324e-01 -8.524987e-01
3.579642e-02 2.946706e-01 -8.631422e-01
3.589641e-02 1.469412e-01 -8.734956e-01
3.599640e-02 1.323122e-01 -8.835307e-01
3.609639e-02 2.595441e-01 -8.932219e-01
3.619638e-02 1.051476e-01 -9.025462e-01
3.629637e-02 1.434788e-01 -9.114835e-01
3.639636e-02 1.858926e-01 -9.200164e-01
3.649635e-02 1.672178e-01 -9.281303e-01
3.659634e-02 1.556943e-01 -9.358134e-01
3.669633e-02 1.027446e-01 -9.430568e-01
3.679632e-02 1.728931e-01 -9.498541e-01
3.689631e-02 1.982650e-01 -9.562018e-01
3.699630e-02 -2.170840e-02 -9.620986e-01
3.709629e-02 1.878792e-01 -9.675457e-01
3.719628e-02 1.339499e-01 -9.725464e-01
3.729627e-02 1.258478e-01 -9.771063e-01
3.739626e-02 1.713212e-01 -9.812325e-01
3.749625e-02 1.287485e-01 -9.849343e-01
3.759624e-02 1.839536e-01 -9.882222e-01
3.769623e-02 1.621616e-01 -9.911082e-01
3.779622e-02 1.127841e-01 -9.936055e-01
3.789621e-02 2.392847e-01 -9.957286e-01
3.799620e-02 1.758916e-01 -9.974928e-01
3.809619e-02 1.111865e-01 -9.989140e-01
3.819618e-02 1.970170e-01 -1.000009e+00
3.829617e-02 1.195940e-01 -1.000795e+00
3.839616e-02 1.785360e-01 -1.001291e+00
3.849615e-02 1.706545e-01 -1.001513e+00
3.859614e-02 1.773229e-01 -1.001481e+00
3.869613e-02 1.641633e-01 -1.001213e+00
3.879612e-02 1.712166e-01 -1.000728e+00
3.889611e-02 1.601584e-01 -1.000045e+00
3.899610e-02 1.732875e-01 -9.991821e-01
3.909609e-02 1.532910e-01 -9.981587e-01
3.919608e-02 1.018157e-01 -9.969935e-01
3.929607e-02 2.406914e-01 -9.957052e-01
3.939606e-02 1.971162e-01 -9.943127e-01
3.949605e-02 1.994144e-01 -9.928343e-01
3.959604e-02 2.626232e-01 -9.912888e-01
3.969603e-02 1.768247e-01 -9.896945e-01
3.979602e-02 1.701835e-01 -9.880698e-01
3.989601e-02 2.403172e-01 -9.864330e-01
3.999600e-02 2.444440e-01 -9.848023e-01
4.009599e-02 2.175174e-01 -9.831958e-01
4.019598e-02 2.926197e-01 -9.816316e-01
4.029597e-02 2.006381e-01 -9.801278e-01
4.039596e-02 2.473519e-01 -9.787023e-01
4.049595e-02 3.030771e-01 -9.773731e-01
4.059594e-02 2.602299e-01 -9.761579e-01
4.069593e-02 3.322890e-01 -9.750746e-01
4.079592e-02 3.617090e-01 -9.741409e-01
4.089591e-02 2.021275e-01 -9.733744e-01
4.099590e-02 2.834969e-01 -9.727926e-01
4.109589e-02 3.626622e-01 -9.724128e-01
4.119588e-02 3.827332e-01 -9.722521e-01
4.129587e-02 3.214304e-01 -9.723274e-01
4.139586e-02 2.919934e-01 -9.726553e-01
4.149585e-02 2.160747e-01 -9.732521e-01
4.159584e-02 3.062617e-01 -9.741334e-01
4.169583e-02 2.761664e-01 -9.753145e-01
4.179582e-02 2.945828e-01 -9.768102e-01
4.189581e-02 3.797231e-01 -9.786342e-01
4.199580e-02 2.688074e-01 -9.807999e-01
4.209579e-02 3.502760e-01 -9.833193e-01
4.219578e-02 3.300552e-01 -9.862038e-01
4.229577e-02 3.122246e-01 -9.894633e-01
4.239576e-02 3.716450e-01 -9.931066e-01
4.249575e-02 3.584961e-01 -9.971412e-01
4.259574e-02 3.462601e-01 -1.001573e+00
4.269573e-02 3.359371e-01 -1.006406e+00
4.279572e-02 3.693371e-01 -1.011644e+00
4.289571e-02 3.631413e-01 -1.017286e+00
4.299570e-02 3.325175e-01 -1.023332e+00
4.309569e-02 3.571984e-01 -1.029779e+00
4.319568e-02 4.170619e-01 -1.036621e+00
4.329567e-02 3.397361e-01 -1.043851e+00
4.339566e-02 3.578773e-01 -1.051461e+00
4.349565e-02 3.719244e-01 -1.059438e+00
4.359564e-02 2.841078e-01 -1.067770e+00
4.369563e-02 2.695519e-01 -1.076440e+00
4.379562e-02 3.433875e-01 -1.085431e+00
4.389561e-02 3.152995e-01 -1.094724e+00
4.399560e-02 2.967196e-01 -1.104299e+00
4.409559e-02 4.059318e-01 -1.114131e+00
4.419558e-02 2.562401e-01 -1.124197e+00
4.429557e-02 2.629279e-01 -1.134472e+00
4.439556e-02 2.918056e-01 -1.144928e+00
4.449555e-02 3.987655e-01 -1.155539e+00
4.459554e-02 2.739955e-01 -1.166276e+00
4.469553e-02 2.973940e-01 -1.177111e+00
4.479552e-02 4.008781e-01 -1.188015e+00
4.489551e-02 2.543189e-01 -1.198958e+00
4.499550e-02 3.181487e-01 -1.209912e+00
4.509549e-02 3.640329e-01 -1.220849e+00
4.519548e-02 2.167026e-01 -1.231742e+00
4.529547e-02 2.806143e-01 -1.242562e+00
4.539546e-02 2.220300e-01 -1.253284e+00
4.549545e-02 3.005628e-01 -1.263883e+00
4.559544e-02 2.711562e-01 -1.274336e+00
4.569543e-02 2.580556e-01 -1.284619e+00
4.579542e-02 1.283158e-01 -1.294713e+00
4.589541e-02 2.816861e-01 -1.304597e+00
4.599540e-02 3.889429e-01 -1.314254e+00
4.609539e-02 2.915663e-01 -1.323668e+00
4.619538e-02 1.602601e-01 -1.332823e+00
4.629537e-02 1.647513e-01 -1.341707e+00
4.639536e-02 2.176202e-01 -1.350307e+00
4.649535e-02 1.519907e-01 -1.358613e+00
4.659534e-02 2.455690e-01 -1.366618e+00
4.669533e-02 1.519803e-01 -1.374312e+00
4.679532e-02 2.391297e-01 -1.381690e+00
4.689531e-02 2.412524e-01 -1.388748e+00
4.699530e-02 1.842143e-01 -1.395480e+00
4.709529e-02 1.603900e-01 -1.401885e+00
4.719528e-02 2.466829e-01 -1.407960e+00
4.729527e-02 1.636639e-01 -1.413704e+00
4.739526e-02 1.775967e-01 -1.419117e+00
4.749525e-02 1.710980e-01 -1.424200e+00
4.759524e-02 2.160157e-01 -1.428953e+00
4.769523e-02 1.756876e-01 -1.433378e+00
4.779522e-02 1.848646e-01 -1.437478e+00
4.789521e-02 1.924789e-01 -1.441255e+00
4.799520e-02 2.535482e-01 -1.444712e+00
4.809519e-02 2.962934e-01 -1.447853e+00
4.819518e-02 1.705478e-01 -1.450682e+00
4.829517e-02 3.028447e-01 -1.453204e+00
4.839516e-02 1.657348e-01 -1.455423e+00
4.849515e-02 2.693229e-01 -1.457346e+00
4.859514e-02 2.505277e-01 -1.458979e+00
4.869513e-02 2.193609e-01 -1.460328e+00
4.879512e-02 2.627733e-01 -1.461402e+00
4.889511e-02 2.104674e-01 -1.462208e+00
4.899510e-02 1.685159e-01 -1.462757e+00
4.909509e-02 2.151406e-01 -1.463058e+00
4.919508e-02 2.540835e-01 -1.463124e+00
4.929507e-02 2.627020e-01 -1.462967e+00
4.939506e-02 2.573272e-01 -1.462601e+00
4.949505e-02 1.971594e-01 -1.462041e+00
4.959504e-02 3.451442e-01 -1.461304e+00
4.969503e-02 2.576962e-01 -1.460408e+00
4.979502e-02 2.915352e-01 -1.459374e+00
4.989501e-02 3.499593e-01 -1.458223e+00
4.999500e-02 2.654487e-01 -1.456977e+00
5.009499e-02 2.124657e-01 -1.455661e+00
5.019498e-02 3.827532e-01 -1.454301e+00
5.029497e-02 2.452721e-01 -1.452925e+00
5.039496e-02 3.634380e-01 -1.451561e+00
5.049495e-02 3.301892e-01 -1.450239e+00
5.059494e-02 3.363237e-01 -1.448989e+00
5.069493e-02 2.962723e-01 -1.447843e+00
5.079492e-02 3.617955e-01 -1.446832e+00
5.089491e-02 3.756627e-01 -1.445988e+00
5.099490e-02 3.777677e-01 -1.445343e+00
5.109489e-02 3.570393e-01 -1.444928e+00
5.119488e-02 4.012915e-01 -1.444774e+00
5.129487e-02 4.174391e-01 -1.444909e+00
5.139486e-02 3.882837e-01 -1.445362e+00
5.149485e-02 3.954743e-01 -1.446158e+00
5.159484e-02 4.361926e-01 -1.447321e+00
5.169483e-02 3.470892e-01 -1.448874e+00
5.179482e-02 3.889374e-01 -1.450834e+00
5.189481e-02 3.512893e-01 -1.453219e+00
5.199480e-02 4.131080e-01 -1.456041e+00
5.209479e-02 5.007111e-01 -1.459310e+00
5.219478e-02 4.303581e-01 -1.463034e+00
5.229477e-02 4.066003e-01 -1.467216e+00
5.239476e-02 4.405076e-01 -1.471858e+00
5.249475e-02 4.100112e-01 -1.476955e+00
5.259474e-02 4.199282e-01 -1.482504e+00
5.269473e-02 4.259470e-01 -1.488495e+00
5.279472e-02 4.724509e-01 -1.494918e+00
5.289471e-02 3.917612e-01 -1.501759e+00
5.299470e-02 4.246264e-01 -1.509003e+00
5.309469e-02 4.057947e-01 -1.516632e+00
5.319468e-02 4.773789e-01 -1.524627e+00
5.329467e-02 3.754258e-01 -1.532966e+00
5.339466e-02 4.215759e-01 -1.541628e+00
5.349465e-02 3.577509e-01 -1.550589e+00
5.359464e-02 4.427006e-01 -1.559826e+00
5.369463e-02 4.141884e-01 -1.569315e+00
5.379462e-02 4.305579e-01 -1.579031e+00
5.389461e-02 3.338790e-01 -1.588949e+00
5.399460e-02 3.536947e-01 -1.599045e+00
5.409459e-02 2.902588e-01 -1.609295e+00
5.419458e-02 4.556593e-01 -1.619674e+00
5.429457e-02 2.945898e-01 -1.630160e+00
5.439456e-02 2.828246e-01 -1.640730e+00
5.449455e-02 2.859516e-01 -1.651362e+00
5.459454e-02 3.182094e-01 -1.662035e+00
5.469453e-02 4.300781e-01 -1.672728e+00
5.479452e-02 3.792496e-01 -1.683421e+00
5.489451e-02 3.262340e-01 -1.694096e+00
5.499450e-02 3.092586e-01 -1.704734e+00
5.509449e-02 3.671674e-01 -1.715318e+00
5.519448e-02 3.431221e-01 -1.725832e+00
5.529447e-02 4.000382e-01 -1.736259e+00
5.539446e-02 2.678255e-01 -1.746584e+00
5.549445e-02 2.831970e-01 -1.756792e+00
5.559444e-02 2.881216e-01 -1.766871e+00
5.569443e-02 3.107901e-01 -1.776805e+00
5.579442e-02 2.589905e-01 -1.786581e+00
5.589441e-02 3.076690e-01 -1.796188e+00
5.599440e-02 2.407298e-01 -1.805612e+00
5.609439e-02 2.751161e-01 -1.814842e+00
5.619438e-02 3.241307e-01 -1.823866e+00
5.629437e-02 2.660040e-01 -1.832673e+00
5.639436e-02 2.360575e-01 -1.841250e+00
5.649435e-02 2.526694e-01 -1.849588e+00
5.659434e-02 2.247097e-01 -1.857676e+00
5.669433e-02 2.518732e-01 -1.865503e+00
5.679432e-02 2.820211e-01 -1.873058e+00
5.689431e-02 1.886862e-01 -1.880331e+00
5.699430e-02 2.436613e-01 -1.887314e+00
5.709429e-02 2.902981e-01 -1.893995e+00
5.719428e-02 3.283153e-01 -1.900367e+00
5.729427e-02 2.322767e-01 -1.906419e+00
5.739426e-02 1.962801e-01 -1.912145e+00
5.749425e-02 2.273478e-01 -1.917536e+00
5.759424e-02 2.704917e-01 -1.922584e+00
5.769423e-02 2.910796e-01 -1.927285e+00
5.779422e-02 3.145185e-01 -1.931631e+00
5.789421e-02 2.525083e-01 -1.935619e+00
5.799420e-02 3.326394e-01 -1.939245e+00
5.809419e-02 2.366099e-01 -1.942507e+00
5.819418e-02 2.264236e-01 -1.945403e+00
5.829417e-02 1.479482e-01 -1.947934e+00
5.839416e-02 3.351517e-01 -1.950102e+00
5.849415e-02 2.885374e-01 -1.951910e+00
5.859414e-02 2.814320e-01 -1.953364e+00
5.869413e-02 2.871937e-01 -1.954471e+00
5.879412e-02 2.431534e-01 -1.955239e+00
5.889411e-02 3.596522e-01 -1.955681e+00
5.899410e-02 2.560404e-01 -1.955808e+00
5.909409e-02 1.990299e-01 -1.955638e+00
5.919408e-02 2.265389e-01 -1.955186e+00
5.929407e-02 3.094818e-01 -1.954472e+00
5.939406e-02 2.961282e-01 -1.953519e+00
5.949405e-02 3.408278e-01 -1.952349e+00
5.959404e-02 3.692695e-01 -1.950988e+00
5.969403e-02 3.900977e-01 -1.949463e+00
5.979402e-02 3.594581e-01 -1.947803e+00
5.989401e-02 4.358680e-01 -1.946038e+00
5.999400e-02 3.370548e-01 -1.944199e+00
6.009399e-02 3.105153e-01 -1.942319e+00
6.019398e-02 3.823065e-01 -1.940432e+00
6.029397e-02 3.481759e-01 -1.938569e+00
6.039396e-02 3.679422e-01 -1.936766e+00
6.049395e-02 4.098610e-01 -1.935057e+00
6.059394e-02 4.356261e-01 -1.933473e+00
6.069393e-02 4.557755e-01 -1.932049e+00
6.079392e-02 3.528414e-01 -1.930816e+00
6.089391e-02 3.974418e-01 -1.929804e+00
6.099390e-02 4.703203e-01 -1.929043e+00
6.109389e-02 5.118002e-01 -1.928560e+00
6.119388e-02 4.354955e-01 -1.928381e+00
6.129387e-02 3.798796e-01 -1.928529e+00
6.139386e-02 4.757260e-01 -1.929027e+00
6.149385e-02 3.764354e-01 -1.929892e+00
6.159384e-02 5.358980e-01 -1.931141e+00
6.169383e-02 5.175186e-01 -1.932790e+00
6.179382e-02 6.005394e-01 -1.934849e+00
6.189381e-02 4.253273e-01 -1.937328e+00
6.199380e-02 4.506058e-01 -1.940233e+00
6.209379e-02 5.812250e-01 -1.943569e+00
6.219378e-02 4.419442e-01 -1.947337e+00
6.229377e-02 4.071083e-01 -1.951538e+00
6.239376e-02 4.967491e-01 -1.956167e+00
6.249375e-02 5.031474e-01 -1.961221e+00
6.259374e-02 5.533582e-01 -1.966692e+00
6.269373e-02 4.997738e-01 -1.972572e+00
6.279372e-02 5.390009e-01 -1.978849e+00
6.289371e-02 5.287472e-01 -1.985513e+00
6.299370e-02 5.105957e-01 -1.992549e+00
6.309369e-02 3.584883e-01 -1.999943e+00
6.319368e-02 5.212780e-01 -2.007679e+00
6.329367e-02 4.722933e-01 -2.015738e+00
6.339366e-02 5.176891e-01 -2.024104e+00
6.349365e-02 4.205162e-01 -2.032757e+00
6.359364e-02 5.073297e-01 -2.041677e+00
6.369363e-02 4.515352e-01 -2.050845e+00
6.379362e-02 4.606941e-01 -2.060241e+00
6.389361e-02 3.962180e-01 -2.069842e+00
6.399360e-02 5.156022e-01 -2.079627e+00
6.409359e-02 4.411906e-01 -2.089576e+00
6.419358e-02 4.415545e-01 -2.099667e+00
6.429357e-02 4.371416e-01 -2.109878e+00
6.439356e-02 4.803600e-01 -2.120187e+00
6.449355e-02 4.426613e-01 -2.130574e+00
6.459354e-02 4.138984e-01 -2.141016e+00
6.469353e-02 3.223605e-01 -2.151494e+00
6.479352e-02 3.851230e-01 -2.161985e+00
6.489351e-02 4.602444e-01 -2.172471e+00
6.499350e-02 3.821944e-01 -2.182930e+00
6.509349e-02 4.291529e-01 -2.193342e+00
6.519348e-02 4.025498e-01 -2.203690e+00
6.529347e-02 3.471598e-01 -2.213953e+00
6.539346e-02 3.404897e-01 -2.224114e+00
6.549345e-02 3.663936e-01 -2.234154e+00
6.559344e-02 4.022882e-01 -2.244057e+00
6.569343e-02 4.105781e-01 -2.253806e+00
6.579342e-02 3.010358e-01 -2.263385e+00
6.589341e-02 3.619824e-01 -2.272779e+00
6.599340e-02 3.128118e-01 -2.281973e+00
6.609339e-02 2.777291e-01 -2.290952e+00
6.619338e-02 3.313431e-01 -2.299704e+00
6.629337e-02 3.349362e-01 -2.308217e+00
6.639336e-02 3.474988e-01 -2.316478e+00
6.649335e-02 2.685633e-01 -2.324476e+00
6.659334e-02 2.813765e-01 -2.332202e+00
6.669333e-02 3.283310e-01 -2.339646e+00
6.679332e-02 2.454023e-01 -2.346800e+00
6.689331e-02 2.632805e-01 -2.353656e+00
6.699330e-02 3.820785e-01 -2.360207e+00
6.709329e-02 2.788724e-01 -2.366449e+00
6.719328e-02 2.681495e-01 -2.372376e+00
6.729327e-02 3.186691e-01 -2.377984e+00
6.739326e-02 3.394779e-01 -2.383271e+00
6.749325e-02 2.841907e-01 -2.388235e+00
6.759324e-02 2.707800e-01 -2.392876e+00
6.769323e-02 3.268787e-01 -2.397193e+00
6.779322e-02 2.864509e-01 -2.401189e+00
6.789321e-02 3.259137e-01 -2.404866e+00
6.799320e-02 4.324225e-01 -2.408226e+00
6.809319e-02 2.185346e-01 -2.411276e+00
6.819318e-02 2.863653e-01 -2.414020e+00
6.829317e-02 3.495099e-01 -2.416466e+00
6.839316e-02 3.272021e-01 -2.418622e+00
6.849315e-02 2.297497e-01 -2.420496e+00
6.859314e-02 3.433794e-01 -2.422099e+00
6.869313e-02 3.109559e-01 -2.423441e+00
6.879312e-02 2.664257e-01 -2.424535e+00
6.889311e-02 3.583773e-01 -2.425394e+00
6.899310e-02 3.005287e-01 -2.426032e+00
6.909309e-02 3.887802e-01 -2.426463e+00
6.919308e-02 3.618765e-01 -2.426705e+00
6.929307e-02 3.787747e-01 -2.426773e+00
6.939306e-02 4.088773e-01 -2.426684e+00
6.949305e-02 4.234263e-01 -2.426458e+00
6.959304e-02 4.083910e-01 -2.426113e+00
6.969303e-02 4.883852e-01 -2.425669e+00
6.979302e-02 3.712080e-01 -2.425145e+00
6.989301e-02 4.071488e-01 -2.424561e+00
6.999300e-02 4.755644e-01 -2.423940e+00
7.009299e-02 3.707596e-01 -2.423301e+00
7.019298e-02 4.362684e-01 -2.422666e+00
7.029297e-02 4.495755e-01 -2.422057e+00
7.039296e-02 5.057366e-01 -2.421496e+00
7.049295e-02 4.427642e-01 -2.421002e+00
7.059294e-02 5.143422e-01 -2.420599e+00
7.069293e-02 4.557793e-01 -2.420307e+00
7.079292e-02 4.379953e-01 -2.420147e+00
7.089291e-02 5.247381e-01 -2.420140e+00
7.099290e-02 5.008798e-01 -2.420304e+00
7.109289e-02 4.811994e-01 -2.420660e+00
7.119288e-02 4.709703e-01 -2.421227e+00
7.129287e-02 4.936692e-01 -2.422021e+00
7.139286e-02 5.323272e-01 -2.423062e+00
7.149285e-02 5.021909e-01 -2.424363e+00
7.159284e-02 4.858562e-01 -2.425942e+00
7.169283e-02 6.208967e-01 -2.427811e+00
7.179282e-02 5.394054e-01 -2.429985e+00
7.189281e-02 5.048023e-01 -2.432475e+00
7.199280e-02 5.578107e-01 -2.435292e+00
7.209279e-02 4.350369e-01 -2.438444e+00
7.219278e-02 5.953452e-01 -2.441942e+00
7.229277e-02 4.374990e-01 -2.445790e+00
7.239276e-02 5.243619e-01 -2.449995e+00
7.249275e-02 6.140141e-01 -2.454560e+00
7.259274e-02 5.431418e-01 -2.459488e+00
7.269273e-02 5.313010e-01 -2.464780e+00
7.279272e-02 5.318569e-01 -2.470436e+00
7.289271e-02 5.891178e-01 -2.476453e+00
7.299270e-02 5.365588e-01 -2.482827e+00
7.309269e-02 6.049643e-01 -2.489555e+00
7.319268e-02 6.146344e-01 -2.496629e+00
7.329267e-02 5.284586e-01 -2.504042e+00
7.339266e-02 5.383150e-01 -2.511783e+00
7.349265e-02 4.708388e-01 -2.519844e+00
7.359264e-02 4.998391e-01 -2.528211e+00
7.369263e-02 4.533260e-01 -2.536871e+00
7.379262e-02 4.377762e-01 -2.545809e+00
7.389261e-02 5.384073e-01 -2.555010e+00
7.399260e-02 4.774447e-01 -2.564456e+00
7.409259e-02 4.347230e-01 -2.574129e+00
7.419258e-02 4.578643e-01 -2.584010e+00
7.429257e-02 5.498414e-01 -2.594080e+00
7.439256e-02 4.585040e-01 -2.604317e+00
7.449255e-02 5.404600e-01 -2.614699e+00
7.459254e-02 4.282040e-01 -2.625204e+00
7.469253e-02 5.000023e-01 -2.635810e+00
7.479252e-02 4.791159e-01 -2.646492e+00
7.489251e-02 4.480206e-01 -2.657227e+00
7.499250e-02 4.747027e-01 -2.667992e+00
7.509249e-02 4.923484e-01 -2.678760e+00
7.519248e-02 3.939971e-01 -2.689509e+00
7.529247e-02 4.561038e-01 -2.700214e+00
7.539246e-02 3.769715e-01 -2.710850e+00
7.549245e-02 4.451932e-01 -2.721394e+00
7.559244e-02 4.129917e-01 -2.731821e+00
7.569243e-02 4.300676e-01 -2.742108e+00
7.579242e-02 4.198724e-01 -2.752231e+00
7.589241e-02 3.450865e-01 -2.762169e+00
7.599240e-02 3.843945e-01 -2.771899e+00
7.609239e-02 3.888572e-01 -2.781400e+00
7.619238e-02 4.364325e-01 -2.790652e+00
7.629237e-02 4.136512e-01 -2.799634e+00
7.639236e-02 4.463203e-01 -2.808328e+00
7.649235e-02 3.625513e-01 -2.816716e+00
7.659234e-02 3.863975e-01 -2.824781e+00
7.669233e-02 3.397039e-01 -2.832507e+00
7.679232e-02 3.120934e-01 -2.839880e+00
7.689231e-02 3.783147e-01 -2.846885e+00
7.699230e-02 3.801079e-01 -2.853511e+00
7.709229e-02 3.867394e-01 -2.859746e+00
7.719228e-02 2.755270e-01 -2.865581e+00
7.729227e-02 3.691392e-01 -2.871006e+00
7.739226e-02 3.818023e-01 -2.876015e+00
7.749225e-02 3.594596e-01 -2.880603e+00
7.759224e-02 3.536704e-01 -2.884764e+00
7.769223e-02 3.775257e-01 -2.888497e+00
7.779222e-02 4.172614e-01 -2.891800e+00
7.789221e-02 3.860294e-01 -2.894674e+00
7.799220e-02 3.925298e-01 -2.897121e+00
7.809219e-02 3.443961e-01 -2.899145e+00
7.819218e-02 3.727541e-01 -2.900751e+00
7.829217e-02 3.690737e-01 -2.901947e+00
7.839216e-02 3.433544e-01 -2.902741e+00
7.849215e-02 4.250729e-01 -2.903145e+00
7.859214e-02 3.115803e-01 -2.903170e+00
7.869213e-02 3.347344e-01 -2.902832e+00
7.879212e-02 2.994704e-01 -2.902146e+00
7.889211e-02 3.928283e-01 -2.901129e+00
7.899210e-02 4.570341e-01 -2.899802e+00
7.909209e-02 3.780966e-01 -2.898184e+00
7.919208e-02 4.609322e-01 -2.896298e+00
7.929207e-02 3.378486e-01 -2.894168e+00
7.939206e-02 4.683358e-01 -2.891819e+00
7.949205e-02 4.672246e-01 -2.889278e+00
7.959204e-02 5.028888e-01 -2.886570e+00
7.969203e-02 3.960943e-01 -2.883725e+00
7.979202e-02 4.850880e-01 -2.880771e+00
7.989201e-02 4.636086e-01 -2.877738e+00
7.999200e-02 5.129867e-01 -2.874656e+00
8.009199e-02 4.664171e-01 -2.871554e+00
8.019198e-02 4.808590e-01 -2.868463e+00
8.029197e-02 6.017713e-01 -2.865412e+00
8.039196e-02 5.309560e-01 -2.862432e+00
8.049195e-02 5.869049e-01 -2.859550e+00
8.059194e-02 5.072835e-01 -2.856795e+00
8.069193e-02 5.550847e-01 -2.854195e+00
8.079192e-02 5.004589e-01 -2.851775e+00
8.089191e-02 5.364373e-01 -2.849560e+00
8.099190e-02 5.333137e-01 -2.847575e+00
8.109189e-02 5.740165e-01 -2.845840e+00
8.119188e-02 5.412071e-01 -2.844376e+00
8.129187e-02 4.916021e-01 -2.843203e+00
8.139186e-02 5.256563e-01 -2.842337e+00
8.149185e-02 4.887043e-01 -2.841792e+00
8.159184e-02 5.753390e-01 -2.841584e+00
8.169183e-02 5.926835e-01 -2.841722e+00
8.179182e-02 5.999175e-01 -2.842216e+00
8.189181e-02 5.405473e-01 -2.843074e+00
8.199180e-02 5.887961e-01 -2.844302e+00
8.209179e-02 5.537986e-01 -2.845903e+00
8.219178e-02 5.655991e-01 -2.847879e+00
8.229177e-02 5.071249e-01 -2.850230e+00
8.239176e-02 6.627950e-01 -2.852956e+00
8.249175e-02 5.743397e-01 -2.856052e+00
8.259174e-02 5.400562e-01 -2.859515e+00
8.269173e-02 5.898725e-01 -2.863338e+00
8.279172e-02 6.930894e-01 -2.867513e+00
8.289171e-02 6.123064e-01 -2.872031e+00
8.299170e-02 6.127745e-01 -2.876883e+00
8.309169e-02 5.803926e-01 -2.882057e+00
8.319168e-02 5.520330e-01 -2.887541e+00
8.329167e-02 5.512615e-01 -2.893321e+00
8.339166e-02 5.415903e-01 -2.899382e+00
8.349165e-02 6.608245e-01 -2.905711e+00
8.359164e-02 5.460963e-01 -2.912290e+00
8.369163e-02 6.017700e-01 -2.919103e+00
8.379162e-02 5.340437e-01 -2.926133e+00
8.389161e-02 4.630298e-01 -2.933362e+00
8.399160e-02 5.956899e-01 -2.940773e+00
8.409159e-02 6.815500e-01 -2.948346e+00
8.419158e-02 5.179608e-01 -2.956063e+00
8.429157e-02 5.066789e-01 -2.963905e+00
8.439156e-02 5.601168e-01 -2.971852e+00
8.449155e-02 6.089285e-01 -2.979886e+00
8.459154e-02 5.200553e-01 -2.987986e+00
8.469153e-02 5.981556e-01 -2.996134e+00
8.479152e-02 4.761348e-01 -3.004311e+00
8.489151e-02 5.445245e-01 -3.012498e+00
8.499150e-02 5.945699e-01 -3.020674e+00
8.509149e-02 5.921230e-01 -3.028824e+00
8.519148e-02 4.633829e-01 -3.036927e+00
8.529147e-02 5.019899e-01 -3.044966e+00
8.539146e-02 4.569325e-01 -3.052923e+00
8.549145e-02 5.711116e-01 -3.060782e+00
8.559144e-02 5.318912e-01 -3.068527e+00
8.569143e-02 3.939464e-01 -3.076140e+00
8.579142e-02 5.255473e-01 -3.083608e+00
8.589141e-02 4.951439e-01 -3.090914e+00
8.599140e-02 4.742645e-01 -3.098045e+00
8.609139e-02 4.300051e-01 -3.104988e+00
8.619138e-02 4.117843e-01 -3.111730e+00
8.629137e-02 4.182210e-01 -3.118259e+00
8.639136e-02 4.259295e-01 -3.124564e+00
8.649135e-02 4.818695e-01 -3.130634e+00
8.659134e-02 3.837280e-01 -3.136459e+00
8.669133e-02 5.129599e-01 -3.142031e+00
8.679132e-02 4.566355e-01 -3.147341e+00
8.689131e-02 2.936607e-01 -3.152383e+00
8.699130e-02 3.482049e-01 -3.157149e+00
8.709129e-02 4.594975e-01 -3.161634e+00
8.719128e-02 4.926010e-01 -3.165833e+00
8.729127e-02 3.921987e-01 -3.169743e+00
8.739126e-02 4.495899e-01 -3.173359e+00
8.749125e-02 3.810460e-01 -3.176679e+00
8.759124e-02 4.960434e-01 -3.179702e+00
8.769123e-02 3.740781e-01 -3.182427e+00
8.779122e-02 4.481522e-01 -3.184853e+00
8.789121e-02 3.720558e-01 -3.186981e+00
8.799120e-02 4.235860e-01 -3.188813e+00
8.809119e-02 4.343285e-01 -3.190350e+00
8.819118e-02 3.994613e-01 -3.191596e+00
8.829117e-02 3.909711e-01 -3.192554e+00
8.839116e-02 4.669630e-01 -3.193228e+00
8.849115e-02 4.280335e-01 -3.193624e+00
8.859114e-02 4.190259e-01 -3.193746e+00
8.869113e-02 4.096415e-01 -3.193602e+00
8.879112e-02 4.955379e-01 -3.193199e+00
8.889111e-02 4.758248e-01 -3.192543e+00
8.899110e-02 4.609708e-01 -3.191644e+00
8.909109e-02 4.420224e-01 -3.190511e+00
8.919108e-02 5.659732e-01 -3.189153e+00
8.929107e-02 4.984546e-01 -3.187581e+00
8.939106e-02 4.984649e-01 -3.185805e+00
8.949105e-02 5.331473e-01 -3.183838e+00
8.959104e-02 4.900551e-01 -3.181693e+00
8.969103e-02 5.128357e-01 -3.179381e+00
8.979102e-02 4.426442e-01 -3.176917e+00
8.989101e-02 5.410866e-01 -3.174316e+00
8.999100e-02 4.480689e-01 -3.171591e+00
9.009099e-02 5.265554e-01 -3.168760e+00
9.019098e-02 5.076121e-01 -3.165839e+00
9.029097e-02 5.484384e-01 -3.162844e+00
9.039096e-02 5.456722e-01 -3.159794e+00
9.049095e-02 5.823763e-01 -3.156707e+00
9.059094e-02 5.605150e-01 -3.153603e+00
9.069093e-02 5.763290e-01 -3.150501e+00
9.079092e-02 7.043892e-01 -3.147421e+00
9.089091e-02 6.878564e-01 -3.144386e+00
9.099090e-02 5.391971e-01 -3.141417e+00
9.109089e-02 5.594523e-01 -3.138535e+00
9.119088e-02 6.373931e-01 -3.135765e+00
9.129087e-02 5.579178e-01 -3.133130e+00
9.139086e-02 6.509206e-01 -3.130653e+00
9.149085e-02 6.889152e-01 -3.128359e+00
9.159084e-02 6.126419e-01 -3.126272e+00
9.169083e-02 5.887035e-01 -3.124418e+00
9.179082e-02 6.660998e-01 -3.122820e+00
9.189081e-02 5.784820e-01 -3.121504e+00
9.199080e-02 7.024605e-01 -3.120495e+00
9.209079e-02 6.036125e-01 -3.119818e+00
9.219078e-02 6.116143e-01 -3.119495e+00
9.229077e-02 5.883201e-01 -3.119550e+00
9.239076e-02 6.041039e-01 -3.120006e+00
9.249075e-02 6.770464e-01 -3.120884e+00
9.259074e-02 6.415546e-01 -3.122205e+00
9.269073e-02 5.328364e-01 -3.123986e+00
9.279072e-02 6.388625e-01 -3.126245e+00
9.289071e-02 7.053844e-01 -3.128996e+00
9.299070e-02 6.369581e-01 -3.132252e+00
9.309069e-02 6.755014e-01 -3.136022e+00
9.319068e-02 6.519424e-01 -3.140314e+00
9.329067e-02 5.867396e-01 -3.145132e+00
9.339066e-02 6.360623e-01 -3.150477e+00
9.349065e-02 6.584513e-01 -3.156345e+00
9.359064e-02 5.953584e-01 -3.162730e+00
9.369063e-02 6.487943e-01 -3.169623e+00
9.379062e-02 6.703980e-01 -3.177008e+00
9.389061e-02 5.908817e-01 -3.184868e+00
9.399060e-02 7.194211e-01 -3.193181e+00
9.409059e-02 6.622008e-01 -3.201919e+00
9.419058e-02 5.174638e-01 -3.211054e+00
9.429057e-02 5.848528e-01 -3.220552e+00
9.439056e-02 6.314853e-01 -3.230374e+00
9.449055e-02 6.039596e-01 -3.240482e+00
9.459054e-02 6.672182e-01 -3.250830e+00
9.469053e-02 5.642535e-01 -3.261375e+00
9.479052e-02 5.116170e-01 -3.272067e+00
9.489051e-02 5.532168e-01 -3.282858e+00
9.499050e-02 5.667911e-01 -3.293696e+00
9.509049e-02 5.711824e-01 -3.304531e+00
9.519048e-02 5.922371e-01 -3.315312e+00
9.529047e-02 5.690718e-01 -3.325988e+00
9.539046e-02 4.835549e-01 -3.336510e+00
9.549045e-02 5.328646e-01 -3.346830e+00
9.559044e-02 4.239001e-01 -3.356903e+00
9.569043e-02 5.023945e-01 -3.366685e+00
9.579042e-02 5.508775e-01 -3.376135e+00
9.589041e-02 4.994366e-01 -3.385218e+00
9.599040e-02 5.078350e-01 -3.393900e+00
9.609039e-02 5.311152e-01 -3.402150e+00
9.619038e-02 4.696543e-01 -3.409944e+00
9.629037e-02 4.443650e-01 -3.417260e+00
9.639036e-02 5.561828e-01 -3.424079e+00
9.649035e-02 4.467516e-01 -3.430390e+00
9.659034e-02 4.310419e-01 -3.436183e+00
9.669033e-02 4.397662e-01 -3.441451e+00
9.679032e-02 4.842867e-01 -3.446194e+00
9.689031e-02 4.454073e-01 -3.450414e+00
9.699030e-02 4.505572e-01 -3.454115e+00
9.709029e-02 4.919625e-01 -3.457307e+00
9.719028e-02 4.636670e-01 -3.460001e+00
9.729027e-02 4.965125e-01 -3.462211e+00
9.739026e-02 5.881599e-01 -3.463954e+00
9.749025e-02 4.344827e-01 -3.465247e+00
9.759024e-02 4.865867e-01 -3.466112e+00
9.769023e-02 4.862988e-01 -3.466569e+00
9.779022e-02 4.656989e-01 -3.466643e+00
9.789021e-02 3.987367e-01 -3.466358e+00
9.799020e-02 4.813644e-01 -3.465738e+00
9.809019e-02 5.761649e-01 -3.464809e+00
9.819018e-02 5.521573e-01 -3.463597e+00
9.829017e-02 4.788629e-01 -3.462129e+00
9.839016e-02 4.340451e-01 -3.460430e+00
9.849015e-02 5.207048e-01 -3.458526e+00
9.859014e-02 5.312818e-01 -3.456444e+00
9.869013e-02 4.631917e-01 -3.454209e+00
9.879012e-02 4.067325e-01 -3.451846e+00
9.889011e-02 4.566354e-01 -3.449379e+00
9.899010e-02 5.715388e-01 -3.446832e+00
9.909009e-02 5.390307e-01 -3.444227e+00
9.919008e-02 4.952345e-01 -3.441588e+00
9.929007e-02 5.244444e-01 -3.438936e+00
9.939006e-02 5.397901e-01 -3.436290e+00
9.949005e-02 5.986711e-01 -3.433671e+00
9.959004e-02 5.270562e-01 -3.431097e+00
9.969003e-02 6.188033e-01 -3.428586e+00
9.979002e-02 6.133704e-01 -3.426155e+00
9.989001e-02 6.493382e-01 -3.423819e+00
9.999000e-02 6.554678e-01 -3.421593e+00
1.000900e-01 5.826779e-01 -3.419491e+00
1.001900e-01 6.336471e-01 -3.417526e+00
1.002900e-01 6.953227e-01 -3.415710e+00
1.003900e-01 5.834512e-01 -3.414054e+00
1.004900e-01 6.712034e-01 -3.412568e+00
1.005899e-01 5.928772e-01 -3.411261e+00
1.006899e-01 6.115330e-01 -3.410141e+00
1.007899e-01 6.250474e-01 -3.409217e+00
1.008899e-01 6.436360e-01 -3.408494e+00
1.009899e-01 5.756560e-01 -3.407978e+00
1.010899e-01 7.192974e-01 -3.407675e+00
1.011899e-01 6.854651e-01 -3.407588e+00
1.012899e-01 7.069077e-01 -3.407721e+00
1.013899e-01 6.916207e-01 -3.408076e+00
1.014899e-01 6.502579e-01 -3.408656e+00
1.015898e-01 7.087762e-01 -3.409462e+00
1.016898e-01 7.252696e-01 -3.410495e+00
1.017898e-01 6.858528e-01 -3.411753e+00
1.018898e-01 6.988353e-01 -3.413237e+00
1.019898e-01 7.497880e-01 -3.414946e+00
1.020898e-01 6.975956e-01 -3.416877e+00
1.021898e-01 7.008819e-01 -3.419028e+00
1.022898e-01 7.777474e-01 -3.421396e+00
1.023898e-01 7.346838e-01 -3.423978e+00
1.024898e-01 7.227922e-01 -3.426770e+00
1.025897e-01 6.932428e-01 -3.429767e+00
1.026897e-01 7.295103e-01 -3.432964e+00
1.027897e-01 7.347106e-01 -3.436358e+00
1.028897e-01 7.392863e-01 -3.439940e+00
1.029897e-01 6.932066e-01 -3.443707e+00
1.030897e-01 6.394781e-01 -3.447651e+00
1.031897e-01 7.369631e-01 -3.451767e+00
1.032897e-01 7.017870e-01 -3.456046e+00
1.033897e-01 6.951426e-01 -3.460482e+00
1.034897e-01 6.087922e-01 -3.465068e+00
1.035896e-01 6.314598e-01 -3.469796e+00
1.036896e-01 7.079706e-01 -3.474659e+00
1.037896e-01 6.823490e-01 -3.479648e+00
1.038896e-01 6.579433e-01 -3.484756e+00
1.039896e-01 6.352943e-01 -3.489974e+00
1.040896e-01 6.357935e-01 -3.495294e+00
1.041896e-01 6.658028e-01 -3.500709e+00
1.042896e-01 6.394311e-01 -3.506209e+00
1.043896e-01 6.560839e-01 -3.511787e+00
1.044896e-01 6.678360e-01 -3.517434e+00
1.045895e-01 6.049639e-01 -3.523143e+00
1.046895e-01 6.959213e-01 -3.528904e+00
1.047895e-01 5.559177e-01 -3.534711e+00
1.048895e-01 6.721892e-01 -3.540554e+00
1.049895e-01 6.340516e-01 -3.546427e+00
1.050895e-01 5.992856e-01 -3.552321e+00
1.051895e-01 6.045666e-01 -3.558229e+00
1.052895e-01 5.746332e-01 -3.564144e+00
1.053895e-01 6.117134e-01 -3.570059e+00
1.054895e-01 5.927835e-01 -3.575966e+00
1.055894e-01 4.850140e-01 -3.581859e+00
1.056894e-01 5.990341e-01 -3.587731e+00
1.057894e-01 6.045835e-01 -3.593576e+00
1.058894e-01 6.136064e-01 -3.599389e+00
1.059894e-01 5.065379e-01 -3.605162e+00
1.060894e-01 5.560859e-01 -3.610892e+00
1.061894e-01 5.145724e-01 -3.616572e+00
1.062894e-01 6.323964e-01 -3.622198e+00
1.063894e-01 5.344765e-01 -3.627764e+00
1.064894e-01 5.069728e-01 -3.633268e+00
1.065893e-01 5.019650e-01 -3.638704e+00
1.066893e-01 5.652986e-01 -3.644068e+00
1.067893e-01 5.433531e-01 -3.649358e+00
1.068893e-01 5.212153e-01 -3.654570e+00
1.069893e-01 5.512699e-01 -3.659701e+00
1.070893e-01 5.336680e-01 -3.664749e+00
1.071893e-01 5.030075e-01 -3.669710e+00
1.072893e-01 5.741819e-01 -3.674584e+00
1.073893e-01 6.398954e-01 -3.679367e+00
1.074893e-01 4.224474e-01 -3.684059e+00
1.075892e-01 6.341956e-01 -3.688659e+00
1.076892e-01 5.035818e-01 -3.693164e+00
1.077892e-01 5.719038e-01 -3.697575e+00
1.078892e-01 4.928494e-01 -3.701890e+00
1.079892e-01 5.322367e-01 -3.706110e+00
1.080892e-01 5.052160e-01 -3.710234e+00
1.081892e-01 4.945483e-01 -3.714262e+00
1.082892e-01 5.145011e-01 -3.718195e+00
1.083892e-01 5.794054e-01 -3.722033e+00
1.084892e-01 5.383275e-01 -3.725776e+00
1.085891e-01 5.868923e-01 -3.729426e+00
1.086891e-01 5.501541e-01 -3.732983e+00
1.087891e-01 5.734464e-01 -3.736448e+00
1.088891e-01 5.590969e-01 -3.739823e+00
1.089891e-01 6.274470e-01 -3.743108e+00
1.090891e-01 5.636739e-01 -3.746307e+00
1.091891e-01 5.654643e-01 -3.749419e+00
1.092891e-01 5.618001e-01 -3.752447e+00
1.093891e-01 5.804409e-01 -3.755392e+00
1.094891e-01 5.921484e-01 -3.758256e+00
1.095890e-01 5.993641e-01 -3.761042e+00
1.096890e-01 6.073560e-01 -3.763751e+00
1.097890e-01 6.217530e-01 -3.766385e+00
1.098890e-01 6.321850e-01 -3.768947e+00
1.099890e-01 5.391435e-01 -3.771437e+00
1.100890e-01 6.117153e-01 -3.773860e+00
1.101890e-01 6.703188e-01 -3.776216e+00
1.102890e-01 6.539586e-01 -3.778508e+00
1.103890e-01 5.764455e-01 -3.780738e+00
1.104890e-01 5.766412e-01 -3.782908e+00
1.105889e-01 7.366704e-01 -3.785020e+00
1.106889e-01 6.381817e-01 -3.787077e+00
1.107889e-01 7.084229e-01 -3.789081e+00
1.108889e-01 6.567819e-01 -3.791034e+00
1.109889e-01 7.063706e-01 -3.792937e+00
1.110889e-01 6.976709e-01 -3.794793e+00
1.111889e-01 7.042045e-01 -3.796604e+00
1.112889e-01 8.528693e-01 -3.798373e+00
1.113889e-01 6.602221e-01 -3.800100e+00
1.114889e-01 7.103827e-01 -3.801787e+00
1.115888e-01 7.108134e-01 -3.803437e+00
1.116888e-01 7.361699e-01 -3.805052e+00
1.117888e-01 7.552466e-01 -3.806632e+00
1.118888e-01 7.834583e-01 -3.808180e+00
1.119888e-01 7.925755e-01 -3.809697e+00
1.120888e-01 6.792682e-01 -3.811184e+00
1.121888e-01 6.561282e-01 -3.812644e+00
1.122888e-01 7.110385e-01 -3.814077e+00
1.123888e-01 7.838727e-01 -3.815485e+00
1.124888e-01 6.597050e-01 -3.816869e+00
1.125887e-01 6.955311e-01 -3.818230e+00
1.126887e-01 8.017215e-01 -3.819569e+00
1.127887e-01 6.880633e-01 -3.820887e+00
1.128887e-01 7.173834e-01 -3.822186e+00
1.129887e-01 7.676139e-01 -3.823465e+00
1.130887e-01 7.757163e-01 -3.824727e+00
1.131887e-01 7.360674e-01 -3.825971e+00
1.132887e-01 7.098204e-01 -3.827198e+00
1.133887e-01 7.181342e-01 -3.828409e+00
1.134887e-01 8.421982e-01 -3.829604e+00
1.135886e-01 7.269720e-01 -3.830784e+00
1.136886e-01 6.181520e-01 -3.831949e+00
1.137886e-01 6.708624e-01 -3.833099e+00
1.138886e-01 7.196338e-01 -3.834236e+00
1.139886e-01 7.415900e-01 -3.835358e+00
1.140886e-01 6.770172e-01 -3.836467e+00
1.141886e-01 6.779537e-01 -3.837561e+00
1.142886e-01 5.997371e-01 -3.838642e+00
1.143886e-01 6.759580e-01 -3.839709e+00
1.144886e-01 6.889836e-01 -3.840763e+00
1.145885e-01 6.848789e-01 -3.841802e+00
1.146885e-01 7.194818e-01 -3.842828e+00
1.147885e-01 6.666673e-01 -3.843840e+00
1.148885e-01 6.691139e-01 -3.844837e+00
1.149885e-01 5.869218e-01 -3.845819e+00
1.150885e-01 7.126094e-01 -3.846787e+00
1.151885e-01 6.733903e-01 -3.847739e+00
1.152885e-01 6.129238e-01 -3.848676e+00
1.153885e-01 6.785419e-01 -3.849597e+00
1.154885e-01 6.619389e-01 -3.850502e+00
1.155884e-01 7.149944e-01 -3.851391e+00
1.156884e-01 6.306208e-01 -3.852262e+00
1.157884e-01 6.112466e-01 -3.853117e+00
1.158884e-01 6.670743e-01 -3.853953e+00
1.159884e-01 5.861658e-01 -3.854771e+00
1.160884e-01 5.217871e-01 -3.855571e+00
1.161884e-01 6.968816e-01 -3.856352e+00
1.162884e-01 5.547735e-01 -3.857113e+00
1.163884e-01 6.048940e-01 -3.857855e+00
1.164884e-01 5.407973e-01 -3.858577e+00
1.165883e-01 5.495280e-01 -3.859278e+00
1.166883e-01 5.916530e-01 -3.859958e+00
1.167883e-01 6.963334e-01 -3.860618e+00
1.168883e-01 6.010997e-01 -3.861255e+00
1.169883e-01 5.817675e-01 -3.861871e+00
1.170883e-01 6.119102e-01 -3.862465e+00
1.171883e-01 5.330344e-01 -3.863037e+00
1.172883e-01 5.840573e-01 -3.863586e+00
1.173883e-01 5.463176e-01 -3.864112e+00
1.174883e-01 4.771159e-01 -3.864615e+00
1.175882e-01 5.108868e-01 -3.865096e+00
1.176882e-01 5.863637e-01 -3.865553e+00
1.177882e-01 5.326361e-01 -3.865987e+00
1.178882e-01 5.614263e-01 -3.866398e+00
1.179882e-01 5.464356e-01 -3.866786e+00
1.180882e-01 5.910387e-01 -3.867150e+00
1.181882e-01 5.378496e-01 -3.867492e+00
1.182882e-01 5.687859e-01 -3.867810e+00
1.183882e-01 5.506942e-01 -3.868106e+00
1.184882e-01 5.724867e-01 -3.868378e+00
1.185881e-01 6.861893e-01 -3.868629e+00
1.186881e-01 6.056848e-01 -3.868857e+00
1.187881e-01 5.542175e-01 -3.869063e+00
1.188881e-01 5.430587e-01 -3.869247e+00
1.189881e-01 6.310918e-01 -3.869411e+00
1.190881e-01 5.934393e-01 -3.869553e+00
1.191881e-01 6.266184e-01 -3.869675e+00
1.192881e-01 7.386552e-01 -3.869777e+00
1.193881e-01 6.280094e-01 -3.869859e+00
1.194881e-01 6.315545e-01 -3.869922e+00
1.195880e-01 5.679621e-01 -3.869967e+00
1.196880e-01 6.264743e-01 -3.869994e+00
1.197880e-01 6.691262e-01 -3.870003e+00
1.198880e-01 6.540748e-01 -3.869995e+00
1.199880e-01 7.342517e-01 -3.869972e+00
1.200880e-01 6.604667e-01 -3.869933e+00
1.201880e-01 6.760760e-01 -3.869879e+00
1.202880e-01 7.002035e-01 -3.869811e+00
1.203880e-01 7.787053e-01 -3.869729e+00
1.204880e-01 7.514257e-01 -3.869634e+00
1.205879e-01 6.727009e-01 -3.869528e+00
1.206879e-01 7.516372e-01 -3.869410e+00
1.207879e-01 6.596122e-01 -3.869282e+00
1.208879e-01 7.735303e-01 -3.869143e+00
1.209879e-01 7.849230e-01 -3.868996e+00
1.210879e-01 8.017577e-01 -3.868840e+00
1.211879e-01 7.125631e-01 -3.868676e+00
1.212879e-01 7.518291e-01 -3.868506e+00
1.213879e-01 8.593043e-01 -3.868329e+00
1.214879e-01 8.006161e-01 -3.868147e+00
1.215878e-01 7.425796e-01 -3.867960e+00
1.216878e-01 7.203266e-01 -3.867770e+00
1.217878e-01 6.958917e-01 -3.867575e+00
1.218878e-01 7.849250e-01 -3.867379e+00
1.219878e-01 8.897797e-01 -3.867180e+00
1.220878e-01 8.968699e-01 -3.866980e+00
1.221878e-01 7.446760e-01 -3.866780e+00
1.222878e-01 7.477652e-01 -3.866580e+00
1.223878e-01 8.061923e-01 -3.866380e+00
1.224878e-01 7.949508e-01 -3.866182e+00
1.225877e-01 7.807753e-01 -3.865986e+00
1.226877e-01 8.484764e-01 -3.865792e+00
1.227877e-01 8.250852e-01 -3.865601e+00
1.228877e-01 6.666214e-01 -3.865414e+00
1.229877e-01 8.003251e-01 -3.865231e+00
1.230877e-01 8.000587e-01 -3.865053e+00
1.231877e-01 8.233842e-01 -3.864880e+00
1.232877e-01 7.412284e-01 -3.864713e+00
1.233877e-01 8.136399e-01 -3.864552e+00
1.234877e-01 7.627744e-01 -3.864398e+00
1.235876e-01 8.112807e-01 -3.864250e+00
1.236876e-01 7.892159e-01 -3.864110e+00
1.237876e-01 6.860592e-01 -3.863978e+00
1.238876e-01 8.311301e-01 -3.863853e+00
1.239876e-01 6.716341e-01 -3.863738e+00
1.240876e-01 7.768968e-01 -3.863631e+00
1.241876e-01 7.945539e-01 -3.863533e+00
1.242876e-01 7.892868e-01 -3.863445e+00
1.243876e-01 6.612926e-01 -3.863367e+00
1.244876e-01 6.630534e-01 -3.863298e+00
1.245875e-01 7.623127e-01 -3.863240e+00
1.246875e-01 6.664823e-01 -3.863193e+00
1.247875e-01 6.800177e-01 -3.863156e+00
1.248875e-01 7.121762e-01 -3.863130e+00
1.249875e-01 6.744525e-01 -3.863116e+00
1.250875e-01 7.329559e-01 -3.863113e+00
1.251875e-01 7.010402e-01 -3.863121e+00
1.252875e-01 6.488314e-01 -3.863142e+00
1.253875e-01 7.230711e-01 -3.863174e+00
1.254875e-01 6.566644e-01 -3.863219e+00
1.255874e-01 6.879327e-01 -3.863276e+00
1.256874e-01 6.231841e-01 -3.863345e+00
1.257874e-01 6.539600e-01 -3.863427e+00
1.258874e-01 6.597676e-01 -3.863522e+00
1.259874e-01 6.327496e-01 -3.863630e+00
1.260874e-01 6.592615e-01 -3.863752e+00
1.261874e-01 6.205369e-01 -3.863886e+00
1.262874e-01 6.675430e-01 -3.864034e+00
1.263874e-01 5.918371e-01 -3.864196e+00
1.264874e-01 5.847412e-01 -3.864371e+00
1.265873e-01 6.638113e-01 -3.864561e+00
1.266873e-01 5.175009e-01 -3.864764e+00
1.267873e-01 5.817628e-01 -3.864982e+00
1.268873e-01 6.651706e-01 -3.865214e+00
1.269873e-01 6.576611e-01 -3.865461e+00
1.270873e-01 6.637612e-01 -3.865723e+00
1.271873e-01 6.645546e-01 -3.865999e+00
1.272873e-01 5.336746e-01 -3.866291e+00
1.273873e-01 6.705304e-01 -3.866598e+00
1.274873e-01 7.244892e-01 -3.866920e+00
1.275872e-01 6.189830e-01 -3.867258e+00
1.276872e-01 6.467290e-01 -3.867612e+00
1.277872e-01 7.455170e-01 -3.867982e+00
1.278872e-01 6.991429e-01 -3.868368e+00
1.279872e-01 6.953859e-01 -3.868771e+00
1.280872e-01 6.431220e-01 -3.869191e+00
1.281872e-01 5.972928e-01 -3.869627e+00
1.282872e-01 6.254713e-01 -3.870080e+00
1.283872e-01 6.498886e-01 -3.870551e+00
1.284872e-01 6.863546e-01 -3.871039e+00
1.285871e-01 7.311112e-01 -3.871545e+00
1.286871e-01 6.801013e-01 -3.872069e+00
1.287871e-01 6.287755e-01 -3.872611e+00
1.288871e-01 6.961024e-01 -3.873171e+00
1.289871e-01 6.491890e-01 -3.873750e+00
1.290871e-01 6.900450e-01 -3.874348e+00
1.291871e-01 6.762850e-01 -3.874965e+00
1.292871e-01 7.340652e-01 -3.875600e+00
1.293871e-01 6.750695e-01 -3.876256e+00
1.294871e-01 5.824609e-01 -3.876931e+00
1.295870e-01 6.868495e-01 -3.877625e+00
1.296870e-01 7.152227e-01 -3.878340e+00
1.297870e-01 8.304809e-01 -3.879075e+00
1.298870e-01 7.479079e-01 -3.879830e+00
1.299870e-01 7.073722e-01 -3.880605e+00
1.300870e-01 7.584631e-01 -3.881401e+00
1.301870e-01 7.282963e-01 -3.882217e+00
1.302870e-01 7.207126e-01 -3.883055e+00
1.303870e-01 7.378091e-01 -3.883913e+00
1.304870e-01 7.597512e-01 -3.884792e+00
1.305869e-01 7.154224e-01 -3.885692e+00
1.306869e-01 7.820857e-01 -3.886613e+00
1.307869e-01 7.357024e-01 -3.887555e+00
1.308869e-01 7.602723e-01 -3.888518e+00
1.309869e-01 7.397342e-01 -3.889503e+00
1.310869e-01 7.638648e-01 -3.890508e+00
1.311869e-01 8.276798e-01 -3.891534e+00
1.312869e-01 8.537645e-01 -3.892581e+00
1.313869e-01 8.014030e-01 -3.893649e+00
1.314869e-01 7.726113e-01 -3.894737e+00
1.315868e-01 8.578111e-01 -3.895846e+00
1.316868e-01 7.422544e-01 -3.896975e+00
1.317868e-01 8.615694e-01 -3.898124e+00
1.318868e-01 8.960112e-01 -3.899292e+00
1.319868e-01 8.055661e-01 -3.900481e+00
1.320868e-01 8.473104e-01 -3.901688e+00
1.321868e-01 8.132028e-01 -3.902914e+00
1.322868e-01 8.509194e-01 -3.904159e+00
1.323868e-01 9.466064e-01 -3.905422e+00
1.324868e-01 8.614766e-01 -3.906703e+00
1.325867e-01 7.602507e-01 -3.908001e+00
1.326867e-01 8.448026e-01 -3.909316e+00
1.327867e-01 8.323251e-01 -3.910647e+00
1.328867e-01 7.973085e-01 -3.911994e+00
1.329867e-01 8.020901e-01 -3.913356e+00
1.330867e-01 8.630266e-01 -3.914733e+00
1.331867e-01 7.973280e-01 -3.916124e+00
1.332867e-01 6.947621e-01 -3.917528e+00
1.333867e-01 8.604299e-01 -3.918945e+00
1.334867e-01 8.666948e-01 -3.920374e+00
1.335866e-01 8.389592e-01 -3.921815e+00
1.336866e-01 8.168783e-01 -3.923266e+00
1.337866e-01 8.187014e-01 -3.924727e+00
1.338866e-01 7.011986e-01 -3.926197e+00
1.339866e-01 8.765114e-01 -3.927675e+00
1.340866e-01 8.416134e-01 -3.929161e+00
1.341866e-01 7.669724e-01 -3.930653e+00
1.342866e-01 7.964715e-01 -3.932151e+00
1.343866e-01 8.160854e-01 -3.933654e+00
1.344866e-01 8.134781e-01 -3.935161e+00
1.345865e-01 7.755897e-01 -3.936671e+00
1.346865e-01 7.917931e-01 -3.938183e+00
1.347865e-01 7.421947e-01 -3.939697e+00
1.348865e-01 7.162849e-01 -3.941211e+00
1.349865e-01 7.725112e-01 -3.942725e+00
1.350865e-01 7.559160e-01 -3.944237e+00
1.351865e-01 7.799851e-01 -3.945747e+00
1.352865e-01 6.408844e-01 -3.947253e+00
1.353865e-01 7.596890e-01 -3.948755e+00
1.354865e-01 7.105876e-01 -3.950252e+00
1.355864e-01 7.051432e-01 -3.951743e+00
1.356864e-01 7.484587e-01 -3.953227e+00
1.357864e-01 6.641616e-01 -3.954703e+00
1.358864e-01 6.592244e-01 -3.956171e+00
1.359864e-01 6.912713e-01 -3.957628e+00
1.360864e-01 7.660999e-01 -3.959075e+00
1.361864e-01 8.144412e-01 -3.960511e+00
1.362864e-01 7.140877e-01 -3.961934e+00
1.363864e-01 6.471945e-01 -3.963345e+00
1.364864e-01 7.283080e-01 -3.964741e+00
1.365863e-01 7.052536e-01 -3.966123e+00
1.366863e-01 6.969375e-01 -3.967490e+00
1.367863e-01 6.962014e-01 -3.968841e+00
1.368863e-01 7.246072e-01 -3.970174e+00
1.369863e-01 6.520247e-01 -3.971491e+00
1.370863e-01 7.406131e-01 -3.972789e+00
1.371863e-01 6.512909e-01 -3.974068e+00
1.372863e-01 6.359781e-01 -3.975328e+00
1.373863e-01 6.316892e-01 -3.976569e+00
1.374863e-01 6.862540e-01 -3.977789e+00
1.375862e-01 6.556347e-01 -3.978988e+00
1.376862e-01 6.857619e-01 -3.980165e+00
1.377862e-01 5.980744e-01 -3.981321e+00
1.378862e-01 6.607313e-01 -3.982455e+00
1.379862e-01 6.316315e-01 -3.983567e+00
1.380862e-01 7.350935e-01 -3.984655e+00
1.381862e-01 6.557901e-01 -3.985721e+00
1.382862e-01 6.886984e-01 -3.986763e+00
1.383862e-01 6.253669e-01 -3.987781e+00
1.384862e-01 6.372669e-01 -3.988776e+00
1.385861e-01 6.250522e-01 -3.989747e+00
1.386861e-01 6.375792e-01 -3.990695e+00
1.387861e-01 7.031265e-01 -3.991618e+00
1.388861e-01 7.432994e-01 -3.992517e+00
1.389861e-01 7.114072e-01 -3.993392e+00
1.390861e-01 7.097855e-01 -3.994243e+00
1.391861e-01 7.654590e-01 -3.995071e+00
1.392861e-01 6.490923e-01 -3.995874e+00
1.393861e-01 8.013208e-01 -3.996654e+00
1.394861e-01 7.753206e-01 -3.997411e+00
1.395860e-01 8.539582e-01 -3.998144e+00
1.396860e-01 7.803494e-01 -3.998854e+00
1.397860e-01 7.168082e-01 -3.999542e+00
1.398860e-01 7.541435e-01 -4.000207e+00
1.399860e-01 8.576965e-01 -4.000850e+00
1.400860e-01 8.333027e-01 -4.001471e+00
1.401860e-01 6.674848e-01 -4.002071e+00
1.402860e-01 8.706731e-01 -4.002650e+00
1.403860e-01 8.658550e-01 -4.003209e+00
1.404860e-01 7.412447e-01 -4.003747e+00
1.405859e-01 7.014863e-01 -4.004266e+00
1.406859e-01 8.560420e-01 -4.004765e+00
1.407859e-01 8.025096e-01 -4.005246e+00
1.408859e-01 8.233453e-01 -4.005709e+00
1.409859e-01 8.382985e-01 -4.006155e+00
1.410859e-01 7.631952e-01 -4.006583e+00
1.411859e-01 8.313092e-01 -4.006995e+00
1.412859e-01 9.162723e-01 -4.007391e+00
1.413859e-01 7.697529e-01 -4.007771e+00
1.414859e-01 8.676605e-01 -4.008137e+00
1.415858e-01 9.087838e-01 -4.008489e+00
1.416858e-01 8.242575e-01 -4.008828e+00
1.417858e-01 8.499338e-01 -4.009154e+00
1.418858e-01 9.180773e-01 -4.009467e+00
1.419858e-01 1.037231e+00 -4.009769e+00
1.420858e-01 8.605027e-01 -4.010060e+00
1.421858e-01 9.803648e-01 -4.010341e+00
1.422858e-01 8.983541e-01 -4.010612e+00
1.423858e-01 9.585182e-01 -4.010874e+00
1.424858e-01 8.883869e-01 -4.011128e+00
1.425857e-01 7.773468e-01 -4.011374e+00
1.426857e-01 8.740558e-01 -4.011612e+00
1.427857e-01 8.625169e-01 -4.011844e+00
1.428857e-01 9.872675e-01 -4.012071e+00
1.429857e-01 8.328487e-01 -4.012292e+00
1.430857e-01 8.803491e-01 -4.012508e+00
1.431857e-01 8.513150e-01 -4.012720e+00
1.432857e-01 8.231867e-01 -4.012929e+00
1.433857e-01 8.700228e-01 -4.013134e+00
1.434857e-01 8.867180e-01 -4.013337e+00
1.435856e-01 8.440404e-01 -4.013539e+00
1.436856e-01 8.488594e-01 -4.013738e+00
1.437856e-01 8.705446e-01 -4.013937e+00
1.438856e-01 8.437098e-01 -4.014136e+00
1.439856e-01 8.275931e-01 -4.014335e+00
1.440856e-01 8.116681e-01 -4.014535e+00
1.441856e-01 8.439003e-01 -4.014735e+00
1.442856e-01 7.950561e-01 -4.014937e+00
1.443856e-01 8.128611e-01 -4.015142e+00
1.444856e-01 8.178287e-01 -4.015348e+00
1.445855e-01 8.116002e-01 -4.015557e+00
1.446855e-01 8.382093e-01 -4.015770e+00
1.447855e-01 7.865875e-01 -4.015986e+00
1.448855e-01 8.089330e-01 -4.016206e+00
1.449855e-01 8.342632e-01 -4.016430e+00
1.450855e-01 8.042968e-01 -4.016659e+00
1.451855e-01 8.602598e-01 -4.016893e+00
1.452855e-01 7.612065e-01 -4.017131e+00
1.453855e-01 7.806614e-01 -4.017375e+00
1.454855e-01 7.736983e-01 -4.017625e+00
1.455854e-01 7.212922e-01 -4.017881e+00
1.456854e-01 7.521540e-01 -4.018142e+00
1.457854e-01 7.583314e-01 -4.018410e+00
1.458854e-01 8.365757e-01 -4.018684e+00
1.459854e-01 7.513898e-01 -4.018965e+00
1.460854e-01 6.130471e-01 -4.019253e+00
1.461854e-01 7.250009e-01 -4.019547e+00
1.462854e-01 6.511795e-01 -4.019849e+00
1.463854e-01 7.537840e-01 -4.020157e+00
1.464854e-01 6.406045e-01 -4.020473e+00
1.465853e-01 6.208358e-01 -4.020796e+00
1.466853e-01 7.650113e-01 -4.021126e+00
1.467853e-01 6.493633e-01 -4.021463e+00
1.468853e-01 6.557869e-01 -4.021807e+00
1.469853e-01 6.186890e-01 -4.022159e+00
1.470853e-01 7.261718e-01 -4.022518e+00
1.471853e-01 7.395206e-01 -4.022885e+00
1.472853e-01 7.500836e-01 -4.023258e+00
1.473853e-01 7.494691e-01 -4.023639e+00
1.474853e-01 6.966824e-01 -4.024026e+00
1.475852e-01 7.140236e-01 -4.024421e+00
1.476852e-01 7.049756e-01 -4.024823e+00
1.477852e-01 6.784689e-01 -4.025231e+00
1.478852e-01 7.389466e-01 -4.025646e+00
1.479852e-01 7.127254e-01 -4.026068e+00
1.480852e-01 6.219286e-01 -4.026496e+00
1.481852e-01 6.859010e-01 -4.026930e+00
1.482852e-01 7.648272e-01 -4.027370e+00
1.483852e-01 6.959941e-01 -4.027816e+00
1.484852e-01 7.459751e-01 -4.028268e+00
1.485851e-01 8.087521e-01 -4.028726e+00
1.486851e-01 8.038237e-01 -4.029189e+00
1.487851e-01 7.072437e-01 -4.029657e+00
1.488851e-01 7.749293e-01 -4.030130e+00
1.489851e-01 7.632963e-01 -4.030607e+00
1.490851e-01 7.714177e-01 -4.031090e+00
1.491851e-01 7.816922e-01 -4.031576e+00
1.492851e-01 7.350118e-01 -4.032067e+00
1.493851e-01 7.195150e-01 -4.032561e+00
1.494851e-01 8.572328e-01 -4.033059e+00
1.495850e-01 7.195159e-01 -4.033561e+00
1.496850e-01 7.560266e-01 -4.034065e+00
1.497850e-01 7.978254e-01 -4.034572e+00
1.498850e-01 8.147550e-01 -4.035082e+00
1.499850e-01 8.058614e-01 -4.035594e+00
1.500850e-01 8.890047e-01 -4.036108e+00
1.501850e-01 9.060388e-01 -4.036623e+00
1.502850e-01 8.706150e-01 -4.037141e+00
1.503850e-01 8.866431e-01 -4.037659e+00
1.504850e-01 8.247159e-01 -4.038178e+00
1.505849e-01 7.638431e-01 -4.038698e+00
1.506849e-01 8.108400e-01 -4.039219e+00
1.507849e-01 8.122773e-01 -4.039739e+00
1.508849e-01 8.213195e-01 -4.040259e+00
1.509849e-01 8.143800e-01 -4.040779e+00
1.510849e-01 8.863106e-01 -4.041298e+00
1.511849e-01 8.356829e-01 -4.041816e+00
1.512849e-01 8.692816e-01 -4.042333e+00
1.513849e-01 8.876348e-01 -4.042848e+00
1.514849e-01 9.525134e-01 -4.043361e+00
1.515848e-01 9.592437e-01 -4.043872e+00
1.516848e-01 1.021531e+00 -4.044381e+00
1.517848e-01 9.275392e-01 -4.044887e+00
1.518848e-01 8.897403e-01 -4.045390e+00
1.519848e-01 1.010577e+00 -4.045890e+00
1.520848e-01 8.753269e-01 -4.046387e+00
1.521848e-01 9.279050e-01 -4.046880e+00
1.522848e-01 9.669030e-01 -4.047369e+00
1.523848e-01 8.446058e-01 -4.047853e+00
1.524848e-01 7.948037e-01 -4.048334e+00
1.525847e-01 9.605123e-01 -4.048809e+00
1.526847e-01 9.551908e-01 -4.049280e+00
1.527847e-01 8.965712e-01 -4.049745e+00
1.528847e-01 7.591179e-01 -4.050206e+00
1.529847e-01 9.262785e-01 -4.050660e+00
1.530847e-01 8.933263e-01 -4.051109e+00
1.531847e-01 8.885649e-01 -4.051551e+00
1.532847e-01 8.934807e-01 -4.051988e+00
1.533847e-01 8.591660e-01 -4.052418e+00
1.534847e-01 9.934358e-01 -4.052841e+00
1.535846e-01 8.452527e-01 -4.053257e+00
1.536846e-01 8.684620e-01 -4.053666e+00
1.537846e-01 9.286566e-01 -4.054068e+00
1.538846e-01 8.851470e-01 -4.054463e+00
1.539846e-01 8.352060e-01 -4.054850e+00
1.540846e-01 8.682624e-01 -4.055229e+00
1.541846e-01 8.614320e-01 -4.055600e+00
1.542846e-01 8.987673e-01 -4.055963e+00
1.543846e-01 8.476990e-01 -4.056318e+00
1.544846e-01 8.382286e-01 -4.056665e+00
1.545845e-01 8.553052e-01 -4.057003e+00
1.546845e-01 8.468382e-01 -4.057332e+00
1.547845e-01 8.504093e-01 -4.057653e+00
1.548845e-01 7.662239e-01 -4.057964e+00
1.549845e-01 8.221377e-01 -4.058267e+00
1.550845e-01 8.389679e-01 -4.058560e+00
1.551845e-01 8.132382e-01 -4.058844e+00
1.552845e-01 8.495251e-01 -4.059119e+00
1.553845e-01 7.859738e-01 -4.059384e+00
1.554845e-01 8.076800e-01 -4.059640e+00
1.555844e-01 8.239226e-01 -4.059886e+00
1.556844e-01 7.842245e-01 -4.060123e+00
1.557844e-01 8.174573e-01 -4.060350e+00
1.558844e-01 8.065761e-01 -4.060567e+00
1.559844e-01 7.562280e-01 -4.060774e+00
1.560844e-01 8.527742e-01 -4.060971e+00
1.561844e-01 8.495694e-01 -4.061158e+00
1.562844e-01 6.659865e-01 -4.061336e+00
1.563844e-01 7.382811e-01 -4.061503e+00
1.564844e-01 7.967653e-01 -4.061660e+00
1.565843e-01 6.874495e-01 -4.061807e+00
1.566843e-01 7.047507e-01 -4.061945e+00
1.567843e-01 7.921029e-01 -4.062072e+00
1.568843e-01 7.562117e-01 -4.062189e+00
1.569843e-01 7.188247e-01 -4.062296e+00
1.570843e-01 7.610765e-01 -4.062392e+00
1.571843e-01 7.517322e-01 -4.062479e+00
1.572843e-01 7.370937e-01 -4.062556e+00
1.573843e-01 7.608795e-01 -4.062623e+00
1.574843e-01 7.533587e-01 -4.062680e+00
1.575842e-01 7.199825e-01 -4.062727e+00
1.576842e-01 7.481950e-01 -4.062764e+00
1.577842e-01 7.950231e-01 -4.062792e+00
1.578842e-01 7.328684e-01 -4.062810e+00
1.579842e-01 7.098115e-01 -4.062818e+00
1.580842e-01 7.494233e-01 -4.062816e+00
1.581842e-01 7.870332e-01 -4.062805e+00
1.582842e-01 7.737116e-01 -4.062785e+00
1.583842e-01 7.855015e-01 -4.062755e+00
1.584842e-01 8.258582e-01 -4.062716e+00
1.585841e-01 7.706861e-01 -4.062668e+00
1.586841e-01 7.490008e-01 -4.062611e+00
1.587841e-01 7.771500e-01 -4.062545e+00
1.588841e-01 7.521068e-01 -4.062471e+00
1.589841e-01 7.067337e-01 -4.062387e+00
1.590841e-01 7.900270e-01 -4.062295e+00
1.591841e-01 7.995331e-01 -4.062195e+00
1.592841e-01 8.527323e-01 -4.062086e+00
1.593841e-01 8.260121e-01 -4.061970e+00
1.594841e-01 8.126386e-01 -4.061845e+00
1.595840e-01 8.042322e-01 -4.061712e+00
1.596840e-01 7.827922e-01 -4.061572e+00
1.597840e-01 9.202567e-01 -4.061424e+00
1.598840e-01 7.844792e-01 -4.061269e+00
1.599840e-01 8.611520e-01 -4.061107e+00
1.600840e-01 8.237875e-01 -4.060937e+00
1.601840e-01 8.772963e-01 -4.060761e+00
1.602840e-01 8.304884e-01 -4.060578e+00
1.603840e-01 7.994868e-01 -4.060389e+00
1.604840e-01 8.328939e-01 -4.060194e+00
1.605839e-01 8.622301e-01 -4.059992e+00
1.606839e-01 9.297715e-01 -4.059785e+00
1.607839e-01 7.923077e-01 -4.059572e+00
1.608839e-01 8.175036e-01 -4.059353e+00
1.609839e-01 9.183168e-01 -4.059129e+00
1.610839e-01 9.766380e-01 -4.058900e+00
1.611839e-01 9.144080e-01 -4.058667e+00
1.612839e-01 8.810723e-01 -4.058428e+00
1.613839e-01 9.926822e-01 -4.058186e+00
1.614839e-01 9.637667e-01 -4.057939e+00
1.615838e-01 8.786901e-01 -4.057688e+00
1.616838e-01 8.427813e-01 -4.057434e+00
1.617838e-01 9.096918e-01 -4.057176e+00
1.618838e-01 9.745621e-01 -4.056914e+00
1.619838e-01 9.346369e-01 -4.056650e+00
1.620838e-01 9.962604e-01 -4.056384e+00
1.621838e-01 8.997653e-01 -4.056114e+00
1.622838e-01 1.072475e+00 -4.055843e+00
1.623838e-01 8.519939e-01 -4.055569e+00
1.624838e-01 9.341422e-01 -4.055294e+00
1.625837e-01 9.253938e-01 -4.055017e+00
1.626837e-01 9.580694e-01 -4.054739e+00
1.627837e-01 1.024780e+00 -4.054460e+00
1.628837e-01 9.371790e-01 -4.054180e+00
1.629837e-01 9.506198e-01 -4.053900e+00
1.630837e-01 9.575015e-01 -4.053620e+00
1.631837e-01 1.018370e+00 -4.053340e+00
1.632837e-01 8.784395e-01 -4.053060e+00
1.633837e-01 9.521106e-01 -4.052781e+00
1.634837e-01 9.864443e-01 -4.052502e+00
1.635836e-01 9.587619e-01 -4.052225e+00
1.636836e-01 8.800776e-01 -4.051949e+00
1.637836e-01 8.155432e-01 -4.051675e+00
1.638836e-01 9.709029e-01 -4.051402e+00
1.639836e-01 9.642560e-01 -4.051132e+00
1.640836e-01 9.294768e-01 -4.050865e+00
1.641836e-01 8.558327e-01 -4.050600e+00
1.642836e-01 9.130043e-01 -4.050338e+00
1.643836e-01 8.995895e-01 -4.050079e+00
1.644836e-01 8.526367e-01 -4.049824e+00
1.645835e-01 8.425828e-01 -4.049573e+00
1.646835e-01 8.944786e-01 -4.049326e+00
1.647835e-01 8.832475e-01 -4.049083e+00
1.648835e-01 8.381114e-01 -4.048845e+00
1.649835e-01 8.730201e-01 -4.048611e+00
1.650835e-01 7.911830e-01 -4.048383e+00
1.651835e-01 8.808741e-01 -4.048160e+00
1.652835e-01 8.003578e-01 -4.047943e+00
1.653835e-01 8.937601e-01 -4.047732e+00
1.654835e-01 8.843364e-01 -4.047526e+00
1.655834e-01 8.637070e-01 -4.047327e+00
1.656834e-01 8.818518e-01 -4.047135e+00
1.657834e-01 9.201121e-01 -4.046950e+00
1.658834e-01 8.338226e-01 -4.046771e+00
1.659834e-01 7.356532e-01 -4.046601e+00
1.660834e-01 8.348629e-01 -4.046437e+00
1.661834e-01 7.604426e-01 -4.046282e+00
1.662834e-01 8.189082e-01 -4.046134e+00
1.663834e-01 7.628397e-01 -4.045995e+00
1.664834e-01 8.164384e-01 -4.045865e+00
1.665833e-01 8.128810e-01 -4.045743e+00
1.666833e-01 7.980571e-01 -4.045630e+00
1.667833e-01 7.187565e-01 -4.045526e+00
1.668833e-01 7.132323e-01 -4.045431e+00
1.669833e-01 7.845309e-01 -4.045346e+00
1.670833e-01 7.933617e-01 -4.045271e+00
1.671833e-01 7.015025e-01 -4.045206e+00
1.672833e-01 7.352608e-01 -4.045151e+00
1.673833e-01 8.187965e-01 -4.045106e+00
1.674833e-01 8.423062e-01 -4.045071e+00
1.675832e-01 6.842548e-01 -4.045048e+00
1.676832e-01 7.353385e-01 -4.045035e+00
1.677832e-01 8.635239e-01 -4.045033e+00
1.678832e-01 8.296485e-01 -4.045042e+00
1.679832e-01 8.497487e-01 -4.045063e+00
1.680832e-01 8.301287e-01 -4.045095e+00
1.681832e-01 8.256901e-01 -4.045138e+00
1.682832e-01 7.306852e-01 -4.045193e+00
1.683832e-01 7.810627e-01 -4.045260e+00
1.684832e-01 7.802517e-01 -4.045339e+00
1.685831e-01 7.148514e-01 -4.045430e+00
1.686831e-01 7.919001e-01 -4.045533e+00
1.687831e-01 8.153050e-01 -4.045649e+00
1.688831e-01 8.581779e-01 -4.045776e+00
1.689831e-01 8.415449e-01 -4.045917e+00
1.690831e-01 7.467914e-01 -4.046069e+00
1.691831e-01 8.547396e-01 -4.046234e+00
1.692831e-01 8.208788e-01 -4.046412e+00
1.693831e-01 8.678393e-01 -4.046602e+00
1.694831e-01 8.177490e-01 -4.046805e+00
1.695830e-01 8.815808e-01 -4.047021e+00
1.696830e-01 7.779593e-01 -4.047250e+00
1.697830e-01 9.012565e-01 -4.047491e+00
1.698830e-01 9.130288e-01 -4.047745e+00
1.699830e-01 8.820273e-01 -4.048012e+00
1.700830e-01 8.322012e-01 -4.048292e+00
1.701830e-01 9.392773e-01 -4.048584e+00
1.702830e-01 8.052638e-01 -4.048890e+00
1.703830e-01 8.888209e-01 -4.049208e+00
1.704830e-01 9.394607e-01 -4.049538e+00
1.705829e-01 8.434559e-01 -4.049882e+00
1.706829e-01 1.023746e+00 -4.050237e+00
1.707829e-01 9.559493e-01 -4.050606e+00
1.708829e-01 8.972558e-01 -4.050987e+00
1.709829e-01 8.417421e-01 -4.051380e+00
1.710829e-01 9.332021e-01 -4.051786e+00
1.711829e-01 8.877776e-01 -4.052204e+00
1.712829e-01 9.478722e-01 -4.052633e+00
1.713829e-01 1.002487e+00 -4.053075e+00
1.714829e-01 9.975280e-01 -4.053529e+00
1.715828e-01 9.525881e-01 -4.053995e+00
1.716828e-01 1.004535e+00 -4.054472e+00
1.717828e-01 9.183348e-01 -4.054960e+00
1.718828e-01 9.776845e-01 -4.055460e+00
1.719828e-01 9.475446e-01 -4.055971e+00
1.720828e-01 9.050155e-01 -4.056493e+00
1.721828e-01 9.388427e-01 -4.057026e+00
1.722828e-01 8.888676e-01 -4.057570e+00
1.723828e-01 1.037770e+00 -4.058124e+00
1.724828e-01 9.897304e-01 -4.058688e+00
1.725827e-01 1.003441e+00 -4.059262e+00
1.726827e-01 9.304161e-01 -4.059847e+00
1.727827e-01 9.272540e-01 -4.060440e+00
1.728827e-01 1.039879e+00 -4.061044e+00
1.729827e-01 9.497856e-01 -4.061656e+00
1.730827e-01 1.008895e+00 -4.062278e+00
1.731827e-01 1.005044e+00 -4.062908e+00
1.732827e-01 9.863283e-01 -4.063547e+00
1.733827e-01 8.977896e-01 -4.064194e+00
1.734827e-01 1.013426e+00 -4.064849e+00
1.735826e-01 9.424065e-01 -4.065511e+00
1.736826e-01 9.192108e-01 -4.066182e+00
1.737826e-01 9.293976e-01 -4.066859e+00
1.738826e-01 1.021278e+00 -4.067544e+00
1.739826e-01 9.089214e-01 -4.068235e+00
1.740826e-01 9.822359e-01 -4.068933e+00
1.741826e-01 9.087130e-01 -4.069636e+00
1.742826e-01 9.171356e-01 -4.070346e+00
1.743826e-01 9.552437e-01 -4.071061e+00
1.744826e-01 9.773473e-01 -4.071782e+00
1.745825e-01 9.709622e-01 -4.072507e+00
1.746825e-01 9.929498e-01 -4.073238e+00
1.747825e-01 9.123428e-01 -4.073972e+00
1.748825e-01 9.111224e-01 -4.074711e+00
1.749825e-01 9.751677e-01 -4.075454e+00
1.750825e-01 9.408755e-01 -4.076201e+00
1.751825e-01 8.711073e-01 -4.076951e+00
1.752825e-01 9.081012e-01 -4.077703e+00
1.753825e-01 8.381023e-01 -4.078459e+00
1.754825e-01 7.972891e-01 -4.079217e+00
1.755824e-01 8.211076e-01 -4.079977e+00
1.756824e-01 8.883463e-01 -4.080740e+00
1.757824e-01 8.854637e-01 -4.081504e+00
1.758824e-01 8.164945e-01 -4.082269e+00
1.759824e-01 8.843651e-01 -4.083035e+00
1.760824e-01 8.400041e-01 -4.083803e+00
1.761824e-01 9.487330e-01 -4.084570e+00
1.762824e-01 8.867520e-01 -4.085339e+00
1.763824e-01 8.198095e-01 -4.086107e+00
1.764824e-01 8.423735e-01 -4.086875e+00
1.765823e-01 8.051390e-01 -4.087643e+00
1.766823e-01 7.877077e-01 -4.088410e+00
1.767823e-01 8.022173e-01 -4.089176e+00
1.768823e-01 7.534706e-01 -4.089942e+00
1.769823e-01 7.575053e-01 -4.090706e+00
1.770823e-01 7.927929e-01 -4.091468e+00
1.771823e-01 9.051745e-01 -4.092229e+00
1.772823e-01 8.700504e-01 -4.092988e+00
1.773823e-01 8.347948e-01 -4.093745e+00
1.774823e-01 7.673140e-01 -4.094500e+00
1.775822e-01 8.985826e-01 -4.095253e+00
1.776822e-01 7.958754e-01 -4.096003e+00
1.777822e-01 7.543194e-01 -4.096750e+00
1.778822e-01 7.834696e-01 -4.097495e+00
1.779822e-01 7.767155e-01 -4.098236e+00
1.780822e-01 7.805516e-01 -4.098975e+00
1.781822e-01 8.487218e-01 -4.099711e+00
1.782822e-01 7.841121e-01 -4.100443e+00
1.783822e-01 7.925056e-01 -4.101172e+00
1.784822e-01 8.298571e-01 -4.101898e+00
1.785821e-01 8.276309e-01 -4.102620e+00
1.786821e-01 8.907417e-01 -4.103339e+00
1.787821e-01 8.115760e-01 -4.104054e+00
1.788821e-01 8.338569e-01 -4.104766e+00
1.789821e-01 7.505302e-01 -4.105474e+00
1.790821e-01 7.826818e-01 -4.106179e+00
1.791821e-01 9.040940e-01 -4.106880e+00
1.792821e-01 8.327069e-01 -4.107577e+00
1.793821e-01 8.475572e-01 -4.108272e+00
1.794821e-01 9.420545e-01 -4.108962e+00
1.795820e-01 8.790113e-01 -4.109650e+00
1.796820e-01 8.671437e-01 -4.110334e+00
1.797820e-01 9.519192e-01 -4.111014e+00
1.798820e-01 8.680895e-01 -4.111692e+00
1.799820e-01 8.894129e-01 -4.112367e+00
1.800820e-01 9.319477e-01 -4.113038e+00
1.801820e-01 8.906200e-01 -4.113707e+00
1.802820e-01 9.931200e-01 -4.114374e+00
1.803820e-01 8.620005e-01 -4.115037e+00
1.804820e-01 8.563579e-01 -4.115699e+00
1.805819e-01 8.954384e-01 -4.116358e+00
1.806819e-01 9.205552e-01 -4.117016e+00
1.807819e-01 9.883607e-01 -4.117671e+00
1.808819e-01 9.050822e-01 -4.118325e+00
1.809819e-01 9.268683e-01 -4.118978e+00
1.810819e-01 8.329648e-01 -4.119629e+00
1.811819e-01 1.001104e+00 -4.120280e+00
1.812819e-01 9.472363e-01 -4.120930e+00
1.813819e-01 9.135841e-01 -4.121579e+00
1.814819e-01 1.083788e+00 -4.122229e+00
1.815818e-01 1.009408e+00 -4.122878e+00
1.816818e-01 9.474404e-01 -4.123528e+00
1.817818e-01 9.771286e-01 -4.124178e+00
1.818818e-01 1.026873e+00 -4.124830e+00
1.819818e-01 1.086275e+00 -4.125483e+00
1.820818e-01 1.041050e+00 -4.126137e+00
1.821818e-01 9.905973e-01 -4.126793e+00
1.822818e-01 1.034557e+00 -4.127452e+00
1.823818e-01 1.084603e+00 -4.128113e+00
1.824818e-01 1.042443e+00 -4.128776e+00
1.825817e-01 1.037389e+00 -4.129443e+00
1.826817e-01 9.889280e-01 -4.130114e+00
1.827817e-01 9.466462e-01 -4.130788e+00
1.828817e-01 9.911135e-01 -4.131466e+00
1.829817e-01 9.618452e-01 -4.132149e+00
1.830817e-01 1.010938e+00 -4.132837e+00
1.831817e-01 1.059246e+00 -4.133530e+00
1.832817e-01 9.335914e-01 -4.134229e+00
1.833817e-01 1.048686e+00 -4.134934e+00
1.834817e-01 9.796571e-01 -4.135644e+00
1.835816e-01 1.076718e+00 -4.136362e+00
1.836816e-01 8.903995e-01 -4.137086e+00
1.837816e-01 1.027703e+00 -4.137817e+00
1.838816e-01 9.547684e-01 -4.138557e+00
1.839816e-01 9.642845e-01 -4.139304e+00
1.840816e-01 1.089863e+00 -4.140059e+00
1.841816e-01 9.595680e-01 -4.140823e+00
1.842816e-01 1.040916e+00 -4.141596e+00
1.843816e-01 9.610229e-01 -4.142378e+00
1.844816e-01 1.058450e+00 -4.143169e+00
1.845815e-01 9.611353e-01 -4.143971e+00
1.846815e-01 9.613509e-01 -4.144782e+00
1.847815e-01 9.676669e-01 -4.145604e+00
1.848815e-01 9.671124e-01 -4.146437e+00
1.849815e-01 8.387409e-01 -4.147281e+00
1.850815e-01 9.121233e-01 -4.148136e+00
1.851815e-01 9.392459e-01 -4.149002e+00
1.852815e-01 8.814966e-01 -4.149880e+00
1.853815e-01 9.513407e-01 -4.150770e+00
1.854815e-01 9.812109e-01 -4.151672e+00
1.855814e-01 8.749356e-01 -4.152587e+00
1.856814e-01 9.225749e-01 -4.153514e+00
1.857814e-01 8.512001e-01 -4.154454e+00
1.858814e-01 7.336892e-01 -4.155407e+00
1.859814e-01 9.170820e-01 -4.156373e+00
1.860814e-01 8.338058e-01 -4.157353e+00
1.861814e-01 8.857533e-01 -4.158345e+00
1.862814e-01 8.509088e-01 -4.159352e+00
1.863814e-01 8.617144e-01 -4.160372e+00
1.864814e-01 8.145726e-01 -4.161406e+00
1.865813e-01 8.452495e-01 -4.162453e+00
1.866813e-01 7.663884e-01 -4.163515e+00
1.867813e-01 8.522683e-01 -4.164590e+00
1.868813e-01 8.174196e-01 -4.165679e+00
1.869813e-01 8.442228e-01 -4.166783e+00
1.870813e-01 8.420430e-01 -4.167900e+00
1.871813e-01 8.520855e-01 -4.169031e+00
1.872813e-01 7.734985e-01 -4.170177e+00
1.873813e-01 7.958084e-01 -4.171336e+00
1.874813e-01 8.264978e-01 -4.172509e+00
1.875812e-01 8.991700e-01 -4.173696e+00
1.876812e-01 8.649254e-01 -4.174897e+00
1.877812e-01 8.511123e-01 -4.176111e+00
1.878812e-01 8.030009e-01 -4.177339e+00
1.879812e-01 7.974867e-01 -4.178580e+00
1.880812e-01 8.324450e-01 -4.179835e+00
1.881812e-01 7.982095e-01 -4.181103e+00
1.882812e-01 9.290763e-01 -4.182383e+00
1.883812e-01 8.622280e-01 -4.183676e+00
1.884812e-01 8.457245e-01 -4.184982e+00
1.885811e-01 8.771417e-01 -4.186300e+00
1.886811e-01 8.588977e-01 -4.187630e+00
1.887811e-01 8.494277e-01 -4.188972e+00
1.888811e-01 8.728743e-01 -4.190326e+00
1.889811e-01 9.460279e-01 -4.191691e+00
1.890811e-01 9.018820e-01 -4.193067e+00
1.891811e-01 8.799891e-01 -4.194453e+00
1.892811e-01 8.643536e-01 -4.195850e+00
1.893811e-01 8.437477e-01 -4.197258e+00
1.894811e-01 9.212894e-01 -4.198675e+00
1.895810e-01 8.555692e-01 -4.200101e+00
1.896810e-01 9.297361e-01 -4.201537e+00
1.897810e-01 9.747425e-01 -4.202981e+00
1.898810e-01 9.540983e-01 -4.204434e+00
1.899810e-01 8.903136e-01 -4.205895e+00
1.900810e-01 8.692101e-01 -4.207364e+00
1.901810e-01 9.667223e-01 -4.208840e+00
1.902810e-01 1.009327e+00 -4.210323e+00
1.903810e-01 9.336653e-01 -4.211812e+00
1.904810e-01 9.267773e-01 -4.213308e+00
1.905809e-01 9.539638e-01 -4.214809e+00
1.906809e-01 1.010827e+00 -4.216316e+00
1.907809e-01 9.146541e-01 -4.217827e+00
1.908809e-01 9.736049e-01 -4.219343e+00
1.909809e-01 1.104572e+00 -4.220864e+00
1.910809e-01 9.725620e-01 -4.222387e+00
1.911809e-01 1.029195e+00 -4.223915e+00
1.912809e-01 9.440638e-01 -4.225445e+00
1.913809e-01 9.464689e-01 -4.226977e+00
1.914809e-01 1.004075e+00 -4.228512e+00
1.915808e-01 9.411602e-01 -4.230048e+00
1.916808e-01 9.667869e-01 -4.231585e+00
1.917808e-01 9.852879e-01 -4.233123e+00
1.918808e-01 1.016466e+00 -4.234661e+00
1.919808e-01 1.078299e+00 -4.236200e+00
1.920808e-01 1.037953e+00 -4.237738e+00
1.921808e-01 1.064083e+00 -4.239275e+00
1.922808e-01 1.020974e+00 -4.240811e+00
1.923808e-01 1.028821e+00 -4.242346e+00
1.924808e-01 9.491391e-01 -4.243878e+00
1.925807e-01 1.065352e+00 -4.245408e+00
1.926807e-01 9.714542e-01 -4.246936e+00
1.927807e-01 1.120427e+00 -4.248461e+00
1.928807e-01 1.013664e+00 -4.249982e+00
1.929807e-01 9.504771e-01 -4.251499e+00
1.930807e-01 1.038453e+00 -4.253013e+00
1.931807e-01 1.035705e+00 -4.254522e+00
1.932807e-01 9.893295e-01 -4.256026e+00
1.933807e-01 1.068666e+00 -4.257526e+00
1.934807e-01 1.018312e+00 -4.259020e+00
1.935806e-01 9.838171e-01 -4.260509e+00
1.936806e-01 9.718925e-01 -4.261992e+00
1.937806e-01 1.001272e+00 -4.263469e+00
1.938806e-01 1.010607e+00 -4.264939e+00
1.939806e-01 1.000713e+00 -4.266403e+00
1.940806e-01 1.088697e+00 -4.267861e+00
1.941806e-01 9.488254e-01 -4.269311e+00
1.942806e-01 9.922995e-01 -4.270755e+00
1.943806e-01 1.023430e+00 -4.272191e+00
1.944806e-01 1.013240e+00 -4.273619e+00
1.945805e-01 9.197425e-01 -4.275040e+00
1.946805e-01 9.225319e-01 -4.276454e+00
1.947805e-01 9.455994e-01 -4.277859e+00
1.948805e-01 9.570445e-01 -4.279256e+00
1.949805e-01 1.021043e+00 -4.280645e+00
1.950805e-01 9.057055e-01 -4.282026e+00
1.951805e-01 9.280511e-01 -4.283399e+00
1.952805e-01 8.735020e-01 -4.284763e+00
1.953805e-01 9.356734e-01 -4.286119e+00
1.954805e-01 9.578220e-01 -4.287466e+00
1.955804e-01 9.603547e-01 -4.288805e+00
1.956804e-01 9.355530e-01 -4.290135e+00
1.957804e-01 8.970480e-01 -4.291457e+00
1.958804e-01 9.017985e-01 -4.292771e+00
1.959804e-01 8.711813e-01 -4.294075e+00
1.960804e-01 9.278987e-01 -4.295372e+00
1.961804e-01 8.498975e-01 -4.296660e+00
1.962804e-01 8.305324e-01 -4.297940e+00
1.963804e-01 7.668743e-01 -4.299211e+00
1.964804e-01 8.664832e-01 -4.300474e+00
1.965803e-01 8.840221e-01 -4.301729e+00
1.966803e-01 8.628188e-01 -4.302976e+00
1.967803e-01 8.444049e-01 -4.304215e+00
1.968803e-01 8.664377e-01 -4.305446e+00
1.969803e-01 8.333831e-01 -4.306670e+00
1.970803e-01 8.424463e-01 -4.307886e+00
1.971803e-01 7.772118e-01 -4.309095e+00
1.972803e-01 8.150531e-01 -4.310296e+00
1.973803e-01 8.425970e-01 -4.311491e+00
1.974803e-01 8.905847e-01 -4.312679e+00
1.975802e-01 9.213639e-01 -4.313859e+00
1.976802e-01 7.855335e-01 -4.315034e+00
1.977802e-01 9.290355e-01 -4.316202e+00
1.978802e-01 8.077701e-01 -4.317364e+00
1.979802e-01 8.395411e-01 -4.318520e+00
1.980802e-01 8.527420e-01 -4.319671e+00
1.981802e-01 9.062606e-01 -4.320816e+00
1.982802e-01 8.377136e-01 -4.321955e+00
1.983802e-01 8.549569e-01 -4.323090e+00
1.984802e-01 9.267649e-01 -4.324220e+00
1.985801e-01 8.536704e-01 -4.325346e+00
1.986801e-01 8.377844e-01 -4.326467e+00
1.987801e-01 9.119627e-01 -4.327584e+00
1.988801e-01 9.236980e-01 -4.328698e+00
1.989801e-01 9.704473e-01 -4.329808e+00
1.990801e-01 9.037242e-01 -4.330915e+00
1.991801e-01 9.072835e-01 -4.332019e+00
1.992801e-01 8.939923e-01 -4.333120e+00
1.993801e-01 8.691570e-01 -4.334218e+00
1.994801e-01 8.857261e-01 -4.335315e+00
1.995800e-01 8.753926e-01 -4.336409e+00
1.996800e-01 9.998336e-01 -4.337502e+00
1.997800e-01 8.552475e-01 -4.338594e+00
1.998800e-01 9.243133e-01 -4.339685e+00
1.999800e-01 8.842821e-01 -4.340774e+00
2.000800e-01 9.115329e-01 -4.341863e+00
2.001800e-01 9.048691e-01 -4.342952e+00
2.002800e-01 1.059685e+00 -4.344041e+00
2.003800e-01 9.855033e-01 -4.345130e+00
2.004800e-01 9.398550e-01 -4.346220e+00
2.005799e-01 9.563642e-01 -4.347311e+00
2.006799e-01 9.470128e-01 -4.348402e+00
2.007799e-01 1.029277e+00 -4.349495e+00
2.008799e-01 1.026438e+00 -4.350589e+00
2.009799e-01 1.011742e+00 -4.351686e+00
2.010799e-01 9.550846e-01 -4.352784e+00
2.011799e-01 1.049381e+00 -4.353884e+00
2.012799e-01 1.064413e+00 -4.354988e+00
2.013799e-01 1.072544e+00 -4.356094e+00
2.014799e-01 1.033982e+00 -4.357203e+00
2.015798e-01 1.076230e+00 -4.358315e+00
2.016798e-01 9.945564e-01 -4.359431e+00
2.017798e-01 1.085406e+00 -4.360550e+00
2.018798e-01 1.081021e+00 -4.361674e+00
2.019798e-01 1.096078e+00 -4.362801e+00
2.020798e-01 1.036363e+00 -4.363933e+00
2.021798e-01 1.069297e+00 -4.365070e+00
2.022798e-01 1.023755e+00 -4.366211e+00
2.023798e-01 1.048456e+00 -4.367358e+00
2.024798e-01 1.061670e+00 -4.368509e+00
2.025797e-01 1.079236e+00 -4.369666e+00
2.026797e-01 1.066974e+00 -4.370829e+00
2.027797e-01 9.695581e-01 -4.371997e+00
2.028797e-01 1.155261e+00 -4.373171e+00
2.029797e-01 1.106414e+00 -4.374351e+00
2.030797e-01 1.029588e+00 -4.375537e+00
2.031797e-01 1.029345e+00 -4.376730e+00
2.032797e-01 9.470789e-01 -4.377929e+00
2.033797e-01 9.941935e-01 -4.379135e+00
2.034797e-01 1.003679e+00 -4.380347e+00
2.035796e-01 9.624885e-01 -4.381566e+00
2.036796e-01 9.413565e-01 -4.382793e+00
2.037796e-01 1.100987e+00 -4.384026e+00
2.038796e-01 1.055574e+00 -4.385267e+00
2.039796e-01 1.019718e+00 -4.386515e+00
2.040796e-01 9.261061e-01 -4.387771e+00
2.041796e-01 1.108859e+00 -4.389034e+00
2.042796e-01 9.534680e-01 -4.390304e+00
2.043796e-01 9.266756e-01 -4.391583e+00
2.044796e-01 1.124047e+00 -4.392869e+00
2.045795e-01 1.008544e+00 -4.394163e+00
2.046795e-01 9.998823e-01 -4.395464e+00
2.047795e-01 9.828742e-01 -4.396774e+00
2.048795e-01 9.523792e-01 -4.398091e+00
2.049795e-01 9.571740e-01 -4.399417e+00
2.050795e-01 9.018697e-01 -4.400751e+00
2.051795e-01 9.969747e-01 -4.402092e+00
2.052795e-01 9.801777e-01 -4.403442e+00
2.053795e-01 8.999471e-01 -4.404800e+00
2.054795e-01 9.149894e-01 -4.406166e+00
2.055794e-01 8.831016e-01 -4.407539e+00
2.056794e-01 9.485850e-01 -4.408921e+00
2.057794e-01 9.295349e-01 -4.410311e+00
2.058794e-01 9.457783e-01 -4.411709e+00
2.059794e-01 8.348288e-01 -4.413115e+00
2.060794e-01 9.578776e-01 -4.414529e+00
2.061794e-01 9.179135e-01 -4.415951e+00
2.062794e-01 9.448337e-01 -4.417380e+00
2.063794e-01 8.481590e-01 -4.418817e+00
2.064794e-01 8.932256e-01 -4.420262e+00
2.065793e-01 9.394201e-01 -4.421715e+00
2.066793e-01 9.062732e-01 -4.423174e+00
2.067793e-01 9.279805e-01 -4.424642e+00
2.068793e-01 8.695039e-01 -4.426116e+00
2.069793e-01 8.520737e-01 -4.427598e+00
2.070793e-01 8.113547e-01 -4.429087e+00
2.071793e-01 9.003485e-01 -4.430582e+00
2.072793e-01 8.716304e-01 -4.432084e+00
2.073793e-01 8.603774e-01 -4.433593e+00
2.074793e-01 8.210298e-01 -4.435108e+00
2.075792e-01 8.970432e-01 -4.436629e+00
2.076792e-01 8.795446e-01 -4.438157e+00
2.077792e-01 9.078737e-01 -4.439690e+00
2.078792e-01 8.139082e-01 -4.441228e+00
2.079792e-01 8.504738e-01 -4.442772e+00
2.080792e-01 7.864117e-01 -4.444321e+00
2.081792e-01 9.281864e-01 -4.445875e+00
2.082792e-01 8.973398e-01 -4.447433e+00
2.083792e-01 7.816292e-01 -4.448996e+00
2.084792e-01 8.311218e-01 -4.450562e+00
2.085791e-01 1.020795e+00 -4.452132e+00
2.086791e-01 8.519913e-01 -4.453706e+00
2.087791e-01 8.655256e-01 -4.455282e+00
2.088791e-01 8.683942e-01 -4.456861e+00
2.089791e-01 8.212022e-01 -4.458442e+00
2.090791e-01 8.841790e-01 -4.460025e+00
2.091791e-01 9.264837e-01 -4.461610e+00
2.092791e-01 9.359758e-01 -4.463195e+00
2.093791e-01 9.246134e-01 -4.464781e+00
2.094791e-01 9.144576e-01 -4.466367e+00
2.095790e-01 9.527847e-01 -4.467952e+00
2.096790e-01 9.832371e-01 -4.469537e+00
2.097790e-01 1.036200e+00 -4.471120e+00
2.098790e-01 9.503158e-01 -4.472701e+00
2.099790e-01 9.171141e-01 -4.474279e+00
2.100790e-01 1.023290e+00 -4.475855e+00
2.101790e-01 1.004509e+00 -4.477426e+00
2.102790e-01 9.299509e-01 -4.478993e+00
2.103790e-01 9.712832e-01 -4.480555e+00
2.104790e-01 1.005102e+00 -4.482112e+00
2.105789e-01 9.304068e-01 -4.483662e+00
2.106789e-01 1.047312e+00 -4.485205e+00
2.107789e-01 1.040963e+00 -4.486740e+00
2.108789e-01 1.066594e+00 -4.488266e+00
2.109789e-01 1.009445e+00 -4.489783e+00
2.110789e-01 1.078982e+00 -4.491290e+00
2.111789e-01 1.079840e+00 -4.492786e+00
2.112789e-01 1.041275e+00 -4.494270e+00
2.113789e-01 1.025999e+00 -4.495742e+00
2.114789e-01 1.121563e+00 -4.497199e+00
2.115788e-01 1.044461e+00 -4.498643e+00
2.116788e-01 9.798424e-01 -4.500071e+00
2.117788e-01 1.121546e+00 -4.501482e+00
2.118788e-01 1.005926e+00 -4.502876e+00
2.119788e-01 1.060875e+00 -4.504252e+00
2.120788e-01 1.085554e+00 -4.505608e+00
2.121788e-01 1.075610e+00 -4.506945e+00
2.122788e-01 1.017606e+00 -4.508259e+00
2.123788e-01 1.123684e+00 -4.509552e+00
2.124788e-01 1.022889e+00 -4.510820e+00
2.125787e-01 1.102189e+00 -4.512064e+00
2.126787e-01 1.124385e+00 -4.513283e+00
2.127787e-01 1.047203e+00 -4.514474e+00
2.128787e-01 1.012934e+00 -4.515638e+00
2.129787e-01 1.018154e+00 -4.516773e+00
2.130787e-01 1.069566e+00 -4.517877e+00
2.131787e-01 1.084105e+00 -4.518950e+00
2.132787e-01 1.035713e+00 -4.519990e+00
2.133787e-01 1.091694e+00 -4.520997e+00
2.134787e-01 1.068089e+00 -4.521969e+00
2.135786e-01 1.067859e+00 -4.522905e+00
2.136786e-01 1.131935e+00 -4.523804e+00
2.137786e-01 9.843975e-01 -4.524665e+00
2.138786e-01 1.034016e+00 -4.525486e+00
2.139786e-01 1.014551e+00 -4.526267e+00
2.140786e-01 9.531544e-01 -4.527006e+00
2.141786e-01 1.035186e+00 -4.527703e+00
2.142786e-01 1.024483e+00 -4.528356e+00
2.143786e-01 1.017984e+00 -4.528964e+00
2.144786e-01 1.074807e+00 -4.529526e+00
2.145785e-01 9.815777e-01 -4.530041e+00
2.146785e-01 1.057077e+00 -4.530509e+00
2.147785e-01 1.035129e+00 -4.530927e+00
2.148785e-01 1.032129e+00 -4.531296e+00
2.149785e-01 9.805126e-01 -4.531615e+00
2.150785e-01 9.661130e-01 -4.531882e+00
2.151785e-01 8.445495e-01 -4.532097e+00
2.152785e-01 9.563221e-01 -4.532260e+00
2.153785e-01 9.851349e-01 -4.532369e+00
2.154785e-01 9.570169e-01 -4.532424e+00
2.155784e-01 9.160835e-01 -4.532424e+00
2.156784e-01 8.809710e-01 -4.532370e+00
2.157784e-01 9.001754e-01 -4.532260e+00
2.158784e-01 8.296014e-01 -4.532094e+00
2.159784e-01 9.003734e-01 -4.531872e+00
2.160784e-01 9.269222e-01 -4.531594e+00
2.161784e-01 9.292823e-01 -4.531260e+00
2.162784e-01 9.064186e-01 -4.530870e+00
2.163784e-01 9.325078e-01 -4.530424e+00
2.164784e-01 8.871884e-01 -4.529922e+00
2.165783e-01 9.130917e-01 -4.529364e+00
2.166783e-01 9.239612e-01 -4.528752e+00
2.167783e-01 9.145279e-01 -4.528085e+00
2.168783e-01 8.420156e-01 -4.527364e+00
2.169783e-01 8.116858e-01 -4.526590e+00
2.170783e-01 9.588601e-01 -4.525764e+00
2.171783e-01 8.716233e-01 -4.524887e+00
2.172783e-01 8.384678e-01 -4.523961e+00
2.173783e-01 8.899818e-01 -4.522985e+00
2.174783e-01 8.456407e-01 -4.521963e+00
2.175782e-01 9.207475e-01 -4.520895e+00
2.176782e-01 9.276464e-01 -4.519783e+00
2.177782e-01 8.942607e-01 -4.518629e+00
2.178782e-01 8.600031e-01 -4.517436e+00
2.179782e-01 9.632073e-01 -4.516205e+00
2.180782e-01 8.822657e-01 -4.514939e+00
2.181782e-01 7.670013e-01 -4.513640e+00
2.182782e-01 7.957129e-01 -4.512311e+00
2.183782e-01 9.040297e-01 -4.510955e+00
2.184782e-01 9.184878e-01 -4.509575e+00
2.185781e-01 8.623387e-01 -4.508175e+00
2.186781e-01 9.256835e-01 -4.506756e+00
2.187781e-01 9.068458e-01 -4.505324e+00
2.188781e-01 8.719218e-01 -4.503882e+00
2.189781e-01 8.296221e-01 -4.502434e+00
2.190781e-01 1.013378e+00 -4.500983e+00
2.191781e-01 9.067925e-01 -4.499535e+00
2.192781e-01 9.947783e-01 -4.498092e+00
2.193781e-01 9.660491e-01 -4.496661e+00
2.194781e-01 9.172198e-01 -4.495246e+00
2.195780e-01 9.851554e-01 -4.493852e+00
2.196780e-01 8.893588e-01 -4.492483e+00
2.197780e-01 9.175244e-01 -4.491145e+00
2.198780e-01 9.563367e-01 -4.489844e+00
2.199780e-01 9.467431e-01 -4.488585e+00
2.200780e-01 9.457148e-01 -4.487373e+00
2.201780e-01 9.061676e-01 -4.486214e+00
2.202780e-01 1.021865e+00 -4.485114e+00
2.203780e-01 1.043148e+00 -4.484080e+00
2.204780e-01 9.808540e-01 -4.483117e+00
2.205779e-01 1.005076e+00 -4.482231e+00
2.206779e-01 1.050789e+00 -4.481429e+00
2.207779e-01 1.064385e+00 -4.480717e+00
2.208779e-01 1.011260e+00 -4.480101e+00
2.209779e-01 1.094355e+00 -4.479587e+00
2.210779e-01 1.060693e+00 -4.479182e+00
2.211779e-01 1.006960e+00 -4.478893e+00
2.212779e-01 9.811844e-01 -4.478725e+00
2.213779e-01 1.049254e+00 -4.478684e+00
2.214779e-01 1.031792e+00 -4.478778e+00
2.215778e-01 1.023940e+00 -4.479011e+00
2.216778e-01 1.055260e+00 -4.479389e+00
2.217778e-01 1.025235e+00 -4.479919e+00
2.218778e-01 1.044659e+00 -4.480606e+00
2.219778e-01 1.104303e+00 -4.481455e+00
2.220778e-01 1.078055e+00 -4.482471e+00
2.221778e-01 1.075296e+00 -4.483658e+00
2.222778e-01 1.047030e+00 -4.485022e+00
2.223778e-01 1.177989e+00 -4.486565e+00
2.224778e-01 1.053605e+00 -4.488292e+00
2.225777e-01 1.130889e+00 -4.490206e+00
2.226777e-01 1.102861e+00 -4.492309e+00
2.227777e-01 1.091325e+00 -4.494603e+00
2.228777e-01 1.069349e+00 -4.497090e+00
2.229777e-01 1.118004e+00 -4.499771e+00
2.230777e-01 1.089822e+00 -4.502647e+00
2.231777e-01 1.065920e+00 -4.505716e+00
2.232777e-01 1.153944e+00 -4.508978e+00
2.233777e-01 1.079677e+00 -4.512431e+00
2.234777e-01 1.088605e+00 -4.516072e+00
2.235776e-01 1.100708e+00 -4.519899e+00
2.236776e-01 1.012053e+00 -4.523906e+00
2.237776e-01 1.160497e+00 -4.528089e+00
2.238776e-01 1.022108e+00 -4.532443e+00
2.239776e-01 9.318372e-01 -4.536960e+00
2.240776e-01 1.037968e+00 -4.541632e+00
2.241776e-01 1.047060e+00 -4.546452e+00
2.242776e-01 1.028485e+00 -4.551410e+00
2.243776e-01 1.033369e+00 -4.556495e+00
2.244776e-01 1.017368e+00 -4.561697e+00
2.245775e-01 9.719270e-01 -4.567003e+00
2.246775e-01 9.916757e-01 -4.572401e+00
2.247775e-01 9.744459e-01 -4.577877e+00
2.248775e-01 1.055688e+00 -4.583417e+00
2.249775e-01 1.017186e+00 -4.589005e+00
2.250775e-01 9.925924e-01 -4.594626e+00
2.251775e-01 1.014505e+00 -4.600264e+00
2.252775e-01 9.486946e-01 -4.605901e+00
2.253775e-01 9.665158e-01 -4.611521e+00
2.254775e-01 1.013719e+00 -4.617104e+00
2.255774e-01 8.580265e-01 -4.622635e+00
2.256774e-01 9.056153e-01 -4.628092e+00
2.257774e-01 9.544995e-01 -4.633459e+00
2.258774e-01 9.969281e-01 -4.638717e+00
2.259774e-01 9.675379e-01 -4.643847e+00
2.260774e-01 9.381878e-01 -4.648830e+00
2.261774e-01 8.954745e-01 -4.653648e+00
2.262774e-01 9.070755e-01 -4.658283e+00
2.263774e-01 9.175647e-01 -4.662718e+00
2.264774e-01 9.332854e-01 -4.666935e+00
2.265773e-01 8.589009e-01 -4.670917e+00
2.266773e-01 9.082673e-01 -4.674650e+00
2.267773e-01 8.537755e-01 -4.678119e+00
2.268773e-01 9.411490e-01 -4.681308e+00
2.269773e-01 8.518931e-01 -4.684205e+00
2.270773e-01 9.767776e-01 -4.686798e+00
2.271773e-01 9.808921e-01 -4.689076e+00
2.272773e-01 8.948514e-01 -4.691030e+00
2.273773e-01 9.389232e-01 -4.692650e+00
2.274773e-01 9.422355e-01 -4.693931e+00
2.275772e-01 8.728878e-01 -4.694866e+00
2.276772e-01 8.780407e-01 -4.695452e+00
2.277772e-01 8.548463e-01 -4.695686e+00
2.278772e-01 8.132732e-01 -4.695567e+00
2.279772e-01 9.440335e-01 -4.695096e+00
2.280772e-01 8.994380e-01 -4.694275e+00
2.281772e-01 8.704890e-01 -4.693108e+00
2.282772e-01 8.683911e-01 -4.691600e+00
2.283772e-01 9.394830e-01 -4.689759e+00
2.284772e-01 8.909794e-01 -4.687594e+00
2.285771e-01 9.049176e-01 -4.685115e+00
2.286771e-01 8.936790e-01 -4.682334e+00
2.287771e-01 1.062174e+00 -4.679265e+00
2.288771e-01 9.254765e-01 -4.675922e+00
2.289771e-01 9.175697e-01 -4.672321e+00
2.290771e-01 8.924776e-01 -4.668482e+00
2.291771e-01 9.186701e-01 -4.664421e+00
2.292771e-01 9.149017e-01 -4.660160e+00
2.293771e-01 9.152845e-01 -4.655719e+00
2.294771e-01 1.043337e+00 -4.651120e+00
2.295770e-01 9.914988e-01 -4.646386e+00
2.296770e-01 9.309587e-01 -4.641541e+00
2.297770e-01 9.351279e-01 -4.636609e+00
2.298770e-01 9.591399e-01 -4.631613e+00
2.299770e-01 9.679004e-01 -4.626579e+00
2.300770e-01 9.786631e-01 -4.621531e+00
2.301770e-01 1.005464e+00 -4.616494e+00
2.302770e-01 1.018342e+00 -4.611494e+00
2.303770e-01 9.972153e-01 -4.606554e+00
2.304770e-01 1.007618e+00 -4.601698e+00
2.305769e-01 1.084658e+00 -4.596950e+00
2.306769e-01 1.041874e+00 -4.592333e+00
2.307769e-01 1.009551e+00 -4.587870e+00
2.308769e-01 1.036407e+00 -4.583581e+00
2.309769e-01 1.040029e+00 -4.579486e+00
2.310769e-01 1.025102e+00 -4.575605e+00
2.311769e-01 1.139300e+00 -4.571957e+00
2.312769e-01 1.002942e+00 -4.568558e+00
2.313769e-01 1.019850e+00 -4.565423e+00
2.314769e-01 1.180682e+00 -4.562568e+00
2.315768e-01 1.155550e+00 -4.560005e+00
2.316768e-01 1.054888e+00 -4.557746e+00
2.317768e-01 1.137763e+00 -4.555801e+00
2.318768e-01 9.967239e-01 -4.554180e+00
2.319768e-01 1.039610e+00 -4.552890e+00
2.320768e-01 1.058754e+00 -4.551936e+00
2.321768e-01 1.055943e+00 -4.551324e+00
2.322768e-01 1.142684e+00 -4.551057e+00
2.323768e-01 1.101377e+00 -4.551136e+00
2.324768e-01 1.029118e+00 -4.551564e+00
2.325767e-01 1.072298e+00 -4.552338e+00
2.326767e-01 1.133902e+00 -4.553458e+00
2.327767e-01 1.100858e+00 -4.554920e+00
2.328767e-01 1.089749e+00 -4.556720e+00
2.329767e-01 1.077765e+00 -4.558852e+00
2.330767e-01 1.115596e+00 -4.561312e+00
2.331767e-01 1.126211e+00 -4.564090e+00
2.332767e-01 1.072788e+00 -4.567178e+00
2.333767e-01 1.127661e+00 -4.570569e+00
2.334767e-01 1.093533e+00 -4.574250e+00
2.335766e-01 1.087797e+00 -4.578212e+00
2.336766e-01 1.048260e+00 -4.582442e+00
2.337766e-01 9.903576e-01 -4.586928e+00
2.338766e-01 1.017739e+00 -4.591657e+00
2.339766e-01 1.007417e+00 -4.596614e+00
2.340766e-01 1.083063e+00 -4.601786e+00
2.341766e-01 1.025616e+00 -4.607157e+00
2.342766e-01 1.079021e+00 -4.612711e+00
2.343766e-01 1.018756e+00 -4.618432e+00
2.344766e-01 1.029057e+00 -4.624303e+00
2.345765e-01 1.011973e+00 -4.630307e+00
2.346765e-01 9.887020e-01 -4.636427e+00
2.347765e-01 9.244689e-01 -4.642644e+00
2.348765e-01 1.049813e+00 -4.648939e+00
2.349765e-01 1.065208e+00 -4.655294e+00
2.350765e-01 9.020625e-01 -4.661691e+00
2.351765e-01 1.063408e+00 -4.668108e+00
2.352765e-01 1.010652e+00 -4.674527e+00
2.353765e-01 9.843525e-01 -4.680928e+00
2.354765e-01 9.863010e-01 -4.687290e+00
2.355764e-01 9.008823e-01 -4.693594e+00
2.356764e-01 9.848297e-01 -4.699818e+00
2.357764e-01 9.332888e-01 -4.705943e+00
2.358764e-01 9.474012e-01 -4.711948e+00
2.359764e-01 9.748116e-01 -4.717812e+00
2.360764e-01 8.836244e-01 -4.723515e+00
2.361764e-01 8.544542e-01 -4.729038e+00
2.362764e-01 9.240533e-01 -4.734359e+00
2.363764e-01 9.028254e-01 -4.739460e+00
2.364764e-01 8.948466e-01 -4.744321e+00
2.365763e-01 9.119235e-01 -4.748923e+00
2.366763e-01 8.911920e-01 -4.753248e+00
2.367763e-01 9.575814e-01 -4.757278e+00
2.368763e-01 8.299515e-01 -4.760996e+00
2.369763e-01 8.667642e-01 -4.764385e+00
2.370763e-01 8.493294e-01 -4.767432e+00
2.371763e-01 8.877000e-01 -4.770121e+00
2.372763e-01 9.872537e-01 -4.772439e+00
2.373763e-01 9.231474e-01 -4.774375e+00
2.374763e-01 9.936286e-01 -4.775917e+00
2.375762e-01 9.618974e-01 -4.777058e+00
2.376762e-01 8.747407e-01 -4.777790e+00
2.377762e-01 8.589586e-01 -4.778106e+00
2.378762e-01 1.032038e+00 -4.778004e+00
2.379762e-01 8.246669e-01 -4.777481e+00
2.380762e-01 8.641587e-01 -4.776537e+00
2.381762e-01 8.609643e-01 -4.775175e+00
2.382762e-01 8.850436e-01 -4.773398e+00
2.383762e-01 8.888822e-01 -4.771214e+00
2.384762e-01 9.282323e-01 -4.768631e+00
2.385761e-01 9.030184e-01 -4.765659e+00
2.386761e-01 8.512475e-01 -4.762313e+00
2.387761e-01 1.006382e+00 -4.758607e+00
2.388761e-01 9.019600e-01 -4.754559e+00
2.389761e-01 9.353952e-01 -4.750189e+00
2.390761e-01 9.434974e-01 -4.745519e+00
2.391761e-01 9.717247e-01 -4.740572e+00
2.392761e-01 1.021814e+00 -4.735374e+00
2.393761e-01 9.707878e-01 -4.729952e+00
2.394761e-01 1.062927e+00 -4.724336e+00
2.395760e-01 1.000475e+00 -4.718554e+00
2.396760e-01 9.196519e-01 -4.712637e+00
2.397760e-01 8.951813e-01 -4.706619e+00
2.398760e-01 9.128619e-01 -4.700531e+00
2.399760e-01 1.064800e+00 -4.694406e+00
2.400760e-01 1.043640e+00 -4.688277e+00
2.401760e-01 9.969379e-01 -4.682178e+00
2.402760e-01 1.061092e+00 -4.676141e+00
2.403760e-01 1.037318e+00 -4.670197e+00
2.404760e-01 9.613331e-01 -4.664379e+00
2.405759e-01 1.032447e+00 -4.658717e+00
2.406759e-01 1.005841e+00 -4.653239e+00
2.407759e-01 1.016248e+00 -4.647973e+00
2.408759e-01 9.836283e-01 -4.642946e+00
2.409759e-01 1.032266e+00 -4.638181e+00
2.410759e-01 1.083336e+00 -4.633701e+00
2.411759e-01 1.053136e+00 -4.629527e+00
2.412759e-01 1.033482e+00 -4.625677e+00
2.413759e-01 1.085114e+00 -4.622167e+00
2.414759e-01 1.069093e+00 -4.619012e+00
2.415758e-01 1.084138e+00 -4.616224e+00
2.416758e-01 1.146337e+00 -4.613813e+00
2.417758e-01 1.204699e+00 -4.611786e+00
2.418758e-01 1.099321e+00 -4.610150e+00
2.419758e-01 1.113231e+00 -4.608908e+00
2.420758e-01 1.055063e+00 -4.608061e+00
2.421758e-01 1.064697e+00 -4.607611e+00
2.422758e-01 1.126691e+00 -4.607555e+00
2.423758e-01 1.122318e+00 -4.607888e+00
2.424758e-01 1.123837e+00 -4.608607e+00
2.425757e-01 1.166198e+00 -4.609705e+00
2.426757e-01 1.072479e+00 -4.611172e+00
2.427757e-01 1.208211e+00 -4.613000e+00
2.428757e-01 1.093744e+00 -4.615179e+00
2.429757e-01 1.056963e+00 -4.617696e+00
2.430757e-01 1.069310e+00 -4.620540e+00
2.431757e-01 1.115264e+00 -4.623696e+00
2.432757e-01 1.166996e+00 -4.627151e+00
2.433757e-01 1.062566e+00 -4.630889e+00
2.434757e-01 1.053615e+00 -4.634895e+00
2.435756e-01 1.067712e+00 -4.639153e+00
2.436756e-01 1.152076e+00 -4.643647e+00
2.437756e-01 9.780699e-01 -4.648360e+00
2.438756e-01 1.017124e+00 -4.653274e+00
2.439756e-01 1.043917e+00 -4.658372e+00
2.440756e-01 1.030459e+00 -4.663637e+00
2.441756e-01 9.900108e-01 -4.669050e+00
2.442756e-01 1.105296e+00 -4.674594e+00
2.443756e-01 1.035890e+00 -4.680251e+00
2.444756e-01 9.653180e-01 -4.686003e+00
2.445755e-01 9.652273e-01 -4.691832e+00
2.446755e-01 9.712128e-01 -4.697718e+00
2.447755e-01 1.000784e+00 -4.703645e+00
2.448755e-01 1.079886e+00 -4.709595e+00
2.449755e-01 9.568459e-01 -4.715548e+00
2.450755e-01 9.782213e-01 -4.721488e+00
2.451755e-01 9.231355e-01 -4.727397e+00
2.452755e-01 1.058907e+00 -4.733255e+00
2.453755e-01 1.045769e+00 -4.739047e+00
2.454755e-01 9.823822e-01 -4.744754e+00
2.455754e-01 8.078432e-01 -4.750359e+00
2.456754e-01 9.638775e-01 -4.755844e+00
2.457754e-01 9.239077e-01 -4.761193e+00
2.458754e-01 9.568819e-01 -4.766388e+00
2.459754e-01 1.026005e+00 -4.771413e+00
2.460754e-01 8.969289e-01 -4.776251e+00
2.461754e-01 9.282919e-01 -4.780887e+00
2.462754e-01 1.029604e+00 -4.785303e+00
2.463754e-01 8.594946e-01 -4.789485e+00
2.464754e-01 8.475596e-01 -4.793418e+00
2.465753e-01 9.689379e-01 -4.797087e+00
2.466753e-01 9.138926e-01 -4.800477e+00
2.467753e-01 8.930404e-01 -4.803575e+00
2.468753e-01 8.251084e-01 -4.806368e+00
2.469753e-01 9.591426e-01 -4.808844e+00
2.470753e-01 9.011816e-01 -4.810990e+00
2.471753e-01 8.897506e-01 -4.812797e+00
2.472753e-01 9.740430e-01 -4.814255e+00
2.473753e-01 8.864057e-01 -4.815353e+00
2.474753e-01 9.509809e-01 -4.816086e+00
2.475752e-01 9.375664e-01 -4.816446e+00
2.476752e-01 8.472521e-01 -4.816427e+00
2.477752e-01 8.270336e-01 -4.816027e+00
2.478752e-01 8.870833e-01 -4.815242e+00
2.479752e-01 9.139243e-01 -4.814071e+00
2.480752e-01 8.744664e-01 -4.812515e+00
2.481752e-01 8.949625e-01 -4.810576e+00
2.482752e-01 9.209830e-01 -4.808258e+00
2.483752e-01 9.755943e-01 -4.805566e+00
2.484752e-01 9.515393e-01 -4.802510e+00
2.485751e-01 8.474056e-01 -4.799097e+00
2.486751e-01 9.245142e-01 -4.795339e+00
2.487751e-01 8.765536e-01 -4.791249e+00
2.488751e-01 9.177819e-01 -4.786843e+00
2.489751e-01 9.196798e-01 -4.782138e+00
2.490751e-01 9.163072e-01 -4.777152e+00
2.491751e-01 9.200940e-01 -4.771906e+00
2.492751e-01 9.460837e-01 -4.766421e+00
2.493751e-01 9.644864e-01 -4.760723e+00
2.494751e-01 9.904102e-01 -4.754835e+00
2.495750e-01 1.012751e+00 -4.748784e+00
2.496750e-01 9.240469e-01 -4.742598e+00
2.497750e-01 1.013937e+00 -4.736306e+00
2.498750e-01 9.585025e-01 -4.729936e+00
2.499750e-01 9.747977e-01 -4.723519e+00
2.500750e-01 9.893705e-01 -4.717084e+00
2.501750e-01 1.000852e+00 -4.710663e+00
2.502750e-01 1.028666e+00 -4.704285e+00
2.503750e-01 1.056895e+00 -4.697981e+00
2.504750e-01 1.020199e+00 -4.691780e+00
2.505749e-01 1.024276e+00 -4.685712e+00
2.506749e-01 1.062495e+00 -4.679805e+00
2.507749e-01 9.810121e-01 -4.674086e+00
2.508749e-01 9.806352e-01 -4.668582e+00
2.509749e-01 1.092812e+00 -4.663316e+00
2.510749e-01 1.036076e+00 -4.658313e+00
2.511749e-01 1.084370e+00 -4.653595e+00
2.512749e-01 1.103181e+00 -4.649180e+00
2.513749e-01 1.102278e+00 -4.645088e+00
2.514749e-01 1.073775e+00 -4.641335e+00
2.515748e-01 1.057270e+00 -4.637935e+00
2.516748e-01 1.043410e+00 -4.634903e+00
2.517748e-01 1.193300e+00 -4.632247e+00
2.518748e-01 1.086400e+00 -4.629978e+00
2.519748e-01 1.082753e+00 -4.628102e+00
2.520748e-01 1.183913e+00 -4.626625e+00
2.521748e-01 1.125399e+00 -4.625550e+00
2.522748e-01 1.061046e+00 -4.624878e+00
2.523748e-01 1.120570e+00 -4.624611e+00
2.524748e-01 1.137441e+00 -4.624745e+00
2.525747e-01 1.146567e+00 -4.625278e+00
2.526747e-01 1.077289e+00 -4.626206e+00
2.527747e-01 1.139846e+00 -4.627521e+00
2.528747e-01 1.130834e+00 -4.629218e+00
2.529747e-01 1.054112e+00 -4.631286e+00
2.530747e-01 1.135449e+00 -4.633716e+00
2.531747e-01 1.103297e+00 -4.636498e+00
2.532747e-01 1.131200e+00 -4.639619e+00
2.533747e-01 1.008036e+00 -4.643067e+00
2.534747e-01 1.173531e+00 -4.646827e+00
2.535746e-01 1.135854e+00 -4.650884e+00
2.536746e-01 1.109558e+00 -4.655225e+00
2.537746e-01 1.016226e+00 -4.659831e+00
2.538746e-01 1.123558e+00 -4.664687e+00
2.539746e-01 9.961647e-01 -4.669775e+00
2.540746e-01 1.075925e+00 -4.675077e+00
2.541746e-01 9.718893e-01 -4.680574e+00
2.542746e-01 1.025842e+00 -4.686248e+00
2.543746e-01 1.073798e+00 -4.692078e+00
2.544746e-01 1.030710e+00 -4.698045e+00
2.545745e-01 1.023066e+00 -4.704128e+00
2.546745e-01 1.012464e+00 -4.710307e+00
2.547745e-01 9.932324e-01 -4.716561e+00
2.548745e-01 9.734589e-01 -4.722868e+00
2.549745e-01 1.002064e+00 -4.729207e+00
2.550745e-01 1.022715e+00 -4.735555e+00
2.551745e-01 1.006308e+00 -4.741891e+00
2.552745e-01 1.046140e+00 -4.748193e+00
2.553745e-01 1.041931e+00 -4.754439e+00
2.554745e-01 9.261972e-01 -4.760605e+00
2.555744e-01 9.191289e-01 -4.766671e+00
2.556744e-01 1.074468e+00 -4.772613e+00
2.557744e-01 9.456186e-01 -4.778411e+00
2.558744e-01 9.612218e-01 -4.784041e+00
2.559744e-01 9.494244e-01 -4.789482e+00
2.560744e-01 1.003248e+00 -4.794714e+00
2.561744e-01 8.945919e-01 -4.799715e+00
2.562744e-01 9.027457e-01 -4.804465e+00
2.563744e-01 9.714170e-01 -4.808945e+00
2.564744e-01 9.444759e-01 -4.813135e+00
2.565743e-01 9.039399e-01 -4.817017e+00
2.566743e-01 8.001105e-01 -4.820574e+00
2.567743e-01 9.609521e-01 -4.823790e+00
2.568743e-01 9.047235e-01 -4.826650e+00
2.569743e-01 8.779549e-01 -4.829139e+00
2.570743e-01 9.205114e-01 -4.831245e+00
2.571743e-01 9.257212e-01 -4.832957e+00
2.572743e-01 9.486108e-01 -4.834264e+00
2.573743e-01 9.023284e-01 -4.835159e+00
2.574743e-01 8.636183e-01 -4.835635e+00
2.575742e-01 9.214007e-01 -4.835687e+00
2.576742e-01 8.624094e-01 -4.835313e+00
2.577742e-01 8.940074e-01 -4.834511e+00
2.578742e-01 8.711030e-01 -4.833282e+00
2.579742e-01 8.668407e-01 -4.831629e+00
2.580742e-01 9.438684e-01 -4.829557e+00
2.581742e-01 8.836547e-01 -4.827072e+00
2.582742e-01 9.737553e-01 -4.824185e+00
2.583742e-01 9.195106e-01 -4.820906e+00
2.584742e-01 8.921846e-01 -4.817247e+00
2.585741e-01 9.693372e-01 -4.813225e+00
2.586741e-01 8.698443e-01 -4.808854e+00
2.587741e-01 9.850503e-01 -4.804155e+00
2.588741e-01 9.312907e-01 -4.799148e+00
2.589741e-01 9.332129e-01 -4.793853e+00
2.590741e-01 9.083724e-01 -4.788295e+00
2.591741e-01 9.256691e-01 -4.782499e+00
2.592741e-01 9.402934e-01 -4.776489e+00
2.593741e-01 9.484837e-01 -4.770292e+00
2.594741e-01 1.016223e+00 -4.763937e+00
2.595740e-01 9.501116e-01 -4.757451e+00
2.596740e-01 9.121230e-01 -4.750863e+00
2.597740e-01 1.038958e+00 -4.744201e+00
2.598740e-01 1.029322e+00 -4.737496e+00
2.599740e-01 8.915312e-01 -4.730775e+00
2.600740e-01 9.125694e-01 -4.724068e+00
2.601740e-01 1.013755e+00 -4.717402e+00
2.602740e-01 1.067335e+00 -4.710805e+00
2.603740e-01 1.016625e+00 -4.704304e+00
2.604740e-01 1.025556e+00 -4.697924e+00
2.605739e-01 9.942622e-01 -4.691691e+00
2.606739e-01 9.260598e-01 -4.685628e+00
2.607739e-01 1.009896e+00 -4.679757e+00
2.608739e-01 1.095321e+00 -4.674099e+00
2.609739e-01 9.859209e-01 -4.668674e+00
2.610739e-01 1.023965e+00 -4.663500e+00
2.611739e-01 1.132889e+00 -4.658592e+00
2.612739e-01 1.048753e+00 -4.653967e+00
2.613739e-01 1.034287e+00 -4.649637e+00
2.614739e-01 1.068078e+00 -4.645613e+00
2.615738e-01 1.138628e+00 -4.641906e+00
2.616738e-01 1.102020e+00 -4.638524e+00
2.617738e-01 1.039368e+00 -4.635474e+00
2.618738e-01 1.060070e+00 -4.632761e+00
2.619738e-01 1.075458e+00 -4.630389e+00
2.620738e-01 1.097957e+00 -4.628361e+00
2.621738e-01 1.087061e+00 -4.626676e+00
2.622738e-01 1.106653e+00 -4.625336e+00
2.623738e-01 1.040880e+00 -4.624338e+00
2.624738e-01 1.000146e+00 -4.623679e+00
2.625737e-01 1.151212e+00 -4.623356e+00
2.626737e-01 1.159380e+00 -4.623364e+00
2.627737e-01 1.102232e+00 -4.623696e+00
2.628737e-01 1.089889e+00 -4.624346e+00
2.629737e-01 1.135533e+00 -4.625306e+00
2.630737e-01 1.063108e+00 -4.626568e+00
2.631737e-01 9.852812e-01 -4.628121e+00
2.632737e-01 1.046951e+00 -4.629957e+00
2.633737e-01 1.107843e+00 -4.632064e+00
2.634737e-01 1.129691e+00 -4.634432e+00
2.635736e-01 1.080086e+00 -4.637048e+00
2.636736e-01 1.185649e+00 -4.639900e+00
2.637736e-01 1.055734e+00 -4.642977e+00
2.638736e-01 1.014982e+00 -4.646263e+00
2.639736e-01 9.912849e-01 -4.649747e+00
2.640736e-01 9.955264e-01 -4.653413e+00
2.641736e-01 1.008962e+00 -4.657248e+00
2.642736e-01 9.555100e-01 -4.661237e+00
2.643736e-01 1.142545e+00 -4.665366e+00
2.644736e-01 1.042497e+00 -4.669618e+00
2.645735e-01 1.052550e+00 -4.673978e+00
2.646735e-01 9.747439e-01 -4.678431e+00
2.647735e-01 9.206738e-01 -4.682961e+00
2.648735e-01 9.807256e-01 -4.687550e+00
2.649735e-01 1.030773e+00 -4.692182e+00
2.650735e-01 1.003076e+00 -4.696841e+00
2.651735e-01 1.019535e+00 -4.701509e+00
2.652735e-01 9.927077e-01 -4.706168e+00
2.653735e-01 9.993444e-01 -4.710801e+00
2.654735e-01 8.962469e-01 -4.715390e+00
2.655734e-01 9.497404e-01 -4.719917e+00
2.656734e-01 9.633641e-01 -4.724363e+00
2.657734e-01 9.557125e-01 -4.728709e+00
2.658734e-01 1.008941e+00 -4.732936e+00
2.659734e-01 8.975112e-01 -4.737026e+00
2.660734e-01 8.997064e-01 -4.740959e+00
2.661734e-01 9.079620e-01 -4.744716e+00
2.662734e-01 9.007026e-01 -4.748277e+00
2.663734e-01 9.890959e-01 -4.751624e+00
2.664734e-01 9.228205e-01 -4.754735e+00
2.665733e-01 8.881690e-01 -4.757594e+00
2.666733e-01 9.185795e-01 -4.760179e+00
2.667733e-01 9.360285e-01 -4.762473e+00
2.668733e-01 9.015578e-01 -4.764456e+00
2.669733e-01 8.790779e-01 -4.766112e+00
2.670733e-01 8.311778e-01 -4.767422e+00
2.671733e-01 8.765948e-01 -4.768369e+00
2.672733e-01 8.579829e-01 -4.768939e+00
2.673733e-01 9.412807e-01 -4.769115e+00
2.674733e-01 8.906259e-01 -4.768884e+00
2.675732e-01 9.547397e-01 -4.768235e+00
2.676732e-01 8.807053e-01 -4.767154e+00
2.677732e-01 8.752026e-01 -4.765634e+00
2.678732e-01 8.562786e-01 -4.763667e+00
2.679732e-01 8.417187e-01 -4.761246e+00
2.680732e-01 9.124343e-01 -4.758369e+00
2.681732e-01 9.031739e-01 -4.755035e+00
2.682732e-01 8.710842e-01 -4.751243e+00
2.683732e-01 9.416061e-01 -4.746999e+00
2.684732e-01 9.287061e-01 -4.742307e+00
2.685731e-01 9.002300e-01 -4.737178e+00
2.686731e-01 8.757949e-01 -4.731623e+00
2.687731e-01 9.523853e-01 -4.725657e+00
2.688731e-01 9.366872e-01 -4.719296e+00
2.689731e-01 8.277710e-01 -4.712561e+00
2.690731e-01 9.512450e-01 -4.705474e+00
2.691731e-01 9.282889e-01 -4.698061e+00
2.692731e-01 8.984965e-01 -4.690349e+00
2.693731e-01 9.634877e-01 -4.682368e+00
2.694731e-01 9.809287e-01 -4.674149e+00
2.695730e-01 9.703736e-01 -4.665727e+00
2.696730e-01 1.084956e+00 -4.657134e+00
2.697730e-01 1.030767e+00 -4.648408e+00
2.698730e-01 1.011556e+00 -4.639585e+00
2.699730e-01 9.843526e-01 -4.630701e+00
2.700730e-01 9.648022e-01 -4.621794e+00
2.701730e-01 1.021298e+00 -4.612901e+00
2.702730e-01 9.784995e-01 -4.604056e+00
2.703730e-01 1.030095e+00 -4.595295e+00
2.704730e-01 1.074522e+00 -4.586652e+00
2.705729e-01 9.726954e-01 -4.578159e+00
2.706729e-01 9.810626e-01 -4.569845e+00
2.707729e-01 1.075778e+00 -4.561740e+00
2.708729e-01 1.091327e+00 -4.553868e+00
2.709729e-01 1.018819e+00 -4.546253e+00
2.710729e-01 1.060873e+00 -4.538917e+00
2.711729e-01 1.057024e+00 -4.531876e+00
2.712729e-01 1.137594e+00 -4.525148e+00
2.713729e-01 1.037133e+00 -4.518743e+00
2.714729e-01 1.141959e+00 -4.512673e+00
2.715728e-01 1.183025e+00 -4.506946e+00
2.716728e-01 1.077199e+00 -4.501565e+00
2.717728e-01 1.063083e+00 -4.496535e+00
2.718728e-01 1.110586e+00 -4.491854e+00
2.719728e-01 1.024729e+00 -4.487522e+00
2.720728e-01 1.128537e+00 -4.483534e+00
2.721728e-01 1.061457e+00 -4.479885e+00
2.722728e-01 1.248759e+00 -4.476567e+00
2.723728e-01 1.063669e+00 -4.473572e+00
2.724728e-01 1.155306e+00 -4.470890e+00
2.725727e-01 1.010513e+00 -4.468509e+00
2.726727e-01 1.129561e+00 -4.466416e+00
2.727727e-01 1.132858e+00 -4.464600e+00
2.728727e-01 1.058219e+00 -4.463045e+00
2.729727e-01 1.107854e+00 -4.461738e+00
2.730727e-01 1.087427e+00 -4.460664e+00
2.731727e-01 1.051415e+00 -4.459807e+00
2.732727e-01 1.036877e+00 -4.459153e+00
2.733727e-01 1.060704e+00 -4.458687e+00
2.734727e-01 1.070383e+00 -4.458392e+00
2.735726e-01 1.049338e+00 -4.458254e+00
2.736726e-01 1.060733e+00 -4.458257e+00
2.737726e-01 1.086808e+00 -4.458388e+00
2.738726e-01 1.095828e+00 -4.458631e+00
2.739726e-01 1.058059e+00 -4.458973e+00
2.740726e-01 1.040583e+00 -4.459399e+00
2.741726e-01 9.744025e-01 -4.459896e+00
2.742726e-01 1.066627e+00 -4.460451e+00
2.743726e-01 9.041939e-01 -4.461053e+00
2.744726e-01 9.583306e-01 -4.461689e+00
2.745725e-01 9.980194e-01 -4.462347e+00
2.746725e-01 1.031543e+00 -4.463017e+00
2.747725e-01 1.076501e+00 -4.463688e+00
2.748725e-01 9.614007e-01 -4.464351e+00
2.749725e-01 1.002433e+00 -4.464996e+00
2.750725e-01 1.007678e+00 -4.465614e+00
2.751725e-01 1.027348e+00 -4.466197e+00
2.752725e-01 1.013413e+00 -4.466738e+00
2.753725e-01 9.972373e-01 -4.467228e+00
2.754725e-01 9.904211e-01 -4.467661e+00
2.755724e-01 1.035757e+00 -4.468031e+00
2.756724e-01 9.818700e-01 -4.468332e+00
2.757724e-01 9.633765e-01 -4.468558e+00
2.758724e-01 8.934034e-01 -4.468704e+00
2.759724e-01 9.497284e-01 -4.468767e+00
2.760724e-01 9.771691e-01 -4.468741e+00
2.761724e-01 8.859849e-01 -4.468624e+00
2.762724e-01 9.782973e-01 -4.468411e+00
2.763724e-01 9.738138e-01 -4.468100e+00
2.764724e-01 8.933592e-01 -4.467689e+00
2.765723e-01 9.117660e-01 -4.467175e+00
2.766723e-01 7.704919e-01 -4.466556e+00
2.767723e-01 9.604229e-01 -4.465831e+00
2.768723e-01 9.284201e-01 -4.464999e+00
2.769723e-01 8.496816e-01 -4.464058e+00
2.770723e-01 8.446233e-01 -4.463009e+00
2.771723e-01 8.514134e-01 -4.461851e+00
2.772723e-01 9.663621e-01 -4.460584e+00
2.773723e-01 8.542756e-01 -4.459208e+00
2.774723e-01 8.480954e-01 -4.457723e+00
2.775722e-01 7.785769e-01 -4.456131e+00
2.776722e-01 9.104109e-01 -4.454433e+00
2.777722e-01 9.005103e-01 -4.452628e+00
2.778722e-01 8.546730e-01 -4.450720e+00
2.779722e-01 8.717275e-01 -4.448709e+00
2.780722e-01 9.508819e-01 -4.446597e+00
2.781722e-01 8.809577e-01 -4.444386e+00
2.782722e-01 9.885040e-01 -4.442078e+00
2.783722e-01 9.281112e-01 -4.439676e+00
2.784722e-01 9.084223e-01 -4.437181e+00
2.785721e-01 8.727979e-01 -4.434596e+00
2.786721e-01 9.117077e-01 -4.431924e+00
2.787721e-01 9.129574e-01 -4.429167e+00
2.788721e-01 9.169365e-01 -4.426329e+00
2.789721e-01 8.420343e-01 -4.423411e+00
2.790721e-01 1.034860e+00 -4.420418e+00
2.791721e-01 9.443598e-01 -4.417351e+00
2.792721e-01 1.022642e+00 -4.414215e+00
2.793721e-01 1.016126e+00 -4.411013e+00
2.794721e-01 9.302244e-01 -4.407746e+00
2.795720e-01 9.631946e-01 -4.404420e+00
2.796720e-01 9.582478e-01 -4.401036e+00
2.797720e-01 1.029641e+00 -4.397599e+00
2.798720e-01 9.176209e-01 -4.394112e+00
2.799720e-01 9.233252e-01 -4.390577e+00
2.800720e-01 1.032944e+00 -4.386999e+00
2.801720e-01 9.338293e-01 -4.383380e+00
2.802720e-01 1.014069e+00 -4.379724e+00
2.803720e-01 1.017122e+00 -4.376034e+00
2.804720e-01 1.040143e+00 -4.372313e+00
2.805719e-01 1.011293e+00 -4.368565e+00
2.806719e-01 1.028090e+00 -4.364792e+00
2.807719e-01 1.078904e+00 -4.360998e+00
2.808719e-01 1.000113e+00 -4.357186e+00
2.809719e-01 9.948092e-01 -4.353359e+00
2.810719e-01 1.068780e+00 -4.349520e+00
2.811719e-01 1.057703e+00 -4.345671e+00
2.812719e-01 1.028029e+00 -4.341816e+00
2.813719e-01 1.153700e+00 -4.337957e+00
2.814719e-01 1.067887e+00 -4.334098e+00
2.815718e-01 1.059379e+00 -4.330239e+00
2.816718e-01 1.064559e+00 -4.326385e+00
2.817718e-01 1.011353e+00 -4.322538e+00
2.818718e-01 1.034597e+00 -4.318700e+00
2.819718e-01 1.092510e+00 -4.314873e+00
2.820718e-01 1.043780e+00 -4.311059e+00
2.821718e-01 1.093938e+00 -4.307261e+00
2.822718e-01 1.095909e+00 -4.303481e+00
2.823718e-01 1.099163e+00 -4.299720e+00
2.824718e-01 1.132476e+00 -4.295981e+00
2.825717e-01 1.079797e+00 -4.292265e+00
2.826717e-01 1.122342e+00 -4.288574e+00
2.827717e-01 1.062916e+00 -4.284910e+00
2.828717e-01 1.080601e+00 -4.281273e+00
2.829717e-01 1.007303e+00 -4.277666e+00
2.830717e-01 1.131117e+00 -4.274090e+00
2.831717e-01 1.015408e+00 -4.270545e+00
2.832717e-01 1.064016e+00 -4.267034e+00
2.833717e-01 1.040503e+00 -4.263557e+00
2.834717e-01 1.065218e+00 -4.260116e+00
2.835716e-01 1.020596e+00 -4.256710e+00
2.836716e-01 1.098725e+00 -4.253342e+00
2.837716e-01 9.659418e-01 -4.250011e+00
2.838716e-01 1.044857e+00 -4.246718e+00
2.839716e-01 9.898672e-01 -4.243464e+00
2.840716e-01 1.092809e+00 -4.240250e+00
2.841716e-01 9.656133e-01 -4.237075e+00
2.842716e-01 1.025359e+00 -4.233941e+00
2.843716e-01 1.023258e+00 -4.230847e+00
2.844716e-01 9.773599e-01 -4.227794e+00
2.845715e-01 1.042813e+00 -4.224782e+00
2.846715e-01 1.030506e+00 -4.221811e+00
2.847715e-01 9.909599e-01 -4.218880e+00
2.848715e-01 1.051176e+00 -4.215991e+00
2.849715e-01 9.567927e-01 -4.213143e+00
2.850715e-01 1.034327e+00 -4.210336e+00
2.851715e-01 9.484057e-01 -4.207570e+00
2.852715e-01 9.607187e-01 -4.204843e+00
2.853715e-01 9.447669e-01 -4.202158e+00
2.854715e-01 9.983920e-01 -4.199512e+00
2.855714e-01 9.150882e-01 -4.196905e+00
2.856714e-01 9.526302e-01 -4.194337e+00
2.857714e-01 9.443009e-01 -4.191809e+00
2.858714e-01 9.338107e-01 -4.189318e+00
2.859714e-01 9.626597e-01 -4.186865e+00
2.860714e-01 9.815843e-01 -4.184449e+00
2.861714e-01 9.781710e-01 -4.182070e+00
2.862714e-01 9.102198e-01 -4.179727e+00
2.863714e-01 8.555933e-01 -4.177419e+00
2.864714e-01 9.278063e-01 -4.175146e+00
2.865713e-01 9.088738e-01 -4.172907e+00
2.866713e-01 9.125683e-01 -4.170701e+00
2.867713e-01 9.254569e-01 -4.168527e+00
2.868713e-01 9.346394e-01 -4.166386e+00
2.869713e-01 1.028076e+00 -4.164275e+00
2.870713e-01 9.336768e-01 -4.162195e+00
2.871713e-01 8.561462e-01 -4.160145e+00
2.872713e-01 8.834406e-01 -4.158123e+00
2.873713e-01 8.886737e-01 -4.156129e+00
2.874713e-01 8.238167e-01 -4.154163e+00
2.875712e-01 8.642728e-01 -4.152222e+00
2.876712e-01 8.346153e-01 -4.150308e+00
2.877712e-01 8.855825e-01 -4.148417e+00
2.878712e-01 9.017481e-01 -4.146551e+00
2.879712e-01 8.344927e-01 -4.144708e+00
2.880712e-01 8.548250e-01 -4.142886e+00
2.881712e-01 8.624263e-01 -4.141086e+00
2.882712e-01 8.168757e-01 -4.139306e+00
2.883712e-01 1.028216e+00 -4.137546e+00
2.884712e-01 8.912243e-01 -4.135805e+00
2.885711e-01 8.471450e-01 -4.134081e+00
2.886711e-01 8.833518e-01 -4.132375e+00
2.887711e-01 8.633445e-01 -4.130685e+00
2.888711e-01 8.690957e-01 -4.129009e+00
2.889711e-01 8.923728e-01 -4.127349e+00
2.890711e-01 9.358171e-01 -4.125702e+00
2.891711e-01 8.792479e-01 -4.124068e+00
2.892711e-01 9.590380e-01 -4.122446e+00
2.893711e-01 9.830802e-01 -4.120835e+00
2.894711e-01 9.759972e-01 -4.119234e+00
2.895710e-01 8.609730e-01 -4.117643e+00
2.896710e-01 7.746855e-01 -4.116061e+00
2.897710e-01 1.042779e+00 -4.114487e+00
2.898710e-01 9.956857e-01 -4.112920e+00
2.899710e-01 9.773046e-01 -4.111359e+00
2.900710e-01 1.015188e+00 -4.109805e+00
2.901710e-01 1.045255e+00 -4.108255e+00
2.902710e-01 9.378684e-01 -4.106709e+00
2.903710e-01 1.019163e+00 -4.105166e+00
2.904710e-01 9.758220e-01 -4.103627e+00
2.905709e-01 9.437020e-01 -4.102089e+00
2.906709e-01 1.027516e+00 -4.100553e+00
2.907709e-01 1.048619e+00 -4.099017e+00
2.908709e-01 1.058725e+00 -4.097481e+00
2.909709e-01 1.043206e+00 -4.095945e+00
2.910709e-01 1.029214e+00 -4.094406e+00
2.911709e-01 1.089795e+00 -4.092866e+00
2.912709e-01 1.040961e+00 -4.091323e+00
2.913709e-01 1.025886e+00 -4.089777e+00
2.914709e-01 1.051466e+00 -4.088226e+00
2.915708e-01 1.031264e+00 -4.086671e+00
2.916708e-01 1.073855e+00 -4.085111e+00
2.917708e-01 1.006158e+00 -4.083545e+00
2.918708e-01 1.059472e+00 -4.081972e+00
2.919708e-01 1.094320e+00 -4.080392e+00
2.920708e-01 1.085014e+00 -4.078805e+00
2.921708e-01 1.114022e+00 -4.077209e+00
2.922708e-01 1.136240e+00 -4.075605e+00
2.923708e-01 9.632054e-01 -4.073991e+00
2.924708e-01 1.018055e+00 -4.072368e+00
2.925707e-01 1.130713e+00 -4.070734e+00
2.926707e-01 1.010182e+00 -4.069089e+00
2.927707e-01 9.885237e-01 -4.067433e+00
2.928707e-01 1.054976e+00 -4.065766e+00
2.929707e-01 1.114903e+00 -4.064085e+00
2.930707e-01 1.053730e+00 -4.062392e+00
2.931707e-01 1.028602e+00 -4.060686e+00
2.932707e-01 9.522235e-01 -4.058965e+00
2.933707e-01 9.764320e-01 -4.057231e+00
2.934707e-01 9.575865e-01 -4.055482e+00
2.935706e-01 1.111083e+00 -4.053717e+00
2.936706e-01 9.853617e-01 -4.051937e+00
2.937706e-01 1.005635e+00 -4.050141e+00
2.938706e-01 1.025048e+00 -4.048329e+00
2.939706e-01 1.104747e+00 -4.046500e+00
2.940706e-01 1.094115e+00 -4.044653e+00
2.941706e-01 9.321504e-01 -4.042789e+00
2.942706e-01 1.024017e+00 -4.040906e+00
2.943706e-01 1.047905e+00 -4.039006e+00
2.944706e-01 9.106970e-01 -4.037086e+00
2.945705e-01 9.797352e-01 -4.035147e+00
2.946705e-01 9.273182e-01 -4.033189e+00
2.947705e-01 1.014712e+00 -4.031211e+00
2.948705e-01 8.861408e-01 -4.029212e+00
2.949705e-01 9.784438e-01 -4.027193e+00
2.950705e-01 9.679003e-01 -4.025153e+00
2.951705e-01 8.821156e-01 -4.023092e+00
2.952705e-01 9.547555e-01 -4.021009e+00
2.953705e-01 9.632893e-01 -4.018904e+00
2.954705e-01 8.572902e-01 -4.016777e+00
2.955704e-01 9.556237e-01 -4.014627e+00
2.956704e-01 8.627069e-01 -4.012454e+00
2.957704e-01 8.281689e-01 -4.010259e+00
2.958704e-01 8.977257e-01 -4.008039e+00
2.959704e-01 9.316593e-01 -4.005796e+00
2.960704e-01 9.293587e-01 -4.003529e+00
2.961704e-01 9.285730e-01 -4.001238e+00
2.962704e-01 8.991516e-01 -3.998922e+00
2.963704e-01 9.183393e-01 -3.996582e+00
2.964704e-01 8.242327e-01 -3.994216e+00
2.965703e-01 8.875349e-01 -3.991825e+00
2.966703e-01 8.675819e-01 -3.989408e+00
2.967703e-01 8.146223e-01 -3.986966e+00
2.968703e-01 8.541670e-01 -3.984497e+00
2.969703e-01 8.259659e-01 -3.982003e+00
2.970703e-01 7.514150e-01 -3.979481e+00
2.971703e-01 8.722116e-01 -3.976933e+00
2.972703e-01 8.335315e-01 -3.974359e+00
2.973703e-01 8.688256e-01 -3.971757e+00
2.974703e-01 8.102748e-01 -3.969128e+00
2.975702e-01 7.658170e-01 -3.966471e+00
2.976702e-01 8.615384e-01 -3.963787e+00
2.977702e-01 7.984104e-01 -3.961074e+00
2.978702e-01 7.995028e-01 -3.958334e+00
2.979702e-01 8.691320e-01 -3.955566e+00
2.980702e-01 9.311166e-01 -3.952770e+00
2.981702e-01 8.412956e-01 -3.949945e+00
2.982702e-01 8.206547e-01 -3.947091e+00
2.983702e-01 8.282652e-01 -3.944209e+00
2.984702e-01 8.357297e-01 -3.941298e+00
2.985701e-01 8.280464e-01 -3.938358e+00
2.986701e-01 8.838835e-01 -3.935389e+00
2.987701e-01 8.022741e-01 -3.932391e+00
2.988701e-01 8.610928e-01 -3.929364e+00
2.989701e-01 9.048133e-01 -3.926307e+00
2.990701e-01 9.018654e-01 -3.923222e+00
2.991701e-01 9.492688e-01 -3.920106e+00
2.992701e-01 9.728836e-01 -3.916962e+00
2.993701e-01 9.566070e-01 -3.913788e+00
2.994701e-01 8.165130e-01 -3.910584e+00
2.995700e-01 9.326976e-01 -3.907351e+00
2.996700e-01 9.252809e-01 -3.904089e+00
2.997700e-01 9.096542e-01 -3.900797e+00
2.998700e-01 9.335735e-01 -3.897476e+00
2.999700e-01 8.127736e-01 -3.894125e+00
3.000700e-01 9.049691e-01 -3.890745e+00
3.001700e-01 9.218990e-01 -3.887335e+00
3.002700e-01 1.047744e+00 -3.883897e+00
3.003700e-01 9.738088e-01 -3.880429e+00
3.004700e-01 9.221119e-01 -3.876932e+00
3.005699e-01 1.079678e+00 -3.873406e+00
3.006699e-01 9.032420e-01 -3.869852e+00
3.007699e-01 1.016065e+00 -3.866268e+00
3.008699e-01 1.020892e+00 -3.862656e+00
3.009699e-01 9.292870e-01 -3.859016e+00
3.010699e-01 9.968524e-01 -3.855347e+00
3.011699e-01 1.052083e+00 -3.851651e+00
3.012699e-01 9.867715e-01 -3.847926e+00
3.013699e-01 9.961202e-01 -3.844174e+00
3.014699e-01 1.069088e+00 -3.840395e+00
3.015698e-01 9.736755e-01 -3.836589e+00
3.016698e-01 1.068236e+00 -3.832755e+00
3.017698e-01 1.025035e+00 -3.828896e+00
3.018698e-01 1.105003e+00 -3.825010e+00
3.019698e-01 1.103842e+00 -3.821098e+00
3.020698e-01 1.080550e+00 -3.817160e+00
3.021698e-01 9.427624e-01 -3.813197e+00
3.022698e-01 1.121616e+00 -3.809209e+00
3.023698e-01 9.723828e-01 -3.805197e+00
3.024698e-01 1.046782e+00 -3.801161e+00
3.025697e-01 1.112150e+00 -3.797100e+00
3.026697e-01 1.061211e+00 -3.793017e+00
3.027697e-01 1.079881e+00 -3.788911e+00
3.028697e-01 9.444947e-01 -3.784782e+00
3.029697e-01 1.091047e+00 -3.780632e+00
3.030697e-01 1.010729e+00 -3.776460e+00
3.031697e-01 1.116893e+00 -3.772267e+00
3.032697e-01 9.744921e-01 -3.768054e+00
3.033697e-01 1.160648e+00 -3.763821e+00
3.034697e-01 1.088343e+00 -3.759568e+00
3.035696e-01 9.867219e-01 -3.755297e+00
3.036696e-01 9.724953e-01 -3.751008e+00
3.037696e-01 1.011085e+00 -3.746702e+00
3.038696e-01 1.005780e+00 -3.742378e+00
3.039696e-01 1.009504e+00 -3.738039e+00
3.040696e-01 9.164026e-01 -3.733684e+00
3.041696e-01 9.777771e-01 -3.729314e+00
3.042696e-01 1.086753e+00 -3.724930e+00
3.043696e-01 9.176186e-01 -3.720532e+00
3.044696e-01 9.717981e-01 -3.716121e+00
3.045695e-01 9.089855e-01 -3.711699e+00
3.046695e-01 9.860506e-01 -3.707265e+00
3.047695e-01 9.607642e-01 -3.702821e+00
3.048695e-01 8.620886e-01 -3.698366e+00
3.049695e-01 9.649648e-01 -3.693903e+00
3.050695e-01 9.125474e-01 -3.689432e+00
3.051695e-01 9.157490e-01 -3.684953e+00
3.052695e-01 9.472682e-01 -3.680467e+00
3.053695e-01 8.859094e-01 -3.675976e+00
3.054695e-01 9.045113e-01 -3.671480e+00
3.055694e-01 8.713726e-01 -3.666979e+00
3.056694e-01 9.112365e-01 -3.662476e+00
3.057694e-01 9.145822e-01 -3.657969e+00
3.058694e-01 8.827177e-01 -3.653462e+00
3.059694e-01 9.356658e-01 -3.648953e+00
3.060694e-01 8.712751e-01 -3.644445e+00
3.061694e-01 8.585580e-01 -3.639937e+00
3.062694e-01 7.932779e-01 -3.635432e+00
3.063694e-01 8.965022e-01 -3.630929e+00
3.064694e-01 7.724430e-01 -3.626430e+00
3.065693e-01 8.784057e-01 -3.621935e+00
3.066693e-01 9.360276e-01 -3.617446e+00
3.067693e-01 8.929266e-01 -3.612963e+00
3.068693e-01 8.529926e-01 -3.608487e+00
3.069693e-01 8.179984e-01 -3.604019e+00
3.070693e-01 8.065211e-01 -3.599560e+00
3.071693e-01 7.750117e-01 -3.595111e+00
3.072693e-01 7.860120e-01 -3.590672e+00
3.073693e-01 8.340095e-01 -3.586245e+00
3.074693e-01 7.661923e-01 -3.581829e+00
3.075692e-01 7.992786e-01 -3.577427e+00
3.076692e-01 8.819050e-01 -3.573038e+00
3.077692e-01 8.690306e-01 -3.568665e+00
3.078692e-01 7.797496e-01 -3.564306e+00
3.079692e-01 8.817921e-01 -3.559964e+00
3.080692e-01 7.733778e-01 -3.555638e+00
3.081692e-01 7.427582e-01 -3.551330e+00
3.082692e-01 8.032144e-01 -3.547041e+00
3.083692e-01 8.548136e-01 -3.542770e+00
3.084692e-01 8.082480e-01 -3.538519e+00
3.085691e-01 9.362935e-01 -3.534288e+00
3.086691e-01 8.726814e-01 -3.530078e+00
3.087691e-01 9.034869e-01 -3.525890e+00
3.088691e-01 8.288498e-01 -3.521724e+00
3.089691e-01 8.112650e-01 -3.517580e+00
3.090691e-01 9.314366e-01 -3.513459e+00
3.091691e-01 8.620738e-01 -3.509362e+00
3.092691e-01 9.261726e-01 -3.505288e+00
3.093691e-01 9.255922e-01 -3.501239e+00
3.094691e-01 8.052917e-01 -3.497214e+00
3.095690e-01 8.711286e-01 -3.493214e+00
3.096690e-01 9.270329e-01 -3.489240e+00
3.097690e-01 9.456013e-01 -3.485291e+00
3.098690e-01 9.205130e-01 -3.481367e+00
3.099690e-01 9.350566e-01 -3.477469e+00
3.100690e-01 9.314618e-01 -3.473597e+00
3.101690e-01 9.190156e-01 -3.469751e+00
3.102690e-01 9.557319e-01 -3.465930e+00
3.103690e-01 9.660535e-01 -3.462135e+00
3.104690e-01 8.207903e-01 -3.458366e+00
3.105689e-01 9.402954e-01 -3.454622e+00
3.106689e-01 9.794494e-01 -3.450903e+00
3.107689e-01 9.584372e-01 -3.447209e+00
3.108689e-01 9.408114e-01 -3.443540e+00
3.109689e-01 9.813631e-01 -3.439894e+00
3.110689e-01 9.547228e-01 -3.436272e+00
3.111689e-01 1.017575e+00 -3.432672e+00
3.112689e-01 9.755023e-01 -3.429095e+00
3.113689e-01 9.857642e-01 -3.425539e+00
3.114689e-01 1.009150e+00 -3.422005e+00
3.115688e-01 1.022221e+00 -3.418489e+00
3.116688e-01 9.872040e-01 -3.414993e+00
3.117688e-01 9.885026e-01 -3.411515e+00
3.118688e-01 1.101663e+00 -3.408053e+00
3.119688e-01 1.097092e+00 -3.404606e+00
3.120688e-01 9.955152e-01 -3.401174e+00
3.121688e-01 9.842066e-01 -3.397755e+00
3.122688e-01 9.541219e-01 -3.394346e+00
3.123688e-01 1.060460e+00 -3.390948e+00
3.124688e-01 1.042769e+00 -3.387557e+00
3.125687e-01 9.146980e-01 -3.384173e+00
3.126687e-01 9.937617e-01 -3.380793e+00
3.127687e-01 9.868077e-01 -3.377416e+00
3.128687e-01 1.049975e+00 -3.374039e+00
3.129687e-01 1.004343e+00 -3.370659e+00
3.130687e-01 1.020700e+00 -3.367276e+00
3.131687e-01 1.001918e+00 -3.363886e+00
3.132687e-01 9.557468e-01 -3.360487e+00
3.133687e-01 9.278245e-01 -3.357076e+00
3.134687e-01 9.739196e-01 -3.353650e+00
3.135686e-01 9.732627e-01 -3.350208e+00
3.136686e-01 9.703969e-01 -3.346744e+00
3.137686e-01 1.015824e+00 -3.343257e+00
3.138686e-01 9.450295e-01 -3.339744e+00
3.139686e-01 9.278292e-01 -3.336200e+00
3.140686e-01 9.915577e-01 -3.332623e+00
3.141686e-01 9.809639e-01 -3.329008e+00
3.142686e-01 8.912304e-01 -3.325353e+00
3.143686e-01 9.174205e-01 -3.321653e+00
3.144686e-01 8.442640e-01 -3.317904e+00
3.145685e-01 8.746592e-01 -3.314103e+00
3.146685e-01 8.990962e-01 -3.310245e+00
3.147685e-01 1.019764e+00 -3.306326e+00
3.148685e-01 9.515847e-01 -3.302342e+00
3.149685e-01 8.266687e-01 -3.298288e+00
3.150685e-01 1.001860e+00 -3.294159e+00
3.151685e-01 8.625683e-01 -3.289951e+00
3.152685e-01 9.939585e-01 -3.285660e+00
3.153685e-01 8.933586e-01 -3.281280e+00
3.154685e-01 7.973504e-01 -3.276806e+00
3.155684e-01 8.496474e-01 -3.272234e+00
3.156684e-01 8.972774e-01 -3.267559e+00
3.157684e-01 9.355436e-01 -3.262776e+00
3.158684e-01 9.087373e-01 -3.257880e+00
3.159684e-01 9.089703e-01 -3.252866e+00
3.160684e-01 9.052638e-01 -3.247728e+00
3.161684e-01 8.343048e-01 -3.242463e+00
3.162684e-01 8.116073e-01 -3.237065e+00
3.163684e-01 9.218037e-01 -3.231529e+00
3.164684e-01 7.721192e-01 -3.225851e+00
3.165683e-01 8.990225e-01 -3.220026e+00
3.166683e-01 8.120555e-01 -3.214050e+00
3.167683e-01 8.840764e-01 -3.207919e+00
3.168683e-01 9.074146e-01 -3.201628e+00
3.169683e-01 7.910118e-01 -3.195174e+00
3.170683e-01 8.079238e-01 -3.188553e+00
3.171683e-01 8.067652e-01 -3.181763e+00
3.172683e-01 7.979874e-01 -3.174800e+00
3.173683e-01 7.915760e-01 -3.167661e+00
3.174683e-01 7.871641e-01 -3.160345e+00
3.175682e-01 7.907531e-01 -3.152850e+00
3.176682e-01 7.521830e-01 -3.145175e+00
3.177682e-01 7.759244e-01 -3.137319e+00
3.178682e-01 7.431026e-01 -3.129282e+00
3.179682e-01 7.933287e-01 -3.121064e+00
3.180682e-01 7.758150e-01 -3.112667e+00
3.181682e-01 8.509794e-01 -3.104091e+00
3.182682e-01 8.306983e-01 -3.095341e+00
3.183682e-01 7.849291e-01 -3.086417e+00
3.184682e-01 7.645192e-01 -3.077325e+00
3.185681e-01 8.880708e-01 -3.068069e+00
3.186681e-01 7.952361e-01 -3.058654e+00
3.187681e-01 9.472491e-01 -3.049087e+00
3.188681e-01 8.172173e-01 -3.039374e+00
3.189681e-01 7.493285e-01 -3.029522e+00
3.190681e-01 7.959310e-01 -3.019541e+00
3.191681e-01 8.373838e-01 -3.009440e+00
3.192681e-01 8.541931e-01 -2.999229e+00
3.193681e-01 9.124502e-01 -2.988919e+00
3.194681e-01 9.077818e-01 -2.978521e+00
3.195680e-01 8.005063e-01 -2.968048e+00
3.196680e-01 8.858115e-01 -2.957512e+00
3.197680e-01 9.211369e-01 -2.946929e+00
3.198680e-01 9.699854e-01 -2.936312e+00
3.199680e-01 9.506166e-01 -2.925675e+00
3.200680e-01 8.418706e-01 -2.915036e+00
3.201680e-01 9.279227e-01 -2.904408e+00
3.202680e-01 9.662444e-01 -2.893810e+00
3.203680e-01 8.692326e-01 -2.883257e+00
3.204680e-01 9.838346e-01 -2.872766e+00
3.205679e-01 9.176605e-01 -2.862354e+00
3.206679e-01 9.163219e-01 -2.852039e+00
3.207679e-01 9.327470e-01 -2.841837e+00
3.208679e-01 1.026585e+00 -2.831766e+00
3.209679e-01 8.853332e-01 -2.821842e+00
3.210679e-01 9.724054e-01 -2.812082e+00
3.211679e-01 1.013737e+00 -2.802502e+00
3.212679e-01 8.880009e-01 -2.793119e+00
3.213679e-01 9.778115e-01 -2.783948e+00
3.214679e-01 1.003281e+00 -2.775003e+00
3.215678e-01 9.680776e-01 -2.766299e+00
3.216678e-01 1.035621e+00 -2.757849e+00
3.217678e-01 9.852343e-01 -2.749667e+00
3.218678e-01 1.035128e+00 -2.741764e+00
3.219678e-01 1.021087e+00 -2.734151e+00
3.220678e-01 9.655165e-01 -2.726839e+00
3.221678e-01 9.718544e-01 -2.719836e+00
3.222678e-01 1.019265e+00 -2.713152e+00
3.223678e-01 1.037698e+00 -2.706792e+00
3.224678e-01 9.517792e-01 -2.700764e+00
3.225677e-01 8.706622e-01 -2.695071e+00
3.226677e-01 1.013475e+00 -2.689719e+00
3.227677e-01 9.676507e-01 -2.684708e+00
3.228677e-01 1.028406e+00 -2.680043e+00
3.229677e-01 1.100808e+00 -2.675721e+00
3.230677e-01 1.102378e+00 -2.671743e+00
3.231677e-01 1.027165e+00 -2.668106e+00
3.232677e-01 9.032116e-01 -2.664808e+00
3.233677e-01 9.876149e-01 -2.661843e+00
3.234677e-01 9.959386e-01 -2.659207e+00
3.235676e-01 9.427117e-01 -2.656892e+00
3.236676e-01 9.297687e-01 -2.654891e+00
3.237676e-01 8.868706e-01 -2.653193e+00
3.238676e-01 9.569975e-01 -2.651790e+00
3.239676e-01 9.865108e-01 -2.650669e+00
3.240676e-01 9.645310e-01 -2.649818e+00
3.241676e-01 9.962305e-01 -2.649223e+00
3.242676e-01 8.314947e-01 -2.648870e+00
3.243676e-01 9.263451e-01 -2.648742e+00
3.244676e-01 9.243460e-01 -2.648822e+00
3.245675e-01 9.805834e-01 -2.649094e+00
3.246675e-01 8.816457e-01 -2.649537e+00
3.247675e-01 9.028677e-01 -2.650131e+00
3.248675e-01 9.666411e-01 -2.650857e+00
3.249675e-01 9.337695e-01 -2.651692e+00
3.250675e-01 8.792671e-01 -2.652613e+00
3.251675e-01 8.602751e-01 -2.653597e+00
3.252675e-01 9.102146e-01 -2.654621e+00
3.253675e-01 8.699634e-01 -2.655658e+00
3.254675e-01 9.220686e-01 -2.656685e+00
3.255674e-01 8.597933e-01 -2.657674e+00
3.256674e-01 8.712742e-01 -2.658599e+00
3.257674e-01 8.005847e-01 -2.659434e+00
3.258674e-01 8.634138e-01 -2.660152e+00
3.259674e-01 7.622799e-01 -2.660726e+00
3.260674e-01 8.171553e-01 -2.661128e+00
3.261674e-01 7.620035e-01 -2.661331e+00
3.262674e-01 7.229416e-01 -2.661309e+00
3.263674e-01 7.496821e-01 -2.661036e+00
3.264674e-01 7.919898e-01 -2.660485e+00
3.265673e-01 7.216428e-01 -2.659632e+00
3.266673e-01 8.878985e-01 -2.658453e+00
3.267673e-01 9.253715e-01 -2.656924e+00
3.268673e-01 7.541568e-01 -2.655024e+00
3.269673e-01 7.782402e-01 -2.652734e+00
3.270673e-01 8.771673e-01 -2.650034e+00
3.271673e-01 8.139083e-01 -2.646908e+00
3.272673e-01 7.807503e-01 -2.643341e+00
3.273673e-01 7.364017e-01 -2.639321e+00
3.274673e-01 7.401904e-01 -2.634839e+00
3.275672e-01 7.169762e-01 -2.629887e+00
3.276672e-01 8.097010e-01 -2.624459e+00
3.277672e-01 7.899491e-01 -2.618556e+00
3.278672e-01 7.510993e-01 -2.612176e+00
3.279672e-01 7.150951e-01 -2.605325e+00
3.280672e-01 8.827343e-01 -2.598010e+00
3.281672e-01 8.325696e-01 -2.590240e+00
3.282672e-01 7.702036e-01 -2.582028e+00
3.283672e-01 8.187897e-01 -2.573390e+00
3.284672e-01 7.336028e-01 -2.564345e+00
3.285671e-01 7.272909e-01 -2.554914e+00
3.286671e-01 8.053632e-01 -2.545119e+00
3.287671e-01 7.283979e-01 -2.534988e+00
3.288671e-01 8.524712e-01 -2.524548e+00
3.289671e-01 7.920402e-01 -2.513828e+00
3.290671e-01 7.772987e-01 -2.502860e+00
3.291671e-01 9.251404e-01 -2.491676e+00
3.292671e-01 8.855189e-01 -2.480308e+00
3.293671e-01 8.466240e-01 -2.468791e+00
3.294671e-01 8.526584e-01 -2.457159e+00
3.295670e-01 8.217869e-01 -2.445444e+00
3.296670e-01 8.031808e-01 -2.433682e+00
3.297670e-01 8.224638e-01 -2.421903e+00
3.298670e-01 9.980961e-01 -2.410142e+00
3.299670e-01 8.778329e-01 -2.398428e+00
3.300670e-01 9.459879e-01 -2.386792e+00
3.301670e-01 7.910479e-01 -2.375261e+00
3.302670e-01 8.740365e-01 -2.363863e+00
3.303670e-01 8.509653e-01 -2.352623e+00
3.304670e-01 8.236171e-01 -2.341564e+00
3.305669e-01 8.414359e-01 -2.330708e+00
3.306669e-01 7.911244e-01 -2.320074e+00
3.307669e-01 8.793090e-01 -2.309681e+00
3.308669e-01 9.195736e-01 -2.299545e+00
3.309669e-01 8.633638e-01 -2.289681e+00
3.310669e-01 9.257891e-01 -2.280102e+00
3.311669e-01 8.744933e-01 -2.270820e+00
3.312669e-01 9.647153e-01 -2.261845e+00
3.313669e-01 9.068246e-01 -2.253185e+00
3.314669e-01 1.022586e+00 -2.244850e+00
3.315668e-01 9.380444e-01 -2.236844e+00
3.316668e-01 9.523080e-01 -2.229174e+00
3.317668e-01 1.055480e+00 -2.221845e+00
3.318668e-01 8.414347e-01 -2.214860e+00
3.319668e-01 8.669344e-01 -2.208222e+00
3.320668e-01 8.931110e-01 -2.201933e+00
3.321668e-01 9.962902e-01 -2.195996e+00
3.322668e-01 9.926376e-01 -2.190411e+00
3.323668e-01 1.023878e+00 -2.185178e+00
3.324668e-01 9.979045e-01 -2.180298e+00
3.325667e-01 9.772088e-01 -2.175769e+00
3.326667e-01 9.072997e-01 -2.171591e+00
3.327667e-01 1.008785e+00 -2.167762e+00
3.328667e-01 9.876081e-01 -2.164278e+00
3.329667e-01 1.036925e+00 -2.161137e+00
3.330667e-01 9.434829e-01 -2.158334e+00
3.331667e-01 8.780606e-01 -2.155865e+00
3.332667e-01 9.963163e-01 -2.153724e+00
3.333667e-01 9.512720e-01 -2.151904e+00
3.334667e-01 8.938436e-01 -2.150399e+00
3.335666e-01 1.008118e+00 -2.149198e+00
3.336666e-01 9.423151e-01 -2.148293e+00
3.337666e-01 9.556815e-01 -2.147672e+00
3.338666e-01 9.173661e-01 -2.147324e+00
3.339666e-01 8.531385e-01 -2.147235e+00
3.340666e-01 9.841320e-01 -2.147389e+00
3.341666e-01 9.269597e-01 -2.147772e+00
3.342666e-01 9.139968e-01 -2.148366e+00
3.343666e-01 9.294919e-01 -2.149151e+00
3.344666e-01 8.760626e-01 -2.150109e+00
3.345665e-01 8.534055e-01 -2.151217e+00
3.346665e-01 8.239986e-01 -2.152454e+00
3.347665e-01 7.888047e-01 -2.153795e+00
3.348665e-01 8.490193e-01 -2.155217e+00
3.349665e-01 8.360791e-01 -2.156694e+00
3.350665e-01 9.084365e-01 -2.158199e+00
3.351665e-01 8.614452e-01 -2.159706e+00
3.352665e-01 8.853522e-01 -2.161187e+00
3.353665e-01 8.693740e-01 -2.162614e+00
3.354665e-01 8.000254e-01 -2.163960e+00
3.355664e-01 7.880038e-01 -2.165197e+00
3.356664e-01 8.234470e-01 -2.166297e+00
3.357664e-01 7.613479e-01 -2.167233e+00
3.358664e-01 7.701587e-01 -2.167979e+00
3.359664e-01 7.305704e-01 -2.168508e+00
3.360664e-01 8.129991e-01 -2.168796e+00
3.361664e-01 7.280001e-01 -2.168819e+00
3.362664e-01 8.347481e-01 -2.168555e+00
3.363664e-01 8.152652e-01 -2.167984e+00
3.364664e-01 7.462451e-01 -2.167085e+00
3.365663e-01 7.621016e-01 -2.165842e+00
3.366663e-01 7.780024e-01 -2.164239e+00
3.367663e-01 7.318304e-01 -2.162263e+00
3.368663e-01 7.487451e-01 -2.159901e+00
3.369663e-01 6.639222e-01 -2.157144e+00
3.370663e-01 8.105295e-01 -2.153984e+00
3.371663e-01 7.429497e-01 -2.150417e+00
3.372663e-01 7.392262e-01 -2.146440e+00
3.373663e-01 7.904724e-01 -2.142050e+00
3.374663e-01 7.503532e-01 -2.137249e+00
3.375662e-01 7.525553e-01 -2.132041e+00
3.376662e-01 7.348193e-01 -2.126430e+00
3.377662e-01 7.888297e-01 -2.120422e+00
3.378662e-01 7.454549e-01 -2.114028e+00
3.379662e-01 8.413514e-01 -2.107256e+00
3.380662e-01 8.006897e-01 -2.100120e+00
3.381662e-01 7.569036e-01 -2.092631e+00
3.382662e-01 7.035640e-01 -2.084806e+00
3.383662e-01 7.820941e-01 -2.076660e+00
3.384662e-01 8.045631e-01 -2.068211e+00
3.385661e-01 7.066152e-01 -2.059475e+00
3.386661e-01 8.388442e-01 -2.050473e+00
3.387661e-01 7.327523e-01 -2.041223e+00
3.388661e-01 8.120845e-01 -2.031745e+00
3.389661e-01 8.328160e-01 -2.022061e+00
3.390661e-01 8.380879e-01 -2.012190e+00
3.391661e-01 7.107984e-01 -2.002154e+00
3.392661e-01 7.767011e-01 -1.991973e+00
3.393661e-01 7.926617e-01 -1.981669e+00
3.394661e-01 7.528312e-01 -1.971261e+00
3.395660e-01 7.556604e-01 -1.960771e+00
3.396660e-01 7.818833e-01 -1.950217e+00
3.397660e-01 8.157422e-01 -1.939619e+00
3.398660e-01 8.178591e-01 -1.928997e+00
3.399660e-01 8.527174e-01 -1.918368e+00
3.400660e-01 8.066258e-01 -1.907750e+00
3.401660e-01 8.591515e-01 -1.897159e+00
3.402660e-01 7.651296e-01 -1.886611e+00
3.403660e-01 9.541618e-01 -1.876122e+00
3.404660e-01 9.363710e-01 -1.865705e+00
3.405659e-01 8.066110e-01 -1.855373e+00
3.406659e-01 9.790140e-01 -1.845140e+00
3.407659e-01 8.610816e-01 -1.835016e+00
3.408659e-01 8.504731e-01 -1.825011e+00
3.409659e-01 8.450164e-01 -1.815136e+00
3.410659e-01 9.341254e-01 -1.805399e+00
3.411659e-01 9.365296e-01 -1.795807e+00
3.412659e-01 8.473469e-01 -1.786368e+00
3.413659e-01 9.528341e-01 -1.777088e+00
3.414659e-01 8.626645e-01 -1.767971e+00
3.415658e-01 8.633341e-01 -1.759022e+00
3.416658e-01 9.019634e-01 -1.750244e+00
3.417658e-01 8.822083e-01 -1.741641e+00
3.418658e-01 9.972427e-01 -1.733215e+00
3.419658e-01 9.810330e-01 -1.724966e+00
3.420658e-01 9.168646e-01 -1.716897e+00
3.421658e-01 9.107014e-01 -1.709008e+00
3.422658e-01 8.690317e-01 -1.701298e+00
3.423658e-01 9.860158e-01 -1.693766e+00
3.424658e-01 9.048753e-01 -1.686412e+00
3.425657e-01 8.938193e-01 -1.679234e+00
3.426657e-01 9.290210e-01 -1.672231e+00
3.427657e-01 9.251629e-01 -1.665399e+00
3.428657e-01 8.408935e-01 -1.658736e+00
3.429657e-01 1.042820e+00 -1.652240e+00
3.430657e-01 9.826653e-01 -1.645908e+00
3.431657e-01 9.427715e-01 -1.639735e+00
3.432657e-01 9.028238e-01 -1.633719e+00
3.433657e-01 8.877171e-01 -1.627856e+00
3.434657e-01 9.478855e-01 -1.622143e+00
3.435656e-01 9.752474e-01 -1.616574e+00
3.436656e-01 9.963845e-01 -1.611147e+00
3.437656e-01 8.835360e-01 -1.605857e+00
3.438656e-01 9.096810e-01 -1.600701e+00
3.439656e-01 9.031994e-01 -1.595673e+00
3.440656e-01 8.664572e-01 -1.590770e+00
3.441656e-01 8.031638e-01 -1.585988e+00
3.442656e-01 9.460823e-01 -1.581323e+00
3.443656e-01 8.135105e-01 -1.576769e+00
3.444656e-01 8.956887e-01 -1.572324e+00
3.445655e-01 8.176070e-01 -1.567984e+00
3.446655e-01 8.807344e-01 -1.563743e+00
3.447655e-01 7.515600e-01 -1.559599e+00
3.448655e-01 8.295403e-01 -1.555547e+00
3.449655e-01 7.682959e-01 -1.551584e+00
3.450655e-01 8.974154e-01 -1.547705e+00
3.451655e-01 8.331716e-01 -1.543907e+00
3.452655e-01 7.728049e-01 -1.540187e+00
3.453655e-01 8.664125e-01 -1.536541e+00
3.454655e-01 7.873716e-01 -1.532965e+00
3.455654e-01 7.992506e-01 -1.529456e+00
3.456654e-01 7.983757e-01 -1.526011e+00
3.457654e-01 8.191974e-01 -1.522626e+00
3.458654e-01 8.071140e-01 -1.519300e+00
3.459654e-01 7.216436e-01 -1.516027e+00
3.460654e-01 8.151902e-01 -1.512807e+00
3.461654e-01 7.583826e-01 -1.509635e+00
3.462654e-01 7.630769e-01 -1.506509e+00
3.463654e-01 7.803530e-01 -1.503427e+00
3.464654e-01 7.483765e-01 -1.500386e+00
3.465653e-01 7.304836e-01 -1.497383e+00
3.466653e-01 6.840947e-01 -1.494417e+00
3.467653e-01 6.743306e-01 -1.491484e+00
3.468653e-01 7.389645e-01 -1.488583e+00
3.469653e-01 7.254768e-01 -1.485711e+00
3.470653e-01 6.807093e-01 -1.482867e+00
3.471653e-01 7.493655e-01 -1.480049e+00
3.472653e-01 7.984258e-01 -1.477254e+00
3.473653e-01 7.056437e-01 -1.474481e+00
3.474653e-01 7.827455e-01 -1.471729e+00
3.475652e-01 7.099000e-01 -1.468995e+00
3.476652e-01 7.011989e-01 -1.466278e+00
3.477652e-01 7.876431e-01 -1.463576e+00
3.478652e-01 7.376021e-01 -1.460888e+00
3.479652e-01 7.274734e-01 -1.458214e+00
3.480652e-01 6.749674e-01 -1.455550e+00
3.481652e-01 6.948786e-01 -1.452897e+00
3.482652e-01 7.877247e-01 -1.450252e+00
3.483652e-01 7.559135e-01 -1.447616e+00
3.484652e-01 7.707205e-01 -1.444986e+00
3.485651e-01 7.339431e-01 -1.442363e+00
3.486651e-01 6.237819e-01 -1.439744e+00
3.487651e-01 7.456582e-01 -1.437129e+00
3.488651e-01 6.723431e-01 -1.434518e+00
3.489651e-01 7.345427e-01 -1.431909e+00
3.490651e-01 7.749789e-01 -1.429302e+00
3.491651e-01 7.518961e-01 -1.426696e+00
3.492651e-01 7.882602e-01 -1.424090e+00
3.493651e-01 8.133922e-01 -1.421485e+00
3.494651e-01 7.924620e-01 -1.418879e+00
3.495650e-01 7.661628e-01 -1.416272e+00
3.496650e-01 8.564491e-01 -1.413664e+00
3.497650e-01 6.523544e-01 -1.411053e+00
3.498650e-01 7.222920e-01 -1.408441e+00
3.499650e-01 8.561192e-01 -1.405826e+00
3.500650e-01 8.234731e-01 -1.403209e+00
3.501650e-01 8.288584e-01 -1.400588e+00
3.502650e-01 7.860436e-01 -1.397965e+00
3.503650e-01 8.120043e-01 -1.395338e+00
3.504650e-01 8.488269e-01 -1.392709e+00
3.505649e-01 9.076469e-01 -1.390075e+00
3.506649e-01 8.623464e-01 -1.387439e+00
3.507649e-01 9.168241e-01 -1.384799e+00
3.508649e-01 8.144437e-01 -1.382156e+00
3.509649e-01 8.322942e-01 -1.379509e+00
3.510649e-01 8.242179e-01 -1.376860e+00
3.511649e-01 8.567320e-01 -1.374207e+00
3.512649e-01 8.780103e-01 -1.371552e+00
3.513649e-01 8.784974e-01 -1.368894e+00
3.514649e-01 8.854236e-01 -1.366234e+00
3.515648e-01 9.530990e-01 -1.363571e+00
3.516648e-01 9.155740e-01 -1.360907e+00
3.517648e-01 1.005148e+00 -1.358241e+00
3.518648e-01 9.127768e-01 -1.355574e+00
3.519648e-01 8.854741e-01 -1.352907e+00
3.520648e-01 9.008957e-01 -1.350238e+00
3.521648e-01 9.234052e-01 -1.347570e+00
3.522648e-01 8.746891e-01 -1.344903e+00
3.523648e-01 9.963818e-01 -1.342236e+00
3.524648e-01 8.853795e-01 -1.339571e+00
3.525647e-01 9.256012e-01 -1.336907e+00
3.526647e-01 8.816031e-01 -1.334247e+00
3.527647e-01 8.231942e-01 -1.331589e+00
3.528647e-01 9.668479e-01 -1.328934e+00
3.529647e-01 8.794112e-01 -1.326284e+00
3.530647e-01 8.820635e-01 -1.323639e+00
3.531647e-01 8.911966e-01 -1.320999e+00
3.532647e-01 8.519375e-01 -1.318365e+00
3.533647e-01 9.607192e-01 -1.315738e+00
3.534647e-01 9.324065e-01 -1.313118e+00
3.535646e-01 7.801494e-01 -1.310506e+00
3.536646e-01 9.423642e-01 -1.307903e+00
3.537646e-01 8.088863e-01 -1.305310e+00
3.538646e-01 8.396306e-01 -1.302727e+00
3.539646e-01 8.933594e-01 -1.300155e+00
3.540646e-01 7.480728e-01 -1.297595e+00
3.541646e-01 8.778392e-01 -1.295047e+00
3.542646e-01 8.941769e-01 -1.292513e+00
3.543646e-01 7.894661e-01 -1.289993e+00
3.544646e-01 8.959260e-01 -1.287488e+00
3.545645e-01 7.663072e-01 -1.284999e+00
3.546645e-01 8.830597e-01 -1.282526e+00
3.547645e-01 7.940346e-01 -1.280071e+00
3.548645e-01 7.801101e-01 -1.277635e+00
3.549645e-01 7.947669e-01 -1.275218e+00
3.550645e-01 7.632648e-01 -1.272820e+00
3.551645e-01 8.072769e-01 -1.270444e+00
3.552645e-01 8.275968e-01 -1.268090e+00
3.553645e-01 7.253412e-01 -1.265758e+00
3.554645e-01 7.724712e-01 -1.263451e+00
3.555644e-01 7.415776e-01 -1.261167e+00
3.556644e-01 8.281431e-01 -1.258909e+00
3.557644e-01 7.735851e-01 -1.256678e+00
3.558644e-01 7.178982e-01 -1.254473e+00
3.559644e-01 7.223634e-01 -1.252297e+00
3.560644e-01 6.591099e-01 -1.250150e+00
3.561644e-01 6.768394e-01 -1.248033e+00
3.562644e-01 8.081408e-01 -1.245947e+00
3.563644e-01 7.522671e-01 -1.243893e+00
3.564644e-01 6.616249e-01 -1.241871e+00
3.565643e-01 7.345726e-01 -1.239883e+00
3.566643e-01 7.308172e-01 -1.237929e+00
3.567643e-01 7.457019e-01 -1.236010e+00
3.568643e-01 6.174510e-01 -1.234128e+00
3.569643e-01 7.242339e-01 -1.232283e+00
3.570643e-01 6.025114e-01 -1.230476e+00
3.571643e-01 7.461921e-01 -1.228707e+00
3.572643e-01 5.934340e-01 -1.226978e+00
3.573643e-01 6.627742e-01 -1.225289e+00
3.574643e-01 7.161520e-01 -1.223642e+00
3.575642e-01 7.413387e-01 -1.222037e+00
3.576642e-01 7.780811e-01 -1.220474e+00
3.577642e-01 6.656443e-01 -1.218955e+00
3.578642e-01 7.052290e-01 -1.217481e+00
3.579642e-01 7.221415e-01 -1.216051e+00
3.580642e-01 6.816691e-01 -1.214667e+00
3.581642e-01 7.486749e-01 -1.213330e+00
3.582642e-01 6.592119e-01 -1.212039e+00
3.583642e-01 6.914622e-01 -1.210797e+00
3.584642e-01 6.984515e-01 -1.209602e+00
3.585641e-01 7.429518e-01 -1.208457e+00
3.586641e-01 7.185640e-01 -1.207361e+00
3.587641e-01 6.314172e-01 -1.206314e+00
3.588641e-01 7.023590e-01 -1.205319e+00
3.589641e-01 7.419207e-01 -1.204374e+00
3.590641e-01 6.892885e-01 -1.203480e+00
3.591641e-01 6.461193e-01 -1.202638e+00
3.592641e-01 6.815337e-01 -1.201848e+00
3.593641e-01 8.335065e-01 -1.201111e+00
3.594641e-01 7.747427e-01 -1.200425e+00
3.595640e-01 8.062385e-01 -1.199793e+00
3.596640e-01 7.080695e-01 -1.199213e+00
3.597640e-01 7.292065e-01 -1.198687e+00
3.598640e-01 7.300153e-01 -1.198213e+00
3.599640e-01 6.950446e-01 -1.197792e+00
3.600640e-01 7.490229e-01 -1.197425e+00
3.601640e-01 8.323063e-01 -1.197110e+00
3.602640e-01 7.471000e-01 -1.196848e+00
3.603640e-01 8.652927e-01 -1.196638e+00
3.604640e-01 7.493007e-01 -1.196480e+00
3.605639e-01 8.445085e-01 -1.196374e+00
3.606639e-01 8.199346e-01 -1.196319e+00
3.607639e-01 8.149512e-01 -1.196315e+00
3.608639e-01 7.815005e-01 -1.196361e+00
3.609639e-01 7.944394e-01 -1.196457e+00
3.610639e-01 8.669709e-01 -1.196601e+00
3.611639e-01 7.979938e-01 -1.196793e+00
3.612639e-01 8.724544e-01 -1.197032e+00
3.613639e-01 9.110753e-01 -1.197317e+00
3.614639e-01 8.976056e-01 -1.197646e+00
3.615638e-01 8.754817e-01 -1.198020e+00
3.616638e-01 8.009796e-01 -1.198435e+00
3.617638e-01 8.296112e-01 -1.198891e+00
3.618638e-01 8.758183e-01 -1.199387e+00
3.619638e-01 8.875567e-01 -1.199921e+00
3.620638e-01 8.107422e-01 -1.200490e+00
3.621638e-01 8.029974e-01 -1.201094e+00
3.622638e-01 8.280481e-01 -1.201730e+00
3.623638e-01 9.106526e-01 -1.202397e+00
3.624638e-01 9.136501e-01 -1.203091e+00
3.625637e-01 8.819270e-01 -1.203811e+00
3.626637e-01 8.408071e-01 -1.204555e+00
3.627637e-01 9.200462e-01 -1.205320e+00
3.628637e-01 9.127890e-01 -1.206103e+00
3.629637e-01 8.980690e-01 -1.206902e+00
3.630637e-01 8.252374e-01 -1.207713e+00
3.631637e-01 8.632854e-01 -1.208534e+00
3.632637e-01 9.594819e-01 -1.209361e+00
3.633637e-01 8.882250e-01 -1.210192e+00
3.634637e-01 8.491520e-01 -1.211022e+00
3.635636e-01 9.217177e-01 -1.211849e+00
3.636636e-01 8.773445e-01 -1.212669e+00
3.637636e-01 8.637024e-01 -1.213477e+00
3.638636e-01 8.550048e-01 -1.214271e+00
3.639636e-01 7.484945e-01 -1.215045e+00
3.640636e-01 7.770438e-01 -1.215796e+00
3.641636e-01 7.287457e-01 -1.216520e+00
3.642636e-01 7.765243e-01 -1.217212e+00
3.643636e-01 8.586566e-01 -1.217868e+00
3.644636e-01 8.451157e-01 -1.218484e+00
3.645635e-01 7.778178e-01 -1.219053e+00
3.646635e-01 7.566905e-01 -1.219573e+00
3.647635e-01 7.483809e-01 -1.220037e+00
3.648635e-01 6.770507e-01 -1.220441e+00
3.649635e-01 7.337948e-01 -1.220780e+00
3.650635e-01 7.481789e-01 -1.221049e+00
3.651635e-01 6.997779e-01 -1.221242e+00
3.652635e-01 7.797808e-01 -1.221355e+00
3.653635e-01 7.313029e-01 -1.221383e+00
3.654635e-01 7.319922e-01 -1.221319e+00
3.655634e-01 7.572482e-01 -1.221159e+00
3.656634e-01 6.911195e-01 -1.220898e+00
3.657634e-01 6.280718e-01 -1.220531e+00
3.658634e-01 8.072253e-01 -1.220052e+00
3.659634e-01 6.801916e-01 -1.219456e+00
3.660634e-01 6.804270e-01 -1.218738e+00
3.661634e-01 6.443117e-01 -1.217894e+00
3.662634e-01 7.804077e-01 -1.216918e+00
3.663634e-01 6.582227e-01 -1.215807e+00
3.664634e-01 5.380500e-01 -1.214555e+00
3.665633e-01 6.162856e-01 -1.213158e+00
3.666633e-01 6.581830e-01 -1.211613e+00
3.667633e-01 6.320669e-01 -1.209915e+00
3.668633e-01 6.736877e-01 -1.208061e+00
3.669633e-01 6.025152e-01 -1.206048e+00
3.670633e-01 5.529116e-01 -1.203873e+00
3.671633e-01 6.570320e-01 -1.201533e+00
3.672633e-01 5.940347e-01 -1.199027e+00
3.673633e-01 5.540513e-01 -1.196352e+00
3.674633e-01 6.250216e-01 -1.193508e+00
3.675632e-01 6.696713e-01 -1.190492e+00
3.676632e-01 6.373388e-01 -1.187306e+00
3.677632e-01 7.371375e-01 -1.183950e+00
3.678632e-01 6.562465e-01 -1.180423e+00
3.679632e-01 5.662244e-01 -1.176728e+00
3.680632e-01 6.421480e-01 -1.172866e+00
3.681632e-01 6.975378e-01 -1.168840e+00
3.682632e-01 6.626687e-01 -1.164652e+00
3.683632e-01 5.509512e-01 -1.160308e+00
3.684632e-01 6.045571e-01 -1.155811e+00
3.685631e-01 7.480075e-01 -1.151167e+00
3.686631e-01 6.791566e-01 -1.146381e+00
3.687631e-01 7.262061e-01 -1.141460e+00
3.688631e-01 6.262199e-01 -1.136411e+00
3.689631e-01 6.092022e-01 -1.131242e+00
3.690631e-01 7.180353e-01 -1.125962e+00
3.691631e-01 7.268806e-01 -1.120580e+00
3.692631e-01 6.618507e-01 -1.115106e+00
3.693631e-01 6.983424e-01 -1.109551e+00
3.694631e-01 6.602315e-01 -1.103926e+00
3.695630e-01 6.828553e-01 -1.098243e+00
3.696630e-01 7.709377e-01 -1.092514e+00
3.697630e-01 7.513372e-01 -1.086753e+00
3.698630e-01 7.524532e-01 -1.080972e+00
3.699630e-01 7.401282e-01 -1.075187e+00
3.700630e-01 8.080344e-01 -1.069410e+00
3.701630e-01 6.772856e-01 -1.063658e+00
3.702630e-01 7.693098e-01 -1.057945e+00
3.703630e-01 7.838546e-01 -1.052286e+00
3.704630e-01 7.257622e-01 -1.046697e+00
3.705629e-01 7.869961e-01 -1.041193e+00
3.706629e-01 7.430813e-01 -1.035791e+00
3.707629e-01 8.350226e-01 -1.030506e+00
3.708629e-01 7.989278e-01 -1.025354e+00
3.709629e-01 7.880689e-01 -1.020350e+00
3.710629e-01 8.162253e-01 -1.015510e+00
3.711629e-01 7.389172e-01 -1.010849e+00
3.712629e-01 9.080638e-01 -1.006382e+00
3.713629e-01 7.740863e-01 -1.002123e+00
3.714629e-01 8.509018e-01 -9.980858e-01
3.715628e-01 7.408110e-01 -9.942843e-01
3.716628e-01 7.379915e-01 -9.907311e-01
3.717628e-01 8.676759e-01 -9.874384e-01
3.718628e-01 8.673836e-01 -9.844177e-01
3.719628e-01 8.990357e-01 -9.816796e-01
3.720628e-01 8.446696e-01 -9.792339e-01
3.721628e-01 7.828789e-01 -9.770895e-01
3.722628e-01 7.812706e-01 -9.752544e-01
3.723628e-01 7.810098e-01 -9.737356e-01
3.724628e-01 7.671854e-01 -9.725389e-01
3.725627e-01 7.862777e-01 -9.716693e-01
3.726627e-01 7.369004e-01 -9.711305e-01
3.727627e-01 7.972212e-01 -9.709250e-01
3.728627e-01 9.019256e-01 -9.710541e-01
3.729627e-01 7.581767e-01 -9.715179e-01
3.730627e-01 8.551431e-01 -9.723154e-01
3.731627e-01 8.706855e-01 -9.734442e-01
3.732627e-01 8.044679e-01 -9.749006e-01
3.733627e-01 7.908384e-01 -9.766796e-01
3.734627e-01 6.787932e-01 -9.787749e-01
3.735626e-01 8.286129e-01 -9.811790e-01
3.736626e-01 8.502560e-01 -9.838830e-01
3.737626e-01 8.651575e-01 -9.868767e-01
3.738626e-01 8.228838e-01 -9.901486e-01
3.739626e-01 7.941846e-01 -9.936862e-01
3.740626e-01 7.080339e-01 -9.974753e-01
3.741626e-01 7.384802e-01 -1.001501e+00
3.742626e-01 7.038434e-01 -1.005747e+00
3.743626e-01 7.080101e-01 -1.010195e+00
3.744626e-01 7.163147e-01 -1.014828e+00
3.745625e-01 7.482246e-01 -1.019626e+00
3.746625e-01 6.955410e-01 -1.024568e+00
3.747625e-01 6.595480e-01 -1.029633e+00
3.748625e-01 6.190970e-01 -1.034799e+00
3.749625e-01 6.636813e-01 -1.040042e+00
3.750625e-01 7.301164e-01 -1.045341e+00
3.751625e-01 7.128129e-01 -1.050670e+00
3.752625e-01 7.095287e-01 -1.056005e+00
3.753625e-01 6.457471e-01 -1.061321e+00
3.754625e-01 7.376522e-01 -1.066594e+00
3.755624e-01 6.935139e-01 -1.071798e+00
3.756624e-01 7.262390e-01 -1.076908e+00
3.757624e-01 6.648154e-01 -1.081899e+00
3.758624e-01 7.611020e-01 -1.086748e+00
3.759624e-01 6.043108e-01 -1.091428e+00
3.760624e-01 6.755241e-01 -1.095918e+00
3.761624e-01 6.193199e-01 -1.100193e+00
3.762624e-01 6.381684e-01 -1.104231e+00
3.763624e-01 5.854791e-01 -1.108012e+00
3.764624e-01 7.028637e-01 -1.111515e+00
3.765623e-01 6.409441e-01 -1.114720e+00
3.766623e-01 6.259071e-01 -1.117610e+00
3.767623e-01 6.315029e-01 -1.120169e+00
3.768623e-01 6.106173e-01 -1.122381e+00
3.769623e-01 5.463005e-01 -1.124233e+00
3.770623e-01 5.298732e-01 -1.125713e+00
3.771623e-01 5.664155e-01 -1.126812e+00
3.772623e-01 6.139257e-01 -1.127521e+00
3.773623e-01 6.509493e-01 -1.127834e+00
3.774623e-01 5.425704e-01 -1.127746e+00
3.775622e-01 5.688552e-01 -1.127255e+00
3.776622e-01 5.783066e-01 -1.126361e+00
3.777622e-01 5.907826e-01 -1.125065e+00
3.778622e-01 5.659901e-01 -1.123371e+00
3.779622e-01 6.002961e-01 -1.121283e+00
3.780622e-01 5.414380e-01 -1.118809e+00
3.781622e-01 6.173500e-01 -1.115959e+00
3.782622e-01 6.635285e-01 -1.112742e+00
3.783622e-01 6.175759e-01 -1.109172e+00
3.784622e-01 6.112643e-01 -1.105262e+00
3.785621e-01 6.161894e-01 -1.101029e+00
3.786621e-01 6.473057e-01 -1.096489e+00
3.787621e-01 6.708733e-01 -1.091660e+00
3.788621e-01 6.475358e-01 -1.086563e+00
3.789621e-01 6.319919e-01 -1.081217e+00
3.790621e-01 6.523780e-01 -1.075644e+00
3.791621e-01 7.804586e-01 -1.069866e+00
3.792621e-01 5.875633e-01 -1.063907e+00
3.793621e-01 7.425608e-01 -1.057789e+00
3.794621e-01 5.970120e-01 -1.051536e+00
3.795620e-01 7.068932e-01 -1.045173e+00
3.796620e-01 7.004264e-01 -1.038723e+00
3.797620e-01 5.673817e-01 -1.032210e+00
3.798620e-01 6.842931e-01 -1.025659e+00
3.799620e-01 6.543032e-01 -1.019093e+00
3.800620e-01 7.148918e-01 -1.012537e+00
3.801620e-01 6.909387e-01 -1.006012e+00
3.802620e-01 7.131617e-01 -9.995423e-01
3.803620e-01 7.683310e-01 -9.931496e-01
3.804620e-01 7.349619e-01 -9.868555e-01
3.805619e-01 7.305951e-01 -9.806811e-01
3.806619e-01 7.439577e-01 -9.746466e-01
3.807619e-01 7.979732e-01 -9.687717e-01
3.808619e-01 6.460497e-01 -9.630753e-01
3.809619e-01 7.143586e-01 -9.575756e-01
3.810619e-01 7.131687e-01 -9.522899e-01
3.811619e-01 7.407228e-01 -9.472350e-01
3.812619e-01 7.816354e-01 -9.424267e-01
3.813619e-01 7.443946e-01 -9.378801e-01
3.814619e-01 6.869803e-01 -9.336097e-01
3.815618e-01 8.080885e-01 -9.296290e-01
3.816618e-01 7.532707e-01 -9.259509e-01
3.817618e-01 7.604253e-01 -9.225875e-01
3.818618e-01 6.567209e-01 -9.195500e-01
3.819618e-01 7.499117e-01 -9.168491e-01
3.820618e-01 7.738387e-01 -9.144945e-01
3.821618e-01 7.683871e-01 -9.124951e-01
3.822618e-01 7.543385e-01 -9.108590e-01
3.823618e-01 7.381209e-01 -9.095933e-01
3.824618e-01 8.210922e-01 -9.087045e-01
3.825617e-01 8.367461e-01 -9.081977e-01
3.826617e-01 7.515722e-01 -9.080773e-01
3.827617e-01 8.426071e-01 -9.083465e-01
3.828617e-01 7.813770e-01 -9.090073e-01
3.829617e-01 7.680205e-01 -9.100606e-01
3.830617e-01 8.432159e-01 -9.115059e-01
3.831617e-01 6.739422e-01 -9.133414e-01
3.832617e-01 7.894897e-01 -9.155636e-01
3.833617e-01 7.588339e-01 -9.181679e-01
3.834617e-01 7.520650e-01 -9.211476e-01
3.835616e-01 8.013244e-01 -9.244947e-01
3.836616e-01 7.277206e-01 -9.281992e-01
3.837616e-01 7.692752e-01 -9.322496e-01
3.838616e-01 6.702238e-01 -9.366322e-01
3.839616e-01 7.448914e-01 -9.413317e-01
3.840616e-01 7.952723e-01 -9.463311e-01
3.841616e-01 6.907261e-01 -9.516111e-01
3.842616e-01 7.124225e-01 -9.571511e-01
3.843616e-01 7.065395e-01 -9.629286e-01
3.844616e-01 7.128867e-01 -9.689193e-01
3.845615e-01 6.932598e-01 -9.750975e-01
3.846615e-01 7.602743e-01 -9.814363e-01
3.847615e-01 6.366650e-01 -9.879072e-01
3.848615e-01 6.228038e-01 -9.944809e-01
3.849615e-01 6.310210e-01 -1.001127e+00
3.850615e-01 5.920439e-01 -1.007815e+00
3.851615e-01 7.355983e-01 -1.014513e+00
3.852615e-01 7.096729e-01 -1.021190e+00
3.853615e-01 6.582638e-01 -1.027814e+00
3.854615e-01 6.055163e-01 -1.034354e+00
3.855614e-01 6.484874e-01 -1.040779e+00
3.856614e-01 5.626659e-01 -1.047060e+00
3.857614e-01 5.871931e-01 -1.053167e+00
3.858614e-01 6.177421e-01 -1.059073e+00
3.859614e-01 5.989863e-01 -1.064751e+00
3.860614e-01 5.756387e-01 -1.070177e+00
3.861614e-01 6.642038e-01 -1.075327e+00
3.862614e-01 5.982839e-01 -1.080180e+00
3.863614e-01 5.461929e-01 -1.084717e+00
3.864614e-01 5.643355e-01 -1.088920e+00
3.865613e-01 5.693155e-01 -1.092775e+00
3.866613e-01 5.997463e-01 -1.096267e+00
3.867613e-01 6.656290e-01 -1.099387e+00
3.868613e-01 4.867925e-01 -1.102124e+00
3.869613e-01 6.325325e-01 -1.104473e+00
3.870613e-01 6.088356e-01 -1.106427e+00
3.871613e-01 4.792389e-01 -1.107985e+00
3.872613e-01 5.265811e-01 -1.109145e+00
3.873613e-01 5.170496e-01 -1.109907e+00
3.874613e-01 6.007840e-01 -1.110275e+00
3.875612e-01 5.791022e-01 -1.110252e+00
3.876612e-01 6.029676e-01 -1.109842e+00
3.877612e-01 5.657060e-01 -1.109055e+00
3.878612e-01 4.925331e-01 -1.107896e+00
3.879612e-01 5.932686e-01 -1.106376e+00
3.880612e-01 5.824632e-01 -1.104504e+00
3.881612e-01 5.215184e-01 -1.102293e+00
3.882612e-01 5.536182e-01 -1.099754e+00
3.883612e-01 6.565209e-01 -1.096900e+00
3.884612e-01 6.487042e-01 -1.093745e+00
3.885611e-01 5.802023e-01 -1.090303e+00
3.886611e-01 5.660264e-01 -1.086591e+00
3.887611e-01 6.152326e-01 -1.082622e+00
3.888611e-01 5.388380e-01 -1.078413e+00
3.889611e-01 5.214740e-01 -1.073982e+00
3.890611e-01 5.469225e-01 -1.069345e+00
3.891611e-01 5.891025e-01 -1.064519e+00
3.892611e-01 5.518988e-01 -1.059524e+00
3.893611e-01 6.230951e-01 -1.054376e+00
3.894611e-01 5.601002e-01 -1.049096e+00
3.895610e-01 6.571332e-01 -1.043702e+00
3.896610e-01 6.238303e-01 -1.038213e+00
3.897610e-01 6.560931e-01 -1.032650e+00
3.898610e-01 6.274029e-01 -1.027032e+00
3.899610e-01 6.122674e-01 -1.021381e+00
3.900610e-01 6.863245e-01 -1.015717e+00
3.901610e-01 5.881927e-01 -1.010060e+00
3.902610e-01 6.536261e-01 -1.004432e+00
3.903610e-01 5.932889e-01 -9.988552e-01
3.904610e-01 6.873266e-01 -9.933500e-01
3.905609e-01 7.388526e-01 -9.879385e-01
3.906609e-01 6.466148e-01 -9.826422e-01
3.907609e-01 6.721698e-01 -9.774831e-01
3.908609e-01 7.603205e-01 -9.724825e-01
3.909609e-01 7.297847e-01 -9.676620e-01
3.910609e-01 7.307837e-01 -9.630427e-01
3.911609e-01 6.822102e-01 -9.586455e-01
3.912609e-01 6.733657e-01 -9.544909e-01
3.913609e-01 7.002098e-01 -9.505987e-01
3.914609e-01 7.278224e-01 -9.469882e-01
3.915608e-01 7.079287e-01 -9.436778e-01
3.916608e-01 7.707279e-01 -9.406852e-01
3.917608e-01 7.694447e-01 -9.380271e-01
3.918608e-01 7.378581e-01 -9.357188e-01
3.919608e-01 7.384630e-01 -9.337746e-01
3.920608e-01 7.934603e-01 -9.322075e-01
3.921608e-01 6.854043e-01 -9.310289e-01
3.922608e-01 6.363061e-01 -9.302486e-01
3.923608e-01 8.067813e-01 -9.298747e-01
3.924608e-01 6.761110e-01 -9.299137e-01
3.925607e-01 7.063631e-01 -9.303700e-01
3.926607e-01 7.146798e-01 -9.312463e-01
3.927607e-01 6.485445e-01 -9.325431e-01
3.928607e-01 6.540360e-01 -9.342589e-01
3.929607e-01 8.085065e-01 -9.363902e-01
3.930607e-01 7.997558e-01 -9.389314e-01
3.931607e-01 6.810741e-01 -9.418749e-01
3.932607e-01 7.299903e-01 -9.452109e-01
3.933607e-01 6.940889e-01 -9.489277e-01
3.934607e-01 7.233825e-01 -9.530117e-01
3.935606e-01 7.074147e-01 -9.574474e-01
3.936606e-01 6.675677e-01 -9.622175e-01
3.937606e-01 7.655806e-01 -9.673032e-01
3.938606e-01 8.192335e-01 -9.726839e-01
3.939606e-01 7.693715e-01 -9.783380e-01
3.940606e-01 6.858603e-01 -9.842424e-01
3.941606e-01 6.349062e-01 -9.903730e-01
3.942606e-01 6.491489e-01 -9.967048e-01
3.943606e-01 6.277958e-01 -1.003212e+00
3.944606e-01 5.934782e-01 -1.009868e+00
3.945605e-01 6.158675e-01 -1.016647e+00
3.946605e-01 6.760475e-01 -1.023520e+00
3.947605e-01 5.855081e-01 -1.030462e+00
3.948605e-01 5.788738e-01 -1.037445e+00
3.949605e-01 6.841213e-01 -1.044443e+00
3.950605e-01 5.864825e-01 -1.051428e+00
3.951605e-01 6.114063e-01 -1.058375e+00
3.952605e-01 5.495865e-01 -1.065259e+00
3.953605e-01 6.022266e-01 -1.072054e+00
3.954605e-01 5.340944e-01 -1.078737e+00
3.955604e-01 5.782175e-01 -1.085284e+00
3.956604e-01 6.230909e-01 -1.091674e+00
3.957604e-01 5.903359e-01 -1.097885e+00
3.958604e-01 6.211345e-01 -1.103897e+00
3.959604e-01 4.869115e-01 -1.109690e+00
3.960604e-01 5.216298e-01 -1.115248e+00
3.961604e-01 6.104092e-01 -1.120552e+00
3.962604e-01 5.145111e-01 -1.125586e+00
3.963604e-01 5.181029e-01 -1.130337e+00
3.964604e-01 6.233746e-01 -1.134790e+00
3.965603e-01 5.362870e-01 -1.138933e+00
3.966603e-01 5.689090e-01 -1.142755e+00
3.967603e-01 5.466044e-01 -1.146244e+00
3.968603e-01 4.859770e-01 -1.149393e+00
3.969603e-01 5.160168e-01 -1.152192e+00
3.970603e-01 4.276903e-01 -1.154636e+00
3.971603e-01 5.241186e-01 -1.156717e+00
3.972603e-01 4.463923e-01 -1.158433e+00
3.973603e-01 4.524206e-01 -1.159778e+00
3.974603e-01 5.118175e-01 -1.160752e+00
3.975602e-01 3.996530e-01 -1.161351e+00
3.976602e-01 5.996868e-01 -1.161578e+00
3.977602e-01 4.659744e-01 -1.161432e+00
3.978602e-01 5.110456e-01 -1.160916e+00
3.979602e-01 6.061075e-01 -1.160034e+00
3.980602e-01 4.524811e-01 -1.158791e+00
3.981602e-01 6.152453e-01 -1.157192e+00
3.982602e-01 4.009897e-01 -1.155246e+00
3.983602e-01 5.314371e-01 -1.152960e+00
3.984602e-01 4.572416e-01 -1.150346e+00
3.985601e-01 5.091737e-01 -1.147414e+00
3.986601e-01 5.776710e-01 -1.144177e+00
3.987601e-01 5.618757e-01 -1.140649e+00
3.988601e-01 5.566616e-01 -1.136845e+00
3.989601e-01 5.577021e-01 -1.132782e+00
3.990601e-01 5.383867e-01 -1.128476e+00
3.991601e-01 5.850720e-01 -1.123948e+00
3.992601e-01 6.148837e-01 -1.119216e+00
3.993601e-01 5.704374e-01 -1.114301e+00
3.994601e-01 5.820956e-01 -1.109227e+00
3.995600e-01 6.106466e-01 -1.104014e+00
3.996600e-01 5.094750e-01 -1.098687e+00
3.997600e-01 6.218293e-01 -1.093271e+00
3.998600e-01 5.148709e-01 -1.087789e+00
3.999600e-01 6.090044e-01 -1.082268e+00
4.000600e-01 5.459126e-01 -1.076732e+00
4.001600e-01 5.713132e-01 -1.071208e+00
4.002600e-01 6.078840e-01 -1.065722e+00
4.003600e-01 6.463265e-01 -1.060299e+00
4.004600e-01 4.942853e-01 -1.054965e+00
4.005599e-01 6.803277e-01 -1.049746e+00
4.006599e-01 6.545832e-01 -1.044667e+00
4.007599e-01 6.525303e-01 -1.039751e+00
4.008599e-01 5.243676e-01 -1.035023e+00
4.009599e-01 7.141945e-01 -1.030505e+00
4.010599e-01 6.624578e-01 -1.026219e+00
4.011599e-01 6.031749e-01 -1.022186e+00
4.012599e-01 6.051529e-01 -1.018426e+00
4.013599e-01 6.047061e-01 -1.014957e+00
4.014599e-01 6.800315e-01 -1.011796e+00
4.015598e-01 6.972876e-01 -1.008960e+00
4.016598e-01 6.868323e-01 -1.006461e+00
4.017598e-01 6.478624e-01 -1.004314e+00
4.018598e-01 7.274705e-01 -1.002529e+00
4.019598e-01 6.506105e-01 -1.001116e+00
4.020598e-01 6.744325e-01 -1.000084e+00
4.021598e-01 6.049170e-01 -9.994374e-01
4.022598e-01 6.627947e-01 -9.991828e-01
4.023598e-01 7.297174e-01 -9.993228e-01
4.024598e-01 7.076519e-01 -9.998592e-01
4.025597e-01 5.710529e-01 -1.000792e+00
4.026597e-01 6.622813e-01 -1.002120e+00
4.027597e-01 6.493611e-01 -1.003839e+00
4.028597e-01 6.603321e-01 -1.005946e+00
4.029597e-01 7.705238e-01 -1.008434e+00
4.030597e-01 7.224696e-01 -1.011297e+00
4.031597e-01 7.159068e-01 -1.014524e+00
4.032597e-01 6.371167e-01 -1.018107e+00
4.033597e-01 6.430039e-01 -1.022033e+00
4.034597e-01 6.566980e-01 -1.026290e+00
4.035596e-01 6.826753e-01 -1.030865e+00
4.036596e-01 6.309962e-01 -1.035742e+00
4.037596e-01 5.778418e-01 -1.040907e+00
4.038596e-01 5.588458e-01 -1.046341e+00
4.039596e-01 6.133777e-01 -1.052027e+00
4.040596e-01 6.357403e-01 -1.057946e+00
4.041596e-01 6.206066e-01 -1.064080e+00
4.042596e-01 5.985821e-01 -1.070408e+00
4.043596e-01 6.473536e-01 -1.076909e+00
4.044596e-01 6.187533e-01 -1.083562e+00
4.045595e-01 6.024769e-01 -1.090345e+00
4.046595e-01 6.058848e-01 -1.097235e+00
4.047595e-01 6.282344e-01 -1.104211e+00
4.048595e-01 5.766127e-01 -1.111249e+00
4.049595e-01 5.780823e-01 -1.118326e+00
4.050595e-01 5.158312e-01 -1.125418e+00
4.051595e-01 5.657226e-01 -1.132503e+00
4.052595e-01 5.563497e-01 -1.139557e+00
4.053595e-01 5.845399e-01 -1.146557e+00
4.054595e-01 5.363584e-01 -1.153479e+00
4.055594e-01 5.826577e-01 -1.160301e+00
4.056594e-01 6.590258e-01 -1.167001e+00
4.057594e-01 3.895373e-01 -1.173555e+00
4.058594e-01 4.849601e-01 -1.179944e+00
4.059594e-01 5.145956e-01 -1.186145e+00
4.060594e-01 5.636801e-01 -1.192139e+00
4.061594e-01 4.984501e-01 -1.197905e+00
4.062594e-01 4.662491e-01 -1.203425e+00
4.063594e-01 4.768859e-01 -1.208681e+00
4.064594e-01 4.598335e-01 -1.213656e+00
4.065593e-01 4.596891e-01 -1.218334e+00
4.066593e-01 4.829526e-01 -1.222700e+00
4.067593e-01 5.283232e-01 -1.226741e+00
4.068593e-01 4.113243e-01 -1.230443e+00
4.069593e-01 4.188384e-01 -1.233796e+00
4.070593e-01 4.884952e-01 -1.236789e+00
4.071593e-01 5.039325e-01 -1.239414e+00
4.072593e-01 4.674583e-01 -1.241663e+00
4.073593e-01 4.436981e-01 -1.243531e+00
4.074593e-01 5.108837e-01 -1.245013e+00
4.075592e-01 4.399529e-01 -1.246107e+00
4.076592e-01 4.077689e-01 -1.246810e+00
4.077592e-01 3.616092e-01 -1.247124e+00
4.078592e-01 4.760822e-01 -1.247049e+00
4.079592e-01 5.068509e-01 -1.246590e+00
4.080592e-01 3.698061e-01 -1.245750e+00
4.081592e-01 4.710603e-01 -1.244536e+00
4.082592e-01 5.220561e-01 -1.242956e+00
4.083592e-01 5.023797e-01 -1.241019e+00
4.084592e-01 4.182504e-01 -1.238736e+00
4.085591e-01 4.482462e-01 -1.236118e+00
4.086591e-01 4.961437e-01 -1.233180e+00
4.087591e-01 4.675225e-01 -1.229936e+00
4.088591e-01 5.313194e-01 -1.226402e+00
4.089591e-01 4.599288e-01 -1.222597e+00
4.090591e-01 4.600162e-01 -1.218538e+00
4.091591e-01 4.692294e-01 -1.214245e+00
4.092591e-01 5.447160e-01 -1.209739e+00
4.093591e-01 4.764763e-01 -1.205042e+00
4.094591e-01 6.130525e-01 -1.200176e+00
4.095590e-01 5.134453e-01 -1.195165e+00
4.096590e-01 5.764683e-01 -1.190033e+00
4.097590e-01 5.103299e-01 -1.184804e+00
4.098590e-01 5.567174e-01 -1.179504e+00
4.099590e-01 4.948277e-01 -1.174159e+00
4.100590e-01 4.988651e-01 -1.168795e+00
4.101590e-01 5.271795e-01 -1.163437e+00
4.102590e-01 5.857571e-01 -1.158113e+00
4.103590e-01 6.587859e-01 -1.152847e+00
4.104590e-01 5.389239e-01 -1.147667e+00
4.105589e-01 5.334343e-01 -1.142599e+00
4.106589e-01 4.762085e-01 -1.137668e+00
4.107589e-01 6.192656e-01 -1.132898e+00
4.108589e-01 6.230524e-01 -1.128316e+00
4.109589e-01 5.840222e-01 -1.123944e+00
4.110589e-01 6.014108e-01 -1.119805e+00
4.111589e-01 5.901376e-01 -1.115923e+00
4.112589e-01 5.434224e-01 -1.112317e+00
4.113589e-01 5.580261e-01 -1.109009e+00
4.114589e-01 6.650065e-01 -1.106016e+00
4.115588e-01 5.969417e-01 -1.103357e+00
4.116588e-01 5.969903e-01 -1.101048e+00
4.117588e-01 5.544213e-01 -1.099104e+00
4.118588e-01 5.099525e-01 -1.097538e+00
4.119588e-01 6.166761e-01 -1.096362e+00
4.120588e-01 5.174106e-01 -1.095586e+00
4.121588e-01 5.418696e-01 -1.095217e+00
4.122588e-01 6.621508e-01 -1.095264e+00
4.123588e-01 6.072789e-01 -1.095730e+00
4.124588e-01 6.363861e-01 -1.096618e+00
4.125587e-01 6.305579e-01 -1.097931e+00
4.126587e-01 5.260390e-01 -1.099666e+00
4.127587e-01 6.177231e-01 -1.101822e+00
4.128587e-01 6.333754e-01 -1.104394e+00
4.129587e-01 6.556226e-01 -1.107376e+00
4.130587e-01 5.847017e-01 -1.110760e+00
4.131587e-01 7.059860e-01 -1.114535e+00
4.132587e-01 6.259520e-01 -1.118691e+00
4.133587e-01 5.611307e-01 -1.123214e+00
4.134587e-01 5.779170e-01 -1.128089e+00
4.135586e-01 5.953368e-01 -1.133300e+00
4.136586e-01 5.951396e-01 -1.138829e+00
4.137586e-01 5.731027e-01 -1.144657e+00
4.138586e-01 6.946111e-01 -1.150763e+00
4.139586e-01 5.520506e-01 -1.157125e+00
4.140586e-01 4.870005e-01 -1.163720e+00
4.141586e-01 5.848239e-01 -1.170525e+00
4.142586e-01 5.385041e-01 -1.177516e+00
4.143586e-01 4.696014e-01 -1.184666e+00
4.144586e-01 5.607203e-01 -1.191950e+00
4.145585e-01 6.152654e-01 -1.199342e+00
4.146585e-01 4.647358e-01 -1.206815e+00
4.147585e-01 5.359416e-01 -1.214343e+00
4.148585e-01 4.859543e-01 -1.221898e+00
4.149585e-01 5.359748e-01 -1.229454e+00
4.150585e-01 4.737247e-01 -1.236985e+00
4.151585e-01 5.399507e-01 -1.244464e+00
4.152585e-01 4.462286e-01 -1.251868e+00
4.153585e-01 4.340619e-01 -1.259169e+00
4.154585e-01 4.251353e-01 -1.266346e+00
4.155584e-01 4.897992e-01 -1.273374e+00
4.156584e-01 4.529315e-01 -1.280232e+00
4.157584e-01 4.305425e-01 -1.286899e+00
4.158584e-01 4.020449e-01 -1.293355e+00
4.159584e-01 2.965135e-01 -1.299582e+00
4.160584e-01 5.270009e-01 -1.305562e+00
4.161584e-01 3.481809e-01 -1.311281e+00
4.162584e-01 4.053969e-01 -1.316723e+00
4.163584e-01 3.486585e-01 -1.321876e+00
4.164584e-01 4.726862e-01 -1.326729e+00
4.165583e-01 3.364124e-01 -1.331273e+00
4.166583e-01 4.151867e-01 -1.335498e+00
4.167583e-01 4.058809e-01 -1.339400e+00
4.168583e-01 5.256775e-01 -1.342972e+00
4.169583e-01 4.152660e-01 -1.346212e+00
4.170583e-01 4.053376e-01 -1.349118e+00
4.171583e-01 3.811181e-01 -1.351688e+00
4.172583e-01 3.993410e-01 -1.353924e+00
4.173583e-01 3.620029e-01 -1.355829e+00
4.174583e-01 3.623475e-01 -1.357406e+00
4.175582e-01 5.067291e-01 -1.358660e+00
4.176582e-01 3.857647e-01 -1.359596e+00
4.177582e-01 3.660146e-01 -1.360223e+00
4.178582e-01 4.327264e-01 -1.360548e+00
4.179582e-01 3.833523e-01 -1.360581e+00
4.180582e-01 3.790186e-01 -1.360332e+00
4.181582e-01 4.366489e-01 -1.359812e+00
4.182582e-01 3.812824e-01 -1.359032e+00
4.183582e-01 4.024536e-01 -1.358005e+00
4.184582e-01 3.203230e-01 -1.356744e+00
4.185581e-01 4.453654e-01 -1.355262e+00
4.186581e-01 4.353004e-01 -1.353575e+00
4.187581e-01 3.580442e-01 -1.351695e+00
4.188581e-01 4.213200e-01 -1.349638e+00
4.189581e-01 4.459392e-01 -1.347418e+00
4.190581e-01 4.832716e-01 -1.345052e+00
4.191581e-01 4.135793e-01 -1.342553e+00
4.192581e-01 4.492246e-01 -1.339938e+00
4.193581e-01 4.528879e-01 -1.337223e+00
4.194581e-01 3.631954e-01 -1.334422e+00
4.195580e-01 5.217445e-01 -1.331550e+00
4.196580e-01 4.349142e-01 -1.328623e+00
4.197580e-01 4.013233e-01 -1.325657e+00
4.198580e-01 4.674120e-01 -1.322665e+00
4.199580e-01 5.184669e-01 -1.319662e+00
4.200580e-01 5.001615e-01 -1.316663e+00
4.201580e-01 5.167221e-01 -1.313681e+00
4.202580e-01 4.529591e-01 -1.310730e+00
4.203580e-01 5.235145e-01 -1.307822e+00
4.204580e-01 5.254548e-01 -1.304972e+00
4.205579e-01 5.232741e-01 -1.302190e+00
4.206579e-01 5.315189e-01 -1.299489e+00
4.207579e-01 4.668089e-01 -1.296880e+00
4.208579e-01 5.508847e-01 -1.294373e+00
4.209579e-01 4.952852e-01 -1.291979e+00
4.210579e-01 5.869835e-01 -1.289707e+00
4.211579e-01 6.890896e-01 -1.287567e+00
4.212579e-01 5.464791e-01 -1.285566e+00
4.213579e-01 6.121026e-01 -1.283713e+00
4.214579e-01 4.889383e-01 -1.282015e+00
4.215578e-01 5.307831e-01 -1.280478e+00
4.216578e-01 6.063393e-01 -1.279108e+00
4.217578e-01 6.268542e-01 -1.277911e+00
4.218578e-01 4.822101e-01 -1.276890e+00
4.219578e-01 6.185265e-01 -1.276051e+00
4.220578e-01 5.779603e-01 -1.275396e+00
4.221578e-01 6.401940e-01 -1.274927e+00
4.222578e-01 5.629275e-01 -1.274648e+00
4.223578e-01 5.842877e-01 -1.274558e+00
4.224578e-01 6.467318e-01 -1.274660e+00
4.225577e-01 5.243397e-01 -1.274952e+00
4.226577e-01 5.254227e-01 -1.275434e+00
4.227577e-01 5.021062e-01 -1.276105e+00
4.228577e-01 5.155928e-01 -1.276964e+00
4.229577e-01 5.505467e-01 -1.278007e+00
4.230577e-01 6.395802e-01 -1.279232e+00
4.231577e-01 5.623415e-01 -1.280635e+00
4.232577e-01 5.436486e-01 -1.282211e+00
4.233577e-01 5.663895e-01 -1.283958e+00
4.234577e-01 5.800630e-01 -1.285868e+00
4.235576e-01 6.306178e-01 -1.287937e+00
4.236576e-01 5.660594e-01 -1.290159e+00
4.237576e-01 5.235490e-01 -1.292528e+00
4.238576e-01 5.472208e-01 -1.295036e+00
4.239576e-01 5.621463e-01 -1.297676e+00
4.240576e-01 5.656295e-01 -1.300442e+00
4.241576e-01 5.379831e-01 -1.303325e+00
4.242576e-01 4.810882e-01 -1.306318e+00
4.243576e-01 4.828210e-01 -1.309412e+00
4.244576e-01 4.669001e-01 -1.312599e+00
4.245575e-01 5.065043e-01 -1.315870e+00
4.246575e-01 4.031986e-01 -1.319218e+00
4.247575e-01 4.299663e-01 -1.322634e+00
4.248575e-01 5.539764e-01 -1.326108e+00
4.249575e-01 5.888141e-01 -1.329633e+00
4.250575e-01 4.120879e-01 -1.333200e+00
4.251575e-01 4.812116e-01 -1.336801e+00
4.252575e-01 4.741833e-01 -1.340427e+00
4.253575e-01 4.103021e-01 -1.344069e+00
4.254575e-01 4.652052e-01 -1.347721e+00
4.255574e-01 4.373914e-01 -1.351374e+00
4.256574e-01 3.410867e-01 -1.355020e+00
4.257574e-01 3.510134e-01 -1.358653e+00
4.258574e-01 3.613078e-01 -1.362265e+00
4.259574e-01 4.381535e-01 -1.365849e+00
4.260574e-01 4.057560e-01 -1.369400e+00
4.261574e-01 4.299383e-01 -1.372910e+00
4.262574e-01 4.163118e-01 -1.376375e+00
4.263574e-01 3.474735e-01 -1.379788e+00
4.264574e-01 3.958182e-01 -1.383145e+00
4.265573e-01 3.595158e-01 -1.386441e+00
4.266573e-01 3.532941e-01 -1.389671e+00
4.267573e-01 3.122518e-01 -1.392833e+00
4.268573e-01 3.507193e-01 -1.395922e+00
4.269573e-01 4.251600e-01 -1.398935e+00
4.270573e-01 3.105292e-01 -1.401870e+00
4.271573e-01 3.843309e-01 -1.404723e+00
4.272573e-01 3.224227e-01 -1.407494e+00
4.273573e-01 2.826793e-01 -1.410181e+00
4.274573e-01 3.077838e-01 -1.412782e+00
4.275572e-01 3.545550e-01 -1.415296e+00
4.276572e-01 2.342199e-01 -1.417724e+00
4.277572e-01 3.266008e-01 -1.420064e+00
4.278572e-01 3.147872e-01 -1.422317e+00
4.279572e-01 3.575023e-01 -1.424484e+00
4.280572e-01 2.726234e-01 -1.426564e+00
4.281572e-01 2.710613e-01 -1.428560e+00
4.282572e-01 3.273752e-01 -1.430472e+00
4.283572e-01 2.586346e-01 -1.432302e+00
4.284572e-01 3.541833e-01 -1.434052e+00
4.285571e-01 3.364868e-01 -1.435723e+00
4.286571e-01 3.502491e-01 -1.437318e+00
4.287571e-01 3.443550e-01 -1.438840e+00
4.288571e-01 4.196993e-01 -1.440291e+00
4.289571e-01 3.216099e-01 -1.441673e+00
4.290571e-01 3.013660e-01 -1.442989e+00
4.291571e-01 3.230384e-01 -1.444243e+00
4.292571e-01 4.885176e-01 -1.445438e+00
4.293571e-01 3.694276e-01 -1.446576e+00
4.294571e-01 2.878987e-01 -1.447661e+00
4.295570e-01 3.617643e-01 -1.448696e+00
4.296570e-01 4.393413e-01 -1.449685e+00
4.297570e-01 4.229820e-01 -1.450632e+00
4.298570e-01 3.323818e-01 -1.451539e+00
4.299570e-01 4.269711e-01 -1.452409e+00
4.300570e-01 4.199418e-01 -1.453248e+00
4.301570e-01 3.545432e-01 -1.454057e+00
4.302570e-01 4.606315e-01 -1.454841e+00
4.303570e-01 4.370873e-01 -1.455603e+00
4.304570e-01 4.463420e-01 -1.456345e+00
4.305569e-01 4.823650e-01 -1.457073e+00
4.306569e-01 3.974069e-01 -1.457787e+00
4.307569e-01 4.430523e-01 -1.458493e+00
4.308569e-01 4.657987e-01 -1.459193e+00
4.309569e-01 4.931206e-01 -1.459889e+00
4.310569e-01 4.521376e-01 -1.460586e+00
4.311569e-01 5.510397e-01 -1.461285e+00
4.312569e-01 5.019525e-01 -1.461989e+00
4.313569e-01 4.912692e-01 -1.462701e+00
4.314569e-01 4.111891e-01 -1.463423e+00
4.315568e-01 5.168856e-01 -1.464158e+00
4.316568e-01 5.320991e-01 -1.464908e+00
4.317568e-01 4.938373e-01 -1.465675e+00
4.318568e-01 5.106224e-01 -1.466460e+00
4.319568e-01 5.557379e-01 -1.467266e+00
4.320568e-01 4.925392e-01 -1.468094e+00
4.321568e-01 5.278631e-01 -1.468945e+00
4.322568e-01 5.461080e-01 -1.469822e+00
4.323568e-01 4.803093e-01 -1.470725e+00
4.324568e-01 5.379082e-01 -1.471655e+00
4.325567e-01 4.643856e-01 -1.472613e+00
4.326567e-01 5.613390e-01 -1.473599e+00
4.327567e-01 4.885649e-01 -1.474615e+00
4.328567e-01 5.778596e-01 -1.475661e+00
4.329567e-01 4.239181e-01 -1.476737e+00
4.330567e-01 5.357447e-01 -1.477843e+00
4.331567e-01 4.783945e-01 -1.478980e+00
4.332567e-01 5.578960e-01 -1.480146e+00
4.333567e-01 4.949524e-01 -1.481342e+00
4.334567e-01 4.419517e-01 -1.482568e+00
4.335566e-01 5.071854e-01 -1.483822e+00
4.336566e-01 5.287228e-01 -1.485104e+00
4.337566e-01 4.821663e-01 -1.486414e+00
4.338566e-01 4.851501e-01 -1.487750e+00
4.339566e-01 3.734999e-01 -1.489112e+00
4.340566e-01 5.428201e-01 -1.490498e+00
4.341566e-01 4.452763e-01 -1.491907e+00
4.342566e-01 4.075047e-01 -1.493338e+00
4.343566e-01 4.149428e-01 -1.494790e+00
4.344566e-01 4.006480e-01 -1.496261e+00
4.345565e-01 3.838976e-01 -1.497749e+00
4.346565e-01 4.046267e-01 -1.499254e+00
4.347565e-01 4.148886e-01 -1.500773e+00
4.348565e-01 3.087509e-01 -1.502304e+00
4.349565e-01 3.756780e-01 -1.503847e+00
4.350565e-01 4.328961e-01 -1.505400e+00
4.351565e-01 3.717731e-01 -1.506961e+00
4.352565e-01 2.852644e-01 -1.508527e+00
4.353565e-01 3.664664e-01 -1.510098e+00
4.354565e-01 4.376939e-01 -1.511672e+00
4.355564e-01 3.385468e-01 -1.513248e+00
4.356564e-01 3.317314e-01 -1.514823e+00
4.357564e-01 3.070837e-01 -1.516396e+00
4.358564e-01 2.736113e-01 -1.517965e+00
4.359564e-01 3.565427e-01 -1.519530e+00
4.360564e-01 3.295413e-01 -1.521089e+00
4.361564e-01 4.516363e-01 -1.522640e+00
4.362564e-01 3.337503e-01 -1.524183e+00
4.363564e-01 2.524658e-01 -1.525715e+00
4.364564e-01 3.152812e-01 -1.527237e+00
4.365563e-01 3.394593e-01 -1.528748e+00
4.366563e-01 3.349597e-01 -1.530246e+00
4.367563e-01 3.653975e-01 -1.531731e+00
4.368563e-01 2.621579e-01 -1.533202e+00
4.369563e-01 4.430896e-01 -1.534659e+00
4.370563e-01 2.990737e-01 -1.536102e+00
4.371563e-01 2.448186e-01 -1.537530e+00
4.372563e-01 2.450265e-01 -1.538944e+00
4.373563e-01 2.904638e-01 -1.540344e+00
4.374563e-01 3.232956e-01 -1.541730e+00
4.375562e-01 2.354259e-01 -1.543102e+00
4.376562e-01 2.490748e-01 -1.544462e+00
4.377562e-01 2.104944e-01 -1.545809e+00
4.378562e-01 3.115744e-01 -1.547145e+00
4.379562e-01 2.688151e-01 -1.548472e+00
4.380562e-01 2.571613e-01 -1.549789e+00
4.381562e-01 2.779090e-01 -1.551099e+00
4.382562e-01 2.531374e-01 -1.552403e+00
4.383562e-01 2.256391e-01 -1.553703e+00
4.384562e-01 3.359717e-01 -1.555000e+00
4.385561e-01 2.381372e-01 -1.556297e+00
4.386561e-01 3.242540e-01 -1.557596e+00
4.387561e-01 2.694287e-01 -1.558899e+00
4.388561e-01 2.900686e-01 -1.560209e+00
4.389561e-01 3.620932e-01 -1.561527e+00
4.390561e-01 3.346976e-01 -1.562857e+00
4.391561e-01 2.225418e-01 -1.564202e+00
4.392561e-01 4.335310e-01 -1.565564e+00
4.393561e-01 2.935771e-01 -1.566946e+00
4.394561e-01 3.915661e-01 -1.568352e+00
4.395560e-01 3.470522e-01 -1.569785e+00
4.396560e-01 3.939387e-01 -1.571247e+00
4.397560e-01 2.694946e-01 -1.572743e+00
4.398560e-01 4.307556e-01 -1.574276e+00
4.399560e-01 4.008404e-01 -1.575849e+00
4.400560e-01 4.391170e-01 -1.577466e+00
4.401560e-01 3.915670e-01 -1.579130e+00
4.402560e-01 3.460352e-01 -1.580846e+00
4.403560e-01 4.249572e-01 -1.582616e+00
4.404560e-01 3.764056e-01 -1.584445e+00
4.405559e-01 4.327857e-01 -1.586336e+00
4.406559e-01 4.364037e-01 -1.588292e+00
4.407559e-01 5.131179e-01 -1.590318e+00
4.408559e-01 4.126305e-01 -1.592417e+00
4.409559e-01 4.225593e-01 -1.594593e+00
4.410559e-01 3.720807e-01 -1.596849e+00
4.411559e-01 4.346532e-01 -1.599189e+00
4.412559e-01 4.355818e-01 -1.601616e+00
4.413559e-01 4.245257e-01 -1.604133e+00
4.414559e-01 4.462416e-01 -1.606744e+00
4.415558e-01 4.219007e-01 -1.609451e+00
4.416558e-01 3.800403e-01 -1.612258e+00
4.417558e-01 3.912231e-01 -1.615168e+00
4.418558e-01 3.590680e-01 -1.618182e+00
4.419558e-01 5.034343e-01 -1.621304e+00
4.420558e-01 3.740367e-01 -1.624536e+00
4.421558e-01 4.548265e-01 -1.627880e+00
4.422558e-01 4.702594e-01 -1.631337e+00
4.423558e-01 5.056637e-01 -1.634910e+00
4.424558e-01 4.641219e-01 -1.638599e+00
4.425557e-01 3.856593e-01 -1.642406e+00
4.426557e-01 5.191709e-01 -1.646332e+00
4.427557e-01 3.988257e-01 -1.650377e+00
4.428557e-01 4.226517e-01 -1.654541e+00
4.429557e-01 4.538986e-01 -1.658825e+00
4.430557e-01 4.209677e-01 -1.663227e+00
4.431557e-01 4.652954e-01 -1.667747e+00
4.432557e-01 4.023810e-01 -1.672383e+00
4.433557e-01 4.194295e-01 -1.677135e+00
4.434557e-01 3.598660e-01 -1.682000e+00
4.435556e-01 4.962269e-01 -1.686975e+00
4.436556e-01 4.017570e-01 -1.692058e+00
4.437556e-01 4.717488e-01 -1.697244e+00
4.438556e-01 4.553483e-01 -1.702532e+00
4.439556e-01 4.136387e-01 -1.707915e+00
4.440556e-01 3.938020e-01 -1.713390e+00
4.441556e-01 3.930749e-01 -1.718950e+00
4.442556e-01 3.191101e-01 -1.724590e+00
4.443556e-01 3.481365e-01 -1.730304e+00
4.444556e-01 4.181390e-01 -1.736085e+00
4.445555e-01 3.504268e-01 -1.741925e+00
4.446555e-01 4.088218e-01 -1.747815e+00
4.447555e-01 3.577695e-01 -1.753749e+00
4.448555e-01 3.599867e-01 -1.759715e+00
4.449555e-01 3.729892e-01 -1.765706e+00
4.450555e-01 3.704406e-01 -1.771709e+00
4.451555e-01 2.739842e-01 -1.777715e+00
4.452555e-01 3.639981e-01 -1.783713e+00
4.453555e-01 2.059585e-01 -1.789689e+00
4.454555e-01 3.456599e-01 -1.795632e+00
4.455554e-01 3.467515e-01 -1.801530e+00
4.456554e-01 2.934461e-01 -1.807367e+00
4.457554e-01 2.957337e-01 -1.813132e+00
4.458554e-01 2.955381e-01 -1.818809e+00
4.459554e-01 2.464219e-01 -1.824383e+00
4.460554e-01 2.673440e-01 -1.829841e+00
4.461554e-01 2.404231e-01 -1.835166e+00
4.462554e-01 2.676482e-01 -1.840343e+00
4.463554e-01 2.791551e-01 -1.845357e+00
4.464554e-01 2.084281e-01 -1.850191e+00
4.465553e-01 2.468285e-01 -1.854831e+00
4.466553e-01 2.300727e-01 -1.859259e+00
4.467553e-01 2.102686e-01 -1.863461e+00
4.468553e-01 2.357283e-01 -1.867421e+00
4.469553e-01 2.816288e-01 -1.871123e+00
4.470553e-01 2.385874e-01 -1.874554e+00
4.471553e-01 2.469237e-01 -1.877699e+00
4.472553e-01 2.344536e-01 -1.880543e+00
4.473553e-01 2.636936e-01 -1.883075e+00
4.474553e-01 2.675642e-01 -1.885282e+00
4.475552e-01 2.207357e-01 -1.887153e+00
4.476552e-01 2.659541e-01 -1.888679e+00
4.477552e-01 1.995878e-01 -1.889849e+00
4.478552e-01 1.732061e-01 -1.890657e+00
4.479552e-01 2.016190e-01 -1.891098e+00
4.480552e-01 2.539733e-01 -1.891165e+00
4.481552e-01 1.944271e-01 -1.890857e+00
4.482552e-01 2.458830e-01 -1.890173e+00
4.483552e-01 2.908095e-01 -1.889113e+00
4.484552e-01 1.093917e-01 -1.887681e+00
4.485551e-01 2.192883e-01 -1.885881e+00
4.486551e-01 2.124360e-01 -1.883721e+00
4.487551e-01 2.473273e-01 -1.881209e+00
4.488551e-01 2.865147e-01 -1.878357e+00
4.489551e-01 2.999372e-01 -1.875179e+00
4.490551e-01 3.548694e-01 -1.871689e+00
4.491551e-01 2.918285e-01 -1.867906e+00
4.492551e-01 2.053446e-01 -1.863850e+00
4.493551e-01 3.341146e-01 -1.859542e+00
4.494551e-01 3.223905e-01 -1.855006e+00
4.495550e-01 2.144905e-01 -1.850267e+00
4.496550e-01 3.387057e-01 -1.845353e+00
4.497550e-01 3.313854e-01 -1.840292e+00
4.498550e-01 3.144008e-01 -1.835113e+00
4.499550e-01 2.760054e-01 -1.829848e+00
4.500550e-01 3.355326e-01 -1.824527e+00
4.501550e-01 2.876448e-01 -1.819184e+00
4.502550e-01 3.065074e-01 -1.813851e+00
4.503550e-01 3.228712e-01 -1.808561e+00
4.504550e-01 2.954423e-01 -1.803345e+00
4.505549e-01 3.375746e-01 -1.798238e+00
4.506549e-01 4.071615e-01 -1.793270e+00
4.507549e-01 3.485951e-01 -1.788473e+00
4.508549e-01 3.133370e-01 -1.783877e+00
4.509549e-01 3.529133e-01 -1.779511e+00
4.510549e-01 4.090247e-01 -1.775401e+00
4.511549e-01 2.883286e-01 -1.771575e+00
4.512549e-01 2.444810e-01 -1.768057e+00
4.513549e-01 3.028968e-01 -1.764868e+00
4.514549e-01 3.278804e-01 -1.762029e+00
4.515548e-01 4.242164e-01 -1.759559e+00
4.516548e-01 3.898691e-01 -1.757474e+00
4.517548e-01 3.294821e-01 -1.755788e+00
4.518548e-01 3.490094e-01 -1.754514e+00
4.519548e-01 4.456234e-01 -1.753659e+00
4.520548e-01 3.947920e-01 -1.753233e+00
4.521548e-01 3.712055e-01 -1.753241e+00
4.522548e-01 3.850366e-01 -1.753685e+00
4.523548e-01 4.991912e-01 -1.754567e+00
4.524548e-01 4.114237e-01 -1.755885e+00
4.525547e-01 3.935166e-01 -1.757637e+00
4.526547e-01 4.754812e-01 -1.759818e+00
4.527547e-01 4.034901e-01 -1.762422e+00
4.528547e-01 4.458041e-01 -1.765439e+00
4.529547e-01 4.373580e-01 -1.768860e+00
4.530547e-01 3.591860e-01 -1.772674e+00
4.531547e-01 3.261269e-01 -1.776867e+00
4.532547e-01 3.603658e-01 -1.781426e+00
4.533547e-01 3.226833e-01 -1.786334e+00
4.534547e-01 3.968300e-01 -1.791576e+00
4.535546e-01 3.834243e-01 -1.797133e+00
4.536546e-01 3.594478e-01 -1.802987e+00
4.537546e-01 3.545467e-01 -1.809119e+00
4.538546e-01 3.417618e-01 -1.815508e+00
4.539546e-01 3.195402e-01 -1.822133e+00
4.540546e-01 3.818185e-01 -1.828974e+00
4.541546e-01 2.627763e-01 -1.836007e+00
4.542546e-01 3.419916e-01 -1.843211e+00
4.543546e-01 2.572263e-01 -1.850563e+00
4.544546e-01 2.925863e-01 -1.858039e+00
4.545545e-01 3.091440e-01 -1.865616e+00
4.546545e-01 2.450242e-01 -1.873271e+00
4.547545e-01 3.449242e-01 -1.880980e+00
4.548545e-01 2.990803e-01 -1.888720e+00
4.549545e-01 2.745618e-01 -1.896466e+00
4.550545e-01 3.703870e-01 -1.904195e+00
4.551545e-01 2.388209e-01 -1.911885e+00
4.552545e-01 2.793574e-01 -1.919512e+00
4.553545e-01 2.470392e-01 -1.927052e+00
4.554545e-01 1.150728e-01 -1.934485e+00
4.555544e-01 2.872177e-01 -1.941787e+00
4.556544e-01 3.780419e-01 -1.948938e+00
4.557544e-01 2.147724e-01 -1.955916e+00
4.558544e-01 1.580237e-01 -1.962701e+00
4.559544e-01 2.135636e-01 -1.969274e+00
4.560544e-01 1.959733e-01 -1.975616e+00
4.561544e-01 2.118650e-01 -1.981708e+00
4.562544e-01 2.495149e-01 -1.987535e+00
4.563544e-01 2.991856e-01 -1.993079e+00
4.564544e-01 1.575217e-01 -1.998327e+00
4.565543e-01 1.206634e-01 -2.003263e+00
4.566543e-01 1.606156e-01 -2.007875e+00
4.567543e-01 1.947198e-01 -2.012151e+00
4.568543e-01 2.099916e-01 -2.016081e+00
4.569543e-01 1.677663e-01 -2.019657e+00
4.570543e-01 9.780515e-02 -2.022869e+00
4.571543e-01 1.551420e-01 -2.025711e+00
4.572543e-01 1.115637e-01 -2.028179e+00
4.573543e-01 2.054931e-01 -2.030269e+00
4.574543e-01 1.332036e-01 -2.031978e+00
4.575542e-01 1.630355e-01 -2.033307e+00
4.576542e-01 1.085680e-01 -2.034254e+00
4.577542e-01 1.020543e-01 -2.034823e+00
4.578542e-01 1.797083e-01 -2.035017e+00
4.579542e-01 9.907523e-02 -2.034841e+00
4.580542e-01 7.420892e-02 -2.034302e+00
4.581542e-01 2.095712e-01 -2.033407e+00
4.582542e-01 1.226248e-01 -2.032164e+00
4.583542e-01 1.118073e-01 -2.030585e+00
4.584542e-01 2.216060e-01 -2.028682e+00
4.585541e-01 1.843373e-01 -2.026466e+00
4.586541e-01 2.826099e-01 -2.023952e+00
4.587541e-01 1.575433e-01 -2.021156e+00
4.588541e-01 1.148211e-01 -2.018092e+00
4.589541e-01 1.738077e-01 -2.014779e+00
4.590541e-01 1.211175e-01 -2.011234e+00
4.591541e-01 2.349478e-01 -2.007476e+00
4.592541e-01 2.340984e-01 -2.003525e+00
4.593541e-01 2.318399e-01 -1.999401e+00
4.594541e-01 2.352275e-01 -1.995124e+00
4.595540e-01 2.119467e-01 -1.990717e+00
4.596540e-01 1.546135e-01 -1.986201e+00
4.597540e-01 1.760691e-01 -1.981598e+00
4.598540e-01 2.764550e-01 -1.976931e+00
4.599540e-01 2.204918e-01 -1.972223e+00
4.600540e-01 2.647765e-01 -1.967496e+00
4.601540e-01 2.210729e-01 -1.962774e+00
4.602540e-01 2.560098e-01 -1.958079e+00
4.603540e-01 2.097896e-01 -1.953435e+00
4.604540e-01 2.698610e-01 -1.948864e+00
4.605539e-01 3.717627e-01 -1.944389e+00
4.606539e-01 3.144393e-01 -1.940032e+00
4.607539e-01 2.570499e-01 -1.935815e+00
4.608539e-01 3.247372e-01 -1.931761e+00
4.609539e-01 2.642802e-01 -1.927889e+00
4.610539e-01 2.850552e-01 -1.924221e+00
4.611539e-01 2.928024e-01 -1.920777e+00
4.612539e-01 3.115524e-01 -1.917575e+00
4.613539e-01 2.558790e-01 -1.914635e+00
4.614539e-01 4.346518e-01 -1.911974e+00
4.615538e-01 2.932304e-01 -1.909610e+00
4.616538e-01 3.313879e-01 -1.907558e+00
4.617538e-01 3.084079e-01 -1.905833e+00
4.618538e-01 3.397871e-01 -1.904449e+00
4.619538e-01 3.264420e-01 -1.903419e+00
4.620538e-01 3.919859e-01 -1.902754e+00
4.621538e-01 2.881187e-01 -1.902465e+00
4.622538e-01 2.893444e-01 -1.902560e+00
4.623538e-01 2.436804e-01 -1.903048e+00
4.624538e-01 2.640958e-01 -1.903933e+00
4.625537e-01 2.627406e-01 -1.905221e+00
4.626537e-01 3.445584e-01 -1.906913e+00
4.627537e-01 2.968743e-01 -1.909011e+00
4.628537e-01 4.187445e-01 -1.911515e+00
4.629537e-01 3.549132e-01 -1.914422e+00
4.630537e-01 3.716232e-01 -1.917727e+00
4.631537e-01 3.302421e-01 -1.921425e+00
4.632537e-01 3.586823e-01 -1.925507e+00
4.633537e-01 4.018876e-01 -1.929964e+00
4.634537e-01 3.132625e-01 -1.934785e+00
4.635536e-01 2.299060e-01 -1.939954e+00
4.636536e-01 3.170987e-01 -1.945459e+00
4.637536e-01 3.584561e-01 -1.951280e+00
4.638536e-01 3.039808e-01 -1.957401e+00
4.639536e-01 2.870158e-01 -1.963800e+00
4.640536e-01 3.003698e-01 -1.970457e+00
4.641536e-01 2.613211e-01 -1.977347e+00
4.642536e-01 3.032686e-01 -1.984448e+00
4.643536e-01 2.307237e-01 -1.991734e+00
4.644536e-01 2.345513e-01 -1.999178e+00
4.645535e-01 2.749554e-01 -2.006755e+00
4.646535e-01 2.233210e-01 -2.014435e+00
4.647535e-01 3.438512e-01 -2.022193e+00
4.648535e-01 2.553230e-01 -2.029999e+00
4.649535e-01 1.762621e-01 -2.037825e+00
4.650535e-01 2.210902e-01 -2.045644e+00
4.651535e-01 1.837708e-01 -2.053428e+00
4.652535e-01 1.639336e-01 -2.061148e+00
4.653535e-01 2.380433e-01 -2.068779e+00
4.654535e-01 2.879118e-01 -2.076294e+00
4.655534e-01 9.462161e-02 -2.083669e+00
4.656534e-01 1.764570e-01 -2.090878e+00
4.657534e-01 1.687214e-01 -2.097899e+00
4.658534e-01 2.208915e-01 -2.104710e+00
4.659534e-01 8.682658e-02 -2.111289e+00
4.660534e-01 1.295864e-01 -2.117618e+00
4.661534e-01 9.016673e-02 -2.123677e+00
4.662534e-01 1.199625e-01 -2.129451e+00
4.663534e-01 5.926513e-02 -2.134923e+00
4.664534e-01 2.056253e-01 -2.140080e+00
4.665533e-01 1.307516e-01 -2.144909e+00
4.666533e-01 8.010809e-02 -2.149398e+00
4.667533e-01 1.131106e-01 -2.153537e+00
4.668533e-01 6.565642e-02 -2.157318e+00
4.669533e-01 1.034953e-01 -2.160734e+00
4.670533e-01 5.071047e-02 -2.163778e+00
4.671533e-01 1.373357e-01 -2.166445e+00
4.672533e-01 1.035986e-01 -2.168733e+00
4.673533e-01 1.114201e-01 -2.170639e+00
4.674533e-01 1.277848e-01 -2.172162e+00
4.675532e-01 6.886495e-02 -2.173302e+00
4.676532e-01 1.808715e-01 -2.174061e+00
4.677532e-01 1.079016e-01 -2.174441e+00
4.678532e-01 8.249253e-02 -2.174445e+00
4.679532e-01 1.035977e-01 -2.174079e+00
4.680532e-01 1.758652e-01 -2.173348e+00
4.681532e-01 6.497696e-02 -2.172260e+00
4.682532e-01 1.286163e-01 -2.170823e+00
4.683532e-01 1.114870e-01 -2.169046e+00
4.684532e-01 1.004486e-01 -2.166939e+00
4.685531e-01 1.400011e-01 -2.164515e+00
4.686531e-01 3.686545e-02 -2.161785e+00
4.687531e-01 -1.670297e-02 -2.158765e+00
4.688531e-01 1.065256e-01 -2.155469e+00
4.689531e-01 6.186323e-02 -2.151912e+00
4.690531e-01 7.699007e-02 -2.148113e+00
4.691531e-01 1.452423e-01 -2.144089e+00
4.692531e-01 1.078200e-01 -2.139860e+00
4.693531e-01 1.507191e-01 -2.135446e+00
4.694531e-01 1.738155e-01 -2.130867e+00
4.695530e-01 5.669844e-02 -2.126147e+00
4.696530e-01 2.072110e-01 -2.121307e+00
4.697530e-01 1.980019e-01 -2.116371e+00
4.698530e-01 2.033661e-01 -2.111364e+00
4.699530e-01 1.493374e-01 -2.106309e+00
4.700530e-01 1.964169e-01 -2.101232e+00
4.701530e-01 1.213405e-01 -2.096158e+00
4.702530e-01 2.240334e-01 -2.091112e+00
4.703530e-01 2.635501e-01 -2.086120e+00
4.704530e-01 1.807375e-01 -2.081207e+00
4.705529e-01 2.839948e-01 -2.076399e+00
4.706529e-01 1.142784e-01 -2.071721e+00
4.707529e-01 2.435661e-01 -2.067195e+00
4.708529e-01 1.532702e-01 -2.062847e+00
4.709529e-01 2.347808e-01 -2.058700e+00
4.710529e-01 1.420182e-01 -2.054774e+00
4.711529e-01 2.298836e-01 -2.051093e+00
4.712529e-01 3.032306e-01 -2.047674e+00
4.713529e-01 2.784792e-01 -2.044538e+00
4.714529e-01 2.627339e-01 -2.041701e+00
4.715528e-01 3.172339e-01 -2.039180e+00
4.716528e-01 3.520473e-01 -2.036990e+00
4.717528e-01 2.194187e-01 -2.035142e+00
4.718528e-01 2.444891e-01 -2.033649e+00
4.719528e-01 2.977799e-01 -2.032521e+00
4.720528e-01 2.447503e-01 -2.031766e+00
4.721528e-01 2.775570e-01 -2.031390e+00
4.722528e-01 2.338060e-01 -2.031398e+00
4.723528e-01 2.072862e-01 -2.031793e+00
4.724528e-01 3.373410e-01 -2.032577e+00
4.725527e-01 2.206932e-01 -2.033749e+00
4.726527e-01 2.340508e-01 -2.035307e+00
4.727527e-01 2.137427e-01 -2.037249e+00
4.728527e-01 3.635101e-01 -2.039568e+00
4.729527e-01 2.582107e-01 -2.042259e+00
4.730527e-01 2.212472e-01 -2.045314e+00
4.731527e-01 2.477766e-01 -2.048722e+00
4.732527e-01 2.911839e-01 -2.052474e+00
4.733527e-01 2.717391e-01 -2.056558e+00
4.734527e-01 2.281088e-01 -2.060959e+00
4.735526e-01 3.104619e-01 -2.065665e+00
4.736526e-01 1.743040e-01 -2.070659e+00
4.737526e-01 2.242580e-01 -2.075925e+00
4.738526e-01 2.873740e-01 -2.081447e+00
4.739526e-01 2.633816e-01 -2.087204e+00
4.740526e-01 2.200422e-01 -2.093180e+00
4.741526e-01 1.786663e-01 -2.099354e+00
4.742526e-01 9.414729e-02 -2.105706e+00
4.743526e-01 1.835603e-01 -2.112214e+00
4.744526e-01 1.126586e-01 -2.118859e+00
4.745525e-01 2.130368e-01 -2.125618e+00
4.746525e-01 6.435087e-02 -2.132468e+00
4.747525e-01 2.117542e-01 -2.139388e+00
4.748525e-01 2.087487e-01 -2.146355e+00
4.749525e-01 3.122599e-02 -2.153346e+00
4.750525e-01 1.197419e-01 -2.160339e+00
4.751525e-01 2.101114e-01 -2.167311e+00
4.752525e-01 1.525784e-01 -2.174238e+00
4.753525e-01 1.458201e-01 -2.181099e+00
4.754525e-01 7.447921e-02 -2.187871e+00
4.755524e-01 1.446889e-01 -2.194532e+00
4.756524e-01 1.607038e-01 -2.201060e+00
4.757524e-01 8.737262e-02 -2.207435e+00
4.758524e-01 1.594373e-01 -2.213635e+00
4.759524e-01 1.965112e-01 -2.219640e+00
4.760524e-01 4.908454e-02 -2.225430e+00
4.761524e-01 7.355484e-02 -2.230988e+00
4.762524e-01 6.420255e-02 -2.236294e+00
4.763524e-01 1.229567e-03 -2.241332e+00
4.764524e-01 8.517970e-02 -2.246085e+00
4.765523e-01 1.064774e-01 -2.250538e+00
4.766523e-01 3.325192e-02 -2.254678e+00
4.767523e-01 1.251202e-01 -2.258489e+00
4.768523e-01 1.436007e-01 -2.261962e+00
4.769523e-01 1.120419e-01 -2.265084e+00
4.770523e-01 8.726944e-03 -2.267847e+00
4.771523e-01 1.017082e-01 -2.270243e+00
4.772523e-01 8.677914e-02 -2.272263e+00
4.773523e-01 4.923963e-02 -2.273903e+00
4.774523e-01 2.556459e-02 -2.275159e+00
4.775522e-01 7.044619e-02 -2.276028e+00
4.776522e-01 2.302634e-03 -2.276509e+00
4.777522e-01 -1.493892e-02 -2.276601e+00
4.778522e-01 4.406123e-02 -2.276307e+00
4.779522e-01 -2.410282e-02 -2.275629e+00
4.780522e-01 3.450496e-02 -2.274573e+00
4.781522e-01 1.342730e-02 -2.273143e+00
4.782522e-01 2.679293e-02 -2.271347e+00
4.783522e-01 7.954342e-02 -2.269194e+00
4.784522e-01 1.624110e-02 -2.266694e+00
4.785521e-01 5.525525e-02 -2.263859e+00
4.786521e-01 2.449898e-02 -2.260702e+00
4.787521e-01 3.679268e-02 -2.257236e+00
4.788521e-01 7.373941e-02 -2.253477e+00
4.789521e-01 3.619874e-02 -2.249442e+00
4.790521e-01 6.889095e-02 -2.245149e+00
4.791521e-01 1.559043e-01 -2.240616e+00
4.792521e-01 -3.078009e-02 -2.235865e+00
4.793521e-01 7.714366e-02 -2.230915e+00
4.794521e-01 1.065185e-01 -2.225790e+00
4.795520e-01 8.662742e-02 -2.220513e+00
4.796520e-01 1.184599e-03 -2.215107e+00
4.797520e-01 8.033368e-02 -2.209597e+00
4.798520e-01 6.937449e-02 -2.204008e+00
4.799520e-01 7.634029e-02 -2.198367e+00
4.800520e-01 1.172378e-01 -2.192700e+00
4.801520e-01 1.106827e-01 -2.187034e+00
4.802520e-01 1.324046e-01 -2.181394e+00
4.803520e-01 1.388929e-01 -2.175810e+00
4.804520e-01 1.069070e-01 -2.170307e+00
4.805519e-01 1.522420e-01 -2.164912e+00
4.806519e-01 9.182026e-02 -2.159652e+00
4.807519e-01 1.802370e-01 -2.154553e+00
4.808519e-01 1.239590e-01 -2.149639e+00
4.809519e-01 1.312031e-01 -2.144935e+00
4.810519e-01 8.863959e-02 -2.140464e+00
4.811519e-01 1.644072e-01 -2.136248e+00
4.812519e-01 2.735058e-01 -2.132309e+00
4.813519e-01 2.095861e-01 -2.128666e+00
4.814519e-01 2.522645e-01 -2.125337e+00
4.815518e-01 1.781881e-01 -2.122338e+00
4.816518e-01 1.375647e-01 -2.119683e+00
4.817518e-01 1.990691e-01 -2.117387e+00
4.818518e-01 2.900730e-01 -2.115460e+00
4.819518e-01 2.295789e-01 -2.113911e+00
4.820518e-01 2.279146e-01 -2.112747e+00
4.821518e-01 1.632009e-01 -2.111973e+00
4.822518e-01 1.522323e-01 -2.111595e+00
4.823518e-01 2.435401e-01 -2.111611e+00
4.824518e-01 2.670510e-01 -2.112024e+00
4.825517e-01 1.987734e-01 -2.112830e+00
4.826517e-01 5.768216e-02 -2.114027e+00
4.827517e-01 1.965597e-01 -2.115608e+00
4.828517e-01 1.105768e-01 -2.117567e+00
4.829517e-01 1.894895e-01 -2.119895e+00
4.830517e-01 2.658716e-01 -2.122584e+00
4.831517e-01 3.137205e-01 -2.125621e+00
4.832517e-01 3.007773e-01 -2.128996e+00
4.833517e-01 3.050553e-01 -2.132694e+00
4.834517e-01 2.051665e-01 -2.136702e+00
4.835516e-01 1.624033e-01 -2.141004e+00
4.836516e-01 1.961861e-01 -2.145585e+00
4.837516e-01 1.938237e-01 -2.150429e+00
4.838516e-01 1.524470e-01 -2.155518e+00
4.839516e-01 1.501094e-01 -2.160835e+00
4.840516e-01 1.061681e-01 -2.166362e+00
4.841516e-01 1.322460e-01 -2.172081e+00
4.842516e-01 8.794262e-02 -2.177972e+00
4.843516e-01 8.278912e-02 -2.184018e+00
4.844516e-01 1.300789e-01 -2.190198e+00
4.845515e-01 1.481809e-01 -2.196494e+00
4.846515e-01 1.600738e-01 -2.202886e+00
4.847515e-01 8.655014e-02 -2.209356e+00
4.848515e-01 1.237937e-01 -2.215883e+00
4.849515e-01 1.643122e-01 -2.222449e+00
4.850515e-01 1.396417e-01 -2.229033e+00
4.851515e-01 3.815672e-02 -2.235617e+00
4.852515e-01 1.192119e-01 -2.242181e+00
4.853515e-01 6.490899e-02 -2.248706e+00
4.854515e-01 4.464096e-02 -2.255173e+00
4.855514e-01 7.759056e-02 -2.261563e+00
4.856514e-01 1.093525e-01 -2.267858e+00
4.857514e-01 2.907587e-02 -2.274039e+00
4.858514e-01 4.195040e-02 -2.280087e+00
4.859514e-01 1.872489e-03 -2.285984e+00
4.860514e-01 6.964717e-02 -2.291713e+00
4.861514e-01 -5.378130e-02 -2.297255e+00
4.862514e-01 -1.958904e-02 -2.302594e+00
4.863514e-01 4.203332e-02 -2.307711e+00
4.864514e-01 -2.483769e-02 -2.312592e+00
4.865513e-01 6.765566e-02 -2.317218e+00
4.866513e-01 -7.929959e-02 -2.321575e+00
4.867513e-01 -4.972827e-02 -2.325647e+00
4.868513e-01 8.060396e-03 -2.329419e+00
4.869513e-01 5.589113e-02 -2.332877e+00
4.870513e-01 -2.645513e-02 -2.336009e+00
4.871513e-01 -1.315203e-01 -2.338801e+00
4.872513e-01 -5.224530e-02 -2.341242e+00
4.873513e-01 1.760283e-02 -2.343320e+00
4.874513e-01 6.872855e-02 -2.345027e+00
4.875512e-01 -9.470862e-02 -2.346353e+00
4.876512e-01 -2.053398e-02 -2.347292e+00
4.877512e-01 -5.599415e-02 -2.347837e+00
4.878512e-01 2.403246e-02 -2.347984e+00
4.879512e-01 2.388128e-02 -2.347730e+00
4.880512e-01 -7.438466e-02 -2.347072e+00
4.881512e-01 -2.228286e-02 -2.346013e+00
4.882512e-01 -2.612984e-02 -2.344552e+00
4.883512e-01 1.220015e-01 -2.342695e+00
4.884512e-01 4.292635e-02 -2.340448e+00
4.885511e-01 -4.765891e-02 -2.337817e+00
4.886511e-01 2.750462e-02 -2.334813e+00
4.887511e-01 -1.223757e-02 -2.331448e+00
4.888511e-01 -5.791524e-02 -2.327736e+00
4.889511e-01 4.987534e-02 -2.323693e+00
4.890511e-01 -2.684221e-02 -2.319337e+00
4.891511e-01 2.632784e-02 -2.314688e+00
4.892511e-01 6.272117e-02 -2.309768e+00
4.893511e-01 4.447766e-02 -2.304601e+00
4.894511e-01 6.942272e-02 -2.299213e+00
4.895510e-01 8.070551e-02 -2.293631e+00
4.896510e-01 4.025971e-02 -2.287883e+00
4.897510e-01 1.245790e-01 -2.281999e+00
4.898510e-01 1.269082e-01 -2.276011e+00
4.899510e-01 4.298407e-03 -2.269950e+00
4.900510e-01 8.099269e-02 -2.263849e+00
4.901510e-01 8.694940e-02 -2.257741e+00
4.902510e-01 7.493342e-02 -2.251659e+00
4.903510e-01 7.926168e-03 -2.245636e+00
4.904510e-01 1.107518e-01 -2.239706e+00
4.905509e-01 1.703403e-01 -2.233899e+00
4.906509e-01 1.525150e-01 -2.228249e+00
4.907509e-01 1.271690e-01 -2.222785e+00
4.908509e-01 1.496112e-01 -2.217537e+00
4.909509e-01 5.392708e-02 -2.212533e+00
4.910509e-01 6.838781e-02 -2.207799e+00
4.911509e-01 2.616419e-02 -2.203360e+00
4.912509e-01 1.722063e-01 -2.199237e+00
4.913509e-01 1.384218e-01 -2.195453e+00
4.914509e-01 9.773584e-02 -2.192025e+00
4.915508e-01 8.587941e-02 -2.188969e+00
4.916508e-01 1.127516e-01 -2.186299e+00
4.917508e-01 1.783695e-01 -2.184027e+00
4.918508e-01 1.436619e-01 -2.182162e+00
4.919508e-01 7.879584e-02 -2.180712e+00
4.920508e-01 1.206966e-01 -2.179680e+00
4.921508e-01 1.406379e-01 -2.179069e+00
4.922508e-01 2.159071e-01 -2.178879e+00
4.923508e-01 1.549632e-01 -2.179109e+00
4.924508e-01 2.057557e-01 -2.179754e+00
4.925507e-01 1.396697e-01 -2.180810e+00
4.926507e-01 2.203675e-01 -2.182268e+00
4.927507e-01 1.628742e-01 -2.184119e+00
4.928507e-01 1.623692e-01 -2.186353e+00
4.929507e-01 7.441421e-02 -2.188957e+00
4.930507e-01 1.851667e-01 -2.191919e+00
4.931507e-01 2.141006e-01 -2.195223e+00
4.932507e-01 8.028228e-02 -2.198855e+00
4.933507e-01 1.589511e-01 -2.202797e+00
4.934507e-01 1.557434e-01 -2.207032e+00
4.935506e-01 1.737098e-01 -2.211543e+00
4.936506e-01 1.758999e-01 -2.216312e+00
4.937506e-01 1.556798e-01 -2.221319e+00
4.938506e-01 1.693108e-01 -2.226545e+00
4.939506e-01 1.174553e-01 -2.231970e+00
4.940506e-01 5.148001e-02 -2.237576e+00
4.941506e-01 3.836024e-02 -2.243342e+00
4.942506e-01 1.462687e-01 -2.249249e+00
4.943506e-01 3.981031e-02 -2.255276e+00
4.944506e-01 1.067052e-01 -2.261405e+00
4.945505e-01 4.833943e-02 -2.267615e+00
4.946505e-01 -2.008101e-02 -2.273887e+00
4.947505e-01 1.318332e-02 -2.280202e+00
4.948505e-01 6.531511e-02 -2.286541e+00
4.949505e-01 7.910108e-02 -2.292885e+00
4.950505e-01 4.722469e-02 -2.299217e+00
4.951505e-01 -5.588767e-02 -2.305517e+00
4.952505e-01 1.039355e-01 -2.311768e+00
4.953505e-01 3.960064e-02 -2.317953e+00
4.954505e-01 -3.110409e-02 -2.324053e+00
4.955504e-01 8.725857e-03 -2.330053e+00
4.956504e-01 -9.156975e-02 -2.335936e+00
4.957504e-01 -1.197916e-01 -2.341685e+00
4.958504e-01 3.128715e-03 -2.347285e+00
4.959504e-01 -6.232766e-02 -2.352720e+00
4.960504e-01 1.946664e-02 -2.357974e+00
4.961504e-01 -4.211958e-02 -2.363033e+00
4.962504e-01 -5.857799e-02 -2.367882e+00
4.963504e-01 -1.897754e-02 -2.372507e+00
4.964504e-01 -5.429977e-02 -2.376893e+00
4.965503e-01 -1.292121e-01 -2.381028e+00
4.966503e-01 -7.013781e-02 -2.384898e+00
4.967503e-01 -9.460274e-02 -2.388490e+00
4.968503e-01 1.739388e-02 -2.391792e+00
4.969503e-01 -6.986713e-02 -2.394792e+00
4.970503e-01 -7.953032e-02 -2.397478e+00
4.971503e-01 -1.106225e-01 -2.399841e+00
4.972503e-01 4.076151e-03 -2.401870e+00
4.973503e-01 -1.025301e-01 -2.403555e+00
4.974503e-01 -1.052499e-01 -2.404888e+00
4.975502e-01 -1.326514e-01 -2.405862e+00
4.976502e-01 -1.359086e-01 -2.406468e+00
4.977502e-01 -7.194486e-02 -2.406702e+00
4.978502e-01 -1.089142e-01 -2.406559e+00
4.979502e-01 -1.147291e-01 -2.406035e+00
4.980502e-01 -7.554186e-02 -2.405128e+00
4.981502e-01 -1.667841e-01 -2.403837e+00
4.982502e-01 -4.328683e-02 -2.402162e+00
4.983502e-01 -1.194300e-01 -2.400107e+00
4.984502e-01 -5.771106e-02 -2.397674e+00
4.985501e-01 -6.883762e-02 -2.394870e+00
4.986501e-01 -7.364173e-02 -2.391701e+00
4.987501e-01 -3.523910e-02 -2.388179e+00
4.988501e-01 -3.798981e-02 -2.384312e+00
4.989501e-01 -1.392212e-01 -2.380116e+00
4.990501e-01 -6.300037e-02 -2.375605e+00
4.991501e-01 1.568955e-02 -2.370797e+00
4.992501e-01 -5.548858e-02 -2.365711e+00
4.993501e-01 -2.271233e-02 -2.360368e+00
4.994501e-01 -3.550083e-03 -2.354791e+00
4.995500e-01 -2.333470e-02 -2.349005e+00
4.996500e-01 -2.378939e-02 -2.343037e+00
4.997500e-01 4.852107e-02 -2.336913e+00
4.998500e-01 -4.167940e-03 -2.330665e+00
4.999500e-01 1.425110e-03 -2.324320e+00
5.000500e-01 6.366521e-02 -2.317912e+00
5.001500e-01 -1.293702e-02 -2.311471e+00
5.002500e-01 -3.663290e-02 -2.305029e+00
5.003500e-01 8.133202e-03 -2.298620e+00
5.004500e-01 3.339709e-02 -2.292275e+00
5.005499e-01 9.831943e-02 -2.286027e+00
5.006499e-01 1.644969e-02 -2.279906e+00
5.007499e-01 2.119566e-02 -2.273944e+00
5.008499e-01 1.121296e-01 -2.268169e+00
5.009499e-01 6.687471e-02 -2.262610e+00
5.010499e-01 8.751170e-02 -2.257292e+00
5.011499e-01 1.168732e-01 -2.252242e+00
5.012499e-01 7.111940e-02 -2.247481e+00
5.013499e-01 7.183899e-02 -2.243031e+00
5.014499e-01 6.281737e-02 -2.238911e+00
5.015498e-01 8.503484e-02 -2.235136e+00
5.016498e-01 4.379222e-02 -2.231722e+00
5.017498e-01 9.876044e-02 -2.228680e+00
5.018498e-01 -1.824204e-02 -2.226019e+00
5.019498e-01 3.123555e-02 -2.223748e+00
5.020498e-01 3.907322e-03 -2.221871e+00
5.021498e-01 1.009838e-01 -2.220390e+00
5.022498e-01 8.394545e-02 -2.219308e+00
5.023498e-01 9.741433e-02 -2.218621e+00
5.024498e-01 8.302584e-02 -2.218327e+00
5.025497e-01 8.709206e-02 -2.218421e+00
5.026497e-01 6.458705e-02 -2.218896e+00
5.027497e-01 1.230334e-01 -2.219743e+00
5.028497e-01 -4.125315e-02 -2.220951e+00
5.029497e-01 1.022620e-01 -2.222511e+00
5.030497e-01 2.211301e-01 -2.224408e+00
5.031497e-01 1.447510e-01 -2.226630e+00
5.032497e-01 5.520988e-02 -2.229162e+00
5.033497e-01 1.127493e-01 -2.231988e+00
5.034497e-01 4.280835e-02 -2.235092e+00
5.035496e-01 4.272783e-02 -2.238457e+00
5.036496e-01 3.900662e-02 -2.242065e+00
5.037496e-01 -4.778093e-02 -2.245899e+00
5.038496e-01 6.749760e-02 -2.249939e+00
5.039496e-01 5.206546e-02 -2.254169e+00
5.040496e-01 -6.553894e-02 -2.258567e+00
5.041496e-01 1.031889e-01 -2.263116e+00
5.042496e-01 5.443394e-02 -2.267796e+00
5.043496e-01 -1.329986e-02 -2.272588e+00
5.044496e-01 -7.076296e-02 -2.277473e+00
5.045495e-01 1.363920e-02 -2.282431e+00
5.046495e-01 1.112151e-03 -2.287442e+00
5.047495e-01 -3.244993e-02 -2.292488e+00
5.048495e-01 -6.214090e-02 -2.297549e+00
5.049495e-01 -6.457719e-02 -2.302606e+00
5.050495e-01 -1.228630e-01 -2.307640e+00
5.051495e-01 -7.430940e-02 -2.312632e+00
5.052495e-01 3.850743e-02 -2.317564e+00
5.053495e-01 1.438087e-02 -2.322416e+00
5.054495e-01 -3.457655e-02 -2.327170e+00
5.055494e-01 -7.552297e-02 -2.331808e+00
5.056494e-01 -1.815205e-01 -2.336312e+00
5.057494e-01 -5.936266e-02 -2.340664e+00
5.058494e-01 -1.691740e-01 -2.344845e+00
5.059494e-01 -8.731248e-02 -2.348840e+00
5.060494e-01 -1.066848e-01 -2.352630e+00
5.061494e-01 -1.159127e-01 -2.356199e+00
5.062494e-01 -1.481487e-01 -2.359530e+00
5.063494e-01 -4.697662e-02 -2.362607e+00
5.064494e-01 -3.578299e-02 -2.365415e+00
5.065493e-01 -1.603115e-01 -2.367938e+00
5.066493e-01 -1.370627e-01 -2.370163e+00
5.067493e-01 -1.310732e-01 -2.372074e+00
5.068493e-01 -1.431478e-01 -2.373658e+00
5.069493e-01 -5.878622e-02 -2.374904e+00
5.070493e-01 -1.360221e-01 -2.375799e+00
5.071493e-01 -1.129905e-01 -2.376332e+00
5.072493e-01 -1.846819e-01 -2.376493e+00
5.073493e-01 -1.703013e-01 -2.376275e+00
5.074493e-01 -1.251647e-01 -2.375668e+00
5.075492e-01 -1.704180e-01 -2.374668e+00
5.076492e-01 -1.684543e-01 -2.373268e+00
5.077492e-01 -1.238933e-01 -2.371466e+00
5.078492e-01 -1.586847e-01 -2.369259e+00
5.079492e-01 -8.441138e-02 -2.366647e+00
5.080492e-01 -8.535201e-02 -2.363631e+00
5.081492e-01 -1.730905e-01 -2.360215e+00
5.082492e-01 -1.159826e-01 -2.356402e+00
5.083492e-01 -1.016440e-01 -2.352201e+00
5.084492e-01 -7.372890e-02 -2.347619e+00
5.085491e-01 -1.602546e-01 -2.342668e+00
5.086491e-01 -1.325260e-01 -2.337360e+00
5.087491e-01 -1.434116e-01 -2.331709e+00
5.088491e-01 -1.201397e-01 -2.325732e+00
5.089491e-01 -8.565057e-02 -2.319448e+00
5.090491e-01 -1.475291e-01 -2.312875e+00
5.091491e-01 -7.669206e-02 -2.306037e+00
5.092491e-01 -1.873921e-01 -2.298957e+00
5.093491e-01 -1.556332e-01 -2.291660e+00
5.094491e-01 -9.035582e-02 -2.284173e+00
5.095490e-01 -9.436259e-02 -2.276522e+00
5.096490e-01 -8.970247e-02 -2.268737e+00
5.097490e-01 -7.668665e-02 -2.260847e+00
5.098490e-01 -7.424768e-02 -2.252883e+00
5.099490e-01 -6.919061e-02 -2.244875e+00
5.100490e-01 -1.288662e-02 -2.236854e+00
5.101490e-01 -2.178333e-02 -2.228853e+00
5.102490e-01 -1.014087e-01 -2.220900e+00
5.103490e-01 -8.044567e-02 -2.213028e+00
5.104490e-01 2.619956e-02 -2.205267e+00
5.105489e-01 3.614825e-02 -2.197645e+00
5.106489e-01 -9.313976e-03 -2.190192e+00
5.107489e-01 -3.970018e-02 -2.182936e+00
5.108489e-01 3.500068e-02 -2.175902e+00
5.109489e-01 5.181548e-02 -2.169116e+00
5.110489e-01 -3.884916e-03 -2.162601e+00
5.111489e-01 -2.032861e-02 -2.156379e+00
5.112489e-01 -4.121475e-04 -2.150472e+00
5.113489e-01 1.549247e-02 -2.144898e+00
5.114489e-01 -1.685461e-02 -2.139673e+00
5.115488e-01 1.387210e-02 -2.134814e+00
5.116488e-01 -5.118084e-02 -2.130334e+00
5.117488e-01 7.018937e-02 -2.126244e+00
5.118488e-01 -1.201779e-02 -2.122554e+00
5.119488e-01 8.267029e-03 -2.119274e+00
5.120488e-01 1.087570e-01 -2.116408e+00
5.121488e-01 2.049630e-02 -2.113961e+00
5.122488e-01 6.055171e-02 -2.111938e+00
5.123488e-01 2.704573e-03 -2.110337e+00
5.124488e-01 -2.788862e-02 -2.109161e+00
5.125487e-01 6.437251e-02 -2.108405e+00
5.126487e-01 -1.465150e-02 -2.108067e+00
5.127487e-01 -2.140012e-02 -2.108141e+00
5.128487e-01 6.961110e-02 -2.108621e+00
5.129487e-01 4.641581e-02 -2.109499e+00
5.130487e-01 8.676938e-02 -2.110764e+00
5.131487e-01 -5.660165e-02 -2.112407e+00
5.132487e-01 6.646222e-02 -2.114415e+00
5.133487e-01 -5.574145e-02 -2.116774e+00
5.134487e-01 7.160709e-02 -2.119470e+00
5.135486e-01 -7.770500e-02 -2.122487e+00
5.136486e-01 -4.013027e-02 -2.125807e+00
5.137486e-01 5.180964e-02 -2.129412e+00
5.138486e-01 2.812202e-02 -2.133284e+00
5.139486e-01 -6.186311e-02 -2.137403e+00
5.140486e-01 -2.907883e-02 -2.141747e+00
5.141486e-01 -2.064028e-02 -2.146296e+00
5.142486e-01 -1.448090e-02 -2.151027e+00
5.143486e-01 -2.135650e-02 -2.155919e+00
5.144486e-01 4.248626e-02 -2.160947e+00
5.145485e-01 -1.668438e-02 -2.166090e+00
5.146485e-01 -1.023604e-01 -2.171323e+00
5.147485e-01 -9.903591e-02 -2.176625e+00
5.148485e-01 -1.102382e-01 -2.181972e+00
5.149485e-01 -9.945385e-02 -2.187341e+00
5.150485e-01 -1.559086e-01 -2.192709e+00
5.151485e-01 -4.142826e-02 -2.198056e+00
5.152485e-01 -1.317754e-01 -2.203359e+00
5.153485e-01 -1.072292e-01 -2.208598e+00
5.154485e-01 -1.169019e-01 -2.213752e+00
5.155484e-01 -1.512118e-01 -2.218802e+00
5.156484e-01 -1.707889e-01 -2.223730e+00
5.157484e-01 -2.170730e-01 -2.228517e+00
5.158484e-01 -5.227373e-02 -2.233146e+00
5.159484e-01 -8.106765e-02 -2.237601e+00
5.160484e-01 -1.422929e-01 -2.241865e+00
5.161484e-01 -6.181226e-02 -2.245925e+00
5.162484e-01 -1.768343e-01 -2.249766e+00
5.163484e-01 -1.625196e-01 -2.253373e+00
5.164484e-01 -1.745847e-01 -2.256735e+00
5.165483e-01 -2.010364e-01 -2.259838e+00
5.166483e-01 -1.527376e-01 -2.262671e+00
5.167483e-01 -1.859316e-01 -2.265222e+00
5.168483e-01 -1.382046e-01 -2.267480e+00
5.169483e-01 -1.820657e-01 -2.269434e+00
5.170483e-01 -1.607488e-01 -2.271075e+00
5.171483e-01 -2.356708e-01 -2.272393e+00
5.172483e-01 -1.922934e-01 -2.273378e+00
5.173483e-01 -2.623824e-01 -2.274021e+00
5.174483e-01 -1.592786e-01 -2.274314e+00
5.175482e-01 -2.108905e-01 -2.274249e+00
5.176482e-01 -2.324200e-01 -2.273820e+00
5.177482e-01 -2.434827e-01 -2.273018e+00
5.178482e-01 -1.625553e-01 -2.271839e+00
5.179482e-01 -2.062222e-01 -2.270278e+00
5.180482e-01 -1.693587e-01 -2.268330e+00
5.181482e-01 -2.305383e-01 -2.265992e+00
5.182482e-01 -2.664299e-01 -2.263264e+00
5.183482e-01 -2.088021e-01 -2.260144e+00
5.184482e-01 -2.233864e-01 -2.256634e+00
5.185481e-01 -2.082067e-01 -2.252737e+00
5.186481e-01 -2.272419e-01 -2.248459e+00
5.187481e-01 -2.920479e-01 -2.243804e+00
5.188481e-01 -1.488543e-01 -2.238784e+00
5.189481e-01 -2.087472e-01 -2.233408e+00
5.190481e-01 -2.383584e-01 -2.227690e+00
5.191481e-01 -2.568249e-01 -2.221646e+00
5.192481e-01 -1.213966e-01 -2.215295e+00
5.193481e-01 -8.024947e-02 -2.208656e+00
5.194481e-01 -1.575168e-01 -2.201753e+00
5.195480e-01 -1.365588e-01 -2.194611e+00
5.196480e-01 -2.541021e-01 -2.187258e+00
5.197480e-01 -1.721224e-01 -2.179723e+00
5.198480e-01 -2.009745e-01 -2.172039e+00
5.199480e-01 -1.488405e-01 -2.164239e+00
5.200480e-01 -2.091674e-01 -2.156358e+00
5.201480e-01 -1.432488e-01 -2.148432e+00
5.202480e-01 -1.106546e-01 -2.140499e+00
5.203480e-01 -6.589671e-02 -2.132596e+00
5.204480e-01 -1.890905e-01 -2.124761e+00
5.205479e-01 -8.569081e-03 -2.117032e+00
5.206479e-01 -4.532783e-02 -2.109447e+00
5.207479e-01 -1.617487e-01 -2.102043e+00
5.208479e-01 -1.069242e-01 -2.094855e+00
5.209479e-01 -6.460650e-02 -2.087917e+00
5.210479e-01 -5.561730e-02 -2.081263e+00
5.211479e-01 -5.342463e-02 -2.074921e+00
5.212479e-01 -6.419503e-02 -2.068920e+00
5.213479e-01 -6.975380e-02 -2.063286e+00
5.214479e-01 -1.484940e-01 -2.058041e+00
5.215478e-01 -2.895445e-02 -2.053206e+00
5.216478e-01 -9.607647e-02 -2.048798e+00
5.217478e-01 -6.571706e-02 -2.044829e+00
5.218478e-01 4.109713e-02 -2.041312e+00
5.219478e-01 -4.558462e-02 -2.038255e+00
5.220478e-01 -4.445278e-02 -2.035663e+00
5.221478e-01 -1.881874e-04 -2.033537e+00
5.222478e-01 -5.348820e-02 -2.031877e+00
5.223478e-01 -4.572138e-03 -2.030681e+00
5.224478e-01 -3.023602e-02 -2.029942e+00
5.225477e-01 3.100564e-02 -2.029652e+00
5.226477e-01 3.744555e-02 -2.029802e+00
5.227477e-01 1.243653e-02 -2.030378e+00
5.228477e-01 -5.501888e-02 -2.031368e+00
5.229477e-01 -1.186572e-01 -2.032756e+00
5.230477e-01 -4.543829e-02 -2.034524e+00
5.231477e-01 -1.082940e-01 -2.036656e+00
5.232477e-01 -1.620350e-01 -2.039131e+00
5.233477e-01 -4.713579e-02 -2.041929e+00
5.234477e-01 -8.482000e-02 -2.045031e+00
5.235476e-01 -5.758716e-03 -2.048414e+00
5.236476e-01 -9.138777e-02 -2.052057e+00
5.237476e-01 -1.381499e-01 -2.055937e+00
5.238476e-01 -7.787966e-02 -2.060033e+00
5.239476e-01 -6.787279e-02 -2.064322e+00
5.240476e-01 -1.326542e-01 -2.068782e+00
5.241476e-01 -7.810894e-02 -2.073390e+00
5.242476e-01 -8.729207e-02 -2.078124e+00
5.243476e-01 -1.157201e-01 -2.082963e+00
5.244476e-01 -1.526791e-01 -2.087884e+00
5.245475e-01 -1.110312e-01 -2.092867e+00
5.246475e-01 -7.093204e-02 -2.097890e+00
5.247475e-01 -1.185602e-01 -2.102932e+00
5.248475e-01 -2.074168e-01 -2.107974e+00
5.249475e-01 -1.167514e-01 -2.112994e+00
5.250475e-01 -2.274625e-01 -2.117974e+00
5.251475e-01 -1.120224e-01 -2.122895e+00
5.252475e-01 -1.375398e-01 -2.127737e+00
5.253475e-01 -2.177748e-01 -2.132483e+00
5.254475e-01 -1.749330e-01 -2.137115e+00
5.255474e-01 -2.087493e-01 -2.141614e+00
5.256474e-01 -2.028243e-01 -2.145964e+00
5.257474e-01 -2.044461e-01 -2.150148e+00
5.258474e-01 -1.757938e-01 -2.154151e+00
5.259474e-01 -2.001159e-01 -2.157955e+00
5.260474e-01 -1.748511e-01 -2.161546e+00
5.261474e-01 -2.117809e-01 -2.164908e+00
5.262474e-01 -2.196090e-01 -2.168028e+00
5.263474e-01 -2.670736e-01 -2.170890e+00
5.264474e-01 -1.500307e-01 -2.173482e+00
5.265473e-01 -2.863489e-01 -2.175789e+00
5.266473e-01 -3.165373e-01 -2.177801e+00
5.267473e-01 -3.131065e-01 -2.179503e+00
5.268473e-01 -2.399490e-01 -2.180885e+00
5.269473e-01 -2.364479e-01 -2.181936e+00
5.270473e-01 -2.884876e-01 -2.182646e+00
5.271473e-01 -2.522756e-01 -2.183005e+00
5.272473e-01 -2.919362e-01 -2.183006e+00
5.273473e-01 -2.914935e-01 -2.182639e+00
5.274473e-01 -2.185527e-01 -2.181898e+00
5.275472e-01 -2.472962e-01 -2.180778e+00
5.276472e-01 -2.873872e-01 -2.179273e+00
5.277472e-01 -2.901363e-01 -2.177381e+00
5.278472e-01 -2.222213e-01 -2.175099e+00
5.279472e-01 -3.045757e-01 -2.172425e+00
5.280472e-01 -1.987157e-01 -2.169361e+00
5.281472e-01 -1.815351e-01 -2.165908e+00
5.282472e-01 -2.586439e-01 -2.162069e+00
5.283472e-01 -2.027526e-01 -2.157850e+00
5.284472e-01 -1.721530e-01 -2.153258e+00
5.285471e-01 -2.238153e-01 -2.148301e+00
5.286471e-01 -2.373000e-01 -2.142989e+00
5.287471e-01 -3.092420e-01 -2.137334e+00
5.288471e-01 -2.081526e-01 -2.131350e+00
5.289471e-01 -2.188175e-01 -2.125053e+00
5.290471e-01 -2.626559e-01 -2.118460e+00
5.291471e-01 -2.507938e-01 -2.111590e+00
5.292471e-01 -2.563214e-01 -2.104465e+00
5.293471e-01 -1.483865e-01 -2.097107e+00
5.294471e-01 -1.830718e-01 -2.089540e+00
5.295470e-01 -1.687502e-01 -2.081789e+00
5.296470e-01 -1.833059e-01 -2.073882e+00
5.297470e-01 -9.612370e-02 -2.065847e+00
5.298470e-01 -2.936942e-01 -2.057712e+00
5.299470e-01 -2.448991e-01 -2.049508e+00
5.300470e-01 -1.909695e-01 -2.041265e+00
5.301470e-01 -2.072089e-01 -2.033015e+00
5.302470e-01 -1.579189e-01 -2.024788e+00
5.303470e-01 -3.293836e-02 -2.016617e+00
5.304470e-01 -1.735631e-01 -2.008532e+00
5.305469e-01 -1.542069e-01 -2.000564e+00
5.306469e-01 -1.086102e-01 -1.992743e+00
5.307469e-01 -1.876652e-01 -1.985100e+00
5.308469e-01 -7.105388e-02 -1.977662e+00
5.309469e-01 -1.778510e-01 -1.970458e+00
5.310469e-01 -9.194802e-02 -1.963512e+00
5.311469e-01 -1.259031e-01 -1.956850e+00
5.312469e-01 -9.503129e-02 -1.950495e+00
5.313469e-01 -2.105920e-01 -1.944467e+00
5.314469e-01 -1.238016e-01 -1.938787e+00
5.315468e-01 -1.104639e-01 -1.933471e+00
5.316468e-01 -4.181416e-02 -1.928536e+00
5.317468e-01 -1.594896e-01 -1.923995e+00
5.318468e-01 -6.503230e-02 -1.919858e+00
5.319468e-01 -1.712111e-01 -1.916136e+00
5.320468e-01 -5.575405e-02 -1.912835e+00
5.321468e-01 -5.954358e-02 -1.909960e+00
5.322468e-01 -8.870078e-02 -1.907516e+00
5.323468e-01 -1.776879e-01 -1.905503e+00
5.324468e-01 -2.068048e-02 -1.903920e+00
5.325467e-01 -9.699471e-02 -1.902764e+00
5.326467e-01 -1.190355e-01 -1.902032e+00
5.327467e-01 -8.136019e-02 -1.901716e+00
5.328467e-01 -1.552259e-01 -1.901811e+00
5.329467e-01 -6.715155e-02 -1.902305e+00
5.330467e-01 -7.619540e-02 -1.903188e+00
5.331467e-01 -2.044646e-01 -1.904449e+00
5.332467e-01 -1.667863e-01 -1.906074e+00
5.333467e-01 -8.085491e-02 -1.908049e+00
5.334467e-01 -1.074144e-01 -1.910357e+00
5.335466e-01 -1.225088e-01 -1.912982e+00
5.336466e-01 -1.081770e-01 -1.915907e+00
5.337466e-01 -9.869445e-02 -1.919113e+00
5.338466e-01 -1.663162e-01 -1.922581e+00
5.339466e-01 -2.209368e-01 -1.926291e+00
5.340466e-01 -1.402676e-01 -1.930222e+00
5.341466e-01 -1.800994e-01 -1.934354e+00
5.342466e-01 -9.509965e-02 -1.938664e+00
5.343466e-01 -2.731180e-01 -1.943130e+00
5.344466e-01 -2.156496e-01 -1.947731e+00
5.345465e-01 -1.122204e-01 -1.952443e+00
5.346465e-01 -1.596211e-01 -1.957244e+00
5.347465e-01 -2.201551e-01 -1.962109e+00
5.348465e-01 -2.499441e-01 -1.967017e+00
5.349465e-01 -2.569196e-01 -1.971943e+00
5.350465e-01 -2.402461e-01 -1.976864e+00
5.351465e-01 -2.567154e-01 -1.981757e+00
5.352465e-01 -2.134852e-01 -1.986598e+00
5.353465e-01 -2.484037e-01 -1.991364e+00
5.354465e-01 -3.097766e-01 -1.996032e+00
5.355464e-01 -2.115905e-01 -2.000581e+00
5.356464e-01 -2.570525e-01 -2.004987e+00
5.357464e-01 -2.604300e-01 -2.009229e+00
5.358464e-01 -2.226935e-01 -2.013285e+00
5.359464e-01 -2.748069e-01 -2.017135e+00
5.360464e-01 -2.913058e-01 -2.020760e+00
5.361464e-01 -2.573598e-01 -2.024139e+00
5.362464e-01 -3.105955e-01 -2.027254e+00
5.363464e-01 -3.013143e-01 -2.030088e+00
5.364464e-01 -3.516842e-01 -2.032624e+00
5.365463e-01 -3.239086e-01 -2.034846e+00
5.366463e-01 -2.829750e-01 -2.036741e+00
5.367463e-01 -2.594176e-01 -2.038295e+00
5.368463e-01 -3.073626e-01 -2.039496e+00
5.369463e-01 -2.455649e-01 -2.040334e+00
5.370463e-01 -3.256648e-01 -2.040800e+00
5.371463e-01 -2.867878e-01 -2.040886e+00
5.372463e-01 -3.228372e-01 -2.040586e+00
5.373463e-01 -2.434643e-01 -2.039896e+00
5.374463e-01 -3.018242e-01 -2.038812e+00
5.375462e-01 -3.388278e-01 -2.037335e+00
5.376462e-01 -3.976256e-01 -2.035465e+00
5.377462e-01 -3.874459e-01 -2.033203e+00
5.378462e-01 -2.338109e-01 -2.030554e+00
5.379462e-01 -2.776799e-01 -2.027524e+00
5.380462e-01 -2.631696e-01 -2.024120e+00
5.381462e-01 -3.698709e-01 -2.020351e+00
5.382462e-01 -2.947842e-01 -2.016227e+00
5.383462e-01 -2.857223e-01 -2.011762e+00
5.384462e-01 -3.237101e-01 -2.006968e+00
5.385461e-01 -3.216457e-01 -2.001861e+00
5.386461e-01 -4.169786e-01 -1.996457e+00
5.387461e-01 -3.245166e-01 -1.990774e+00
5.388461e-01 -2.815160e-01 -1.984830e+00
5.389461e-01 -2.525193e-01 -1.978645e+00
5.390461e-01 -2.687286e-01 -1.972240e+00
5.391461e-01 -2.568553e-01 -1.965635e+00
5.392461e-01 -2.933422e-01 -1.958853e+00
5.393461e-01 -2.784803e-01 -1.951916e+00
5.394461e-01 -1.912861e-01 -1.944848e+00
5.395460e-01 -2.231523e-01 -1.937670e+00
5.396460e-01 -2.472292e-01 -1.930406e+00
5.397460e-01 -2.711044e-01 -1.923079e+00
5.398460e-01 -2.548143e-01 -1.915712e+00
5.399460e-01 -2.444535e-01 -1.908329e+00
5.400460e-01 -2.471366e-01 -1.900950e+00
5.401460e-01 -2.435418e-01 -1.893600e+00
5.402460e-01 -3.071128e-01 -1.886299e+00
5.403460e-01 -2.531223e-01 -1.879069e+00
5.404460e-01 -1.951462e-01 -1.871930e+00
5.405459e-01 -2.401543e-01 -1.864902e+00
5.406459e-01 -3.094541e-01 -1.858005e+00
5.407459e-01 -1.031761e-01 -1.851257e+00
5.408459e-01 -1.430154e-01 -1.844676e+00
5.409459e-01 -2.230992e-01 -1.838279e+00
5.410459e-01 -2.844813e-01 -1.832083e+00
5.411459e-01 -1.628331e-01 -1.826104e+00
5.412459e-01 -1.902486e-01 -1.820356e+00
5.413459e-01 -2.259049e-01 -1.814855e+00
5.414459e-01 -1.762202e-01 -1.809613e+00
5.415458e-01 -1.859526e-01 -1.804643e+00
5.416458e-01 -1.414083e-01 -1.799958e+00
5.417458e-01 -8.991924e-02 -1.795570e+00
5.418458e-01 -1.042884e-01 -1.791488e+00
5.419458e-01 -1.999654e-01 -1.787724e+00
5.420458e-01 -1.367991e-01 -1.784286e+00
5.421458e-01 -1.860867e-01 -1.781184e+00
5.422458e-01 -2.036183e-01 -1.778426e+00
5.423458e-01 -2.263734e-01 -1.776018e+00
5.424458e-01 -1.719527e-01 -1.773967e+00
5.425457e-01 -9.102758e-02 -1.772280e+00
5.426457e-01 -1.687932e-01 -1.770960e+00
5.427457e-01 -1.634455e-01 -1.770013e+00
5.428457e-01 -2.193504e-01 -1.769439e+00
5.429457e-01 -1.239007e-01 -1.769242e+00
5.430457e-01 -1.764717e-01 -1.769422e+00
5.431457e-01 -1.742111e-01 -1.769979e+00
5.432457e-01 -1.824659e-01 -1.770910e+00
5.433457e-01 -1.095226e-01 -1.772212e+00
5.434457e-01 -1.893807e-01 -1.773881e+00
5.435456e-01 -1.768463e-01 -1.775910e+00
5.436456e-01 -1.818760e-01 -1.778291e+00
5.437456e-01 -1.587914e-01 -1.781015e+00
5.438456e-01 -1.894838e-01 -1.784069e+00
5.439456e-01 -2.169038e-01 -1.787442e+00
5.440456e-01 -2.693199e-01 -1.791117e+00
5.441456e-01 -1.993894e-01 -1.795077e+00
5.442456e-01 -2.848924e-01 -1.799304e+00
5.443456e-01 -2.255951e-01 -1.803778e+00
5.444456e-01 -2.570326e-01 -1.808474e+00
5.445455e-01 -2.379161e-01 -1.813369e+00
5.446455e-01 -2.912282e-01 -1.818438e+00
5.447455e-01 -3.336174e-01 -1.823652e+00
5.448455e-01 -2.328018e-01 -1.828983e+00
5.449455e-01 -2.971209e-01 -1.834400e+00
5.450455e-01 -2.358396e-01 -1.839873e+00
5.451455e-01 -3.401576e-01 -1.845369e+00
5.452455e-01 -2.765379e-01 -1.850857e+00
5.453455e-01 -2.257517e-01 -1.856302e+00
5.454455e-01 -2.912052e-01 -1.861671e+00
5.455454e-01 -3.491765e-01 -1.866933e+00
5.456454e-01 -3.331258e-01 -1.872054e+00
5.457454e-01 -3.346444e-01 -1.877002e+00
5.458454e-01 -3.101110e-01 -1.881747e+00
5.459454e-01 -2.949945e-01 -1.886259e+00
5.460454e-01 -3.784262e-01 -1.890509e+00
5.461454e-01 -3.801791e-01 -1.894471e+00
5.462454e-01 -3.608882e-01 -1.898120e+00
5.463454e-01 -3.663194e-01 -1.901433e+00
5.464454e-01 -4.208512e-01 -1.904389e+00
5.465453e-01 -3.325223e-01 -1.906971e+00
5.466453e-01 -3.628084e-01 -1.909163e+00
5.467453e-01 -4.131944e-01 -1.910951e+00
5.468453e-01 -3.431528e-01 -1.912324e+00
5.469453e-01 -3.883405e-01 -1.913275e+00
5.470453e-01 -4.781564e-01 -1.913798e+00
5.471453e-01 -3.601553e-01 -1.913890e+00
5.472453e-01 -3.452602e-01 -1.913551e+00
5.473453e-01 -3.923961e-01 -1.912782e+00
5.474453e-01 -3.881544e-01 -1.911590e+00
5.475452e-01 -3.793212e-01 -1.909979e+00
5.476452e-01 -4.133521e-01 -1.907959e+00
5.477452e-01 -5.015584e-01 -1.905541e+00
5.478452e-01 -3.760980e-01 -1.902737e+00
5.479452e-01 -4.068269e-01 -1.899562e+00
5.480452e-01 -3.981509e-01 -1.896032e+00
5.481452e-01 -3.121870e-01 -1.892164e+00
5.482452e-01 -3.705869e-01 -1.887977e+00
5.483452e-01 -3.185364e-01 -1.883490e+00
5.484452e-01 -4.205541e-01 -1.878725e+00
5.485451e-01 -3.953851e-01 -1.873701e+00
5.486451e-01 -4.407171e-01 -1.868442e+00
5.487451e-01 -3.665204e-01 -1.862969e+00
5.488451e-01 -4.566785e-01 -1.857305e+00
5.489451e-01 -3.512465e-01 -1.851472e+00
5.490451e-01 -2.893912e-01 -1.845495e+00
5.491451e-01 -3.631716e-01 -1.839395e+00
5.492451e-01 -3.529390e-01 -1.833194e+00
5.493451e-01 -2.870896e-01 -1.826917e+00
5.494451e-01 -3.083914e-01 -1.820583e+00
5.495450e-01 -3.700988e-01 -1.814215e+00
5.496450e-01 -3.000501e-01 -1.807834e+00
5.497450e-01 -4.105906e-01 -1.801460e+00
5.498450e-01 -3.171712e-01 -1.795113e+00
5.499450e-01 -2.958852e-01 -1.788811e+00
5.500450e-01 -3.718443e-01 -1.782574e+00
5.501450e-01 -2.257291e-01 -1.776417e+00
5.502450e-01 -2.953566e-01 -1.770358e+00
5.503450e-01 -2.943468e-01 -1.764413e+00
5.504450e-01 -2.686951e-01 -1.758596e+00
5.505449e-01 -4.184005e-01 -1.752921e+00
5.506449e-01 -2.147405e-01 -1.747400e+00
5.507449e-01 -2.769085e-01 -1.742047e+00
5.508449e-01 -2.308356e-01 -1.736871e+00
5.509449e-01 -2.937936e-01 -1.731883e+00
5.510449e-01 -2.597664e-01 -1.727092e+00
5.511449e-01 -2.153898e-01 -1.722506e+00
5.512449e-01 -1.670818e-01 -1.718133e+00
5.513449e-01 -2.521897e-01 -1.713978e+00
5.514449e-01 -2.190254e-01 -1.710047e+00
5.515448e-01 -2.249320e-01 -1.706345e+00
5.516448e-01 -2.705805e-01 -1.702876e+00
5.517448e-01 -1.357276e-01 -1.699641e+00
5.518448e-01 -1.653847e-01 -1.696643e+00
5.519448e-01 -2.189927e-01 -1.693883e+00
5.520448e-01 -1.424665e-01 -1.691362e+00
5.521448e-01 -2.153276e-01 -1.689078e+00
5.522448e-01 -2.534418e-01 -1.687031e+00
5.523448e-01 -1.634496e-01 -1.685219e+00
5.524448e-01 -1.638082e-01 -1.683639e+00
5.525447e-01 -2.926833e-01 -1.682288e+00
5.526447e-01 -1.712864e-01 -1.681161e+00
5.527447e-01 -2.054929e-01 -1.680255e+00
5.528447e-01 -2.228457e-01 -1.679564e+00
5.529447e-01 -2.192239e-01 -1.679082e+00
5.530447e-01 -2.962339e-01 -1.678804e+00
5.531447e-01 -2.009485e-01 -1.678722e+00
5.532447e-01 -1.478993e-01 -1.678829e+00
5.533447e-01 -3.088002e-01 -1.679117e+00
5.534447e-01 -2.463186e-01 -1.679578e+00
5.535446e-01 -3.263439e-01 -1.680204e+00
5.536446e-01 -3.204366e-01 -1.680986e+00
5.537446e-01 -2.265309e-01 -1.681915e+00
5.538446e-01 -2.953566e-01 -1.682980e+00
5.539446e-01 -3.069811e-01 -1.684172e+00
5.540446e-01 -2.301487e-01 -1.685480e+00
5.541446e-01 -3.439074e-01 -1.686895e+00
5.542446e-01 -2.768676e-01 -1.688406e+00
5.543446e-01 -3.119382e-01 -1.690001e+00
5.544446e-01 -3.361168e-01 -1.691671e+00
5.545445e-01 -3.035794e-01 -1.693403e+00
5.546445e-01 -3.146388e-01 -1.695186e+00
5.547445e-01 -3.862135e-01 -1.697010e+00
5.548445e-01 -3.069882e-01 -1.698862e+00
5.549445e-01 -3.031365e-01 -1.700732e+00
5.550445e-01 -3.697357e-01 -1.702607e+00
5.551445e-01 -2.555550e-01 -1.704478e+00
5.552445e-01 -3.227143e-01 -1.706331e+00
5.553445e-01 -3.838689e-01 -1.708157e+00
5.554445e-01 -4.250482e-01 -1.709944e+00
5.555444e-01 -3.277354e-01 -1.711681e+00
5.556444e-01 -4.242838e-01 -1.713358e+00
5.557444e-01 -4.347440e-01 -1.714964e+00
5.558444e-01 -3.972651e-01 -1.716488e+00
5.559444e-01 -3.580622e-01 -1.717921e+00
5.560444e-01 -3.465721e-01 -1.719254e+00
5.561444e-01 -4.045565e-01 -1.720476e+00
5.562444e-01 -4.144296e-01 -1.721578e+00
5.563444e-01 -4.052852e-01 -1.722554e+00
5.564444e-01 -4.481924e-01 -1.723393e+00
5.565443e-01 -4.934982e-01 -1.724089e+00
5.566443e-01 -4.819909e-01 -1.724635e+00
5.567443e-01 -4.062241e-01 -1.725024e+00
5.568443e-01 -4.683435e-01 -1.725250e+00
5.569443e-01 -4.507197e-01 -1.725307e+00
5.570443e-01 -4.924637e-01 -1.725191e+00
5.571443e-01 -4.601386e-01 -1.724898e+00
5.572443e-01 -4.119316e-01 -1.724424e+00
5.573443e-01 -4.877197e-01 -1.723767e+00
5.574443e-01 -4.363313e-01 -1.722924e+00
5.575442e-01 -4.380431e-01 -1.721893e+00
5.576442e-01 -4.281189e-01 -1.720675e+00
5.577442e-01 -5.592348e-01 -1.719270e+00
5.578442e-01 -4.795221e-01 -1.717677e+00
5.579442e-01 -4.002814e-01 -1.715900e+00
5.580442e-01 -4.283235e-01 -1.713939e+00
5.581442e-01 -5.110724e-01 -1.711799e+00
5.582442e-01 -4.368755e-01 -1.709483e+00
5.583442e-01 -4.480231e-01 -1.706995e+00
5.584442e-01 -4.252060e-01 -1.704342e+00
5.585441e-01 -4.408983e-01 -1.701528e+00
5.586441e-01 -3.531431e-01 -1.698560e+00
5.587441e-01 -4.380781e-01 -1.695447e+00
5.588441e-01 -4.238412e-01 -1.692194e+00
5.589441e-01 -4.320031e-01 -1.688812e+00
5.590441e-01 -4.693931e-01 -1.685309e+00
5.591441e-01 -4.365176e-01 -1.681693e+00
5.592441e-01 -4.170037e-01 -1.677976e+00
5.593441e-01 -3.508458e-01 -1.674167e+00
5.594441e-01 -3.129952e-01 -1.670277e+00
5.595440e-01 -3.886820e-01 -1.666317e+00
5.596440e-01 -3.792429e-01 -1.662298e+00
5.597440e-01 -2.942046e-01 -1.658231e+00
5.598440e-01 -3.527424e-01 -1.654127e+00
5.599440e-01 -4.509393e-01 -1.649999e+00
5.600440e-01 -3.563194e-01 -1.645856e+00
5.601440e-01 -4.521133e-01 -1.641712e+00
5.602440e-01 -2.644700e-01 -1.637576e+00
5.603440e-01 -3.716617e-01 -1.633461e+00
5.604440e-01 -3.078174e-01 -1.629377e+00
5.605439e-01 -3.311921e-01 -1.625335e+00
5.606439e-01 -3.193702e-01 -1.621344e+00
5.607439e-01 -3.379974e-01 -1.617416e+00
5.608439e-01 -3.996908e-01 -1.613560e+00
5.609439e-01 -3.010156e-01 -1.609784e+00
5.610439e-01 -3.550860e-01 -1.606098e+00
5.611439e-01 -3.183542e-01 -1.602511e+00
5.612439e-01 -2.665095e-01 -1.599028e+00
5.613439e-01 -3.405841e-01 -1.595659e+00
5.614439e-01 -3.506021e-01 -1.592409e+00
5.615438e-01 -2.566637e-01 -1.589285e+00
5.616438e-01 -3.732600e-01 -1.586292e+00
5.617438e-01 -3.231497e-01 -1.583435e+00
5.618438e-01 -2.549824e-01 -1.580719e+00
5.619438e-01 -1.841718e-01 -1.578147e+00
5.620438e-01 -3.510267e-01 -1.575722e+00
5.621438e-01 -2.349896e-01 -1.573447e+00
5.622438e-01 -2.944031e-01 -1.571325e+00
5.623438e-01 -2.504500e-01 -1.569357e+00
5.624438e-01 -2.785591e-01 -1.567543e+00
5.625437e-01 -2.264748e-01 -1.565885e+00
5.626437e-01 -2.252718e-01 -1.564382e+00
5.627437e-01 -2.453888e-01 -1.563034e+00
5.628437e-01 -2.344489e-01 -1.561841e+00
5.629437e-01 -2.734552e-01 -1.560800e+00
5.630437e-01 -2.382804e-01 -1.559910e+00
5.631437e-01 -3.613267e-01 -1.559170e+00
5.632437e-01 -2.865075e-01 -1.558576e+00
5.633437e-01 -3.627441e-01 -1.558126e+00
5.634437e-01 -2.753423e-01 -1.557817e+00
5.635436e-01 -3.224447e-01 -1.557646e+00
5.636436e-01 -3.690852e-01 -1.557609e+00
5.637436e-01 -2.387240e-01 -1.557702e+00
5.638436e-01 -2.627462e-01 -1.557921e+00
5.639436e-01 -3.845871e-01 -1.558263e+00
5.640436e-01 -3.400660e-01 -1.558724e+00
5.641436e-01 -2.562762e-01 -1.559297e+00
5.642436e-01 -3.811684e-01 -1.559980e+00
5.643436e-01 -3.086347e-01 -1.560768e+00
5.644436e-01 -3.615500e-01 -1.561655e+00
5.645435e-01 -3.176356e-01 -1.562638e+00
5.646435e-01 -3.101463e-01 -1.563711e+00
5.647435e-01 -3.928443e-01 -1.564870e+00
5.648435e-01 -3.035817e-01 -1.566110e+00
5.649435e-01 -3.237222e-01 -1.567426e+00
5.650435e-01 -3.672973e-01 -1.568814e+00
5.651435e-01 -5.162915e-01 -1.570268e+00
5.652435e-01 -4.426937e-01 -1.571785e+00
5.653435e-01 -4.110701e-01 -1.573360e+00
5.654435e-01 -4.592722e-01 -1.574987e+00
5.655434e-01 -3.681836e-01 -1.576664e+00
5.656434e-01 -3.509322e-01 -1.578385e+00
5.657434e-01 -5.146326e-01 -1.580146e+00
5.658434e-01 -4.729434e-01 -1.581943e+00
5.659434e-01 -4.076720e-01 -1.583771e+00
5.660434e-01 -4.238868e-01 -1.585628e+00
5.661434e-01 -4.554661e-01 -1.587509e+00
5.662434e-01 -4.672629e-01 -1.589410e+00
5.663434e-01 -5.603145e-01 -1.591328e+00
5.664434e-01 -5.093315e-01 -1.593259e+00
5.665433e-01 -4.692275e-01 -1.595200e+00
5.666433e-01 -5.682210e-01 -1.597148e+00
5.667433e-01 -4.569123e-01 -1.599098e+00
5.668433e-01 -5.090623e-01 -1.601049e+00
5.669433e-01 -4.528187e-01 -1.602997e+00
5.670433e-01 -4.648705e-01 -1.604940e+00
5.671433e-01 -4.996919e-01 -1.606874e+00
5.672433e-01 -4.877497e-01 -1.608798e+00
5.673433e-01 -5.083822e-01 -1.610708e+00
5.674433e-01 -4.923695e-01 -1.612603e+00
5.675432e-01 -5.302865e-01 -1.614480e+00
5.676432e-01 -4.732623e-01 -1.616337e+00
5.677432e-01 -4.752442e-01 -1.618171e+00
5.678432e-01 -4.630865e-01 -1.619982e+00
5.679432e-01 -5.458868e-01 -1.621766e+00
5.680432e-01 -5.432139e-01 -1.623524e+00
5.681432e-01 -4.382183e-01 -1.625251e+00
5.682432e-01 -4.971540e-01 -1.626949e+00
5.683432e-01 -5.864074e-01 -1.628613e+00
5.684432e-01 -4.622519e-01 -1.630245e+00
5.685431e-01 -5.106462e-01 -1.631841e+00
5.686431e-01 -5.041416e-01 -1.633402e+00
5.687431e-01 -5.435526e-01 -1.634925e+00
5.688431e-01 -3.695348e-01 -1.636411e+00
5.689431e-01 -4.523793e-01 -1.637857e+00
5.690431e-01 -4.669825e-01 -1.639264e+00
5.691431e-01 -5.474843e-01 -1.640630e+00
5.692431e-01 -4.942579e-01 -1.641954e+00
5.693431e-01 -5.927807e-01 -1.643237e+00
5.694431e-01 -4.279057e-01 -1.644477e+00
5.695430e-01 -3.854805e-01 -1.645674e+00
5.696430e-01 -5.510415e-01 -1.646827e+00
5.697430e-01 -3.793508e-01 -1.647937e+00
5.698430e-01 -4.085391e-01 -1.649003e+00
5.699430e-01 -3.732907e-01 -1.650024e+00
5.700430e-01 -3.574069e-01 -1.651000e+00
5.701430e-01 -4.669996e-01 -1.651932e+00
5.702430e-01 -4.069429e-01 -1.652819e+00
5.703430e-01 -2.901913e-01 -1.653661e+00
5.704430e-01 -4.008515e-01 -1.654459e+00
5.705429e-01 -4.292288e-01 -1.655211e+00
5.706429e-01 -4.147749e-01 -1.655918e+00
5.707429e-01 -4.030552e-01 -1.656581e+00
5.708429e-01 -4.482374e-01 -1.657200e+00
5.709429e-01 -2.298179e-01 -1.657774e+00
5.710429e-01 -3.731887e-01 -1.658304e+00
5.711429e-01 -3.471910e-01 -1.658791e+00
5.712429e-01 -3.729489e-01 -1.659234e+00
5.713429e-01 -2.939736e-01 -1.659634e+00
5.714429e-01 -3.221730e-01 -1.659991e+00
5.715428e-01 -4.181232e-01 -1.660306e+00
5.716428e-01 -3.243674e-01 -1.660579e+00
5.717428e-01 -4.180048e-01 -1.660811e+00
5.718428e-01 -3.297981e-01 -1.661003e+00
5.719428e-01 -3.600172e-01 -1.661153e+00
5.720428e-01 -3.715534e-01 -1.661264e+00
5.721428e-01 -3.684531e-01 -1.661336e+00
5.722428e-01 -3.862720e-01 -1.661369e+00
5.723428e-01 -4.660483e-01 -1.661365e+00
5.724428e-01 -3.073104e-01 -1.661323e+00
5.725427e-01 -4.171519e-01 -1.661244e+00
5.726427e-01 -3.146909e-01 -1.661129e+00
5.727427e-01 -2.870343e-01 -1.660979e+00
5.728427e-01 -3.726650e-01 -1.660794e+00
5.729427e-01 -3.000681e-01 -1.660575e+00
5.730427e-01 -3.638067e-01 -1.660323e+00
5.731427e-01 -2.655635e-01 -1.660038e+00
5.732427e-01 -4.091424e-01 -1.659722e+00
5.733427e-01 -2.964201e-01 -1.659375e+00
5.734427e-01 -3.410570e-01 -1.658998e+00
5.735426e-01 -3.884773e-01 -1.658591e+00
5.736426e-01 -3.570944e-01 -1.658156e+00
5.737426e-01 -3.091242e-01 -1.657693e+00
5.738426e-01 -3.638464e-01 -1.657203e+00
5.739426e-01 -4.006746e-01 -1.656687e+00
5.740426e-01 -4.033302e-01 -1.656146e+00
5.741426e-01 -3.997468e-01 -1.655580e+00
5.742426e-01 -3.915709e-01 -1.654991e+00
5.743426e-01 -3.669355e-01 -1.654379e+00
5.744426e-01 -3.782102e-01 -1.653745e+00
5.745425e-01 -4.497944e-01 -1.653090e+00
5.746425e-01 -4.988767e-01 -1.652415e+00
5.747425e-01 -4.942118e-01 -1.651721e+00
5.748425e-01 -4.208713e-01 -1.651008e+00
5.749425e-01 -4.617107e-01 -1.650277e+00
5.750425e-01 -4.721082e-01 -1.649530e+00
5.751425e-01 -4.314389e-01 -1.648767e+00
5.752425e-01 -4.058534e-01 -1.647989e+00
5.753425e-01 -4.460194e-01 -1.647197e+00
5.754425e-01 -4.630822e-01 -1.646392e+00
5.755424e-01 -5.175035e-01 -1.645574e+00
5.756424e-01 -4.847543e-01 -1.644744e+00
5.757424e-01 -5.309301e-01 -1.643904e+00
5.758424e-01 -5.357179e-01 -1.643054e+00
5.759424e-01 -4.422191e-01 -1.642195e+00
5.760424e-01 -5.176963e-01 -1.641328e+00
5.761424e-01 -4.760417e-01 -1.640453e+00
5.762424e-01 -5.215616e-01 -1.639571e+00
5.763424e-01 -5.980847e-01 -1.638684e+00
5.764424e-01 -6.093035e-01 -1.637792e+00
5.765423e-01 -4.741760e-01 -1.636896e+00
5.766423e-01 -6.632344e-01 -1.635996e+00
5.767423e-01 -5.137482e-01 -1.635093e+00
5.768423e-01 -4.782009e-01 -1.634189e+00
5.769423e-01 -5.059992e-01 -1.633283e+00
5.770423e-01 -5.500302e-01 -1.632377e+00
5.771423e-01 -5.076928e-01 -1.631471e+00
5.772423e-01 -6.129926e-01 -1.630567e+00
5.773423e-01 -6.457917e-01 -1.629663e+00
5.774423e-01 -5.853657e-01 -1.628762e+00
5.775422e-01 -5.480769e-01 -1.627864e+00
5.776422e-01 -5.267115e-01 -1.626970e+00
5.777422e-01 -6.793729e-01 -1.626079e+00
5.778422e-01 -5.172423e-01 -1.625194e+00
5.779422e-01 -5.889644e-01 -1.624314e+00
5.780422e-01 -4.728254e-01 -1.623439e+00
5.781422e-01 -5.540334e-01 -1.622571e+00
5.782422e-01 -6.286603e-01 -1.621710e+00
5.783422e-01 -5.408447e-01 -1.620856e+00
5.784422e-01 -4.813704e-01 -1.620010e+00
5.785421e-01 -5.204155e-01 -1.619172e+00
5.786421e-01 -5.073277e-01 -1.618343e+00
5.787421e-01 -4.700752e-01 -1.617523e+00
5.788421e-01 -4.850346e-01 -1.616712e+00
5.789421e-01 -5.598446e-01 -1.615910e+00
5.790421e-01 -4.935285e-01 -1.615119e+00
5.791421e-01 -5.565648e-01 -1.614337e+00
5.792421e-01 -6.044647e-01 -1.613566e+00
5.793421e-01 -4.921167e-01 -1.612805e+00
5.794421e-01 -4.949623e-01 -1.612055e+00
5.795420e-01 -4.364986e-01 -1.611316e+00
5.796420e-01 -5.292142e-01 -1.610587e+00
5.797420e-01 -4.488099e-01 -1.609869e+00
5.798420e-01 -4.216292e-01 -1.609162e+00
5.799420e-01 -4.532879e-01 -1.608465e+00
5.800420e-01 -3.615493e-01 -1.607779e+00
5.801420e-01 -4.696435e-01 -1.607103e+00
5.802420e-01 -4.993446e-01 -1.606438e+00
5.803420e-01 -4.407255e-01 -1.605782e+00
5.804420e-01 -4.912874e-01 -1.605136e+00
5.805419e-01 -4.501796e-01 -1.604500e+00
5.806419e-01 -4.952995e-01 -1.603872e+00
5.807419e-01 -4.743902e-01 -1.603253e+00
5.808419e-01 -3.860733e-01 -1.602642e+00
5.809419e-01 -4.849524e-01 -1.602039e+00
5.810419e-01 -4.653643e-01 -1.601442e+00
5.811419e-01 -4.311507e-01 -1.600852e+00
5.812419e-01 -4.715406e-01 -1.600268e+00
5.813419e-01 -4.175435e-01 -1.599688e+00
5.814419e-01 -3.634776e-01 -1.599112e+00
5.815418e-01 -5.011390e-01 -1.598540e+00
5.816418e-01 -5.275963e-01 -1.597970e+00
5.817418e-01 -4.519577e-01 -1.597401e+00
5.818418e-01 -3.090255e-01 -1.596833e+00
5.819418e-01 -4.014604e-01 -1.596264e+00
5.820418e-01 -4.010743e-01 -1.595693e+00
5.821418e-01 -2.248697e-01 -1.595119e+00
5.822418e-01 -3.575304e-01 -1.594541e+00
5.823418e-01 -4.187263e-01 -1.593958e+00
5.824418e-01 -4.024818e-01 -1.593367e+00
5.825417e-01 -3.407746e-01 -1.592769e+00
5.826417e-01 -3.359866e-01 -1.592161e+00
5.827417e-01 -3.891193e-01 -1.591541e+00
5.828417e-01 -3.802875e-01 -1.590909e+00
5.829417e-01 -4.909938e-01 -1.590263e+00
5.830417e-01 -5.251120e-01 -1.589601e+00
5.831417e-01 -4.740836e-01 -1.588921e+00
5.832417e-01 -3.836211e-01 -1.588222e+00
5.833417e-01 -3.188687e-01 -1.587501e+00
5.834417e-01 -3.299303e-01 -1.586758e+00
5.835416e-01 -4.399521e-01 -1.585989e+00
5.836416e-01 -3.829764e-01 -1.585194e+00
5.837416e-01 -4.033219e-01 -1.584371e+00
5.838416e-01 -3.922858e-01 -1.583516e+00
5.839416e-01 -3.881226e-01 -1.582629e+00
5.840416e-01 -4.997993e-01 -1.581707e+00
5.841416e-01 -3.611088e-01 -1.580748e+00
5.842416e-01 -3.636641e-01 -1.579750e+00
5.843416e-01 -4.797037e-01 -1.578712e+00
5.844416e-01 -4.307001e-01 -1.577630e+00
5.845415e-01 -4.439335e-01 -1.576502e+00
5.846415e-01 -4.548106e-01 -1.575328e+00
5.847415e-01 -4.680970e-01 -1.574103e+00
5.848415e-01 -4.365332e-01 -1.572827e+00
5.849415e-01 -5.340463e-01 -1.571497e+00
5.850415e-01 -4.341119e-01 -1.570110e+00
5.851415e-01 -5.075301e-01 -1.568666e+00
5.852415e-01 -5.460008e-01 -1.567161e+00
5.853415e-01 -4.813591e-01 -1.565593e+00
5.854415e-01 -6.178344e-01 -1.563961e+00
5.855414e-01 -5.631783e-01 -1.562263e+00
5.856414e-01 -5.594207e-01 -1.560495e+00
5.857414e-01 -5.677514e-01 -1.558657e+00
5.858414e-01 -5.190240e-01 -1.556747e+00
5.859414e-01 -6.409979e-01 -1.554762e+00
5.860414e-01 -6.171396e-01 -1.552701e+00
5.861414e-01 -5.524857e-01 -1.550563e+00
5.862414e-01 -6.223163e-01 -1.548344e+00
5.863414e-01 -5.290392e-01 -1.546045e+00
5.864414e-01 -6.034068e-01 -1.543663e+00
5.865413e-01 -5.878525e-01 -1.541198e+00
5.866413e-01 -5.726227e-01 -1.538647e+00
5.867413e-01 -5.410514e-01 -1.536010e+00
5.868413e-01 -5.737365e-01 -1.533285e+00
5.869413e-01 -5.946804e-01 -1.530473e+00
5.870413e-01 -6.044091e-01 -1.527571e+00
5.871413e-01 -6.988853e-01 -1.524580e+00
5.872413e-01 -6.305880e-01 -1.521499e+00
5.873413e-01 -5.943635e-01 -1.518327e+00
5.874413e-01 -5.180127e-01 -1.515065e+00
5.875412e-01 -5.720501e-01 -1.511713e+00
5.876412e-01 -6.786058e-01 -1.508270e+00
5.877412e-01 -5.818715e-01 -1.504738e+00
5.878412e-01 -5.422075e-01 -1.501118e+00
5.879412e-01 -5.374882e-01 -1.497409e+00
5.880412e-01 -5.966544e-01 -1.493613e+00
5.881412e-01 -5.440600e-01 -1.489732e+00
5.882412e-01 -6.090254e-01 -1.485767e+00
5.883412e-01 -7.212717e-01 -1.481720e+00
5.884412e-01 -5.837084e-01 -1.477593e+00
5.885411e-01 -6.221144e-01 -1.473389e+00
5.886411e-01 -5.429163e-01 -1.469110e+00
5.887411e-01 -6.119515e-01 -1.464760e+00
5.888411e-01 -5.576338e-01 -1.460342e+00
5.889411e-01 -5.828990e-01 -1.455859e+00
5.890411e-01 -6.446361e-01 -1.451316e+00
5.891411e-01 -5.731542e-01 -1.446717e+00
5.892411e-01 -6.948160e-01 -1.442067e+00
5.893411e-01 -6.191078e-01 -1.437371e+00
5.894411e-01 -5.887383e-01 -1.432634e+00
5.895410e-01 -6.707904e-01 -1.427862e+00
5.896410e-01 -5.510872e-01 -1.423061e+00
5.897410e-01 -4.354963e-01 -1.418239e+00
5.898410e-01 -5.231225e-01 -1.413402e+00
5.899410e-01 -4.746024e-01 -1.408557e+00
5.900410e-01 -4.941946e-01 -1.403712e+00
5.901410e-01 -4.745621e-01 -1.398876e+00
5.902410e-01 -5.842726e-01 -1.394057e+00
5.903410e-01 -4.968865e-01 -1.389265e+00
5.904410e-01 -5.623362e-01 -1.384507e+00
5.905409e-01 -5.194974e-01 -1.379796e+00
5.906409e-01 -4.965039e-01 -1.375139e+00
5.907409e-01 -4.811867e-01 -1.370549e+00
5.908409e-01 -4.628292e-01 -1.366036e+00
5.909409e-01 -4.747343e-01 -1.361611e+00
5.910409e-01 -4.640888e-01 -1.357286e+00
5.911409e-01 -5.310100e-01 -1.353072e+00
5.912409e-01 -4.930888e-01 -1.348982e+00
5.913409e-01 -4.740123e-01 -1.345027e+00
5.914409e-01 -4.710943e-01 -1.341221e+00
5.915408e-01 -3.142791e-01 -1.337575e+00
5.916408e-01 -4.785106e-01 -1.334102e+00
5.917408e-01 -4.785144e-01 -1.330814e+00
5.918408e-01 -5.109378e-01 -1.327725e+00
5.919408e-01 -4.449947e-01 -1.324847e+00
5.920408e-01 -4.945612e-01 -1.322191e+00
5.921408e-01 -4.058116e-01 -1.319769e+00
5.922408e-01 -5.165578e-01 -1.317594e+00
5.923408e-01 -4.464635e-01 -1.315675e+00
5.924408e-01 -4.209153e-01 -1.314024e+00
5.925407e-01 -3.508860e-01 -1.312650e+00
5.926407e-01 -4.030037e-01 -1.311563e+00
5.927407e-01 -4.350820e-01 -1.310769e+00
5.928407e-01 -4.308237e-01 -1.310277e+00
5.929407e-01 -3.672927e-01 -1.310092e+00
5.930407e-01 -5.053596e-01 -1.310219e+00
5.931407e-01 -4.357537e-01 -1.310661e+00
5.932407e-01 -5.513095e-01 -1.311421e+00
5.933407e-01 -3.770698e-01 -1.312499e+00
5.934407e-01 -4.581782e-01 -1.313893e+00
5.935406e-01 -5.106031e-01 -1.315601e+00
5.936406e-01 -5.015403e-01 -1.317618e+00
5.937406e-01 -4.769489e-01 -1.319938e+00
5.938406e-01 -3.759746e-01 -1.322551e+00
5.939406e-01 -4.617642e-01 -1.325447e+00
5.940406e-01 -6.025166e-01 -1.328615e+00
5.941406e-01 -5.433439e-01 -1.332039e+00
5.942406e-01 -5.250127e-01 -1.335704e+00
5.943406e-01 -5.605985e-01 -1.339591e+00
5.944406e-01 -5.224739e-01 -1.343680e+00
5.945405e-01 -4.406827e-01 -1.347950e+00
5.946405e-01 -5.093099e-01 -1.352377e+00
5.947405e-01 -5.324467e-01 -1.356937e+00
5.948405e-01 -5.205129e-01 -1.361604e+00
5.949405e-01 -5.872401e-01 -1.366350e+00
5.950405e-01 -5.666538e-01 -1.371149e+00
5.951405e-01 -5.229749e-01 -1.375970e+00
5.952405e-01 -4.714961e-01 -1.380785e+00
5.953405e-01 -5.750365e-01 -1.385565e+00
5.954405e-01 -5.665637e-01 -1.390279e+00
5.955404e-01 -5.574434e-01 -1.394900e+00
5.956404e-01 -5.408919e-01 -1.399397e+00
5.957404e-01 -6.158562e-01 -1.403743e+00
5.958404e-01 -5.990946e-01 -1.407911e+00
5.959404e-01 -6.097608e-01 -1.411875e+00
5.960404e-01 -6.197533e-01 -1.415609e+00
5.961404e-01 -6.531730e-01 -1.419091e+00
5.962404e-01 -6.397954e-01 -1.422300e+00
5.963404e-01 -6.214311e-01 -1.425214e+00
5.964404e-01 -6.612995e-01 -1.427817e+00
5.965403e-01 -6.406380e-01 -1.430092e+00
5.966403e-01 -5.572771e-01 -1.432027e+00
5.967403e-01 -7.049436e-01 -1.433608e+00
5.968403e-01 -6.080912e-01 -1.434827e+00
5.969403e-01 -6.271749e-01 -1.435677e+00
5.970403e-01 -6.697997e-01 -1.436151e+00
5.971403e-01 -5.698393e-01 -1.436248e+00
5.972403e-01 -6.757232e-01 -1.435966e+00
5.973403e-01 -7.220897e-01 -1.435306e+00
5.974403e-01 -5.747791e-01 -1.434271e+00
5.975402e-01 -6.712489e-01 -1.432866e+00
5.976402e-01 -6.721460e-01 -1.431097e+00
5.977402e-01 -6.727264e-01 -1.428972e+00
5.978402e-01 -6.837691e-01 -1.426500e+00
5.979402e-01 -6.683537e-01 -1.423694e+00
5.980402e-01 -6.675385e-01 -1.420564e+00
5.981402e-01 -6.572248e-01 -1.417124e+00
5.982402e-01 -7.354288e-01 -1.413388e+00
5.983402e-01 -6.140089e-01 -1.409372e+00
5.984402e-01 -7.111842e-01 -1.405092e+00
5.985401e-01 -6.638126e-01 -1.400565e+00
5.986401e-01 -6.890487e-01 -1.395807e+00
5.987401e-01 -6.683124e-01 -1.390836e+00
5.988401e-01 -6.531048e-01 -1.385671e+00
5.989401e-01 -6.573286e-01 -1.380331e+00
5.990401e-01 -5.557580e-01 -1.374833e+00
5.991401e-01 -5.918029e-01 -1.369198e+00
5.992401e-01 -6.113329e-01 -1.363443e+00
5.993401e-01 -5.435519e-01 -1.357588e+00
5.994401e-01 -6.595004e-01 -1.351652e+00
5.995400e-01 -5.733732e-01 -1.345654e+00
5.996400e-01 -6.604921e-01 -1.339613e+00
5.997400e-01 -6.025782e-01 -1.333547e+00
5.998400e-01 -5.527008e-01 -1.327475e+00
5.999400e-01 -5.730815e-01 -1.321415e+00
6.000400e-01 -6.021155e-01 -1.315384e+00
6.001400e-01 -4.897907e-01 -1.309402e+00
6.002400e-01 -6.010950e-01 -1.303484e+00
6.003400e-01 -5.549167e-01 -1.297648e+00
6.004400e-01 -6.735369e-01 -1.291911e+00
6.005399e-01 -4.973361e-01 -1.286289e+00
6.006399e-01 -5.630828e-01 -1.280797e+00
6.007399e-01 -5.274555e-01 -1.275452e+00
6.008399e-01 -5.297011e-01 -1.270267e+00
6.009399e-01 -4.938621e-01 -1.265258e+00
6.010399e-01 -4.722739e-01 -1.260439e+00
6.011399e-01 -4.878173e-01 -1.255823e+00
6.012399e-01 -5.142762e-01 -1.251423e+00
6.013399e-01 -4.853045e-01 -1.247251e+00
6.014399e-01 -4.956141e-01 -1.243319e+00
6.015398e-01 -4.817989e-01 -1.239639e+00
6.016398e-01 -3.971559e-01 -1.236220e+00
6.017398e-01 -4.710905e-01 -1.233073e+00
6.018398e-01 -5.101593e-01 -1.230207e+00
6.019398e-01 -5.419784e-01 -1.227629e+00
6.020398e-01 -4.698588e-01 -1.225348e+00
6.021398e-01 -5.374333e-01 -1.223370e+00
6.022398e-01 -4.504401e-01 -1.221700e+00
6.023398e-01 -5.527526e-01 -1.220344e+00
6.024398e-01 -5.823316e-01 -1.219305e+00
6.025397e-01 -5.145463e-01 -1.218586e+00
6.026397e-01 -4.352293e-01 -1.218189e+00
6.027397e-01 -4.163386e-01 -1.218114e+00
6.028397e-01 -4.582785e-01 -1.218361e+00
6.029397e-01 -5.234307e-01 -1.218928e+00
6.030397e-01 -5.260451e-01 -1.219813e+00
6.031397e-01 -4.357155e-01 -1.221010e+00
6.032397e-01 -5.244385e-01 -1.222516e+00
6.033397e-01 -5.304818e-01 -1.224322e+00
6.034397e-01 -5.448148e-01 -1.226421e+00
6.035396e-01 -4.717691e-01 -1.228804e+00
6.036396e-01 -4.451071e-01 -1.231461e+00
6.037396e-01 -5.101874e-01 -1.234379e+00
6.038396e-01 -5.624470e-01 -1.237546e+00
6.039396e-01 -5.402214e-01 -1.240948e+00
6.040396e-01 -5.307535e-01 -1.244570e+00
6.041396e-01 -5.573492e-01 -1.248395e+00
6.042396e-01 -5.843113e-01 -1.252405e+00
6.043396e-01 -5.667677e-01 -1.256584e+00
6.044396e-01 -5.782562e-01 -1.260911e+00
6.045395e-01 -5.397876e-01 -1.265368e+00
6.046395e-01 -5.802254e-01 -1.269933e+00
6.047395e-01 -6.498655e-01 -1.274586e+00
6.048395e-01 -6.387899e-01 -1.279305e+00
6.049395e-01 -6.175935e-01 -1.284070e+00
6.050395e-01 -5.861374e-01 -1.288858e+00
6.051395e-01 -6.259696e-01 -1.293648e+00
6.052395e-01 -6.631311e-01 -1.298418e+00
6.053395e-01 -5.547680e-01 -1.303147e+00
6.054395e-01 -5.705375e-01 -1.307814e+00
6.055394e-01 -5.884111e-01 -1.312399e+00
6.056394e-01 -6.893610e-01 -1.316883e+00
6.057394e-01 -7.182095e-01 -1.321245e+00
6.058394e-01 -6.308287e-01 -1.325469e+00
6.059394e-01 -7.612475e-01 -1.329536e+00
6.060394e-01 -7.202946e-01 -1.333432e+00
6.061394e-01 -7.427439e-01 -1.337140e+00
6.062394e-01 -6.875522e-01 -1.340647e+00
6.063394e-01 -6.835980e-01 -1.343941e+00
6.064394e-01 -7.350101e-01 -1.347010e+00
6.065393e-01 -7.120263e-01 -1.349843e+00
6.066393e-01 -7.717446e-01 -1.352434e+00
6.067393e-01 -6.855790e-01 -1.354773e+00
6.068393e-01 -6.904749e-01 -1.356856e+00
6.069393e-01 -6.725715e-01 -1.358678e+00
6.070393e-01 -8.168980e-01 -1.360235e+00
6.071393e-01 -6.356726e-01 -1.361526e+00
6.072393e-01 -6.826422e-01 -1.362549e+00
6.073393e-01 -7.677335e-01 -1.363305e+00
6.074393e-01 -7.647088e-01 -1.363796e+00
6.075392e-01 -7.702438e-01 -1.364025e+00
6.076392e-01 -7.200831e-01 -1.363996e+00
6.077392e-01 -7.288893e-01 -1.363713e+00
6.078392e-01 -7.693431e-01 -1.363182e+00
6.079392e-01 -7.570588e-01 -1.362410e+00
6.080392e-01 -8.044167e-01 -1.361405e+00
6.081392e-01 -6.731100e-01 -1.360174e+00
6.082392e-01 -6.785443e-01 -1.358727e+00
6.083392e-01 -8.150865e-01 -1.357074e+00
6.084392e-01 -7.321838e-01 -1.355224e+00
6.085391e-01 -7.764817e-01 -1.353188e+00
6.086391e-01 -7.631335e-01 -1.350977e+00
6.087391e-01 -6.351903e-01 -1.348603e+00
6.088391e-01 -6.798206e-01 -1.346078e+00
6.089391e-01 -7.219947e-01 -1.343413e+00
6.090391e-01 -6.516877e-01 -1.340622e+00
6.091391e-01 -6.981691e-01 -1.337715e+00
6.092391e-01 -6.862106e-01 -1.334707e+00
6.093391e-01 -6.738302e-01 -1.331610e+00
6.094391e-01 -6.012332e-01 -1.328436e+00
6.095390e-01 -6.227672e-01 -1.325198e+00
6.096390e-01 -6.713507e-01 -1.321908e+00
6.097390e-01 -6.996581e-01 -1.318581e+00
6.098390e-01 -6.767454e-01 -1.315227e+00
6.099390e-01 -5.860656e-01 -1.311859e+00
6.100390e-01 -6.142307e-01 -1.308489e+00
6.101390e-01 -5.932496e-01 -1.305130e+00
6.102390e-01 -6.688607e-01 -1.301792e+00
6.103390e-01 -6.449428e-01 -1.298488e+00
6.104390e-01 -5.400832e-01 -1.295228e+00
6.105389e-01 -6.859060e-01 -1.292024e+00
6.106389e-01 -5.891538e-01 -1.288885e+00
6.107389e-01 -6.291060e-01 -1.285822e+00
6.108389e-01 -5.791361e-01 -1.282844e+00
6.109389e-01 -5.117741e-01 -1.279962e+00
6.110389e-01 -5.166941e-01 -1.277182e+00
6.111389e-01 -7.002298e-01 -1.274515e+00
6.112389e-01 -6.181695e-01 -1.271968e+00
6.113389e-01 -5.611831e-01 -1.269547e+00
6.114389e-01 -6.438665e-01 -1.267261e+00
6.115388e-01 -5.809302e-01 -1.265116e+00
6.116388e-01 -5.306433e-01 -1.263117e+00
6.117388e-01 -5.937526e-01 -1.261269e+00
6.118388e-01 -5.945075e-01 -1.259578e+00
6.119388e-01 -5.679420e-01 -1.258047e+00
6.120388e-01 -4.341977e-01 -1.256680e+00
6.121388e-01 -5.503837e-01 -1.255479e+00
6.122388e-01 -4.625212e-01 -1.254447e+00
6.123388e-01 -5.359844e-01 -1.253586e+00
6.124388e-01 -6.785499e-01 -1.252896e+00
6.125387e-01 -5.299879e-01 -1.252378e+00
6.126387e-01 -5.442450e-01 -1.252031e+00
6.127387e-01 -5.635349e-01 -1.251855e+00
6.128387e-01 -5.984008e-01 -1.251847e+00
6.129387e-01 -4.895773e-01 -1.252006e+00
6.130387e-01 -5.918691e-01 -1.252328e+00
6.131387e-01 -6.222983e-01 -1.252811e+00
6.132387e-01 -5.669312e-01 -1.253449e+00
6.133387e-01 -5.986020e-01 -1.254239e+00
6.134387e-01 -5.820770e-01 -1.255174e+00
6.135386e-01 -5.342175e-01 -1.256250e+00
6.136386e-01 -5.162995e-01 -1.257460e+00
6.137386e-01 -5.983730e-01 -1.258796e+00
6.138386e-01 -5.774049e-01 -1.260253e+00
6.139386e-01 -6.316352e-01 -1.261821e+00
6.140386e-01 -5.286913e-01 -1.263493e+00
6.141386e-01 -6.266697e-01 -1.265260e+00
6.142386e-01 -5.569752e-01 -1.267114e+00
6.143386e-01 -5.775609e-01 -1.269046e+00
6.144386e-01 -5.803237e-01 -1.271045e+00
6.145385e-01 -6.065127e-01 -1.273103e+00
6.146385e-01 -7.648901e-01 -1.275209e+00
6.147385e-01 -6.187420e-01 -1.277355e+00
6.148385e-01 -6.316865e-01 -1.279530e+00
6.149385e-01 -6.963009e-01 -1.281724e+00
6.150385e-01 -7.367515e-01 -1.283927e+00
6.151385e-01 -6.391194e-01 -1.286131e+00
6.152385e-01 -6.140138e-01 -1.288324e+00
6.153385e-01 -7.189479e-01 -1.290498e+00
6.154385e-01 -6.846171e-01 -1.292643e+00
6.155384e-01 -6.741192e-01 -1.294750e+00
6.156384e-01 -7.083586e-01 -1.296811e+00
6.157384e-01 -7.223696e-01 -1.298816e+00
6.158384e-01 -6.692352e-01 -1.300759e+00
6.159384e-01 -6.363754e-01 -1.302631e+00
6.160384e-01 -6.856790e-01 -1.304426e+00
6.161384e-01 -7.922254e-01 -1.306135e+00
6.162384e-01 -6.628593e-01 -1.307754e+00
6.163384e-01 -6.637495e-01 -1.309276e+00
6.164384e-01 -7.297413e-01 -1.310695e+00
6.165383e-01 -6.847025e-01 -1.312008e+00
6.166383e-01 -7.759728e-01 -1.313210e+00
6.167383e-01 -7.886315e-01 -1.314296e+00
6.168383e-01 -6.494329e-01 -1.315265e+00
6.169383e-01 -7.773198e-01 -1.316113e+00
6.170383e-01 -8.077484e-01 -1.316838e+00
6.171383e-01 -7.812106e-01 -1.317439e+00
6.172383e-01 -6.837915e-01 -1.317915e+00
6.173383e-01 -7.110032e-01 -1.318266e+00
6.174383e-01 -8.058848e-01 -1.318490e+00
6.175382e-01 -7.460236e-01 -1.318591e+00
6.176382e-01 -8.060687e-01 -1.318567e+00
6.177382e-01 -8.155299e-01 -1.318422e+00
6.178382e-01 -7.319582e-01 -1.318156e+00
6.179382e-01 -8.245611e-01 -1.317773e+00
6.180382e-01 -7.445791e-01 -1.317276e+00
6.181382e-01 -7.021047e-01 -1.316668e+00
6.182382e-01 -7.561017e-01 -1.315953e+00
6.183382e-01 -7.311746e-01 -1.315134e+00
6.184382e-01 -7.985729e-01 -1.314217e+00
6.185381e-01 -7.471308e-01 -1.313206e+00
6.186381e-01 -7.251549e-01 -1.312107e+00
6.187381e-01 -8.079621e-01 -1.310924e+00
6.188381e-01 -7.581646e-01 -1.309663e+00
6.189381e-01 -7.955225e-01 -1.308331e+00
6.190381e-01 -7.780749e-01 -1.306932e+00
6.191381e-01 -6.795038e-01 -1.305473e+00
6.192381e-01 -6.774259e-01 -1.303961e+00
6.193381e-01 -6.944567e-01 -1.302402e+00
6.194381e-01 -6.903754e-01 -1.300802e+00
6.195380e-01 -8.160073e-01 -1.299168e+00
6.196380e-01 -6.316889e-01 -1.297506e+00
6.197380e-01 -7.368909e-01 -1.295823e+00
6.198380e-01 -6.734367e-01 -1.294125e+00
6.199380e-01 -7.162436e-01 -1.292420e+00
6.200380e-01 -6.754719e-01 -1.290713e+00
6.201380e-01 -6.192471e-01 -1.289011e+00
6.202380e-01 -7.288522e-01 -1.287320e+00
6.203380e-01 -7.466571e-01 -1.285647e+00
6.204380e-01 -6.395344e-01 -1.283997e+00
6.205379e-01 -6.579528e-01 -1.282377e+00
6.206379e-01 -6.325750e-01 -1.280792e+00
6.207379e-01 -6.211502e-01 -1.279248e+00
6.208379e-01 -6.579574e-01 -1.277750e+00
6.209379e-01 -5.959150e-01 -1.276303e+00
6.210379e-01 -5.987224e-01 -1.274912e+00
6.211379e-01 -5.726759e-01 -1.273583e+00
6.212379e-01 -5.605584e-01 -1.272318e+00
6.213379e-01 -5.907600e-01 -1.271124e+00
6.214379e-01 -6.419263e-01 -1.270002e+00
6.215378e-01 -5.384054e-01 -1.268958e+00
6.216378e-01 -5.712192e-01 -1.267995e+00
6.217378e-01 -4.799606e-01 -1.267115e+00
6.218378e-01 -6.301031e-01 -1.266321e+00
6.219378e-01 -5.044490e-01 -1.265616e+00
6.220378e-01 -5.924605e-01 -1.265002e+00
6.221378e-01 -6.087772e-01 -1.264481e+00
6.222378e-01 -6.462116e-01 -1.264054e+00
6.223378e-01 -5.828311e-01 -1.263723e+00
6.224378e-01 -5.359965e-01 -1.263489e+00
6.225377e-01 -4.886300e-01 -1.263351e+00
6.226377e-01 -5.884176e-01 -1.263312e+00
6.227377e-01 -6.818778e-01 -1.263370e+00
6.228377e-01 -5.671204e-01 -1.263525e+00
6.229377e-01 -5.665250e-01 -1.263777e+00
6.230377e-01 -6.423700e-01 -1.264126e+00
6.231377e-01 -6.675288e-01 -1.264569e+00
6.232377e-01 -5.697133e-01 -1.265106e+00
6.233377e-01 -5.667228e-01 -1.265735e+00
6.234377e-01 -5.869871e-01 -1.266454e+00
6.235376e-01 -6.423043e-01 -1.267262e+00
6.236376e-01 -7.065696e-01 -1.268156e+00
6.237376e-01 -6.623131e-01 -1.269133e+00
6.238376e-01 -6.822149e-01 -1.270192e+00
6.239376e-01 -6.455518e-01 -1.271328e+00
6.240376e-01 -6.614336e-01 -1.272540e+00
6.241376e-01 -6.595324e-01 -1.273824e+00
6.242376e-01 -6.251458e-01 -1.275177e+00
6.243376e-01 -7.097846e-01 -1.276595e+00
6.244376e-01 -7.141450e-01 -1.278075e+00
6.245375e-01 -6.302286e-01 -1.279614e+00
6.246375e-01 -7.083174e-01 -1.281208e+00
6.247375e-01 -6.218449e-01 -1.282853e+00
6.248375e-01 -7.311172e-01 -1.284546e+00
6.249375e-01 -7.775124e-01 -1.286283e+00
6.250375e-01 -7.247778e-01 -1.288060e+00
6.251375e-01 -7.471405e-01 -1.289873e+00
6.252375e-01 -7.179984e-01 -1.291720e+00
6.253375e-01 -7.676741e-01 -1.293595e+00
6.254375e-01 -7.939188e-01 -1.295496e+00
6.255374e-01 -7.748911e-01 -1.297419e+00
6.256374e-01 -7.410619e-01 -1.299360e+00
6.257374e-01 -7.954877e-01 -1.301316e+00
6.258374e-01 -8.222571e-01 -1.303284e+00
6.259374e-01 -8.278162e-01 -1.305260e+00
6.260374e-01 -8.112028e-01 -1.307242e+00
6.261374e-01 -7.366613e-01 -1.309225e+00
6.262374e-01 -7.584398e-01 -1.311209e+00
6.263374e-01 -7.991290e-01 -1.313188e+00
6.264374e-01 -7.736920e-01 -1.315162e+00
6.265373e-01 -7.384864e-01 -1.317127e+00
6.266373e-01 -7.570637e-01 -1.319081e+00
6.267373e-01 -8.401930e-01 -1.321022e+00
6.268373e-01 -8.627738e-01 -1.322948e+00
6.269373e-01 -8.585544e-01 -1.324857e+00
6.270373e-01 -8.004941e-01 -1.326746e+00
6.271373e-01 -8.110148e-01 -1.328615e+00
6.272373e-01 -7.435464e-01 -1.330462e+00
6.273373e-01 -7.838098e-01 -1.332285e+00
6.274373e-01 -8.181876e-01 -1.334083e+00
6.275372e-01 -7.975754e-01 -1.335856e+00
6.276372e-01 -8.163857e-01 -1.337602e+00
6.277372e-01 -8.466711e-01 -1.339320e+00
6.278372e-01 -8.668202e-01 -1.341010e+00
6.279372e-01 -8.677022e-01 -1.342671e+00
6.280372e-01 -8.464599e-01 -1.344304e+00
6.281372e-01 -7.480747e-01 -1.345906e+00
6.282372e-01 -8.346556e-01 -1.347480e+00
6.283372e-01 -7.206835e-01 -1.349023e+00
6.284372e-01 -7.550864e-01 -1.350536e+00
6.285371e-01 -7.764853e-01 -1.352021e+00
6.286371e-01 -7.827518e-01 -1.353475e+00
6.287371e-01 -8.760752e-01 -1.354901e+00
6.288371e-01 -7.524235e-01 -1.356298e+00
6.289371e-01 -7.429812e-01 -1.357666e+00
6.290371e-01 -8.287620e-01 -1.359007e+00
6.291371e-01 -7.449551e-01 -1.360321e+00
6.292371e-01 -7.586632e-01 -1.361608e+00
6.293371e-01 -8.618768e-01 -1.362870e+00
6.294371e-01 -7.380242e-01 -1.364106e+00
6.295370e-01 -7.579309e-01 -1.365318e+00
6.296370e-01 -8.262561e-01 -1.366507e+00
6.297370e-01 -7.262740e-01 -1.367673e+00
6.298370e-01 -7.967637e-01 -1.368817e+00
6.299370e-01 -7.982114e-01 -1.369940e+00
6.300370e-01 -6.448846e-01 -1.371043e+00
6.301370e-01 -7.124364e-01 -1.372127e+00
6.302370e-01 -7.394476e-01 -1.373192e+00
6.303370e-01 -7.589798e-01 -1.374240e+00
6.304370e-01 -7.147592e-01 -1.375272e+00
6.305369e-01 -6.779366e-01 -1.376288e+00
6.306369e-01 -6.177175e-01 -1.377289e+00
6.307369e-01 -5.944709e-01 -1.378276e+00
6.308369e-01 -6.827606e-01 -1.379250e+00
6.309369e-01 -6.870691e-01 -1.380211e+00
6.310369e-01 -5.840015e-01 -1.381161e+00
6.311369e-01 -6.374837e-01 -1.382100e+00
6.312369e-01 -6.725141e-01 -1.383029e+00
6.313369e-01 -6.576862e-01 -1.383948e+00
6.314369e-01 -6.516734e-01 -1.384858e+00
6.315368e-01 -6.015638e-01 -1.385760e+00
6.316368e-01 -6.372295e-01 -1.386654e+00
6.317368e-01 -6.452283e-01 -1.387541e+00
6.318368e-01 -6.088079e-01 -1.388420e+00
6.319368e-01 -6.118336e-01 -1.389293e+00
6.320368e-01 -4.998471e-01 -1.390160e+00
6.321368e-01 -7.110530e-01 -1.391021e+00
6.322368e-01 -6.307828e-01 -1.391876e+00
6.323368e-01 -6.130606e-01 -1.392726e+00
6.324368e-01 -6.848629e-01 -1.393570e+00
6.325367e-01 -6.048074e-01 -1.394409e+00
6.326367e-01 -6.067764e-01 -1.395243e+00
6.327367e-01 -6.357507e-01 -1.396072e+00
6.328367e-01 -6.174656e-01 -1.396895e+00
6.329367e-01 -5.838522e-01 -1.397713e+00
6.330367e-01 -5.998065e-01 -1.398526e+00
6.331367e-01 -6.092591e-01 -1.399332e+00
6.332367e-01 -5.956072e-01 -1.400133e+00
6.333367e-01 -6.250545e-01 -1.400927e+00
6.334367e-01 -6.459547e-01 -1.401715e+00
6.335366e-01 -5.953131e-01 -1.402495e+00
6.336366e-01 -6.386559e-01 -1.403269e+00
6.337366e-01 -6.775247e-01 -1.404034e+00
6.338366e-01 -6.247468e-01 -1.404791e+00
6.339366e-01 -5.788485e-01 -1.405539e+00
6.340366e-01 -7.357312e-01 -1.406277e+00
6.341366e-01 -7.743561e-01 -1.407006e+00
6.342366e-01 -7.000983e-01 -1.407724e+00
6.343366e-01 -6.549765e-01 -1.408430e+00
6.344366e-01 -7.334055e-01 -1.409125e+00
6.345365e-01 -7.099423e-01 -1.409807e+00
6.346365e-01 -6.602654e-01 -1.410475e+00
6.347365e-01 -9.021438e-01 -1.411130e+00
6.348365e-01 -7.199607e-01 -1.411770e+00
6.349365e-01 -7.354147e-01 -1.412394e+00
6.350365e-01 -6.697795e-01 -1.413002e+00
6.351365e-01 -7.574784e-01 -1.413593e+00
6.352365e-01 -8.188778e-01 -1.414166e+00
6.353365e-01 -7.678989e-01 -1.414721e+00
6.354365e-01 -8.312161e-01 -1.415257e+00
6.355364e-01 -7.826533e-01 -1.415773e+00
6.356364e-01 -7.717732e-01 -1.416268e+00
6.357364e-01 -7.751028e-01 -1.416742e+00
6.358364e-01 -8.397267e-01 -1.417195e+00
6.359364e-01 -7.987504e-01 -1.417624e+00
6.360364e-01 -7.928488e-01 -1.418031e+00
6.361364e-01 -8.687603e-01 -1.418414e+00
6.362364e-01 -8.713663e-01 -1.418772e+00
6.363364e-01 -9.007935e-01 -1.419106e+00
6.364364e-01 -8.591638e-01 -1.419415e+00
6.365363e-01 -8.164246e-01 -1.419698e+00
6.366363e-01 -8.236421e-01 -1.419955e+00
6.367363e-01 -8.738724e-01 -1.420185e+00
6.368363e-01 -9.058109e-01 -1.420389e+00
6.369363e-01 -9.262569e-01 -1.420565e+00
6.370363e-01 -8.228934e-01 -1.420715e+00
6.371363e-01 -8.489229e-01 -1.420837e+00
6.372363e-01 -7.743526e-01 -1.420932e+00
6.373363e-01 -8.243193e-01 -1.420999e+00
6.374363e-01 -9.322662e-01 -1.421039e+00
6.375362e-01 -8.265605e-01 -1.421051e+00
6.376362e-01 -8.154627e-01 -1.421036e+00
6.377362e-01 -8.207033e-01 -1.420995e+00
6.378362e-01 -9.329684e-01 -1.420926e+00
6.379362e-01 -8.394559e-01 -1.420831e+00
6.380362e-01 -8.947414e-01 -1.420710e+00
6.381362e-01 -9.372158e-01 -1.420563e+00
6.382362e-01 -8.287601e-01 -1.420391e+00
6.383362e-01 -8.699922e-01 -1.420195e+00
6.384362e-01 -7.812204e-01 -1.419975e+00
6.385361e-01 -7.960685e-01 -1.419732e+00
6.386361e-01 -8.074937e-01 -1.419466e+00
6.387361e-01 -7.714574e-01 -1.419179e+00
6.388361e-01 -7.868505e-01 -1.418872e+00
6.389361e-01 -9.176187e-01 -1.418544e+00
6.390361e-01 -7.513020e-01 -1.418198e+00
6.391361e-01 -8.209259e-01 -1.417834e+00
6.392361e-01 -8.595401e-01 -1.417454e+00
6.393361e-01 -8.167919e-01 -1.417058e+00
6.394361e-01 -7.798322e-01 -1.416648e+00
6.395360e-01 -7.442950e-01 -1.416225e+00
6.396360e-01 -8.104437e-01 -1.415790e+00
6.397360e-01 -8.057698e-01 -1.415345e+00
6.398360e-01 -7.898422e-01 -1.414891e+00
6.399360e-01 -7.521772e-01 -1.414429e+00
6.400360e-01 -7.872457e-01 -1.413961e+00
6.401360e-01 -6.863991e-01 -1.413489e+00
6.402360e-01 -7.573491e-01 -1.413013e+00
6.403360e-01 -7.919566e-01 -1.412536e+00
6.404360e-01 -7.798292e-01 -1.412058e+00
6.405359e-01 -6.843743e-01 -1.411582e+00
6.406359e-01 -7.049797e-01 -1.411108e+00
6.407359e-01 -6.738489e-01 -1.410639e+00
6.408359e-01 -6.906093e-01 -1.410176e+00
6.409359e-01 -7.476362e-01 -1.409720e+00
6.410359e-01 -7.352173e-01 -1.409274e+00
6.411359e-01 -6.615796e-01 -1.408838e+00
6.412359e-01 -7.842781e-01 -1.408415e+00
6.413359e-01 -6.752638e-01 -1.408005e+00
6.414359e-01 -7.260253e-01 -1.407610e+00
6.415358e-01 -7.284695e-01 -1.407232e+00
6.416358e-01 -6.380231e-01 -1.406873e+00
6.417358e-01 -7.497887e-01 -1.406533e+00
6.418358e-01 -6.901940e-01 -1.406214e+00
6.419358e-01 -6.760619e-01 -1.405917e+00
6.420358e-01 -6.446973e-01 -1.405644e+00
6.421358e-01 -7.348419e-01 -1.405397e+00
6.422358e-01 -7.026358e-01 -1.405176e+00
6.423358e-01 -6.917267e-01 -1.404982e+00
6.424358e-01 -6.050755e-01 -1.404818e+00
6.425357e-01 -7.536531e-01 -1.404683e+00
6.426357e-01 -7.724165e-01 -1.404580e+00
6.427357e-01 -6.058302e-01 -1.404508e+00
6.428357e-01 -7.320886e-01 -1.404471e+00
6.429357e-01 -6.880320e-01 -1.404467e+00
6.430357e-01 -6.394944e-01 -1.404498e+00
6.431357e-01 -7.432036e-01 -1.404566e+00
6.432357e-01 -7.423957e-01 -1.404670e+00
6.433357e-01 -6.712735e-01 -1.404813e+00
6.434357e-01 -6.515603e-01 -1.404993e+00
6.435356e-01 -7.235877e-01 -1.405213e+00
6.436356e-01 -7.178618e-01 -1.405472e+00
6.437356e-01 -6.070669e-01 -1.405771e+00
6.438356e-01 -7.069749e-01 -1.406111e+00
6.439356e-01 -7.326319e-01 -1.406492e+00
6.440356e-01 -7.220774e-01 -1.406915e+00
6.441356e-01 -6.689321e-01 -1.407380e+00
6.442356e-01 -6.428830e-01 -1.407887e+00
6.443356e-01 -7.893662e-01 -1.408436e+00
6.444356e-01 -8.036790e-01 -1.409028e+00
6.445355e-01 -6.839089e-01 -1.409663e+00
6.446355e-01 -8.566267e-01 -1.410341e+00
6.447355e-01 -7.489463e-01 -1.411062e+00
6.448355e-01 -7.454330e-01 -1.411826e+00
6.449355e-01 -7.442647e-01 -1.412632e+00
6.450355e-01 -7.831294e-01 -1.413482e+00
6.451355e-01 -8.251048e-01 -1.414374e+00
6.452355e-01 -8.355138e-01 -1.415309e+00
6.453355e-01 -9.016104e-01 -1.416286e+00
6.454355e-01 -8.911970e-01 -1.417305e+00
6.455354e-01 -9.646905e-01 -1.418366e+00
6.456354e-01 -7.868939e-01 -1.419469e+00
6.457354e-01 -7.785557e-01 -1.420612e+00
6.458354e-01 -8.463929e-01 -1.421797e+00
6.459354e-01 -8.660466e-01 -1.423021e+00
6.460354e-01 -8.194116e-01 -1.424285e+00
6.461354e-01 -8.712837e-01 -1.425589e+00
6.462354e-01 -8.100456e-01 -1.426931e+00
6.463354e-01 -9.280261e-01 -1.428312e+00
6.464354e-01 -9.171638e-01 -1.429730e+00
6.465353e-01 -8.461201e-01 -1.431185e+00
6.466353e-01 -8.267638e-01 -1.432677e+00
6.467353e-01 -8.344982e-01 -1.434204e+00
6.468353e-01 -8.797907e-01 -1.435766e+00
6.469353e-01 -8.596826e-01 -1.437363e+00
6.470353e-01 -8.185871e-01 -1.438994e+00
6.471353e-01 -9.157267e-01 -1.440657e+00
6.472353e-01 -9.698375e-01 -1.442353e+00
6.473353e-01 -8.415383e-01 -1.444080e+00
6.474353e-01 -9.265218e-01 -1.445837e+00
6.475352e-01 -9.275166e-01 -1.447625e+00
6.476352e-01 -9.047134e-01 -1.449441e+00
6.477352e-01 -9.457618e-01 -1.451286e+00
6.478352e-01 -7.856365e-01 -1.453158e+00
6.479352e-01 -8.302792e-01 -1.455057e+00
6.480352e-01 -9.143392e-01 -1.456981e+00
6.481352e-01 -8.890874e-01 -1.458930e+00
6.482352e-01 -9.125257e-01 -1.460903e+00
6.483352e-01 -8.655718e-01 -1.462899e+00
6.484352e-01 -9.645049e-01 -1.464917e+00
6.485351e-01 -8.811014e-01 -1.466957e+00
6.486351e-01 -9.623769e-01 -1.469017e+00
6.487351e-01 -8.683456e-01 -1.471096e+00
6.488351e-01 -8.280925e-01 -1.473194e+00
6.489351e-01 -8.602443e-01 -1.475309e+00
6.490351e-01 -8.625656e-01 -1.477442e+00
6.491351e-01 -9.068924e-01 -1.479590e+00
6.492351e-01 -8.693837e-01 -1.481753e+00
6.493351e-01 -8.175463e-01 -1.483929e+00
6.494351e-01 -8.351573e-01 -1.486119e+00
6.495350e-01 -8.307651e-01 -1.488321e+00
6.496350e-01 -8.747511e-01 -1.490534e+00
6.497350e-01 -8.591791e-01 -1.492757e+00
6.498350e-01 -7.814697e-01 -1.494990e+00
6.499350e-01 -7.553248e-01 -1.497231e+00
6.500350e-01 -9.058587e-01 -1.499479e+00
6.501350e-01 -8.355510e-01 -1.501733e+00
6.502350e-01 -8.102556e-01 -1.503993e+00
6.503350e-01 -7.177750e-01 -1.506258e+00
6.504350e-01 -8.449760e-01 -1.508526e+00
6.505349e-01 -7.346673e-01 -1.510797e+00
6.506349e-01 -7.301892e-01 -1.513070e+00
6.507349e-01 -8.268427e-01 -1.515343e+00
6.508349e-01 -7.251504e-01 -1.517616e+00
6.509349e-01 -8.347439e-01 -1.519889e+00
6.510349e-01 -7.583008e-01 -1.522159e+00
6.511349e-01 -6.967830e-01 -1.524426e+00
6.512349e-01 -7.672177e-01 -1.526689e+00
6.513349e-01 -7.625411e-01 -1.528948e+00
6.514349e-01 -7.067834e-01 -1.531201e+00
6.515348e-01 -7.337689e-01 -1.533447e+00
6.516348e-01 -7.691882e-01 -1.535686e+00
6.517348e-01 -7.065995e-01 -1.537916e+00
6.518348e-01 -7.218353e-01 -1.540137e+00
6.519348e-01 -7.442431e-01 -1.542348e+00
6.520348e-01 -7.948604e-01 -1.544547e+00
6.521348e-01 -7.750807e-01 -1.546735e+00
6.522348e-01 -6.974930e-01 -1.548910e+00
6.523348e-01 -7.009523e-01 -1.551071e+00
6.524348e-01 -7.405762e-01 -1.553217e+00
6.525347e-01 -7.950490e-01 -1.555349e+00
6.526347e-01 -7.848769e-01 -1.557464e+00
6.527347e-01 -7.773167e-01 -1.559562e+00
6.528347e-01 -6.771646e-01 -1.561642e+00
6.529347e-01 -6.892871e-01 -1.563703e+00
6.530347e-01 -7.505808e-01 -1.565745e+00
6.531347e-01 -7.293145e-01 -1.567767e+00
6.532347e-01 -8.036747e-01 -1.569768e+00
6.533347e-01 -6.562233e-01 -1.571747e+00
6.534347e-01 -6.973370e-01 -1.573704e+00
6.535346e-01 -7.945956e-01 -1.575639e+00
6.536346e-01 -7.031512e-01 -1.577549e+00
6.537346e-01 -7.558306e-01 -1.579435e+00
6.538346e-01 -7.193886e-01 -1.581296e+00
6.539346e-01 -7.080452e-01 -1.583132e+00
6.540346e-01 -6.545899e-01 -1.584942e+00
6.541346e-01 -7.708208e-01 -1.586725e+00
6.542346e-01 -7.633058e-01 -1.588482e+00
6.543346e-01 -8.528037e-01 -1.590211e+00
6.544346e-01 -8.338903e-01 -1.591912e+00
6.545345e-01 -8.123037e-01 -1.593584e+00
6.546345e-01 -8.682661e-01 -1.595229e+00
6.547345e-01 -8.065023e-01 -1.596844e+00
6.548345e-01 -7.618703e-01 -1.598430e+00
6.549345e-01 -8.952762e-01 -1.599987e+00
6.550345e-01 -8.232714e-01 -1.601514e+00
6.551345e-01 -8.964346e-01 -1.603012e+00
6.552345e-01 -8.626852e-01 -1.604480e+00
6.553345e-01 -7.996564e-01 -1.605919e+00
6.554345e-01 -8.606561e-01 -1.607328e+00
6.555344e-01 -8.300740e-01 -1.608707e+00
6.556344e-01 -9.192492e-01 -1.610057e+00
6.557344e-01 -8.736497e-01 -1.611379e+00
6.558344e-01 -8.316875e-01 -1.612671e+00
6.559344e-01 -8.824590e-01 -1.613935e+00
6.560344e-01 -9.566013e-01 -1.615172e+00
6.561344e-01 -8.586947e-01 -1.616381e+00
6.562344e-01 -7.837798e-01 -1.617563e+00
6.563344e-01 -8.653663e-01 -1.618720e+00
6.564344e-01 -9.403847e-01 -1.619851e+00
6.565343e-01 -9.208628e-01 -1.620957e+00
6.566343e-01 -9.761420e-01 -1.622040e+00
6.567343e-01 -8.955135e-01 -1.623101e+00
6.568343e-01 -9.451424e-01 -1.624140e+00
6.569343e-01 -9.504420e-01 -1.625158e+00
6.570343e-01 -9.298803e-01 -1.626158e+00
6.571343e-01 -9.736341e-01 -1.627140e+00
6.572343e-01 -8.574062e-01 -1.628106e+00
6.573343e-01 -8.999025e-01 -1.629058e+00
6.574343e-01 -9.361456e-01 -1.629996e+00
6.575342e-01 -8.307687e-01 -1.630923e+00
6.576342e-01 -8.722967e-01 -1.631841e+00
6.577342e-01 -9.401087e-01 -1.632751e+00
6.578342e-01 -9.588345e-01 -1.633655e+00
6.579342e-01 -9.577744e-01 -1.634556e+00
6.580342e-01 -1.030165e+00 -1.635456e+00
6.581342e-01 -9.142862e-01 -1.636356e+00
6.582342e-01 -9.143902e-01 -1.637260e+00
6.583342e-01 -9.115348e-01 -1.638170e+00
6.584342e-01 -9.068713e-01 -1.639088e+00
6.585341e-01 -8.931010e-01 -1.640017e+00
6.586341e-01 -7.646818e-01 -1.640959e+00
6.587341e-01 -8.062905e-01 -1.641917e+00
6.588341e-01 -9.068629e-01 -1.642895e+00
6.589341e-01 -8.695492e-01 -1.643895e+00
6.590341e-01 -9.106611e-01 -1.644919e+00
6.591341e-01 -9.957027e-01 -1.645972e+00
6.592341e-01 -8.809393e-01 -1.647055e+00
6.593341e-01 -9.237360e-01 -1.648173e+00
6.594341e-01 -9.241831e-01 -1.649327e+00
6.595340e-01 -9.134848e-01 -1.650522e+00
6.596340e-01 -8.547674e-01 -1.651761e+00
6.597340e-01 -8.269762e-01 -1.653046e+00
6.598340e-01 -8.106210e-01 -1.654382e+00
6.599340e-01 -8.756358e-01 -1.655770e+00
6.600340e-01 -8.422143e-01 -1.657215e+00
6.601340e-01 -9.098816e-01 -1.658719e+00
6.602340e-01 -9.234031e-01 -1.660286e+00
6.603340e-01 -8.399757e-01 -1.661919e+00
6.604340e-01 -8.381674e-01 -1.663621e+00
6.605339e-01 -7.938521e-01 -1.665394e+00
6.606339e-01 -8.440205e-01 -1.667243e+00
6.607339e-01 -6.823513e-01 -1.669169e+00
6.608339e-01 -8.305809e-01 -1.671176e+00
6.609339e-01 -8.222898e-01 -1.673266e+00
6.610339e-01 -7.396404e-01 -1.675442e+00
6.611339e-01 -7.721422e-01 -1.677706e+00
6.612339e-01 -7.856894e-01 -1.680061e+00
6.613339e-01 -7.686158e-01 -1.682509e+00
6.614339e-01 -8.282525e-01 -1.685051e+00
6.615338e-01 -7.453640e-01 -1.687689e+00
6.616338e-01 -6.934267e-01 -1.690427e+00
6.617338e-01 -7.713649e-01 -1.693263e+00
6.618338e-01 -8.611243e-01 -1.696201e+00
6.619338e-01 -7.076299e-01 -1.699240e+00
6.620338e-01 -6.967803e-01 -1.702383e+00
6.621338e-01 -7.457996e-01 -1.705629e+00
6.622338e-01 -7.617551e-01 -1.708978e+00
6.623338e-01 -7.681045e-01 -1.712431e+00
6.624338e-01 -6.665214e-01 -1.715988e+00
6.625337e-01 -7.889950e-01 -1.719647e+00
6.626337e-01 -6.973011e-01 -1.723409e+00
6.627337e-01 -7.176190e-01 -1.727272e+00
6.628337e-01 -7.944033e-01 -1.731235e+00
6.629337e-01 -7.695310e-01 -1.735296e+00
6.630337e-01 -8.119753e-01 -1.739453e+00
6.631337e-01 -7.654694e-01 -1.743704e+00
6.632337e-01 -8.344118e-01 -1.748046e+00
6.633337e-01 -6.850592e-01 -1.752476e+00
6.634337e-01 -7.722205e-01 -1.756991e+00
6.635336e-01 -6.947363e-01 -1.761588e+00
6.636336e-01 -7.565511e-01 -1.766262e+00
6.637336e-01 -7.420214e-01 -1.771009e+00
6.638336e-01 -8.178945e-01 -1.775825e+00
6.639336e-01 -7.996797e-01 -1.780704e+00
6.640336e-01 -7.695927e-01 -1.785642e+00
6.641336e-01 -8.567668e-01 -1.790633e+00
6.642336e-01 -8.342511e-01 -1.795672e+00
6.643336e-01 -8.887966e-01 -1.800752e+00
6.644336e-01 -9.058280e-01 -1.805867e+00
6.645335e-01 -8.752027e-01 -1.811010e+00
6.646335e-01 -8.984990e-01 -1.816176e+00
6.647335e-01 -9.199567e-01 -1.821355e+00
6.648335e-01 -9.698207e-01 -1.826543e+00
6.649335e-01 -8.579537e-01 -1.831730e+00
6.650335e-01 -8.665173e-01 -1.836910e+00
6.651335e-01 -8.100857e-01 -1.842075e+00
6.652335e-01 -8.572396e-01 -1.847216e+00
6.653335e-01 -8.955180e-01 -1.852327e+00
6.654335e-01 -8.668034e-01 -1.857398e+00
6.655334e-01 -8.866221e-01 -1.862422e+00
6.656334e-01 -8.813510e-01 -1.867391e+00
6.657334e-01 -9.187982e-01 -1.872297e+00
6.658334e-01 -9.199509e-01 -1.877131e+00
6.659334e-01 -9.496241e-01 -1.881885e+00
6.660334e-01 -9.521017e-01 -1.886552e+00
6.661334e-01 -9.427224e-01 -1.891124e+00
6.662334e-01 -9.138666e-01 -1.895592e+00
6.663334e-01 -9.805655e-01 -1.899949e+00
6.664334e-01 -8.818338e-01 -1.904188e+00
6.665333e-01 -8.916081e-01 -1.908301e+00
6.666333e-01 -8.428658e-01 -1.912282e+00
6.667333e-01 -1.079853e+00 -1.916124e+00
6.668333e-01 -9.920055e-01 -1.919820e+00
6.669333e-01 -9.487376e-01 -1.923364e+00
6.670333e-01 -1.056468e+00 -1.926751e+00
6.671333e-01 -1.075130e+00 -1.929974e+00
6.672333e-01 -8.788718e-01 -1.933030e+00
6.673333e-01 -9.703938e-01 -1.935913e+00
6.674333e-01 -9.278917e-01 -1.938619e+00
6.675332e-01 -9.764897e-01 -1.941144e+00
6.676332e-01 -1.004014e+00 -1.943486e+00
6.677332e-01 -9.416642e-01 -1.945642e+00
6.678332e-01 -1.004031e+00 -1.947609e+00
6.679332e-01 -9.077222e-01 -1.949386e+00
6.680332e-01 -9.394031e-01 -1.950971e+00
6.681332e-01 -8.705372e-01 -1.952365e+00
6.682332e-01 -8.892335e-01 -1.953567e+00
6.683332e-01 -9.543413e-01 -1.954578e+00
6.684332e-01 -1.011064e+00 -1.955400e+00
6.685331e-01 -1.026739e+00 -1.956034e+00
6.686331e-01 -9.798002e-01 -1.956484e+00
6.687331e-01 -9.413426e-01 -1.956753e+00
6.688331e-01 -8.547344e-01 -1.956844e+00
6.689331e-01 -8.927693e-01 -1.956763e+00
6.690331e-01 -9.096978e-01 -1.956515e+00
6.691331e-01 -8.568630e-01 -1.956106e+00
6.692331e-01 -8.804231e-01 -1.955544e+00
6.693331e-01 -9.071287e-01 -1.954835e+00
6.694331e-01 -8.737605e-01 -1.953989e+00
6.695330e-01 -8.692585e-01 -1.953014e+00
6.696330e-01 -9.217899e-01 -1.951921e+00
6.697330e-01 -9.248201e-01 -1.950720e+00
6.698330e-01 -8.697236e-01 -1.949422e+00
6.699330e-01 -9.150576e-01 -1.948040e+00
6.700330e-01 -8.911332e-01 -1.946586e+00
6.701330e-01 -9.599859e-01 -1.945074e+00
6.702330e-01 -9.484078e-01 -1.943517e+00
6.703330e-01 -7.550969e-01 -1.941932e+00
6.704330e-01 -8.474524e-01 -1.940333e+00
6.705329e-01 -8.649336e-01 -1.938736e+00
6.706329e-01 -8.163605e-01 -1.937158e+00
6.707329e-01 -8.943596e-01 -1.935617e+00
6.708329e-01 -8.502729e-01 -1.934130e+00
6.709329e-01 -8.275067e-01 -1.932715e+00
6.710329e-01 -7.678241e-01 -1.931391e+00
6.711329e-01 -8.759161e-01 -1.930176e+00
6.712329e-01 -8.663201e-01 -1.929091e+00
6.713329e-01 -8.105846e-01 -1.928154e+00
6.714329e-01 -7.380191e-01 -1.927385e+00
6.715328e-01 -7.726156e-01 -1.926804e+00
6.716328e-01 -8.706305e-01 -1.926430e+00
6.717328e-01 -8.689557e-01 -1.926282e+00
6.718328e-01 -8.490840e-01 -1.926380e+00
6.719328e-01 -8.453812e-01 -1.926742e+00
6.720328e-01 -8.156994e-01 -1.927386e+00
6.721328e-01 -7.800523e-01 -1.928331e+00
6.722328e-01 -8.453757e-01 -1.929592e+00
6.723328e-01 -7.460635e-01 -1.931186e+00
6.724328e-01 -7.658703e-01 -1.933127e+00
6.725327e-01 -7.996078e-01 -1.935429e+00
6.726327e-01 -7.425472e-01 -1.938105e+00
6.727327e-01 -7.759846e-01 -1.941164e+00
6.728327e-01 -7.257582e-01 -1.944615e+00
6.729327e-01 -7.970758e-01 -1.948467e+00
6.730327e-01 -7.956541e-01 -1.952723e+00
6.731327e-01 -7.757153e-01 -1.957388e+00
6.732327e-01 -8.554392e-01 -1.962461e+00
6.733327e-01 -7.942598e-01 -1.967942e+00
6.734327e-01 -7.947253e-01 -1.973826e+00
6.735326e-01 -7.043829e-01 -1.980107e+00
6.736326e-01 -8.347223e-01 -1.986776e+00
6.737326e-01 -8.056516e-01 -1.993822e+00
6.738326e-01 -8.563156e-01 -2.001231e+00
6.739326e-01 -8.156011e-01 -2.008985e+00
6.740326e-01 -8.084791e-01 -2.017066e+00
6.741326e-01 -8.842840e-01 -2.025451e+00
6.742326e-01 -8.023545e-01 -2.034118e+00
6.743326e-01 -8.547375e-01 -2.043040e+00
6.744326e-01 -8.584255e-01 -2.052189e+00
6.745325e-01 -8.985615e-01 -2.061535e+00
6.746325e-01 -8.872058e-01 -2.071047e+00
6.747325e-01 -8.786779e-01 -2.080691e+00
6.748325e-01 -8.846706e-01 -2.090434e+00
6.749325e-01 -8.649013e-01 -2.100241e+00
6.750325e-01 -8.514072e-01 -2.110078e+00
6.751325e-01 -8.852160e-01 -2.119907e+00
6.752325e-01 -8.500748e-01 -2.129695e+00
6.753325e-01 -9.332749e-01 -2.139406e+00
6.754325e-01 -8.747394e-01 -2.149005e+00
6.755324e-01 -9.422563e-01 -2.158460e+00
6.756324e-01 -9.290302e-01 -2.167738e+00
6.757324e-01 -9.471563e-01 -2.176808e+00
6.758324e-01 -9.553813e-01 -2.185641e+00
6.759324e-01 -9.602448e-01 -2.194210e+00
6.760324e-01 -1.050473e+00 -2.202489e+00
6.761324e-01 -1.039542e+00 -2.210455e+00
6.762324e-01 -8.644140e-01 -2.218087e+00
6.763324e-01 -9.580385e-01 -2.225367e+00
6.764324e-01 -1.012796e+00 -2.232278e+00
6.765323e-01 -9.902045e-01 -2.238806e+00
6.766323e-01 -1.091013e+00 -2.244940e+00
6.767323e-01 -1.089810e+00 -2.250671e+00
6.768323e-01 -9.990818e-01 -2.255993e+00
6.769323e-01 -9.923282e-01 -2.260901e+00
6.770323e-01 -9.543074e-01 -2.265392e+00
6.771323e-01 -1.005676e+00 -2.269467e+00
6.772323e-01 -1.003812e+00 -2.273127e+00
6.773323e-01 -9.406925e-01 -2.276377e+00
6.774323e-01 -1.026241e+00 -2.279221e+00
6.775322e-01 -1.044435e+00 -2.281668e+00
6.776322e-01 -9.101908e-01 -2.283726e+00
6.777322e-01 -1.012606e+00 -2.285405e+00
6.778322e-01 -1.011957e+00 -2.286716e+00
6.779322e-01 -1.068146e+00 -2.287672e+00
6.780322e-01 -9.945280e-01 -2.288287e+00
6.781322e-01 -1.008503e+00 -2.288574e+00
6.782322e-01 -9.707333e-01 -2.288550e+00
6.783322e-01 -9.596778e-01 -2.288229e+00
6.784322e-01 -9.885530e-01 -2.287629e+00
6.785321e-01 -1.011918e+00 -2.286766e+00
6.786321e-01 -9.640388e-01 -2.285658e+00
6.787321e-01 -9.915971e-01 -2.284322e+00
6.788321e-01 -1.016787e+00 -2.282777e+00
6.789321e-01 -9.590252e-01 -2.281040e+00
6.790321e-01 -9.670779e-01 -2.279130e+00
6.791321e-01 -9.697245e-01 -2.277066e+00
6.792321e-01 -9.735910e-01 -2.274866e+00
6.793321e-01 -9.270900e-01 -2.272548e+00
6.794321e-01 -9.201665e-01 -2.270132e+00
6.795320e-01 -8.777949e-01 -2.267636e+00
6.796320e-01 -9.017457e-01 -2.265078e+00
6.797320e-01 -1.029286e+00 -2.262477e+00
6.798320e-01 -1.001219e+00 -2.259851e+00
6.799320e-01 -8.715425e-01 -2.257219e+00
6.800320e-01 -8.758826e-01 -2.254599e+00
6.801320e-01 -9.005602e-01 -2.252009e+00
6.802320e-01 -9.433989e-01 -2.249467e+00
6.803320e-01 -9.709258e-01 -2.246991e+00
6.804320e-01 -8.226460e-01 -2.244598e+00
6.805319e-01 -8.575967e-01 -2.242307e+00
6.806319e-01 -8.801335e-01 -2.240133e+00
6.807319e-01 -8.966745e-01 -2.238096e+00
6.808319e-01 -9.109999e-01 -2.236210e+00
6.809319e-01 -8.711447e-01 -2.234494e+00
6.810319e-01 -8.926037e-01 -2.232963e+00
6.811319e-01 -9.185753e-01 -2.231633e+00
6.812319e-01 -8.845525e-01 -2.230521e+00
6.813319e-01 -8.617869e-01 -2.229642e+00
6.814319e-01 -8.178110e-01 -2.229010e+00
6.815318e-01 -8.464228e-01 -2.228640e+00
6.816318e-01 -7.605728e-01 -2.228547e+00
6.817318e-01 -9.035656e-01 -2.228743e+00
6.818318e-01 -7.972270e-01 -2.229242e+00
6.819318e-01 -8.341597e-01 -2.230055e+00
6.820318e-01 -7.758799e-01 -2.231194e+00
6.821318e-01 -8.303232e-01 -2.232669e+00
6.822318e-01 -8.106990e-01 -2.234491e+00
6.823318e-01 -7.846544e-01 -2.236667e+00
6.824318e-01 -6.998917e-01 -2.239205e+00
6.825317e-01 -8.662566e-01 -2.242112e+00
6.826317e-01 -8.199367e-01 -2.245392e+00
6.827317e-01 -8.804761e-01 -2.249051e+00
6.828317e-01 -8.375856e-01 -2.253089e+00
6.829317e-01 -8.861676e-01 -2.257508e+00
6.830317e-01 -8.771742e-01 -2.262309e+00
6.831317e-01 -8.205718e-01 -2.267487e+00
6.832317e-01 -8.086524e-01 -2.273040e+00
6.833317e-01 -7.458330e-01 -2.278963e+00
6.834317e-01 -7.809657e-01 -2.285247e+00
6.835316e-01 -8.391243e-01 -2.291884e+00
6.836316e-01 -8.503277e-01 -2.298864e+00
6.837316e-01 -8.683134e-01 -2.306172e+00
6.838316e-01 -8.307046e-01 -2.313796e+00
6.839316e-01 -7.934459e-01 -2.321718e+00
6.840316e-01 -8.631023e-01 -2.329921e+00
6.841316e-01 -8.765779e-01 -2.338386e+00
6.842316e-01 -9.015093e-01 -2.347090e+00
6.843316e-01 -8.528433e-01 -2.356012e+00
6.844316e-01 -8.212653e-01 -2.365127e+00
6.845315e-01 -9.655614e-01 -2.374410e+00
6.846315e-01 -8.581798e-01 -2.383835e+00
6.847315e-01 -8.698569e-01 -2.393375e+00
6.848315e-01 -9.648045e-01 -2.403000e+00
6.849315e-01 -9.721060e-01 -2.412683e+00
6.850315e-01 -9.088298e-01 -2.422394e+00
6.851315e-01 -9.440805e-01 -2.432103e+00
6.852315e-01 -9.031761e-01 -2.441781e+00
6.853315e-01 -8.905779e-01 -2.451399e+00
6.854315e-01 -9.787350e-01 -2.460927e+00
6.855314e-01 -9.436150e-01 -2.470338e+00
6.856314e-01 -9.637781e-01 -2.479602e+00
6.857314e-01 -1.093952e+00 -2.488692e+00
6.858314e-01 -9.183165e-01 -2.497584e+00
6.859314e-01 -9.748949e-01 -2.506252e+00
6.860314e-01 -9.615055e-01 -2.514671e+00
6.861314e-01 -9.785991e-01 -2.522821e+00
6.862314e-01 -1.045058e+00 -2.530681e+00
6.863314e-01 -9.776710e-01 -2.538231e+00
6.864314e-01 -1.020067e+00 -2.545454e+00
6.865313e-01 -1.030445e+00 -2.552336e+00
6.866313e-01 -9.464821e-01 -2.558861e+00
6.867313e-01 -1.062053e+00 -2.565019e+00
6.868313e-01 -1.001879e+00 -2.570800e+00
6.869313e-01 -1.034323e+00 -2.576195e+00
6.870313e-01 -9.760414e-01 -2.581198e+00
6.871313e-01 -9.530409e-01 -2.585805e+00
6.872313e-01 -1.119706e+00 -2.590013e+00
6.873313e-01 -1.060419e+00 -2.593821e+00
6.874313e-01 -1.036622e+00 -2.597230e+00
6.875312e-01 -1.042842e+00 -2.600242e+00
6.876312e-01 -1.059867e+00 -2.602861e+00
6.877312e-01 -9.890084e-01 -2.605092e+00
6.878312e-01 -1.055731e+00 -2.606943e+00
6.879312e-01 -1.022449e+00 -2.608421e+00
6.880312e-01 -9.804002e-01 -2.609535e+00
6.881312e-01 -1.000683e+00 -2.610297e+00
6.882312e-01 -9.851558e-01 -2.610716e+00
6.883312e-01 -1.062876e+00 -2.610807e+00
6.884312e-01 -1.004148e+00 -2.610582e+00
6.885311e-01 -1.105578e+00 -2.610055e+00
6.886311e-01 -1.009242e+00 -2.609242e+00
6.887311e-01 -1.023719e+00 -2.608158e+00
6.888311e-01 -9.710171e-01 -2.606820e+00
6.889311e-01 -9.666848e-01 -2.605244e+00
6.890311e-01 -1.021035e+00 -2.603449e+00
6.891311e-01 -9.184568e-01 -2.601451e+00
6.892311e-01 -1.024682e+00 -2.599270e+00
6.893311e-01 -9.500966e-01 -2.596923e+00
6.894311e-01 -9.892582e-01 -2.594431e+00
6.895310e-01 -9.037394e-01 -2.591812e+00
6.896310e-01 -9.883524e-01 -2.589086e+00
6.897310e-01 -9.287106e-01 -2.586273e+00
6.898310e-01 -8.562680e-01 -2.583392e+00
6.899310e-01 -8.946141e-01 -2.580465e+00
6.900310e-01 -8.940361e-01 -2.577510e+00
6.901310e-01 -8.581981e-01 -2.574549e+00
6.902310e-01 -9.786114e-01 -2.571602e+00
6.903310e-01 -9.460673e-01 -2.568689e+00
6.904310e-01 -8.631811e-01 -2.565831e+00
6.905309e-01 -9.515818e-01 -2.563047e+00
6.906309e-01 -9.761679e-01 -2.560359e+00
6.907309e-01 -8.953000e-01 -2.557787e+00
6.908309e-01 -8.187101e-01 -2.555350e+00
6.909309e-01 -9.473500e-01 -2.553069e+00
6.910309e-01 -9.049039e-01 -2.550962e+00
6.911309e-01 -8.520273e-01 -2.549050e+00
6.912309e-01 -9.160096e-01 -2.547351e+00
6.913309e-01 -8.172091e-01 -2.545884e+00
6.914309e-01 -8.813526e-01 -2.544667e+00
6.915308e-01 -7.119069e-01 -2.543718e+00
6.916308e-01 -7.631529e-01 -2.543053e+00
6.917308e-01 -8.693015e-01 -2.542688e+00
6.918308e-01 -7.657980e-01 -2.542639e+00
6.919308e-01 -8.620056e-01 -2.542921e+00
6.920308e-01 -8.942898e-01 -2.543547e+00
6.921308e-01 -8.984555e-01 -2.544529e+00
6.922308e-01 -8.269324e-01 -2.545879e+00
6.923308e-01 -8.156130e-01 -2.547606e+00
6.924308e-01 -8.231369e-01 -2.549719e+00
6.925307e-01 -8.754145e-01 -2.552226e+00
6.926307e-01 -8.169593e-01 -2.555131e+00
6.927307e-01 -8.610613e-01 -2.558438e+00
6.928307e-01 -8.518685e-01 -2.562150e+00
6.929307e-01 -7.872533e-01 -2.566267e+00
6.930307e-01 -7.667970e-01 -2.570785e+00
6.931307e-01 -8.284311e-01 -2.575703e+00
6.932307e-01 -9.213056e-01 -2.581013e+00
6.933307e-01 -8.329867e-01 -2.586708e+00
6.934307e-01 -8.095010e-01 -2.592777e+00
6.935306e-01 -8.310924e-01 -2.599209e+00
6.936306e-01 -8.476622e-01 -2.605989e+00
6.937306e-01 -8.934346e-01 -2.613100e+00
6.938306e-01 -8.473930e-01 -2.620525e+00
6.939306e-01 -8.121528e-01 -2.628244e+00
6.940306e-01 -9.081805e-01 -2.636233e+00
6.941306e-01 -9.147803e-01 -2.644471e+00
6.942306e-01 -9.184473e-01 -2.652932e+00
6.943306e-01 -8.290312e-01 -2.661589e+00
6.944306e-01 -8.877079e-01 -2.670416e+00
6.945305e-01 -9.968603e-01 -2.679384e+00
6.946305e-01 -9.123805e-01 -2.688464e+00
6.947305e-01 -8.660109e-01 -2.697627e+00
6.948305e-01 -9.409490e-01 -2.706842e+00
6.949305e-01 -9.634637e-01 -2.716081e+00
6.950305e-01 -9.594239e-01 -2.725314e+00
6.951305e-01 -9.084775e-01 -2.734511e+00
6.952305e-01 -9.792075e-01 -2.743643e+00
6.953305e-01 -9.556034e-01 -2.752682e+00
6.954305e-01 -1.029733e+00 -2.761602e+00
6.955304e-01 -7.965944e-01 -2.770376e+00
6.956304e-01 -1.033495e+00 -2.778980e+00
6.957304e-01 -9.925171e-01 -2.787388e+00
6.958304e-01 -1.058479e+00 -2.795580e+00
6.959304e-01 -1.066968e+00 -2.803534e+00
6.960304e-01 -9.911152e-01 -2.811230e+00
6.961304e-01 -1.068964e+00 -2.818650e+00
6.962304e-01 -9.933475e-01 -2.825778e+00
6.963304e-01 -9.976167e-01 -2.832599e+00
6.964304e-01 -1.047814e+00 -2.839098e+00
6.965303e-01 -1.090072e+00 -2.845263e+00
6.966303e-01 -1.017074e+00 -2.851084e+00
6.967303e-01 -1.075351e+00 -2.856551e+00
6.968303e-01 -1.035284e+00 -2.861656e+00
6.969303e-01 -1.066886e+00 -2.866391e+00
6.970303e-01 -1.004785e+00 -2.870751e+00
6.971303e-01 -1.064608e+00 -2.874732e+00
6.972303e-01 -1.005403e+00 -2.878328e+00
6.973303e-01 -1.080379e+00 -2.881539e+00
6.974303e-01 -1.137583e+00 -2.884363e+00
6.975302e-01 -1.080531e+00 -2.886799e+00
6.976302e-01 -9.968196e-01 -2.888848e+00
6.977302e-01 -1.106932e+00 -2.890512e+00
6.978302e-01 -1.026466e+00 -2.891794e+00
6.979302e-01 -1.009060e+00 -2.892697e+00
6.980302e-01 -1.064165e+00 -2.893227e+00
6.981302e-01 -1.154775e+00 -2.893390e+00
6.982302e-01 -9.812296e-01 -2.893193e+00
6.983302e-01 -1.061534e+00 -2.892644e+00
6.984302e-01 -1.026706e+00 -2.891753e+00
6.985301e-01 -1.001318e+00 -2.890532e+00
6.986301e-01 -9.855263e-01 -2.888993e+00
6.987301e-01 -1.027315e+00 -2.887149e+00
6.988301e-01 -9.153367e-01 -2.885015e+00
6.989301e-01 -1.059464e+00 -2.882608e+00
6.990301e-01 -9.800434e-01 -2.879945e+00
6.991301e-01 -1.029301e+00 -2.877046e+00
6.992301e-01 -1.046891e+00 -2.873931e+00
6.993301e-01 -9.412531e-01 -2.870620e+00
6.994301e-01 -9.857324e-01 -2.867137e+00
6.995300e-01 -1.013460e+00 -2.863504e+00
6.996300e-01 -8.776489e-01 -2.859747e+00
6.997300e-01 -9.163389e-01 -2.855890e+00
6.998300e-01 -8.645079e-01 -2.851959e+00
6.999300e-01 -1.044650e+00 -2.847980e+00
7.000300e-01 -1.014972e+00 -2.843980e+00
7.001300e-01 -9.329135e-01 -2.839983e+00
7.002300e-01 -9.651885e-01 -2.836018e+00
7.003300e-01 -9.086095e-01 -2.832110e+00
7.004300e-01 -8.898106e-01 -2.828284e+00
7.005299e-01 -9.379987e-01 -2.824565e+00
7.006299e-01 -9.177833e-01 -2.820978e+00
7.007299e-01 -9.312656e-01 -2.817547e+00
7.008299e-01 -9.110455e-01 -2.814293e+00
7.009299e-01 -8.454581e-01 -2.811238e+00
7.010299e-01 -8.603873e-01 -2.808403e+00
7.011299e-01 -8.981347e-01 -2.805807e+00
7.012299e-01 -8.314905e-01 -2.803468e+00
7.013299e-01 -9.046583e-01 -2.801402e+00
7.014299e-01 -8.257955e-01 -2.799625e+00
7.015298e-01 -7.836630e-01 -2.798152e+00
7.016298e-01 -8.927790e-01 -2.796995e+00
7.017298e-01 -8.422849e-01 -2.796167e+00
7.018298e-01 -9.044210e-01 -2.795678e+00
7.019298e-01 -8.501177e-01 -2.795537e+00
7.020298e-01 -8.653558e-01 -2.795754e+00
7.021298e-01 -9.295475e-01 -2.796336e+00
7.022298e-01 -7.980449e-01 -2.797289e+00
7.023298e-01 -9.010916e-01 -2.798617e+00
7.024298e-01 -8.115613e-01 -2.800326e+00
7.025297e-01 -8.085528e-01 -2.802418e+00
7.026297e-01 -8.743211e-01 -2.804895e+00
7.027297e-01 -8.664938e-01 -2.807758e+00
7.028297e-01 -8.263904e-01 -2.811007e+00
7.029297e-01 -8.264270e-01 -2.814640e+00
7.030297e-01 -8.988718e-01 -2.818654e+00
7.031297e-01 -9.091952e-01 -2.823045e+00
7.032297e-01 -8.975990e-01 -2.827807e+00
7.033297e-01 -9.107279e-01 -2.832935e+00
7.034297e-01 -8.870230e-01 -2.838419e+00
7.035296e-01 -9.239825e-01 -2.844249e+00
7.036296e-01 -8.814254e-01 -2.850414e+00
7.037296e-01 -8.317925e-01 -2.856901e+00
7.038296e-01 -8.983874e-01 -2.863695e+00
7.039296e-01 -9.606910e-01 -2.870780e+00
7.040296e-01 -8.815451e-01 -2.878137e+00
7.041296e-01 -8.553199e-01 -2.885748e+00
7.042296e-01 -8.000155e-01 -2.893590e+00
7.043296e-01 -9.870383e-01 -2.901641e+00
7.044296e-01 -8.924819e-01 -2.909877e+00
7.045295e-01 -9.439024e-01 -2.918273e+00
7.046295e-01 -1.027013e+00 -2.926803e+00
7.047295e-01 -9.171230e-01 -2.935438e+00
7.048295e-01 -9.735080e-01 -2.944151e+00
7.049295e-01 -9.528187e-01 -2.952912e+00
7.050295e-01 -9.171157e-01 -2.961694e+00
7.051295e-01 -9.260659e-01 -2.970467e+00
7.052295e-01 -9.382251e-01 -2.979201e+00
7.053295e-01 -8.985210e-01 -2.987868e+00
7.054295e-01 -9.939111e-01 -2.996439e+00
7.055294e-01 -9.832312e-01 -3.004888e+00
7.056294e-01 -9.653586e-01 -3.013188e+00
7.057294e-01 -1.044747e+00 -3.021314e+00
7.058294e-01 -1.045853e+00 -3.029242e+00
7.059294e-01 -1.134538e+00 -3.036950e+00
7.060294e-01 -1.074983e+00 -3.044418e+00
7.061294e-01 -1.156055e+00 -3.051628e+00
7.062294e-01 -1.065801e+00 -3.058561e+00
7.063294e-01 -1.078895e+00 -3.065205e+00
7.064294e-01 -1.006565e+00 -3.071545e+00
7.065293e-01 -1.027074e+00 -3.077572e+00
7.066293e-01 -1.144080e+00 -3.083277e+00
7.067293e-01 -9.874896e-01 -3.088654e+00
7.068293e-01 -1.040869e+00 -3.093698e+00
7.069293e-01 -1.077527e+00 -3.098406e+00
7.070293e-01 -1.013282e+00 -3.102777e+00
7.071293e-01 -1.102177e+00 -3.106812e+00
7.072293e-01 -1.133660e+00 -3.110514e+00
7.073293e-01 -1.023377e+00 -3.113886e+00
7.074293e-01 -1.130416e+00 -3.116933e+00
7.075292e-01 -1.068160e+00 -3.119664e+00
7.076292e-01 -1.104456e+00 -3.122084e+00
7.077292e-01 -9.640623e-01 -3.124202e+00
7.078292e-01 -1.074614e+00 -3.126029e+00
7.079292e-01 -1.031074e+00 -3.127574e+00
7.080292e-01 -1.001565e+00 -3.128848e+00
7.081292e-01 -1.122232e+00 -3.129864e+00
7.082292e-01 -1.117394e+00 -3.130632e+00
7.083292e-01 -9.899766e-01 -3.131166e+00
7.084292e-01 -1.044882e+00 -3.131478e+00
7.085291e-01 -1.132155e+00 -3.131580e+00
7.086291e-01 -1.092920e+00 -3.131486e+00
7.087291e-01 -1.004820e+00 -3.131209e+00
7.088291e-01 -9.976250e-01 -3.130761e+00
7.089291e-01 -1.007909e+00 -3.130155e+00
7.090291e-01 -1.016150e+00 -3.129405e+00
7.091291e-01 -1.085308e+00 -3.128523e+00
7.092291e-01 -1.001795e+00 -3.127520e+00
7.093291e-01 -1.063317e+00 -3.126410e+00
7.094291e-01 -1.024903e+00 -3.125204e+00
7.095290e-01 -9.680823e-01 -3.123914e+00
7.096290e-01 -9.890447e-01 -3.122552e+00
7.097290e-01 -9.494878e-01 -3.121128e+00
7.098290e-01 -9.917803e-01 -3.119653e+00
7.099290e-01 -1.083273e+00 -3.118137e+00
7.100290e-01 -9.633724e-01 -3.116591e+00
7.101290e-01 -9.383829e-01 -3.115024e+00
7.102290e-01 -9.008019e-01 -3.113446e+00
7.103290e-01 -9.898651e-01 -3.111866e+00
7.104290e-01 -9.460144e-01 -3.110292e+00
7.105289e-01 -9.964460e-01 -3.108732e+00
7.106289e-01 -9.358472e-01 -3.107195e+00
7.107289e-01 -8.823141e-01 -3.105689e+00
7.108289e-01 -9.336215e-01 -3.104219e+00
7.109289e-01 -9.697114e-01 -3.102794e+00
7.110289e-01 -9.625247e-01 -3.101421e+00
7.111289e-01 -9.138647e-01 -3.100104e+00
7.112289e-01 -9.120914e-01 -3.098850e+00
7.113289e-01 -8.810096e-01 -3.097665e+00
7.114289e-01 -8.614491e-01 -3.096554e+00
7.115288e-01 -8.212238e-01 -3.095522e+00
7.116288e-01 -8.323501e-01 -3.094573e+00
7.117288e-01 -8.026770e-01 -3.093711e+00
7.118288e-01 -8.646330e-01 -3.092941e+00
7.119288e-01 -8.386472e-01 -3.092267e+00
7.120288e-01 -8.985276e-01 -3.091690e+00
7.121288e-01 -8.202607e-01 -3.091215e+00
7.122288e-01 -8.192944e-01 -3.090844e+00
7.123288e-01 -8.924147e-01 -3.090579e+00
7.124288e-01 -9.656758e-01 -3.090423e+00
7.125287e-01 -8.662050e-01 -3.090376e+00
7.126287e-01 -8.420830e-01 -3.090441e+00
7.127287e-01 -8.879736e-01 -3.090617e+00
7.128287e-01 -9.332609e-01 -3.090907e+00
7.129287e-01 -8.985346e-01 -3.091309e+00
7.130287e-01 -8.232483e-01 -3.091824e+00
7.131287e-01 -9.077623e-01 -3.092452e+00
7.132287e-01 -8.712631e-01 -3.093192e+00
7.133287e-01 -8.412234e-01 -3.094042e+00
7.134287e-01 -9.118067e-01 -3.095001e+00
7.135286e-01 -9.695524e-01 -3.096067e+00
7.136286e-01 -8.910017e-01 -3.097238e+00
7.137286e-01 -9.349000e-01 -3.098511e+00
7.138286e-01 -9.103399e-01 -3.099883e+00
7.139286e-01 -9.373612e-01 -3.101349e+00
7.140286e-01 -9.414056e-01 -3.102907e+00
7.141286e-01 -9.506973e-01 -3.104551e+00
7.142286e-01 -8.758957e-01 -3.106276e+00
7.143286e-01 -8.457322e-01 -3.108078e+00
7.144286e-01 -9.545771e-01 -3.109949e+00
7.145285e-01 -9.838335e-01 -3.111884e+00
7.146285e-01 -1.054283e+00 -3.113875e+00
7.147285e-01 -9.027460e-01 -3.115915e+00
7.148285e-01 -9.327161e-01 -3.117996e+00
7.149285e-01 -9.626340e-01 -3.120109e+00
7.150285e-01 -9.480862e-01 -3.122244e+00
7.151285e-01 -1.095128e+00 -3.124393e+00
7.152285e-01 -1.008178e+00 -3.126543e+00
7.153285e-01 -9.867324e-01 -3.128685e+00
7.154285e-01 -9.590559e-01 -3.130807e+00
7.155284e-01 -9.579282e-01 -3.132897e+00
7.156284e-01 -1.038581e+00 -3.134941e+00
7.157284e-01 -1.020389e+00 -3.136926e+00
7.158284e-01 -1.051490e+00 -3.138838e+00
7.159284e-01 -9.567853e-01 -3.140663e+00
7.160284e-01 -1.105427e+00 -3.142385e+00
7.161284e-01 -9.684260e-01 -3.143989e+00
7.162284e-01 -1.138864e+00 -3.145459e+00
7.163284e-01 -9.952861e-01 -3.146778e+00
7.164284e-01 -1.128569e+00 -3.147929e+00
7.165283e-01 -1.053578e+00 -3.148895e+00
7.166283e-01 -1.022827e+00 -3.149658e+00
7.167283e-01 -1.079488e+00 -3.150201e+00
7.168283e-01 -1.023400e+00 -3.150507e+00
7.169283e-01 -1.043755e+00 -3.150556e+00
7.170283e-01 -1.110752e+00 -3.150333e+00
7.171283e-01 -1.071213e+00 -3.149820e+00
7.172283e-01 -1.142176e+00 -3.149000e+00
7.173283e-01 -9.891440e-01 -3.147857e+00
7.174283e-01 -1.057447e+00 -3.146376e+00
7.175282e-01 -1.071493e+00 -3.144542e+00
7.176282e-01 -1.047910e+00 -3.142343e+00
7.177282e-01 -1.029750e+00 -3.139766e+00
7.178282e-01 -1.084251e+00 -3.136802e+00
7.179282e-01 -1.096289e+00 -3.133440e+00
7.180282e-01 -9.986870e-01 -3.129676e+00
7.181282e-01 -1.048496e+00 -3.125505e+00
7.182282e-01 -1.007512e+00 -3.120924e+00
7.183282e-01 -1.128226e+00 -3.115933e+00
7.184282e-01 -1.208816e+00 -3.110537e+00
7.185281e-01 -1.113707e+00 -3.104740e+00
7.186281e-01 -1.047247e+00 -3.098551e+00
7.187281e-01 -1.009412e+00 -3.091981e+00
7.188281e-01 -1.024802e+00 -3.085046e+00
7.189281e-01 -1.023110e+00 -3.077762e+00
7.190281e-01 -1.000317e+00 -3.070150e+00
7.191281e-01 -9.970829e-01 -3.062232e+00
7.192281e-01 -1.022303e+00 -3.054035e+00
7.193281e-01 -1.026761e+00 -3.045587e+00
7.194281e-01 -1.039785e+00 -3.036918e+00
7.195280e-01 -1.057647e+00 -3.028061e+00
7.196280e-01 -1.069459e+00 -3.019048e+00
7.197280e-01 -9.954605e-01 -3.009917e+00
7.198280e-01 -9.954485e-01 -3.000702e+00
7.199280e-01 -1.015515e+00 -2.991441e+00
7.200280e-01 -9.697228e-01 -2.982172e+00
7.201280e-01 -9.158343e-01 -2.972930e+00
7.202280e-01 -1.016918e+00 -2.963753e+00
7.203280e-01 -9.363765e-01 -2.954675e+00
7.204280e-01 -9.999449e-01 -2.945733e+00
7.205279e-01 -9.081474e-01 -2.936957e+00
7.206279e-01 -9.638643e-01 -2.928381e+00
7.207279e-01 -9.272384e-01 -2.920032e+00
7.208279e-01 -1.063433e+00 -2.911939e+00
7.209279e-01 -8.500360e-01 -2.904126e+00
7.210279e-01 -9.213467e-01 -2.896615e+00
7.211279e-01 -8.609264e-01 -2.889427e+00
7.212279e-01 -8.929536e-01 -2.882580e+00
7.213279e-01 -7.797294e-01 -2.876088e+00
7.214279e-01 -8.603051e-01 -2.869965e+00
7.215278e-01 -8.898636e-01 -2.864221e+00
7.216278e-01 -8.525784e-01 -2.858866e+00
7.217278e-01 -8.862579e-01 -2.853904e+00
7.218278e-01 -8.612946e-01 -2.849341e+00
7.219278e-01 -8.886157e-01 -2.845180e+00
7.220278e-01 -9.103930e-01 -2.841422e+00
7.221278e-01 -9.038843e-01 -2.838066e+00
7.222278e-01 -8.369207e-01 -2.835111e+00
7.223278e-01 -7.765875e-01 -2.832553e+00
7.224278e-01 -8.705813e-01 -2.830390e+00
7.225277e-01 -8.680088e-01 -2.828615e+00
7.226277e-01 -8.955715e-01 -2.827223e+00
7.227277e-01 -8.661448e-01 -2.826207e+00
7.228277e-01 -9.115591e-01 -2.825560e+00
7.229277e-01 -8.803149e-01 -2.825274e+00
7.230277e-01 -8.674318e-01 -2.825339e+00
7.231277e-01 -8.743737e-01 -2.825748e+00
7.232277e-01 -8.846927e-01 -2.826488e+00
7.233277e-01 -9.008182e-01 -2.827550e+00
7.234277e-01 -9.311591e-01 -2.828923e+00
7.235276e-01 -8.114019e-01 -2.830595e+00
7.236276e-01 -9.517244e-01 -2.832552e+00
7.237276e-01 -1.013129e+00 -2.834782e+00
7.238276e-01 -8.687546e-01 -2.837271e+00
7.239276e-01 -1.009172e+00 -2.840003e+00
7.240276e-01 -1.029068e+00 -2.842964e+00
7.241276e-01 -1.023681e+00 -2.846137e+00
7.242276e-01 -9.605953e-01 -2.849504e+00
7.243276e-01 -9.227338e-01 -2.853049e+00
7.244276e-01 -1.004343e+00 -2.856752e+00
7.245275e-01 -9.454961e-01 -2.860594e+00
7.246275e-01 -9.921972e-01 -2.864554e+00
7.247275e-01 -9.854057e-01 -2.868613e+00
7.248275e-01 -9.524333e-01 -2.872748e+00
7.249275e-01 -9.227954e-01 -2.876939e+00
7.250275e-01 -1.055053e+00 -2.881161e+00
7.251275e-01 -9.230495e-01 -2.885393e+00
7.252275e-01 -1.058526e+00 -2.889611e+00
7.253275e-01 -9.546198e-01 -2.893793e+00
7.254275e-01 -1.110772e+00 -2.897914e+00
7.255274e-01 -1.118919e+00 -2.901952e+00
7.256274e-01 -1.049008e+00 -2.905883e+00
7.257274e-01 -1.070967e+00 -2.909684e+00
7.258274e-01 -9.915516e-01 -2.913334e+00
7.259274e-01 -1.083916e+00 -2.916809e+00
7.260274e-01 -1.063476e+00 -2.920090e+00
7.261274e-01 -1.047919e+00 -2.923154e+00
7.262274e-01 -1.013925e+00 -2.925983e+00
7.263274e-01 -1.053874e+00 -2.928558e+00
7.264274e-01 -1.105211e+00 -2.930860e+00
7.265273e-01 -1.068975e+00 -2.932874e+00
7.266273e-01 -1.076140e+00 -2.934583e+00
7.267273e-01 -1.033079e+00 -2.935973e+00
7.268273e-01 -1.128286e+00 -2.937032e+00
7.269273e-01 -1.082974e+00 -2.937749e+00
7.270273e-01 -1.014309e+00 -2.938112e+00
7.271273e-01 -1.066008e+00 -2.938113e+00
7.272273e-01 -1.123135e+00 -2.937744e+00
7.273273e-01 -1.108644e+00 -2.937001e+00
7.274273e-01 -1.167522e+00 -2.935878e+00
7.275272e-01 -1.023453e+00 -2.934373e+00
7.276272e-01 -1.085761e+00 -2.932483e+00
7.277272e-01 -1.050629e+00 -2.930210e+00
7.278272e-01 -1.144368e+00 -2.927554e+00
7.279272e-01 -1.145837e+00 -2.924519e+00
7.280272e-01 -1.120653e+00 -2.921108e+00
7.281272e-01 -1.039578e+00 -2.917326e+00
7.282272e-01 -1.119231e+00 -2.913182e+00
7.283272e-01 -1.103634e+00 -2.908684e+00
7.284272e-01 -1.031187e+00 -2.903839e+00
7.285271e-01 -1.064144e+00 -2.898661e+00
7.286271e-01 -9.772223e-01 -2.893160e+00
7.287271e-01 -1.097749e+00 -2.887349e+00
7.288271e-01 -1.121241e+00 -2.881244e+00
7.289271e-01 -1.003324e+00 -2.874859e+00
7.290271e-01 -9.997557e-01 -2.868211e+00
7.291271e-01 -1.058072e+00 -2.861318e+00
7.292271e-01 -1.029626e+00 -2.854198e+00
7.293271e-01 -1.021837e+00 -2.846870e+00
7.294271e-01 -1.042513e+00 -2.839355e+00
7.295270e-01 -1.042320e+00 -2.831673e+00
7.296270e-01 -1.066725e+00 -2.823848e+00
7.297270e-01 -9.550068e-01 -2.815902e+00
7.298270e-01 -9.938670e-01 -2.807857e+00
7.299270e-01 -9.329929e-01 -2.799739e+00
7.300270e-01 -9.984748e-01 -2.791570e+00
7.301270e-01 -9.727836e-01 -2.783377e+00
7.302270e-01 -9.468860e-01 -2.775185e+00
7.303270e-01 -9.787495e-01 -2.767018e+00
7.304270e-01 -9.443159e-01 -2.758903e+00
7.305269e-01 -9.241059e-01 -2.750865e+00
7.306269e-01 -9.605958e-01 -2.742930e+00
7.307269e-01 -1.071332e+00 -2.735124e+00
7.308269e-01 -9.462838e-01 -2.727472e+00
7.309269e-01 -8.986815e-01 -2.720000e+00
7.310269e-01 -9.495407e-01 -2.712731e+00
7.311269e-01 -8.519089e-01 -2.705689e+00
7.312269e-01 -9.342896e-01 -2.698899e+00
7.313269e-01 -9.600002e-01 -2.692382e+00
7.314269e-01 -9.271826e-01 -2.686160e+00
7.315268e-01 -8.617946e-01 -2.680254e+00
7.316268e-01 -9.082968e-01 -2.674682e+00
7.317268e-01 -8.939157e-01 -2.669463e+00
7.318268e-01 -9.268780e-01 -2.664613e+00
7.319268e-01 -9.144141e-01 -2.660148e+00
7.320268e-01 -8.695234e-01 -2.656080e+00
7.321268e-01 -8.570673e-01 -2.652422e+00
7.322268e-01 -8.980677e-01 -2.649183e+00
7.323268e-01 -8.516443e-01 -2.646371e+00
7.324268e-01 -8.389392e-01 -2.643994e+00
7.325267e-01 -9.643490e-01 -2.642053e+00
7.326267e-01 -8.331959e-01 -2.640552e+00
7.327267e-01 -9.712997e-01 -2.639491e+00
7.328267e-01 -8.781480e-01 -2.638867e+00
7.329267e-01 -8.901656e-01 -2.638676e+00
7.330267e-01 -8.782647e-01 -2.638912e+00
7.331267e-01 -9.816800e-01 -2.639565e+00
7.332267e-01 -8.993115e-01 -2.640627e+00
7.333267e-01 -8.758037e-01 -2.642084e+00
7.334267e-01 -8.573656e-01 -2.643922e+00
7.335266e-01 -8.636235e-01 -2.646125e+00
7.336266e-01 -9.017984e-01 -2.648674e+00
7.337266e-01 -9.461463e-01 -2.651550e+00
7.338266e-01 -9.061494e-01 -2.654732e+00
7.339266e-01 -9.633434e-01 -2.658198e+00
7.340266e-01 -1.020126e+00 -2.661923e+00
7.341266e-01 -9.870267e-01 -2.665883e+00
7.342266e-01 -8.981726e-01 -2.670052e+00
7.343266e-01 -9.520807e-01 -2.674403e+00
7.344266e-01 -9.118238e-01 -2.678909e+00
7.345265e-01 -9.446591e-01 -2.683542e+00
7.346265e-01 -9.212562e-01 -2.688273e+00
7.347265e-01 -9.613408e-01 -2.693075e+00
7.348265e-01 -9.534255e-01 -2.697919e+00
7.349265e-01 -9.719255e-01 -2.702777e+00
7.350265e-01 -9.945766e-01 -2.707620e+00
7.351265e-01 -9.552585e-01 -2.712422e+00
7.352265e-01 -1.063315e+00 -2.717156e+00
7.353265e-01 -9.729635e-01 -2.721794e+00
7.354265e-01 -1.050689e+00 -2.726312e+00
7.355264e-01 -1.002030e+00 -2.730686e+00
7.356264e-01 -1.087010e+00 -2.734891e+00
7.357264e-01 -1.008381e+00 -2.738906e+00
7.358264e-01 -1.050091e+00 -2.742708e+00
7.359264e-01 -9.909950e-01 -2.746279e+00
7.360264e-01 -9.754373e-01 -2.749599e+00
7.361264e-01 -1.032113e+00 -2.752651e+00
7.362264e-01 -1.049531e+00 -2.755420e+00
7.363264e-01 -1.053878e+00 -2.757890e+00
7.364264e-01 -1.186158e+00 -2.760049e+00
7.365263e-01 -1.013700e+00 -2.761884e+00
7.366263e-01 -1.034138e+00 -2.763387e+00
7.367263e-01 -1.116711e+00 -2.764547e+00
7.368263e-01 -1.012396e+00 -2.765358e+00
7.369263e-01 -1.053665e+00 -2.765814e+00
7.370263e-01 -1.150197e+00 -2.765911e+00
7.371263e-01 -1.215217e+00 -2.765644e+00
7.372263e-01 -1.047831e+00 -2.765013e+00
7.373263e-01 -1.102072e+00 -2.764016e+00
7.374263e-01 -1.123900e+00 -2.762655e+00
7.375262e-01 -1.022962e+00 -2.760931e+00
7.376262e-01 -1.093884e+00 -2.758848e+00
7.377262e-01 -1.064214e+00 -2.756409e+00
7.378262e-01 -1.082299e+00 -2.753620e+00
7.379262e-01 -1.063129e+00 -2.750488e+00
7.380262e-01 -1.088744e+00 -2.747020e+00
7.381262e-01 -1.091521e+00 -2.743224e+00
7.382262e-01 -1.084938e+00 -2.739109e+00
7.383262e-01 -1.080221e+00 -2.734687e+00
7.384262e-01 -1.019113e+00 -2.729967e+00
7.385261e-01 -1.081461e+00 -2.724962e+00
7.386261e-01 -1.102812e+00 -2.719684e+00
7.387261e-01 -1.140684e+00 -2.714148e+00
7.388261e-01 -1.052074e+00 -2.708366e+00
7.389261e-01 -1.058981e+00 -2.702354e+00
7.390261e-01 -1.026030e+00 -2.696127e+00
7.391261e-01 -1.076666e+00 -2.689702e+00
7.392261e-01 -1.002561e+00 -2.683094e+00
7.393261e-01 -1.061939e+00 -2.676322e+00
7.394261e-01 -1.047855e+00 -2.669402e+00
7.395260e-01 -1.075176e+00 -2.662353e+00
7.396260e-01 -1.007554e+00 -2.655193e+00
7.397260e-01 -9.585331e-01 -2.647942e+00
7.398260e-01 -9.906391e-01 -2.640619e+00
7.399260e-01 -9.074009e-01 -2.633244e+00
7.400260e-01 -9.953673e-01 -2.625836e+00
7.401260e-01 -1.050895e+00 -2.618416e+00
7.402260e-01 -9.077247e-01 -2.611004e+00
7.403260e-01 -9.162609e-01 -2.603621e+00
7.404260e-01 -1.031342e+00 -2.596289e+00
7.405259e-01 -8.907556e-01 -2.589027e+00
7.406259e-01 -9.368939e-01 -2.581857e+00
7.407259e-01 -9.397097e-01 -2.574799e+00
7.408259e-01 -9.020583e-01 -2.567875e+00
7.409259e-01 -9.712764e-01 -2.561105e+00
7.410259e-01 -9.629628e-01 -2.554509e+00
7.411259e-01 -9.897184e-01 -2.548108e+00
7.412259e-01 -8.737335e-01 -2.541921e+00
7.413259e-01 -8.893001e-01 -2.535968e+00
7.414259e-01 -8.879380e-01 -2.530268e+00
7.415258e-01 -8.304938e-01 -2.524838e+00
7.416258e-01 -8.948807e-01 -2.519696e+00
7.417258e-01 -8.623856e-01 -2.514859e+00
7.418258e-01 -9.194027e-01 -2.510342e+00
7.419258e-01 -9.255954e-01 -2.506161e+00
7.420258e-01 -8.732568e-01 -2.502329e+00
7.421258e-01 -8.551278e-01 -2.498858e+00
7.422258e-01 -8.384318e-01 -2.495760e+00
7.423258e-01 -9.416013e-01 -2.493045e+00
7.424258e-01 -9.153209e-01 -2.490720e+00
7.425257e-01 -8.166104e-01 -2.488793e+00
7.426257e-01 -9.086827e-01 -2.487269e+00
7.427257e-01 -9.247093e-01 -2.486151e+00
7.428257e-01 -7.806053e-01 -2.485441e+00
7.429257e-01 -9.089534e-01 -2.485139e+00
7.430257e-01 -8.508039e-01 -2.485242e+00
7.431257e-01 -8.440794e-01 -2.485746e+00
7.432257e-01 -9.686510e-01 -2.486645e+00
7.433257e-01 -9.402440e-01 -2.487932e+00
7.434257e-01 -9.682538e-01 -2.489595e+00
7.435256e-01 -9.143740e-01 -2.491623e+00
7.436256e-01 -9.168827e-01 -2.494002e+00
7.437256e-01 -9.413561e-01 -2.496715e+00
7.438256e-01 -8.502088e-01 -2.499746e+00
7.439256e-01 -8.854472e-01 -2.503074e+00
7.440256e-01 -8.655793e-01 -2.506678e+00
7.441256e-01 -9.294979e-01 -2.510536e+00
7.442256e-01 -8.934352e-01 -2.514622e+00
7.443256e-01 -1.020505e+00 -2.518913e+00
7.444256e-01 -9.475101e-01 -2.523381e+00
7.445255e-01 -1.042951e+00 -2.527999e+00
7.446255e-01 -9.155904e-01 -2.532738e+00
7.447255e-01 -9.724366e-01 -2.537570e+00
7.448255e-01 -9.669388e-01 -2.542466e+00
7.449255e-01 -9.600276e-01 -2.547395e+00
7.450255e-01 -1.011182e+00 -2.552329e+00
7.451255e-01 -1.094613e+00 -2.557237e+00
7.452255e-01 -1.029252e+00 -2.562092e+00
7.453255e-01 -9.746508e-01 -2.566864e+00
7.454255e-01 -9.839188e-01 -2.571525e+00
7.455254e-01 -1.064592e+00 -2.576048e+00
7.456254e-01 -1.050951e+00 -2.580408e+00
7.457254e-01 -1.059809e+00 -2.584578e+00
7.458254e-01 -1.030328e+00 -2.588536e+00
7.459254e-01 -1.055706e+00 -2.592258e+00
7.460254e-01 -1.016396e+00 -2.595723e+00
7.461254e-01 -1.017611e+00 -2.598912e+00
7.462254e-01 -1.127318e+00 -2.601806e+00
7.463254e-01 -9.368642e-01 -2.604389e+00
7.464254e-01 -1.028999e+00 -2.606645e+00
7.465253e-01 -1.018064e+00 -2.608561e+00
7.466253e-01 -1.187227e+00 -2.610126e+00
7.467253e-01 -1.016843e+00 -2.611330e+00
7.468253e-01 -1.060074e+00 -2.612163e+00
7.469253e-01 -1.072188e+00 -2.612619e+00
7.470253e-01 -1.060020e+00 -2.612693e+00
7.471253e-01 -1.158533e+00 -2.612380e+00
7.472253e-01 -1.077877e+00 -2.611679e+00
7.473253e-01 -1.168596e+00 -2.610590e+00
7.474253e-01 -1.178339e+00 -2.609111e+00
7.475252e-01 -1.177650e+00 -2.607247e+00
7.476252e-01 -1.112552e+00 -2.605000e+00
7.477252e-01 -1.170899e+00 -2.602374e+00
7.478252e-01 -1.070642e+00 -2.599377e+00
7.479252e-01 -1.140993e+00 -2.596014e+00
7.480252e-01 -1.118065e+00 -2.592295e+00
7.481252e-01 -1.063372e+00 -2.588228e+00
7.482252e-01 -9.984799e-01 -2.583825e+00
7.483252e-01 -1.129494e+00 -2.579096e+00
7.484252e-01 -1.100456e+00 -2.574054e+00
7.485251e-01 -1.045641e+00 -2.568713e+00
7.486251e-01 -1.088233e+00 -2.563085e+00
7.487251e-01 -1.080963e+00 -2.557188e+00
7.488251e-01 -9.840125e-01 -2.551035e+00
7.489251e-01 -1.098776e+00 -2.544644e+00
7.490251e-01 -1.022617e+00 -2.538032e+00
7.491251e-01 -1.032525e+00 -2.531216e+00
7.492251e-01 -1.047077e+00 -2.524215e+00
7.493251e-01 -1.027768e+00 -2.517048e+00
7.494251e-01 -1.081085e+00 -2.509735e+00
7.495250e-01 -1.102698e+00 -2.502294e+00
7.496250e-01 -1.108982e+00 -2.494747e+00
7.497250e-01 -9.561837e-01 -2.487113e+00
7.498250e-01 -1.051709e+00 -2.479415e+00
7.499250e-01 -1.007659e+00 -2.471673e+00
7.500250e-01 -1.105521e+00 -2.463908e+00
7.501250e-01 -9.896467e-01 -2.456143e+00
7.502250e-01 -9.940818e-01 -2.448399e+00
7.503250e-01 -9.696994e-01 -2.440697e+00
7.504250e-01 -9.137072e-01 -2.433059e+00
7.505249e-01 -9.423497e-01 -2.425507e+00
7.506249e-01 -9.281489e-01 -2.418063e+00
7.507249e-01 -8.895326e-01 -2.410746e+00
7.508249e-01 -9.899193e-01 -2.403579e+00
7.509249e-01 -9.079363e-01 -2.396582e+00
7.510249e-01 -8.633139e-01 -2.389775e+00
7.511249e-01 -9.027758e-01 -2.383177e+00
7.512249e-01 -8.755927e-01 -2.376808e+00
7.513249e-01 -9.550393e-01 -2.370686e+00
7.514249e-01 -1.010656e+00 -2.364828e+00
7.515248e-01 -9.092427e-01 -2.359251e+00
7.516248e-01 -8.886694e-01 -2.353971e+00
7.517248e-01 -9.510947e-01 -2.349004e+00
7.518248e-01 -9.198231e-01 -2.344362e+00
7.519248e-01 -8.655543e-01 -2.340058e+00
7.520248e-01 -9.464884e-01 -2.336105e+00
7.521248e-01 -9.389490e-01 -2.332511e+00
7.522248e-01 -8.039939e-01 -2.329287e+00
7.523248e-01 -8.669258e-01 -2.326439e+00
7.524248e-01 -8.983541e-01 -2.323974e+00
7.525247e-01 -9.439486e-01 -2.321896e+00
7.526247e-01 -9.828570e-01 -2.320207e+00
7.527247e-01 -8.609917e-01 -2.318909e+00
7.528247e-01 -8.544225e-01 -2.318001e+00
7.529247e-01 -9.440244e-01 -2.317482e+00
7.530247e-01 -9.893214e-01 -2.317348e+00
7.531247e-01 -7.846015e-01 -2.317592e+00
7.532247e-01 -8.596193e-01 -2.318209e+00
7.533247e-01 -9.999484e-01 -2.319188e+00
7.534247e-01 -8.915623e-01 -2.320519e+00
7.535246e-01 -9.775600e-01 -2.322190e+00
7.536246e-01 -9.189898e-01 -2.324187e+00
7.537246e-01 -1.038381e+00 -2.326496e+00
7.538246e-01 -9.294307e-01 -2.329098e+00
7.539246e-01 -9.829038e-01 -2.331976e+00
7.540246e-01 -9.792628e-01 -2.335110e+00
7.541246e-01 -8.531782e-01 -2.338480e+00
7.542246e-01 -9.891728e-01 -2.342064e+00
7.543246e-01 -1.061647e+00 -2.345839e+00
7.544246e-01 -9.168325e-01 -2.349783e+00
7.545245e-01 -1.014590e+00 -2.353869e+00
7.546245e-01 -1.022532e+00 -2.358074e+00
7.547245e-01 -9.494526e-01 -2.362373e+00
7.548245e-01 -9.303578e-01 -2.366739e+00
7.549245e-01 -9.018094e-01 -2.371147e+00
7.550245e-01 -9.853075e-01 -2.375570e+00
7.551245e-01 -1.046302e+00 -2.379984e+00
7.552245e-01 -1.021358e+00 -2.384362e+00
7.553245e-01 -1.106867e+00 -2.388679e+00
7.554245e-01 -1.048863e+00 -2.392909e+00
7.555244e-01 -1.030374e+00 -2.397029e+00
7.556244e-01 -9.829458e-01 -2.401014e+00
7.557244e-01 -9.767794e-01 -2.404842e+00
7.558244e-01 -1.099527e+00 -2.408490e+00
7.559244e-01 -1.071245e+00 -2.411936e+00
7.560244e-01 -1.062842e+00 -2.415159e+00
7.561244e-01 -1.087451e+00 -2.418141e+00
7.562244e-01 -1.030375e+00 -2.420863e+00
7.563244e-01 -1.066164e+00 -2.423308e+00
7.564244e-01 -1.054711e+00 -2.425459e+00
7.565243e-01 -1.132976e+00 -2.427301e+00
7.566243e-01 -1.143990e+00 -2.428821e+00
7.567243e-01 -1.084517e+00 -2.430006e+00
7.568243e-01 -1.090242e+00 -2.430845e+00
7.569243e-01 -1.108651e+00 -2.431329e+00
7.570243e-01 -1.067338e+00 -2.431450e+00
7.571243e-01 -1.161915e+00 -2.431199e+00
7.572243e-01 -1.101718e+00 -2.430573e+00
7.573243e-01 -1.114812e+00 -2.429567e+00
7.574243e-01 -1.095060e+00 -2.428178e+00
7.575242e-01 -1.133419e+00 -2.426405e+00
7.576242e-01 -1.070835e+00 -2.424249e+00
7.577242e-01 -1.098428e+00 -2.421711e+00
7.578242e-01 -9.861946e-01 -2.418795e+00
7.579242e-01 -1.046374e+00 -2.415505e+00
7.580242e-01 -1.060984e+00 -2.411848e+00
7.581242e-01 -1.029915e+00 -2.407831e+00
7.582242e-01 -1.073475e+00 -2.403463e+00
7.583242e-01 -1.118983e+00 -2.398755e+00
7.584242e-01 -1.004510e+00 -2.393717e+00
7.585241e-01 -1.113214e+00 -2.388363e+00
7.586241e-01 -1.016866e+00 -2.382708e+00
7.587241e-01 -1.011894e+00 -2.376765e+00
7.588241e-01 -1.057457e+00 -2.370552e+00
7.589241e-01 -1.107556e+00 -2.364086e+00
7.590241e-01 -1.078182e+00 -2.357385e+00
7.591241e-01 -1.126938e+00 -2.350469e+00
7.592241e-01 -1.082877e+00 -2.343356e+00
7.593241e-01 -1.030173e+00 -2.336069e+00
7.594241e-01 -1.037824e+00 -2.328627e+00
7.595240e-01 -1.024887e+00 -2.321054e+00
7.596240e-01 -9.685503e-01 -2.313369e+00
7.597240e-01 -1.019033e+00 -2.305597e+00
7.598240e-01 -9.717764e-01 -2.297759e+00
7.599240e-01 -1.011627e+00 -2.289878e+00
7.600240e-01 -9.849345e-01 -2.281976e+00
7.601240e-01 -1.073772e+00 -2.274077e+00
7.602240e-01 -1.001194e+00 -2.266202e+00
7.603240e-01 -1.032017e+00 -2.258374e+00
7.604240e-01 -9.230760e-01 -2.250614e+00
7.605239e-01 -9.834939e-01 -2.242944e+00
7.606239e-01 -1.056166e+00 -2.235385e+00
7.607239e-01 -8.880523e-01 -2.227957e+00
7.608239e-01 -9.168018e-01 -2.220680e+00
7.609239e-01 -9.094366e-01 -2.213573e+00
7.610239e-01 -8.671335e-01 -2.206656e+00
7.611239e-01 -9.791523e-01 -2.199946e+00
7.612239e-01 -9.219188e-01 -2.193460e+00
7.613239e-01 -1.045466e+00 -2.187216e+00
7.614239e-01 -8.660430e-01 -2.181229e+00
7.615238e-01 -8.990695e-01 -2.175514e+00
7.616238e-01 -1.005855e+00 -2.170085e+00
7.617238e-01 -9.604539e-01 -2.164956e+00
7.618238e-01 -9.110194e-01 -2.160139e+00
7.619238e-01 -9.497048e-01 -2.155646e+00
7.620238e-01 -8.571462e-01 -2.151489e+00
7.621238e-01 -8.805406e-01 -2.147676e+00
7.622238e-01 -8.889124e-01 -2.144218e+00
7.623238e-01 -8.720538e-01 -2.141121e+00
7.624238e-01 -8.689505e-01 -2.138392e+00
7.625237e-01 -8.705063e-01 -2.136038e+00
7.626237e-01 -8.973704e-01 -2.134064e+00
7.627237e-01 -8.713771e-01 -2.132472e+00
7.628237e-01 -9.948872e-01 -2.131264e+00
7.629237e-01 -9.112272e-01 -2.130442e+00
7.630237e-01 -9.988407e-01 -2.130006e+00
7.631237e-01 -9.709664e-01 -2.129953e+00
7.632237e-01 -9.985715e-01 -2.130280e+00
7.633237e-01 -9.238476e-01 -2.130981e+00
7.634237e-01 -9.468684e-01 -2.132052e+00
7.635236e-01 -9.446978e-01 -2.133483e+00
7.636236e-01 -9.467150e-01 -2.135264e+00
7.637236e-01 -9.826217e-01 -2.137385e+00
7.638236e-01 -9.400339e-01 -2.139831e+00
7.639236e-01 -8.796516e-01 -2.142588e+00
7.640236e-01 -9.865143e-01 -2.145639e+00
7.641236e-01 -9.198772e-01 -2.148967e+00
7.642236e-01 -9.560994e-01 -2.152550e+00
7.643236e-01 -8.590634e-01 -2.156367e+00
7.644236e-01 -1.072415e+00 -2.160396e+00
7.645235e-01 -9.246075e-01 -2.164610e+00
7.646235e-01 -9.767230e-01 -2.168986e+00
7.647235e-01 -1.055146e+00 -2.173495e+00
7.648235e-01 -1.051035e+00 -2.178109e+00
7.649235e-01 -9.285659e-01 -2.182799e+00
7.650235e-01 -1.042290e+00 -2.187536e+00
7.651235e-01 -1.098852e+00 -2.192288e+00
7.652235e-01 -1.068889e+00 -2.197025e+00
7.653235e-01 -1.031067e+00 -2.201717e+00
7.654235e-01 -1.009251e+00 -2.206331e+00
7.655234e-01 -9.638830e-01 -2.210839e+00
7.656234e-01 -1.137476e+00 -2.215208e+00
7.657234e-01 -9.964523e-01 -2.219410e+00
7.658234e-01 -1.018412e+00 -2.223415e+00
7.659234e-01 -1.085403e+00 -2.227196e+00
7.660234e-01 -1.112977e+00 -2.230727e+00
7.661234e-01 -1.076981e+00 -2.233981e+00
7.662234e-01 -1.077970e+00 -2.236935e+00
7.663234e-01 -1.027488e+00 -2.239568e+00
7.664234e-01 -9.935350e-01 -2.241858e+00
7.665233e-01 -1.083898e+00 -2.243787e+00
7.666233e-01 -1.092456e+00 -2.245339e+00
7.667233e-01 -1.032361e+00 -2.246499e+00
7.668233e-01 -1.050506e+00 -2.247255e+00
7.669233e-01 -1.090418e+00 -2.247596e+00
7.670233e-01 -1.047998e+00 -2.247514e+00
7.671233e-01 -1.081913e+00 -2.247003e+00
7.672233e-01 -1.087695e+00 -2.246058e+00
7.673233e-01 -1.083650e+00 -2.244679e+00
7.674233e-01 -1.099750e+00 -2.242864e+00
7.675232e-01 -1.188366e+00 -2.240617e+00
7.676232e-01 -1.116530e+00 -2.237940e+00
7.677232e-01 -1.092574e+00 -2.234840e+00
7.678232e-01 -1.197110e+00 -2.231324e+00
7.679232e-01 -1.093887e+00 -2.227402e+00
7.680232e-01 -1.107100e+00 -2.223084e+00
7.681232e-01 -1.183450e+00 -2.218383e+00
7.682232e-01 -1.090195e+00 -2.213312e+00
7.683232e-01 -1.133217e+00 -2.207885e+00
7.684232e-01 -1.075713e+00 -2.202120e+00
7.685231e-01 -1.063598e+00 -2.196033e+00
7.686231e-01 -1.047258e+00 -2.189642e+00
7.687231e-01 -1.039770e+00 -2.182967e+00
7.688231e-01 -1.093254e+00 -2.176027e+00
7.689231e-01 -1.069272e+00 -2.168842e+00
7.690231e-01 -1.049423e+00 -2.161434e+00
7.691231e-01 -9.683566e-01 -2.153824e+00
7.692231e-01 -8.586836e-01 -2.146034e+00
7.693231e-01 -9.937641e-01 -2.138087e+00
7.694231e-01 -9.849214e-01 -2.130004e+00
7.695230e-01 -1.101961e+00 -2.121808e+00
7.696230e-01 -1.021817e+00 -2.113522e+00
7.697230e-01 -1.041668e+00 -2.105170e+00
7.698230e-01 -1.040121e+00 -2.096772e+00
7.699230e-01 -9.944150e-01 -2.088354e+00
7.700230e-01 -8.890903e-01 -2.079936e+00
7.701230e-01 -1.001778e+00 -2.071541e+00
7.702230e-01 -8.659599e-01 -2.063191e+00
7.703230e-01 -9.463456e-01 -2.054908e+00
7.704230e-01 -1.004052e+00 -2.046713e+00
7.705229e-01 -1.038351e+00 -2.038628e+00
7.706229e-01 -9.526761e-01 -2.030673e+00
7.707229e-01 -9.375703e-01 -2.022869e+00
7.708229e-01 -1.029392e+00 -2.015234e+00
7.709229e-01 -8.837745e-01 -2.007788e+00
7.710229e-01 -8.453051e-01 -2.000550e+00
7.711229e-01 -9.955051e-01 -1.993538e+00
7.712229e-01 -9.304563e-01 -1.986770e+00
7.713229e-01 -1.021101e+00 -1.980261e+00
7.714229e-01 -9.332768e-01 -1.974028e+00
7.715228e-01 -9.808940e-01 -1.968088e+00
7.716228e-01 -8.963393e-01 -1.962453e+00
7.717228e-01 -9.338131e-01 -1.957138e+00
7.718228e-01 -8.742496e-01 -1.952156e+00
7.719228e-01 -9.468243e-01 -1.947518e+00
7.720228e-01 -9.096781e-01 -1.943236e+00
7.721228e-01 -8.994152e-01 -1.939320e+00
7.722228e-01 -9.334077e-01 -1.935778e+00
7.723228e-01 -9.252808e-01 -1.932618e+00
7.724228e-01 -9.248194e-01 -1.929846e+00
7.725227e-01 -9.366530e-01 -1.927468e+00
7.726227e-01 -8.917976e-01 -1.925486e+00
7.727227e-01 -9.031854e-01 -1.923904e+00
7.728227e-01 -8.635295e-01 -1.922722e+00
7.729227e-01 -8.999922e-01 -1.921939e+00
7.730227e-01 -8.635649e-01 -1.921552e+00
7.731227e-01 -9.914825e-01 -1.921556e+00
7.732227e-01 -8.475606e-01 -1.921947e+00
7.733227e-01 -9.717788e-01 -1.922715e+00
7.734227e-01 -8.734242e-01 -1.923850e+00
7.735226e-01 -9.432701e-01 -1.925342e+00
7.736226e-01 -9.155891e-01 -1.927176e+00
7.737226e-01 -9.485458e-01 -1.929336e+00
7.738226e-01 -9.359666e-01 -1.931806e+00
7.739226e-01 -9.590581e-01 -1.934567e+00
7.740226e-01 -9.282239e-01 -1.937598e+00
7.741226e-01 -8.804768e-01 -1.940875e+00
7.742226e-01 -9.390022e-01 -1.944377e+00
7.743226e-01 -9.855726e-01 -1.948078e+00
7.744226e-01 -1.015897e+00 -1.951951e+00
7.745225e-01 -9.688367e-01 -1.955969e+00
7.746225e-01 -9.277405e-01 -1.960105e+00
7.747225e-01 -1.029724e+00 -1.964331e+00
7.748225e-01 -8.811800e-01 -1.968616e+00
7.749225e-01 -9.784615e-01 -1.972933e+00
7.750225e-01 -9.688607e-01 -1.977253e+00
7.751225e-01 -1.080381e+00 -1.981547e+00
7.752225e-01 -9.846576e-01 -1.985787e+00
7.753225e-01 -1.004792e+00 -1.989945e+00
7.754225e-01 -1.081644e+00 -1.993996e+00
7.755224e-01 -1.043037e+00 -1.997914e+00
7.756224e-01 -1.031428e+00 -2.001675e+00
7.757224e-01 -1.028443e+00 -2.005256e+00
7.758224e-01 -1.068239e+00 -2.008635e+00
7.759224e-01 -1.085075e+00 -2.011793e+00
7.760224e-01 -1.053498e+00 -2.014712e+00
7.761224e-01 -1.086731e+00 -2.017373e+00
7.762224e-01 -1.159964e+00 -2.019763e+00
7.763224e-01 -1.015877e+00 -2.021867e+00
7.764224e-01 -1.079093e+00 -2.023673e+00
7.765223e-01 -1.060882e+00 -2.025170e+00
7.766223e-01 -1.101298e+00 -2.026349e+00
7.767223e-01 -1.091350e+00 -2.027201e+00
7.768223e-01 -9.766914e-01 -2.027720e+00
7.769223e-01 -1.047876e+00 -2.027899e+00
7.770223e-01 -1.121082e+00 -2.027734e+00
7.771223e-01 -1.098342e+00 -2.027220e+00
7.772223e-01 -1.116750e+00 -2.026354e+00
7.773223e-01 -1.004155e+00 -2.025133e+00
7.774223e-01 -1.120895e+00 -2.023556e+00
7.775222e-01 -1.054719e+00 -2.021621e+00
7.776222e-01 -1.119200e+00 -2.019328e+00
7.777222e-01 -1.133334e+00 -2.016676e+00
7.778222e-01 -1.056114e+00 -2.013666e+00
7.779222e-01 -1.067922e+00 -2.010299e+00
7.780222e-01 -1.054564e+00 -2.006575e+00
7.781222e-01 -1.033228e+00 -2.002498e+00
7.782222e-01 -1.026168e+00 -1.998069e+00
7.783222e-01 -1.052702e+00 -1.993293e+00
7.784222e-01 -1.124262e+00 -1.988174e+00
7.785221e-01 -1.118635e+00 -1.982718e+00
7.786221e-01 -1.176554e+00 -1.976930e+00
7.787221e-01 -1.066479e+00 -1.970819e+00
7.788221e-01 -1.063609e+00 -1.964395e+00
7.789221e-01 -9.702702e-01 -1.957666e+00
7.790221e-01 -1.073531e+00 -1.950647e+00
7.791221e-01 -9.395041e-01 -1.943351e+00
7.792221e-01 -1.125835e+00 -1.935793e+00
7.793221e-01 -9.926264e-01 -1.927991e+00
7.794221e-01 -1.019494e+00 -1.919965e+00
7.795220e-01 -1.145672e+00 -1.911736e+00
7.796220e-01 -9.207113e-01 -1.903327e+00
7.797220e-01 -1.011229e+00 -1.894763e+00
7.798220e-01 -1.080920e+00 -1.886070e+00
7.799220e-01 -1.031914e+00 -1.877278e+00
7.800220e-01 -9.304779e-01 -1.868415e+00
7.801220e-01 -9.782395e-01 -1.859513e+00
7.802220e-01 -9.300770e-01 -1.850603e+00
7.803220e-01 -1.064886e+00 -1.841718e+00
7.804220e-01 -9.861105e-01 -1.832891e+00
7.805219e-01 -9.792308e-01 -1.824154e+00
7.806219e-01 -9.075191e-01 -1.815541e+00
7.807219e-01 -8.390404e-01 -1.807083e+00
7.808219e-01 -8.732566e-01 -1.798812e+00
7.809219e-01 -9.097186e-01 -1.790758e+00
7.810219e-01 -9.807869e-01 -1.782950e+00
7.811219e-01 -8.567217e-01 -1.775414e+00
7.812219e-01 -9.341628e-01 -1.768175e+00
7.813219e-01 -9.093653e-01 -1.761257e+00
7.814219e-01 -9.063007e-01 -1.754678e+00
7.815218e-01 -9.225528e-01 -1.748457e+00
7.816218e-01 -8.801093e-01 -1.742608e+00
7.817218e-01 -9.461080e-01 -1.737145e+00
7.818218e-01 -8.418796e-01 -1.732075e+00
7.819218e-01 -8.582273e-01 -1.727407e+00
7.820218e-01 -9.833715e-01 -1.723143e+00
7.821218e-01 -8.948872e-01 -1.719285e+00
7.822218e-01 -8.979876e-01 -1.715833e+00
7.823218e-01 -9.532832e-01 -1.712783e+00
7.824218e-01 -8.521654e-01 -1.710128e+00
7.825217e-01 -8.312232e-01 -1.707861e+00
7.826217e-01 -9.102115e-01 -1.705972e+00
7.827217e-01 -8.550043e-01 -1.704450e+00
7.828217e-01 -9.263622e-01 -1.703282e+00
7.829217e-01 -9.231156e-01 -1.702453e+00
7.830217e-01 -9.478982e-01 -1.701948e+00
7.831217e-01 -1.037274e+00 -1.701750e+00
7.832217e-01 -8.832425e-01 -1.701842e+00
7.833217e-01 -9.023049e-01 -1.702207e+00
7.834217e-01 -9.796632e-01 -1.702825e+00
7.835216e-01 -8.083101e-01 -1.703678e+00
7.836216e-01 -8.891838e-01 -1.704747e+00
7.837216e-01 -8.507743e-01 -1.706014e+00
7.838216e-01 -9.359003e-01 -1.707458e+00
7.839216e-01 -9.013361e-01 -1.709063e+00
7.840216e-01 -9.166747e-01 -1.710809e+00
7.841216e-01 -9.986251e-01 -1.712678e+00
7.842216e-01 -9.550884e-01 -1.714653e+00
7.843216e-01 -8.412129e-01 -1.716716e+00
7.844216e-01 -9.109630e-01 -1.718851e+00
7.845215e-01 -9.833525e-01 -1.721042e+00
7.846215e-01 -9.786460e-01 -1.723273e+00
7.847215e-01 -9.837148e-01 -1.725530e+00
7.848215e-01 -9.726068e-01 -1.727798e+00
7.849215e-01 -1.046861e+00 -1.730064e+00
7.850215e-01 -9.694842e-01 -1.732315e+00
7.851215e-01 -1.008237e+00 -1.734539e+00
7.852215e-01 -1.083963e+00 -1.736724e+00
7.853215e-01 -9.316724e-01 -1.738861e+00
7.854215e-01 -1.085470e+00 -1.740939e+00
7.855214e-01 -9.740004e-01 -1.742949e+00
7.856214e-01 -1.014104e+00 -1.744882e+00
7.857214e-01 -1.025365e+00 -1.746730e+00
7.858214e-01 -1.046524e+00 -1.748485e+00
7.859214e-01 -1.113073e+00 -1.750142e+00
7.860214e-01 -9.833039e-01 -1.751694e+00
7.861214e-01 -1.007875e+00 -1.753136e+00
7.862214e-01 -1.017341e+00 -1.754462e+00
7.863214e-01 -1.111874e+00 -1.755668e+00
7.864214e-01 -1.077868e+00 -1.756750e+00
7.865213e-01 -1.001585e+00 -1.757706e+00
7.866213e-01 -1.018431e+00 -1.758531e+00
7.867213e-01 -9.932834e-01 -1.759224e+00
7.868213e-01 -1.039437e+00 -1.759783e+00
7.869213e-01 -1.033459e+00 -1.760205e+00
7.870213e-01 -1.062521e+00 -1.760490e+00
7.871213e-01 -9.878089e-01 -1.760638e+00
7.872213e-01 -1.012836e+00 -1.760646e+00
7.873213e-01 -9.833754e-01 -1.760516e+00
7.874213e-01 -1.094295e+00 -1.760248e+00
7.875212e-01 -1.094133e+00 -1.759841e+00
7.876212e-01 -1.018979e+00 -1.759297e+00
7.877212e-01 -1.020678e+00 -1.758617e+00
7.878212e-01 -1.163142e+00 -1.757802e+00
7.879212e-01 -1.131509e+00 -1.756853e+00
7.880212e-01 -1.086430e+00 -1.755772e+00
7.881212e-01 -1.121589e+00 -1.754561e+00
7.882212e-01 -1.025367e+00 -1.753222e+00
7.883212e-01 -1.090421e+00 -1.751757e+00
7.884212e-01 -9.557973e-01 -1.750168e+00
7.885211e-01 -9.788523e-01 -1.748457e+00
7.886211e-01 -1.059828e+00 -1.746629e+00
7.887211e-01 -1.110871e+00 -1.744684e+00
7.888211e-01 -1.133772e+00 -1.742626e+00
7.889211e-01 -9.972270e-01 -1.740457e+00
7.890211e-01 -1.107265e+00 -1.738181e+00
7.891211e-01 -1.046651e+00 -1.735800e+00
7.892211e-01 -1.061207e+00 -1.733318e+00
7.893211e-01 -9.580467e-01 -1.730738e+00
7.894211e-01 -1.062906e+00 -1.728062e+00
7.895210e-01 -9.758190e-01 -1.725294e+00
7.896210e-01 -9.845143e-01 -1.722437e+00
7.897210e-01 -1.002460e+00 -1.719494e+00
7.898210e-01 -1.020972e+00 -1.716469e+00
7.899210e-01 -9.599980e-01 -1.713364e+00
7.900210e-01 -9.705115e-01 -1.710183e+00
7.901210e-01 -8.950859e-01 -1.706928e+00
7.902210e-01 -9.223871e-01 -1.703604e+00
7.903210e-01 -9.086670e-01 -1.700213e+00
7.904210e-01 -9.719756e-01 -1.696758e+00
7.905209e-01 -9.862204e-01 -1.693243e+00
7.906209e-01 -9.575995e-01 -1.689670e+00
7.907209e-01 -9.387508e-01 -1.686043e+00
7.908209e-01 -8.954277e-01 -1.682364e+00
7.909209e-01 -8.767683e-01 -1.678636e+00
7.910209e-01 -8.882208e-01 -1.674863e+00
7.911209e-01 -8.906196e-01 -1.671047e+00
7.912209e-01 -9.004314e-01 -1.667191e+00
7.913209e-01 -8.011393e-01 -1.663298e+00
7.914209e-01 -8.574817e-01 -1.659370e+00
7.915208e-01 -9.874346e-01 -1.655411e+00
7.916208e-01 -8.956360e-01 -1.651422e+00
7.917208e-01 -8.444972e-01 -1.647407e+00
7.918208e-01 -8.639570e-01 -1.643368e+00
7.919208e-01 -9.152343e-01 -1.639307e+00
7.920208e-01 -8.355930e-01 -1.635228e+00
7.921208e-01 -8.235604e-01 -1.631131e+00
7.922208e-01 -8.514073e-01 -1.627019e+00
7.923208e-01 -8.822863e-01 -1.622896e+00
7.924208e-01 -1.010682e+00 -1.618762e+00
7.925207e-01 -8.425358e-01 -1.614621e+00
7.926207e-01 -8.286612e-01 -1.610473e+00
7.927207e-01 -8.417438e-01 -1.606322e+00
7.928207e-01 -7.999153e-01 -1.602169e+00
7.929207e-01 -7.998509e-01 -1.598016e+00
7.930207e-01 -8.116275e-01 -1.593864e+00
7.931207e-01 -9.006366e-01 -1.589717e+00
7.932207e-01 -7.915742e-01 -1.585575e+00
7.933207e-01 -9.223436e-01 -1.581440e+00
7.934207e-01 -8.968346e-01 -1.577314e+00
7.935206e-01 -8.595781e-01 -1.573198e+00
7.936206e-01 -9.816479e-01 -1.569094e+00
7.937206e-01 -9.351369e-01 -1.565003e+00
7.938206e-01 -9.275069e-01 -1.560927e+00
7.939206e-01 -8.763541e-01 -1.556868e+00
7.940206e-01 -9.481039e-01 -1.552825e+00
7.941206e-01 -9.350507e-01 -1.548802e+00
7.942206e-01 -9.500315e-01 -1.544799e+00
7.943206e-01 -9.498506e-01 -1.540816e+00
7.944206e-01 -1.008302e+00 -1.536856e+00
7.945205e-01 -8.906140e-01 -1.532920e+00
7.946205e-01 -8.955213e-01 -1.529007e+00
7.947205e-01 -9.922990e-01 -1.525120e+00
7.948205e-01 -9.043191e-01 -1.521260e+00
7.949205e-01 -1.025609e+00 -1.517426e+00
7.950205e-01 -9.297634e-01 -1.513621e+00
7.951205e-01 -9.066818e-01 -1.509844e+00
7.952205e-01 -8.775711e-01 -1.506098e+00
7.953205e-01 -9.249885e-01 -1.502381e+00
7.954205e-01 -1.069892e+00 -1.498695e+00
7.955204e-01 -1.001535e+00 -1.495041e+00
7.956204e-01 -1.063042e+00 -1.491420e+00
7.957204e-01 -1.003687e+00 -1.487830e+00
7.958204e-01 -1.044800e+00 -1.484275e+00
7.959204e-01 -1.059937e+00 -1.480753e+00
7.960204e-01 -9.798338e-01 -1.477265e+00
7.961204e-01 -1.043856e+00 -1.473811e+00
7.962204e-01 -1.099793e+00 -1.470392e+00
7.963204e-01 -9.926105e-01 -1.467009e+00
7.964204e-01 -1.050511e+00 -1.463661e+00
7.965203e-01 -1.021238e+00 -1.460348e+00
7.966203e-01 -1.000108e+00 -1.457072e+00
7.967203e-01 -1.059239e+00 -1.453831e+00
7.968203e-01 -9.489920e-01 -1.450626e+00
7.969203e-01 -1.032757e+00 -1.447458e+00
7.970203e-01 -1.052168e+00 -1.444326e+00
7.971203e-01 -9.943497e-01 -1.441230e+00
7.972203e-01 -1.068521e+00 -1.438170e+00
7.973203e-01 -1.030650e+00 -1.435147e+00
7.974203e-01 -1.083597e+00 -1.432159e+00
7.975202e-01 -1.032065e+00 -1.429207e+00
7.976202e-01 -1.120572e+00 -1.426291e+00
7.977202e-01 -1.112498e+00 -1.423411e+00
7.978202e-01 -1.120499e+00 -1.420565e+00
7.979202e-01 -1.026792e+00 -1.417755e+00
7.980202e-01 -1.041207e+00 -1.414980e+00
7.981202e-01 -1.057889e+00 -1.412239e+00
7.982202e-01 -1.037246e+00 -1.409531e+00
7.983202e-01 -1.099143e+00 -1.406858e+00
7.984202e-01 -9.628732e-01 -1.404217e+00
7.985201e-01 -1.005490e+00 -1.401610e+00
7.986201e-01 -9.817040e-01 -1.399034e+00
7.987201e-01 -1.065044e+00 -1.396490e+00
7.988201e-01 -1.012143e+00 -1.393978e+00
7.989201e-01 -9.588676e-01 -1.391495e+00
7.990201e-01 -1.026714e+00 -1.389043e+00
7.991201e-01 -9.372684e-01 -1.386620e+00
7.992201e-01 -1.010536e+00 -1.384226e+00
7.993201e-01 -9.684961e-01 -1.381859e+00
7.994201e-01 -9.444265e-01 -1.379520e+00
7.995200e-01 -9.541223e-01 -1.377207e+00
7.996200e-01 -9.328160e-01 -1.374919e+00
7.997200e-01 -9.822387e-01 -1.372657e+00
7.998200e-01 -1.069280e+00 -1.370418e+00
7.999200e-01 -9.657675e-01 -1.368203e+00
8.000200e-01 -8.839360e-01 -1.366009e+00
8.001200e-01 -9.693088e-01 -1.363837e+00
8.002200e-01 -9.528344e-01 -1.361686e+00
8.003200e-01 -8.892368e-01 -1.359554e+00
8.004200e-01 -8.420685e-01 -1.357440e+00
8.005199e-01 -9.566184e-01 -1.355344e+00
8.006199e-01 -8.969165e-01 -1.353264e+00
8.007199e-01 -9.197403e-01 -1.351199e+00
8.008199e-01 -9.099133e-01 -1.349149e+00
8.009199e-01 -9.251833e-01 -1.347113e+00
8.010199e-01 -8.732106e-01 -1.345088e+00
8.011199e-01 -1.003889e+00 -1.343075e+00
8.012199e-01 -8.497593e-01 -1.341071e+00
8.013199e-01 -9.123076e-01 -1.339076e+00
8.014199e-01 -7.950613e-01 -1.337089e+00
8.015198e-01 -8.845891e-01 -1.335109e+00
8.016198e-01 -7.871150e-01 -1.333134e+00
8.017198e-01 -8.899791e-01 -1.331163e+00
8.018198e-01 -9.097473e-01 -1.329196e+00
8.019198e-01 -8.095824e-01 -1.327230e+00
8.020198e-01 -8.241610e-01 -1.325265e+00
8.021198e-01 -8.148242e-01 -1.323300e+00
8.022198e-01 -8.264868e-01 -1.321332e+00
8.023198e-01 -8.631612e-01 -1.319362e+00
8.024198e-01 -8.957683e-01 -1.317389e+00
8.025197e-01 -8.746537e-01 -1.315410e+00
8.026197e-01 -8.923682e-01 -1.313424e+00
8.027197e-01 -8.849358e-01 -1.311431e+00
8.028197e-01 -8.303923e-01 -1.309430e+00
8.029197e-01 -8.202626e-01 -1.307418e+00
8.030197e-01 -8.097175e-01 -1.305396e+00
8.031197e-01 -9.191359e-01 -1.303362e+00
8.032197e-01 -8.370328e-01 -1.301315e+00
8.033197e-01 -9.334126e-01 -1.299254e+00
8.034197e-01 -8.540320e-01 -1.297177e+00
8.035196e-01 -8.160078e-01 -1.295085e+00
8.036196e-01 -8.932104e-01 -1.292975e+00
8.037196e-01 -8.450510e-01 -1.290847e+00
8.038196e-01 -8.425255e-01 -1.288700e+00
8.039196e-01 -8.796544e-01 -1.286533e+00
8.040196e-01 -9.504761e-01 -1.284345e+00
8.041196e-01 -9.503508e-01 -1.282136e+00
8.042196e-01 -9.191091e-01 -1.279904e+00
8.043196e-01 -9.476853e-01 -1.277649e+00
8.044196e-01 -8.898203e-01 -1.275370e+00
8.045195e-01 -8.660665e-01 -1.273067e+00
8.046195e-01 -9.137146e-01 -1.270738e+00
8.047195e-01 -9.643210e-01 -1.268384e+00
8.048195e-01 -8.615343e-01 -1.266004e+00
8.049195e-01 -9.753596e-01 -1.263596e+00
8.050195e-01 -9.824844e-01 -1.261162e+00
8.051195e-01 -9.295016e-01 -1.258701e+00
8.052195e-01 -9.194100e-01 -1.256211e+00
8.053195e-01 -9.952319e-01 -1.253694e+00
8.054195e-01 -1.014931e+00 -1.251149e+00
8.055194e-01 -9.645195e-01 -1.248576e+00
8.056194e-01 -9.126250e-01 -1.245974e+00
8.057194e-01 -1.000622e+00 -1.243345e+00
8.058194e-01 -9.237793e-01 -1.240688e+00
8.059194e-01 -1.009302e+00 -1.238002e+00
8.060194e-01 -9.986225e-01 -1.235290e+00
8.061194e-01 -9.609487e-01 -1.232550e+00
8.062194e-01 -9.833363e-01 -1.229783e+00
8.063194e-01 -1.104244e+00 -1.226991e+00
8.064194e-01 -9.425527e-01 -1.224172e+00
8.065193e-01 -9.490632e-01 -1.221329e+00
8.066193e-01 -1.125345e+00 -1.218461e+00
8.067193e-01 -1.097297e+00 -1.215570e+00
8.068193e-01 -1.073124e+00 -1.212656e+00
8.069193e-01 -1.020503e+00 -1.209721e+00
8.070193e-01 -9.916179e-01 -1.206765e+00
8.071193e-01 -1.048278e+00 -1.203790e+00
8.072193e-01 -1.012430e+00 -1.200797e+00
8.073193e-01 -1.046334e+00 -1.197787e+00
8.074193e-01 -9.923553e-01 -1.194761e+00
8.075192e-01 -1.069775e+00 -1.191721e+00
8.076192e-01 -1.028391e+00 -1.188669e+00
8.077192e-01 -1.013022e+00 -1.185606e+00
8.078192e-01 -1.155854e+00 -1.182534e+00
8.079192e-01 -9.740611e-01 -1.179454e+00
8.080192e-01 -1.073739e+00 -1.176369e+00
8.081192e-01 -1.012963e+00 -1.173280e+00
8.082192e-01 -1.152676e+00 -1.170189e+00
8.083192e-01 -1.051649e+00 -1.167099e+00
8.084192e-01 -1.077562e+00 -1.164011e+00
8.085191e-01 -1.034840e+00 -1.160927e+00
8.086191e-01 -1.083464e+00 -1.157850e+00
8.087191e-01 -9.812473e-01 -1.154783e+00
8.088191e-01 -9.282014e-01 -1.151726e+00
8.089191e-01 -9.743582e-01 -1.148684e+00
8.090191e-01 -9.870661e-01 -1.145657e+00
8.091191e-01 -9.654852e-01 -1.142649e+00
8.092191e-01 -9.609156e-01 -1.139662e+00
8.093191e-01 -9.300619e-01 -1.136699e+00
8.094191e-01 -9.582504e-01 -1.133762e+00
8.095190e-01 -9.497231e-01 -1.130854e+00
8.096190e-01 -9.550074e-01 -1.127977e+00
8.097190e-01 -9.896669e-01 -1.125133e+00
8.098190e-01 -1.019169e+00 -1.122326e+00
8.099190e-01 -9.146375e-01 -1.119559e+00
8.100190e-01 -9.575938e-01 -1.116832e+00
8.101190e-01 -8.745685e-01 -1.114150e+00
8.102190e-01 -8.956671e-01 -1.111515e+00
8.103190e-01 -9.205030e-01 -1.108929e+00
8.104190e-01 -9.061907e-01 -1.106395e+00
8.105189e-01 -9.282746e-01 -1.103914e+00
8.106189e-01 -9.084869e-01 -1.101491e+00
8.107189e-01 -8.422932e-01 -1.099126e+00
8.108189e-01 -8.735303e-01 -1.096823e+00
8.109189e-01 -8.679457e-01 -1.094584e+00
8.110189e-01 -9.082421e-01 -1.092409e+00
8.111189e-01 -8.893106e-01 -1.090303e+00
8.112189e-01 -8.477074e-01 -1.088267e+00
8.113189e-01 -8.951171e-01 -1.086302e+00
8.114189e-01 -9.261513e-01 -1.084410e+00
8.115188e-01 -8.191155e-01 -1.082593e+00
8.116188e-01 -8.416484e-01 -1.080853e+00
8.117188e-01 -8.578339e-01 -1.079191e+00
8.118188e-01 -8.704419e-01 -1.077608e+00
8.119188e-01 -7.826340e-01 -1.076106e+00
8.120188e-01 -8.023620e-01 -1.074685e+00
8.121188e-01 -8.342403e-01 -1.073346e+00
8.122188e-01 -9.346259e-01 -1.072090e+00
8.123188e-01 -8.027187e-01 -1.070917e+00
8.124188e-01 -9.048053e-01 -1.069827e+00
8.125187e-01 -8.205488e-01 -1.068821e+00
8.126187e-01 -7.149548e-01 -1.067898e+00
8.127187e-01 -8.195719e-01 -1.067059e+00
8.128187e-01 -7.344287e-01 -1.066301e+00
8.129187e-01 -8.554360e-01 -1.065626e+00
8.130187e-01 -8.722138e-01 -1.065030e+00
8.131187e-01 -8.160837e-01 -1.064514e+00
8.132187e-01 -8.931607e-01 -1.064075e+00
8.133187e-01 -8.729763e-01 -1.063712e+00
8.134187e-01 -7.898499e-01 -1.063423e+00
8.135186e-01 -7.896922e-01 -1.063204e+00
8.136186e-01 -7.862006e-01 -1.063054e+00
8.137186e-01 -8.657786e-01 -1.062969e+00
8.138186e-01 -8.082706e-01 -1.062946e+00
8.139186e-01 -7.629006e-01 -1.062981e+00
8.140186e-01 -8.199556e-01 -1.063070e+00
8.141186e-01 -7.809243e-01 -1.063209e+00
8.142186e-01 -9.138939e-01 -1.063393e+00
8.143186e-01 -7.347684e-01 -1.063617e+00
8.144186e-01 -8.242166e-01 -1.063876e+00
8.145185e-01 -8.153256e-01 -1.064163e+00
8.146185e-01 -8.775134e-01 -1.064474e+00
8.147185e-01 -8.759373e-01 -1.064800e+00
8.148185e-01 -8.800529e-01 -1.065137e+00
8.149185e-01 -8.512091e-01 -1.065475e+00
8.150185e-01 -9.198163e-01 -1.065808e+00
8.151185e-01 -9.648421e-01 -1.066128e+00
8.152185e-01 -9.082536e-01 -1.066427e+00
8.153185e-01 -9.752111e-01 -1.066695e+00
8.154185e-01 -9.377336e-01 -1.066925e+00
8.155184e-01 -9.327821e-01 -1.067105e+00
8.156184e-01 -9.037031e-01 -1.067228e+00
8.157184e-01 -9.336718e-01 -1.067283e+00
8.158184e-01 -9.503098e-01 -1.067260e+00
8.159184e-01 -9.469654e-01 -1.067147e+00
8.160184e-01 -1.025679e+00 -1.066936e+00
8.161184e-01 -9.970629e-01 -1.066614e+00
8.162184e-01 -9.786843e-01 -1.066171e+00
8.163184e-01 -1.026328e+00 -1.065596e+00
8.164184e-01 -9.579068e-01 -1.064876e+00
8.165183e-01 -1.043759e+00 -1.064002e+00
8.166183e-01 -9.268775e-01 -1.062961e+00
8.167183e-01 -1.070108e+00 -1.061742e+00
8.168183e-01 -9.974654e-01 -1.060333e+00
8.169183e-01 -1.053196e+00 -1.058725e+00
8.170183e-01 -1.030617e+00 -1.056906e+00
8.171183e-01 -9.883992e-01 -1.054865e+00
8.172183e-01 -9.474714e-01 -1.052593e+00
8.173183e-01 -9.966141e-01 -1.050080e+00
8.174183e-01 -1.017173e+00 -1.047317e+00
8.175182e-01 -9.779903e-01 -1.044295e+00
8.176182e-01 -9.732386e-01 -1.041007e+00
8.177182e-01 -1.066565e+00 -1.037446e+00
8.178182e-01 -9.800140e-01 -1.033606e+00
8.179182e-01 -9.706621e-01 -1.029482e+00
8.180182e-01 -1.133172e+00 -1.025070e+00
8.181182e-01 -1.029854e+00 -1.020367e+00
8.182182e-01 -1.012895e+00 -1.015373e+00
8.183182e-01 -9.704842e-01 -1.010087e+00
8.184182e-01 -1.027431e+00 -1.004510e+00
8.185181e-01 -9.454488e-01 -9.986456e-01
8.186181e-01 -1.028656e+00 -9.924982e-01
8.187181e-01 -8.937501e-01 -9.860739e-01
8.188181e-01 -9.470198e-01 -9.793804e-01
8.189181e-01 -1.006427e+00 -9.724272e-01
8.190181e-01 -9.647862e-01 -9.652254e-01
8.191181e-01 -1.025566e+00 -9.577879e-01
8.192181e-01 -9.452640e-01 -9.501293e-01
8.193181e-01 -1.018130e+00 -9.422658e-01
8.194181e-01 -9.901152e-01 -9.342152e-01
8.195180e-01 -9.073587e-01 -9.259970e-01
8.196180e-01 -9.675391e-01 -9.176319e-01
8.197180e-01 -9.538896e-01 -9.091422e-01
8.198180e-01 -9.373108e-01 -9.005513e-01
8.199180e-01 -9.808492e-01 -8.918837e-01
8.200180e-01 -8.794776e-01 -8.831651e-01
8.201180e-01 -9.012741e-01 -8.744217e-01
8.202180e-01 -9.327994e-01 -8.656805e-01
8.203180e-01 -8.964135e-01 -8.569690e-01
8.204180e-01 -9.178587e-01 -8.483148e-01
8.205179e-01 -9.272435e-01 -8.397458e-01
8.206179e-01 -8.434633e-01 -8.312896e-01
8.207179e-01 -8.150050e-01 -8.229736e-01
8.208179e-01 -7.900267e-01 -8.148248e-01
8.209179e-01 -8.487902e-01 -8.068693e-01
8.210179e-01 -8.923260e-01 -7.991325e-01
8.211179e-01 -7.923674e-01 -7.916387e-01
8.212179e-01 -7.561976e-01 -7.844111e-01
8.213179e-01 -8.258650e-01 -7.774716e-01
8.214179e-01 -7.806691e-01 -7.708405e-01
8.215178e-01 -8.295858e-01 -7.645366e-01
8.216178e-01 -8.041589e-01 -7.585771e-01
8.217178e-01 -8.538179e-01 -7.529773e-01
8.218178e-01 -7.808175e-01 -7.477508e-01
8.219178e-01 -7.176337e-01 -7.429092e-01
8.220178e-01 -8.648878e-01 -7.384624e-01
8.221178e-01 -8.002269e-01 -7.344181e-01
8.222178e-01 -8.334401e-01 -7.307823e-01
8.223178e-01 -7.643996e-01 -7.275589e-01
8.224178e-01 -8.585895e-01 -7.247500e-01
8.225177e-01 -8.126138e-01 -7.223559e-01
8.226177e-01 -8.348948e-01 -7.203749e-01
8.227177e-01 -7.874183e-01 -7.188036e-01
8.228177e-01 -8.276136e-01 -7.176370e-01
8.229177e-01 -8.060861e-01 -7.168683e-01
8.230177e-01 -8.325387e-01 -7.164893e-01
8.231177e-01 -8.315134e-01 -7.164900e-01
8.232177e-01 -8.280630e-01 -7.168594e-01
8.233177e-01 -8.453658e-01 -7.175849e-01
8.234177e-01 -7.260923e-01 -7.186526e-01
8.235176e-01 -8.080769e-01 -7.200477e-01
8.236176e-01 -8.366461e-01 -7.217541e-01
8.237176e-01 -8.666616e-01 -7.237547e-01
8.238176e-01 -9.082136e-01 -7.260317e-01
8.239176e-01 -7.793988e-01 -7.285661e-01
8.240176e-01 -8.131391e-01 -7.313384e-01
8.241176e-01 -8.056861e-01 -7.343284e-01
8.242176e-01 -7.802706e-01 -7.375152e-01
8.243176e-01 -7.985206e-01 -7.408772e-01
8.244176e-01 -7.836963e-01 -7.443926e-01
8.245175e-01 -8.013617e-01 -7.480391e-01
8.246175e-01 -9.262692e-01 -7.517939e-01
8.247175e-01 -8.999066e-01 -7.556341e-01
8.248175e-01 -8.517072e-01 -7.595364e-01
8.249175e-01 -8.607006e-01 -7.634776e-01
8.250175e-01 -9.660625e-01 -7.674341e-01
8.251175e-01 -9.128052e-01 -7.713824e-01
8.252175e-01 -9.007803e-01 -7.752991e-01
8.253175e-01 -9.549585e-01 -7.791608e-01
8.254175e-01 -9.051891e-01 -7.829442e-01
8.255174e-01 -8.638107e-01 -7.866264e-01
8.256174e-01 -8.907969e-01 -7.901847e-01
8.257174e-01 -9.201431e-01 -7.935966e-01
8.258174e-01 -9.679913e-01 -7.968403e-01
8.259174e-01 -9.384931e-01 -7.998944e-01
8.260174e-01 -9.991712e-01 -8.027380e-01
8.261174e-01 -9.822667e-01 -8.053510e-01
8.262174e-01 -9.259695e-01 -8.077139e-01
8.263174e-01 -9.843180e-01 -8.098082e-01
8.264174e-01 -9.165502e-01 -8.116162e-01
8.265173e-01 -9.776274e-01 -8.131212e-01
8.266173e-01 -1.023068e+00 -8.143076e-01
8.267173e-01 -9.876625e-01 -8.151610e-01
8.268173e-01 -9.885345e-01 -8.156680e-01
8.269173e-01 -9.575936e-01 -8.158169e-01
8.270173e-01 -9.713802e-01 -8.155971e-01
8.271173e-01 -9.672790e-01 -8.149996e-01
8.272173e-01 -1.053722e+00 -8.140170e-01
8.273173e-01 -9.806069e-01 -8.126435e-01
8.274173e-01 -1.049024e+00 -8.108747e-01
8.275172e-01 -1.022829e+00 -8.087084e-01
8.276172e-01 -1.007185e+00 -8.061436e-01
8.277172e-01 -9.803258e-01 -8.031816e-01
8.278172e-01 -9.449444e-01 -7.998251e-01
8.279172e-01 -9.947322e-01 -7.960789e-01
8.280172e-01 -9.689668e-01 -7.919494e-01
8.281172e-01 -1.004113e+00 -7.874450e-01
8.282172e-01 -9.991466e-01 -7.825756e-01
8.283172e-01 -9.039978e-01 -7.773530e-01
8.284172e-01 -9.600688e-01 -7.717907e-01
8.285171e-01 -9.103781e-01 -7.659035e-01
8.286171e-01 -1.010019e+00 -7.597080e-01
8.287171e-01 -9.741562e-01 -7.532221e-01
8.288171e-01 -9.475695e-01 -7.464650e-01
8.289171e-01 -9.820411e-01 -7.394570e-01
8.290171e-01 -8.295851e-01 -7.322195e-01
8.291171e-01 -9.277059e-01 -7.247748e-01
8.292171e-01 -1.001597e+00 -7.171461e-01
8.293171e-01 -8.620862e-01 -7.093571e-01
8.294171e-01 -9.190180e-01 -7.014318e-01
8.295170e-01 -9.250037e-01 -6.933949e-01
8.296170e-01 -8.628610e-01 -6.852711e-01
8.297170e-01 -8.780499e-01 -6.770850e-01
8.298170e-01 -8.413518e-01 -6.688613e-01
8.299170e-01 -9.489770e-01 -6.606244e-01
8.300170e-01 -8.585989e-01 -6.523983e-01
8.301170e-01 -8.983051e-01 -6.442065e-01
8.302170e-01 -8.310030e-01 -6.360721e-01
8.303170e-01 -8.970749e-01 -6.280172e-01
8.304170e-01 -9.506013e-01 -6.200634e-01
8.305169e-01 -8.469586e-01 -6.122314e-01
8.306169e-01 -8.496075e-01 -6.045409e-01
8.307169e-01 -7.495803e-01 -5.970109e-01
8.308169e-01 -6.931281e-01 -5.896592e-01
8.309169e-01 -8.126090e-01 -5.825028e-01
8.310169e-01 -8.966616e-01 -5.755575e-01
8.311169e-01 -7.040669e-01 -5.688384e-01
8.312169e-01 -7.215491e-01 -5.623594e-01
8.313169e-01 -7.898069e-01 -5.561336e-01
8.314169e-01 -8.723678e-01 -5.501731e-01
8.315168e-01 -8.476630e-01 -5.444891e-01
8.316168e-01 -8.121531e-01 -5.390920e-01
8.317168e-01 -7.087021e-01 -5.339914e-01
8.318168e-01 -7.159915e-01 -5.291962e-01
8.319168e-01 -7.251357e-01 -5.247146e-01
8.320168e-01 -8.320772e-01 -5.205539e-01
8.321168e-01 -7.146763e-01 -5.167211e-01
8.322168e-01 -7.944703e-01 -5.132223e-01
8.323168e-01 -7.725100e-01 -5.100633e-01
8.324168e-01 -8.216104e-01 -5.072491e-01
8.325167e-01 -7.757529e-01 -5.047844e-01
8.326167e-01 -7.601174e-01 -5.026733e-01
8.327167e-01 -6.680093e-01 -5.009191e-01
8.328167e-01 -7.745543e-01 -4.995249e-01
8.329167e-01 -8.170291e-01 -4.984931e-01
8.330167e-01 -7.750513e-01 -4.978252e-01
8.331167e-01 -7.576356e-01 -4.975223e-01
8.332167e-01 -7.692846e-01 -4.975847e-01
8.333167e-01 -7.008046e-01 -4.980116e-01
8.334167e-01 -7.772718e-01 -4.988015e-01
8.335166e-01 -7.702861e-01 -4.999518e-01
8.336166e-01 -7.725983e-01 -5.014586e-01
8.337166e-01 -8.556473e-01 -5.033170e-01
8.338166e-01 -8.147214e-01 -5.055205e-01
8.339166e-01 -8.262909e-01 -5.080610e-01
8.340166e-01 -7.832760e-01 -5.109291e-01
8.341166e-01 -7.858993e-01 -5.141134e-01
8.342166e-01 -7.715519e-01 -5.176008e-01
8.343166e-01 -8.137016e-01 -5.213762e-01
8.344166e-01 -7.913725e-01 -5.254225e-01
8.345165e-01 -7.826730e-01 -5.297206e-01
8.346165e-01 -8.803916e-01 -5.342493e-01
8.347165e-01 -8.489284e-01 -5.389853e-01
8.348165e-01 -8.163811e-01 -5.439033e-01
8.349165e-01 -8.882056e-01 -5.489760e-01
8.350165e-01 -8.512049e-01 -5.541743e-01
8.351165e-01 -9.127521e-01 -5.594672e-01
8.352165e-01 -8.720040e-01 -5.648222e-01
8.353165e-01 -8.273314e-01 -5.702056e-01
8.354165e-01 -8.364534e-01 -5.755823e-01
8.355164e-01 -8.781302e-01 -5.809165e-01
8.356164e-01 -8.203853e-01 -5.861717e-01
8.357164e-01 -9.197952e-01 -5.913114e-01
8.358164e-01 -9.470360e-01 -5.962989e-01
8.359164e-01 -9.617437e-01 -6.010982e-01
8.360164e-01 -8.512044e-01 -6.056738e-01
8.361164e-01 -9.063173e-01 -6.099916e-01
8.362164e-01 -8.792434e-01 -6.140186e-01
8.363164e-01 -9.217372e-01 -6.177240e-01
8.364164e-01 -8.980850e-01 -6.210788e-01
8.365163e-01 -9.950818e-01 -6.240563e-01
8.366163e-01 -8.876066e-01 -6.266325e-01
8.367163e-01 -9.001815e-01 -6.287864e-01
8.368163e-01 -9.944019e-01 -6.304994e-01
8.369163e-01 -9.607896e-01 -6.317565e-01
8.370163e-01 -9.525694e-01 -6.325457e-01
8.371163e-01 -9.424995e-01 -6.328581e-01
8.372163e-01 -9.479887e-01 -6.326882e-01
8.373163e-01 -9.929704e-01 -6.320335e-01
8.374163e-01 -9.310348e-01 -6.308947e-01
8.375162e-01 -9.374498e-01 -6.292757e-01
8.376162e-01 -1.030123e+00 -6.271830e-01
8.377162e-01 -1.041093e+00 -6.246261e-01
8.378162e-01 -8.374683e-01 -6.216169e-01
8.379162e-01 -9.057643e-01 -6.181697e-01
8.380162e-01 -8.735023e-01 -6.143012e-01
8.381162e-01 -8.569737e-01 -6.100297e-01
8.382162e-01 -9.624930e-01 -6.053757e-01
8.383162e-01 -9.324424e-01 -6.003609e-01
8.384162e-01 -8.522148e-01 -5.950085e-01
8.385161e-01 -9.421213e-01 -5.893428e-01
8.386161e-01 -9.576077e-01 -5.833888e-01
8.387161e-01 -9.518613e-01 -5.771725e-01
8.388161e-01 -8.906620e-01 -5.707203e-01
8.389161e-01 -8.813072e-01 -5.640588e-01
8.390161e-01 -9.201022e-01 -5.572148e-01
8.391161e-01 -9.229288e-01 -5.502153e-01
8.392161e-01 -8.591308e-01 -5.430870e-01
8.393161e-01 -9.356184e-01 -5.358561e-01
8.394161e-01 -9.108462e-01 -5.285487e-01
8.395160e-01 -8.349171e-01 -5.211903e-01
8.396160e-01 -8.463050e-01 -5.138055e-01
8.397160e-01 -9.132989e-01 -5.064186e-01
8.398160e-01 -9.079471e-01 -4.990528e-01
8.399160e-01 -8.515501e-01 -4.917304e-01
8.400160e-01 -8.750968e-01 -4.844730e-01
8.401160e-01 -8.830077e-01 -4.773011e-01
8.402160e-01 -9.151526e-01 -4.702340e-01
8.403160e-01 -8.760295e-01 -4.632902e-01
8.404160e-01 -7.287321e-01 -4.564869e-01
8.405159e-01 -8.010524e-01 -4.498404e-01
8.406159e-01 -8.004506e-01 -4.433656e-01
8.407159e-01 -9.043196e-01 -4.370764e-01
8.408159e-01 -7.600548e-01 -4.309857e-01
8.409159e-01 -7.976196e-01 -4.251049e-01
8.410159e-01 -7.523852e-01 -4.194445e-01
8.411159e-01 -8.140757e-01 -4.140139e-01
8.412159e-01 -7.511203e-01 -4.088213e-01
8.413159e-01 -8.214079e-01 -4.038737e-01
8.414159e-01 -8.328926e-01 -3.991770e-01
8.415158e-01 -7.676397e-01 -3.947363e-01
8.416158e-01 -7.775191e-01 -3.905554e-01
8.417158e-01 -7.471815e-01 -3.866371e-01
8.418158e-01 -8.508493e-01 -3.829833e-01
8.419158e-01 -7.398698e-01 -3.795948e-01
8.420158e-01 -7.943813e-01 -3.764716e-01
8.421158e-01 -6.937781e-01 -3.736127e-01
8.422158e-01 -7.873463e-01 -3.710162e-01
8.423158e-01 -6.746893e-01 -3.686796e-01
8.424158e-01 -7.610446e-01 -3.665992e-01
8.425157e-01 -6.883169e-01 -3.647710e-01
8.426157e-01 -6.829242e-01 -3.631898e-01
8.427157e-01 -7.337182e-01 -3.618502e-01
8.428157e-01 -7.280347e-01 -3.607458e-01
8.429157e-01 -7.288400e-01 -3.598698e-01
8.430157e-01 -7.210372e-01 -3.592148e-01
8.431157e-01 -7.986173e-01 -3.587728e-01
8.432157e-01 -7.872162e-01 -3.585354e-01
8.433157e-01 -7.327326e-01 -3.584939e-01
8.434157e-01 -8.031252e-01 -3.586389e-01
8.435156e-01 -7.029941e-01 -3.589611e-01
8.436156e-01 -7.520691e-01 -3.594506e-01
8.437156e-01 -7.872709e-01 -3.600972e-01
8.438156e-01 -6.462854e-01 -3.608908e-01
8.439156e-01 -6.917420e-01 -3.618210e-01
8.440156e-01 -7.349114e-01 -3.628771e-01
8.441156e-01 -7.411971e-01 -3.640485e-01
8.442156e-01 -8.310493e-01 -3.653246e-01
8.443156e-01 -8.556941e-01 -3.666947e-01
8.444156e-01 -7.855306e-01 -3.681482e-01
8.445155e-01 -7.976563e-01 -3.696745e-01
8.446155e-01 -7.768359e-01 -3.712632e-01
8.447155e-01 -7.771658e-01 -3.729040e-01
8.448155e-01 -8.493035e-01 -3.745867e-01
8.449155e-01 -8.707741e-01 -3.763014e-01
8.450155e-01 -8.757966e-01 -3.780384e-01
8.451155e-01 -8.202501e-01 -3.797883e-01
8.452155e-01 -8.520626e-01 -3.815418e-01
8.453155e-01 -8.871139e-01 -3.832901e-01
8.454155e-01 -7.884202e-01 -3.850245e-01
8.455154e-01 -8.140614e-01 -3.867370e-01
8.456154e-01 -8.669178e-01 -3.884195e-01
8.457154e-01 -8.523574e-01 -3.900645e-01
8.458154e-01 -8.833948e-01 -3.916649e-01
8.459154e-01 -8.900090e-01 -3.932138e-01
8.460154e-01 -8.269744e-01 -3.947049e-01
8.461154e-01 -8.465102e-01 -3.961321e-01
8.462154e-01 -8.520044e-01 -3.974897e-01
8.463154e-01 -8.980552e-01 -3.987726e-01
8.464154e-01 -9.446480e-01 -3.999758e-01
8.465153e-01 -8.674818e-01 -4.010949e-01
8.466153e-01 -9.383309e-01 -4.021258e-01
8.467153e-01 -9.066613e-01 -4.030648e-01
8.468153e-01 -9.288832e-01 -4.039084e-01
8.469153e-01 -8.622565e-01 -4.046538e-01
8.470153e-01 -8.869376e-01 -4.052984e-01
8.471153e-01 -8.491364e-01 -4.058397e-01
8.472153e-01 -9.055994e-01 -4.062759e-01
8.473153e-01 -9.670915e-01 -4.066054e-01
8.474153e-01 -9.039978e-01 -4.068268e-01
8.475152e-01 -9.752869e-01 -4.069391e-01
8.476152e-01 -9.133049e-01 -4.069416e-01
8.477152e-01 -8.981960e-01 -4.068339e-01
8.478152e-01 -9.857294e-01 -4.066157e-01
8.479152e-01 -9.099192e-01 -4.062871e-01
8.480152e-01 -8.965657e-01 -4.058484e-01
8.481152e-01 -8.832094e-01 -4.053001e-01
8.482152e-01 -9.121653e-01 -4.046429e-01
8.483152e-01 -8.661188e-01 -4.038778e-01
8.484152e-01 -8.789483e-01 -4.030058e-01
8.485151e-01 -9.019814e-01 -4.020282e-01
8.486151e-01 -8.539612e-01 -4.009464e-01
8.487151e-01 -8.185280e-01 -3.997620e-01
8.488151e-01 -7.902172e-01 -3.984767e-01
8.489151e-01 -8.932118e-01 -3.970923e-01
8.490151e-01 -7.939093e-01 -3.956108e-01
8.491151e-01 -8.319726e-01 -3.940340e-01
8.492151e-01 -8.363826e-01 -3.923643e-01
8.493151e-01 -8.214060e-01 -3.906037e-01
8.494151e-01 -8.463946e-01 -3.887545e-01
8.495150e-01 -8.477016e-01 -3.868191e-01
8.496150e-01 -8.573735e-01 -3.847997e-01
8.497150e-01 -9.404921e-01 -3.826989e-01
8.498150e-01 -8.207506e-01 -3.805191e-01
8.499150e-01 -8.527811e-01 -3.782627e-01
8.500150e-01 -7.980657e-01 -3.759323e-01
8.501150e-01 -8.257100e-01 -3.735303e-01
8.502150e-01 -8.192963e-01 -3.710593e-01
8.503150e-01 -8.844186e-01 -3.685217e-01
8.504150e-01 -7.582302e-01 -3.659202e-01
8.505149e-01 -8.562290e-01 -3.632573e-01
8.506149e-01 -7.617980e-01 -3.605353e-01
8.507149e-01 -7.811918e-01 -3.577569e-01
8.508149e-01 -7.798370e-01 -3.549244e-01
8.509149e-01 -7.559214e-01 -3.520403e-01
8.510149e-01 -8.141007e-01 -3.491070e-01
8.511149e-01 -7.625224e-01 -3.461270e-01
8.512149e-01 -7.236852e-01 -3.431025e-01
8.513149e-01 -7.106433e-01 -3.400358e-01
8.514149e-01 -6.538931e-01 -3.369293e-01
8.515148e-01 -7.065494e-01 -3.337852e-01
8.516148e-01 -7.806456e-01 -3.306056e-01
8.517148e-01 -6.502194e-01 -3.273928e-01
8.518148e-01 -6.303216e-01 -3.241488e-01
8.519148e-01 -6.788009e-01 -3.208757e-01
8.520148e-01 -7.033245e-01 -3.175755e-01
8.521148e-01 -6.986098e-01 -3.142503e-01
8.522148e-01 -6.748291e-01 -3.109018e-01
8.523148e-01 -6.192529e-01 -3.075321e-01
8.524148e-01 -6.671907e-01 -3.041429e-01
8.525147e-01 -7.185156e-01 -3.007360e-01
8.526147e-01 -6.171939e-01 -2.973132e-01
8.527147e-01 -7.165606e-01 -2.938761e-01
8.528147e-01 -8.376598e-01 -2.904264e-01
8.529147e-01 -7.315177e-01 -2.869658e-01
8.530147e-01 -6.897497e-01 -2.834956e-01
8.531147e-01 -6.506482e-01 -2.800175e-01
8.532147e-01 -6.184289e-01 -2.765329e-01
8.533147e-01 -7.504662e-01 -2.730432e-01
8.534147e-01 -6.056665e-01 -2.695497e-01
8.535146e-01 -6.910556e-01 -2.660539e-01
8.536146e-01 -8.064667e-01 -2.625569e-01
8.537146e-01 -7.665601e-01 -2.590599e-01
8.538146e-01 -7.789121e-01 -2.555642e-01
8.539146e-01 -8.172924e-01 -2.520710e-01
8.540146e-01 -7.711441e-01 -2.485812e-01
8.541146e-01 -8.254576e-01 -2.450960e-01
8.542146e-01 -7.206468e-01 -2.416165e-01
8.543146e-01 -8.396946e-01 -2.381435e-01
8.544146e-01 -7.486651e-01 -2.346780e-01
8.545145e-01 -6.884576e-01 -2.312209e-01
8.546145e-01 -8.100878e-01 -2.277732e-01
8.547145e-01 -7.735070e-01 -2.243355e-01
8.548145e-01 -8.277632e-01 -2.209088e-01
8.549145e-01 -7.172663e-01 -2.174938e-01
8.550145e-01 -8.351735e-01 -2.140912e-01
8.551145e-01 -7.704308e-01 -2.107017e-01
8.552145e-01 -7.998940e-01 -2.073260e-01
8.553145e-01 -8.531591e-01 -2.039647e-01
8.554145e-01 -8.977626e-01 -2.006185e-01
8.555144e-01 -8.732078e-01 -1.972878e-01
8.556144e-01 -8.503070e-01 -1.939733e-01
8.557144e-01 -8.836648e-01 -1.906754e-01
8.558144e-01 -8.457887e-01 -1.873947e-01
8.559144e-01 -9.337191e-01 -1.841315e-01
8.560144e-01 -8.198602e-01 -1.808865e-01
8.561144e-01 -8.270714e-01 -1.776599e-01
8.562144e-01 -7.418185e-01 -1.744521e-01
8.563144e-01 -7.689094e-01 -1.712635e-01
8.564144e-01 -8.097460e-01 -1.680945e-01
8.565143e-01 -8.858295e-01 -1.649454e-01
8.566143e-01 -8.107010e-01 -1.618165e-01
8.567143e-01 -9.248881e-01 -1.587080e-01
8.568143e-01 -8.905961e-01 -1.556202e-01
8.569143e-01 -8.857165e-01 -1.525533e-01
8.570143e-01 -8.413492e-01 -1.495077e-01
8.571143e-01 -8.732727e-01 -1.464834e-01
8.572143e-01 -8.389626e-01 -1.434806e-01
8.573143e-01 -8.907367e-01 -1.404996e-01
8.574143e-01 -9.380243e-01 -1.375405e-01
8.575142e-01 -8.407236e-01 -1.346033e-01
8.576142e-01 -8.115384e-01 -1.316883e-01
8.577142e-01 -8.966735e-01 -1.287955e-01
8.578142e-01 -8.261500e-01 -1.259250e-01
8.579142e-01 -8.026955e-01 -1.230770e-01
8.580142e-01 -8.056352e-01 -1.202513e-01
8.581142e-01 -9.002486e-01 -1.174482e-01
8.582142e-01 -8.440759e-01 -1.146677e-01
8.583142e-01 -8.115532e-01 -1.119097e-01
8.584142e-01 -9.131700e-01 -1.091742e-01
8.585141e-01 -8.755400e-01 -1.064614e-01
8.586141e-01 -8.929746e-01 -1.037712e-01
8.587141e-01 -7.569532e-01 -1.011035e-01
8.588141e-01 -8.904644e-01 -9.845831e-02
8.589141e-01 -9.106110e-01 -9.583566e-02
8.590141e-01 -7.931791e-01 -9.323546e-02
8.591141e-01 -7.753316e-01 -9.065766e-02
8.592141e-01 -7.724472e-01 -8.810220e-02
8.593141e-01 -8.390553e-01 -8.556901e-02
8.594141e-01 -8.774032e-01 -8.305801e-02
8.595140e-01 -8.277328e-01 -8.056911e-02
8.596140e-01 -8.523668e-01 -7.810223e-02
8.597140e-01 -7.961302e-01 -7.565727e-02
8.598140e-01 -8.235820e-01 -7.323412e-02
8.599140e-01 -8.561087e-01 -7.083267e-02
8.600140e-01 -7.611465e-01 -6.845282e-02
8.601140e-01 -7.844131e-01 -6.609443e-02
8.602140e-01 -8.185152e-01 -6.375738e-02
8.603140e-01 -7.073500e-01 -6.144155e-02
8.604140e-01 -6.914461e-01 -5.914679e-02
8.605139e-01 -8.314825e-01 -5.687297e-02
8.606139e-01 -7.008179e-01 -5.461995e-02
8.607139e-01 -7.395847e-01 -5.238758e-02
8.608139e-01 -7.118345e-01 -5.017570e-02
8.609139e-01 -6.851497e-01 -4.798417e-02
8.610139e-01 -6.204958e-01 -4.581283e-02
8.611139e-01 -7.287352e-01 -4.366151e-02
8.612139e-01 -6.687161e-01 -4.153007e-02
8.613139e-01 -6.852817e-01 -3.941833e-02
8.614139e-01 -7.620071e-01 -3.732612e-02
8.615138e-01 -6.928908e-01 -3.525328e-02
8.616138e-01 -6.087482e-01 -3.319964e-02
8.617138e-01 -6.778196e-01 -3.116503e-02
8.618138e-01 -7.128783e-01 -2.914927e-02
8.619138e-01 -6.707148e-01 -2.715219e-02
8.620138e-01 -6.934726e-01 -2.517360e-02
8.621138e-01 -6.759202e-01 -2.321335e-02
8.622138e-01 -6.817776e-01 -2.127124e-02
8.623138e-01 -6.073179e-01 -1.934709e-02
8.624138e-01 -6.159395e-01 -1.744074e-02
8.625137e-01 -6.416244e-01 -1.555199e-02
8.626137e-01 -6.051282e-01 -1.368068e-02
8.627137e-01 -6.740977e-01 -1.182661e-02
8.628137e-01 -6.196552e-01 -9.989614e-03
8.629137e-01 -6.283288e-01 -8.169506e-03
8.630137e-01 -7.033241e-01 -6.366106e-03
8.631137e-01 -6.025376e-01 -4.579236e-03
8.632137e-01 -6.011130e-01 -2.808715e-03
8.633137e-01 -7.032075e-01 -1.054366e-03
8.634137e-01 -6.399483e-01 6.839904e-04
8.635136e-01 -6.802844e-01 2.406532e-03
8.636136e-01 -6.413216e-01 4.113435e-03
8.637136e-01 -7.210625e-01 5.804875e-03
8.638136e-01 -7.583330e-01 7.481029e-03
8.639136e-01 -7.322028e-01 9.142070e-03
8.640136e-01 -7.437831e-01 1.078817e-02
8.641136e-01 -7.109225e-01 1.241950e-02
8.642136e-01 -7.622110e-01 1.403624e-02
8.643136e-01 -7.158985e-01 1.563855e-02
8.644136e-01 -6.486475e-01 1.722660e-02
8.645135e-01 -6.588682e-01 1.880055e-02
8.646135e-01 -7.243234e-01 2.036058e-02
8.647135e-01 -7.142139e-01 2.190685e-02
8.648135e-01 -7.000316e-01 2.343952e-02
8.649135e-01 -7.011810e-01 2.495875e-02
8.650135e-01 -8.373369e-01 2.646470e-02
8.651135e-01 -6.770907e-01 2.795752e-02
8.652135e-01 -7.693609e-01 2.943738e-02
8.653135e-01 -8.138592e-01 3.090443e-02
8.654135e-01 -6.807383e-01 3.235882e-02
8.655134e-01 -7.911145e-01 3.380071e-02
8.656134e-01 -7.881019e-01 3.523023e-02
8.657134e-01 -8.638121e-01 3.664755e-02
8.658134e-01 -7.994480e-01 3.805280e-02
8.659134e-01 -7.739514e-01 3.944613e-02
8.660134e-01 -8.185379e-01 4.082768e-02
8.661134e-01 -8.216628e-01 4.219760e-02
8.662134e-01 -8.418300e-01 4.355601e-02
8.663134e-01 -8.140412e-01 4.490306e-02
8.664134e-01 -9.381499e-01 4.623889e-02
8.665133e-01 -8.329174e-01 4.756362e-02
8.666133e-01 -8.726548e-01 4.887738e-02
8.667133e-01 -8.888761e-01 5.018032e-02
8.668133e-01 -8.980167e-01 5.147255e-02
8.669133e-01 -7.668582e-01 5.275419e-02
8.670133e-01 -8.184959e-01 5.402539e-02
8.671133e-01 -8.586317e-01 5.528625e-02
8.672133e-01 -7.910677e-01 5.653690e-02
8.673133e-01 -7.971491e-01 5.777745e-02
8.674133e-01 -8.373274e-01 5.900803e-02
8.675132e-01 -7.159654e-01 6.022875e-02
8.676132e-01 -8.468765e-01 6.143972e-02
8.677132e-01 -8.086079e-01 6.264107e-02
8.678132e-01 -7.902169e-01 6.383288e-02
8.679132e-01 -7.475550e-01 6.501529e-02
8.680132e-01 -8.293452e-01 6.618839e-02
8.681132e-01 -8.762027e-01 6.735229e-02
8.682132e-01 -9.259791e-01 6.850710e-02
8.683132e-01 -8.125077e-01 6.965292e-02
8.684132e-01 -8.690456e-01 7.078985e-02
8.685131e-01 -7.902719e-01 7.191800e-02
8.686131e-01 -7.365468e-01 7.303745e-02
8.687131e-01 -8.229333e-01 7.414832e-02
8.688131e-01 -7.788511e-01 7.525070e-02
8.689131e-01 -7.478643e-01 7.634468e-02
8.690131e-01 -7.730050e-01 7.743036e-02
8.691131e-01 -7.808861e-01 7.850784e-02
8.692131e-01 -8.211115e-01 7.957720e-02
8.693131e-01 -7.684357e-01 8.063855e-02
8.694131e-01 -6.765106e-01 8.169196e-02
8.695130e-01 -7.941483e-01 8.273754e-02
8.696130e-01 -7.050657e-01 8.377537e-02
8.697130e-01 -8.152410e-01 8.480554e-02
8.698130e-01 -7.915219e-01 8.582813e-02
8.699130e-01 -7.986935e-01 8.684325e-02
8.700130e-01 -6.595131e-01 8.785098e-02
8.701130e-01 -6.889841e-01 8.885139e-02
8.702130e-01 -7.563283e-01 8.984459e-02
8.703130e-01 -7.358443e-01 9.083066e-02
8.704130e-01 -6.632979e-01 9.180967e-02
8.705129e-01 -6.839340e-01 9.278173e-02
8.706129e-01 -6.392814e-01 9.374692e-02
8.707129e-01 -6.773812e-01 9.470532e-02
8.708129e-01 -7.012136e-01 9.565702e-02
8.709129e-01 -7.401818e-01 9.660210e-02
8.710129e-01 -6.725421e-01 9.754066e-02
8.711129e-01 -7.218601e-01 9.847279e-02
8.712129e-01 -6.504194e-01 9.939856e-02
8.713129e-01 -6.460791e-01 1.003181e-01
8.714129e-01 -6.558637e-01 1.012314e-01
8.715128e-01 -6.968520e-01 1.021387e-01
8.716128e-01 -6.607854e-01 1.030399e-01
8.717128e-01 -6.728424e-01 1.039353e-01
8.718128e-01 -6.533190e-01 1.048248e-01
8.719128e-01 -6.340739e-01 1.057087e-01
8.720128e-01 -6.364224e-01 1.065869e-01
8.721128e-01 -6.757464e-01 1.074596e-01
8.722128e-01 -6.307986e-01 1.083269e-01
8.723128e-01 -6.811351e-01 1.091888e-01
8.724128e-01 -5.967129e-01 1.100455e-01
8.725127e-01 -5.375499e-01 1.108971e-01
8.726127e-01 -6.613706e-01 1.117436e-01
8.727127e-01 -6.213588e-01 1.125853e-01
8.728127e-01 -6.298271e-01 1.134221e-01
8.729127e-01 -6.901390e-01 1.142542e-01
8.730127e-01 -6.403461e-01 1.150817e-01
8.731127e-01 -6.418470e-01 1.159048e-01
8.732127e-01 -4.762979e-01 1.167234e-01
8.733127e-01 -7.531316e-01 1.175379e-01
8.734127e-01 -5.855298e-01 1.183482e-01
8.735126e-01 -6.395589e-01 1.191544e-01
8.736126e-01 -6.644932e-01 1.199568e-01
8.737126e-01 -6.822703e-01 1.207555e-01
8.738126e-01 -7.040691e-01 1.215505e-01
8.739126e-01 -5.466435e-01 1.223420e-01
8.740126e-01 -5.919719e-01 1.231302e-01
8.741126e-01 -7.649123e-01 1.239151e-01
8.742126e-01 -6.653965e-01 1.246969e-01
8.743126e-01 -6.906753e-01 1.254759e-01
8.744126e-01 -6.698634e-01 1.262520e-01
8.745125e-01 -6.895036e-01 1.270255e-01
8.746125e-01 -6.728500e-01 1.277965e-01
8.747125e-01 -6.412366e-01 1.285652e-01
8.748125e-01 -6.290116e-01 1.293317e-01
8.749125e-01 -6.761847e-01 1.300962e-01
8.750125e-01 -7.675475e-01 1.308588e-01
8.751125e-01 -6.340947e-01 1.316199e-01
8.752125e-01 -7.563599e-01 1.323794e-01
8.753125e-01 -8.275074e-01 1.331376e-01
8.754125e-01 -7.275638e-01 1.338947e-01
8.755124e-01 -7.784484e-01 1.346508e-01
8.756124e-01 -6.739087e-01 1.354062e-01
8.757124e-01 -6.414665e-01 1.361611e-01
8.758124e-01 -7.289844e-01 1.369155e-01
8.759124e-01 -7.218593e-01 1.376699e-01
8.760124e-01 -7.037856e-01 1.384243e-01
8.761124e-01 -7.814742e-01 1.391789e-01
8.762124e-01 -7.392043e-01 1.399340e-01
8.763124e-01 -7.291236e-01 1.406898e-01
8.764124e-01 -7.663883e-01 1.414466e-01
8.765123e-01 -7.971251e-01 1.422044e-01
8.766123e-01 -8.247743e-01 1.429637e-01
8.767123e-01 -8.273304e-01 1.437246e-01
8.768123e-01 -8.722939e-01 1.444873e-01
8.769123e-01 -7.936134e-01 1.452521e-01
8.770123e-01 -6.831235e-01 1.460192e-01
8.771123e-01 -8.984264e-01 1.467889e-01
8.772123e-01 -6.449911e-01 1.475615e-01
8.773123e-01 -8.399833e-01 1.483371e-01
8.774123e-01 -8.344016e-01 1.491161e-01
8.775122e-01 -7.537858e-01 1.498988e-01
8.776122e-01 -8.021939e-01 1.506853e-01
8.777122e-01 -7.592694e-01 1.514760e-01
8.778122e-01 -7.345324e-01 1.522712e-01
8.779122e-01 -8.136390e-01 1.530711e-01
8.780122e-01 -7.599708e-01 1.538760e-01
8.781122e-01 -8.959788e-01 1.546862e-01
8.782122e-01 -7.384051e-01 1.555019e-01
8.783122e-01 -7.541107e-01 1.563236e-01
8.784122e-01 -7.838898e-01 1.571514e-01
8.785121e-01 -7.359095e-01 1.579857e-01
8.786121e-01 -7.401080e-01 1.588267e-01
8.787121e-01 -7.368291e-01 1.596749e-01
8.788121e-01 -6.902492e-01 1.605304e-01
8.789121e-01 -8.149174e-01 1.613935e-01
8.790121e-01 -6.693226e-01 1.622647e-01
8.791121e-01 -7.531101e-01 1.631441e-01
8.792121e-01 -7.027012e-01 1.640322e-01
8.793121e-01 -7.863052e-01 1.649292e-01
8.794121e-01 -6.743054e-01 1.658354e-01
8.795120e-01 -6.226336e-01 1.667511e-01
8.796120e-01 -6.851764e-01 1.676767e-01
8.797120e-01 -6.308303e-01 1.686125e-01
8.798120e-01 -7.302092e-01 1.695587e-01
8.799120e-01 -7.200056e-01 1.705157e-01
8.800120e-01 -7.140402e-01 1.714839e-01
8.801120e-01 -6.487353e-01 1.724634e-01
8.802120e-01 -6.636733e-01 1.734546e-01
8.803120e-01 -6.046576e-01 1.744579e-01
8.804120e-01 -6.456026e-01 1.754735e-01
8.805119e-01 -6.551155e-01 1.765017e-01
8.806119e-01 -6.825607e-01 1.775428e-01
8.807119e-01 -7.047054e-01 1.785971e-01
8.808119e-01 -6.564179e-01 1.796650e-01
8.809119e-01 -5.812009e-01 1.807466e-01
8.810119e-01 -5.535640e-01 1.818423e-01
8.811119e-01 -6.478456e-01 1.829524e-01
8.812119e-01 -6.246161e-01 1.840770e-01
8.813119e-01 -6.796380e-01 1.852165e-01
8.814119e-01 -6.249070e-01 1.863712e-01
8.815118e-01 -6.268054e-01 1.875413e-01
8.816118e-01 -5.740545e-01 1.887270e-01
8.817118e-01 -6.388679e-01 1.899286e-01
8.818118e-01 -6.140417e-01 1.911462e-01
8.819118e-01 -5.970851e-01 1.923802e-01
8.820118e-01 -5.999707e-01 1.936308e-01
8.821118e-01 -4.542005e-01 1.948980e-01
8.822118e-01 -5.215689e-01 1.961822e-01
8.823118e-01 -6.085988e-01 1.974835e-01
8.824118e-01 -5.885031e-01 1.988021e-01
8.825117e-01 -5.608751e-01 2.001381e-01
8.826117e-01 -6.039165e-01 2.014917e-01
8.827117e-01 -5.825977e-01 2.028631e-01
8.828117e-01 -5.715200e-01 2.042522e-01
8.829117e-01 -5.907798e-01 2.056594e-01
8.830117e-01 -5.664546e-01 2.070846e-01
8.831117e-01 -6.035551e-01 2.085279e-01
8.832117e-01 -6.026370e-01 2.099895e-01
8.833117e-01 -6.269125e-01 2.114693e-01
8.834117e-01 -6.490663e-01 2.129674e-01
8.835116e-01 -6.193032e-01 2.144839e-01
8.836116e-01 -6.916100e-01 2.160187e-01
8.837116e-01 -6.976008e-01 2.175718e-01
8.838116e-01 -5.706820e-01 2.191433e-01
8.839116e-01 -6.026073e-01 2.207331e-01
8.840116e-01 -5.519875e-01 2.223411e-01
8.841116e-01 -6.236641e-01 2.239672e-01
8.842116e-01 -5.288083e-01 2.256114e-01
8.843116e-01 -6.781600e-01 2.272736e-01
8.844116e-01 -6.019642e-01 2.289537e-01
8.845115e-01 -6.373466e-01 2.306514e-01
8.846115e-01 -7.609020e-01 2.323667e-01
8.847115e-01 -5.859196e-01 2.340994e-01
8.848115e-01 -5.777070e-01 2.358492e-01
8.849115e-01 -6.316960e-01 2.376160e-01
8.850115e-01 -6.617924e-01 2.393996e-01
8.851115e-01 -7.150883e-01 2.411997e-01
8.852115e-01 -6.827288e-01 2.430160e-01
8.853115e-01 -6.115506e-01 2.448483e-01
8.854115e-01 -5.802360e-01 2.466962e-01
8.855114e-01 -6.514453e-01 2.485595e-01
8.856114e-01 -6.738879e-01 2.504379e-01
8.857114e-01 -6.515402e-01 2.523309e-01
8.858114e-01 -6.862426e-01 2.542382e-01
8.859114e-01 -8.379922e-01 2.561595e-01
8.860114e-01 -7.697888e-01 2.580944e-01
8.861114e-01 -7.083642e-01 2.600424e-01
8.862114e-01 -7.524493e-01 2.620031e-01
8.863114e-01 -7.482155e-01 2.639761e-01
8.864114e-01 -7.380310e-01 2.659610e-01
8.865113e-01 -7.469599e-01 2.679573e-01
8.866113e-01 -8.424151e-01 2.699645e-01
8.867113e-01 -7.577848e-01 2.719821e-01
8.868113e-01 -7.232703e-01 2.740097e-01
8.869113e-01 -7.195596e-01 2.760467e-01
8.870113e-01 -8.401652e-01 2.780927e-01
8.871113e-01 -7.222745e-01 2.801471e-01
8.872113e-01 -7.828651e-01 2.822094e-01
8.873113e-01 -6.952182e-01 2.842790e-01
8.874113e-01 -7.874259e-01 2.863555e-01
8.875112e-01 -7.736858e-01 2.884383e-01
8.876112e-01 -7.490839e-01 2.905268e-01
8.877112e-01 -7.988878e-01 2.926206e-01
8.878112e-01 -6.984374e-01 2.947190e-01
8.879112e-01 -8.107955e-01 2.968215e-01
8.880112e-01 -6.681680e-01 2.989276e-01
8.881112e-01 -7.318582e-01 3.010367e-01
8.882112e-01 -8.144344e-01 3.031483e-01
8.883112e-01 -6.951087e-01 3.052618e-01
8.884112e-01 -8.008772e-01 3.073768e-01
8.885111e-01 -6.503794e-01 3.094927e-01
8.886111e-01 -7.922360e-01 3.116089e-01
8.887111e-01 -6.391803e-01 3.137251e-01
8.888111e-01 -7.122005e-01 3.158406e-01
8.889111e-01 -6.877794e-01 3.179550e-01
8.890111e-01 -6.910276e-01 3.200678e-01
8.891111e-01 -6.614305e-01 3.221786e-01
8.892111e-01 -6.857352e-01 3.242869e-01
8.893111e-01 -7.047331e-01 3.263923e-01
8.894111e-01 -6.483005e-01 3.284944e-01
8.895110e-01 -6.650537e-01 3.305927e-01
8.896110e-01 -6.645448e-01 3.326869e-01
8.897110e-01 -7.261847e-01 3.347767e-01
8.898110e-01 -6.586236e-01 3.368617e-01
8.899110e-01 -6.390411e-01 3.389415e-01
8.900110e-01 -6.620206e-01 3.410159e-01
8.901110e-01 -6.470510e-01 3.430847e-01
8.902110e-01 -6.781234e-01 3.451475e-01
8.903110e-01 -6.913696e-01 3.472041e-01
8.904110e-01 -5.542607e-01 3.492544e-01
8.905109e-01 -5.583497e-01 3.512982e-01
8.906109e-01 -6.847035e-01 3.533353e-01
8.907109e-01 -6.553349e-01 3.553655e-01
8.908109e-01 -6.380111e-01 3.573889e-01
8.909109e-01 -5.871758e-01 3.594053e-01
8.910109e-01 -5.259219e-01 3.614147e-01
8.911109e-01 -6.037779e-01 3.634171e-01
8.912109e-01 -5.383690e-01 3.654124e-01
8.913109e-01 -5.240465e-01 3.674008e-01
8.914109e-01 -5.358981e-01 3.693823e-01
8.915108e-01 -5.889551e-01 3.713571e-01
8.916108e-01 -4.855099e-01 3.733251e-01
8.917108e-01 -5.412789e-01 3.752866e-01
8.918108e-01 -5.911917e-01 3.772418e-01
8.919108e-01 -5.576871e-01 3.791909e-01
8.920108e-01 -4.741056e-01 3.811340e-01
8.921108e-01 -4.591583e-01 3.830715e-01
8.922108e-01 -5.282518e-01 3.850037e-01
8.923108e-01 -5.324889e-01 3.869308e-01
8.924108e-01 -4.464373e-01 3.888532e-01
8.925107e-01 -5.239891e-01 3.907712e-01
8.926107e-01 -4.711864e-01 3.926852e-01
8.927107e-01 -5.122449e-01 3.945956e-01
8.928107e-01 -4.655485e-01 3.965029e-01
8.929107e-01 -5.069573e-01 3.984073e-01
8.930107e-01 -4.844118e-01 4.003095e-01
8.931107e-01 -5.364147e-01 4.022098e-01
8.932107e-01 -5.139900e-01 4.041087e-01
8.933107e-01 -5.233432e-01 4.060068e-01
8.934107e-01 -6.102382e-01 4.079045e-01
8.935106e-01 -5.745707e-01 4.098022e-01
8.936106e-01 -5.174699e-01 4.117007e-01
8.937106e-01 -6.342004e-01 4.136003e-01
8.938106e-01 -5.377780e-01 4.155015e-01
8.939106e-01 -5.049933e-01 4.174050e-01
8.940106e-01 -5.065318e-01 4.193112e-01
8.941106e-01 -5.742606e-01 4.212207e-01
8.942106e-01 -6.582313e-01 4.231339e-01
8.943106e-01 -5.434165e-01 4.250514e-01
8.944106e-01 -6.000757e-01 4.269737e-01
8.945105e-01 -5.834742e-01 4.289013e-01
8.946105e-01 -5.504589e-01 4.308346e-01
8.947105e-01 -5.512483e-01 4.327741e-01
8.948105e-01 -5.694616e-01 4.347203e-01
8.949105e-01 -6.314818e-01 4.366735e-01
8.950105e-01 -5.795133e-01 4.386342e-01
8.951105e-01 -5.936307e-01 4.406028e-01
8.952105e-01 -5.233097e-01 4.425795e-01
8.953105e-01 -6.733875e-01 4.445648e-01
8.954105e-01 -6.329857e-01 4.465588e-01
8.955104e-01 -5.568727e-01 4.485618e-01
8.956104e-01 -6.756056e-01 4.505741e-01
8.957104e-01 -6.169219e-01 4.525958e-01
8.958104e-01 -6.951532e-01 4.546270e-01
8.959104e-01 -6.565748e-01 4.566678e-01
8.960104e-01 -6.663810e-01 4.587183e-01
8.961104e-01 -6.946423e-01 4.607785e-01
8.962104e-01 -6.631382e-01 4.628482e-01
8.963104e-01 -6.959920e-01 4.649273e-01
8.964104e-01 -6.294422e-01 4.670157e-01
8.965103e-01 -6.110158e-01 4.691132e-01
8.966103e-01 -6.201899e-01 4.712195e-01
8.967103e-01 -7.375208e-01 4.733342e-01
8.968103e-01 -6.768642e-01 4.754568e-01
8.969103e-01 -7.350858e-01 4.775870e-01
8.970103e-01 -6.906467e-01 4.797242e-01
8.971103e-01 -6.426892e-01 4.818678e-01
8.972103e-01 -7.075646e-01 4.840171e-01
8.973103e-01 -6.902659e-01 4.861714e-01
8.974103e-01 -7.847581e-01 4.883299e-01
8.975102e-01 -7.192370e-01 4.904916e-01
8.976102e-01 -7.599468e-01 4.926557e-01
8.977102e-01 -6.309513e-01 4.948211e-01
8.978102e-01 -7.439745e-01 4.969868e-01
8.979102e-01 -6.959978e-01 4.991515e-01
8.980102e-01 -7.387558e-01 5.013141e-01
8.981102e-01 -6.350615e-01 5.034733e-01
8.982102e-01 -7.632811e-01 5.056277e-01
8.983102e-01 -6.669779e-01 5.077759e-01
8.984102e-01 -6.829266e-01 5.099164e-01
8.985101e-01 -7.197755e-01 5.120477e-01
8.986101e-01 -7.993653e-01 5.141681e-01
8.987101e-01 -6.505643e-01 5.162761e-01
8.988101e-01 -7.040648e-01 5.183698e-01
8.989101e-01 -6.658699e-01 5.204475e-01
8.990101e-01 -6.158969e-01 5.225074e-01
8.991101e-01 -7.223000e-01 5.245477e-01
8.992101e-01 -5.714380e-01 5.265663e-01
8.993101e-01 -6.960387e-01 5.285615e-01
8.994101e-01 -6.875925e-01 5.305312e-01
8.995100e-01 -5.613159e-01 5.324734e-01
8.996100e-01 -6.073679e-01 5.343862e-01
8.997100e-01 -6.674952e-01 5.362674e-01
8.998100e-01 -6.328544e-01 5.381151e-01
8.999100e-01 -6.289029e-01 5.399271e-01
9.000100e-01 -5.062541e-01 5.417015e-01
9.001100e-01 -6.080196e-01 5.434362e-01
9.002100e-01 -5.292289e-01 5.451292e-01
9.003100e-01 -5.095267e-01 5.467785e-01
9.004100e-01 -5.510106e-01 5.483822e-01
9.005099e-01 -5.383788e-01 5.499382e-01
9.006099e-01 -6.059806e-01 5.514448e-01
9.007099e-01 -5.332283e-01 5.529000e-01
9.008099e-01 -4.961164e-01 5.543021e-01
9.009099e-01 -4.892764e-01 5.556494e-01
9.010099e-01 -5.533211e-01 5.569403e-01
9.011099e-01 -4.829634e-01 5.581733e-01
9.012099e-01 -5.422902e-01 5.593468e-01
9.013099e-01 -5.652269e-01 5.604595e-01
9.014099e-01 -5.486592e-01 5.615101e-01
9.015098e-01 -4.931088e-01 5.624976e-01
9.016098e-01 -4.949070e-01 5.634209e-01
9.017098e-01 -4.805928e-01 5.642791e-01
9.018098e-01 -4.576642e-01 5.650715e-01
9.019098e-01 -4.073475e-01 5.657975e-01
9.020098e-01 -4.509998e-01 5.664565e-01
9.021098e-01 -4.691925e-01 5.670484e-01
9.022098e-01 -4.014380e-01 5.675729e-01
9.023098e-01 -4.970373e-01 5.680300e-01
9.024098e-01 -4.583190e-01 5.684200e-01
9.025097e-01 -4.714630e-01 5.687432e-01
9.026097e-01 -4.655854e-01 5.690000e-01
9.027097e-01 -5.335548e-01 5.691913e-01
9.028097e-01 -4.765423e-01 5.693179e-01
9.029097e-01 -4.605241e-01 5.693807e-01
9.030097e-01 -4.799921e-01 5.693812e-01
9.031097e-01 -4.807909e-01 5.693207e-01
9.032097e-01 -4.974501e-01 5.692007e-01
9.033097e-01 -4.277999e-01 5.690230e-01
9.034097e-01 -4.362653e-01 5.687896e-01
9.035096e-01 -4.469549e-01 5.685026e-01
9.036096e-01 -4.957483e-01 5.681642e-01
9.037096e-01 -4.509543e-01 5.677769e-01
9.038096e-01 -5.091998e-01 5.673432e-01
9.039096e-01 -5.043777e-01 5.668659e-01
9.040096e-01 -4.903721e-01 5.663477e-01
9.041096e-01 -4.972534e-01 5.657918e-01
9.042096e-01 -5.355037e-01 5.652012e-01
9.043096e-01 -5.164091e-01 5.645791e-01
9.044096e-01 -5.088393e-01 5.639288e-01
9.045095e-01 -5.693977e-01 5.632538e-01
9.046095e-01 -5.723758e-01 5.625575e-01
9.047095e-01 -5.609697e-01 5.618436e-01
9.048095e-01 -5.832742e-01 5.611156e-01
9.049095e-01 -5.395694e-01 5.603771e-01
9.050095e-01 -6.278180e-01 5.596320e-01
9.051095e-01 -5.504455e-01 5.588838e-01
9.052095e-01 -5.238863e-01 5.581363e-01
9.053095e-01 -5.233476e-01 5.573933e-01
9.054095e-01 -5.312804e-01 5.566583e-01
9.055094e-01 -5.543241e-01 5.559352e-01
9.056094e-01 -5.739025e-01 5.552274e-01
9.057094e-01 -5.555438e-01 5.545386e-01
9.058094e-01 -5.999762e-01 5.538724e-01
9.059094e-01 -6.429588e-01 5.532320e-01
9.060094e-01 -5.678796e-01 5.526208e-01
9.061094e-01 -5.670587e-01 5.520422e-01
9.062094e-01 -7.050275e-01 5.514992e-01
9.063094e-01 -5.635822e-01 5.509948e-01
9.064094e-01 -5.426195e-01 5.505320e-01
9.065093e-01 -6.315380e-01 5.501134e-01
9.066093e-01 -6.637262e-01 5.497418e-01
9.067093e-01 -6.349402e-01 5.494196e-01
9.068093e-01 -6.053970e-01 5.491490e-01
9.069093e-01 -7.272067e-01 5.489324e-01
9.070093e-01 -6.662473e-01 5.487715e-01
9.071093e-01 -5.485912e-01 5.486684e-01
9.072093e-01 -7.717731e-01 5.486247e-01
9.073093e-01 -6.548559e-01 5.486417e-01
9.074093e-01 -6.130724e-01 5.487210e-01
9.075092e-01 -6.999387e-01 5.488636e-01
9.076092e-01 -6.196924e-01 5.490705e-01
9.077092e-01 -5.813572e-01 5.493424e-01
9.078092e-01 -6.559105e-01 5.496802e-01
9.079092e-01 -6.300416e-01 5.500841e-01
9.080092e-01 -6.424387e-01 5.505545e-01
9.081092e-01 -6.856831e-01 5.510915e-01
9.082092e-01 -6.475432e-01 5.516952e-01
9.083092e-01 -6.118570e-01 5.523652e-01
9.084092e-01 -5.576988e-01 5.531014e-01
9.085091e-01 -6.415494e-01 5.539032e-01
9.086091e-01 -7.030783e-01 5.547700e-01
9.087091e-01 -6.493017e-01 5.557011e-01
9.088091e-01 -6.509290e-01 5.566956e-01
9.089091e-01 -6.118979e-01 5.577524e-01
9.090091e-01 -5.589803e-01 5.588705e-01
9.091091e-01 -6.089535e-01 5.600487e-01
9.092091e-01 -5.982346e-01 5.612856e-01
9.093091e-01 -5.781068e-01 5.625798e-01
9.094091e-01 -5.975768e-01 5.639297e-01
9.095090e-01 -5.717504e-01 5.653339e-01
9.096090e-01 -5.059239e-01 5.667905e-01
9.097090e-01 -5.563604e-01 5.682980e-01
9.098090e-01 -4.959483e-01 5.698544e-01
9.099090e-01 -5.058501e-01 5.714580e-01
9.100090e-01 -5.647173e-01 5.731068e-01
9.101090e-01 -5.339359e-01 5.747990e-01
9.102090e-01 -4.657270e-01 5.765324e-01
9.103090e-01 -4.269814e-01 5.783052e-01
9.104090e-01 -5.858031e-01 5.801152e-01
9.105089e-01 -4.855999e-01 5.819605e-01
9.106089e-01 -5.617214e-01 5.838390e-01
9.107089e-01 -5.000796e-01 5.857486e-01
9.108089e-01 -4.656783e-01 5.876873e-01
9.109089e-01 -4.879182e-01 5.896530e-01
9.110089e-01 -4.369438e-01 5.916437e-01
9.111089e-01 -5.265940e-01 5.936573e-01
9.112089e-01 -4.678718e-01 5.956919e-01
9.113089e-01 -4.361467e-01 5.977454e-01
9.114089e-01 -4.167043e-01 5.998159e-01
9.115088e-01 -4.756873e-01 6.019013e-01
9.116088e-01 -4.588965e-01 6.040000e-01
9.117088e-01 -4.235131e-01 6.061098e-01
9.118088e-01 -5.200615e-01 6.082292e-01
9.119088e-01 -3.804247e-01 6.103561e-01
9.120088e-01 -4.798476e-01 6.124890e-01
9.121088e-01 -4.468868e-01 6.146260e-01
9.122088e-01 -4.305069e-01 6.167656e-01
9.123088e-01 -3.665393e-01 6.189061e-01
9.124088e-01 -4.000722e-01 6.210460e-01
9.125087e-01 -4.299772e-01 6.231838e-01
9.126087e-01 -4.550717e-01 6.253180e-01
9.127087e-01 -5.320531e-01 6.274472e-01
9.128087e-01 -3.862138e-01 6.295702e-01
9.129087e-01 -3.697345e-01 6.316855e-01
9.130087e-01 -3.619877e-01 6.337921e-01
9.131087e-01 -3.802921e-01 6.358886e-01
9.132087e-01 -5.148282e-01 6.379740e-01
9.133087e-01 -4.121688e-01 6.400471e-01
9.134087e-01 -4.915855e-01 6.421071e-01
9.135086e-01 -3.666331e-01 6.441530e-01
9.136086e-01 -4.782960e-01 6.461837e-01
9.137086e-01 -4.938836e-01 6.481986e-01
9.138086e-01 -3.910990e-01 6.501967e-01
9.139086e-01 -4.223602e-01 6.521775e-01
9.140086e-01 -3.962523e-01 6.541400e-01
9.141086e-01 -5.127481e-01 6.560838e-01
9.142086e-01 -5.082294e-01 6.580082e-01
9.143086e-01 -5.256520e-01 6.599127e-01
9.144086e-01 -4.053843e-01 6.617969e-01
9.145085e-01 -4.430648e-01 6.636601e-01
9.146085e-01 -4.997190e-01 6.655021e-01
9.147085e-01 -5.691527e-01 6.673226e-01
9.148085e-01 -4.823650e-01 6.691210e-01
9.149085e-01 -6.100844e-01 6.708974e-01
9.150085e-01 -4.618123e-01 6.726512e-01
9.151085e-01 -4.830283e-01 6.743825e-01
9.152085e-01 -3.958543e-01 6.760910e-01
9.153085e-01 -5.654257e-01 6.777767e-01
9.154085e-01 -5.253956e-01 6.794394e-01
9.155084e-01 -6.103295e-01 6.810790e-01
9.156084e-01 -5.234115e-01 6.826957e-01
9.157084e-01 -5.688770e-01 6.842894e-01
9.158084e-01 -6.183103e-01 6.858601e-01
9.159084e-01 -5.989196e-01 6.874079e-01
9.160084e-01 -5.559920e-01 6.889330e-01
9.161084e-01 -6.067030e-01 6.904354e-01
9.162084e-01 -6.072109e-01 6.919153e-01
9.163084e-01 -6.590844e-01 6.933729e-01
9.164084e-01 -5.755447e-01 6.948085e-01
9.165083e-01 -4.916546e-01 6.962221e-01
9.166083e-01 -6.394157e-01 6.976141e-01
9.167083e-01 -6.066947e-01 6.989847e-01
9.168083e-01 -5.576115e-01 7.003342e-01
9.169083e-01 -6.785116e-01 7.016629e-01
9.170083e-01 -6.312336e-01 7.029712e-01
9.171083e-01 -7.094440e-01 7.042592e-01
9.172083e-01 -5.558899e-01 7.055274e-01
9.173083e-01 -4.938140e-01 7.067762e-01
9.174083e-01 -6.042845e-01 7.080058e-01
9.175082e-01 -6.832850e-01 7.092167e-01
9.176082e-01 -6.511020e-01 7.104092e-01
9.177082e-01 -5.947039e-01 7.115838e-01
9.178082e-01 -6.932156e-01 7.127408e-01
9.179082e-01 -5.345377e-01 7.138806e-01
9.180082e-01 -5.251082e-01 7.150036e-01
9.181082e-01 -5.862558e-01 7.161104e-01
9.182082e-01 -5.626153e-01 7.172011e-01
9.183082e-01 -5.571153e-01 7.182764e-01
9.184082e-01 -6.236579e-01 7.193366e-01
9.185081e-01 -6.548130e-01 7.203822e-01
9.186081e-01 -6.034102e-01 7.214136e-01
9.187081e-01 -5.312060e-01 7.224311e-01
9.188081e-01 -5.754645e-01 7.234353e-01
9.189081e-01 -5.736594e-01 7.244266e-01
9.190081e-01 -5.362798e-01 7.254054e-01
9.191081e-01 -4.088073e-01 7.263722e-01
9.192081e-01 -6.677843e-01 7.273273e-01
9.193081e-01 -5.449305e-01 7.282712e-01
9.194081e-01 -4.152146e-01 7.292043e-01
9.195080e-01 -4.712222e-01 7.301270e-01
9.196080e-01 -4.656211e-01 7.310398e-01
9.197080e-01 -5.720232e-01 7.319430e-01
9.198080e-01 -4.965202e-01 7.328371e-01
9.199080e-01 -4.781468e-01 7.337224e-01
9.200080e-01 -5.429814e-01 7.345995e-01
9.201080e-01 -5.138080e-01 7.354685e-01
9.202080e-01 -4.069484e-01 7.363301e-01
9.203080e-01 -4.192913e-01 7.371844e-01
9.204080e-01 -4.074626e-01 7.380320e-01
9.205079e-01 -4.699657e-01 7.388731e-01
9.206079e-01 -4.264899e-01 7.397081e-01
9.207079e-01 -4.778061e-01 7.405374e-01
9.208079e-01 -4.371065e-01 7.413614e-01
9.209079e-01 -3.662844e-01 7.421803e-01
9.210079e-01 -5.506334e-01 7.429946e-01
9.211079e-01 -4.278854e-01 7.438045e-01
9.212079e-01 -3.656774e-01 7.446103e-01
9.213079e-01 -4.059827e-01 7.454125e-01
9.214079e-01 -3.857302e-01 7.462112e-01
9.215078e-01 -4.545451e-01 7.470068e-01
9.216078e-01 -3.520411e-01 7.477995e-01
9.217078e-01 -3.543573e-01 7.485897e-01
9.218078e-01 -4.425182e-01 7.493777e-01
9.219078e-01 -3.671153e-01 7.501636e-01
9.220078e-01 -4.434803e-01 7.509478e-01
9.221078e-01 -3.949881e-01 7.517305e-01
9.222078e-01 -3.725169e-01 7.525119e-01
9.223078e-01 -3.735577e-01 7.532924e-01
9.224078e-01 -3.306960e-01 7.540720e-01
9.225077e-01 -4.630773e-01 7.548511e-01
9.226077e-01 -3.783050e-01 7.556298e-01
9.227077e-01 -4.443743e-01 7.564084e-01
9.228077e-01 -4.001007e-01 7.571871e-01
9.229077e-01 -3.586899e-01 7.579660e-01
9.230077e-01 -4.456835e-01 7.587453e-01
9.231077e-01 -3.868575e-01 7.595253e-01
9.232077e-01 -3.663112e-01 7.603060e-01
9.233077e-01 -4.050172e-01 7.610876e-01
9.234077e-01 -3.674424e-01 7.618704e-01
9.235076e-01 -3.930884e-01 7.626544e-01
9.236076e-01 -3.995453e-01 7.634397e-01
9.237076e-01 -4.084229e-01 7.642266e-01
9.238076e-01 -4.182356e-01 7.650151e-01
9.239076e-01 -3.902825e-01 7.658054e-01
9.240076e-01 -4.251467e-01 7.665975e-01
9.241076e-01 -4.772193e-01 7.673917e-01
9.242076e-01 -3.852781e-01 7.681879e-01
9.243076e-01 -3.781704e-01 7.689863e-01
9.244076e-01 -4.544217e-01 7.697869e-01
9.245075e-01 -3.974511e-01 7.705899e-01
9.246075e-01 -3.585623e-01 7.713953e-01
9.247075e-01 -5.020038e-01 7.722033e-01
9.248075e-01 -4.649302e-01 7.730137e-01
9.249075e-01 -4.327218e-01 7.738268e-01
9.250075e-01 -5.190654e-01 7.746426e-01
9.251075e-01 -5.029855e-01 7.754611e-01
9.252075e-01 -5.442762e-01 7.762823e-01
9.253075e-01 -4.965381e-01 7.771064e-01
9.254075e-01 -4.711071e-01 7.779332e-01
9.255074e-01 -5.510886e-01 7.787630e-01
9.256074e-01 -4.926111e-01 7.795956e-01
9.257074e-01 -4.407311e-01 7.804312e-01
9.258074e-01 -4.566358e-01 7.812696e-01
9.259074e-01 -5.680466e-01 7.821110e-01
9.260074e-01 -5.127174e-01 7.829554e-01
9.261074e-01 -5.117519e-01 7.838027e-01
9.262074e-01 -5.381764e-01 7.846529e-01
9.263074e-01 -5.567961e-01 7.855061e-01
9.264074e-01 -5.129263e-01 7.863621e-01
9.265073e-01 -6.616570e-01 7.872211e-01
9.266073e-01 -5.100138e-01 7.880830e-01
9.267073e-01 -5.458056e-01 7.889478e-01
9.268073e-01 -5.221631e-01 7.898154e-01
9.269073e-01 -5.936817e-01 7.906859e-01
9.270073e-01 -5.396777e-01 7.915591e-01
9.271073e-01 -5.315951e-01 7.924352e-01
9.272073e-01 -5.608645e-01 7.933139e-01
9.273073e-01 -5.078195e-01 7.941954e-01
9.274073e-01 -5.599428e-01 7.950795e-01
9.275072e-01 -5.638149e-01 7.959662e-01
9.276072e-01 -5.530489e-01 7.968555e-01
9.277072e-01 -5.340068e-01 7.977473e-01
9.278072e-01 -5.212172e-01 7.986416e-01
9.279072e-01 -6.028877e-01 7.995383e-01
9.280072e-01 -5.446278e-01 8.004373e-01
9.281072e-01 -4.822800e-01 8.013387e-01
9.282072e-01 -4.785234e-01 8.022423e-01
9.283072e-01 -5.359886e-01 8.031482e-01
9.284072e-01 -5.233214e-01 8.040561e-01
9.285071e-01 -4.988122e-01 8.049662e-01
9.286071e-01 -3.958123e-01 8.058782e-01
9.287071e-01 -5.086953e-01 8.067922e-01
9.288071e-01 -4.751957e-01 8.077081e-01
9.289071e-01 -5.442278e-01 8.086258e-01
9.290071e-01 -4.894075e-01 8.095452e-01
9.291071e-01 -4.187596e-01 8.104663e-01
9.292071e-01 -3.564108e-01 8.113890e-01
9.293071e-01 -4.450323e-01 8.123133e-01
9.294071e-01 -4.402356e-01 8.132390e-01
9.295070e-01 -4.492701e-01 8.141661e-01
9.296070e-01 -4.694222e-01 8.150945e-01
9.297070e-01 -4.689411e-01 8.160241e-01
9.298070e-01 -4.572372e-01 8.169550e-01
9.299070e-01 -3.934536e-01 8.178869e-01
9.300070e-01 -4.381240e-01 8.188198e-01
9.301070e-01 -3.706894e-01 8.197537e-01
9.302070e-01 -4.986086e-01 8.206885e-01
9.303070e-01 -5.113616e-01 8.216240e-01
9.304070e-01 -4.135251e-01 8.225603e-01
9.305069e-01 -3.242007e-01 8.234972e-01
9.306069e-01 -3.732868e-01 8.244347e-01
9.307069e-01 -3.232326e-01 8.253727e-01
9.308069e-01 -3.555403e-01 8.263111e-01
9.309069e-01 -3.145652e-01 8.272498e-01
9.310069e-01 -3.482869e-01 8.281888e-01
9.311069e-01 -3.377159e-01 8.291280e-01
9.312069e-01 -3.353894e-01 8.300673e-01
9.313069e-01 -2.991508e-01 8.310066e-01
9.314069e-01 -3.480792e-01 8.319459e-01
9.315068e-01 -3.366373e-01 8.328851e-01
9.316068e-01 -3.394993e-01 8.338242e-01
9.317068e-01 -3.839193e-01 8.347629e-01
9.318068e-01 -3.131619e-01 8.357014e-01
9.319068e-01 -3.234620e-01 8.366394e-01
9.320068e-01 -3.694348e-01 8.375770e-01
9.321068e-01 -3.091273e-01 8.385140e-01
9.322068e-01 -2.624537e-01 8.394505e-01
9.323068e-01 -3.304168e-01 8.403862e-01
9.324068e-01 -3.115796e-01 8.413213e-01
9.325067e-01 -3.639058e-01 8.422555e-01
9.326067e-01 -3.468911e-01 8.431888e-01
9.327067e-01 -3.673329e-01 8.441212e-01
9.328067e-01 -3.060254e-01 8.450526e-01
9.329067e-01 -3.598181e-01 8.459829e-01
9.330067e-01 -3.814471e-01 8.469120e-01
9.331067e-01 -3.228810e-01 8.478400e-01
9.332067e-01 -3.133651e-01 8.487667e-01
9.333067e-01 -4.153997e-01 8.496921e-01
9.334067e-01 -2.987979e-01 8.506162e-01
9.335066e-01 -3.076980e-01 8.515388e-01
9.336066e-01 -2.983450e-01 8.524599e-01
9.337066e-01 -2.581838e-01 8.533794e-01
9.338066e-01 -3.442016e-01 8.542974e-01
9.339066e-01 -3.451058e-01 8.552137e-01
9.340066e-01 -2.974148e-01 8.561283e-01
9.341066e-01 -3.741174e-01 8.570411e-01
9.342066e-01 -5.047322e-01 8.579521e-01
9.343066e-01 -3.432401e-01 8.588613e-01
9.344066e-01 -3.989688e-01 8.597685e-01
9.345065e-01 -4.107059e-01 8.606739e-01
9.346065e-01 -2.960298e-01 8.615772e-01
9.347065e-01 -3.349706e-01 8.624784e-01
9.348065e-01 -2.748466e-01 8.633776e-01
9.349065e-01 -2.385071e-01 8.642746e-01
9.350065e-01 -4.307220e-01 8.651695e-01
9.351065e-01 -4.213698e-01 8.660621e-01
9.352065e-01 -5.047748e-01 8.669525e-01
9.353065e-01 -4.236999e-01 8.678406e-01
9.354065e-01 -3.778062e-01 8.687264e-01
9.355064e-01 -4.589669e-01 8.696098e-01
9.356064e-01 -4.709254e-01 8.704909e-01
9.357064e-01 -4.702797e-01 8.713694e-01
9.358064e-01 -4.298626e-01 8.722456e-01
9.359064e-01 -4.919548e-01 8.731192e-01
9.360064e-01 -4.957956e-01 8.739903e-01
9.361064e-01 -4.716960e-01 8.748588e-01
9.362064e-01 -4.437975e-01 8.757247e-01
9.363064e-01 -4.614504e-01 8.765881e-01
9.364064e-01 -4.300447e-01 8.774488e-01
9.365063e-01 -5.206145e-01 8.783068e-01
9.366063e-01 -4.003274e-01 8.791621e-01
9.367063e-01 -4.289528e-01 8.800147e-01
9.368063e-01 -4.457890e-01 8.808645e-01
9.369063e-01 -4.269693e-01 8.817116e-01
9.370063e-01 -4.749881e-01 8.825558e-01
9.371063e-01 -5.019852e-01 8.833973e-01
9.372063e-01 -4.493643e-01 8.842359e-01
9.373063e-01 -4.991234e-01 8.850717e-01
9.374063e-01 -4.908085e-01 8.859045e-01
9.375062e-01 -4.517296e-01 8.867345e-01
9.376062e-01 -4.309817e-01 8.875615e-01
9.377062e-01 -4.254091e-01 8.883856e-01
9.378062e-01 -4.468042e-01 8.892067e-01
9.379062e-01 -4.906418e-01 8.900249e-01
9.380062e-01 -4.547404e-01 8.908400e-01
9.381062e-01 -4.816844e-01 8.916521e-01
9.382062e-01 -3.998661e-01 8.924611e-01
9.383062e-01 -4.668606e-01 8.932671e-01
9.384062e-01 -4.511915e-01 8.940699e-01
9.385061e-01 -4.907015e-01 8.948697e-01
9.386061e-01 -3.866687e-01 8.956663e-01
9.387061e-01 -4.421954e-01 8.964597e-01
9.388061e-01 -4.799389e-01 8.972500e-01
9.389061e-01 -3.894022e-01 8.980370e-01
9.390061e-01 -4.642780e-01 8.988208e-01
9.391061e-01 -4.268799e-01 8.996013e-01
9.392061e-01 -4.871361e-01 9.003785e-01
9.393061e-01 -4.166356e-01 9.011523e-01
9.394061e-01 -3.723689e-01 9.019229e-01
9.395060e-01 -3.093023e-01 9.026900e-01
9.396060e-01 -3.587514e-01 9.034536e-01
9.397060e-01 -4.267321e-01 9.042138e-01
9.398060e-01 -4.261894e-01 9.049705e-01
9.399060e-01 -3.738765e-01 9.057236e-01
9.400060e-01 -3.403463e-01 9.064732e-01
9.401060e-01 -4.579973e-01 9.072191e-01
9.402060e-01 -3.661115e-01 9.079613e-01
9.403060e-01 -3.857255e-01 9.086997e-01
9.404060e-01 -3.387206e-01 9.094343e-01
9.405059e-01 -1.852039e-01 9.101651e-01
9.406059e-01 -3.006445e-01 9.108920e-01
9.407059e-01 -2.894528e-01 9.116148e-01
9.408059e-01 -3.111909e-01 9.123336e-01
9.409059e-01 -3.270049e-01 9.130483e-01
9.410059e-01 -2.680623e-01 9.137588e-01
9.411059e-01 -2.275702e-01 9.144650e-01
9.412059e-01 -3.173982e-01 9.151668e-01
9.413059e-01 -3.898184e-01 9.158641e-01
9.414059e-01 -3.032094e-01 9.165569e-01
9.415058e-01 -2.654280e-01 9.172451e-01
9.416058e-01 -3.575153e-01 9.179285e-01
9.417058e-01 -2.659035e-01 9.186070e-01
9.418058e-01 -2.539393e-01 9.192806e-01
9.419058e-01 -2.679335e-01 9.199490e-01
9.420058e-01 -2.651574e-01 9.206122e-01
9.421058e-01 -2.230021e-01 9.212701e-01
9.422058e-01 -2.074911e-01 9.219225e-01
9.423058e-01 -1.522899e-01 9.225693e-01
9.424058e-01 -3.035948e-01 9.232102e-01
9.425057e-01 -1.913524e-01 9.238453e-01
9.426057e-01 -2.761890e-01 9.244742e-01
9.427057e-01 -2.572327e-01 9.250969e-01
9.428057e-01 -2.123027e-01 9.257131e-01
9.429057e-01 -2.569362e-01 9.263227e-01
9.430057e-01 -2.935719e-01 9.269256e-01
9.431057e-01 -2.865473e-01 9.275214e-01
9.432057e-01 -2.778958e-01 9.281099e-01
9.433057e-01 -2.272508e-01 9.286911e-01
9.434057e-01 -2.753968e-01 9.292646e-01
9.435056e-01 -2.926706e-01 9.298303e-01
9.436056e-01 -2.407970e-01 9.303879e-01
9.437056e-01 -3.318172e-01 9.309371e-01
9.438056e-01 -2.520573e-01 9.314778e-01
9.439056e-01 -2.957785e-01 9.320096e-01
9.440056e-01 -2.437162e-01 9.325323e-01
9.441056e-01 -3.269883e-01 9.330456e-01
9.442056e-01 -3.117060e-01 9.335493e-01
9.443056e-01 -3.302065e-01 9.340430e-01
9.444056e-01 -2.690528e-01 9.345265e-01
9.445055e-01 -3.142709e-01 9.349995e-01
9.446055e-01 -2.896479e-01 9.354616e-01
9.447055e-01 -2.864900e-01 9.359125e-01
9.448055e-01 -2.506243e-01 9.363519e-01
9.449055e-01 -4.533961e-01 9.367795e-01
9.450055e-01 -3.261171e-01 9.371950e-01
9.451055e-01 -3.374287e-01 9.375979e-01
9.452055e-01 -3.165120e-01 9.379880e-01
9.453055e-01 -4.428133e-01 9.383648e-01
9.454055e-01 -3.585198e-01 9.387280e-01
9.455054e-01 -3.651896e-01 9.390773e-01
9.456054e-01 -4.108625e-01 9.394122e-01
9.457054e-01 -3.510290e-01 9.397324e-01
9.458054e-01 -2.898660e-01 9.400375e-01
9.459054e-01 -4.430768e-01 9.403270e-01
9.460054e-01 -4.261148e-01 9.406007e-01
9.461054e-01 -4.557623e-01 9.408580e-01
9.462054e-01 -4.537645e-01 9.410986e-01
9.463054e-01 -3.393457e-01 9.413220e-01
9.464054e-01 -4.102781e-01 9.415279e-01
9.465053e-01 -3.990850e-01 9.417158e-01
9.466053e-01 -4.123905e-01 9.418853e-01
9.467053e-01 -3.457245e-01 9.420360e-01
9.468053e-01 -3.501740e-01 9.421674e-01
9.469053e-01 -3.323287e-01 9.422792e-01
9.470053e-01 -5.111891e-01 9.423709e-01
9.471053e-01 -3.723466e-01 9.424421e-01
9.472053e-01 -3.796877e-01 9.424924e-01
9.473053e-01 -4.007417e-01 9.425213e-01
9.474053e-01 -4.576519e-01 9.425285e-01
9.475052e-01 -4.772995e-01 9.425135e-01
9.476052e-01 -3.705140e-01 9.424760e-01
9.477052e-01 -4.069391e-01 9.424155e-01
9.478052e-01 -3.888874e-01 9.423316e-01
9.479052e-01 -5.176567e-01 9.422240e-01
9.480052e-01 -3.948668e-01 9.420923e-01
9.481052e-01 -3.557354e-01 9.419361e-01
9.482052e-01 -3.968438e-01 9.417551e-01
9.483052e-01 -2.486543e-01 9.415489e-01
9.484052e-01 -4.543243e-01 9.413171e-01
9.485051e-01 -4.430013e-01 9.410596e-01
9.486051e-01 -4.102732e-01 9.407759e-01
9.487051e-01 -3.773908e-01 9.404657e-01
9.488051e-01 -3.387233e-01 9.401289e-01
9.489051e-01 -2.799320e-01 9.397652e-01
9.490051e-01 -3.444810e-01 9.393743e-01
9.491051e-01 -4.103643e-01 9.389560e-01
9.492051e-01 -3.862110e-01 9.385101e-01
9.493051e-01 -4.581745e-01 9.380365e-01
9.494051e-01 -2.858498e-01 9.375351e-01
9.495050e-01 -3.150094e-01 9.370057e-01
9.496050e-01 -3.942757e-01 9.364482e-01
9.497050e-01 -3.354545e-01 9.358626e-01
9.498050e-01 -3.964765e-01 9.352489e-01
9.499050e-01 -3.595740e-01 9.346071e-01
9.500050e-01 -3.810497e-01 9.339373e-01
9.501050e-01 -3.010264e-01 9.332395e-01
9.502050e-01 -2.628511e-01 9.325138e-01
9.503050e-01 -3.437605e-01 9.317604e-01
9.504050e-01 -2.511081e-01 9.309796e-01
9.505049e-01 -3.013199e-01 9.301715e-01
9.506049e-01 -3.215417e-01 9.293364e-01
9.507049e-01 -2.384961e-01 9.284748e-01
9.508049e-01 -2.750239e-01 9.275870e-01
9.509049e-01 -1.710172e-01 9.266733e-01
9.510049e-01 -2.826041e-01 9.257344e-01
9.511049e-01 -2.072778e-01 9.247707e-01
9.512049e-01 -1.785822e-01 9.237829e-01
9.513049e-01 -2.339181e-01 9.227716e-01
9.514049e-01 -2.145853e-01 9.217376e-01
9.515048e-01 -2.366726e-01 9.206815e-01
9.516048e-01 -2.648509e-01 9.196044e-01
9.517048e-01 -1.682840e-01 9.185069e-01
9.518048e-01 -2.140761e-01 9.173903e-01
9.519048e-01 -1.807602e-01 9.162554e-01
9.520048e-01 -1.427083e-01 9.151034e-01
9.521048e-01 -2.038962e-01 9.139356e-01
9.522048e-01 -1.664945e-01 9.127531e-01
9.523048e-01 -1.521957e-01 9.115573e-01
9.524048e-01 -1.798386e-01 9.103497e-01
9.525047e-01 -1.294683e-01 9.091317e-01
9.526047e-01 -1.006549e-01 9.079050e-01
9.527047e-01 -1.925265e-01 9.066712e-01
9.528047e-01 -2.034605e-01 9.054321e-01
9.529047e-01 -2.429098e-01 9.041895e-01
9.530047e-01 -1.752053e-01 9.029454e-01
9.531047e-01 -1.896520e-01 9.017018e-01
9.532047e-01 -1.792556e-01 9.004608e-01
9.533047e-01 -2.519772e-01 8.992247e-01
9.534047e-01 -2.372517e-01 8.979958e-01
9.535046e-01 -2.139189e-01 8.967765e-01
9.536046e-01 -2.578138e-01 8.955694e-01
9.537046e-01 -2.529317e-01 8.943770e-01
9.538046e-01 -1.823232e-01 8.932020e-01
9.539046e-01 -2.206280e-01 8.920474e-01
9.540046e-01 -2.487025e-01 8.909160e-01
9.541046e-01 -2.816166e-01 8.898109e-01
9.542046e-01 -2.021999e-01 8.887351e-01
9.543046e-01 -2.431710e-01 8.876921e-01
9.544046e-01 -2.099284e-01 8.866850e-01
9.545045e-01 -2.752160e-01 8.857173e-01
9.546045e-01 -1.944642e-01 8.847927e-01
9.547045e-01 -2.922381e-01 8.839147e-01
9.548045e-01 -2.235381e-01 8.830872e-01
9.549045e-01 -3.098304e-01 8.823139e-01
9.550045e-01 -2.542836e-01 8.815989e-01
9.551045e-01 -2.515656e-01 8.809461e-01
9.552045e-01 -3.735309e-01 8.803597e-01
9.553045e-01 -3.144489e-01 8.798440e-01
9.554045e-01 -2.505286e-01 8.794032e-01
9.555044e-01 -3.817459e-01 8.790418e-01
9.556044e-01 -3.330658e-01 8.787641e-01
9.557044e-01 -2.278307e-01 8.785747e-01
9.558044e-01 -4.034370e-01 8.784782e-01
9.559044e-01 -3.566086e-01 8.784792e-01
9.560044e-01 -2.519013e-01 8.785824e-01
9.561044e-01 -3.305246e-01 8.787925e-01
9.562044e-01 -3.646406e-01 8.791142e-01
9.563044e-01 -4.114136e-01 8.795522e-01
9.564044e-01 -3.957152e-01 8.801113e-01
9.565043e-01 -3.909193e-01 8.807962e-01
9.566043e-01 -3.749431e-01 8.816116e-01
9.567043e-01 -3.772583e-01 8.825621e-01
9.568043e-01 -4.255250e-01 8.836522e-01
9.569043e-01 -3.910276e-01 8.848866e-01
9.570043e-01 -3.610308e-01 8.862694e-01
9.571043e-01 -3.344539e-01 8.878050e-01
9.572043e-01 -4.084808e-01 8.894975e-01
9.573043e-01 -4.334202e-01 8.913508e-01
9.574043e-01 -4.248828e-01 8.933686e-01
9.575042e-01 -3.338594e-01 8.955545e-01
9.576042e-01 -3.349691e-01 8.979116e-01
9.577042e-01 -3.596168e-01 9.004429e-01
9.578042e-01 -3.327922e-01 9.031511e-01
9.579042e-01 -2.843042e-01 9.060384e-01
9.580042e-01 -4.099861e-01 9.091068e-01
9.581042e-01 -3.269742e-01 9.123576e-01
9.582042e-01 -4.065498e-01 9.157920e-01
9.583042e-01 -2.524463e-01 9.194105e-01
9.584042e-01 -3.259349e-01 9.232130e-01
9.585041e-01 -3.936926e-01 9.271990e-01
9.586041e-01 -3.193180e-01 9.313673e-01
9.587041e-01 -4.258837e-01 9.357160e-01
9.588041e-01 -2.495819e-01 9.402426e-01
9.589041e-01 -3.396916e-01 9.449438e-01
9.590041e-01 -2.434461e-01 9.498157e-01
9.591041e-01 -2.682232e-01 9.548533e-01
9.592041e-01 -3.360231e-01 9.600510e-01
9.593041e-01 -3.337401e-01 9.654022e-01
9.594041e-01 -3.173480e-01 9.708995e-01
9.595040e-01 -2.394064e-01 9.765343e-01
9.596040e-01 -1.895001e-01 9.822973e-01
9.597040e-01 -2.104265e-01 9.881782e-01
9.598040e-01 -2.967501e-01 9.941654e-01
9.599040e-01 -2.648162e-01 1.000247e+00
9.600040e-01 -2.739774e-01 1.006408e+00
9.601040e-01 -3.166439e-01 1.012636e+00
9.602040e-01 -3.397699e-01 1.018913e+00
9.603040e-01 -3.113959e-01 1.025225e+00
9.604040e-01 -2.646131e-01 1.031552e+00
9.605039e-01 -2.195365e-01 1.037877e+00
9.606039e-01 -1.496482e-01 1.044179e+00
9.607039e-01 -1.873050e-01 1.050439e+00
9.608039e-01 -1.793501e-01 1.056634e+00
9.609039e-01 -2.304575e-01 1.062743e+00
9.610039e-01 -2.391357e-01 1.068742e+00
9.611039e-01 -4.291694e-02 1.074608e+00
9.612039e-01 -2.431283e-01 1.080317e+00
9.613039e-01 -2.280869e-01 1.085844e+00
9.614039e-01 -1.641603e-01 1.091164e+00
9.615038e-01 -1.075171e-01 1.096253e+00
9.616038e-01 -1.528055e-01 1.101086e+00
9.617038e-01 -2.873300e-01 1.105637e+00
9.618038e-01 -1.631461e-01 1.109884e+00
9.619038e-01 -8.867352e-02 1.113801e+00
9.620038e-01 -1.020608e-01 1.117366e+00
9.621038e-01 -1.154451e-01 1.120558e+00
9.622038e-01 -2.000777e-01 1.123355e+00
9.623038e-01 -3.045197e-01 1.125739e+00
9.624038e-01 -1.257149e-01 1.127693e+00
9.625037e-01 -1.224805e-01 1.129201e+00
9.626037e-01 -1.724509e-01 1.130250e+00
9.627037e-01 -1.190599e-01 1.130830e+00
9.628037e-01 -6.979307e-02 1.130933e+00
9.629037e-01 -1.094916e-01 1.130553e+00
9.630037e-01 -2.009524e-01 1.129689e+00
9.631037e-01 -1.768466e-01 1.128343e+00
9.632037e-01 -9.995630e-02 1.126518e+00
9.633037e-01 -1.996317e-01 1.124222e+00
9.634037e-01 -2.384400e-01 1.121468e+00
9.635036e-01 -1.200310e-01 1.118269e+00
9.636036e-01 -1.689000e-01 1.114643e+00
9.637036e-01 -2.040327e-01 1.110613e+00
9.638036e-01 -1.269288e-01 1.106201e+00
9.639036e-01 -1.600209e-01 1.101436e+00
9.640036e-01 -9.713626e-02 1.096346e+00
9.641036e-01 -1.990695e-01 1.090964e+00
9.642036e-01 -1.989047e-01 1.085324e+00
9.643036e-01 -1.482740e-01 1.079460e+00
9.644036e-01 -1.506294e-01 1.073411e+00
9.645035e-01 -2.429794e-01 1.067212e+00
9.646035e-01 -2.507761e-01 1.060902e+00
9.647035e-01 -2.186547e-01 1.054519e+00
9.648035e-01 -2.019636e-01 1.048099e+00
9.649035e-01 -2.395783e-01 1.041680e+00
9.650035e-01 -9.252248e-02 1.035296e+00
9.651035e-01 -1.821562e-01 1.028981e+00
9.652035e-01 -2.288253e-01 1.022769e+00
9.653035e-01 -2.574945e-01 1.016688e+00
9.654035e-01 -2.074420e-01 1.010766e+00
9.655034e-01 -2.536258e-01 1.005030e+00
9.656034e-01 -2.951677e-01 9.995033e-01
9.657034e-01 -2.692445e-01 9.942062e-01
9.658034e-01 -2.863473e-01 9.891576e-01
9.659034e-01 -2.695727e-01 9.843738e-01
9.660034e-01 -2.704400e-01 9.798689e-01
9.661034e-01 -3.454870e-01 9.756548e-01
9.662034e-01 -3.043590e-01 9.717416e-01
9.663034e-01 -3.271364e-01 9.681375e-01
9.664034e-01 -2.761940e-01 9.648491e-01
9.665033e-01 -2.939423e-01 9.618815e-01
9.666033e-01 -3.101908e-01 9.592387e-01
9.667033e-01 -2.935362e-01 9.569236e-01
9.668033e-01 -2.526762e-01 9.549383e-01
9.669033e-01 -2.165912e-01 9.532842e-01
9.670033e-01 -1.952718e-01 9.519623e-01
9.671033e-01 -2.601395e-01 9.509731e-01
9.672033e-01 -2.887346e-01 9.503170e-01
9.673033e-01 -2.519648e-01 9.499940e-01
9.674033e-01 -3.675341e-01 9.500045e-01
9.675032e-01 -3.368259e-01 9.503484e-01
9.676032e-01 -3.124279e-01 9.510259e-01
9.677032e-01 -3.347847e-01 9.520370e-01
9.678032e-01 -3.127465e-01 9.533818e-01
9.679032e-01 -2.906053e-01 9.550602e-01
9.680032e-01 -3.969943e-01 9.570718e-01
9.681032e-01 -2.878504e-01 9.594161e-01
9.682032e-01 -2.846878e-01 9.620917e-01
9.683032e-01 -3.361233e-01 9.650971e-01
9.684032e-01 -3.000914e-01 9.684296e-01
9.685031e-01 -2.420434e-01 9.720857e-01
9.686031e-01 -1.504280e-01 9.760606e-01
9.687031e-01 -2.131956e-01 9.803483e-01
9.688031e-01 -3.300485e-01 9.849412e-01
9.689031e-01 -2.699615e-01 9.898299e-01
9.690031e-01 -2.657018e-01 9.950032e-01
9.691031e-01 -2.327831e-01 1.000448e+00
9.692031e-01 -2.141291e-01 1.006149e+00
9.693031e-01 -1.704739e-01 1.012090e+00
9.694031e-01 -2.180104e-01 1.018249e+00
9.695030e-01 -2.324616e-01 1.024607e+00
9.696030e-01 -2.491045e-01 1.031139e+00
9.697030e-01 -2.263039e-01 1.037819e+00
9.698030e-01 -1.622258e-01 1.044621e+00
9.699030e-01 -2.431572e-01 1.051515e+00
9.700030e-01 -2.005185e-01 1.058470e+00
9.701030e-01 -2.330214e-01 1.065457e+00
9.702030e-01 -1.777583e-01 1.072441e+00
9.703030e-01 -1.518629e-01 1.079392e+00
9.704030e-01 -2.395864e-01 1.086276e+00
9.705029e-01 -2.061529e-01 1.093061e+00
9.706029e-01 -1.141426e-01 1.099715e+00
9.707029e-01 -1.280040e-01 1.106207e+00
9.708029e-01 -1.967151e-01 1.112509e+00
9.709029e-01 -4.550585e-02 1.118591e+00
9.710029e-01 -7.864935e-02 1.124428e+00
9.711029e-01 -1.283678e-01 1.129996e+00
9.712029e-01 -2.398349e-02 1.135272e+00
9.713029e-01 -5.960519e-02 1.140238e+00
9.714029e-01 -6.078680e-02 1.144874e+00
9.715028e-01 -1.212405e-01 1.149167e+00
9.716028e-01 -1.251453e-01 1.153104e+00
9.717028e-01 -8.596127e-02 1.156674e+00
9.718028e-01 -1.150699e-01 1.159871e+00
9.719028e-01 -4.750206e-02 1.162687e+00
9.720028e-01 -1.603390e-01 1.165120e+00
9.721028e-01 -1.234074e-02 1.167168e+00
9.722028e-01 -1.349327e-01 1.168831e+00
9.723028e-01 -2.330260e-02 1.170109e+00
9.724028e-01 -3.453640e-02 1.171008e+00
9.725027e-01 3.563997e-02 1.171530e+00
9.726027e-01 -8.586835e-02 1.171682e+00
9.727027e-01 -6.429579e-02 1.171469e+00
9.728027e-01 -7.204114e-03 1.170899e+00
9.729027e-01 -9.080099e-02 1.169981e+00
9.730027e-01 -8.008641e-02 1.168722e+00
9.731027e-01 -1.607313e-02 1.167131e+00
9.732027e-01 -8.795309e-02 1.165220e+00
9.733027e-01 -1.737985e-01 1.162997e+00
9.734027e-01 3.500526e-02 1.160473e+00
9.735026e-01 6.515531e-03 1.157659e+00
9.736026e-01 -1.088961e-01 1.154566e+00
9.737026e-01 -1.210958e-01 1.151207e+00
9.738026e-01 4.012558e-02 1.147592e+00
9.739026e-01 -1.327206e-01 1.143735e+00
9.740026e-01 -6.522875e-03 1.139650e+00
9.741026e-01 -2.096172e-01 1.135350e+00
9.742026e-01 -1.225085e-02 1.130849e+00
9.743026e-01 -6.400127e-02 1.126162e+00
9.744026e-01 -1.548900e-01 1.121307e+00
9.745025e-01 -1.699003e-01 1.116300e+00
9.746025e-01 -1.712136e-01 1.111158e+00
9.747025e-01 -3.988095e-02 1.105901e+00
9.748025e-01 -1.473425e-01 1.100548e+00
9.749025e-01 -6.291814e-02 1.095120e+00
9.750025e-01 -2.107592e-01 1.089638e+00
9.751025e-01 -2.050183e-01 1.084126e+00
9.752025e-01 -2.176356e-01 1.078606e+00
9.753025e-01 -1.247761e-01 1.073103e+00
9.754025e-01 -1.893406e-01 1.067642e+00
9.755024e-01 -1.738683e-01 1.062249e+00
9.756024e-01 -1.681038e-01 1.056949e+00
9.757024e-01 -2.575941e-01 1.051768e+00
9.758024e-01 -1.720454e-01 1.046734e+00
9.759024e-01 -2.033435e-01 1.041873e+00
9.760024e-01 -2.548504e-01 1.037210e+00
9.761024e-01 -2.751826e-01 1.032771e+00
9.762024e-01 -1.816908e-01 1.028580e+00
9.763024e-01 -2.052355e-01 1.024662e+00
9.764024e-01 -2.872558e-01 1.021039e+00
9.765023e-01 -3.223146e-01 1.017732e+00
9.766023e-01 -2.872710e-01 1.014762e+00
9.767023e-01 -2.319263e-01 1.012144e+00
9.768023e-01 -1.362507e-01 1.009897e+00
9.769023e-01 -1.599600e-01 1.008032e+00
9.770023e-01 -2.753772e-01 1.006563e+00
9.771023e-01 -1.884458e-01 1.005498e+00
9.772023e-01 -1.817566e-01 1.004845e+00
9.773023e-01 -3.341521e-01 1.004608e+00
9.774023e-01 -2.610053e-01 1.004789e+00
9.775022e-01 -2.360894e-01 1.005389e+00
9.776022e-01 -1.556273e-01 1.006406e+00
9.777022e-01 -2.753071e-01 1.007835e+00
9.778022e-01 -2.801254e-01 1.009669e+00
9.779022e-01 -2.611087e-01 1.011902e+00
9.780022e-01 -1.511197e-01 1.014522e+00
9.781022e-01 -3.381532e-01 1.017517e+00
9.782022e-01 -1.926296e-01 1.020876e+00
9.783022e-01 -2.739274e-01 1.024582e+00
9.784022e-01 -1.892961e-01 1.028621e+00
9.785021e-01 -2.884489e-01 1.032976e+00
9.786021e-01 -1.313035e-01 1.037629e+00
9.787021e-01 -2.197815e-01 1.042563e+00
9.788021e-01 -1.847212e-01 1.047757e+00
9.789021e-01 -2.820900e-01 1.053193e+00
9.790021e-01 -1.794304e-01 1.058851e+00
9.791021e-01 -2.748898e-01 1.064712e+00
9.792021e-01 -1.564176e-01 1.070755e+00
9.793021e-01 -1.600797e-01 1.076959e+00
9.794021e-01 -1.582781e-01 1.083306e+00
9.795020e-01 -1.915741e-01 1.089774e+00
9.796020e-01 -1.441319e-01 1.096342e+00
9.797020e-01 -1.342929e-01 1.102992e+00
9.798020e-01 -1.555659e-01 1.109703e+00
9.799020e-01 -1.590277e-01 1.116453e+00
9.800020e-01 -2.497471e-01 1.123225e+00
9.801020e-01 -7.213859e-02 1.129996e+00
9.802020e-01 -9.502174e-02 1.136748e+00
9.803020e-01 -3.157041e-02 1.143461e+00
9.804020e-01 -1.117563e-01 1.150114e+00
9.805019e-01 -1.719969e-01 1.156687e+00
9.806019e-01 -3.482095e-02 1.163161e+00
9.807019e-01 -1.076276e-01 1.169516e+00
9.808019e-01 -1.250738e-01 1.175732e+00
9.809019e-01 -1.453442e-01 1.181789e+00
9.810019e-01 -3.784802e-02 1.187667e+00
9.811019e-01 -5.926818e-02 1.193348e+00
9.812019e-01 -4.802001e-02 1.198812e+00
9.813019e-01 -4.979019e-02 1.204039e+00
9.814019e-01 -5.765069e-02 1.209011e+00
9.815018e-01 -6.405113e-03 1.213710e+00
9.816018e-01 -1.020073e-01 1.218117e+00
9.817018e-01 -4.707384e-03 1.222217e+00
9.818018e-01 9.866788e-03 1.225991e+00
9.819018e-01 -4.035198e-02 1.229425e+00
9.820018e-01 -4.037151e-02 1.232505e+00
9.821018e-01 -3.452144e-02 1.235216e+00
9.822018e-01 3.621031e-02 1.237547e+00
9.823018e-01 -4.901480e-02 1.239486e+00
9.824018e-01 3.331628e-02 1.241026e+00
9.825017e-01 -4.229776e-04 1.242158e+00
9.826017e-01 -1.432004e-02 1.242876e+00
9.827017e-01 1.192582e-02 1.243179e+00
9.828017e-01 7.728927e-03 1.243063e+00
9.829017e-01 1.001639e-02 1.242531e+00
9.830017e-01 -3.465679e-02 1.241585e+00
9.831017e-01 -2.973045e-02 1.240230e+00
9.832017e-01 -1.134341e-01 1.238475e+00
9.833017e-01 -1.568280e-01 1.236330e+00
9.834017e-01 -7.411086e-02 1.233807e+00
9.835016e-01 -3.516901e-02 1.230922e+00
9.836016e-01 -3.429606e-02 1.227691e+00
9.837016e-01 -4.300123e-02 1.224133e+00
9.838016e-01 9.861927e-03 1.220271e+00
9.839016e-01 -5.206760e-02 1.216126e+00
9.840016e-01 -1.099042e-01 1.211723e+00
9.841016e-01 -9.588223e-02 1.207088e+00
9.842016e-01 6.244739e-03 1.202249e+00
9.843016e-01 -1.407513e-01 1.197232e+00
9.844016e-01 -1.017885e-01 1.192067e+00
9.845015e-01 -8.543805e-02 1.186782e+00
9.846015e-01 -1.168032e-01 1.181405e+00
9.847015e-01 -6.210098e-02 1.175966e+00
9.848015e-01 -9.304417e-02 1.170493e+00
9.849015e-01 -3.493358e-02 1.165013e+00
9.850015e-01 -2.128156e-01 1.159552e+00
9.851015e-01 -1.144240e-01 1.154138e+00
9.852015e-01 -2.956672e-02 1.148793e+00
9.853015e-01 -1.240969e-01 1.143542e+00
9.854015e-01 -5.374441e-02 1.138406e+00
9.855014e-01 -1.763808e-01 1.133406e+00
9.856014e-01 -1.360528e-01 1.128560e+00
9.857014e-01 -1.596746e-01 1.123887e+00
9.858014e-01 -1.478269e-01 1.119402e+00
9.859014e-01 -9.279204e-02 1.115120e+00
9.860014e-01 -1.600084e-01 1.111056e+00
9.861014e-01 -9.279057e-02 1.107221e+00
9.862014e-01 -1.714723e-01 1.103627e+00
9.863014e-01 -1.487131e-01 1.100285e+00
9.864014e-01 -2.340105e-01 1.097204e+00
9.865013e-01 -1.752668e-01 1.094395e+00
9.866013e-01 -2.826046e-01 1.091865e+00
9.867013e-01 -8.561994e-02 1.089624e+00
9.868013e-01 -2.098447e-01 1.087679e+00
9.869013e-01 -1.714005e-01 1.086038e+00
9.870013e-01 -1.531277e-01 1.084710e+00
9.871013e-01 -1.663259e-01 1.083703e+00
9.872013e-01 -7.770169e-02 1.083024e+00
9.873013e-01 -2.245969e-01 1.082681e+00
9.874013e-01 -9.677602e-02 1.082682e+00
9.875012e-01 -1.776822e-01 1.083034e+00
9.876012e-01 -2.202303e-01 1.083746e+00
9.877012e-01 -1.848925e-01 1.084825e+00
9.878012e-01 -5.463553e-02 1.086276e+00
9.879012e-01 -4.859299e-02 1.088106e+00
9.880012e-01 -2.240657e-01 1.090321e+00
9.881012e-01 -1.790312e-01 1.092924e+00
9.882012e-01 -1.980753e-01 1.095918e+00
9.883012e-01 -1.774835e-01 1.099306e+00
9.884012e-01 -2.476365e-01 1.103086e+00
9.885011e-01 -1.117784e-01 1.107256e+00
9.886011e-01 -1.378269e-01 1.111812e+00
9.887011e-01 -1.927055e-01 1.116748e+00
9.888011e-01 -1.534988e-01 1.122054e+00
9.889011e-01 -6.122327e-02 1.127718e+00
9.890011e-01 -1.092524e-01 1.133725e+00
9.891011e-01 -9.415083e-02 1.140059e+00
9.892011e-01 -2.180335e-01 1.146698e+00
9.893011e-01 -8.623439e-02 1.153621e+00
9.894011e-01 -2.867256e-02 1.160800e+00
9.895010e-01 -2.706116e-02 1.168208e+00
9.896010e-01 -1.032453e-01 1.175813e+00
9.897010e-01 -1.162010e-01 1.183584e+00
9.898010e-01 -7.306678e-02 1.191485e+00
9.899010e-01 -3.935390e-02 1.199480e+00
9.900010e-01 -6.076711e-02 1.207532e+00
9.901010e-01 -1.305696e-02 1.215603e+00
9.902010e-01 -5.924572e-02 1.223654e+00
9.903010e-01 -9.268443e-02 1.231648e+00
9.904010e-01 -8.635717e-02 1.239546e+00
9.905009e-01 -2.832525e-02 1.247312e+00
9.906009e-01 -7.623585e-02 1.254909e+00
9.907009e-01 -7.256966e-02 1.262306e+00
9.908009e-01 7.707137e-02 1.269468e+00
9.909009e-01 8.664717e-03 1.276368e+00
9.910009e-01 5.090578e-02 1.282977e+00
9.911009e-01 2.810306e-02 1.289272e+00
9.912009e-01 9.484531e-02 1.295230e+00
9.913009e-01 3.764441e-02 1.300834e+00
9.914009e-01 3.492381e-02 1.306066e+00
9.915008e-01 2.888048e-03 1.310915e+00
9.916008e-01 2.326236e-02 1.315370e+00
9.917008e-01 -1.082922e-03 1.319424e+00
9.918008e-01 6.176879e-02 1.323071e+00
9.919008e-01 3.947976e-02 1.326310e+00
9.920008e-01 3.521602e-02 1.329139e+00
9.921008e-01 6.366965e-02 1.331561e+00
9.922008e-01 3.905935e-02 1.333579e+00
9.923008e-01 1.893021e-01 1.335198e+00
9.924008e-01 6.564174e-02 1.336424e+00
9.925007e-01 -1.319957e-02 1.337266e+00
9.926007e-01 -1.574223e-02 1.337731e+00
9.927007e-01 -3.916615e-02 1.337829e+00
9.928007e-01 2.136183e-02 1.337570e+00
9.929007e-01 8.954047e-02 1.336965e+00
9.930007e-01 8.700812e-02 1.336023e+00
9.931007e-01 8.320581e-02 1.334756e+00
9.932007e-01 -1.749849e-02 1.333175e+00
9.933007e-01 6.881455e-02 1.331292e+00
9.934007e-01 6.363288e-02 1.329118e+00
9.935006e-01 -7.158557e-03 1.326664e+00
9.936006e-01 5.976489e-02 1.323942e+00
9.937006e-01 -1.184457e-03 1.320964e+00
9.938006e-01 8.468126e-03 1.317741e+00
9.939006e-01 8.714442e-02 1.314286e+00
9.940006e-01 -4.889571e-02 1.310612e+00
9.941006e-01 6.183980e-02 1.306730e+00
9.942006e-01 9.068461e-02 1.302656e+00
9.943006e-01 5.127360e-02 1.298402e+00
9.944006e-01 -7.190188e-02 1.293984e+00
9.945005e-01 -3.073037e-02 1.289418e+00
9.946005e-01 6.042109e-02 1.284719e+00
9.947005e-01 -1.184730e-03 1.279905e+00
9.948005e-01 -6.950392e-02 1.274994e+00
9.949005e-01 -2.267275e-02 1.270005e+00
9.950005e-01 -8.547923e-02 1.264960e+00
9.951005e-01 -8.746710e-02 1.259879e+00
9.952005e-01 3.165606e-02 1.254785e+00
9.953005e-01 -1.204339e-01 1.249700e+00
9.954005e-01 -1.203503e-02 1.244649e+00
9.955004e-01 -4.354259e-03 1.239656e+00
9.956004e-01 -9.012309e-02 1.234747e+00
9.957004e-01 -9.675641e-02 1.229948e+00
9.958004e-01 -1.544439e-01 1.225284e+00
9.959004e-01 -1.752482e-01 1.220782e+00
9.960004e-01 -1.423161e-02 1.216467e+00
9.961004e-01 -8.065903e-02 1.212365e+00
9.962004e-01 -6.880383e-02 1.208500e+00
9.963004e-01 -1.554474e-01 1.204896e+00
9.964004e-01 -1.397226e-01 1.201577e+00
9.965003e-01 -4.939174e-02 1.198564e+00
9.966003e-01 -9.177697e-02 1.195877e+00
9.967003e-01 -1.190631e-01 1.193535e+00
9.968003e-01 -1.673055e-01 1.191554e+00
9.969003e-01 -5.307138e-02 1.189950e+00
9.970003e-01 -1.089447e-01 1.188734e+00
9.971003e-01 -8.691679e-02 1.187917e+00
9.972003e-01 -1.057099e-01 1.187508e+00
9.973003e-01 -1.131826e-01 1.187511e+00
9.974003e-01 -1.654828e-01 1.187932e+00
9.975002e-01 -2.008762e-01 1.188771e+00
9.976002e-01 -1.613259e-01 1.190027e+00
9.977002e-01 -9.462384e-02 1.191697e+00
9.978002e-01 -1.483633e-01 1.193776e+00
9.979002e-01 -6.565773e-02 1.196257e+00
9.980002e-01 -1.257039e-01 1.199130e+00
9.981002e-01 -1.380697e-01 1.202385e+00
9.982002e-01 -1.082038e-01 1.206009e+00
9.983002e-01 -9.374305e-02 1.209989e+00
9.984002e-01 -7.222962e-02 1.214309e+00
9.985001e-01 -5.378459e-02 1.218954e+00
9.986001e-01 -1.309410e-01 1.223905e+00
9.987001e-01 -4.237888e-02 1.229145e+00
9.988001e-01 -8.322316e-02 1.234656e+00
9.989001e-01 -1.059282e-01 1.240417e+00
9.990001e-01 -5.527780e-02 1.246410e+00
9.991001e-01 -4.037038e-02 1.252616e+00
9.992001e-01 -2.349872e-03 1.259013e+00
9.993001e-01 -5.874155e-02 1.265584e+00
9.994001e-01 -4.730222e-02 1.272307e+00
9.995000e-01 -8.730566e-02 1.279165e+00
9.996000e-01 -1.273300e-01 1.286137e+00
9.997000e-01 3.082004e-02 1.293207e+00
9.998000e-01 1.291620e-02 1.300356e+00
9.999000e-01 6.381710e-02 1.307566e+00
1.000000e+00 5.905585e-03 1.314822e+00
