0.000000e+00 5.858024e-02 -4.582034e+00
9.999000e-05 6.492897e-01 -3.885163e+00
1.999800e-04 1.206636e+00 -3.187034e+00
2.999700e-04 1.950454e+00 -2.493740e+00
3.999600e-04 2.452075e+00 -1.810859e+00
4.999500e-04 3.114218e+00 -1.143238e+00
5.999400e-04 3.712895e+00 -4.948442e-01
6.999300e-04 4.191735e+00 1.312872e-01
7.999200e-04 4.942846e+00 7.330205e-01
8.999100e-04 5.261862e+00 1.309012e+00
9.999000e-04 5.961903e+00 1.858550e+00
1.099890e-03 6.349792e+00 2.381357e+00
1.199880e-03 6.874916e+00 2.877387e+00
1.299870e-03 7.336487e+00 3.346617e+00
1.399860e-03 7.769537e+00 3.788871e+00
1.499850e-03 8.189259e+00 4.203674e+00
1.599840e-03 8.388801e+00 4.590148e+00
1.699830e-03 8.783572e+00 4.946957e+00
1.799820e-03 9.036856e+00 5.272318e+00
1.899810e-03 9.309704e+00 5.564060e+00
1.999800e-03 9.507433e+00 5.819743e+00
2.099790e-03 9.698320e+00 6.036834e+00
2.199780e-03 9.783451e+00 6.212910e+00
2.299770e-03 9.925897e+00 6.345895e+00
2.399760e-03 9.964827e+00 6.434274e+00
2.499750e-03 9.987975e+00 6.477276e+00
2.599740e-03 9.979392e+00 6.474983e+00
2.699730e-03 9.913770e+00 6.428345e+00
2.799720e-03 9.823628e+00 6.339085e+00
2.899710e-03 9.590836e+00 6.209506e+00
2.999700e-03 9.455666e+00 6.042224e+00
3.099690e-03 9.280658e+00 5.839867e+00
3.199680e-03 9.111795e+00 5.604811e+00
3.299670e-03 8.707216e+00 5.338967e+00
3.399660e-03 8.479917e+00 5.043682e+00
3.499650e-03 8.156642e+00 4.719757e+00
3.599640e-03 7.795348e+00 4.367560e+00
3.699630e-03 7.323864e+00 3.987221e+00
3.799620e-03 6.926683e+00 3.578855e+00
3.899610e-03 6.362223e+00 3.142776e+00
3.999600e-03 5.996696e+00 2.679666e+00
4.099590e-03 5.398373e+00 2.190680e+00
4.199580e-03 4.806493e+00 1.677468e+00
4.299570e-03 4.286779e+00 1.142139e+00
4.399560e-03 3.768026e+00 5.871669e-01
4.499550e-03 3.026743e+00 1.527242e-02
4.599540e-03 2.484432e+00 -5.706932e-01
4.699530e-03 1.867949e+00 -1.167852e+00
4.799520e-03 1.294956e+00 -1.773370e+00
4.899510e-03 6.173720e-01 -2.384500e+00
4.999500e-03 2.769880e-02 -2.998584e+00
5.099490e-03 -5.230530e-01 -3.613046e+00
5.199480e-03 -1.293249e+00 -4.225368e+00
5.299470e-03 -1.796810e+00 -4.833064e+00
5.399460e-03 -2.528835e+00 -5.433667e+00
5.499450e-03 -3.029249e+00 -6.024732e+00
5.599440e-03 -3.682349e+00 -6.603841e+00
5.699430e-03 -4.213620e+00 -7.168639e+00
5.799420e-03 -4.740921e+00 -7.716858e+00
5.899410e-03 -5.290345e+00 -8.246352e+00
5.999400e-03 -5.837351e+00 -8.755122e+00
6.099390e-03 -6.363493e+00 -9.241326e+00
6.199380e-03 -6.842844e+00 -9.703267e+00
6.299370e-03 -7.331872e+00 -1.013938e+01
6.399360e-03 -7.600699e+00 -1.054817e+01
6.499350e-03 -8.030899e+00 -1.092821e+01
6.599340e-03 -8.361580e+00 -1.127807e+01
6.699330e-03 -8.709811e+00 -1.159627e+01
6.799320e-03 -8.962388e+00 -1.188134e+01
6.899310e-03 -9.245975e+00 -1.213180e+01
6.999300e-03 -9.489622e+00 -1.234620e+01
7.099290e-03 -9.729190e+00 -1.252324e+01
7.199280e-03 -9.694102e+00 -1.266180e+01
7.299270e-03 -9.932798e+00 -1.276106e+01
7.399260e-03 -9.930401e+00 -1.282055e+01
7.499250e-03 -1.008642e+01 -1.284016e+01
7.599240e-03 -1.002040e+01 -1.282015e+01
7.699230e-03 -9.875151e+00 -1.276110e+01
7.799220e-03 -9.790113e+00 -1.266381e+01
7.899210e-03 -9.626172e+00 -1.252924e+01
7.999200e-03 -9.393407e+00 -1.235842e+01
8.099190e-03 -9.307961e+00 -1.215234e+01
8.199180e-03 -9.014094e+00 -1.191191e+01
8.299170e-03 -8.700051e+00 -1.163800e+01
8.399160e-03 -8.431161e+00 -1.133138e+01
8.499150e-03 -8.079283e+00 -1.099285e+01
8.599140e-03 -7.706919e+00 -1.062325e+01
8.699130e-03 -7.278974e+00 -1.022359e+01
8.799120e-03 -6.770634e+00 -9.795073e+00
8.899110e-03 -6.289414e+00 -9.339189e+00
8.999100e-03 -5.843605e+00 -8.857713e+00
9.099090e-03 -5.304746e+00 -8.352713e+00
9.199080e-03 -4.711309e+00 -7.826527e+00
9.299070e-03 -4.259398e+00 -7.281707e+00
9.399060e-03 -3.672141e+00 -6.720967e+00
9.499050e-03 -2.989388e+00 -6.147105e+00
9.599040e-03 -2.425005e+00 -5.562939e+00
9.699030e-03 -1.895622e+00 -4.971247e+00
9.799020e-03 -1.190342e+00 -4.374709e+00
9.899010e-03 -6.046457e-01 -3.775875e+00
9.999000e-03 1.153171e-01 -3.177136e+00
1.009899e-02 7.248320e-01 -2.580718e+00
1.019898e-02 1.256542e+00 -1.988682e+00
1.029897e-02 1.921452e+00 -1.402944e+00
1.039896e-02 2.501091e+00 -8.252999e-01
1.049895e-02 3.052586e+00 -2.574560e-01
1.059894e-02 3.768902e+00 2.989265e-01
1.069893e-02 4.303263e+00 8.421898e-01
1.079892e-02 5.031683e+00 1.370634e+00
1.089891e-02 5.446946e+00 1.882473e+00
1.099890e-02 5.953784e+00 2.375792e+00
1.109889e-02 6.416466e+00 2.848515e+00
1.119888e-02 6.893183e+00 3.298381e+00
1.129887e-02 7.343606e+00 3.722931e+00
1.139886e-02 7.829049e+00 4.119516e+00
1.149885e-02 8.143587e+00 4.485329e+00
1.159884e-02 8.467284e+00 4.817457e+00
1.169883e-02 8.830123e+00 5.112968e+00
1.179882e-02 9.076577e+00 5.369019e+00
1.189881e-02 9.353233e+00 5.582995e+00
1.199880e-02 9.599737e+00 5.752660e+00
1.209879e-02 9.686121e+00 5.876312e+00
1.219878e-02 9.822065e+00 5.952918e+00
1.229877e-02 9.978360e+00 5.982214e+00
1.239876e-02 1.004329e+01 5.964744e+00
1.249875e-02 1.007274e+01 5.901816e+00
1.259874e-02 9.998283e+00 5.795378e+00
1.269873e-02 1.000753e+01 5.647818e+00
1.279872e-02 9.883497e+00 5.461705e+00
1.289871e-02 9.823589e+00 5.239524e+00
1.299870e-02 9.620177e+00 4.983426e+00
1.309869e-02 9.445316e+00 4.695056e+00
1.319868e-02 9.090767e+00 4.375473e+00
1.329867e-02 8.782038e+00 4.025177e+00
1.339866e-02 8.465542e+00 3.644240e+00
1.349865e-02 8.216305e+00 3.232510e+00
1.359864e-02 7.811989e+00 2.789850e+00
1.369863e-02 7.361835e+00 2.316379e+00
1.379862e-02 7.024888e+00 1.812663e+00
1.389861e-02 6.486659e+00 1.279845e+00
1.399860e-02 5.956490e+00 7.196829e-01
1.409859e-02 5.373078e+00 1.345077e-01
1.419858e-02 4.994646e+00 -4.728881e-01
1.429857e-02 4.415788e+00 -1.099410e+00
1.439856e-02 3.847264e+00 -1.741840e+00
1.449855e-02 3.114926e+00 -2.397001e+00
1.459854e-02 2.543553e+00 -3.061891e+00
1.469853e-02 1.946057e+00 -3.733771e+00
1.479852e-02 1.381954e+00 -4.410196e+00
1.489851e-02 7.526243e-01 -5.088997e+00
1.499850e-02 1.120001e-01 -5.768217e+00
1.509849e-02 -5.988584e-01 -6.446029e+00
1.519848e-02 -1.189608e+00 -7.120630e+00
1.529847e-02 -1.764980e+00 -7.790138e+00
1.539846e-02 -2.405464e+00 -8.452511e+00
1.549845e-02 -2.916447e+00 -9.105479e+00
1.559844e-02 -3.567385e+00 -9.746519e+00
1.569843e-02 -4.210236e+00 -1.037286e+01
1.579842e-02 -4.682384e+00 -1.098156e+01
1.589841e-02 -5.328915e+00 -1.156956e+01
1.599840e-02 -5.733705e+00 -1.213382e+01
1.609839e-02 -6.230102e+00 -1.267151e+01
1.619838e-02 -6.769635e+00 -1.318006e+01
1.629837e-02 -7.209942e+00 -1.365737e+01
1.639836e-02 -7.567535e+00 -1.410183e+01
1.649835e-02 -7.942717e+00 -1.451236e+01
1.659834e-02 -8.340293e+00 -1.488836e+01
1.669833e-02 -8.629911e+00 -1.522959e+01
1.679832e-02 -8.918983e+00 -1.553601e+01
1.689831e-02 -9.238969e+00 -1.580759e+01
1.699830e-02 -9.338764e+00 -1.604413e+01
1.709829e-02 -9.655123e+00 -1.624509e+01
1.719828e-02 -9.688418e+00 -1.640954e+01
1.729827e-02 -9.844521e+00 -1.653616e+01
1.739826e-02 -9.839955e+00 -1.662328e+01
1.749825e-02 -9.902256e+00 -1.666906e+01
1.759824e-02 -9.895145e+00 -1.667169e+01
1.769823e-02 -9.746292e+00 -1.662957e+01
1.779822e-02 -9.712060e+00 -1.654150e+01
1.789821e-02 -9.524411e+00 -1.640685e+01
1.799820e-02 -9.465832e+00 -1.622561e+01
1.809819e-02 -9.132285e+00 -1.599842e+01
1.819818e-02 -8.806158e+00 -1.572652e+01
1.829817e-02 -8.786193e+00 -1.541169e+01
1.839816e-02 -8.412467e+00 -1.505611e+01
1.849815e-02 -8.038260e+00 -1.466225e+01
1.859814e-02 -7.597568e+00 -1.423275e+01
1.869813e-02 -7.198594e+00 -1.377031e+01
1.879812e-02 -6.737402e+00 -1.327761e+01
1.889811e-02 -6.277385e+00 -1.275725e+01
1.899810e-02 -5.736689e+00 -1.221170e+01
1.909809e-02 -5.278069e+00 -1.164327e+01
1.919808e-02 -4.634886e+00 -1.105410e+01
1.929807e-02 -4.196220e+00 -1.044622e+01
1.939806e-02 -3.558960e+00 -9.821470e+00
1.949805e-02 -2.993262e+00 -9.181607e+00
1.959804e-02 -2.301298e+00 -8.528285e+00
1.969803e-02 -1.837292e+00 -7.863093e+00
1.979802e-02 -1.142121e+00 -7.187581e+00
1.989801e-02 -5.494582e-01 -6.503294e+00
1.999800e-02 4.768054e-02 -5.811794e+00
2.009799e-02 7.321817e-01 -5.114699e+00
2.019798e-02 1.314149e+00 -4.413705e+00
2.029797e-02 2.053283e+00 -3.710621e+00
2.039796e-02 2.557532e+00 -3.007389e+00
2.049795e-02 3.255224e+00 -2.306109e+00
2.059794e-02 3.785838e+00 -1.609044e+00
2.069793e-02 4.530230e+00 -9.186175e-01
2.079792e-02 4.930421e+00 -2.373976e-01
2.089791e-02 5.520843e+00 4.319404e-01
2.099790e-02 5.967755e+00 1.086665e+00
2.109789e-02 6.412452e+00 1.724054e+00
2.119788e-02 7.066668e+00 2.341468e+00
2.129787e-02 7.396670e+00 2.936430e+00
2.139786e-02 7.793808e+00 3.506699e+00
2.149785e-02 8.208099e+00 4.050336e+00
2.159784e-02 8.663543e+00 4.565753e+00
2.169783e-02 8.873349e+00 5.051741e+00
2.179782e-02 9.170001e+00 5.507487e+00
2.189781e-02 9.452553e+00 5.932555e+00
2.199780e-02 9.564158e+00 6.326866e+00
2.209779e-02 9.861905e+00 6.690653e+00
2.219778e-02 9.983914e+00 7.024412e+00
2.229777e-02 9.979437e+00 7.328842e+00
2.239776e-02 1.005566e+01 7.604791e+00
2.249775e-02 1.018281e+01 7.853196e+00
2.259774e-02 1.021730e+01 8.075033e+00
2.269773e-02 1.007428e+01 8.271268e+00
2.279772e-02 9.906366e+00 8.442817e+00
2.289771e-02 9.818483e+00 8.590513e+00
2.299770e-02 9.613523e+00 8.715076e+00
2.309769e-02 9.471805e+00 8.817100e+00
2.319768e-02 9.200849e+00 8.897032e+00
2.329767e-02 8.958834e+00 8.955169e+00
2.339766e-02 8.528752e+00 8.991657e+00
2.349765e-02 8.212730e+00 9.006494e+00
2.359764e-02 7.849311e+00 8.999545e+00
2.369763e-02 7.392905e+00 8.970558e+00
2.379762e-02 6.993584e+00 8.919194e+00
2.389761e-02 6.562308e+00 8.845057e+00
2.399760e-02 6.027084e+00 8.747742e+00
2.409759e-02 5.554575e+00 8.626881e+00
2.419758e-02 4.972369e+00 8.482207e+00
2.429757e-02 4.359605e+00 8.313612e+00
2.439756e-02 3.843171e+00 8.121220e+00
2.449755e-02 3.291999e+00 7.905453e+00
2.459754e-02 2.708312e+00 7.667093e+00
2.469753e-02 2.056422e+00 7.407333e+00
2.479752e-02 1.448189e+00 7.127813e+00
2.489751e-02 7.814698e-01 6.830629e+00
2.499750e-02 2.058032e-01 6.518322e+00
2.509749e-02 -4.542444e-01 6.193824e+00
2.519748e-02 -1.071510e+00 5.860390e+00
2.529747e-02 -1.698591e+00 5.521493e+00
2.539746e-02 -2.268866e+00 5.180707e+00
2.549745e-02 -2.924610e+00 4.841574e+00
2.559744e-02 -3.408181e+00 4.507477e+00
2.569743e-02 -4.074494e+00 4.181525e+00
2.579742e-02 -4.665692e+00 3.866453e+00
2.589741e-02 -5.174101e+00 3.564554e+00
2.599740e-02 -5.720749e+00 3.277638e+00
2.609739e-02 -6.212976e+00 3.007022e+00
2.619738e-02 -6.659880e+00 2.753540e+00
2.629737e-02 -7.117101e+00 2.517583e+00
2.639736e-02 -7.513397e+00 2.299149e+00
2.649735e-02 -7.903790e+00 2.097902e+00
2.659734e-02 -8.288339e+00 1.913238e+00
2.669733e-02 -8.589378e+00 1.744346e+00
2.679732e-02 -8.849764e+00 1.590265e+00
2.689731e-02 -9.120688e+00 1.449940e+00
2.699730e-02 -9.336992e+00 1.322266e+00
2.709729e-02 -9.495738e+00 1.206120e+00
2.719728e-02 -9.650222e+00 1.100395e+00
2.729727e-02 -9.823916e+00 1.004018e+00
2.739726e-02 -9.786863e+00 9.159681e-01
2.749725e-02 -9.870135e+00 8.352837e-01
2.759724e-02 -9.779193e+00 7.610715e-01
2.769723e-02 -9.740142e+00 6.925072e-01
2.779722e-02 -9.662670e+00 6.288361e-01
2.789721e-02 -9.499398e+00 5.693715e-01
2.799720e-02 -9.333189e+00 5.134915e-01
2.809719e-02 -9.117271e+00 4.606347e-01
2.819718e-02 -8.877498e+00 4.102965e-01
2.829717e-02 -8.583572e+00 3.620239e-01
2.839716e-02 -8.337896e+00 3.154110e-01
2.849715e-02 -7.967407e+00 2.700942e-01
2.859714e-02 -7.461744e+00 2.257483e-01
2.869713e-02 -7.100705e+00 1.820818e-01
2.879712e-02 -6.686240e+00 1.388337e-01
2.889711e-02 -6.304830e+00 9.576934e-02
2.899710e-02 -5.736813e+00 5.267786e-02
2.909709e-02 -5.170809e+00 9.368932e-03
2.919708e-02 -4.712852e+00 -3.432966e-02
2.929707e-02 -4.111706e+00 -7.857431e-02
2.939706e-02 -3.490842e+00 -1.235076e-01
2.949705e-02 -2.955947e+00 -1.692600e-01
2.959704e-02 -2.295992e+00 -2.159516e-01
2.969703e-02 -1.707157e+00 -2.636934e-01
2.979702e-02 -1.084518e+00 -3.125882e-01
2.989701e-02 -5.138252e-01 -3.627322e-01
2.999700e-02 7.557006e-02 -4.142152e-01
3.009699e-02 8.875141e-01 -4.671217e-01
3.019698e-02 1.471101e+00 -5.215316e-01
3.029697e-02 2.073782e+00 -5.775203e-01
3.039696e-02 2.627770e+00 -6.351596e-01
3.049695e-02 3.310223e+00 -6.945174e-01
3.059694e-02 3.929373e+00 -7.556587e-01
3.069693e-02 4.388713e+00 -8.186449e-01
3.079692e-02 4.977327e+00 -8.835347e-01
3.089691e-02 5.495784e+00 -9.503837e-01
3.099690e-02 5.988570e+00 -1.019244e+00
3.109689e-02 6.586357e+00 -1.090166e+00
3.119688e-02 7.083644e+00 -1.163195e+00
3.129687e-02 7.466905e+00 -1.238374e+00
3.139686e-02 7.874567e+00 -1.315743e+00
3.149685e-02 8.367854e+00 -1.395338e+00
3.159684e-02 8.611474e+00 -1.477189e+00
3.169683e-02 8.881183e+00 -1.561324e+00
3.179682e-02 9.222013e+00 -1.647767e+00
3.189681e-02 9.447709e+00 -1.736534e+00
3.199680e-02 9.687787e+00 -1.827640e+00
3.209679e-02 9.894088e+00 -1.921090e+00
3.219678e-02 9.980202e+00 -2.016887e+00
3.229677e-02 1.015916e+01 -2.115024e+00
3.239676e-02 1.016034e+01 -2.215491e+00
3.249675e-02 1.021602e+01 -2.318268e+00
3.259674e-02 1.031527e+01 -2.423329e+00
3.269673e-02 1.013095e+01 -2.530638e+00
3.279672e-02 1.001391e+01 -2.640154e+00
3.289671e-02 9.871127e+00 -2.751824e+00
3.299670e-02 9.698476e+00 -2.865588e+00
3.309669e-02 9.544392e+00 -2.981375e+00
3.319668e-02 9.247177e+00 -3.099104e+00
3.329667e-02 9.035352e+00 -3.218684e+00
3.339666e-02 8.755138e+00 -3.340014e+00
3.349665e-02 8.271185e+00 -3.462979e+00
3.359664e-02 8.023683e+00 -3.587456e+00
3.369663e-02 7.466481e+00 -3.713305e+00
3.379662e-02 7.138225e+00 -3.840378e+00
3.389661e-02 6.652206e+00 -3.968511e+00
3.399660e-02 6.196848e+00 -4.097526e+00
3.409659e-02 5.603521e+00 -4.227234e+00
3.419658e-02 5.107852e+00 -4.357427e+00
3.429657e-02 4.510452e+00 -4.487885e+00
3.439656e-02 3.857180e+00 -4.618371e+00
3.449655e-02 3.219429e+00 -4.748629e+00
3.459654e-02 2.733648e+00 -4.878390e+00
3.469653e-02 2.045891e+00 -5.007362e+00
3.479652e-02 1.511827e+00 -5.135237e+00
3.489651e-02 8.926593e-01 -5.261685e+00
3.499650e-02 2.452350e-01 -5.386353e+00
3.509649e-02 -3.791495e-01 -5.508869e+00
3.519648e-02 -1.004609e+00 -5.628832e+00
3.529647e-02 -1.613151e+00 -5.745820e+00
3.539646e-02 -2.204351e+00 -5.859380e+00
3.549645e-02 -2.768911e+00 -5.969030e+00
3.559644e-02 -3.435476e+00 -6.074259e+00
3.569643e-02 -4.110058e+00 -6.174522e+00
3.579642e-02 -4.656936e+00 -6.269237e+00
3.589641e-02 -5.177519e+00 -6.357788e+00
3.599640e-02 -5.592715e+00 -6.439518e+00
3.609639e-02 -6.158670e+00 -6.513728e+00
3.619638e-02 -6.595930e+00 -6.579678e+00
3.629637e-02 -7.052157e+00 -6.636582e+00
3.639636e-02 -7.488144e+00 -6.683609e+00
3.649635e-02 -7.868216e+00 -6.719881e+00
3.659634e-02 -8.177603e+00 -6.744473e+00
3.669633e-02 -8.541632e+00 -6.756416e+00
3.679632e-02 -8.680088e+00 -6.754694e+00
3.689631e-02 -9.060150e+00 -6.738252e+00
3.699630e-02 -9.179743e+00 -6.705999e+00
3.709629e-02 -9.522863e+00 -6.656813e+00
3.719628e-02 -9.586092e+00 -6.589550e+00
3.729627e-02 -9.674139e+00 -6.503053e+00
3.739626e-02 -9.787823e+00 -6.396170e+00
3.749625e-02 -9.741164e+00 -6.267761e+00
3.759624e-02 -9.732644e+00 -6.116724e+00
3.769623e-02 -9.698313e+00 -5.942007e+00
3.779622e-02 -9.634105e+00 -5.742636e+00
3.789621e-02 -9.444517e+00 -5.517738e+00
3.799620e-02 -9.217066e+00 -5.266561e+00
3.809619e-02 -9.016993e+00 -4.988507e+00
3.819618e-02 -8.779839e+00 -4.683148e+00
3.829617e-02 -8.576134e+00 -4.350253e+00
3.839616e-02 -8.226806e+00 -3.989807e+00
3.849615e-02 -7.824175e+00 -3.602025e+00
3.859614e-02 -7.458529e+00 -3.187361e+00
3.869613e-02 -6.977516e+00 -2.746509e+00
3.879612e-02 -6.596863e+00 -2.280404e+00
3.889611e-02 -6.112993e+00 -1.790205e+00
3.899610e-02 -5.620230e+00 -1.277280e+00
3.909609e-02 -5.034392e+00 -7.431800e-01
3.919608e-02 -4.551301e+00 -1.896129e-01
3.929607e-02 -4.065663e+00 3.815904e-01
3.939606e-02 -3.503657e+00 9.685062e-01
3.949605e-02 -2.829612e+00 1.569148e+00
3.959604e-02 -2.291538e+00 2.181495e+00
3.969603e-02 -1.642948e+00 2.803507e+00
3.979602e-02 -9.720588e-01 3.433148e+00
3.989601e-02 -4.667645e-01 4.068384e+00
3.999600e-02 2.420940e-01 4.707189e+00
4.009599e-02 9.498522e-01 5.347541e+00
4.019598e-02 1.505841e+00 5.987407e+00
4.029597e-02 2.072705e+00 6.624740e+00
4.039596e-02 2.686288e+00 7.257466e+00
4.049595e-02 3.356940e+00 7.883478e+00
4.059594e-02 3.862031e+00 8.500638e+00
4.069593e-02 4.457799e+00 9.106786e+00
4.079592e-02 5.065965e+00 9.699751e+00
4.089591e-02 5.616112e+00 1.027738e+01
4.099590e-02 6.130071e+00 1.083758e+01
4.109589e-02 6.628712e+00 1.137832e+01
4.119588e-02 7.041428e+00 1.189772e+01
4.129587e-02 7.507192e+00 1.239404e+01
4.139586e-02 7.844460e+00 1.286576e+01
4.149585e-02 8.341497e+00 1.331157e+01
4.159584e-02 8.573527e+00 1.373042e+01
4.169583e-02 9.089115e+00 1.412154e+01
4.179582e-02 9.285672e+00 1.448439e+01
4.189581e-02 9.583239e+00 1.481873e+01
4.199580e-02 9.703129e+00 1.512454e+01
4.209579e-02 9.989224e+00 1.540203e+01
4.219578e-02 1.007251e+01 1.565161e+01
4.229577e-02 1.022040e+01 1.587387e+01
4.239576e-02 1.026015e+01 1.606954e+01
4.249575e-02 1.018923e+01 1.623945e+01
4.259574e-02 1.019134e+01 1.638453e+01
4.269573e-02 1.014141e+01 1.650576e+01
4.279572e-02 1.012755e+01 1.660415e+01
4.289571e-02 1.000537e+01 1.668074e+01
4.299570e-02 9.880834e+00 1.673658e+01
4.309569e-02 9.510314e+00 1.677270e+01
4.319568e-02 9.358319e+00 1.679013e+01
4.329567e-02 8.984890e+00 1.678988e+01
4.339566e-02 8.823019e+00 1.677293e+01
4.349565e-02 8.370519e+00 1.674026e+01
4.359564e-02 7.970222e+00 1.669283e+01
4.369563e-02 7.610900e+00 1.663158e+01
4.379562e-02 7.178876e+00 1.655748e+01
4.389561e-02 6.641711e+00 1.647145e+01
4.399560e-02 6.184149e+00 1.637448e+01
4.409559e-02 5.693418e+00 1.626752e+01
4.419558e-02 5.094878e+00 1.615159e+01
4.429557e-02 4.566834e+00 1.602768e+01
4.439556e-02 4.031981e+00 1.589686e+01
4.449555e-02 3.372467e+00 1.576021e+01
4.459554e-02 2.770842e+00 1.561885e+01
4.469553e-02 2.168311e+00 1.547391e+01
4.479552e-02 1.565987e+00 1.532658e+01
4.489551e-02 9.611106e-01 1.517808e+01
4.499550e-02 2.891188e-01 1.502963e+01
4.509549e-02 -3.152460e-01 1.488250e+01
4.519548e-02 -9.394310e-01 1.473798e+01
4.529547e-02 -1.531412e+00 1.459736e+01
4.539546e-02 -2.121606e+00 1.446195e+01
4.549545e-02 -2.880348e+00 1.433307e+01
4.559544e-02 -3.398025e+00 1.421206e+01
4.569543e-02 -3.972240e+00 1.410025e+01
4.579542e-02 -4.482468e+00 1.399900e+01
4.589541e-02 -5.152570e+00 1.390968e+01
4.599540e-02 -5.532332e+00 1.383366e+01
4.609539e-02 -6.114825e+00 1.377236e+01
4.619538e-02 -6.507909e+00 1.372723e+01
4.629537e-02 -6.908679e+00 1.369976e+01
4.639536e-02 -7.437941e+00 1.369147e+01
4.649535e-02 -7.817200e+00 1.370398e+01
4.659534e-02 -8.072909e+00 1.373895e+01
4.669533e-02 -8.432313e+00 1.379811e+01
4.679532e-02 -8.742361e+00 1.388327e+01
4.689531e-02 -8.907906e+00 1.399629e+01
4.699530e-02 -9.225363e+00 1.413908e+01
4.709529e-02 -9.372801e+00 1.431357e+01
4.719528e-02 -9.457189e+00 1.452168e+01
4.729527e-02 -9.638127e+00 1.476526e+01
4.739526e-02 -9.699658e+00 1.504602e+01
4.749525e-02 -9.666174e+00 1.536550e+01
4.759524e-02 -9.600479e+00 1.572493e+01
4.769523e-02 -9.669454e+00 1.612521e+01
4.779522e-02 -9.489183e+00 1.656675e+01
4.789521e-02 -9.390219e+00 1.704949e+01
4.799520e-02 -9.290245e+00 1.757278e+01
4.809519e-02 -9.084669e+00 1.813543e+01
4.819518e-02 -8.724343e+00 1.873567e+01
4.829517e-02 -8.458193e+00 1.937125e+01
4.839516e-02 -8.169919e+00 2.003954e+01
4.849515e-02 -7.770196e+00 2.073764e+01
4.859514e-02 -7.494975e+00 2.146256e+01
4.869513e-02 -7.017253e+00 2.221132e+01
4.879512e-02 -6.549388e+00 2.298114e+01
4.889511e-02 -6.034168e+00 2.376949e+01
4.899510e-02 -5.524379e+00 2.457416e+01
4.909509e-02 -5.045399e+00 2.539327e+01
4.919508e-02 -4.456034e+00 2.622527e+01
4.929507e-02 -3.927279e+00 2.706883e+01
4.939506e-02 -3.382713e+00 2.792274e+01
4.949505e-02 -2.774567e+00 2.878587e+01
4.959504e-02 -2.184196e+00 2.965700e+01
4.969503e-02 -1.592990e+00 3.053473e+01
4.979502e-02 -1.077115e+00 3.141746e+01
4.989501e-02 -2.770826e-01 3.230329e+01
4.999500e-02 3.143588e-01 3.319002e+01
5.009499e-02 8.876630e-01 3.407517e+01
5.019498e-02 1.609748e+00 3.495600e+01
5.029497e-02 2.112941e+00 3.582960e+01
5.039496e-02 2.775396e+00 3.669291e+01
5.049495e-02 3.313680e+00 3.754286e+01
5.059494e-02 3.935009e+00 3.837642e+01
5.069493e-02 4.548147e+00 3.919066e+01
5.079492e-02 5.093963e+00 3.998287e+01
5.089491e-02 5.565513e+00 4.075057e+01
5.099490e-02 6.068860e+00 4.149155e+01
5.109489e-02 6.663083e+00 4.220390e+01
5.119488e-02 7.158599e+00 4.288600e+01
5.129487e-02 7.584570e+00 4.353652e+01
5.139486e-02 8.064888e+00 4.415437e+01
5.149485e-02 8.375277e+00 4.473871e+01
5.159484e-02 8.742043e+00 4.528886e+01
5.169483e-02 9.008985e+00 4.580430e+01
5.179482e-02 9.330419e+00 4.628458e+01
5.189481e-02 9.671886e+00 4.672932e+01
5.199480e-02 9.963428e+00 4.713813e+01
5.209479e-02 9.988581e+00 4.751060e+01
5.219478e-02 1.016892e+01 4.784625e+01
5.229477e-02 1.024872e+01 4.814451e+01
5.239476e-02 1.037523e+01 4.840470e+01
5.249475e-02 1.033629e+01 4.862599e+01
5.259474e-02 1.025511e+01 4.880743e+01
5.269473e-02 1.024216e+01 4.894798e+01
5.279472e-02 1.023855e+01 4.904644e+01
5.289471e-02 1.002641e+01 4.910160e+01
5.299470e-02 9.779517e+00 4.911221e+01
5.309469e-02 9.658313e+00 4.907707e+01
5.319468e-02 9.402505e+00 4.899514e+01
5.329467e-02 9.032664e+00 4.886562e+01
5.339466e-02 8.840864e+00 4.868806e+01
5.349465e-02 8.344836e+00 4.846247e+01
5.359464e-02 8.053550e+00 4.818946e+01
5.369463e-02 7.623056e+00 4.787031e+01
5.379462e-02 7.286199e+00 4.750705e+01
5.389461e-02 6.758309e+00 4.710248e+01
5.399460e-02 6.209181e+00 4.666012e+01
5.409459e-02 5.680877e+00 4.618418e+01
5.419458e-02 5.153378e+00 4.567938e+01
5.429457e-02 4.703738e+00 4.515079e+01
5.439456e-02 4.085198e+00 4.460362e+01
5.449455e-02 3.454053e+00 4.404299e+01
5.459454e-02 2.740388e+00 4.347378e+01
5.469453e-02 2.290025e+00 4.290040e+01
5.479452e-02 1.662358e+00 4.232673e+01
5.489451e-02 9.444218e-01 4.175605e+01
5.499450e-02 4.887580e-01 4.119103e+01
5.509449e-02 -2.706651e-01 4.063376e+01
5.519448e-02 -8.234165e-01 4.008588e+01
5.529447e-02 -1.515987e+00 3.954862e+01
5.539446e-02 -2.185242e+00 3.902297e+01
5.549445e-02 -2.756706e+00 3.850976e+01
5.559444e-02 -3.232834e+00 3.800973e+01
5.569443e-02 -3.899469e+00 3.752365e+01
5.579442e-02 -4.434565e+00 3.705236e+01
5.589441e-02 -4.960416e+00 3.659678e+01
5.599440e-02 -5.501906e+00 3.615795e+01
5.609439e-02 -6.126204e+00 3.573700e+01
5.619438e-02 -6.447380e+00 3.533516e+01
5.629437e-02 -6.916519e+00 3.495371e+01
5.639436e-02 -7.342222e+00 3.459393e+01
5.649435e-02 -7.627810e+00 3.425711e+01
5.659434e-02 -8.052693e+00 3.394450e+01
5.669433e-02 -8.378672e+00 3.365723e+01
5.679432e-02 -8.715124e+00 3.339636e+01
5.689431e-02 -8.887902e+00 3.316282e+01
5.699430e-02 -9.113152e+00 3.295740e+01
5.709429e-02 -9.290654e+00 3.278077e+01
5.719428e-02 -9.456618e+00 3.263345e+01
5.729427e-02 -9.620277e+00 3.251585e+01
5.739426e-02 -9.640192e+00 3.242823e+01
5.749425e-02 -9.627949e+00 3.237080e+01
5.759424e-02 -9.488507e+00 3.234365e+01
5.769423e-02 -9.539849e+00 3.234681e+01
5.779422e-02 -9.507957e+00 3.238025e+01
5.789421e-02 -9.385436e+00 3.244391e+01
5.799420e-02 -9.125173e+00 3.253769e+01
5.809419e-02 -8.977525e+00 3.266146e+01
5.819418e-02 -8.741438e+00 3.281507e+01
5.829417e-02 -8.410852e+00 3.299836e+01
5.839416e-02 -8.088517e+00 3.321110e+01
5.849415e-02 -7.763714e+00 3.345306e+01
5.859414e-02 -7.401072e+00 3.372391e+01
5.869413e-02 -6.976034e+00 3.402327e+01
5.879412e-02 -6.607415e+00 3.435061e+01
5.889411e-02 -6.099820e+00 3.470530e+01
5.899410e-02 -5.550605e+00 3.508653e+01
5.909409e-02 -5.025532e+00 3.549330e+01
5.919408e-02 -4.513801e+00 3.592439e+01
5.929407e-02 -3.908124e+00 3.637833e+01
5.939406e-02 -3.432916e+00 3.685339e+01
5.949405e-02 -2.816481e+00 3.734757e+01
5.959404e-02 -2.248727e+00 3.785864e+01
5.969403e-02 -1.592307e+00 3.838406e+01
5.979402e-02 -9.244390e-01 3.892112e+01
5.989401e-02 -2.947050e-01 3.946689e+01
5.999400e-02 3.000185e-01 4.001834e+01
6.009399e-02 8.221704e-01 4.057232e+01
6.019398e-02 1.571123e+00 4.112570e+01
6.029397e-02 2.265991e+00 4.167538e+01
6.039396e-02 2.832897e+00 4.221837e+01
6.049395e-02 3.374693e+00 4.275185e+01
6.059394e-02 3.949673e+00 4.327322e+01
6.069393e-02 4.495363e+00 4.378011e+01
6.079392e-02 5.110839e+00 4.427045e+01
6.089391e-02 5.748034e+00 4.474246e+01
6.099390e-02 6.250070e+00 4.519462e+01
6.109389e-02 6.672046e+00 4.562571e+01
6.119388e-02 7.266851e+00 4.603478e+01
6.129387e-02 7.667706e+00 4.642110e+01
6.139386e-02 8.104340e+00 4.678416e+01
6.149385e-02 8.554784e+00 4.712359e+01
6.159384e-02 8.788759e+00 4.743920e+01
6.169383e-02 9.162717e+00 4.773088e+01
6.179382e-02 9.419622e+00 4.799860e+01
6.189381e-02 9.649695e+00 4.824238e+01
6.199380e-02 9.889687e+00 4.846227e+01
6.209379e-02 1.002244e+01 4.865830e+01
6.219378e-02 1.012312e+01 4.883050e+01
6.229377e-02 1.023704e+01 4.897888e+01
6.239376e-02 1.033864e+01 4.910338e+01
6.249375e-02 1.044759e+01 4.920394e+01
6.259374e-02 1.027498e+01 4.928043e+01
6.269373e-02 1.032242e+01 4.933267e+01
6.279372e-02 1.025495e+01 4.936048e+01
6.289371e-02 1.001982e+01 4.936362e+01
6.299370e-02 9.912970e+00 4.934186e+01
6.309369e-02 9.712716e+00 4.929499e+01
6.319368e-02 9.494856e+00 4.922278e+01
6.329367e-02 9.216059e+00 4.912511e+01
6.339366e-02 8.866968e+00 4.900190e+01
6.349365e-02 8.615994e+00 4.885320e+01
6.359364e-02 8.139863e+00 4.867919e+01
6.369363e-02 7.684492e+00 4.848021e+01
6.379362e-02 7.187290e+00 4.825683e+01
6.389361e-02 6.693398e+00 4.800983e+01
6.399360e-02 6.334173e+00 4.774023e+01
6.409359e-02 5.886210e+00 4.744935e+01
6.419358e-02 5.239444e+00 4.713875e+01
6.429357e-02 4.654639e+00 4.681031e+01
6.439356e-02 4.059443e+00 4.646615e+01
6.449355e-02 3.500381e+00 4.610864e+01
6.459354e-02 2.878992e+00 4.574038e+01
6.469353e-02 2.276493e+00 4.536415e+01
6.479352e-02 1.603919e+00 4.498283e+01
6.489351e-02 1.012613e+00 4.459941e+01
6.499350e-02 4.980821e-01 4.421687e+01
6.509349e-02 -1.474171e-01 4.383815e+01
6.519348e-02 -8.396464e-01 4.346612e+01
6.529347e-02 -1.368274e+00 4.310349e+01
6.539346e-02 -1.984613e+00 4.275278e+01
6.549345e-02 -2.699670e+00 4.241633e+01
6.559344e-02 -3.067608e+00 4.209622e+01
6.569343e-02 -3.852227e+00 4.179433e+01
6.579342e-02 -4.361686e+00 4.151227e+01
6.589341e-02 -4.920976e+00 4.125146e+01
6.599340e-02 -5.426632e+00 4.101310e+01
6.609339e-02 -5.984105e+00 4.079823e+01
6.619338e-02 -6.461990e+00 4.060774e+01
6.629337e-02 -6.816430e+00 4.044240e+01
6.639336e-02 -7.318815e+00 4.030288e+01
6.649335e-02 -7.565121e+00 4.018983e+01
6.659334e-02 -8.007690e+00 4.010384e+01
6.669333e-02 -8.366693e+00 4.004550e+01
6.679332e-02 -8.604718e+00 4.001543e+01
6.689331e-02 -8.828837e+00 4.001425e+01
6.699330e-02 -9.037028e+00 4.004262e+01
6.709329e-02 -9.272709e+00 4.010123e+01
6.719328e-02 -9.408294e+00 4.019081e+01
6.729327e-02 -9.457690e+00 4.031210e+01
6.739326e-02 -9.521029e+00 4.046582e+01
6.749325e-02 -9.612474e+00 4.065268e+01
6.759324e-02 -9.675844e+00 4.087333e+01
6.769323e-02 -9.549850e+00 4.112833e+01
6.779322e-02 -9.420362e+00 4.141814e+01
6.789321e-02 -9.278713e+00 4.174304e+01
6.799320e-02 -9.016208e+00 4.210311e+01
6.809319e-02 -9.044483e+00 4.249824e+01
6.819318e-02 -8.635317e+00 4.292804e+01
6.829317e-02 -8.328051e+00 4.339188e+01
6.839316e-02 -8.075328e+00 4.388884e+01
6.849315e-02 -7.780350e+00 4.441773e+01
6.859314e-02 -7.336283e+00 4.497709e+01
6.869313e-02 -6.923883e+00 4.556525e+01
6.879312e-02 -6.415851e+00 4.618030e+01
6.889311e-02 -5.932376e+00 4.682017e+01
6.899310e-02 -5.511316e+00 4.748267e+01
6.909309e-02 -4.942262e+00 4.816549e+01
6.919308e-02 -4.433265e+00 4.886630e+01
6.929307e-02 -3.909905e+00 4.958273e+01
6.939306e-02 -3.272820e+00 5.031239e+01
6.949305e-02 -2.719429e+00 5.105293e+01
6.959304e-02 -2.121642e+00 5.180203e+01
6.969303e-02 -1.488022e+00 5.255736e+01
6.979302e-02 -8.954631e-01 5.331663e+01
6.989301e-02 -2.563981e-01 5.407758e+01
6.999300e-02 4.724744e-01 5.483791e+01
7.009299e-02 9.244296e-01 5.559535e+01
7.019298e-02 1.638969e+00 5.634762e+01
7.029297e-02 2.254397e+00 5.709243e+01
7.039296e-02 2.872309e+00 5.782748e+01
7.049295e-02 3.413532e+00 5.855049e+01
7.059294e-02 3.964965e+00 5.925921e+01
7.069293e-02 4.699293e+00 5.995140e+01
7.079292e-02 5.178524e+00 6.062489e+01
7.089291e-02 5.823607e+00 6.127759e+01
7.099290e-02 6.262917e+00 6.190746e+01
7.109289e-02 6.811544e+00 6.251259e+01
7.119288e-02 7.135972e+00 6.309115e+01
7.129287e-02 7.818325e+00 6.364143e+01
7.139286e-02 8.086201e+00 6.416185e+01
7.149285e-02 8.498442e+00 6.465091e+01
7.159284e-02 8.881437e+00 6.510723e+01
7.169283e-02 9.151885e+00 6.552955e+01
7.179282e-02 9.408287e+00 6.591669e+01
7.189281e-02 9.780563e+00 6.626756e+01
7.199280e-02 9.933998e+00 6.658116e+01
7.209279e-02 1.010242e+01 6.685657e+01
7.219278e-02 1.024298e+01 6.709295e+01
7.229277e-02 1.035916e+01 6.728954e+01
7.239276e-02 1.038517e+01 6.744567e+01
7.249275e-02 1.030040e+01 6.756077e+01
7.259274e-02 1.041009e+01 6.763439e+01
7.269273e-02 1.036154e+01 6.766619e+01
7.279272e-02 1.024025e+01 6.765600e+01
7.289271e-02 1.015801e+01 6.760382e+01
7.299270e-02 9.992861e+00 6.750984e+01
7.309269e-02 9.779202e+00 6.737446e+01
7.319268e-02 9.436702e+00 6.719834e+01
7.329267e-02 9.223147e+00 6.698237e+01
7.339266e-02 8.889771e+00 6.672769e+01
7.349265e-02 8.630342e+00 6.643570e+01
7.359264e-02 8.183305e+00 6.610806e+01
7.369263e-02 7.726467e+00 6.574665e+01
7.379262e-02 7.274041e+00 6.535353e+01
7.389261e-02 6.818280e+00 6.493096e+01
7.399260e-02 6.384050e+00 6.448130e+01
7.409259e-02 5.870295e+00 6.400702e+01
7.419258e-02 5.270527e+00 6.351063e+01
7.429257e-02 4.782790e+00 6.299465e+01
7.439256e-02 4.120568e+00 6.246157e+01
7.449255e-02 3.550629e+00 6.191384e+01
7.459254e-02 3.086731e+00 6.135384e+01
7.469253e-02 2.438561e+00 6.078389e+01
7.479252e-02 1.767313e+00 6.020621e+01
7.489251e-02 1.164400e+00 5.962299e+01
7.499250e-02 5.380478e-01 5.903631e+01
7.509249e-02 -1.722191e-01 5.844827e+01
7.519248e-02 -7.357575e-01 5.786092e+01
7.529247e-02 -1.359943e+00 5.727631e+01
7.539246e-02 -1.923060e+00 5.669652e+01
7.549245e-02 -2.676685e+00 5.612366e+01
7.559244e-02 -3.234747e+00 5.555991e+01
7.569243e-02 -3.687833e+00 5.500747e+01
7.579242e-02 -4.313125e+00 5.446861e+01
7.589241e-02 -4.851700e+00 5.394566e+01
7.599240e-02 -5.389688e+00 5.344095e+01
7.609239e-02 -5.846251e+00 5.295684e+01
7.619238e-02 -6.278381e+00 5.249567e+01
7.629237e-02 -6.757286e+00 5.205970e+01
7.639236e-02 -7.245971e+00 5.165115e+01
7.649235e-02 -7.659865e+00 5.127208e+01
7.659234e-02 -7.962356e+00 5.092439e+01
7.669233e-02 -8.329524e+00 5.060983e+01
7.679232e-02 -8.495520e+00 5.032990e+01
7.689231e-02 -8.864954e+00 5.008590e+01
7.699230e-02 -9.045236e+00 4.987888e+01
7.709229e-02 -9.231033e+00 4.970964e+01
7.719228e-02 -9.350970e+00 4.957879e+01
7.729227e-02 -9.352553e+00 4.948666e+01
7.739226e-02 -9.581563e+00 4.943343e+01
7.749225e-02 -9.593248e+00 4.941907e+01
7.759224e-02 -9.533250e+00 4.944338e+01
7.769223e-02 -9.501927e+00 4.950601e+01
7.779222e-02 -9.353333e+00 4.960651e+01
7.789221e-02 -9.203494e+00 4.974429e+01
7.799220e-02 -9.079540e+00 4.991867e+01
7.809219e-02 -8.870595e+00 5.012887e+01
7.819218e-02 -8.564824e+00 5.037402e+01
7.829217e-02 -8.271227e+00 5.065316e+01
7.839216e-02 -8.006970e+00 5.096524e+01
7.849215e-02 -7.677795e+00 5.130908e+01
7.859214e-02 -7.346258e+00 5.168344e+01
7.869213e-02 -6.813686e+00 5.208692e+01
7.879212e-02 -6.467057e+00 5.251803e+01
7.889211e-02 -5.919914e+00 5.297513e+01
7.899210e-02 -5.346761e+00 5.345648e+01
7.909209e-02 -4.925412e+00 5.396020e+01
7.919208e-02 -4.432631e+00 5.448429e+01
7.929207e-02 -3.726941e+00 5.502666e+01
7.939206e-02 -3.345397e+00 5.558513e+01
7.949205e-02 -2.652969e+00 5.615743e+01
7.959204e-02 -2.032470e+00 5.674126e+01
7.969203e-02 -1.316456e+00 5.733426e+01
7.979202e-02 -7.961204e-01 5.793407e+01
7.989201e-02 -1.888890e-01 5.853832e+01
7.999200e-02 4.103614e-01 5.914465e+01
8.009199e-02 1.125842e+00 5.975073e+01
8.019198e-02 1.626291e+00 6.035420e+01
8.029197e-02 2.348495e+00 6.095276e+01
8.039196e-02 3.033868e+00 6.154409e+01
8.049195e-02 3.521421e+00 6.212588e+01
8.059194e-02 4.187050e+00 6.269580e+01
8.069193e-02 4.697772e+00 6.325153e+01
8.079192e-02 5.280723e+00 6.379073e+01
8.089191e-02 5.731289e+00 6.431105e+01
8.099190e-02 6.360354e+00 6.481016e+01
8.109189e-02 6.933609e+00 6.528577e+01
8.119188e-02 7.390094e+00 6.573565e+01
8.129187e-02 7.765666e+00 6.615765e+01
8.139186e-02 8.098784e+00 6.654975e+01
8.149185e-02 8.526922e+00 6.691009e+01
8.159184e-02 8.951140e+00 6.723697e+01
8.169183e-02 9.241929e+00 6.752892e+01
8.179182e-02 9.563752e+00 6.778465e+01
8.189181e-02 9.690737e+00 6.800313e+01
8.199180e-02 1.001578e+01 6.818352e+01
8.209179e-02 1.017710e+01 6.832523e+01
8.219178e-02 1.029689e+01 6.842784e+01
8.229177e-02 1.032956e+01 6.849114e+01
8.239176e-02 1.055667e+01 6.851508e+01
8.249175e-02 1.046983e+01 6.849977e+01
8.259174e-02 1.049709e+01 6.844545e+01
8.269173e-02 1.042055e+01 6.835248e+01
8.279172e-02 1.034507e+01 6.822134e+01
8.289171e-02 1.024389e+01 6.805260e+01
8.299170e-02 1.001108e+01 6.784689e+01
8.309169e-02 9.839019e+00 6.760497e+01
8.319168e-02 9.575508e+00 6.732765e+01
8.329167e-02 9.325811e+00 6.701583e+01
8.339166e-02 8.970057e+00 6.667048e+01
8.349165e-02 8.672249e+00 6.629265e+01
8.359164e-02 8.284185e+00 6.588347e+01
8.369163e-02 7.868207e+00 6.544416e+01
8.379162e-02 7.351748e+00 6.497599e+01
8.389161e-02 6.848051e+00 6.448034e+01
8.399160e-02 6.374895e+00 6.395865e+01
8.409159e-02 5.888158e+00 6.341245e+01
8.419158e-02 5.324925e+00 6.284337e+01
8.429157e-02 4.829686e+00 6.225312e+01
8.439156e-02 4.268491e+00 6.164351e+01
8.449155e-02 3.628905e+00 6.101645e+01
8.459154e-02 3.066333e+00 6.037399e+01
8.469153e-02 2.419168e+00 5.971826e+01
8.479152e-02 1.832230e+00 5.905155e+01
8.489151e-02 1.120080e+00 5.837624e+01
8.499150e-02 5.599511e-01 5.769486e+01
8.509149e-02 -1.211781e-01 5.701006e+01
8.519148e-02 -7.433395e-01 5.632457e+01
8.529147e-02 -1.321605e+00 5.564123e+01
8.539146e-02 -1.974613e+00 5.496291e+01
8.549145e-02 -2.626555e+00 5.429254e+01
8.559144e-02 -3.104558e+00 5.363303e+01
8.569143e-02 -3.672269e+00 5.298721e+01
8.579142e-02 -4.261501e+00 5.235787e+01
8.589141e-02 -4.823330e+00 5.174764e+01
8.599140e-02 -5.364676e+00 5.115899e+01
8.609139e-02 -5.794724e+00 5.059420e+01
8.619138e-02 -6.283315e+00 5.005532e+01
8.629137e-02 -6.713255e+00 4.954416e+01
8.639136e-02 -7.118045e+00 4.906231e+01
8.649135e-02 -7.591381e+00 4.861108e+01
8.659134e-02 -7.883824e+00 4.819156e+01
8.669133e-02 -8.286967e+00 4.780461e+01
8.679132e-02 -8.442870e+00 4.745089e+01
8.689131e-02 -8.716579e+00 4.713087e+01
8.699130e-02 -8.979398e+00 4.684486e+01
8.709129e-02 -9.126560e+00 4.659306e+01
8.719128e-02 -9.318762e+00 4.637556e+01
8.729127e-02 -9.383326e+00 4.619236e+01
8.739126e-02 -9.411225e+00 4.604340e+01
8.749125e-02 -9.446672e+00 4.592862e+01
8.759124e-02 -9.412711e+00 4.584788e+01
8.769123e-02 -9.447623e+00 4.580107e+01
8.779122e-02 -9.361593e+00 4.578803e+01
8.789121e-02 -9.120542e+00 4.580863e+01
8.799120e-02 -9.045386e+00 4.586267e+01
8.809119e-02 -8.815674e+00 4.594995e+01
8.819118e-02 -8.556121e+00 4.607022e+01
8.829117e-02 -8.206405e+00 4.622316e+01
8.839116e-02 -7.960957e+00 4.640836e+01
8.849115e-02 -7.677065e+00 4.662532e+01
8.859114e-02 -7.101261e+00 4.687337e+01
8.869113e-02 -6.792447e+00 4.715172e+01
8.879112e-02 -6.423759e+00 4.745940e+01
8.889111e-02 -5.814944e+00 4.779523e+01
8.899110e-02 -5.348647e+00 4.815784e+01
8.909109e-02 -4.869528e+00 4.854565e+01
8.919108e-02 -4.245246e+00 4.895685e+01
8.929107e-02 -3.819657e+00 4.938946e+01
8.939106e-02 -3.220697e+00 4.984128e+01
8.949105e-02 -2.599598e+00 5.030994e+01
8.959104e-02 -2.028649e+00 5.079294e+01
8.969103e-02 -1.329144e+00 5.128765e+01
8.979102e-02 -7.236374e-01 5.179134e+01
8.989101e-02 -9.051018e-02 5.230123e+01
8.999100e-02 5.031323e-01 5.281452e+01
9.009099e-02 1.199234e+00 5.332837e+01
9.019098e-02 1.762156e+00 5.384003e+01
9.029097e-02 2.393983e+00 5.434675e+01
9.039096e-02 2.883555e+00 5.484587e+01
9.049095e-02 3.612443e+00 5.533484e+01
9.059094e-02 4.171346e+00 5.581120e+01
9.069093e-02 4.747617e+00 5.627263e+01
9.079092e-02 5.395850e+00 5.671694e+01
9.089091e-02 5.872855e+00 5.714211e+01
9.099090e-02 6.323327e+00 5.754626e+01
9.109089e-02 6.883541e+00 5.792770e+01
9.119088e-02 7.329351e+00 5.828491e+01
9.129087e-02 7.795086e+00 5.861655e+01
9.139086e-02 8.227700e+00 5.892147e+01
9.149085e-02 8.632785e+00 5.919868e+01
9.159084e-02 8.887451e+00 5.944736e+01
9.169083e-02 9.209135e+00 5.966688e+01
9.179082e-02 9.606778e+00 5.985673e+01
9.189081e-02 9.793331e+00 6.001653e+01
9.199080e-02 1.001819e+01 6.014605e+01
9.209079e-02 1.018058e+01 6.024512e+01
9.219078e-02 1.047671e+01 6.031367e+01
9.229077e-02 1.037305e+01 6.035171e+01
9.239076e-02 1.055758e+01 6.035928e+01
9.249075e-02 1.046499e+01 6.033646e+01
9.259074e-02 1.059227e+01 6.028336e+01
9.269073e-02 1.044001e+01 6.020010e+01
9.279072e-02 1.041831e+01 6.008683e+01
9.289071e-02 1.030511e+01 5.994369e+01
9.299070e-02 1.008732e+01 5.977084e+01
9.309069e-02 9.828463e+00 5.956846e+01
9.319068e-02 9.633977e+00 5.933677e+01
9.329067e-02 9.391831e+00 5.907599e+01
9.339066e-02 9.032783e+00 5.878644e+01
9.349065e-02 8.797294e+00 5.846848e+01
9.359064e-02 8.322138e+00 5.812257e+01
9.369063e-02 7.898999e+00 5.774926e+01
9.379062e-02 7.436094e+00 5.734926e+01
9.389061e-02 7.063089e+00 5.692340e+01
9.399060e-02 6.519189e+00 5.647268e+01
9.409059e-02 5.916211e+00 5.599828e+01
9.419058e-02 5.447027e+00 5.550156e+01
9.429057e-02 4.957780e+00 5.498411e+01
9.439056e-02 4.276081e+00 5.444768e+01
9.449055e-02 3.763452e+00 5.389423e+01
9.459054e-02 3.085588e+00 5.332590e+01
9.469053e-02 2.471173e+00 5.274501e+01
9.479052e-02 1.929722e+00 5.215400e+01
9.489051e-02 1.241313e+00 5.155544e+01
9.499050e-02 6.459023e-01 5.095197e+01
9.509049e-02 -1.171681e-02 5.034627e+01
9.519048e-02 -6.457064e-01 4.974102e+01
9.529047e-02 -1.337087e+00 4.913887e+01
9.539046e-02 -1.843065e+00 4.854239e+01
9.549045e-02 -2.431021e+00 4.795403e+01
9.559044e-02 -3.104980e+00 4.737607e+01
9.569043e-02 -3.651466e+00 4.681064e+01
9.579042e-02 -4.189229e+00 4.625965e+01
9.589041e-02 -4.745622e+00 4.572481e+01
9.599040e-02 -5.255071e+00 4.520759e+01
9.609039e-02 -5.710273e+00 4.470922e+01
9.619038e-02 -6.265659e+00 4.423072e+01
9.629037e-02 -6.741269e+00 4.377289e+01
9.639036e-02 -7.059818e+00 4.333629e+01
9.649035e-02 -7.449683e+00 4.292134e+01
9.659034e-02 -7.853194e+00 4.252823e+01
9.669033e-02 -8.111691e+00 4.215704e+01
9.679032e-02 -8.455625e+00 4.180770e+01
9.689031e-02 -8.666745e+00 4.148004e+01
9.699030e-02 -8.928212e+00 4.117379e+01
9.709029e-02 -9.033085e+00 4.088863e+01
9.719028e-02 -9.214433e+00 4.062419e+01
9.729027e-02 -9.313326e+00 4.038007e+01
9.739026e-02 -9.356392e+00 4.015588e+01
9.749025e-02 -9.492067e+00 3.995121e+01
9.759024e-02 -9.461591e+00 3.976569e+01
9.769023e-02 -9.241207e+00 3.959897e+01
9.779022e-02 -9.219489e+00 3.945075e+01
9.789021e-02 -9.138261e+00 3.932077e+01
9.799020e-02 -9.010029e+00 3.920883e+01
9.809019e-02 -8.849328e+00 3.911479e+01
9.819018e-02 -8.389430e+00 3.903854e+01
9.829017e-02 -8.208655e+00 3.898006e+01
9.839016e-02 -7.862250e+00 3.893934e+01
9.849015e-02 -7.575668e+00 3.891641e+01
9.859014e-02 -7.226181e+00 3.891135e+01
9.869013e-02 -6.746759e+00 3.892422e+01
9.879012e-02 -6.309591e+00 3.895508e+01
9.889011e-02 -5.798054e+00 3.900395e+01
9.899010e-02 -5.327208e+00 3.907079e+01
9.909009e-02 -4.818968e+00 3.915548e+01
9.919008e-02 -4.272388e+00 3.925778e+01
9.929007e-02 -3.734024e+00 3.937729e+01
9.939006e-02 -3.196147e+00 3.951346e+01
9.949005e-02 -2.525363e+00 3.966554e+01
9.959004e-02 -2.007032e+00 3.983256e+01
9.969003e-02 -1.318652e+00 4.001334e+01
9.979002e-02 -6.977122e-01 4.020646e+01
9.989001e-02 -1.153782e-01 4.041031e+01
9.999000e-02 5.947686e-01 4.062305e+01
1.000900e-01 1.132702e+00 4.084272e+01
1.001900e-01 1.797746e+00 4.106723e+01
1.002900e-01 2.444501e+00 4.129441e+01
1.003900e-01 2.961716e+00 4.152208e+01
1.004900e-01 3.656091e+00 4.174811e+01
1.005899e-01 4.196385e+00 4.197047e+01
1.006899e-01 4.761263e+00 4.218727e+01
1.007899e-01 5.371908e+00 4.239682e+01
1.008899e-01 5.842187e+00 4.259765e+01
1.009899e-01 6.457800e+00 4.278854e+01
1.010899e-01 6.843698e+00 4.296852e+01
1.011899e-01 7.346104e+00 4.313687e+01
1.012899e-01 7.900094e+00 4.329313e+01
1.013899e-01 8.241210e+00 4.343707e+01
1.014899e-01 8.642551e+00 4.356864e+01
1.015898e-01 9.036456e+00 4.368800e+01
1.016898e-01 9.411596e+00 4.379544e+01
1.017898e-01 9.495042e+00 4.389138e+01
1.018898e-01 9.866349e+00 4.397635e+01
1.019898e-01 1.002948e+01 4.405092e+01
1.020898e-01 1.028508e+01 4.411573e+01
1.021898e-01 1.040686e+01 4.417145e+01
1.022898e-01 1.048824e+01 4.421874e+01
1.023898e-01 1.063110e+01 4.425829e+01
1.024898e-01 1.063981e+01 4.429074e+01
1.025897e-01 1.053389e+01 4.431674e+01
1.026897e-01 1.063445e+01 4.433691e+01
1.027897e-01 1.039266e+01 4.435182e+01
1.028897e-01 1.031968e+01 4.436204e+01
1.029897e-01 1.012965e+01 4.436807e+01
1.030897e-01 9.894671e+00 4.437041e+01
1.031897e-01 9.625119e+00 4.436951e+01
1.032897e-01 9.419072e+00 4.436580e+01
1.033897e-01 9.056594e+00 4.435966e+01
1.034897e-01 8.609467e+00 4.435148e+01
1.035896e-01 8.331273e+00 4.434161e+01
1.036896e-01 7.904731e+00 4.433036e+01
1.037896e-01 7.595002e+00 4.431805e+01
1.038896e-01 7.042405e+00 4.430497e+01
1.039896e-01 6.589924e+00 4.429141e+01
1.040896e-01 6.088318e+00 4.427764e+01
1.041896e-01 5.488304e+00 4.426394e+01
1.042896e-01 4.986051e+00 4.425056e+01
1.043896e-01 4.397553e+00 4.423778e+01
1.044896e-01 3.743202e+00 4.422587e+01
1.045895e-01 3.177549e+00 4.421509e+01
1.046895e-01 2.582770e+00 4.420575e+01
1.047895e-01 1.845596e+00 4.419814e+01
1.048895e-01 1.255923e+00 4.419256e+01
1.049895e-01 7.063537e-01 4.418936e+01
1.050895e-01 6.963936e-02 4.418889e+01
1.051895e-01 -5.185409e-01 4.419154e+01
1.052895e-01 -1.234798e+00 4.419772e+01
1.053895e-01 -1.856187e+00 4.420787e+01
1.054895e-01 -2.375108e+00 4.422249e+01
1.055894e-01 -2.984872e+00 4.424210e+01
1.056894e-01 -3.560578e+00 4.426728e+01
1.057894e-01 -4.185918e+00 4.429867e+01
1.058894e-01 -4.634798e+00 4.433694e+01
1.059894e-01 -5.192537e+00 4.438286e+01
1.060894e-01 -5.598061e+00 4.443722e+01
1.061894e-01 -6.138907e+00 4.450092e+01
1.062894e-01 -6.646841e+00 4.457490e+01
1.063894e-01 -6.997087e+00 4.466021e+01
1.064894e-01 -7.470504e+00 4.475794e+01
1.065893e-01 -7.763835e+00 4.486928e+01
1.066893e-01 -8.179936e+00 4.499550e+01
1.067893e-01 -8.351656e+00 4.513790e+01
1.068893e-01 -8.621819e+00 4.529789e+01
1.069893e-01 -8.880542e+00 4.547690e+01
1.070893e-01 -9.098286e+00 4.567639e+01
1.071893e-01 -9.154542e+00 4.589787e+01
1.072893e-01 -9.234396e+00 4.614280e+01
1.073893e-01 -9.499451e+00 4.641263e+01
1.074893e-01 -9.350995e+00 4.670871e+01
1.075892e-01 -9.337391e+00 4.703231e+01
1.076892e-01 -9.239781e+00 4.738452e+01
1.077892e-01 -9.226288e+00 4.776626e+01
1.078892e-01 -9.035138e+00 4.817819e+01
1.079892e-01 -8.895898e+00 4.862072e+01
1.080892e-01 -8.773710e+00 4.909394e+01
1.081892e-01 -8.478828e+00 4.959762e+01
1.082892e-01 -8.181794e+00 5.013119e+01
1.083892e-01 -7.871463e+00 5.069373e+01
1.084892e-01 -7.539780e+00 5.128402e+01
1.085891e-01 -7.096428e+00 5.190054e+01
1.086891e-01 -6.708025e+00 5.254149e+01
1.087891e-01 -6.167641e+00 5.320492e+01
1.088891e-01 -5.812260e+00 5.388871e+01
1.089891e-01 -5.262010e+00 5.459066e+01
1.090891e-01 -4.711511e+00 5.530854e+01
1.091891e-01 -4.269683e+00 5.604014e+01
1.092891e-01 -3.692956e+00 5.678334e+01
1.093891e-01 -3.135853e+00 5.753608e+01
1.094891e-01 -2.425521e+00 5.829640e+01
1.095890e-01 -1.963934e+00 5.906245e+01
1.096890e-01 -1.372650e+00 5.983247e+01
1.097890e-01 -6.225758e-01 6.060475e+01
1.098890e-01 -1.505629e-01 6.137762e+01
1.099890e-01 6.132862e-01 6.214939e+01
1.100890e-01 1.214993e+00 6.291831e+01
1.101890e-01 1.849055e+00 6.368256e+01
1.102890e-01 2.399609e+00 6.444018e+01
1.103890e-01 3.014882e+00 6.518908e+01
1.104890e-01 3.667497e+00 6.592701e+01
1.105889e-01 4.317974e+00 6.665158e+01
1.106889e-01 4.887405e+00 6.736028e+01
1.107889e-01 5.388725e+00 6.805051e+01
1.108889e-01 5.886151e+00 6.871966e+01
1.109889e-01 6.493462e+00 6.936513e+01
1.110889e-01 6.938435e+00 6.998443e+01
1.111889e-01 7.366653e+00 7.057524e+01
1.112889e-01 7.858740e+00 7.113545e+01
1.113889e-01 8.231899e+00 7.166323e+01
1.114889e-01 8.717894e+00 7.215705e+01
1.115888e-01 9.014214e+00 7.261571e+01
1.116888e-01 9.338966e+00 7.303831e+01
1.117888e-01 9.661595e+00 7.342427e+01
1.118888e-01 9.899888e+00 7.377331e+01
1.119888e-01 1.018165e+01 7.408538e+01
1.120888e-01 1.031162e+01 7.436062e+01
1.121888e-01 1.045372e+01 7.459937e+01
1.122888e-01 1.058727e+01 7.480205e+01
1.123888e-01 1.071402e+01 7.496916e+01
1.124888e-01 1.073479e+01 7.510125e+01
1.125887e-01 1.071007e+01 7.519886e+01
1.126887e-01 1.057248e+01 7.526250e+01
1.127887e-01 1.057465e+01 7.529264e+01
1.128887e-01 1.041170e+01 7.528968e+01
1.129887e-01 1.012703e+01 7.525397e+01
1.130887e-01 1.002838e+01 7.518579e+01
1.131887e-01 9.715733e+00 7.508536e+01
1.132887e-01 9.481916e+00 7.495288e+01
1.133887e-01 9.132509e+00 7.478849e+01
1.134887e-01 8.649911e+00 7.459237e+01
1.135886e-01 8.377784e+00 7.436473e+01
1.136886e-01 7.879031e+00 7.410584e+01
1.137886e-01 7.589471e+00 7.381612e+01
1.138886e-01 7.067400e+00 7.349612e+01
1.139886e-01 6.586354e+00 7.314658e+01
1.140886e-01 6.088758e+00 7.276852e+01
1.141886e-01 5.558740e+00 7.236321e+01
1.142886e-01 4.950224e+00 7.193223e+01
1.143886e-01 4.358119e+00 7.147751e+01
1.144886e-01 3.842750e+00 7.100129e+01
1.145885e-01 3.267423e+00 7.050616e+01
1.146885e-01 2.654991e+00 6.999502e+01
1.147885e-01 1.931009e+00 6.947104e+01
1.148885e-01 1.466189e+00 6.893763e+01
1.149885e-01 7.252811e-01 6.839836e+01
1.150885e-01 1.897737e-01 6.785686e+01
1.151885e-01 -4.824282e-01 6.731683e+01
1.152885e-01 -1.087940e+00 6.678185e+01
1.153885e-01 -1.689672e+00 6.625539e+01
1.154885e-01 -2.418766e+00 6.574071e+01
1.155884e-01 -2.786996e+00 6.524081e+01
1.156884e-01 -3.520485e+00 6.475839e+01
1.157884e-01 -4.268428e+00 6.429580e+01
1.158884e-01 -4.603092e+00 6.385510e+01
1.159884e-01 -5.144193e+00 6.343796e+01
1.160884e-01 -5.597170e+00 6.304578e+01
1.161884e-01 -6.053407e+00 6.267964e+01
1.162884e-01 -6.618796e+00 6.234038e+01
1.163884e-01 -7.035805e+00 6.202861e+01
1.164884e-01 -7.467716e+00 6.174475e+01
1.165883e-01 -7.753286e+00 6.148912e+01
1.166883e-01 -8.084502e+00 6.126190e+01
1.167883e-01 -8.325281e+00 6.106323e+01
1.168883e-01 -8.585685e+00 6.089325e+01
1.169883e-01 -8.866005e+00 6.075205e+01
1.170883e-01 -9.021305e+00 6.063980e+01
1.171883e-01 -9.142025e+00 6.055669e+01
1.172883e-01 -9.208809e+00 6.050297e+01
1.173883e-01 -9.203878e+00 6.047897e+01
1.174883e-01 -9.381046e+00 6.048506e+01
1.175882e-01 -9.275763e+00 6.052169e+01
1.176882e-01 -9.255898e+00 6.058934e+01
1.177882e-01 -9.183432e+00 6.068851e+01
1.178882e-01 -8.931351e+00 6.081970e+01
1.179882e-01 -8.844326e+00 6.098334e+01
1.180882e-01 -8.619656e+00 6.117979e+01
1.181882e-01 -8.458276e+00 6.140927e+01
1.182882e-01 -8.067489e+00 6.167180e+01
1.183882e-01 -7.871647e+00 6.196719e+01
1.184882e-01 -7.405393e+00 6.229494e+01
1.185881e-01 -7.187127e+00 6.265428e+01
1.186881e-01 -6.605394e+00 6.304408e+01
1.187881e-01 -6.162308e+00 6.346288e+01
1.188881e-01 -5.721833e+00 6.390889e+01
1.189881e-01 -5.248513e+00 6.438004e+01
1.190881e-01 -4.758718e+00 6.487399e+01
1.191881e-01 -4.142124e+00 6.538824e+01
1.192881e-01 -3.587495e+00 6.592016e+01
1.193881e-01 -3.121242e+00 6.646710e+01
1.194881e-01 -2.462683e+00 6.702642e+01
1.195880e-01 -1.813286e+00 6.759560e+01
1.196880e-01 -1.328420e+00 6.817223e+01
1.197880e-01 -6.826157e-01 6.875408e+01
1.198880e-01 -1.031722e-02 6.933907e+01
1.199880e-01 7.108971e-01 6.992525e+01
1.200880e-01 1.183885e+00 7.051077e+01
1.201880e-01 1.862753e+00 7.109387e+01
1.202880e-01 2.542997e+00 7.167278e+01
1.203880e-01 3.128177e+00 7.224569e+01
1.204880e-01 3.734434e+00 7.281074e+01
1.205879e-01 4.345986e+00 7.336596e+01
1.206879e-01 4.935978e+00 7.390929e+01
1.207879e-01 5.395957e+00 7.443858e+01
1.208879e-01 5.981439e+00 7.495162e+01
1.209879e-01 6.482050e+00 7.544619e+01
1.210879e-01 7.102204e+00 7.592009e+01
1.211879e-01 7.460880e+00 7.637121e+01
1.212879e-01 7.918218e+00 7.679756e+01
1.213879e-01 8.286794e+00 7.719735e+01
1.214879e-01 8.683533e+00 7.756901e+01
1.215878e-01 9.145679e+00 7.791122e+01
1.216878e-01 9.411317e+00 7.822289e+01
1.217878e-01 9.737689e+00 7.850323e+01
1.218878e-01 9.933347e+00 7.875167e+01
1.219878e-01 1.018295e+01 7.896788e+01
1.220878e-01 1.040658e+01 7.915172e+01
1.221878e-01 1.055142e+01 7.930324e+01
1.222878e-01 1.059180e+01 7.942261e+01
1.223878e-01 1.064629e+01 7.951013e+01
1.224878e-01 1.062708e+01 7.956615e+01
1.225877e-01 1.078026e+01 7.959110e+01
1.226877e-01 1.058413e+01 7.958541e+01
1.227877e-01 1.055899e+01 7.954957e+01
1.228877e-01 1.044261e+01 7.948403e+01
1.229877e-01 1.029876e+01 7.938929e+01
1.230877e-01 1.004397e+01 7.926581e+01
1.231877e-01 9.815432e+00 7.911409e+01
1.232877e-01 9.497495e+00 7.893463e+01
1.233877e-01 9.119302e+00 7.872797e+01
1.234877e-01 8.814405e+00 7.849467e+01
1.235876e-01 8.499106e+00 7.823539e+01
1.236876e-01 8.008275e+00 7.795085e+01
1.237876e-01 7.626132e+00 7.764187e+01
1.238876e-01 7.228288e+00 7.730939e+01
1.239876e-01 6.580455e+00 7.695449e+01
1.240876e-01 6.178831e+00 7.657840e+01
1.241876e-01 5.596605e+00 7.618252e+01
1.242876e-01 5.047668e+00 7.576841e+01
1.243876e-01 4.417216e+00 7.533782e+01
1.244876e-01 3.856288e+00 7.489267e+01
1.245875e-01 3.308268e+00 7.443506e+01
1.246875e-01 2.603816e+00 7.396724e+01
1.247875e-01 2.036804e+00 7.349162e+01
1.248875e-01 1.312935e+00 7.301073e+01
1.249875e-01 7.034151e-01 7.252718e+01
1.250875e-01 1.974456e-01 7.204369e+01
1.251875e-01 -4.323113e-01 7.156300e+01
1.252875e-01 -1.141721e+00 7.108784e+01
1.253875e-01 -1.704972e+00 7.062096e+01
1.254875e-01 -2.320354e+00 7.016501e+01
1.255874e-01 -2.959676e+00 6.972258e+01
1.256874e-01 -3.443856e+00 6.929614e+01
1.257874e-01 -4.106626e+00 6.888802e+01
1.258874e-01 -4.564813e+00 6.850042e+01
1.259874e-01 -4.997235e+00 6.813535e+01
1.260874e-01 -5.712162e+00 6.779464e+01
1.261874e-01 -6.098783e+00 6.747997e+01
1.262874e-01 -6.546274e+00 6.719281e+01
1.263874e-01 -6.879134e+00 6.693448e+01
1.264874e-01 -7.334056e+00 6.670613e+01
1.265873e-01 -7.691779e+00 6.650873e+01
1.266873e-01 -8.125283e+00 6.634315e+01
1.267873e-01 -8.246633e+00 6.621009e+01
1.268873e-01 -8.505232e+00 6.611015e+01
1.269873e-01 -8.703330e+00 6.604385e+01
1.270873e-01 -8.889996e+00 6.601158e+01
1.271873e-01 -9.099943e+00 6.601366e+01
1.272873e-01 -9.180327e+00 6.605037e+01
1.273873e-01 -9.275411e+00 6.612188e+01
1.274873e-01 -9.298342e+00 6.622833e+01
1.275872e-01 -9.367579e+00 6.636978e+01
1.276872e-01 -9.159797e+00 6.654624e+01
1.277872e-01 -9.079520e+00 6.675764e+01
1.278872e-01 -9.038430e+00 6.700384e+01
1.279872e-01 -8.789479e+00 6.728461e+01
1.280872e-01 -8.624423e+00 6.759963e+01
1.281872e-01 -8.320334e+00 6.794846e+01
1.282872e-01 -8.050628e+00 6.833054e+01
1.283872e-01 -7.807923e+00 6.874519e+01
1.284872e-01 -7.373343e+00 6.919156e+01
1.285871e-01 -7.024165e+00 6.966864e+01
1.286871e-01 -6.576576e+00 7.017527e+01
1.287871e-01 -6.238434e+00 7.071009e+01
1.288871e-01 -5.776887e+00 7.127158e+01
1.289871e-01 -5.227181e+00 7.185804e+01
1.290871e-01 -4.672762e+00 7.246760e+01
1.291871e-01 -4.133356e+00 7.309822e+01
1.292871e-01 -3.619650e+00 7.374772e+01
1.293871e-01 -3.068958e+00 7.441379e+01
1.294871e-01 -2.453399e+00 7.509400e+01
1.295870e-01 -1.798175e+00 7.578582e+01
1.296870e-01 -1.234266e+00 7.648667e+01
1.297870e-01 -6.489126e-01 7.719392e+01
1.298870e-01 6.523356e-03 7.790489e+01
1.299870e-01 6.781389e-01 7.861694e+01
1.300870e-01 1.250045e+00 7.932742e+01
1.301870e-01 1.883623e+00 8.003372e+01
1.302870e-01 2.577969e+00 8.073329e+01
1.303870e-01 3.128362e+00 8.142363e+01
1.304870e-01 3.629838e+00 8.210232e+01
1.305869e-01 4.349354e+00 8.276703e+01
1.306869e-01 4.936283e+00 8.341549e+01
1.307869e-01 5.434229e+00 8.404553e+01
1.308869e-01 5.975708e+00 8.465508e+01
1.309869e-01 6.475183e+00 8.524213e+01
1.310869e-01 7.071912e+00 8.580477e+01
1.311869e-01 7.577521e+00 8.634120e+01
1.312869e-01 7.978679e+00 8.684967e+01
1.313869e-01 8.405891e+00 8.732853e+01
1.314869e-01 8.715432e+00 8.777621e+01
1.315868e-01 9.057661e+00 8.819125e+01
1.316868e-01 9.426911e+00 8.857224e+01
1.317868e-01 9.764142e+00 8.891788e+01
1.318868e-01 1.001376e+01 8.922699e+01
1.319868e-01 1.014942e+01 8.949846e+01
1.320868e-01 1.040413e+01 8.973131e+01
1.321868e-01 1.052968e+01 8.992466e+01
1.322868e-01 1.065712e+01 9.007779e+01
1.323868e-01 1.077813e+01 9.019009e+01
1.324868e-01 1.073962e+01 9.026111e+01
1.325867e-01 1.069370e+01 9.029057e+01
1.326867e-01 1.061704e+01 9.027836e+01
1.327867e-01 1.064917e+01 9.022454e+01
1.328867e-01 1.042960e+01 9.012939e+01
1.329867e-01 1.025489e+01 8.999337e+01
1.330867e-01 1.006753e+01 8.981713e+01
1.331867e-01 9.841261e+00 8.960156e+01
1.332867e-01 9.511344e+00 8.934770e+01
1.333867e-01 9.193406e+00 8.905683e+01
1.334867e-01 8.915500e+00 8.873038e+01
1.335866e-01 8.483047e+00 8.836995e+01
1.336866e-01 8.133208e+00 8.797729e+01
1.337866e-01 7.746728e+00 8.755430e+01
1.338866e-01 7.220355e+00 8.710294e+01
1.339866e-01 6.843821e+00 8.662531e+01
1.340866e-01 6.099658e+00 8.612354e+01
1.341866e-01 5.636934e+00 8.559983e+01
1.342866e-01 5.096451e+00 8.505642e+01
1.343866e-01 4.491980e+00 8.449557e+01
1.344866e-01 3.922115e+00 8.391955e+01
1.345865e-01 3.247642e+00 8.333067e+01
1.346865e-01 2.715601e+00 8.273123e+01
1.347865e-01 1.976706e+00 8.212355e+01
1.348865e-01 1.504007e+00 8.150995e+01
1.349865e-01 8.376822e-01 8.089277e+01
1.350865e-01 3.715372e-01 8.027433e+01
1.351865e-01 -3.711722e-01 7.965696e+01
1.352865e-01 -1.104400e+00 7.904299e+01
1.353865e-01 -1.676005e+00 7.843471e+01
1.354865e-01 -2.210146e+00 7.783436e+01
1.355864e-01 -2.847438e+00 7.724418e+01
1.356864e-01 -3.351904e+00 7.666631e+01
1.357864e-01 -3.976690e+00 7.610282e+01
1.358864e-01 -4.545377e+00 7.555572e+01
1.359864e-01 -5.079702e+00 7.502690e+01
1.360864e-01 -5.644990e+00 7.451818e+01
1.361864e-01 -6.056118e+00 7.403129e+01
1.362864e-01 -6.441604e+00 7.356783e+01
1.363864e-01 -6.849179e+00 7.312935e+01
1.364864e-01 -7.360393e+00 7.271732e+01
1.365863e-01 -7.616303e+00 7.233314e+01
1.366863e-01 -7.972970e+00 7.197815e+01
1.367863e-01 -8.210834e+00 7.165366e+01
1.368863e-01 -8.480113e+00 7.136096e+01
1.369863e-01 -8.789059e+00 7.110131e+01
1.370863e-01 -8.983967e+00 7.087595e+01
1.371863e-01 -8.993334e+00 7.068611e+01
1.372863e-01 -9.175469e+00 7.053298e+01
1.373863e-01 -9.216107e+00 7.041772e+01
1.374863e-01 -9.212207e+00 7.034139e+01
1.375862e-01 -9.185700e+00 7.030498e+01
1.376862e-01 -9.220231e+00 7.030928e+01
1.377862e-01 -9.109156e+00 7.035492e+01
1.378862e-01 -8.960267e+00 7.044223e+01
1.379862e-01 -8.776297e+00 7.057126e+01
1.380862e-01 -8.575582e+00 7.074165e+01
1.381862e-01 -8.331763e+00 7.095266e+01
1.382862e-01 -8.079035e+00 7.120308e+01
1.383862e-01 -7.635303e+00 7.149127e+01
1.384862e-01 -7.426248e+00 7.181513e+01
1.385861e-01 -7.033952e+00 7.217219e+01
1.386861e-01 -6.516746e+00 7.255967e+01
1.387861e-01 -6.170762e+00 7.297455e+01
1.388861e-01 -5.702819e+00 7.341373e+01
1.389861e-01 -5.238493e+00 7.387410e+01
1.390861e-01 -4.649133e+00 7.435269e+01
1.391861e-01 -4.124621e+00 7.484673e+01
1.392861e-01 -3.571642e+00 7.535375e+01
1.393861e-01 -2.953593e+00 7.587162e+01
1.394861e-01 -2.309891e+00 7.639851e+01
1.395860e-01 -1.706353e+00 7.693286e+01
1.396860e-01 -1.213223e+00 7.747336e+01
1.397860e-01 -5.900900e-01 7.801878e+01
1.398860e-01 2.673292e-02 7.856792e+01
1.399860e-01 7.804528e-01 7.911944e+01
1.400860e-01 1.263798e+00 7.967185e+01
1.401860e-01 1.924879e+00 8.022334e+01
1.402860e-01 2.593406e+00 8.077180e+01
1.403860e-01 3.138007e+00 8.131476e+01
1.404860e-01 3.770740e+00 8.184945e+01
1.405859e-01 4.323973e+00 8.237284e+01
1.406859e-01 4.969734e+00 8.288173e+01
1.407859e-01 5.473341e+00 8.337285e+01
1.408859e-01 6.091608e+00 8.384296e+01
1.409859e-01 6.496841e+00 8.428898e+01
1.410859e-01 7.037667e+00 8.470809e+01
1.411859e-01 7.511097e+00 8.509777e+01
1.412859e-01 7.892884e+00 8.545588e+01
1.413859e-01 8.356360e+00 8.578067e+01
1.414859e-01 8.801474e+00 8.607077e+01
1.415858e-01 9.219114e+00 8.632517e+01
1.416858e-01 9.494618e+00 8.654316e+01
1.417858e-01 9.761152e+00 8.672431e+01
1.418858e-01 1.003519e+01 8.686833e+01
1.419858e-01 1.027792e+01 8.697508e+01
1.420858e-01 1.048862e+01 8.704443e+01
1.421858e-01 1.067609e+01 8.707628e+01
1.422858e-01 1.066410e+01 8.707043e+01
1.423858e-01 1.069465e+01 8.702660e+01
1.424858e-01 1.076634e+01 8.694438e+01
1.425857e-01 1.079344e+01 8.682320e+01
1.426857e-01 1.071751e+01 8.666238e+01
1.427857e-01 1.062162e+01 8.646112e+01
1.428857e-01 1.043176e+01 8.621854e+01
1.429857e-01 1.037823e+01 8.593374e+01
1.430857e-01 1.005961e+01 8.560585e+01
1.431857e-01 9.976456e+00 8.523414e+01
1.432857e-01 9.674661e+00 8.481811e+01
1.433857e-01 9.323387e+00 8.435754e+01
1.434857e-01 8.874373e+00 8.385267e+01
1.435856e-01 8.619005e+00 8.330423e+01
1.436856e-01 8.175298e+00 8.271352e+01
1.437856e-01 7.698568e+00 8.208250e+01
1.438856e-01 7.249455e+00 8.141374e+01
1.439856e-01 6.703799e+00 8.071047e+01
1.440856e-01 6.189765e+00 7.997645e+01
1.441856e-01 5.713414e+00 7.921587e+01
1.442856e-01 5.174188e+00 7.843325e+01
1.443856e-01 4.630709e+00 7.763322e+01
1.444856e-01 3.939932e+00 7.682038e+01
1.445855e-01 3.304069e+00 7.599915e+01
1.446855e-01 2.672856e+00 7.517356e+01
1.447855e-01 2.166679e+00 7.434723e+01
1.448855e-01 1.537766e+00 7.352325e+01
1.449855e-01 9.251240e-01 7.270419e+01
1.450855e-01 2.485292e-01 7.189210e+01
1.451855e-01 -3.242136e-01 7.108861e+01
1.452855e-01 -9.725426e-01 7.029497e+01
1.453855e-01 -1.644178e+00 6.951221e+01
1.454855e-01 -2.158270e+00 6.874120e+01
1.455854e-01 -2.783766e+00 6.798277e+01
1.456854e-01 -3.374630e+00 6.723779e+01
1.457854e-01 -3.888622e+00 6.650727e+01
1.458854e-01 -4.382595e+00 6.579236e+01
1.459854e-01 -5.046954e+00 6.509439e+01
1.460854e-01 -5.511698e+00 6.441488e+01
1.461854e-01 -5.984527e+00 6.375553e+01
1.462854e-01 -6.424016e+00 6.311816e+01
1.463854e-01 -6.878445e+00 6.250466e+01
1.464854e-01 -7.193259e+00 6.191697e+01
1.465853e-01 -7.525009e+00 6.135705e+01
1.466853e-01 -7.917901e+00 6.082675e+01
1.467853e-01 -8.193578e+00 6.032786e+01
1.468853e-01 -8.525724e+00 5.986203e+01
1.469853e-01 -8.739223e+00 5.943077e+01
1.470853e-01 -8.895565e+00 5.903540e+01
1.471853e-01 -9.070247e+00 5.867709e+01
1.472853e-01 -9.051827e+00 5.835683e+01
1.473853e-01 -9.206958e+00 5.807543e+01
1.474853e-01 -9.173334e+00 5.783356e+01
1.475852e-01 -9.169763e+00 5.763169e+01
1.476852e-01 -9.140077e+00 5.747015e+01
1.477852e-01 -9.045879e+00 5.734908e+01
1.478852e-01 -8.878010e+00 5.726845e+01
1.479852e-01 -8.785267e+00 5.722804e+01
1.480852e-01 -8.458124e+00 5.722740e+01
1.481852e-01 -8.235731e+00 5.726585e+01
1.482852e-01 -7.992251e+00 5.734246e+01
1.483852e-01 -7.640404e+00 5.745604e+01
1.484852e-01 -7.336240e+00 5.760510e+01
1.485851e-01 -6.994392e+00 5.778787e+01
1.486851e-01 -6.639508e+00 5.800232e+01
1.487851e-01 -6.208074e+00 5.824616e+01
1.488851e-01 -5.665635e+00 5.851688e+01
1.489851e-01 -5.101054e+00 5.881184e+01
1.490851e-01 -4.556977e+00 5.912824e+01
1.491851e-01 -4.103992e+00 5.946327e+01
1.492851e-01 -3.520603e+00 5.981413e+01
1.493851e-01 -2.973577e+00 6.017807e+01
1.494851e-01 -2.445214e+00 6.055245e+01
1.495850e-01 -1.809909e+00 6.093481e+01
1.496850e-01 -1.192645e+00 6.132279e+01
1.497850e-01 -4.618095e-01 6.171421e+01
1.498850e-01 1.710539e-02 6.210703e+01
1.499850e-01 6.816322e-01 6.249928e+01
1.500850e-01 1.286186e+00 6.288905e+01
1.501850e-01 1.908422e+00 6.327445e+01
1.502850e-01 2.534119e+00 6.365355e+01
1.503850e-01 3.198991e+00 6.402434e+01
1.504850e-01 3.785203e+00 6.438474e+01
1.505849e-01 4.409625e+00 6.473254e+01
1.506849e-01 5.079235e+00 6.506544e+01
1.507849e-01 5.501523e+00 6.538106e+01
1.508849e-01 6.007358e+00 6.567694e+01
1.509849e-01 6.597293e+00 6.595063e+01
1.510849e-01 7.115955e+00 6.619967e+01
1.511849e-01 7.488457e+00 6.642167e+01
1.512849e-01 8.009532e+00 6.661434e+01
1.513849e-01 8.456563e+00 6.677553e+01
1.514849e-01 8.888160e+00 6.690322e+01
1.515848e-01 9.292422e+00 6.699558e+01
1.516848e-01 9.558530e+00 6.705097e+01
1.517848e-01 9.908889e+00 6.706790e+01
1.518848e-01 1.004169e+01 6.704507e+01
1.519848e-01 1.032648e+01 6.698135e+01
1.520848e-01 1.040980e+01 6.687575e+01
1.521848e-01 1.060898e+01 6.672746e+01
1.522848e-01 1.074766e+01 6.653579e+01
1.523848e-01 1.077210e+01 6.630021e+01
1.524848e-01 1.085350e+01 6.602033e+01
1.525847e-01 1.080889e+01 6.569595e+01
1.526847e-01 1.084858e+01 6.532702e+01
1.527847e-01 1.063783e+01 6.491372e+01
1.528847e-01 1.058078e+01 6.445640e+01
1.529847e-01 1.036519e+01 6.395570e+01
1.530847e-01 1.013904e+01 6.341246e+01
1.531847e-01 1.000303e+01 6.282780e+01
1.532847e-01 9.607813e+00 6.220307e+01
1.533847e-01 9.328573e+00 6.153988e+01
1.534847e-01 8.927853e+00 6.084003e+01
1.535846e-01 8.528194e+00 6.010553e+01
1.536846e-01 8.172647e+00 5.933851e+01
1.537846e-01 7.732121e+00 5.854124e+01
1.538846e-01 7.325622e+00 5.771603e+01
1.539846e-01 6.847612e+00 5.686523e+01
1.540846e-01 6.391323e+00 5.599117e+01
1.541846e-01 5.674540e+00 5.509616e+01
1.542846e-01 5.165492e+00 5.418245e+01
1.543846e-01 4.567023e+00 5.325223e+01
1.544846e-01 4.048571e+00 5.230765e+01
1.545845e-01 3.416034e+00 5.135078e+01
1.546845e-01 2.830616e+00 5.038368e+01
1.547845e-01 2.148148e+00 4.940835e+01
1.548845e-01 1.528092e+00 4.842681e+01
1.549845e-01 8.827438e-01 4.744105e+01
1.550845e-01 3.361548e-01 4.645308e+01
1.551845e-01 -3.398318e-01 4.546494e+01
1.552845e-01 -9.189889e-01 4.447870e+01
1.553845e-01 -1.600515e+00 4.349648e+01
1.554845e-01 -2.168191e+00 4.252045e+01
1.555844e-01 -2.699153e+00 4.155287e+01
1.556844e-01 -3.422825e+00 4.059606e+01
1.557844e-01 -3.926907e+00 3.965244e+01
1.558844e-01 -4.428350e+00 3.872451e+01
1.559844e-01 -4.994068e+00 3.781482e+01
1.560844e-01 -5.518366e+00 3.692600e+01
1.561844e-01 -5.926929e+00 3.606067e+01
1.562844e-01 -6.363004e+00 3.522140e+01
1.563844e-01 -6.815523e+00 3.441070e+01
1.564844e-01 -7.245719e+00 3.363090e+01
1.565843e-01 -7.564197e+00 3.288414e+01
1.566843e-01 -7.876716e+00 3.217229e+01
1.567843e-01 -8.186535e+00 3.149693e+01
1.568843e-01 -8.433309e+00 3.085931e+01
1.569843e-01 -8.630732e+00 3.026034e+01
1.570843e-01 -8.741992e+00 2.970064e+01
1.571843e-01 -8.954515e+00 2.918052e+01
1.572843e-01 -9.078079e+00 2.870002e+01
1.573843e-01 -9.215436e+00 2.825901e+01
1.574843e-01 -9.189869e+00 2.785716e+01
1.575842e-01 -9.117206e+00 2.749407e+01
1.576842e-01 -9.026759e+00 2.716929e+01
1.577842e-01 -8.916550e+00 2.688232e+01
1.578842e-01 -8.874776e+00 2.663272e+01
1.579842e-01 -8.720045e+00 2.642007e+01
1.580842e-01 -8.543658e+00 2.624401e+01
1.581842e-01 -8.236863e+00 2.610420e+01
1.582842e-01 -7.992830e+00 2.600035e+01
1.583842e-01 -7.646885e+00 2.593213e+01
1.584842e-01 -7.332391e+00 2.589915e+01
1.585841e-01 -6.972816e+00 2.590094e+01
1.586841e-01 -6.547724e+00 2.593681e+01
1.587841e-01 -6.115592e+00 2.600587e+01
1.588841e-01 -5.561622e+00 2.610690e+01
1.589841e-01 -5.186719e+00 2.623838e+01
1.590841e-01 -4.588654e+00 2.639839e+01
1.591841e-01 -4.052266e+00 2.658463e+01
1.592841e-01 -3.465503e+00 2.679445e+01
1.593841e-01 -2.916996e+00 2.702484e+01
1.594841e-01 -2.366006e+00 2.727259e+01
1.595840e-01 -1.768297e+00 2.753428e+01
1.596840e-01 -1.145560e+00 2.780647e+01
1.597840e-01 -5.692378e-01 2.808573e+01
1.598840e-01 1.590732e-01 2.836881e+01
1.599840e-01 7.482244e-01 2.865270e+01
1.600840e-01 1.355879e+00 2.893468e+01
1.601840e-01 2.026496e+00 2.921236e+01
1.602840e-01 2.625358e+00 2.948367e+01
1.603840e-01 3.214909e+00 2.974683e+01
1.604840e-01 3.843833e+00 3.000027e+01
1.605839e-01 4.397388e+00 3.024257e+01
1.606839e-01 5.138122e+00 3.047237e+01
1.607839e-01 5.600715e+00 3.068827e+01
1.608839e-01 6.163812e+00 3.088876e+01
1.609839e-01 6.597563e+00 3.107218e+01
1.610839e-01 7.166359e+00 3.123672e+01
1.611839e-01 7.589220e+00 3.138036e+01
1.612839e-01 8.163888e+00 3.150095e+01
1.613839e-01 8.477576e+00 3.159628e+01
1.614839e-01 8.893981e+00 3.166409e+01
1.615838e-01 9.254072e+00 3.170219e+01
1.616838e-01 9.593180e+00 3.170852e+01
1.617838e-01 9.813143e+00 3.168125e+01
1.618838e-01 1.003012e+01 3.161875e+01
1.619838e-01 1.025214e+01 3.151974e+01
1.620838e-01 1.045229e+01 3.138320e+01
1.621838e-01 1.066038e+01 3.120845e+01
1.622838e-01 1.077688e+01 3.099510e+01
1.623838e-01 1.084574e+01 3.074305e+01
1.624838e-01 1.087270e+01 3.045243e+01
1.625837e-01 1.081076e+01 3.012360e+01
1.626837e-01 1.089582e+01 2.975710e+01
1.627837e-01 1.070958e+01 2.935365e+01
1.628837e-01 1.056158e+01 2.891408e+01
1.629837e-01 1.045890e+01 2.843936e+01
1.630837e-01 1.021084e+01 2.793054e+01
1.631837e-01 1.003575e+01 2.738878e+01
1.632837e-01 9.713717e+00 2.681533e+01
1.633837e-01 9.361052e+00 2.621150e+01
1.634837e-01 9.060116e+00 2.557868e+01
1.635836e-01 8.554265e+00 2.491831e+01
1.636836e-01 8.278295e+00 2.423190e+01
1.637836e-01 7.758970e+00 2.352098e+01
1.638836e-01 7.226295e+00 2.278711e+01
1.639836e-01 6.762373e+00 2.203185e+01
1.640836e-01 6.355719e+00 2.125677e+01
1.641836e-01 5.869499e+00 2.046341e+01
1.642836e-01 5.293584e+00 1.965332e+01
1.643836e-01 4.578895e+00 1.882798e+01
1.644836e-01 3.959764e+00 1.798891e+01
1.645835e-01 3.427282e+00 1.713762e+01
1.646835e-01 2.737757e+00 1.627565e+01
1.647835e-01 2.228540e+00 1.540462e+01
1.648835e-01 1.657856e+00 1.452625e+01
1.649835e-01 9.339536e-01 1.364243e+01
1.650835e-01 3.565472e-01 1.275522e+01
1.651835e-01 -2.666940e-01 1.186691e+01
1.652835e-01 -8.567403e-01 1.098002e+01
1.653835e-01 -1.528710e+00 1.009733e+01
1.654835e-01 -2.046417e+00 9.221811e+00
1.655834e-01 -2.792460e+00 8.356668e+00
1.656834e-01 -3.279390e+00 7.505223e+00
1.657834e-01 -3.814526e+00 6.670877e+00
1.658834e-01 -4.469221e+00 5.857020e+00
1.659834e-01 -4.865404e+00 5.066952e+00
1.660834e-01 -5.446404e+00 4.303802e+00
1.661834e-01 -5.868440e+00 3.570446e+00
1.662834e-01 -6.306797e+00 2.869456e+00
1.663834e-01 -6.741558e+00 2.203047e+00
1.664834e-01 -7.216214e+00 1.573057e+00
1.665833e-01 -7.443066e+00 9.809440e-01
1.666833e-01 -7.849160e+00 4.277921e-01
1.667833e-01 -8.085873e+00 -8.565512e-02
1.668833e-01 -8.283945e+00 -5.589571e-01
1.669833e-01 -8.636262e+00 -9.919290e-01
1.670833e-01 -8.809648e+00 -1.384591e+00
1.671833e-01 -8.992120e+00 -1.737118e+00
1.672833e-01 -8.986479e+00 -2.049792e+00
1.673833e-01 -9.131152e+00 -2.322961e+00
1.674833e-01 -9.053700e+00 -2.557006e+00
1.675832e-01 -9.128689e+00 -2.752312e+00
1.676832e-01 -8.993492e+00 -2.909259e+00
1.677832e-01 -8.960193e+00 -3.028210e+00
1.678832e-01 -8.833588e+00 -3.109517e+00
1.679832e-01 -8.695255e+00 -3.153533e+00
1.680832e-01 -8.472098e+00 -3.160635e+00
1.681832e-01 -8.256978e+00 -3.131245e+00
1.682832e-01 -8.009898e+00 -3.065867e+00
1.683832e-01 -7.646946e+00 -2.965119e+00
1.684832e-01 -7.278170e+00 -2.829774e+00
1.685831e-01 -6.965440e+00 -2.660787e+00
1.686831e-01 -6.534106e+00 -2.459329e+00
1.687831e-01 -5.997982e+00 -2.226811e+00
1.688831e-01 -5.639761e+00 -1.964891e+00
1.689831e-01 -5.087500e+00 -1.675478e+00
1.690831e-01 -4.589438e+00 -1.360719e+00
1.691831e-01 -3.981257e+00 -1.022966e+00
1.692831e-01 -3.490400e+00 -6.647385e-01
1.693831e-01 -2.939624e+00 -2.886666e-01
1.694831e-01 -2.303892e+00 1.025672e-01
1.695830e-01 -1.766453e+00 5.062951e-01
1.696830e-01 -1.052318e+00 9.199254e-01
1.697830e-01 -4.642302e-01 1.340997e+00
1.698830e-01 1.313743e-01 1.767221e+00
1.699830e-01 7.446758e-01 2.196499e+00
1.700830e-01 1.412319e+00 2.626930e+00
1.701830e-01 2.042927e+00 3.056780e+00
1.702830e-01 2.647453e+00 3.484448e+00
1.703830e-01 3.288780e+00 3.908396e+00
1.704830e-01 3.908623e+00 4.327086e+00
1.705829e-01 4.476138e+00 4.738894e+00
1.706829e-01 5.055565e+00 5.142043e+00
1.707829e-01 5.634617e+00 5.534546e+00
1.708829e-01 6.101983e+00 5.914162e+00
1.709829e-01 6.709268e+00 6.278391e+00
1.710829e-01 7.197216e+00 6.624492e+00
1.711829e-01 7.572463e+00 6.949532e+00
1.712829e-01 8.084801e+00 7.250466e+00
1.713829e-01 8.457937e+00 7.524230e+00
1.714829e-01 8.959349e+00 7.767853e+00
1.715828e-01 9.319797e+00 7.978559e+00
1.716828e-01 9.593744e+00 8.153871e+00
1.717828e-01 9.958540e+00 8.291687e+00
1.718828e-01 1.012209e+01 8.390337e+00
1.719828e-01 1.032501e+01 8.448611e+00
1.720828e-01 1.051290e+01 8.465764e+00
1.721828e-01 1.076522e+01 8.441487e+00
1.722828e-01 1.076796e+01 8.375870e+00
1.723828e-01 1.097621e+01 8.269341e+00
1.724828e-01 1.087943e+01 8.122603e+00
1.725827e-01 1.080273e+01 7.936565e+00
1.726827e-01 1.085463e+01 7.712276e+00
1.727827e-01 1.076186e+01 7.450868e+00
1.728827e-01 1.054560e+01 7.153503e+00
1.729827e-01 1.044370e+01 6.821334e+00
1.730827e-01 1.015986e+01 6.455480e+00
1.731827e-01 1.001175e+01 6.057008e+00
1.732827e-01 9.626072e+00 5.626929e+00
1.733827e-01 9.423149e+00 5.166199e+00
1.734827e-01 9.084679e+00 4.675743e+00
1.735826e-01 8.573299e+00 4.156465e+00
1.736826e-01 8.262605e+00 3.609286e+00
1.737826e-01 7.827728e+00 3.035167e+00
1.738826e-01 7.352662e+00 2.435149e+00
1.739826e-01 6.828596e+00 1.810383e+00
1.740826e-01 6.368889e+00 1.162160e+00
1.741826e-01 5.899411e+00 4.919437e-01
1.742826e-01 5.313026e+00 -1.986107e-01
1.743826e-01 4.702508e+00 -9.076399e-01
1.744826e-01 4.059538e+00 -1.633065e+00
1.745825e-01 3.487841e+00 -2.372592e+00
1.746825e-01 2.854967e+00 -3.123724e+00
1.747825e-01 2.279351e+00 -3.883780e+00
1.748825e-01 1.607913e+00 -4.649920e+00
1.749825e-01 1.048715e+00 -5.419187e+00
1.750825e-01 3.485722e-01 -6.188543e+00
1.751825e-01 -1.833515e-01 -6.954918e+00
1.752825e-01 -9.071087e-01 -7.715263e+00
1.753825e-01 -1.454100e+00 -8.466595e+00
1.754825e-01 -2.112565e+00 -9.206050e+00
1.755824e-01 -2.708687e+00 -9.930931e+00
1.756824e-01 -3.176306e+00 -1.063875e+01
1.757824e-01 -3.915932e+00 -1.132724e+01
1.758824e-01 -4.362905e+00 -1.199442e+01
1.759824e-01 -4.804123e+00 -1.263857e+01
1.760824e-01 -5.403348e+00 -1.325823e+01
1.761824e-01 -5.801891e+00 -1.385219e+01
1.762824e-01 -6.250572e+00 -1.441945e+01
1.763824e-01 -6.615563e+00 -1.495916e+01
1.764824e-01 -7.130315e+00 -1.547056e+01
1.765823e-01 -7.531907e+00 -1.595290e+01
1.766823e-01 -7.768607e+00 -1.640536e+01
1.767823e-01 -8.125104e+00 -1.682702e+01
1.768823e-01 -8.356718e+00 -1.721675e+01
1.769823e-01 -8.612439e+00 -1.757323e+01
1.770823e-01 -8.746369e+00 -1.789493e+01
1.771823e-01 -8.889502e+00 -1.818019e+01
1.772823e-01 -9.071965e+00 -1.842728e+01
1.773823e-01 -9.128390e+00 -1.863452e+01
1.774823e-01 -9.158886e+00 -1.880041e+01
1.775822e-01 -9.126190e+00 -1.892374e+01
1.776822e-01 -9.016361e+00 -1.900374e+01
1.777822e-01 -8.839100e+00 -1.904014e+01
1.778822e-01 -8.846221e+00 -1.903324e+01
1.779822e-01 -8.712407e+00 -1.898386e+01
1.780822e-01 -8.389063e+00 -1.889335e+01
1.781822e-01 -8.226355e+00 -1.876351e+01
1.782822e-01 -7.825846e+00 -1.859647e+01
1.783822e-01 -7.563922e+00 -1.839458e+01
1.784822e-01 -7.254192e+00 -1.816032e+01
1.785821e-01 -6.856774e+00 -1.789615e+01
1.786821e-01 -6.475532e+00 -1.760444e+01
1.787821e-01 -6.012324e+00 -1.728738e+01
1.788821e-01 -5.645913e+00 -1.694694e+01
1.789821e-01 -5.037567e+00 -1.658480e+01
1.790821e-01 -4.570202e+00 -1.620239e+01
1.791821e-01 -4.037733e+00 -1.580088e+01
1.792821e-01 -3.413178e+00 -1.538123e+01
1.793821e-01 -2.884540e+00 -1.494421e+01
1.794821e-01 -2.339857e+00 -1.449057e+01
1.795820e-01 -1.703877e+00 -1.402102e+01
1.796820e-01 -1.152616e+00 -1.353643e+01
1.797820e-01 -3.822746e-01 -1.303786e+01
1.798820e-01 1.621318e-01 -1.252670e+01
1.799820e-01 8.366410e-01 -1.200474e+01
1.800820e-01 1.418907e+00 -1.147423e+01
1.801820e-01 1.969903e+00 -1.093792e+01
1.802820e-01 2.678933e+00 -1.039907e+01
1.803820e-01 3.303700e+00 -9.861374e+00
1.804820e-01 3.905569e+00 -9.328911e+00
1.805819e-01 4.544722e+00 -8.806014e+00
1.806819e-01 5.062674e+00 -8.297134e+00
1.807819e-01 5.569484e+00 -7.806686e+00
1.808819e-01 6.111052e+00 -7.338899e+00
1.809819e-01 6.745004e+00 -6.897672e+00
1.810819e-01 7.218699e+00 -6.486461e+00
1.811819e-01 7.578703e+00 -6.108197e+00
1.812819e-01 8.175969e+00 -5.765241e+00
1.813819e-01 8.639387e+00 -5.459371e+00
1.814819e-01 8.950854e+00 -5.191815e+00
1.815818e-01 9.305745e+00 -4.963293e+00
1.816818e-01 9.566765e+00 -4.774094e+00
1.817818e-01 9.930334e+00 -4.624155e+00
1.818818e-01 1.018554e+01 -4.513151e+00
1.819818e-01 1.036429e+01 -4.440575e+00
1.820818e-01 1.058874e+01 -4.405821e+00
1.821818e-01 1.070865e+01 -4.408251e+00
1.822818e-01 1.076753e+01 -4.447247e+00
1.823818e-01 1.093805e+01 -4.522260e+00
1.824818e-01 1.092938e+01 -4.632833e+00
1.825817e-01 1.087378e+01 -4.778622e+00
1.826817e-01 1.087154e+01 -4.959389e+00
1.827817e-01 1.075541e+01 -5.175003e+00
1.828817e-01 1.062372e+01 -5.425407e+00
1.829817e-01 1.035780e+01 -5.710592e+00
1.830817e-01 1.020930e+01 -6.030555e+00
1.831817e-01 1.004433e+01 -6.385252e+00
1.832817e-01 9.726218e+00 -6.774545e+00
1.833817e-01 9.452527e+00 -7.198151e+00
1.834817e-01 9.076162e+00 -7.655590e+00
1.835816e-01 8.691916e+00 -8.146146e+00
1.836816e-01 8.300740e+00 -8.668825e+00
1.837816e-01 7.846428e+00 -9.222340e+00
1.838816e-01 7.435138e+00 -9.805103e+00
1.839816e-01 6.869528e+00 -1.041523e+01
1.840816e-01 6.435179e+00 -1.105058e+01
1.841816e-01 5.892316e+00 -1.170878e+01
1.842816e-01 5.187151e+00 -1.238729e+01
1.843816e-01 4.735830e+00 -1.308344e+01
1.844816e-01 4.176346e+00 -1.379453e+01
1.845815e-01 3.461537e+00 -1.451785e+01
1.846815e-01 2.901390e+00 -1.525072e+01
1.847815e-01 2.374575e+00 -1.599056e+01
1.848815e-01 1.649011e+00 -1.673489e+01
1.849815e-01 1.005040e+00 -1.748135e+01
1.850815e-01 3.879931e-01 -1.822770e+01
1.851815e-01 -2.240376e-01 -1.897180e+01
1.852815e-01 -9.166521e-01 -1.971160e+01
1.853815e-01 -1.481144e+00 -2.044512e+01
1.854815e-01 -2.146324e+00 -2.117040e+01
1.855814e-01 -2.670581e+00 -2.188552e+01
1.856814e-01 -3.312147e+00 -2.258851e+01
1.857814e-01 -3.678698e+00 -2.327738e+01
1.858814e-01 -4.306801e+00 -2.395007e+01
1.859814e-01 -4.838305e+00 -2.460447e+01
1.860814e-01 -5.423918e+00 -2.523838e+01
1.861814e-01 -5.782023e+00 -2.584957e+01
1.862814e-01 -6.345434e+00 -2.643579e+01
1.863814e-01 -6.720130e+00 -2.699479e+01
1.864814e-01 -6.965474e+00 -2.752441e+01
1.865813e-01 -7.466674e+00 -2.802261e+01
1.866813e-01 -7.681064e+00 -2.848752e+01
1.867813e-01 -8.122989e+00 -2.891750e+01
1.868813e-01 -8.322237e+00 -2.931120e+01
1.869813e-01 -8.484844e+00 -2.966755e+01
1.870813e-01 -8.746983e+00 -2.998581e+01
1.871813e-01 -8.915742e+00 -3.026553e+01
1.872813e-01 -8.966361e+00 -3.050656e+01
1.873813e-01 -9.010516e+00 -3.070903e+01
1.874813e-01 -9.121866e+00 -3.087327e+01
1.875812e-01 -9.072302e+00 -3.099982e+01
1.876812e-01 -9.015695e+00 -3.108934e+01
1.877812e-01 -8.878328e+00 -3.114261e+01
1.878812e-01 -8.695838e+00 -3.116048e+01
1.879812e-01 -8.543966e+00 -3.114384e+01
1.880812e-01 -8.442788e+00 -3.109358e+01
1.881812e-01 -8.185793e+00 -3.101060e+01
1.882812e-01 -7.996536e+00 -3.089580e+01
1.883812e-01 -7.562861e+00 -3.075006e+01
1.884812e-01 -7.180720e+00 -3.057427e+01
1.885811e-01 -6.854603e+00 -3.036932e+01
1.886811e-01 -6.414870e+00 -3.013613e+01
1.887811e-01 -6.003098e+00 -2.987566e+01
1.888811e-01 -5.499252e+00 -2.958892e+01
1.889811e-01 -5.097350e+00 -2.927703e+01
1.890811e-01 -4.642181e+00 -2.894119e+01
1.891811e-01 -4.005278e+00 -2.858276e+01
1.892811e-01 -3.410154e+00 -2.820321e+01
1.893811e-01 -2.929194e+00 -2.780421e+01
1.894811e-01 -2.258871e+00 -2.738757e+01
1.895810e-01 -1.648046e+00 -2.695531e+01
1.896810e-01 -1.129357e+00 -2.650961e+01
1.897810e-01 -3.846961e-01 -2.605283e+01
1.898810e-01 2.154257e-01 -2.558751e+01
1.899810e-01 8.298595e-01 -2.511631e+01
1.900810e-01 1.424377e+00 -2.464202e+01
1.901810e-01 2.109425e+00 -2.416751e+01
1.902810e-01 2.724096e+00 -2.369571e+01
1.903810e-01 3.246098e+00 -2.322956e+01
1.904810e-01 3.926548e+00 -2.277198e+01
1.905809e-01 4.543173e+00 -2.232582e+01
1.906809e-01 5.055476e+00 -2.189384e+01
1.907809e-01 5.619057e+00 -2.147863e+01
1.908809e-01 6.183514e+00 -2.108266e+01
1.909809e-01 6.697829e+00 -2.070816e+01
1.910809e-01 7.112876e+00 -2.035721e+01
1.911809e-01 7.655811e+00 -2.003161e+01
1.912809e-01 8.082851e+00 -1.973298e+01
1.913809e-01 8.503831e+00 -1.946269e+01
1.914809e-01 8.890944e+00 -1.922192e+01
1.915808e-01 9.374771e+00 -1.901160e+01
1.916808e-01 9.645558e+00 -1.883251e+01
1.917808e-01 9.945513e+00 -1.868522e+01
1.918808e-01 1.023713e+01 -1.857015e+01
1.919808e-01 1.038597e+01 -1.848759e+01
1.920808e-01 1.061615e+01 -1.843766e+01
1.921808e-01 1.072615e+01 -1.842042e+01
1.922808e-01 1.084339e+01 -1.843579e+01
1.923808e-01 1.097745e+01 -1.848363e+01
1.924808e-01 1.085268e+01 -1.856370e+01
1.925807e-01 1.096839e+01 -1.867571e+01
1.926807e-01 1.085456e+01 -1.881929e+01
1.927807e-01 1.081253e+01 -1.899403e+01
1.928807e-01 1.064552e+01 -1.919944e+01
1.929807e-01 1.048517e+01 -1.943499e+01
1.930807e-01 1.026231e+01 -1.970007e+01
1.931807e-01 1.005692e+01 -1.999403e+01
1.932807e-01 9.734936e+00 -2.031616e+01
1.933807e-01 9.336958e+00 -2.066570e+01
1.934807e-01 9.088687e+00 -2.104180e+01
1.935806e-01 8.712143e+00 -2.144359e+01
1.936806e-01 8.311605e+00 -2.187015e+01
1.937806e-01 7.773151e+00 -2.232047e+01
1.938806e-01 7.417199e+00 -2.279355e+01
1.939806e-01 6.956515e+00 -2.328833e+01
1.940806e-01 6.421725e+00 -2.380371e+01
1.941806e-01 5.845147e+00 -2.433859e+01
1.942806e-01 5.325931e+00 -2.489182e+01
1.943806e-01 4.744181e+00 -2.546225e+01
1.944806e-01 4.135568e+00 -2.604867e+01
1.945805e-01 3.524948e+00 -2.664986e+01
1.946805e-01 2.895651e+00 -2.726452e+01
1.947805e-01 2.285959e+00 -2.789128e+01
1.948805e-01 1.606774e+00 -2.852864e+01
1.949805e-01 1.038200e+00 -2.917498e+01
1.950805e-01 4.093503e-01 -2.982849e+01
1.951805e-01 -2.343686e-01 -3.048714e+01
1.952805e-01 -8.359075e-01 -3.114867e+01
1.953805e-01 -1.443328e+00 -3.181055e+01
1.954805e-01 -2.133239e+00 -3.246999e+01
1.955804e-01 -2.671138e+00 -3.312396e+01
1.956804e-01 -3.152451e+00 -3.376920e+01
1.957804e-01 -3.802409e+00 -3.440233e+01
1.958804e-01 -4.266517e+00 -3.501984e+01
1.959804e-01 -4.850524e+00 -3.561827e+01
1.960804e-01 -5.365666e+00 -3.619425e+01
1.961804e-01 -5.685117e+00 -3.674460e+01
1.962804e-01 -6.309947e+00 -3.726646e+01
1.963804e-01 -6.680605e+00 -3.775731e+01
1.964804e-01 -7.106000e+00 -3.821507e+01
1.965803e-01 -7.549555e+00 -3.863810e+01
1.966803e-01 -7.712049e+00 -3.902524e+01
1.967803e-01 -8.093182e+00 -3.937577e+01
1.968803e-01 -8.239221e+00 -3.968939e+01
1.969803e-01 -8.610228e+00 -3.996619e+01
1.970803e-01 -8.785294e+00 -4.020655e+01
1.971803e-01 -8.894755e+00 -4.041113e+01
1.972803e-01 -8.928763e+00 -4.058078e+01
1.973803e-01 -9.026202e+00 -4.071647e+01
1.974803e-01 -9.048944e+00 -4.081927e+01
1.975802e-01 -9.064855e+00 -4.089028e+01
1.976802e-01 -8.969952e+00 -4.093057e+01
1.977802e-01 -8.856578e+00 -4.094119e+01
1.978802e-01 -8.798134e+00 -4.092312e+01
1.979802e-01 -8.606623e+00 -4.087724e+01
1.980802e-01 -8.359801e+00 -4.080436e+01
1.981802e-01 -8.205350e+00 -4.070515e+01
1.982802e-01 -7.987825e+00 -4.058021e+01
1.983802e-01 -7.509504e+00 -4.043004e+01
1.984802e-01 -7.247638e+00 -4.025508e+01
1.985801e-01 -6.833733e+00 -4.005567e+01
1.986801e-01 -6.397066e+00 -3.983216e+01
1.987801e-01 -6.023737e+00 -3.958487e+01
1.988801e-01 -5.572056e+00 -3.931416e+01
1.989801e-01 -5.011235e+00 -3.902044e+01
1.990801e-01 -4.551789e+00 -3.870424e+01
1.991801e-01 -4.012377e+00 -3.836623e+01
1.992801e-01 -3.330803e+00 -3.800727e+01
1.993801e-01 -2.853477e+00 -3.762844e+01
1.994801e-01 -2.325008e+00 -3.723106e+01
1.995800e-01 -1.586270e+00 -3.681674e+01
1.996800e-01 -1.124824e+00 -3.638737e+01
1.997800e-01 -4.208501e-01 -3.594511e+01
1.998800e-01 1.941876e-01 -3.549241e+01
1.999800e-01 8.822005e-01 -3.503193e+01
2.000800e-01 1.422522e+00 -3.456651e+01
2.001800e-01 2.125467e+00 -3.409914e+01
2.002800e-01 2.676063e+00 -3.363283e+01
2.003800e-01 3.305707e+00 -3.317062e+01
2.004800e-01 4.006054e+00 -3.271542e+01
2.005799e-01 4.539996e+00 -3.227000e+01
2.006799e-01 5.094223e+00 -3.183692e+01
2.007799e-01 5.688419e+00 -3.141846e+01
2.008799e-01 6.168719e+00 -3.101663e+01
2.009799e-01 6.741733e+00 -3.063310e+01
2.010799e-01 7.218425e+00 -3.026926e+01
2.011799e-01 7.733060e+00 -2.992615e+01
2.012799e-01 8.063424e+00 -2.960458e+01
2.013799e-01 8.567160e+00 -2.930507e+01
2.014799e-01 8.943860e+00 -2.902793e+01
2.015798e-01 9.297736e+00 -2.877330e+01
2.016798e-01 9.745238e+00 -2.854116e+01
2.017798e-01 1.002449e+01 -2.833140e+01
2.018798e-01 1.019356e+01 -2.814382e+01
2.019798e-01 1.040308e+01 -2.797819e+01
2.020798e-01 1.055917e+01 -2.783428e+01
2.021798e-01 1.074236e+01 -2.771182e+01
2.022798e-01 1.085759e+01 -2.761061e+01
2.023798e-01 1.090186e+01 -2.753046e+01
2.024798e-01 1.099060e+01 -2.747123e+01
2.025797e-01 1.094047e+01 -2.743284e+01
2.026797e-01 1.085681e+01 -2.741526e+01
2.027797e-01 1.078725e+01 -2.741850e+01
2.028797e-01 1.072804e+01 -2.744262e+01
2.029797e-01 1.056845e+01 -2.748775e+01
2.030797e-01 1.026718e+01 -2.755400e+01
2.031797e-01 9.992837e+00 -2.764154e+01
2.032797e-01 9.785792e+00 -2.775053e+01
2.033797e-01 9.386623e+00 -2.788112e+01
2.034797e-01 9.141157e+00 -2.803340e+01
2.035796e-01 8.783730e+00 -2.820745e+01
2.036796e-01 8.220333e+00 -2.840324e+01
2.037796e-01 7.989208e+00 -2.862064e+01
2.038796e-01 7.372696e+00 -2.885941e+01
2.039796e-01 6.897232e+00 -2.911912e+01
2.040796e-01 6.364704e+00 -2.939919e+01
2.041796e-01 5.914447e+00 -2.969884e+01
2.042796e-01 5.275888e+00 -3.001707e+01
2.043796e-01 4.792414e+00 -3.035263e+01
2.044796e-01 4.213786e+00 -3.070406e+01
2.045795e-01 3.544587e+00 -3.106967e+01
2.046795e-01 3.053557e+00 -3.144751e+01
2.047795e-01 2.389378e+00 -3.183547e+01
2.048795e-01 1.829500e+00 -3.223125e+01
2.049795e-01 1.107427e+00 -3.263238e+01
2.050795e-01 3.863689e-01 -3.303635e+01
2.051795e-01 -2.317978e-01 -3.344055e+01
2.052795e-01 -7.267305e-01 -3.384240e+01
2.053795e-01 -1.484249e+00 -3.423936e+01
2.054795e-01 -1.966898e+00 -3.462899e+01
2.055794e-01 -2.655052e+00 -3.500901e+01
2.056794e-01 -3.167901e+00 -3.537729e+01
2.057794e-01 -3.777947e+00 -3.573193e+01
2.058794e-01 -4.359189e+00 -3.607126e+01
2.059794e-01 -4.809812e+00 -3.639385e+01
2.060794e-01 -5.227040e+00 -3.669849e+01
2.061794e-01 -5.769414e+00 -3.698424e+01
2.062794e-01 -6.179713e+00 -3.725037e+01
2.063794e-01 -6.668108e+00 -3.749635e+01
2.064794e-01 -7.018802e+00 -3.772187e+01
2.065793e-01 -7.280117e+00 -3.792675e+01
2.066793e-01 -7.778332e+00 -3.811096e+01
2.067793e-01 -8.056747e+00 -3.827460e+01
2.068793e-01 -8.313208e+00 -3.841786e+01
2.069793e-01 -8.502202e+00 -3.854098e+01
2.070793e-01 -8.674205e+00 -3.864428e+01
2.071793e-01 -8.793133e+00 -3.872809e+01
2.072793e-01 -8.932430e+00 -3.879278e+01
2.073793e-01 -8.925108e+00 -3.883871e+01
2.074793e-01 -9.105378e+00 -3.886626e+01
2.075792e-01 -9.068255e+00 -3.887580e+01
2.076792e-01 -8.885082e+00 -3.886769e+01
2.077792e-01 -8.940685e+00 -3.884226e+01
2.078792e-01 -8.722254e+00 -3.879987e+01
2.079792e-01 -8.615627e+00 -3.874085e+01
2.080792e-01 -8.330150e+00 -3.866554e+01
2.081792e-01 -8.090599e+00 -3.857429e+01
2.082792e-01 -7.811131e+00 -3.846745e+01
2.083792e-01 -7.477843e+00 -3.834541e+01
2.084792e-01 -7.217027e+00 -3.820859e+01
2.085791e-01 -6.810445e+00 -3.805745e+01
2.086791e-01 -6.405416e+00 -3.789250e+01
2.087791e-01 -5.954781e+00 -3.771432e+01
2.088791e-01 -5.461533e+00 -3.752357e+01
2.089791e-01 -4.913752e+00 -3.732096e+01
2.090791e-01 -4.400518e+00 -3.710731e+01
2.091791e-01 -3.935077e+00 -3.688352e+01
2.092791e-01 -3.428096e+00 -3.665057e+01
2.093791e-01 -2.841671e+00 -3.640956e+01
2.094791e-01 -2.241549e+00 -3.616163e+01
2.095790e-01 -1.573769e+00 -3.590803e+01
2.096790e-01 -1.018953e+00 -3.565008e+01
2.097790e-01 -3.923177e-01 -3.538913e+01
2.098790e-01 1.734462e-01 -3.512662e+01
2.099790e-01 7.917150e-01 -3.486398e+01
2.100790e-01 1.473028e+00 -3.460267e+01
2.101790e-01 2.016352e+00 -3.434416e+01
2.102790e-01 2.694049e+00 -3.408988e+01
2.103790e-01 3.342166e+00 -3.384126e+01
2.104790e-01 3.865094e+00 -3.359966e+01
2.105789e-01 4.572588e+00 -3.336639e+01
2.106789e-01 5.113604e+00 -3.314270e+01
2.107789e-01 5.586418e+00 -3.292978e+01
2.108789e-01 6.199928e+00 -3.272873e+01
2.109789e-01 6.687161e+00 -3.254059e+01
2.110789e-01 7.279702e+00 -3.236633e+01
2.111789e-01 7.715495e+00 -3.220684e+01
2.112789e-01 8.220181e+00 -3.206298e+01
2.113789e-01 8.615961e+00 -3.193556e+01
2.114789e-01 8.988986e+00 -3.182533e+01
2.115788e-01 9.312275e+00 -3.173303e+01
2.116788e-01 9.674267e+00 -3.165940e+01
2.117788e-01 9.922938e+00 -3.160517e+01
2.118788e-01 1.030832e+01 -3.157108e+01
2.119788e-01 1.045232e+01 -3.155789e+01
2.120788e-01 1.064155e+01 -3.156639e+01
2.121788e-01 1.078962e+01 -3.159742e+01
2.122788e-01 1.079615e+01 -3.165185e+01
2.123788e-01 1.102728e+01 -3.173057e+01
2.124788e-01 1.099817e+01 -3.183453e+01
2.125787e-01 1.087614e+01 -3.196471e+01
2.126787e-01 1.088268e+01 -3.212208e+01
2.127787e-01 1.071087e+01 -3.230763e+01
2.128787e-01 1.066176e+01 -3.252231e+01
2.129787e-01 1.048897e+01 -3.276700e+01
2.130787e-01 1.036149e+01 -3.304251e+01
2.131787e-01 1.009119e+01 -3.334952e+01
2.132787e-01 9.782223e+00 -3.368852e+01
2.133787e-01 9.460854e+00 -3.405979e+01
2.134787e-01 9.189484e+00 -3.446336e+01
2.135786e-01 8.702366e+00 -3.489893e+01
2.136786e-01 8.366723e+00 -3.536589e+01
2.137786e-01 7.950773e+00 -3.586325e+01
2.138786e-01 7.431772e+00 -3.638962e+01
2.139786e-01 6.964631e+00 -3.694323e+01
2.140786e-01 6.385125e+00 -3.752194e+01
2.141786e-01 5.869570e+00 -3.812325e+01
2.142786e-01 5.393445e+00 -3.874433e+01
2.143786e-01 4.777791e+00 -3.938213e+01
2.144786e-01 4.274776e+00 -4.003338e+01
2.145785e-01 3.582620e+00 -4.069472e+01
2.146785e-01 2.924350e+00 -4.136275e+01
2.147785e-01 2.378614e+00 -4.203408e+01
2.148785e-01 1.691503e+00 -4.270545e+01
2.149785e-01 1.132742e+00 -4.337375e+01
2.150785e-01 4.621119e-01 -4.403607e+01
2.151785e-01 -1.716479e-01 -4.468972e+01
2.152785e-01 -7.742811e-01 -4.533227e+01
2.153785e-01 -1.360618e+00 -4.596153e+01
2.154785e-01 -2.014861e+00 -4.657555e+01
2.155784e-01 -2.552160e+00 -4.717264e+01
2.156784e-01 -3.091266e+00 -4.775127e+01
2.157784e-01 -3.846454e+00 -4.831013e+01
2.158784e-01 -4.316824e+00 -4.884806e+01
2.159784e-01 -4.755048e+00 -4.936405e+01
2.160784e-01 -5.296227e+00 -4.985719e+01
2.161784e-01 -5.811757e+00 -5.032670e+01
2.162784e-01 -6.316414e+00 -5.077186e+01
2.163784e-01 -6.652951e+00 -5.119206e+01
2.164784e-01 -6.935069e+00 -5.158672e+01
2.165783e-01 -7.366533e+00 -5.195532e+01
2.166783e-01 -7.745631e+00 -5.229741e+01
2.167783e-01 -8.041924e+00 -5.261255e+01
2.168783e-01 -8.230526e+00 -5.290034e+01
2.169783e-01 -8.455869e+00 -5.316040e+01
2.170783e-01 -8.629084e+00 -5.339236e+01
2.171783e-01 -8.839684e+00 -5.359587e+01
2.172783e-01 -8.841045e+00 -5.377058e+01
2.173783e-01 -9.011352e+00 -5.391612e+01
2.174783e-01 -9.011966e+00 -5.403216e+01
2.175782e-01 -9.030325e+00 -5.411833e+01
2.176782e-01 -8.885408e+00 -5.417429e+01
2.177782e-01 -8.978066e+00 -5.419972e+01
2.178782e-01 -8.764556e+00 -5.419431e+01
2.179782e-01 -8.482855e+00 -5.415782e+01
2.180782e-01 -8.323035e+00 -5.409007e+01
2.181782e-01 -8.137940e+00 -5.399097e+01
2.182782e-01 -7.871129e+00 -5.386055e+01
2.183782e-01 -7.452733e+00 -5.369902e+01
2.184782e-01 -7.143161e+00 -5.350674e+01
2.185781e-01 -6.833167e+00 -5.328432e+01
2.186781e-01 -6.447297e+00 -5.303258e+01
2.187781e-01 -5.915621e+00 -5.275262e+01
2.188781e-01 -5.548372e+00 -5.244582e+01
2.189781e-01 -5.093283e+00 -5.211382e+01
2.190781e-01 -4.522130e+00 -5.175856e+01
2.191781e-01 -3.977364e+00 -5.138223e+01
2.192781e-01 -3.384348e+00 -5.098725e+01
2.193781e-01 -2.840182e+00 -5.057626e+01
2.194781e-01 -2.241128e+00 -5.015205e+01
2.195780e-01 -1.644088e+00 -4.971751e+01
2.196780e-01 -1.018244e+00 -4.927562e+01
2.197780e-01 -4.133340e-01 -4.882934e+01
2.198780e-01 1.698584e-01 -4.838164e+01
2.199780e-01 8.721681e-01 -4.793538e+01
2.200780e-01 1.442765e+00 -4.749336e+01
2.201780e-01 2.126614e+00 -4.705823e+01
2.202780e-01 2.772876e+00 -4.663252e+01
2.203780e-01 3.265471e+00 -4.621859e+01
2.204780e-01 3.951904e+00 -4.581867e+01
2.205779e-01 4.552815e+00 -4.543484e+01
2.206779e-01 5.140335e+00 -4.506904e+01
2.207779e-01 5.679984e+00 -4.472309e+01
2.208779e-01 6.162465e+00 -4.439864e+01
2.209779e-01 6.724509e+00 -4.409728e+01
2.210779e-01 7.205624e+00 -4.382044e+01
2.211779e-01 7.823529e+00 -4.356947e+01
2.212779e-01 8.147943e+00 -4.334560e+01
2.213779e-01 8.606788e+00 -4.314997e+01
2.214779e-01 9.118309e+00 -4.298364e+01
2.215778e-01 9.374413e+00 -4.284758e+01
2.216778e-01 9.806000e+00 -4.274269e+01
2.217778e-01 9.903701e+00 -4.266981e+01
2.218778e-01 1.016390e+01 -4.262972e+01
2.219778e-01 1.040848e+01 -4.262318e+01
2.220778e-01 1.067957e+01 -4.265089e+01
2.221778e-01 1.081480e+01 -4.271356e+01
2.222778e-01 1.092402e+01 -4.281184e+01
2.223778e-01 1.091259e+01 -4.294638e+01
2.224778e-01 1.096864e+01 -4.311781e+01
2.225777e-01 1.095672e+01 -4.332669e+01
2.226777e-01 1.085928e+01 -4.357352e+01
2.227777e-01 1.080411e+01 -4.385871e+01
2.228777e-01 1.064968e+01 -4.418255e+01
2.229777e-01 1.054418e+01 -4.454515e+01
2.230777e-01 1.028499e+01 -4.494641e+01
2.231777e-01 1.006363e+01 -4.538598e+01
2.232777e-01 9.846498e+00 -4.586323e+01
2.233777e-01 9.521494e+00 -4.637722e+01
2.234777e-01 9.135107e+00 -4.692668e+01
2.235776e-01 8.754070e+00 -4.751004e+01
2.236776e-01 8.340666e+00 -4.812539e+01
2.237776e-01 8.042102e+00 -4.877060e+01
2.238776e-01 7.458109e+00 -4.944330e+01
2.239776e-01 7.025483e+00 -5.014099e+01
2.240776e-01 6.437623e+00 -5.086113e+01
2.241776e-01 5.942037e+00 -5.160114e+01
2.242776e-01 5.240741e+00 -5.235856e+01
2.243776e-01 4.717978e+00 -5.313104e+01
2.244776e-01 4.201195e+00 -5.391639e+01
2.245775e-01 3.601010e+00 -5.471256e+01
2.246775e-01 2.960596e+00 -5.551767e+01
2.247775e-01 2.344819e+00 -5.632993e+01
2.248775e-01 1.797286e+00 -5.714758e+01
2.249775e-01 1.121740e+00 -5.796883e+01
2.250775e-01 4.825985e-01 -5.879179e+01
2.251775e-01 -1.588981e-01 -5.961440e+01
2.252775e-01 -7.350433e-01 -6.043439e+01
2.253775e-01 -1.332235e+00 -6.124928e+01
2.254775e-01 -1.889735e+00 -6.205635e+01
2.255774e-01 -2.620745e+00 -6.285270e+01
2.256774e-01 -3.113439e+00 -6.363531e+01
2.257774e-01 -3.678091e+00 -6.440113e+01
2.258774e-01 -4.269561e+00 -6.514714e+01
2.259774e-01 -4.728723e+00 -6.587050e+01
2.260774e-01 -5.248093e+00 -6.656855e+01
2.261774e-01 -5.721076e+00 -6.723895e+01
2.262774e-01 -6.199411e+00 -6.787971e+01
2.263774e-01 -6.776561e+00 -6.848916e+01
2.264774e-01 -6.976200e+00 -6.906602e+01
2.265773e-01 -7.327136e+00 -6.960931e+01
2.266773e-01 -7.687135e+00 -7.011832e+01
2.267773e-01 -7.995295e+00 -7.059259e+01
2.268773e-01 -8.237987e+00 -7.103179e+01
2.269773e-01 -8.550699e+00 -7.143568e+01
2.270773e-01 -8.671408e+00 -7.180408e+01
2.271773e-01 -8.790363e+00 -7.213674e+01
2.272773e-01 -8.943482e+00 -7.243339e+01
2.273773e-01 -9.050854e+00 -7.269364e+01
2.274773e-01 -8.968170e+00 -7.291703e+01
2.275772e-01 -9.018028e+00 -7.310296e+01
2.276772e-01 -8.848220e+00 -7.325082e+01
2.277772e-01 -8.820541e+00 -7.335993e+01
2.278772e-01 -8.636179e+00 -7.342966e+01
2.279772e-01 -8.592866e+00 -7.345947e+01
2.280772e-01 -8.406306e+00 -7.344900e+01
2.281772e-01 -8.060419e+00 -7.339815e+01
2.282772e-01 -7.879913e+00 -7.330714e+01
2.283772e-01 -7.503743e+00 -7.317660e+01
2.284772e-01 -7.243220e+00 -7.300760e+01
2.285771e-01 -6.779263e+00 -7.280169e+01
2.286771e-01 -6.344832e+00 -7.256089e+01
2.287771e-01 -6.001732e+00 -7.228764e+01
2.288771e-01 -5.492622e+00 -7.198477e+01
2.289771e-01 -4.889972e+00 -7.165536e+01
2.290771e-01 -4.551770e+00 -7.130264e+01
2.291771e-01 -4.011922e+00 -7.092990e+01
2.292771e-01 -3.441005e+00 -7.054034e+01
2.293771e-01 -2.809949e+00 -7.013697e+01
2.294771e-01 -2.267224e+00 -6.972254e+01
2.295770e-01 -1.644476e+00 -6.929949e+01
2.296770e-01 -9.602570e-01 -6.886992e+01
2.297770e-01 -4.117495e-01 -6.843562e+01
2.298770e-01 1.624212e-01 -6.799812e+01
2.299770e-01 8.473101e-01 -6.755874e+01
2.300770e-01 1.528264e+00 -6.711868e+01
2.301770e-01 2.092475e+00 -6.667913e+01
2.302770e-01 2.717522e+00 -6.624137e+01
2.303770e-01 3.320679e+00 -6.580682e+01
2.304770e-01 3.958587e+00 -6.537716e+01
2.305769e-01 4.544095e+00 -6.495434e+01
2.306769e-01 5.142334e+00 -6.454066e+01
2.307769e-01 5.754637e+00 -6.413871e+01
2.308769e-01 6.291860e+00 -6.375139e+01
2.309769e-01 6.750592e+00 -6.338181e+01
2.310769e-01 7.177119e+00 -6.303321e+01
2.311769e-01 7.661936e+00 -6.270888e+01
2.312769e-01 8.250143e+00 -6.241199e+01
2.313769e-01 8.582385e+00 -6.214556e+01
2.314769e-01 8.991281e+00 -6.191228e+01
2.315768e-01 9.365656e+00 -6.171447e+01
2.316768e-01 9.664619e+00 -6.155401e+01
2.317768e-01 9.864795e+00 -6.143233e+01
2.318768e-01 1.023719e+01 -6.135042e+01
2.319768e-01 1.044716e+01 -6.130881e+01
2.320768e-01 1.060396e+01 -6.130769e+01
2.321768e-01 1.081048e+01 -6.134691e+01
2.322768e-01 1.094764e+01 -6.142607e+01
2.323768e-01 1.094277e+01 -6.154462e+01
2.324768e-01 1.096552e+01 -6.170188e+01
2.325767e-01 1.105246e+01 -6.189713e+01
2.326767e-01 1.099071e+01 -6.212964e+01
2.327767e-01 1.083974e+01 -6.239871e+01
2.328767e-01 1.063625e+01 -6.270369e+01
2.329767e-01 1.049050e+01 -6.304398e+01
2.330767e-01 1.038990e+01 -6.341903e+01
2.331767e-01 1.017012e+01 -6.382833e+01
2.332767e-01 9.844492e+00 -6.427136e+01
2.333767e-01 9.588857e+00 -6.474755e+01
2.334767e-01 9.149744e+00 -6.525629e+01
2.335766e-01 8.884467e+00 -6.579683e+01
2.336766e-01 8.307830e+00 -6.636827e+01
2.337766e-01 7.970377e+00 -6.696950e+01
2.338766e-01 7.405548e+00 -6.759920e+01
2.339766e-01 7.036001e+00 -6.825579e+01
2.340766e-01 6.641378e+00 -6.893747e+01
2.341766e-01 6.002253e+00 -6.964216e+01
2.342766e-01 5.476026e+00 -7.036756e+01
2.343766e-01 4.862072e+00 -7.111117e+01
2.344766e-01 4.247788e+00 -7.187034e+01
2.345765e-01 3.553717e+00 -7.264229e+01
2.346765e-01 3.012812e+00 -7.342419e+01
2.347765e-01 2.509975e+00 -7.421317e+01
2.348765e-01 1.736787e+00 -7.500638e+01
2.349765e-01 1.121344e+00 -7.580105e+01
2.350765e-01 5.921998e-01 -7.659445e+01
2.351765e-01 -1.526102e-01 -7.738398e+01
2.352765e-01 -6.418745e-01 -7.816713e+01
2.353765e-01 -1.394586e+00 -7.894152e+01
2.354765e-01 -1.991828e+00 -7.970485e+01
2.355764e-01 -2.499398e+00 -8.045495e+01
2.356764e-01 -3.031916e+00 -8.118971e+01
2.357764e-01 -3.641594e+00 -8.190714e+01
2.358764e-01 -4.277422e+00 -8.260532e+01
2.359764e-01 -4.773972e+00 -8.328239e+01
2.360764e-01 -5.151835e+00 -8.393661e+01
2.361764e-01 -5.726163e+00 -8.456625e+01
2.362764e-01 -6.152166e+00 -8.516970e+01
2.363764e-01 -6.649920e+00 -8.574537e+01
2.364764e-01 -7.027956e+00 -8.629176e+01
2.365763e-01 -7.327785e+00 -8.680741e+01
2.366763e-01 -7.768325e+00 -8.729091e+01
2.367763e-01 -8.039599e+00 -8.774092e+01
2.368763e-01 -8.213318e+00 -8.815615e+01
2.369763e-01 -8.456703e+00 -8.853534e+01
2.370763e-01 -8.580904e+00 -8.887735e+01
2.371763e-01 -8.792013e+00 -8.918108e+01
2.372763e-01 -8.830124e+00 -8.944557e+01
2.373763e-01 -9.058280e+00 -8.966997e+01
2.374763e-01 -9.042231e+00 -8.985358e+01
2.375762e-01 -9.071500e+00 -8.999589e+01
2.376762e-01 -8.928849e+00 -9.009659e+01
2.377762e-01 -8.878855e+00 -9.015558e+01
2.378762e-01 -8.801134e+00 -9.017304e+01
2.379762e-01 -8.618208e+00 -9.014937e+01
2.380762e-01 -8.331853e+00 -9.008525e+01
2.381762e-01 -8.088621e+00 -8.998163e+01
2.382762e-01 -7.890459e+00 -8.983967e+01
2.383762e-01 -7.573030e+00 -8.966080e+01
2.384762e-01 -7.163720e+00 -8.944662e+01
2.385761e-01 -6.956506e+00 -8.919894e+01
2.386761e-01 -6.439035e+00 -8.891969e+01
2.387761e-01 -5.980150e+00 -8.861091e+01
2.388761e-01 -5.459293e+00 -8.827473e+01
2.389761e-01 -5.039240e+00 -8.791332e+01
2.390761e-01 -4.530409e+00 -8.752887e+01
2.391761e-01 -4.041921e+00 -8.712358e+01
2.392761e-01 -3.363355e+00 -8.669964e+01
2.393761e-01 -2.828719e+00 -8.625921e+01
2.394761e-01 -2.173212e+00 -8.580445e+01
2.395760e-01 -1.663886e+00 -8.533747e+01
2.396760e-01 -1.035071e+00 -8.486041e+01
2.397760e-01 -5.404013e-01 -8.437537e+01
2.398760e-01 2.093948e-01 -8.388451e+01
2.399760e-01 9.164887e-01 -8.338996e+01
2.400760e-01 1.574827e+00 -8.289391e+01
2.401760e-01 2.107281e+00 -8.239861e+01
2.402760e-01 2.729903e+00 -8.190630e+01
2.403760e-01 3.266523e+00 -8.141931e+01
2.404760e-01 3.911401e+00 -8.093997e+01
2.405759e-01 4.572289e+00 -8.047063e+01
2.406759e-01 5.211393e+00 -8.001366e+01
2.407759e-01 5.636542e+00 -7.957140e+01
2.408759e-01 6.204418e+00 -7.914616e+01
2.409759e-01 6.684144e+00 -7.874017e+01
2.410759e-01 7.346457e+00 -7.835558e+01
2.411759e-01 7.740384e+00 -7.799445e+01
2.412759e-01 8.195381e+00 -7.765869e+01
2.413759e-01 8.603650e+00 -7.735008e+01
2.414759e-01 9.051885e+00 -7.707024e+01
2.415758e-01 9.395233e+00 -7.682063e+01
2.416758e-01 9.713824e+00 -7.660255e+01
2.417758e-01 9.982361e+00 -7.641716e+01
2.418758e-01 1.025919e+01 -7.626545e+01
2.419758e-01 1.045125e+01 -7.614827e+01
2.420758e-01 1.070197e+01 -7.606633e+01
2.421758e-01 1.078106e+01 -7.602026e+01
2.422758e-01 1.087423e+01 -7.601054e+01
2.423758e-01 1.104419e+01 -7.603757e+01
2.424758e-01 1.105547e+01 -7.610166e+01
2.425757e-01 1.100089e+01 -7.620300e+01
2.426757e-01 1.095995e+01 -7.634173e+01
2.427757e-01 1.089335e+01 -7.651783e+01
2.428757e-01 1.078714e+01 -7.673121e+01
2.429757e-01 1.059076e+01 -7.698161e+01
2.430757e-01 1.036513e+01 -7.726863e+01
2.431757e-01 1.010151e+01 -7.759168e+01
2.432757e-01 9.882312e+00 -7.794997e+01
2.433757e-01 9.508628e+00 -7.834249e+01
2.434757e-01 9.226971e+00 -7.876798e+01
2.435756e-01 8.878178e+00 -7.922496e+01
2.436756e-01 8.353060e+00 -7.971171e+01
2.437756e-01 7.912219e+00 -8.022627e+01
2.438756e-01 7.444016e+00 -8.076652e+01
2.439756e-01 7.034430e+00 -8.133016e+01
2.440756e-01 6.363805e+00 -8.191482e+01
2.441756e-01 5.969485e+00 -8.251806e+01
2.442756e-01 5.336821e+00 -8.313748e+01
2.443756e-01 4.846145e+00 -8.377075e+01
2.444756e-01 4.305527e+00 -8.441565e+01
2.445755e-01 3.678968e+00 -8.507012e+01
2.446755e-01 3.061144e+00 -8.573228e+01
2.447755e-01 2.445692e+00 -8.640040e+01
2.448755e-01 1.786511e+00 -8.707290e+01
2.449755e-01 1.134500e+00 -8.774828e+01
2.450755e-01 5.588996e-01 -8.842507e+01
2.451755e-01 -1.551401e-01 -8.910177e+01
2.452755e-01 -7.181176e-01 -8.977670e+01
2.453755e-01 -1.373784e+00 -9.044803e+01
2.454755e-01 -1.955567e+00 -9.111362e+01
2.455754e-01 -2.524018e+00 -9.177104e+01
2.456754e-01 -3.087520e+00 -9.241753e+01
2.457754e-01 -3.640707e+00 -9.305001e+01
2.458754e-01 -4.205690e+00 -9.366518e+01
2.459754e-01 -4.659791e+00 -9.425952e+01
2.460754e-01 -5.159527e+00 -9.482945e+01
2.461754e-01 -5.754051e+00 -9.537142e+01
2.462754e-01 -6.182696e+00 -9.588203e+01
2.463754e-01 -6.569793e+00 -9.635812e+01
2.464754e-01 -7.051748e+00 -9.679691e+01
2.465753e-01 -7.353850e+00 -9.719602e+01
2.466753e-01 -7.625348e+00 -9.755353e+01
2.467753e-01 -7.884053e+00 -9.786801e+01
2.468753e-01 -8.234853e+00 -9.813849e+01
2.469753e-01 -8.441665e+00 -9.836444e+01
2.470753e-01 -8.606400e+00 -9.854572e+01
2.471753e-01 -8.748094e+00 -9.868252e+01
2.472753e-01 -8.912287e+00 -9.877531e+01
2.473753e-01 -8.967373e+00 -9.882479e+01
2.474753e-01 -8.956776e+00 -9.883179e+01
2.475752e-01 -8.984627e+00 -9.879726e+01
2.476752e-01 -8.957919e+00 -9.872221e+01
2.477752e-01 -8.864957e+00 -9.860768e+01
2.478752e-01 -8.814584e+00 -9.845472e+01
2.479752e-01 -8.565482e+00 -9.826437e+01
2.480752e-01 -8.334181e+00 -9.803765e+01
2.481752e-01 -8.103392e+00 -9.777555e+01
2.482752e-01 -7.875464e+00 -9.747907e+01
2.483752e-01 -7.508073e+00 -9.714917e+01
2.484752e-01 -7.188209e+00 -9.678684e+01
2.485751e-01 -6.862369e+00 -9.639308e+01
2.486751e-01 -6.368176e+00 -9.596892e+01
2.487751e-01 -5.982995e+00 -9.551547e+01
2.488751e-01 -5.493601e+00 -9.503388e+01
2.489751e-01 -5.076663e+00 -9.452542e+01
2.490751e-01 -4.481762e+00 -9.399144e+01
2.491751e-01 -3.790508e+00 -9.343346e+01
2.492751e-01 -3.476809e+00 -9.285307e+01
2.493751e-01 -2.846912e+00 -9.225206e+01
2.494751e-01 -2.243277e+00 -9.163235e+01
2.495750e-01 -1.509591e+00 -9.099601e+01
2.496750e-01 -1.042519e+00 -9.034528e+01
2.497750e-01 -4.916483e-01 -8.968252e+01
2.498750e-01 3.203410e-01 -8.901026e+01
2.499750e-01 9.319344e-01 -8.833113e+01
2.500750e-01 1.483964e+00 -8.764786e+01
2.501750e-01 2.094865e+00 -8.696327e+01
2.502750e-01 2.663019e+00 -8.628022e+01
2.503750e-01 3.353853e+00 -8.560159e+01
2.504750e-01 4.008508e+00 -8.493026e+01
2.505749e-01 4.552272e+00 -8.426903e+01
2.506749e-01 5.107708e+00 -8.362066e+01
2.507749e-01 5.711734e+00 -8.298776e+01
2.508749e-01 6.261425e+00 -8.237283e+01
2.509749e-01 6.862959e+00 -8.177817e+01
2.510749e-01 7.272095e+00 -8.120591e+01
2.511749e-01 7.618703e+00 -8.065798e+01
2.512749e-01 8.207932e+00 -8.013606e+01
2.513749e-01 8.583770e+00 -7.964162e+01
2.514749e-01 8.998576e+00 -7.917591e+01
2.515748e-01 9.325006e+00 -7.873995e+01
2.516748e-01 9.750312e+00 -7.833454e+01
2.517748e-01 1.005247e+01 -7.796028e+01
2.518748e-01 1.022695e+01 -7.761759e+01
2.519748e-01 1.042948e+01 -7.730672e+01
2.520748e-01 1.068443e+01 -7.702775e+01
2.521748e-01 1.080873e+01 -7.678067e+01
2.522748e-01 1.103163e+01 -7.656534e+01
2.523748e-01 1.102306e+01 -7.638153e+01
2.524748e-01 1.087754e+01 -7.622897e+01
2.525747e-01 1.098158e+01 -7.610734e+01
2.526747e-01 1.094319e+01 -7.601629e+01
2.527747e-01 1.090206e+01 -7.595546e+01
2.528747e-01 1.068639e+01 -7.592453e+01
2.529747e-01 1.056868e+01 -7.592318e+01
2.530747e-01 1.031965e+01 -7.595112e+01
2.531747e-01 1.019110e+01 -7.600810e+01
2.532747e-01 9.813192e+00 -7.609394e+01
2.533747e-01 9.546871e+00 -7.620845e+01
2.534747e-01 9.228278e+00 -7.635153e+01
2.535746e-01 8.779384e+00 -7.652304e+01
2.536746e-01 8.388669e+00 -7.672288e+01
2.537746e-01 8.009955e+00 -7.695090e+01
2.538746e-01 7.574147e+00 -7.720689e+01
2.539746e-01 6.964836e+00 -7.749054e+01
2.540746e-01 6.469950e+00 -7.780137e+01
2.541746e-01 5.902474e+00 -7.813870e+01
2.542746e-01 5.361517e+00 -7.850159e+01
2.543746e-01 4.801417e+00 -7.888880e+01
2.544746e-01 4.244584e+00 -7.929871e+01
2.545745e-01 3.623925e+00 -7.972932e+01
2.546745e-01 2.976705e+00 -8.017819e+01
2.547745e-01 2.368051e+00 -8.064249e+01
2.548745e-01 1.889099e+00 -8.111897e+01
2.549745e-01 1.118427e+00 -8.160403e+01
2.550745e-01 5.801967e-01 -8.209381e+01
2.551745e-01 -1.781091e-02 -8.258421e+01
2.552745e-01 -7.677610e-01 -8.307107e+01
2.553745e-01 -1.345792e+00 -8.355024e+01
2.554745e-01 -1.955962e+00 -8.401772e+01
2.555744e-01 -2.536192e+00 -8.446973e+01
2.556744e-01 -3.093327e+00 -8.490284e+01
2.557744e-01 -3.740135e+00 -8.531401e+01
2.558744e-01 -4.275579e+00 -8.570065e+01
2.559744e-01 -4.640568e+00 -8.606065e+01
2.560744e-01 -5.269581e+00 -8.639236e+01
2.561744e-01 -5.758833e+00 -8.669456e+01
2.562744e-01 -6.195497e+00 -8.696647e+01
2.563744e-01 -6.513121e+00 -8.720764e+01
2.564744e-01 -6.967095e+00 -8.741793e+01
2.565743e-01 -7.376673e+00 -8.759744e+01
2.566743e-01 -7.755873e+00 -8.774646e+01
2.567743e-01 -8.042758e+00 -8.786539e+01
2.568743e-01 -8.247202e+00 -8.795474e+01
2.569743e-01 -8.416340e+00 -8.801504e+01
2.570743e-01 -8.603578e+00 -8.804684e+01
2.571743e-01 -8.809938e+00 -8.805065e+01
2.572743e-01 -8.942433e+00 -8.802696e+01
2.573743e-01 -8.970338e+00 -8.797620e+01
2.574743e-01 -9.034261e+00 -8.789873e+01
2.575742e-01 -8.975038e+00 -8.779483e+01
2.576742e-01 -8.954815e+00 -8.766473e+01
2.577742e-01 -8.840292e+00 -8.750859e+01
2.578742e-01 -8.775387e+00 -8.732649e+01
2.579742e-01 -8.548768e+00 -8.711848e+01
2.580742e-01 -8.422655e+00 -8.688454e+01
2.581742e-01 -8.059995e+00 -8.662464e+01
2.582742e-01 -7.913805e+00 -8.633869e+01
2.583742e-01 -7.511009e+00 -8.602663e+01
2.584742e-01 -7.255310e+00 -8.568837e+01
2.585741e-01 -6.837790e+00 -8.532387e+01
2.586741e-01 -6.386316e+00 -8.493309e+01
2.587741e-01 -5.963645e+00 -8.451609e+01
2.588741e-01 -5.488809e+00 -8.407296e+01
2.589741e-01 -5.058431e+00 -8.360392e+01
2.590741e-01 -4.511030e+00 -8.310929e+01
2.591741e-01 -3.953368e+00 -8.258954e+01
2.592741e-01 -3.422521e+00 -8.204532e+01
2.593741e-01 -2.832455e+00 -8.147745e+01
2.594741e-01 -2.347841e+00 -8.088700e+01
2.595740e-01 -1.679031e+00 -8.027527e+01
2.596740e-01 -1.081696e+00 -7.964381e+01
2.597740e-01 -4.004994e-01 -7.899447e+01
2.598740e-01 2.354510e-01 -7.832937e+01
2.599740e-01 8.178428e-01 -7.765088e+01
2.600740e-01 1.369790e+00 -7.696169e+01
2.601740e-01 2.091638e+00 -7.626467e+01
2.602740e-01 2.772845e+00 -7.556294e+01
2.603740e-01 3.219939e+00 -7.485973e+01
2.604740e-01 4.012396e+00 -7.415839e+01
2.605739e-01 4.530888e+00 -7.346229e+01
2.606739e-01 5.130597e+00 -7.277476e+01
2.607739e-01 5.643680e+00 -7.209900e+01
2.608739e-01 6.259802e+00 -7.143803e+01
2.609739e-01 6.767968e+00 -7.079465e+01
2.610739e-01 7.238227e+00 -7.017133e+01
2.611739e-01 7.640578e+00 -6.957021e+01
2.612739e-01 8.206754e+00 -6.899308e+01
2.613739e-01 8.491787e+00 -6.844133e+01
2.614739e-01 9.021281e+00 -6.791597e+01
2.615738e-01 9.374966e+00 -6.741765e+01
2.616738e-01 9.722462e+00 -6.694668e+01
2.617738e-01 1.002238e+01 -6.650304e+01
2.618738e-01 1.016490e+01 -6.608641e+01
2.619738e-01 1.041136e+01 -6.569625e+01
2.620738e-01 1.064354e+01 -6.533180e+01
2.621738e-01 1.070308e+01 -6.499213e+01
2.622738e-01 1.092608e+01 -6.467620e+01
2.623738e-01 1.097033e+01 -6.438285e+01
2.624738e-01 1.096848e+01 -6.411086e+01
2.625737e-01 1.093635e+01 -6.385899e+01
2.626737e-01 1.094086e+01 -6.362595e+01
2.627737e-01 1.081253e+01 -6.341048e+01
2.628737e-01 1.075728e+01 -6.321135e+01
2.629737e-01 1.058490e+01 -6.302734e+01
2.630737e-01 1.035261e+01 -6.285727e+01
2.631737e-01 1.016111e+01 -6.270004e+01
2.632737e-01 9.950025e+00 -6.255456e+01
2.633737e-01 9.571060e+00 -6.241984e+01
2.634737e-01 9.278434e+00 -6.229491e+01
2.635736e-01 8.853036e+00 -6.217888e+01
2.636736e-01 8.467786e+00 -6.207091e+01
2.637736e-01 7.884824e+00 -6.197021e+01
2.638736e-01 7.440971e+00 -6.187604e+01
2.639736e-01 7.006419e+00 -6.178773e+01
2.640736e-01 6.540531e+00 -6.170463e+01
2.641736e-01 6.001137e+00 -6.162614e+01
2.642736e-01 5.374977e+00 -6.155171e+01
2.643736e-01 4.806542e+00 -6.148082e+01
2.644736e-01 4.319147e+00 -6.141297e+01
2.645735e-01 3.545703e+00 -6.134772e+01
2.646735e-01 3.038717e+00 -6.128464e+01
2.647735e-01 2.391423e+00 -6.122331e+01
2.648735e-01 1.811435e+00 -6.116335e+01
2.649735e-01 1.126807e+00 -6.110439e+01
2.650735e-01 5.238056e-01 -6.104608e+01
2.651735e-01 -3.855849e-02 -6.098808e+01
2.652735e-01 -6.929088e-01 -6.093006e+01
2.653735e-01 -1.286505e+00 -6.087170e+01
2.654735e-01 -1.938499e+00 -6.081267e+01
2.655734e-01 -2.470789e+00 -6.075267e+01
2.656734e-01 -3.104224e+00 -6.069137e+01
2.657734e-01 -3.614140e+00 -6.062846e+01
2.658734e-01 -4.163787e+00 -6.056361e+01
2.659734e-01 -4.626569e+00 -6.049650e+01
2.660734e-01 -5.316237e+00 -6.042677e+01
2.661734e-01 -5.706766e+00 -6.035407e+01
2.662734e-01 -6.166056e+00 -6.027804e+01
2.663734e-01 -6.700030e+00 -6.019826e+01
2.664734e-01 -6.922822e+00 -6.011434e+01
2.665733e-01 -7.358373e+00 -6.002583e+01
2.666733e-01 -7.773911e+00 -5.993226e+01
2.667733e-01 -8.000771e+00 -5.983312e+01
2.668733e-01 -8.250799e+00 -5.972787e+01
2.669733e-01 -8.478522e+00 -5.961593e+01
2.670733e-01 -8.656517e+00 -5.949666e+01
2.671733e-01 -8.730843e+00 -5.936940e+01
2.672733e-01 -8.875603e+00 -5.923341e+01
2.673733e-01 -9.035430e+00 -5.908790e+01
2.674733e-01 -8.970017e+00 -5.893203e+01
2.675732e-01 -8.966904e+00 -5.876489e+01
2.676732e-01 -8.898861e+00 -5.858551e+01
2.677732e-01 -8.878263e+00 -5.839286e+01
2.678732e-01 -8.779689e+00 -5.818586e+01
2.679732e-01 -8.561967e+00 -5.796338e+01
2.680732e-01 -8.327663e+00 -5.772424e+01
2.681732e-01 -8.116973e+00 -5.746723e+01
2.682732e-01 -7.904905e+00 -5.719116e+01
2.683732e-01 -7.492737e+00 -5.689483e+01
2.684732e-01 -7.252869e+00 -5.657712e+01
2.685731e-01 -6.807484e+00 -5.623699e+01
2.686731e-01 -6.358600e+00 -5.587352e+01
2.687731e-01 -5.825426e+00 -5.548602e+01
2.688731e-01 -5.555380e+00 -5.507401e+01
2.689731e-01 -4.998975e+00 -5.463734e+01
2.690731e-01 -4.460402e+00 -5.417622e+01
2.691731e-01 -4.030670e+00 -5.369127e+01
2.692731e-01 -3.469750e+00 -5.318360e+01
2.693731e-01 -2.861688e+00 -5.265479e+01
2.694731e-01 -2.261364e+00 -5.210694e+01
2.695730e-01 -1.662272e+00 -5.154264e+01
2.696730e-01 -1.032216e+00 -5.096495e+01
2.697730e-01 -4.157276e-01 -5.037731e+01
2.698730e-01 2.387856e-01 -4.978346e+01
2.699730e-01 8.402055e-01 -4.918735e+01
2.700730e-01 1.441783e+00 -4.859300e+01
2.701730e-01 2.049489e+00 -4.800435e+01
2.702730e-01 2.707439e+00 -4.742520e+01
2.703730e-01 3.285439e+00 -4.685906e+01
2.704730e-01 3.906175e+00 -4.630905e+01
2.705729e-01 4.494555e+00 -4.577785e+01
2.706729e-01 5.097913e+00 -4.526769e+01
2.707729e-01 5.735383e+00 -4.478028e+01
2.708729e-01 6.198519e+00 -4.431686e+01
2.709729e-01 6.747806e+00 -4.387823e+01
2.710729e-01 7.291865e+00 -4.346477e+01
2.711729e-01 7.682469e+00 -4.307653e+01
2.712729e-01 8.220322e+00 -4.271326e+01
2.713729e-01 8.577226e+00 -4.237449e+01
2.714729e-01 8.905880e+00 -4.205956e+01
2.715728e-01 9.342541e+00 -4.176773e+01
2.716728e-01 9.739268e+00 -4.149815e+01
2.717728e-01 9.943549e+00 -4.124997e+01
2.718728e-01 1.019602e+01 -4.102234e+01
2.719728e-01 1.052124e+01 -4.081445e+01
2.720728e-01 1.062753e+01 -4.062552e+01
2.721728e-01 1.079245e+01 -4.045486e+01
2.722728e-01 1.088496e+01 -4.030187e+01
2.723728e-01 1.095438e+01 -4.016603e+01
2.724728e-01 1.093156e+01 -4.004691e+01
2.725727e-01 1.093850e+01 -3.994418e+01
2.726727e-01 1.084868e+01 -3.985760e+01
2.727727e-01 1.088197e+01 -3.978702e+01
2.728727e-01 1.062328e+01 -3.973238e+01
2.729727e-01 1.061707e+01 -3.969369e+01
2.730727e-01 1.037046e+01 -3.967099e+01
2.731727e-01 1.007417e+01 -3.966442e+01
2.732727e-01 9.920872e+00 -3.967410e+01
2.733727e-01 9.419274e+00 -3.970019e+01
2.734727e-01 9.112722e+00 -3.974281e+01
2.735726e-01 8.796326e+00 -3.980205e+01
2.736726e-01 8.368476e+00 -3.987792e+01
2.737726e-01 7.984034e+00 -3.997034e+01
2.738726e-01 7.462201e+00 -4.007909e+01
2.739726e-01 7.042499e+00 -4.020377e+01
2.740726e-01 6.500278e+00 -4.034379e+01
2.741726e-01 5.994048e+00 -4.049835e+01
2.742726e-01 5.500987e+00 -4.066639e+01
2.743726e-01 4.812014e+00 -4.084660e+01
2.744726e-01 4.251698e+00 -4.103742e+01
2.745725e-01 3.617641e+00 -4.123704e+01
2.746725e-01 2.972857e+00 -4.144341e+01
2.747725e-01 2.334062e+00 -4.165428e+01
2.748725e-01 1.821884e+00 -4.186727e+01
2.749725e-01 1.128709e+00 -4.207987e+01
2.750725e-01 5.976121e-01 -4.228952e+01
2.751725e-01 -9.991790e-02 -4.249368e+01
2.752725e-01 -6.604656e-01 -4.268988e+01
2.753725e-01 -1.400293e+00 -4.287573e+01
2.754725e-01 -1.864082e+00 -4.304905e+01
2.755724e-01 -2.476905e+00 -4.320781e+01
2.756724e-01 -3.119287e+00 -4.335023e+01
2.757724e-01 -3.583840e+00 -4.347473e+01
2.758724e-01 -4.123790e+00 -4.357999e+01
2.759724e-01 -4.695762e+00 -4.366490e+01
2.760724e-01 -5.198119e+00 -4.372853e+01
2.761724e-01 -5.753050e+00 -4.377017e+01
2.762724e-01 -6.197379e+00 -4.378922e+01
2.763724e-01 -6.615958e+00 -4.378526e+01
2.764724e-01 -6.983771e+00 -4.375790e+01
2.765723e-01 -7.414815e+00 -4.370687e+01
2.766723e-01 -7.641249e+00 -4.363191e+01
2.767723e-01 -8.051789e+00 -4.353278e+01
2.768723e-01 -8.239272e+00 -4.340925e+01
2.769723e-01 -8.451736e+00 -4.326106e+01
2.770723e-01 -8.685319e+00 -4.308790e+01
2.771723e-01 -8.766038e+00 -4.288945e+01
2.772723e-01 -8.959050e+00 -4.266533e+01
2.773723e-01 -9.082453e+00 -4.241512e+01
2.774723e-01 -9.053242e+00 -4.213834e+01
2.775722e-01 -8.931616e+00 -4.183449e+01
2.776722e-01 -8.933045e+00 -4.150305e+01
2.777722e-01 -8.926671e+00 -4.114346e+01
2.778722e-01 -8.785399e+00 -4.075520e+01
2.779722e-01 -8.548275e+00 -4.033774e+01
2.780722e-01 -8.333462e+00 -3.989063e+01
2.781722e-01 -8.031380e+00 -3.941348e+01
2.782722e-01 -7.869384e+00 -3.890599e+01
2.783722e-01 -7.615313e+00 -3.836800e+01
2.784722e-01 -7.205194e+00 -3.779952e+01
2.785721e-01 -6.841512e+00 -3.720073e+01
2.786721e-01 -6.374085e+00 -3.657204e+01
2.787721e-01 -6.038253e+00 -3.591411e+01
2.788721e-01 -5.520621e+00 -3.522783e+01
2.789721e-01 -5.123424e+00 -3.451443e+01
2.790721e-01 -4.467729e+00 -3.377537e+01
2.791721e-01 -3.978326e+00 -3.301245e+01
2.792721e-01 -3.428486e+00 -3.222774e+01
2.793721e-01 -2.771825e+00 -3.142356e+01
2.794721e-01 -2.301569e+00 -3.060251e+01
2.795720e-01 -1.792282e+00 -2.976739e+01
2.796720e-01 -1.100320e+00 -2.892117e+01
2.797720e-01 -4.201305e-01 -2.806695e+01
2.798720e-01 1.114044e-01 -2.720791e+01
2.799720e-01 8.162398e-01 -2.634726e+01
2.800720e-01 1.503556e+00 -2.548817e+01
2.801720e-01 2.082202e+00 -2.463375e+01
2.802720e-01 2.638193e+00 -2.378700e+01
2.803720e-01 3.393561e+00 -2.295076e+01
2.804720e-01 3.934855e+00 -2.212768e+01
2.805719e-01 4.428663e+00 -2.132020e+01
2.806719e-01 5.023377e+00 -2.053057e+01
2.807719e-01 5.651022e+00 -1.976076e+01
2.808719e-01 6.230531e+00 -1.901255e+01
2.809719e-01 6.699586e+00 -1.828747e+01
2.810719e-01 7.279421e+00 -1.758685e+01
2.811719e-01 7.644785e+00 -1.691180e+01
2.812719e-01 8.142712e+00 -1.626325e+01
2.813719e-01 8.610252e+00 -1.564196e+01
2.814719e-01 8.895718e+00 -1.504855e+01
2.815718e-01 9.317118e+00 -1.448347e+01
2.816718e-01 9.562296e+00 -1.394709e+01
2.817718e-01 9.898036e+00 -1.343966e+01
2.818718e-01 1.021482e+01 -1.296136e+01
2.819718e-01 1.041426e+01 -1.251228e+01
2.820718e-01 1.065557e+01 -1.209249e+01
2.821718e-01 1.070967e+01 -1.170197e+01
2.822718e-01 1.088637e+01 -1.134069e+01
2.823718e-01 1.099000e+01 -1.100858e+01
2.824718e-01 1.095227e+01 -1.070554e+01
2.825717e-01 1.104346e+01 -1.043147e+01
2.826717e-01 1.095773e+01 -1.018621e+01
2.827717e-01 1.087454e+01 -9.969599e+00
2.828717e-01 1.072766e+01 -9.781443e+00
2.829717e-01 1.059945e+01 -9.621511e+00
2.830717e-01 1.036440e+01 -9.489531e+00
2.831717e-01 1.010320e+01 -9.385180e+00
2.832717e-01 9.790160e+00 -9.308072e+00
2.833717e-01 9.547082e+00 -9.257746e+00
2.834717e-01 9.228693e+00 -9.233653e+00
2.835716e-01 8.832474e+00 -9.235142e+00
2.836716e-01 8.365428e+00 -9.261449e+00
2.837716e-01 7.941989e+00 -9.311681e+00
2.838716e-01 7.479987e+00 -9.384809e+00
2.839716e-01 7.047569e+00 -9.479655e+00
2.840716e-01 6.525248e+00 -9.594892e+00
2.841716e-01 5.941029e+00 -9.729035e+00
2.842716e-01 5.392425e+00 -9.880449e+00
2.843716e-01 4.767858e+00 -1.004735e+01
2.844716e-01 4.162294e+00 -1.022782e+01
2.845715e-01 3.643924e+00 -1.041983e+01
2.846715e-01 2.981216e+00 -1.062122e+01
2.847715e-01 2.401424e+00 -1.082979e+01
2.848715e-01 1.861383e+00 -1.104325e+01
2.849715e-01 1.131458e+00 -1.125932e+01
2.850715e-01 5.516687e-01 -1.147569e+01
2.851715e-01 -1.703692e-01 -1.169009e+01
2.852715e-01 -6.975409e-01 -1.190029e+01
2.853715e-01 -1.332131e+00 -1.210416e+01
2.854715e-01 -1.944137e+00 -1.229962e+01
2.855714e-01 -2.584640e+00 -1.248473e+01
2.856714e-01 -3.102038e+00 -1.265764e+01
2.857714e-01 -3.692983e+00 -1.281663e+01
2.858714e-01 -4.268984e+00 -1.296008e+01
2.859714e-01 -4.805200e+00 -1.308651e+01
2.860714e-01 -5.255572e+00 -1.319452e+01
2.861714e-01 -5.736087e+00 -1.328279e+01
2.862714e-01 -6.176436e+00 -1.335011e+01
2.863714e-01 -6.570571e+00 -1.339532e+01
2.864714e-01 -7.076364e+00 -1.341729e+01
2.865713e-01 -7.260548e+00 -1.341494e+01
2.866713e-01 -7.761043e+00 -1.338723e+01
2.867713e-01 -8.001639e+00 -1.333309e+01
2.868713e-01 -8.314079e+00 -1.325148e+01
2.869713e-01 -8.534334e+00 -1.314137e+01
2.870713e-01 -8.732245e+00 -1.300172e+01
2.871713e-01 -8.789123e+00 -1.283149e+01
2.872713e-01 -9.016645e+00 -1.262971e+01
2.873713e-01 -8.977884e+00 -1.239540e+01
2.874713e-01 -9.018431e+00 -1.212769e+01
2.875712e-01 -9.010462e+00 -1.182580e+01
2.876712e-01 -8.831942e+00 -1.148907e+01
2.877712e-01 -8.883803e+00 -1.111701e+01
2.878712e-01 -8.777118e+00 -1.070936e+01
2.879712e-01 -8.662740e+00 -1.026607e+01
2.880712e-01 -8.391880e+00 -9.787377e+00
2.881712e-01 -8.105419e+00 -9.273804e+00
2.882712e-01 -7.908623e+00 -8.726177e+00
2.883712e-01 -7.554625e+00 -8.145625e+00
2.884712e-01 -7.249431e+00 -7.533566e+00
2.885711e-01 -6.926478e+00 -6.891676e+00
2.886711e-01 -6.298858e+00 -6.221854e+00
2.887711e-01 -6.040903e+00 -5.526165e+00
2.888711e-01 -5.582262e+00 -4.806787e+00
2.889711e-01 -5.097098e+00 -4.065953e+00
2.890711e-01 -4.535240e+00 -3.305896e+00
2.891711e-01 -4.044338e+00 -2.528804e+00
2.892711e-01 -3.444861e+00 -1.736790e+00
2.893711e-01 -2.761768e+00 -9.318699e-01
2.894711e-01 -2.248737e+00 -1.159711e-01
2.895710e-01 -1.691626e+00 7.090581e-01
2.896710e-01 -1.118143e+00 1.541416e+00
2.897710e-01 -4.080906e-01 2.379307e+00
2.898710e-01 1.791032e-01 3.220902e+00
2.899710e-01 8.482989e-01 4.064290e+00
2.900710e-01 1.359962e+00 4.907442e+00
2.901710e-01 2.008899e+00 5.748187e+00
2.902710e-01 2.731307e+00 6.584195e+00
2.903710e-01 3.211903e+00 7.412980e+00
2.904710e-01 3.890723e+00 8.231919e+00
2.905709e-01 4.472441e+00 9.038287e+00
2.906709e-01 4.975416e+00 9.829298e+00
2.907709e-01 5.583239e+00 1.060216e+01
2.908709e-01 6.203259e+00 1.135415e+01
2.909709e-01 6.674538e+00 1.208262e+01
2.910709e-01 7.245180e+00 1.278513e+01
2.911709e-01 7.738380e+00 1.345941e+01
2.912709e-01 8.138766e+00 1.410346e+01
2.913709e-01 8.574378e+00 1.471551e+01
2.914709e-01 8.979757e+00 1.529410e+01
2.915708e-01 9.312710e+00 1.583801e+01
2.916708e-01 9.585616e+00 1.634629e+01
2.917708e-01 9.977982e+00 1.681820e+01
2.918708e-01 1.010432e+01 1.725322e+01
2.919708e-01 1.035584e+01 1.765101e+01
2.920708e-01 1.055082e+01 1.801134e+01
2.921708e-01 1.079917e+01 1.833412e+01
2.922708e-01 1.084809e+01 1.861931e+01
2.923708e-01 1.089711e+01 1.886693e+01
2.924708e-01 1.094131e+01 1.907705e+01
2.925707e-01 1.097794e+01 1.924972e+01
2.926707e-01 1.083887e+01 1.938505e+01
2.927707e-01 1.081350e+01 1.948313e+01
2.928707e-01 1.073055e+01 1.954407e+01
2.929707e-01 1.056011e+01 1.956803e+01
2.930707e-01 1.038869e+01 1.955521e+01
2.931707e-01 1.014913e+01 1.950588e+01
2.932707e-01 9.769149e+00 1.942044e+01
2.933707e-01 9.607037e+00 1.929940e+01
2.934707e-01 9.127705e+00 1.914342e+01
2.935706e-01 8.785017e+00 1.895338e+01
2.936706e-01 8.382779e+00 1.873036e+01
2.937706e-01 7.984560e+00 1.847566e+01
2.938706e-01 7.508936e+00 1.819083e+01
2.939706e-01 6.991629e+00 1.787767e+01
2.940706e-01 6.406678e+00 1.753821e+01
2.941706e-01 5.951231e+00 1.717469e+01
2.942706e-01 5.472042e+00 1.678954e+01
2.943706e-01 4.843240e+00 1.638534e+01
2.944706e-01 4.215934e+00 1.596482e+01
2.945705e-01 3.699959e+00 1.553076e+01
2.946705e-01 3.029381e+00 1.508597e+01
2.947705e-01 2.312929e+00 1.463330e+01
2.948705e-01 1.807294e+00 1.417554e+01
2.949705e-01 1.174918e+00 1.371543e+01
2.950705e-01 4.453174e-01 1.325567e+01
2.951705e-01 -1.353770e-01 1.279884e+01
2.952705e-01 -7.046697e-01 1.234746e+01
2.953705e-01 -1.436472e+00 1.190393e+01
2.954705e-01 -2.011816e+00 1.147059e+01
2.955704e-01 -2.597471e+00 1.104967e+01
2.956704e-01 -3.063243e+00 1.064334e+01
2.957704e-01 -3.693239e+00 1.025363e+01
2.958704e-01 -4.225272e+00 9.882526e+00
2.959704e-01 -4.756352e+00 9.531882e+00
2.960704e-01 -5.251942e+00 9.203459e+00
2.961704e-01 -5.740818e+00 8.898904e+00
2.962704e-01 -6.280961e+00 8.619747e+00
2.963704e-01 -6.696486e+00 8.367402e+00
2.964704e-01 -6.940193e+00 8.143162e+00
2.965703e-01 -7.437454e+00 7.948205e+00
2.966703e-01 -7.699088e+00 7.783605e+00
2.967703e-01 -7.968195e+00 7.650335e+00
2.968703e-01 -8.304366e+00 7.549288e+00
2.969703e-01 -8.488948e+00 7.481285e+00
2.970703e-01 -8.637635e+00 7.447093e+00
2.971703e-01 -8.840696e+00 7.447440e+00
2.972703e-01 -9.081396e+00 7.483020e+00
2.973703e-01 -9.117081e+00 7.554506e+00
2.974703e-01 -9.015093e+00 7.662550e+00
2.975702e-01 -9.106239e+00 7.807777e+00
2.976702e-01 -8.957057e+00 7.990771e+00
2.977702e-01 -8.929656e+00 8.212059e+00
2.978702e-01 -8.820308e+00 8.472083e+00
2.979702e-01 -8.564198e+00 8.771162e+00
2.980702e-01 -8.383017e+00 9.109452e+00
2.981702e-01 -8.153839e+00 9.486907e+00
2.982702e-01 -7.877501e+00 9.903227e+00
2.983702e-01 -7.606576e+00 1.035782e+01
2.984702e-01 -7.205438e+00 1.084975e+01
2.985701e-01 -6.886592e+00 1.137774e+01
2.986701e-01 -6.456705e+00 1.194015e+01
2.987701e-01 -5.956021e+00 1.253494e+01
2.988701e-01 -5.548628e+00 1.315977e+01
2.989701e-01 -5.022459e+00 1.381198e+01
2.990701e-01 -4.615205e+00 1.448867e+01
2.991701e-01 -4.063255e+00 1.518680e+01
2.992701e-01 -3.456172e+00 1.590323e+01
2.993701e-01 -2.851369e+00 1.663483e+01
2.994701e-01 -2.332716e+00 1.737855e+01
2.995700e-01 -1.779140e+00 1.813149e+01
2.996700e-01 -1.111360e+00 1.889093e+01
2.997700e-01 -4.221844e-01 1.965438e+01
2.998700e-01 1.690351e-01 2.041957e+01
2.999700e-01 7.894690e-01 2.118443e+01
3.000700e-01 1.421557e+00 2.194707e+01
3.001700e-01 1.976300e+00 2.270570e+01
3.002700e-01 2.614532e+00 2.345863e+01
3.003700e-01 3.244415e+00 2.420417e+01
3.004700e-01 3.856928e+00 2.494057e+01
3.005699e-01 4.481753e+00 2.566604e+01
3.006699e-01 5.045466e+00 2.637867e+01
3.007699e-01 5.667896e+00 2.707646e+01
3.008699e-01 6.121464e+00 2.775727e+01
3.009699e-01 6.662303e+00 2.841891e+01
3.010699e-01 7.185424e+00 2.905912e+01
3.011699e-01 7.644996e+00 2.967565e+01
3.012699e-01 8.133497e+00 3.026626e+01
3.013699e-01 8.575605e+00 3.082881e+01
3.014699e-01 8.915780e+00 3.136128e+01
3.015698e-01 9.329890e+00 3.186179e+01
3.016698e-01 9.640376e+00 3.232869e+01
3.017698e-01 9.908118e+00 3.276051e+01
3.018698e-01 1.014067e+01 3.315602e+01
3.019698e-01 1.038349e+01 3.351418e+01
3.020698e-01 1.051390e+01 3.383423e+01
3.021698e-01 1.070629e+01 3.411557e+01
3.022698e-01 1.083594e+01 3.435784e+01
3.023698e-01 1.098526e+01 3.456083e+01
3.024698e-01 1.092746e+01 3.472454e+01
3.025697e-01 1.093419e+01 3.484909e+01
3.026697e-01 1.085747e+01 3.493475e+01
3.027697e-01 1.079172e+01 3.498194e+01
3.028697e-01 1.075830e+01 3.499117e+01
3.029697e-01 1.047063e+01 3.496306e+01
3.030697e-01 1.022772e+01 3.489834e+01
3.031697e-01 1.007099e+01 3.479783e+01
3.032697e-01 9.802166e+00 3.466244e+01
3.033697e-01 9.394670e+00 3.449320e+01
3.034697e-01 9.165018e+00 3.429120e+01
3.035696e-01 8.844303e+00 3.405764e+01
3.036696e-01 8.404626e+00 3.379382e+01
3.037696e-01 7.978327e+00 3.350115e+01
3.038696e-01 7.425730e+00 3.318113e+01
3.039696e-01 7.016001e+00 3.283539e+01
3.040696e-01 6.467726e+00 3.246566e+01
3.041696e-01 5.923535e+00 3.207379e+01
3.042696e-01 5.371759e+00 3.166175e+01
3.043696e-01 4.795981e+00 3.123163e+01
3.044696e-01 4.133580e+00 3.078564e+01
3.045695e-01 3.536765e+00 3.032609e+01
3.046695e-01 2.898429e+00 2.985540e+01
3.047695e-01 2.426444e+00 2.937610e+01
3.048695e-01 1.810858e+00 2.889077e+01
3.049695e-01 1.130188e+00 2.840209e+01
3.050695e-01 5.095534e-01 2.791279e+01
3.051695e-01 -1.943041e-01 2.742561e+01
3.052695e-01 -7.067289e-01 2.694331e+01
3.053695e-01 -1.351197e+00 2.646867e+01
3.054695e-01 -1.970816e+00 2.600439e+01
3.055694e-01 -2.576981e+00 2.555314e+01
3.056694e-01 -3.087320e+00 2.511752e+01
3.057694e-01 -3.786580e+00 2.470002e+01
3.058694e-01 -4.296052e+00 2.430301e+01
3.059694e-01 -4.764880e+00 2.392874e+01
3.060694e-01 -5.323620e+00 2.357931e+01
3.061694e-01 -5.710539e+00 2.325667e+01
3.062694e-01 -6.299192e+00 2.296259e+01
3.063694e-01 -6.654074e+00 2.269868e+01
3.064694e-01 -7.020157e+00 2.246640e+01
3.065693e-01 -7.361129e+00 2.226700e+01
3.066693e-01 -7.680129e+00 2.210161e+01
3.067693e-01 -7.998233e+00 2.197117e+01
3.068693e-01 -8.289844e+00 2.187648e+01
3.069693e-01 -8.447955e+00 2.181821e+01
3.070693e-01 -8.792572e+00 2.179687e+01
3.071693e-01 -8.842158e+00 2.181289e+01
3.072693e-01 -9.011636e+00 2.186656e+01
3.073693e-01 -9.016615e+00 2.195811e+01
3.074693e-01 -9.090799e+00 2.208765e+01
3.075692e-01 -9.035935e+00 2.225524e+01
3.076692e-01 -8.944550e+00 2.246086e+01
3.077692e-01 -8.924173e+00 2.270445e+01
3.078692e-01 -8.717349e+00 2.298586e+01
3.079692e-01 -8.609738e+00 2.330492e+01
3.080692e-01 -8.343688e+00 2.366136e+01
3.081692e-01 -8.134212e+00 2.405487e+01
3.082692e-01 -7.877926e+00 2.448505e+01
3.083692e-01 -7.583094e+00 2.495141e+01
3.084692e-01 -7.330706e+00 2.545336e+01
3.085691e-01 -7.004929e+00 2.599017e+01
3.086691e-01 -6.441436e+00 2.656097e+01
3.087691e-01 -6.066721e+00 2.716472e+01
3.088691e-01 -5.524914e+00 2.780018e+01
3.089691e-01 -5.121170e+00 2.846591e+01
3.090691e-01 -4.595129e+00 2.916025e+01
3.091691e-01 -3.985234e+00 2.988130e+01
3.092691e-01 -3.569776e+00 3.062693e+01
3.093691e-01 -2.954650e+00 3.139475e+01
3.094691e-01 -2.466121e+00 3.218219e+01
3.095690e-01 -1.715404e+00 3.298645e+01
3.096690e-01 -1.143542e+00 3.380457e+01
3.097690e-01 -5.496688e-01 3.463345e+01
3.098690e-01 1.561726e-01 3.546991e+01
3.099690e-01 6.636596e-01 3.631069e+01
3.100690e-01 1.286607e+00 3.715258e+01
3.101690e-01 1.906085e+00 3.799238e+01
3.102690e-01 2.601842e+00 3.882701e+01
3.103690e-01 3.183120e+00 3.965349e+01
3.104690e-01 3.895076e+00 4.046903e+01
3.105689e-01 4.436429e+00 4.127104e+01
3.106689e-01 5.091359e+00 4.205712e+01
3.107689e-01 5.549710e+00 4.282508e+01
3.108689e-01 6.153168e+00 4.357298e+01
3.109689e-01 6.742641e+00 4.429908e+01
3.110689e-01 7.204568e+00 4.500183e+01
3.111689e-01 7.660010e+00 4.567990e+01
3.112689e-01 8.070547e+00 4.633211e+01
3.113689e-01 8.498527e+00 4.695743e+01
3.114689e-01 8.943165e+00 4.755498e+01
3.115688e-01 9.311846e+00 4.812396e+01
3.116688e-01 9.569754e+00 4.866367e+01
3.117688e-01 9.878991e+00 4.917350e+01
3.118688e-01 1.021755e+01 4.965284e+01
3.119688e-01 1.029950e+01 5.010117e+01
3.120688e-01 1.054033e+01 5.051794e+01
3.121688e-01 1.061348e+01 5.090266e+01
3.122688e-01 1.080778e+01 5.125481e+01
3.123688e-01 1.089792e+01 5.157389e+01
3.124688e-01 1.090542e+01 5.185938e+01
3.125687e-01 1.094121e+01 5.211079e+01
3.126687e-01 1.096717e+01 5.232762e+01
3.127687e-01 1.084405e+01 5.250943e+01
3.128687e-01 1.072288e+01 5.265578e+01
3.129687e-01 1.041710e+01 5.276633e+01
3.130687e-01 1.031852e+01 5.284084e+01
3.131687e-01 9.978205e+00 5.287916e+01
3.132687e-01 9.795109e+00 5.288135e+01
3.133687e-01 9.437716e+00 5.284762e+01
3.134687e-01 9.024824e+00 5.277845e+01
3.135686e-01 8.741564e+00 5.267459e+01
3.136686e-01 8.339358e+00 5.253706e+01
3.137686e-01 7.875537e+00 5.236726e+01
3.138686e-01 7.405117e+00 5.216687e+01
3.139686e-01 6.922443e+00 5.193798e+01
3.140686e-01 6.396166e+00 5.168296e+01
3.141686e-01 5.927886e+00 5.140453e+01
3.142686e-01 5.405747e+00 5.110565e+01
3.143686e-01 4.694067e+00 5.078953e+01
3.144686e-01 4.194257e+00 5.045952e+01
3.145685e-01 3.595312e+00 5.011907e+01
3.146685e-01 2.934467e+00 4.977163e+01
3.147685e-01 2.309268e+00 4.942062e+01
3.148685e-01 1.750570e+00 4.906933e+01
3.149685e-01 1.120484e+00 4.872089e+01
3.150685e-01 4.571654e-01 4.837823e+01
3.151685e-01 -1.791542e-01 4.804403e+01
3.152685e-01 -6.827159e-01 4.772074e+01
3.153685e-01 -1.421337e+00 4.741055e+01
3.154685e-01 -2.093240e+00 4.711543e+01
3.155684e-01 -2.586102e+00 4.683716e+01
3.156684e-01 -3.133192e+00 4.657732e+01
3.157684e-01 -3.679660e+00 4.633738e+01
3.158684e-01 -4.182389e+00 4.611868e+01
3.159684e-01 -4.714365e+00 4.592252e+01
3.160684e-01 -5.249132e+00 4.575015e+01
3.161684e-01 -5.816478e+00 4.560281e+01
3.162684e-01 -6.229498e+00 4.548175e+01
3.163684e-01 -6.618706e+00 4.538826e+01
3.164684e-01 -7.033656e+00 4.532365e+01
3.165683e-01 -7.408292e+00 4.528924e+01
3.166683e-01 -7.690769e+00 4.528642e+01
3.167683e-01 -7.975143e+00 4.531653e+01
3.168683e-01 -8.365595e+00 4.538095e+01
3.169683e-01 -8.566020e+00 4.548100e+01
3.170683e-01 -8.742678e+00 4.561794e+01
3.171683e-01 -8.883958e+00 4.579294e+01
3.172683e-01 -9.053106e+00 4.600706e+01
3.173683e-01 -9.097246e+00 4.626120e+01
3.174683e-01 -9.096039e+00 4.655606e+01
3.175682e-01 -9.009640e+00 4.689214e+01
3.176682e-01 -9.088202e+00 4.726972e+01
3.177682e-01 -9.021492e+00 4.768881e+01
3.178682e-01 -8.797336e+00 4.814915e+01
3.179682e-01 -8.715201e+00 4.865023e+01
3.180682e-01 -8.470508e+00 4.919127e+01
3.181682e-01 -8.268283e+00 4.977124e+01
3.182682e-01 -7.945155e+00 5.038888e+01
3.183682e-01 -7.538106e+00 5.104273e+01
3.184682e-01 -7.335867e+00 5.173115e+01
3.185681e-01 -6.953217e+00 5.245238e+01
3.186681e-01 -6.579562e+00 5.320454e+01
3.187681e-01 -6.136036e+00 5.398568e+01
3.188681e-01 -5.700148e+00 5.479382e+01
3.189681e-01 -5.126786e+00 5.562693e+01
3.190681e-01 -4.553166e+00 5.648303e+01
3.191681e-01 -4.004832e+00 5.736010e+01
3.192681e-01 -3.579502e+00 5.825614e+01
3.193681e-01 -2.961118e+00 5.916916e+01
3.194681e-01 -2.334430e+00 6.009718e+01
3.195680e-01 -1.807702e+00 6.103816e+01
3.196680e-01 -1.146738e+00 6.199005e+01
3.197680e-01 -5.789672e-01 6.295074e+01
3.198680e-01 7.302142e-02 6.391807e+01
3.199680e-01 7.115710e-01 6.488977e+01
3.200680e-01 1.346818e+00 6.586350e+01
3.201680e-01 1.974172e+00 6.683683e+01
3.202680e-01 2.576116e+00 6.780726e+01
3.203680e-01 3.178790e+00 6.877220e+01
3.204680e-01 3.775098e+00 6.972904e+01
3.205679e-01 4.437507e+00 7.067511e+01
3.206679e-01 5.013729e+00 7.160776e+01
3.207679e-01 5.607030e+00 7.252438e+01
3.208679e-01 6.099334e+00 7.342241e+01
3.209679e-01 6.659622e+00 7.429940e+01
3.210679e-01 7.123590e+00 7.515301e+01
3.211679e-01 7.547212e+00 7.598106e+01
3.212679e-01 8.087111e+00 7.678154e+01
3.213679e-01 8.490336e+00 7.755263e+01
3.214679e-01 8.833457e+00 7.829269e+01
3.215678e-01 9.266614e+00 7.900027e+01
3.216678e-01 9.541953e+00 7.967413e+01
3.217678e-01 9.830923e+00 8.031321e+01
3.218678e-01 1.012540e+01 8.091661e+01
3.219678e-01 1.025717e+01 8.148359e+01
3.220678e-01 1.054825e+01 8.201358e+01
3.221678e-01 1.068946e+01 8.250610e+01
3.222678e-01 1.079709e+01 8.296081e+01
3.223678e-01 1.089176e+01 8.337746e+01
3.224678e-01 1.086537e+01 8.375588e+01
3.225677e-01 1.082947e+01 8.409599e+01
3.226677e-01 1.092201e+01 8.439778e+01
3.227677e-01 1.074659e+01 8.466132e+01
3.228677e-01 1.060152e+01 8.488673e+01
3.229677e-01 1.047008e+01 8.507425e+01
3.230677e-01 1.031446e+01 8.522419e+01
3.231677e-01 1.001461e+01 8.533695e+01
3.232677e-01 9.730355e+00 8.541309e+01
3.233677e-01 9.407118e+00 8.545327e+01
3.234677e-01 9.075007e+00 8.545834e+01
3.235676e-01 8.798949e+00 8.542930e+01
3.236676e-01 8.360838e+00 8.536735e+01
3.237676e-01 7.938633e+00 8.527387e+01
3.238676e-01 7.428549e+00 8.515049e+01
3.239676e-01 6.896992e+00 8.499901e+01
3.240676e-01 6.464995e+00 8.482144e+01
3.241676e-01 5.929095e+00 8.462001e+01
3.242676e-01 5.297220e+00 8.439708e+01
3.243676e-01 4.804517e+00 8.415521e+01
3.244676e-01 4.240103e+00 8.389703e+01
3.245675e-01 3.688508e+00 8.362529e+01
3.246675e-01 2.955090e+00 8.334280e+01
3.247675e-01 2.299800e+00 8.305236e+01
3.248675e-01 1.726704e+00 8.275677e+01
3.249675e-01 1.084411e+00 8.245880e+01
3.250675e-01 4.269987e-01 8.216113e+01
3.251675e-01 -1.415403e-01 8.186635e+01
3.252675e-01 -6.993949e-01 8.157696e+01
3.253675e-01 -1.362908e+00 8.129534e+01
3.254675e-01 -1.981565e+00 8.102378e+01
3.255674e-01 -2.673520e+00 8.076443e+01
3.256674e-01 -3.153882e+00 8.051935e+01
3.257674e-01 -3.793438e+00 8.029049e+01
3.258674e-01 -4.348974e+00 8.007973e+01
3.259674e-01 -4.751448e+00 7.988887e+01
3.260674e-01 -5.304020e+00 7.971961e+01
3.261674e-01 -5.718479e+00 7.957362e+01
3.262674e-01 -6.208435e+00 7.945249e+01
3.263674e-01 -6.628384e+00 7.935777e+01
3.264674e-01 -7.162643e+00 7.929093e+01
3.265673e-01 -7.492708e+00 7.925341e+01
3.266673e-01 -7.783819e+00 7.924656e+01
3.267673e-01 -8.085396e+00 7.927166e+01
3.268673e-01 -8.388417e+00 7.932993e+01
3.269673e-01 -8.576138e+00 7.942247e+01
3.270673e-01 -8.801480e+00 7.955032e+01
3.271673e-01 -8.947249e+00 7.971436e+01
3.272673e-01 -8.946175e+00 7.991539e+01
3.273673e-01 -9.062892e+00 8.015404e+01
3.274673e-01 -9.234575e+00 8.043083e+01
3.275672e-01 -9.150234e+00 8.074609e+01
3.276672e-01 -9.112993e+00 8.110001e+01
3.277672e-01 -8.924925e+00 8.149258e+01
3.278672e-01 -8.927171e+00 8.192364e+01
3.279672e-01 -8.733061e+00 8.239281e+01
3.280672e-01 -8.429967e+00 8.289953e+01
3.281672e-01 -8.249130e+00 8.344308e+01
3.282672e-01 -7.927264e+00 8.402249e+01
3.283672e-01 -7.659964e+00 8.463665e+01
3.284672e-01 -7.319242e+00 8.528424e+01
3.285671e-01 -6.961570e+00 8.596378e+01
3.286671e-01 -6.487078e+00 8.667364e+01
3.287671e-01 -6.078726e+00 8.741201e+01
3.288671e-01 -5.722312e+00 8.817698e+01
3.289671e-01 -5.186787e+00 8.896651e+01
3.290671e-01 -4.587622e+00 8.977847e+01
3.291671e-01 -4.144634e+00 9.061065e+01
3.292671e-01 -3.549175e+00 9.146081e+01
3.293671e-01 -2.962120e+00 9.232664e+01
3.294671e-01 -2.354499e+00 9.320582e+01
3.295670e-01 -1.771121e+00 9.409602e+01
3.296670e-01 -1.111123e+00 9.499493e+01
3.297670e-01 -5.696445e-01 9.590022e+01
3.298670e-01 -7.762052e-02 9.680958e+01
3.299670e-01 6.236443e-01 9.772073e+01
3.300670e-01 1.322387e+00 9.863138e+01
3.301670e-01 1.918759e+00 9.953926e+01
3.302670e-01 2.632583e+00 1.004421e+02
3.303670e-01 3.197709e+00 1.013376e+02
3.304670e-01 3.800054e+00 1.022235e+02
3.305669e-01 4.343777e+00 1.030975e+02
3.306669e-01 4.939547e+00 1.039573e+02
3.307669e-01 5.476080e+00 1.048006e+02
3.308669e-01 6.071141e+00 1.056251e+02
3.309669e-01 6.635856e+00 1.064286e+02
3.310669e-01 7.055672e+00 1.072087e+02
3.311669e-01 7.534547e+00 1.079634e+02
3.312669e-01 8.034734e+00 1.086904e+02
3.313669e-01 8.436329e+00 1.093877e+02
3.314669e-01 8.783728e+00 1.100535e+02
3.315668e-01 9.167843e+00 1.106857e+02
3.316668e-01 9.582071e+00 1.112829e+02
3.317668e-01 9.782605e+00 1.118434e+02
3.318668e-01 1.006202e+01 1.123659e+02
3.319668e-01 1.035672e+01 1.128494e+02
3.320668e-01 1.044069e+01 1.132929e+02
3.321668e-01 1.073425e+01 1.136956e+02
3.322668e-01 1.072363e+01 1.140573e+02
3.323668e-01 1.084650e+01 1.143775e+02
3.324668e-01 1.079872e+01 1.146562e+02
3.325667e-01 1.085792e+01 1.148938e+02
3.326667e-01 1.085408e+01 1.150905e+02
3.327667e-01 1.066024e+01 1.152470e+02
3.328667e-01 1.058016e+01 1.153640e+02
3.329667e-01 1.042955e+01 1.154424e+02
3.330667e-01 1.024409e+01 1.154833e+02
3.331667e-01 9.994742e+00 1.154877e+02
3.332667e-01 9.631967e+00 1.154569e+02
3.333667e-01 9.412543e+00 1.153921e+02
3.334667e-01 9.071850e+00 1.152945e+02
3.335666e-01 8.729235e+00 1.151656e+02
3.336666e-01 8.298417e+00 1.150065e+02
3.337666e-01 7.875625e+00 1.148186e+02
3.338666e-01 7.403149e+00 1.146032e+02
3.339666e-01 6.838198e+00 1.143614e+02
3.340666e-01 6.400825e+00 1.140947e+02
3.341666e-01 5.909617e+00 1.138043e+02
3.342666e-01 5.299647e+00 1.134915e+02
3.343666e-01 4.779257e+00 1.131575e+02
3.344666e-01 4.220080e+00 1.128040e+02
3.345665e-01 3.422456e+00 1.124323e+02
3.346665e-01 3.037241e+00 1.120441e+02
3.347665e-01 2.343050e+00 1.116413e+02
3.348665e-01 1.695964e+00 1.112257e+02
3.349665e-01 1.026294e+00 1.107997e+02
3.350665e-01 4.121212e-01 1.103655e+02
3.351665e-01 -1.443885e-01 1.099259e+02
3.352665e-01 -8.151587e-01 1.094836e+02
3.353665e-01 -1.387305e+00 1.090417e+02
3.354665e-01 -2.001706e+00 1.086032e+02
3.355664e-01 -2.620355e+00 1.081715e+02
3.356664e-01 -3.176070e+00 1.077497e+02
3.357664e-01 -3.829487e+00 1.073411e+02
3.358664e-01 -4.277216e+00 1.069488e+02
3.359664e-01 -4.876600e+00 1.065759e+02
3.360664e-01 -5.400175e+00 1.062249e+02
3.361664e-01 -5.878420e+00 1.058986e+02
3.362664e-01 -6.299731e+00 1.055989e+02
3.363664e-01 -6.731717e+00 1.053278e+02
3.364664e-01 -7.071292e+00 1.050869e+02
3.365663e-01 -7.480308e+00 1.048772e+02
3.366663e-01 -7.763031e+00 1.046997e+02
3.367663e-01 -8.138855e+00 1.045551e+02
3.368663e-01 -8.455768e+00 1.044436e+02
3.369663e-01 -8.611020e+00 1.043655e+02
3.370663e-01 -8.834598e+00 1.043208e+02
3.371663e-01 -8.837686e+00 1.043091e+02
3.372663e-01 -9.039884e+00 1.043304e+02
3.373663e-01 -9.116101e+00 1.043842e+02
3.374663e-01 -9.216215e+00 1.044702e+02
3.375662e-01 -9.082531e+00 1.045880e+02
3.376662e-01 -9.012529e+00 1.047371e+02
3.377662e-01 -8.995730e+00 1.049171e+02
3.378662e-01 -8.880378e+00 1.051276e+02
3.379662e-01 -8.692630e+00 1.053682e+02
3.380662e-01 -8.561352e+00 1.056385e+02
3.381662e-01 -8.262484e+00 1.059383e+02
3.382662e-01 -7.943100e+00 1.062670e+02
3.383662e-01 -7.665196e+00 1.066243e+02
3.384662e-01 -7.382194e+00 1.070097e+02
3.385661e-01 -6.969085e+00 1.074228e+02
3.386661e-01 -6.626192e+00 1.078630e+02
3.387661e-01 -6.232838e+00 1.083297e+02
3.388661e-01 -5.682894e+00 1.088219e+02
3.389661e-01 -5.243415e+00 1.093387e+02
3.390661e-01 -4.639747e+00 1.098790e+02
3.391661e-01 -4.224185e+00 1.104415e+02
3.392661e-01 -3.668401e+00 1.110245e+02
3.393661e-01 -2.960435e+00 1.116261e+02
3.394661e-01 -2.477841e+00 1.122444e+02
3.395660e-01 -1.761430e+00 1.128769e+02
3.396660e-01 -1.115438e+00 1.135211e+02
3.397660e-01 -5.709216e-01 1.141742e+02
3.398660e-01 -8.006629e-04 1.148334e+02
3.399660e-01 5.774861e-01 1.154953e+02
3.400660e-01 1.182873e+00 1.161570e+02
3.401660e-01 1.926835e+00 1.168152e+02
3.402660e-01 2.545237e+00 1.174666e+02
3.403660e-01 3.105777e+00 1.181083e+02
3.404660e-01 3.727065e+00 1.187371e+02
3.405659e-01 4.349329e+00 1.193503e+02
3.406659e-01 4.915078e+00 1.199453e+02
3.407659e-01 5.471504e+00 1.205196e+02
3.408659e-01 6.125697e+00 1.210713e+02
3.409659e-01 6.591735e+00 1.215983e+02
3.410659e-01 7.001976e+00 1.220990e+02
3.411659e-01 7.573017e+00 1.225721e+02
3.412659e-01 7.911379e+00 1.230162e+02
3.413659e-01 8.447734e+00 1.234305e+02
3.414659e-01 8.688099e+00 1.238140e+02
3.415658e-01 9.158581e+00 1.241660e+02
3.416658e-01 9.382344e+00 1.244859e+02
3.417658e-01 9.790539e+00 1.247731e+02
3.418658e-01 1.011576e+01 1.250272e+02
3.419658e-01 1.029048e+01 1.252477e+02
3.420658e-01 1.038203e+01 1.254343e+02
3.421658e-01 1.064993e+01 1.255865e+02
3.422658e-01 1.064858e+01 1.257040e+02
3.423658e-01 1.088058e+01 1.257865e+02
3.424658e-01 1.083099e+01 1.258335e+02
3.425657e-01 1.091690e+01 1.258449e+02
3.426657e-01 1.073884e+01 1.258202e+02
3.427657e-01 1.066934e+01 1.257594e+02
3.428657e-01 1.058812e+01 1.256623e+02
3.429657e-01 1.041644e+01 1.255288e+02
3.430657e-01 1.025389e+01 1.253589e+02
3.431657e-01 9.942886e+00 1.251529e+02
3.432657e-01 9.716770e+00 1.249110e+02
3.433657e-01 9.363612e+00 1.246339e+02
3.434657e-01 9.107861e+00 1.243222e+02
3.435656e-01 8.658501e+00 1.239769e+02
3.436656e-01 8.315016e+00 1.235990e+02
3.437656e-01 7.815344e+00 1.231900e+02
3.438656e-01 7.305968e+00 1.227515e+02
3.439656e-01 6.805518e+00 1.222852e+02
3.440656e-01 6.336126e+00 1.217931e+02
3.441656e-01 5.835210e+00 1.212775e+02
3.442656e-01 5.295509e+00 1.207407e+02
3.443656e-01 4.723205e+00 1.201852e+02
3.444656e-01 4.119273e+00 1.196135e+02
3.445655e-01 3.544729e+00 1.190283e+02
3.446655e-01 2.935498e+00 1.184324e+02
3.447655e-01 2.266122e+00 1.178284e+02
3.448655e-01 1.680908e+00 1.172190e+02
3.449655e-01 1.055003e+00 1.166069e+02
3.450655e-01 4.594947e-01 1.159948e+02
3.451655e-01 -2.459530e-01 1.153853e+02
3.452655e-01 -8.005403e-01 1.147807e+02
3.453655e-01 -1.491001e+00 1.141837e+02
3.454655e-01 -2.128852e+00 1.135964e+02
3.455654e-01 -2.718073e+00 1.130212e+02
3.456654e-01 -3.136721e+00 1.124603e+02
3.457654e-01 -3.770374e+00 1.119157e+02
3.458654e-01 -4.374888e+00 1.113895e+02
3.459654e-01 -4.852423e+00 1.108836e+02
3.460654e-01 -5.409456e+00 1.103999e+02
3.461654e-01 -5.865159e+00 1.099399e+02
3.462654e-01 -6.387981e+00 1.095055e+02
3.463654e-01 -6.671709e+00 1.090981e+02
3.464654e-01 -7.171401e+00 1.087192e+02
3.465653e-01 -7.481225e+00 1.083700e+02
3.466653e-01 -7.840903e+00 1.080517e+02
3.467653e-01 -8.191470e+00 1.077655e+02
3.468653e-01 -8.352948e+00 1.075124e+02
3.469653e-01 -8.575304e+00 1.072932e+02
3.470653e-01 -8.855122e+00 1.071086e+02
3.471653e-01 -8.859237e+00 1.069594e+02
3.472653e-01 -9.126156e+00 1.068461e+02
3.473653e-01 -9.149874e+00 1.067690e+02
3.474653e-01 -9.203942e+00 1.067285e+02
3.475652e-01 -9.205125e+00 1.067248e+02
3.476652e-01 -9.172849e+00 1.067581e+02
3.477652e-01 -9.014914e+00 1.068282e+02
3.478652e-01 -8.872041e+00 1.069351e+02
3.479652e-01 -8.735150e+00 1.070784e+02
3.480652e-01 -8.566244e+00 1.072577e+02
3.481652e-01 -8.391484e+00 1.074726e+02
3.482652e-01 -8.071792e+00 1.077223e+02
3.483652e-01 -7.789714e+00 1.080060e+02
3.484652e-01 -7.369283e+00 1.083226e+02
3.485651e-01 -7.003542e+00 1.086710e+02
3.486651e-01 -6.632752e+00 1.090499e+02
3.487651e-01 -6.219735e+00 1.094578e+02
3.488651e-01 -5.819704e+00 1.098929e+02
3.489651e-01 -5.194945e+00 1.103536e+02
3.490651e-01 -4.671197e+00 1.108378e+02
3.491651e-01 -4.182808e+00 1.113434e+02
3.492651e-01 -3.629713e+00 1.118683e+02
3.493651e-01 -3.008082e+00 1.124100e+02
3.494651e-01 -2.486358e+00 1.129662e+02
3.495650e-01 -1.904168e+00 1.135344e+02
3.496650e-01 -1.315370e+00 1.141122e+02
3.497650e-01 -5.883550e-01 1.146969e+02
3.498650e-01 -2.226330e-03 1.152860e+02
3.499650e-01 5.824399e-01 1.158770e+02
3.500650e-01 1.250998e+00 1.164674e+02
3.501650e-01 1.781909e+00 1.170547e+02
3.502650e-01 2.476291e+00 1.176366e+02
3.503650e-01 3.134332e+00 1.182106e+02
3.504650e-01 3.850601e+00 1.187745e+02
3.505649e-01 4.314679e+00 1.193260e+02
3.506649e-01 4.901516e+00 1.198630e+02
3.507649e-01 5.412017e+00 1.203832e+02
3.508649e-01 5.950513e+00 1.208847e+02
3.509649e-01 6.561252e+00 1.213653e+02
3.510649e-01 6.963483e+00 1.218232e+02
3.511649e-01 7.424140e+00 1.222563e+02
3.512649e-01 7.943454e+00 1.226628e+02
3.513649e-01 8.341491e+00 1.230410e+02
3.514649e-01 8.798201e+00 1.233889e+02
3.515648e-01 9.074759e+00 1.237051e+02
3.516648e-01 9.307139e+00 1.239880e+02
3.517648e-01 9.790050e+00 1.242360e+02
3.518648e-01 1.000672e+01 1.244479e+02
3.519648e-01 1.026963e+01 1.246226e+02
3.520648e-01 1.052359e+01 1.247590e+02
3.521648e-01 1.055768e+01 1.248563e+02
3.522648e-01 1.066766e+01 1.249138e+02
3.523648e-01 1.084509e+01 1.249312e+02
3.524648e-01 1.083695e+01 1.249080e+02
3.525647e-01 1.081943e+01 1.248443e+02
3.526647e-01 1.078740e+01 1.247401e+02
3.527647e-01 1.058639e+01 1.245957e+02
3.528647e-01 1.053354e+01 1.244116e+02
3.529647e-01 1.034399e+01 1.241885e+02
3.530647e-01 1.021060e+01 1.239270e+02
3.531647e-01 9.928846e+00 1.236281e+02
3.532647e-01 9.654900e+00 1.232928e+02
3.533647e-01 9.311420e+00 1.229224e+02
3.534647e-01 8.963622e+00 1.225179e+02
3.535646e-01 8.606166e+00 1.220810e+02
3.536646e-01 8.229725e+00 1.216129e+02
3.537646e-01 7.898775e+00 1.211154e+02
3.538646e-01 7.249160e+00 1.205901e+02
3.539646e-01 6.813643e+00 1.200387e+02
3.540646e-01 6.260355e+00 1.194631e+02
3.541646e-01 5.782214e+00 1.188653e+02
3.542646e-01 5.277135e+00 1.182474e+02
3.543646e-01 4.620853e+00 1.176114e+02
3.544646e-01 3.989553e+00 1.169596e+02
3.545645e-01 3.560283e+00 1.162942e+02
3.546645e-01 2.875898e+00 1.156176e+02
3.547645e-01 2.220506e+00 1.149321e+02
3.548645e-01 1.671155e+00 1.142402e+02
3.549645e-01 1.127089e+00 1.135442e+02
3.550645e-01 3.228122e-01 1.128467e+02
3.551645e-01 -1.517969e-01 1.121502e+02
3.552645e-01 -8.475502e-01 1.114571e+02
3.553645e-01 -1.487673e+00 1.107699e+02
3.554645e-01 -2.010279e+00 1.100911e+02
3.555644e-01 -2.708580e+00 1.094231e+02
3.556644e-01 -3.224616e+00 1.087683e+02
3.557644e-01 -3.817309e+00 1.081293e+02
3.558644e-01 -4.455271e+00 1.075083e+02
3.559644e-01 -4.901782e+00 1.069076e+02
3.560644e-01 -5.457978e+00 1.063295e+02
3.561644e-01 -5.893344e+00 1.057761e+02
3.562644e-01 -6.239447e+00 1.052495e+02
3.563644e-01 -6.738361e+00 1.047514e+02
3.564644e-01 -7.137764e+00 1.042837e+02
3.565643e-01 -7.568125e+00 1.038480e+02
3.566643e-01 -7.856873e+00 1.034456e+02
3.567643e-01 -8.061147e+00 1.030778e+02
3.568643e-01 -8.465070e+00 1.027456e+02
3.569643e-01 -8.603864e+00 1.024500e+02
3.570643e-01 -8.802268e+00 1.021915e+02
3.571643e-01 -9.043739e+00 1.019707e+02
3.572643e-01 -9.153019e+00 1.017880e+02
3.573643e-01 -9.154045e+00 1.016435e+02
3.574643e-01 -9.236525e+00 1.015372e+02
3.575642e-01 -9.203602e+00 1.014691e+02
3.576642e-01 -9.155613e+00 1.014390e+02
3.577642e-01 -9.074193e+00 1.014466e+02
3.578642e-01 -8.921252e+00 1.014914e+02
3.579642e-01 -8.748215e+00 1.015728e+02
3.580642e-01 -8.505267e+00 1.016903e+02
3.581642e-01 -8.446174e+00 1.018430e+02
3.582642e-01 -8.150890e+00 1.020303e+02
3.583642e-01 -7.779149e+00 1.022511e+02
3.584642e-01 -7.510458e+00 1.025043e+02
3.585641e-01 -7.069474e+00 1.027890e+02
3.586641e-01 -6.589346e+00 1.031038e+02
3.587641e-01 -6.343791e+00 1.034475e+02
3.588641e-01 -5.770130e+00 1.038186e+02
3.589641e-01 -5.259628e+00 1.042156e+02
3.590641e-01 -4.740547e+00 1.046371e+02
3.591641e-01 -4.197965e+00 1.050814e+02
3.592641e-01 -3.678740e+00 1.055468e+02
3.593641e-01 -3.006697e+00 1.060316e+02
3.594641e-01 -2.498085e+00 1.065340e+02
3.595640e-01 -1.930369e+00 1.070523e+02
3.596640e-01 -1.331610e+00 1.075846e+02
3.597640e-01 -7.056501e-01 1.081289e+02
3.598640e-01 -8.912911e-02 1.086833e+02
3.599640e-01 5.022732e-01 1.092458e+02
3.600640e-01 1.092161e+00 1.098143e+02
3.601640e-01 1.741361e+00 1.103865e+02
3.602640e-01 2.370657e+00 1.109600e+02
3.603640e-01 2.948451e+00 1.115325e+02
3.604640e-01 3.609191e+00 1.121012e+02
3.605639e-01 4.222752e+00 1.126636e+02
3.606639e-01 4.870854e+00 1.132169e+02
3.607639e-01 5.434111e+00 1.137583e+02
3.608639e-01 5.991783e+00 1.142849e+02
3.609639e-01 6.473537e+00 1.147941e+02
3.610639e-01 6.984579e+00 1.152833e+02
3.611639e-01 7.458536e+00 1.157499e+02
3.612639e-01 7.958921e+00 1.161919e+02
3.613639e-01 8.404125e+00 1.166073e+02
3.614639e-01 8.693023e+00 1.169945e+02
3.615638e-01 8.926362e+00 1.173523e+02
3.616638e-01 9.416851e+00 1.176795e+02
3.617638e-01 9.770259e+00 1.179757e+02
3.618638e-01 1.002600e+01 1.182403e+02
3.619638e-01 1.015516e+01 1.184733e+02
3.620638e-01 1.039369e+01 1.186748e+02
3.621638e-01 1.052917e+01 1.188450e+02
3.622638e-01 1.061522e+01 1.189844e+02
3.623638e-01 1.073785e+01 1.190933e+02
3.624638e-01 1.071311e+01 1.191723e+02
3.625637e-01 1.065625e+01 1.192221e+02
3.626637e-01 1.075328e+01 1.192430e+02
3.627637e-01 1.053185e+01 1.192357e+02
3.628637e-01 1.054335e+01 1.192007e+02
3.629637e-01 1.039129e+01 1.191383e+02
3.630637e-01 1.014742e+01 1.190490e+02
3.631637e-01 9.875764e+00 1.189332e+02
3.632637e-01 9.643163e+00 1.187911e+02
3.633637e-01 9.232338e+00 1.186231e+02
3.634637e-01 8.983615e+00 1.184294e+02
3.635636e-01 8.596592e+00 1.182104e+02
3.636636e-01 8.285487e+00 1.179662e+02
3.637636e-01 7.697208e+00 1.176973e+02
3.638636e-01 7.318017e+00 1.174042e+02
3.639636e-01 6.812509e+00 1.170873e+02
3.640636e-01 6.352787e+00 1.167474e+02
3.641636e-01 5.762880e+00 1.163852e+02
3.642636e-01 5.098606e+00 1.160018e+02
3.643636e-01 4.651291e+00 1.155983e+02
3.644636e-01 3.993954e+00 1.151763e+02
3.645635e-01 3.466997e+00 1.147372e+02
3.646635e-01 2.861877e+00 1.142831e+02
3.647635e-01 2.221268e+00 1.138159e+02
3.648635e-01 1.575347e+00 1.133380e+02
3.649635e-01 9.588994e-01 1.128518e+02
3.650635e-01 3.895869e-01 1.123599e+02
3.651635e-01 -2.620064e-01 1.118649e+02
3.652635e-01 -8.873461e-01 1.113697e+02
3.653635e-01 -1.507485e+00 1.108770e+02
3.654635e-01 -2.091636e+00 1.103894e+02
3.655634e-01 -2.585561e+00 1.099095e+02
3.656634e-01 -3.305422e+00 1.094397e+02
3.657634e-01 -3.911175e+00 1.089823e+02
3.658634e-01 -4.357168e+00 1.085393e+02
3.659634e-01 -5.083004e+00 1.081123e+02
3.660634e-01 -5.435051e+00 1.077029e+02
3.661634e-01 -5.918212e+00 1.073123e+02
3.662634e-01 -6.362991e+00 1.069414e+02
3.663634e-01 -6.835370e+00 1.065910e+02
3.664634e-01 -7.128312e+00 1.062615e+02
3.665633e-01 -7.530214e+00 1.059532e+02
3.666633e-01 -7.950395e+00 1.056663e+02
3.667633e-01 -8.238134e+00 1.054006e+02
3.668633e-01 -8.407371e+00 1.051560e+02
3.669633e-01 -8.646090e+00 1.049323e+02
3.670633e-01 -8.952249e+00 1.047291e+02
3.671633e-01 -9.066732e+00 1.045461e+02
3.672633e-01 -9.155795e+00 1.043830e+02
3.673633e-01 -9.175178e+00 1.042393e+02
3.674633e-01 -9.210767e+00 1.041146e+02
3.675632e-01 -9.200253e+00 1.040088e+02
3.676632e-01 -9.242901e+00 1.039214e+02
3.677632e-01 -9.196495e+00 1.038523e+02
3.678632e-01 -9.023792e+00 1.038013e+02
3.679632e-01 -8.769912e+00 1.037682e+02
3.680632e-01 -8.595524e+00 1.037529e+02
3.681632e-01 -8.487392e+00 1.037553e+02
3.682632e-01 -8.150062e+00 1.037755e+02
3.683632e-01 -7.828850e+00 1.038134e+02
3.684632e-01 -7.494858e+00 1.038690e+02
3.685631e-01 -7.071231e+00 1.039423e+02
3.686631e-01 -6.666624e+00 1.040333e+02
3.687631e-01 -6.285170e+00 1.041418e+02
3.688631e-01 -5.889566e+00 1.042677e+02
3.689631e-01 -5.388676e+00 1.044107e+02
3.690631e-01 -4.869869e+00 1.045703e+02
3.691631e-01 -4.364216e+00 1.047460e+02
3.692631e-01 -3.775616e+00 1.049369e+02
3.693631e-01 -3.145443e+00 1.051423e+02
3.694631e-01 -2.639195e+00 1.053609e+02
3.695630e-01 -1.978892e+00 1.055915e+02
3.696630e-01 -1.339290e+00 1.058324e+02
3.697630e-01 -7.450786e-01 1.060821e+02
3.698630e-01 -4.838948e-02 1.063387e+02
3.699630e-01 4.184049e-01 1.066002e+02
3.700630e-01 1.054044e+00 1.068646e+02
3.701630e-01 1.758883e+00 1.071298e+02
3.702630e-01 2.379654e+00 1.073938e+02
3.703630e-01 2.998750e+00 1.076545e+02
3.704630e-01 3.634700e+00 1.079101e+02
3.705629e-01 4.074939e+00 1.081587e+02
3.706629e-01 4.822093e+00 1.083988e+02
3.707629e-01 5.292773e+00 1.086290e+02
3.708629e-01 5.872691e+00 1.088480e+02
3.709629e-01 6.426137e+00 1.090549e+02
3.710629e-01 6.909480e+00 1.092488e+02
3.711629e-01 7.435972e+00 1.094292e+02
3.712629e-01 7.861464e+00 1.095956e+02
3.713629e-01 8.307117e+00 1.097477e+02
3.714629e-01 8.619705e+00 1.098855e+02
3.715628e-01 8.986269e+00 1.100088e+02
3.716628e-01 9.406473e+00 1.101178e+02
3.717628e-01 9.716293e+00 1.102125e+02
3.718628e-01 9.992191e+00 1.102930e+02
3.719628e-01 1.016102e+01 1.103596e+02
3.720628e-01 1.043441e+01 1.104124e+02
3.721628e-01 1.042758e+01 1.104513e+02
3.722628e-01 1.067266e+01 1.104767e+02
3.723628e-01 1.075124e+01 1.104883e+02
3.724628e-01 1.068883e+01 1.104862e+02
3.725627e-01 1.065074e+01 1.104704e+02
3.726627e-01 1.054238e+01 1.104404e+02
3.727627e-01 1.059351e+01 1.103962e+02
3.728627e-01 1.047079e+01 1.103374e+02
3.729627e-01 1.026104e+01 1.102636e+02
3.730627e-01 1.007643e+01 1.101744e+02
3.731627e-01 9.884999e+00 1.100692e+02
3.732627e-01 9.607794e+00 1.099476e+02
3.733627e-01 9.216115e+00 1.098091e+02
3.734627e-01 8.986078e+00 1.096532e+02
3.735626e-01 8.533194e+00 1.094796e+02
3.736626e-01 8.144354e+00 1.092879e+02
3.737626e-01 7.706610e+00 1.090780e+02
3.738626e-01 7.284597e+00 1.088498e+02
3.739626e-01 6.781103e+00 1.086036e+02
3.740626e-01 6.297720e+00 1.083398e+02
3.741626e-01 5.729634e+00 1.080591e+02
3.742626e-01 5.155886e+00 1.077626e+02
3.743626e-01 4.566863e+00 1.074515e+02
3.744626e-01 4.122423e+00 1.071277e+02
3.745625e-01 3.410769e+00 1.067929e+02
3.746625e-01 2.673567e+00 1.064494e+02
3.747625e-01 2.273124e+00 1.060997e+02
3.748625e-01 1.516930e+00 1.057464e+02
3.749625e-01 9.007428e-01 1.053923e+02
3.750625e-01 3.935025e-01 1.050402e+02
3.751625e-01 -3.156073e-01 1.046929e+02
3.752625e-01 -9.436838e-01 1.043532e+02
3.753625e-01 -1.477444e+00 1.040234e+02
3.754625e-01 -2.187972e+00 1.037061e+02
3.755624e-01 -2.680791e+00 1.034032e+02
3.756624e-01 -3.347994e+00 1.031166e+02
3.757624e-01 -3.825859e+00 1.028477e+02
3.758624e-01 -4.385797e+00 1.025978e+02
3.759624e-01 -5.017327e+00 1.023677e+02
3.760624e-01 -5.421452e+00 1.021581e+02
3.761624e-01 -6.015862e+00 1.019694e+02
3.762624e-01 -6.492258e+00 1.018019e+02
3.763624e-01 -6.854842e+00 1.016554e+02
3.764624e-01 -7.287998e+00 1.015301e+02
3.765623e-01 -7.674178e+00 1.014256e+02
3.766623e-01 -7.961863e+00 1.013418e+02
3.767623e-01 -8.186635e+00 1.012784e+02
3.768623e-01 -8.443055e+00 1.012351e+02
3.769623e-01 -8.771429e+00 1.012116e+02
3.770623e-01 -8.921727e+00 1.012078e+02
3.771623e-01 -9.117033e+00 1.012234e+02
3.772623e-01 -9.170890e+00 1.012584e+02
3.773623e-01 -9.232437e+00 1.013126e+02
3.774623e-01 -9.350286e+00 1.013862e+02
3.775622e-01 -9.244890e+00 1.014792e+02
3.776622e-01 -9.311823e+00 1.015917e+02
3.777622e-01 -9.183729e+00 1.017239e+02
3.778622e-01 -9.017863e+00 1.018760e+02
3.779622e-01 -8.792331e+00 1.020483e+02
3.780622e-01 -8.676691e+00 1.022410e+02
3.781622e-01 -8.474434e+00 1.024543e+02
3.782622e-01 -8.196591e+00 1.026885e+02
3.783622e-01 -7.953691e+00 1.029437e+02
3.784622e-01 -7.571275e+00 1.032199e+02
3.785621e-01 -7.094961e+00 1.035172e+02
3.786621e-01 -6.745546e+00 1.038352e+02
3.787621e-01 -6.336073e+00 1.041738e+02
3.788621e-01 -5.827153e+00 1.045323e+02
3.789621e-01 -5.289260e+00 1.049100e+02
3.790621e-01 -4.868446e+00 1.053059e+02
3.791621e-01 -4.326633e+00 1.057190e+02
3.792621e-01 -3.781335e+00 1.061477e+02
3.793621e-01 -3.262756e+00 1.065903e+02
3.794621e-01 -2.613354e+00 1.070451e+02
3.795620e-01 -1.977895e+00 1.075098e+02
3.796620e-01 -1.381084e+00 1.079823e+02
3.797620e-01 -8.257540e-01 1.084601e+02
3.798620e-01 -3.014717e-01 1.089407e+02
3.799620e-01 3.776180e-01 1.094214e+02
3.800620e-01 1.071034e+00 1.098996e+02
3.801620e-01 1.665433e+00 1.103728e+02
3.802620e-01 2.332498e+00 1.108385e+02
3.803620e-01 2.948924e+00 1.112941e+02
3.804620e-01 3.508423e+00 1.117375e+02
3.805619e-01 4.206767e+00 1.121665e+02
3.806619e-01 4.715383e+00 1.125792e+02
3.807619e-01 5.240561e+00 1.129739e+02
3.808619e-01 5.881250e+00 1.133491e+02
3.809619e-01 6.304769e+00 1.137035e+02
3.810619e-01 6.818597e+00 1.140359e+02
3.811619e-01 7.324040e+00 1.143454e+02
3.812619e-01 7.726165e+00 1.146313e+02
3.813619e-01 8.196249e+00 1.148929e+02
3.814619e-01 8.559146e+00 1.151296e+02
3.815618e-01 8.930017e+00 1.153410e+02
3.816618e-01 9.239245e+00 1.155268e+02
3.817618e-01 9.658829e+00 1.156866e+02
3.818618e-01 9.929869e+00 1.158202e+02
3.819618e-01 1.018422e+01 1.159271e+02
3.820618e-01 1.031371e+01 1.160071e+02
3.821618e-01 1.044584e+01 1.160599e+02
3.822618e-01 1.058962e+01 1.160850e+02
3.823618e-01 1.065636e+01 1.160821e+02
3.824618e-01 1.071153e+01 1.160508e+02
3.825617e-01 1.069555e+01 1.159906e+02
3.826617e-01 1.061765e+01 1.159009e+02
3.827617e-01 1.049654e+01 1.157815e+02
3.828617e-01 1.039988e+01 1.156317e+02
3.829617e-01 1.019774e+01 1.154513e+02
3.830617e-01 1.003018e+01 1.152400e+02
3.831617e-01 9.852401e+00 1.149975e+02
3.832617e-01 9.626470e+00 1.147239e+02
3.833617e-01 9.231752e+00 1.144192e+02
3.834617e-01 8.856226e+00 1.140839e+02
3.835616e-01 8.451779e+00 1.137185e+02
3.836616e-01 8.132310e+00 1.133240e+02
3.837616e-01 7.628625e+00 1.129014e+02
3.838616e-01 7.326458e+00 1.124522e+02
3.839616e-01 6.741304e+00 1.119781e+02
3.840616e-01 6.275196e+00 1.114809e+02
3.841616e-01 5.691495e+00 1.109630e+02
3.842616e-01 5.224930e+00 1.104265e+02
3.843616e-01 4.563521e+00 1.098742e+02
3.844616e-01 3.994762e+00 1.093085e+02
3.845615e-01 3.506534e+00 1.087321e+02
3.846615e-01 2.712391e+00 1.081478e+02
3.847615e-01 2.097109e+00 1.075582e+02
3.848615e-01 1.520404e+00 1.069659e+02
3.849615e-01 9.266571e-01 1.063737e+02
3.850615e-01 1.883969e-01 1.057838e+02
3.851615e-01 -3.864053e-01 1.051988e+02
3.852615e-01 -1.023863e+00 1.046210e+02
3.853615e-01 -1.520339e+00 1.040527e+02
3.854615e-01 -2.234217e+00 1.034960e+02
3.855614e-01 -2.840397e+00 1.029531e+02
3.856614e-01 -3.327747e+00 1.024260e+02
3.857614e-01 -3.853217e+00 1.019167e+02
3.858614e-01 -4.350052e+00 1.014271e+02
3.859614e-01 -5.000067e+00 1.009592e+02
3.860614e-01 -5.545672e+00 1.005146e+02
3.861614e-01 -6.057395e+00 1.000949e+02
3.862614e-01 -6.459969e+00 9.970185e+01
3.863614e-01 -6.865158e+00 9.933670e+01
3.864614e-01 -7.228003e+00 9.900077e+01
3.865613e-01 -7.651158e+00 9.869521e+01
3.866613e-01 -7.977771e+00 9.842099e+01
3.867613e-01 -8.326385e+00 9.817896e+01
3.868613e-01 -8.534222e+00 9.796982e+01
3.869613e-01 -8.785417e+00 9.779415e+01
3.870613e-01 -8.892936e+00 9.765239e+01
3.871613e-01 -9.112066e+00 9.754488e+01
3.872613e-01 -9.236345e+00 9.747186e+01
3.873613e-01 -9.341989e+00 9.743346e+01
3.874613e-01 -9.344240e+00 9.742978e+01
3.875612e-01 -9.380395e+00 9.746080e+01
3.876612e-01 -9.410933e+00 9.752649e+01
3.877612e-01 -9.337020e+00 9.762674e+01
3.878612e-01 -9.102615e+00 9.776136e+01
3.879612e-01 -8.911874e+00 9.793015e+01
3.880612e-01 -8.691305e+00 9.813281e+01
3.881612e-01 -8.505904e+00 9.836897e+01
3.882612e-01 -8.244094e+00 9.863818e+01
3.883612e-01 -7.899166e+00 9.893988e+01
3.884612e-01 -7.590677e+00 9.927340e+01
3.885611e-01 -7.135719e+00 9.963792e+01
3.886611e-01 -6.703145e+00 1.000325e+02
3.887611e-01 -6.345216e+00 1.004560e+02
3.888611e-01 -5.995687e+00 1.009071e+02
3.889611e-01 -5.499686e+00 1.013844e+02
3.890611e-01 -4.983246e+00 1.018862e+02
3.891611e-01 -4.328668e+00 1.024107e+02
3.892611e-01 -3.912464e+00 1.029557e+02
3.893611e-01 -3.217230e+00 1.035192e+02
3.894611e-01 -2.722685e+00 1.040987e+02
3.895610e-01 -2.103801e+00 1.046918e+02
3.896610e-01 -1.487273e+00 1.052959e+02
3.897610e-01 -8.441425e-01 1.059083e+02
3.898610e-01 -2.788075e-01 1.065262e+02
3.899610e-01 4.176246e-01 1.071469e+02
3.900610e-01 1.042129e+00 1.077676e+02
3.901610e-01 1.642182e+00 1.083855e+02
3.902610e-01 2.254996e+00 1.089980e+02
3.903610e-01 2.935045e+00 1.096023e+02
3.904610e-01 3.545491e+00 1.101960e+02
3.905609e-01 4.063082e+00 1.107764e+02
3.906609e-01 4.667672e+00 1.113414e+02
3.907609e-01 5.271248e+00 1.118885e+02
3.908609e-01 5.861082e+00 1.124157e+02
3.909609e-01 6.316390e+00 1.129209e+02
3.910609e-01 6.709699e+00 1.134022e+02
3.911609e-01 7.391324e+00 1.138577e+02
3.912609e-01 7.713896e+00 1.142859e+02
3.913609e-01 8.115657e+00 1.146851e+02
3.914609e-01 8.645930e+00 1.150539e+02
3.915608e-01 9.010200e+00 1.153910e+02
3.916608e-01 9.217959e+00 1.156953e+02
3.917608e-01 9.558725e+00 1.159655e+02
3.918608e-01 9.790734e+00 1.162010e+02
3.919608e-01 9.998526e+00 1.164007e+02
3.920608e-01 1.022237e+01 1.165642e+02
3.921608e-01 1.036137e+01 1.166908e+02
3.922608e-01 1.053034e+01 1.167803e+02
3.923608e-01 1.058316e+01 1.168323e+02
3.924608e-01 1.062639e+01 1.168469e+02
3.925607e-01 1.070695e+01 1.168240e+02
3.926607e-01 1.068568e+01 1.167639e+02
3.927607e-01 1.051417e+01 1.166670e+02
3.928607e-01 1.044340e+01 1.165336e+02
3.929607e-01 1.011462e+01 1.163645e+02
3.930607e-01 1.004663e+01 1.161601e+02
3.931607e-01 9.769762e+00 1.159215e+02
3.932607e-01 9.478348e+00 1.156494e+02
3.933607e-01 9.205884e+00 1.153447e+02
3.934607e-01 8.956404e+00 1.150086e+02
3.935606e-01 8.382122e+00 1.146421e+02
3.936606e-01 8.131161e+00 1.142463e+02
3.937606e-01 7.651045e+00 1.138224e+02
3.938606e-01 7.203870e+00 1.133715e+02
3.939606e-01 6.641545e+00 1.128949e+02
3.940606e-01 6.131623e+00 1.123938e+02
3.941606e-01 5.669684e+00 1.118695e+02
3.942606e-01 5.172059e+00 1.113235e+02
3.943606e-01 4.585025e+00 1.107571e+02
3.944606e-01 3.974452e+00 1.101720e+02
3.945605e-01 3.428404e+00 1.095698e+02
3.946605e-01 2.817079e+00 1.089525e+02
3.947605e-01 2.135163e+00 1.083220e+02
3.948605e-01 1.563964e+00 1.076805e+02
3.949605e-01 8.600773e-01 1.070306e+02
3.950605e-01 1.653576e-01 1.063750e+02
3.951605e-01 -4.146532e-01 1.057165e+02
3.952605e-01 -1.041845e+00 1.050583e+02
3.953605e-01 -1.649733e+00 1.044036e+02
3.954605e-01 -2.216546e+00 1.037558e+02
3.955604e-01 -2.834493e+00 1.031184e+02
3.956604e-01 -3.381334e+00 1.024948e+02
3.957604e-01 -4.020105e+00 1.018886e+02
3.958604e-01 -4.509662e+00 1.013031e+02
3.959604e-01 -5.067935e+00 1.007413e+02
3.960604e-01 -5.531933e+00 1.002062e+02
3.961604e-01 -6.001519e+00 9.970053e+01
3.962604e-01 -6.502045e+00 9.922650e+01
3.963604e-01 -6.860564e+00 9.878615e+01
3.964604e-01 -7.446074e+00 9.838115e+01
3.965603e-01 -7.672745e+00 9.801284e+01
3.966603e-01 -8.027380e+00 9.768225e+01
3.967603e-01 -8.316117e+00 9.739013e+01
3.968603e-01 -8.518010e+00 9.713698e+01
3.969603e-01 -8.810045e+00 9.692307e+01
3.970603e-01 -9.007777e+00 9.674851e+01
3.971603e-01 -9.175098e+00 9.661324e+01
3.972603e-01 -9.260524e+00 9.651712e+01
3.973603e-01 -9.312505e+00 9.645990e+01
3.974603e-01 -9.354402e+00 9.644128e+01
3.975602e-01 -9.429816e+00 9.646091e+01
3.976602e-01 -9.363501e+00 9.651843e+01
3.977602e-01 -9.291974e+00 9.661344e+01
3.978602e-01 -9.168232e+00 9.674552e+01
3.979602e-01 -8.956314e+00 9.691421e+01
3.980602e-01 -8.729603e+00 9.711901e+01
3.981602e-01 -8.615768e+00 9.735938e+01
3.982602e-01 -8.268581e+00 9.763470e+01
3.983602e-01 -7.948719e+00 9.794427e+01
3.984602e-01 -7.678433e+00 9.828728e+01
3.985601e-01 -7.216738e+00 9.866279e+01
3.986601e-01 -6.856893e+00 9.906974e+01
3.987601e-01 -6.359190e+00 9.950692e+01
3.988601e-01 -6.031105e+00 9.997299e+01
3.989601e-01 -5.468076e+00 1.004664e+02
3.990601e-01 -5.022929e+00 1.009856e+02
3.991601e-01 -4.315649e+00 1.015286e+02
3.992601e-01 -3.844182e+00 1.020938e+02
3.993601e-01 -3.295216e+00 1.026789e+02
3.994601e-01 -2.770745e+00 1.032819e+02
3.995600e-01 -2.169863e+00 1.039007e+02
3.996600e-01 -1.525825e+00 1.045329e+02
3.997600e-01 -9.640794e-01 1.051765e+02
3.998600e-01 -2.636266e-01 1.058290e+02
3.999600e-01 4.005126e-01 1.064881e+02
4.000600e-01 1.005984e+00 1.071516e+02
4.001600e-01 1.593036e+00 1.078169e+02
4.002600e-01 2.239431e+00 1.084817e+02
4.003600e-01 2.826657e+00 1.091436e+02
4.004600e-01 3.391733e+00 1.098000e+02
4.005599e-01 3.952154e+00 1.104485e+02
4.006599e-01 4.612855e+00 1.110864e+02
4.007599e-01 5.170847e+00 1.117115e+02
4.008599e-01 5.686648e+00 1.123210e+02
4.009599e-01 6.230348e+00 1.129128e+02
4.010599e-01 6.755057e+00 1.134846e+02
4.011599e-01 7.186908e+00 1.140343e+02
4.012599e-01 7.714531e+00 1.145600e+02
4.013599e-01 8.143960e+00 1.150602e+02
4.014599e-01 8.540821e+00 1.155335e+02
4.015598e-01 8.850823e+00 1.159787e+02
4.016598e-01 9.294790e+00 1.163952e+02
4.017598e-01 9.525664e+00 1.167824e+02
4.018598e-01 9.712627e+00 1.171399e+02
4.019598e-01 9.946849e+00 1.174678e+02
4.020598e-01 1.019381e+01 1.177661e+02
4.021598e-01 1.028744e+01 1.180352e+02
4.022598e-01 1.050387e+01 1.182755e+02
4.023598e-01 1.053873e+01 1.184873e+02
4.024598e-01 1.053983e+01 1.186711e+02
4.025597e-01 1.058590e+01 1.188275e+02
4.026597e-01 1.061968e+01 1.189569e+02
4.027597e-01 1.039680e+01 1.190597e+02
4.028597e-01 1.031846e+01 1.191361e+02
4.029597e-01 1.012872e+01 1.191864e+02
4.030597e-01 9.973085e+00 1.192107e+02
4.031597e-01 9.783447e+00 1.192089e+02
4.032597e-01 9.534928e+00 1.191808e+02
4.033597e-01 9.173643e+00 1.191264e+02
4.034597e-01 8.799186e+00 1.190451e+02
4.035596e-01 8.389997e+00 1.189367e+02
4.036596e-01 7.993152e+00 1.188008e+02
4.037596e-01 7.484975e+00 1.186367e+02
4.038596e-01 7.225108e+00 1.184443e+02
4.039596e-01 6.527041e+00 1.182231e+02
4.040596e-01 6.206975e+00 1.179731e+02
4.041596e-01 5.653194e+00 1.176941e+02
4.042596e-01 5.109099e+00 1.173866e+02
4.043596e-01 4.468222e+00 1.170510e+02
4.044596e-01 3.931367e+00 1.166884e+02
4.045595e-01 3.300941e+00 1.163001e+02
4.046595e-01 2.767249e+00 1.158879e+02
4.047595e-01 2.179848e+00 1.154540e+02
4.048595e-01 1.389474e+00 1.150012e+02
4.049595e-01 8.148418e-01 1.145325e+02
4.050595e-01 1.490434e-01 1.140514e+02
4.051595e-01 -4.921226e-01 1.135615e+02
4.052595e-01 -1.033503e+00 1.130669e+02
4.053595e-01 -1.621990e+00 1.125715e+02
4.054595e-01 -2.326508e+00 1.120794e+02
4.055594e-01 -2.834217e+00 1.115943e+02
4.056594e-01 -3.407784e+00 1.111198e+02
4.057594e-01 -4.055782e+00 1.106593e+02
4.058594e-01 -4.649432e+00 1.102155e+02
4.059594e-01 -5.169813e+00 1.097909e+02
4.060594e-01 -5.577903e+00 1.093875e+02
4.061594e-01 -6.143325e+00 1.090065e+02
4.062594e-01 -6.593644e+00 1.086490e+02
4.063594e-01 -6.958402e+00 1.083154e+02
4.064594e-01 -7.442859e+00 1.080060e+02
4.065593e-01 -7.703405e+00 1.077203e+02
4.066593e-01 -8.105198e+00 1.074578e+02
4.067593e-01 -8.308220e+00 1.072177e+02
4.068593e-01 -8.717868e+00 1.069991e+02
4.069593e-01 -8.895487e+00 1.068009e+02
4.070593e-01 -9.049455e+00 1.066216e+02
4.071593e-01 -9.262244e+00 1.064603e+02
4.072593e-01 -9.293353e+00 1.063154e+02
4.073593e-01 -9.409480e+00 1.061857e+02
4.074593e-01 -9.397742e+00 1.060701e+02
4.075592e-01 -9.480299e+00 1.059672e+02
4.076592e-01 -9.333226e+00 1.058759e+02
4.077592e-01 -9.279239e+00 1.057952e+02
4.078592e-01 -9.158639e+00 1.057239e+02
4.079592e-01 -9.040786e+00 1.056612e+02
4.080592e-01 -8.830025e+00 1.056062e+02
4.081592e-01 -8.612077e+00 1.055581e+02
4.082592e-01 -8.259180e+00 1.055161e+02
4.083592e-01 -8.051578e+00 1.054796e+02
4.084592e-01 -7.616843e+00 1.054479e+02
4.085591e-01 -7.270490e+00 1.054206e+02
4.086591e-01 -6.826392e+00 1.053970e+02
4.087591e-01 -6.482621e+00 1.053768e+02
4.088591e-01 -6.020188e+00 1.053595e+02
4.089591e-01 -5.455857e+00 1.053447e+02
4.090591e-01 -5.011729e+00 1.053322e+02
4.091591e-01 -4.474491e+00 1.053216e+02
4.092591e-01 -3.941510e+00 1.053126e+02
4.093591e-01 -3.285877e+00 1.053050e+02
4.094591e-01 -2.783792e+00 1.052986e+02
4.095590e-01 -2.235917e+00 1.052931e+02
4.096590e-01 -1.496044e+00 1.052883e+02
4.097590e-01 -9.326204e-01 1.052841e+02
4.098590e-01 -2.681171e-01 1.052803e+02
4.099590e-01 3.416962e-01 1.052766e+02
4.100590e-01 8.839210e-01 1.052731e+02
4.101590e-01 1.497504e+00 1.052694e+02
4.102590e-01 2.208481e+00 1.052655e+02
4.103590e-01 2.818044e+00 1.052612e+02
4.104590e-01 3.368288e+00 1.052564e+02
4.105589e-01 3.994573e+00 1.052509e+02
4.106589e-01 4.501723e+00 1.052445e+02
4.107589e-01 5.088695e+00 1.052370e+02
4.108589e-01 5.599329e+00 1.052284e+02
4.109589e-01 6.238086e+00 1.052184e+02
4.110589e-01 6.740892e+00 1.052068e+02
4.111589e-01 7.212971e+00 1.051933e+02
4.112589e-01 7.593365e+00 1.051779e+02
4.113589e-01 8.049018e+00 1.051602e+02
4.114589e-01 8.421375e+00 1.051400e+02
4.115588e-01 8.875330e+00 1.051170e+02
4.116588e-01 9.108413e+00 1.050908e+02
4.117588e-01 9.509671e+00 1.050612e+02
4.118588e-01 9.727328e+00 1.050278e+02
4.119588e-01 9.965301e+00 1.049901e+02
4.120588e-01 1.013322e+01 1.049478e+02
4.121588e-01 1.024458e+01 1.049004e+02
4.122588e-01 1.023901e+01 1.048474e+02
4.123588e-01 1.057231e+01 1.047883e+02
4.124588e-01 1.048445e+01 1.047225e+02
4.125587e-01 1.054594e+01 1.046495e+02
4.126587e-01 1.048282e+01 1.045685e+02
4.127587e-01 1.032190e+01 1.044791e+02
4.128587e-01 1.028022e+01 1.043804e+02
4.129587e-01 1.007714e+01 1.042718e+02
4.130587e-01 9.928986e+00 1.041526e+02
4.131587e-01 9.663479e+00 1.040221e+02
4.132587e-01 9.409851e+00 1.038797e+02
4.133587e-01 9.163060e+00 1.037246e+02
4.134587e-01 8.720187e+00 1.035564e+02
4.135586e-01 8.419373e+00 1.033745e+02
4.136586e-01 8.021069e+00 1.031783e+02
4.137586e-01 7.524300e+00 1.029678e+02
4.138586e-01 7.091397e+00 1.027426e+02
4.139586e-01 6.657103e+00 1.025028e+02
4.140586e-01 6.080383e+00 1.022485e+02
4.141586e-01 5.512775e+00 1.019803e+02
4.142586e-01 4.980414e+00 1.016986e+02
4.143586e-01 4.431823e+00 1.014045e+02
4.144586e-01 3.813908e+00 1.010990e+02
4.145585e-01 3.194124e+00 1.007836e+02
4.146585e-01 2.564694e+00 1.004598e+02
4.147585e-01 1.963528e+00 1.001295e+02
4.148585e-01 1.360486e+00 9.979464e+01
4.149585e-01 7.566915e-01 9.945745e+01
4.150585e-01 1.566731e-01 9.912013e+01
4.151585e-01 -5.708189e-01 9.878497e+01
4.152585e-01 -1.205447e+00 9.845423e+01
4.153585e-01 -1.755643e+00 9.813013e+01
4.154585e-01 -2.385234e+00 9.781477e+01
4.155584e-01 -2.895532e+00 9.751009e+01
4.156584e-01 -3.490387e+00 9.721785e+01
4.157584e-01 -4.081364e+00 9.693957e+01
4.158584e-01 -4.765723e+00 9.667658e+01
4.159584e-01 -5.191605e+00 9.642993e+01
4.160584e-01 -5.653661e+00 9.620047e+01
4.161584e-01 -6.180306e+00 9.598880e+01
4.162584e-01 -6.572135e+00 9.579532e+01
4.163584e-01 -7.032949e+00 9.562024e+01
4.164584e-01 -7.423027e+00 9.546359e+01
4.165583e-01 -7.773147e+00 9.532527e+01
4.166583e-01 -8.145910e+00 9.520508e+01
4.167583e-01 -8.435102e+00 9.510269e+01
4.168583e-01 -8.706238e+00 9.501774e+01
4.169583e-01 -8.900033e+00 9.494979e+01
4.170583e-01 -9.109715e+00 9.489839e+01
4.171583e-01 -9.301039e+00 9.486306e+01
4.172583e-01 -9.517525e+00 9.484330e+01
4.173583e-01 -9.458704e+00 9.483863e+01
4.174583e-01 -9.489757e+00 9.484858e+01
4.175582e-01 -9.540874e+00 9.487267e+01
4.176582e-01 -9.349142e+00 9.491043e+01
4.177582e-01 -9.343261e+00 9.496142e+01
4.178582e-01 -9.231344e+00 9.502518e+01
4.179582e-01 -9.085341e+00 9.510127e+01
4.180582e-01 -8.965484e+00 9.518922e+01
4.181582e-01 -8.707200e+00 9.528858e+01
4.182582e-01 -8.459401e+00 9.539886e+01
4.183582e-01 -8.249104e+00 9.551955e+01
4.184582e-01 -7.691478e+00 9.565012e+01
4.185581e-01 -7.454069e+00 9.578999e+01
4.186581e-01 -7.007153e+00 9.593854e+01
4.187581e-01 -6.523470e+00 9.609512e+01
4.188581e-01 -6.073418e+00 9.625901e+01
4.189581e-01 -5.683891e+00 9.642945e+01
4.190581e-01 -5.033194e+00 9.660561e+01
4.191581e-01 -4.640925e+00 9.678662e+01
4.192581e-01 -4.034721e+00 9.697157e+01
4.193581e-01 -3.382852e+00 9.715948e+01
4.194581e-01 -2.861713e+00 9.734934e+01
4.195580e-01 -2.337540e+00 9.754009e+01
4.196580e-01 -1.588429e+00 9.773066e+01
4.197580e-01 -9.449165e-01 9.791992e+01
4.198580e-01 -4.601011e-01 9.810677e+01
4.199580e-01 2.138825e-01 9.829006e+01
4.200580e-01 7.075907e-01 9.846866e+01
4.201580e-01 1.486490e+00 9.864142e+01
4.202580e-01 2.069533e+00 9.880723e+01
4.203580e-01 2.718330e+00 9.896498e+01
4.204580e-01 3.263266e+00 9.911358e+01
4.205579e-01 3.948509e+00 9.925195e+01
4.206579e-01 4.501969e+00 9.937905e+01
4.207579e-01 5.034538e+00 9.949386e+01
4.208579e-01 5.570502e+00 9.959536e+01
4.209579e-01 6.123390e+00 9.968255e+01
4.210579e-01 6.671905e+00 9.975447e+01
4.211579e-01 7.181653e+00 9.981012e+01
4.212579e-01 7.519494e+00 9.984853e+01
4.213579e-01 8.050777e+00 9.986870e+01
4.214579e-01 8.429692e+00 9.986963e+01
4.215578e-01 8.651048e+00 9.985026e+01
4.216578e-01 9.142713e+00 9.980953e+01
4.217578e-01 9.396039e+00 9.974633e+01
4.218578e-01 9.648823e+00 9.965947e+01
4.219578e-01 9.844531e+00 9.954776e+01
4.220578e-01 1.013112e+01 9.940991e+01
4.221578e-01 1.023258e+01 9.924459e+01
4.222578e-01 1.034210e+01 9.905043e+01
4.223578e-01 1.041687e+01 9.882601e+01
4.224578e-01 1.044632e+01 9.856988e+01
4.225577e-01 1.048118e+01 9.828059e+01
4.226577e-01 1.036654e+01 9.795670e+01
4.227577e-01 1.040870e+01 9.759684e+01
4.228577e-01 1.025259e+01 9.719972e+01
4.229577e-01 1.002251e+01 9.676419e+01
4.230577e-01 9.841055e+00 9.628930e+01
4.231577e-01 9.613097e+00 9.577434e+01
4.232577e-01 9.400152e+00 9.521893e+01
4.233577e-01 9.104803e+00 9.462304e+01
4.234577e-01 8.746437e+00 9.398707e+01
4.235576e-01 8.341564e+00 9.331190e+01
4.236576e-01 7.920202e+00 9.259889e+01
4.237576e-01 7.470709e+00 9.184993e+01
4.238576e-01 7.031333e+00 9.106741e+01
4.239576e-01 6.641451e+00 9.025420e+01
4.240576e-01 5.972322e+00 8.941361e+01
4.241576e-01 5.422345e+00 8.854928e+01
4.242576e-01 5.007938e+00 8.766512e+01
4.243576e-01 4.408821e+00 8.676520e+01
4.244576e-01 3.734996e+00 8.585361e+01
4.245575e-01 3.159701e+00 8.493440e+01
4.246575e-01 2.589313e+00 8.401144e+01
4.247575e-01 1.925874e+00 8.308835e+01
4.248575e-01 1.351412e+00 8.216846e+01
4.249575e-01 6.443736e-01 8.125471e+01
4.250575e-01 5.056298e-02 8.034970e+01
4.251575e-01 -5.461005e-01 7.945564e+01
4.252575e-01 -1.126990e+00 7.857440e+01
4.253575e-01 -1.802862e+00 7.770751e+01
4.254575e-01 -2.331026e+00 7.685625e+01
4.255574e-01 -3.000152e+00 7.602167e+01
4.256574e-01 -3.580603e+00 7.520463e+01
4.257574e-01 -4.052997e+00 7.440588e+01
4.258574e-01 -4.749290e+00 7.362612e+01
4.259574e-01 -5.190438e+00 7.286597e+01
4.260574e-01 -5.778152e+00 7.212609e+01
4.261574e-01 -6.150159e+00 7.140717e+01
4.262574e-01 -6.565941e+00 7.070993e+01
4.263574e-01 -7.162711e+00 7.003520e+01
4.264574e-01 -7.566913e+00 6.938389e+01
4.265573e-01 -7.906312e+00 6.875698e+01
4.266573e-01 -8.159274e+00 6.815559e+01
4.267573e-01 -8.478935e+00 6.758092e+01
4.268573e-01 -8.729050e+00 6.703427e+01
4.269573e-01 -8.972080e+00 6.651705e+01
4.270573e-01 -9.224035e+00 6.603072e+01
4.271573e-01 -9.341601e+00 6.557685e+01
4.272573e-01 -9.481131e+00 6.515704e+01
4.273573e-01 -9.537788e+00 6.477291e+01
4.274573e-01 -9.536765e+00 6.442612e+01
4.275572e-01 -9.493845e+00 6.411824e+01
4.276572e-01 -9.447994e+00 6.385080e+01
4.277572e-01 -9.354488e+00 6.362520e+01
4.278572e-01 -9.330151e+00 6.344263e+01
4.279572e-01 -9.148428e+00 6.330405e+01
4.280572e-01 -8.960841e+00 6.321007e+01
4.281572e-01 -8.795911e+00 6.316095e+01
4.282572e-01 -8.481829e+00 6.315645e+01
4.283572e-01 -8.174107e+00 6.319584e+01
4.284572e-01 -7.787010e+00 6.327784e+01
4.285571e-01 -7.454245e+00 6.340055e+01
4.286571e-01 -7.059377e+00 6.356154e+01
4.287571e-01 -6.552970e+00 6.375780e+01
4.288571e-01 -6.090288e+00 6.398585e+01
4.289571e-01 -5.655744e+00 6.424184e+01
4.290571e-01 -5.007808e+00 6.452163e+01
4.291571e-01 -4.660193e+00 6.482093e+01
4.292571e-01 -4.025536e+00 6.513548e+01
4.293571e-01 -3.528755e+00 6.546114e+01
4.294571e-01 -2.955031e+00 6.579402e+01
4.295570e-01 -2.270709e+00 6.613059e+01
4.296570e-01 -1.674902e+00 6.646771e+01
4.297570e-01 -1.084551e+00 6.680270e+01
4.298570e-01 -4.546035e-01 6.713332e+01
4.299570e-01 2.065149e-01 6.745772e+01
4.300570e-01 7.243254e-01 6.777442e+01
4.301570e-01 1.414262e+00 6.808222e+01
4.302570e-01 2.215129e+00 6.838015e+01
4.303570e-01 2.669099e+00 6.866733e+01
4.304570e-01 3.177404e+00 6.894294e+01
4.305569e-01 3.857689e+00 6.920613e+01
4.306569e-01 4.455727e+00 6.945595e+01
4.307569e-01 4.948231e+00 6.969133e+01
4.308569e-01 5.479081e+00 6.991100e+01
4.309569e-01 6.096806e+00 7.011349e+01
4.310569e-01 6.681437e+00 7.029715e+01
4.311569e-01 7.059660e+00 7.046011e+01
4.312569e-01 7.577567e+00 7.060032e+01
4.313569e-01 8.073654e+00 7.071560e+01
4.314569e-01 8.349918e+00 7.080366e+01
4.315568e-01 8.635168e+00 7.086215e+01
4.316568e-01 9.032847e+00 7.088872e+01
4.317568e-01 9.295167e+00 7.088111e+01
4.318568e-01 9.651847e+00 7.083715e+01
4.319568e-01 9.834393e+00 7.075488e+01
4.320568e-01 1.001752e+01 7.063259e+01
4.321568e-01 1.014819e+01 7.046887e+01
4.322568e-01 1.027163e+01 7.026264e+01
4.323568e-01 1.047182e+01 7.001321e+01
4.324568e-01 1.039723e+01 6.972027e+01
4.325567e-01 1.037219e+01 6.938391e+01
4.326567e-01 1.030382e+01 6.900457e+01
4.327567e-01 1.024605e+01 6.858307e+01
4.328567e-01 1.016775e+01 6.812051e+01
4.329567e-01 1.000188e+01 6.761823e+01
4.330567e-01 9.792668e+00 6.707776e+01
4.331567e-01 9.554588e+00 6.650073e+01
4.332567e-01 9.223683e+00 6.588883e+01
4.333567e-01 8.914436e+00 6.524375e+01
4.334567e-01 8.688216e+00 6.456711e+01
4.335566e-01 8.239158e+00 6.386044e+01
4.336566e-01 7.967124e+00 6.312518e+01
4.337566e-01 7.377592e+00 6.236267e+01
4.338566e-01 7.010094e+00 6.157415e+01
4.339566e-01 6.374668e+00 6.076079e+01
4.340566e-01 5.920860e+00 5.992376e+01
4.341566e-01 5.506749e+00 5.906425e+01
4.342566e-01 4.898521e+00 5.818353e+01
4.343566e-01 4.351674e+00 5.728301e+01
4.344566e-01 3.734741e+00 5.636426e+01
4.345565e-01 3.187359e+00 5.542908e+01
4.346565e-01 2.590500e+00 5.447949e+01
4.347565e-01 1.949669e+00 5.351777e+01
4.348565e-01 1.327762e+00 5.254645e+01
4.349565e-01 7.243740e-01 5.156828e+01
4.350565e-01 8.482828e-02 5.058622e+01
4.351565e-01 -5.474484e-01 4.960337e+01
4.352565e-01 -1.240874e+00 4.862293e+01
4.353565e-01 -1.770730e+00 4.764815e+01
4.354565e-01 -2.439930e+00 4.668226e+01
4.355564e-01 -3.016901e+00 4.572841e+01
4.356564e-01 -3.603948e+00 4.478961e+01
4.357564e-01 -4.182453e+00 4.386871e+01
4.358564e-01 -4.721573e+00 4.296835e+01
4.359564e-01 -5.263327e+00 4.209093e+01
4.360564e-01 -5.808507e+00 4.123860e+01
4.361564e-01 -6.217540e+00 4.041327e+01
4.362564e-01 -6.775068e+00 3.961660e+01
4.363564e-01 -7.171402e+00 3.885000e+01
4.364564e-01 -7.599125e+00 3.811468e+01
4.365563e-01 -7.922415e+00 3.741166e+01
4.366563e-01 -8.286075e+00 3.674177e+01
4.367563e-01 -8.577598e+00 3.610570e+01
4.368563e-01 -8.800456e+00 3.550399e+01
4.369563e-01 -8.980811e+00 3.493710e+01
4.370563e-01 -9.244901e+00 3.440537e+01
4.371563e-01 -9.391894e+00 3.390909e+01
4.372563e-01 -9.543312e+00 3.344846e+01
4.373563e-01 -9.559673e+00 3.302366e+01
4.374563e-01 -9.776368e+00 3.263481e+01
4.375562e-01 -9.580305e+00 3.228199e+01
4.376562e-01 -9.540322e+00 3.196526e+01
4.377562e-01 -9.521876e+00 3.168465e+01
4.378562e-01 -9.409661e+00 3.144016e+01
4.379562e-01 -9.199515e+00 3.123176e+01
4.380562e-01 -9.008109e+00 3.105938e+01
4.381562e-01 -8.755620e+00 3.092287e+01
4.382562e-01 -8.515316e+00 3.082202e+01
4.383562e-01 -8.139563e+00 3.075652e+01
4.384562e-01 -7.920644e+00 3.072591e+01
4.385561e-01 -7.455880e+00 3.072957e+01
4.386561e-01 -7.085850e+00 3.076666e+01
4.387561e-01 -6.689131e+00 3.083610e+01
4.388561e-01 -6.236503e+00 3.093653e+01
4.389561e-01 -5.737887e+00 3.106629e+01
4.390561e-01 -5.147125e+00 3.122339e+01
4.391561e-01 -4.637676e+00 3.140553e+01
4.392561e-01 -4.206801e+00 3.161011e+01
4.393561e-01 -3.576469e+00 3.183427e+01
4.394561e-01 -2.942579e+00 3.207495e+01
4.395560e-01 -2.405273e+00 3.232898e+01
4.396560e-01 -1.751218e+00 3.259312e+01
4.397560e-01 -1.045974e+00 3.286416e+01
4.398560e-01 -4.892011e-01 3.313903e+01
4.399560e-01 2.293155e-01 3.341478e+01
4.400560e-01 8.468740e-01 3.368873e+01
4.401560e-01 1.397698e+00 3.395836e+01
4.402560e-01 2.022215e+00 3.422144e+01
4.403560e-01 2.524912e+00 3.447589e+01
4.404560e-01 3.157617e+00 3.471981e+01
4.405559e-01 3.765112e+00 3.495140e+01
4.406559e-01 4.397865e+00 3.516892e+01
4.407559e-01 4.929080e+00 3.537061e+01
4.408559e-01 5.510447e+00 3.555469e+01
4.409559e-01 6.089702e+00 3.571933e+01
4.410559e-01 6.453235e+00 3.586261e+01
4.411559e-01 7.053233e+00 3.598258e+01
4.412559e-01 7.436801e+00 3.607724e+01
4.413559e-01 7.872608e+00 3.614461e+01
4.414559e-01 8.277376e+00 3.618278e+01
4.415558e-01 8.621679e+00 3.618990e+01
4.416558e-01 9.041924e+00 3.616431e+01
4.417558e-01 9.201141e+00 3.610449e+01
4.418558e-01 9.533115e+00 3.600914e+01
4.419558e-01 9.828468e+00 3.587719e+01
4.420558e-01 9.972589e+00 3.570776e+01
4.421558e-01 1.014796e+01 3.550021e+01
4.422558e-01 1.030543e+01 3.525408e+01
4.423558e-01 1.041483e+01 3.496910e+01
4.424558e-01 1.035740e+01 3.464515e+01
4.425557e-01 1.033433e+01 3.428223e+01
4.426557e-01 1.033962e+01 3.388046e+01
4.427557e-01 1.026160e+01 3.344006e+01
4.428557e-01 1.010709e+01 3.296132e+01
4.429557e-01 9.916123e+00 3.244462e+01
4.430557e-01 9.717993e+00 3.189041e+01
4.431557e-01 9.468108e+00 3.129925e+01
4.432557e-01 9.329571e+00 3.067180e+01
4.433557e-01 8.916029e+00 3.000883e+01
4.434557e-01 8.645477e+00 2.931128e+01
4.435556e-01 8.159639e+00 2.858023e+01
4.436556e-01 7.768154e+00 2.781699e+01
4.437556e-01 7.412773e+00 2.702304e+01
4.438556e-01 7.017340e+00 2.620011e+01
4.439556e-01 6.398841e+00 2.535015e+01
4.440556e-01 5.973881e+00 2.447535e+01
4.441556e-01 5.385700e+00 2.357810e+01
4.442556e-01 4.835511e+00 2.266101e+01
4.443556e-01 4.282148e+00 2.172682e+01
4.444556e-01 3.699404e+00 2.077843e+01
4.445555e-01 3.131901e+00 1.981877e+01
4.446555e-01 2.456527e+00 1.885081e+01
4.447555e-01 1.828952e+00 1.787745e+01
4.448555e-01 1.315501e+00 1.690149e+01
4.449555e-01 6.074959e-01 1.592554e+01
4.450555e-01 -4.265947e-02 1.495203e+01
4.451555e-01 -6.256699e-01 1.398312e+01
4.452555e-01 -1.145058e+00 1.302071e+01
4.453555e-01 -1.789754e+00 1.206646e+01
4.454555e-01 -2.385460e+00 1.112179e+01
4.455554e-01 -3.090568e+00 1.018797e+01
4.456554e-01 -3.608267e+00 9.266137e+00
4.457554e-01 -4.291901e+00 8.357449e+00
4.458554e-01 -4.791745e+00 7.463126e+00
4.459554e-01 -5.357612e+00 6.584567e+00
4.460554e-01 -5.875687e+00 5.723419e+00
4.461554e-01 -6.409836e+00 4.881636e+00
4.462554e-01 -6.692725e+00 4.061497e+00
4.463554e-01 -7.169736e+00 3.265590e+00
4.464554e-01 -7.614043e+00 2.496757e+00
4.465553e-01 -7.981616e+00 1.757992e+00
4.466553e-01 -8.202994e+00 1.052321e+00
4.467553e-01 -8.610920e+00 3.826684e-01
4.468553e-01 -8.879554e+00 -2.482894e-01
4.469553e-01 -9.129120e+00 -8.382404e-01
4.470553e-01 -9.277393e+00 -1.385336e+00
4.471553e-01 -9.372267e+00 -1.888250e+00
4.472553e-01 -9.584315e+00 -2.346204e+00
4.473553e-01 -9.674532e+00 -2.758954e+00
4.474553e-01 -9.740889e+00 -3.126744e+00
4.475552e-01 -9.749167e+00 -3.450246e+00
4.476552e-01 -9.657509e+00 -3.730474e+00
4.477552e-01 -9.500479e+00 -3.968707e+00
4.478552e-01 -9.541805e+00 -4.166402e+00
4.479552e-01 -9.252833e+00 -4.325125e+00
4.480552e-01 -9.092574e+00 -4.446488e+00
4.481552e-01 -8.865184e+00 -4.532101e+00
4.482552e-01 -8.625142e+00 -4.583539e+00
4.483552e-01 -8.303467e+00 -4.602323e+00
4.484552e-01 -7.925997e+00 -4.589912e+00
4.485551e-01 -7.499729e+00 -4.547708e+00
4.486551e-01 -7.165322e+00 -4.477066e+00
4.487551e-01 -6.793299e+00 -4.379311e+00
4.488551e-01 -6.269303e+00 -4.255766e+00
4.489551e-01 -5.820307e+00 -4.107770e+00
4.490551e-01 -5.376421e+00 -3.936705e+00
4.491551e-01 -4.765932e+00 -3.744023e+00
4.492551e-01 -4.194086e+00 -3.531262e+00
4.493551e-01 -3.634873e+00 -3.300066e+00
4.494551e-01 -3.027747e+00 -3.052194e+00
4.495550e-01 -2.419257e+00 -2.789531e+00
4.496550e-01 -1.802839e+00 -2.514085e+00
4.497550e-01 -1.249237e+00 -2.227984e+00
4.498550e-01 -6.015538e-01 -1.933470e+00
4.499550e-01 1.580013e-01 -1.632880e+00
4.500550e-01 6.685484e-01 -1.328636e+00
4.501550e-01 1.207000e+00 -1.023222e+00
4.502550e-01 1.924138e+00 -7.191649e-01
4.503550e-01 2.534709e+00 -4.190149e-01
4.504550e-01 3.115626e+00 -1.253254e-01
4.505549e-01 3.783384e+00 1.593667e-01
4.506549e-01 4.385072e+00 4.325583e-01
4.507549e-01 4.755216e+00 6.917967e-01
4.508549e-01 5.466859e+00 9.346949e-01
4.509549e-01 5.893163e+00 1.158945e+00
4.510549e-01 6.453674e+00 1.362330e+00
4.511549e-01 6.921794e+00 1.542737e+00
4.512549e-01 7.403858e+00 1.698166e+00
4.513549e-01 7.907560e+00 1.826739e+00
4.514549e-01 8.325560e+00 1.926710e+00
4.515548e-01 8.661712e+00 1.996469e+00
4.516548e-01 9.013257e+00 2.034552e+00
4.517548e-01 9.242424e+00 2.039642e+00
4.518548e-01 9.424442e+00 2.010575e+00
4.519548e-01 9.761062e+00 1.946336e+00
4.520548e-01 9.847626e+00 1.846066e+00
4.521548e-01 1.006367e+01 1.709058e+00
4.522548e-01 1.016773e+01 1.534753e+00
4.523548e-01 1.018120e+01 1.322740e+00
4.524548e-01 1.025183e+01 1.072756e+00
4.525547e-01 1.037307e+01 7.846789e-01
4.526547e-01 1.023469e+01 4.585285e-01
4.527547e-01 1.011811e+01 9.446654e-02
4.528547e-01 1.006795e+01 -3.072033e-01
4.529547e-01 9.846740e+00 -7.460331e-01
4.530547e-01 9.682609e+00 -1.221427e+00
4.531547e-01 9.444253e+00 -1.732639e+00
4.532547e-01 9.180671e+00 -2.278762e+00
4.533547e-01 8.856918e+00 -2.858730e+00
4.534547e-01 8.615255e+00 -3.471307e+00
4.535546e-01 8.159731e+00 -4.115086e+00
4.536546e-01 7.714016e+00 -4.788487e+00
4.537546e-01 7.317708e+00 -5.489756e+00
4.538546e-01 6.914480e+00 -6.216971e+00
4.539546e-01 6.352081e+00 -6.968051e+00
4.540546e-01 5.973543e+00 -7.740766e+00
4.541546e-01 5.388218e+00 -8.532760e+00
4.542546e-01 4.700097e+00 -9.341571e+00
4.543546e-01 4.288609e+00 -1.016466e+01
4.544546e-01 3.664472e+00 -1.099944e+01
4.545545e-01 3.061993e+00 -1.184331e+01
4.546545e-01 2.498652e+00 -1.269371e+01
4.547545e-01 1.924175e+00 -1.354812e+01
4.548545e-01 1.224209e+00 -1.440412e+01
4.549545e-01 5.475241e-01 -1.525940e+01
4.550545e-01 -8.307033e-02 -1.611178e+01
4.551545e-01 -6.671414e-01 -1.695925e+01
4.552545e-01 -1.302096e+00 -1.779992e+01
4.553545e-01 -1.954295e+00 -1.863205e+01
4.554545e-01 -2.564291e+00 -1.945398e+01
4.555544e-01 -3.186854e+00 -2.026416e+01
4.556544e-01 -3.686628e+00 -2.106103e+01
4.557544e-01 -4.289699e+00 -2.184303e+01
4.558544e-01 -4.858240e+00 -2.260852e+01
4.559544e-01 -5.352470e+00 -2.335575e+01
4.560544e-01 -5.861243e+00 -2.408282e+01
4.561544e-01 -6.406685e+00 -2.478764e+01
4.562544e-01 -6.739200e+00 -2.546794e+01
4.563544e-01 -7.257256e+00 -2.612131e+01
4.564544e-01 -7.737701e+00 -2.674521e+01
4.565543e-01 -8.046343e+00 -2.733703e+01
4.566543e-01 -8.307133e+00 -2.789420e+01
4.567543e-01 -8.688785e+00 -2.841423e+01
4.568543e-01 -8.933079e+00 -2.889481e+01
4.569543e-01 -9.122727e+00 -2.933391e+01
4.570543e-01 -9.282626e+00 -2.972981e+01
4.571543e-01 -9.303166e+00 -3.008119e+01
4.572543e-01 -9.634460e+00 -3.038711e+01
4.573543e-01 -9.747881e+00 -3.064706e+01
4.574543e-01 -9.730026e+00 -3.086091e+01
4.575542e-01 -9.737094e+00 -3.102891e+01
4.576542e-01 -9.684170e+00 -3.115163e+01
4.577542e-01 -9.524740e+00 -3.122992e+01
4.578542e-01 -9.438832e+00 -3.126486e+01
4.579542e-01 -9.309570e+00 -3.125768e+01
4.580542e-01 -9.139083e+00 -3.120977e+01
4.581542e-01 -9.010873e+00 -3.112255e+01
4.582542e-01 -8.625741e+00 -3.099754e+01
4.583542e-01 -8.383390e+00 -3.083625e+01
4.584542e-01 -8.066567e+00 -3.064019e+01
4.585541e-01 -7.646413e+00 -3.041087e+01
4.586541e-01 -7.204044e+00 -3.014981e+01
4.587541e-01 -6.813198e+00 -2.985847e+01
4.588541e-01 -6.348188e+00 -2.953836e+01
4.589541e-01 -5.857416e+00 -2.919098e+01
4.590541e-01 -5.390405e+00 -2.881786e+01
4.591541e-01 -4.844166e+00 -2.842057e+01
4.592541e-01 -4.294080e+00 -2.800073e+01
4.593541e-01 -3.662217e+00 -2.756007e+01
4.594541e-01 -3.074672e+00 -2.710037e+01
4.595540e-01 -2.552084e+00 -2.662355e+01
4.596540e-01 -1.851410e+00 -2.613162e+01
4.597540e-01 -1.350556e+00 -2.562671e+01
4.598540e-01 -6.406400e-01 -2.511108e+01
4.599540e-01 -4.965171e-02 -2.458711e+01
4.600540e-01 6.814205e-01 -2.405726e+01
4.601540e-01 1.220071e+00 -2.352411e+01
4.602540e-01 1.839066e+00 -2.299030e+01
4.603540e-01 2.519965e+00 -2.245851e+01
4.604540e-01 3.052307e+00 -2.193146e+01
4.605539e-01 3.690771e+00 -2.141185e+01
4.606539e-01 4.210620e+00 -2.090235e+01
4.607539e-01 4.736456e+00 -2.040556e+01
4.608539e-01 5.303725e+00 -1.992396e+01
4.609539e-01 5.827332e+00 -1.945991e+01
4.610539e-01 6.547461e+00 -1.901564e+01
4.611539e-01 6.963086e+00 -1.859319e+01
4.612539e-01 7.312654e+00 -1.819440e+01
4.613539e-01 7.792500e+00 -1.782092e+01
4.614539e-01 8.218347e+00 -1.747423e+01
4.615538e-01 8.487388e+00 -1.715556e+01
4.616538e-01 8.893264e+00 -1.686598e+01
4.617538e-01 9.186729e+00 -1.660636e+01
4.618538e-01 9.398559e+00 -1.637741e+01
4.619538e-01 9.591261e+00 -1.617967e+01
4.620538e-01 9.886798e+00 -1.601356e+01
4.621538e-01 9.983612e+00 -1.587935e+01
4.622538e-01 1.010283e+01 -1.577722e+01
4.623538e-01 1.020796e+01 -1.570726e+01
4.624538e-01 1.026293e+01 -1.566948e+01
4.625537e-01 1.021077e+01 -1.566383e+01
4.626537e-01 1.022365e+01 -1.569021e+01
4.627537e-01 1.015378e+01 -1.574845e+01
4.628537e-01 9.992600e+00 -1.583837e+01
4.629537e-01 9.878077e+00 -1.595973e+01
4.630537e-01 9.702393e+00 -1.611224e+01
4.631537e-01 9.293316e+00 -1.629559e+01
4.632537e-01 9.162645e+00 -1.650938e+01
4.633537e-01 8.868162e+00 -1.675319e+01
4.634537e-01 8.584315e+00 -1.702648e+01
4.635536e-01 8.108592e+00 -1.732864e+01
4.636536e-01 7.660332e+00 -1.765896e+01
4.637536e-01 7.300070e+00 -1.801660e+01
4.638536e-01 6.770658e+00 -1.840057e+01
4.639536e-01 6.299455e+00 -1.880973e+01
4.640536e-01 5.822189e+00 -1.924279e+01
4.641536e-01 5.344636e+00 -1.969822e+01
4.642536e-01 4.771563e+00 -2.017434e+01
4.643536e-01 4.197292e+00 -2.066923e+01
4.644536e-01 3.599310e+00 -2.118078e+01
4.645535e-01 3.026601e+00 -2.170666e+01
4.646535e-01 2.450625e+00 -2.224436e+01
4.647535e-01 1.693610e+00 -2.279117e+01
4.648535e-01 1.161661e+00 -2.334423e+01
4.649535e-01 5.776006e-01 -2.390054e+01
4.650535e-01 -7.615852e-02 -2.445703e+01
4.651535e-01 -7.964350e-01 -2.501055e+01
4.652535e-01 -1.401270e+00 -2.555796e+01
4.653535e-01 -1.993803e+00 -2.609612e+01
4.654535e-01 -2.596953e+00 -2.662201e+01
4.655534e-01 -3.172513e+00 -2.713268e+01
4.656534e-01 -3.799246e+00 -2.762537e+01
4.657534e-01 -4.374746e+00 -2.809748e+01
4.658534e-01 -4.877082e+00 -2.854665e+01
4.659534e-01 -5.418246e+00 -2.897072e+01
4.660534e-01 -5.937720e+00 -2.936779e+01
4.661534e-01 -6.382456e+00 -2.973618e+01
4.662534e-01 -6.917714e+00 -3.007447e+01
4.663534e-01 -7.398692e+00 -3.038145e+01
4.664534e-01 -7.712873e+00 -3.065612e+01
4.665533e-01 -8.048650e+00 -3.089768e+01
4.666533e-01 -8.434840e+00 -3.110549e+01
4.667533e-01 -8.774360e+00 -3.127904e+01
4.668533e-01 -9.025311e+00 -3.141797e+01
4.669533e-01 -9.170594e+00 -3.152199e+01
4.670533e-01 -9.461034e+00 -3.159089e+01
4.671533e-01 -9.613234e+00 -3.162453e+01
4.672533e-01 -9.679864e+00 -3.162280e+01
4.673533e-01 -9.828004e+00 -3.158560e+01
4.674533e-01 -9.799988e+00 -3.151287e+01
4.675532e-01 -9.730630e+00 -3.140456e+01
4.676532e-01 -9.741520e+00 -3.126064e+01
4.677532e-01 -9.760889e+00 -3.108108e+01
4.678532e-01 -9.592472e+00 -3.086591e+01
4.679532e-01 -9.362333e+00 -3.061516e+01
4.680532e-01 -9.190388e+00 -3.032897e+01
4.681532e-01 -9.025369e+00 -3.000751e+01
4.682532e-01 -8.653585e+00 -2.965108e+01
4.683532e-01 -8.402051e+00 -2.926012e+01
4.684532e-01 -8.079960e+00 -2.883519e+01
4.685531e-01 -7.711803e+00 -2.837704e+01
4.686531e-01 -7.284653e+00 -2.788662e+01
4.687531e-01 -6.894260e+00 -2.736510e+01
4.688531e-01 -6.363833e+00 -2.681388e+01
4.689531e-01 -5.908526e+00 -2.623458e+01
4.690531e-01 -5.364379e+00 -2.562909e+01
4.691531e-01 -4.938095e+00 -2.499950e+01
4.692531e-01 -4.325225e+00 -2.434813e+01
4.693531e-01 -3.779488e+00 -2.367750e+01
4.694531e-01 -3.205061e+00 -2.299026e+01
4.695530e-01 -2.523039e+00 -2.228923e+01
4.696530e-01 -2.011533e+00 -2.157729e+01
4.697530e-01 -1.318755e+00 -2.085739e+01
4.698530e-01 -7.697248e-01 -2.013247e+01
4.699530e-01 -1.017482e-01 -1.940548e+01
4.700530e-01 4.813528e-01 -1.867928e+01
4.701530e-01 1.148766e+00 -1.795666e+01
4.702530e-01 1.808046e+00 -1.724032e+01
4.703530e-01 2.315726e+00 -1.653280e+01
4.704530e-01 2.973541e+00 -1.583653e+01
4.705529e-01 3.528239e+00 -1.515379e+01
4.706529e-01 4.203856e+00 -1.448671e+01
4.707529e-01 4.701349e+00 -1.383728e+01
4.708529e-01 5.333410e+00 -1.320733e+01
4.709529e-01 5.861346e+00 -1.259858e+01
4.710529e-01 6.325822e+00 -1.201259e+01
4.711529e-01 6.893491e+00 -1.145082e+01
4.712529e-01 7.195237e+00 -1.091461e+01
4.713529e-01 7.695035e+00 -1.040519e+01
4.714529e-01 8.104668e+00 -9.923707e+00
4.715528e-01 8.471044e+00 -9.471236e+00
4.716528e-01 8.762449e+00 -9.048779e+00
4.717528e-01 9.128589e+00 -8.657287e+00
4.718528e-01 9.318442e+00 -8.297668e+00
4.719528e-01 9.530186e+00 -7.970798e+00
4.720528e-01 9.797963e+00 -7.677533e+00
4.721528e-01 9.951153e+00 -7.418708e+00
4.722528e-01 1.007542e+01 -7.195145e+00
4.723528e-01 1.019963e+01 -7.007650e+00
4.724528e-01 1.009131e+01 -6.857002e+00
4.725527e-01 1.016930e+01 -6.743948e+00
4.726527e-01 1.002186e+01 -6.669174e+00
4.727527e-01 9.967210e+00 -6.633290e+00
4.728527e-01 9.917812e+00 -6.636792e+00
4.729527e-01 9.681008e+00 -6.680027e+00
4.730527e-01 9.582341e+00 -6.763159e+00
4.731527e-01 9.423616e+00 -6.886120e+00
4.732527e-01 9.115678e+00 -7.048578e+00
4.733527e-01 8.765034e+00 -7.249898e+00
4.734527e-01 8.421126e+00 -7.489119e+00
4.735526e-01 7.982938e+00 -7.764944e+00
4.736526e-01 7.638420e+00 -8.075735e+00
4.737526e-01 7.177019e+00 -8.419539e+00
4.738526e-01 6.704685e+00 -8.794124e+00
4.739526e-01 6.316881e+00 -9.197031e+00
4.740526e-01 5.787602e+00 -9.625643e+00
4.741526e-01 5.211307e+00 -1.007726e+01
4.742526e-01 4.726698e+00 -1.054918e+01
4.743526e-01 4.196743e+00 -1.103877e+01
4.744526e-01 3.559445e+00 -1.154350e+01
4.745525e-01 2.988680e+00 -1.206103e+01
4.746525e-01 2.310196e+00 -1.258921e+01
4.747525e-01 1.772697e+00 -1.312605e+01
4.748525e-01 1.072381e+00 -1.366973e+01
4.749525e-01 3.727749e-01 -1.421854e+01
4.750525e-01 -1.799371e-01 -1.477084e+01
4.751525e-01 -7.851532e-01 -1.532496e+01
4.752525e-01 -1.452200e+00 -1.587918e+01
4.753525e-01 -2.070970e+00 -1.643163e+01
4.754525e-01 -2.600603e+00 -1.698031e+01
4.755524e-01 -3.235312e+00 -1.752301e+01
4.756524e-01 -3.846545e+00 -1.805737e+01
4.757524e-01 -4.430930e+00 -1.858086e+01
4.758524e-01 -5.031936e+00 -1.909083e+01
4.759524e-01 -5.577040e+00 -1.958461e+01
4.760524e-01 -6.043993e+00 -2.005954e+01
4.761524e-01 -6.525663e+00 -2.051304e+01
4.762524e-01 -6.889976e+00 -2.094271e+01
4.763524e-01 -7.362565e+00 -2.134636e+01
4.764524e-01 -7.774852e+00 -2.172209e+01
4.765523e-01 -8.156074e+00 -2.206828e+01
4.766523e-01 -8.464987e+00 -2.238364e+01
4.767523e-01 -8.823642e+00 -2.266716e+01
4.768523e-01 -9.078325e+00 -2.291815e+01
4.769523e-01 -9.259958e+00 -2.313618e+01
4.770523e-01 -9.507463e+00 -2.332104e+01
4.771523e-01 -9.590329e+00 -2.347271e+01
4.772523e-01 -9.667461e+00 -2.359132e+01
4.773523e-01 -9.798159e+00 -2.367711e+01
4.774523e-01 -9.829645e+00 -2.373039e+01
4.775522e-01 -9.887165e+00 -2.375151e+01
4.776522e-01 -9.773704e+00 -2.374086e+01
4.777522e-01 -9.758360e+00 -2.369883e+01
4.778522e-01 -9.629898e+00 -2.362581e+01
4.779522e-01 -9.468344e+00 -2.352222e+01
4.780522e-01 -9.259473e+00 -2.338846e+01
4.781522e-01 -8.975377e+00 -2.322498e+01
4.782522e-01 -8.780968e+00 -2.303226e+01
4.783522e-01 -8.442423e+00 -2.281086e+01
4.784522e-01 -8.199048e+00 -2.256140e+01
4.785521e-01 -7.765325e+00 -2.228462e+01
4.786521e-01 -7.419000e+00 -2.198136e+01
4.787521e-01 -6.865319e+00 -2.165262e+01
4.788521e-01 -6.540760e+00 -2.129955e+01
4.789521e-01 -5.953569e+00 -2.092341e+01
4.790521e-01 -5.496763e+00 -2.052568e+01
4.791521e-01 -4.939476e+00 -2.010796e+01
4.792521e-01 -4.410738e+00 -1.967200e+01
4.793521e-01 -3.850120e+00 -1.921971e+01
4.794521e-01 -3.247906e+00 -1.875313e+01
4.795520e-01 -2.644372e+00 -1.827441e+01
4.796520e-01 -2.006879e+00 -1.778584e+01
4.797520e-01 -1.417459e+00 -1.728980e+01
4.798520e-01 -8.659971e-01 -1.678879e+01
4.799520e-01 -1.766697e-01 -1.628536e+01
4.800520e-01 3.967440e-01 -1.578217e+01
4.801520e-01 1.088285e+00 -1.528193e+01
4.802520e-01 1.632579e+00 -1.478738e+01
4.803520e-01 2.333238e+00 -1.430129e+01
4.804520e-01 2.925295e+00 -1.382642e+01
4.805519e-01 3.553747e+00 -1.336545e+01
4.806519e-01 4.076071e+00 -1.292100e+01
4.807519e-01 4.707816e+00 -1.249554e+01
4.808519e-01 5.178739e+00 -1.209137e+01
4.809519e-01 5.803377e+00 -1.171059e+01
4.810519e-01 6.269141e+00 -1.135508e+01
4.811519e-01 6.705777e+00 -1.102644e+01
4.812519e-01 7.265805e+00 -1.072602e+01
4.813519e-01 7.734674e+00 -1.045493e+01
4.814519e-01 8.009856e+00 -1.021402e+01
4.815518e-01 8.397233e+00 -1.000393e+01
4.816518e-01 8.761756e+00 -9.825112e+00
4.817518e-01 8.978128e+00 -9.677869e+00
4.818518e-01 9.266890e+00 -9.562401e+00
4.819518e-01 9.632118e+00 -9.478846e+00
4.820518e-01 9.713103e+00 -9.427324e+00
4.821518e-01 9.891336e+00 -9.407977e+00
4.822518e-01 1.003722e+01 -9.421011e+00
4.823518e-01 1.012285e+01 -9.466723e+00
4.824518e-01 1.008902e+01 -9.545527e+00
4.825517e-01 1.014786e+01 -9.657974e+00
4.826517e-01 9.996083e+00 -9.804752e+00
4.827517e-01 9.979957e+00 -9.986686e+00
4.828517e-01 9.956075e+00 -1.020472e+01
4.829517e-01 9.672961e+00 -1.045987e+01
4.830517e-01 9.556298e+00 -1.075320e+01
4.831517e-01 9.338555e+00 -1.108575e+01
4.832517e-01 9.002190e+00 -1.145843e+01
4.833517e-01 8.720988e+00 -1.187197e+01
4.834517e-01 8.301666e+00 -1.232677e+01
4.835516e-01 7.962875e+00 -1.282283e+01
4.836516e-01 7.596015e+00 -1.335965e+01
4.837516e-01 7.140788e+00 -1.393612e+01
4.838516e-01 6.652700e+00 -1.455045e+01
4.839516e-01 6.204065e+00 -1.520021e+01
4.840516e-01 5.708640e+00 -1.588230e+01
4.841516e-01 5.110791e+00 -1.659304e+01
4.842516e-01 4.675529e+00 -1.732830e+01
4.843516e-01 4.051953e+00 -1.808365e+01
4.844516e-01 3.508738e+00 -1.885457e+01
4.845515e-01 2.910624e+00 -1.963662e+01
4.846515e-01 2.181549e+00 -2.042565e+01
4.847515e-01 1.638377e+00 -2.121793e+01
4.848515e-01 1.084681e+00 -2.201025e+01
4.849515e-01 3.561946e-01 -2.279996e+01
4.850515e-01 -2.283160e-01 -2.358501e+01
4.851515e-01 -9.289162e-01 -2.436380e+01
4.852515e-01 -1.542938e+00 -2.513517e+01
4.853515e-01 -2.065673e+00 -2.589822e+01
4.854515e-01 -2.763505e+00 -2.665218e+01
4.855514e-01 -3.239939e+00 -2.739632e+01
4.856514e-01 -3.840224e+00 -2.812976e+01
4.857514e-01 -4.532942e+00 -2.885147e+01
4.858514e-01 -5.016089e+00 -2.956016e+01
4.859514e-01 -5.541899e+00 -3.025429e+01
4.860514e-01 -6.068488e+00 -3.093208e+01
4.861514e-01 -6.564049e+00 -3.159157e+01
4.862514e-01 -7.046174e+00 -3.223068e+01
4.863514e-01 -7.452141e+00 -3.284732e+01
4.864514e-01 -7.816210e+00 -3.343943e+01
4.865513e-01 -8.200076e+00 -3.400512e+01
4.866513e-01 -8.566328e+00 -3.454267e+01
4.867513e-01 -8.942876e+00 -3.505065e+01
4.868513e-01 -9.039845e+00 -3.552791e+01
4.869513e-01 -9.252305e+00 -3.597360e+01
4.870513e-01 -9.425785e+00 -3.638714e+01
4.871513e-01 -9.684845e+00 -3.676825e+01
4.872513e-01 -9.728315e+00 -3.711686e+01
4.873513e-01 -9.933529e+00 -3.743308e+01
4.874513e-01 -9.900945e+00 -3.771721e+01
4.875512e-01 -9.902950e+00 -3.796964e+01
4.876512e-01 -9.943501e+00 -3.819082e+01
4.877512e-01 -9.775955e+00 -3.838126e+01
4.878512e-01 -9.643778e+00 -3.854151e+01
4.879512e-01 -9.550925e+00 -3.867210e+01
4.880512e-01 -9.386825e+00 -3.877357e+01
4.881512e-01 -9.077815e+00 -3.884649e+01
4.882512e-01 -8.890119e+00 -3.889140e+01
4.883512e-01 -8.463870e+00 -3.890890e+01
4.884512e-01 -8.190281e+00 -3.889962e+01
4.885511e-01 -7.886335e+00 -3.886428e+01
4.886511e-01 -7.437867e+00 -3.880367e+01
4.887511e-01 -6.877612e+00 -3.871874e+01
4.888511e-01 -6.575509e+00 -3.861058e+01
4.889511e-01 -6.121576e+00 -3.848044e+01
4.890511e-01 -5.496194e+00 -3.832980e+01
4.891511e-01 -4.996689e+00 -3.816035e+01
4.892511e-01 -4.464497e+00 -3.797399e+01
4.893511e-01 -3.882113e+00 -3.777286e+01
4.894511e-01 -3.310937e+00 -3.755929e+01
4.895510e-01 -2.699661e+00 -3.733583e+01
4.896510e-01 -2.125063e+00 -3.710519e+01
4.897510e-01 -1.495831e+00 -3.687019e+01
4.898510e-01 -9.120445e-01 -3.663376e+01
4.899510e-01 -1.895343e-01 -3.639888e+01
4.900510e-01 4.495969e-01 -3.616851e+01
4.901510e-01 1.066718e+00 -3.594556e+01
4.902510e-01 1.598979e+00 -3.573288e+01
4.903510e-01 2.247452e+00 -3.553318e+01
4.904510e-01 2.845106e+00 -3.534903e+01
4.905509e-01 3.497245e+00 -3.518285e+01
4.906509e-01 4.063301e+00 -3.503690e+01
4.907509e-01 4.589446e+00 -3.491325e+01
4.908509e-01 5.112193e+00 -3.481385e+01
4.909509e-01 5.646346e+00 -3.474052e+01
4.910509e-01 6.261099e+00 -3.469493e+01
4.911509e-01 6.671249e+00 -3.467871e+01
4.912509e-01 7.164328e+00 -3.469338e+01
4.913509e-01 7.555341e+00 -3.474046e+01
4.914509e-01 7.973848e+00 -3.482140e+01
4.915508e-01 8.289250e+00 -3.493766e+01
4.916508e-01 8.645526e+00 -3.509067e+01
4.917508e-01 8.886867e+00 -3.528183e+01
4.918508e-01 9.300670e+00 -3.551252e+01
4.919508e-01 9.432712e+00 -3.578403e+01
4.920508e-01 9.643396e+00 -3.609757e+01
4.921508e-01 9.845443e+00 -3.645418e+01
4.922508e-01 9.885506e+00 -3.685476e+01
4.923508e-01 1.007117e+01 -3.729994e+01
4.924508e-01 1.005687e+01 -3.779010e+01
4.925507e-01 1.003892e+01 -3.832535e+01
4.926507e-01 9.967395e+00 -3.890544e+01
4.927507e-01 9.919613e+00 -3.952986e+01
4.928507e-01 9.820622e+00 -4.019775e+01
4.929507e-01 9.675844e+00 -4.090803e+01
4.930507e-01 9.409933e+00 -4.165938e+01
4.931507e-01 9.166131e+00 -4.245031e+01
4.932507e-01 8.932977e+00 -4.327926e+01
4.933507e-01 8.726477e+00 -4.414458e+01
4.934507e-01 8.361918e+00 -4.504464e+01
4.935506e-01 7.966103e+00 -4.597786e+01
4.936506e-01 7.524188e+00 -4.694266e+01
4.937506e-01 7.064575e+00 -4.793753e+01
4.938506e-01 6.597305e+00 -4.896099e+01
4.939506e-01 6.146358e+00 -5.001155e+01
4.940506e-01 5.560018e+00 -5.108769e+01
4.941506e-01 5.078562e+00 -5.218782e+01
4.942506e-01 4.590768e+00 -5.331023e+01
4.943506e-01 3.982117e+00 -5.445308e+01
4.944506e-01 3.381830e+00 -5.561438e+01
4.945505e-01 2.815120e+00 -5.679194e+01
4.946505e-01 2.151176e+00 -5.798341e+01
4.947505e-01 1.654529e+00 -5.918626e+01
4.948505e-01 9.691371e-01 -6.039780e+01
4.949505e-01 4.112585e-01 -6.161520e+01
4.950505e-01 -2.385730e-01 -6.283554e+01
4.951505e-01 -8.279843e-01 -6.405583e+01
4.952505e-01 -1.567684e+00 -6.527306e+01
4.953505e-01 -2.101933e+00 -6.648426e+01
4.954505e-01 -2.889603e+00 -6.768654e+01
4.955504e-01 -3.373979e+00 -6.887713e+01
4.956504e-01 -4.019389e+00 -7.005345e+01
4.957504e-01 -4.541459e+00 -7.121312e+01
4.958504e-01 -4.971579e+00 -7.235398e+01
4.959504e-01 -5.653538e+00 -7.347407e+01
4.960504e-01 -6.119919e+00 -7.457166e+01
4.961504e-01 -6.628314e+00 -7.564518e+01
4.962504e-01 -6.997250e+00 -7.669321e+01
4.963504e-01 -7.377811e+00 -7.771442e+01
4.964504e-01 -7.859901e+00 -7.870749e+01
4.965503e-01 -8.308707e+00 -7.967112e+01
4.966503e-01 -8.592681e+00 -8.060397e+01
4.967503e-01 -8.907616e+00 -8.150464e+01
4.968503e-01 -9.179338e+00 -8.237167e+01
4.969503e-01 -9.278817e+00 -8.320357e+01
4.970503e-01 -9.492351e+00 -8.399883e+01
4.971503e-01 -9.721786e+00 -8.475600e+01
4.972503e-01 -9.872141e+00 -8.547373e+01
4.973503e-01 -9.893856e+00 -8.615080e+01
4.974503e-01 -1.005327e+01 -8.678621e+01
4.975502e-01 -9.950179e+00 -8.737923e+01
4.976502e-01 -1.000070e+01 -8.792937e+01
4.977502e-01 -9.863666e+00 -8.843646e+01
4.978502e-01 -9.670285e+00 -8.890062e+01
4.979502e-01 -9.565074e+00 -8.932227e+01
4.980502e-01 -9.298132e+00 -8.970208e+01
4.981502e-01 -9.273939e+00 -9.004094e+01
4.982502e-01 -8.938042e+00 -9.033996e+01
4.983502e-01 -8.583879e+00 -9.060041e+01
4.984502e-01 -8.210313e+00 -9.082370e+01
4.985501e-01 -7.902149e+00 -9.101134e+01
4.986501e-01 -7.432430e+00 -9.116492e+01
4.987501e-01 -7.077916e+00 -9.128609e+01
4.988501e-01 -6.620450e+00 -9.137660e+01
4.989501e-01 -6.242148e+00 -9.143821e+01
4.990501e-01 -5.552532e+00 -9.147277e+01
4.991501e-01 -5.062497e+00 -9.148219e+01
4.992501e-01 -4.537142e+00 -9.146846e+01
4.993501e-01 -3.908380e+00 -9.143368e+01
4.994501e-01 -3.434603e+00 -9.138002e+01
4.995500e-01 -2.824553e+00 -9.130980e+01
4.996500e-01 -2.309331e+00 -9.122541e+01
4.997500e-01 -1.588978e+00 -9.112939e+01
4.998500e-01 -8.917976e-01 -9.102437e+01
4.999500e-01 -3.028464e-01 -9.091309e+01
5.000500e-01 2.970673e-01 -9.079834e+01
5.001500e-01 8.716946e-01 -9.068296e+01
5.002500e-01 1.637663e+00 -9.056983e+01
5.003500e-01 2.174523e+00 -9.046180e+01
5.004500e-01 2.864124e+00 -9.036165e+01
5.005499e-01 3.349608e+00 -9.027211e+01
5.006499e-01 3.925632e+00 -9.019577e+01
5.007499e-01 4.515922e+00 -9.013510e+01
5.008499e-01 5.101579e+00 -9.009241e+01
5.009499e-01 5.697876e+00 -9.006982e+01
5.010499e-01 6.136677e+00 -9.006931e+01
5.011499e-01 6.643827e+00 -9.009266e+01
5.012499e-01 7.127404e+00 -9.014149e+01
5.013499e-01 7.442592e+00 -9.021729e+01
5.014499e-01 7.820086e+00 -9.032139e+01
5.015498e-01 8.230198e+00 -9.045502e+01
5.016498e-01 8.636524e+00 -9.061932e+01
5.017498e-01 8.912097e+00 -9.081535e+01
5.018498e-01 9.159138e+00 -9.104409e+01
5.019498e-01 9.414832e+00 -9.130649e+01
5.020498e-01 9.629135e+00 -9.160347e+01
5.021498e-01 9.780119e+00 -9.193587e+01
5.022498e-01 9.893852e+00 -9.230452e+01
5.023498e-01 9.916624e+00 -9.271016e+01
5.024498e-01 9.994294e+00 -9.315347e+01
5.025497e-01 9.897319e+00 -9.363502e+01
5.026497e-01 9.944359e+00 -9.415527e+01
5.027497e-01 9.850603e+00 -9.471451e+01
5.028497e-01 9.779378e+00 -9.531285e+01
5.029497e-01 9.533492e+00 -9.595020e+01
5.030497e-01 9.381427e+00 -9.662621e+01
5.031497e-01 9.218212e+00 -9.734027e+01
5.032497e-01 8.872616e+00 -9.809151e+01
5.033497e-01 8.596617e+00 -9.887875e+01
5.034497e-01 8.194613e+00 -9.970053e+01
5.035496e-01 7.897149e+00 -1.005551e+02
5.036496e-01 7.489823e+00 -1.014404e+02
5.037496e-01 7.047723e+00 -1.023542e+02
5.038496e-01 6.573305e+00 -1.032939e+02
5.039496e-01 6.189690e+00 -1.042570e+02
5.040496e-01 5.557928e+00 -1.052406e+02
5.041496e-01 5.136826e+00 -1.062419e+02
5.042496e-01 4.557174e+00 -1.072581e+02
5.043496e-01 3.941260e+00 -1.082864e+02
5.044496e-01 3.348674e+00 -1.093244e+02
5.045495e-01 2.820051e+00 -1.103698e+02
5.046495e-01 2.203599e+00 -1.114204e+02
5.047495e-01 1.548828e+00 -1.124748e+02
5.048495e-01 1.008643e+00 -1.135315e+02
5.049495e-01 2.546754e-01 -1.145895e+02
5.050495e-01 -3.993842e-01 -1.156480e+02
5.051495e-01 -1.046157e+00 -1.167066e+02
5.052495e-01 -1.576735e+00 -1.177645e+02
5.053495e-01 -2.231436e+00 -1.188212e+02
5.054495e-01 -2.778363e+00 -1.198757e+02
5.055494e-01 -3.375526e+00 -1.209266e+02
5.056494e-01 -3.948556e+00 -1.219721e+02
5.057494e-01 -4.559956e+00 -1.230096e+02
5.058494e-01 -5.183542e+00 -1.240361e+02
5.059494e-01 -5.609783e+00 -1.250477e+02
5.060494e-01 -6.168522e+00 -1.260403e+02
5.061494e-01 -6.619890e+00 -1.270094e+02
5.062494e-01 -7.051692e+00 -1.279503e+02
5.063494e-01 -7.523901e+00 -1.288586e+02
5.064494e-01 -7.959679e+00 -1.297299e+02
5.065493e-01 -8.341719e+00 -1.305607e+02
5.066493e-01 -8.621274e+00 -1.313479e+02
5.067493e-01 -9.015009e+00 -1.320894e+02
5.068493e-01 -9.247156e+00 -1.327835e+02
5.069493e-01 -9.346957e+00 -1.334297e+02
5.070493e-01 -9.742444e+00 -1.340278e+02
5.071493e-01 -9.789718e+00 -1.345784e+02
5.072493e-01 -9.876340e+00 -1.350825e+02
5.073493e-01 -9.978014e+00 -1.355414e+02
5.074493e-01 -1.000823e+01 -1.359567e+02
5.075492e-01 -1.002499e+01 -1.363300e+02
5.076492e-01 -9.973310e+00 -1.366629e+02
5.077492e-01 -9.895605e+00 -1.369571e+02
5.078492e-01 -9.819550e+00 -1.372139e+02
5.079492e-01 -9.604734e+00 -1.374349e+02
5.080492e-01 -9.404307e+00 -1.376210e+02
5.081492e-01 -9.265125e+00 -1.377733e+02
5.082492e-01 -8.929973e+00 -1.378927e+02
5.083492e-01 -8.710495e+00 -1.379798e+02
5.084492e-01 -8.337018e+00 -1.380353e+02
5.085491e-01 -8.003342e+00 -1.380598e+02
5.086491e-01 -7.618965e+00 -1.380539e+02
5.087491e-01 -7.212131e+00 -1.380182e+02
5.088491e-01 -6.630792e+00 -1.379535e+02
5.089491e-01 -6.228925e+00 -1.378606e+02
5.090491e-01 -5.689679e+00 -1.377409e+02
5.091491e-01 -5.108327e+00 -1.375955e+02
5.092491e-01 -4.650565e+00 -1.374262e+02
5.093491e-01 -4.075620e+00 -1.372349e+02
5.094491e-01 -3.449300e+00 -1.370239e+02
5.095490e-01 -2.863627e+00 -1.367956e+02
5.096490e-01 -2.162223e+00 -1.365528e+02
5.097490e-01 -1.643311e+00 -1.362986e+02
5.098490e-01 -1.031908e+00 -1.360359e+02
5.099490e-01 -3.273956e-01 -1.357681e+02
5.100490e-01 2.613604e-01 -1.354983e+02
5.101490e-01 8.578723e-01 -1.352298e+02
5.102490e-01 1.478372e+00 -1.349655e+02
5.103490e-01 2.123755e+00 -1.347084e+02
5.104490e-01 2.715195e+00 -1.344612e+02
5.105489e-01 3.342547e+00 -1.342264e+02
5.106489e-01 3.885302e+00 -1.340062e+02
5.107489e-01 4.404486e+00 -1.338029e+02
5.108489e-01 5.041673e+00 -1.336181e+02
5.109489e-01 5.435122e+00 -1.334535e+02
5.110489e-01 6.006030e+00 -1.333107e+02
5.111489e-01 6.404705e+00 -1.331912e+02
5.112489e-01 7.045503e+00 -1.330962e+02
5.113489e-01 7.402773e+00 -1.330272e+02
5.114489e-01 7.849456e+00 -1.329853e+02
5.115488e-01 8.194099e+00 -1.329721e+02
5.116488e-01 8.477218e+00 -1.329889e+02
5.117488e-01 8.778998e+00 -1.330370e+02
5.118488e-01 9.077900e+00 -1.331178e+02
5.119488e-01 9.270075e+00 -1.332329e+02
5.120488e-01 9.495299e+00 -1.333835e+02
5.121488e-01 9.737495e+00 -1.335709e+02
5.122488e-01 9.820794e+00 -1.337964e+02
5.123488e-01 9.902877e+00 -1.340608e+02
5.124488e-01 9.884817e+00 -1.343649e+02
5.125487e-01 9.899631e+00 -1.347092e+02
5.126487e-01 9.890798e+00 -1.350939e+02
5.127487e-01 9.752961e+00 -1.355188e+02
5.128487e-01 9.664293e+00 -1.359836e+02
5.129487e-01 9.550968e+00 -1.364875e+02
5.130487e-01 9.270631e+00 -1.370294e+02
5.131487e-01 9.107816e+00 -1.376082e+02
5.132487e-01 8.692856e+00 -1.382224e+02
5.133487e-01 8.587193e+00 -1.388705e+02
5.134487e-01 8.082645e+00 -1.395509e+02
5.135486e-01 7.877564e+00 -1.402620e+02
5.136486e-01 7.445335e+00 -1.410022e+02
5.137486e-01 6.994316e+00 -1.417700e+02
5.138486e-01 6.522525e+00 -1.425637e+02
5.139486e-01 6.087659e+00 -1.433819e+02
5.140486e-01 5.462482e+00 -1.442229e+02
5.141486e-01 4.977663e+00 -1.450851e+02
5.142486e-01 4.401969e+00 -1.459666e+02
5.143486e-01 3.846967e+00 -1.468655e+02
5.144486e-01 3.385280e+00 -1.477796e+02
5.145485e-01 2.631674e+00 -1.487066e+02
5.146485e-01 2.070336e+00 -1.496438e+02
5.147485e-01 1.485336e+00 -1.505886e+02
5.148485e-01 8.924365e-01 -1.515382e+02
5.149485e-01 1.993776e-01 -1.524897e+02
5.150485e-01 -3.611848e-01 -1.534403e+02
5.151485e-01 -1.004707e+00 -1.543872e+02
5.152485e-01 -1.591604e+00 -1.553280e+02
5.153485e-01 -2.348552e+00 -1.562602e+02
5.154485e-01 -2.972662e+00 -1.571816e+02
5.155484e-01 -3.427234e+00 -1.580902e+02
5.156484e-01 -4.074152e+00 -1.589844e+02
5.157484e-01 -4.597891e+00 -1.598623e+02
5.158484e-01 -5.164113e+00 -1.607224e+02
5.159484e-01 -5.676576e+00 -1.615632e+02
5.160484e-01 -6.204939e+00 -1.623829e+02
5.161484e-01 -6.737782e+00 -1.631798e+02
5.162484e-01 -7.195639e+00 -1.639522e+02
5.163484e-01 -7.622318e+00 -1.646980e+02
5.164484e-01 -8.051969e+00 -1.654153e+02
5.165483e-01 -8.403121e+00 -1.661018e+02
5.166483e-01 -8.756225e+00 -1.667557e+02
5.167483e-01 -8.958270e+00 -1.673750e+02
5.168483e-01 -9.362080e+00 -1.679578e+02
5.169483e-01 -9.468865e+00 -1.685027e+02
5.170483e-01 -9.704655e+00 -1.690085e+02
5.171483e-01 -9.897465e+00 -1.694744e+02
5.172483e-01 -9.958935e+00 -1.698997e+02
5.173483e-01 -1.007306e+01 -1.702843e+02
5.174483e-01 -1.022002e+01 -1.706283e+02
5.175482e-01 -1.003610e+01 -1.709322e+02
5.176482e-01 -1.011178e+01 -1.711965e+02
5.177482e-01 -1.002974e+01 -1.714221e+02
5.178482e-01 -9.781958e+00 -1.716099e+02
5.179482e-01 -9.717073e+00 -1.717610e+02
5.180482e-01 -9.391692e+00 -1.718763e+02
5.181482e-01 -9.260128e+00 -1.719568e+02
5.182482e-01 -9.050462e+00 -1.720037e+02
5.183482e-01 -8.837091e+00 -1.720179e+02
5.184482e-01 -8.430501e+00 -1.720004e+02
5.185481e-01 -8.032753e+00 -1.719521e+02
5.186481e-01 -7.625314e+00 -1.718740e+02
5.187481e-01 -7.128044e+00 -1.717669e+02
5.188481e-01 -6.680619e+00 -1.716319e+02
5.189481e-01 -6.328222e+00 -1.714699e+02
5.190481e-01 -5.774461e+00 -1.712822e+02
5.191481e-01 -5.160154e+00 -1.710700e+02
5.192481e-01 -4.712755e+00 -1.708348e+02
5.193481e-01 -4.176477e+00 -1.705781e+02
5.194481e-01 -3.611155e+00 -1.703018e+02
5.195480e-01 -2.938177e+00 -1.700082e+02
5.196480e-01 -2.324259e+00 -1.696993e+02
5.197480e-01 -1.705314e+00 -1.693779e+02
5.198480e-01 -1.099555e+00 -1.690468e+02
5.199480e-01 -4.028701e-01 -1.687088e+02
5.200480e-01 2.164902e-01 -1.683671e+02
5.201480e-01 7.688731e-01 -1.680249e+02
5.202480e-01 1.398711e+00 -1.676854e+02
5.203480e-01 2.116435e+00 -1.673521e+02
5.204480e-01 2.556118e+00 -1.670279e+02
5.205479e-01 3.263090e+00 -1.667160e+02
5.206479e-01 3.781055e+00 -1.664194e+02
5.207479e-01 4.356511e+00 -1.661407e+02
5.208479e-01 4.971734e+00 -1.658826e+02
5.209479e-01 5.456611e+00 -1.656471e+02
5.210479e-01 6.047225e+00 -1.654364e+02
5.211479e-01 6.449523e+00 -1.652523e+02
5.212479e-01 6.932954e+00 -1.650963e+02
5.213479e-01 7.298369e+00 -1.649697e+02
5.214479e-01 7.780523e+00 -1.648736e+02
5.215478e-01 8.096750e+00 -1.648092e+02
5.216478e-01 8.499513e+00 -1.647771e+02
5.217478e-01 8.812159e+00 -1.647780e+02
5.218478e-01 8.914317e+00 -1.648126e+02
5.219478e-01 9.243171e+00 -1.648815e+02
5.220478e-01 9.378950e+00 -1.649849e+02
5.221478e-01 9.664121e+00 -1.651234e+02
5.222478e-01 9.682583e+00 -1.652973e+02
5.223478e-01 9.884376e+00 -1.655070e+02
5.224478e-01 9.848926e+00 -1.657525e+02
5.225477e-01 9.843012e+00 -1.660343e+02
5.226477e-01 9.751915e+00 -1.663524e+02
5.227477e-01 9.767720e+00 -1.667069e+02
5.228477e-01 9.593703e+00 -1.670979e+02
5.229477e-01 9.397832e+00 -1.675253e+02
5.230477e-01 9.215968e+00 -1.679887e+02
5.231477e-01 9.110193e+00 -1.684881e+02
5.232477e-01 8.794497e+00 -1.690227e+02
5.233477e-01 8.491809e+00 -1.695919e+02
5.234477e-01 8.149714e+00 -1.701949e+02
5.235476e-01 7.798439e+00 -1.708306e+02
5.236476e-01 7.341995e+00 -1.714975e+02
5.237476e-01 6.922080e+00 -1.721943e+02
5.238476e-01 6.441437e+00 -1.729190e+02
5.239476e-01 6.044038e+00 -1.736696e+02
5.240476e-01 5.412174e+00 -1.744439e+02
5.241476e-01 4.952352e+00 -1.752395e+02
5.242476e-01 4.371662e+00 -1.760536e+02
5.243476e-01 3.850665e+00 -1.768838e+02
5.244476e-01 3.163058e+00 -1.777270e+02
5.245475e-01 2.623758e+00 -1.785807e+02
5.246475e-01 2.089835e+00 -1.794422e+02
5.247475e-01 1.457981e+00 -1.803087e+02
5.248475e-01 8.114835e-01 -1.811778e+02
5.249475e-01 1.909551e-01 -1.820472e+02
5.250475e-01 -4.644821e-01 -1.829148e+02
5.251475e-01 -1.047921e+00 -1.837786e+02
5.252475e-01 -1.738265e+00 -1.846368e+02
5.253475e-01 -2.267258e+00 -1.854876e+02
5.254475e-01 -2.911670e+00 -1.863294e+02
5.255474e-01 -3.466965e+00 -1.871605e+02
5.256474e-01 -4.096055e+00 -1.879792e+02
5.257474e-01 -4.653037e+00 -1.887836e+02
5.258474e-01 -5.217710e+00 -1.895717e+02
5.259474e-01 -5.716047e+00 -1.903413e+02
5.260474e-01 -6.305743e+00 -1.910901e+02
5.261474e-01 -6.810858e+00 -1.918155e+02
5.262474e-01 -7.251712e+00 -1.925148e+02
5.263474e-01 -7.676611e+00 -1.931854e+02
5.264474e-01 -8.028789e+00 -1.938245e+02
5.265473e-01 -8.434065e+00 -1.944295e+02
5.266473e-01 -8.806709e+00 -1.949979e+02
5.267473e-01 -9.120852e+00 -1.955274e+02
5.268473e-01 -9.313877e+00 -1.960162e+02
5.269473e-01 -9.587051e+00 -1.964625e+02
5.270473e-01 -9.738343e+00 -1.968651e+02
5.271473e-01 -9.880055e+00 -1.972230e+02
5.272473e-01 -1.006546e+01 -1.975358e+02
5.273473e-01 -1.025241e+01 -1.978031e+02
5.274473e-01 -1.013573e+01 -1.980252e+02
5.275472e-01 -1.011228e+01 -1.982023e+02
5.276472e-01 -1.011346e+01 -1.983351e+02
5.277472e-01 -1.010707e+01 -1.984246e+02
5.278472e-01 -9.925525e+00 -1.984717e+02
5.279472e-01 -9.760140e+00 -1.984777e+02
5.280472e-01 -9.489014e+00 -1.984440e+02
5.281472e-01 -9.293250e+00 -1.983719e+02
5.282472e-01 -9.095275e+00 -1.982630e+02
5.283472e-01 -8.813645e+00 -1.981190e+02
5.284472e-01 -8.438387e+00 -1.979413e+02
5.285471e-01 -8.078098e+00 -1.977318e+02
5.286471e-01 -7.719563e+00 -1.974921e+02
5.287471e-01 -7.192893e+00 -1.972237e+02
5.288471e-01 -6.868802e+00 -1.969284e+02
5.289471e-01 -6.364735e+00 -1.966075e+02
5.290471e-01 -5.848340e+00 -1.962626e+02
5.291471e-01 -5.334439e+00 -1.958951e+02
5.292471e-01 -4.845808e+00 -1.955062e+02
5.293471e-01 -4.179433e+00 -1.950972e+02
5.294471e-01 -3.636457e+00 -1.946692e+02
5.295470e-01 -3.027708e+00 -1.942235e+02
5.296470e-01 -2.355728e+00 -1.937612e+02
5.297470e-01 -1.722276e+00 -1.932836e+02
5.298470e-01 -1.136266e+00 -1.927922e+02
5.299470e-01 -5.840446e-01 -1.922885e+02
5.300470e-01 1.330224e-01 -1.917743e+02
5.301470e-01 7.257355e-01 -1.912519e+02
5.302470e-01 1.281467e+00 -1.907238e+02
5.303470e-01 1.948019e+00 -1.901927e+02
5.304470e-01 2.615010e+00 -1.896618e+02
5.305469e-01 3.136578e+00 -1.891347e+02
5.306469e-01 3.751029e+00 -1.886151e+02
5.307469e-01 4.221492e+00 -1.881066e+02
5.308469e-01 4.855691e+00 -1.876134e+02
5.309469e-01 5.553597e+00 -1.871391e+02
5.310469e-01 5.884585e+00 -1.866875e+02
5.311469e-01 6.378231e+00 -1.862619e+02
5.312469e-01 6.935526e+00 -1.858654e+02
5.313469e-01 7.206674e+00 -1.855004e+02
5.314469e-01 7.697661e+00 -1.851691e+02
5.315468e-01 8.100327e+00 -1.848732e+02
5.316468e-01 8.511031e+00 -1.846139e+02
5.317468e-01 8.675683e+00 -1.843919e+02
5.318468e-01 8.942533e+00 -1.842076e+02
5.319468e-01 9.164249e+00 -1.840610e+02
5.320468e-01 9.388178e+00 -1.839519e+02
5.321468e-01 9.599811e+00 -1.838800e+02
5.322468e-01 9.687012e+00 -1.838445e+02
5.323468e-01 9.655212e+00 -1.838449e+02
5.324468e-01 9.801776e+00 -1.838803e+02
5.325467e-01 9.856275e+00 -1.839500e+02
5.326467e-01 9.855042e+00 -1.840533e+02
5.327467e-01 9.623734e+00 -1.841893e+02
5.328467e-01 9.552668e+00 -1.843574e+02
5.329467e-01 9.349471e+00 -1.845569e+02
5.330467e-01 9.159751e+00 -1.847870e+02
5.331467e-01 8.962916e+00 -1.850472e+02
5.332467e-01 8.721118e+00 -1.853369e+02
5.333467e-01 8.403534e+00 -1.856555e+02
5.334467e-01 8.033161e+00 -1.860023e+02
5.335466e-01 7.647388e+00 -1.863769e+02
5.336466e-01 7.338084e+00 -1.867785e+02
5.337466e-01 6.857223e+00 -1.872064e+02
5.338466e-01 6.429592e+00 -1.876601e+02
5.339466e-01 5.925578e+00 -1.881386e+02
5.340466e-01 5.294838e+00 -1.886411e+02
5.341466e-01 4.929107e+00 -1.891666e+02
5.342466e-01 4.369456e+00 -1.897141e+02
5.343466e-01 3.836229e+00 -1.902823e+02
5.344466e-01 3.289782e+00 -1.908699e+02
5.345465e-01 2.645523e+00 -1.914755e+02
5.346465e-01 1.921978e+00 -1.920974e+02
5.347465e-01 1.364664e+00 -1.927338e+02
5.348465e-01 6.928843e-01 -1.933828e+02
5.349465e-01 1.337613e-01 -1.940422e+02
5.350465e-01 -4.940504e-01 -1.947096e+02
5.351465e-01 -1.200837e+00 -1.953828e+02
5.352465e-01 -1.773699e+00 -1.960589e+02
5.353465e-01 -2.453652e+00 -1.967353e+02
5.354465e-01 -2.964934e+00 -1.974090e+02
5.355464e-01 -3.540790e+00 -1.980772e+02
5.356464e-01 -4.146745e+00 -1.987369e+02
5.357464e-01 -4.774314e+00 -1.993851e+02
5.358464e-01 -5.276252e+00 -2.000190e+02
5.359464e-01 -5.789315e+00 -2.006360e+02
5.360464e-01 -6.285771e+00 -2.012333e+02
5.361464e-01 -6.796922e+00 -2.018089e+02
5.362464e-01 -7.295549e+00 -2.023605e+02
5.363464e-01 -7.731921e+00 -2.028864e+02
5.364464e-01 -8.092868e+00 -2.033852e+02
5.365463e-01 -8.435595e+00 -2.038558e+02
5.366463e-01 -8.856920e+00 -2.042973e+02
5.367463e-01 -9.124984e+00 -2.047093e+02
5.368463e-01 -9.310465e+00 -2.050915e+02
5.369463e-01 -9.722910e+00 -2.054439e+02
5.370463e-01 -9.823300e+00 -2.057669e+02
5.371463e-01 -1.004146e+01 -2.060608e+02
5.372463e-01 -1.014092e+01 -2.063263e+02
5.373463e-01 -1.013985e+01 -2.065642e+02
5.374463e-01 -1.013739e+01 -2.067752e+02
5.375462e-01 -1.022571e+01 -2.069604e+02
5.376462e-01 -1.018509e+01 -2.071207e+02
5.377462e-01 -1.008341e+01 -2.072571e+02
5.378462e-01 -1.005251e+01 -2.073706e+02
5.379462e-01 -9.785165e+00 -2.074623e+02
5.380462e-01 -9.656859e+00 -2.075330e+02
5.381462e-01 -9.450388e+00 -2.075838e+02
5.382462e-01 -9.099697e+00 -2.076156e+02
5.383462e-01 -8.858537e+00 -2.076293e+02
5.384462e-01 -8.488460e+00 -2.076259e+02
5.385461e-01 -8.139112e+00 -2.076061e+02
5.386461e-01 -7.783957e+00 -2.075709e+02
5.387461e-01 -7.352449e+00 -2.075211e+02
5.388461e-01 -6.873095e+00 -2.074574e+02
5.389461e-01 -6.380157e+00 -2.073808e+02
5.390461e-01 -5.863879e+00 -2.072919e+02
5.391461e-01 -5.285262e+00 -2.071916e+02
5.392461e-01 -4.746329e+00 -2.070808e+02
5.393461e-01 -4.286987e+00 -2.069602e+02
5.394461e-01 -3.636942e+00 -2.068306e+02
5.395460e-01 -3.051409e+00 -2.066930e+02
5.396460e-01 -2.442481e+00 -2.065481e+02
5.397460e-01 -1.946874e+00 -2.063968e+02
5.398460e-01 -1.209754e+00 -2.062401e+02
5.399460e-01 -6.279409e-01 -2.060787e+02
5.400460e-01 1.115203e-02 -2.059135e+02
5.401460e-01 6.095381e-01 -2.057454e+02
5.402460e-01 1.214652e+00 -2.055753e+02
5.403460e-01 1.976110e+00 -2.054039e+02
5.404460e-01 2.517659e+00 -2.052320e+02
5.405459e-01 3.128455e+00 -2.050605e+02
5.406459e-01 3.726958e+00 -2.048901e+02
5.407459e-01 4.201493e+00 -2.047214e+02
5.408459e-01 4.827797e+00 -2.045550e+02
5.409459e-01 5.374338e+00 -2.043916e+02
5.410459e-01 5.814265e+00 -2.042317e+02
5.411459e-01 6.382200e+00 -2.040757e+02
5.412459e-01 6.839146e+00 -2.039240e+02
5.413459e-01 7.125198e+00 -2.037769e+02
5.414459e-01 7.566398e+00 -2.036348e+02
5.415458e-01 8.010239e+00 -2.034978e+02
5.416458e-01 8.396156e+00 -2.033661e+02
5.417458e-01 8.678157e+00 -2.032398e+02
5.418458e-01 8.906714e+00 -2.031190e+02
5.419458e-01 9.108180e+00 -2.030037e+02
5.420458e-01 9.332376e+00 -2.028939e+02
5.421458e-01 9.482641e+00 -2.027894e+02
5.422458e-01 9.624717e+00 -2.026903e+02
5.423458e-01 9.608639e+00 -2.025963e+02
5.424458e-01 9.789328e+00 -2.025073e+02
5.425457e-01 9.794296e+00 -2.024231e+02
5.426457e-01 9.652328e+00 -2.023436e+02
5.427457e-01 9.667670e+00 -2.022685e+02
5.428457e-01 9.507702e+00 -2.021977e+02
5.429457e-01 9.413277e+00 -2.021308e+02
5.430457e-01 9.134486e+00 -2.020677e+02
5.431457e-01 8.905265e+00 -2.020081e+02
5.432457e-01 8.675887e+00 -2.019518e+02
5.433457e-01 8.318894e+00 -2.018984e+02
5.434457e-01 8.001756e+00 -2.018479e+02
5.435456e-01 7.709311e+00 -2.017999e+02
5.436456e-01 7.213545e+00 -2.017542e+02
5.437456e-01 6.870002e+00 -2.017105e+02
5.438456e-01 6.396322e+00 -2.016686e+02
5.439456e-01 5.891059e+00 -2.016282e+02
5.440456e-01 5.222257e+00 -2.015892e+02
5.441456e-01 4.849411e+00 -2.015512e+02
5.442456e-01 4.299916e+00 -2.015139e+02
5.443456e-01 3.678617e+00 -2.014772e+02
5.444456e-01 3.027687e+00 -2.014408e+02
5.445455e-01 2.538434e+00 -2.014044e+02
5.446455e-01 1.958864e+00 -2.013677e+02
5.447455e-01 1.221176e+00 -2.013305e+02
5.448455e-01 7.740967e-01 -2.012925e+02
5.449455e-01 -7.636115e-03 -2.012534e+02
5.450455e-01 -4.771514e-01 -2.012128e+02
5.451455e-01 -1.265919e+00 -2.011705e+02
5.452455e-01 -1.833127e+00 -2.011261e+02
5.453455e-01 -2.469187e+00 -2.010792e+02
5.454455e-01 -3.067351e+00 -2.010296e+02
5.455454e-01 -3.643661e+00 -2.009766e+02
5.456454e-01 -4.134658e+00 -2.009201e+02
5.457454e-01 -4.783562e+00 -2.008594e+02
5.458454e-01 -5.234310e+00 -2.007941e+02
5.459454e-01 -5.915951e+00 -2.007238e+02
5.460454e-01 -6.371322e+00 -2.006478e+02
5.461454e-01 -6.856319e+00 -2.005656e+02
5.462454e-01 -7.365031e+00 -2.004765e+02
5.463454e-01 -7.754883e+00 -2.003799e+02
5.464454e-01 -8.139164e+00 -2.002752e+02
5.465453e-01 -8.529726e+00 -2.001615e+02
5.466453e-01 -8.835445e+00 -2.000381e+02
5.467453e-01 -9.177429e+00 -1.999042e+02
5.468453e-01 -9.423598e+00 -1.997590e+02
5.469453e-01 -9.693571e+00 -1.996014e+02
5.470453e-01 -9.820917e+00 -1.994306e+02
5.471453e-01 -9.977132e+00 -1.992457e+02
5.472453e-01 -1.018037e+01 -1.990456e+02
5.473453e-01 -1.037754e+01 -1.988293e+02
5.474453e-01 -1.039496e+01 -1.985957e+02
5.475452e-01 -1.027953e+01 -1.983439e+02
5.476452e-01 -1.022602e+01 -1.980728e+02
5.477452e-01 -1.006864e+01 -1.977815e+02
5.478452e-01 -1.010692e+01 -1.974689e+02
5.479452e-01 -9.919893e+00 -1.971341e+02
5.480452e-01 -9.731106e+00 -1.967763e+02
5.481452e-01 -9.381270e+00 -1.963948e+02
5.482452e-01 -9.140133e+00 -1.959889e+02
5.483452e-01 -8.958354e+00 -1.955582e+02
5.484452e-01 -8.584985e+00 -1.951022e+02
5.485451e-01 -8.142688e+00 -1.946209e+02
5.486451e-01 -7.853027e+00 -1.941142e+02
5.487451e-01 -7.419614e+00 -1.935824e+02
5.488451e-01 -6.869065e+00 -1.930259e+02
5.489451e-01 -6.546446e+00 -1.924456e+02
5.490451e-01 -5.994283e+00 -1.918422e+02
5.491451e-01 -5.487276e+00 -1.912171e+02
5.492451e-01 -4.918205e+00 -1.905714e+02
5.493451e-01 -4.314185e+00 -1.899070e+02
5.494451e-01 -3.714300e+00 -1.892256e+02
5.495450e-01 -3.104702e+00 -1.885292e+02
5.496450e-01 -2.561763e+00 -1.878200e+02
5.497450e-01 -1.878524e+00 -1.871002e+02
5.498450e-01 -1.153588e+00 -1.863722e+02
5.499450e-01 -6.737356e-01 -1.856385e+02
5.500450e-01 -6.741669e-02 -1.849016e+02
5.501450e-01 6.409857e-01 -1.841640e+02
5.502450e-01 1.212588e+00 -1.834282e+02
5.503450e-01 1.827268e+00 -1.826969e+02
5.504450e-01 2.403948e+00 -1.819723e+02
5.505449e-01 3.168752e+00 -1.812569e+02
5.506449e-01 3.658316e+00 -1.805531e+02
5.507449e-01 4.220131e+00 -1.798629e+02
5.508449e-01 4.691485e+00 -1.791887e+02
5.509449e-01 5.265169e+00 -1.785322e+02
5.510449e-01 5.758118e+00 -1.778953e+02
5.511449e-01 6.248016e+00 -1.772797e+02
5.512449e-01 6.725680e+00 -1.766866e+02
5.513449e-01 7.176422e+00 -1.761175e+02
5.514449e-01 7.509869e+00 -1.755732e+02
5.515448e-01 7.947745e+00 -1.750545e+02
5.516448e-01 8.400920e+00 -1.745619e+02
5.517448e-01 8.599145e+00 -1.740958e+02
5.518448e-01 8.811754e+00 -1.736562e+02
5.519448e-01 9.104977e+00 -1.732429e+02
5.520448e-01 9.275080e+00 -1.728556e+02
5.521448e-01 9.491455e+00 -1.724938e+02
5.522448e-01 9.587065e+00 -1.721566e+02
5.523448e-01 9.745849e+00 -1.718434e+02
5.524448e-01 9.652970e+00 -1.715531e+02
5.525447e-01 9.683189e+00 -1.712847e+02
5.526447e-01 9.585056e+00 -1.710371e+02
5.527447e-01 9.581631e+00 -1.708091e+02
5.528447e-01 9.500433e+00 -1.705995e+02
5.529447e-01 9.190013e+00 -1.704073e+02
5.530447e-01 9.143815e+00 -1.702311e+02
5.531447e-01 8.796743e+00 -1.700699e+02
5.532447e-01 8.592414e+00 -1.699225e+02
5.533447e-01 8.345737e+00 -1.697878e+02
5.534447e-01 7.969044e+00 -1.696648e+02
5.535446e-01 7.640716e+00 -1.695525e+02
5.536446e-01 7.230661e+00 -1.694499e+02
5.537446e-01 6.883691e+00 -1.693562e+02
5.538446e-01 6.252174e+00 -1.692704e+02
5.539446e-01 5.735266e+00 -1.691919e+02
5.540446e-01 5.250571e+00 -1.691199e+02
5.541446e-01 4.799232e+00 -1.690536e+02
5.542446e-01 4.171103e+00 -1.689925e+02
5.543446e-01 3.665405e+00 -1.689358e+02
5.544446e-01 3.155417e+00 -1.688831e+02
5.545445e-01 2.481611e+00 -1.688338e+02
5.546445e-01 1.880604e+00 -1.687874e+02
5.547445e-01 1.243262e+00 -1.687433e+02
5.548445e-01 6.392092e-01 -1.687012e+02
5.549445e-01 -6.618026e-03 -1.686605e+02
5.550445e-01 -6.560980e-01 -1.686209e+02
5.551445e-01 -1.208560e+00 -1.685820e+02
5.552445e-01 -1.907793e+00 -1.685432e+02
5.553445e-01 -2.455579e+00 -1.685043e+02
5.554445e-01 -3.113730e+00 -1.684648e+02
5.555444e-01 -3.688117e+00 -1.684243e+02
5.556444e-01 -4.210874e+00 -1.683823e+02
5.557444e-01 -4.870810e+00 -1.683386e+02
5.558444e-01 -5.265922e+00 -1.682925e+02
5.559444e-01 -5.944402e+00 -1.682438e+02
5.560444e-01 -6.457451e+00 -1.681918e+02
5.561444e-01 -7.000320e+00 -1.681361e+02
5.562444e-01 -7.376820e+00 -1.680761e+02
5.563444e-01 -7.769961e+00 -1.680113e+02
5.564444e-01 -8.174949e+00 -1.679411e+02
5.565443e-01 -8.655030e+00 -1.678647e+02
5.566443e-01 -9.017630e+00 -1.677816e+02
5.567443e-01 -9.233360e+00 -1.676910e+02
5.568443e-01 -9.511299e+00 -1.675921e+02
5.569443e-01 -9.790840e+00 -1.674840e+02
5.570443e-01 -9.934638e+00 -1.673658e+02
5.571443e-01 -1.013894e+01 -1.672366e+02
5.572443e-01 -1.015528e+01 -1.670954e+02
5.573443e-01 -1.026162e+01 -1.669412e+02
5.574443e-01 -1.037413e+01 -1.667727e+02
5.575442e-01 -1.040065e+01 -1.665889e+02
5.576442e-01 -1.027796e+01 -1.663885e+02
5.577442e-01 -1.027891e+01 -1.661704e+02
5.578442e-01 -1.011535e+01 -1.659333e+02
5.579442e-01 -1.003514e+01 -1.656761e+02
5.580442e-01 -9.776079e+00 -1.653976e+02
5.581442e-01 -9.581125e+00 -1.650966e+02
5.582442e-01 -9.283254e+00 -1.647723e+02
5.583442e-01 -8.900184e+00 -1.644237e+02
5.584442e-01 -8.715388e+00 -1.640502e+02
5.585441e-01 -8.246516e+00 -1.636514e+02
5.586441e-01 -7.811247e+00 -1.632269e+02
5.587441e-01 -7.455837e+00 -1.627768e+02
5.588441e-01 -6.952581e+00 -1.623018e+02
5.589441e-01 -6.391238e+00 -1.618024e+02
5.590441e-01 -6.078416e+00 -1.612799e+02
5.591441e-01 -5.408518e+00 -1.607359e+02
5.592441e-01 -4.998574e+00 -1.601724e+02
5.593441e-01 -4.377041e+00 -1.595918e+02
5.594441e-01 -3.794672e+00 -1.589967e+02
5.595440e-01 -3.165016e+00 -1.583903e+02
5.596440e-01 -2.562635e+00 -1.577758e+02
5.597440e-01 -1.979663e+00 -1.571566e+02
5.598440e-01 -1.367805e+00 -1.565363e+02
5.599440e-01 -6.927225e-01 -1.559185e+02
5.600440e-01 -3.356601e-02 -1.553067e+02
5.601440e-01 5.265846e-01 -1.547041e+02
5.602440e-01 1.111957e+00 -1.541140e+02
5.603440e-01 1.755551e+00 -1.535392e+02
5.604440e-01 2.377075e+00 -1.529823e+02
5.605439e-01 2.948013e+00 -1.524454e+02
5.606439e-01 3.582739e+00 -1.519306e+02
5.607439e-01 4.083335e+00 -1.514393e+02
5.608439e-01 4.743489e+00 -1.509728e+02
5.609439e-01 5.278065e+00 -1.505320e+02
5.610439e-01 5.716181e+00 -1.501175e+02
5.611439e-01 6.211613e+00 -1.497299e+02
5.612439e-01 6.712762e+00 -1.493692e+02
5.613439e-01 7.007448e+00 -1.490356e+02
5.614439e-01 7.623547e+00 -1.487289e+02
5.615438e-01 7.837489e+00 -1.484489e+02
5.616438e-01 8.209389e+00 -1.481954e+02
5.617438e-01 8.594985e+00 -1.479680e+02
5.618438e-01 8.867551e+00 -1.477664e+02
5.619438e-01 9.137013e+00 -1.475903e+02
5.620438e-01 9.214795e+00 -1.474392e+02
5.621438e-01 9.383923e+00 -1.473128e+02
5.622438e-01 9.619215e+00 -1.472108e+02
5.623438e-01 9.559483e+00 -1.471330e+02
5.624438e-01 9.721128e+00 -1.470791e+02
5.625437e-01 9.610816e+00 -1.470488e+02
5.626437e-01 9.574956e+00 -1.470421e+02
5.627437e-01 9.508156e+00 -1.470588e+02
5.628437e-01 9.341736e+00 -1.470987e+02
5.629437e-01 9.194074e+00 -1.471618e+02
5.630437e-01 9.086589e+00 -1.472479e+02
5.631437e-01 8.821439e+00 -1.473570e+02
5.632437e-01 8.506687e+00 -1.474888e+02
5.633437e-01 8.288219e+00 -1.476432e+02
5.634437e-01 7.751793e+00 -1.478199e+02
5.635436e-01 7.583655e+00 -1.480184e+02
5.636436e-01 7.192666e+00 -1.482384e+02
5.637436e-01 6.659336e+00 -1.484792e+02
5.638436e-01 6.277767e+00 -1.487399e+02
5.639436e-01 5.715787e+00 -1.490197e+02
5.640436e-01 5.267496e+00 -1.493173e+02
5.641436e-01 4.621952e+00 -1.496313e+02
5.642436e-01 4.115477e+00 -1.499603e+02
5.643436e-01 3.608227e+00 -1.503024e+02
5.644436e-01 3.049321e+00 -1.506558e+02
5.645435e-01 2.449820e+00 -1.510182e+02
5.646435e-01 1.865875e+00 -1.513875e+02
5.647435e-01 1.186459e+00 -1.517614e+02
5.648435e-01 5.843942e-01 -1.521374e+02
5.649435e-01 -2.875664e-02 -1.525131e+02
5.650435e-01 -7.300223e-01 -1.528860e+02
5.651435e-01 -1.281068e+00 -1.532538e+02
5.652435e-01 -1.954910e+00 -1.536142e+02
5.653435e-01 -2.500725e+00 -1.539649e+02
5.654435e-01 -3.199074e+00 -1.543038e+02
5.655434e-01 -3.823005e+00 -1.546288e+02
5.656434e-01 -4.344154e+00 -1.549381e+02
5.657434e-01 -4.914612e+00 -1.552298e+02
5.658434e-01 -5.503195e+00 -1.555022e+02
5.659434e-01 -6.048493e+00 -1.557537e+02
5.660434e-01 -6.461076e+00 -1.559826e+02
5.661434e-01 -6.902068e+00 -1.561875e+02
5.662434e-01 -7.417270e+00 -1.563667e+02
5.663434e-01 -7.949099e+00 -1.565187e+02
5.664434e-01 -8.270393e+00 -1.566421e+02
5.665433e-01 -8.595034e+00 -1.567351e+02
5.666433e-01 -8.986362e+00 -1.567964e+02
5.667433e-01 -9.311638e+00 -1.568243e+02
5.668433e-01 -9.660643e+00 -1.568172e+02
5.669433e-01 -9.799306e+00 -1.567738e+02
5.670433e-01 -1.003160e+01 -1.566925e+02
5.671433e-01 -1.011421e+01 -1.565720e+02
5.672433e-01 -1.032639e+01 -1.564113e+02
5.673433e-01 -1.037410e+01 -1.562093e+02
5.674433e-01 -1.032492e+01 -1.559653e+02
5.675432e-01 -1.038687e+01 -1.556789e+02
5.676432e-01 -1.037057e+01 -1.553499e+02
5.677432e-01 -1.027943e+01 -1.549786e+02
5.678432e-01 -1.020514e+01 -1.545653e+02
5.679432e-01 -9.992776e+00 -1.541109e+02
5.680432e-01 -9.842978e+00 -1.536163e+02
5.681432e-01 -9.644079e+00 -1.530828e+02
5.682432e-01 -9.291037e+00 -1.525118e+02
5.683432e-01 -9.054360e+00 -1.519047e+02
5.684432e-01 -8.654199e+00 -1.512631e+02
5.685431e-01 -8.343853e+00 -1.505884e+02
5.686431e-01 -7.972420e+00 -1.498820e+02
5.687431e-01 -7.572887e+00 -1.491454e+02
5.688431e-01 -7.089864e+00 -1.483799e+02
5.689431e-01 -6.520911e+00 -1.475870e+02
5.690431e-01 -6.108532e+00 -1.467681e+02
5.691431e-01 -5.476300e+00 -1.459247e+02
5.692431e-01 -4.927196e+00 -1.450586e+02
5.693431e-01 -4.504032e+00 -1.441718e+02
5.694431e-01 -3.841334e+00 -1.432663e+02
5.695430e-01 -3.225290e+00 -1.423447e+02
5.696430e-01 -2.625293e+00 -1.414095e+02
5.697430e-01 -2.042312e+00 -1.404635e+02
5.698430e-01 -1.367630e+00 -1.395097e+02
5.699430e-01 -7.769959e-01 -1.385510e+02
5.700430e-01 -1.391411e-01 -1.375905e+02
5.701430e-01 4.138578e-01 -1.366310e+02
5.702430e-01 1.106574e+00 -1.356754e+02
5.703430e-01 1.714005e+00 -1.347264e+02
5.704430e-01 2.314114e+00 -1.337864e+02
5.705429e-01 2.985712e+00 -1.328577e+02
5.706429e-01 3.515130e+00 -1.319426e+02
5.707429e-01 4.099906e+00 -1.310428e+02
5.708429e-01 4.616201e+00 -1.301603e+02
5.709429e-01 5.153225e+00 -1.292967e+02
5.710429e-01 5.651939e+00 -1.284535e+02
5.711429e-01 6.067842e+00 -1.276321e+02
5.712429e-01 6.651351e+00 -1.268341e+02
5.713429e-01 6.971341e+00 -1.260608e+02
5.714429e-01 7.591018e+00 -1.253138e+02
5.715428e-01 7.765060e+00 -1.245945e+02
5.716428e-01 8.154546e+00 -1.239047e+02
5.717428e-01 8.510225e+00 -1.232461e+02
5.718428e-01 8.757150e+00 -1.226202e+02
5.719428e-01 8.924481e+00 -1.220290e+02
5.720428e-01 9.159387e+00 -1.214741e+02
5.721428e-01 9.286645e+00 -1.209568e+02
5.722428e-01 9.509684e+00 -1.204785e+02
5.723428e-01 9.452418e+00 -1.200403e+02
5.724428e-01 9.497965e+00 -1.196427e+02
5.725427e-01 9.632684e+00 -1.192861e+02
5.726427e-01 9.562564e+00 -1.189703e+02
5.727427e-01 9.372944e+00 -1.186951e+02
5.728427e-01 9.363458e+00 -1.184597e+02
5.729427e-01 9.302930e+00 -1.182631e+02
5.730427e-01 8.949191e+00 -1.181040e+02
5.731427e-01 8.721142e+00 -1.179811e+02
5.732427e-01 8.600147e+00 -1.178929e+02
5.733427e-01 8.235392e+00 -1.178379e+02
5.734427e-01 7.857367e+00 -1.178146e+02
5.735426e-01 7.487836e+00 -1.178213e+02
5.736426e-01 7.047100e+00 -1.178567e+02
5.737426e-01 6.577883e+00 -1.179192e+02
5.738426e-01 6.059671e+00 -1.180075e+02
5.739426e-01 5.737244e+00 -1.181200e+02
5.740426e-01 5.245053e+00 -1.182553e+02
5.741426e-01 4.679811e+00 -1.184120e+02
5.742426e-01 4.119407e+00 -1.185883e+02
5.743426e-01 3.537045e+00 -1.187826e+02
5.744426e-01 2.990176e+00 -1.189930e+02
5.745425e-01 2.419073e+00 -1.192173e+02
5.746425e-01 1.759165e+00 -1.194533e+02
5.747425e-01 1.132399e+00 -1.196985e+02
5.748425e-01 4.176528e-01 -1.199503e+02
5.749425e-01 -1.084753e-01 -1.202059e+02
5.750425e-01 -8.165074e-01 -1.204624e+02
5.751425e-01 -1.346214e+00 -1.207167e+02
5.752425e-01 -1.979126e+00 -1.209661e+02
5.753425e-01 -2.593121e+00 -1.212076e+02
5.754425e-01 -3.131800e+00 -1.214386e+02
5.755424e-01 -3.729489e+00 -1.216563e+02
5.756424e-01 -4.380152e+00 -1.218586e+02
5.757424e-01 -4.943668e+00 -1.220432e+02
5.758424e-01 -5.397984e+00 -1.222083e+02
5.759424e-01 -6.000327e+00 -1.223521e+02
5.760424e-01 -6.541048e+00 -1.224733e+02
5.761424e-01 -7.086634e+00 -1.225704e+02
5.762424e-01 -7.523274e+00 -1.226423e+02
5.763424e-01 -7.943951e+00 -1.226878e+02
5.764424e-01 -8.337283e+00 -1.227058e+02
5.765423e-01 -8.791224e+00 -1.226951e+02
5.766423e-01 -9.021753e+00 -1.226544e+02
5.767423e-01 -9.419236e+00 -1.225825e+02
5.768423e-01 -9.665463e+00 -1.224778e+02
5.769423e-01 -9.792977e+00 -1.223388e+02
5.770423e-01 -1.004729e+01 -1.221637e+02
5.771423e-01 -1.009715e+01 -1.219509e+02
5.772423e-01 -1.034743e+01 -1.216986e+02
5.773423e-01 -1.036036e+01 -1.214050e+02
5.774423e-01 -1.061732e+01 -1.210687e+02
5.775422e-01 -1.043810e+01 -1.206883e+02
5.776422e-01 -1.038358e+01 -1.202631e+02
5.777422e-01 -1.041046e+01 -1.197924e+02
5.778422e-01 -1.027406e+01 -1.192765e+02
5.779422e-01 -1.007907e+01 -1.187161e+02
5.780422e-01 -9.790244e+00 -1.181126e+02
5.781422e-01 -9.663647e+00 -1.174677e+02
5.782422e-01 -9.440774e+00 -1.167838e+02
5.783422e-01 -9.162398e+00 -1.160637e+02
5.784422e-01 -8.772651e+00 -1.153102e+02
5.785421e-01 -8.476352e+00 -1.145261e+02
5.786421e-01 -8.021901e+00 -1.137142e+02
5.787421e-01 -7.540545e+00 -1.128771e+02
5.788421e-01 -7.162151e+00 -1.120168e+02
5.789421e-01 -6.643934e+00 -1.111352e+02
5.790421e-01 -6.101328e+00 -1.102337e+02
5.791421e-01 -5.569073e+00 -1.093137e+02
5.792421e-01 -5.061570e+00 -1.083761e+02
5.793421e-01 -4.505670e+00 -1.074220e+02
5.794421e-01 -3.908338e+00 -1.064527e+02
5.795420e-01 -3.308718e+00 -1.054695e+02
5.796420e-01 -2.709345e+00 -1.044740e+02
5.797420e-01 -2.075896e+00 -1.034682e+02
5.798420e-01 -1.478713e+00 -1.024543e+02
5.799420e-01 -7.363950e-01 -1.014349e+02
5.800420e-01 -1.927133e-01 -1.004128e+02
5.801420e-01 4.490836e-01 -9.939066e+01
5.802420e-01 9.755422e-01 -9.837152e+01
5.803420e-01 1.606451e+00 -9.735818e+01
5.804420e-01 2.228028e+00 -9.635337e+01
5.805419e-01 2.856945e+00 -9.535963e+01
5.806419e-01 3.420758e+00 -9.437928e+01
5.807419e-01 4.012434e+00 -9.341444e+01
5.808419e-01 4.486804e+00 -9.246703e+01
5.809419e-01 4.924225e+00 -9.153883e+01
5.810419e-01 5.711133e+00 -9.063152e+01
5.811419e-01 6.075332e+00 -8.974670e+01
5.812419e-01 6.543528e+00 -8.888602e+01
5.813419e-01 6.998360e+00 -8.805115e+01
5.814419e-01 7.416983e+00 -8.724380e+01
5.815418e-01 7.719123e+00 -8.646578e+01
5.816418e-01 8.090527e+00 -8.571890e+01
5.817418e-01 8.389687e+00 -8.500500e+01
5.818418e-01 8.711728e+00 -8.432583e+01
5.819418e-01 8.872222e+00 -8.368304e+01
5.820418e-01 9.080324e+00 -8.307809e+01
5.821418e-01 9.175546e+00 -8.251221e+01
5.822418e-01 9.409629e+00 -8.198635e+01
5.823418e-01 9.429567e+00 -8.150113e+01
5.824418e-01 9.523165e+00 -8.105689e+01
5.825417e-01 9.475709e+00 -8.065364e+01
5.826417e-01 9.430122e+00 -8.029111e+01
5.827417e-01 9.458591e+00 -7.996875e+01
5.828417e-01 9.203868e+00 -7.968582e+01
5.829417e-01 9.082587e+00 -7.944139e+01
5.830417e-01 8.836170e+00 -7.923439e+01
5.831417e-01 8.651387e+00 -7.906368e+01
5.832417e-01 8.520761e+00 -7.892802e+01
5.833417e-01 8.137804e+00 -7.882615e+01
5.834417e-01 7.733419e+00 -7.875677e+01
5.835416e-01 7.511052e+00 -7.871858e+01
5.836416e-01 7.060140e+00 -7.871023e+01
5.837416e-01 6.548493e+00 -7.873037e+01
5.838416e-01 6.303594e+00 -7.877759e+01
5.839416e-01 5.708511e+00 -7.885043e+01
5.840416e-01 5.215477e+00 -7.894733e+01
5.841416e-01 4.635197e+00 -7.906664e+01
5.842416e-01 4.099037e+00 -7.920660e+01
5.843416e-01 3.622619e+00 -7.936529e+01
5.844416e-01 2.944797e+00 -7.954067e+01
5.845415e-01 2.290807e+00 -7.973053e+01
5.846415e-01 1.705990e+00 -7.993251e+01
5.847415e-01 1.138658e+00 -8.014413e+01
5.848415e-01 5.437644e-01 -8.036280e+01
5.849415e-01 -2.026695e-01 -8.058582e+01
5.850415e-01 -8.249582e-01 -8.081046e+01
5.851415e-01 -1.464113e+00 -8.103396e+01
5.852415e-01 -2.023024e+00 -8.125358e+01
5.853415e-01 -2.635105e+00 -8.146663e+01
5.854415e-01 -3.246342e+00 -8.167051e+01
5.855414e-01 -3.734391e+00 -8.186275e+01
5.856414e-01 -4.461622e+00 -8.204101e+01
5.857414e-01 -4.983311e+00 -8.220311e+01
5.858414e-01 -5.554293e+00 -8.234702e+01
5.859414e-01 -6.135246e+00 -8.247088e+01
5.860414e-01 -6.562412e+00 -8.257297e+01
5.861414e-01 -7.024283e+00 -8.265171e+01
5.862414e-01 -7.582926e+00 -8.270562e+01
5.863414e-01 -7.967253e+00 -8.273334e+01
5.864414e-01 -8.345319e+00 -8.273354e+01
5.865413e-01 -8.744602e+00 -8.270497e+01
5.866413e-01 -9.132722e+00 -8.264636e+01
5.867413e-01 -9.485513e+00 -8.255648e+01
5.868413e-01 -9.638521e+00 -8.243408e+01
5.869413e-01 -9.959282e+00 -8.227787e+01
5.870413e-01 -1.015877e+01 -8.208659e+01
5.871413e-01 -1.021039e+01 -8.185895e+01
5.872413e-01 -1.028951e+01 -8.159368e+01
5.873413e-01 -1.046531e+01 -8.128955e+01
5.874413e-01 -1.054839e+01 -8.094542e+01
5.875412e-01 -1.045910e+01 -8.056026e+01
5.876412e-01 -1.046960e+01 -8.013320e+01
5.877412e-01 -1.038780e+01 -7.966362e+01
5.878412e-01 -1.027066e+01 -7.915114e+01
5.879412e-01 -1.006246e+01 -7.859573e+01
5.880412e-01 -9.947398e+00 -7.799770e+01
5.881412e-01 -9.689937e+00 -7.735777e+01
5.882412e-01 -9.477172e+00 -7.667703e+01
5.883412e-01 -9.247705e+00 -7.595702e+01
5.884412e-01 -8.824461e+00 -7.519962e+01
5.885411e-01 -8.425573e+00 -7.440707e+01
5.886411e-01 -7.937102e+00 -7.358186e+01
5.887411e-01 -7.682395e+00 -7.272672e+01
5.888411e-01 -7.158790e+00 -7.184449e+01
5.889411e-01 -6.718218e+00 -7.093803e+01
5.890411e-01 -6.134442e+00 -7.001021e+01
5.891411e-01 -5.660704e+00 -6.906376e+01
5.892411e-01 -5.008602e+00 -6.810130e+01
5.893411e-01 -4.595222e+00 -6.712525e+01
5.894411e-01 -3.934991e+00 -6.613786e+01
5.895410e-01 -3.428737e+00 -6.514119e+01
5.896410e-01 -2.758503e+00 -6.413717e+01
5.897410e-01 -2.177695e+00 -6.312759e+01
5.898410e-01 -1.480858e+00 -6.211422e+01
5.899410e-01 -9.439522e-01 -6.109877e+01
5.900410e-01 -2.820637e-01 -6.008300e+01
5.901410e-01 3.311448e-01 -5.906873e+01
5.902410e-01 9.329349e-01 -5.805787e+01
5.903410e-01 1.581706e+00 -5.705245e+01
5.904410e-01 2.198941e+00 -5.605458e+01
5.905409e-01 2.806312e+00 -5.506652e+01
5.906409e-01 3.297275e+00 -5.409057e+01
5.907409e-01 3.980427e+00 -5.312914e+01
5.908409e-01 4.453494e+00 -5.218463e+01
5.909409e-01 4.975434e+00 -5.125947e+01
5.910409e-01 5.590107e+00 -5.035603e+01
5.911409e-01 6.011430e+00 -4.947665e+01
5.912409e-01 6.439254e+00 -4.862352e+01
5.913409e-01 6.880475e+00 -4.779876e+01
5.914409e-01 7.310794e+00 -4.700433e+01
5.915408e-01 7.667398e+00 -4.624203e+01
5.916408e-01 8.055322e+00 -4.551350e+01
5.917408e-01 8.375288e+00 -4.482020e+01
5.918408e-01 8.647848e+00 -4.416342e+01
5.919408e-01 8.878856e+00 -4.354427e+01
5.920408e-01 9.052815e+00 -4.296369e+01
5.921408e-01 9.192947e+00 -4.242243e+01
5.922408e-01 9.259225e+00 -4.192109e+01
5.923408e-01 9.429582e+00 -4.146007e+01
5.924408e-01 9.482603e+00 -4.103962e+01
5.925407e-01 9.510873e+00 -4.065983e+01
5.926407e-01 9.322234e+00 -4.032061e+01
5.927407e-01 9.339282e+00 -4.002171e+01
5.928407e-01 9.217122e+00 -3.976274e+01
5.929407e-01 9.116942e+00 -3.954314e+01
5.930407e-01 8.834557e+00 -3.936221e+01
5.931407e-01 8.601043e+00 -3.921909e+01
5.932407e-01 8.361063e+00 -3.911282e+01
5.933407e-01 8.063120e+00 -3.904227e+01
5.934407e-01 7.746312e+00 -3.900621e+01
5.935406e-01 7.309720e+00 -3.900329e+01
5.936406e-01 7.007033e+00 -3.903207e+01
5.937406e-01 6.634194e+00 -3.909098e+01
5.938406e-01 6.023161e+00 -3.917840e+01
5.939406e-01 5.643537e+00 -3.929259e+01
5.940406e-01 5.056941e+00 -3.943176e+01
5.941406e-01 4.577949e+00 -3.959402e+01
5.942406e-01 4.015763e+00 -3.977742e+01
5.943406e-01 3.369970e+00 -3.997992e+01
5.944406e-01 2.849441e+00 -4.019944e+01
5.945405e-01 2.297838e+00 -4.043378e+01
5.946405e-01 1.741867e+00 -4.068070e+01
5.947405e-01 1.155843e+00 -4.093787e+01
5.948405e-01 4.041016e-01 -4.120291e+01
5.949405e-01 -2.844750e-01 -4.147336e+01
5.950405e-01 -7.895585e-01 -4.174672e+01
5.951405e-01 -1.459089e+00 -4.202044e+01
5.952405e-01 -2.029858e+00 -4.229192e+01
5.953405e-01 -2.624168e+00 -4.255858e+01
5.954405e-01 -3.266130e+00 -4.281782e+01
5.955404e-01 -3.877151e+00 -4.306707e+01
5.956404e-01 -4.426837e+00 -4.330380e+01
5.957404e-01 -5.058362e+00 -4.352555e+01
5.958404e-01 -5.598354e+00 -4.372995e+01
5.959404e-01 -6.153282e+00 -4.391472e+01
5.960404e-01 -6.605893e+00 -4.407771e+01
5.961404e-01 -7.091209e+00 -4.421691e+01
5.962404e-01 -7.647056e+00 -4.433047e+01
5.963404e-01 -7.979506e+00 -4.441666e+01
5.964404e-01 -8.494509e+00 -4.447397e+01
5.965403e-01 -8.811820e+00 -4.450100e+01
5.966403e-01 -9.318950e+00 -4.449654e+01
5.967403e-01 -9.484918e+00 -4.445953e+01
5.968403e-01 -9.738370e+00 -4.438907e+01
5.969403e-01 -9.906849e+00 -4.428436e+01
5.970403e-01 -1.015871e+01 -4.414476e+01
5.971403e-01 -1.036281e+01 -4.396972e+01
5.972403e-01 -1.031388e+01 -4.375879e+01
5.973403e-01 -1.055717e+01 -4.351159e+01
5.974403e-01 -1.063902e+01 -4.322783e+01
5.975402e-01 -1.054813e+01 -4.290726e+01
5.976402e-01 -1.055062e+01 -4.254973e+01
5.977402e-01 -1.047233e+01 -4.215511e+01
5.978402e-01 -1.041075e+01 -4.172339e+01
5.979402e-01 -1.021014e+01 -4.125461e+01
5.980402e-01 -1.006699e+01 -4.074895e+01
5.981402e-01 -9.755565e+00 -4.020671e+01
5.982402e-01 -9.631575e+00 -3.962835e+01
5.983402e-01 -9.092911e+00 -3.901455e+01
5.984402e-01 -8.915650e+00 -3.836620e+01
5.985401e-01 -8.544818e+00 -3.768442e+01
5.986401e-01 -8.048479e+00 -3.697063e+01
5.987401e-01 -7.613448e+00 -3.622647e+01
5.988401e-01 -7.235589e+00 -3.545389e+01
5.989401e-01 -6.788870e+00 -3.465504e+01
5.990401e-01 -6.275452e+00 -3.383229e+01
5.991401e-01 -5.772046e+00 -3.298817e+01
5.992401e-01 -5.166173e+00 -3.212532e+01
5.993401e-01 -4.657069e+00 -3.124644e+01
5.994401e-01 -4.027553e+00 -3.035424e+01
5.995400e-01 -3.427822e+00 -2.945139e+01
5.996400e-01 -2.844012e+00 -2.854047e+01
5.997400e-01 -2.212512e+00 -2.762399e+01
5.998400e-01 -1.596972e+00 -2.670436e+01
5.999400e-01 -9.707090e-01 -2.578386e+01
6.000400e-01 -2.192604e-01 -2.486470e+01
6.001400e-01 3.839721e-01 -2.394900e+01
6.002400e-01 8.408765e-01 -2.303884e+01
6.003400e-01 1.591195e+00 -2.213626e+01
6.004400e-01 2.123155e+00 -2.124329e+01
6.005399e-01 2.710825e+00 -2.036195e+01
6.006399e-01 3.281033e+00 -1.949428e+01
6.007399e-01 3.907562e+00 -1.864234e+01
6.008399e-01 4.444769e+00 -1.780823e+01
6.009399e-01 5.009673e+00 -1.699405e+01
6.010399e-01 5.489259e+00 -1.620192e+01
6.011399e-01 5.986153e+00 -1.543396e+01
6.012399e-01 6.410613e+00 -1.469230e+01
6.013399e-01 6.828268e+00 -1.397902e+01
6.014399e-01 7.316091e+00 -1.329617e+01
6.015398e-01 7.687906e+00 -1.264570e+01
6.016398e-01 7.965852e+00 -1.202948e+01
6.017398e-01 8.228413e+00 -1.144923e+01
6.018398e-01 8.610288e+00 -1.090653e+01
6.019398e-01 8.754515e+00 -1.040274e+01
6.020398e-01 8.986794e+00 -9.939014e+00
6.021398e-01 9.065280e+00 -9.516277e+00
6.022398e-01 9.254381e+00 -9.135190e+00
6.023398e-01 9.380831e+00 -8.796159e+00
6.024398e-01 9.421995e+00 -8.499329e+00
6.025397e-01 9.335159e+00 -8.244597e+00
6.026397e-01 9.308483e+00 -8.031625e+00
6.027397e-01 9.275235e+00 -7.859861e+00
6.028397e-01 9.195453e+00 -7.728570e+00
6.029397e-01 9.029883e+00 -7.636859e+00
6.030397e-01 8.812004e+00 -7.583711e+00
6.031397e-01 8.594004e+00 -7.568012e+00
6.032397e-01 8.192546e+00 -7.588584e+00
6.033397e-01 8.060215e+00 -7.644205e+00
6.034397e-01 7.705663e+00 -7.733635e+00
6.035396e-01 7.314265e+00 -7.855625e+00
6.036396e-01 6.914367e+00 -8.008927e+00
6.037396e-01 6.411781e+00 -8.192297e+00
6.038396e-01 6.141426e+00 -8.404493e+00
6.039396e-01 5.603579e+00 -8.644256e+00
6.040396e-01 5.096978e+00 -8.910301e+00
6.041396e-01 4.566328e+00 -9.201292e+00
6.042396e-01 3.963943e+00 -9.515817e+00
6.043396e-01 3.417606e+00 -9.852358e+00
6.044396e-01 2.900168e+00 -1.020927e+01
6.045395e-01 2.262860e+00 -1.058474e+01
6.046395e-01 1.624111e+00 -1.097680e+01
6.047395e-01 1.080609e+00 -1.138325e+01
6.048395e-01 3.585207e-01 -1.180171e+01
6.049395e-01 -2.245280e-01 -1.222959e+01
6.050395e-01 -9.195277e-01 -1.266412e+01
6.051395e-01 -1.511288e+00 -1.310233e+01
6.052395e-01 -2.160956e+00 -1.354115e+01
6.053395e-01 -2.651453e+00 -1.397740e+01
6.054395e-01 -3.351233e+00 -1.440787e+01
6.055394e-01 -3.962732e+00 -1.482933e+01
6.056394e-01 -4.484855e+00 -1.523865e+01
6.057394e-01 -5.082511e+00 -1.563281e+01
6.058394e-01 -5.596476e+00 -1.600896e+01
6.059394e-01 -6.150770e+00 -1.636447e+01
6.060394e-01 -6.615960e+00 -1.669693e+01
6.061394e-01 -7.196948e+00 -1.700421e+01
6.062394e-01 -7.628079e+00 -1.728447e+01
6.063394e-01 -8.137988e+00 -1.753613e+01
6.064394e-01 -8.586178e+00 -1.775788e+01
6.065393e-01 -8.796591e+00 -1.794865e+01
6.066393e-01 -9.155294e+00 -1.810763e+01
6.067393e-01 -9.678828e+00 -1.823418e+01
6.068393e-01 -9.772939e+00 -1.832784e+01
6.069393e-01 -1.010458e+01 -1.838830e+01
6.070393e-01 -1.024316e+01 -1.841535e+01
6.071393e-01 -1.039184e+01 -1.840885e+01
6.072393e-01 -1.049103e+01 -1.836876e+01
6.073393e-01 -1.056434e+01 -1.829505e+01
6.074393e-01 -1.055991e+01 -1.818772e+01
6.075392e-01 -1.061987e+01 -1.804679e+01
6.076392e-01 -1.062737e+01 -1.787230e+01
6.077392e-01 -1.052614e+01 -1.766430e+01
6.078392e-01 -1.042555e+01 -1.742285e+01
6.079392e-01 -1.020741e+01 -1.714804e+01
6.080392e-01 -1.002715e+01 -1.684000e+01
6.081392e-01 -9.808108e+00 -1.649895e+01
6.082392e-01 -9.669775e+00 -1.612515e+01
6.083392e-01 -9.239872e+00 -1.571899e+01
6.084392e-01 -8.956217e+00 -1.528099e+01
6.085391e-01 -8.572702e+00 -1.481181e+01
6.086391e-01 -8.301884e+00 -1.431230e+01
6.087391e-01 -7.712296e+00 -1.378346e+01
6.088391e-01 -7.254056e+00 -1.322653e+01
6.089391e-01 -6.856015e+00 -1.264293e+01
6.090391e-01 -6.353300e+00 -1.203429e+01
6.091391e-01 -5.734161e+00 -1.140242e+01
6.092391e-01 -5.256979e+00 -1.074932e+01
6.093391e-01 -4.631397e+00 -1.007713e+01
6.094391e-01 -4.110575e+00 -9.388117e+00
6.095390e-01 -3.504133e+00 -8.684650e+00
6.096390e-01 -2.936676e+00 -7.969158e+00
6.097390e-01 -2.301793e+00 -7.244109e+00
6.098390e-01 -1.647440e+00 -6.511985e+00
6.099390e-01 -1.060082e+00 -5.775262e+00
6.100390e-01 -4.643288e-01 -5.036399e+00
6.101390e-01 2.472128e-01 -4.297826e+00
6.102390e-01 8.444666e-01 -3.561946e+00
6.103390e-01 1.498330e+00 -2.831131e+00
6.104390e-01 2.074051e+00 -2.107724e+00
6.105389e-01 2.706755e+00 -1.394039e+00
6.106389e-01 3.300315e+00 -6.923507e-01
6.107389e-01 3.902422e+00 -4.894207e-03
6.108389e-01 4.381019e+00 6.661559e-01
6.109389e-01 4.972480e+00 1.318702e+00
6.110389e-01 5.343114e+00 1.950750e+00
6.111389e-01 5.937679e+00 2.560432e+00
6.112389e-01 6.284636e+00 3.146033e+00
6.113389e-01 6.794401e+00 3.706018e+00
6.114389e-01 7.104421e+00 4.239050e+00
6.115388e-01 7.574011e+00 4.744006e+00
6.116388e-01 7.909624e+00 5.219979e+00
6.117388e-01 8.253443e+00 5.666283e+00
6.118388e-01 8.518905e+00 6.082444e+00
6.119388e-01 8.741434e+00 6.468182e+00
6.120388e-01 8.932000e+00 6.823393e+00
6.121388e-01 9.118996e+00 7.148124e+00
6.122388e-01 9.233689e+00 7.442545e+00
6.123388e-01 9.334265e+00 7.706922e+00
6.124388e-01 9.396673e+00 7.941589e+00
6.125387e-01 9.423372e+00 8.146922e+00
6.126387e-01 9.258126e+00 8.323316e+00
6.127387e-01 9.212440e+00 8.471165e+00
6.128387e-01 9.076998e+00 8.590849e+00
6.129387e-01 9.036446e+00 8.682723e+00
6.130387e-01 8.797995e+00 8.747111e+00
6.131387e-01 8.619384e+00 8.784307e+00
6.132387e-01 8.273941e+00 8.794578e+00
6.133387e-01 8.062934e+00 8.778178e+00
6.134387e-01 7.579362e+00 8.735362e+00
6.135386e-01 7.295518e+00 8.666401e+00
6.136386e-01 6.974163e+00 8.571613e+00
6.137386e-01 6.403390e+00 8.451386e+00
6.138386e-01 5.927458e+00 8.306206e+00
6.139386e-01 5.587316e+00 8.136689e+00
6.140386e-01 4.998960e+00 7.943612e+00
6.141386e-01 4.517641e+00 7.727940e+00
6.142386e-01 3.930233e+00 7.490851e+00
6.143386e-01 3.398426e+00 7.233755e+00
6.144386e-01 2.761111e+00 6.958303e+00
6.145385e-01 2.251588e+00 6.666397e+00
6.146385e-01 1.541479e+00 6.360173e+00
6.147385e-01 9.020417e-01 6.041994e+00
6.148385e-01 3.858632e-01 5.714410e+00
6.149385e-01 -2.569874e-01 5.380131e+00
6.150385e-01 -9.456810e-01 5.041974e+00
6.151385e-01 -1.571545e+00 4.702810e+00
6.152385e-01 -2.153096e+00 4.365515e+00
6.153385e-01 -2.729837e+00 4.032906e+00
6.154385e-01 -3.269707e+00 3.707698e+00
6.155384e-01 -3.984690e+00 3.392446e+00
6.156384e-01 -4.528766e+00 3.089518e+00
6.157384e-01 -5.168792e+00 2.801056e+00
6.158384e-01 -5.730862e+00 2.528964e+00
6.159384e-01 -6.269439e+00 2.274897e+00
6.160384e-01 -6.756292e+00 2.040264e+00
6.161384e-01 -7.164711e+00 1.826240e+00
6.162384e-01 -7.639145e+00 1.633784e+00
6.163384e-01 -8.174337e+00 1.463663e+00
6.164384e-01 -8.581491e+00 1.316482e+00
6.165383e-01 -8.926022e+00 1.192714e+00
6.166383e-01 -9.158232e+00 1.092727e+00
6.167383e-01 -9.479352e+00 1.016819e+00
6.168383e-01 -9.831165e+00 9.652377e-01
6.169383e-01 -1.002862e+01 9.382117e-01
6.170383e-01 -1.027075e+01 9.359641e-01
6.171383e-01 -1.039002e+01 9.587292e-01
6.172383e-01 -1.056895e+01 1.006762e+00
6.173383e-01 -1.061442e+01 1.080343e+00
6.174383e-01 -1.069342e+01 1.179776e+00
6.175382e-01 -1.068629e+01 1.305383e+00
6.176382e-01 -1.060064e+01 1.457489e+00
6.177382e-01 -1.046149e+01 1.636414e+00
6.178382e-01 -1.044553e+01 1.842442e+00
6.179382e-01 -1.017612e+01 2.075806e+00
6.180382e-01 -1.007331e+01 2.336654e+00
6.181382e-01 -9.955144e+00 2.625028e+00
6.182382e-01 -9.620244e+00 2.940828e+00
6.183382e-01 -9.334625e+00 3.283791e+00
6.184382e-01 -8.970156e+00 3.653467e+00
6.185381e-01 -8.634772e+00 4.049196e+00
6.186381e-01 -8.218363e+00 4.470100e+00
6.187381e-01 -7.820800e+00 4.915070e+00
6.188381e-01 -7.340150e+00 5.382776e+00
6.189381e-01 -6.909528e+00 5.871667e+00
6.190381e-01 -6.396910e+00 6.379996e+00
6.191381e-01 -5.850140e+00 6.905831e+00
6.192381e-01 -5.247932e+00 7.447090e+00
6.193381e-01 -4.805120e+00 8.001563e+00
6.194381e-01 -4.159535e+00 8.566940e+00
6.195380e-01 -3.526372e+00 9.140840e+00
6.196380e-01 -2.924298e+00 9.720833e+00
6.197380e-01 -2.289975e+00 1.030446e+01
6.198380e-01 -1.806825e+00 1.088924e+01
6.199380e-01 -1.109886e+00 1.147272e+01
6.200380e-01 -3.593685e-01 1.205241e+01
6.201380e-01 2.577682e-01 1.262589e+01
6.202380e-01 8.431549e-01 1.319073e+01
6.203380e-01 1.580708e+00 1.374455e+01
6.204380e-01 1.959995e+00 1.428503e+01
6.205379e-01 2.540999e+00 1.480989e+01
6.206379e-01 3.190173e+00 1.531694e+01
6.207379e-01 3.720563e+00 1.580408e+01
6.208379e-01 4.340460e+00 1.626929e+01
6.209379e-01 4.918683e+00 1.671070e+01
6.210379e-01 5.324395e+00 1.712655e+01
6.211379e-01 5.856619e+00 1.751523e+01
6.212379e-01 6.381153e+00 1.787527e+01
6.213379e-01 6.695150e+00 1.820535e+01
6.214379e-01 7.184291e+00 1.850431e+01
6.215378e-01 7.547550e+00 1.877112e+01
6.216378e-01 7.900271e+00 1.900489e+01
6.217378e-01 8.201981e+00 1.920485e+01
6.218378e-01 8.425806e+00 1.937035e+01
6.219378e-01 8.658086e+00 1.950084e+01
6.220378e-01 8.891898e+00 1.959585e+01
6.221378e-01 9.050022e+00 1.965497e+01
6.222378e-01 9.201163e+00 1.967788e+01
6.223378e-01 9.265302e+00 1.966429e+01
6.224378e-01 9.190490e+00 1.961395e+01
6.225377e-01 9.339663e+00 1.952667e+01
6.226377e-01 9.164940e+00 1.940228e+01
6.227377e-01 9.287148e+00 1.924067e+01
6.228377e-01 9.055584e+00 1.904177e+01
6.229377e-01 8.977077e+00 1.880559e+01
6.230377e-01 8.825442e+00 1.853221e+01
6.231377e-01 8.498483e+00 1.822180e+01
6.232377e-01 8.243743e+00 1.787465e+01
6.233377e-01 7.873975e+00 1.749120e+01
6.234377e-01 7.658793e+00 1.707204e+01
6.235376e-01 7.227031e+00 1.661794e+01
6.236376e-01 6.815689e+00 1.612987e+01
6.237376e-01 6.430527e+00 1.560904e+01
6.238376e-01 5.989158e+00 1.505687e+01
6.239376e-01 5.451530e+00 1.447502e+01
6.240376e-01 4.915263e+00 1.386539e+01
6.241376e-01 4.431098e+00 1.323012e+01
6.242376e-01 3.885381e+00 1.257154e+01
6.243376e-01 3.358141e+00 1.189222e+01
6.244376e-01 2.805194e+00 1.119484e+01
6.245375e-01 2.183452e+00 1.048225e+01
6.246375e-01 1.491501e+00 9.757385e+00
6.247375e-01 1.075897e+00 9.023228e+00
6.248375e-01 3.440316e-01 8.282774e+00
6.249375e-01 -2.918928e-01 7.538995e+00
6.250375e-01 -9.545341e-01 6.794796e+00
6.251375e-01 -1.631334e+00 6.052987e+00
6.252375e-01 -2.167919e+00 5.316257e+00
6.253375e-01 -2.796469e+00 4.587155e+00
6.254375e-01 -3.389908e+00 3.868077e+00
6.255374e-01 -4.044395e+00 3.161258e+00
6.256374e-01 -4.596815e+00 2.468775e+00
6.257374e-01 -5.224540e+00 1.792550e+00
6.258374e-01 -5.814817e+00 1.134359e+00
6.259374e-01 -6.302179e+00 4.958478e-01
6.260374e-01 -6.822522e+00 -1.214554e-01
6.261374e-01 -7.239379e+00 -7.161218e-01
6.262374e-01 -7.738971e+00 -1.286806e+00
6.263374e-01 -8.205691e+00 -1.832227e+00
6.264374e-01 -8.588504e+00 -2.351155e+00
6.265373e-01 -8.943760e+00 -2.842394e+00
6.266373e-01 -9.314321e+00 -3.304773e+00
6.267373e-01 -9.566703e+00 -3.737133e+00
6.268373e-01 -9.857974e+00 -4.138322e+00
6.269373e-01 -1.004882e+01 -4.507196e+00
6.270373e-01 -1.027581e+01 -4.842615e+00
6.271373e-01 -1.043577e+01 -5.143450e+00
6.272373e-01 -1.056899e+01 -5.408600e+00
6.273373e-01 -1.074605e+01 -5.637000e+00
6.274373e-01 -1.064674e+01 -5.827648e+00
6.275372e-01 -1.071567e+01 -5.979630e+00
6.276372e-01 -1.067937e+01 -6.092148e+00
6.277372e-01 -1.061170e+01 -6.164561e+00
6.278372e-01 -1.046793e+01 -6.196417e+00
6.279372e-01 -1.041328e+01 -6.187493e+00
6.280372e-01 -1.023490e+01 -6.137830e+00
6.281372e-01 -9.981682e+00 -6.047766e+00
6.282372e-01 -9.632300e+00 -5.917967e+00
6.283372e-01 -9.427796e+00 -5.749435e+00
6.284372e-01 -9.051464e+00 -5.543524e+00
6.285371e-01 -8.653264e+00 -5.301924e+00
6.286371e-01 -8.287367e+00 -5.026651e+00
6.287371e-01 -7.866380e+00 -4.720004e+00
6.288371e-01 -7.435825e+00 -4.384529e+00
6.289371e-01 -6.906064e+00 -4.022957e+00
6.290371e-01 -6.443363e+00 -3.638146e+00
6.291371e-01 -5.808720e+00 -3.233018e+00
6.292371e-01 -5.332543e+00 -2.810493e+00
6.293371e-01 -4.756116e+00 -2.373427e+00
6.294371e-01 -4.156772e+00 -1.924565e+00
6.295370e-01 -3.597445e+00 -1.466488e+00
6.296370e-01 -2.945388e+00 -1.001585e+00
6.297370e-01 -2.285114e+00 -5.320315e-01
6.298370e-01 -1.771633e+00 -5.977401e-02
6.299370e-01 -1.172039e+00 4.134590e-01
6.300370e-01 -4.970661e-01 8.861408e-01
6.301370e-01 1.791492e-01 1.356912e+00
6.302370e-01 7.421966e-01 1.824533e+00
6.303370e-01 1.304103e+00 2.287820e+00
6.304370e-01 2.041810e+00 2.745574e+00
6.305369e-01 2.583798e+00 3.196504e+00
6.306369e-01 3.099127e+00 3.639144e+00
6.307369e-01 3.752440e+00 4.071782e+00
6.308369e-01 4.285192e+00 4.492409e+00
6.309369e-01 4.785185e+00 4.898680e+00
6.310369e-01 5.321877e+00 5.287915e+00
6.311369e-01 5.782802e+00 5.657132e+00
6.312369e-01 6.260734e+00 6.003113e+00
6.313369e-01 6.697969e+00 6.322499e+00
6.314369e-01 7.184586e+00 6.611911e+00
6.315368e-01 7.452506e+00 6.868079e+00
6.316368e-01 7.869656e+00 7.087968e+00
6.317368e-01 8.083265e+00 7.268898e+00
6.318368e-01 8.375274e+00 7.408631e+00
6.319368e-01 8.605354e+00 7.505435e+00
6.320368e-01 8.750883e+00 7.558111e+00
6.321368e-01 8.971420e+00 7.565994e+00
6.322368e-01 9.082621e+00 7.528921e+00
6.323368e-01 9.233277e+00 7.447180e+00
6.324368e-01 9.244564e+00 7.321447e+00
6.325367e-01 9.243845e+00 7.152715e+00
6.326367e-01 9.251218e+00 6.942219e+00
6.327367e-01 9.175560e+00 6.691371e+00
6.328367e-01 8.994245e+00 6.401701e+00
6.329367e-01 8.847947e+00 6.074802e+00
6.330367e-01 8.718368e+00 5.712292e+00
6.331367e-01 8.446962e+00 5.315787e+00
6.332367e-01 8.189377e+00 4.886875e+00
6.333367e-01 7.854838e+00 4.427106e+00
6.334367e-01 7.557566e+00 3.937987e+00
6.335366e-01 7.242263e+00 3.420976e+00
6.336366e-01 6.881154e+00 2.877493e+00
6.337366e-01 6.409866e+00 2.308917e+00
6.338366e-01 5.958253e+00 1.716597e+00
6.339366e-01 5.400437e+00 1.101862e+00
6.340366e-01 4.903786e+00 4.660268e-01
6.341366e-01 4.359650e+00 -1.895960e-01
6.342366e-01 3.814880e+00 -8.636838e-01
6.343366e-01 3.307563e+00 -1.554892e+00
6.344366e-01 2.723064e+00 -2.261837e+00
6.345365e-01 2.088696e+00 -2.983080e+00
6.346365e-01 1.534248e+00 -3.717109e+00
6.347365e-01 9.327443e-01 -4.462311e+00
6.348365e-01 3.107362e-01 -5.216952e+00
6.349365e-01 -3.448912e-01 -5.979152e+00
6.350365e-01 -1.052981e+00 -6.746861e+00
6.351365e-01 -1.570655e+00 -7.517842e+00
6.352365e-01 -2.205856e+00 -8.289653e+00
6.353365e-01 -2.942062e+00 -9.059646e+00
6.354365e-01 -3.469452e+00 -9.824972e+00
6.355364e-01 -3.984245e+00 -1.058260e+01
6.356364e-01 -4.665257e+00 -1.132935e+01
6.357364e-01 -5.141451e+00 -1.206194e+01
6.358364e-01 -5.714060e+00 -1.277703e+01
6.359364e-01 -6.305717e+00 -1.347133e+01
6.360364e-01 -6.804096e+00 -1.414160e+01
6.361364e-01 -7.239065e+00 -1.478480e+01
6.362364e-01 -7.789047e+00 -1.539809e+01
6.363364e-01 -8.169417e+00 -1.597893e+01
6.364364e-01 -8.633622e+00 -1.652510e+01
6.365363e-01 -9.088849e+00 -1.703473e+01
6.366363e-01 -9.315970e+00 -1.750633e+01
6.367363e-01 -9.637149e+00 -1.793876e+01
6.368363e-01 -9.949166e+00 -1.833124e+01
6.369363e-01 -1.008175e+01 -1.868330e+01
6.370363e-01 -1.031674e+01 -1.899474e+01
6.371363e-01 -1.046768e+01 -1.926559e+01
6.372363e-01 -1.056880e+01 -1.949609e+01
6.373363e-01 -1.067445e+01 -1.968659e+01
6.374363e-01 -1.077108e+01 -1.983756e+01
6.375362e-01 -1.069394e+01 -1.994951e+01
6.376362e-01 -1.077190e+01 -2.002300e+01
6.377362e-01 -1.070009e+01 -2.005859e+01
6.378362e-01 -1.057072e+01 -2.005682e+01
6.379362e-01 -1.041914e+01 -2.001823e+01
6.380362e-01 -1.020304e+01 -1.994336e+01
6.381362e-01 -1.004924e+01 -1.983272e+01
6.382362e-01 -9.750733e+00 -1.968688e+01
6.383362e-01 -9.334713e+00 -1.950642e+01
6.384362e-01 -9.056272e+00 -1.929203e+01
6.385361e-01 -8.645919e+00 -1.904447e+01
6.386361e-01 -8.287374e+00 -1.876467e+01
6.387361e-01 -7.898587e+00 -1.845372e+01
6.388361e-01 -7.472083e+00 -1.811289e+01
6.389361e-01 -6.868436e+00 -1.774369e+01
6.390361e-01 -6.423479e+00 -1.734782e+01
6.391361e-01 -5.849232e+00 -1.692721e+01
6.392361e-01 -5.415333e+00 -1.648402e+01
6.393361e-01 -4.796944e+00 -1.602054e+01
6.394361e-01 -4.222854e+00 -1.553924e+01
6.395360e-01 -3.700984e+00 -1.504268e+01
6.396360e-01 -2.880466e+00 -1.453351e+01
6.397360e-01 -2.446945e+00 -1.401438e+01
6.398360e-01 -1.727229e+00 -1.348793e+01
6.399360e-01 -1.189349e+00 -1.295679e+01
6.400360e-01 -6.145182e-01 -1.242350e+01
6.401360e-01 -1.232822e-02 -1.189057e+01
6.402360e-01 6.617464e-01 -1.136041e+01
6.403360e-01 1.283130e+00 -1.083540e+01
6.404360e-01 1.961069e+00 -1.031786e+01
6.405359e-01 2.514485e+00 -9.810079e+00
6.406359e-01 3.207849e+00 -9.314304e+00
6.407359e-01 3.649112e+00 -8.832767e+00
6.408359e-01 4.209848e+00 -8.367666e+00
6.409359e-01 4.774004e+00 -7.921158e+00
6.410359e-01 5.212525e+00 -7.495343e+00
6.411359e-01 5.734922e+00 -7.092245e+00
6.412359e-01 6.100052e+00 -6.713784e+00
6.413359e-01 6.659506e+00 -6.361757e+00
6.414359e-01 7.130322e+00 -6.037813e+00
6.415358e-01 7.517802e+00 -5.743442e+00
6.416358e-01 7.814020e+00 -5.479960e+00
6.417358e-01 8.034310e+00 -5.248507e+00
6.418358e-01 8.332913e+00 -5.050054e+00
6.419358e-01 8.599753e+00 -4.885408e+00
6.420358e-01 8.801716e+00 -4.755230e+00
6.421358e-01 8.930986e+00 -4.660053e+00
6.422358e-01 9.049201e+00 -4.600299e+00
6.423358e-01 9.222834e+00 -4.576302e+00
6.424358e-01 9.279700e+00 -4.588322e+00
6.425357e-01 9.232226e+00 -4.636560e+00
6.426357e-01 9.158440e+00 -4.721165e+00
6.427357e-01 9.189290e+00 -4.842236e+00
6.428357e-01 9.083854e+00 -4.999818e+00
6.429357e-01 8.849499e+00 -5.193891e+00
6.430357e-01 8.611891e+00 -5.424350e+00
6.431357e-01 8.437118e+00 -5.690984e+00
6.432357e-01 8.134866e+00 -5.993449e+00
6.433357e-01 7.852741e+00 -6.331233e+00
6.434357e-01 7.444868e+00 -6.703631e+00
6.435356e-01 7.225577e+00 -7.109713e+00
6.436356e-01 6.850071e+00 -7.548298e+00
6.437356e-01 6.338151e+00 -8.017940e+00
6.438356e-01 5.926407e+00 -8.516917e+00
6.439356e-01 5.361863e+00 -9.043233e+00
6.440356e-01 4.874549e+00 -9.594633e+00
6.441356e-01 4.389781e+00 -1.016863e+01
6.442356e-01 3.837549e+00 -1.076254e+01
6.443356e-01 3.252455e+00 -1.137351e+01
6.444356e-01 2.641186e+00 -1.199861e+01
6.445355e-01 2.044107e+00 -1.263483e+01
6.446355e-01 1.500757e+00 -1.327919e+01
6.447355e-01 8.848252e-01 -1.392873e+01
6.448355e-01 2.941379e-01 -1.458059e+01
6.449355e-01 -4.231818e-01 -1.523203e+01
6.450355e-01 -1.062226e+00 -1.588045e+01
6.451355e-01 -1.632336e+00 -1.652340e+01
6.452355e-01 -2.310530e+00 -1.715860e+01
6.453355e-01 -2.885255e+00 -1.778393e+01
6.454355e-01 -3.492338e+00 -1.839739e+01
6.455354e-01 -4.063798e+00 -1.899715e+01
6.456354e-01 -4.686928e+00 -1.958147e+01
6.457354e-01 -5.357386e+00 -2.014869e+01
6.458354e-01 -5.865767e+00 -2.069725e+01
6.459354e-01 -6.393652e+00 -2.122560e+01
6.460354e-01 -6.782825e+00 -2.173219e+01
6.461354e-01 -7.328646e+00 -2.221549e+01
6.462354e-01 -7.835633e+00 -2.267389e+01
6.463354e-01 -8.211190e+00 -2.310572e+01
6.464354e-01 -8.555774e+00 -2.350924e+01
6.465353e-01 -8.987243e+00 -2.388262e+01
6.466353e-01 -9.305941e+00 -2.422397e+01
6.467353e-01 -9.693694e+00 -2.453134e+01
6.468353e-01 -9.857713e+00 -2.480275e+01
6.469353e-01 -1.015706e+01 -2.503629e+01
6.470353e-01 -1.032332e+01 -2.523013e+01
6.471353e-01 -1.057134e+01 -2.538258e+01
6.472353e-01 -1.066759e+01 -2.549219e+01
6.473353e-01 -1.069097e+01 -2.555777e+01
6.474353e-01 -1.076586e+01 -2.557846e+01
6.475352e-01 -1.090203e+01 -2.555378e+01
6.476352e-01 -1.076929e+01 -2.548361e+01
6.477352e-01 -1.068312e+01 -2.536822e+01
6.478352e-01 -1.054144e+01 -2.520825e+01
6.479352e-01 -1.042593e+01 -2.500469e+01
6.480352e-01 -1.036815e+01 -2.475883e+01
6.481352e-01 -1.009485e+01 -2.447222e+01
6.482352e-01 -9.921191e+00 -2.414660e+01
6.483352e-01 -9.434395e+00 -2.378388e+01
6.484352e-01 -9.180604e+00 -2.338602e+01
6.485351e-01 -8.848400e+00 -2.295506e+01
6.486351e-01 -8.354326e+00 -2.249301e+01
6.487351e-01 -7.940947e+00 -2.200182e+01
6.488351e-01 -7.529115e+00 -2.148338e+01
6.489351e-01 -6.988252e+00 -2.093945e+01
6.490351e-01 -6.567994e+00 -2.037168e+01
6.491351e-01 -5.932607e+00 -1.978161e+01
6.492351e-01 -5.412818e+00 -1.917065e+01
6.493351e-01 -4.867024e+00 -1.854010e+01
6.494351e-01 -4.288948e+00 -1.789122e+01
6.495350e-01 -3.765725e+00 -1.722519e+01
6.496350e-01 -3.156399e+00 -1.654325e+01
6.497350e-01 -2.511725e+00 -1.584665e+01
6.498350e-01 -1.876825e+00 -1.513679e+01
6.499350e-01 -1.186172e+00 -1.441522e+01
6.500350e-01 -5.742617e-01 -1.368371e+01
6.501350e-01 3.209991e-02 -1.294429e+01
6.502350e-01 5.580866e-01 -1.219926e+01
6.503350e-01 1.320674e+00 -1.145124e+01
6.504350e-01 1.967494e+00 -1.070313e+01
6.505349e-01 2.529955e+00 -9.958061e+00
6.506349e-01 3.136778e+00 -9.219402e+00
6.507349e-01 3.709805e+00 -8.490639e+00
6.508349e-01 4.187280e+00 -7.775307e+00
6.509349e-01 4.659023e+00 -7.076894e+00
6.510349e-01 5.238450e+00 -6.398749e+00
6.511349e-01 5.820948e+00 -5.743986e+00
6.512349e-01 6.267539e+00 -5.115409e+00
6.513349e-01 6.643268e+00 -4.515446e+00
6.514349e-01 7.024518e+00 -3.946113e+00
6.515348e-01 7.461664e+00 -3.408990e+00
6.516348e-01 7.687098e+00 -2.905219e+00
6.517348e-01 8.057842e+00 -2.435530e+00
6.518348e-01 8.258582e+00 -2.000271e+00
6.519348e-01 8.526556e+00 -1.599453e+00
6.520348e-01 8.856073e+00 -1.232810e+00
6.521348e-01 8.914640e+00 -8.998476e-01
6.522348e-01 9.059062e+00 -5.999082e-01
6.523348e-01 9.171754e+00 -3.322194e-01
6.524348e-01 9.157274e+00 -9.594690e-02
6.525347e-01 9.147643e+00 1.097627e-01
6.526347e-01 9.142129e+00 2.857453e-01
6.527347e-01 9.107211e+00 4.327897e-01
6.528347e-01 9.007955e+00 5.516164e-01
6.529347e-01 8.817396e+00 6.428626e-01
6.530347e-01 8.630521e+00 7.070757e-01
6.531347e-01 8.431308e+00 7.447127e-01
6.532347e-01 8.095154e+00 7.561466e-01
6.533347e-01 7.824778e+00 7.416792e-01
6.534347e-01 7.482348e+00 7.015599e-01
6.535346e-01 7.140125e+00 6.360095e-01
6.536346e-01 6.688608e+00 5.452498e-01
6.537346e-01 6.307295e+00 4.295370e-01
6.538346e-01 5.927114e+00 2.891989e-01
6.539346e-01 5.413553e+00 1.246739e-01
6.540346e-01 4.836635e+00 -6.344945e-02
6.541346e-01 4.327751e+00 -2.743939e-01
6.542346e-01 3.876093e+00 -5.071592e-01
6.543346e-01 3.167195e+00 -7.604930e-01
6.544346e-01 2.579875e+00 -1.032871e+00
6.545345e-01 2.153301e+00 -1.322489e+00
6.546345e-01 1.412771e+00 -1.627262e+00
6.547345e-01 7.627786e-01 -1.944847e+00
6.548345e-01 2.225681e-01 -2.272668e+00
6.549345e-01 -4.074491e-01 -2.607967e+00
6.550345e-01 -1.006957e+00 -2.947850e+00
6.551345e-01 -1.664226e+00 -3.289359e+00
6.552345e-01 -2.297419e+00 -3.629536e+00
6.553345e-01 -2.900761e+00 -3.965489e+00
6.554345e-01 -3.480820e+00 -4.294460e+00
6.555344e-01 -4.134696e+00 -4.613882e+00
6.556344e-01 -4.669988e+00 -4.921421e+00
6.557344e-01 -5.287922e+00 -5.215012e+00
6.558344e-01 -5.907479e+00 -5.492881e+00
6.559344e-01 -6.418004e+00 -5.753546e+00
6.560344e-01 -6.812962e+00 -5.995814e+00
6.561344e-01 -7.416005e+00 -6.218764e+00
6.562344e-01 -7.789923e+00 -6.421719e+00
6.563344e-01 -8.245120e+00 -6.604215e+00
6.564344e-01 -8.630468e+00 -6.765963e+00
6.565343e-01 -9.065496e+00 -6.906815e+00
6.566343e-01 -9.349520e+00 -7.026723e+00
6.567343e-01 -9.754305e+00 -7.125703e+00
6.568343e-01 -9.923389e+00 -7.203805e+00
6.569343e-01 -1.014358e+01 -7.261083e+00
6.570343e-01 -1.046671e+01 -7.297566e+00
6.571343e-01 -1.054114e+01 -7.313243e+00
6.572343e-01 -1.068000e+01 -7.308048e+00
6.573343e-01 -1.077995e+01 -7.281845e+00
6.574343e-01 -1.082769e+01 -7.234426e+00
6.575342e-01 -1.073984e+01 -7.165510e+00
6.576342e-01 -1.083701e+01 -7.074750e+00
6.577342e-01 -1.073121e+01 -6.961737e+00
6.578342e-01 -1.068019e+01 -6.826017e+00
6.579342e-01 -1.043789e+01 -6.667112e+00
6.580342e-01 -1.023716e+01 -6.484537e+00
6.581342e-01 -1.008798e+01 -6.277834e+00
6.582342e-01 -9.852099e+00 -6.046593e+00
6.583342e-01 -9.487747e+00 -5.790493e+00
6.584342e-01 -9.171379e+00 -5.509330e+00
6.585341e-01 -8.887731e+00 -5.203052e+00
6.586341e-01 -8.413355e+00 -4.871794e+00
6.587341e-01 -7.888849e+00 -4.515901e+00
6.588341e-01 -7.471527e+00 -4.135956e+00
6.589341e-01 -6.946190e+00 -3.732799e+00
6.590341e-01 -6.518322e+00 -3.307532e+00
6.591341e-01 -6.056261e+00 -2.861523e+00
6.592341e-01 -5.494182e+00 -2.396400e+00
6.593341e-01 -4.844284e+00 -1.914029e+00
6.594341e-01 -4.268098e+00 -1.416495e+00
6.595340e-01 -3.698178e+00 -9.060692e-01
6.596340e-01 -3.054044e+00 -3.851739e-01
6.597340e-01 -2.527240e+00 1.436558e-01
6.598340e-01 -1.860467e+00 6.778096e-01
6.599340e-01 -1.218145e+00 1.214640e+00
6.600340e-01 -6.087928e-01 1.751499e+00
6.601340e-01 1.087241e-02 2.285769e+00
6.602340e-01 6.417541e-01 2.814895e+00
6.603340e-01 1.165159e+00 3.336411e+00
6.604340e-01 1.791767e+00 3.847963e+00
6.605339e-01 2.451030e+00 4.347334e+00
6.606339e-01 3.032605e+00 4.832463e+00
6.607339e-01 3.599343e+00 5.301465e+00
6.608339e-01 4.138504e+00 5.752640e+00
6.609339e-01 4.653129e+00 6.184496e+00
6.610339e-01 5.249860e+00 6.595748e+00
6.611339e-01 5.600655e+00 6.985330e+00
6.612339e-01 6.165891e+00 7.352388e+00
6.613339e-01 6.566125e+00 7.696284e+00
6.614339e-01 6.956759e+00 8.016576e+00
6.615338e-01 7.309193e+00 8.313011e+00
6.616338e-01 7.710042e+00 8.585502e+00
6.617338e-01 7.985287e+00 8.834110e+00
6.618338e-01 8.312515e+00 9.059014e+00
6.619338e-01 8.473509e+00 9.260492e+00
6.620338e-01 8.690025e+00 9.438891e+00
6.621338e-01 8.901547e+00 9.594603e+00
6.622338e-01 8.937429e+00 9.728045e+00
6.623338e-01 9.068316e+00 9.839632e+00
6.624338e-01 9.153479e+00 9.929764e+00
6.625337e-01 9.131129e+00 9.998805e+00
6.626337e-01 9.139006e+00 1.004708e+01
6.627337e-01 8.983422e+00 1.007484e+01
6.628337e-01 8.962228e+00 1.008231e+01
6.629337e-01 8.733768e+00 1.006964e+01
6.630337e-01 8.608959e+00 1.003690e+01
6.631337e-01 8.256296e+00 9.984149e+00
6.632337e-01 8.042783e+00 9.911381e+00
6.633337e-01 7.800261e+00 9.818570e+00
6.634337e-01 7.431117e+00 9.705686e+00
6.635336e-01 7.136614e+00 9.572710e+00
6.636336e-01 6.773975e+00 9.419662e+00
6.637336e-01 6.307419e+00 9.246627e+00
6.638336e-01 5.892376e+00 9.053786e+00
6.639336e-01 5.396253e+00 8.841442e+00
6.640336e-01 4.922514e+00 8.610053e+00
6.641336e-01 4.417160e+00 8.360254e+00
6.642336e-01 3.822130e+00 8.092886e+00
6.643336e-01 3.199626e+00 7.809010e+00
6.644336e-01 2.643358e+00 7.509917e+00
6.645335e-01 1.975399e+00 7.197136e+00
6.646335e-01 1.461101e+00 6.872422e+00
6.647335e-01 8.254021e-01 6.537739e+00
6.648335e-01 1.208421e-01 6.195237e+00
6.649335e-01 -4.732689e-01 5.847210e+00
6.650335e-01 -1.037475e+00 5.496055e+00
6.651335e-01 -1.705943e+00 5.144221e+00
6.652335e-01 -2.385999e+00 4.794156e+00
6.653335e-01 -2.911581e+00 4.448250e+00
6.654335e-01 -3.579859e+00 4.108792e+00
6.655334e-01 -4.191053e+00 3.777916e+00
6.656334e-01 -4.692802e+00 3.457571e+00
6.657334e-01 -5.342690e+00 3.149486e+00
6.658334e-01 -5.883641e+00 2.855154e+00
6.659334e-01 -6.359620e+00 2.575826e+00
6.660334e-01 -6.916976e+00 2.312506e+00
6.661334e-01 -7.472594e+00 2.065968e+00
6.662334e-01 -7.856360e+00 1.836766e+00
6.663334e-01 -8.308084e+00 1.625261e+00
6.664334e-01 -8.725114e+00 1.431646e+00
6.665333e-01 -9.098407e+00 1.255974e+00
6.666333e-01 -9.362315e+00 1.098188e+00
6.667333e-01 -9.620028e+00 9.581500e-01
6.668333e-01 -9.958485e+00 8.356698e-01
6.669333e-01 -1.014689e+01 7.305288e-01
6.670333e-01 -1.044637e+01 6.425050e-01
6.671333e-01 -1.061140e+01 5.713925e-01
6.672333e-01 -1.073366e+01 5.170193e-01
6.673333e-01 -1.080128e+01 4.792614e-01
6.674333e-01 -1.083274e+01 4.580538e-01
6.675332e-01 -1.082869e+01 4.533985e-01
6.676332e-01 -1.082630e+01 4.653699e-01
6.677332e-01 -1.069584e+01 4.941159e-01
6.678332e-01 -1.077096e+01 5.398574e-01
6.679332e-01 -1.056498e+01 6.028834e-01
6.680332e-01 -1.029054e+01 6.835438e-01
6.681332e-01 -1.011892e+01 7.822382e-01
6.682332e-01 -9.752841e+00 8.994015e-01
6.683332e-01 -9.594214e+00 1.035486e+00
6.684332e-01 -9.208346e+00 1.190941e+00
6.685331e-01 -8.879115e+00 1.366185e+00
6.686331e-01 -8.420520e+00 1.561582e+00
6.687331e-01 -7.977827e+00 1.777409e+00
6.688331e-01 -7.553571e+00 2.013822e+00
6.689331e-01 -7.089340e+00 2.270825e+00
6.690331e-01 -6.604098e+00 2.548238e+00
6.691331e-01 -6.081858e+00 2.845664e+00
6.692331e-01 -5.461051e+00 3.162462e+00
6.693331e-01 -4.920519e+00 3.497731e+00
6.694331e-01 -4.317475e+00 3.850290e+00
6.695330e-01 -3.836137e+00 4.218676e+00
6.696330e-01 -3.117108e+00 4.601156e+00
6.697330e-01 -2.619949e+00 4.995735e+00
6.698330e-01 -1.829966e+00 5.400198e+00
6.699330e-01 -1.316365e+00 5.812140e+00
6.700330e-01 -6.715428e-01 6.229023e+00
6.701330e-01 -6.997838e-02 6.648233e+00
6.702330e-01 6.052719e-01 7.067136e+00
6.703330e-01 1.225494e+00 7.483149e+00
6.704330e-01 1.897626e+00 7.893791e+00
6.705329e-01 2.326901e+00 8.296748e+00
6.706329e-01 2.839779e+00 8.689912e+00
6.707329e-01 3.522718e+00 9.071421e+00
6.708329e-01 4.088618e+00 9.439689e+00
6.709329e-01 4.638321e+00 9.793415e+00
6.710329e-01 5.188055e+00 1.013159e+01
6.711329e-01 5.758062e+00 1.045349e+01
6.712329e-01 6.177751e+00 1.075868e+01
6.713329e-01 6.636192e+00 1.104694e+01
6.714329e-01 6.937561e+00 1.131830e+01
6.715328e-01 7.291327e+00 1.157300e+01
6.716328e-01 7.605801e+00 1.181143e+01
6.717328e-01 7.919649e+00 1.203411e+01
6.718328e-01 8.294515e+00 1.224168e+01
6.719328e-01 8.411252e+00 1.243488e+01
6.720328e-01 8.621746e+00 1.261448e+01
6.721328e-01 8.823478e+00 1.278130e+01
6.722328e-01 9.004943e+00 1.293617e+01
6.723328e-01 8.971242e+00 1.307995e+01
6.724328e-01 9.083714e+00 1.321347e+01
6.725327e-01 9.166755e+00 1.333754e+01
6.726327e-01 9.142853e+00 1.345295e+01
6.727327e-01 9.077770e+00 1.356047e+01
6.728327e-01 8.829632e+00 1.366080e+01
6.729327e-01 8.733789e+00 1.375464e+01
6.730327e-01 8.514191e+00 1.384264e+01
6.731327e-01 8.345023e+00 1.392539e+01
6.732327e-01 8.163514e+00 1.400348e+01
6.733327e-01 7.685313e+00 1.407742e+01
6.734327e-01 7.435195e+00 1.414771e+01
6.735326e-01 7.064633e+00 1.421483e+01
6.736326e-01 6.644901e+00 1.427918e+01
6.737326e-01 6.207577e+00 1.434119e+01
6.738326e-01 5.742459e+00 1.440122e+01
6.739326e-01 5.373669e+00 1.445962e+01
6.740326e-01 4.824683e+00 1.451673e+01
6.741326e-01 4.281420e+00 1.457285e+01
6.742326e-01 3.714258e+00 1.462828e+01
6.743326e-01 3.146470e+00 1.468330e+01
6.744326e-01 2.576921e+00 1.473818e+01
6.745325e-01 1.999380e+00 1.479319e+01
6.746325e-01 1.372075e+00 1.484857e+01
6.747325e-01 7.494077e-01 1.490457e+01
6.748325e-01 1.455124e-01 1.496145e+01
6.749325e-01 -4.303392e-01 1.501946e+01
6.750325e-01 -1.097482e+00 1.507884e+01
6.751325e-01 -1.709731e+00 1.513985e+01
6.752325e-01 -2.233633e+00 1.520275e+01
6.753325e-01 -2.947996e+00 1.526782e+01
6.754325e-01 -3.664218e+00 1.533535e+01
6.755324e-01 -4.165499e+00 1.540564e+01
6.756324e-01 -4.697551e+00 1.547900e+01
6.757324e-01 -5.278732e+00 1.555578e+01
6.758324e-01 -5.903244e+00 1.563633e+01
6.759324e-01 -6.424550e+00 1.572106e+01
6.760324e-01 -7.052666e+00 1.581037e+01
6.761324e-01 -7.395718e+00 1.590471e+01
6.762324e-01 -7.900948e+00 1.600458e+01
6.763324e-01 -8.301964e+00 1.611050e+01
6.764324e-01 -8.676145e+00 1.622304e+01
6.765323e-01 -9.089935e+00 1.634280e+01
6.766323e-01 -9.487273e+00 1.647045e+01
6.767323e-01 -9.722961e+00 1.660669e+01
6.768323e-01 -9.979645e+00 1.675228e+01
6.769323e-01 -1.036545e+01 1.690804e+01
6.770323e-01 -1.046886e+01 1.707482e+01
6.771323e-01 -1.060745e+01 1.725355e+01
6.772323e-01 -1.080054e+01 1.744520e+01
6.773323e-01 -1.094202e+01 1.765076e+01
6.774323e-01 -1.086900e+01 1.787130e+01
6.775322e-01 -1.095223e+01 1.810789e+01
6.776322e-01 -1.084894e+01 1.836162e+01
6.777322e-01 -1.081372e+01 1.863361e+01
6.778322e-01 -1.068285e+01 1.892494e+01
6.779322e-01 -1.051459e+01 1.923666e+01
6.780322e-01 -1.033062e+01 1.956974e+01
6.781322e-01 -1.001934e+01 1.992509e+01
6.782322e-01 -9.903590e+00 2.030347e+01
6.783322e-01 -9.632543e+00 2.070549e+01
6.784322e-01 -9.176944e+00 2.113155e+01
6.785321e-01 -9.014531e+00 2.158183e+01
6.786321e-01 -8.600478e+00 2.205623e+01
6.787321e-01 -8.020400e+00 2.255437e+01
6.788321e-01 -7.569572e+00 2.307553e+01
6.789321e-01 -7.074930e+00 2.361866e+01
6.790321e-01 -6.680950e+00 2.418235e+01
6.791321e-01 -6.088960e+00 2.476488e+01
6.792321e-01 -5.447724e+00 2.536418e+01
6.793321e-01 -4.954715e+00 2.597792e+01
6.794321e-01 -4.454552e+00 2.660349e+01
6.795320e-01 -3.833278e+00 2.723810e+01
6.796320e-01 -3.190910e+00 2.787883e+01
6.797320e-01 -2.610669e+00 2.852266e+01
6.798320e-01 -1.944490e+00 2.916659e+01
6.799320e-01 -1.324704e+00 2.980763e+01
6.800320e-01 -7.507072e-01 3.044291e+01
6.801320e-01 -1.202186e-01 3.106970e+01
6.802320e-01 4.644639e-01 3.168545e+01
6.803320e-01 1.125755e+00 3.228783e+01
6.804320e-01 1.832178e+00 3.287473e+01
6.805319e-01 2.246189e+00 3.344425e+01
6.806319e-01 2.986713e+00 3.399477e+01
6.807319e-01 3.507247e+00 3.452487e+01
6.808319e-01 4.072413e+00 3.503335e+01
6.809319e-01 4.599164e+00 3.551921e+01
6.810319e-01 5.183074e+00 3.598165e+01
6.811319e-01 5.593157e+00 3.642000e+01
6.812319e-01 6.065906e+00 3.683378e+01
6.813319e-01 6.588066e+00 3.722260e+01
6.814319e-01 6.921679e+00 3.758618e+01
6.815318e-01 7.349449e+00 3.792435e+01
6.816318e-01 7.639041e+00 3.823697e+01
6.817318e-01 7.928822e+00 3.852396e+01
6.818318e-01 8.179018e+00 3.878530e+01
6.819318e-01 8.525942e+00 3.902096e+01
6.820318e-01 8.696451e+00 3.923090e+01
6.821318e-01 8.839285e+00 3.941512e+01
6.822318e-01 8.928430e+00 3.957355e+01
6.823318e-01 9.030776e+00 3.970613e+01
6.824318e-01 9.020573e+00 3.981276e+01
6.825317e-01 9.073631e+00 3.989328e+01
6.826317e-01 9.018949e+00 3.994753e+01
6.827317e-01 8.944295e+00 3.997528e+01
6.828317e-01 8.852960e+00 3.997632e+01
6.829317e-01 8.698944e+00 3.995037e+01
6.830317e-01 8.456064e+00 3.989718e+01
6.831317e-01 8.314520e+00 3.981651e+01
6.832317e-01 8.045417e+00 3.970813e+01
6.833317e-01 7.816254e+00 3.957190e+01
6.834317e-01 7.345085e+00 3.940776e+01
6.835316e-01 7.113475e+00 3.921574e+01
6.836316e-01 6.634695e+00 3.899607e+01
6.837316e-01 6.193746e+00 3.874914e+01
6.838316e-01 5.892005e+00 3.847555e+01
6.839316e-01 5.297808e+00 3.817617e+01
6.840316e-01 4.840263e+00 3.785214e+01
6.841316e-01 4.288673e+00 3.750489e+01
6.842316e-01 3.731338e+00 3.713617e+01
6.843316e-01 3.145084e+00 3.674802e+01
6.844316e-01 2.611017e+00 3.634279e+01
6.845315e-01 2.011198e+00 3.592307e+01
6.846315e-01 1.474615e+00 3.549173e+01
6.847315e-01 7.680999e-01 3.505180e+01
6.848315e-01 1.352625e-01 3.460646e+01
6.849315e-01 -4.992198e-01 3.415895e+01
6.850315e-01 -1.151846e+00 3.371254e+01
6.851315e-01 -1.740569e+00 3.327044e+01
6.852315e-01 -2.365391e+00 3.283575e+01
6.853315e-01 -2.974036e+00 3.241143e+01
6.854315e-01 -3.649063e+00 3.200022e+01
6.855314e-01 -4.199033e+00 3.160464e+01
6.856314e-01 -4.819312e+00 3.122696e+01
6.857314e-01 -5.340899e+00 3.086920e+01
6.858314e-01 -5.909368e+00 3.053311e+01
6.859314e-01 -6.422015e+00 3.022021e+01
6.860314e-01 -6.911261e+00 2.993177e+01
6.861314e-01 -7.515378e+00 2.966887e+01
6.862314e-01 -7.899544e+00 2.943240e+01
6.863314e-01 -8.391697e+00 2.922310e+01
6.864314e-01 -8.898206e+00 2.904159e+01
6.865313e-01 -9.093871e+00 2.888835e+01
6.866313e-01 -9.475741e+00 2.876381e+01
6.867313e-01 -9.775707e+00 2.866834e+01
6.868313e-01 -1.009068e+01 2.860224e+01
6.869313e-01 -1.029236e+01 2.856579e+01
6.870313e-01 -1.052497e+01 2.855927e+01
6.871313e-01 -1.075397e+01 2.858292e+01
6.872313e-01 -1.084010e+01 2.863698e+01
6.873313e-01 -1.086589e+01 2.872170e+01
6.874313e-01 -1.094017e+01 2.883730e+01
6.875312e-01 -1.094498e+01 2.898400e+01
6.876312e-01 -1.093745e+01 2.916201e+01
6.877312e-01 -1.081931e+01 2.937150e+01
6.878312e-01 -1.071637e+01 2.961261e+01
6.879312e-01 -1.049692e+01 2.988545e+01
6.880312e-01 -1.037593e+01 3.019003e+01
6.881312e-01 -1.010708e+01 3.052632e+01
6.882312e-01 -9.897662e+00 3.089419e+01
6.883312e-01 -9.640975e+00 3.129338e+01
6.884312e-01 -9.316281e+00 3.172353e+01
6.885311e-01 -8.846797e+00 3.218413e+01
6.886311e-01 -8.557487e+00 3.267449e+01
6.887311e-01 -8.048442e+00 3.319378e+01
6.888311e-01 -7.552964e+00 3.374096e+01
6.889311e-01 -7.146329e+00 3.431481e+01
6.890311e-01 -6.673934e+00 3.491388e+01
6.891311e-01 -6.131007e+00 3.553655e+01
6.892311e-01 -5.555845e+00 3.618094e+01
6.893311e-01 -4.993215e+00 3.684501e+01
6.894311e-01 -4.455755e+00 3.752651e+01
6.895310e-01 -3.794074e+00 3.822301e+01
6.896310e-01 -3.298409e+00 3.893191e+01
6.897310e-01 -2.476043e+00 3.965047e+01
6.898310e-01 -1.984444e+00 4.037585e+01
6.899310e-01 -1.371948e+00 4.110511e+01
6.900310e-01 -6.892855e-01 4.183526e+01
6.901310e-01 -8.784520e-02 4.256329e+01
6.902310e-01 4.917029e-01 4.328622e+01
6.903310e-01 1.128135e+00 4.400112e+01
6.904310e-01 1.751986e+00 4.470511e+01
6.905309e-01 2.380997e+00 4.539547e+01
6.906309e-01 2.906140e+00 4.606960e+01
6.907309e-01 3.511193e+00 4.672505e+01
6.908309e-01 4.186742e+00 4.735957e+01
6.909309e-01 4.547260e+00 4.797111e+01
6.910309e-01 5.126366e+00 4.855780e+01
6.911309e-01 5.532254e+00 4.911801e+01
6.912309e-01 6.074640e+00 4.965028e+01
6.913309e-01 6.448693e+00 5.015339e+01
6.914309e-01 6.947969e+00 5.062627e+01
6.915308e-01 7.338750e+00 5.106806e+01
6.916308e-01 7.640182e+00 5.147805e+01
6.917308e-01 7.966379e+00 5.185568e+01
6.918308e-01 8.139995e+00 5.220052e+01
6.919308e-01 8.434811e+00 5.251227e+01
6.920308e-01 8.542230e+00 5.279071e+01
6.921308e-01 8.867060e+00 5.303571e+01
6.922308e-01 8.959251e+00 5.324722e+01
6.923308e-01 9.076800e+00 5.342523e+01
6.924308e-01 9.078430e+00 5.356980e+01
6.925307e-01 9.049576e+00 5.368101e+01
6.926307e-01 9.101659e+00 5.375899e+01
6.927307e-01 8.899753e+00 5.380391e+01
6.928307e-01 8.860084e+00 5.381595e+01
6.929307e-01 8.701516e+00 5.379535e+01
6.930307e-01 8.458931e+00 5.374235e+01
6.931307e-01 8.308623e+00 5.365725e+01
6.932307e-01 7.960680e+00 5.354040e+01
6.933307e-01 7.737800e+00 5.339219e+01
6.934307e-01 7.469443e+00 5.321305e+01
6.935306e-01 7.004247e+00 5.300350e+01
6.936306e-01 6.661862e+00 5.276410e+01
6.937306e-01 6.217836e+00 5.249550e+01
6.938306e-01 5.737854e+00 5.219845e+01
6.939306e-01 5.228702e+00 5.187375e+01
6.940306e-01 4.820791e+00 5.152234e+01
6.941306e-01 4.185536e+00 5.114527e+01
6.942306e-01 3.841003e+00 5.074368e+01
6.943306e-01 3.149268e+00 5.031889e+01
6.944306e-01 2.527566e+00 4.987234e+01
6.945305e-01 1.992780e+00 4.940566e+01
6.946305e-01 1.363481e+00 4.892062e+01
6.947305e-01 6.988279e-01 4.841922e+01
6.948305e-01 1.463051e-01 4.790363e+01
6.949305e-01 -5.969125e-01 4.737625e+01
6.950305e-01 -1.044124e+00 4.683964e+01
6.951305e-01 -1.798589e+00 4.629656e+01
6.952305e-01 -2.327535e+00 4.574995e+01
6.953305e-01 -3.022500e+00 4.520283e+01
6.954305e-01 -3.585877e+00 4.465834e+01
6.955304e-01 -4.284900e+00 4.411963e+01
6.956304e-01 -4.842501e+00 4.358981e+01
6.957304e-01 -5.325001e+00 4.307191e+01
6.958304e-01 -5.911475e+00 4.256877e+01
6.959304e-01 -6.422674e+00 4.208306e+01
6.960304e-01 -6.977394e+00 4.161714e+01
6.961304e-01 -7.395008e+00 4.117307e+01
6.962304e-01 -7.946962e+00 4.075261e+01
6.963304e-01 -8.286109e+00 4.035715e+01
6.964304e-01 -8.724775e+00 3.998774e+01
6.965303e-01 -9.165150e+00 3.964512e+01
6.966303e-01 -9.548439e+00 3.932972e+01
6.967303e-01 -9.801014e+00 3.904173e+01
6.968303e-01 -1.003096e+01 3.878110e+01
6.969303e-01 -1.037147e+01 3.854760e+01
6.970303e-01 -1.055349e+01 3.834087e+01
6.971303e-01 -1.067120e+01 3.816047e+01
6.972303e-01 -1.071118e+01 3.800589e+01
6.973303e-01 -1.081646e+01 3.787662e+01
6.974303e-01 -1.098542e+01 3.777216e+01
6.975302e-01 -1.083880e+01 3.769206e+01
6.976302e-01 -1.090938e+01 3.763593e+01
6.977302e-01 -1.081087e+01 3.760345e+01
6.978302e-01 -1.078722e+01 3.759439e+01
6.979302e-01 -1.061492e+01 3.760861e+01
6.980302e-01 -1.037198e+01 3.764607e+01
6.981302e-01 -1.022577e+01 3.770676e+01
6.982302e-01 -1.002214e+01 3.779078e+01
6.983302e-01 -9.547066e+00 3.789822e+01
6.984302e-01 -9.330181e+00 3.802921e+01
6.985301e-01 -8.930691e+00 3.818383e+01
6.986301e-01 -8.430620e+00 3.836211e+01
6.987301e-01 -8.098676e+00 3.856397e+01
6.988301e-01 -7.728416e+00 3.878917e+01
6.989301e-01 -7.167087e+00 3.903727e+01
6.990301e-01 -6.713119e+00 3.930760e+01
6.991301e-01 -6.136653e+00 3.959919e+01
6.992301e-01 -5.524403e+00 3.991075e+01
6.993301e-01 -5.022218e+00 4.024065e+01
6.994301e-01 -4.438056e+00 4.058689e+01
6.995300e-01 -3.915970e+00 4.094715e+01
6.996300e-01 -3.174460e+00 4.131873e+01
6.997300e-01 -2.617296e+00 4.169868e+01
6.998300e-01 -1.993258e+00 4.208379e+01
6.999300e-01 -1.373144e+00 4.247068e+01
7.000300e-01 -7.616553e-01 4.285587e+01
7.001300e-01 -1.620805e-01 4.323587e+01
7.002300e-01 5.196647e-01 4.360728e+01
7.003300e-01 1.073809e+00 4.396682e+01
7.004300e-01 1.790182e+00 4.431144e+01
7.005299e-01 2.337955e+00 4.463838e+01
7.006299e-01 2.911943e+00 4.494516e+01
7.007299e-01 3.425926e+00 4.522966e+01
7.008299e-01 4.079388e+00 4.549008e+01
7.009299e-01 4.569532e+00 4.572497e+01
7.010299e-01 5.093840e+00 4.593316e+01
7.011299e-01 5.564859e+00 4.611376e+01
7.012299e-01 5.978738e+00 4.626611e+01
7.013299e-01 6.583009e+00 4.638975e+01
7.014299e-01 6.914030e+00 4.648433e+01
7.015298e-01 7.283944e+00 4.654962e+01
7.016298e-01 7.651197e+00 4.658543e+01
7.017298e-01 7.887201e+00 4.659159e+01
7.018298e-01 8.152053e+00 4.656791e+01
7.019298e-01 8.367406e+00 4.651418e+01
7.020298e-01 8.592513e+00 4.643011e+01
7.021298e-01 8.692245e+00 4.631534e+01
7.022298e-01 8.938260e+00 4.616947e+01
7.023298e-01 8.968150e+00 4.599200e+01
7.024298e-01 9.041242e+00 4.578237e+01
7.025297e-01 8.991968e+00 4.554000e+01
7.026297e-01 9.000361e+00 4.526428e+01
7.027297e-01 8.931210e+00 4.495461e+01
7.028297e-01 8.930289e+00 4.461042e+01
7.029297e-01 8.603729e+00 4.423124e+01
7.030297e-01 8.508416e+00 4.381671e+01
7.031297e-01 8.246625e+00 4.336661e+01
7.032297e-01 8.025130e+00 4.288096e+01
7.033297e-01 7.684462e+00 4.235995e+01
7.034297e-01 7.445896e+00 4.180409e+01
7.035296e-01 7.017225e+00 4.121413e+01
7.036296e-01 6.618670e+00 4.059114e+01
7.037296e-01 6.246534e+00 3.993647e+01
7.038296e-01 5.654134e+00 3.925176e+01
7.039296e-01 5.195869e+00 3.853889e+01
7.040296e-01 4.805867e+00 3.780000e+01
7.041296e-01 4.269037e+00 3.703739e+01
7.042296e-01 3.635694e+00 3.625352e+01
7.043296e-01 3.113987e+00 3.545091e+01
7.044296e-01 2.510357e+00 3.463215e+01
7.045295e-01 1.935976e+00 3.379983e+01
7.046295e-01 1.306779e+00 3.295646e+01
7.047295e-01 8.238358e-01 3.210455e+01
7.048295e-01 1.143965e-01 3.124646e+01
7.049295e-01 -5.574045e-01 3.038452e+01
7.050295e-01 -1.128557e+00 2.952093e+01
7.051295e-01 -1.755166e+00 2.865785e+01
7.052295e-01 -2.359658e+00 2.779737e+01
7.053295e-01 -2.996487e+00 2.694155e+01
7.054295e-01 -3.587012e+00 2.609245e+01
7.055294e-01 -4.196028e+00 2.525212e+01
7.056294e-01 -4.821740e+00 2.442268e+01
7.057294e-01 -5.456201e+00 2.360624e+01
7.058294e-01 -5.943902e+00 2.280500e+01
7.059294e-01 -6.534361e+00 2.202117e+01
7.060294e-01 -7.016969e+00 2.125699e+01
7.061294e-01 -7.423498e+00 2.051470e+01
7.062294e-01 -7.992685e+00 1.979649e+01
7.063294e-01 -8.492587e+00 1.910446e+01
7.064294e-01 -8.717170e+00 1.844063e+01
7.065293e-01 -9.175091e+00 1.780680e+01
7.066293e-01 -9.497145e+00 1.720462e+01
7.067293e-01 -9.883710e+00 1.663546e+01
7.068293e-01 -1.010810e+01 1.610046e+01
7.069293e-01 -1.037708e+01 1.560048e+01
7.070293e-01 -1.045060e+01 1.513611e+01
7.071293e-01 -1.068840e+01 1.470767e+01
7.072293e-01 -1.083144e+01 1.431525e+01
7.073293e-01 -1.078416e+01 1.395871e+01
7.074293e-01 -1.098833e+01 1.363774e+01
7.075292e-01 -1.097020e+01 1.335186e+01
7.076292e-01 -1.097849e+01 1.310051e+01
7.077292e-01 -1.094871e+01 1.288300e+01
7.078292e-01 -1.072978e+01 1.269863e+01
7.079292e-01 -1.058835e+01 1.254666e+01
7.080292e-01 -1.044445e+01 1.242633e+01
7.081292e-01 -1.016317e+01 1.233690e+01
7.082292e-01 -9.937649e+00 1.227763e+01
7.083292e-01 -9.599596e+00 1.224780e+01
7.084292e-01 -9.205647e+00 1.224667e+01
7.085291e-01 -8.969639e+00 1.227351e+01
7.086291e-01 -8.543409e+00 1.232753e+01
7.087291e-01 -8.108986e+00 1.240791e+01
7.088291e-01 -7.659521e+00 1.251371e+01
7.089291e-01 -7.207398e+00 1.264389e+01
7.090291e-01 -6.703147e+00 1.279728e+01
7.091291e-01 -6.040083e+00 1.297250e+01
7.092291e-01 -5.616563e+00 1.316800e+01
7.093291e-01 -5.092187e+00 1.338199e+01
7.094291e-01 -4.585413e+00 1.361247e+01
7.095290e-01 -3.842532e+00 1.385720e+01
7.096290e-01 -3.271193e+00 1.411371e+01
7.097290e-01 -2.685250e+00 1.437934e+01
7.098290e-01 -2.053565e+00 1.465124e+01
7.099290e-01 -1.427034e+00 1.492643e+01
7.100290e-01 -8.518709e-01 1.520183e+01
7.101290e-01 -1.350411e-01 1.547434e+01
7.102290e-01 4.179144e-01 1.574087e+01
7.103290e-01 1.107916e+00 1.599838e+01
7.104290e-01 1.526502e+00 1.624395e+01
7.105289e-01 2.251613e+00 1.647484e+01
7.106289e-01 2.890273e+00 1.668847e+01
7.107289e-01 3.428939e+00 1.688251e+01
7.108289e-01 4.028647e+00 1.705482e+01
7.109289e-01 4.546643e+00 1.720351e+01
7.110289e-01 5.080286e+00 1.732691e+01
7.111289e-01 5.496664e+00 1.742355e+01
7.112289e-01 6.041890e+00 1.749215e+01
7.113289e-01 6.486895e+00 1.753159e+01
7.114289e-01 6.789815e+00 1.754086e+01
7.115288e-01 7.203471e+00 1.751906e+01
7.116288e-01 7.648999e+00 1.746536e+01
7.117288e-01 7.842534e+00 1.737896e+01
7.118288e-01 8.181839e+00 1.725909e+01
7.119288e-01 8.504525e+00 1.710497e+01
7.120288e-01 8.569715e+00 1.691582e+01
7.121288e-01 8.772331e+00 1.669083e+01
7.122288e-01 8.910756e+00 1.642918e+01
7.123288e-01 8.918434e+00 1.613004e+01
7.124288e-01 9.100437e+00 1.579259e+01
7.125287e-01 9.109821e+00 1.541601e+01
7.126287e-01 9.006388e+00 1.499957e+01
7.127287e-01 8.882161e+00 1.454259e+01
7.128287e-01 8.916307e+00 1.404453e+01
7.129287e-01 8.645248e+00 1.350501e+01
7.130287e-01 8.529159e+00 1.292384e+01
7.131287e-01 8.255636e+00 1.230109e+01
7.132287e-01 8.019425e+00 1.163712e+01
7.133287e-01 7.651081e+00 1.093258e+01
7.134287e-01 7.405173e+00 1.018850e+01
7.135286e-01 7.056216e+00 9.406235e+00
7.136286e-01 6.668140e+00 8.587522e+00
7.137286e-01 6.156389e+00 7.734439e+00
7.138286e-01 5.758778e+00 6.849393e+00
7.139286e-01 5.247974e+00 5.935076e+00
7.140286e-01 4.729082e+00 4.994418e+00
7.141286e-01 4.339169e+00 4.030520e+00
7.142286e-01 3.621740e+00 3.046592e+00
7.143286e-01 3.176625e+00 2.045878e+00
7.144286e-01 2.573510e+00 1.031590e+00
7.145285e-01 1.863930e+00 6.837009e-03
7.146285e-01 1.316669e+00 -1.025429e+00
7.147285e-01 6.700617e-01 -2.062463e+00
7.148285e-01 2.139038e-01 -3.101760e+00
7.149285e-01 -5.659000e-01 -4.141077e+00
7.150285e-01 -1.107830e+00 -5.178442e+00
7.151285e-01 -1.808218e+00 -6.212141e+00
7.152285e-01 -2.476442e+00 -7.240698e+00
7.153285e-01 -3.077451e+00 -8.262834e+00
7.154285e-01 -3.549894e+00 -9.277423e+00
7.155284e-01 -4.192434e+00 -1.028342e+01
7.156284e-01 -4.864181e+00 -1.127981e+01
7.157284e-01 -5.399187e+00 -1.226550e+01
7.158284e-01 -5.868537e+00 -1.323929e+01
7.159284e-01 -6.460037e+00 -1.419977e+01
7.160284e-01 -6.960696e+00 -1.514527e+01
7.161284e-01 -7.443337e+00 -1.607385e+01
7.162284e-01 -7.932923e+00 -1.698323e+01
7.163284e-01 -8.434948e+00 -1.787087e+01
7.164284e-01 -8.863202e+00 -1.873396e+01
7.165283e-01 -9.228515e+00 -1.956950e+01
7.166283e-01 -9.463794e+00 -2.037442e+01
7.167283e-01 -9.842646e+00 -2.114566e+01
7.168283e-01 -1.015486e+01 -2.188028e+01
7.169283e-01 -1.025349e+01 -2.257561e+01
7.170283e-01 -1.057441e+01 -2.322932e+01
7.171283e-01 -1.076627e+01 -2.383948e+01
7.172283e-01 -1.086461e+01 -2.440468e+01
7.173283e-01 -1.090901e+01 -2.492400e+01
7.174283e-01 -1.097591e+01 -2.539701e+01
7.175282e-01 -1.103910e+01 -2.582380e+01
7.176282e-01 -1.088996e+01 -2.620489e+01
7.177282e-01 -1.081619e+01 -2.654119e+01
7.178282e-01 -1.070111e+01 -2.683395e+01
7.179282e-01 -1.059952e+01 -2.708466e+01
7.180282e-01 -1.053331e+01 -2.729504e+01
7.181282e-01 -1.013370e+01 -2.746695e+01
7.182282e-01 -9.937871e+00 -2.760233e+01
7.183282e-01 -9.740093e+00 -2.770320e+01
7.184282e-01 -9.397735e+00 -2.777157e+01
7.185281e-01 -8.960285e+00 -2.780947e+01
7.186281e-01 -8.576903e+00 -2.781890e+01
7.187281e-01 -8.072329e+00 -2.780183e+01
7.188281e-01 -7.782963e+00 -2.776019e+01
7.189281e-01 -7.225568e+00 -2.769589e+01
7.190281e-01 -6.680699e+00 -2.761079e+01
7.191281e-01 -6.170043e+00 -2.750674e+01
7.192281e-01 -5.623661e+00 -2.738555e+01
7.193281e-01 -5.022052e+00 -2.724904e+01
7.194281e-01 -4.588274e+00 -2.709901e+01
7.195280e-01 -3.935717e+00 -2.693730e+01
7.196280e-01 -3.237871e+00 -2.676573e+01
7.197280e-01 -2.692467e+00 -2.658617e+01
7.198280e-01 -2.071519e+00 -2.640049e+01
7.199280e-01 -1.512079e+00 -2.621062e+01
7.200280e-01 -8.108835e-01 -2.601851e+01
7.201280e-01 -1.738819e-01 -2.582617e+01
7.202280e-01 3.865036e-01 -2.563562e+01
7.203280e-01 1.018383e+00 -2.544895e+01
7.204280e-01 1.698120e+00 -2.526825e+01
7.205279e-01 2.281447e+00 -2.509568e+01
7.206279e-01 2.898795e+00 -2.493339e+01
7.207279e-01 3.366773e+00 -2.478358e+01
7.208279e-01 3.979529e+00 -2.464845e+01
7.209279e-01 4.473348e+00 -2.453018e+01
7.210279e-01 5.077203e+00 -2.443098e+01
7.211279e-01 5.484287e+00 -2.435301e+01
7.212279e-01 6.006966e+00 -2.429841e+01
7.213279e-01 6.530612e+00 -2.426924e+01
7.214279e-01 6.807430e+00 -2.426754e+01
7.215278e-01 7.214627e+00 -2.429522e+01
7.216278e-01 7.596032e+00 -2.435412e+01
7.217278e-01 7.856061e+00 -2.444593e+01
7.218278e-01 8.129197e+00 -2.457223e+01
7.219278e-01 8.476280e+00 -2.473442e+01
7.220278e-01 8.647760e+00 -2.493371e+01
7.221278e-01 8.748610e+00 -2.517114e+01
7.222278e-01 8.856521e+00 -2.544752e+01
7.223278e-01 8.965217e+00 -2.576346e+01
7.224278e-01 8.992892e+00 -2.611933e+01
7.225277e-01 9.016478e+00 -2.651527e+01
7.226277e-01 8.990984e+00 -2.695120e+01
7.227277e-01 8.803436e+00 -2.742681e+01
7.228277e-01 8.766309e+00 -2.794160e+01
7.229277e-01 8.613571e+00 -2.849487e+01
7.230277e-01 8.478414e+00 -2.908574e+01
7.231277e-01 8.258753e+00 -2.971320e+01
7.232277e-01 7.931729e+00 -3.037609e+01
7.233277e-01 7.758687e+00 -3.107315e+01
7.234277e-01 7.443158e+00 -3.180305e+01
7.235276e-01 7.078141e+00 -3.256435e+01
7.236276e-01 6.539488e+00 -3.335556e+01
7.237276e-01 6.150588e+00 -3.417514e+01
7.238276e-01 5.769923e+00 -3.502147e+01
7.239276e-01 5.183789e+00 -3.589285e+01
7.240276e-01 4.849785e+00 -3.678752e+01
7.241276e-01 4.257610e+00 -3.770362e+01
7.242276e-01 3.614164e+00 -3.863918e+01
7.243276e-01 3.120769e+00 -3.959213e+01
7.244276e-01 2.502640e+00 -4.056029e+01
7.245275e-01 1.859509e+00 -4.154139e+01
7.246275e-01 1.327477e+00 -4.253303e+01
7.247275e-01 7.187370e-01 -4.353277e+01
7.248275e-01 1.044055e-01 -4.453812e+01
7.249275e-01 -4.393309e-01 -4.554657e+01
7.250275e-01 -1.111049e+00 -4.655561e+01
7.251275e-01 -1.827428e+00 -4.756280e+01
7.252275e-01 -2.456233e+00 -4.856576e+01
7.253275e-01 -3.048186e+00 -4.956220e+01
7.254275e-01 -3.488042e+00 -5.054994e+01
7.255274e-01 -4.295667e+00 -5.152688e+01
7.256274e-01 -4.946284e+00 -5.249100e+01
7.257274e-01 -5.444714e+00 -5.344035e+01
7.258274e-01 -5.965231e+00 -5.437300e+01
7.259274e-01 -6.474165e+00 -5.528704e+01
7.260274e-01 -7.074473e+00 -5.618051e+01
7.261274e-01 -7.520182e+00 -5.705142e+01
7.262274e-01 -8.008075e+00 -5.789772e+01
7.263274e-01 -8.389529e+00 -5.871733e+01
7.264274e-01 -8.797179e+00 -5.950813e+01
7.265273e-01 -9.279691e+00 -6.026801e+01
7.266273e-01 -9.581037e+00 -6.099491e+01
7.267273e-01 -9.715842e+00 -6.168689e+01
7.268273e-01 -1.015980e+01 -6.234215e+01
7.269273e-01 -1.038121e+01 -6.295911e+01
7.270273e-01 -1.063291e+01 -6.353644e+01
7.271273e-01 -1.075057e+01 -6.407308e+01
7.272273e-01 -1.080012e+01 -6.456831e+01
7.273273e-01 -1.091261e+01 -6.502167e+01
7.274273e-01 -1.094881e+01 -6.543303e+01
7.275272e-01 -1.100754e+01 -6.580254e+01
7.276272e-01 -1.096442e+01 -6.613060e+01
7.277272e-01 -1.092045e+01 -6.641781e+01
7.278272e-01 -1.079803e+01 -6.666499e+01
7.279272e-01 -1.070113e+01 -6.687308e+01
7.280272e-01 -1.047084e+01 -6.704314e+01
7.281272e-01 -1.019606e+01 -6.717632e+01
7.282272e-01 -9.887499e+00 -6.727383e+01
7.283272e-01 -9.656162e+00 -6.733692e+01
7.284272e-01 -9.330181e+00 -6.736685e+01
7.285271e-01 -8.967884e+00 -6.736490e+01
7.286271e-01 -8.533878e+00 -6.733240e+01
7.287271e-01 -8.110444e+00 -6.727064e+01
7.288271e-01 -7.758168e+00 -6.718097e+01
7.289271e-01 -7.209958e+00 -6.706476e+01
7.290271e-01 -6.744525e+00 -6.692343e+01
7.291271e-01 -6.305725e+00 -6.675846e+01
7.292271e-01 -5.704139e+00 -6.657140e+01
7.293271e-01 -5.131192e+00 -6.636391e+01
7.294271e-01 -4.545443e+00 -6.613774e+01
7.295270e-01 -3.884133e+00 -6.589477e+01
7.296270e-01 -3.399564e+00 -6.563703e+01
7.297270e-01 -2.632132e+00 -6.536667e+01
7.298270e-01 -2.015687e+00 -6.508601e+01
7.299270e-01 -1.454953e+00 -6.479747e+01
7.300270e-01 -8.860093e-01 -6.450364e+01
7.301270e-01 -1.660667e-01 -6.420721e+01
7.302270e-01 4.335076e-01 -6.391095e+01
7.303270e-01 1.112082e+00 -6.361771e+01
7.304270e-01 1.638294e+00 -6.333034e+01
7.305269e-01 2.210251e+00 -6.305172e+01
7.306269e-01 2.854769e+00 -6.278464e+01
7.307269e-01 3.397956e+00 -6.253186e+01
7.308269e-01 4.018978e+00 -6.229598e+01
7.309269e-01 4.540643e+00 -6.207947e+01
7.310269e-01 4.998513e+00 -6.188464e+01
7.311269e-01 5.539283e+00 -6.171361e+01
7.312269e-01 5.949281e+00 -6.156830e+01
7.313269e-01 6.437376e+00 -6.145043e+01
7.314269e-01 6.698931e+00 -6.136151e+01
7.315268e-01 7.195112e+00 -6.130288e+01
7.316268e-01 7.554600e+00 -6.127570e+01
7.317268e-01 7.835051e+00 -6.128094e+01
7.318268e-01 8.163663e+00 -6.131944e+01
7.319268e-01 8.377031e+00 -6.139192e+01
7.320268e-01 8.612134e+00 -6.149896e+01
7.321268e-01 8.767353e+00 -6.164106e+01
7.322268e-01 8.849033e+00 -6.181861e+01
7.323268e-01 8.903062e+00 -6.203194e+01
7.324268e-01 8.975833e+00 -6.228126e+01
7.325267e-01 8.990356e+00 -6.256676e+01
7.326267e-01 8.959559e+00 -6.288850e+01
7.327267e-01 8.864179e+00 -6.324649e+01
7.328267e-01 8.767477e+00 -6.364061e+01
7.329267e-01 8.598362e+00 -6.407066e+01
7.330267e-01 8.580535e+00 -6.453630e+01
7.331267e-01 8.171416e+00 -6.503708e+01
7.332267e-01 7.994317e+00 -6.557238e+01
7.333267e-01 7.704459e+00 -6.614143e+01
7.334267e-01 7.410259e+00 -6.674328e+01
7.335266e-01 6.967913e+00 -6.737680e+01
7.336266e-01 6.542058e+00 -6.804068e+01
7.337266e-01 6.113876e+00 -6.873342e+01
7.338266e-01 5.696354e+00 -6.945334e+01
7.339266e-01 5.356576e+00 -7.019858e+01
7.340266e-01 4.758273e+00 -7.096712e+01
7.341266e-01 4.144078e+00 -7.175680e+01
7.342266e-01 3.733823e+00 -7.256533e+01
7.343266e-01 3.076123e+00 -7.339033e+01
7.344266e-01 2.475643e+00 -7.422936e+01
7.345265e-01 1.982175e+00 -7.507993e+01
7.346265e-01 1.336276e+00 -7.593951e+01
7.347265e-01 6.665290e-01 -7.680561e+01
7.348265e-01 5.205024e-02 -7.767574e+01
7.349265e-01 -5.625689e-01 -7.854747e+01
7.350265e-01 -1.198682e+00 -7.941840e+01
7.351265e-01 -1.790149e+00 -8.028620e+01
7.352265e-01 -2.422955e+00 -8.114857e+01
7.353265e-01 -3.091983e+00 -8.200327e+01
7.354265e-01 -3.705513e+00 -8.284809e+01
7.355264e-01 -4.255273e+00 -8.368083e+01
7.356264e-01 -4.797882e+00 -8.449930e+01
7.357264e-01 -5.341195e+00 -8.530133e+01
7.358264e-01 -5.882984e+00 -8.608471e+01
7.359264e-01 -6.487608e+00 -8.684723e+01
7.360264e-01 -7.102908e+00 -8.758671e+01
7.361264e-01 -7.651424e+00 -8.830093e+01
7.362264e-01 -7.979481e+00 -8.898773e+01
7.363264e-01 -8.381286e+00 -8.964502e+01
7.364264e-01 -8.793990e+00 -9.027076e+01
7.365263e-01 -9.231105e+00 -9.086308e+01
7.366263e-01 -9.658766e+00 -9.142021e+01
7.367263e-01 -9.798818e+00 -9.194060e+01
7.368263e-01 -1.010260e+01 -9.242291e+01
7.369263e-01 -1.030930e+01 -9.286602e+01
7.370263e-01 -1.068054e+01 -9.326904e+01
7.371263e-01 -1.077383e+01 -9.363135e+01
7.372263e-01 -1.084798e+01 -9.395256e+01
7.373263e-01 -1.098890e+01 -9.423252e+01
7.374263e-01 -1.099645e+01 -9.447128e+01
7.375262e-01 -1.093206e+01 -9.466911e+01
7.376262e-01 -1.096356e+01 -9.482643e+01
7.377262e-01 -1.086025e+01 -9.494380e+01
7.378262e-01 -1.077443e+01 -9.502190e+01
7.379262e-01 -1.075051e+01 -9.506153e+01
7.380262e-01 -1.046925e+01 -9.506350e+01
7.381262e-01 -1.026457e+01 -9.502871e+01
7.382262e-01 -1.001668e+01 -9.495807e+01
7.383262e-01 -9.776697e+00 -9.485252e+01
7.384262e-01 -9.377765e+00 -9.471299e+01
7.385261e-01 -8.963031e+00 -9.454043e+01
7.386261e-01 -8.526031e+00 -9.433582e+01
7.387261e-01 -8.149626e+00 -9.410014e+01
7.388261e-01 -7.716558e+00 -9.383442e+01
7.389261e-01 -7.230130e+00 -9.353974e+01
7.390261e-01 -6.728383e+00 -9.321726e+01
7.391261e-01 -6.154997e+00 -9.286826e+01
7.392261e-01 -5.618225e+00 -9.249413e+01
7.393261e-01 -5.137647e+00 -9.209645e+01
7.394261e-01 -4.409616e+00 -9.167695e+01
7.395260e-01 -3.981825e+00 -9.123758e+01
7.396260e-01 -3.330787e+00 -9.078050e+01
7.397260e-01 -2.721328e+00 -9.030811e+01
7.398260e-01 -2.083103e+00 -8.982299e+01
7.399260e-01 -1.461200e+00 -8.932795e+01
7.400260e-01 -7.862667e-01 -8.882595e+01
7.401260e-01 -2.783075e-01 -8.832009e+01
7.402260e-01 4.716908e-01 -8.781357e+01
7.403260e-01 1.048032e+00 -8.730961e+01
7.404260e-01 1.643224e+00 -8.681139e+01
7.405259e-01 2.284573e+00 -8.632205e+01
7.406259e-01 2.781034e+00 -8.584455e+01
7.407259e-01 3.459963e+00 -8.538169e+01
7.408259e-01 3.949258e+00 -8.493605e+01
7.409259e-01 4.554788e+00 -8.450994e+01
7.410259e-01 4.995339e+00 -8.410541e+01
7.411259e-01 5.609540e+00 -8.372424e+01
7.412259e-01 5.958475e+00 -8.336794e+01
7.413259e-01 6.410405e+00 -8.303776e+01
7.414259e-01 6.819373e+00 -8.273472e+01
7.415258e-01 7.120798e+00 -8.245965e+01
7.416258e-01 7.585046e+00 -8.221321e+01
7.417258e-01 7.998456e+00 -8.199592e+01
7.418258e-01 8.053614e+00 -8.180819e+01
7.419258e-01 8.360055e+00 -8.165038e+01
7.420258e-01 8.539112e+00 -8.152281e+01
7.421258e-01 8.672315e+00 -8.142578e+01
7.422258e-01 8.855436e+00 -8.135956e+01
7.423258e-01 8.986993e+00 -8.132449e+01
7.424258e-01 9.031298e+00 -8.132088e+01
7.425257e-01 8.956975e+00 -8.134908e+01
7.426257e-01 8.884041e+00 -8.140945e+01
7.427257e-01 9.034428e+00 -8.150232e+01
7.428257e-01 8.761576e+00 -8.162804e+01
7.429257e-01 8.627407e+00 -8.178686e+01
7.430257e-01 8.385235e+00 -8.197898e+01
7.431257e-01 8.256383e+00 -8.220449e+01
7.432257e-01 7.968090e+00 -8.246330e+01
7.433257e-01 7.719184e+00 -8.275518e+01
7.434257e-01 7.411463e+00 -8.307966e+01
7.435256e-01 7.033709e+00 -8.343604e+01
7.436256e-01 6.588655e+00 -8.382335e+01
7.437256e-01 6.189607e+00 -8.424037e+01
7.438256e-01 5.679412e+00 -8.468559e+01
7.439256e-01 5.246284e+00 -8.515725e+01
7.440256e-01 4.738024e+00 -8.565333e+01
7.441256e-01 4.177936e+00 -8.617163e+01
7.442256e-01 3.743397e+00 -8.670975e+01
7.443256e-01 3.192647e+00 -8.726519e+01
7.444256e-01 2.503054e+00 -8.783534e+01
7.445255e-01 1.977772e+00 -8.841757e+01
7.446255e-01 1.378813e+00 -8.900927e+01
7.447255e-01 5.926127e-01 -8.960784e+01
7.448255e-01 5.253099e-04 -9.021077e+01
7.449255e-01 -5.155034e-01 -9.081560e+01
7.450255e-01 -1.136129e+00 -9.141997e+01
7.451255e-01 -1.713681e+00 -9.202160e+01
7.452255e-01 -2.420156e+00 -9.261828e+01
7.453255e-01 -3.032593e+00 -9.320783e+01
7.454255e-01 -3.697171e+00 -9.378814e+01
7.455254e-01 -4.263337e+00 -9.435711e+01
7.456254e-01 -4.844917e+00 -9.491267e+01
7.457254e-01 -5.347094e+00 -9.545276e+01
7.458254e-01 -6.056912e+00 -9.597534e+01
7.459254e-01 -6.551247e+00 -9.647841e+01
7.460254e-01 -6.914970e+00 -9.696001e+01
7.461254e-01 -7.428474e+00 -9.741826e+01
7.462254e-01 -7.936811e+00 -9.785136e+01
7.463254e-01 -8.260543e+00 -9.825763e+01
7.464254e-01 -8.832433e+00 -9.863555e+01
7.465253e-01 -9.228434e+00 -9.898375e+01
7.466253e-01 -9.478587e+00 -9.930103e+01
7.467253e-01 -9.816869e+00 -9.958639e+01
7.468253e-01 -1.015379e+01 -9.983901e+01
7.469253e-01 -1.038317e+01 -1.000583e+02
7.470253e-01 -1.052170e+01 -1.002438e+02
7.471253e-01 -1.066677e+01 -1.003952e+02
7.472253e-01 -1.089275e+01 -1.005125e+02
7.473253e-01 -1.100626e+01 -1.005958e+02
7.474253e-01 -1.098912e+01 -1.006451e+02
7.475252e-01 -1.106604e+01 -1.006608e+02
7.476252e-01 -1.099647e+01 -1.006433e+02
7.477252e-01 -1.093681e+01 -1.005931e+02
7.478252e-01 -1.076695e+01 -1.005105e+02
7.479252e-01 -1.066323e+01 -1.003963e+02
7.480252e-01 -1.047976e+01 -1.002509e+02
7.481252e-01 -1.026461e+01 -1.000750e+02
7.482252e-01 -9.980301e+00 -9.986920e+01
7.483252e-01 -9.731443e+00 -9.963409e+01
7.484252e-01 -9.407257e+00 -9.937030e+01
7.485251e-01 -8.992796e+00 -9.907842e+01
7.486251e-01 -8.547500e+00 -9.875908e+01
7.487251e-01 -8.129180e+00 -9.841289e+01
7.488251e-01 -7.684709e+00 -9.804053e+01
7.489251e-01 -7.252549e+00 -9.764271e+01
7.490251e-01 -6.836812e+00 -9.722024e+01
7.491251e-01 -6.251719e+00 -9.677404e+01
7.492251e-01 -5.709601e+00 -9.630522e+01
7.493251e-01 -5.121939e+00 -9.581509e+01
7.494251e-01 -4.533562e+00 -9.530522e+01
7.495250e-01 -3.901286e+00 -9.477749e+01
7.496250e-01 -3.367076e+00 -9.423412e+01
7.497250e-01 -2.758455e+00 -9.367770e+01
7.498250e-01 -2.008546e+00 -9.311117e+01
7.499250e-01 -1.499574e+00 -9.253783e+01
7.500250e-01 -8.713516e-01 -9.196129e+01
7.501250e-01 -1.956402e-01 -9.138542e+01
7.502250e-01 4.675434e-01 -9.081424e+01
7.503250e-01 1.086989e+00 -9.025182e+01
7.504250e-01 1.598280e+00 -8.970220e+01
7.505249e-01 2.304106e+00 -8.916927e+01
7.506249e-01 2.798223e+00 -8.865663e+01
7.507249e-01 3.327948e+00 -8.816756e+01
7.508249e-01 4.001873e+00 -8.770493e+01
7.509249e-01 4.482438e+00 -8.727116e+01
7.510249e-01 4.983078e+00 -8.686820e+01
7.511249e-01 5.473382e+00 -8.649758e+01
7.512249e-01 5.947100e+00 -8.616040e+01
7.513249e-01 6.314029e+00 -8.585741e+01
7.514249e-01 6.797347e+00 -8.558907e+01
7.515248e-01 7.255198e+00 -8.535561e+01
7.516248e-01 7.429525e+00 -8.515711e+01
7.517248e-01 7.908305e+00 -8.499355e+01
7.518248e-01 8.121143e+00 -8.486492e+01
7.519248e-01 8.347172e+00 -8.477122e+01
7.520248e-01 8.673656e+00 -8.471254e+01
7.521248e-01 8.730551e+00 -8.468906e+01
7.522248e-01 8.909857e+00 -8.470113e+01
7.523248e-01 8.841466e+00 -8.474920e+01
7.524248e-01 8.966884e+00 -8.483389e+01
7.525247e-01 8.988735e+00 -8.495591e+01
7.526247e-01 9.047197e+00 -8.511609e+01
7.527247e-01 8.957266e+00 -8.531526e+01
7.528247e-01 8.785980e+00 -8.555425e+01
7.529247e-01 8.742478e+00 -8.583379e+01
7.530247e-01 8.471830e+00 -8.615446e+01
7.531247e-01 8.225109e+00 -8.651658e+01
7.532247e-01 8.013062e+00 -8.692011e+01
7.533247e-01 7.652988e+00 -8.736467e+01
7.534247e-01 7.310849e+00 -8.784936e+01
7.535246e-01 7.006115e+00 -8.837284e+01
7.536246e-01 6.612019e+00 -8.893326e+01
7.537246e-01 6.231266e+00 -8.952832e+01
7.538246e-01 5.787661e+00 -9.015535e+01
7.539246e-01 5.144116e+00 -9.081137e+01
7.540246e-01 4.808591e+00 -9.149324e+01
7.541246e-01 4.304127e+00 -9.219779e+01
7.542246e-01 3.632925e+00 -9.292192e+01
7.543246e-01 3.171898e+00 -9.366276e+01
7.544246e-01 2.536190e+00 -9.441769e+01
7.545245e-01 1.983117e+00 -9.518440e+01
7.546245e-01 1.265107e+00 -9.596094e+01
7.547245e-01 7.282667e-01 -9.674560e+01
7.548245e-01 6.301278e-02 -9.753692e+01
7.549245e-01 -5.581983e-01 -9.833353e+01
7.550245e-01 -1.152787e+00 -9.913410e+01
7.551245e-01 -1.790041e+00 -9.993721e+01
7.552245e-01 -2.370219e+00 -1.007412e+02
7.553245e-01 -3.001095e+00 -1.015444e+02
7.554245e-01 -3.673062e+00 -1.023445e+02
7.555244e-01 -4.266536e+00 -1.031391e+02
7.556244e-01 -4.795286e+00 -1.039256e+02
7.557244e-01 -5.305149e+00 -1.047010e+02
7.558244e-01 -5.951071e+00 -1.054623e+02
7.559244e-01 -6.491306e+00 -1.062064e+02
7.560244e-01 -7.031881e+00 -1.069303e+02
7.561244e-01 -7.584918e+00 -1.076310e+02
7.562244e-01 -7.917747e+00 -1.083059e+02
7.563244e-01 -8.384763e+00 -1.089525e+02
7.564244e-01 -8.806195e+00 -1.095689e+02
7.565243e-01 -9.180208e+00 -1.101532e+02
7.566243e-01 -9.498003e+00 -1.107041e+02
7.567243e-01 -9.813188e+00 -1.112206e+02
7.568243e-01 -1.015345e+01 -1.117020e+02
7.569243e-01 -1.037193e+01 -1.121477e+02
7.570243e-01 -1.051764e+01 -1.125578e+02
7.571243e-01 -1.084075e+01 -1.129320e+02
7.572243e-01 -1.087367e+01 -1.132707e+02
7.573243e-01 -1.102425e+01 -1.135742e+02
7.574243e-01 -1.102335e+01 -1.138427e+02
7.575242e-01 -1.102519e+01 -1.140768e+02
7.576242e-01 -1.097362e+01 -1.142768e+02
7.577242e-01 -1.086804e+01 -1.144433e+02
7.578242e-01 -1.073795e+01 -1.145767e+02
7.579242e-01 -1.056501e+01 -1.146774e+02
7.580242e-01 -1.040983e+01 -1.147459e+02
7.581242e-01 -1.026864e+01 -1.147826e+02
7.582242e-01 -9.869037e+00 -1.147878e+02
7.583242e-01 -9.614374e+00 -1.147620e+02
7.584242e-01 -9.364801e+00 -1.147056e+02
7.585241e-01 -8.998644e+00 -1.146192e+02
7.586241e-01 -8.607765e+00 -1.145031e+02
7.587241e-01 -8.192202e+00 -1.143582e+02
7.588241e-01 -7.783842e+00 -1.141853e+02
7.589241e-01 -7.299484e+00 -1.139852e+02
7.590241e-01 -6.826154e+00 -1.137592e+02
7.591241e-01 -6.314060e+00 -1.135088e+02
7.592241e-01 -5.718589e+00 -1.132355e+02
7.593241e-01 -5.157576e+00 -1.129414e+02
7.594241e-01 -4.544563e+00 -1.126286e+02
7.595240e-01 -3.922099e+00 -1.122997e+02
7.596240e-01 -3.316248e+00 -1.119575e+02
7.597240e-01 -2.633856e+00 -1.116048e+02
7.598240e-01 -2.083173e+00 -1.112450e+02
7.599240e-01 -1.464021e+00 -1.108813e+02
7.600240e-01 -9.105892e-01 -1.105171e+02
7.601240e-01 -1.678206e-01 -1.101560e+02
7.602240e-01 4.118624e-01 -1.098011e+02
7.603240e-01 9.878837e-01 -1.094560e+02
7.604240e-01 1.686773e+00 -1.091236e+02
7.605239e-01 2.235891e+00 -1.088070e+02
7.606239e-01 2.833755e+00 -1.085088e+02
7.607239e-01 3.328116e+00 -1.082314e+02
7.608239e-01 3.964317e+00 -1.079771e+02
7.609239e-01 4.427640e+00 -1.077477e+02
7.610239e-01 5.016352e+00 -1.075450e+02
7.611239e-01 5.474647e+00 -1.073703e+02
7.612239e-01 5.925622e+00 -1.072248e+02
7.613239e-01 6.372934e+00 -1.071096e+02
7.614239e-01 6.899990e+00 -1.070255e+02
7.615238e-01 7.153669e+00 -1.069734e+02
7.616238e-01 7.489477e+00 -1.069539e+02
7.617238e-01 7.855440e+00 -1.069676e+02
7.618238e-01 8.082063e+00 -1.070152e+02
7.619238e-01 8.291809e+00 -1.070973e+02
7.620238e-01 8.566125e+00 -1.072143e+02
7.621238e-01 8.678268e+00 -1.073670e+02
7.622238e-01 8.867826e+00 -1.075558e+02
7.623238e-01 8.963888e+00 -1.077815e+02
7.624238e-01 8.950879e+00 -1.080444e+02
7.625237e-01 8.975353e+00 -1.083452e+02
7.626237e-01 9.012711e+00 -1.086843e+02
7.627237e-01 8.860209e+00 -1.090620e+02
7.628237e-01 8.813646e+00 -1.094786e+02
7.629237e-01 8.636078e+00 -1.099341e+02
7.630237e-01 8.519324e+00 -1.104284e+02
7.631237e-01 8.234590e+00 -1.109612e+02
7.632237e-01 7.976907e+00 -1.115320e+02
7.633237e-01 7.693360e+00 -1.121398e+02
7.634237e-01 7.331878e+00 -1.127836e+02
7.635236e-01 6.954834e+00 -1.134622e+02
7.636236e-01 6.598820e+00 -1.141739e+02
7.637236e-01 6.231067e+00 -1.149170e+02
7.638236e-01 5.760731e+00 -1.156896e+02
7.639236e-01 5.302751e+00 -1.164897e+02
7.640236e-01 4.751623e+00 -1.173150e+02
7.641236e-01 4.268581e+00 -1.181633e+02
7.642236e-01 3.722476e+00 -1.190324e+02
7.643236e-01 3.215393e+00 -1.199202e+02
7.644236e-01 2.409674e+00 -1.208243e+02
7.645235e-01 1.924817e+00 -1.217426e+02
7.646235e-01 1.386554e+00 -1.226729e+02
7.647235e-01 7.096974e-01 -1.236131e+02
7.648235e-01 1.161124e-01 -1.245611e+02
7.649235e-01 -4.675908e-01 -1.255146e+02
7.650235e-01 -1.127384e+00 -1.264715e+02
7.651235e-01 -1.791351e+00 -1.274293e+02
7.652235e-01 -2.356721e+00 -1.283859e+02
7.653235e-01 -2.965766e+00 -1.293386e+02
7.654235e-01 -3.628865e+00 -1.302849e+02
7.655234e-01 -4.266194e+00 -1.312222e+02
7.656234e-01 -4.725697e+00 -1.321478e+02
7.657234e-01 -5.454786e+00 -1.330592e+02
7.658234e-01 -5.970657e+00 -1.339536e+02
7.659234e-01 -6.501225e+00 -1.348285e+02
7.660234e-01 -7.041971e+00 -1.356815e+02
7.661234e-01 -7.515362e+00 -1.365103e+02
7.662234e-01 -7.997617e+00 -1.373130e+02
7.663234e-01 -8.380330e+00 -1.380875e+02
7.664234e-01 -8.777870e+00 -1.388324e+02
7.665233e-01 -9.160624e+00 -1.395463e+02
7.666233e-01 -9.560523e+00 -1.402279e+02
7.667233e-01 -9.795067e+00 -1.408764e+02
7.668233e-01 -1.010314e+01 -1.414909e+02
7.669233e-01 -1.040273e+01 -1.420710e+02
7.670233e-01 -1.053369e+01 -1.426162e+02
7.671233e-01 -1.070453e+01 -1.431261e+02
7.672233e-01 -1.080390e+01 -1.436004e+02
7.673233e-01 -1.086594e+01 -1.440390e+02
7.674233e-01 -1.103022e+01 -1.444416e+02
7.675232e-01 -1.099118e+01 -1.448080e+02
7.676232e-01 -1.101134e+01 -1.451380e+02
7.677232e-01 -1.091104e+01 -1.454316e+02
7.678232e-01 -1.078198e+01 -1.456884e+02
7.679232e-01 -1.056821e+01 -1.459084e+02
7.680232e-01 -1.052633e+01 -1.460914e+02
7.681232e-01 -1.020513e+01 -1.462374e+02
7.682232e-01 -1.001393e+01 -1.463465e+02
7.683232e-01 -9.731397e+00 -1.464189e+02
7.684232e-01 -9.384440e+00 -1.464550e+02
7.685231e-01 -8.986348e+00 -1.464555e+02
7.686231e-01 -8.605996e+00 -1.464213e+02
7.687231e-01 -8.218065e+00 -1.463536e+02
7.688231e-01 -7.784054e+00 -1.462539e+02
7.689231e-01 -7.294009e+00 -1.461241e+02
7.690231e-01 -6.793893e+00 -1.459664e+02
7.691231e-01 -6.204821e+00 -1.457834e+02
7.692231e-01 -5.635444e+00 -1.455778e+02
7.693231e-01 -5.099615e+00 -1.453527e+02
7.694231e-01 -4.479646e+00 -1.451113e+02
7.695230e-01 -3.950076e+00 -1.448570e+02
7.696230e-01 -3.380927e+00 -1.445930e+02
7.697230e-01 -2.771950e+00 -1.443228e+02
7.698230e-01 -2.115702e+00 -1.440495e+02
7.699230e-01 -1.587858e+00 -1.437761e+02
7.700230e-01 -8.352565e-01 -1.435055e+02
7.701230e-01 -1.769338e-01 -1.432404e+02
7.702230e-01 3.632358e-01 -1.429831e+02
7.703230e-01 1.056304e+00 -1.427357e+02
7.704230e-01 1.636910e+00 -1.425002e+02
7.705229e-01 2.197818e+00 -1.422783e+02
7.706229e-01 2.888417e+00 -1.420717e+02
7.707229e-01 3.313816e+00 -1.418817e+02
7.708229e-01 3.929907e+00 -1.417099e+02
7.709229e-01 4.478390e+00 -1.415577e+02
7.710229e-01 4.960307e+00 -1.414264e+02
7.711229e-01 5.454383e+00 -1.413175e+02
7.712229e-01 6.027069e+00 -1.412324e+02
7.713229e-01 6.355546e+00 -1.411727e+02
7.714229e-01 6.725234e+00 -1.411399e+02
7.715228e-01 7.146038e+00 -1.411357e+02
7.716228e-01 7.592159e+00 -1.411618e+02
7.717228e-01 7.852143e+00 -1.412196e+02
7.718228e-01 8.160176e+00 -1.413108e+02
7.719228e-01 8.356513e+00 -1.414370e+02
7.720228e-01 8.528866e+00 -1.415994e+02
7.721228e-01 8.705615e+00 -1.417994e+02
7.722228e-01 8.978318e+00 -1.420380e+02
7.723228e-01 8.979866e+00 -1.423160e+02
7.724228e-01 9.039273e+00 -1.426342e+02
7.725227e-01 9.019008e+00 -1.429930e+02
7.726227e-01 9.030562e+00 -1.433924e+02
7.727227e-01 8.897584e+00 -1.438323e+02
7.728227e-01 8.795403e+00 -1.443125e+02
7.729227e-01 8.711057e+00 -1.448322e+02
7.730227e-01 8.428840e+00 -1.453908e+02
7.731227e-01 8.288026e+00 -1.459871e+02
7.732227e-01 7.919696e+00 -1.466200e+02
7.733227e-01 7.597007e+00 -1.472882e+02
7.734227e-01 7.383269e+00 -1.479903e+02
7.735226e-01 7.053822e+00 -1.487246e+02
7.736226e-01 6.583453e+00 -1.494897e+02
7.737226e-01 6.306184e+00 -1.502837e+02
7.738226e-01 5.738208e+00 -1.511051e+02
7.739226e-01 5.232593e+00 -1.519521e+02
7.740226e-01 4.671930e+00 -1.528228e+02
7.741226e-01 4.349406e+00 -1.537154e+02
7.742226e-01 3.735349e+00 -1.546281e+02
7.743226e-01 3.191158e+00 -1.555588e+02
7.744226e-01 2.541688e+00 -1.565055e+02
7.745225e-01 1.973039e+00 -1.574661e+02
7.746225e-01 1.321505e+00 -1.584385e+02
7.747225e-01 7.131772e-01 -1.594204e+02
7.748225e-01 1.485525e-01 -1.604094e+02
7.749225e-01 -5.119701e-01 -1.614030e+02
7.750225e-01 -1.202884e+00 -1.623988e+02
7.751225e-01 -1.800223e+00 -1.633942e+02
7.752225e-01 -2.468441e+00 -1.643866e+02
7.753225e-01 -2.934245e+00 -1.653734e+02
7.754225e-01 -3.591797e+00 -1.663519e+02
7.755224e-01 -4.235548e+00 -1.673195e+02
7.756224e-01 -4.728371e+00 -1.682737e+02
7.757224e-01 -5.432955e+00 -1.692121e+02
7.758224e-01 -5.958044e+00 -1.701323e+02
7.759224e-01 -6.483349e+00 -1.710319e+02
7.760224e-01 -6.966450e+00 -1.719089e+02
7.761224e-01 -7.409463e+00 -1.727613e+02
7.762224e-01 -7.929428e+00 -1.735872e+02
7.763224e-01 -8.333046e+00 -1.743850e+02
7.764224e-01 -8.735807e+00 -1.751531e+02
7.765223e-01 -9.124263e+00 -1.758901e+02
7.766223e-01 -9.512706e+00 -1.765947e+02
7.767223e-01 -9.843843e+00 -1.772659e+02
7.768223e-01 -1.003780e+01 -1.779027e+02
7.769223e-01 -1.030364e+01 -1.785040e+02
7.770223e-01 -1.053638e+01 -1.790691e+02
7.771223e-01 -1.061891e+01 -1.795973e+02
7.772223e-01 -1.077533e+01 -1.800878e+02
7.773223e-01 -1.086784e+01 -1.805402e+02
7.774223e-01 -1.102823e+01 -1.809539e+02
7.775222e-01 -1.101662e+01 -1.813284e+02
7.776222e-01 -1.096592e+01 -1.816634e+02
7.777222e-01 -1.080483e+01 -1.819587e+02
7.778222e-01 -1.066726e+01 -1.822140e+02
7.779222e-01 -1.070774e+01 -1.824293e+02
7.780222e-01 -1.039004e+01 -1.826048e+02
7.781222e-01 -1.025079e+01 -1.827407e+02
7.782222e-01 -9.964408e+00 -1.828376e+02
7.783222e-01 -9.682837e+00 -1.828962e+02
7.784222e-01 -9.243609e+00 -1.829174e+02
7.785221e-01 -8.983513e+00 -1.829024e+02
7.786221e-01 -8.620830e+00 -1.828527e+02
7.787221e-01 -8.218469e+00 -1.827700e+02
7.788221e-01 -7.678666e+00 -1.826562e+02
7.789221e-01 -7.337358e+00 -1.825135e+02
7.790221e-01 -6.751132e+00 -1.823442e+02
7.791221e-01 -6.285871e+00 -1.821507e+02
7.792221e-01 -5.738995e+00 -1.819356e+02
7.793221e-01 -5.101451e+00 -1.817016e+02
7.794221e-01 -4.476720e+00 -1.814512e+02
7.795220e-01 -3.925580e+00 -1.811871e+02
7.796220e-01 -3.277498e+00 -1.809119e+02
7.797220e-01 -2.752482e+00 -1.806280e+02
7.798220e-01 -2.095762e+00 -1.803379e+02
7.799220e-01 -1.546774e+00 -1.800440e+02
7.800220e-01 -7.651230e-01 -1.797483e+02
7.801220e-01 -1.678084e-01 -1.794531e+02
7.802220e-01 4.760258e-01 -1.791606e+02
7.803220e-01 1.011988e+00 -1.788726e+02
7.804220e-01 1.711485e+00 -1.785913e+02
7.805219e-01 2.178091e+00 -1.783186e+02
7.806219e-01 2.819571e+00 -1.780565e+02
7.807219e-01 3.345890e+00 -1.778071e+02
7.808219e-01 3.956945e+00 -1.775722e+02
7.809219e-01 4.421020e+00 -1.773540e+02
7.810219e-01 4.985726e+00 -1.771545e+02
7.811219e-01 5.563012e+00 -1.769755e+02
7.812219e-01 5.960305e+00 -1.768193e+02
7.813219e-01 6.392574e+00 -1.766876e+02
7.814219e-01 6.792558e+00 -1.765824e+02
7.815218e-01 7.241648e+00 -1.765056e+02
7.816218e-01 7.497709e+00 -1.764588e+02
7.817218e-01 7.870335e+00 -1.764438e+02
7.818218e-01 8.115404e+00 -1.764619e+02
7.819218e-01 8.420232e+00 -1.765146e+02
7.820218e-01 8.620691e+00 -1.766029e+02
7.821218e-01 8.776372e+00 -1.767280e+02
7.822218e-01 8.759856e+00 -1.768906e+02
7.823218e-01 9.053479e+00 -1.770912e+02
7.824218e-01 8.989353e+00 -1.773304e+02
7.825217e-01 9.052154e+00 -1.776084e+02
7.826217e-01 9.009173e+00 -1.779251e+02
7.827217e-01 8.895217e+00 -1.782803e+02
7.828217e-01 8.747348e+00 -1.786737e+02
7.829217e-01 8.757910e+00 -1.791048e+02
7.830217e-01 8.536955e+00 -1.795727e+02
7.831217e-01 8.315434e+00 -1.800766e+02
7.832217e-01 8.006000e+00 -1.806154e+02
7.833217e-01 7.752103e+00 -1.811878e+02
7.834217e-01 7.375199e+00 -1.817924e+02
7.835216e-01 7.054612e+00 -1.824278e+02
7.836216e-01 6.545194e+00 -1.830923e+02
7.837216e-01 6.299365e+00 -1.837842e+02
7.838216e-01 5.753027e+00 -1.845015e+02
7.839216e-01 5.279086e+00 -1.852424e+02
7.840216e-01 4.802556e+00 -1.860047e+02
7.841216e-01 4.326514e+00 -1.867865e+02
7.842216e-01 3.772797e+00 -1.875856e+02
7.843216e-01 3.142705e+00 -1.883998e+02
7.844216e-01 2.518491e+00 -1.892269e+02
7.845215e-01 2.003056e+00 -1.900646e+02
7.846215e-01 1.429345e+00 -1.909107e+02
7.847215e-01 7.532322e-01 -1.917630e+02
7.848215e-01 1.745502e-01 -1.926191e+02
7.849215e-01 -3.831811e-01 -1.934768e+02
7.850215e-01 -1.113363e+00 -1.943338e+02
7.851215e-01 -1.780246e+00 -1.951877e+02
7.852215e-01 -2.293811e+00 -1.960363e+02
7.853215e-01 -2.975152e+00 -1.968773e+02
7.854215e-01 -3.657393e+00 -1.977082e+02
7.855214e-01 -4.139068e+00 -1.985266e+02
7.856214e-01 -4.797622e+00 -1.993303e+02
7.857214e-01 -5.379768e+00 -2.001168e+02
7.858214e-01 -5.928481e+00 -2.008836e+02
7.859214e-01 -6.437086e+00 -2.016285e+02
7.860214e-01 -6.996086e+00 -2.023490e+02
7.861214e-01 -7.411645e+00 -2.030429e+02
7.862214e-01 -7.884129e+00 -2.037078e+02
7.863214e-01 -8.347509e+00 -2.043416e+02
7.864214e-01 -8.754269e+00 -2.049423e+02
7.865213e-01 -9.185617e+00 -2.055079e+02
7.866213e-01 -9.420266e+00 -2.060367e+02
7.867213e-01 -9.856398e+00 -2.065270e+02
7.868213e-01 -1.012674e+01 -2.069775e+02
7.869213e-01 -1.035531e+01 -2.073871e+02
7.870213e-01 -1.053971e+01 -2.077546e+02
7.871213e-01 -1.061144e+01 -2.080795e+02
7.872213e-01 -1.075202e+01 -2.083612e+02
7.873213e-01 -1.083709e+01 -2.085995e+02
7.874213e-01 -1.095236e+01 -2.087942e+02
7.875212e-01 -1.100929e+01 -2.089455e+02
7.876212e-01 -1.094481e+01 -2.090539e+02
7.877212e-01 -1.093831e+01 -2.091198e+02
7.878212e-01 -1.082759e+01 -2.091439e+02
7.879212e-01 -1.066275e+01 -2.091271e+02
7.880212e-01 -1.036052e+01 -2.090704e+02
7.881212e-01 -1.021658e+01 -2.089749e+02
7.882212e-01 -9.950464e+00 -2.088417e+02
7.883212e-01 -9.626752e+00 -2.086721e+02
7.884212e-01 -9.361178e+00 -2.084674e+02
7.885211e-01 -9.010710e+00 -2.082288e+02
7.886211e-01 -8.588160e+00 -2.079577e+02
7.887211e-01 -8.144295e+00 -2.076555e+02
7.888211e-01 -7.734198e+00 -2.073234e+02
7.889211e-01 -7.190015e+00 -2.069628e+02
7.890211e-01 -6.746490e+00 -2.065751e+02
7.891211e-01 -6.206306e+00 -2.061614e+02
7.892211e-01 -5.671206e+00 -2.057232e+02
7.893211e-01 -5.111206e+00 -2.052618e+02
7.894211e-01 -4.579828e+00 -2.047785e+02
7.895210e-01 -3.887726e+00 -2.042748e+02
7.896210e-01 -3.379620e+00 -2.037523e+02
7.897210e-01 -2.699783e+00 -2.032125e+02
7.898210e-01 -2.068556e+00 -2.026572e+02
7.899210e-01 -1.433490e+00 -2.020884e+02
7.900210e-01 -8.073988e-01 -2.015081e+02
7.901210e-01 -1.472141e-01 -2.009187e+02
7.902210e-01 3.823474e-01 -2.003227e+02
7.903210e-01 1.139892e+00 -1.997228e+02
7.904210e-01 1.706468e+00 -1.991217e+02
7.905209e-01 2.293940e+00 -1.985226e+02
7.906209e-01 2.777117e+00 -1.979286e+02
7.907209e-01 3.436602e+00 -1.973426e+02
7.908209e-01 3.852401e+00 -1.967678e+02
7.909209e-01 4.479425e+00 -1.962074e+02
7.910209e-01 5.085636e+00 -1.956641e+02
7.911209e-01 5.495420e+00 -1.951406e+02
7.912209e-01 5.945155e+00 -1.946394e+02
7.913209e-01 6.516672e+00 -1.941626e+02
7.914209e-01 6.802911e+00 -1.937121e+02
7.915208e-01 7.139014e+00 -1.932894e+02
7.916208e-01 7.517205e+00 -1.928957e+02
7.917208e-01 7.822942e+00 -1.925318e+02
7.918208e-01 8.173044e+00 -1.921982e+02
7.919208e-01 8.472609e+00 -1.918953e+02
7.920208e-01 8.626864e+00 -1.916231e+02
7.921208e-01 8.766488e+00 -1.913813e+02
7.922208e-01 8.873258e+00 -1.911697e+02
7.923208e-01 8.953400e+00 -1.909878e+02
7.924208e-01 8.951055e+00 -1.908348e+02
7.925207e-01 9.093480e+00 -1.907103e+02
7.926207e-01 9.080477e+00 -1.906134e+02
7.927207e-01 8.944528e+00 -1.905435e+02
7.928207e-01 8.772037e+00 -1.904997e+02
7.929207e-01 8.701523e+00 -1.904814e+02
7.930207e-01 8.514075e+00 -1.904878e+02
7.931207e-01 8.285079e+00 -1.905182e+02
7.932207e-01 8.052472e+00 -1.905720e+02
7.933207e-01 7.754977e+00 -1.906483e+02
7.934207e-01 7.399166e+00 -1.907467e+02
7.935206e-01 6.929989e+00 -1.908663e+02
7.936206e-01 6.613203e+00 -1.910065e+02
7.937206e-01 6.189533e+00 -1.911666e+02
7.938206e-01 5.793598e+00 -1.913457e+02
7.939206e-01 5.258885e+00 -1.915430e+02
7.940206e-01 4.768871e+00 -1.917577e+02
7.941206e-01 4.323764e+00 -1.919886e+02
7.942206e-01 3.734048e+00 -1.922346e+02
7.943206e-01 3.228296e+00 -1.924946e+02
7.944206e-01 2.607341e+00 -1.927671e+02
7.945205e-01 1.982109e+00 -1.930507e+02
7.946205e-01 1.411018e+00 -1.933439e+02
7.947205e-01 7.320666e-01 -1.936448e+02
7.948205e-01 1.207640e-01 -1.939519e+02
7.949205e-01 -5.150229e-01 -1.942633e+02
7.950205e-01 -1.027224e+00 -1.945770e+02
7.951205e-01 -1.779114e+00 -1.948914e+02
7.952205e-01 -2.362644e+00 -1.952045e+02
7.953205e-01 -2.982246e+00 -1.955144e+02
7.954205e-01 -3.671665e+00 -1.958196e+02
7.955204e-01 -4.209862e+00 -1.961182e+02
7.956204e-01 -4.734690e+00 -1.964087e+02
7.957204e-01 -5.295962e+00 -1.966897e+02
7.958204e-01 -5.796851e+00 -1.969597e+02
7.959204e-01 -6.339936e+00 -1.972175e+02
7.960204e-01 -6.969134e+00 -1.974620e+02
7.961204e-01 -7.407659e+00 -1.976922e+02
7.962204e-01 -7.934132e+00 -1.979070e+02
7.963204e-01 -8.399730e+00 -1.981056e+02
7.964204e-01 -8.760936e+00 -1.982870e+02
7.965203e-01 -9.135725e+00 -1.984506e+02
7.966203e-01 -9.446468e+00 -1.985955e+02
7.967203e-01 -9.770372e+00 -1.987210e+02
7.968203e-01 -1.001316e+01 -1.988261e+02
7.969203e-01 -1.033225e+01 -1.989102e+02
7.970203e-01 -1.050752e+01 -1.989724e+02
7.971203e-01 -1.071433e+01 -1.990117e+02
7.972203e-01 -1.085705e+01 -1.990275e+02
7.973203e-01 -1.083363e+01 -1.990186e+02
7.974203e-01 -1.094764e+01 -1.989844e+02
7.975202e-01 -1.099620e+01 -1.989238e+02
7.976202e-01 -1.092226e+01 -1.988362e+02
7.977202e-01 -1.076669e+01 -1.987208e+02
7.978202e-01 -1.078478e+01 -1.985771e+02
7.979202e-01 -1.051483e+01 -1.984046e+02
7.980202e-01 -1.039355e+01 -1.982031e+02
7.981202e-01 -1.018923e+01 -1.979727e+02
7.982202e-01 -1.003437e+01 -1.977137e+02
7.983202e-01 -9.674492e+00 -1.974267e+02
7.984202e-01 -9.403410e+00 -1.971124e+02
7.985201e-01 -8.964837e+00 -1.967722e+02
7.986201e-01 -8.549538e+00 -1.964073e+02
7.987201e-01 -8.204809e+00 -1.960195e+02
7.988201e-01 -7.733223e+00 -1.956105e+02
7.989201e-01 -7.209879e+00 -1.951822e+02
7.990201e-01 -6.758940e+00 -1.947365e+02
7.991201e-01 -6.183000e+00 -1.942753e+02
7.992201e-01 -5.683881e+00 -1.938003e+02
7.993201e-01 -5.186618e+00 -1.933132e+02
7.994201e-01 -4.479635e+00 -1.928153e+02
7.995200e-01 -3.966811e+00 -1.923079e+02
7.996200e-01 -3.369686e+00 -1.917921e+02
7.997200e-01 -2.738130e+00 -1.912689e+02
7.998200e-01 -1.997314e+00 -1.907391e+02
7.999200e-01 -1.392025e+00 -1.902038e+02
8.000200e-01 -7.789920e-01 -1.896641e+02
8.001200e-01 -1.812965e-01 -1.891213e+02
8.002200e-01 3.854139e-01 -1.885771e+02
8.003200e-01 9.735312e-01 -1.880335e+02
8.004200e-01 1.650895e+00 -1.874929e+02
8.005199e-01 2.220834e+00 -1.869582e+02
8.006199e-01 2.837804e+00 -1.864326e+02
8.007199e-01 3.393407e+00 -1.859195e+02
8.008199e-01 4.001780e+00 -1.854225e+02
8.009199e-01 4.462360e+00 -1.849453e+02
8.010199e-01 5.049172e+00 -1.844914e+02
8.011199e-01 5.511646e+00 -1.840641e+02
8.012199e-01 5.955098e+00 -1.836663e+02
8.013199e-01 6.361112e+00 -1.833006e+02
8.014199e-01 6.875155e+00 -1.829690e+02
8.015198e-01 7.171364e+00 -1.826730e+02
8.016198e-01 7.539791e+00 -1.824136e+02
8.017198e-01 7.901240e+00 -1.821913e+02
8.018198e-01 8.123351e+00 -1.820063e+02
8.019198e-01 8.402957e+00 -1.818582e+02
8.020198e-01 8.605139e+00 -1.817465e+02
8.021198e-01 8.736125e+00 -1.816706e+02
8.022198e-01 8.951091e+00 -1.816293e+02
8.023198e-01 9.010076e+00 -1.816218e+02
8.024198e-01 9.046605e+00 -1.816470e+02
8.025197e-01 8.980458e+00 -1.817040e+02
8.026197e-01 9.096726e+00 -1.817917e+02
8.027197e-01 8.955721e+00 -1.819094e+02
8.028197e-01 8.901604e+00 -1.820561e+02
8.029197e-01 8.744019e+00 -1.822312e+02
8.030197e-01 8.597230e+00 -1.824341e+02
8.031197e-01 8.352300e+00 -1.826642e+02
8.032197e-01 8.024357e+00 -1.829212e+02
8.033197e-01 7.753148e+00 -1.832044e+02
8.034197e-01 7.363314e+00 -1.835137e+02
8.035196e-01 6.973610e+00 -1.838484e+02
8.036196e-01 6.759132e+00 -1.842083e+02
8.037196e-01 6.276042e+00 -1.845928e+02
8.038196e-01 5.783350e+00 -1.850012e+02
8.039196e-01 5.353160e+00 -1.854329e+02
8.040196e-01 4.805827e+00 -1.858870e+02
8.041196e-01 4.268819e+00 -1.863624e+02
8.042196e-01 3.794943e+00 -1.868577e+02
8.043196e-01 3.289559e+00 -1.873715e+02
8.044196e-01 2.589222e+00 -1.879020e+02
8.045195e-01 1.948351e+00 -1.884472e+02
8.046195e-01 1.378245e+00 -1.890050e+02
8.047195e-01 8.717186e-01 -1.895728e+02
8.048195e-01 1.604742e-01 -1.901482e+02
8.049195e-01 -3.817071e-01 -1.907284e+02
8.050195e-01 -1.141204e+00 -1.913106e+02
8.051195e-01 -1.742105e+00 -1.918919e+02
8.052195e-01 -2.368304e+00 -1.924694e+02
8.053195e-01 -3.009920e+00 -1.930402e+02
8.054195e-01 -3.450479e+00 -1.936017e+02
8.055194e-01 -4.069872e+00 -1.941511e+02
8.056194e-01 -4.713830e+00 -1.946861e+02
8.057194e-01 -5.313784e+00 -1.952042e+02
8.058194e-01 -5.810645e+00 -1.957036e+02
8.059194e-01 -6.395838e+00 -1.961822e+02
8.060194e-01 -6.967666e+00 -1.966384e+02
8.061194e-01 -7.336101e+00 -1.970708e+02
8.062194e-01 -7.897052e+00 -1.974781e+02
8.063194e-01 -8.293314e+00 -1.978591e+02
8.064194e-01 -8.743224e+00 -1.982128e+02
8.065193e-01 -9.044352e+00 -1.985385e+02
8.066193e-01 -9.380303e+00 -1.988354e+02
8.067193e-01 -9.782837e+00 -1.991028e+02
8.068193e-01 -1.005144e+01 -1.993401e+02
8.069193e-01 -1.030526e+01 -1.995468e+02
8.070193e-01 -1.046115e+01 -1.997223e+02
8.071193e-01 -1.072900e+01 -1.998661e+02
8.072193e-01 -1.076254e+01 -1.999777e+02
8.073193e-01 -1.084540e+01 -2.000567e+02
8.074193e-01 -1.090989e+01 -2.001026e+02
8.075192e-01 -1.092590e+01 -2.001150e+02
8.076192e-01 -1.082917e+01 -2.000935e+02
8.077192e-01 -1.081593e+01 -2.000379e+02
8.078192e-01 -1.084671e+01 -1.999479e+02
8.079192e-01 -1.059869e+01 -1.998235e+02
8.080192e-01 -1.048748e+01 -1.996648e+02
8.081192e-01 -1.014677e+01 -1.994720e+02
8.082192e-01 -1.001495e+01 -1.992454e+02
8.083192e-01 -9.675262e+00 -1.989858e+02
8.084192e-01 -9.272106e+00 -1.986938e+02
8.085191e-01 -8.899534e+00 -1.983706e+02
8.086191e-01 -8.599370e+00 -1.980174e+02
8.087191e-01 -8.159716e+00 -1.976356e+02
8.088191e-01 -7.736309e+00 -1.972268e+02
8.089191e-01 -7.286010e+00 -1.967927e+02
8.090191e-01 -6.745817e+00 -1.963351e+02
8.091191e-01 -6.177467e+00 -1.958561e+02
8.092191e-01 -5.602308e+00 -1.953575e+02
8.093191e-01 -5.086380e+00 -1.948413e+02
8.094191e-01 -4.593037e+00 -1.943096e+02
8.095190e-01 -3.909118e+00 -1.937643e+02
8.096190e-01 -3.350844e+00 -1.932074e+02
8.097190e-01 -2.658435e+00 -1.926409e+02
8.098190e-01 -2.102434e+00 -1.920666e+02
8.099190e-01 -1.408730e+00 -1.914867e+02
8.100190e-01 -8.573081e-01 -1.909033e+02
8.101190e-01 -9.598062e-02 -1.903184e+02
8.102190e-01 4.754227e-01 -1.897344e+02
8.103190e-01 1.003566e+00 -1.891536e+02
8.104190e-01 1.598376e+00 -1.885786e+02
8.105189e-01 2.295487e+00 -1.880120e+02
8.106189e-01 2.864768e+00 -1.874565e+02
8.107189e-01 3.421761e+00 -1.869148e+02
8.108189e-01 3.985486e+00 -1.863897e+02
8.109189e-01 4.493156e+00 -1.858839e+02
8.110189e-01 5.027812e+00 -1.854000e+02
8.111189e-01 5.685469e+00 -1.849405e+02
8.112189e-01 5.905416e+00 -1.845076e+02
8.113189e-01 6.400452e+00 -1.841033e+02
8.114189e-01 6.793991e+00 -1.837294e+02
8.115188e-01 7.292659e+00 -1.833874e+02
8.116188e-01 7.527092e+00 -1.830784e+02
8.117188e-01 7.863740e+00 -1.828034e+02
8.118188e-01 8.205806e+00 -1.825631e+02
8.119188e-01 8.487163e+00 -1.823578e+02
8.120188e-01 8.650335e+00 -1.821880e+02
8.121188e-01 8.774630e+00 -1.820535e+02
8.122188e-01 8.941542e+00 -1.819544e+02
8.123188e-01 9.044789e+00 -1.818904e+02
8.124188e-01 9.017745e+00 -1.818613e+02
8.125187e-01 9.198763e+00 -1.818667e+02
8.126187e-01 9.096909e+00 -1.819064e+02
8.127187e-01 8.942214e+00 -1.819799e+02
8.128187e-01 8.889058e+00 -1.820867e+02
8.129187e-01 8.778783e+00 -1.822266e+02
8.130187e-01 8.614323e+00 -1.823990e+02
8.131187e-01 8.347532e+00 -1.826034e+02
8.132187e-01 8.104375e+00 -1.828394e+02
8.133187e-01 7.807323e+00 -1.831063e+02
8.134187e-01 7.404471e+00 -1.834036e+02
8.135186e-01 7.148174e+00 -1.837305e+02
8.136186e-01 6.676898e+00 -1.840861e+02
8.137186e-01 6.361067e+00 -1.844696e+02
8.138186e-01 5.922899e+00 -1.848797e+02
8.139186e-01 5.406955e+00 -1.853152e+02
8.140186e-01 4.828937e+00 -1.857746e+02
8.141186e-01 4.357024e+00 -1.862562e+02
8.142186e-01 3.786307e+00 -1.867582e+02
8.143186e-01 3.204088e+00 -1.872785e+02
8.144186e-01 2.693314e+00 -1.878149e+02
8.145185e-01 2.065795e+00 -1.883649e+02
8.146185e-01 1.500870e+00 -1.889259e+02
8.147185e-01 7.697666e-01 -1.894953e+02
8.148185e-01 1.516195e-01 -1.900702e+02
8.149185e-01 -4.789204e-01 -1.906478e+02
8.150185e-01 -9.802173e-01 -1.912251e+02
8.151185e-01 -1.655805e+00 -1.917992e+02
8.152185e-01 -2.330103e+00 -1.923673e+02
8.153185e-01 -2.911825e+00 -1.929265e+02
8.154185e-01 -3.515580e+00 -1.934743e+02
8.155184e-01 -4.087129e+00 -1.940080e+02
8.156184e-01 -4.726357e+00 -1.945253e+02
8.157184e-01 -5.261934e+00 -1.950240e+02
8.158184e-01 -5.858246e+00 -1.955021e+02
8.159184e-01 -6.494502e+00 -1.959577e+02
8.160184e-01 -6.839795e+00 -1.963892e+02
8.161184e-01 -7.396129e+00 -1.967950e+02
8.162184e-01 -7.779732e+00 -1.971739e+02
8.163184e-01 -8.316991e+00 -1.975246e+02
8.164184e-01 -8.644652e+00 -1.978461e+02
8.165183e-01 -9.005079e+00 -1.981374e+02
8.166183e-01 -9.386472e+00 -1.983976e+02
8.167183e-01 -9.699676e+00 -1.986257e+02
8.168183e-01 -9.980588e+00 -1.988211e+02
8.169183e-01 -1.020035e+01 -1.989828e+02
8.170183e-01 -1.049318e+01 -1.991100e+02
8.171183e-01 -1.066983e+01 -1.992018e+02
8.172183e-01 -1.077335e+01 -1.992574e+02
8.173183e-01 -1.091844e+01 -1.992757e+02
8.174183e-01 -1.082566e+01 -1.992559e+02
8.175182e-01 -1.084744e+01 -1.991969e+02
8.176182e-01 -1.092816e+01 -1.990978e+02
8.177182e-01 -1.071689e+01 -1.989576e+02
8.178182e-01 -1.076500e+01 -1.987754e+02
8.179182e-01 -1.055716e+01 -1.985505e+02
8.180182e-01 -1.046043e+01 -1.982823e+02
8.181182e-01 -1.026075e+01 -1.979706e+02
8.182182e-01 -9.881675e+00 -1.976153e+02
8.183182e-01 -9.552683e+00 -1.972169e+02
8.184182e-01 -9.299438e+00 -1.967761e+02
8.185181e-01 -8.900329e+00 -1.962943e+02
8.186181e-01 -8.560770e+00 -1.957732e+02
8.187181e-01 -8.041616e+00 -1.952153e+02
8.188181e-01 -7.578644e+00 -1.946232e+02
8.189181e-01 -7.231216e+00 -1.940001e+02
8.190181e-01 -6.699299e+00 -1.933495e+02
8.191181e-01 -6.162466e+00 -1.926750e+02
8.192181e-01 -5.554940e+00 -1.919806e+02
8.193181e-01 -5.007809e+00 -1.912698e+02
8.194181e-01 -4.389996e+00 -1.905463e+02
8.195180e-01 -3.895531e+00 -1.898133e+02
8.196180e-01 -3.195653e+00 -1.890740e+02
8.197180e-01 -2.648626e+00 -1.883310e+02
8.198180e-01 -2.099012e+00 -1.875865e+02
8.199180e-01 -1.321424e+00 -1.868426e+02
8.200180e-01 -7.894211e-01 -1.861007e+02
8.201180e-01 -2.096550e-01 -1.853624e+02
8.202180e-01 4.635453e-01 -1.846290e+02
8.203180e-01 1.050987e+00 -1.839015e+02
8.204180e-01 1.820500e+00 -1.831811e+02
8.205179e-01 2.289506e+00 -1.824692e+02
8.206179e-01 2.913981e+00 -1.817670e+02
8.207179e-01 3.392272e+00 -1.810760e+02
8.208179e-01 3.992433e+00 -1.803979e+02
8.209179e-01 4.646532e+00 -1.797346e+02
8.210179e-01 5.053347e+00 -1.790880e+02
8.211179e-01 5.520388e+00 -1.784603e+02
8.212179e-01 6.037387e+00 -1.778538e+02
8.213179e-01 6.498221e+00 -1.772707e+02
8.214179e-01 6.864445e+00 -1.767134e+02
8.215178e-01 7.240729e+00 -1.761842e+02
8.216178e-01 7.586180e+00 -1.756853e+02
8.217178e-01 7.880837e+00 -1.752189e+02
8.218178e-01 8.107322e+00 -1.747867e+02
8.219178e-01 8.430991e+00 -1.743905e+02
8.220178e-01 8.670845e+00 -1.740318e+02
8.221178e-01 8.814908e+00 -1.737119e+02
8.222178e-01 8.964775e+00 -1.734315e+02
8.223178e-01 9.072933e+00 -1.731913e+02
8.224178e-01 9.023051e+00 -1.729915e+02
8.225177e-01 9.011734e+00 -1.728323e+02
8.226177e-01 9.128049e+00 -1.727132e+02
8.227177e-01 9.029363e+00 -1.726337e+02
8.228177e-01 8.953541e+00 -1.725931e+02
8.229177e-01 8.723771e+00 -1.725903e+02
8.230177e-01 8.540831e+00 -1.726243e+02
8.231177e-01 8.407863e+00 -1.726937e+02
8.232177e-01 8.090768e+00 -1.727973e+02
8.233177e-01 7.882686e+00 -1.729336e+02
8.234177e-01 7.521319e+00 -1.731013e+02
8.235176e-01 7.164740e+00 -1.732990e+02
8.236176e-01 6.697283e+00 -1.735251e+02
8.237176e-01 6.402196e+00 -1.737783e+02
8.238176e-01 5.864707e+00 -1.740571e+02
8.239176e-01 5.396809e+00 -1.743600e+02
8.240176e-01 4.913763e+00 -1.746855e+02
8.241176e-01 4.313415e+00 -1.750319e+02
8.242176e-01 3.832098e+00 -1.753978e+02
8.243176e-01 3.318096e+00 -1.757813e+02
8.244176e-01 2.765073e+00 -1.761807e+02
8.245175e-01 2.004952e+00 -1.765941e+02
8.246175e-01 1.445750e+00 -1.770196e+02
8.247175e-01 9.109245e-01 -1.774549e+02
8.248175e-01 2.596906e-01 -1.778981e+02
8.249175e-01 -4.031533e-01 -1.783466e+02
8.250175e-01 -9.701474e-01 -1.787980e+02
8.251175e-01 -1.542539e+00 -1.792497e+02
8.252175e-01 -2.218517e+00 -1.796990e+02
8.253175e-01 -2.858629e+00 -1.801431e+02
8.254175e-01 -3.502374e+00 -1.805790e+02
8.255174e-01 -4.066154e+00 -1.810039e+02
8.256174e-01 -4.704674e+00 -1.814149e+02
8.257174e-01 -5.230883e+00 -1.818092e+02
8.258174e-01 -5.734090e+00 -1.821841e+02
8.259174e-01 -6.355513e+00 -1.825370e+02
8.260174e-01 -6.741951e+00 -1.828658e+02
8.261174e-01 -7.332179e+00 -1.831683e+02
8.262174e-01 -7.742872e+00 -1.834428e+02
8.263174e-01 -8.243792e+00 -1.836877e+02
8.264174e-01 -8.600092e+00 -1.839018e+02
8.265173e-01 -9.012236e+00 -1.840840e+02
8.266173e-01 -9.334118e+00 -1.842333e+02
8.267173e-01 -9.597866e+00 -1.843491e+02
8.268173e-01 -9.966460e+00 -1.844307e+02
8.269173e-01 -1.021630e+01 -1.844775e+02
8.270173e-01 -1.044961e+01 -1.844889e+02
8.271173e-01 -1.055805e+01 -1.844644e+02
8.272173e-01 -1.074396e+01 -1.844033e+02
8.273173e-01 -1.082332e+01 -1.843048e+02
8.274173e-01 -1.096595e+01 -1.841684e+02
8.275172e-01 -1.085094e+01 -1.839932e+02
8.276172e-01 -1.087322e+01 -1.837783e+02
8.277172e-01 -1.078484e+01 -1.835231e+02
8.278172e-01 -1.061197e+01 -1.832268e+02
8.279172e-01 -1.057841e+01 -1.828887e+02
8.280172e-01 -1.040571e+01 -1.825086e+02
8.281172e-01 -1.019762e+01 -1.820862e+02
8.282172e-01 -9.841191e+00 -1.816217e+02
8.283172e-01 -9.580895e+00 -1.811156e+02
8.284172e-01 -9.176824e+00 -1.805689e+02
8.285171e-01 -8.891049e+00 -1.799830e+02
8.286171e-01 -8.458506e+00 -1.793597e+02
8.287171e-01 -7.958489e+00 -1.787015e+02
8.288171e-01 -7.657750e+00 -1.780110e+02
8.289171e-01 -7.219312e+00 -1.772912e+02
8.290171e-01 -6.615281e+00 -1.765455e+02
8.291171e-01 -6.132986e+00 -1.757773e+02
8.292171e-01 -5.660547e+00 -1.749899e+02
8.293171e-01 -4.973717e+00 -1.741869e+02
8.294171e-01 -4.445532e+00 -1.733713e+02
8.295170e-01 -3.925806e+00 -1.725460e+02
8.296170e-01 -3.208144e+00 -1.717138e+02
8.297170e-01 -2.690387e+00 -1.708770e+02
8.298170e-01 -2.011633e+00 -1.700377e+02
8.299170e-01 -1.346483e+00 -1.691976e+02
8.300170e-01 -8.030888e-01 -1.683585e+02
8.301170e-01 -2.237204e-01 -1.675218e+02
8.302170e-01 3.977669e-01 -1.666890e+02
8.303170e-01 1.051046e+00 -1.658616e+02
8.304170e-01 1.685155e+00 -1.650412e+02
8.305169e-01 2.373964e+00 -1.642293e+02
8.306169e-01 2.826532e+00 -1.634280e+02
8.307169e-01 3.535936e+00 -1.626390e+02
8.308169e-01 4.054521e+00 -1.618647e+02
8.309169e-01 4.627935e+00 -1.611071e+02
8.310169e-01 5.099942e+00 -1.603686e+02
8.311169e-01 5.605130e+00 -1.596516e+02
8.312169e-01 6.026467e+00 -1.589583e+02
8.313169e-01 6.416989e+00 -1.582911e+02
8.314169e-01 6.839995e+00 -1.576520e+02
8.315168e-01 7.258078e+00 -1.570430e+02
8.316168e-01 7.659109e+00 -1.564659e+02
8.317168e-01 7.959076e+00 -1.559222e+02
8.318168e-01 8.128075e+00 -1.554133e+02
8.319168e-01 8.574900e+00 -1.549401e+02
8.320168e-01 8.698895e+00 -1.545037e+02
8.321168e-01 8.816808e+00 -1.541045e+02
8.322168e-01 9.036075e+00 -1.537431e+02
8.323168e-01 9.094583e+00 -1.534197e+02
8.324168e-01 9.103038e+00 -1.531345e+02
8.325167e-01 9.130189e+00 -1.528876e+02
8.326167e-01 9.104318e+00 -1.526788e+02
8.327167e-01 8.986575e+00 -1.525079e+02
8.328167e-01 8.896658e+00 -1.523749e+02
8.329167e-01 8.818379e+00 -1.522794e+02
8.330167e-01 8.624584e+00 -1.522211e+02
8.331167e-01 8.420972e+00 -1.521996e+02
8.332167e-01 8.164260e+00 -1.522144e+02
8.333167e-01 7.807771e+00 -1.522649e+02
8.334167e-01 7.447014e+00 -1.523506e+02
8.335166e-01 7.154357e+00 -1.524705e+02
8.336166e-01 6.852900e+00 -1.526237e+02
8.337166e-01 6.315907e+00 -1.528090e+02
8.338166e-01 5.963477e+00 -1.530249e+02
8.339166e-01 5.376384e+00 -1.532699e+02
8.340166e-01 4.877693e+00 -1.535421e+02
8.341166e-01 4.427532e+00 -1.538392e+02
8.342166e-01 3.841927e+00 -1.541591e+02
8.343166e-01 3.313827e+00 -1.544991e+02
8.344166e-01 2.726367e+00 -1.548566e+02
8.345165e-01 2.150630e+00 -1.552287e+02
8.346165e-01 1.515726e+00 -1.556124e+02
8.347165e-01 9.087402e-01 -1.560047e+02
8.348165e-01 3.457506e-01 -1.564028e+02
8.349165e-01 -2.384534e-01 -1.568037e+02
8.350165e-01 -1.036058e+00 -1.572047e+02
8.351165e-01 -1.509843e+00 -1.576029e+02
8.352165e-01 -2.299334e+00 -1.579959e+02
8.353165e-01 -2.872305e+00 -1.583814e+02
8.354165e-01 -3.352330e+00 -1.587572e+02
8.355164e-01 -4.062416e+00 -1.591212e+02
8.356164e-01 -4.575581e+00 -1.594715e+02
8.357164e-01 -5.314056e+00 -1.598063e+02
8.358164e-01 -5.878144e+00 -1.601240e+02
8.359164e-01 -6.326530e+00 -1.604230e+02
8.360164e-01 -6.826907e+00 -1.607016e+02
8.361164e-01 -7.346107e+00 -1.609584e+02
8.362164e-01 -7.693710e+00 -1.611917e+02
8.363164e-01 -8.265783e+00 -1.614000e+02
8.364164e-01 -8.566292e+00 -1.615816e+02
8.365163e-01 -9.104635e+00 -1.617350e+02
8.366163e-01 -9.378134e+00 -1.618585e+02
8.367163e-01 -9.668892e+00 -1.619505e+02
8.368163e-01 -9.950365e+00 -1.620093e+02
8.369163e-01 -1.014884e+01 -1.620336e+02
8.370163e-01 -1.039308e+01 -1.620218e+02
8.371163e-01 -1.057258e+01 -1.619726e+02
8.372163e-01 -1.069084e+01 -1.618851e+02
8.373163e-01 -1.083347e+01 -1.617584e+02
8.374163e-01 -1.082758e+01 -1.615918e+02
8.375162e-01 -1.082967e+01 -1.613850e+02
8.376162e-01 -1.077836e+01 -1.611379e+02
8.377162e-01 -1.068757e+01 -1.608509e+02
8.378162e-01 -1.067086e+01 -1.605244e+02
8.379162e-01 -1.053295e+01 -1.601592e+02
8.380162e-01 -1.028478e+01 -1.597563e+02
8.381162e-01 -1.015084e+01 -1.593168e+02
8.382162e-01 -9.874475e+00 -1.588421e+02
8.383162e-01 -9.562917e+00 -1.583335e+02
8.384162e-01 -9.277570e+00 -1.577923e+02
8.385161e-01 -8.902143e+00 -1.572202e+02
8.386161e-01 -8.401884e+00 -1.566185e+02
8.387161e-01 -8.069124e+00 -1.559888e+02
8.388161e-01 -7.540736e+00 -1.553324e+02
8.389161e-01 -7.063633e+00 -1.546509e+02
8.390161e-01 -6.619192e+00 -1.539458e+02
8.391161e-01 -6.118428e+00 -1.532188e+02
8.392161e-01 -5.553708e+00 -1.524716e+02
8.393161e-01 -5.059181e+00 -1.517061e+02
8.394161e-01 -4.415796e+00 -1.509242e+02
8.395160e-01 -3.828553e+00 -1.501281e+02
8.396160e-01 -3.219617e+00 -1.493203e+02
8.397160e-01 -2.586240e+00 -1.485031e+02
8.398160e-01 -1.970826e+00 -1.476792e+02
8.399160e-01 -1.365530e+00 -1.468514e+02
8.400160e-01 -8.157511e-01 -1.460225e+02
8.401160e-01 -7.793224e-02 -1.451954e+02
8.402160e-01 4.991222e-01 -1.443728e+02
8.403160e-01 1.075346e+00 -1.435576e+02
8.404160e-01 1.700551e+00 -1.427526e+02
8.405159e-01 2.318059e+00 -1.419602e+02
8.406159e-01 2.835857e+00 -1.411829e+02
8.407159e-01 3.464610e+00 -1.404230e+02
8.408159e-01 4.075074e+00 -1.396826e+02
8.409159e-01 4.591185e+00 -1.389635e+02
8.410159e-01 5.136548e+00 -1.382675e+02
8.411159e-01 5.554393e+00 -1.375962e+02
8.412159e-01 5.994844e+00 -1.369510e+02
8.413159e-01 6.523827e+00 -1.363334e+02
8.414159e-01 6.933966e+00 -1.357447e+02
8.415158e-01 7.354896e+00 -1.351863e+02
8.416158e-01 7.653953e+00 -1.346595e+02
8.417158e-01 8.035603e+00 -1.341657e+02
8.418158e-01 8.194020e+00 -1.337064e+02
8.419158e-01 8.557424e+00 -1.332829e+02
8.420158e-01 8.691205e+00 -1.328968e+02
8.421158e-01 8.742916e+00 -1.325493e+02
8.422158e-01 8.973947e+00 -1.322417e+02
8.423158e-01 9.079784e+00 -1.319752e+02
8.424158e-01 9.140941e+00 -1.317505e+02
8.425157e-01 9.151398e+00 -1.315682e+02
8.426157e-01 9.068561e+00 -1.314287e+02
8.427157e-01 9.095509e+00 -1.313319e+02
8.428157e-01 8.951935e+00 -1.312773e+02
8.429157e-01 8.918932e+00 -1.312644e+02
8.430157e-01 8.592350e+00 -1.312921e+02
8.431157e-01 8.467422e+00 -1.313592e+02
8.432157e-01 8.257087e+00 -1.314642e+02
8.433157e-01 7.904316e+00 -1.316055e+02
8.434157e-01 7.593394e+00 -1.317814e+02
8.435156e-01 7.179417e+00 -1.319901e+02
8.436156e-01 6.820753e+00 -1.322299e+02
8.437156e-01 6.396992e+00 -1.324990e+02
8.438156e-01 5.959359e+00 -1.327957e+02
8.439156e-01 5.485069e+00 -1.331183e+02
8.440156e-01 4.935096e+00 -1.334654e+02
8.441156e-01 4.339030e+00 -1.338353e+02
8.442156e-01 3.904435e+00 -1.342268e+02
8.443156e-01 3.303165e+00 -1.346382e+02
8.444156e-01 2.696178e+00 -1.350682e+02
8.445155e-01 2.200503e+00 -1.355153e+02
8.446155e-01 1.578231e+00 -1.359780e+02
8.447155e-01 9.894049e-01 -1.364545e+02
8.448155e-01 3.211593e-01 -1.369431e+02
8.449155e-01 -3.260497e-01 -1.374416e+02
8.450155e-01 -9.409624e-01 -1.379479e+02
8.451155e-01 -1.494876e+00 -1.384593e+02
8.452155e-01 -2.197537e+00 -1.389734e+02
8.453155e-01 -2.796228e+00 -1.394871e+02
8.454155e-01 -3.311912e+00 -1.399975e+02
8.455154e-01 -3.950812e+00 -1.405014e+02
8.456154e-01 -4.549851e+00 -1.409956e+02
8.457154e-01 -5.196409e+00 -1.414769e+02
8.458154e-01 -5.669163e+00 -1.419423e+02
8.459154e-01 -6.288996e+00 -1.423887e+02
8.460154e-01 -6.839469e+00 -1.428135e+02
8.461154e-01 -7.218366e+00 -1.432143e+02
8.462154e-01 -7.624172e+00 -1.435887e+02
8.463154e-01 -8.119140e+00 -1.439350e+02
8.464154e-01 -8.628668e+00 -1.442517e+02
8.465153e-01 -8.907600e+00 -1.445376e+02
8.466153e-01 -9.339265e+00 -1.447917e+02
8.467153e-01 -9.627790e+00 -1.450135e+02
8.468153e-01 -9.872180e+00 -1.452025e+02
8.469153e-01 -1.013444e+01 -1.453588e+02
8.470153e-01 -1.032491e+01 -1.454822e+02
8.471153e-01 -1.054386e+01 -1.455729e+02
8.472153e-01 -1.073361e+01 -1.456312e+02
8.473153e-01 -1.077533e+01 -1.456575e+02
8.474153e-01 -1.073295e+01 -1.456521e+02
8.475152e-01 -1.077803e+01 -1.456153e+02
8.476152e-01 -1.077903e+01 -1.455477e+02
8.477152e-01 -1.077468e+01 -1.454495e+02
8.478152e-01 -1.058504e+01 -1.453211e+02
8.479152e-01 -1.057743e+01 -1.451629e+02
8.480152e-01 -1.033514e+01 -1.449751e+02
8.481152e-01 -1.008852e+01 -1.447582e+02
8.482152e-01 -9.800841e+00 -1.445123e+02
8.483152e-01 -9.575869e+00 -1.442378e+02
8.484152e-01 -9.276962e+00 -1.439349e+02
8.485151e-01 -8.886417e+00 -1.436040e+02
8.486151e-01 -8.477681e+00 -1.432455e+02
8.487151e-01 -8.077187e+00 -1.428597e+02
8.488151e-01 -7.556831e+00 -1.424472e+02
8.489151e-01 -7.165614e+00 -1.420085e+02
8.490151e-01 -6.598168e+00 -1.415442e+02
8.491151e-01 -6.201708e+00 -1.410553e+02
8.492151e-01 -5.539650e+00 -1.405425e+02
8.493151e-01 -5.003205e+00 -1.400069e+02
8.494151e-01 -4.386249e+00 -1.394498e+02
8.495150e-01 -3.790683e+00 -1.388726e+02
8.496150e-01 -3.208538e+00 -1.382767e+02
8.497150e-01 -2.629754e+00 -1.376640e+02
8.498150e-01 -2.046214e+00 -1.370363e+02
8.499150e-01 -1.307050e+00 -1.363958e+02
8.500150e-01 -6.365694e-01 -1.357448e+02
8.501150e-01 -1.055651e-01 -1.350858e+02
8.502150e-01 5.261562e-01 -1.344213e+02
8.503150e-01 1.128427e+00 -1.337542e+02
8.504150e-01 1.643248e+00 -1.330872e+02
8.505149e-01 2.282513e+00 -1.324233e+02
8.506149e-01 2.895884e+00 -1.317653e+02
8.507149e-01 3.504984e+00 -1.311161e+02
8.508149e-01 4.082937e+00 -1.304785e+02
8.509149e-01 4.639919e+00 -1.298550e+02
8.510149e-01 5.164620e+00 -1.292482e+02
8.511149e-01 5.570898e+00 -1.286601e+02
8.512149e-01 6.097442e+00 -1.280927e+02
8.513149e-01 6.581010e+00 -1.275475e+02
8.514149e-01 7.009797e+00 -1.270260e+02
8.515148e-01 7.392233e+00 -1.265290e+02
8.516148e-01 7.667296e+00 -1.260573e+02
8.517148e-01 8.023588e+00 -1.256111e+02
8.518148e-01 8.318126e+00 -1.251906e+02
8.519148e-01 8.530412e+00 -1.247956e+02
8.520148e-01 8.757735e+00 -1.244258e+02
8.521148e-01 8.876723e+00 -1.240804e+02
8.522148e-01 9.047529e+00 -1.237587e+02
8.523148e-01 9.023996e+00 -1.234599e+02
8.524148e-01 9.076010e+00 -1.231830e+02
8.525147e-01 9.128451e+00 -1.229268e+02
8.526147e-01 9.173804e+00 -1.226904e+02
8.527147e-01 9.131937e+00 -1.224726e+02
8.528147e-01 8.980782e+00 -1.222722e+02
8.529147e-01 8.878385e+00 -1.220882e+02
8.530147e-01 8.684970e+00 -1.219195e+02
8.531147e-01 8.429068e+00 -1.217649e+02
8.532147e-01 8.246493e+00 -1.216236e+02
8.533147e-01 7.859587e+00 -1.214944e+02
8.534147e-01 7.607867e+00 -1.213766e+02
8.535146e-01 7.200216e+00 -1.212692e+02
8.536146e-01 6.875816e+00 -1.211715e+02
8.537146e-01 6.440497e+00 -1.210826e+02
8.538146e-01 5.976760e+00 -1.210019e+02
8.539146e-01 5.457520e+00 -1.209288e+02
8.540146e-01 4.754211e+00 -1.208626e+02
8.541146e-01 4.437433e+00 -1.208027e+02
8.542146e-01 3.979104e+00 -1.207487e+02
8.543146e-01 3.444408e+00 -1.207001e+02
8.544146e-01 2.801201e+00 -1.206564e+02
8.545145e-01 2.196570e+00 -1.206173e+02
8.546145e-01 1.555306e+00 -1.205823e+02
8.547145e-01 9.825736e-01 -1.205511e+02
8.548145e-01 4.230527e-01 -1.205234e+02
8.549145e-01 -3.245161e-01 -1.204990e+02
8.550145e-01 -8.884636e-01 -1.204775e+02
8.551145e-01 -1.506806e+00 -1.204586e+02
8.552145e-01 -2.155045e+00 -1.204422e+02
8.553145e-01 -2.783461e+00 -1.204281e+02
8.554145e-01 -3.330785e+00 -1.204159e+02
8.555144e-01 -4.002971e+00 -1.204056e+02
8.556144e-01 -4.500952e+00 -1.203968e+02
8.557144e-01 -5.082827e+00 -1.203895e+02
8.558144e-01 -5.737090e+00 -1.203835e+02
8.559144e-01 -6.224191e+00 -1.203784e+02
8.560144e-01 -6.800482e+00 -1.203743e+02
8.561144e-01 -7.232392e+00 -1.203708e+02
8.562144e-01 -7.750543e+00 -1.203678e+02
8.563144e-01 -8.108702e+00 -1.203650e+02
8.564144e-01 -8.554536e+00 -1.203623e+02
8.565143e-01 -8.997112e+00 -1.203595e+02
8.566143e-01 -9.197329e+00 -1.203562e+02
8.567143e-01 -9.570236e+00 -1.203522e+02
8.568143e-01 -9.860005e+00 -1.203472e+02
8.569143e-01 -1.009712e+01 -1.203410e+02
8.570143e-01 -1.020986e+01 -1.203332e+02
8.571143e-01 -1.055651e+01 -1.203234e+02
8.572143e-01 -1.058241e+01 -1.203112e+02
8.573143e-01 -1.074860e+01 -1.202962e+02
8.574143e-01 -1.078487e+01 -1.202780e+02
8.575142e-01 -1.076112e+01 -1.202560e+02
8.576142e-01 -1.068267e+01 -1.202297e+02
8.577142e-01 -1.071093e+01 -1.201985e+02
8.578142e-01 -1.056164e+01 -1.201619e+02
8.579142e-01 -1.049199e+01 -1.201191e+02
8.580142e-01 -1.028497e+01 -1.200694e+02
8.581142e-01 -1.005833e+01 -1.200123e+02
8.582142e-01 -9.780069e+00 -1.199470e+02
8.583142e-01 -9.533010e+00 -1.198728e+02
8.584142e-01 -9.224767e+00 -1.197890e+02
8.585141e-01 -8.766909e+00 -1.196950e+02
8.586141e-01 -8.415123e+00 -1.195903e+02
8.587141e-01 -8.020724e+00 -1.194743e+02
8.588141e-01 -7.569344e+00 -1.193467e+02
8.589141e-01 -6.995800e+00 -1.192072e+02
8.590141e-01 -6.470202e+00 -1.190559e+02
8.591141e-01 -6.095702e+00 -1.188930e+02
8.592141e-01 -5.484950e+00 -1.187188e+02
8.593141e-01 -4.915566e+00 -1.185340e+02
8.594141e-01 -4.391168e+00 -1.183396e+02
8.595140e-01 -3.761202e+00 -1.181368e+02
8.596140e-01 -3.180376e+00 -1.179270e+02
8.597140e-01 -2.581075e+00 -1.177120e+02
8.598140e-01 -1.890396e+00 -1.174937e+02
8.599140e-01 -1.349431e+00 -1.172742e+02
8.600140e-01 -7.702269e-01 -1.170555e+02
8.601140e-01 -5.096004e-02 -1.168400e+02
8.602140e-01 6.160484e-01 -1.166298e+02
8.603140e-01 1.153850e+00 -1.164269e+02
8.604140e-01 1.809865e+00 -1.162333e+02
8.605139e-01 2.419451e+00 -1.160507e+02
8.606139e-01 3.005876e+00 -1.158807e+02
8.607139e-01 3.490600e+00 -1.157245e+02
8.608139e-01 4.210569e+00 -1.155831e+02
8.609139e-01 4.671933e+00 -1.154572e+02
8.610139e-01 5.136776e+00 -1.153472e+02
8.611139e-01 5.681381e+00 -1.152533e+02
8.612139e-01 6.166721e+00 -1.151757e+02
8.613139e-01 6.662523e+00 -1.151140e+02
8.614139e-01 6.958915e+00 -1.150680e+02
8.615138e-01 7.402892e+00 -1.150372e+02
8.616138e-01 7.812676e+00 -1.150210e+02
8.617138e-01 7.975151e+00 -1.150188e+02
8.618138e-01 8.304858e+00 -1.150300e+02
8.619138e-01 8.601901e+00 -1.150539e+02
8.620138e-01 8.847405e+00 -1.150896e+02
8.621138e-01 9.021913e+00 -1.151367e+02
8.622138e-01 9.079961e+00 -1.151942e+02
8.623138e-01 9.158779e+00 -1.152617e+02
8.624138e-01 9.147293e+00 -1.153384e+02
8.625137e-01 9.343151e+00 -1.154237e+02
8.626137e-01 9.132814e+00 -1.155171e+02
8.627137e-01 9.119632e+00 -1.156180e+02
8.628137e-01 9.081237e+00 -1.157259e+02
8.629137e-01 8.963938e+00 -1.158403e+02
8.630137e-01 8.746924e+00 -1.159607e+02
8.631137e-01 8.557233e+00 -1.160868e+02
8.632137e-01 8.276687e+00 -1.162181e+02
8.633137e-01 7.906011e+00 -1.163543e+02
8.634137e-01 7.623666e+00 -1.164950e+02
8.635136e-01 7.335465e+00 -1.166398e+02
8.636136e-01 6.916742e+00 -1.167885e+02
8.637136e-01 6.385518e+00 -1.169406e+02
8.638136e-01 5.987368e+00 -1.170960e+02
8.639136e-01 5.425712e+00 -1.172542e+02
8.640136e-01 5.044289e+00 -1.174151e+02
8.641136e-01 4.374904e+00 -1.175782e+02
8.642136e-01 4.027135e+00 -1.177434e+02
8.643136e-01 3.446329e+00 -1.179103e+02
8.644136e-01 2.813150e+00 -1.180787e+02
8.645135e-01 2.325550e+00 -1.182482e+02
8.646135e-01 1.736535e+00 -1.184186e+02
8.647135e-01 1.103258e+00 -1.185895e+02
8.648135e-01 4.517064e-01 -1.187607e+02
8.649135e-01 -1.454430e-01 -1.189318e+02
8.650135e-01 -8.040438e-01 -1.191025e+02
8.651135e-01 -1.418397e+00 -1.192725e+02
8.652135e-01 -2.064398e+00 -1.194415e+02
8.653135e-01 -2.753546e+00 -1.196090e+02
8.654135e-01 -3.299064e+00 -1.197748e+02
8.655134e-01 -3.922981e+00 -1.199384e+02
8.656134e-01 -4.550412e+00 -1.200995e+02
8.657134e-01 -5.198803e+00 -1.202576e+02
8.658134e-01 -5.596402e+00 -1.204124e+02
8.659134e-01 -6.144911e+00 -1.205634e+02
8.660134e-01 -6.701286e+00 -1.207101e+02
8.661134e-01 -7.181772e+00 -1.208521e+02
8.662134e-01 -7.734091e+00 -1.209888e+02
8.663134e-01 -8.140856e+00 -1.211198e+02
8.664134e-01 -8.481065e+00 -1.212445e+02
8.665133e-01 -8.893394e+00 -1.213624e+02
8.666133e-01 -9.317209e+00 -1.214727e+02
8.667133e-01 -9.529358e+00 -1.215750e+02
8.668133e-01 -9.790760e+00 -1.216686e+02
8.669133e-01 -1.003256e+01 -1.217528e+02
8.670133e-01 -1.024492e+01 -1.218268e+02
8.671133e-01 -1.050304e+01 -1.218899e+02
8.672133e-01 -1.061327e+01 -1.219414e+02
8.673133e-01 -1.074223e+01 -1.219804e+02
8.674133e-01 -1.074472e+01 -1.220061e+02
8.675132e-01 -1.069458e+01 -1.220177e+02
8.676132e-01 -1.074795e+01 -1.220142e+02
8.677132e-01 -1.072175e+01 -1.219948e+02
8.678132e-01 -1.054559e+01 -1.219586e+02
8.679132e-01 -1.044464e+01 -1.219047e+02
8.680132e-01 -1.021892e+01 -1.218321e+02
8.681132e-01 -1.001848e+01 -1.217401e+02
8.682132e-01 -9.698834e+00 -1.216279e+02
8.683132e-01 -9.530107e+00 -1.214948e+02
8.684132e-01 -9.059598e+00 -1.213401e+02
8.685131e-01 -8.853580e+00 -1.211633e+02
8.686131e-01 -8.437754e+00 -1.209642e+02
8.687131e-01 -7.936613e+00 -1.207424e+02
8.688131e-01 -7.533283e+00 -1.204982e+02
8.689131e-01 -6.996464e+00 -1.202318e+02
8.690131e-01 -6.626097e+00 -1.199438e+02
8.691131e-01 -5.924258e+00 -1.196349e+02
8.692131e-01 -5.568392e+00 -1.193064e+02
8.693131e-01 -4.856652e+00 -1.189597e+02
8.694131e-01 -4.271450e+00 -1.185965e+02
8.695130e-01 -3.837682e+00 -1.182188e+02
8.696130e-01 -3.072772e+00 -1.178290e+02
8.697130e-01 -2.543505e+00 -1.174294e+02
8.698130e-01 -1.925548e+00 -1.170227e+02
8.699130e-01 -1.239810e+00 -1.166117e+02
8.700130e-01 -6.043781e-01 -1.161993e+02
8.701130e-01 -3.997846e-02 -1.157880e+02
8.702130e-01 5.587512e-01 -1.153808e+02
8.703130e-01 1.212575e+00 -1.149801e+02
8.704130e-01 1.811019e+00 -1.145885e+02
8.705129e-01 2.422403e+00 -1.142080e+02
8.706129e-01 3.030584e+00 -1.138406e+02
8.707129e-01 3.557950e+00 -1.134880e+02
8.708129e-01 4.168982e+00 -1.131516e+02
8.709129e-01 4.748261e+00 -1.128325e+02
8.710129e-01 5.177544e+00 -1.125316e+02
8.711129e-01 5.730389e+00 -1.122496e+02
8.712129e-01 6.207720e+00 -1.119867e+02
8.713129e-01 6.559281e+00 -1.117433e+02
8.714129e-01 7.008607e+00 -1.115193e+02
8.715128e-01 7.438885e+00 -1.113148e+02
8.716128e-01 7.702196e+00 -1.111294e+02
8.717128e-01 8.054135e+00 -1.109629e+02
8.718128e-01 8.374043e+00 -1.108149e+02
8.719128e-01 8.573444e+00 -1.106851e+02
8.720128e-01 8.811149e+00 -1.105730e+02
8.721128e-01 8.928943e+00 -1.104783e+02
8.722128e-01 9.147093e+00 -1.104004e+02
8.723128e-01 9.149476e+00 -1.103390e+02
8.724128e-01 9.380325e+00 -1.102937e+02
8.725127e-01 9.248765e+00 -1.102641e+02
8.726127e-01 9.276741e+00 -1.102499e+02
8.727127e-01 9.246553e+00 -1.102508e+02
8.728127e-01 9.042099e+00 -1.102665e+02
8.729127e-01 8.934111e+00 -1.102968e+02
8.730127e-01 8.769709e+00 -1.103414e+02
8.731127e-01 8.607777e+00 -1.104001e+02
8.732127e-01 8.250155e+00 -1.104726e+02
8.733127e-01 8.034196e+00 -1.105588e+02
8.734127e-01 7.602349e+00 -1.106584e+02
8.735126e-01 7.306725e+00 -1.107712e+02
8.736126e-01 6.873802e+00 -1.108968e+02
8.737126e-01 6.528467e+00 -1.110349e+02
8.738126e-01 6.180445e+00 -1.111851e+02
8.739126e-01 5.592637e+00 -1.113470e+02
8.740126e-01 5.102384e+00 -1.115201e+02
8.741126e-01 4.572917e+00 -1.117037e+02
8.742126e-01 4.037873e+00 -1.118972e+02
8.743126e-01 3.471597e+00 -1.120998e+02
8.744126e-01 2.822773e+00 -1.123106e+02
8.745125e-01 2.296651e+00 -1.125287e+02
8.746125e-01 1.757803e+00 -1.127529e+02
8.747125e-01 1.120072e+00 -1.129823e+02
8.748125e-01 5.599760e-01 -1.132156e+02
8.749125e-01 -1.804161e-01 -1.134515e+02
8.750125e-01 -7.495833e-01 -1.136888e+02
8.751125e-01 -1.397076e+00 -1.139261e+02
8.752125e-01 -2.154435e+00 -1.141621e+02
8.753125e-01 -2.667023e+00 -1.143955e+02
8.754125e-01 -3.306158e+00 -1.146249e+02
8.755124e-01 -3.912967e+00 -1.148492e+02
8.756124e-01 -4.550164e+00 -1.150670e+02
8.757124e-01 -4.960613e+00 -1.152772e+02
8.758124e-01 -5.651608e+00 -1.154788e+02
8.759124e-01 -6.186709e+00 -1.156708e+02
8.760124e-01 -6.602616e+00 -1.158522e+02
8.761124e-01 -7.091686e+00 -1.160222e+02
8.762124e-01 -7.580006e+00 -1.161802e+02
8.763124e-01 -8.138442e+00 -1.163254e+02
8.764124e-01 -8.342681e+00 -1.164574e+02
8.765123e-01 -8.815908e+00 -1.165755e+02
8.766123e-01 -9.192390e+00 -1.166795e+02
8.767123e-01 -9.453986e+00 -1.167688e+02
8.768123e-01 -9.800694e+00 -1.168433e+02
8.769123e-01 -1.000039e+01 -1.169025e+02
8.770123e-01 -1.020337e+01 -1.169463e+02
8.771123e-01 -1.037117e+01 -1.169745e+02
8.772123e-01 -1.059468e+01 -1.169867e+02
8.773123e-01 -1.062473e+01 -1.169828e+02
8.774123e-01 -1.066245e+01 -1.169625e+02
8.775122e-01 -1.059717e+01 -1.169257e+02
8.776122e-01 -1.065645e+01 -1.168722e+02
8.777122e-01 -1.054937e+01 -1.168017e+02
8.778122e-01 -1.064331e+01 -1.167141e+02
8.779122e-01 -1.034520e+01 -1.166092e+02
8.780122e-01 -1.020032e+01 -1.164867e+02
8.781122e-01 -9.908803e+00 -1.163467e+02
8.782122e-01 -9.676754e+00 -1.161889e+02
8.783122e-01 -9.452577e+00 -1.160135e+02
8.784122e-01 -9.106266e+00 -1.158203e+02
8.785121e-01 -8.772362e+00 -1.156095e+02
8.786121e-01 -8.358413e+00 -1.153813e+02
8.787121e-01 -7.894207e+00 -1.151360e+02
8.788121e-01 -7.398543e+00 -1.148741e+02
8.789121e-01 -6.975326e+00 -1.145962e+02
8.790121e-01 -6.615009e+00 -1.143029e+02
8.791121e-01 -6.018307e+00 -1.139951e+02
8.792121e-01 -5.395817e+00 -1.136739e+02
8.793121e-01 -4.834306e+00 -1.133403e+02
8.794121e-01 -4.278427e+00 -1.129959e+02
8.795120e-01 -3.675683e+00 -1.126419e+02
8.796120e-01 -3.001894e+00 -1.122800e+02
8.797120e-01 -2.483051e+00 -1.119118e+02
8.798120e-01 -1.920394e+00 -1.115392e+02
8.799120e-01 -1.261753e+00 -1.111639e+02
8.800120e-01 -6.671069e-01 -1.107877e+02
8.801120e-01 -4.279909e-02 -1.104126e+02
8.802120e-01 5.966979e-01 -1.100403e+02
8.803120e-01 1.115185e+00 -1.096725e+02
8.804120e-01 1.901158e+00 -1.093109e+02
8.805119e-01 2.395321e+00 -1.089570e+02
8.806119e-01 3.009005e+00 -1.086124e+02
8.807119e-01 3.697356e+00 -1.082781e+02
8.808119e-01 4.194007e+00 -1.079555e+02
8.809119e-01 4.806271e+00 -1.076453e+02
8.810119e-01 5.128795e+00 -1.073485e+02
8.811119e-01 5.677288e+00 -1.070657e+02
8.812119e-01 6.287875e+00 -1.067975e+02
8.813119e-01 6.692152e+00 -1.065441e+02
8.814119e-01 7.036914e+00 -1.063059e+02
8.815118e-01 7.497722e+00 -1.060830e+02
8.816118e-01 7.736669e+00 -1.058755e+02
8.817118e-01 8.158050e+00 -1.056835e+02
8.818118e-01 8.383265e+00 -1.055067e+02
8.819118e-01 8.679541e+00 -1.053452e+02
8.820118e-01 8.907508e+00 -1.051989e+02
8.821118e-01 9.011751e+00 -1.050675e+02
8.822118e-01 9.215996e+00 -1.049511e+02
8.823118e-01 9.210579e+00 -1.048494e+02
8.824118e-01 9.308815e+00 -1.047625e+02
8.825117e-01 9.359114e+00 -1.046903e+02
8.826117e-01 9.295284e+00 -1.046329e+02
8.827117e-01 9.266996e+00 -1.045903e+02
8.828117e-01 9.113597e+00 -1.045626e+02
8.829117e-01 8.982983e+00 -1.045502e+02
8.830117e-01 8.680425e+00 -1.045532e+02
8.831117e-01 8.626889e+00 -1.045720e+02
8.832117e-01 8.406847e+00 -1.046069e+02
8.833117e-01 8.017759e+00 -1.046584e+02
8.834117e-01 7.677933e+00 -1.047268e+02
8.835116e-01 7.454965e+00 -1.048125e+02
8.836116e-01 7.010041e+00 -1.049160e+02
8.837116e-01 6.461539e+00 -1.050376e+02
8.838116e-01 6.117058e+00 -1.051775e+02
8.839116e-01 5.766726e+00 -1.053359e+02
8.840116e-01 5.119196e+00 -1.055126e+02
8.841116e-01 4.656967e+00 -1.057074e+02
8.842116e-01 4.070169e+00 -1.059199e+02
8.843116e-01 3.554428e+00 -1.061493e+02
8.844116e-01 3.014947e+00 -1.063945e+02
8.845115e-01 2.350480e+00 -1.066542e+02
8.846115e-01 1.720624e+00 -1.069267e+02
8.847115e-01 1.052550e+00 -1.072100e+02
8.848115e-01 5.086653e-01 -1.075020e+02
8.849115e-01 -1.474287e-01 -1.078004e+02
8.850115e-01 -7.984886e-01 -1.081024e+02
8.851115e-01 -1.277881e+00 -1.084056e+02
8.852115e-01 -1.956651e+00 -1.087072e+02
8.853115e-01 -2.637128e+00 -1.090049e+02
8.854115e-01 -3.191141e+00 -1.092961e+02
8.855114e-01 -3.809167e+00 -1.095787e+02
8.856114e-01 -4.351807e+00 -1.098508e+02
8.857114e-01 -4.849790e+00 -1.101108e+02
8.858114e-01 -5.478355e+00 -1.103573e+02
8.859114e-01 -6.056842e+00 -1.105893e+02
8.860114e-01 -6.659649e+00 -1.108062e+02
8.861114e-01 -7.075352e+00 -1.110076e+02
8.862114e-01 -7.600224e+00 -1.111932e+02
8.863114e-01 -7.919794e+00 -1.113631e+02
8.864114e-01 -8.479056e+00 -1.115176e+02
8.865113e-01 -8.781567e+00 -1.116569e+02
8.866113e-01 -9.123910e+00 -1.117816e+02
8.867113e-01 -9.450694e+00 -1.118921e+02
8.868113e-01 -9.796834e+00 -1.119891e+02
8.869113e-01 -9.991161e+00 -1.120729e+02
8.870113e-01 -1.017963e+01 -1.121441e+02
8.871113e-01 -1.026797e+01 -1.122033e+02
8.872113e-01 -1.048407e+01 -1.122506e+02
8.873113e-01 -1.063611e+01 -1.122866e+02
8.874113e-01 -1.063423e+01 -1.123113e+02
8.875112e-01 -1.055544e+01 -1.123250e+02
8.876112e-01 -1.054569e+01 -1.123275e+02
8.877112e-01 -1.055629e+01 -1.123189e+02
8.878112e-01 -1.060670e+01 -1.122989e+02
8.879112e-01 -1.025701e+01 -1.122672e+02
8.880112e-01 -1.012413e+01 -1.122233e+02
8.881112e-01 -9.949152e+00 -1.121667e+02
8.882112e-01 -9.590134e+00 -1.120967e+02
8.883112e-01 -9.348772e+00 -1.120127e+02
8.884112e-01 -9.103910e+00 -1.119137e+02
8.885111e-01 -8.680352e+00 -1.117991e+02
8.886111e-01 -8.299814e+00 -1.116678e+02
8.887111e-01 -7.844860e+00 -1.115191e+02
8.888111e-01 -7.396779e+00 -1.113521e+02
8.889111e-01 -6.870717e+00 -1.111662e+02
8.890111e-01 -6.468682e+00 -1.109608e+02
8.891111e-01 -5.805253e+00 -1.107357e+02
8.892111e-01 -5.452456e+00 -1.104908e+02
8.893111e-01 -4.806432e+00 -1.102264e+02
8.894111e-01 -4.257842e+00 -1.099432e+02
8.895110e-01 -3.569094e+00 -1.096424e+02
8.896110e-01 -3.097660e+00 -1.093254e+02
8.897110e-01 -2.477479e+00 -1.089942e+02
8.898110e-01 -1.883876e+00 -1.086513e+02
8.899110e-01 -1.118164e+00 -1.082994e+02
8.900110e-01 -5.272698e-01 -1.079415e+02
8.901110e-01 8.737771e-02 -1.075809e+02
8.902110e-01 6.542066e-01 -1.072209e+02
8.903110e-01 1.286423e+00 -1.068647e+02
8.904110e-01 1.897140e+00 -1.065154e+02
8.905109e-01 2.538282e+00 -1.061759e+02
8.906109e-01 3.046580e+00 -1.058487e+02
8.907109e-01 3.706890e+00 -1.055358e+02
8.908109e-01 4.410581e+00 -1.052390e+02
8.909109e-01 4.780853e+00 -1.049594e+02
8.910109e-01 5.264463e+00 -1.046979e+02
8.911109e-01 5.721297e+00 -1.044549e+02
8.912109e-01 6.260478e+00 -1.042303e+02
8.913109e-01 6.713079e+00 -1.040239e+02
8.914109e-01 7.027595e+00 -1.038351e+02
8.915108e-01 7.553622e+00 -1.036632e+02
8.916108e-01 7.837767e+00 -1.035073e+02
8.917108e-01 8.145367e+00 -1.033665e+02
8.918108e-01 8.518329e+00 -1.032396e+02
8.919108e-01 8.723692e+00 -1.031257e+02
8.920108e-01 8.852880e+00 -1.030236e+02
8.921108e-01 9.027039e+00 -1.029323e+02
8.922108e-01 9.194979e+00 -1.028508e+02
8.923108e-01 9.274328e+00 -1.027782e+02
8.924108e-01 9.348924e+00 -1.027136e+02
8.925107e-01 9.422744e+00 -1.026561e+02
8.926107e-01 9.284948e+00 -1.026050e+02
8.927107e-01 9.326033e+00 -1.025596e+02
8.928107e-01 9.255776e+00 -1.025193e+02
8.929107e-01 9.053494e+00 -1.024834e+02
8.930107e-01 8.869687e+00 -1.024515e+02
8.931107e-01 8.658794e+00 -1.024231e+02
8.932107e-01 8.354093e+00 -1.023978e+02
8.933107e-01 8.135133e+00 -1.023751e+02
8.934107e-01 7.693762e+00 -1.023548e+02
8.935106e-01 7.457426e+00 -1.023366e+02
8.936106e-01 7.083935e+00 -1.023200e+02
8.937106e-01 6.611207e+00 -1.023050e+02
8.938106e-01 6.130511e+00 -1.022913e+02
8.939106e-01 5.747953e+00 -1.022786e+02
8.940106e-01 5.308909e+00 -1.022668e+02
8.941106e-01 4.708230e+00 -1.022557e+02
8.942106e-01 4.092855e+00 -1.022452e+02
8.943106e-01 3.679378e+00 -1.022350e+02
8.944106e-01 3.011979e+00 -1.022251e+02
8.945105e-01 2.474394e+00 -1.022153e+02
8.946105e-01 1.757185e+00 -1.022055e+02
8.947105e-01 1.127605e+00 -1.021955e+02
8.948105e-01 5.738949e-01 -1.021851e+02
8.949105e-01 -1.533242e-01 -1.021744e+02
8.950105e-01 -6.901334e-01 -1.021630e+02
8.951105e-01 -1.323486e+00 -1.021509e+02
8.952105e-01 -1.996444e+00 -1.021379e+02
8.953105e-01 -2.509395e+00 -1.021238e+02
8.954105e-01 -3.170026e+00 -1.021084e+02
8.955104e-01 -3.682792e+00 -1.020916e+02
8.956104e-01 -4.335607e+00 -1.020732e+02
8.957104e-01 -4.930774e+00 -1.020528e+02
8.958104e-01 -5.508420e+00 -1.020303e+02
8.959104e-01 -6.003370e+00 -1.020053e+02
8.960104e-01 -6.479892e+00 -1.019776e+02
8.961104e-01 -7.138989e+00 -1.019468e+02
8.962104e-01 -7.543226e+00 -1.019125e+02
8.963104e-01 -7.967937e+00 -1.018742e+02
8.964104e-01 -8.447431e+00 -1.018317e+02
8.965103e-01 -8.741955e+00 -1.017843e+02
8.966103e-01 -9.179011e+00 -1.017315e+02
8.967103e-01 -9.408699e+00 -1.016726e+02
8.968103e-01 -9.640982e+00 -1.016071e+02
8.969103e-01 -9.858004e+00 -1.015343e+02
8.970103e-01 -1.015079e+01 -1.014532e+02
8.971103e-01 -1.029843e+01 -1.013632e+02
8.972103e-01 -1.037944e+01 -1.012634e+02
8.973103e-01 -1.050973e+01 -1.011527e+02
8.974103e-01 -1.058556e+01 -1.010303e+02
8.975102e-01 -1.069196e+01 -1.008950e+02
8.976102e-01 -1.051784e+01 -1.007458e+02
8.977102e-01 -1.053641e+01 -1.005816e+02
8.978102e-01 -1.038603e+01 -1.004013e+02
8.979102e-01 -1.029088e+01 -1.002038e+02
8.980102e-01 -1.021052e+01 -9.998810e+01
8.981102e-01 -9.927572e+00 -9.975317e+01
8.982102e-01 -9.678189e+00 -9.949814e+01
8.983102e-01 -9.363177e+00 -9.922227e+01
8.984102e-01 -9.006040e+00 -9.892496e+01
8.985101e-01 -8.623566e+00 -9.860585e+01
8.986101e-01 -8.196526e+00 -9.826479e+01
8.987101e-01 -7.844701e+00 -9.790194e+01
8.988101e-01 -7.369555e+00 -9.751772e+01
8.989101e-01 -6.937601e+00 -9.711289e+01
8.990101e-01 -6.290312e+00 -9.668853e+01
8.991101e-01 -5.956162e+00 -9.624605e+01
8.992101e-01 -5.267967e+00 -9.578715e+01
8.993101e-01 -4.849928e+00 -9.531384e+01
8.994101e-01 -4.261112e+00 -9.482833e+01
8.995100e-01 -3.624664e+00 -9.433307e+01
8.996100e-01 -2.970529e+00 -9.383064e+01
8.997100e-01 -2.418001e+00 -9.332368e+01
8.998100e-01 -1.763902e+00 -9.281491e+01
8.999100e-01 -1.138595e+00 -9.230699e+01
9.000100e-01 -4.488564e-01 -9.180254e+01
9.001100e-01 1.184501e-01 -9.130404e+01
9.002100e-01 7.592319e-01 -9.081385e+01
9.003100e-01 1.377122e+00 -9.033417e+01
9.004100e-01 1.954486e+00 -8.986699e+01
9.005099e-01 2.616095e+00 -8.941413e+01
9.006099e-01 3.124480e+00 -8.897718e+01
9.007099e-01 3.701874e+00 -8.855754e+01
9.008099e-01 4.327447e+00 -8.815641e+01
9.009099e-01 4.781475e+00 -8.777478e+01
9.010099e-01 5.351088e+00 -8.741346e+01
9.011099e-01 5.875892e+00 -8.707308e+01
9.012099e-01 6.358641e+00 -8.675409e+01
9.013099e-01 6.693310e+00 -8.645678e+01
9.014099e-01 7.088668e+00 -8.618133e+01
9.015098e-01 7.530149e+00 -8.592776e+01
9.016098e-01 8.004265e+00 -8.569599e+01
9.017098e-01 8.220304e+00 -8.548587e+01
9.018098e-01 8.645581e+00 -8.529716e+01
9.019098e-01 8.727959e+00 -8.512956e+01
9.020098e-01 8.955666e+00 -8.498276e+01
9.021098e-01 9.217838e+00 -8.485641e+01
9.022098e-01 9.283802e+00 -8.475015e+01
9.023098e-01 9.330359e+00 -8.466364e+01
9.024098e-01 9.357040e+00 -8.459655e+01
9.025097e-01 9.466606e+00 -8.454859e+01
9.026097e-01 9.367043e+00 -8.451946e+01
9.027097e-01 9.381159e+00 -8.450894e+01
9.028097e-01 9.235352e+00 -8.451680e+01
9.029097e-01 9.090769e+00 -8.454289e+01
9.030097e-01 8.908752e+00 -8.458702e+01
9.031097e-01 8.693764e+00 -8.464908e+01
9.032097e-01 8.472777e+00 -8.472891e+01
9.033097e-01 8.163666e+00 -8.482639e+01
9.034097e-01 7.824843e+00 -8.494134e+01
9.035096e-01 7.608984e+00 -8.507357e+01
9.036096e-01 7.015799e+00 -8.522280e+01
9.037096e-01 6.634458e+00 -8.538870e+01
9.038096e-01 6.212949e+00 -8.557084e+01
9.039096e-01 5.692496e+00 -8.576867e+01
9.040096e-01 5.258835e+00 -8.598152e+01
9.041096e-01 4.825686e+00 -8.620856e+01
9.042096e-01 4.240591e+00 -8.644883e+01
9.043096e-01 3.674474e+00 -8.670119e+01
9.044096e-01 3.083370e+00 -8.696435e+01
9.045095e-01 2.505120e+00 -8.723688e+01
9.046095e-01 1.795879e+00 -8.751717e+01
9.047095e-01 1.250924e+00 -8.780351e+01
9.048095e-01 6.374769e-01 -8.809407e+01
9.049095e-01 -1.348328e-03 -8.838696e+01
9.050095e-01 -6.853167e-01 -8.868020e+01
9.051095e-01 -1.135927e+00 -8.897182e+01
9.052095e-01 -1.860801e+00 -8.925987e+01
9.053095e-01 -2.478622e+00 -8.954241e+01
9.054095e-01 -3.098632e+00 -8.981759e+01
9.055094e-01 -3.715989e+00 -9.008368e+01
9.056094e-01 -4.253604e+00 -9.033904e+01
9.057094e-01 -4.902071e+00 -9.058218e+01
9.058094e-01 -5.503985e+00 -9.081174e+01
9.059094e-01 -6.074552e+00 -9.102654e+01
9.060094e-01 -6.468239e+00 -9.122550e+01
9.061094e-01 -7.035870e+00 -9.140773e+01
9.062094e-01 -7.361471e+00 -9.157246e+01
9.063094e-01 -7.934136e+00 -9.171901e+01
9.064094e-01 -8.371440e+00 -9.184685e+01
9.065093e-01 -8.717967e+00 -9.195550e+01
9.066093e-01 -9.059726e+00 -9.204458e+01
9.067093e-01 -9.331683e+00 -9.211374e+01
9.068093e-01 -9.639968e+00 -9.216269e+01
9.069093e-01 -9.904685e+00 -9.219113e+01
9.070093e-01 -1.011321e+01 -9.219882e+01
9.071093e-01 -1.030379e+01 -9.218548e+01
9.072093e-01 -1.035708e+01 -9.215085e+01
9.073093e-01 -1.047099e+01 -9.209463e+01
9.074093e-01 -1.052195e+01 -9.201653e+01
9.075092e-01 -1.053604e+01 -9.191623e+01
9.076092e-01 -1.047179e+01 -9.179341e+01
9.077092e-01 -1.043172e+01 -9.164774e+01
9.078092e-01 -1.041495e+01 -9.147889e+01
9.079092e-01 -1.021692e+01 -9.128653e+01
9.080092e-01 -1.006938e+01 -9.107036e+01
9.081092e-01 -9.838605e+00 -9.083013e+01
9.082092e-01 -9.664028e+00 -9.056562e+01
9.083092e-01 -9.309026e+00 -9.027668e+01
9.084092e-01 -8.958797e+00 -8.996325e+01
9.085091e-01 -8.596125e+00 -8.962536e+01
9.086091e-01 -8.172152e+00 -8.926317e+01
9.087091e-01 -7.724396e+00 -8.887695e+01
9.088091e-01 -7.338014e+00 -8.846713e+01
9.089091e-01 -6.975236e+00 -8.803431e+01
9.090091e-01 -6.348392e+00 -8.757923e+01
9.091091e-01 -5.849999e+00 -8.710283e+01
9.092091e-01 -5.328913e+00 -8.660624e+01
9.093091e-01 -4.738657e+00 -8.609078e+01
9.094091e-01 -4.143416e+00 -8.555796e+01
9.095090e-01 -3.605125e+00 -8.500948e+01
9.096090e-01 -2.883081e+00 -8.444723e+01
9.097090e-01 -2.434473e+00 -8.387327e+01
9.098090e-01 -1.713235e+00 -8.328983e+01
9.099090e-01 -1.127918e+00 -8.269930e+01
9.100090e-01 -5.184200e-01 -8.210417e+01
9.101090e-01 2.002551e-01 -8.150705e+01
9.102090e-01 7.837404e-01 -8.091061e+01
9.103090e-01 1.300555e+00 -8.031756e+01
9.104090e-01 1.987454e+00 -7.973062e+01
9.105089e-01 2.578095e+00 -7.915244e+01
9.106089e-01 3.190824e+00 -7.858564e+01
9.107089e-01 3.862367e+00 -7.803268e+01
9.108089e-01 4.342530e+00 -7.749590e+01
9.109089e-01 4.834287e+00 -7.697745e+01
9.110089e-01 5.500866e+00 -7.647926e+01
9.111089e-01 5.812973e+00 -7.600304e+01
9.112089e-01 6.354508e+00 -7.555025e+01
9.113089e-01 6.871649e+00 -7.512209e+01
9.114089e-01 7.178208e+00 -7.471951e+01
9.115088e-01 7.565625e+00 -7.434319e+01
9.116088e-01 7.981446e+00 -7.399360e+01
9.117088e-01 8.308280e+00 -7.367095e+01
9.118088e-01 8.616251e+00 -7.337525e+01
9.119088e-01 8.698683e+00 -7.310633e+01
9.120088e-01 9.021102e+00 -7.286385e+01
9.121088e-01 9.143688e+00 -7.264731e+01
9.122088e-01 9.322683e+00 -7.245611e+01
9.123088e-01 9.344622e+00 -7.228955e+01
9.124088e-01 9.487808e+00 -7.214684e+01
9.125087e-01 9.430574e+00 -7.202714e+01
9.126087e-01 9.482010e+00 -7.192955e+01
9.127087e-01 9.509378e+00 -7.185315e+01
9.128087e-01 9.281798e+00 -7.179701e+01
9.129087e-01 9.180639e+00 -7.176017e+01
9.130087e-01 8.908193e+00 -7.174168e+01
9.131087e-01 8.750023e+00 -7.174058e+01
9.132087e-01 8.463310e+00 -7.175593e+01
9.133087e-01 8.207846e+00 -7.178678e+01
9.134087e-01 7.917527e+00 -7.183220e+01
9.135086e-01 7.551561e+00 -7.189125e+01
9.136086e-01 7.164454e+00 -7.196302e+01
9.137086e-01 6.684732e+00 -7.204658e+01
9.138086e-01 6.394498e+00 -7.214102e+01
9.139086e-01 5.857878e+00 -7.224543e+01
9.140086e-01 5.296646e+00 -7.235888e+01
9.141086e-01 4.819090e+00 -7.248046e+01
9.142086e-01 4.219112e+00 -7.260923e+01
9.143086e-01 3.742896e+00 -7.274426e+01
9.144086e-01 3.122390e+00 -7.288461e+01
9.145085e-01 2.525797e+00 -7.302933e+01
9.146085e-01 1.948333e+00 -7.317745e+01
9.147085e-01 1.334530e+00 -7.332800e+01
9.148085e-01 5.790300e-01 -7.348000e+01
9.149085e-01 8.215759e-02 -7.363247e+01
9.150085e-01 -5.597509e-01 -7.378439e+01
9.151085e-01 -1.234250e+00 -7.393476e+01
9.152085e-01 -1.763522e+00 -7.408256e+01
9.153085e-01 -2.396101e+00 -7.422678e+01
9.154085e-01 -3.050288e+00 -7.436639e+01
9.155084e-01 -3.644008e+00 -7.450035e+01
9.156084e-01 -4.128583e+00 -7.462762e+01
9.157084e-01 -4.783548e+00 -7.474716e+01
9.158084e-01 -5.331486e+00 -7.485793e+01
9.159084e-01 -5.947469e+00 -7.495887e+01
9.160084e-01 -6.416594e+00 -7.504892e+01
9.161084e-01 -6.899516e+00 -7.512701e+01
9.162084e-01 -7.435005e+00 -7.519207e+01
9.163084e-01 -7.770174e+00 -7.524300e+01
9.164084e-01 -8.265595e+00 -7.527872e+01
9.165083e-01 -8.627571e+00 -7.529811e+01
9.166083e-01 -8.977142e+00 -7.530006e+01
9.167083e-01 -9.311496e+00 -7.528343e+01
9.168083e-01 -9.633034e+00 -7.524709e+01
9.169083e-01 -9.859871e+00 -7.518989e+01
9.170083e-01 -9.954867e+00 -7.511067e+01
9.171083e-01 -1.017929e+01 -7.500830e+01
9.172083e-01 -1.032458e+01 -7.488163e+01
9.173083e-01 -1.037628e+01 -7.472956e+01
9.174083e-01 -1.034630e+01 -7.455099e+01
9.175082e-01 -1.046901e+01 -7.434491e+01
9.176082e-01 -1.051486e+01 -7.411033e+01
9.177082e-01 -1.054298e+01 -7.384639e+01
9.178082e-01 -1.030223e+01 -7.355230e+01
9.179082e-01 -1.012678e+01 -7.322743e+01
9.180082e-01 -9.970745e+00 -7.287127e+01
9.181082e-01 -9.726115e+00 -7.248353e+01
9.182082e-01 -9.477265e+00 -7.206409e+01
9.183082e-01 -9.216970e+00 -7.161307e+01
9.184082e-01 -8.823853e+00 -7.113081e+01
9.185081e-01 -8.613317e+00 -7.061792e+01
9.186081e-01 -8.092307e+00 -7.007526e+01
9.187081e-01 -7.697121e+00 -6.950395e+01
9.188081e-01 -7.290682e+00 -6.890536e+01
9.189081e-01 -6.794574e+00 -6.828111e+01
9.190081e-01 -6.374858e+00 -6.763303e+01
9.191081e-01 -5.785545e+00 -6.696311e+01
9.192081e-01 -5.423996e+00 -6.627354e+01
9.193081e-01 -4.685139e+00 -6.556659e+01
9.194081e-01 -4.085320e+00 -6.484462e+01
9.195080e-01 -3.476932e+00 -6.411004e+01
9.196080e-01 -2.866424e+00 -6.336526e+01
9.197080e-01 -2.376989e+00 -6.261269e+01
9.198080e-01 -1.699337e+00 -6.185468e+01
9.199080e-01 -1.047172e+00 -6.109354e+01
9.200080e-01 -4.276843e-01 -6.033152e+01
9.201080e-01 1.470244e-01 -5.957083e+01
9.202080e-01 9.148883e-01 -5.881361e+01
9.203080e-01 1.342078e+00 -5.806199e+01
9.204080e-01 2.016934e+00 -5.731805e+01
9.205079e-01 2.686087e+00 -5.658388e+01
9.206079e-01 3.200841e+00 -5.586155e+01
9.207079e-01 3.824996e+00 -5.515314e+01
9.208079e-01 4.340879e+00 -5.446069e+01
9.209079e-01 4.934698e+00 -5.378623e+01
9.210079e-01 5.478445e+00 -5.313175e+01
9.211079e-01 5.977777e+00 -5.249915e+01
9.212079e-01 6.268258e+00 -5.189021e+01
9.213079e-01 6.881063e+00 -5.130661e+01
9.214079e-01 7.255399e+00 -5.074982e+01
9.215078e-01 7.640082e+00 -5.022114e+01
9.216078e-01 7.996698e+00 -4.972165e+01
9.217078e-01 8.348305e+00 -4.925221e+01
9.218078e-01 8.590015e+00 -4.881346e+01
9.219078e-01 8.865117e+00 -4.840582e+01
9.220078e-01 9.155617e+00 -4.802949e+01
9.221078e-01 9.194782e+00 -4.768450e+01
9.222078e-01 9.300309e+00 -4.737073e+01
9.223078e-01 9.382569e+00 -4.708789e+01
9.224078e-01 9.551642e+00 -4.683564e+01
9.225077e-01 9.535476e+00 -4.661351e+01
9.226077e-01 9.497995e+00 -4.642103e+01
9.227077e-01 9.520271e+00 -4.625766e+01
9.228077e-01 9.339634e+00 -4.612289e+01
9.229077e-01 9.256845e+00 -4.601617e+01
9.230077e-01 9.056298e+00 -4.593700e+01
9.231077e-01 8.834249e+00 -4.588488e+01
9.232077e-01 8.561901e+00 -4.585931e+01
9.233077e-01 8.312838e+00 -4.585980e+01
9.234077e-01 7.907527e+00 -4.588585e+01
9.235076e-01 7.489288e+00 -4.593690e+01
9.236076e-01 7.213421e+00 -4.601238e+01
9.237076e-01 6.844535e+00 -4.611159e+01
9.238076e-01 6.441195e+00 -4.623376e+01
9.239076e-01 5.874008e+00 -4.637795e+01
9.240076e-01 5.374831e+00 -4.654308e+01
9.241076e-01 4.801746e+00 -4.672786e+01
9.242076e-01 4.343833e+00 -4.693081e+01
9.243076e-01 3.772736e+00 -4.715021e+01
9.244076e-01 3.191821e+00 -4.738409e+01
9.245075e-01 2.579102e+00 -4.763030e+01
9.246075e-01 1.964775e+00 -4.788642e+01
9.247075e-01 1.481021e+00 -4.814985e+01
9.248075e-01 7.217611e-01 -4.841782e+01
9.249075e-01 1.697395e-01 -4.868742e+01
9.250075e-01 -5.178826e-01 -4.895568e+01
9.251075e-01 -1.119195e+00 -4.921955e+01
9.252075e-01 -1.802132e+00 -4.947602e+01
9.253075e-01 -2.388204e+00 -4.972211e+01
9.254075e-01 -2.949114e+00 -4.995498e+01
9.255074e-01 -3.598461e+00 -5.017188e+01
9.256074e-01 -4.149703e+00 -5.037028e+01
9.257074e-01 -4.803259e+00 -5.054780e+01
9.258074e-01 -5.302259e+00 -5.070228e+01
9.259074e-01 -5.909076e+00 -5.083177e+01
9.260074e-01 -6.399863e+00 -5.093451e+01
9.261074e-01 -6.836181e+00 -5.100893e+01
9.262074e-01 -7.421871e+00 -5.105361e+01
9.263074e-01 -7.797912e+00 -5.106731e+01
9.264074e-01 -8.206875e+00 -5.104888e+01
9.265073e-01 -8.602627e+00 -5.099730e+01
9.266073e-01 -8.863898e+00 -5.091161e+01
9.267073e-01 -9.213610e+00 -5.079091e+01
9.268073e-01 -9.485991e+00 -5.063436e+01
9.269073e-01 -9.827982e+00 -5.044115e+01
9.270073e-01 -9.926678e+00 -5.021049e+01
9.271073e-01 -1.013463e+01 -4.994165e+01
9.272073e-01 -1.025349e+01 -4.963392e+01
9.273073e-01 -1.039568e+01 -4.928665e+01
9.274073e-01 -1.035868e+01 -4.889926e+01
9.275072e-01 -1.050006e+01 -4.847125e+01
9.276072e-01 -1.045732e+01 -4.800224e+01
9.277072e-01 -1.027883e+01 -4.749197e+01
9.278072e-01 -1.030584e+01 -4.694037e+01
9.279072e-01 -1.008316e+01 -4.634753e+01
9.280072e-01 -9.892906e+00 -4.571372e+01
9.281072e-01 -9.709531e+00 -4.503946e+01
9.282072e-01 -9.455942e+00 -4.432547e+01
9.283072e-01 -9.192413e+00 -4.357271e+01
9.284072e-01 -8.815081e+00 -4.278237e+01
9.285071e-01 -8.510672e+00 -4.195585e+01
9.286071e-01 -8.092799e+00 -4.109475e+01
9.287071e-01 -7.646218e+00 -4.020088e+01
9.288071e-01 -7.355367e+00 -3.927620e+01
9.289071e-01 -6.705273e+00 -3.832281e+01
9.290071e-01 -6.286054e+00 -3.734297e+01
9.291071e-01 -5.724309e+00 -3.633899e+01
9.292071e-01 -5.223892e+00 -3.531331e+01
9.293071e-01 -4.675634e+00 -3.426838e+01
9.294071e-01 -4.052761e+00 -3.320672e+01
9.295070e-01 -3.454270e+00 -3.213085e+01
9.296070e-01 -2.884159e+00 -3.104333e+01
9.297070e-01 -2.256857e+00 -2.994665e+01
9.298070e-01 -1.650441e+00 -2.884332e+01
9.299070e-01 -1.078261e+00 -2.773577e+01
9.300070e-01 -3.174139e-01 -2.662640e+01
9.301070e-01 1.433065e-01 -2.551754e+01
9.302070e-01 7.842026e-01 -2.441143e+01
9.303070e-01 1.606613e+00 -2.331024e+01
9.304070e-01 2.104583e+00 -2.221607e+01
9.305069e-01 2.662316e+00 -2.113094e+01
9.306069e-01 3.344963e+00 -2.005681e+01
9.307069e-01 3.907500e+00 -1.899559e+01
9.308069e-01 4.415399e+00 -1.794919e+01
9.309069e-01 4.969934e+00 -1.691947e+01
9.310069e-01 5.502556e+00 -1.590833e+01
9.311069e-01 5.992011e+00 -1.491768e+01
9.312069e-01 6.385075e+00 -1.394948e+01
9.313069e-01 6.847019e+00 -1.300572e+01
9.314069e-01 7.306142e+00 -1.208843e+01
9.315068e-01 7.757137e+00 -1.119966e+01
9.316068e-01 8.130343e+00 -1.034143e+01
9.317068e-01 8.382283e+00 -9.515747e+00
9.318068e-01 8.724035e+00 -8.724516e+00
9.319068e-01 8.878578e+00 -7.969518e+00
9.320068e-01 9.107632e+00 -7.252367e+00
9.321068e-01 9.245713e+00 -6.574467e+00
9.322068e-01 9.413219e+00 -5.936977e+00
9.323068e-01 9.480529e+00 -5.340793e+00
9.324068e-01 9.536926e+00 -4.786529e+00
9.325067e-01 9.593207e+00 -4.274518e+00
9.326067e-01 9.587877e+00 -3.804814e+00
9.327067e-01 9.496735e+00 -3.377208e+00
9.328067e-01 9.450545e+00 -2.991253e+00
9.329067e-01 9.301489e+00 -2.646283e+00
9.330067e-01 9.132591e+00 -2.341447e+00
9.331067e-01 8.869154e+00 -2.075732e+00
9.332067e-01 8.629991e+00 -1.847990e+00
9.333067e-01 8.381788e+00 -1.656960e+00
9.334067e-01 8.017292e+00 -1.501286e+00
9.335066e-01 7.645352e+00 -1.379533e+00
9.336066e-01 7.245143e+00 -1.290189e+00
9.337066e-01 6.970800e+00 -1.231678e+00
9.338066e-01 6.377915e+00 -1.202354e+00
9.339066e-01 5.927610e+00 -1.200501e+00
9.340066e-01 5.457595e+00 -1.224325e+00
9.341066e-01 4.912674e+00 -1.271951e+00
9.342066e-01 4.480849e+00 -1.341412e+00
9.343066e-01 3.846071e+00 -1.430649e+00
9.344066e-01 3.289823e+00 -1.537501e+00
9.345065e-01 2.710675e+00 -1.659706e+00
9.346065e-01 2.012769e+00 -1.794903e+00
9.347065e-01 1.493335e+00 -1.940639e+00
9.348065e-01 8.730441e-01 -2.094376e+00
9.349065e-01 2.174303e-01 -2.253509e+00
9.350065e-01 -4.470428e-01 -2.415377e+00
9.351065e-01 -1.143362e+00 -2.577291e+00
9.352065e-01 -1.674849e+00 -2.736551e+00
9.353065e-01 -2.460299e+00 -2.890474e+00
9.354065e-01 -2.942192e+00 -3.036412e+00
9.355064e-01 -3.604291e+00 -3.171785e+00
9.356064e-01 -4.234201e+00 -3.294090e+00
9.357064e-01 -4.689613e+00 -3.400930e+00
9.358064e-01 -5.300104e+00 -3.490023e+00
9.359064e-01 -5.815210e+00 -3.559211e+00
9.360064e-01 -6.375097e+00 -3.606473e+00
9.361064e-01 -6.739411e+00 -3.629923e+00
9.362064e-01 -7.308253e+00 -3.627807e+00
9.363064e-01 -7.677447e+00 -3.598505e+00
9.364064e-01 -8.214899e+00 -3.540515e+00
9.365063e-01 -8.469313e+00 -3.452455e+00
9.366063e-01 -8.841739e+00 -3.333041e+00
9.367063e-01 -9.230768e+00 -3.181089e+00
9.368063e-01 -9.453846e+00 -2.995497e+00
9.369063e-01 -9.704732e+00 -2.775244e+00
9.370063e-01 -9.930949e+00 -2.519380e+00
9.371063e-01 -1.010318e+01 -2.227030e+00
9.372063e-01 -1.032834e+01 -1.897389e+00
9.373063e-01 -1.034059e+01 -1.529732e+00
9.374063e-01 -1.036982e+01 -1.123420e+00
9.375062e-01 -1.035950e+01 -6.779141e-01
9.376062e-01 -1.033525e+01 -1.927908e-01
9.377062e-01 -1.034444e+01 3.322405e-01
9.378062e-01 -1.020982e+01 8.973162e-01
9.379062e-01 -1.011675e+01 1.502398e+00
9.380062e-01 -9.858293e+00 2.147252e+00
9.381062e-01 -9.609344e+00 2.831432e+00
9.382062e-01 -9.399414e+00 3.554259e+00
9.383062e-01 -9.047937e+00 4.314817e+00
9.384062e-01 -8.762991e+00 5.111944e+00
9.385061e-01 -8.460697e+00 5.944236e+00
9.386061e-01 -8.069829e+00 6.810053e+00
9.387061e-01 -7.663685e+00 7.707540e+00
9.388061e-01 -7.239337e+00 8.634650e+00
9.389061e-01 -6.757228e+00 9.589169e+00
9.390061e-01 -6.207628e+00 1.056875e+01
9.391061e-01 -5.728462e+00 1.157096e+01
9.392061e-01 -5.201289e+00 1.259329e+01
9.393061e-01 -4.649788e+00 1.363322e+01
9.394061e-01 -3.998100e+00 1.468823e+01
9.395060e-01 -3.363619e+00 1.575582e+01
9.396060e-01 -2.875374e+00 1.683355e+01
9.397060e-01 -2.182167e+00 1.791904e+01
9.398060e-01 -1.556656e+00 1.900997e+01
9.399060e-01 -9.193640e-01 2.010410e+01
9.400060e-01 -3.123231e-01 2.119924e+01
9.401060e-01 2.580289e-01 2.229328e+01
9.402060e-01 9.219132e-01 2.338414e+01
9.403060e-01 1.385014e+00 2.446976e+01
9.404060e-01 2.201225e+00 2.554814e+01
9.405059e-01 2.694996e+00 2.661726e+01
9.406059e-01 3.377488e+00 2.767511e+01
9.407059e-01 3.987007e+00 2.871968e+01
9.408059e-01 4.426230e+00 2.974893e+01
9.409059e-01 5.043830e+00 3.076085e+01
9.410059e-01 5.541363e+00 3.175339e+01
9.411059e-01 6.093712e+00 3.272450e+01
9.412059e-01 6.448453e+00 3.367218e+01
9.413059e-01 7.039213e+00 3.459441e+01
9.414059e-01 7.252151e+00 3.548926e+01
9.415058e-01 7.707195e+00 3.635482e+01
9.416058e-01 8.098540e+00 3.718932e+01
9.417058e-01 8.417806e+00 3.799106e+01
9.418058e-01 8.713955e+00 3.875850e+01
9.419058e-01 8.974693e+00 3.949026e+01
9.420058e-01 9.189244e+00 4.018512e+01
9.421058e-01 9.261853e+00 4.084208e+01
9.422058e-01 9.472003e+00 4.146035e+01
9.423058e-01 9.594275e+00 4.203937e+01
9.424058e-01 9.610589e+00 4.257880e+01
9.425057e-01 9.583707e+00 4.307854e+01
9.426057e-01 9.638457e+00 4.353874e+01
9.427057e-01 9.617017e+00 4.395973e+01
9.428057e-01 9.468393e+00 4.434209e+01
9.429057e-01 9.280962e+00 4.468655e+01
9.430057e-01 9.186121e+00 4.499402e+01
9.431057e-01 8.859901e+00 4.526558e+01
9.432057e-01 8.599118e+00 4.550239e+01
9.433057e-01 8.408264e+00 4.570571e+01
9.434057e-01 8.083754e+00 4.587689e+01
9.435056e-01 7.769162e+00 4.601728e+01
9.436056e-01 7.362178e+00 4.612828e+01
9.437056e-01 6.865822e+00 4.621129e+01
9.438056e-01 6.488439e+00 4.626770e+01
9.439056e-01 6.008882e+00 4.629890e+01
9.440056e-01 5.475586e+00 4.630627e+01
9.441056e-01 5.050407e+00 4.629121e+01
9.442056e-01 4.439093e+00 4.625513e+01
9.443056e-01 3.829658e+00 4.619951e+01
9.444056e-01 3.292727e+00 4.612593e+01
9.445055e-01 2.623082e+00 4.603606e+01
9.446055e-01 2.053261e+00 4.593176e+01
9.447055e-01 1.503294e+00 4.581504e+01
9.448055e-01 8.627165e-01 4.568815e+01
9.449055e-01 2.730422e-01 4.555355e+01
9.450055e-01 -3.500953e-01 4.541393e+01
9.451055e-01 -9.793901e-01 4.527219e+01
9.452055e-01 -1.657686e+00 4.513140e+01
9.453055e-01 -2.196675e+00 4.499479e+01
9.454055e-01 -2.846241e+00 4.486564e+01
9.455054e-01 -3.518837e+00 4.474727e+01
9.456054e-01 -3.996481e+00 4.464290e+01
9.457054e-01 -4.622742e+00 4.455567e+01
9.458054e-01 -5.099190e+00 4.448850e+01
9.459054e-01 -5.797321e+00 4.444408e+01
9.460054e-01 -6.212699e+00 4.442482e+01
9.461054e-01 -6.773842e+00 4.443284e+01
9.462054e-01 -7.198758e+00 4.446993e+01
9.463054e-01 -7.778819e+00 4.453761e+01
9.464054e-01 -8.050437e+00 4.463714e+01
9.465053e-01 -8.455949e+00 4.476952e+01
9.466053e-01 -8.684377e+00 4.493558e+01
9.467053e-01 -9.086750e+00 4.513599e+01
9.468053e-01 -9.294765e+00 4.537132e+01
9.469053e-01 -9.670912e+00 4.564207e+01
9.470053e-01 -9.831662e+00 4.594871e+01
9.471053e-01 -1.004158e+01 4.629171e+01
9.472053e-01 -1.009395e+01 4.667155e+01
9.473053e-01 -1.025779e+01 4.708870e+01
9.474053e-01 -1.031557e+01 4.754368e+01
9.475052e-01 -1.035529e+01 4.803696e+01
9.476052e-01 -1.027547e+01 4.856903e+01
9.477052e-01 -1.019939e+01 4.914025e+01
9.478052e-01 -1.018734e+01 4.975092e+01
9.479052e-01 -1.000982e+01 5.040116e+01
9.480052e-01 -9.775965e+00 5.109089e+01
9.481052e-01 -9.656122e+00 5.181979e+01
9.482052e-01 -9.267275e+00 5.258725e+01
9.483052e-01 -9.089824e+00 5.339233e+01
9.484052e-01 -8.780246e+00 5.423381e+01
9.485051e-01 -8.413807e+00 5.511012e+01
9.486051e-01 -8.009174e+00 5.601939e+01
9.487051e-01 -7.538797e+00 5.695950e+01
9.488051e-01 -7.140897e+00 5.792814e+01
9.489051e-01 -6.747175e+00 5.892283e+01
9.490051e-01 -6.116014e+00 5.994104e+01
9.491051e-01 -5.686493e+00 6.098022e+01
9.492051e-01 -5.143366e+00 6.203788e+01
9.493051e-01 -4.561638e+00 6.311160e+01
9.494051e-01 -3.990001e+00 6.419909e+01
9.495050e-01 -3.422848e+00 6.529819e+01
9.496050e-01 -2.669099e+00 6.640684e+01
9.497050e-01 -2.151321e+00 6.752309e+01
9.498050e-01 -1.482818e+00 6.864502e+01
9.499050e-01 -9.251788e-01 6.977072e+01
9.500050e-01 -2.667223e-01 7.089825e+01
9.501050e-01 3.487416e-01 7.202559e+01
9.502050e-01 8.902737e-01 7.315061e+01
9.503050e-01 1.595089e+00 7.427105e+01
9.504050e-01 2.153279e+00 7.538452e+01
9.505049e-01 2.800046e+00 7.648851e+01
9.506049e-01 3.416125e+00 7.758038e+01
9.507049e-01 3.933945e+00 7.865746e+01
9.508049e-01 4.536407e+00 7.971704e+01
9.509049e-01 5.071536e+00 8.075644e+01
9.510049e-01 5.635314e+00 8.177307e+01
9.511049e-01 6.106391e+00 8.276450e+01
9.512049e-01 6.637602e+00 8.372846e+01
9.513049e-01 7.095899e+00 8.466295e+01
9.514049e-01 7.512899e+00 8.556618e+01
9.515048e-01 7.811199e+00 8.643664e+01
9.516048e-01 8.141440e+00 8.727308e+01
9.517048e-01 8.483068e+00 8.807444e+01
9.518048e-01 8.766154e+00 8.883989e+01
9.519048e-01 9.091003e+00 8.956871e+01
9.520048e-01 9.261711e+00 9.026030e+01
9.521048e-01 9.406284e+00 9.091412e+01
9.522048e-01 9.527098e+00 9.152961e+01
9.523048e-01 9.682810e+00 9.210625e+01
9.524048e-01 9.784621e+00 9.264348e+01
9.525047e-01 9.734155e+00 9.314078e+01
9.526047e-01 9.658405e+00 9.359763e+01
9.527047e-01 9.526512e+00 9.401362e+01
9.528047e-01 9.456312e+00 9.438844e+01
9.529047e-01 9.366968e+00 9.472197e+01
9.530047e-01 9.261655e+00 9.501432e+01
9.531047e-01 8.957188e+00 9.526587e+01
9.532047e-01 8.748994e+00 9.547728e+01
9.533047e-01 8.422775e+00 9.564954e+01
9.534047e-01 8.070832e+00 9.578390e+01
9.535046e-01 7.800010e+00 9.588195e+01
9.536046e-01 7.428944e+00 9.594549e+01
9.537046e-01 7.051600e+00 9.597657e+01
9.538046e-01 6.576503e+00 9.597740e+01
9.539046e-01 6.028488e+00 9.595033e+01
9.540046e-01 5.610276e+00 9.589779e+01
9.541046e-01 5.122042e+00 9.582225e+01
9.542046e-01 4.564336e+00 9.572622e+01
9.543046e-01 3.995820e+00 9.561214e+01
9.544046e-01 3.371618e+00 9.548242e+01
9.545045e-01 2.862558e+00 9.533939e+01
9.546045e-01 2.143798e+00 9.518530e+01
9.547045e-01 1.609211e+00 9.502229e+01
9.548045e-01 9.865208e-01 9.485239e+01
9.549045e-01 2.152009e-01 9.467753e+01
9.550045e-01 -3.877380e-01 9.449953e+01
9.551045e-01 -1.008792e+00 9.432010e+01
9.552045e-01 -1.537802e+00 9.414084e+01
9.553045e-01 -2.208688e+00 9.396328e+01
9.554045e-01 -2.800202e+00 9.378885e+01
9.555044e-01 -3.334724e+00 9.361891e+01
9.556044e-01 -3.955057e+00 9.345474e+01
9.557044e-01 -4.511205e+00 9.329758e+01
9.558044e-01 -5.102601e+00 9.314862e+01
9.559044e-01 -5.703973e+00 9.300901e+01
9.560044e-01 -6.115745e+00 9.287987e+01
9.561044e-01 -6.695837e+00 9.276233e+01
9.562044e-01 -7.040699e+00 9.265748e+01
9.563044e-01 -7.558849e+00 9.256642e+01
9.564044e-01 -8.051521e+00 9.249028e+01
9.565043e-01 -8.377108e+00 9.243017e+01
9.566043e-01 -8.680683e+00 9.238724e+01
9.567043e-01 -9.011924e+00 9.236267e+01
9.568043e-01 -9.418631e+00 9.235765e+01
9.569043e-01 -9.608234e+00 9.237338e+01
9.570043e-01 -9.749087e+00 9.241112e+01
9.571043e-01 -9.906748e+00 9.247209e+01
9.572043e-01 -1.002681e+01 9.255755e+01
9.573043e-01 -1.021845e+01 9.266872e+01
9.574043e-01 -1.023225e+01 9.280680e+01
9.575042e-01 -1.027949e+01 9.297294e+01
9.576042e-01 -1.023796e+01 9.316821e+01
9.577042e-01 -1.010668e+01 9.339358e+01
9.578042e-01 -1.008096e+01 9.364987e+01
9.579042e-01 -9.975871e+00 9.393776e+01
9.580042e-01 -9.756312e+00 9.425773e+01
9.581042e-01 -9.501420e+00 9.461004e+01
9.582042e-01 -9.343349e+00 9.499471e+01
9.583042e-01 -9.068630e+00 9.541151e+01
9.584042e-01 -8.646676e+00 9.585993e+01
9.585041e-01 -8.456943e+00 9.633922e+01
9.586041e-01 -8.050362e+00 9.684835e+01
9.587041e-01 -7.482346e+00 9.738606e+01
9.588041e-01 -7.129614e+00 9.795087e+01
9.589041e-01 -6.572401e+00 9.854112e+01
9.590041e-01 -6.128990e+00 9.915501e+01
9.591041e-01 -5.569264e+00 9.979062e+01
9.592041e-01 -5.150502e+00 1.004460e+02
9.593041e-01 -4.533066e+00 1.011190e+02
9.594041e-01 -3.863682e+00 1.018077e+02
9.595040e-01 -3.297540e+00 1.025101e+02
9.596040e-01 -2.703714e+00 1.032239e+02
9.597040e-01 -2.174458e+00 1.039473e+02
9.598040e-01 -1.484856e+00 1.046781e+02
9.599040e-01 -9.097786e-01 1.054144e+02
9.600040e-01 -1.850465e-01 1.061540e+02
9.601040e-01 3.743066e-01 1.068948e+02
9.602040e-01 1.086905e+00 1.076346e+02
9.603040e-01 1.573392e+00 1.083714e+02
9.604040e-01 2.230091e+00 1.091028e+02
9.605039e-01 2.796914e+00 1.098266e+02
9.606039e-01 3.423782e+00 1.105405e+02
9.607039e-01 3.988931e+00 1.112423e+02
9.608039e-01 4.636510e+00 1.119297e+02
9.609039e-01 5.158698e+00 1.126007e+02
9.610039e-01 5.671586e+00 1.132532e+02
9.611039e-01 6.130036e+00 1.138854e+02
9.612039e-01 6.625680e+00 1.144956e+02
9.613039e-01 7.058217e+00 1.150824e+02
9.614039e-01 7.541963e+00 1.156446e+02
9.615038e-01 7.883356e+00 1.161812e+02
9.616038e-01 8.157356e+00 1.166916e+02
9.617038e-01 8.486698e+00 1.171752e+02
9.618038e-01 8.877257e+00 1.176319e+02
9.619038e-01 9.150732e+00 1.180617e+02
9.620038e-01 9.242241e+00 1.184649e+02
9.621038e-01 9.488723e+00 1.188419e+02
9.622038e-01 9.498058e+00 1.191934e+02
9.623038e-01 9.615620e+00 1.195202e+02
9.624038e-01 9.785160e+00 1.198231e+02
9.625037e-01 9.820481e+00 1.201032e+02
9.626037e-01 9.640128e+00 1.203616e+02
9.627037e-01 9.623046e+00 1.205993e+02
9.628037e-01 9.546071e+00 1.208175e+02
9.629037e-01 9.475183e+00 1.210174e+02
9.630037e-01 9.286453e+00 1.212001e+02
9.631037e-01 9.150452e+00 1.213669e+02
9.632037e-01 8.796259e+00 1.215187e+02
9.633037e-01 8.521372e+00 1.216567e+02
9.634037e-01 8.292070e+00 1.217819e+02
9.635036e-01 7.844151e+00 1.218953e+02
9.636036e-01 7.394812e+00 1.219978e+02
9.637036e-01 7.000718e+00 1.220904e+02
9.638036e-01 6.684178e+00 1.221738e+02
9.639036e-01 6.081563e+00 1.222489e+02
9.640036e-01 5.662589e+00 1.223164e+02
9.641036e-01 5.072513e+00 1.223768e+02
9.642036e-01 4.605766e+00 1.224310e+02
9.643036e-01 3.947000e+00 1.224794e+02
9.644036e-01 3.496143e+00 1.225225e+02
9.645035e-01 2.869801e+00 1.225609e+02
9.646035e-01 2.224484e+00 1.225951e+02
9.647035e-01 1.570940e+00 1.226253e+02
9.648035e-01 1.023315e+00 1.226521e+02
9.649035e-01 4.501409e-01 1.226757e+02
9.650035e-01 -1.717041e-01 1.226964e+02
9.651035e-01 -8.144581e-01 1.227146e+02
9.652035e-01 -1.495206e+00 1.227305e+02
9.653035e-01 -2.176871e+00 1.227443e+02
9.654035e-01 -2.723242e+00 1.227563e+02
9.655034e-01 -3.302670e+00 1.227666e+02
9.656034e-01 -3.904894e+00 1.227754e+02
9.657034e-01 -4.479240e+00 1.227830e+02
9.658034e-01 -5.082349e+00 1.227893e+02
9.659034e-01 -5.565105e+00 1.227946e+02
9.660034e-01 -6.089008e+00 1.227989e+02
9.661034e-01 -6.449135e+00 1.228025e+02
9.662034e-01 -7.051759e+00 1.228053e+02
9.663034e-01 -7.556624e+00 1.228074e+02
9.664034e-01 -7.868169e+00 1.228090e+02
9.665033e-01 -8.299454e+00 1.228101e+02
9.666033e-01 -8.718599e+00 1.228108e+02
9.667033e-01 -8.930745e+00 1.228111e+02
9.668033e-01 -9.318960e+00 1.228111e+02
9.669033e-01 -9.537440e+00 1.228107e+02
9.670033e-01 -9.744185e+00 1.228102e+02
9.671033e-01 -9.864926e+00 1.228094e+02
9.672033e-01 -1.003420e+01 1.228084e+02
9.673033e-01 -1.012923e+01 1.228073e+02
9.674033e-01 -1.013390e+01 1.228061e+02
9.675032e-01 -1.026630e+01 1.228048e+02
9.676032e-01 -1.020823e+01 1.228033e+02
9.677032e-01 -1.005322e+01 1.228019e+02
9.678032e-01 -1.011869e+01 1.228003e+02
9.679032e-01 -9.857958e+00 1.227987e+02
9.680032e-01 -9.783667e+00 1.227970e+02
9.681032e-01 -9.519168e+00 1.227953e+02
9.682032e-01 -9.300057e+00 1.227936e+02
9.683032e-01 -8.943646e+00 1.227919e+02
9.684032e-01 -8.680880e+00 1.227901e+02
9.685031e-01 -8.376145e+00 1.227882e+02
9.686031e-01 -7.924708e+00 1.227863e+02
9.687031e-01 -7.610010e+00 1.227844e+02
9.688031e-01 -7.047570e+00 1.227823e+02
9.689031e-01 -6.464165e+00 1.227802e+02
9.690031e-01 -6.044296e+00 1.227780e+02
9.691031e-01 -5.532114e+00 1.227756e+02
9.692031e-01 -4.997976e+00 1.227731e+02
9.693031e-01 -4.447330e+00 1.227704e+02
9.694031e-01 -3.837791e+00 1.227674e+02
9.695030e-01 -3.267539e+00 1.227642e+02
9.696030e-01 -2.672983e+00 1.227606e+02
9.697030e-01 -2.213034e+00 1.227566e+02
9.698030e-01 -1.442142e+00 1.227521e+02
9.699030e-01 -8.250172e-01 1.227471e+02
9.700030e-01 -1.952971e-01 1.227415e+02
9.701030e-01 4.304075e-01 1.227351e+02
9.702030e-01 1.107029e+00 1.227278e+02
9.703030e-01 1.751697e+00 1.227194e+02
9.704030e-01 2.248433e+00 1.227099e+02
9.705029e-01 2.956050e+00 1.226991e+02
9.706029e-01 3.489996e+00 1.226866e+02
9.707029e-01 4.071293e+00 1.226723e+02
9.708029e-01 4.709104e+00 1.226559e+02
9.709029e-01 5.213714e+00 1.226371e+02
9.710029e-01 5.748923e+00 1.226154e+02
9.711029e-01 6.208378e+00 1.225906e+02
9.712029e-01 6.643632e+00 1.225622e+02
9.713029e-01 7.076371e+00 1.225295e+02
9.714029e-01 7.536297e+00 1.224921e+02
9.715028e-01 7.922241e+00 1.224493e+02
9.716028e-01 8.361874e+00 1.224003e+02
9.717028e-01 8.529794e+00 1.223442e+02
9.718028e-01 8.922850e+00 1.222803e+02
9.719028e-01 9.059705e+00 1.222075e+02
9.720028e-01 9.324745e+00 1.221246e+02
9.721028e-01 9.466201e+00 1.220304e+02
9.722028e-01 9.628852e+00 1.219237e+02
9.723028e-01 9.736348e+00 1.218031e+02
9.724028e-01 9.765696e+00 1.216670e+02
9.725027e-01 9.879694e+00 1.215141e+02
9.726027e-01 9.789667e+00 1.213427e+02
9.727027e-01 9.677309e+00 1.211513e+02
9.728027e-01 9.601636e+00 1.209385e+02
9.729027e-01 9.545834e+00 1.207027e+02
9.730027e-01 9.373493e+00 1.204430e+02
9.731027e-01 9.204348e+00 1.201582e+02
9.732027e-01 8.898439e+00 1.198477e+02
9.733027e-01 8.605237e+00 1.195111e+02
9.734027e-01 8.277254e+00 1.191486e+02
9.735026e-01 7.879931e+00 1.187606e+02
9.736026e-01 7.550293e+00 1.183481e+02
9.737026e-01 7.042403e+00 1.179125e+02
9.738026e-01 6.788242e+00 1.174557e+02
9.739026e-01 6.282159e+00 1.169797e+02
9.740026e-01 5.741228e+00 1.164869e+02
9.741026e-01 5.111683e+00 1.159797e+02
9.742026e-01 4.642747e+00 1.154605e+02
9.743026e-01 4.110562e+00 1.149314e+02
9.744026e-01 3.430302e+00 1.143947e+02
9.745025e-01 2.937470e+00 1.138518e+02
9.746025e-01 2.300659e+00 1.133043e+02
9.747025e-01 1.662930e+00 1.127533e+02
9.748025e-01 1.085488e+00 1.121995e+02
9.749025e-01 3.252129e-01 1.116439e+02
9.750025e-01 -2.449152e-01 1.110871e+02
9.751025e-01 -8.422448e-01 1.105300e+02
9.752025e-01 -1.430152e+00 1.099737e+02
9.753025e-01 -1.966005e+00 1.094197e+02
9.754025e-01 -2.637524e+00 1.088698e+02
9.755024e-01 -3.233141e+00 1.083261e+02
9.756024e-01 -3.897683e+00 1.077914e+02
9.757024e-01 -4.522258e+00 1.072684e+02
9.758024e-01 -4.928878e+00 1.067603e+02
9.759024e-01 -5.494174e+00 1.062701e+02
9.760024e-01 -6.101773e+00 1.058009e+02
9.761024e-01 -6.523062e+00 1.053552e+02
9.762024e-01 -6.957356e+00 1.049356e+02
9.763024e-01 -7.421172e+00 1.045439e+02
9.764024e-01 -7.797248e+00 1.041816e+02
9.765023e-01 -8.251856e+00 1.038494e+02
9.766023e-01 -8.606150e+00 1.035478e+02
9.767023e-01 -8.889600e+00 1.032767e+02
9.768023e-01 -9.164379e+00 1.030355e+02
9.769023e-01 -9.389695e+00 1.028237e+02
9.770023e-01 -9.616360e+00 1.026400e+02
9.771023e-01 -9.856846e+00 1.024834e+02
9.772023e-01 -1.003105e+01 1.023526e+02
9.773023e-01 -1.009055e+01 1.022464e+02
9.774023e-01 -1.013394e+01 1.021634e+02
9.775022e-01 -1.011414e+01 1.021026e+02
9.776022e-01 -1.009708e+01 1.020629e+02
9.777022e-01 -1.005699e+01 1.020432e+02
9.778022e-01 -9.919720e+00 1.020429e+02
9.779022e-01 -9.742612e+00 1.020612e+02
9.780022e-01 -9.689959e+00 1.020975e+02
9.781022e-01 -9.489672e+00 1.021515e+02
9.782022e-01 -9.164188e+00 1.022227e+02
9.783022e-01 -8.814563e+00 1.023108e+02
9.784022e-01 -8.592776e+00 1.024158e+02
9.785021e-01 -8.246351e+00 1.025372e+02
9.786021e-01 -7.792567e+00 1.026751e+02
9.787021e-01 -7.434290e+00 1.028290e+02
9.788021e-01 -6.982763e+00 1.029987e+02
9.789021e-01 -6.509387e+00 1.031837e+02
9.790021e-01 -6.076000e+00 1.033834e+02
9.791021e-01 -5.431867e+00 1.035971e+02
9.792021e-01 -4.915000e+00 1.038238e+02
9.793021e-01 -4.412954e+00 1.040623e+02
9.794021e-01 -3.870697e+00 1.043111e+02
9.795020e-01 -3.214183e+00 1.045685e+02
9.796020e-01 -2.617654e+00 1.048327e+02
9.797020e-01 -2.028976e+00 1.051015e+02
9.798020e-01 -1.338867e+00 1.053725e+02
9.799020e-01 -7.120720e-01 1.056434e+02
9.800020e-01 -7.508133e-02 1.059116e+02
9.801020e-01 4.841220e-01 1.061744e+02
9.802020e-01 1.104026e+00 1.064293e+02
9.803020e-01 1.780298e+00 1.066738e+02
9.804020e-01 2.337904e+00 1.069054e+02
9.805019e-01 3.029210e+00 1.071219e+02
9.806019e-01 3.530497e+00 1.073211e+02
9.807019e-01 4.109985e+00 1.075010e+02
9.808019e-01 4.708630e+00 1.076599e+02
9.809019e-01 5.232891e+00 1.077963e+02
9.810019e-01 5.800920e+00 1.079087e+02
9.811019e-01 6.267002e+00 1.079960e+02
9.812019e-01 6.787549e+00 1.080570e+02
9.813019e-01 7.125915e+00 1.080907e+02
9.814019e-01 7.597595e+00 1.080962e+02
9.815018e-01 7.956412e+00 1.080727e+02
9.816018e-01 8.344567e+00 1.080193e+02
9.817018e-01 8.756701e+00 1.079352e+02
9.818018e-01 8.872189e+00 1.078196e+02
9.819018e-01 9.212387e+00 1.076716e+02
9.820018e-01 9.343272e+00 1.074906e+02
9.821018e-01 9.605563e+00 1.072755e+02
9.822018e-01 9.690335e+00 1.070257e+02
9.823018e-01 9.718207e+00 1.067402e+02
9.824018e-01 9.859209e+00 1.064184e+02
9.825017e-01 9.949038e+00 1.060595e+02
9.826017e-01 9.779626e+00 1.056629e+02
9.827017e-01 9.892986e+00 1.052282e+02
9.828017e-01 9.789403e+00 1.047551e+02
9.829017e-01 9.620417e+00 1.042434e+02
9.830017e-01 9.337571e+00 1.036931e+02
9.831017e-01 9.178873e+00 1.031047e+02
9.832017e-01 8.969281e+00 1.024786e+02
9.833017e-01 8.657883e+00 1.018156e+02
9.834017e-01 8.365302e+00 1.011168e+02
9.835016e-01 8.010672e+00 1.003834e+02
9.836016e-01 7.589876e+00 9.961685e+01
9.837016e-01 7.114486e+00 9.881881e+01
9.838016e-01 6.717151e+00 9.799108e+01
9.839016e-01 6.271547e+00 9.713558e+01
9.840016e-01 5.842953e+00 9.625434e+01
9.841016e-01 5.286797e+00 9.534945e+01
9.842016e-01 4.674838e+00 9.442306e+01
9.843016e-01 4.121803e+00 9.347737e+01
9.844016e-01 3.599853e+00 9.251458e+01
9.845015e-01 2.957182e+00 9.153694e+01
9.846015e-01 2.432029e+00 9.054675e+01
9.847015e-01 1.724186e+00 8.954632e+01
9.848015e-01 1.221806e+00 8.853801e+01
9.849015e-01 4.683762e-01 8.752424e+01
9.850015e-01 -1.734741e-01 8.650745e+01
9.851015e-01 -6.839928e-01 8.549016e+01
9.852015e-01 -1.337367e+00 8.447487e+01
9.853015e-01 -1.993960e+00 8.346415e+01
9.854015e-01 -2.535955e+00 8.246050e+01
9.855014e-01 -3.128439e+00 8.146643e+01
9.856014e-01 -3.768634e+00 8.048438e+01
9.857014e-01 -4.392219e+00 7.951669e+01
9.858014e-01 -5.003874e+00 7.856561e+01
9.859014e-01 -5.355654e+00 7.763329e+01
9.860014e-01 -5.981571e+00 7.672172e+01
9.861014e-01 -6.539125e+00 7.583282e+01
9.862014e-01 -6.998513e+00 7.496837e+01
9.863014e-01 -7.414115e+00 7.413003e+01
9.864014e-01 -7.777851e+00 7.331941e+01
9.865013e-01 -8.207920e+00 7.253803e+01
9.866013e-01 -8.563429e+00 7.178733e+01
9.867013e-01 -8.843273e+00 7.106872e+01
9.868013e-01 -9.141273e+00 7.038351e+01
9.869013e-01 -9.403964e+00 6.973297e+01
9.870013e-01 -9.654818e+00 6.911826e+01
9.871013e-01 -9.736504e+00 6.854042e+01
9.872013e-01 -9.886934e+00 6.800036e+01
9.873013e-01 -1.000596e+01 6.749880e+01
9.874013e-01 -1.011614e+01 6.703629e+01
9.875012e-01 -1.005730e+01 6.661311e+01
9.876012e-01 -1.009583e+01 6.622934e+01
9.877012e-01 -1.000601e+01 6.588479e+01
9.878012e-01 -9.875450e+00 6.557906e+01
9.879012e-01 -9.767010e+00 6.531152e+01
9.880012e-01 -9.630380e+00 6.508134e+01
9.881012e-01 -9.367720e+00 6.488756e+01
9.882012e-01 -9.053489e+00 6.472908e+01
9.883012e-01 -8.810524e+00 6.460470e+01
9.884012e-01 -8.540939e+00 6.451321e+01
9.885011e-01 -8.124822e+00 6.445332e+01
9.886011e-01 -7.844370e+00 6.442372e+01
9.887011e-01 -7.511219e+00 6.442308e+01
9.888011e-01 -6.925358e+00 6.445002e+01
9.889011e-01 -6.479785e+00 6.450307e+01
9.890011e-01 -5.984273e+00 6.458067e+01
9.891011e-01 -5.405485e+00 6.468114e+01
9.892011e-01 -4.904364e+00 6.480260e+01
9.893011e-01 -4.221926e+00 6.494303e+01
9.894011e-01 -3.712142e+00 6.510018e+01
9.895010e-01 -3.067698e+00 6.527164e+01
9.896010e-01 -2.546114e+00 6.545480e+01
9.897010e-01 -1.906028e+00 6.564694e+01
9.898010e-01 -1.278958e+00 6.584522e+01
9.899010e-01 -7.206611e-01 6.604677e+01
9.900010e-01 -2.195282e-02 6.624876e+01
9.901010e-01 5.596420e-01 6.644842e+01
9.902010e-01 1.202851e+00 6.664311e+01
9.903010e-01 1.827280e+00 6.683038e+01
9.904010e-01 2.481395e+00 6.700798e+01
9.905009e-01 3.127894e+00 6.717386e+01
9.906009e-01 3.619026e+00 6.732619e+01
9.907009e-01 4.254125e+00 6.746334e+01
9.908009e-01 4.754749e+00 6.758378e+01
9.909009e-01 5.293708e+00 6.768608e+01
9.910009e-01 5.900965e+00 6.776885e+01
9.911009e-01 6.279778e+00 6.783063e+01
9.912009e-01 6.819538e+00 6.786985e+01
9.913009e-01 7.183323e+00 6.788476e+01
9.914009e-01 7.688195e+00 6.787341e+01
9.915008e-01 8.115555e+00 6.783360e+01
9.916008e-01 8.389847e+00 6.776288e+01
9.917008e-01 8.767851e+00 6.765860e+01
9.918008e-01 9.041242e+00 6.751797e+01
9.919008e-01 9.180730e+00 6.733815e+01
9.920008e-01 9.433729e+00 6.711642e+01
9.921008e-01 9.653824e+00 6.685031e+01
9.922008e-01 9.750529e+00 6.653780e+01
9.923008e-01 9.949157e+00 6.617748e+01
9.924008e-01 9.999129e+00 6.576867e+01
9.925007e-01 9.987797e+00 6.531152e+01
9.926007e-01 9.911744e+00 6.480702e+01
9.927007e-01 9.929035e+00 6.425690e+01
9.928007e-01 9.808734e+00 6.366347e+01
9.929007e-01 9.546897e+00 6.302939e+01
9.930007e-01 9.448671e+00 6.235740e+01
9.931007e-01 9.216027e+00 6.165009e+01
9.932007e-01 8.971913e+00 6.090962e+01
9.933007e-01 8.730483e+00 6.013763e+01
9.934007e-01 8.429762e+00 5.933522e+01
9.935006e-01 7.971121e+00 5.850297e+01
9.936006e-01 7.694030e+00 5.764110e+01
9.937006e-01 7.261894e+00 5.674968e+01
9.938006e-01 6.824615e+00 5.582885e+01
9.939006e-01 6.295784e+00 5.487901e+01
9.940006e-01 5.877015e+00 5.390097e+01
9.941006e-01 5.284009e+00 5.289606e+01
9.942006e-01 4.759388e+00 5.186617e+01
9.943006e-01 4.212878e+00 5.081366e+01
9.944006e-01 3.697361e+00 4.974134e+01
9.945005e-01 2.989819e+00 4.865229e+01
9.946005e-01 2.427350e+00 4.754979e+01
9.947005e-01 1.890563e+00 4.643712e+01
9.948005e-01 1.163946e+00 4.531750e+01
9.949005e-01 5.122392e-01 4.419397e+01
9.950005e-01 -8.445041e-02 4.306937e+01
9.951005e-01 -6.449162e-01 4.194630e+01
9.952005e-01 -1.263262e+00 4.082713e+01
9.953005e-01 -1.922980e+00 3.971401e+01
9.954005e-01 -2.474911e+00 3.860896e+01
9.955004e-01 -3.061056e+00 3.751387e+01
9.956004e-01 -3.697995e+00 3.643059e+01
9.957004e-01 -4.224247e+00 3.536096e+01
9.958004e-01 -4.903951e+00 3.430683e+01
9.959004e-01 -5.445495e+00 3.327013e+01
9.960004e-01 -5.981477e+00 3.225286e+01
9.961004e-01 -6.395602e+00 3.125709e+01
9.962004e-01 -6.932493e+00 3.028495e+01
9.963004e-01 -7.344988e+00 2.933859e+01
9.964004e-01 -7.692597e+00 2.842016e+01
9.965003e-01 -8.115327e+00 2.753173e+01
9.966003e-01 -8.445317e+00 2.667523e+01
9.967003e-01 -8.792385e+00 2.585239e+01
9.968003e-01 -9.041273e+00 2.506471e+01
9.969003e-01 -9.314144e+00 2.431334e+01
9.970003e-01 -9.656935e+00 2.359917e+01
9.971003e-01 -9.672951e+00 2.292276e+01
9.972003e-01 -9.808239e+00 2.228440e+01
9.973003e-01 -9.974847e+00 2.168419e+01
9.974003e-01 -1.000970e+01 2.112213e+01
9.975002e-01 -9.984772e+00 2.059815e+01
9.976002e-01 -1.002530e+01 2.011220e+01
9.977002e-01 -9.871271e+00 1.966424e+01
9.978002e-01 -9.815194e+00 1.925429e+01
9.979002e-01 -9.631246e+00 1.888231e+01
9.980002e-01 -9.588829e+00 1.854822e+01
9.981002e-01 -9.297555e+00 1.825176e+01
9.982002e-01 -9.080989e+00 1.799246e+01
9.983002e-01 -8.821680e+00 1.776959e+01
9.984002e-01 -8.394663e+00 1.758215e+01
9.985001e-01 -8.108755e+00 1.742889e+01
9.986001e-01 -7.734336e+00 1.730832e+01
9.987001e-01 -7.267563e+00 1.721880e+01
9.988001e-01 -6.865578e+00 1.715855e+01
9.989001e-01 -6.411620e+00 1.712574e+01
9.990001e-01 -5.946693e+00 1.711849e+01
9.991001e-01 -5.377084e+00 1.713490e+01
9.992001e-01 -4.831271e+00 1.717302e+01
9.993001e-01 -4.144335e+00 1.723084e+01
9.994001e-01 -3.722921e+00 1.730627e+01
9.995000e-01 -3.131291e+00 1.739709e+01
9.996000e-01 -2.497254e+00 1.750100e+01
9.997000e-01 -1.891474e+00 1.761558e+01
9.998000e-01 -1.192706e+00 1.773837e+01
9.999000e-01 -6.357284e-01 1.786694e+01
1.000000e+00 6.179828e-02 1.799899e+01
