0.000000e+00 -3.652234e-02 2.674661e-02
9.999000e-04 9.594966e-02 3.242961e-02
1.999800e-03 1.511310e-01 3.793611e-02
2.999700e-03 1.325006e-01 4.326603e-02
3.999600e-03 8.680594e-02 4.841931e-02
4.999500e-03 2.693979e-02 5.339590e-02
5.999400e-03 -2.110219e-02 5.819579e-02
6.999300e-03 -7.593792e-02 6.281900e-02
7.999200e-03 -7.986186e-02 6.726555e-02
8.999100e-03 -6.443570e-02 7.153550e-02
9.999000e-03 -4.865369e-02 7.562893e-02
1.099890e-02 1.582495e-01 7.954594e-02
1.199880e-02 9.382431e-02 8.328664e-02
1.299870e-02 1.972941e-01 8.685119e-02
1.399860e-02 2.231560e-01 9.023973e-02
1.499850e-02 6.948112e-02 9.345245e-02
1.599840e-02 -3.352822e-03 9.648956e-02
1.699830e-02 2.357888e-02 9.935126e-02
1.799820e-02 9.340263e-02 1.020378e-01
1.899810e-02 6.297822e-02 1.045495e-01
1.999800e-02 5.205775e-02 1.068865e-01
2.099790e-02 2.037383e-01 1.090492e-01
2.199780e-02 2.313882e-01 1.110378e-01
2.299770e-02 1.767595e-01 1.128528e-01
2.399760e-02 2.379874e-01 1.144944e-01
2.499750e-02 1.314186e-01 1.159630e-01
2.599740e-02 8.553622e-02 1.172589e-01
2.699730e-02 5.559571e-02 1.183826e-01
2.799720e-02 8.763928e-02 1.193345e-01
2.899710e-02 8.734556e-02 1.201150e-01
2.999700e-02 2.073639e-01 1.207245e-01
3.099690e-02 1.961555e-01 1.211634e-01
3.199680e-02 2.734995e-01 1.214323e-01
3.299670e-02 3.675665e-01 1.215316e-01
3.399660e-02 2.852062e-01 1.214617e-01
3.499650e-02 2.507562e-01 1.212232e-01
3.599640e-02 1.896872e-01 1.208165e-01
3.699630e-02 1.137717e-01 1.202423e-01
3.799620e-02 2.323259e-01 1.195009e-01
3.899610e-02 1.943025e-01 1.185931e-01
3.999600e-02 2.065766e-01 1.175192e-01
4.099590e-02 3.642082e-01 1.162800e-01
4.199580e-02 2.634040e-01 1.148759e-01
4.299570e-02 3.934154e-01 1.133075e-01
4.399560e-02 3.587740e-01 1.115755e-01
4.499550e-02 2.230861e-01 1.096803e-01
4.599540e-02 2.554076e-01 1.076228e-01
4.699530e-02 2.225926e-01 1.054034e-01
4.799520e-02 1.111281e-01 1.030227e-01
4.899510e-02 3.096708e-01 1.004815e-01
4.999500e-02 2.291257e-01 9.778039e-02
5.099490e-02 3.618409e-01 9.491998e-02
5.199480e-02 4.364879e-01 9.190094e-02
5.299470e-02 3.911279e-01 8.872396e-02
5.399460e-02 4.916710e-01 8.538969e-02
5.499450e-02 3.156531e-01 8.189883e-02
5.599440e-02 2.337425e-01 7.825207e-02
5.699430e-02 2.225200e-01 7.445009e-02
5.799420e-02 2.888127e-01 7.049360e-02
5.899410e-02 2.642007e-01 6.638332e-02
5.999400e-02 4.887531e-01 6.211995e-02
6.099390e-02 4.793383e-01 5.770421e-02
6.199380e-02 5.199077e-01 5.313684e-02
6.299370e-02 4.811664e-01 4.841856e-02
6.399360e-02 4.170223e-01 4.355012e-02
6.499350e-02 4.475826e-01 3.853225e-02
6.599340e-02 3.422248e-01 3.336571e-02
6.699330e-02 2.113315e-01 2.805125e-02
6.799320e-02 2.843037e-01 2.258962e-02
6.899310e-02 3.147661e-01 1.698161e-02
6.999300e-02 3.778846e-01 1.122796e-02
7.099290e-02 4.339090e-01 5.329468e-03
7.199280e-02 5.939420e-01 -7.131014e-04
7.299270e-02 5.207772e-01 -6.898960e-03
7.399260e-02 4.912784e-01 -1.322732e-02
7.499250e-02 4.739606e-01 -1.969739e-02
7.599240e-02 3.646010e-01 -2.630837e-02
7.699230e-02 3.686802e-01 -3.305947e-02
7.799220e-02 4.045427e-01 -3.994987e-02
7.899210e-02 4.464375e-01 -4.697877e-02
7.999200e-02 4.594235e-01 -5.414536e-02
8.099190e-02 5.838733e-01 -6.144881e-02
8.199180e-02 5.507344e-01 -6.888831e-02
8.299170e-02 5.704295e-01 -7.646303e-02
8.399160e-02 6.138330e-01 -8.417215e-02
8.499150e-02 4.626349e-01 -9.201482e-02
8.599140e-02 4.828076e-01 -9.999023e-02
8.699130e-02 3.818955e-01 -1.080975e-01
8.799120e-02 4.043594e-01 -1.163358e-01
8.899110e-02 5.103681e-01 -1.247044e-01
8.999100e-02 5.016260e-01 -1.332023e-01
9.099090e-02 5.685353e-01 -1.418286e-01
9.199080e-02 6.630207e-01 -1.505826e-01
9.299070e-02 7.082926e-01 -1.594634e-01
9.399060e-02 7.579671e-01 -1.684701e-01
9.499050e-02 5.213323e-01 -1.776019e-01
9.599040e-02 5.088540e-01 -1.868578e-01
9.699030e-02 4.751663e-01 -1.962371e-01
9.799020e-02 5.294556e-01 -2.057387e-01
9.899010e-02 4.908184e-01 -2.153620e-01
9.999000e-02 5.980650e-01 -2.251058e-01
1.009899e-01 5.810730e-01 -2.349695e-01
1.019898e-01 6.741451e-01 -2.449521e-01
1.029897e-01 7.105441e-01 -2.550526e-01
1.039896e-01 6.236556e-01 -2.652703e-01
1.049895e-01 6.454541e-01 -2.756042e-01
1.059894e-01 5.640382e-01 -2.860533e-01
1.069893e-01 4.784590e-01 -2.966169e-01
1.079892e-01 5.685071e-01 -3.072940e-01
1.089891e-01 5.211011e-01 -3.180836e-01
1.099890e-01 6.849159e-01 -3.289849e-01
1.109889e-01 7.164726e-01 -3.399970e-01
1.119888e-01 7.127349e-01 -3.511188e-01
1.129887e-01 8.660845e-01 -3.623496e-01
1.139886e-01 7.663257e-01 -3.736883e-01
1.149885e-01 6.342151e-01 -3.851341e-01
1.159884e-01 5.962834e-01 -3.966860e-01
1.169883e-01 6.001107e-01 -4.083430e-01
1.179882e-01 5.558451e-01 -4.201043e-01
1.189881e-01 7.210295e-01 -4.319688e-01
1.199880e-01 7.011772e-01 -4.439357e-01
1.209879e-01 7.582952e-01 -4.560039e-01
1.219878e-01 8.694660e-01 -4.681726e-01
1.229877e-01 8.122958e-01 -4.804407e-01
1.239876e-01 8.343611e-01 -4.928073e-01
1.249875e-01 7.623710e-01 -5.052714e-01
1.259874e-01 6.580843e-01 -5.178321e-01
1.269873e-01 6.913973e-01 -5.304883e-01
1.279872e-01 6.517089e-01 -5.432391e-01
1.289871e-01 5.927756e-01 -5.560835e-01
1.299870e-01 6.973343e-01 -5.690205e-01
1.309869e-01 7.082095e-01 -5.820492e-01
1.319868e-01 8.132367e-01 -5.951684e-01
1.329867e-01 8.248756e-01 -6.083773e-01
1.339866e-01 7.607759e-01 -6.216748e-01
1.349865e-01 7.912685e-01 -6.350598e-01
1.359864e-01 7.629601e-01 -6.485315e-01
1.369863e-01 6.658940e-01 -6.620887e-01
1.379862e-01 6.623884e-01 -6.757304e-01
1.389861e-01 5.808101e-01 -6.894556e-01
1.399860e-01 7.918744e-01 -7.032633e-01
1.409859e-01 7.824341e-01 -7.171523e-01
1.419858e-01 7.461280e-01 -7.311218e-01
1.429857e-01 8.632601e-01 -7.451705e-01
1.439856e-01 8.950559e-01 -7.592975e-01
1.449855e-01 7.497029e-01 -7.735017e-01
1.459854e-01 7.324057e-01 -7.877820e-01
1.469853e-01 7.452511e-01 -8.021373e-01
1.479852e-01 7.185923e-01 -8.165666e-01
1.489851e-01 6.861891e-01 -8.310688e-01
1.499850e-01 8.937266e-01 -8.456428e-01
1.509849e-01 9.050006e-01 -8.602874e-01
1.519848e-01 9.770989e-01 -8.750017e-01
1.529847e-01 8.946108e-01 -8.897844e-01
1.539846e-01 9.496016e-01 -9.046344e-01
1.549845e-01 7.870575e-01 -9.195507e-01
1.559844e-01 7.562890e-01 -9.345322e-01
1.569843e-01 8.329193e-01 -9.495776e-01
1.579842e-01 8.419143e-01 -9.646858e-01
1.589841e-01 7.863039e-01 -9.798558e-01
1.599840e-01 8.490705e-01 -9.950863e-01
1.609839e-01 8.774976e-01 -1.010376e+00
1.619838e-01 9.343824e-01 -1.025724e+00
1.629837e-01 9.775393e-01 -1.041130e+00
1.639836e-01 9.913389e-01 -1.056591e+00
1.649835e-01 8.448803e-01 -1.072107e+00
1.659834e-01 7.631453e-01 -1.087676e+00
1.669833e-01 7.053772e-01 -1.103298e+00
1.679832e-01 7.550230e-01 -1.118971e+00
1.689831e-01 8.372047e-01 -1.134695e+00
1.699830e-01 9.075797e-01 -1.150467e+00
1.709829e-01 1.057455e+00 -1.166286e+00
1.719828e-01 1.048571e+00 -1.182152e+00
1.729827e-01 9.590827e-01 -1.198064e+00
1.739826e-01 9.201299e-01 -1.214019e+00
1.749825e-01 8.275328e-01 -1.230017e+00
1.759824e-01 7.837871e-01 -1.246057e+00
1.769823e-01 7.968887e-01 -1.262137e+00
1.779822e-01 8.234323e-01 -1.278256e+00
1.789821e-01 9.551366e-01 -1.294414e+00
1.799820e-01 8.208898e-01 -1.310608e+00
1.809819e-01 1.041415e+00 -1.326837e+00
1.819818e-01 1.043326e+00 -1.343101e+00
1.829817e-01 9.922828e-01 -1.359398e+00
1.839816e-01 9.646930e-01 -1.375727e+00
1.849815e-01 9.392521e-01 -1.392087e+00
1.859814e-01 8.111215e-01 -1.408476e+00
1.869813e-01 7.728780e-01 -1.424893e+00
1.879812e-01 8.201024e-01 -1.441338e+00
1.889811e-01 8.251450e-01 -1.457808e+00
1.899810e-01 8.015384e-01 -1.474303e+00
1.909809e-01 9.911272e-01 -1.490821e+00
1.919808e-01 1.083846e+00 -1.507362e+00
1.929807e-01 1.044708e+00 -1.523924e+00
1.939806e-01 9.783236e-01 -1.540506e+00
1.949805e-01 9.599685e-01 -1.557106e+00
1.959804e-01 8.892587e-01 -1.573724e+00
1.969803e-01 9.587202e-01 -1.590358e+00
1.979802e-01 8.829025e-01 -1.607008e+00
1.989801e-01 9.047668e-01 -1.623671e+00
1.999800e-01 1.027424e+00 -1.640348e+00
2.009799e-01 1.041778e+00 -1.657037e+00
2.019798e-01 1.116889e+00 -1.673736e+00
2.029797e-01 1.079234e+00 -1.690444e+00
2.039796e-01 1.085572e+00 -1.707162e+00
2.049795e-01 9.296476e-01 -1.723886e+00
2.059794e-01 9.725073e-01 -1.740617e+00
2.069793e-01 8.391572e-01 -1.757353e+00
2.079792e-01 8.652848e-01 -1.774094e+00
2.089791e-01 9.305739e-01 -1.790837e+00
2.099790e-01 9.395129e-01 -1.807583e+00
2.109789e-01 9.871431e-01 -1.824330e+00
2.119788e-01 1.054124e+00 -1.841076e+00
2.129787e-01 1.033945e+00 -1.857822e+00
2.139786e-01 1.102945e+00 -1.874566e+00
2.149785e-01 9.883429e-01 -1.891307e+00
2.159784e-01 9.185006e-01 -1.908045e+00
2.169783e-01 9.393963e-01 -1.924777e+00
2.179782e-01 8.971263e-01 -1.941504e+00
2.189781e-01 8.735699e-01 -1.958225e+00
2.199780e-01 9.488539e-01 -1.974937e+00
2.209779e-01 1.056818e+00 -1.991642e+00
2.219778e-01 1.074479e+00 -2.008337e+00
2.229777e-01 1.168005e+00 -2.025023e+00
2.239776e-01 1.041932e+00 -2.041697e+00
2.249775e-01 9.306009e-01 -2.058360e+00
2.259774e-01 8.814069e-01 -2.075010e+00
2.269773e-01 8.714195e-01 -2.091647e+00
2.279772e-01 9.615868e-01 -2.108270e+00
2.289771e-01 8.303046e-01 -2.124878e+00
2.299770e-01 1.021019e+00 -2.141471e+00
2.309769e-01 9.726987e-01 -2.158047e+00
2.319768e-01 1.210443e+00 -2.174607e+00
2.329767e-01 9.453602e-01 -2.191148e+00
2.339766e-01 1.102421e+00 -2.207672e+00
2.349765e-01 1.028668e+00 -2.224176e+00
2.359764e-01 9.501084e-01 -2.240662e+00
2.369763e-01 9.160875e-01 -2.257126e+00
2.379762e-01 8.726775e-01 -2.273570e+00
2.389761e-01 9.316381e-01 -2.289993e+00
2.399760e-01 9.283592e-01 -2.306394e+00
2.409759e-01 1.051642e+00 -2.322772e+00
2.419758e-01 1.063918e+00 -2.339127e+00
2.429757e-01 1.083501e+00 -2.355458e+00
2.439756e-01 1.045462e+00 -2.371765e+00
2.449755e-01 1.018684e+00 -2.388048e+00
2.459754e-01 9.152497e-01 -2.404305e+00
2.469753e-01 9.376172e-01 -2.420537e+00
2.479752e-01 8.572649e-01 -2.436743e+00
2.489751e-01 9.703904e-01 -2.452922e+00
2.499750e-01 9.764966e-01 -2.469075e+00
2.509749e-01 1.114379e+00 -2.485200e+00
2.519748e-01 9.467501e-01 -2.501297e+00
2.529747e-01 1.066970e+00 -2.517366e+00
2.539746e-01 1.093530e+00 -2.533407e+00
2.549745e-01 9.676856e-01 -2.549419e+00
2.559744e-01 1.010526e+00 -2.565401e+00
2.569743e-01 9.583639e-01 -2.581354e+00
2.579742e-01 9.609776e-01 -2.597276e+00
2.589741e-01 9.234566e-01 -2.613169e+00
2.599740e-01 1.011584e+00 -2.629031e+00
2.609739e-01 1.070311e+00 -2.644862e+00
2.619738e-01 1.063793e+00 -2.660662e+00
2.629737e-01 1.113471e+00 -2.676430e+00
2.639736e-01 1.090833e+00 -2.692166e+00
2.649735e-01 9.758276e-01 -2.707871e+00
2.659734e-01 9.244157e-01 -2.723543e+00
2.669733e-01 8.741411e-01 -2.739183e+00
2.679732e-01 9.304044e-01 -2.754790e+00
2.689731e-01 8.656902e-01 -2.770363e+00
2.699730e-01 1.070912e+00 -2.785904e+00
2.709729e-01 1.058750e+00 -2.801411e+00
2.719728e-01 1.082617e+00 -2.816885e+00
2.729727e-01 1.077222e+00 -2.832324e+00
2.739726e-01 1.126129e+00 -2.847730e+00
2.749725e-01 9.616844e-01 -2.863101e+00
2.759724e-01 8.498090e-01 -2.878438e+00
2.769723e-01 8.596649e-01 -2.893740e+00
2.779722e-01 8.270525e-01 -2.909007e+00
2.789721e-01 1.046324e+00 -2.924240e+00
2.799720e-01 9.640911e-01 -2.939437e+00
2.809719e-01 1.183214e+00 -2.954599e+00
2.819718e-01 1.092446e+00 -2.969726e+00
2.829717e-01 1.074958e+00 -2.984817e+00
2.839716e-01 1.068327e+00 -2.999872e+00
2.849715e-01 9.700444e-01 -3.014892e+00
2.859714e-01 9.080222e-01 -3.029875e+00
2.869713e-01 8.520710e-01 -3.044823e+00
2.879712e-01 9.818116e-01 -3.059734e+00
2.889711e-01 8.986658e-01 -3.074609e+00
2.899710e-01 9.284065e-01 -3.089447e+00
2.909709e-01 9.848519e-01 -3.104249e+00
2.919708e-01 1.070447e+00 -3.119014e+00
2.929707e-01 1.026376e+00 -3.133743e+00
2.939706e-01 1.028157e+00 -3.148434e+00
2.949705e-01 1.000624e+00 -3.163089e+00
2.959704e-01 9.390287e-01 -3.177706e+00
2.969703e-01 8.412403e-01 -3.192287e+00
2.979702e-01 8.952623e-01 -3.206830e+00
2.989701e-01 9.436530e-01 -3.221336e+00
2.999700e-01 8.814206e-01 -3.235804e+00
3.009699e-01 9.713099e-01 -3.250235e+00
3.019698e-01 9.199629e-01 -3.264628e+00
3.029697e-01 9.327406e-01 -3.278984e+00
3.039696e-01 1.096219e+00 -3.293302e+00
3.049695e-01 9.375167e-01 -3.307582e+00
3.059694e-01 8.654113e-01 -3.321824e+00
3.069693e-01 7.401834e-01 -3.336028e+00
3.079692e-01 8.636882e-01 -3.350194e+00
3.089691e-01 9.260330e-01 -3.364323e+00
3.099690e-01 1.055869e+00 -3.378413e+00
3.109689e-01 9.754564e-01 -3.392464e+00
3.119688e-01 1.001754e+00 -3.406478e+00
3.129687e-01 1.045596e+00 -3.420453e+00
3.139686e-01 9.788884e-01 -3.434390e+00
3.149685e-01 9.020853e-01 -3.448288e+00
3.159684e-01 9.015972e-01 -3.462148e+00
3.169683e-01 7.765289e-01 -3.475969e+00
3.179682e-01 7.367231e-01 -3.489752e+00
3.189681e-01 8.113200e-01 -3.503496e+00
3.199680e-01 8.540382e-01 -3.517201e+00
3.209679e-01 9.145333e-01 -3.530868e+00
3.219678e-01 1.078538e+00 -3.544495e+00
3.229677e-01 9.006423e-01 -3.558084e+00
3.239676e-01 9.345467e-01 -3.571634e+00
3.249675e-01 8.586269e-01 -3.585145e+00
3.259674e-01 8.176786e-01 -3.598616e+00
3.269673e-01 7.396335e-01 -3.612049e+00
3.279672e-01 7.881193e-01 -3.625442e+00
3.289671e-01 8.483361e-01 -3.638797e+00
3.299670e-01 7.955921e-01 -3.652112e+00
3.309669e-01 9.700570e-01 -3.665388e+00
3.319668e-01 9.209253e-01 -3.678624e+00
3.329667e-01 8.949633e-01 -3.691822e+00
3.339666e-01 8.419446e-01 -3.704980e+00
3.349665e-01 8.609169e-01 -3.718098e+00
3.359664e-01 8.137215e-01 -3.731177e+00
3.369663e-01 8.282237e-01 -3.744216e+00
3.379662e-01 8.012765e-01 -3.757216e+00
3.389661e-01 7.501620e-01 -3.770176e+00
3.399660e-01 8.194787e-01 -3.783097e+00
3.409659e-01 8.646742e-01 -3.795978e+00
3.419658e-01 9.349407e-01 -3.808819e+00
3.429657e-01 9.701251e-01 -3.821620e+00
3.439656e-01 8.374351e-01 -3.834382e+00
3.449655e-01 8.123348e-01 -3.847104e+00
3.459654e-01 7.433022e-01 -3.859785e+00
3.469653e-01 6.805427e-01 -3.872427e+00
3.479652e-01 7.477348e-01 -3.885029e+00
3.489651e-01 7.387106e-01 -3.897591e+00
3.499650e-01 8.050405e-01 -3.910113e+00
3.509649e-01 8.690162e-01 -3.922595e+00
3.519648e-01 9.579915e-01 -3.935037e+00
3.529647e-01 9.296335e-01 -3.947439e+00
3.539646e-01 7.880793e-01 -3.959800e+00
3.549645e-01 7.727833e-01 -3.972122e+00
3.559644e-01 8.094540e-01 -3.984403e+00
3.569643e-01 6.872586e-01 -3.996644e+00
3.579642e-01 6.350875e-01 -4.008844e+00
3.589641e-01 6.452366e-01 -4.021005e+00
3.599640e-01 8.040317e-01 -4.033124e+00
3.609639e-01 8.360559e-01 -4.045204e+00
3.619638e-01 8.342197e-01 -4.057243e+00
3.629637e-01 9.311351e-01 -4.069242e+00
3.639636e-01 9.642203e-01 -4.081200e+00
3.649635e-01 7.395342e-01 -4.093117e+00
3.659634e-01 5.928728e-01 -4.104994e+00
3.669633e-01 7.187338e-01 -4.116831e+00
3.679632e-01 7.019200e-01 -4.128627e+00
3.689631e-01 6.084558e-01 -4.140382e+00
3.699630e-01 6.683547e-01 -4.152096e+00
3.709629e-01 7.254790e-01 -4.163770e+00
3.719628e-01 7.844943e-01 -4.175403e+00
3.729627e-01 8.115760e-01 -4.186996e+00
3.739626e-01 8.365952e-01 -4.198547e+00
3.749625e-01 7.017133e-01 -4.210058e+00
3.759624e-01 6.360668e-01 -4.221528e+00
3.769623e-01 5.363041e-01 -4.232957e+00
3.779622e-01 7.142436e-01 -4.244345e+00
3.789621e-01 6.588668e-01 -4.255692e+00
3.799620e-01 7.157438e-01 -4.266999e+00
3.809619e-01 6.986997e-01 -4.278264e+00
3.819618e-01 8.360694e-01 -4.289488e+00
3.829617e-01 7.839870e-01 -4.300672e+00
3.839616e-01 6.908341e-01 -4.311814e+00
3.849615e-01 7.039935e-01 -4.322915e+00
3.859614e-01 6.983462e-01 -4.333975e+00
3.869613e-01 5.461451e-01 -4.344994e+00
3.879612e-01 5.908442e-01 -4.355972e+00
3.889611e-01 5.848857e-01 -4.366909e+00
3.899610e-01 5.964225e-01 -4.377805e+00
3.909609e-01 6.833429e-01 -4.388659e+00
3.919608e-01 7.092917e-01 -4.399472e+00
3.929607e-01 6.676310e-01 -4.410244e+00
3.939606e-01 6.681534e-01 -4.420975e+00
3.949605e-01 6.396752e-01 -4.431664e+00
3.959604e-01 5.947252e-01 -4.442312e+00
3.969603e-01 5.593294e-01 -4.452919e+00
3.979602e-01 5.078299e-01 -4.463485e+00
3.989601e-01 5.548451e-01 -4.474009e+00
3.999600e-01 5.996671e-01 -4.484491e+00
4.009599e-01 6.936362e-01 -4.494932e+00
4.019598e-01 6.215867e-01 -4.505332e+00
4.029597e-01 6.291450e-01 -4.515691e+00
4.039596e-01 6.233989e-01 -4.526008e+00
4.049595e-01 5.553523e-01 -4.536283e+00
4.059594e-01 4.850720e-01 -4.546517e+00
4.069593e-01 3.665549e-01 -4.556710e+00
4.079592e-01 4.386883e-01 -4.566861e+00
4.089591e-01 4.946928e-01 -4.576970e+00
4.099590e-01 4.842587e-01 -4.587038e+00
4.109589e-01 5.824007e-01 -4.597064e+00
4.119588e-01 5.845651e-01 -4.607049e+00
4.129587e-01 5.593204e-01 -4.616992e+00
4.139586e-01 5.567400e-01 -4.626894e+00
4.149585e-01 4.891286e-01 -4.636754e+00
4.159584e-01 4.449533e-01 -4.646572e+00
4.169583e-01 4.298209e-01 -4.656349e+00
4.179582e-01 3.596019e-01 -4.666084e+00
4.189581e-01 3.671172e-01 -4.675777e+00
4.199580e-01 4.476599e-01 -4.685428e+00
4.209579e-01 5.196356e-01 -4.695038e+00
4.219578e-01 5.376748e-01 -4.704607e+00
4.229577e-01 6.010375e-01 -4.714133e+00
4.239576e-01 5.146143e-01 -4.723618e+00
4.249575e-01 4.853670e-01 -4.733061e+00
4.259574e-01 3.975101e-01 -4.742462e+00
4.269573e-01 3.626751e-01 -4.751822e+00
4.279572e-01 3.503885e-01 -4.761139e+00
4.289571e-01 4.132762e-01 -4.770415e+00
4.299570e-01 5.344855e-01 -4.779649e+00
4.309569e-01 4.782986e-01 -4.788842e+00
4.319568e-01 5.655010e-01 -4.797992e+00
4.329567e-01 4.788603e-01 -4.807101e+00
4.339566e-01 5.106288e-01 -4.816168e+00
4.349565e-01 3.500651e-01 -4.825193e+00
4.359564e-01 3.990670e-01 -4.834176e+00
4.369563e-01 2.900053e-01 -4.843118e+00
4.379562e-01 2.227171e-01 -4.852017e+00
4.389561e-01 3.638227e-01 -4.860875e+00
4.399560e-01 3.677587e-01 -4.869691e+00
4.409559e-01 4.505251e-01 -4.878465e+00
4.419558e-01 5.413980e-01 -4.887197e+00
4.429557e-01 4.311627e-01 -4.895887e+00
4.439556e-01 3.502460e-01 -4.904536e+00
4.449555e-01 3.015629e-01 -4.913142e+00
4.459554e-01 2.783229e-01 -4.921707e+00
4.469553e-01 1.752741e-01 -4.930230e+00
4.479552e-01 2.713260e-01 -4.938710e+00
4.489551e-01 3.475478e-01 -4.947149e+00
4.499550e-01 2.793820e-01 -4.955547e+00
4.509549e-01 3.086588e-01 -4.963902e+00
4.519548e-01 4.483175e-01 -4.972215e+00
4.529547e-01 2.697344e-01 -4.980487e+00
4.539546e-01 2.630358e-01 -4.988716e+00
4.549545e-01 2.179051e-01 -4.996904e+00
4.559544e-01 2.889611e-01 -5.005050e+00
4.569543e-01 2.394720e-01 -5.013154e+00
4.579542e-01 1.956171e-01 -5.021216e+00
4.589541e-01 2.955360e-01 -5.029236e+00
4.599540e-01 2.469789e-01 -5.037214e+00
4.609539e-01 3.080790e-01 -5.045151e+00
4.619538e-01 3.622438e-01 -5.053045e+00
4.629537e-01 2.413025e-01 -5.060898e+00
4.639536e-01 3.804386e-01 -5.068709e+00
4.649535e-01 2.036730e-01 -5.076478e+00
4.659534e-01 1.172049e-01 -5.084205e+00
4.669533e-01 8.178706e-02 -5.091891e+00
4.679532e-01 2.297827e-02 -5.099534e+00
4.689531e-01 4.212314e-02 -5.107136e+00
4.699530e-01 2.013964e-01 -5.114696e+00
4.709529e-01 1.922072e-01 -5.122214e+00
4.719528e-01 2.152805e-01 -5.129690e+00
4.729527e-01 3.125759e-01 -5.137125e+00
4.739526e-01 2.161561e-01 -5.144517e+00
4.749525e-01 1.704832e-01 -5.151868e+00
4.759524e-01 1.328703e-01 -5.159178e+00
4.769523e-01 -1.965590e-02 -5.166445e+00
4.779522e-01 -7.433977e-03 -5.173671e+00
4.789521e-01 1.158322e-01 -5.180855e+00
4.799520e-01 1.076521e-01 -5.187997e+00
4.809519e-01 1.299890e-01 -5.195098e+00
4.819518e-01 1.683201e-01 -5.202156e+00
4.829517e-01 2.434639e-01 -5.209174e+00
4.839516e-01 2.326415e-01 -5.216149e+00
4.849515e-01 1.003769e-01 -5.223083e+00
4.859514e-01 6.390653e-02 -5.229976e+00
4.869513e-01 1.207690e-02 -5.236826e+00
4.879512e-01 -2.995964e-02 -5.243635e+00
4.889511e-01 4.413721e-02 -5.250403e+00
4.899510e-01 7.959115e-02 -5.257129e+00
4.909509e-01 1.229300e-01 -5.263813e+00
4.919508e-01 1.918259e-01 -5.270456e+00
4.929507e-01 7.690233e-02 -5.277058e+00
4.939506e-01 1.283074e-02 -5.283618e+00
4.949505e-01 -1.918681e-02 -5.290136e+00
4.959504e-01 5.059702e-02 -5.296613e+00
4.969503e-01 -1.392510e-01 -5.303049e+00
4.979502e-01 -4.902716e-02 -5.309443e+00
4.989501e-01 -4.351989e-02 -5.315796e+00
4.999500e-01 -2.454366e-02 -5.322108e+00
5.009499e-01 7.078123e-02 -5.328378e+00
5.019498e-01 3.364368e-02 -5.334607e+00
5.029497e-01 9.068294e-02 -5.340794e+00
5.039496e-01 1.770198e-02 -5.346941e+00
5.049495e-01 -1.096048e-01 -5.353046e+00
5.059494e-01 -6.385678e-02 -5.359110e+00
5.069493e-01 -1.661905e-01 -5.365133e+00
5.079492e-01 -2.263764e-01 -5.371115e+00
5.089491e-01 -7.525132e-02 -5.377055e+00
5.099490e-01 -6.396592e-02 -5.382955e+00
5.109489e-01 4.324371e-02 -5.388813e+00
5.119488e-01 6.865639e-02 -5.394631e+00
5.129487e-01 5.718659e-02 -5.400407e+00
5.139486e-01 -2.749900e-02 -5.406143e+00
5.149485e-01 -7.607914e-02 -5.411837e+00
5.159484e-01 -1.446780e-01 -5.417491e+00
5.169483e-01 -2.561403e-01 -5.423104e+00
5.179482e-01 -2.018639e-01 -5.428676e+00
5.189481e-01 -1.601828e-01 -5.434207e+00
5.199480e-01 -5.733955e-02 -5.439698e+00
5.209479e-01 -6.305444e-02 -5.445147e+00
5.219478e-01 1.116727e-02 -5.450556e+00
5.229477e-01 -3.033866e-02 -5.455925e+00
5.239476e-01 -2.823095e-03 -5.461253e+00
5.249475e-01 -1.412878e-01 -5.466540e+00
5.259474e-01 -2.549537e-01 -5.471787e+00
5.269473e-01 -1.528560e-01 -5.476993e+00
5.279472e-01 -3.098775e-01 -5.482159e+00
5.289471e-01 -2.582292e-01 -5.487284e+00
5.299470e-01 -2.392298e-01 -5.492369e+00
5.309469e-01 -1.703235e-01 -5.497414e+00
5.319468e-01 -1.310860e-01 -5.502418e+00
5.329467e-01 -3.377562e-02 -5.507382e+00
5.339466e-01 -1.577161e-01 -5.512306e+00
5.349465e-01 -2.421947e-01 -5.517190e+00
5.359464e-01 -3.075711e-01 -5.522034e+00
5.369463e-01 -3.081947e-01 -5.526838e+00
5.379462e-01 -3.118861e-01 -5.531601e+00
5.389461e-01 -2.615233e-01 -5.536325e+00
5.399460e-01 -3.609442e-01 -5.541008e+00
5.409459e-01 -1.298538e-01 -5.545652e+00
5.419458e-01 -1.808597e-01 -5.550256e+00
5.429457e-01 -1.534451e-01 -5.554820e+00
5.439456e-01 -1.922789e-01 -5.559345e+00
5.449455e-01 -3.332338e-01 -5.563830e+00
5.459454e-01 -3.634911e-01 -5.568275e+00
5.469453e-01 -3.906044e-01 -5.572680e+00
5.479452e-01 -4.392848e-01 -5.577046e+00
5.489451e-01 -4.104118e-01 -5.581373e+00
5.499450e-01 -3.526971e-01 -5.585659e+00
5.509449e-01 -3.279572e-01 -5.589907e+00
5.519448e-01 -2.002287e-01 -5.594115e+00
5.529447e-01 -2.617263e-01 -5.598284e+00
5.539446e-01 -2.185105e-01 -5.602414e+00
5.549445e-01 -3.340250e-01 -5.606505e+00
5.559444e-01 -4.494319e-01 -5.610556e+00
5.569443e-01 -4.907620e-01 -5.614568e+00
5.579442e-01 -3.888081e-01 -5.618542e+00
5.589441e-01 -4.040395e-01 -5.622476e+00
5.599440e-01 -3.873241e-01 -5.626371e+00
5.609439e-01 -3.105476e-01 -5.630228e+00
5.619438e-01 -3.191481e-01 -5.634046e+00
5.629437e-01 -2.618104e-01 -5.637825e+00
5.639436e-01 -3.371511e-01 -5.641565e+00
5.649435e-01 -3.891369e-01 -5.645267e+00
5.659434e-01 -4.641145e-01 -5.648930e+00
5.669433e-01 -4.869490e-01 -5.652555e+00
5.679432e-01 -5.324096e-01 -5.656141e+00
5.689431e-01 -4.127802e-01 -5.659689e+00
5.699430e-01 -4.227254e-01 -5.663198e+00
5.709429e-01 -3.580767e-01 -5.666669e+00
5.719428e-01 -4.130603e-01 -5.670102e+00
5.729427e-01 -3.064925e-01 -5.673497e+00
5.739426e-01 -3.139741e-01 -5.676853e+00
5.749425e-01 -4.092027e-01 -5.680172e+00
5.759424e-01 -4.852266e-01 -5.683453e+00
5.769423e-01 -5.503303e-01 -5.686695e+00
5.779422e-01 -5.574291e-01 -5.689900e+00
5.789421e-01 -5.647302e-01 -5.693067e+00
5.799420e-01 -4.021270e-01 -5.696196e+00
5.809419e-01 -4.750105e-01 -5.699288e+00
5.819418e-01 -4.173613e-01 -5.702342e+00
5.829417e-01 -3.591517e-01 -5.705358e+00
5.839416e-01 -5.640528e-01 -5.708337e+00
5.849415e-01 -4.905465e-01 -5.711279e+00
5.859414e-01 -5.589062e-01 -5.714183e+00
5.869413e-01 -6.841294e-01 -5.717050e+00
5.879412e-01 -6.858346e-01 -5.719879e+00
5.889411e-01 -5.973940e-01 -5.722672e+00
5.899410e-01 -5.432578e-01 -5.725427e+00
5.909409e-01 -4.397776e-01 -5.728145e+00
5.919408e-01 -3.588916e-01 -5.730827e+00
5.929407e-01 -4.575531e-01 -5.733471e+00
5.939406e-01 -5.367582e-01 -5.736079e+00
5.949405e-01 -5.553288e-01 -5.738649e+00
5.959404e-01 -5.832356e-01 -5.741183e+00
5.969403e-01 -5.677306e-01 -5.743681e+00
5.979402e-01 -6.279172e-01 -5.746141e+00
5.989401e-01 -5.650852e-01 -5.748566e+00
5.999400e-01 -6.124150e-01 -5.750953e+00
6.009399e-01 -4.791208e-01 -5.753305e+00
6.019398e-01 -4.580715e-01 -5.755619e+00
6.029397e-01 -4.358419e-01 -5.757898e+00
6.039396e-01 -5.297580e-01 -5.760141e+00
6.049395e-01 -6.679743e-01 -5.762347e+00
6.059394e-01 -6.884665e-01 -5.764517e+00
6.069393e-01 -8.038059e-01 -5.766652e+00
6.079392e-01 -7.778078e-01 -5.768750e+00
6.089391e-01 -7.421474e-01 -5.770812e+00
6.099390e-01 -6.388885e-01 -5.772839e+00
6.109389e-01 -6.012170e-01 -5.774830e+00
6.119388e-01 -5.285221e-01 -5.776785e+00
6.129387e-01 -5.987269e-01 -5.778704e+00
6.139386e-01 -5.568985e-01 -5.780589e+00
6.149385e-01 -6.317280e-01 -5.782437e+00
6.159384e-01 -7.777321e-01 -5.784250e+00
6.169383e-01 -8.253525e-01 -5.786028e+00
6.179382e-01 -8.729994e-01 -5.787770e+00
6.189381e-01 -7.900016e-01 -5.789478e+00
6.199380e-01 -6.947979e-01 -5.791150e+00
6.209379e-01 -6.171747e-01 -5.792787e+00
6.219378e-01 -5.495254e-01 -5.794389e+00
6.229377e-01 -5.090014e-01 -5.795956e+00
6.239376e-01 -6.571356e-01 -5.797488e+00
6.249375e-01 -7.309463e-01 -5.798985e+00
6.259374e-01 -8.177583e-01 -5.800448e+00
6.269373e-01 -7.888849e-01 -5.801876e+00
6.279372e-01 -8.416081e-01 -5.803269e+00
6.289371e-01 -8.693553e-01 -5.804628e+00
6.299370e-01 -7.149096e-01 -5.805952e+00
6.309369e-01 -6.737256e-01 -5.807242e+00
6.319368e-01 -6.450500e-01 -5.808498e+00
6.329367e-01 -6.574098e-01 -5.809719e+00
6.339366e-01 -6.481237e-01 -5.810906e+00
6.349365e-01 -8.255916e-01 -5.812059e+00
6.359364e-01 -8.294861e-01 -5.813177e+00
6.369363e-01 -7.715336e-01 -5.814262e+00
6.379362e-01 -7.941306e-01 -5.815313e+00
6.389361e-01 -8.761538e-01 -5.816330e+00
6.399360e-01 -8.153714e-01 -5.817313e+00
6.409359e-01 -8.086270e-01 -5.818262e+00
6.419358e-01 -6.658741e-01 -5.819178e+00
6.429357e-01 -6.469570e-01 -5.820060e+00
6.439356e-01 -7.205436e-01 -5.820908e+00
6.449355e-01 -8.531544e-01 -5.821723e+00
6.459354e-01 -8.962310e-01 -5.822505e+00
6.469353e-01 -8.687433e-01 -5.823253e+00
6.479352e-01 -9.097396e-01 -5.823968e+00
6.489351e-01 -9.090213e-01 -5.824649e+00
6.499350e-01 -8.841905e-01 -5.825298e+00
6.509349e-01 -6.985572e-01 -5.825913e+00
6.519348e-01 -6.644990e-01 -5.826496e+00
6.529347e-01 -6.954902e-01 -5.827045e+00
6.539346e-01 -7.906734e-01 -5.827562e+00
6.549345e-01 -8.330702e-01 -5.828046e+00
6.559344e-01 -8.843150e-01 -5.828497e+00
6.569343e-01 -8.911136e-01 -5.828915e+00
6.579342e-01 -9.258346e-01 -5.829301e+00
6.589341e-01 -7.789561e-01 -5.829654e+00
6.599340e-01 -8.580942e-01 -5.829975e+00
6.609339e-01 -8.398466e-01 -5.830263e+00
6.619338e-01 -8.399610e-01 -5.830519e+00
6.629337e-01 -8.423690e-01 -5.830743e+00
6.639336e-01 -7.461867e-01 -5.830935e+00
6.649335e-01 -8.194403e-01 -5.831094e+00
6.659334e-01 -8.859836e-01 -5.831221e+00
6.669333e-01 -1.043259e+00 -5.831317e+00
6.679332e-01 -9.117534e-01 -5.831380e+00
6.689331e-01 -9.202385e-01 -5.831412e+00
6.699330e-01 -8.936268e-01 -5.831411e+00
6.709329e-01 -9.000263e-01 -5.831379e+00
6.719328e-01 -7.666410e-01 -5.831316e+00
6.729327e-01 -8.581443e-01 -5.831220e+00
6.739326e-01 -7.843841e-01 -5.831094e+00
6.749325e-01 -8.312720e-01 -5.830935e+00
6.759324e-01 -8.654199e-01 -5.830746e+00
6.769323e-01 -9.936204e-01 -5.830525e+00
6.779322e-01 -1.009015e+00 -5.830273e+00
6.789321e-01 -9.990034e-01 -5.829989e+00
6.799320e-01 -9.432542e-01 -5.829675e+00
6.809319e-01 -8.516920e-01 -5.829330e+00
6.819318e-01 -8.162423e-01 -5.828953e+00
6.829317e-01 -7.814599e-01 -5.828546e+00
6.839316e-01 -8.627387e-01 -5.828108e+00
6.849315e-01 -9.454956e-01 -5.827639e+00
6.859314e-01 -9.770521e-01 -5.827139e+00
6.869313e-01 -1.006208e+00 -5.826609e+00
6.879312e-01 -1.055129e+00 -5.826048e+00
6.889311e-01 -1.007333e+00 -5.825457e+00
6.899310e-01 -9.262803e-01 -5.824836e+00
6.909309e-01 -8.796793e-01 -5.824184e+00
6.919308e-01 -7.981694e-01 -5.823501e+00
6.929307e-01 -7.905209e-01 -5.822789e+00
6.939306e-01 -9.150946e-01 -5.822047e+00
6.949305e-01 -9.795157e-01 -5.821274e+00
6.959304e-01 -1.028322e+00 -5.820472e+00
6.969303e-01 -1.002519e+00 -5.819640e+00
6.979302e-01 -1.039965e+00 -5.818778e+00
6.989301e-01 -1.022552e+00 -5.817886e+00
6.999300e-01 -1.034390e+00 -5.816964e+00
7.009299e-01 -9.232148e-01 -5.816013e+00
7.019298e-01 -8.268170e-01 -5.815033e+00
7.029297e-01 -9.147179e-01 -5.814023e+00
7.039296e-01 -8.808575e-01 -5.812983e+00
7.049295e-01 -9.592340e-01 -5.811915e+00
7.059294e-01 -1.035640e+00 -5.810817e+00
7.069293e-01 -9.439671e-01 -5.809690e+00
7.079292e-01 -1.040661e+00 -5.808534e+00
7.089291e-01 -1.027416e+00 -5.807349e+00
7.099290e-01 -1.101264e+00 -5.806135e+00
7.109289e-01 -9.313189e-01 -5.804893e+00
7.119288e-01 -9.086163e-01 -5.803622e+00
7.129287e-01 -8.951717e-01 -5.802322e+00
7.139286e-01 -9.851863e-01 -5.800993e+00
7.149285e-01 -9.422437e-01 -5.799636e+00
7.159284e-01 -9.562563e-01 -5.798251e+00
7.169283e-01 -1.082404e+00 -5.796837e+00
7.179282e-01 -1.125927e+00 -5.795395e+00
7.189281e-01 -9.581305e-01 -5.793925e+00
7.199280e-01 -1.036112e+00 -5.792426e+00
7.209279e-01 -9.735635e-01 -5.790900e+00
7.219278e-01 -9.082567e-01 -5.789346e+00
7.229277e-01 -8.838542e-01 -5.787764e+00
7.239276e-01 -8.754466e-01 -5.786154e+00
7.249275e-01 -1.018034e+00 -5.784517e+00
7.259274e-01 -9.955554e-01 -5.782852e+00
7.269273e-01 -1.107944e+00 -5.781159e+00
7.279272e-01 -1.188667e+00 -5.779440e+00
7.289271e-01 -1.037073e+00 -5.777692e+00
7.299270e-01 -1.040598e+00 -5.775918e+00
7.309269e-01 -9.952853e-01 -5.774117e+00
7.319268e-01 -8.890074e-01 -5.772288e+00
7.329267e-01 -8.396718e-01 -5.770433e+00
7.339266e-01 -9.472756e-01 -5.768550e+00
7.349265e-01 -1.011751e+00 -5.766641e+00
7.359264e-01 -1.100672e+00 -5.764705e+00
7.369263e-01 -1.119964e+00 -5.762743e+00
7.379262e-01 -1.083692e+00 -5.760754e+00
7.389261e-01 -1.017840e+00 -5.758738e+00
7.399260e-01 -9.939962e-01 -5.756697e+00
7.409259e-01 -9.402996e-01 -5.754629e+00
7.419258e-01 -9.318931e-01 -5.752535e+00
7.429257e-01 -8.772351e-01 -5.750415e+00
7.439256e-01 -9.373029e-01 -5.748269e+00
7.449255e-01 -9.731826e-01 -5.746097e+00
7.459254e-01 -9.754233e-01 -5.743899e+00
7.469253e-01 -1.038788e+00 -5.741676e+00
7.479252e-01 -1.152500e+00 -5.739427e+00
7.489251e-01 -1.149544e+00 -5.737153e+00
7.499250e-01 -1.015276e+00 -5.734853e+00
7.509249e-01 -8.351654e-01 -5.732528e+00
7.519248e-01 -7.955559e-01 -5.730178e+00
7.529247e-01 -8.862456e-01 -5.727802e+00
7.539246e-01 -1.001881e+00 -5.725402e+00
7.549245e-01 -9.813723e-01 -5.722977e+00
7.559244e-01 -1.078247e+00 -5.720527e+00
7.569243e-01 -1.078718e+00 -5.718053e+00
7.579242e-01 -1.136086e+00 -5.715554e+00
7.589241e-01 -1.062999e+00 -5.713030e+00
7.599240e-01 -8.702398e-01 -5.710482e+00
7.609239e-01 -9.194587e-01 -5.707910e+00
7.619238e-01 -9.160882e-01 -5.705313e+00
7.629237e-01 -8.169039e-01 -5.702693e+00
7.639236e-01 -9.422532e-01 -5.700048e+00
7.649235e-01 -1.035964e+00 -5.697380e+00
7.659234e-01 -1.042482e+00 -5.694688e+00
7.669233e-01 -1.082067e+00 -5.691972e+00
7.679232e-01 -1.072553e+00 -5.689233e+00
7.689231e-01 -1.055237e+00 -5.686470e+00
7.699230e-01 -1.023370e+00 -5.683684e+00
7.709229e-01 -8.791621e-01 -5.680875e+00
7.719228e-01 -9.465036e-01 -5.678043e+00
7.729227e-01 -8.325096e-01 -5.675187e+00
7.739226e-01 -9.235098e-01 -5.672309e+00
7.749225e-01 -9.881317e-01 -5.669408e+00
7.759224e-01 -1.002735e+00 -5.666484e+00
7.769223e-01 -1.101062e+00 -5.663537e+00
7.779222e-01 -1.020473e+00 -5.660568e+00
7.789221e-01 -1.054778e+00 -5.657577e+00
7.799220e-01 -9.366610e-01 -5.654563e+00
7.809219e-01 -9.425751e-01 -5.651528e+00
7.819218e-01 -9.060434e-01 -5.648470e+00
7.829217e-01 -8.998063e-01 -5.645390e+00
7.839216e-01 -9.534042e-01 -5.642288e+00
7.849215e-01 -9.412634e-01 -5.639165e+00
7.859214e-01 -1.010211e+00 -5.636020e+00
7.869213e-01 -1.015603e+00 -5.632853e+00
7.879212e-01 -1.156026e+00 -5.629665e+00
7.889211e-01 -1.090490e+00 -5.626456e+00
7.899210e-01 -9.308007e-01 -5.623225e+00
7.909209e-01 -9.722196e-01 -5.619974e+00
7.919208e-01 -7.927799e-01 -5.616701e+00
7.929207e-01 -8.783384e-01 -5.613408e+00
7.939206e-01 -8.513338e-01 -5.610094e+00
7.949205e-01 -9.976258e-01 -5.606759e+00
7.959204e-01 -1.062767e+00 -5.603403e+00
7.969203e-01 -1.119264e+00 -5.600027e+00
7.979202e-01 -1.028785e+00 -5.596631e+00
7.989201e-01 -1.040036e+00 -5.593214e+00
7.999200e-01 -1.013507e+00 -5.589778e+00
8.009199e-01 -8.711007e-01 -5.586321e+00
8.019198e-01 -9.275158e-01 -5.582844e+00
8.029197e-01 -8.752498e-01 -5.579347e+00
8.039196e-01 -8.938654e-01 -5.575831e+00
8.049195e-01 -9.499268e-01 -5.572295e+00
8.059194e-01 -1.077214e+00 -5.568740e+00
8.069193e-01 -1.111313e+00 -5.565165e+00
8.079192e-01 -1.009414e+00 -5.561571e+00
8.089191e-01 -1.032890e+00 -5.557957e+00
8.099190e-01 -8.988621e-01 -5.554324e+00
8.109189e-01 -8.598438e-01 -5.550673e+00
8.119188e-01 -8.251009e-01 -5.547002e+00
8.129187e-01 -7.697411e-01 -5.543313e+00
8.139186e-01 -8.704211e-01 -5.539604e+00
8.149185e-01 -8.821705e-01 -5.535878e+00
8.159184e-01 -1.044616e+00 -5.532132e+00
8.169183e-01 -1.040993e+00 -5.528368e+00
8.179182e-01 -9.181311e-01 -5.524586e+00
8.189181e-01 -1.037975e+00 -5.520785e+00
8.199180e-01 -8.221369e-01 -5.516967e+00
8.209179e-01 -8.348908e-01 -5.513130e+00
8.219178e-01 -7.916507e-01 -5.509275e+00
8.229177e-01 -8.437095e-01 -5.505402e+00
8.239176e-01 -8.385485e-01 -5.501511e+00
8.249175e-01 -7.782692e-01 -5.497603e+00
8.259174e-01 -8.503466e-01 -5.493677e+00
8.269173e-01 -9.933147e-01 -5.489733e+00
8.279172e-01 -9.881527e-01 -5.485772e+00
8.289171e-01 -9.235058e-01 -5.481793e+00
8.299170e-01 -8.388980e-01 -5.477797e+00
8.309169e-01 -8.654799e-01 -5.473784e+00
8.319168e-01 -8.569859e-01 -5.469753e+00
8.329167e-01 -7.311486e-01 -5.465706e+00
8.339166e-01 -7.233693e-01 -5.461641e+00
8.349165e-01 -8.851024e-01 -5.457559e+00
8.359164e-01 -8.973230e-01 -5.453461e+00
8.369163e-01 -8.665387e-01 -5.449345e+00
8.379162e-01 -9.619166e-01 -5.445213e+00
8.389161e-01 -9.143011e-01 -5.441064e+00
8.399160e-01 -8.359604e-01 -5.436898e+00
8.409159e-01 -8.033820e-01 -5.432716e+00
8.419158e-01 -8.091525e-01 -5.428517e+00
8.429157e-01 -7.865136e-01 -5.424302e+00
8.439156e-01 -8.529645e-01 -5.420070e+00
8.449155e-01 -9.179018e-01 -5.415822e+00
8.459154e-01 -9.193501e-01 -5.411557e+00
8.469153e-01 -8.910712e-01 -5.407276e+00
8.479152e-01 -8.582646e-01 -5.402979e+00
8.489151e-01 -8.888938e-01 -5.398666e+00
8.499150e-01 -8.194288e-01 -5.394337e+00
8.509149e-01 -8.107707e-01 -5.389992e+00
8.519148e-01 -8.051566e-01 -5.385630e+00
8.529147e-01 -6.890663e-01 -5.381253e+00
8.539146e-01 -6.621233e-01 -5.376859e+00
8.549145e-01 -8.397228e-01 -5.372450e+00
8.559144e-01 -8.752672e-01 -5.368025e+00
8.569143e-01 -8.902914e-01 -5.363584e+00
8.579142e-01 -8.590473e-01 -5.359127e+00
8.589141e-01 -8.483089e-01 -5.354654e+00
8.599140e-01 -7.521708e-01 -5.350165e+00
8.609139e-01 -7.556865e-01 -5.345661e+00
8.619138e-01 -6.538167e-01 -5.341141e+00
8.629137e-01 -7.120286e-01 -5.336605e+00
8.639136e-01 -7.141585e-01 -5.332053e+00
8.649135e-01 -6.955866e-01 -5.327486e+00
8.659134e-01 -8.320747e-01 -5.322903e+00
8.669133e-01 -7.055796e-01 -5.318304e+00
8.679132e-01 -8.207447e-01 -5.313690e+00
8.689131e-01 -8.626771e-01 -5.309059e+00
8.699130e-01 -7.584665e-01 -5.304414e+00
8.709129e-01 -6.795030e-01 -5.299752e+00
8.719128e-01 -5.694298e-01 -5.295075e+00
8.729127e-01 -6.228878e-01 -5.290382e+00
8.739126e-01 -6.226579e-01 -5.285674e+00
8.749125e-01 -6.849932e-01 -5.280950e+00
8.759124e-01 -7.772648e-01 -5.276210e+00
8.769123e-01 -8.518555e-01 -5.271454e+00
8.779122e-01 -8.700277e-01 -5.266683e+00
8.789121e-01 -8.409911e-01 -5.261895e+00
8.799120e-01 -7.858018e-01 -5.257092e+00
8.809119e-01 -6.052021e-01 -5.252274e+00
8.819118e-01 -5.937327e-01 -5.247439e+00
8.829117e-01 -6.482722e-01 -5.242589e+00
8.839116e-01 -6.684778e-01 -5.237722e+00
8.849115e-01 -6.205558e-01 -5.232840e+00
8.859114e-01 -6.401189e-01 -5.227942e+00
8.869113e-01 -7.653965e-01 -5.223027e+00
8.879112e-01 -6.631597e-01 -5.218097e+00
8.889111e-01 -6.117522e-01 -5.213151e+00
8.899110e-01 -6.707009e-01 -5.208188e+00
8.909109e-01 -5.911693e-01 -5.203210e+00
8.919108e-01 -5.207518e-01 -5.198215e+00
8.929107e-01 -5.425504e-01 -5.193204e+00
8.939106e-01 -5.167160e-01 -5.188176e+00
8.949105e-01 -6.517609e-01 -5.183132e+00
8.959104e-01 -6.451185e-01 -5.178072e+00
8.969103e-01 -6.922212e-01 -5.172996e+00
8.979102e-01 -6.926708e-01 -5.167902e+00
8.989101e-01 -6.179076e-01 -5.162792e+00
8.999100e-01 -5.843583e-01 -5.157666e+00
9.009099e-01 -5.741710e-01 -5.152522e+00
9.019098e-01 -5.766163e-01 -5.147362e+00
9.029097e-01 -5.209347e-01 -5.142185e+00
9.039096e-01 -5.316005e-01 -5.136991e+00
9.049095e-01 -5.199411e-01 -5.131780e+00
9.059094e-01 -5.788782e-01 -5.126552e+00
9.069093e-01 -6.881865e-01 -5.121306e+00
9.079092e-01 -6.500819e-01 -5.116044e+00
9.089091e-01 -6.082600e-01 -5.110764e+00
9.099090e-01 -5.824355e-01 -5.105466e+00
9.109089e-01 -5.000387e-01 -5.100151e+00
9.119088e-01 -3.607545e-01 -5.094818e+00
9.129087e-01 -3.647163e-01 -5.089468e+00
9.139086e-01 -4.753462e-01 -5.084100e+00
9.149085e-01 -5.768235e-01 -5.078714e+00
9.159084e-01 -4.980445e-01 -5.073310e+00
9.169083e-01 -5.639058e-01 -5.067887e+00
9.179082e-01 -5.707619e-01 -5.062447e+00
9.189081e-01 -5.575542e-01 -5.056988e+00
9.199080e-01 -5.608460e-01 -5.051511e+00
9.209079e-01 -4.052842e-01 -5.046015e+00
9.219078e-01 -3.570513e-01 -5.040501e+00
9.229077e-01 -4.065715e-01 -5.034967e+00
9.239076e-01 -3.595559e-01 -5.029415e+00
9.249075e-01 -4.282240e-01 -5.023844e+00
9.259074e-01 -5.121705e-01 -5.018254e+00
9.269073e-01 -5.560255e-01 -5.012645e+00
9.279072e-01 -5.652644e-01 -5.007017e+00
9.289071e-01 -5.826085e-01 -5.001369e+00
9.299070e-01 -3.896043e-01 -4.995701e+00
9.309069e-01 -3.858487e-01 -4.990014e+00
9.319068e-01 -3.494924e-01 -4.984307e+00
9.329067e-01 -4.145700e-01 -4.978580e+00
9.339066e-01 -3.530665e-01 -4.972833e+00
9.349065e-01 -3.924247e-01 -4.967066e+00
9.359064e-01 -4.391300e-01 -4.961279e+00
9.369063e-01 -4.315599e-01 -4.955471e+00
9.379062e-01 -4.789219e-01 -4.949643e+00
9.389061e-01 -4.237287e-01 -4.943794e+00
9.399060e-01 -4.166449e-01 -4.937924e+00
9.409059e-01 -3.607141e-01 -4.932033e+00
9.419058e-01 -3.055914e-01 -4.926121e+00
9.429057e-01 -2.891601e-01 -4.920188e+00
9.439056e-01 -2.650300e-01 -4.914234e+00
9.449055e-01 -3.834209e-01 -4.908258e+00
9.459054e-01 -3.846032e-01 -4.902261e+00
9.469053e-01 -4.521508e-01 -4.896242e+00
9.479052e-01 -3.944217e-01 -4.890201e+00
9.489051e-01 -3.509394e-01 -4.884138e+00
9.499050e-01 -3.310805e-01 -4.878052e+00
9.509049e-01 -1.242767e-01 -4.871945e+00
9.519048e-01 -2.412563e-01 -4.865815e+00
9.529047e-01 -2.113580e-01 -4.859663e+00
9.539046e-01 -1.700979e-01 -4.853488e+00
9.549045e-01 -2.595955e-01 -4.847290e+00
9.559044e-01 -3.274698e-01 -4.841069e+00
9.569043e-01 -3.390903e-01 -4.834825e+00
9.579042e-01 -3.867625e-01 -4.828557e+00
9.589041e-01 -3.118642e-01 -4.822267e+00
9.599040e-01 -2.392392e-01 -4.815952e+00
9.609039e-01 -1.609481e-01 -4.809615e+00
9.619038e-01 -8.592498e-02 -4.803253e+00
9.629037e-01 -1.295417e-01 -4.796867e+00
9.639036e-01 -2.197423e-01 -4.790457e+00
9.649035e-01 -2.017530e-01 -4.784023e+00
9.659034e-01 -2.891145e-01 -4.777565e+00
9.669033e-01 -3.639660e-01 -4.771082e+00
9.679032e-01 -2.813244e-01 -4.764574e+00
9.689031e-01 -3.472996e-01 -4.758042e+00
9.699030e-01 -1.783628e-01 -4.751484e+00
9.709029e-01 -1.392742e-01 -4.744902e+00
9.719028e-01 -7.692590e-02 -4.738294e+00
9.729027e-01 -5.668196e-02 -4.731661e+00
9.739026e-01 -1.518684e-01 -4.725003e+00
9.749025e-01 -2.419499e-01 -4.718319e+00
9.759024e-01 -1.919066e-01 -4.711609e+00
9.769023e-01 -2.298167e-01 -4.704873e+00
9.779022e-01 -2.644602e-01 -4.698111e+00
9.789021e-01 -2.003331e-01 -4.691323e+00
9.799020e-01 -8.511583e-02 -4.684509e+00
9.809019e-01 2.793993e-02 -4.677668e+00
9.819018e-01 -2.252183e-02 -4.670800e+00
9.829017e-01 3.210826e-02 -4.663906e+00
9.839016e-01 -6.625638e-02 -4.656985e+00
9.849015e-01 -4.018574e-02 -4.650037e+00
9.859014e-01 -1.667840e-01 -4.643062e+00
9.869013e-01 -1.791417e-01 -4.636060e+00
9.879012e-01 -1.587600e-01 -4.629031e+00
9.889011e-01 -2.037740e-01 -4.621974e+00
9.899010e-01 -1.361735e-02 -4.614889e+00
9.909009e-01 -3.248924e-02 -4.607776e+00
9.919008e-01 4.503912e-02 -4.600636e+00
9.929007e-01 1.198445e-01 -4.593468e+00
9.939006e-01 3.511788e-02 -4.586272e+00
9.949005e-01 9.828160e-03 -4.579047e+00
9.959004e-01 -1.423703e-01 -4.571794e+00
9.969003e-01 -1.643506e-01 -4.564513e+00
9.979002e-01 -6.169265e-02 -4.557203e+00
9.989001e-01 -3.812239e-02 -4.549864e+00
9.999000e-01 -3.886023e-02 -4.542497e+00
1.000900e+00 4.281190e-02 -4.535101e+00
1.001900e+00 1.618759e-01 -4.527675e+00
1.002900e+00 4.815536e-02 -4.520221e+00
1.003900e+00 1.342221e-01 -4.512738e+00
1.004900e+00 4.148994e-03 -4.505225e+00
1.005899e+00 -4.595002e-02 -4.497682e+00
1.006899e+00 -4.481256e-02 -4.490110e+00
1.007899e+00 1.508040e-02 -4.482509e+00
1.008899e+00 1.282315e-01 -4.474878e+00
1.009899e+00 2.941552e-02 -4.467217e+00
1.010899e+00 9.304997e-02 -4.459526e+00
1.011899e+00 2.658861e-01 -4.451805e+00
1.012899e+00 1.322084e-01 -4.444054e+00
1.013899e+00 1.262987e-01 -4.436272e+00
1.014899e+00 -2.242523e-02 -4.428461e+00
1.015898e+00 5.154699e-02 -4.420619e+00
1.016898e+00 -4.044909e-02 -4.412747e+00
1.017898e+00 3.484221e-03 -4.404844e+00
1.018898e+00 6.916121e-04 -4.396911e+00
1.019898e+00 2.335398e-01 -4.388947e+00
1.020898e+00 1.158241e-01 -4.380952e+00
1.021898e+00 2.607351e-01 -4.372927e+00
1.022898e+00 2.896005e-01 -4.364870e+00
1.023898e+00 2.509019e-01 -4.356783e+00
1.024898e+00 1.846592e-01 -4.348665e+00
1.025897e+00 4.350774e-02 -4.340516e+00
1.026897e+00 1.344304e-01 -4.332335e+00
1.027897e+00 5.054457e-02 -4.324124e+00
1.028897e+00 1.339832e-01 -4.315881e+00
1.029897e+00 1.936264e-01 -4.307607e+00
1.030897e+00 3.340724e-01 -4.299301e+00
1.031897e+00 3.352351e-01 -4.290965e+00
1.032897e+00 3.062482e-01 -4.282596e+00
1.033897e+00 2.687270e-01 -4.274197e+00
1.034897e+00 2.186239e-01 -4.265766e+00
1.035896e+00 1.168941e-01 -4.257303e+00
1.036896e+00 7.305201e-02 -4.248809e+00
1.037896e+00 2.250394e-01 -4.240284e+00
1.038896e+00 1.416142e-01 -4.231726e+00
1.039896e+00 2.527194e-01 -4.223138e+00
1.040896e+00 3.622286e-01 -4.214517e+00
1.041896e+00 3.640307e-01 -4.205865e+00
1.042896e+00 3.827742e-01 -4.197181e+00
1.043896e+00 3.927581e-01 -4.188466e+00
1.044896e+00 2.437069e-01 -4.179719e+00
1.045895e+00 2.071543e-01 -4.170940e+00
1.046895e+00 1.685560e-01 -4.162129e+00
1.047895e+00 2.309332e-01 -4.153287e+00
1.048895e+00 2.623813e-01 -4.144413e+00
1.049895e+00 2.569111e-01 -4.135508e+00
1.050895e+00 3.474394e-01 -4.126571e+00
1.051895e+00 4.046985e-01 -4.117602e+00
1.052895e+00 3.287430e-01 -4.108602e+00
1.053895e+00 3.669812e-01 -4.099570e+00
1.054895e+00 3.844458e-01 -4.090506e+00
1.055894e+00 2.068292e-01 -4.081411e+00
1.056894e+00 3.526010e-01 -4.072284e+00
1.057894e+00 2.734734e-01 -4.063126e+00
1.058894e+00 2.502367e-01 -4.053937e+00
1.059894e+00 3.916087e-01 -4.044716e+00
1.060894e+00 3.291236e-01 -4.035463e+00
1.061894e+00 5.206883e-01 -4.026180e+00
1.062894e+00 3.929881e-01 -4.016865e+00
1.063894e+00 4.563260e-01 -4.007519e+00
1.064894e+00 4.859163e-01 -3.998142e+00
1.065893e+00 3.881372e-01 -3.988734e+00
1.066893e+00 3.091837e-01 -3.979295e+00
1.067893e+00 3.072731e-01 -3.969824e+00
1.068893e+00 3.811116e-01 -3.960324e+00
1.069893e+00 5.007750e-01 -3.950792e+00
1.070893e+00 4.548185e-01 -3.941230e+00
1.071893e+00 6.565628e-01 -3.931637e+00
1.072893e+00 4.616180e-01 -3.922013e+00
1.073893e+00 5.365716e-01 -3.912359e+00
1.074893e+00 5.313341e-01 -3.902675e+00
1.075892e+00 3.302848e-01 -3.892961e+00
1.076892e+00 3.547799e-01 -3.883216e+00
1.077892e+00 3.354112e-01 -3.873442e+00
1.078892e+00 4.783861e-01 -3.863637e+00
1.079892e+00 4.926481e-01 -3.853803e+00
1.080892e+00 5.671230e-01 -3.843940e+00
1.081892e+00 5.607446e-01 -3.834046e+00
1.082892e+00 5.988688e-01 -3.824124e+00
1.083892e+00 5.995835e-01 -3.814172e+00
1.084892e+00 4.635470e-01 -3.804191e+00
1.085891e+00 4.379066e-01 -3.794181e+00
1.086891e+00 4.351118e-01 -3.784143e+00
1.087891e+00 4.389408e-01 -3.774075e+00
1.088891e+00 4.946410e-01 -3.763979e+00
1.089891e+00 6.245428e-01 -3.753855e+00
1.090891e+00 5.632458e-01 -3.743703e+00
1.091891e+00 6.144990e-01 -3.733522e+00
1.092891e+00 6.906498e-01 -3.723314e+00
1.093891e+00 6.712783e-01 -3.713078e+00
1.094891e+00 5.481468e-01 -3.702815e+00
1.095890e+00 5.004266e-01 -3.692524e+00
1.096890e+00 4.807731e-01 -3.682206e+00
1.097890e+00 4.482829e-01 -3.671861e+00
1.098890e+00 4.348602e-01 -3.661490e+00
1.099890e+00 5.855140e-01 -3.651092e+00
1.100890e+00 6.249665e-01 -3.640667e+00
1.101890e+00 6.745797e-01 -3.630217e+00
1.102890e+00 7.721500e-01 -3.619740e+00
1.103890e+00 6.400178e-01 -3.609238e+00
1.104890e+00 5.901293e-01 -3.598711e+00
1.105889e+00 6.688108e-01 -3.588158e+00
1.106889e+00 5.790843e-01 -3.577580e+00
1.107889e+00 5.141481e-01 -3.566978e+00
1.108889e+00 5.488143e-01 -3.556351e+00
1.109889e+00 6.038113e-01 -3.545699e+00
1.110889e+00 6.435791e-01 -3.535024e+00
1.111889e+00 7.368047e-01 -3.524325e+00
1.112889e+00 8.573434e-01 -3.513602e+00
1.113889e+00 6.962940e-01 -3.502856e+00
1.114889e+00 5.528725e-01 -3.492087e+00
1.115888e+00 6.545885e-01 -3.481295e+00
1.116888e+00 5.960366e-01 -3.470480e+00
1.117888e+00 4.642881e-01 -3.459644e+00
1.118888e+00 5.717915e-01 -3.448785e+00
1.119888e+00 6.709464e-01 -3.437905e+00
1.120888e+00 6.971381e-01 -3.427004e+00
1.121888e+00 7.577369e-01 -3.416081e+00
1.122888e+00 7.020460e-01 -3.405138e+00
1.123888e+00 8.191523e-01 -3.394174e+00
1.124888e+00 7.730230e-01 -3.383190e+00
1.125887e+00 5.931101e-01 -3.372186e+00
1.126887e+00 6.440262e-01 -3.361163e+00
1.127887e+00 5.886704e-01 -3.350120e+00
1.128887e+00 7.014936e-01 -3.339058e+00
1.129887e+00 6.729375e-01 -3.327978e+00
1.130887e+00 8.587314e-01 -3.316880e+00
1.131887e+00 7.641968e-01 -3.305763e+00
1.132887e+00 7.246636e-01 -3.294629e+00
1.133887e+00 8.982138e-01 -3.283477e+00
1.134887e+00 7.765038e-01 -3.272309e+00
1.135886e+00 6.349632e-01 -3.261124e+00
1.136886e+00 7.126779e-01 -3.249923e+00
1.137886e+00 6.749262e-01 -3.238705e+00
1.138886e+00 7.778837e-01 -3.227473e+00
1.139886e+00 7.183714e-01 -3.216225e+00
1.140886e+00 8.686785e-01 -3.204962e+00
1.141886e+00 8.977068e-01 -3.193684e+00
1.142886e+00 8.685424e-01 -3.182393e+00
1.143886e+00 7.856534e-01 -3.171088e+00
1.144886e+00 7.448161e-01 -3.159769e+00
1.145885e+00 7.085078e-01 -3.148437e+00
1.146885e+00 7.339961e-01 -3.137093e+00
1.147885e+00 6.668632e-01 -3.125736e+00
1.148885e+00 6.302669e-01 -3.114368e+00
1.149885e+00 8.337007e-01 -3.102988e+00
1.150885e+00 8.645924e-01 -3.091597e+00
1.151885e+00 9.522932e-01 -3.080195e+00
1.152885e+00 9.612082e-01 -3.068783e+00
1.153885e+00 9.762155e-01 -3.057360e+00
1.154885e+00 9.148628e-01 -3.045929e+00
1.155884e+00 7.232156e-01 -3.034488e+00
1.156884e+00 7.557007e-01 -3.023038e+00
1.157884e+00 7.163455e-01 -3.011581e+00
1.158884e+00 7.366893e-01 -3.000115e+00
1.159884e+00 7.870964e-01 -2.988641e+00
1.160884e+00 1.006329e+00 -2.977161e+00
1.161884e+00 9.739542e-01 -2.965674e+00
1.162884e+00 9.457999e-01 -2.954180e+00
1.163884e+00 9.081415e-01 -2.942681e+00
1.164884e+00 8.497451e-01 -2.931176e+00
1.165883e+00 8.168024e-01 -2.919667e+00
1.166883e+00 8.287364e-01 -2.908152e+00
1.167883e+00 7.410659e-01 -2.896634e+00
1.168883e+00 8.644672e-01 -2.885111e+00
1.169883e+00 8.616076e-01 -2.873586e+00
1.170883e+00 9.983447e-01 -2.862057e+00
1.171883e+00 9.770273e-01 -2.850526e+00
1.172883e+00 1.032074e+00 -2.838993e+00
1.173883e+00 1.014250e+00 -2.827458e+00
1.174883e+00 9.574737e-01 -2.815922e+00
1.175882e+00 7.991205e-01 -2.804385e+00
1.176882e+00 7.780142e-01 -2.792848e+00
1.177882e+00 8.041687e-01 -2.781311e+00
1.178882e+00 7.521862e-01 -2.769774e+00
1.179882e+00 9.069495e-01 -2.758239e+00
1.180882e+00 9.779929e-01 -2.746705e+00
1.181882e+00 1.018165e+00 -2.735172e+00
1.182882e+00 9.760417e-01 -2.723642e+00
1.183882e+00 9.477911e-01 -2.712115e+00
1.184882e+00 1.003346e+00 -2.700590e+00
1.185881e+00 8.490856e-01 -2.689070e+00
1.186881e+00 7.855441e-01 -2.677553e+00
1.187881e+00 8.192007e-01 -2.666041e+00
1.188881e+00 8.993785e-01 -2.654533e+00
1.189881e+00 8.508512e-01 -2.643031e+00
1.190881e+00 9.472148e-01 -2.631535e+00
1.191881e+00 1.026858e+00 -2.620045e+00
1.192881e+00 1.069552e+00 -2.608561e+00
1.193881e+00 1.057166e+00 -2.597084e+00
1.194881e+00 9.561042e-01 -2.585615e+00
1.195880e+00 9.076258e-01 -2.574154e+00
1.196880e+00 8.385361e-01 -2.562701e+00
1.197880e+00 8.603621e-01 -2.551257e+00
1.198880e+00 8.036986e-01 -2.539822e+00
1.199880e+00 9.759916e-01 -2.528396e+00
1.200880e+00 1.009068e+00 -2.516981e+00
1.201880e+00 9.233988e-01 -2.505576e+00
1.202880e+00 9.756739e-01 -2.494182e+00
1.203880e+00 1.106250e+00 -2.482799e+00
1.204880e+00 1.018761e+00 -2.471428e+00
1.205879e+00 9.369267e-01 -2.460069e+00
1.206879e+00 8.344560e-01 -2.448722e+00
1.207879e+00 8.356196e-01 -2.437389e+00
1.208879e+00 8.801842e-01 -2.426069e+00
1.209879e+00 8.648187e-01 -2.414762e+00
1.210879e+00 1.055625e+00 -2.403470e+00
1.211879e+00 1.051158e+00 -2.392192e+00
1.212879e+00 1.074038e+00 -2.380930e+00
1.213879e+00 9.978228e-01 -2.369682e+00
1.214879e+00 9.134047e-01 -2.358451e+00
1.215878e+00 9.117940e-01 -2.347236e+00
1.216878e+00 9.004451e-01 -2.336037e+00
1.217878e+00 8.579101e-01 -2.324855e+00
1.218878e+00 9.351696e-01 -2.313691e+00
1.219878e+00 1.032741e+00 -2.302544e+00
1.220878e+00 1.001444e+00 -2.291416e+00
1.221878e+00 1.108245e+00 -2.280306e+00
1.222878e+00 1.044716e+00 -2.269214e+00
1.223878e+00 1.090964e+00 -2.258142e+00
1.224878e+00 9.625669e-01 -2.247090e+00
1.225877e+00 9.046952e-01 -2.236058e+00
1.226877e+00 8.585224e-01 -2.225046e+00
1.227877e+00 8.259774e-01 -2.214055e+00
1.228877e+00 9.313857e-01 -2.203085e+00
1.229877e+00 9.410451e-01 -2.192136e+00
1.230877e+00 9.251717e-01 -2.181209e+00
1.231877e+00 1.177271e+00 -2.170305e+00
1.232877e+00 1.075808e+00 -2.159423e+00
1.233877e+00 1.008005e+00 -2.148563e+00
1.234877e+00 1.072196e+00 -2.137727e+00
1.235876e+00 9.745769e-01 -2.126915e+00
1.236876e+00 9.417869e-01 -2.116126e+00
1.237876e+00 8.214586e-01 -2.105361e+00
1.238876e+00 9.321617e-01 -2.094621e+00
1.239876e+00 1.027259e+00 -2.083906e+00
1.240876e+00 1.128615e+00 -2.073215e+00
1.241876e+00 1.058640e+00 -2.062551e+00
1.242876e+00 1.147883e+00 -2.051912e+00
1.243876e+00 1.066207e+00 -2.041299e+00
1.244876e+00 1.015538e+00 -2.030712e+00
1.245875e+00 8.912467e-01 -2.020152e+00
1.246875e+00 9.531011e-01 -2.009619e+00
1.247875e+00 9.505780e-01 -1.999114e+00
1.248875e+00 1.028161e+00 -1.988635e+00
1.249875e+00 1.014513e+00 -1.978185e+00
1.250875e+00 1.084245e+00 -1.967763e+00
1.251875e+00 1.185015e+00 -1.957369e+00
1.252875e+00 1.036416e+00 -1.947004e+00
1.253875e+00 1.080025e+00 -1.936667e+00
1.254875e+00 1.049624e+00 -1.926360e+00
1.255874e+00 9.071979e-01 -1.916082e+00
1.256874e+00 9.335528e-01 -1.905834e+00
1.257874e+00 9.319817e-01 -1.895616e+00
1.258874e+00 9.263980e-01 -1.885428e+00
1.259874e+00 9.437075e-01 -1.875270e+00
1.260874e+00 9.631019e-01 -1.865143e+00
1.261874e+00 1.026701e+00 -1.855047e+00
1.262874e+00 1.093703e+00 -1.844982e+00
1.263874e+00 1.042627e+00 -1.834948e+00
1.264874e+00 1.008209e+00 -1.824945e+00
1.265873e+00 9.748178e-01 -1.814975e+00
1.266873e+00 9.164313e-01 -1.805036e+00
1.267873e+00 9.123028e-01 -1.795130e+00
1.268873e+00 8.841644e-01 -1.785255e+00
1.269873e+00 1.020695e+00 -1.775414e+00
1.270873e+00 1.088672e+00 -1.765605e+00
1.271873e+00 1.076236e+00 -1.755829e+00
1.272873e+00 1.089735e+00 -1.746086e+00
1.273873e+00 1.025328e+00 -1.736376e+00
1.274873e+00 9.823588e-01 -1.726700e+00
1.275872e+00 9.133338e-01 -1.717057e+00
1.276872e+00 9.309486e-01 -1.707449e+00
1.277872e+00 9.346649e-01 -1.697874e+00
1.278872e+00 9.104645e-01 -1.688333e+00
1.279872e+00 9.336745e-01 -1.678826e+00
1.280872e+00 1.014183e+00 -1.669354e+00
1.281872e+00 1.004698e+00 -1.659916e+00
1.282872e+00 9.903547e-01 -1.650513e+00
1.283872e+00 1.060166e+00 -1.641145e+00
1.284872e+00 9.433177e-01 -1.631811e+00
1.285871e+00 8.734450e-01 -1.622513e+00
1.286871e+00 9.437720e-01 -1.613250e+00
1.287871e+00 8.833685e-01 -1.604022e+00
1.288871e+00 8.788705e-01 -1.594829e+00
1.289871e+00 9.341556e-01 -1.585672e+00
1.290871e+00 1.052774e+00 -1.576550e+00
1.291871e+00 1.036725e+00 -1.567465e+00
1.292871e+00 1.120569e+00 -1.558414e+00
1.293871e+00 1.042156e+00 -1.549400e+00
1.294871e+00 1.094486e+00 -1.540422e+00
1.295870e+00 9.931057e-01 -1.531479e+00
1.296870e+00 8.352711e-01 -1.522573e+00
1.297870e+00 7.831829e-01 -1.513703e+00
1.298870e+00 8.178254e-01 -1.504869e+00
1.299870e+00 9.672730e-01 -1.496071e+00
1.300870e+00 9.615707e-01 -1.487310e+00
1.301870e+00 9.790659e-01 -1.478585e+00
1.302870e+00 1.078706e+00 -1.469896e+00
1.303870e+00 9.824696e-01 -1.461244e+00
1.304870e+00 9.165132e-01 -1.452628e+00
1.305869e+00 8.692591e-01 -1.444049e+00
1.306869e+00 8.216398e-01 -1.435507e+00
1.307869e+00 8.312070e-01 -1.427001e+00
1.308869e+00 7.872146e-01 -1.418531e+00
1.309869e+00 8.707106e-01 -1.410099e+00
1.310869e+00 1.040201e+00 -1.401703e+00
1.311869e+00 1.010411e+00 -1.393343e+00
1.312869e+00 1.120492e+00 -1.385020e+00
1.313869e+00 9.960112e-01 -1.376734e+00
1.314869e+00 9.199308e-01 -1.368485e+00
1.315868e+00 8.904732e-01 -1.360272e+00
1.316868e+00 8.873694e-01 -1.352096e+00
1.317868e+00 8.579768e-01 -1.343957e+00
1.318868e+00 8.185384e-01 -1.335854e+00
1.319868e+00 8.581807e-01 -1.327787e+00
1.320868e+00 9.674618e-01 -1.319758e+00
1.321868e+00 9.628343e-01 -1.311764e+00
1.322868e+00 1.047771e+00 -1.303808e+00
1.323868e+00 1.027763e+00 -1.295887e+00
1.324868e+00 8.762641e-01 -1.288003e+00
1.325867e+00 7.455860e-01 -1.280156e+00
1.326867e+00 8.262886e-01 -1.272345e+00
1.327867e+00 8.599215e-01 -1.264570e+00
1.328867e+00 9.666757e-01 -1.256831e+00
1.329867e+00 8.637366e-01 -1.249129e+00
1.330867e+00 8.990489e-01 -1.241462e+00
1.331867e+00 9.188448e-01 -1.233832e+00
1.332867e+00 1.000554e+00 -1.226237e+00
1.333867e+00 9.068251e-01 -1.218679e+00
1.334867e+00 9.090594e-01 -1.211156e+00
1.335866e+00 8.257890e-01 -1.203669e+00
1.336866e+00 7.333338e-01 -1.196217e+00
1.337866e+00 7.686309e-01 -1.188801e+00
1.338866e+00 7.445714e-01 -1.181421e+00
1.339866e+00 8.450650e-01 -1.174076e+00
1.340866e+00 8.838766e-01 -1.166766e+00
1.341866e+00 9.858917e-01 -1.159491e+00
1.342866e+00 8.977490e-01 -1.152252e+00
1.343866e+00 8.681278e-01 -1.145047e+00
1.344866e+00 8.211606e-01 -1.137877e+00
1.345865e+00 7.630506e-01 -1.130742e+00
1.346865e+00 7.172902e-01 -1.123641e+00
1.347865e+00 6.658888e-01 -1.116575e+00
1.348865e+00 7.719312e-01 -1.109544e+00
1.349865e+00 8.401434e-01 -1.102546e+00
1.350865e+00 8.797001e-01 -1.095583e+00
1.351865e+00 8.524521e-01 -1.088654e+00
1.352865e+00 9.422001e-01 -1.081758e+00
1.353865e+00 8.560570e-01 -1.074896e+00
1.354865e+00 8.115686e-01 -1.068068e+00
1.355864e+00 7.498017e-01 -1.061273e+00
1.356864e+00 7.173921e-01 -1.054512e+00
1.357864e+00 7.072028e-01 -1.047783e+00
1.358864e+00 6.619764e-01 -1.041088e+00
1.359864e+00 7.899465e-01 -1.034425e+00
1.360864e+00 7.834971e-01 -1.027796e+00
1.361864e+00 8.569782e-01 -1.021198e+00
1.362864e+00 8.494501e-01 -1.014633e+00
1.363864e+00 8.117847e-01 -1.008100e+00
1.364864e+00 7.142478e-01 -1.001599e+00
1.365863e+00 6.701142e-01 -9.951304e-01
1.366863e+00 7.248338e-01 -9.886930e-01
1.367863e+00 5.822825e-01 -9.822872e-01
1.368863e+00 6.789079e-01 -9.759127e-01
1.369863e+00 8.756618e-01 -9.695694e-01
1.370863e+00 8.080049e-01 -9.632571e-01
1.371863e+00 8.164852e-01 -9.569755e-01
1.372863e+00 8.047388e-01 -9.507245e-01
1.373863e+00 7.860433e-01 -9.445040e-01
1.374863e+00 5.982531e-01 -9.383137e-01
1.375862e+00 6.451157e-01 -9.321535e-01
1.376862e+00 6.445475e-01 -9.260231e-01
1.377862e+00 6.067212e-01 -9.199223e-01
1.378862e+00 6.502584e-01 -9.138510e-01
1.379862e+00 7.413060e-01 -9.078090e-01
1.380862e+00 7.984176e-01 -9.017961e-01
1.381862e+00 7.137039e-01 -8.958120e-01
1.382862e+00 7.203991e-01 -8.898565e-01
1.383862e+00 7.358786e-01 -8.839296e-01
1.384862e+00 5.664705e-01 -8.780308e-01
1.385861e+00 5.628802e-01 -8.721602e-01
1.386861e+00 5.488428e-01 -8.663173e-01
1.387861e+00 5.194531e-01 -8.605021e-01
1.388861e+00 5.261898e-01 -8.547143e-01
1.389861e+00 6.542061e-01 -8.489536e-01
1.390861e+00 6.397232e-01 -8.432200e-01
1.391861e+00 7.441522e-01 -8.375131e-01
1.392861e+00 8.009022e-01 -8.318328e-01
1.393861e+00 7.139919e-01 -8.261788e-01
1.394861e+00 5.804250e-01 -8.205508e-01
1.395860e+00 6.161594e-01 -8.149488e-01
1.396860e+00 4.946656e-01 -8.093725e-01
1.397860e+00 5.092360e-01 -8.038216e-01
1.398860e+00 4.442385e-01 -7.982958e-01
1.399860e+00 6.085471e-01 -7.927951e-01
1.400860e+00 6.511706e-01 -7.873192e-01
1.401860e+00 6.734013e-01 -7.818678e-01
1.402860e+00 6.260498e-01 -7.764407e-01
1.403860e+00 6.710807e-01 -7.710376e-01
1.404860e+00 5.617631e-01 -7.656584e-01
1.405859e+00 5.284831e-01 -7.603029e-01
1.406859e+00 4.225259e-01 -7.549707e-01
1.407859e+00 4.260981e-01 -7.496617e-01
1.408859e+00 4.728003e-01 -7.443756e-01
1.409859e+00 5.565248e-01 -7.391122e-01
1.410859e+00 5.547622e-01 -7.338712e-01
1.411859e+00 6.674780e-01 -7.286525e-01
1.412859e+00 7.212486e-01 -7.234557e-01
1.413859e+00 5.635831e-01 -7.182807e-01
1.414859e+00 4.943025e-01 -7.131272e-01
1.415858e+00 4.107402e-01 -7.079950e-01
1.416858e+00 3.186910e-01 -7.028839e-01
1.417858e+00 3.603310e-01 -6.977936e-01
1.418858e+00 4.104976e-01 -6.927238e-01
1.419858e+00 4.325239e-01 -6.876744e-01
1.420858e+00 5.500417e-01 -6.826451e-01
1.421858e+00 6.389963e-01 -6.776356e-01
1.422858e+00 5.535382e-01 -6.726458e-01
1.423858e+00 4.814964e-01 -6.676754e-01
1.424858e+00 4.152926e-01 -6.627241e-01
1.425857e+00 4.849346e-01 -6.577918e-01
1.426857e+00 3.840785e-01 -6.528781e-01
1.427857e+00 3.650001e-01 -6.479829e-01
1.428857e+00 3.431089e-01 -6.431060e-01
1.429857e+00 4.657830e-01 -6.382470e-01
1.430857e+00 5.298754e-01 -6.334057e-01
1.431857e+00 5.881398e-01 -6.285820e-01
1.432857e+00 4.698524e-01 -6.237756e-01
1.433857e+00 5.331533e-01 -6.189862e-01
1.434857e+00 4.260686e-01 -6.142136e-01
1.435856e+00 4.265208e-01 -6.094576e-01
1.436856e+00 3.272112e-01 -6.047180e-01
1.437856e+00 2.822476e-01 -5.999945e-01
1.438856e+00 3.900710e-01 -5.952868e-01
1.439856e+00 3.891500e-01 -5.905949e-01
1.440856e+00 4.378386e-01 -5.859184e-01
1.441856e+00 3.955162e-01 -5.812571e-01
1.442856e+00 4.812732e-01 -5.766108e-01
1.443856e+00 4.566988e-01 -5.719792e-01
1.444856e+00 3.161110e-01 -5.673622e-01
1.445855e+00 2.828690e-01 -5.627595e-01
1.446855e+00 2.856123e-01 -5.581709e-01
1.447855e+00 1.471106e-01 -5.535961e-01
1.448855e+00 2.885569e-01 -5.490350e-01
1.449855e+00 3.548006e-01 -5.444873e-01
1.450855e+00 2.878633e-01 -5.399528e-01
1.451855e+00 3.898720e-01 -5.354313e-01
1.452855e+00 4.453151e-01 -5.309226e-01
1.453855e+00 3.520761e-01 -5.264265e-01
1.454855e+00 3.456396e-01 -5.219427e-01
1.455854e+00 2.642053e-01 -5.174710e-01
1.456854e+00 2.055394e-01 -5.130113e-01
1.457854e+00 1.087283e-01 -5.085633e-01
1.458854e+00 2.223482e-01 -5.041268e-01
1.459854e+00 1.702906e-01 -4.997016e-01
1.460854e+00 4.186151e-01 -4.952875e-01
1.461854e+00 3.679429e-01 -4.908842e-01
1.462854e+00 3.003316e-01 -4.864917e-01
1.463854e+00 2.993561e-01 -4.821097e-01
1.464854e+00 2.597908e-01 -4.777380e-01
1.465853e+00 1.467680e-01 -4.733764e-01
1.466853e+00 1.782566e-01 -4.690247e-01
1.467853e+00 1.438185e-01 -4.646827e-01
1.468853e+00 1.220396e-01 -4.603502e-01
1.469853e+00 1.080430e-01 -4.560271e-01
1.470853e+00 1.670719e-01 -4.517131e-01
1.471853e+00 2.142245e-01 -4.474081e-01
1.472853e+00 2.846880e-01 -4.431118e-01
1.473853e+00 2.320718e-01 -4.388242e-01
1.474853e+00 2.277692e-01 -4.345449e-01
1.475852e+00 9.628920e-02 -4.302739e-01
1.476852e+00 3.493394e-02 -4.260110e-01
1.477852e+00 8.195318e-02 -4.217560e-01
1.478852e+00 2.818632e-02 -4.175086e-01
1.479852e+00 1.343146e-01 -4.132688e-01
1.480852e+00 1.761723e-01 -4.090364e-01
1.481852e+00 2.086909e-01 -4.048112e-01
1.482852e+00 2.130422e-01 -4.005931e-01
1.483852e+00 1.414326e-01 -3.963818e-01
1.484852e+00 4.959003e-02 -3.921773e-01
1.485851e+00 5.386584e-02 -3.879793e-01
1.486851e+00 -7.966138e-02 -3.837878e-01
1.487851e+00 4.290059e-02 -3.796025e-01
1.488851e+00 8.029246e-02 -3.754233e-01
1.489851e+00 -1.867516e-02 -3.712501e-01
1.490851e+00 9.353729e-02 -3.670827e-01
1.491851e+00 1.028321e-01 -3.629209e-01
1.492851e+00 2.129588e-01 -3.587647e-01
1.493851e+00 5.992642e-02 -3.546139e-01
1.494851e+00 5.318538e-02 -3.504684e-01
1.495850e+00 -2.884897e-02 -3.463279e-01
1.496850e+00 -6.963136e-02 -3.421925e-01
1.497850e+00 -7.025405e-02 -3.380619e-01
1.498850e+00 -1.307075e-01 -3.339360e-01
1.499850e+00 5.201143e-02 -3.298148e-01
1.500850e+00 -1.539053e-02 -3.256980e-01
1.501850e+00 7.632980e-02 -3.215855e-01
1.502850e+00 8.223351e-02 -3.174773e-01
1.503850e+00 -1.110039e-02 -3.133733e-01
1.504850e+00 3.968907e-02 -3.092732e-01
1.505849e+00 -5.559791e-03 -3.051771e-01
1.506849e+00 -1.488656e-01 -3.010847e-01
1.507849e+00 -1.937647e-01 -2.969960e-01
1.508849e+00 -9.183770e-02 -2.929109e-01
1.509849e+00 -1.220231e-01 -2.888292e-01
1.510849e+00 -9.845102e-02 -2.847509e-01
1.511849e+00 1.313851e-02 -2.806759e-01
1.512849e+00 2.801808e-02 -2.766041e-01
1.513849e+00 -9.032287e-02 -2.725354e-01
1.514849e+00 -1.159312e-01 -2.684697e-01
1.515848e+00 -1.921123e-01 -2.644069e-01
1.516848e+00 -2.650003e-01 -2.603469e-01
1.517848e+00 -1.880571e-01 -2.562896e-01
1.518848e+00 -1.575047e-01 -2.522350e-01
1.519848e+00 -1.326176e-01 -2.481830e-01
1.520848e+00 -1.178048e-01 -2.441335e-01
1.521848e+00 -1.249533e-02 -2.400864e-01
1.522848e+00 -1.001783e-01 -2.360417e-01
1.523848e+00 -1.131773e-01 -2.319993e-01
1.524848e+00 -1.025413e-01 -2.279591e-01
1.525847e+00 -2.173284e-01 -2.239210e-01
1.526847e+00 -1.426404e-01 -2.198851e-01
1.527847e+00 -2.725897e-01 -2.158512e-01
1.528847e+00 -2.054023e-01 -2.118192e-01
1.529847e+00 -1.533497e-01 -2.077892e-01
1.530847e+00 -7.649311e-02 -2.037610e-01
1.531847e+00 -1.053410e-01 -1.997347e-01
1.532847e+00 -3.050649e-02 -1.957101e-01
1.533847e+00 -1.749556e-01 -1.916872e-01
1.534847e+00 -2.008448e-01 -1.876660e-01
1.535846e+00 -3.151009e-01 -1.836465e-01
1.536846e+00 -2.857695e-01 -1.796285e-01
1.537846e+00 -2.681824e-01 -1.756120e-01
1.538846e+00 -3.105344e-01 -1.715971e-01
1.539846e+00 -2.334528e-01 -1.675837e-01
1.540846e+00 -2.891222e-01 -1.635717e-01
1.541846e+00 -1.906394e-01 -1.595611e-01
1.542846e+00 -1.954287e-01 -1.555519e-01
1.543846e+00 -2.476262e-01 -1.515440e-01
1.544846e+00 -2.050954e-01 -1.475375e-01
1.545845e+00 -3.211578e-01 -1.435323e-01
1.546845e+00 -4.154844e-01 -1.395284e-01
1.547845e+00 -3.269922e-01 -1.355257e-01
1.548845e+00 -3.679723e-01 -1.315243e-01
1.549845e+00 -2.893094e-01 -1.275242e-01
1.550845e+00 -2.450880e-01 -1.235252e-01
1.551845e+00 -2.581281e-01 -1.195275e-01
1.552845e+00 -2.310877e-01 -1.155310e-01
1.553845e+00 -2.349954e-01 -1.115356e-01
1.554845e+00 -3.777518e-01 -1.075415e-01
1.555844e+00 -4.336846e-01 -1.035485e-01
1.556844e+00 -4.641517e-01 -9.955665e-02
1.557844e+00 -4.329123e-01 -9.556601e-02
1.558844e+00 -4.312082e-01 -9.157654e-02
1.559844e+00 -3.422563e-01 -8.758823e-02
1.560844e+00 -2.748825e-01 -8.360110e-02
1.561844e+00 -2.200700e-01 -7.961515e-02
1.562844e+00 -2.641641e-01 -7.563039e-02
1.563844e+00 -3.690235e-01 -7.164681e-02
1.564844e+00 -3.722012e-01 -6.766442e-02
1.565843e+00 -3.973890e-01 -6.368325e-02
1.566843e+00 -6.220020e-01 -5.970329e-02
1.567843e+00 -5.518141e-01 -5.572457e-02
1.568843e+00 -4.163858e-01 -5.174708e-02
1.569843e+00 -5.143507e-01 -4.777086e-02
1.570843e+00 -3.508018e-01 -4.379590e-02
1.571843e+00 -2.889679e-01 -3.982224e-02
1.572843e+00 -3.434211e-01 -3.584989e-02
1.573843e+00 -3.582769e-01 -3.187886e-02
1.574843e+00 -4.210946e-01 -2.790918e-02
1.575842e+00 -5.012950e-01 -2.394087e-02
1.576842e+00 -5.779601e-01 -1.997395e-02
1.577842e+00 -4.864213e-01 -1.600845e-02
1.578842e+00 -5.344887e-01 -1.204439e-02
1.579842e+00 -4.698546e-01 -8.081787e-03
1.580842e+00 -4.763762e-01 -4.120678e-03
1.581842e+00 -3.119589e-01 -1.610862e-04
1.582842e+00 -3.772226e-01 3.796960e-03
1.583842e+00 -4.341312e-01 7.753433e-03
1.584842e+00 -5.121821e-01 1.170830e-02
1.585841e+00 -5.195159e-01 1.566154e-02
1.586841e+00 -5.898264e-01 1.961311e-02
1.587841e+00 -6.246958e-01 2.356299e-02
1.588841e+00 -6.842113e-01 2.751114e-02
1.589841e+00 -5.306303e-01 3.145753e-02
1.590841e+00 -5.613726e-01 3.540213e-02
1.591841e+00 -4.234977e-01 3.934490e-02
1.592841e+00 -4.080405e-01 4.328580e-02
1.593841e+00 -4.966629e-01 4.722482e-02
1.594841e+00 -5.841401e-01 5.116189e-02
1.595840e+00 -6.447750e-01 5.509701e-02
1.596840e+00 -6.882848e-01 5.903011e-02
1.597840e+00 -7.578555e-01 6.296118e-02
1.598840e+00 -6.504396e-01 6.689017e-02
1.599840e+00 -5.959202e-01 7.081704e-02
1.600840e+00 -4.547898e-01 7.474176e-02
1.601840e+00 -5.602489e-01 7.866429e-02
1.602840e+00 -4.799377e-01 8.258459e-02
1.603840e+00 -5.560242e-01 8.650262e-02
1.604840e+00 -6.070924e-01 9.041835e-02
1.605839e+00 -6.718859e-01 9.433173e-02
1.606839e+00 -7.827016e-01 9.824273e-02
1.607839e+00 -6.871135e-01 1.021513e-01
1.608839e+00 -6.655153e-01 1.060574e-01
1.609839e+00 -5.997576e-01 1.099610e-01
1.610839e+00 -6.119251e-01 1.138621e-01
1.611839e+00 -5.571150e-01 1.177606e-01
1.612839e+00 -5.984043e-01 1.216565e-01
1.613839e+00 -5.740152e-01 1.255497e-01
1.614839e+00 -7.384303e-01 1.294402e-01
1.615838e+00 -6.618717e-01 1.333280e-01
1.616838e+00 -7.687484e-01 1.372129e-01
1.617838e+00 -7.147287e-01 1.410951e-01
1.618838e+00 -7.420534e-01 1.449744e-01
1.619838e+00 -7.052403e-01 1.488509e-01
1.620838e+00 -5.278945e-01 1.527243e-01
1.621838e+00 -6.467490e-01 1.565949e-01
1.622838e+00 -5.590095e-01 1.604624e-01
1.623838e+00 -6.501821e-01 1.643268e-01
1.624838e+00 -6.627170e-01 1.681882e-01
1.625837e+00 -6.803298e-01 1.720464e-01
1.626837e+00 -7.390602e-01 1.759014e-01
1.627837e+00 -8.428129e-01 1.797533e-01
1.628837e+00 -7.581851e-01 1.836019e-01
1.629837e+00 -8.335272e-01 1.874472e-01
1.630837e+00 -6.798014e-01 1.912893e-01
1.631837e+00 -6.262129e-01 1.951279e-01
1.632837e+00 -5.671869e-01 1.989632e-01
1.633837e+00 -7.805791e-01 2.027950e-01
1.634837e+00 -7.501524e-01 2.066234e-01
1.635836e+00 -8.710908e-01 2.104483e-01
1.636836e+00 -8.649909e-01 2.142696e-01
1.637836e+00 -8.719820e-01 2.180874e-01
1.638836e+00 -8.710665e-01 2.219015e-01
1.639836e+00 -7.624734e-01 2.257120e-01
1.640836e+00 -7.179355e-01 2.295189e-01
1.641836e+00 -7.685742e-01 2.333220e-01
1.642836e+00 -6.742677e-01 2.371214e-01
1.643836e+00 -7.481248e-01 2.409170e-01
1.644836e+00 -7.542381e-01 2.447088e-01
1.645835e+00 -8.680399e-01 2.484968e-01
1.646835e+00 -8.249387e-01 2.522809e-01
1.647835e+00 -8.792914e-01 2.560610e-01
1.648835e+00 -9.400997e-01 2.598373e-01
1.649835e+00 -7.342820e-01 2.636095e-01
1.650835e+00 -7.730578e-01 2.673778e-01
1.651835e+00 -7.181940e-01 2.711420e-01
1.652835e+00 -8.106701e-01 2.749022e-01
1.653835e+00 -7.345711e-01 2.786583e-01
1.654835e+00 -8.128556e-01 2.824102e-01
1.655834e+00 -8.238416e-01 2.861580e-01
1.656834e+00 -9.096615e-01 2.899017e-01
1.657834e+00 -9.953107e-01 2.936411e-01
1.658834e+00 -8.757343e-01 2.973762e-01
1.659834e+00 -8.576257e-01 3.011071e-01
1.660834e+00 -7.833960e-01 3.048337e-01
1.661834e+00 -7.850748e-01 3.085560e-01
1.662834e+00 -7.003666e-01 3.122739e-01
1.663834e+00 -8.317319e-01 3.159875e-01
1.664834e+00 -9.131152e-01 3.196966e-01
1.665833e+00 -9.365266e-01 3.234014e-01
1.666833e+00 -9.522692e-01 3.271016e-01
1.667833e+00 -9.483613e-01 3.307974e-01
1.668833e+00 -9.321950e-01 3.344887e-01
1.669833e+00 -9.727693e-01 3.381754e-01
1.670833e+00 -8.047729e-01 3.418576e-01
1.671833e+00 -8.040065e-01 3.455352e-01
1.672833e+00 -6.713227e-01 3.492082e-01
1.673833e+00 -7.800904e-01 3.528766e-01
1.674833e+00 -8.613450e-01 3.565403e-01
1.675832e+00 -9.463164e-01 3.601993e-01
1.676832e+00 -9.950972e-01 3.638536e-01
1.677832e+00 -9.148595e-01 3.675032e-01
1.678832e+00 -1.009362e+00 3.711480e-01
1.679832e+00 -9.426610e-01 3.747881e-01
1.680832e+00 -7.421247e-01 3.784234e-01
1.681832e+00 -8.373391e-01 3.820538e-01
1.682832e+00 -8.489731e-01 3.856794e-01
1.683832e+00 -8.262588e-01 3.893001e-01
1.684832e+00 -9.907409e-01 3.929160e-01
1.685831e+00 -9.292955e-01 3.965269e-01
1.686831e+00 -1.018784e+00 4.001329e-01
1.687831e+00 -1.059601e+00 4.037340e-01
1.688831e+00 -1.066151e+00 4.073300e-01
1.689831e+00 -9.186302e-01 4.109211e-01
1.690831e+00 -9.292559e-01 4.145072e-01
1.691831e+00 -9.205039e-01 4.180882e-01
1.692831e+00 -8.945194e-01 4.216641e-01
1.693831e+00 -8.652920e-01 4.252349e-01
1.694831e+00 -9.885770e-01 4.288007e-01
1.695830e+00 -9.374412e-01 4.323613e-01
1.696830e+00 -1.036683e+00 4.359167e-01
1.697830e+00 -1.004430e+00 4.394670e-01
1.698830e+00 -9.799790e-01 4.430121e-01
1.699830e+00 -9.304524e-01 4.465519e-01
1.700830e+00 -9.561864e-01 4.500865e-01
1.701830e+00 -8.802177e-01 4.536159e-01
1.702830e+00 -8.792907e-01 4.571399e-01
1.703830e+00 -8.976291e-01 4.606587e-01
1.704830e+00 -8.248834e-01 4.641721e-01
1.705829e+00 -1.003218e+00 4.676801e-01
1.706829e+00 -1.055198e+00 4.711828e-01
1.707829e+00 -1.149633e+00 4.746801e-01
1.708829e+00 -1.008018e+00 4.781719e-01
1.709829e+00 -1.017370e+00 4.816583e-01
1.710829e+00 -9.128245e-01 4.851393e-01
1.711829e+00 -8.430805e-01 4.886147e-01
1.712829e+00 -8.438980e-01 4.920846e-01
1.713829e+00 -9.081965e-01 4.955490e-01
1.714829e+00 -9.730022e-01 4.990078e-01
1.715828e+00 -9.618982e-01 5.024610e-01
1.716828e+00 -1.061658e+00 5.059085e-01
1.717828e+00 -1.122588e+00 5.093505e-01
1.718828e+00 -1.052661e+00 5.127867e-01
1.719828e+00 -9.704667e-01 5.162173e-01
1.720828e+00 -9.903560e-01 5.196421e-01
1.721828e+00 -9.776198e-01 5.230612e-01
1.722828e+00 -8.551831e-01 5.264746e-01
1.723828e+00 -8.733148e-01 5.298821e-01
1.724828e+00 -9.951936e-01 5.332838e-01
1.725827e+00 -9.642339e-01 5.366796e-01
1.726827e+00 -1.127000e+00 5.400695e-01
1.727827e+00 -1.145540e+00 5.434536e-01
1.728827e+00 -1.045354e+00 5.468317e-01
1.729827e+00 -1.012793e+00 5.502038e-01
1.730827e+00 -8.531328e-01 5.535699e-01
1.731827e+00 -9.721386e-01 5.569299e-01
1.732827e+00 -9.399775e-01 5.602839e-01
1.733827e+00 -8.644106e-01 5.636319e-01
1.734827e+00 -9.893527e-01 5.669736e-01
1.735826e+00 -1.024574e+00 5.703093e-01
1.736826e+00 -1.057590e+00 5.736387e-01
1.737826e+00 -1.136301e+00 5.769619e-01
1.738826e+00 -1.130328e+00 5.802788e-01
1.739826e+00 -9.833032e-01 5.835895e-01
1.740826e+00 -9.812370e-01 5.868938e-01
1.741826e+00 -8.958482e-01 5.901918e-01
1.742826e+00 -9.803238e-01 5.934833e-01
1.743826e+00 -9.013780e-01 5.967685e-01
1.744826e+00 -8.648407e-01 6.000471e-01
1.745825e+00 -1.113786e+00 6.033193e-01
1.746825e+00 -1.116621e+00 6.065849e-01
1.747825e+00 -1.064492e+00 6.098439e-01
1.748825e+00 -1.081625e+00 6.130963e-01
1.749825e+00 -1.091696e+00 6.163420e-01
1.750825e+00 -9.110373e-01 6.195810e-01
1.751825e+00 -9.694485e-01 6.228133e-01
1.752825e+00 -9.036380e-01 6.260388e-01
1.753825e+00 -9.781191e-01 6.292575e-01
1.754825e+00 -9.922305e-01 6.324693e-01
1.755824e+00 -1.095457e+00 6.356742e-01
1.756824e+00 -1.071267e+00 6.388721e-01
1.757824e+00 -1.109190e+00 6.420631e-01
1.758824e+00 -1.084867e+00 6.452470e-01
1.759824e+00 -9.922286e-01 6.484238e-01
1.760824e+00 -9.938443e-01 6.515934e-01
1.761824e+00 -9.533060e-01 6.547559e-01
1.762824e+00 -7.958287e-01 6.579111e-01
1.763824e+00 -9.175297e-01 6.610591e-01
1.764824e+00 -9.048167e-01 6.641997e-01
1.765823e+00 -1.041035e+00 6.673330e-01
1.766823e+00 -1.023919e+00 6.704588e-01
1.767823e+00 -1.127470e+00 6.735772e-01
1.768823e+00 -1.046398e+00 6.766880e-01
1.769823e+00 -1.045514e+00 6.797912e-01
1.770823e+00 -8.682575e-01 6.828868e-01
1.771823e+00 -8.855845e-01 6.859747e-01
1.772823e+00 -8.330510e-01 6.890549e-01
1.773823e+00 -8.688484e-01 6.921273e-01
1.774823e+00 -9.740709e-01 6.951918e-01
1.775822e+00 -1.052550e+00 6.982484e-01
1.776822e+00 -1.092096e+00 7.012970e-01
1.777822e+00 -1.128326e+00 7.043376e-01
1.778822e+00 -1.111576e+00 7.073701e-01
1.779822e+00 -9.337999e-01 7.103945e-01
1.780822e+00 -8.196892e-01 7.134107e-01
1.781822e+00 -8.540936e-01 7.164186e-01
1.782822e+00 -8.705920e-01 7.194182e-01
1.783822e+00 -8.995143e-01 7.224094e-01
1.784822e+00 -9.538129e-01 7.253922e-01
1.785821e+00 -1.009050e+00 7.283664e-01
1.786821e+00 -1.077122e+00 7.313321e-01
1.787821e+00 -1.030686e+00 7.342891e-01
1.788821e+00 -1.041091e+00 7.372375e-01
1.789821e+00 -1.014161e+00 7.401770e-01
1.790821e+00 -8.069541e-01 7.431078e-01
1.791821e+00 -8.436341e-01 7.460296e-01
1.792821e+00 -9.588551e-01 7.489424e-01
1.793821e+00 -8.287273e-01 7.518462e-01
1.794821e+00 -9.606654e-01 7.547409e-01
1.795820e+00 -9.748618e-01 7.576265e-01
1.796820e+00 -9.551310e-01 7.605027e-01
1.797820e+00 -1.003780e+00 7.633697e-01
1.798820e+00 -1.027369e+00 7.662273e-01
1.799820e+00 -9.993234e-01 7.690754e-01
1.800820e+00 -8.033587e-01 7.719139e-01
1.801820e+00 -8.419663e-01 7.747429e-01
1.802820e+00 -8.960348e-01 7.775622e-01
1.803820e+00 -9.141409e-01 7.803717e-01
1.804820e+00 -9.085867e-01 7.831714e-01
1.805819e+00 -9.319533e-01 7.859611e-01
1.806819e+00 -1.029781e+00 7.887409e-01
1.807819e+00 -9.776459e-01 7.915107e-01
1.808819e+00 -9.822621e-01 7.942702e-01
1.809819e+00 -8.050624e-01 7.970196e-01
1.810819e+00 -8.113807e-01 7.997587e-01
1.811819e+00 -8.204650e-01 8.024874e-01
1.812819e+00 -8.589100e-01 8.052056e-01
1.813819e+00 -9.073653e-01 8.079133e-01
1.814819e+00 -9.745907e-01 8.106104e-01
1.815818e+00 -8.955645e-01 8.132968e-01
1.816818e+00 -9.849818e-01 8.159724e-01
1.817818e+00 -9.968815e-01 8.186372e-01
1.818818e+00 -9.957553e-01 8.212910e-01
1.819818e+00 -9.720486e-01 8.239338e-01
1.820818e+00 -8.406438e-01 8.265655e-01
1.821818e+00 -8.948076e-01 8.291860e-01
1.822818e+00 -9.548510e-01 8.317952e-01
1.823818e+00 -8.112266e-01 8.343931e-01
1.824818e+00 -8.606552e-01 8.369795e-01
1.825817e+00 -1.018852e+00 8.395544e-01
1.826817e+00 -9.816479e-01 8.421177e-01
1.827817e+00 -9.299237e-01 8.446692e-01
1.828817e+00 -8.832916e-01 8.472090e-01
1.829817e+00 -8.580816e-01 8.497369e-01
1.830817e+00 -8.035058e-01 8.522529e-01
1.831817e+00 -7.182914e-01 8.547568e-01
1.832817e+00 -7.549201e-01 8.572486e-01
1.833817e+00 -7.705015e-01 8.597281e-01
1.834817e+00 -8.213734e-01 8.621954e-01
1.835816e+00 -8.610253e-01 8.646503e-01
1.836816e+00 -1.044674e+00 8.670926e-01
1.837816e+00 -9.832006e-01 8.695224e-01
1.838816e+00 -9.135821e-01 8.719396e-01
1.839816e+00 -8.294126e-01 8.743440e-01
1.840816e+00 -9.104541e-01 8.767355e-01
1.841816e+00 -7.601450e-01 8.791142e-01
1.842816e+00 -6.913296e-01 8.814798e-01
1.843816e+00 -6.828733e-01 8.838324e-01
1.844816e+00 -8.190645e-01 8.861717e-01
1.845815e+00 -8.026243e-01 8.884978e-01
1.846815e+00 -9.786870e-01 8.908105e-01
1.847815e+00 -9.400845e-01 8.931097e-01
1.848815e+00 -9.125045e-01 8.953955e-01
1.849815e+00 -8.237438e-01 8.976675e-01
1.850815e+00 -7.078427e-01 8.999259e-01
1.851815e+00 -7.194072e-01 9.021705e-01
1.852815e+00 -6.611935e-01 9.044012e-01
1.853815e+00 -7.182180e-01 9.066179e-01
1.854815e+00 -7.445651e-01 9.088205e-01
1.855814e+00 -8.873109e-01 9.110090e-01
1.856814e+00 -8.811501e-01 9.131833e-01
1.857814e+00 -8.837326e-01 9.153432e-01
1.858814e+00 -8.110186e-01 9.174887e-01
1.859814e+00 -7.613191e-01 9.196198e-01
1.860814e+00 -8.118554e-01 9.217362e-01
1.861814e+00 -6.759755e-01 9.238380e-01
1.862814e+00 -5.735859e-01 9.259250e-01
1.863814e+00 -7.657216e-01 9.279972e-01
1.864814e+00 -7.989139e-01 9.300545e-01
1.865813e+00 -7.802523e-01 9.320968e-01
1.866813e+00 -8.243743e-01 9.341240e-01
1.867813e+00 -7.548780e-01 9.361361e-01
1.868813e+00 -7.808033e-01 9.381329e-01
1.869813e+00 -7.921198e-01 9.401144e-01
1.870813e+00 -6.300443e-01 9.420805e-01
1.871813e+00 -6.023092e-01 9.440311e-01
1.872813e+00 -5.988742e-01 9.459662e-01
1.873813e+00 -6.858413e-01 9.478856e-01
1.874813e+00 -7.271828e-01 9.497893e-01
1.875812e+00 -7.784775e-01 9.516772e-01
1.876812e+00 -8.510638e-01 9.535493e-01
1.877812e+00 -7.747439e-01 9.554054e-01
1.878812e+00 -7.492338e-01 9.572455e-01
1.879812e+00 -7.278117e-01 9.590695e-01
1.880812e+00 -5.968516e-01 9.608774e-01
1.881812e+00 -6.794066e-01 9.626691e-01
1.882812e+00 -5.877088e-01 9.644444e-01
1.883812e+00 -6.094485e-01 9.662034e-01
1.884812e+00 -6.845029e-01 9.679459e-01
1.885811e+00 -7.381590e-01 9.696720e-01
1.886811e+00 -7.784234e-01 9.713815e-01
1.887811e+00 -8.768090e-01 9.730744e-01
1.888811e+00 -7.955509e-01 9.747505e-01
1.889811e+00 -6.739417e-01 9.764100e-01
1.890811e+00 -5.786438e-01 9.780526e-01
1.891811e+00 -4.851947e-01 9.796783e-01
1.892811e+00 -5.406070e-01 9.812871e-01
1.893811e+00 -5.850708e-01 9.828789e-01
1.894811e+00 -6.801986e-01 9.844537e-01
1.895810e+00 -6.113043e-01 9.860114e-01
1.896810e+00 -6.551895e-01 9.875519e-01
1.897810e+00 -6.942925e-01 9.890753e-01
1.898810e+00 -6.892560e-01 9.905813e-01
1.899810e+00 -5.889580e-01 9.920701e-01
1.900810e+00 -4.997917e-01 9.935415e-01
1.901810e+00 -4.894860e-01 9.949956e-01
1.902810e+00 -4.910315e-01 9.964322e-01
1.903810e+00 -5.184615e-01 9.978513e-01
1.904810e+00 -6.293029e-01 9.992529e-01
1.905809e+00 -6.248327e-01 1.000637e+00
1.906809e+00 -6.249328e-01 1.002003e+00
1.907809e+00 -6.658865e-01 1.003352e+00
1.908809e+00 -5.250023e-01 1.004683e+00
1.909809e+00 -5.929020e-01 1.005997e+00
1.910809e+00 -5.478543e-01 1.007293e+00
1.911809e+00 -3.770837e-01 1.008571e+00
1.912809e+00 -4.111523e-01 1.009831e+00
1.913809e+00 -3.795885e-01 1.011073e+00
1.914809e+00 -4.902798e-01 1.012298e+00
1.915808e+00 -4.434832e-01 1.013504e+00
1.916808e+00 -6.007522e-01 1.014693e+00
1.917808e+00 -6.870923e-01 1.015864e+00
1.918808e+00 -5.182360e-01 1.017017e+00
1.919808e+00 -4.986726e-01 1.018152e+00
1.920808e+00 -4.748618e-01 1.019269e+00
1.921808e+00 -3.037285e-01 1.020368e+00
1.922808e+00 -3.307305e-01 1.021449e+00
1.923808e+00 -4.562179e-01 1.022512e+00
1.924808e+00 -4.076113e-01 1.023558e+00
1.925807e+00 -4.786546e-01 1.024585e+00
1.926807e+00 -5.064540e-01 1.025594e+00
1.927807e+00 -5.540580e-01 1.026585e+00
1.928807e+00 -6.363078e-01 1.027559e+00
1.929807e+00 -3.826000e-01 1.028514e+00
1.930807e+00 -4.420444e-01 1.029451e+00
1.931807e+00 -3.974780e-01 1.030371e+00
1.932807e+00 -3.265308e-01 1.031272e+00
1.933807e+00 -3.083113e-01 1.032156e+00
1.934807e+00 -4.041322e-01 1.033021e+00
1.935806e+00 -4.149898e-01 1.033869e+00
1.936806e+00 -5.544059e-01 1.034699e+00
1.937806e+00 -4.570307e-01 1.035511e+00
1.938806e+00 -3.797861e-01 1.036305e+00
1.939806e+00 -3.735170e-01 1.037081e+00
1.940806e+00 -3.590121e-01 1.037840e+00
1.941806e+00 -2.685296e-01 1.038580e+00
1.942806e+00 -2.167573e-01 1.039303e+00
1.943806e+00 -1.732250e-01 1.040009e+00
1.944806e+00 -4.145453e-01 1.040696e+00
1.945805e+00 -4.447012e-01 1.041366e+00
1.946805e+00 -4.078623e-01 1.042019e+00
1.947805e+00 -4.912616e-01 1.042654e+00
1.948805e+00 -3.296435e-01 1.043271e+00
1.949805e+00 -4.006097e-01 1.043871e+00
1.950805e+00 -2.736148e-01 1.044454e+00
1.951805e+00 -1.291928e-01 1.045019e+00
1.952805e+00 -1.936786e-01 1.045567e+00
1.953805e+00 -2.010992e-01 1.046097e+00
1.954805e+00 -2.582452e-01 1.046611e+00
1.955804e+00 -2.753133e-01 1.047107e+00
1.956804e+00 -3.362626e-01 1.047586e+00
1.957804e+00 -3.030532e-01 1.048048e+00
1.958804e+00 -3.172836e-01 1.048494e+00
1.959804e+00 -2.786504e-01 1.048922e+00
1.960804e+00 -1.190943e-01 1.049334e+00
1.961804e+00 -1.348277e-01 1.049728e+00
1.962804e+00 -1.879783e-01 1.050106e+00
1.963804e+00 -1.504255e-01 1.050468e+00
1.964804e+00 -1.886721e-01 1.050813e+00
1.965803e+00 -2.629216e-01 1.051141e+00
1.966803e+00 -4.525319e-01 1.051453e+00
1.967803e+00 -3.881592e-01 1.051749e+00
1.968803e+00 -2.632325e-01 1.052029e+00
1.969803e+00 -4.284752e-02 1.052292e+00
1.970803e+00 -5.407090e-02 1.052540e+00
1.971803e+00 -1.360231e-01 1.052771e+00
1.972803e+00 -4.979482e-02 1.052987e+00
1.973803e+00 -1.455231e-01 1.053187e+00
1.974803e+00 -1.968141e-01 1.053371e+00
1.975802e+00 -2.048366e-01 1.053539e+00
1.976802e+00 -1.629156e-01 1.053692e+00
1.977802e+00 -2.020027e-01 1.053830e+00
1.978802e+00 -8.809527e-02 1.053952e+00
1.979802e+00 -1.102530e-01 1.054059e+00
1.980802e+00 -7.669939e-02 1.054151e+00
1.981802e+00 -2.929700e-02 1.054228e+00
1.982802e+00 -9.911431e-02 1.054291e+00
1.983802e+00 2.237236e-02 1.054338e+00
1.984802e+00 -1.217826e-01 1.054371e+00
1.985801e+00 -1.143733e-01 1.054389e+00
1.986801e+00 -7.584369e-02 1.054393e+00
1.987801e+00 -1.589098e-01 1.054382e+00
1.988801e+00 -1.739287e-01 1.054357e+00
1.989801e+00 -1.283454e-02 1.054318e+00
1.990801e+00 5.960897e-03 1.054265e+00
1.991801e+00 3.367806e-02 1.054198e+00
1.992801e+00 1.262860e-01 1.054117e+00
1.993801e+00 2.482019e-02 1.054023e+00
1.994801e+00 -9.274391e-02 1.053915e+00
1.995800e+00 -1.279009e-01 1.053794e+00
1.996800e+00 -1.862550e-02 1.053660e+00
1.997800e+00 -1.388944e-01 1.053512e+00
1.998800e+00 -7.372022e-02 1.053352e+00
1.999800e+00 -1.493597e-02 1.053178e+00
2.000800e+00 6.214867e-02 1.052992e+00
2.001800e+00 3.390729e-02 1.052793e+00
2.002800e+00 2.145040e-01 1.052581e+00
2.003800e+00 1.206818e-01 1.052358e+00
2.004800e+00 6.851155e-02 1.052122e+00
2.005799e+00 -4.284444e-02 1.051873e+00
2.006799e+00 -1.459002e-02 1.051613e+00
2.007799e+00 -2.132942e-02 1.051341e+00
2.008799e+00 4.878999e-02 1.051057e+00
2.009799e+00 -2.902511e-02 1.050762e+00
2.010799e+00 1.124579e-01 1.050455e+00
2.011799e+00 1.278645e-01 1.050137e+00
2.012799e+00 2.238126e-01 1.049808e+00
2.013799e+00 1.032491e-01 1.049468e+00
2.014799e+00 4.385412e-02 1.049117e+00
2.015798e+00 3.610025e-02 1.048755e+00
2.016798e+00 5.821297e-02 1.048383e+00
2.017798e+00 3.453010e-02 1.048000e+00
2.018798e+00 1.246503e-01 1.047606e+00
2.019798e+00 1.043722e-01 1.047203e+00
2.020798e+00 1.567339e-01 1.046789e+00
2.021798e+00 2.111131e-01 1.046366e+00
2.022798e+00 2.853702e-01 1.045933e+00
2.023798e+00 2.910713e-01 1.045490e+00
2.024798e+00 2.205166e-01 1.045038e+00
2.025797e+00 1.705987e-01 1.044577e+00
2.026797e+00 2.881044e-02 1.044106e+00
2.027797e+00 7.063860e-02 1.043626e+00
2.028797e+00 1.163894e-01 1.043138e+00
2.029797e+00 1.532008e-01 1.042640e+00
2.030797e+00 2.472330e-01 1.042135e+00
2.031797e+00 3.250688e-01 1.041620e+00
2.032797e+00 3.080742e-01 1.041098e+00
2.033797e+00 2.562039e-01 1.040567e+00
2.034797e+00 2.289083e-01 1.040028e+00
2.035796e+00 2.911543e-01 1.039482e+00
2.036796e+00 1.503466e-01 1.038927e+00
2.037796e+00 1.333818e-01 1.038365e+00
2.038796e+00 1.177661e-01 1.037796e+00
2.039796e+00 2.154668e-01 1.037220e+00
2.040796e+00 3.458053e-01 1.036636e+00
2.041796e+00 4.004670e-01 1.036046e+00
2.042796e+00 3.908515e-01 1.035448e+00
2.043796e+00 4.485734e-01 1.034844e+00
2.044796e+00 2.210893e-01 1.034234e+00
2.045795e+00 2.308041e-01 1.033617e+00
2.046795e+00 1.799987e-01 1.032994e+00
2.047795e+00 1.921201e-01 1.032365e+00
2.048795e+00 1.947319e-01 1.031729e+00
2.049795e+00 3.048586e-01 1.031089e+00
2.050795e+00 3.526269e-01 1.030442e+00
2.051795e+00 4.606902e-01 1.029790e+00
2.052795e+00 3.885777e-01 1.029133e+00
2.053795e+00 3.891527e-01 1.028471e+00
2.054795e+00 4.215091e-01 1.027803e+00
2.055794e+00 2.974273e-01 1.027131e+00
2.056794e+00 3.036483e-01 1.026454e+00
2.057794e+00 2.367443e-01 1.025773e+00
2.058794e+00 2.800323e-01 1.025087e+00
2.059794e+00 3.173473e-01 1.024396e+00
2.060794e+00 3.478129e-01 1.023702e+00
2.061794e+00 4.970924e-01 1.023004e+00
2.062794e+00 3.925698e-01 1.022302e+00
2.063794e+00 5.047540e-01 1.021596e+00
2.064794e+00 4.034009e-01 1.020886e+00
2.065793e+00 4.100157e-01 1.020174e+00
2.066793e+00 2.816133e-01 1.019458e+00
2.067793e+00 3.450314e-01 1.018739e+00
2.068793e+00 3.666887e-01 1.018017e+00
2.069793e+00 4.195084e-01 1.017292e+00
2.070793e+00 5.635461e-01 1.016564e+00
2.071793e+00 4.953872e-01 1.015834e+00
2.072793e+00 4.940621e-01 1.015102e+00
2.073793e+00 4.695585e-01 1.014368e+00
2.074793e+00 5.091520e-01 1.013631e+00
2.075792e+00 3.849696e-01 1.012893e+00
2.076792e+00 3.508812e-01 1.012152e+00
2.077792e+00 2.850853e-01 1.011411e+00
2.078792e+00 4.006176e-01 1.010667e+00
2.079792e+00 5.654005e-01 1.009922e+00
2.080792e+00 5.514056e-01 1.009177e+00
2.081792e+00 5.604335e-01 1.008430e+00
2.082792e+00 5.768059e-01 1.007682e+00
2.083792e+00 5.355912e-01 1.006933e+00
2.084792e+00 5.568525e-01 1.006184e+00
2.085791e+00 4.528340e-01 1.005434e+00
2.086791e+00 3.868342e-01 1.004684e+00
2.087791e+00 5.213667e-01 1.003934e+00
2.088791e+00 4.330375e-01 1.003184e+00
2.089791e+00 6.188021e-01 1.002434e+00
2.090791e+00 6.369516e-01 1.001684e+00
2.091791e+00 6.571473e-01 1.000934e+00
2.092791e+00 5.969064e-01 1.000185e+00
2.093791e+00 6.301710e-01 9.994369e-01
2.094791e+00 5.202605e-01 9.986893e-01
2.095790e+00 5.121134e-01 9.979426e-01
2.096790e+00 5.616214e-01 9.971971e-01
2.097790e+00 5.046206e-01 9.964527e-01
2.098790e+00 4.858917e-01 9.957097e-01
2.099790e+00 6.060160e-01 9.949682e-01
2.100790e+00 5.292250e-01 9.942283e-01
2.101790e+00 7.002344e-01 9.934902e-01
2.102790e+00 6.767886e-01 9.927540e-01
2.103790e+00 7.119561e-01 9.920198e-01
2.104790e+00 7.809132e-01 9.912879e-01
2.105789e+00 5.793182e-01 9.905582e-01
2.106789e+00 4.914410e-01 9.898309e-01
2.107789e+00 4.957853e-01 9.891063e-01
2.108789e+00 4.858851e-01 9.883843e-01
2.109789e+00 6.586781e-01 9.876652e-01
2.110789e+00 6.273845e-01 9.869491e-01
2.111789e+00 7.800728e-01 9.862362e-01
2.112789e+00 7.602310e-01 9.855264e-01
2.113789e+00 7.554752e-01 9.848201e-01
2.114789e+00 6.253390e-01 9.841172e-01
2.115788e+00 6.384433e-01 9.834180e-01
2.116788e+00 6.185360e-01 9.827226e-01
2.117788e+00 6.457476e-01 9.820311e-01
2.118788e+00 5.400769e-01 9.813436e-01
2.119788e+00 6.856587e-01 9.806603e-01
2.120788e+00 7.542986e-01 9.799813e-01
2.121788e+00 7.603538e-01 9.793067e-01
2.122788e+00 6.938006e-01 9.786367e-01
2.123788e+00 7.112998e-01 9.779714e-01
2.124788e+00 6.684748e-01 9.773108e-01
2.125787e+00 6.787276e-01 9.766552e-01
2.126787e+00 6.589955e-01 9.760047e-01
2.127787e+00 7.036315e-01 9.753593e-01
2.128787e+00 6.371633e-01 9.747193e-01
2.129787e+00 6.828125e-01 9.740847e-01
2.130787e+00 8.362467e-01 9.734557e-01
2.131787e+00 7.899892e-01 9.728323e-01
2.132787e+00 8.008915e-01 9.722148e-01
2.133787e+00 9.179650e-01 9.716031e-01
2.134787e+00 6.920404e-01 9.709976e-01
2.135786e+00 7.322866e-01 9.703982e-01
2.136786e+00 6.789817e-01 9.698051e-01
2.137786e+00 6.590865e-01 9.692184e-01
2.138786e+00 7.290229e-01 9.686383e-01
2.139786e+00 8.288265e-01 9.680648e-01
2.140786e+00 7.979490e-01 9.674981e-01
2.141786e+00 8.723819e-01 9.669383e-01
2.142786e+00 9.108329e-01 9.663855e-01
2.143786e+00 8.043544e-01 9.658398e-01
2.144786e+00 7.718757e-01 9.653013e-01
2.145785e+00 6.837907e-01 9.647702e-01
2.146785e+00 7.466897e-01 9.642466e-01
2.147785e+00 7.960050e-01 9.637306e-01
2.148785e+00 7.472604e-01 9.632222e-01
2.149785e+00 7.511790e-01 9.627217e-01
2.150785e+00 8.469207e-01 9.622291e-01
2.151785e+00 8.847594e-01 9.617446e-01
2.152785e+00 9.651051e-01 9.612681e-01
2.153785e+00 8.761746e-01 9.608000e-01
2.154785e+00 8.212439e-01 9.603402e-01
2.155784e+00 7.514930e-01 9.598889e-01
2.156784e+00 6.088921e-01 9.594461e-01
2.157784e+00 7.696254e-01 9.590121e-01
2.158784e+00 7.828637e-01 9.585869e-01
2.159784e+00 7.420262e-01 9.581705e-01
2.160784e+00 9.595352e-01 9.577632e-01
2.161784e+00 9.521062e-01 9.573650e-01
2.162784e+00 9.977473e-01 9.569759e-01
2.163784e+00 1.001975e+00 9.565963e-01
2.164784e+00 9.133908e-01 9.562260e-01
2.165783e+00 7.951866e-01 9.558653e-01
2.166783e+00 7.031633e-01 9.555141e-01
2.167783e+00 7.181259e-01 9.551727e-01
2.168783e+00 8.275823e-01 9.548412e-01
2.169783e+00 8.412172e-01 9.545195e-01
2.170783e+00 9.336625e-01 9.542079e-01
2.171783e+00 9.706729e-01 9.539064e-01
2.172783e+00 9.192037e-01 9.536150e-01
2.173783e+00 1.022084e+00 9.533340e-01
2.174783e+00 9.201771e-01 9.530634e-01
2.175782e+00 8.560994e-01 9.528033e-01
2.176782e+00 8.596095e-01 9.525538e-01
2.177782e+00 7.741708e-01 9.523149e-01
2.178782e+00 8.815459e-01 9.520868e-01
2.179782e+00 8.632349e-01 9.518696e-01
2.180782e+00 9.863754e-01 9.516633e-01
2.181782e+00 9.117844e-01 9.514681e-01
2.182782e+00 1.021165e+00 9.512839e-01
2.183782e+00 1.057683e+00 9.511110e-01
2.184782e+00 9.920253e-01 9.509494e-01
2.185781e+00 9.117954e-01 9.507991e-01
2.186781e+00 8.467306e-01 9.506603e-01
2.187781e+00 8.570468e-01 9.505330e-01
2.188781e+00 8.607453e-01 9.504174e-01
2.189781e+00 9.310904e-01 9.503134e-01
2.190781e+00 9.221283e-01 9.502213e-01
2.191781e+00 1.034626e+00 9.501409e-01
2.192781e+00 9.958358e-01 9.500726e-01
2.193781e+00 9.738770e-01 9.500162e-01
2.194781e+00 9.275460e-01 9.499720e-01
2.195780e+00 9.588075e-01 9.499398e-01
2.196780e+00 9.010674e-01 9.499200e-01
2.197780e+00 9.377405e-01 9.499124e-01
2.198780e+00 9.393544e-01 9.499172e-01
2.199780e+00 9.016268e-01 9.499345e-01
2.200780e+00 9.644143e-01 9.499643e-01
2.201780e+00 1.081507e+00 9.500066e-01
2.202780e+00 1.068878e+00 9.500617e-01
2.203780e+00 1.066959e+00 9.501294e-01
2.204780e+00 8.730755e-01 9.502099e-01
2.205779e+00 8.880958e-01 9.503033e-01
2.206779e+00 9.297610e-01 9.504096e-01
2.207779e+00 7.726511e-01 9.505288e-01
2.208779e+00 8.299070e-01 9.506611e-01
2.209779e+00 9.996771e-01 9.508065e-01
2.210779e+00 1.059379e+00 9.509650e-01
2.211779e+00 1.001709e+00 9.511367e-01
2.212779e+00 1.024311e+00 9.513217e-01
2.213779e+00 9.448364e-01 9.515200e-01
2.214779e+00 9.254620e-01 9.517317e-01
2.215778e+00 1.008099e+00 9.519567e-01
2.216778e+00 9.365158e-01 9.521953e-01
2.217778e+00 8.551660e-01 9.524474e-01
2.218778e+00 9.235746e-01 9.527130e-01
2.219778e+00 9.763482e-01 9.529923e-01
2.220778e+00 1.053411e+00 9.532852e-01
2.221778e+00 1.144138e+00 9.535918e-01
2.222778e+00 1.049771e+00 9.539122e-01
2.223778e+00 1.032065e+00 9.542463e-01
2.224778e+00 1.022838e+00 9.545943e-01
2.225777e+00 9.821095e-01 9.549562e-01
2.226777e+00 9.096377e-01 9.553320e-01
2.227777e+00 8.086327e-01 9.557217e-01
2.228777e+00 8.707985e-01 9.561254e-01
2.229777e+00 1.003708e+00 9.565432e-01
2.230777e+00 1.072127e+00 9.569750e-01
2.231777e+00 1.107481e+00 9.574208e-01
2.232777e+00 1.102355e+00 9.578808e-01
2.233777e+00 9.887498e-01 9.583549e-01
2.234777e+00 1.008472e+00 9.588432e-01
2.235776e+00 1.060231e+00 9.593457e-01
2.236776e+00 8.748865e-01 9.598624e-01
2.237776e+00 8.187122e-01 9.603934e-01
2.238776e+00 8.514279e-01 9.609386e-01
2.239776e+00 9.692084e-01 9.614981e-01
2.240776e+00 9.814638e-01 9.620720e-01
2.241776e+00 1.118784e+00 9.626601e-01
2.242776e+00 1.072395e+00 9.632626e-01
2.243776e+00 1.047755e+00 9.638795e-01
2.244776e+00 1.046813e+00 9.645107e-01
2.245775e+00 9.648906e-01 9.651563e-01
2.246775e+00 8.861567e-01 9.658164e-01
2.247775e+00 9.198615e-01 9.664908e-01
2.248775e+00 9.520296e-01 9.671796e-01
2.249775e+00 9.544463e-01 9.678829e-01
2.250775e+00 1.082466e+00 9.686006e-01
2.251775e+00 1.108299e+00 9.693327e-01
2.252775e+00 1.138871e+00 9.700792e-01
2.253775e+00 1.105244e+00 9.708402e-01
2.254775e+00 9.545883e-01 9.716156e-01
2.255774e+00 1.027146e+00 9.724055e-01
2.256774e+00 9.495279e-01 9.732098e-01
2.257774e+00 9.009612e-01 9.740285e-01
2.258774e+00 9.228139e-01 9.748616e-01
2.259774e+00 9.788113e-01 9.757091e-01
2.260774e+00 9.852641e-01 9.765710e-01
2.261774e+00 1.045644e+00 9.774473e-01
2.262774e+00 1.160577e+00 9.783380e-01
2.263774e+00 1.038604e+00 9.792430e-01
2.264774e+00 9.896949e-01 9.801624e-01
2.265773e+00 9.173856e-01 9.810961e-01
2.266773e+00 8.964151e-01 9.820442e-01
2.267773e+00 8.599298e-01 9.830065e-01
2.268773e+00 1.011844e+00 9.839830e-01
2.269773e+00 9.668516e-01 9.849738e-01
2.270773e+00 1.003544e+00 9.859789e-01
2.271773e+00 1.067924e+00 9.869981e-01
2.272773e+00 1.067298e+00 9.880314e-01
2.273773e+00 1.080151e+00 9.890790e-01
2.274773e+00 1.010591e+00 9.901406e-01
2.275772e+00 9.763802e-01 9.912162e-01
2.276772e+00 8.252234e-01 9.923059e-01
2.277772e+00 9.534020e-01 9.934096e-01
2.278772e+00 8.819824e-01 9.945272e-01
2.279772e+00 9.950894e-01 9.956588e-01
2.280772e+00 1.098353e+00 9.968042e-01
2.281772e+00 1.047601e+00 9.979635e-01
2.282772e+00 1.127220e+00 9.991365e-01
2.283772e+00 1.089492e+00 1.000323e+00
2.284772e+00 1.046977e+00 1.001524e+00
2.285771e+00 8.918515e-01 1.002738e+00
2.286771e+00 9.264379e-01 1.003966e+00
2.287771e+00 7.562912e-01 1.005207e+00
2.288771e+00 9.400190e-01 1.006462e+00
2.289771e+00 9.372461e-01 1.007730e+00
2.290771e+00 1.015875e+00 1.009011e+00
2.291771e+00 9.690620e-01 1.010306e+00
2.292771e+00 1.142646e+00 1.011614e+00
2.293771e+00 1.010159e+00 1.012935e+00
2.294771e+00 1.045918e+00 1.014270e+00
2.295770e+00 9.465346e-01 1.015617e+00
2.296770e+00 8.878191e-01 1.016978e+00
2.297770e+00 8.557048e-01 1.018351e+00
2.298770e+00 9.510569e-01 1.019737e+00
2.299770e+00 9.380701e-01 1.021136e+00
2.300770e+00 1.009492e+00 1.022548e+00
2.301770e+00 9.908013e-01 1.023972e+00
2.302770e+00 1.000030e+00 1.025409e+00
2.303770e+00 1.052675e+00 1.026858e+00
2.304770e+00 8.109852e-01 1.028320e+00
2.305769e+00 8.791961e-01 1.029794e+00
2.306769e+00 9.463927e-01 1.031280e+00
2.307769e+00 9.171948e-01 1.032778e+00
2.308769e+00 8.701807e-01 1.034288e+00
2.309769e+00 9.544807e-01 1.035811e+00
2.310769e+00 9.450581e-01 1.037345e+00
2.311769e+00 9.394428e-01 1.038891e+00
2.312769e+00 1.018488e+00 1.040448e+00
2.313769e+00 1.008666e+00 1.042017e+00
2.314769e+00 9.857217e-01 1.043598e+00
2.315768e+00 8.401088e-01 1.045190e+00
2.316768e+00 8.270258e-01 1.046793e+00
2.317768e+00 8.029212e-01 1.048407e+00
2.318768e+00 8.165382e-01 1.050033e+00
2.319768e+00 9.200123e-01 1.051669e+00
2.320768e+00 8.730620e-01 1.053317e+00
2.321768e+00 9.279869e-01 1.054975e+00
2.322768e+00 1.017123e+00 1.056643e+00
2.323768e+00 8.889602e-01 1.058322e+00
2.324768e+00 8.904643e-01 1.060012e+00
2.325767e+00 8.831170e-01 1.061712e+00
2.326767e+00 8.250206e-01 1.063422e+00
2.327767e+00 8.777799e-01 1.065142e+00
2.328767e+00 7.484679e-01 1.066872e+00
2.329767e+00 9.058113e-01 1.068612e+00
2.330767e+00 8.622733e-01 1.070361e+00
2.331767e+00 8.862035e-01 1.072120e+00
2.332767e+00 1.019057e+00 1.073889e+00
2.333767e+00 9.040103e-01 1.075667e+00
2.334767e+00 8.884465e-01 1.077453e+00
2.335766e+00 8.020596e-01 1.079249e+00
2.336766e+00 8.506495e-01 1.081054e+00
2.337766e+00 7.883417e-01 1.082868e+00
2.338766e+00 8.413293e-01 1.084690e+00
2.339766e+00 8.040204e-01 1.086521e+00
2.340766e+00 8.149350e-01 1.088360e+00
2.341766e+00 9.544647e-01 1.090208e+00
2.342766e+00 9.825595e-01 1.092063e+00
2.343766e+00 9.199873e-01 1.093927e+00
2.344766e+00 8.468656e-01 1.095798e+00
2.345765e+00 7.309960e-01 1.097676e+00
2.346765e+00 7.561295e-01 1.099563e+00
2.347765e+00 6.816295e-01 1.101456e+00
2.348765e+00 8.101415e-01 1.103357e+00
2.349765e+00 8.702310e-01 1.105265e+00
2.350765e+00 8.259458e-01 1.107180e+00
2.351765e+00 9.149719e-01 1.109102e+00
2.352765e+00 8.066336e-01 1.111030e+00
2.353765e+00 8.237563e-01 1.112964e+00
2.354765e+00 7.877182e-01 1.114905e+00
2.355764e+00 8.226698e-01 1.116852e+00
2.356764e+00 7.233235e-01 1.118805e+00
2.357764e+00 6.198225e-01 1.120763e+00
2.358764e+00 6.271270e-01 1.122728e+00
2.359764e+00 6.506544e-01 1.124697e+00
2.360764e+00 8.973197e-01 1.126673e+00
2.361764e+00 7.762000e-01 1.128653e+00
2.362764e+00 8.379829e-01 1.130638e+00
2.363764e+00 7.594032e-01 1.132628e+00
2.364764e+00 7.157045e-01 1.134622e+00
2.365763e+00 6.529211e-01 1.136621e+00
2.366763e+00 6.722909e-01 1.138625e+00
2.367763e+00 6.398542e-01 1.140632e+00
2.368763e+00 6.916589e-01 1.142643e+00
2.369763e+00 5.896511e-01 1.144658e+00
2.370763e+00 7.604495e-01 1.146677e+00
2.371763e+00 9.659682e-01 1.148699e+00
2.372763e+00 7.598633e-01 1.150724e+00
2.373763e+00 7.901556e-01 1.152753e+00
2.374763e+00 6.273723e-01 1.154784e+00
2.375762e+00 5.485557e-01 1.156818e+00
2.376762e+00 6.193212e-01 1.158854e+00
2.377762e+00 5.956667e-01 1.160893e+00
2.378762e+00 6.240701e-01 1.162934e+00
2.379762e+00 6.467686e-01 1.164977e+00
2.380762e+00 7.838748e-01 1.167021e+00
2.381762e+00 7.305365e-01 1.169067e+00
2.382762e+00 7.317397e-01 1.171115e+00
2.383762e+00 6.669206e-01 1.173164e+00
2.384762e+00 7.611950e-01 1.175214e+00
2.385761e+00 5.807959e-01 1.177265e+00
2.386761e+00 6.151237e-01 1.179316e+00
2.387761e+00 5.382586e-01 1.181368e+00
2.388761e+00 5.914040e-01 1.183420e+00
2.389761e+00 6.331664e-01 1.185472e+00
2.390761e+00 7.081957e-01 1.187525e+00
2.391761e+00 7.841486e-01 1.189576e+00
2.392761e+00 6.596755e-01 1.191628e+00
2.393761e+00 6.381765e-01 1.193679e+00
2.394761e+00 6.852888e-01 1.195728e+00
2.395760e+00 5.739255e-01 1.197777e+00
2.396760e+00 5.508132e-01 1.199825e+00
2.397760e+00 4.684358e-01 1.201871e+00
2.398760e+00 5.262628e-01 1.203916e+00
2.399760e+00 5.077577e-01 1.205958e+00
2.400760e+00 6.355321e-01 1.207999e+00
2.401760e+00 6.641803e-01 1.210038e+00
2.402760e+00 5.886703e-01 1.212074e+00
2.403760e+00 6.506874e-01 1.214107e+00
2.404760e+00 5.791547e-01 1.216138e+00
2.405759e+00 4.711051e-01 1.218166e+00
2.406759e+00 5.007489e-01 1.220190e+00
2.407759e+00 4.540919e-01 1.222212e+00
2.408759e+00 4.135671e-01 1.224229e+00
2.409759e+00 5.240272e-01 1.226243e+00
2.410759e+00 5.622650e-01 1.228253e+00
2.411759e+00 6.068949e-01 1.230259e+00
2.412759e+00 5.772200e-01 1.232261e+00
2.413759e+00 5.712439e-01 1.234258e+00
2.414759e+00 4.401715e-01 1.236250e+00
2.415758e+00 4.199771e-01 1.238237e+00
2.416758e+00 3.877880e-01 1.240219e+00
2.417758e+00 4.817594e-01 1.242196e+00
2.418758e+00 4.394495e-01 1.244168e+00
2.419758e+00 4.738537e-01 1.246134e+00
2.420758e+00 4.970411e-01 1.248094e+00
2.421758e+00 5.141933e-01 1.250047e+00
2.422758e+00 5.638181e-01 1.251995e+00
2.423758e+00 5.961766e-01 1.253936e+00
2.424758e+00 5.278774e-01 1.255871e+00
2.425757e+00 4.409142e-01 1.257799e+00
2.426757e+00 2.773088e-01 1.259719e+00
2.427757e+00 3.598187e-01 1.261633e+00
2.428757e+00 4.065660e-01 1.263539e+00
2.429757e+00 3.165921e-01 1.265438e+00
2.430757e+00 3.700834e-01 1.267328e+00
2.431757e+00 4.870577e-01 1.269211e+00
2.432757e+00 5.232020e-01 1.271086e+00
2.433757e+00 5.435130e-01 1.272953e+00
2.434757e+00 5.217780e-01 1.274810e+00
2.435756e+00 3.694171e-01 1.276660e+00
2.436756e+00 2.998080e-01 1.278500e+00
2.437756e+00 3.057041e-01 1.280332e+00
2.438756e+00 3.268869e-01 1.282154e+00
2.439756e+00 3.222108e-01 1.283966e+00
2.440756e+00 3.623109e-01 1.285770e+00
2.441756e+00 4.259987e-01 1.287563e+00
2.442756e+00 4.089680e-01 1.289347e+00
2.443756e+00 4.519728e-01 1.291120e+00
2.444756e+00 3.809987e-01 1.292883e+00
2.445755e+00 3.278731e-01 1.294636e+00
2.446755e+00 3.132221e-01 1.296378e+00
2.447755e+00 1.915260e-01 1.298109e+00
2.448755e+00 2.673782e-01 1.299829e+00
2.449755e+00 2.221739e-01 1.301538e+00
2.450755e+00 3.811041e-01 1.303236e+00
2.451755e+00 3.324741e-01 1.304922e+00
2.452755e+00 3.087087e-01 1.306597e+00
2.453755e+00 4.328571e-01 1.308260e+00
2.454755e+00 3.293357e-01 1.309910e+00
2.455754e+00 2.767254e-01 1.311549e+00
2.456754e+00 1.253499e-01 1.313175e+00
2.457754e+00 1.713700e-01 1.314789e+00
2.458754e+00 1.223241e-01 1.316391e+00
2.459754e+00 1.936629e-01 1.317979e+00
2.460754e+00 2.999191e-01 1.319554e+00
2.461754e+00 2.882665e-01 1.321117e+00
2.462754e+00 3.802053e-01 1.322666e+00
2.463754e+00 2.797560e-01 1.324202e+00
2.464754e+00 2.640798e-01 1.325724e+00
2.465753e+00 2.857431e-01 1.327232e+00
2.466753e+00 1.559074e-01 1.328727e+00
2.467753e+00 8.969686e-02 1.330207e+00
2.468753e+00 6.772580e-02 1.331674e+00
2.469753e+00 1.367941e-01 1.333126e+00
2.470753e+00 1.867502e-01 1.334563e+00
2.471753e+00 2.235643e-01 1.335986e+00
2.472753e+00 2.863750e-01 1.337395e+00
2.473753e+00 2.603895e-01 1.338788e+00
2.474753e+00 1.453347e-01 1.340166e+00
2.475752e+00 2.476983e-01 1.341529e+00
2.476752e+00 8.817370e-02 1.342877e+00
2.477752e+00 -1.590634e-02 1.344210e+00
2.478752e+00 3.749728e-02 1.345526e+00
2.479752e+00 1.384455e-01 1.346827e+00
2.480752e+00 1.172622e-01 1.348113e+00
2.481752e+00 1.507298e-01 1.349382e+00
2.482752e+00 2.903818e-01 1.350635e+00
2.483752e+00 1.640703e-01 1.351872e+00
2.484752e+00 1.790974e-01 1.353093e+00
2.485751e+00 -8.166475e-02 1.354297e+00
2.486751e+00 -2.857095e-02 1.355485e+00
2.487751e+00 8.280731e-03 1.356655e+00
2.488751e+00 1.101430e-01 1.357809e+00
2.489751e+00 4.316824e-02 1.358947e+00
2.490751e+00 8.758034e-02 1.360066e+00
2.491751e+00 1.238911e-01 1.361169e+00
2.492751e+00 1.387352e-01 1.362255e+00
2.493751e+00 6.318491e-02 1.363323e+00
2.494751e+00 1.157096e-01 1.364373e+00
2.495750e+00 -3.537973e-02 1.365406e+00
2.496750e+00 -1.486831e-01 1.366421e+00
2.497750e+00 -6.601012e-02 1.367419e+00
2.498750e+00 -1.006485e-01 1.368398e+00
2.499750e+00 5.304731e-02 1.369359e+00
2.500750e+00 -2.602613e-02 1.370303e+00
2.501750e+00 7.556798e-02 1.371227e+00
2.502750e+00 7.713473e-02 1.372134e+00
2.503750e+00 5.715607e-02 1.373022e+00
2.504750e+00 -1.062986e-02 1.373892e+00
2.505749e+00 -1.802159e-01 1.374742e+00
2.506749e+00 -1.638711e-01 1.375575e+00
2.507749e+00 -2.233276e-01 1.376388e+00
2.508749e+00 -2.336818e-01 1.377182e+00
2.509749e+00 -1.395939e-01 1.377957e+00
2.510749e+00 -1.114686e-02 1.378714e+00
2.511749e+00 6.015489e-02 1.379451e+00
2.512749e+00 8.383933e-02 1.380169e+00
2.513749e+00 8.257760e-02 1.380867e+00
2.514749e+00 -8.030564e-02 1.381546e+00
2.515748e+00 -9.733587e-02 1.382206e+00
2.516748e+00 -2.301654e-01 1.382845e+00
2.517748e+00 -1.318656e-01 1.383466e+00
2.518748e+00 -1.125693e-01 1.384066e+00
2.519748e+00 -1.326866e-01 1.384647e+00
2.520748e+00 -4.925481e-04 1.385208e+00
2.521748e+00 -7.493570e-02 1.385748e+00
2.522748e+00 3.580172e-02 1.386269e+00
2.523748e+00 -7.126060e-02 1.386770e+00
2.524748e+00 -1.295050e-01 1.387250e+00
2.525747e+00 -2.166305e-01 1.387711e+00
2.526747e+00 -2.669779e-01 1.388151e+00
2.527747e+00 -2.848020e-01 1.388570e+00
2.528747e+00 -2.230750e-01 1.388970e+00
2.529747e+00 -2.343614e-01 1.389348e+00
2.530747e+00 -8.498077e-02 1.389707e+00
2.531747e+00 -5.748758e-02 1.390044e+00
2.532747e+00 -8.286575e-02 1.390361e+00
2.533747e+00 -1.230149e-01 1.390657e+00
2.534747e+00 -2.307290e-01 1.390933e+00
2.535746e+00 -2.363305e-01 1.391188e+00
2.536746e+00 -3.738185e-01 1.391421e+00
2.537746e+00 -2.956610e-01 1.391634e+00
2.538746e+00 -3.250238e-01 1.391826e+00
2.539746e+00 -1.864707e-01 1.391997e+00
2.540746e+00 -2.421885e-01 1.392147e+00
2.541746e+00 -1.671297e-01 1.392276e+00
2.542746e+00 -1.770383e-01 1.392384e+00
2.543746e+00 -2.871388e-01 1.392470e+00
2.544746e+00 -3.026804e-01 1.392536e+00
2.545745e+00 -3.650016e-01 1.392580e+00
2.546745e+00 -3.443530e-01 1.392603e+00
2.547745e+00 -3.463979e-01 1.392604e+00
2.548745e+00 -3.495955e-01 1.392585e+00
2.549745e+00 -3.197677e-01 1.392543e+00
2.550745e+00 -2.936671e-01 1.392481e+00
2.551745e+00 -2.325370e-01 1.392397e+00
2.552745e+00 -2.172943e-01 1.392291e+00
2.553745e+00 -2.502854e-01 1.392164e+00
2.554745e+00 -3.508058e-01 1.392016e+00
2.555744e+00 -4.288133e-01 1.391846e+00
2.556744e+00 -3.999040e-01 1.391654e+00
2.557744e+00 -3.644715e-01 1.391441e+00
2.558744e+00 -3.581787e-01 1.391206e+00
2.559744e+00 -3.440615e-01 1.390950e+00
2.560744e+00 -3.033354e-01 1.390671e+00
2.561744e+00 -3.088989e-01 1.390372e+00
2.562744e+00 -3.206745e-01 1.390050e+00
2.563744e+00 -3.450783e-01 1.389707e+00
2.564744e+00 -4.370456e-01 1.389342e+00
2.565743e+00 -4.600097e-01 1.388956e+00
2.566743e+00 -5.034699e-01 1.388548e+00
2.567743e+00 -4.619034e-01 1.388118e+00
2.568743e+00 -5.407983e-01 1.387666e+00
2.569743e+00 -4.516148e-01 1.387193e+00
2.570743e+00 -4.034043e-01 1.386698e+00
2.571743e+00 -3.370054e-01 1.386181e+00
2.572743e+00 -3.513218e-01 1.385642e+00
2.573743e+00 -3.954766e-01 1.385082e+00
2.574743e+00 -5.215454e-01 1.384499e+00
2.575742e+00 -5.075349e-01 1.383895e+00
2.576742e+00 -6.710184e-01 1.383270e+00
2.577742e+00 -5.250718e-01 1.382622e+00
2.578742e+00 -5.897615e-01 1.381953e+00
2.579742e+00 -5.599436e-01 1.381262e+00
2.580742e+00 -3.269740e-01 1.380550e+00
2.581742e+00 -4.615689e-01 1.379816e+00
2.582742e+00 -4.636758e-01 1.379060e+00
2.583742e+00 -4.918936e-01 1.378282e+00
2.584742e+00 -4.717402e-01 1.377483e+00
2.585741e+00 -5.574478e-01 1.376662e+00
2.586741e+00 -5.521884e-01 1.375819e+00
2.587741e+00 -5.683705e-01 1.374955e+00
2.588741e+00 -5.597858e-01 1.374069e+00
2.589741e+00 -4.884105e-01 1.373162e+00
2.590741e+00 -4.722213e-01 1.372233e+00
2.591741e+00 -4.385033e-01 1.371283e+00
2.592741e+00 -5.038845e-01 1.370311e+00
2.593741e+00 -5.330445e-01 1.369317e+00
2.594741e+00 -6.187463e-01 1.368302e+00
2.595740e+00 -6.151725e-01 1.367266e+00
2.596740e+00 -6.528349e-01 1.366208e+00
2.597740e+00 -6.884567e-01 1.365129e+00
2.598740e+00 -6.230474e-01 1.364029e+00
2.599740e+00 -5.961426e-01 1.362907e+00
2.600740e+00 -5.953715e-01 1.361764e+00
2.601740e+00 -4.936839e-01 1.360600e+00
2.602740e+00 -5.456902e-01 1.359414e+00
2.603740e+00 -5.107082e-01 1.358208e+00
2.604740e+00 -6.641284e-01 1.356980e+00
2.605739e+00 -6.463606e-01 1.355732e+00
2.606739e+00 -7.129046e-01 1.354462e+00
2.607739e+00 -6.347424e-01 1.353171e+00
2.608739e+00 -7.423796e-01 1.351860e+00
2.609739e+00 -6.924113e-01 1.350527e+00
2.610739e+00 -6.112511e-01 1.349174e+00
2.611739e+00 -5.535228e-01 1.347800e+00
2.612739e+00 -5.681565e-01 1.346405e+00
2.613739e+00 -5.957074e-01 1.344990e+00
2.614739e+00 -7.172888e-01 1.343554e+00
2.615738e+00 -7.858380e-01 1.342097e+00
2.616738e+00 -7.339893e-01 1.340620e+00
2.617738e+00 -7.751246e-01 1.339122e+00
2.618738e+00 -8.032248e-01 1.337605e+00
2.619738e+00 -6.676003e-01 1.336066e+00
2.620738e+00 -6.586828e-01 1.334508e+00
2.621738e+00 -5.255110e-01 1.332929e+00
2.622738e+00 -5.832192e-01 1.331330e+00
2.623738e+00 -5.918783e-01 1.329712e+00
2.624738e+00 -6.365543e-01 1.328073e+00
2.625737e+00 -7.426960e-01 1.326414e+00
2.626737e+00 -8.859566e-01 1.324735e+00
2.627737e+00 -7.116337e-01 1.323037e+00
2.628737e+00 -7.522408e-01 1.321319e+00
2.629737e+00 -7.678811e-01 1.319582e+00
2.630737e+00 -6.899240e-01 1.317825e+00
2.631737e+00 -6.588413e-01 1.316048e+00
2.632737e+00 -5.944126e-01 1.314252e+00
2.633737e+00 -7.085747e-01 1.312437e+00
2.634737e+00 -6.968738e-01 1.310603e+00
2.635736e+00 -7.842353e-01 1.308749e+00
2.636736e+00 -8.366165e-01 1.306877e+00
2.637736e+00 -9.114045e-01 1.304985e+00
2.638736e+00 -7.725259e-01 1.303075e+00
2.639736e+00 -8.293499e-01 1.301146e+00
2.640736e+00 -7.627103e-01 1.299198e+00
2.641736e+00 -6.865978e-01 1.297232e+00
2.642736e+00 -6.976448e-01 1.295247e+00
2.643736e+00 -6.490225e-01 1.293244e+00
2.644736e+00 -7.196044e-01 1.291223e+00
2.645735e+00 -7.962073e-01 1.289184e+00
2.646735e+00 -9.046545e-01 1.287126e+00
2.647735e+00 -9.135846e-01 1.285051e+00
2.648735e+00 -9.548404e-01 1.282957e+00
2.649735e+00 -7.512437e-01 1.280846e+00
2.650735e+00 -7.495284e-01 1.278718e+00
2.651735e+00 -6.328701e-01 1.276572e+00
2.652735e+00 -6.841584e-01 1.274408e+00
2.653735e+00 -8.021625e-01 1.272227e+00
2.654735e+00 -8.621455e-01 1.270029e+00
2.655734e+00 -8.231549e-01 1.267814e+00
2.656734e+00 -8.933521e-01 1.265583e+00
2.657734e+00 -9.173827e-01 1.263334e+00
2.658734e+00 -8.875508e-01 1.261068e+00
2.659734e+00 -8.218262e-01 1.258786e+00
2.660734e+00 -8.044457e-01 1.256488e+00
2.661734e+00 -7.523698e-01 1.254173e+00
2.662734e+00 -7.794686e-01 1.251842e+00
2.663734e+00 -7.334779e-01 1.249495e+00
2.664734e+00 -8.170945e-01 1.247132e+00
2.665733e+00 -7.764941e-01 1.244753e+00
2.666733e+00 -9.919337e-01 1.242359e+00
2.667733e+00 -9.596074e-01 1.239949e+00
2.668733e+00 -8.844023e-01 1.237524e+00
2.669733e+00 -9.646511e-01 1.235083e+00
2.670733e+00 -7.924927e-01 1.232627e+00
2.671733e+00 -8.498003e-01 1.230157e+00
2.672733e+00 -7.251446e-01 1.227671e+00
2.673733e+00 -8.237962e-01 1.225171e+00
2.674733e+00 -8.137524e-01 1.222656e+00
2.675732e+00 -9.421918e-01 1.220127e+00
2.676732e+00 -9.924479e-01 1.217584e+00
2.677732e+00 -1.013471e+00 1.215026e+00
2.678732e+00 -9.955303e-01 1.212454e+00
2.679732e+00 -9.939904e-01 1.209869e+00
2.680732e+00 -8.734389e-01 1.207270e+00
2.681732e+00 -8.067349e-01 1.204657e+00
2.682732e+00 -8.925046e-01 1.202031e+00
2.683732e+00 -8.310998e-01 1.199392e+00
2.684732e+00 -9.017083e-01 1.196740e+00
2.685731e+00 -9.292083e-01 1.194075e+00
2.686731e+00 -9.229781e-01 1.191397e+00
2.687731e+00 -1.063384e+00 1.188707e+00
2.688731e+00 -9.712951e-01 1.186004e+00
2.689731e+00 -1.010476e+00 1.183288e+00
2.690731e+00 -8.684150e-01 1.180561e+00
2.691731e+00 -8.661197e-01 1.177822e+00
2.692731e+00 -8.417176e-01 1.175071e+00
2.693731e+00 -8.648019e-01 1.172308e+00
2.694731e+00 -8.549043e-01 1.169534e+00
2.695730e+00 -1.012506e+00 1.166749e+00
2.696730e+00 -9.862287e-01 1.163952e+00
2.697730e+00 -1.109111e+00 1.161144e+00
2.698730e+00 -9.816407e-01 1.158326e+00
2.699730e+00 -9.604069e-01 1.155497e+00
2.700730e+00 -8.331896e-01 1.152658e+00
2.701730e+00 -8.264110e-01 1.149808e+00
2.702730e+00 -8.937761e-01 1.146948e+00
2.703730e+00 -8.241177e-01 1.144078e+00
2.704730e+00 -9.947080e-01 1.141198e+00
2.705729e+00 -1.132098e+00 1.138309e+00
2.706729e+00 -1.127886e+00 1.135410e+00
2.707729e+00 -1.034347e+00 1.132502e+00
2.708729e+00 -9.962293e-01 1.129584e+00
2.709729e+00 -9.402595e-01 1.126658e+00
2.710729e+00 -9.106399e-01 1.123723e+00
2.711729e+00 -8.979792e-01 1.120779e+00
2.712729e+00 -8.970114e-01 1.117827e+00
2.713729e+00 -8.392799e-01 1.114867e+00
2.714729e+00 -1.011509e+00 1.111898e+00
2.715728e+00 -1.087685e+00 1.108922e+00
2.716728e+00 -1.058932e+00 1.105938e+00
2.717728e+00 -9.907914e-01 1.102946e+00
2.718728e+00 -1.020175e+00 1.099946e+00
2.719728e+00 -1.058560e+00 1.096940e+00
2.720728e+00 -8.152723e-01 1.093926e+00
2.721728e+00 -8.455780e-01 1.090905e+00
2.722728e+00 -9.093622e-01 1.087878e+00
2.723728e+00 -9.590620e-01 1.084844e+00
2.724728e+00 -9.875065e-01 1.081804e+00
2.725727e+00 -1.057121e+00 1.078757e+00
2.726727e+00 -1.000525e+00 1.075704e+00
2.727727e+00 -1.108502e+00 1.072645e+00
2.728727e+00 -1.067297e+00 1.069581e+00
2.729727e+00 -1.065194e+00 1.066511e+00
2.730727e+00 -9.185711e-01 1.063435e+00
2.731727e+00 -8.968877e-01 1.060354e+00
2.732727e+00 -8.870497e-01 1.057268e+00
2.733727e+00 -9.434481e-01 1.054177e+00
2.734727e+00 -9.748413e-01 1.051081e+00
2.735726e+00 -1.115174e+00 1.047981e+00
2.736726e+00 -1.036752e+00 1.044876e+00
2.737726e+00 -1.110173e+00 1.041767e+00
2.738726e+00 -1.098016e+00 1.038653e+00
2.739726e+00 -1.101970e+00 1.035536e+00
2.740726e+00 -9.940608e-01 1.032414e+00
2.741726e+00 -8.575648e-01 1.029289e+00
2.742726e+00 -1.015046e+00 1.026161e+00
2.743726e+00 -9.537720e-01 1.023029e+00
2.744726e+00 -8.840402e-01 1.019893e+00
2.745725e+00 -1.093661e+00 1.016755e+00
2.746725e+00 -1.177762e+00 1.013613e+00
2.747725e+00 -1.091601e+00 1.010469e+00
2.748725e+00 -1.107568e+00 1.007322e+00
2.749725e+00 -1.000254e+00 1.004172e+00
2.750725e+00 -9.640342e-01 1.001020e+00
2.751725e+00 -8.885489e-01 9.978658e-01
2.752725e+00 -8.586707e-01 9.947093e-01
2.753725e+00 -9.518622e-01 9.915507e-01
2.754725e+00 -9.494014e-01 9.883903e-01
2.755724e+00 -1.055119e+00 9.852281e-01
2.756724e+00 -1.082112e+00 9.820643e-01
2.757724e+00 -1.147176e+00 9.788989e-01
2.758724e+00 -1.056376e+00 9.757322e-01
2.759724e+00 -1.048093e+00 9.725642e-01
2.760724e+00 -9.947912e-01 9.693951e-01
2.761724e+00 -9.392428e-01 9.662249e-01
2.762724e+00 -9.800502e-01 9.630538e-01
2.763724e+00 -9.679996e-01 9.598819e-01
2.764724e+00 -9.539037e-01 9.567093e-01
2.765723e+00 -1.084568e+00 9.535362e-01
2.766723e+00 -1.010533e+00 9.503626e-01
2.767723e+00 -1.069760e+00 9.471886e-01
2.768723e+00 -1.151085e+00 9.440143e-01
2.769723e+00 -1.039196e+00 9.408399e-01
2.770723e+00 -9.341066e-01 9.376654e-01
2.771723e+00 -9.299832e-01 9.344909e-01
2.772723e+00 -8.447075e-01 9.313166e-01
2.773723e+00 -8.466066e-01 9.281425e-01
2.774723e+00 -9.069046e-01 9.249687e-01
2.775722e+00 -1.060159e+00 9.217953e-01
2.776722e+00 -1.180892e+00 9.186224e-01
2.777722e+00 -1.009907e+00 9.154500e-01
2.778722e+00 -1.072970e+00 9.122783e-01
2.779722e+00 -1.022238e+00 9.091072e-01
2.780722e+00 -9.536529e-01 9.059370e-01
2.781722e+00 -8.998053e-01 9.027677e-01
2.782722e+00 -9.159697e-01 8.995992e-01
2.783722e+00 -8.929038e-01 8.964318e-01
2.784722e+00 -9.046890e-01 8.932654e-01
2.785721e+00 -1.043925e+00 8.901002e-01
2.786721e+00 -1.084238e+00 8.869362e-01
2.787721e+00 -1.086739e+00 8.837734e-01
2.788721e+00 -1.090834e+00 8.806119e-01
2.789721e+00 -1.024133e+00 8.774517e-01
2.790721e+00 -9.696717e-01 8.742929e-01
2.791721e+00 -8.744924e-01 8.711356e-01
2.792721e+00 -8.642989e-01 8.679798e-01
2.793721e+00 -9.047185e-01 8.648255e-01
2.794721e+00 -9.819579e-01 8.616728e-01
2.795720e+00 -1.063464e+00 8.585217e-01
2.796720e+00 -9.841929e-01 8.553723e-01
2.797720e+00 -1.021389e+00 8.522245e-01
2.798720e+00 -1.016267e+00 8.490784e-01
2.799720e+00 -1.000654e+00 8.459340e-01
2.800720e+00 -9.084676e-01 8.427914e-01
2.801720e+00 -8.122177e-01 8.396506e-01
2.802720e+00 -8.927469e-01 8.365115e-01
2.803720e+00 -8.082592e-01 8.333743e-01
2.804720e+00 -8.921345e-01 8.302389e-01
2.805719e+00 -9.540046e-01 8.271053e-01
2.806719e+00 -1.089173e+00 8.239735e-01
2.807719e+00 -9.939617e-01 8.208436e-01
2.808719e+00 -1.011132e+00 8.177155e-01
2.809719e+00 -1.060405e+00 8.145893e-01
2.810719e+00 -9.360955e-01 8.114649e-01
2.811719e+00 -8.149553e-01 8.083424e-01
2.812719e+00 -8.121114e-01 8.052217e-01
2.813719e+00 -9.329011e-01 8.021028e-01
2.814719e+00 -8.524717e-01 7.989857e-01
2.815718e+00 -1.002667e+00 7.958704e-01
2.816718e+00 -1.051227e+00 7.927568e-01
2.817718e+00 -1.040414e+00 7.896451e-01
2.818718e+00 -9.365202e-01 7.865350e-01
2.819718e+00 -9.309849e-01 7.834267e-01
2.820718e+00 -8.556732e-01 7.803200e-01
2.821718e+00 -8.094936e-01 7.772150e-01
2.822718e+00 -8.654124e-01 7.741116e-01
2.823718e+00 -8.273996e-01 7.710098e-01
2.824718e+00 -8.517066e-01 7.679095e-01
2.825717e+00 -9.821198e-01 7.648107e-01
2.826717e+00 -9.134111e-01 7.617134e-01
2.827717e+00 -9.939461e-01 7.586174e-01
2.828717e+00 -9.631805e-01 7.555229e-01
2.829717e+00 -8.332260e-01 7.524296e-01
2.830717e+00 -8.274002e-01 7.493377e-01
2.831717e+00 -7.393092e-01 7.462469e-01
2.832717e+00 -7.739493e-01 7.431573e-01
2.833717e+00 -7.968876e-01 7.400688e-01
2.834717e+00 -7.364328e-01 7.369813e-01
2.835716e+00 -9.400962e-01 7.338948e-01
2.836716e+00 -9.496790e-01 7.308092e-01
2.837716e+00 -1.072346e+00 7.277244e-01
2.838716e+00 -8.411240e-01 7.246404e-01
2.839716e+00 -8.197555e-01 7.215570e-01
2.840716e+00 -9.154565e-01 7.184743e-01
2.841716e+00 -7.245998e-01 7.153922e-01
2.842716e+00 -7.320220e-01 7.123105e-01
2.843716e+00 -7.424204e-01 7.092291e-01
2.844716e+00 -8.984771e-01 7.061481e-01
2.845715e+00 -7.556816e-01 7.030673e-01
2.846715e+00 -9.900042e-01 6.999866e-01
2.847715e+00 -8.781952e-01 6.969059e-01
2.848715e+00 -8.172049e-01 6.938252e-01
2.849715e+00 -9.714505e-01 6.907443e-01
2.850715e+00 -7.206029e-01 6.876632e-01
2.851715e+00 -6.933333e-01 6.845817e-01
2.852715e+00 -5.946179e-01 6.814997e-01
2.853715e+00 -7.314992e-01 6.784173e-01
2.854715e+00 -8.489160e-01 6.753341e-01
2.855714e+00 -8.538370e-01 6.722502e-01
2.856714e+00 -8.787126e-01 6.691655e-01
2.857714e+00 -8.677359e-01 6.660797e-01
2.858714e+00 -8.481399e-01 6.629929e-01
2.859714e+00 -7.826437e-01 6.599048e-01
2.860714e+00 -5.846681e-01 6.568155e-01
2.861714e+00 -6.371383e-01 6.537247e-01
2.862714e+00 -6.328158e-01 6.506323e-01
2.863714e+00 -7.409290e-01 6.475383e-01
2.864714e+00 -7.449068e-01 6.444424e-01
2.865713e+00 -8.474733e-01 6.413447e-01
2.866713e+00 -8.143180e-01 6.382448e-01
2.867713e+00 -8.566822e-01 6.351428e-01
2.868713e+00 -8.108110e-01 6.320385e-01
2.869713e+00 -6.643757e-01 6.289317e-01
2.870713e+00 -6.760124e-01 6.258224e-01
2.871713e+00 -5.447687e-01 6.227103e-01
2.872713e+00 -6.159800e-01 6.195954e-01
2.873713e+00 -6.186792e-01 6.164775e-01
2.874713e+00 -7.406523e-01 6.133564e-01
2.875712e+00 -7.257098e-01 6.102321e-01
2.876712e+00 -6.794979e-01 6.071043e-01
2.877712e+00 -8.872929e-01 6.039730e-01
2.878712e+00 -7.247581e-01 6.008380e-01
2.879712e+00 -6.864706e-01 5.976990e-01
2.880712e+00 -6.990622e-01 5.945561e-01
2.881712e+00 -5.801596e-01 5.914090e-01
2.882712e+00 -5.511821e-01 5.882576e-01
2.883712e+00 -5.680026e-01 5.851017e-01
2.884712e+00 -6.042684e-01 5.819411e-01
2.885711e+00 -6.840870e-01 5.787758e-01
2.886711e+00 -7.294465e-01 5.756054e-01
2.887711e+00 -8.210740e-01 5.724300e-01
2.888711e+00 -6.544224e-01 5.692493e-01
2.889711e+00 -6.674134e-01 5.660631e-01
2.890711e+00 -6.420380e-01 5.628713e-01
2.891711e+00 -5.733814e-01 5.596736e-01
2.892711e+00 -4.892352e-01 5.564701e-01
2.893711e+00 -6.729276e-01 5.532603e-01
2.894711e+00 -5.877056e-01 5.500443e-01
2.895710e+00 -5.982399e-01 5.468218e-01
2.896710e+00 -6.574842e-01 5.435926e-01
2.897710e+00 -7.145019e-01 5.403566e-01
2.898710e+00 -7.388734e-01 5.371135e-01
2.899710e+00 -6.028736e-01 5.338633e-01
2.900710e+00 -5.334671e-01 5.306056e-01
2.901710e+00 -4.164685e-01 5.273404e-01
2.902710e+00 -4.533886e-01 5.240674e-01
2.903710e+00 -4.757069e-01 5.207865e-01
2.904710e+00 -5.107107e-01 5.174974e-01
2.905709e+00 -5.661805e-01 5.142000e-01
2.906709e+00 -6.791541e-01 5.108940e-01
2.907709e+00 -6.644328e-01 5.075794e-01
2.908709e+00 -6.523256e-01 5.042558e-01
2.909709e+00 -4.508861e-01 5.009231e-01
2.910709e+00 -4.955062e-01 4.975811e-01
2.911709e+00 -3.667873e-01 4.942295e-01
2.912709e+00 -4.271028e-01 4.908683e-01
2.913709e+00 -4.140620e-01 4.874971e-01
2.914709e+00 -4.957871e-01 4.841158e-01
2.915708e+00 -5.777901e-01 4.807242e-01
2.916708e+00 -5.386623e-01 4.773220e-01
2.917708e+00 -5.533088e-01 4.739090e-01
2.918708e+00 -5.470675e-01 4.704851e-01
2.919708e+00 -4.761393e-01 4.670500e-01
2.920708e+00 -4.763872e-01 4.636035e-01
2.921708e+00 -4.551682e-01 4.601454e-01
2.922708e+00 -3.107348e-01 4.566755e-01
2.923708e+00 -4.846394e-01 4.531935e-01
2.924708e+00 -3.899737e-01 4.496993e-01
2.925707e+00 -5.244381e-01 4.461925e-01
2.926707e+00 -6.369141e-01 4.426730e-01
2.927707e+00 -5.676588e-01 4.391406e-01
2.928707e+00 -4.996715e-01 4.355950e-01
2.929707e+00 -4.444080e-01 4.320360e-01
2.930707e+00 -3.599692e-01 4.284634e-01
2.931707e+00 -2.652122e-01 4.248768e-01
2.932707e+00 -2.925724e-01 4.212762e-01
2.933707e+00 -3.108916e-01 4.176613e-01
2.934707e+00 -4.020702e-01 4.140317e-01
2.935706e+00 -4.774462e-01 4.103874e-01
2.936706e+00 -4.659791e-01 4.067280e-01
2.937706e+00 -4.345212e-01 4.030532e-01
2.938706e+00 -4.808218e-01 3.993630e-01
2.939706e+00 -3.408764e-01 3.956569e-01
2.940706e+00 -3.563106e-01 3.919348e-01
2.941706e+00 -3.586253e-01 3.881964e-01
2.942706e+00 -3.581639e-01 3.844415e-01
2.943706e+00 -2.351442e-01 3.806698e-01
2.944706e+00 -4.283341e-01 3.768810e-01
2.945705e+00 -3.788028e-01 3.730749e-01
2.946705e+00 -3.032049e-01 3.692512e-01
2.947705e+00 -4.036072e-01 3.654098e-01
2.948705e+00 -3.642149e-01 3.615502e-01
2.949705e+00 -2.402980e-01 3.576723e-01
2.950705e+00 -3.589405e-01 3.537757e-01
2.951705e+00 -3.053462e-01 3.498603e-01
2.952705e+00 -1.932932e-01 3.459258e-01
2.953705e+00 -2.365177e-01 3.419718e-01
2.954705e+00 -2.098291e-01 3.379981e-01
2.955704e+00 -2.376488e-01 3.340045e-01
2.956704e+00 -3.901967e-01 3.299906e-01
2.957704e+00 -3.203869e-01 3.259561e-01
2.958704e+00 -2.693075e-01 3.219009e-01
2.959704e+00 -3.370073e-01 3.178246e-01
2.960704e+00 -2.135957e-01 3.137270e-01
2.961704e+00 -1.486823e-01 3.096077e-01
2.962704e+00 -1.474050e-01 3.054664e-01
2.963704e+00 -1.492750e-01 3.013029e-01
2.964704e+00 -2.379417e-01 2.971170e-01
2.965703e+00 -2.639991e-01 2.929082e-01
2.966703e+00 -3.084165e-01 2.886763e-01
2.967703e+00 -3.432455e-01 2.844210e-01
2.968703e+00 -3.218825e-01 2.801420e-01
2.969703e+00 -1.474708e-01 2.758390e-01
2.970703e+00 -6.048689e-02 2.715117e-01
2.971703e+00 -1.029926e-01 2.671598e-01
2.972703e+00 -1.286998e-02 2.627830e-01
2.973703e+00 -9.103409e-02 2.583810e-01
2.974703e+00 -1.632421e-01 2.539535e-01
2.975702e+00 -1.826978e-01 2.495002e-01
2.976702e+00 -1.528843e-01 2.450207e-01
2.977702e+00 -1.668265e-01 2.405147e-01
2.978702e+00 -3.162769e-01 2.359820e-01
2.979702e+00 -1.572129e-01 2.314222e-01
2.980702e+00 -3.676253e-02 2.268350e-01
2.981702e+00 -2.526966e-02 2.222200e-01
2.982702e+00 -2.654635e-02 2.175770e-01
2.983702e+00 -4.376180e-02 2.129056e-01
2.984702e+00 -5.117226e-02 2.082055e-01
2.985701e+00 -8.712535e-02 2.034764e-01
2.986701e+00 -1.343222e-01 1.987179e-01
2.987701e+00 -1.899789e-01 1.939296e-01
2.988701e+00 -2.554426e-01 1.891114e-01
2.989701e+00 -1.039964e-01 1.842628e-01
2.990701e+00 -3.634077e-02 1.793835e-01
2.991701e+00 7.165436e-02 1.744731e-01
2.992701e+00 5.615684e-04 1.695313e-01
2.993701e+00 2.724528e-02 1.645578e-01
2.994701e+00 -2.701027e-02 1.595523e-01
2.995700e+00 -5.212253e-02 1.545143e-01
2.996700e+00 -6.225769e-02 1.494435e-01
2.997700e+00 -1.243191e-01 1.443396e-01
2.998700e+00 -1.223248e-01 1.392023e-01
2.999700e+00 -3.370081e-02 1.340311e-01
3.000700e+00 3.552059e-02 1.288257e-01
3.001700e+00 1.577942e-01 1.235858e-01
3.002700e+00 9.554392e-02 1.183110e-01
3.003700e+00 5.788037e-02 1.130010e-01
3.004700e+00 4.529504e-02 1.076553e-01
3.005699e+00 -2.911058e-02 1.022737e-01
3.006699e+00 -8.133832e-02 9.685572e-02
3.007699e+00 -8.155420e-02 9.140105e-02
3.008699e+00 9.189489e-02 8.590931e-02
3.009699e+00 1.650527e-02 8.038014e-02
3.010699e+00 1.578812e-01 7.481316e-02
3.011699e+00 5.617535e-02 6.920800e-02
3.012699e+00 1.546330e-01 6.356430e-02
3.013699e+00 8.235181e-02 5.788168e-02
3.014699e+00 9.904748e-02 5.215977e-02
3.015698e+00 8.493362e-02 4.639820e-02
3.016698e+00 -5.202558e-02 4.059658e-02
3.017698e+00 4.053389e-02 3.475454e-02
3.018698e+00 1.113883e-01 2.887171e-02
3.019698e+00 1.341789e-01 2.294771e-02
3.020698e+00 1.762209e-01 1.698215e-02
3.021698e+00 2.782657e-01 1.097466e-02
3.022698e+00 1.649356e-01 4.924863e-03
3.023698e+00 1.224526e-01 -1.167631e-03
3.024698e+00 1.768911e-01 -7.303201e-03
3.025697e+00 1.536757e-01 -1.348223e-02
3.026697e+00 1.908190e-02 -1.970509e-02
3.027697e+00 5.324131e-02 -2.597218e-02
3.028697e+00 1.098555e-01 -3.228387e-02
3.029697e+00 1.979128e-01 -3.864056e-02
3.030697e+00 1.805426e-01 -4.504261e-02
3.031697e+00 3.453917e-01 -5.149042e-02
3.032697e+00 2.379467e-01 -5.798437e-02
3.033697e+00 2.787556e-01 -6.452484e-02
3.034697e+00 1.882265e-01 -7.111221e-02
3.035696e+00 1.862856e-01 -7.774688e-02
3.036696e+00 1.711240e-01 -8.442921e-02
3.037696e+00 1.580396e-01 -9.115959e-02
3.038696e+00 1.902645e-01 -9.793841e-02
3.039696e+00 2.221518e-01 -1.047660e-01
3.040696e+00 2.154911e-01 -1.116429e-01
3.041696e+00 3.988295e-01 -1.185693e-01
3.042696e+00 3.841676e-01 -1.255456e-01
3.043696e+00 3.981125e-01 -1.325723e-01
3.044696e+00 2.775078e-01 -1.396496e-01
3.045695e+00 2.129147e-01 -1.467781e-01
3.046695e+00 2.356237e-01 -1.539580e-01
3.047695e+00 1.899146e-01 -1.611897e-01
3.048695e+00 2.799393e-01 -1.684736e-01
3.049695e+00 2.920020e-01 -1.758100e-01
3.050695e+00 4.252993e-01 -1.831994e-01
3.051695e+00 4.571424e-01 -1.906420e-01
3.052695e+00 3.831754e-01 -1.981383e-01
3.053695e+00 2.832657e-01 -2.056886e-01
3.054695e+00 4.296732e-01 -2.132933e-01
3.055694e+00 3.271272e-01 -2.209526e-01
3.056694e+00 1.567968e-01 -2.286670e-01
3.057694e+00 1.766312e-01 -2.364369e-01
3.058694e+00 3.502832e-01 -2.442624e-01
3.059694e+00 2.618724e-01 -2.521441e-01
3.060694e+00 4.928104e-01 -2.600822e-01
3.061694e+00 5.609325e-01 -2.680771e-01
3.062694e+00 4.480022e-01 -2.761290e-01
3.063694e+00 4.192882e-01 -2.842384e-01
3.064694e+00 3.913579e-01 -2.924055e-01
3.065693e+00 3.244851e-01 -3.006306e-01
3.066693e+00 2.106527e-01 -3.089142e-01
3.067693e+00 3.599438e-01 -3.172564e-01
3.068693e+00 3.768167e-01 -3.256576e-01
3.069693e+00 3.718499e-01 -3.341180e-01
3.070693e+00 4.802578e-01 -3.426381e-01
3.071693e+00 4.447772e-01 -3.512180e-01
3.072693e+00 5.444550e-01 -3.598580e-01
3.073693e+00 4.926562e-01 -3.685585e-01
3.074693e+00 4.567007e-01 -3.773197e-01
3.075692e+00 2.778585e-01 -3.861418e-01
3.076692e+00 4.556761e-01 -3.950251e-01
3.077692e+00 3.918710e-01 -4.039699e-01
3.078692e+00 3.923689e-01 -4.129764e-01
3.079692e+00 3.923975e-01 -4.220448e-01
3.080692e+00 5.265706e-01 -4.311754e-01
3.081692e+00 5.222760e-01 -4.403685e-01
3.082692e+00 6.473841e-01 -4.496241e-01
3.083692e+00 6.143020e-01 -4.589426e-01
3.084692e+00 4.556316e-01 -4.683241e-01
3.085691e+00 4.524388e-01 -4.777689e-01
3.086691e+00 3.962572e-01 -4.872770e-01
3.087691e+00 4.847501e-01 -4.968487e-01
3.088691e+00 4.725707e-01 -5.064842e-01
3.089691e+00 5.062087e-01 -5.161836e-01
3.090691e+00 5.632664e-01 -5.259470e-01
3.091691e+00 6.118778e-01 -5.357747e-01
3.092691e+00 5.543259e-01 -5.456667e-01
3.093691e+00 6.606375e-01 -5.556231e-01
3.094691e+00 5.369734e-01 -5.656441e-01
3.095690e+00 5.371435e-01 -5.757298e-01
3.096690e+00 5.092845e-01 -5.858803e-01
3.097690e+00 4.856797e-01 -5.960956e-01
3.098690e+00 5.452544e-01 -6.063758e-01
3.099690e+00 6.362817e-01 -6.167210e-01
3.100690e+00 6.326956e-01 -6.271312e-01
3.101690e+00 8.143471e-01 -6.376064e-01
3.102690e+00 7.425849e-01 -6.481468e-01
3.103690e+00 7.209456e-01 -6.587523e-01
3.104690e+00 6.885933e-01 -6.694229e-01
3.105689e+00 5.111008e-01 -6.801585e-01
3.106689e+00 4.923119e-01 -6.909593e-01
3.107689e+00 5.140668e-01 -7.018252e-01
3.108689e+00 5.939650e-01 -7.127560e-01
3.109689e+00 5.613344e-01 -7.237518e-01
3.110689e+00 6.486631e-01 -7.348125e-01
3.111689e+00 7.101020e-01 -7.459381e-01
3.112689e+00 7.549767e-01 -7.571283e-01
3.113689e+00 7.137248e-01 -7.683832e-01
3.114689e+00 6.476811e-01 -7.797025e-01
3.115688e+00 5.250093e-01 -7.910862e-01
3.116688e+00 6.188053e-01 -8.025342e-01
3.117688e+00 5.621468e-01 -8.140462e-01
3.118688e+00 5.858383e-01 -8.256220e-01
3.119688e+00 6.604741e-01 -8.372616e-01
3.120688e+00 7.216816e-01 -8.489648e-01
3.121688e+00 7.516274e-01 -8.607312e-01
3.122688e+00 7.888635e-01 -8.725607e-01
3.123688e+00 7.329746e-01 -8.844530e-01
3.124688e+00 7.896095e-01 -8.964079e-01
3.125687e+00 6.691663e-01 -9.084251e-01
3.126687e+00 6.378975e-01 -9.205044e-01
3.127687e+00 6.842501e-01 -9.326454e-01
3.128687e+00 6.824893e-01 -9.448478e-01
3.129687e+00 7.360036e-01 -9.571114e-01
3.130687e+00 7.657902e-01 -9.694357e-01
3.131687e+00 9.129881e-01 -9.818205e-01
3.132687e+00 9.159894e-01 -9.942653e-01
3.133687e+00 7.175386e-01 -1.006770e+00
3.134687e+00 8.090738e-01 -1.019334e+00
3.135686e+00 6.971817e-01 -1.031956e+00
3.136686e+00 6.177676e-01 -1.044638e+00
3.137686e+00 6.431499e-01 -1.057377e+00
3.138686e+00 6.402024e-01 -1.070174e+00
3.139686e+00 7.330388e-01 -1.083028e+00
3.140686e+00 8.245817e-01 -1.095938e+00
3.141686e+00 8.838065e-01 -1.108905e+00
3.142686e+00 8.367051e-01 -1.121928e+00
3.143686e+00 9.335406e-01 -1.135005e+00
3.144686e+00 7.773213e-01 -1.148138e+00
3.145685e+00 8.029297e-01 -1.161324e+00
3.146685e+00 7.994881e-01 -1.174564e+00
3.147685e+00 6.855104e-01 -1.187857e+00
3.148685e+00 6.865735e-01 -1.201202e+00
3.149685e+00 8.023554e-01 -1.214600e+00
3.150685e+00 8.728116e-01 -1.228048e+00
3.151685e+00 9.508803e-01 -1.241547e+00
3.152685e+00 9.200335e-01 -1.255096e+00
3.153685e+00 9.100630e-01 -1.268694e+00
3.154685e+00 8.926419e-01 -1.282341e+00
3.155684e+00 7.484959e-01 -1.296036e+00
3.156684e+00 7.703590e-01 -1.309778e+00
3.157684e+00 7.370672e-01 -1.323567e+00
3.158684e+00 7.585210e-01 -1.337402e+00
3.159684e+00 8.310804e-01 -1.351282e+00
3.160684e+00 9.408241e-01 -1.365207e+00
3.161684e+00 1.052914e+00 -1.379176e+00
3.162684e+00 9.149403e-01 -1.393187e+00
3.163684e+00 9.158365e-01 -1.407241e+00
3.164684e+00 9.136951e-01 -1.421336e+00
3.165683e+00 9.723018e-01 -1.435473e+00
3.166683e+00 8.545455e-01 -1.449649e+00
3.167683e+00 7.317563e-01 -1.463864e+00
3.168683e+00 8.139779e-01 -1.478118e+00
3.169683e+00 8.820927e-01 -1.492410e+00
3.170683e+00 9.029217e-01 -1.506738e+00
3.171683e+00 9.594475e-01 -1.521103e+00
3.172683e+00 1.032223e+00 -1.535502e+00
3.173683e+00 9.211254e-01 -1.549936e+00
3.174683e+00 8.990208e-01 -1.564404e+00
3.175682e+00 8.681626e-01 -1.578904e+00
3.176682e+00 8.688590e-01 -1.593436e+00
3.177682e+00 8.783937e-01 -1.607998e+00
3.178682e+00 7.169135e-01 -1.622591e+00
3.179682e+00 9.060475e-01 -1.637213e+00
3.180682e+00 1.016355e+00 -1.651864e+00
3.181682e+00 9.850199e-01 -1.666542e+00
3.182682e+00 1.060847e+00 -1.681246e+00
3.183682e+00 9.131837e-01 -1.695976e+00
3.184682e+00 1.022526e+00 -1.710731e+00
3.185681e+00 1.008136e+00 -1.725510e+00
3.186681e+00 7.853239e-01 -1.740311e+00
3.187681e+00 8.561126e-01 -1.755135e+00
3.188681e+00 8.611991e-01 -1.769980e+00
3.189681e+00 9.003251e-01 -1.784845e+00
3.190681e+00 9.500017e-01 -1.799729e+00
3.191681e+00 9.813209e-01 -1.814632e+00
3.192681e+00 9.861466e-01 -1.829552e+00
3.193681e+00 9.369620e-01 -1.844489e+00
3.194681e+00 9.989105e-01 -1.859442e+00
3.195680e+00 8.749160e-01 -1.874409e+00
3.196680e+00 8.441379e-01 -1.889390e+00
3.197680e+00 8.479574e-01 -1.904384e+00
3.198680e+00 8.791691e-01 -1.919389e+00
3.199680e+00 9.509123e-01 -1.934406e+00
3.200680e+00 1.027330e+00 -1.949433e+00
3.201680e+00 1.039954e+00 -1.964469e+00
3.202680e+00 1.112246e+00 -1.979513e+00
3.203680e+00 9.875048e-01 -1.994564e+00
3.204680e+00 9.437984e-01 -2.009622e+00
3.205679e+00 9.289531e-01 -2.024685e+00
3.206679e+00 8.258802e-01 -2.039753e+00
3.207679e+00 8.800802e-01 -2.054824e+00
3.208679e+00 8.851589e-01 -2.069898e+00
3.209679e+00 9.578054e-01 -2.084974e+00
3.210679e+00 1.059266e+00 -2.100051e+00
3.211679e+00 1.067316e+00 -2.115127e+00
3.212679e+00 1.023099e+00 -2.130203e+00
3.213679e+00 1.011036e+00 -2.145277e+00
3.214679e+00 9.671502e-01 -2.160348e+00
3.215678e+00 9.361391e-01 -2.175415e+00
3.216678e+00 9.140564e-01 -2.190478e+00
3.217678e+00 8.247410e-01 -2.205536e+00
3.218678e+00 9.140921e-01 -2.220587e+00
3.219678e+00 9.824616e-01 -2.235631e+00
3.220678e+00 9.548041e-01 -2.250667e+00
3.221678e+00 1.120542e+00 -2.265694e+00
3.222678e+00 1.157056e+00 -2.280711e+00
3.223678e+00 1.178625e+00 -2.295717e+00
3.224678e+00 9.140619e-01 -2.310712e+00
3.225677e+00 9.416650e-01 -2.325695e+00
3.226677e+00 9.440193e-01 -2.340664e+00
3.227677e+00 8.675729e-01 -2.355620e+00
3.228677e+00 9.668671e-01 -2.370560e+00
3.229677e+00 9.959836e-01 -2.385485e+00
3.230677e+00 1.037679e+00 -2.400393e+00
3.231677e+00 1.028744e+00 -2.415284e+00
3.232677e+00 1.085429e+00 -2.430157e+00
3.233677e+00 1.058068e+00 -2.445011e+00
3.234677e+00 9.870517e-01 -2.459845e+00
3.235676e+00 1.099184e+00 -2.474659e+00
3.236676e+00 7.876173e-01 -2.489451e+00
3.237676e+00 8.678434e-01 -2.504221e+00
3.238676e+00 8.934692e-01 -2.518968e+00
3.239676e+00 9.644549e-01 -2.533692e+00
3.240676e+00 1.126186e+00 -2.548391e+00
3.241676e+00 1.091732e+00 -2.563065e+00
3.242676e+00 1.087427e+00 -2.577714e+00
3.243676e+00 1.023290e+00 -2.592336e+00
3.244676e+00 9.883709e-01 -2.606930e+00
3.245675e+00 9.062093e-01 -2.621496e+00
3.246675e+00 9.050945e-01 -2.636034e+00
3.247675e+00 9.886566e-01 -2.650542e+00
3.248675e+00 8.256174e-01 -2.665020e+00
3.249675e+00 9.513749e-01 -2.679468e+00
3.250675e+00 9.802589e-01 -2.693883e+00
3.251675e+00 1.182225e+00 -2.708267e+00
3.252675e+00 1.121315e+00 -2.722618e+00
3.253675e+00 1.052429e+00 -2.736935e+00
3.254675e+00 1.083321e+00 -2.751218e+00
3.255674e+00 9.768881e-01 -2.765467e+00
3.256674e+00 8.588112e-01 -2.779680e+00
3.257674e+00 8.718855e-01 -2.793857e+00
3.258674e+00 9.744490e-01 -2.807997e+00
3.259674e+00 1.027945e+00 -2.822100e+00
3.260674e+00 9.670734e-01 -2.836165e+00
3.261674e+00 1.038202e+00 -2.850192e+00
3.262674e+00 1.037348e+00 -2.864179e+00
3.263674e+00 1.127151e+00 -2.878128e+00
3.264674e+00 1.052439e+00 -2.892035e+00
3.265673e+00 1.063627e+00 -2.905903e+00
3.266673e+00 9.083857e-01 -2.919729e+00
3.267673e+00 8.631477e-01 -2.933513e+00
3.268673e+00 9.874109e-01 -2.947254e+00
3.269673e+00 1.034640e+00 -2.960953e+00
3.270673e+00 1.079469e+00 -2.974608e+00
3.271673e+00 1.062876e+00 -2.988220e+00
3.272673e+00 1.102748e+00 -3.001787e+00
3.273673e+00 1.062695e+00 -3.015309e+00
3.274673e+00 9.892927e-01 -3.028786e+00
3.275672e+00 9.388695e-01 -3.042216e+00
3.276672e+00 8.874490e-01 -3.055601e+00
3.277672e+00 9.297282e-01 -3.068938e+00
3.278672e+00 9.057994e-01 -3.082229e+00
3.279672e+00 9.193157e-01 -3.095471e+00
3.280672e+00 1.047632e+00 -3.108665e+00
3.281672e+00 1.038521e+00 -3.121811e+00
3.282672e+00 1.068835e+00 -3.134908e+00
3.283672e+00 1.037356e+00 -3.147955e+00
3.284672e+00 1.010502e+00 -3.160952e+00
3.285671e+00 8.608585e-01 -3.173899e+00
3.286671e+00 9.538877e-01 -3.186796e+00
3.287671e+00 8.747764e-01 -3.199641e+00
3.288671e+00 9.107741e-01 -3.212435e+00
3.289671e+00 9.767946e-01 -3.225177e+00
3.290671e+00 1.104484e+00 -3.237867e+00
3.291671e+00 1.044019e+00 -3.250504e+00
3.292671e+00 1.063879e+00 -3.263088e+00
3.293671e+00 1.140492e+00 -3.275619e+00
3.294671e+00 1.072423e+00 -3.288097e+00
3.295670e+00 8.661337e-01 -3.300520e+00
3.296670e+00 8.646680e-01 -3.312890e+00
3.297670e+00 7.893210e-01 -3.325204e+00
3.298670e+00 8.943641e-01 -3.337464e+00
3.299670e+00 9.569954e-01 -3.349669e+00
3.300670e+00 9.164358e-01 -3.361818e+00
3.301670e+00 1.045617e+00 -3.373912e+00
3.302670e+00 9.815342e-01 -3.385949e+00
3.303670e+00 1.028385e+00 -3.397930e+00
3.304670e+00 8.509974e-01 -3.409855e+00
3.305669e+00 8.820810e-01 -3.421723e+00
3.306669e+00 7.729065e-01 -3.433533e+00
3.307669e+00 6.950157e-01 -3.445286e+00
3.308669e+00 8.613000e-01 -3.456982e+00
3.309669e+00 9.723366e-01 -3.468620e+00
3.310669e+00 1.035913e+00 -3.480200e+00
3.311669e+00 1.050417e+00 -3.491721e+00
3.312669e+00 1.007667e+00 -3.503184e+00
3.313669e+00 1.050245e+00 -3.514588e+00
3.314669e+00 1.046630e+00 -3.525933e+00
3.315668e+00 9.199285e-01 -3.537219e+00
3.316668e+00 8.014316e-01 -3.548446e+00
3.317668e+00 7.611895e-01 -3.559613e+00
3.318668e+00 8.025065e-01 -3.570721e+00
3.319668e+00 8.715468e-01 -3.581769e+00
3.320668e+00 1.041517e+00 -3.592756e+00
3.321668e+00 1.060122e+00 -3.603684e+00
3.322668e+00 9.737092e-01 -3.614551e+00
3.323668e+00 1.001185e+00 -3.625358e+00
3.324668e+00 1.004816e+00 -3.636104e+00
3.325667e+00 9.111340e-01 -3.646789e+00
3.326667e+00 7.290843e-01 -3.657413e+00
3.327667e+00 7.678568e-01 -3.667976e+00
3.328667e+00 8.397862e-01 -3.678478e+00
3.329667e+00 8.870053e-01 -3.688918e+00
3.330667e+00 9.337422e-01 -3.699297e+00
3.331667e+00 8.297998e-01 -3.709615e+00
3.332667e+00 9.929787e-01 -3.719871e+00
3.333667e+00 9.231865e-01 -3.730065e+00
3.334667e+00 9.325389e-01 -3.740197e+00
3.335666e+00 8.141606e-01 -3.750268e+00
3.336666e+00 7.930823e-01 -3.760276e+00
3.337666e+00 7.127520e-01 -3.770222e+00
3.338666e+00 6.767129e-01 -3.780107e+00
3.339666e+00 8.406098e-01 -3.789928e+00
3.340666e+00 8.868521e-01 -3.799688e+00
3.341666e+00 9.664276e-01 -3.809385e+00
3.342666e+00 9.465177e-01 -3.819020e+00
3.343666e+00 8.425672e-01 -3.828592e+00
3.344666e+00 8.551130e-01 -3.838102e+00
3.345665e+00 7.783613e-01 -3.847549e+00
3.346665e+00 8.713218e-01 -3.856933e+00
3.347665e+00 7.442844e-01 -3.866255e+00
3.348665e+00 7.766555e-01 -3.875514e+00
3.349665e+00 7.681216e-01 -3.884711e+00
3.350665e+00 7.844722e-01 -3.893845e+00
3.351665e+00 8.852548e-01 -3.902916e+00
3.352665e+00 8.269371e-01 -3.911924e+00
3.353665e+00 8.631826e-01 -3.920869e+00
3.354665e+00 7.240184e-01 -3.929752e+00
3.355664e+00 7.366689e-01 -3.938572e+00
3.356664e+00 6.857093e-01 -3.947329e+00
3.357664e+00 7.385553e-01 -3.956024e+00
3.358664e+00 6.815459e-01 -3.964655e+00
3.359664e+00 7.572629e-01 -3.973224e+00
3.360664e+00 7.387733e-01 -3.981730e+00
3.361664e+00 9.846810e-01 -3.990174e+00
3.362664e+00 7.628166e-01 -3.998555e+00
3.363664e+00 7.601032e-01 -4.006873e+00
3.364664e+00 7.880629e-01 -4.015129e+00
3.365663e+00 6.745975e-01 -4.023322e+00
3.366663e+00 6.718291e-01 -4.031452e+00
3.367663e+00 6.927227e-01 -4.039520e+00
3.368663e+00 7.075526e-01 -4.047526e+00
3.369663e+00 7.329535e-01 -4.055469e+00
3.370663e+00 7.293320e-01 -4.063350e+00
3.371663e+00 7.439877e-01 -4.071168e+00
3.372663e+00 8.443461e-01 -4.078924e+00
3.373663e+00 8.290984e-01 -4.086618e+00
3.374663e+00 7.477725e-01 -4.094250e+00
3.375662e+00 6.792195e-01 -4.101820e+00
3.376662e+00 5.671221e-01 -4.109328e+00
3.377662e+00 6.088735e-01 -4.116774e+00
3.378662e+00 6.148475e-01 -4.124159e+00
3.379662e+00 6.424364e-01 -4.131481e+00
3.380662e+00 7.541004e-01 -4.138742e+00
3.381662e+00 6.690472e-01 -4.145942e+00
3.382662e+00 7.436991e-01 -4.153079e+00
3.383662e+00 6.252356e-01 -4.160156e+00
3.384662e+00 6.511757e-01 -4.167171e+00
3.385661e+00 6.936775e-01 -4.174125e+00
3.386661e+00 5.744061e-01 -4.181018e+00
3.387661e+00 5.350488e-01 -4.187850e+00
3.388661e+00 5.785831e-01 -4.194621e+00
3.389661e+00 5.770632e-01 -4.201331e+00
3.390661e+00 7.664868e-01 -4.207980e+00
3.391661e+00 7.371644e-01 -4.214569e+00
3.392661e+00 7.319020e-01 -4.221098e+00
3.393661e+00 5.799521e-01 -4.227566e+00
3.394661e+00 6.127201e-01 -4.233974e+00
3.395660e+00 5.703417e-01 -4.240322e+00
3.396660e+00 4.940436e-01 -4.246609e+00
3.397660e+00 4.911958e-01 -4.252837e+00
3.398660e+00 5.275124e-01 -4.259005e+00
3.399660e+00 5.796160e-01 -4.265114e+00
3.400660e+00 6.138974e-01 -4.271163e+00
3.401660e+00 6.575952e-01 -4.277153e+00
3.402660e+00 7.593306e-01 -4.283084e+00
3.403660e+00 6.952798e-01 -4.288955e+00
3.404660e+00 6.539879e-01 -4.294768e+00
3.405659e+00 5.182813e-01 -4.300521e+00
3.406659e+00 4.409194e-01 -4.306217e+00
3.407659e+00 3.987647e-01 -4.311853e+00
3.408659e+00 4.972145e-01 -4.317431e+00
3.409659e+00 4.346556e-01 -4.322951e+00
3.410659e+00 6.209234e-01 -4.328413e+00
3.411659e+00 5.094791e-01 -4.333817e+00
3.412659e+00 5.985882e-01 -4.339164e+00
3.413659e+00 5.427048e-01 -4.344452e+00
3.414659e+00 5.116658e-01 -4.349683e+00
3.415658e+00 3.549586e-01 -4.354857e+00
3.416658e+00 4.235405e-01 -4.359974e+00
3.417658e+00 4.042069e-01 -4.365034e+00
3.418658e+00 3.355639e-01 -4.370037e+00
3.419658e+00 4.581018e-01 -4.374983e+00
3.420658e+00 5.444997e-01 -4.379873e+00
3.421658e+00 4.561659e-01 -4.384706e+00
3.422658e+00 5.403150e-01 -4.389483e+00
3.423658e+00 4.528579e-01 -4.394205e+00
3.424658e+00 4.605535e-01 -4.398870e+00
3.425657e+00 3.886425e-01 -4.403480e+00
3.426657e+00 3.104389e-01 -4.408034e+00
3.427657e+00 3.148244e-01 -4.412533e+00
3.428657e+00 2.935221e-01 -4.416977e+00
3.429657e+00 3.708968e-01 -4.421366e+00
3.430657e+00 4.603678e-01 -4.425700e+00
3.431657e+00 5.388081e-01 -4.429979e+00
3.432657e+00 5.864367e-01 -4.434204e+00
3.433657e+00 5.227585e-01 -4.438375e+00
3.434657e+00 3.619436e-01 -4.442491e+00
3.435656e+00 3.961152e-01 -4.446554e+00
3.436656e+00 3.223802e-01 -4.450563e+00
3.437656e+00 2.791011e-01 -4.454518e+00
3.438656e+00 2.850430e-01 -4.458420e+00
3.439656e+00 3.469189e-01 -4.462269e+00
3.440656e+00 4.150426e-01 -4.466065e+00
3.441656e+00 3.901474e-01 -4.469808e+00
3.442656e+00 4.200017e-01 -4.473499e+00
3.443656e+00 3.808236e-01 -4.477137e+00
3.444656e+00 3.807038e-01 -4.480722e+00
3.445655e+00 3.819865e-01 -4.484256e+00
3.446655e+00 1.626007e-01 -4.487738e+00
3.447655e+00 1.580569e-01 -4.491168e+00
3.448655e+00 2.594388e-01 -4.494547e+00
3.449655e+00 2.905687e-01 -4.497874e+00
3.450655e+00 3.135300e-01 -4.501150e+00
3.451655e+00 2.984309e-01 -4.504376e+00
3.452655e+00 4.084524e-01 -4.507550e+00
3.453655e+00 4.127233e-01 -4.510675e+00
3.454655e+00 1.927257e-01 -4.513748e+00
3.455654e+00 1.776792e-01 -4.516772e+00
3.456654e+00 1.668981e-01 -4.519746e+00
3.457654e+00 1.859842e-01 -4.522669e+00
3.458654e+00 1.372761e-01 -4.525544e+00
3.459654e+00 1.672056e-01 -4.528369e+00
3.460654e+00 2.699794e-01 -4.531145e+00
3.461654e+00 2.742394e-01 -4.533871e+00
3.462654e+00 3.062977e-01 -4.536549e+00
3.463654e+00 2.658929e-01 -4.539179e+00
3.464654e+00 1.911968e-01 -4.541760e+00
3.465653e+00 2.361322e-01 -4.544293e+00
3.466653e+00 1.272136e-01 -4.546778e+00
3.467653e+00 -2.847420e-03 -4.549215e+00
3.468653e+00 1.588735e-01 -4.551604e+00
3.469653e+00 1.651231e-01 -4.553947e+00
3.470653e+00 2.276579e-01 -4.556241e+00
3.471653e+00 1.955716e-01 -4.558489e+00
3.472653e+00 2.677553e-01 -4.560691e+00
3.473653e+00 1.239285e-01 -4.562845e+00
3.474653e+00 1.707049e-01 -4.564953e+00
3.475652e+00 1.042345e-01 -4.567015e+00
3.476652e+00 6.272918e-02 -4.569031e+00
3.477652e+00 1.451540e-02 -4.571001e+00
3.478652e+00 -4.133376e-02 -4.572926e+00
3.479652e+00 5.509073e-02 -4.574805e+00
3.480652e+00 9.404972e-02 -4.576639e+00
3.481652e+00 1.911651e-01 -4.578428e+00
3.482652e+00 1.820353e-01 -4.580172e+00
3.483652e+00 2.116627e-01 -4.581871e+00
3.484652e+00 1.941904e-01 -4.583526e+00
3.485651e+00 7.334112e-02 -4.585137e+00
3.486651e+00 -7.032707e-02 -4.586704e+00
3.487651e+00 3.146362e-02 -4.588227e+00
3.488651e+00 -2.804336e-02 -4.589706e+00
3.489651e+00 6.722337e-02 -4.591142e+00
3.490651e+00 4.845005e-02 -4.592535e+00
3.491651e+00 7.818531e-02 -4.593885e+00
3.492651e+00 2.027690e-01 -4.595191e+00
3.493651e+00 1.145600e-01 -4.596456e+00
3.494651e+00 7.323819e-02 -4.597678e+00
3.495650e+00 -5.580459e-02 -4.598857e+00
3.496650e+00 -6.973452e-02 -4.599995e+00
3.497650e+00 -6.298672e-02 -4.601090e+00
3.498650e+00 -1.217780e-02 -4.602145e+00
3.499650e+00 -1.090752e-01 -4.603157e+00
3.500650e+00 -1.018171e-02 -4.604129e+00
3.501650e+00 1.172308e-01 -4.605059e+00
3.502650e+00 -2.297384e-02 -4.605948e+00
3.503650e+00 9.104127e-02 -4.606797e+00
3.504650e+00 -9.251971e-02 -4.607606e+00
3.505649e+00 -3.148669e-02 -4.608374e+00
3.506649e+00 -9.345385e-02 -4.609102e+00
3.507649e+00 -1.427036e-01 -4.609790e+00
3.508649e+00 -2.362672e-01 -4.610438e+00
3.509649e+00 -6.693398e-02 -4.611047e+00
3.510649e+00 3.241112e-02 -4.611617e+00
3.511649e+00 6.939988e-02 -4.612147e+00
3.512649e+00 -4.374990e-02 -4.612639e+00
3.513649e+00 -1.885461e-04 -4.613091e+00
3.514649e+00 -5.065012e-02 -4.613506e+00
3.515648e+00 -1.146619e-01 -4.613882e+00
3.516648e+00 -2.469643e-01 -4.614219e+00
3.517648e+00 -2.635234e-01 -4.614519e+00
3.518648e+00 -1.979090e-01 -4.614781e+00
3.519648e+00 -7.668386e-02 -4.615005e+00
3.520648e+00 -6.898209e-02 -4.615192e+00
3.521648e+00 -3.354944e-02 -4.615342e+00
3.522648e+00 7.121094e-02 -4.615455e+00
3.523648e+00 -1.562802e-01 -4.615531e+00
3.524648e+00 -1.144028e-01 -4.615570e+00
3.525647e+00 -2.180099e-01 -4.615573e+00
3.526647e+00 -3.032656e-01 -4.615539e+00
3.527647e+00 -3.181616e-01 -4.615469e+00
3.528647e+00 -2.180566e-01 -4.615364e+00
3.529647e+00 -2.477786e-01 -4.615222e+00
3.530647e+00 -2.479435e-01 -4.615045e+00
3.531647e+00 -1.297797e-01 -4.614833e+00
3.532647e+00 -8.417487e-02 -4.614585e+00
3.533647e+00 -8.522347e-02 -4.614303e+00
3.534647e+00 -1.241751e-01 -4.613985e+00
3.535646e+00 -2.777479e-01 -4.613633e+00
3.536646e+00 -3.280416e-01 -4.613247e+00
3.537646e+00 -4.018171e-01 -4.612826e+00
3.538646e+00 -2.757350e-01 -4.612371e+00
3.539646e+00 -2.690368e-01 -4.611882e+00
3.540646e+00 -2.068766e-01 -4.611359e+00
3.541646e+00 -3.040388e-01 -4.610802e+00
3.542646e+00 -1.299950e-01 -4.610212e+00
3.543646e+00 -1.196192e-01 -4.609589e+00
3.544646e+00 -2.505826e-01 -4.608933e+00
3.545645e+00 -3.777124e-01 -4.608244e+00
3.546645e+00 -3.603597e-01 -4.607521e+00
3.547645e+00 -4.111101e-01 -4.606767e+00
3.548645e+00 -3.584533e-01 -4.605980e+00
3.549645e+00 -2.936764e-01 -4.605160e+00
3.550645e+00 -2.588372e-01 -4.604309e+00
3.551645e+00 -2.149655e-01 -4.603426e+00
3.552645e+00 -2.917187e-01 -4.602510e+00
3.553645e+00 -3.034883e-01 -4.601564e+00
3.554645e+00 -3.651245e-01 -4.600585e+00
3.555644e+00 -3.605007e-01 -4.599576e+00
3.556644e+00 -5.011776e-01 -4.598535e+00
3.557644e+00 -4.572307e-01 -4.597464e+00
3.558644e+00 -4.099666e-01 -4.596361e+00
3.559644e+00 -3.550068e-01 -4.595228e+00
3.560644e+00 -2.625414e-01 -4.594064e+00
3.561644e+00 -3.503928e-01 -4.592870e+00
3.562644e+00 -2.667978e-01 -4.591646e+00
3.563644e+00 -3.193224e-01 -4.590392e+00
3.564644e+00 -3.561007e-01 -4.589108e+00
3.565643e+00 -4.286452e-01 -4.587794e+00
3.566643e+00 -4.049811e-01 -4.586451e+00
3.567643e+00 -5.190509e-01 -4.585078e+00
3.568643e+00 -5.126860e-01 -4.583675e+00
3.569643e+00 -4.484871e-01 -4.582244e+00
3.570643e+00 -3.945464e-01 -4.580784e+00
3.571643e+00 -3.673258e-01 -4.579294e+00
3.572643e+00 -3.178733e-01 -4.577776e+00
3.573643e+00 -3.979721e-01 -4.576230e+00
3.574643e+00 -3.525045e-01 -4.574655e+00
3.575642e+00 -5.389549e-01 -4.573052e+00
3.576642e+00 -5.550317e-01 -4.571420e+00
3.577642e+00 -5.864366e-01 -4.569761e+00
3.578642e+00 -5.144862e-01 -4.568073e+00
3.579642e+00 -6.027450e-01 -4.566358e+00
3.580642e+00 -4.066826e-01 -4.564615e+00
3.581642e+00 -3.719643e-01 -4.562845e+00
3.582642e+00 -2.958454e-01 -4.561047e+00
3.583642e+00 -4.717536e-01 -4.559222e+00
3.584642e+00 -5.073746e-01 -4.557370e+00
3.585641e+00 -6.294854e-01 -4.555491e+00
3.586641e+00 -7.306415e-01 -4.553585e+00
3.587641e+00 -6.510948e-01 -4.551653e+00
3.588641e+00 -6.073153e-01 -4.549693e+00
3.589641e+00 -6.119071e-01 -4.547708e+00
3.590641e+00 -6.205823e-01 -4.545696e+00
3.591641e+00 -3.955201e-01 -4.543657e+00
3.592641e+00 -4.533378e-01 -4.541593e+00
3.593641e+00 -4.626248e-01 -4.539502e+00
3.594641e+00 -5.160495e-01 -4.537386e+00
3.595640e+00 -5.895673e-01 -4.535243e+00
3.596640e+00 -7.372017e-01 -4.533075e+00
3.597640e+00 -6.420598e-01 -4.530882e+00
3.598640e+00 -5.672235e-01 -4.528663e+00
3.599640e+00 -5.194998e-01 -4.526418e+00
3.600640e+00 -5.687867e-01 -4.524148e+00
3.601640e+00 -4.615069e-01 -4.521854e+00
3.602640e+00 -5.350497e-01 -4.519534e+00
3.603640e+00 -5.642100e-01 -4.517189e+00
3.604640e+00 -6.495958e-01 -4.514819e+00
3.605639e+00 -6.699909e-01 -4.512424e+00
3.606639e+00 -6.518550e-01 -4.510005e+00
3.607639e+00 -8.194941e-01 -4.507562e+00
3.608639e+00 -6.723433e-01 -4.505093e+00
3.609639e+00 -6.826347e-01 -4.502601e+00
3.610639e+00 -5.841942e-01 -4.500084e+00
3.611639e+00 -6.391632e-01 -4.497543e+00
3.612639e+00 -5.643609e-01 -4.494977e+00
3.613639e+00 -5.053518e-01 -4.492388e+00
3.614639e+00 -5.933328e-01 -4.489775e+00
3.615638e+00 -7.541359e-01 -4.487138e+00
3.616638e+00 -6.643326e-01 -4.484477e+00
3.617638e+00 -8.517482e-01 -4.481792e+00
3.618638e+00 -7.836125e-01 -4.479084e+00
3.619638e+00 -7.577753e-01 -4.476352e+00
3.620638e+00 -6.106041e-01 -4.473597e+00
3.621638e+00 -6.003183e-01 -4.470818e+00
3.622638e+00 -5.609865e-01 -4.468016e+00
3.623638e+00 -6.294926e-01 -4.465191e+00
3.624638e+00 -6.088146e-01 -4.462343e+00
3.625637e+00 -7.255766e-01 -4.459471e+00
3.626637e+00 -8.200860e-01 -4.456576e+00
3.627637e+00 -7.614025e-01 -4.453659e+00
3.628637e+00 -8.317847e-01 -4.450718e+00
3.629637e+00 -8.143714e-01 -4.447755e+00
3.630637e+00 -6.722867e-01 -4.444769e+00
3.631637e+00 -5.608509e-01 -4.441760e+00
3.632637e+00 -6.381105e-01 -4.438728e+00
3.633637e+00 -6.444188e-01 -4.435674e+00
3.634637e+00 -7.540599e-01 -4.432597e+00
3.635636e+00 -8.905369e-01 -4.429497e+00
3.636636e+00 -8.697547e-01 -4.426375e+00
3.637636e+00 -8.688342e-01 -4.423231e+00
3.638636e+00 -8.118911e-01 -4.420064e+00
3.639636e+00 -7.084196e-01 -4.416875e+00
3.640636e+00 -6.989093e-01 -4.413664e+00
3.641636e+00 -6.417228e-01 -4.410430e+00
3.642636e+00 -6.935781e-01 -4.407174e+00
3.643636e+00 -7.500770e-01 -4.403896e+00
3.644636e+00 -7.726414e-01 -4.400596e+00
3.645635e+00 -7.543234e-01 -4.397274e+00
3.646635e+00 -8.823565e-01 -4.393929e+00
3.647635e+00 -8.931760e-01 -4.390563e+00
3.648635e+00 -8.265136e-01 -4.387175e+00
3.649635e+00 -8.351610e-01 -4.383765e+00
3.650635e+00 -6.909926e-01 -4.380332e+00
3.651635e+00 -6.975072e-01 -4.376878e+00
3.652635e+00 -6.980108e-01 -4.373402e+00
3.653635e+00 -7.726136e-01 -4.369904e+00
3.654635e+00 -7.552490e-01 -4.366385e+00
3.655634e+00 -7.829770e-01 -4.362843e+00
3.656634e+00 -9.132249e-01 -4.359280e+00
3.657634e+00 -8.492667e-01 -4.355695e+00
3.658634e+00 -8.939331e-01 -4.352088e+00
3.659634e+00 -9.738392e-01 -4.348460e+00
3.660634e+00 -7.776949e-01 -4.344810e+00
3.661634e+00 -7.841814e-01 -4.341138e+00
3.662634e+00 -8.466871e-01 -4.337444e+00
3.663634e+00 -7.605554e-01 -4.333729e+00
3.664634e+00 -8.032094e-01 -4.329992e+00
3.665633e+00 -9.558757e-01 -4.326234e+00
3.666633e+00 -9.277055e-01 -4.322454e+00
3.667633e+00 -9.322743e-01 -4.318652e+00
3.668633e+00 -8.416522e-01 -4.314829e+00
3.669633e+00 -9.142349e-01 -4.310984e+00
3.670633e+00 -8.294023e-01 -4.307117e+00
3.671633e+00 -7.635136e-01 -4.303229e+00
3.672633e+00 -7.093656e-01 -4.299320e+00
3.673633e+00 -7.774445e-01 -4.295388e+00
3.674633e+00 -8.247867e-01 -4.291435e+00
3.675632e+00 -9.102402e-01 -4.287461e+00
3.676632e+00 -9.931779e-01 -4.283465e+00
3.677632e+00 -1.021400e+00 -4.279447e+00
3.678632e+00 -9.767319e-01 -4.275408e+00
3.679632e+00 -9.486576e-01 -4.271347e+00
3.680632e+00 -8.780220e-01 -4.267265e+00
3.681632e+00 -8.881606e-01 -4.263161e+00
3.682632e+00 -7.959325e-01 -4.259035e+00
3.683632e+00 -8.689468e-01 -4.254888e+00
3.684632e+00 -8.388166e-01 -4.250719e+00
3.685631e+00 -1.009138e+00 -4.246529e+00
3.686631e+00 -1.050093e+00 -4.242316e+00
3.687631e+00 -1.011163e+00 -4.238083e+00
3.688631e+00 -1.012686e+00 -4.233827e+00
3.689631e+00 -9.743051e-01 -4.229550e+00
3.690631e+00 -8.648078e-01 -4.225251e+00
3.691631e+00 -8.297442e-01 -4.220931e+00
3.692631e+00 -8.528237e-01 -4.216588e+00
3.693631e+00 -8.075532e-01 -4.212224e+00
3.694631e+00 -8.806454e-01 -4.207839e+00
3.695630e+00 -9.704104e-01 -4.203431e+00
3.696630e+00 -1.003998e+00 -4.199002e+00
3.697630e+00 -1.062298e+00 -4.194551e+00
3.698630e+00 -9.700221e-01 -4.190078e+00
3.699630e+00 -9.381979e-01 -4.185584e+00
3.700630e+00 -9.274801e-01 -4.181067e+00
3.701630e+00 -9.032628e-01 -4.176529e+00
3.702630e+00 -8.376483e-01 -4.171969e+00
3.703630e+00 -8.316779e-01 -4.167387e+00
3.704630e+00 -9.573474e-01 -4.162783e+00
3.705629e+00 -9.774825e-01 -4.158157e+00
3.706629e+00 -1.113110e+00 -4.153510e+00
3.707629e+00 -1.142929e+00 -4.148840e+00
3.708629e+00 -1.020737e+00 -4.144148e+00
3.709629e+00 -8.914859e-01 -4.139435e+00
3.710629e+00 -9.200795e-01 -4.134699e+00
3.711629e+00 -8.984523e-01 -4.129942e+00
3.712629e+00 -8.620218e-01 -4.125162e+00
3.713629e+00 -8.927005e-01 -4.120361e+00
3.714629e+00 -8.761175e-01 -4.115537e+00
3.715628e+00 -1.021712e+00 -4.110691e+00
3.716628e+00 -9.563882e-01 -4.105823e+00
3.717628e+00 -1.087728e+00 -4.100934e+00
3.718628e+00 -1.087595e+00 -4.096022e+00
3.719628e+00 -9.879842e-01 -4.091088e+00
3.720628e+00 -9.092861e-01 -4.086131e+00
3.721628e+00 -9.685687e-01 -4.081153e+00
3.722628e+00 -8.060557e-01 -4.076152e+00
3.723628e+00 -8.915793e-01 -4.071130e+00
3.724628e+00 -9.521416e-01 -4.066085e+00
3.725627e+00 -1.034704e+00 -4.061018e+00
3.726627e+00 -1.096459e+00 -4.055928e+00
3.727627e+00 -1.090280e+00 -4.050817e+00
3.728627e+00 -9.965739e-01 -4.045683e+00
3.729627e+00 -1.077010e+00 -4.040527e+00
3.730627e+00 -9.538725e-01 -4.035349e+00
3.731627e+00 -9.229035e-01 -4.030149e+00
3.732627e+00 -9.587551e-01 -4.024926e+00
3.733627e+00 -9.148207e-01 -4.019681e+00
3.734627e+00 -9.557042e-01 -4.014414e+00
3.735626e+00 -9.841587e-01 -4.009125e+00
3.736626e+00 -1.076615e+00 -4.003813e+00
3.737626e+00 -1.026310e+00 -3.998480e+00
3.738626e+00 -1.102785e+00 -3.993123e+00
3.739626e+00 -1.033148e+00 -3.987745e+00
3.740626e+00 -8.585292e-01 -3.982345e+00
3.741626e+00 -9.927334e-01 -3.976922e+00
3.742626e+00 -8.761855e-01 -3.971477e+00
3.743626e+00 -9.066466e-01 -3.966010e+00
3.744626e+00 -9.335348e-01 -3.960520e+00
3.745625e+00 -1.060487e+00 -3.955009e+00
3.746625e+00 -1.007643e+00 -3.949475e+00
3.747625e+00 -1.082605e+00 -3.943919e+00
3.748625e+00 -1.030444e+00 -3.938341e+00
3.749625e+00 -9.963631e-01 -3.932741e+00
3.750625e+00 -9.421906e-01 -3.927119e+00
3.751625e+00 -9.446943e-01 -3.921474e+00
3.752625e+00 -9.018330e-01 -3.915808e+00
3.753625e+00 -9.247155e-01 -3.910119e+00
3.754625e+00 -9.071875e-01 -3.904409e+00
3.755624e+00 -1.035783e+00 -3.898677e+00
3.756624e+00 -1.169435e+00 -3.892922e+00
3.757624e+00 -1.135644e+00 -3.887146e+00
3.758624e+00 -1.037502e+00 -3.881348e+00
3.759624e+00 -1.036817e+00 -3.875528e+00
3.760624e+00 -8.975248e-01 -3.869686e+00
3.761624e+00 -1.019564e+00 -3.863822e+00
3.762624e+00 -8.504314e-01 -3.857937e+00
3.763624e+00 -8.987039e-01 -3.852030e+00
3.764624e+00 -9.708119e-01 -3.846101e+00
3.765623e+00 -1.015144e+00 -3.840151e+00
3.766623e+00 -1.065642e+00 -3.834179e+00
3.767623e+00 -1.019580e+00 -3.828186e+00
3.768623e+00 -1.136658e+00 -3.822172e+00
3.769623e+00 -1.085014e+00 -3.816136e+00
3.770623e+00 -9.588283e-01 -3.810078e+00
3.771623e+00 -9.664822e-01 -3.804000e+00
3.772623e+00 -8.898803e-01 -3.797900e+00
3.773623e+00 -8.608830e-01 -3.791779e+00
3.774623e+00 -9.649567e-01 -3.785637e+00
3.775622e+00 -1.053326e+00 -3.779474e+00
3.776622e+00 -1.105421e+00 -3.773291e+00
3.777622e+00 -1.013281e+00 -3.767086e+00
3.778622e+00 -9.869137e-01 -3.760861e+00
3.779622e+00 -1.021168e+00 -3.754615e+00
3.780622e+00 -9.767315e-01 -3.748348e+00
3.781622e+00 -9.212492e-01 -3.742061e+00
3.782622e+00 -8.862006e-01 -3.735754e+00
3.783622e+00 -9.035272e-01 -3.729426e+00
3.784622e+00 -9.072655e-01 -3.723078e+00
3.785621e+00 -9.887029e-01 -3.716710e+00
3.786621e+00 -1.027674e+00 -3.710322e+00
3.787621e+00 -1.122037e+00 -3.703914e+00
3.788621e+00 -1.055603e+00 -3.697486e+00
3.789621e+00 -9.082772e-01 -3.691038e+00
3.790621e+00 -9.142172e-01 -3.684571e+00
3.791621e+00 -9.181624e-01 -3.678084e+00
3.792621e+00 -8.382782e-01 -3.671578e+00
3.793621e+00 -8.954580e-01 -3.665053e+00
3.794621e+00 -8.787976e-01 -3.658509e+00
3.795620e+00 -1.063854e+00 -3.651945e+00
3.796620e+00 -1.127903e+00 -3.645363e+00
3.797620e+00 -1.106597e+00 -3.638762e+00
3.798620e+00 -1.055169e+00 -3.632143e+00
3.799620e+00 -9.661168e-01 -3.625504e+00
3.800620e+00 -8.736857e-01 -3.618848e+00
3.801620e+00 -8.370586e-01 -3.612173e+00
3.802620e+00 -8.129385e-01 -3.605481e+00
3.803620e+00 -9.115737e-01 -3.598770e+00
3.804620e+00 -8.342892e-01 -3.592041e+00
3.805619e+00 -9.739833e-01 -3.585295e+00
3.806619e+00 -1.018192e+00 -3.578532e+00
3.807619e+00 -1.019013e+00 -3.571751e+00
3.808619e+00 -1.011994e+00 -3.564953e+00
3.809619e+00 -9.529671e-01 -3.558138e+00
3.810619e+00 -9.589604e-01 -3.551306e+00
3.811619e+00 -8.843889e-01 -3.544457e+00
3.812619e+00 -8.867294e-01 -3.537592e+00
3.813619e+00 -9.500564e-01 -3.530711e+00
3.814619e+00 -9.741151e-01 -3.523813e+00
3.815618e+00 -9.739663e-01 -3.516900e+00
3.816618e+00 -9.444831e-01 -3.509970e+00
3.817618e+00 -1.001773e+00 -3.503025e+00
3.818618e+00 -9.697296e-01 -3.496065e+00
3.819618e+00 -9.877155e-01 -3.489089e+00
3.820618e+00 -8.660366e-01 -3.482098e+00
3.821618e+00 -8.140606e-01 -3.475093e+00
3.822618e+00 -8.149473e-01 -3.468072e+00
3.823618e+00 -7.904289e-01 -3.461038e+00
3.824618e+00 -8.654537e-01 -3.453988e+00
3.825617e+00 -9.500187e-01 -3.446925e+00
3.826617e+00 -9.335639e-01 -3.439848e+00
3.827617e+00 -9.390602e-01 -3.432757e+00
3.828617e+00 -9.633429e-01 -3.425652e+00
3.829617e+00 -8.485844e-01 -3.418535e+00
3.830617e+00 -8.536334e-01 -3.411404e+00
3.831617e+00 -8.121167e-01 -3.404260e+00
3.832617e+00 -7.501927e-01 -3.397104e+00
3.833617e+00 -6.820338e-01 -3.389935e+00
3.834617e+00 -9.220405e-01 -3.382754e+00
3.835616e+00 -8.133470e-01 -3.375561e+00
3.836616e+00 -9.553315e-01 -3.368356e+00
3.837616e+00 -9.693605e-01 -3.361140e+00
3.838616e+00 -9.492701e-01 -3.353912e+00
3.839616e+00 -8.363248e-01 -3.346673e+00
3.840616e+00 -8.178013e-01 -3.339423e+00
3.841616e+00 -8.147313e-01 -3.332163e+00
3.842616e+00 -8.000624e-01 -3.324892e+00
3.843616e+00 -7.418888e-01 -3.317611e+00
3.844616e+00 -7.988653e-01 -3.310320e+00
3.845615e+00 -8.189178e-01 -3.303019e+00
3.846615e+00 -8.314529e-01 -3.295709e+00
3.847615e+00 -9.740030e-01 -3.288390e+00
3.848615e+00 -8.478748e-01 -3.281061e+00
3.849615e+00 -7.526191e-01 -3.273724e+00
3.850615e+00 -7.641734e-01 -3.266378e+00
3.851615e+00 -8.018069e-01 -3.259024e+00
3.852615e+00 -6.226391e-01 -3.251662e+00
3.853615e+00 -7.233342e-01 -3.244292e+00
3.854615e+00 -8.494939e-01 -3.236915e+00
3.855614e+00 -7.688547e-01 -3.229530e+00
3.856614e+00 -9.061413e-01 -3.222138e+00
3.857614e+00 -8.339434e-01 -3.214739e+00
3.858614e+00 -7.327695e-01 -3.207334e+00
3.859614e+00 -8.275806e-01 -3.199922e+00
3.860614e+00 -6.723204e-01 -3.192505e+00
3.861614e+00 -6.769793e-01 -3.185081e+00
3.862614e+00 -6.521515e-01 -3.177652e+00
3.863614e+00 -6.801299e-01 -3.170218e+00
3.864614e+00 -7.389195e-01 -3.162779e+00
3.865613e+00 -7.869813e-01 -3.155335e+00
3.866613e+00 -8.941016e-01 -3.147886e+00
3.867613e+00 -7.795329e-01 -3.140433e+00
3.868613e+00 -8.397851e-01 -3.132976e+00
3.869613e+00 -7.868378e-01 -3.125515e+00
3.870613e+00 -6.965670e-01 -3.118051e+00
3.871613e+00 -5.334482e-01 -3.110584e+00
3.872613e+00 -6.193973e-01 -3.103113e+00
3.873613e+00 -7.013960e-01 -3.095640e+00
3.874613e+00 -6.677496e-01 -3.088164e+00
3.875612e+00 -7.214055e-01 -3.080686e+00
3.876612e+00 -7.464679e-01 -3.073206e+00
3.877612e+00 -8.211046e-01 -3.065724e+00
3.878612e+00 -8.041053e-01 -3.058241e+00
3.879612e+00 -6.963880e-01 -3.050757e+00
3.880612e+00 -6.716304e-01 -3.043271e+00
3.881612e+00 -5.331098e-01 -3.035785e+00
3.882612e+00 -5.243182e-01 -3.028298e+00
3.883612e+00 -5.861128e-01 -3.020812e+00
3.884612e+00 -6.482404e-01 -3.013325e+00
3.885611e+00 -6.567740e-01 -3.005839e+00
3.886611e+00 -6.936877e-01 -2.998353e+00
3.887611e+00 -7.535773e-01 -2.990868e+00
3.888611e+00 -6.603401e-01 -2.983384e+00
3.889611e+00 -6.682281e-01 -2.975901e+00
3.890611e+00 -6.110591e-01 -2.968420e+00
3.891611e+00 -5.283396e-01 -2.960940e+00
3.892611e+00 -5.159713e-01 -2.953463e+00
3.893611e+00 -5.280895e-01 -2.945988e+00
3.894611e+00 -5.361689e-01 -2.938516e+00
3.895610e+00 -7.540061e-01 -2.931046e+00
3.896610e+00 -6.610026e-01 -2.923580e+00
3.897610e+00 -6.890578e-01 -2.916116e+00
3.898610e+00 -6.900294e-01 -2.908657e+00
3.899610e+00 -5.866354e-01 -2.901201e+00
3.900610e+00 -5.787850e-01 -2.893749e+00
3.901610e+00 -4.995631e-01 -2.886301e+00
3.902610e+00 -5.403343e-01 -2.878858e+00
3.903610e+00 -4.880089e-01 -2.871419e+00
3.904610e+00 -6.181835e-01 -2.863985e+00
3.905609e+00 -5.874518e-01 -2.856557e+00
3.906609e+00 -6.735400e-01 -2.849134e+00
3.907609e+00 -7.201735e-01 -2.841717e+00
3.908609e+00 -6.644405e-01 -2.834305e+00
3.909609e+00 -4.762945e-01 -2.826900e+00
3.910609e+00 -4.590561e-01 -2.819501e+00
3.911609e+00 -4.637365e-01 -2.812108e+00
3.912609e+00 -4.232689e-01 -2.804723e+00
3.913609e+00 -4.540303e-01 -2.797344e+00
3.914609e+00 -4.681294e-01 -2.789973e+00
3.915608e+00 -5.301760e-01 -2.782609e+00
3.916608e+00 -5.836613e-01 -2.775252e+00
3.917608e+00 -6.506447e-01 -2.767904e+00
3.918608e+00 -5.718825e-01 -2.760563e+00
3.919608e+00 -5.455291e-01 -2.753231e+00
3.920608e+00 -4.011805e-01 -2.745908e+00
3.921608e+00 -5.162797e-01 -2.738593e+00
3.922608e+00 -4.065729e-01 -2.731287e+00
3.923608e+00 -4.599949e-01 -2.723990e+00
3.924608e+00 -4.514916e-01 -2.716702e+00
3.925607e+00 -4.941966e-01 -2.709425e+00
3.926607e+00 -5.995566e-01 -2.702156e+00
3.927607e+00 -5.820682e-01 -2.694898e+00
3.928607e+00 -4.468076e-01 -2.687650e+00
3.929607e+00 -5.540152e-01 -2.680412e+00
3.930607e+00 -3.653644e-01 -2.673185e+00
3.931607e+00 -3.524476e-01 -2.665968e+00
3.932607e+00 -1.573033e-01 -2.658762e+00
3.933607e+00 -3.253751e-01 -2.651568e+00
3.934607e+00 -5.099693e-01 -2.644384e+00
3.935606e+00 -4.551538e-01 -2.637212e+00
3.936606e+00 -4.072378e-01 -2.630052e+00
3.937606e+00 -4.922362e-01 -2.622903e+00
3.938606e+00 -4.454168e-01 -2.615767e+00
3.939606e+00 -2.890899e-01 -2.608642e+00
3.940606e+00 -3.375419e-01 -2.601530e+00
3.941606e+00 -2.736480e-01 -2.594430e+00
3.942606e+00 -2.603091e-01 -2.587343e+00
3.943606e+00 -2.693372e-01 -2.580269e+00
3.944606e+00 -3.481485e-01 -2.573208e+00
3.945605e+00 -2.917163e-01 -2.566160e+00
3.946605e+00 -4.122458e-01 -2.559125e+00
3.947605e+00 -4.379071e-01 -2.552104e+00
3.948605e+00 -3.660516e-01 -2.545096e+00
3.949605e+00 -3.474264e-01 -2.538102e+00
3.950605e+00 -3.636762e-01 -2.531122e+00
3.951605e+00 -1.270859e-01 -2.524156e+00
3.952605e+00 -2.051225e-01 -2.517204e+00
3.953605e+00 -2.703477e-01 -2.510267e+00
3.954605e+00 -2.391322e-01 -2.503344e+00
3.955604e+00 -3.665223e-01 -2.496435e+00
3.956604e+00 -3.224580e-01 -2.489542e+00
3.957604e+00 -3.920866e-01 -2.482663e+00
3.958604e+00 -3.880381e-01 -2.475799e+00
3.959604e+00 -2.283051e-01 -2.468951e+00
3.960604e+00 -2.520179e-01 -2.462117e+00
3.961604e+00 -2.187220e-01 -2.455300e+00
3.962604e+00 -1.081433e-01 -2.448497e+00
3.963604e+00 -2.041412e-01 -2.441711e+00
3.964604e+00 -1.636883e-01 -2.434940e+00
3.965603e+00 -2.158608e-01 -2.428185e+00
3.966603e+00 -2.873342e-01 -2.421446e+00
3.967603e+00 -2.354937e-01 -2.414723e+00
3.968603e+00 -2.688496e-01 -2.408016e+00
3.969603e+00 -2.028688e-01 -2.401326e+00
3.970603e+00 -1.356743e-01 -2.394652e+00
3.971603e+00 -4.718328e-02 -2.387995e+00
3.972603e+00 -1.264345e-01 -2.381354e+00
3.973603e+00 -1.561666e-02 -2.374731e+00
3.974603e+00 -1.269683e-01 -2.368124e+00
3.975602e+00 -2.722406e-01 -2.361533e+00
3.976602e+00 -2.834389e-01 -2.354960e+00
3.977602e+00 -2.403058e-01 -2.348404e+00
3.978602e+00 -3.109807e-01 -2.341866e+00
3.979602e+00 -9.660453e-02 -2.335344e+00
3.980602e+00 -1.694292e-01 -2.328840e+00
3.981602e+00 -8.145360e-02 -2.322354e+00
3.982602e+00 -9.098817e-03 -2.315885e+00
3.983602e+00 7.517524e-03 -2.309434e+00
3.984602e+00 -1.903018e-02 -2.303000e+00
3.985601e+00 -9.394294e-02 -2.296584e+00
3.986601e+00 -1.805251e-01 -2.290186e+00
3.987601e+00 -2.800245e-01 -2.283806e+00
3.988601e+00 -1.368734e-01 -2.277444e+00
3.989601e+00 -9.745112e-02 -2.271100e+00
3.990601e+00 -9.026031e-02 -2.264774e+00
3.991601e+00 4.034161e-02 -2.258466e+00
3.992601e+00 8.050344e-02 -2.252177e+00
3.993601e+00 3.005110e-02 -2.245906e+00
3.994601e+00 -1.088664e-01 -2.239653e+00
3.995600e+00 -9.797914e-02 -2.233419e+00
3.996600e+00 -1.111243e-01 -2.227203e+00
3.997600e+00 -1.813666e-01 -2.221005e+00
3.998600e+00 -1.300573e-01 -2.214827e+00
3.999600e+00 -8.781601e-02 -2.208667e+00
4.000600e+00 9.701045e-02 -2.202525e+00
4.001600e+00 1.395121e-01 -2.196402e+00
4.002600e+00 1.014820e-01 -2.190298e+00
4.003600e+00 1.583618e-01 -2.184213e+00
4.004600e+00 6.742075e-02 -2.178146e+00
4.005599e+00 -6.108916e-03 -2.172099e+00
4.006599e+00 4.174063e-03 -2.166070e+00
4.007599e+00 -1.792352e-02 -2.160060e+00
4.008599e+00 3.951972e-02 -2.154069e+00
4.009599e+00 4.220199e-02 -2.148097e+00
4.010599e+00 2.940228e-02 -2.142145e+00
4.011599e+00 8.203330e-02 -2.136211e+00
4.012599e+00 2.009525e-01 -2.130296e+00
4.013599e+00 1.030877e-01 -2.124400e+00
4.014599e+00 8.909894e-02 -2.118523e+00
4.015598e+00 6.711889e-02 -2.112666e+00
4.016598e+00 2.876831e-03 -2.106828e+00
4.017598e+00 -3.233090e-02 -2.101008e+00
4.018598e+00 2.494777e-03 -2.095208e+00
4.019598e+00 1.607090e-01 -2.089427e+00
4.020598e+00 2.041432e-01 -2.083665e+00
4.021598e+00 2.406406e-01 -2.077923e+00
4.022598e+00 2.880146e-01 -2.072199e+00
4.023598e+00 2.767123e-01 -2.066495e+00
4.024598e+00 2.042443e-01 -2.060810e+00
4.025597e+00 1.217283e-01 -2.055144e+00
4.026597e+00 7.636393e-02 -2.049497e+00
4.027597e+00 6.423385e-02 -2.043869e+00
4.028597e+00 9.435630e-02 -2.038261e+00
4.029597e+00 1.319213e-01 -2.032672e+00
4.030597e+00 1.896889e-01 -2.027102e+00
4.031597e+00 2.319927e-01 -2.021551e+00
4.032597e+00 2.838554e-01 -2.016019e+00
4.033597e+00 2.586416e-01 -2.010506e+00
4.034597e+00 3.064819e-01 -2.005013e+00
4.035596e+00 1.618559e-01 -1.999538e+00
4.036596e+00 8.403915e-02 -1.994083e+00
4.037596e+00 1.395707e-01 -1.988647e+00
4.038596e+00 1.189411e-01 -1.983229e+00
4.039596e+00 2.465741e-01 -1.977831e+00
4.040596e+00 2.949651e-01 -1.972452e+00
4.041596e+00 4.518364e-01 -1.967092e+00
4.042596e+00 3.693172e-01 -1.961750e+00
4.043596e+00 3.149326e-01 -1.956428e+00
4.044596e+00 2.891026e-01 -1.951124e+00
4.045595e+00 2.408245e-01 -1.945840e+00
4.046595e+00 1.649121e-01 -1.940574e+00
4.047595e+00 1.226111e-01 -1.935327e+00
4.048595e+00 2.382044e-01 -1.930098e+00
4.049595e+00 3.549321e-01 -1.924889e+00
4.050595e+00 3.950332e-01 -1.919698e+00
4.051595e+00 4.137556e-01 -1.914526e+00
4.052595e+00 4.212623e-01 -1.909372e+00
4.053595e+00 4.764815e-01 -1.904237e+00
4.054595e+00 4.062230e-01 -1.899121e+00
4.055594e+00 3.140640e-01 -1.894023e+00
4.056594e+00 2.791621e-01 -1.888943e+00
4.057594e+00 3.550856e-01 -1.883882e+00
4.058594e+00 3.257984e-01 -1.878840e+00
4.059594e+00 2.883363e-01 -1.873815e+00
4.060594e+00 2.826827e-01 -1.868809e+00
4.061594e+00 4.070821e-01 -1.863821e+00
4.062594e+00 5.531001e-01 -1.858851e+00
4.063594e+00 4.892961e-01 -1.853899e+00
4.064594e+00 4.612766e-01 -1.848966e+00
4.065593e+00 3.144289e-01 -1.844050e+00
4.066593e+00 3.049794e-01 -1.839152e+00
4.067593e+00 2.613750e-01 -1.834273e+00
4.068593e+00 3.901186e-01 -1.829411e+00
4.069593e+00 3.969362e-01 -1.824566e+00
4.070593e+00 4.316090e-01 -1.819740e+00
4.071593e+00 4.948530e-01 -1.814931e+00
4.072593e+00 4.565757e-01 -1.810140e+00
4.073593e+00 4.870534e-01 -1.805366e+00
4.074593e+00 3.796727e-01 -1.800610e+00
4.075592e+00 3.996022e-01 -1.795871e+00
4.076592e+00 3.105990e-01 -1.791149e+00
4.077592e+00 4.868520e-01 -1.786445e+00
4.078592e+00 3.810037e-01 -1.781758e+00
4.079592e+00 3.786326e-01 -1.777088e+00
4.080592e+00 4.884031e-01 -1.772435e+00
4.081592e+00 5.475658e-01 -1.767799e+00
4.082592e+00 5.081157e-01 -1.763180e+00
4.083592e+00 6.068881e-01 -1.758578e+00
4.084592e+00 5.877352e-01 -1.753993e+00
4.085591e+00 4.990920e-01 -1.749424e+00
4.086591e+00 3.756656e-01 -1.744872e+00
4.087591e+00 4.236401e-01 -1.740337e+00
4.088591e+00 4.836518e-01 -1.735817e+00
4.089591e+00 4.870043e-01 -1.731315e+00
4.090591e+00 5.584960e-01 -1.726828e+00
4.091591e+00 5.824697e-01 -1.722358e+00
4.092591e+00 6.468564e-01 -1.717904e+00
4.093591e+00 6.980638e-01 -1.713467e+00
4.094591e+00 6.919511e-01 -1.709045e+00
4.095590e+00 4.408288e-01 -1.704639e+00
4.096590e+00 4.397639e-01 -1.700249e+00
4.097590e+00 4.594161e-01 -1.695874e+00
4.098590e+00 5.487395e-01 -1.691515e+00
4.099590e+00 4.924508e-01 -1.687172e+00
4.100590e+00 6.645782e-01 -1.682845e+00
4.101590e+00 6.443920e-01 -1.678532e+00
4.102590e+00 7.032437e-01 -1.674235e+00
4.103590e+00 6.584068e-01 -1.669954e+00
4.104590e+00 6.656463e-01 -1.665687e+00
4.105589e+00 5.908737e-01 -1.661435e+00
4.106589e+00 5.054720e-01 -1.657199e+00
4.107589e+00 5.014085e-01 -1.652977e+00
4.108589e+00 4.551130e-01 -1.648770e+00
4.109589e+00 5.831275e-01 -1.644578e+00
4.110589e+00 7.496798e-01 -1.640400e+00
4.111589e+00 8.021884e-01 -1.636237e+00
4.112589e+00 7.962757e-01 -1.632088e+00
4.113589e+00 7.919734e-01 -1.627954e+00
4.114589e+00 7.036610e-01 -1.623833e+00
4.115588e+00 5.839795e-01 -1.619727e+00
4.116588e+00 5.822237e-01 -1.615635e+00
4.117588e+00 4.965588e-01 -1.611557e+00
4.118588e+00 6.577585e-01 -1.607493e+00
4.119588e+00 6.443081e-01 -1.603442e+00
4.120588e+00 7.107595e-01 -1.599405e+00
4.121588e+00 7.621388e-01 -1.595382e+00
4.122588e+00 8.756419e-01 -1.591372e+00
4.123588e+00 7.679408e-01 -1.587375e+00
4.124588e+00 7.100023e-01 -1.583392e+00
4.125587e+00 6.575674e-01 -1.579422e+00
4.126587e+00 6.327722e-01 -1.575464e+00
4.127587e+00 5.916182e-01 -1.571520e+00
4.128587e+00 6.224423e-01 -1.567589e+00
4.129587e+00 6.979227e-01 -1.563670e+00
4.130587e+00 8.514954e-01 -1.559764e+00
4.131587e+00 8.193350e-01 -1.555870e+00
4.132587e+00 1.047091e+00 -1.551989e+00
4.133587e+00 8.321057e-01 -1.548121e+00
4.134587e+00 7.797093e-01 -1.544264e+00
4.135586e+00 6.664458e-01 -1.540420e+00
4.136586e+00 7.519367e-01 -1.536587e+00
4.137586e+00 5.193467e-01 -1.532767e+00
4.138586e+00 7.230035e-01 -1.528958e+00
4.139586e+00 7.795391e-01 -1.525161e+00
4.140586e+00 7.286623e-01 -1.521376e+00
4.141586e+00 8.063160e-01 -1.517602e+00
4.142586e+00 9.070189e-01 -1.513839e+00
4.143586e+00 8.003232e-01 -1.510088e+00
4.144586e+00 8.386058e-01 -1.506348e+00
4.145585e+00 6.738427e-01 -1.502619e+00
4.146585e+00 6.966788e-01 -1.498901e+00
4.147585e+00 6.756595e-01 -1.495193e+00
4.148585e+00 7.383451e-01 -1.491497e+00
4.149585e+00 7.978040e-01 -1.487811e+00
4.150585e+00 8.159360e-01 -1.484135e+00
4.151585e+00 8.792860e-01 -1.480471e+00
4.152585e+00 9.228560e-01 -1.476816e+00
4.153585e+00 8.428157e-01 -1.473171e+00
4.154585e+00 8.282182e-01 -1.469537e+00
4.155584e+00 7.803063e-01 -1.465912e+00
4.156584e+00 8.025630e-01 -1.462298e+00
4.157584e+00 7.669019e-01 -1.458693e+00
4.158584e+00 8.123835e-01 -1.455098e+00
4.159584e+00 8.006719e-01 -1.451512e+00
4.160584e+00 8.403788e-01 -1.447936e+00
4.161584e+00 9.354277e-01 -1.444369e+00
4.162584e+00 1.008131e+00 -1.440811e+00
4.163584e+00 8.138239e-01 -1.437262e+00
4.164584e+00 9.598264e-01 -1.433722e+00
4.165583e+00 8.467545e-01 -1.430191e+00
4.166583e+00 7.937245e-01 -1.426669e+00
4.167583e+00 7.560151e-01 -1.423155e+00
4.168583e+00 8.257464e-01 -1.419650e+00
4.169583e+00 8.516675e-01 -1.416154e+00
4.170583e+00 9.413738e-01 -1.412665e+00
4.171583e+00 9.521657e-01 -1.409185e+00
4.172583e+00 9.214366e-01 -1.405713e+00
4.173583e+00 9.803274e-01 -1.402249e+00
4.174583e+00 9.333912e-01 -1.398792e+00
4.175582e+00 8.514767e-01 -1.395344e+00
4.176582e+00 7.892252e-01 -1.391903e+00
4.177582e+00 6.924207e-01 -1.388469e+00
4.178582e+00 8.198442e-01 -1.385043e+00
4.179582e+00 8.460793e-01 -1.381624e+00
4.180582e+00 9.593668e-01 -1.378213e+00
4.181582e+00 1.086450e+00 -1.374808e+00
4.182582e+00 1.010202e+00 -1.371410e+00
4.183582e+00 9.150623e-01 -1.368019e+00
4.184582e+00 9.123970e-01 -1.364635e+00
4.185581e+00 8.380709e-01 -1.361257e+00
4.186581e+00 7.644391e-01 -1.357886e+00
4.187581e+00 8.707915e-01 -1.354521e+00
4.188581e+00 8.834511e-01 -1.351163e+00
4.189581e+00 9.818728e-01 -1.347810e+00
4.190581e+00 9.113283e-01 -1.344464e+00
4.191581e+00 1.022901e+00 -1.341123e+00
4.192581e+00 1.019879e+00 -1.337788e+00
4.193581e+00 9.894139e-01 -1.334459e+00
4.194581e+00 1.049341e+00 -1.331136e+00
4.195580e+00 9.430210e-01 -1.327818e+00
4.196580e+00 8.481452e-01 -1.324505e+00
4.197580e+00 8.198525e-01 -1.321197e+00
4.198580e+00 8.131859e-01 -1.317895e+00
4.199580e+00 9.024484e-01 -1.314597e+00
4.200580e+00 9.988843e-01 -1.311305e+00
4.201580e+00 1.024479e+00 -1.308017e+00
4.202580e+00 1.049781e+00 -1.304734e+00
4.203580e+00 1.096226e+00 -1.301455e+00
4.204580e+00 1.039963e+00 -1.298181e+00
4.205579e+00 8.880230e-01 -1.294911e+00
4.206579e+00 9.198933e-01 -1.291645e+00
4.207579e+00 9.191349e-01 -1.288383e+00
4.208579e+00 8.854205e-01 -1.285125e+00
4.209579e+00 9.376773e-01 -1.281871e+00
4.210579e+00 1.006899e+00 -1.278621e+00
4.211579e+00 1.114650e+00 -1.275375e+00
4.212579e+00 1.005046e+00 -1.272132e+00
4.213579e+00 1.040723e+00 -1.268892e+00
4.214579e+00 1.050896e+00 -1.265656e+00
4.215578e+00 9.315287e-01 -1.262422e+00
4.216578e+00 8.730923e-01 -1.259192e+00
4.217578e+00 8.946644e-01 -1.255965e+00
4.218578e+00 9.766763e-01 -1.252741e+00
4.219578e+00 1.005579e+00 -1.249519e+00
4.220578e+00 9.977768e-01 -1.246300e+00
4.221578e+00 1.016073e+00 -1.243084e+00
4.222578e+00 1.097838e+00 -1.239870e+00
4.223578e+00 1.084470e+00 -1.236658e+00
4.224578e+00 1.009053e+00 -1.233448e+00
4.225577e+00 9.421145e-01 -1.230240e+00
4.226577e+00 9.417117e-01 -1.227035e+00
4.227577e+00 9.462881e-01 -1.223831e+00
4.228577e+00 9.091894e-01 -1.220629e+00
4.229577e+00 1.025098e+00 -1.217428e+00
4.230577e+00 9.591145e-01 -1.214229e+00
4.231577e+00 1.128000e+00 -1.211032e+00
4.232577e+00 1.097938e+00 -1.207836e+00
4.233577e+00 1.146441e+00 -1.204640e+00
4.234577e+00 1.060780e+00 -1.201446e+00
4.235576e+00 9.904644e-01 -1.198253e+00
4.236576e+00 7.921280e-01 -1.195061e+00
4.237576e+00 9.172357e-01 -1.191870e+00
4.238576e+00 9.960042e-01 -1.188679e+00
4.239576e+00 9.717750e-01 -1.185489e+00
4.240576e+00 1.020067e+00 -1.182299e+00
4.241576e+00 1.085437e+00 -1.179109e+00
4.242576e+00 1.129672e+00 -1.175920e+00
4.243576e+00 1.131433e+00 -1.172731e+00
4.244576e+00 1.111077e+00 -1.169542e+00
4.245575e+00 9.571451e-01 -1.166353e+00
4.246575e+00 9.077215e-01 -1.163163e+00
4.247575e+00 9.377794e-01 -1.159974e+00
4.248575e+00 9.303043e-01 -1.156784e+00
4.249575e+00 1.019304e+00 -1.153593e+00
4.250575e+00 9.169027e-01 -1.150402e+00
4.251575e+00 1.058576e+00 -1.147210e+00
4.252575e+00 1.086068e+00 -1.144017e+00
4.253575e+00 9.993250e-01 -1.140824e+00
4.254575e+00 1.120353e+00 -1.137629e+00
4.255574e+00 9.220035e-01 -1.134433e+00
4.256574e+00 8.075601e-01 -1.131236e+00
4.257574e+00 9.578521e-01 -1.128038e+00
4.258574e+00 8.623454e-01 -1.124839e+00
4.259574e+00 9.452423e-01 -1.121638e+00
4.260574e+00 1.103441e+00 -1.118435e+00
4.261574e+00 1.105381e+00 -1.115230e+00
4.262574e+00 1.169885e+00 -1.112024e+00
4.263574e+00 1.058083e+00 -1.108816e+00
4.264574e+00 1.028355e+00 -1.105606e+00
4.265573e+00 1.008323e+00 -1.102394e+00
4.266573e+00 9.848384e-01 -1.099180e+00
4.267573e+00 8.667605e-01 -1.095964e+00
4.268573e+00 9.641444e-01 -1.092745e+00
4.269573e+00 9.678029e-01 -1.089523e+00
4.270573e+00 1.027670e+00 -1.086300e+00
4.271573e+00 1.110754e+00 -1.083073e+00
4.272573e+00 9.988729e-01 -1.079844e+00
4.273573e+00 1.143336e+00 -1.076612e+00
4.274573e+00 1.018085e+00 -1.073378e+00
4.275572e+00 1.020118e+00 -1.070140e+00
4.276572e+00 8.391283e-01 -1.066899e+00
4.277572e+00 8.616185e-01 -1.063655e+00
4.278572e+00 8.828256e-01 -1.060408e+00
4.279572e+00 9.270703e-01 -1.057158e+00
4.280572e+00 9.763698e-01 -1.053904e+00
4.281572e+00 1.092611e+00 -1.050647e+00
4.282572e+00 1.052202e+00 -1.047386e+00
4.283572e+00 1.067608e+00 -1.044121e+00
4.284572e+00 9.924990e-01 -1.040853e+00
4.285571e+00 8.312351e-01 -1.037581e+00
4.286571e+00 8.654690e-01 -1.034306e+00
4.287571e+00 8.969248e-01 -1.031026e+00
4.288571e+00 8.434323e-01 -1.027742e+00
4.289571e+00 9.126342e-01 -1.024454e+00
4.290571e+00 1.019418e+00 -1.021162e+00
4.291571e+00 1.005413e+00 -1.017866e+00
4.292571e+00 1.104370e+00 -1.014565e+00
4.293571e+00 1.112477e+00 -1.011260e+00
4.294571e+00 9.467478e-01 -1.007951e+00
4.295570e+00 9.414037e-01 -1.004637e+00
4.296570e+00 8.518540e-01 -1.001318e+00
4.297570e+00 8.868363e-01 -9.979948e-01
4.298570e+00 9.629062e-01 -9.946668e-01
4.299570e+00 8.839981e-01 -9.913340e-01
4.300570e+00 1.014863e+00 -9.879963e-01
4.301570e+00 1.031929e+00 -9.846536e-01
4.302570e+00 1.063120e+00 -9.813060e-01
4.303570e+00 1.029568e+00 -9.779533e-01
4.304570e+00 8.722453e-01 -9.745955e-01
4.305569e+00 8.767163e-01 -9.712325e-01
4.306569e+00 8.411264e-01 -9.678643e-01
4.307569e+00 8.504170e-01 -9.644907e-01
4.308569e+00 8.039403e-01 -9.611118e-01
4.309569e+00 9.418392e-01 -9.577275e-01
4.310569e+00 9.216848e-01 -9.543377e-01
4.311569e+00 9.642475e-01 -9.509423e-01
4.312569e+00 1.030637e+00 -9.475414e-01
4.313569e+00 9.411963e-01 -9.441349e-01
4.314569e+00 9.150558e-01 -9.407226e-01
4.315568e+00 8.900792e-01 -9.373046e-01
4.316568e+00 7.296517e-01 -9.338808e-01
4.317568e+00 8.003762e-01 -9.304512e-01
4.318568e+00 7.623846e-01 -9.270157e-01
4.319568e+00 9.274049e-01 -9.235742e-01
4.320568e+00 9.135738e-01 -9.201268e-01
4.321568e+00 9.759222e-01 -9.166733e-01
4.322568e+00 9.541770e-01 -9.132138e-01
4.323568e+00 9.993128e-01 -9.097481e-01
4.324568e+00 9.987350e-01 -9.062763e-01
4.325567e+00 8.552177e-01 -9.027983e-01
4.326567e+00 7.750651e-01 -8.993141e-01
4.327567e+00 8.080516e-01 -8.958236e-01
4.328567e+00 8.321264e-01 -8.923267e-01
4.329567e+00 7.486860e-01 -8.888235e-01
4.330567e+00 9.509818e-01 -8.853139e-01
4.331567e+00 1.017564e+00 -8.817979e-01
4.332567e+00 1.008686e+00 -8.782755e-01
4.333567e+00 9.523521e-01 -8.747465e-01
4.334567e+00 8.938266e-01 -8.712110e-01
4.335566e+00 8.392938e-01 -8.676690e-01
4.336566e+00 7.454244e-01 -8.641203e-01
4.337566e+00 8.387702e-01 -8.605651e-01
4.338566e+00 8.037738e-01 -8.570032e-01
4.339566e+00 7.713719e-01 -8.534346e-01
4.340566e+00 8.599346e-01 -8.498594e-01
4.341566e+00 1.034848e+00 -8.462774e-01
4.342566e+00 1.012356e+00 -8.426886e-01
4.343566e+00 7.746575e-01 -8.390931e-01
4.344566e+00 8.191774e-01 -8.354908e-01
4.345565e+00 8.549624e-01 -8.318816e-01
4.346565e+00 8.398207e-01 -8.282657e-01
4.347565e+00 6.525994e-01 -8.246428e-01
4.348565e+00 7.274597e-01 -8.210131e-01
4.349565e+00 8.147049e-01 -8.173765e-01
4.350565e+00 8.651450e-01 -8.137329e-01
4.351565e+00 8.328571e-01 -8.100824e-01
4.352565e+00 9.175524e-01 -8.064250e-01
4.353565e+00 9.706122e-01 -8.027606e-01
4.354565e+00 8.310108e-01 -7.990892e-01
4.355564e+00 8.251832e-01 -7.954108e-01
4.356564e+00 6.577989e-01 -7.917254e-01
4.357564e+00 6.551601e-01 -7.880329e-01
4.358564e+00 7.648056e-01 -7.843334e-01
4.359564e+00 7.696106e-01 -7.806269e-01
4.360564e+00 7.167386e-01 -7.769133e-01
4.361564e+00 8.263355e-01 -7.731926e-01
4.362564e+00 9.115947e-01 -7.694649e-01
4.363564e+00 8.662085e-01 -7.657301e-01
4.364564e+00 6.750815e-01 -7.619881e-01
4.365563e+00 6.847297e-01 -7.582391e-01
4.366563e+00 6.902657e-01 -7.544829e-01
4.367563e+00 6.615080e-01 -7.507196e-01
4.368563e+00 6.909251e-01 -7.469492e-01
4.369563e+00 6.130489e-01 -7.431717e-01
4.370563e+00 6.803626e-01 -7.393870e-01
4.371563e+00 7.694133e-01 -7.355952e-01
4.372563e+00 7.679733e-01 -7.317962e-01
4.373563e+00 7.943892e-01 -7.279901e-01
4.374563e+00 7.379856e-01 -7.241768e-01
4.375562e+00 5.490516e-01 -7.203563e-01
4.376562e+00 6.651164e-01 -7.165287e-01
4.377562e+00 5.614841e-01 -7.126940e-01
4.378562e+00 6.313296e-01 -7.088520e-01
4.379562e+00 5.996562e-01 -7.050029e-01
4.380562e+00 6.785445e-01 -7.011466e-01
4.381562e+00 7.289066e-01 -6.972832e-01
4.382562e+00 7.304703e-01 -6.934126e-01
4.383562e+00 8.687653e-01 -6.895348e-01
4.384562e+00 7.107053e-01 -6.856498e-01
4.385561e+00 6.585988e-01 -6.817577e-01
4.386561e+00 5.730303e-01 -6.778584e-01
4.387561e+00 4.526328e-01 -6.739519e-01
4.388561e+00 5.026523e-01 -6.700383e-01
4.389561e+00 6.035440e-01 -6.661174e-01
4.390561e+00 7.378265e-01 -6.621894e-01
4.391561e+00 6.832804e-01 -6.582543e-01
4.392561e+00 6.808065e-01 -6.543119e-01
4.393561e+00 7.572008e-01 -6.503624e-01
4.394561e+00 6.358944e-01 -6.464058e-01
4.395560e+00 5.483077e-01 -6.424419e-01
4.396560e+00 5.340087e-01 -6.384709e-01
4.397560e+00 5.604326e-01 -6.344928e-01
4.398560e+00 5.525574e-01 -6.305075e-01
4.399560e+00 6.131341e-01 -6.265150e-01
4.400560e+00 6.307101e-01 -6.225154e-01
4.401560e+00 6.545105e-01 -6.185086e-01
4.402560e+00 6.371182e-01 -6.144946e-01
4.403560e+00 6.557477e-01 -6.104735e-01
4.404560e+00 6.504104e-01 -6.064452e-01
4.405559e+00 4.987316e-01 -6.024098e-01
4.406559e+00 4.694509e-01 -5.983673e-01
4.407559e+00 4.340192e-01 -5.943176e-01
4.408559e+00 4.883481e-01 -5.902607e-01
4.409559e+00 5.607079e-01 -5.861967e-01
4.410559e+00 6.447178e-01 -5.821256e-01
4.411559e+00 6.647209e-01 -5.780473e-01
4.412559e+00 6.356428e-01 -5.739618e-01
4.413559e+00 6.092000e-01 -5.698692e-01
4.414559e+00 5.441627e-01 -5.657695e-01
4.415558e+00 4.211384e-01 -5.616627e-01
4.416558e+00 3.893525e-01 -5.575486e-01
4.417558e+00 3.811973e-01 -5.534275e-01
4.418558e+00 3.528437e-01 -5.492992e-01
4.419558e+00 4.660209e-01 -5.451638e-01
4.420558e+00 4.647967e-01 -5.410212e-01
4.421558e+00 6.583448e-01 -5.368715e-01
4.422558e+00 6.071778e-01 -5.327146e-01
4.423558e+00 5.669052e-01 -5.285506e-01
4.424558e+00 4.218361e-01 -5.243795e-01
4.425557e+00 4.536362e-01 -5.202012e-01
4.426557e+00 3.323535e-01 -5.160158e-01
4.427557e+00 3.621022e-01 -5.118233e-01
4.428557e+00 3.560620e-01 -5.076236e-01
4.429557e+00 4.325183e-01 -5.034167e-01
4.430557e+00 4.868387e-01 -4.992028e-01
4.431557e+00 5.180331e-01 -4.949817e-01
4.432557e+00 4.997966e-01 -4.907534e-01
4.433557e+00 5.456003e-01 -4.865180e-01
4.434557e+00 3.363920e-01 -4.822755e-01
4.435556e+00 3.915085e-01 -4.780258e-01
4.436556e+00 2.812423e-01 -4.737690e-01
4.437556e+00 2.798361e-01 -4.695050e-01
4.438556e+00 3.128833e-01 -4.652339e-01
4.439556e+00 3.324469e-01 -4.609556e-01
4.440556e+00 4.340596e-01 -4.566703e-01
4.441556e+00 5.134134e-01 -4.523777e-01
4.442556e+00 4.538605e-01 -4.480781e-01
4.443556e+00 3.860392e-01 -4.437713e-01
4.444556e+00 4.581874e-01 -4.394573e-01
4.445555e+00 3.067656e-01 -4.351363e-01
4.446555e+00 1.696012e-01 -4.308081e-01
4.447555e+00 2.963463e-01 -4.264728e-01
4.448555e+00 3.252172e-01 -4.221303e-01
4.449555e+00 2.468222e-01 -4.177807e-01
4.450555e+00 3.198739e-01 -4.134240e-01
4.451555e+00 3.880507e-01 -4.090602e-01
4.452555e+00 4.048911e-01 -4.046893e-01
4.453555e+00 3.694955e-01 -4.003112e-01
4.454555e+00 3.658549e-01 -3.959261e-01
4.455554e+00 2.834684e-01 -3.915338e-01
4.456554e+00 1.442159e-01 -3.871345e-01
4.457554e+00 1.394412e-01 -3.827281e-01
4.458554e+00 8.826244e-02 -3.783146e-01
4.459554e+00 2.882419e-01 -3.738940e-01
4.460554e+00 3.004987e-01 -3.694663e-01
4.461554e+00 3.974420e-01 -3.650316e-01
4.462554e+00 3.900314e-01 -3.605899e-01
4.463554e+00 3.025024e-01 -3.561411e-01
4.464554e+00 2.940185e-01 -3.516853e-01
4.465553e+00 2.302342e-01 -3.472224e-01
4.466553e+00 9.287927e-02 -3.427526e-01
4.467553e+00 8.355977e-02 -3.382758e-01
4.468553e+00 6.157023e-02 -3.337920e-01
4.469553e+00 1.365281e-01 -3.293012e-01
4.470553e+00 2.064701e-01 -3.248035e-01
4.471553e+00 2.737090e-01 -3.202988e-01
4.472553e+00 2.930541e-01 -3.157872e-01
4.473553e+00 1.883448e-01 -3.112688e-01
4.474553e+00 2.597438e-01 -3.067434e-01
4.475552e+00 1.627053e-01 -3.022112e-01
4.476552e+00 4.270769e-02 -2.976721e-01
4.477552e+00 2.432129e-02 -2.931263e-01
4.478552e+00 8.721757e-03 -2.885736e-01
4.479552e+00 5.319849e-02 -2.840141e-01
4.480552e+00 2.431838e-01 -2.794479e-01
4.481552e+00 1.235549e-01 -2.748750e-01
4.482552e+00 2.295016e-01 -2.702953e-01
4.483552e+00 1.795805e-01 -2.657090e-01
4.484552e+00 1.051390e-01 -2.611161e-01
4.485551e+00 5.994309e-02 -2.565165e-01
4.486551e+00 -8.835447e-02 -2.519103e-01
4.487551e+00 -8.911695e-03 -2.472976e-01
4.488551e+00 -2.201474e-02 -2.426784e-01
4.489551e+00 -1.770367e-02 -2.380526e-01
4.490551e+00 1.203584e-01 -2.334204e-01
4.491551e+00 1.972426e-01 -2.287818e-01
4.492551e+00 2.000085e-01 -2.241368e-01
4.493551e+00 1.371105e-01 -2.194855e-01
4.494551e+00 3.464106e-02 -2.148279e-01
4.495550e+00 -3.581283e-03 -2.101639e-01
4.496550e+00 -2.168763e-02 -2.054938e-01
4.497550e+00 -1.625164e-01 -2.008175e-01
4.498550e+00 -1.376628e-01 -1.961350e-01
4.499550e+00 -1.057599e-01 -1.914464e-01
4.500550e+00 2.456339e-02 -1.867518e-01
4.501550e+00 1.226582e-01 -1.820512e-01
4.502550e+00 3.686505e-02 -1.773447e-01
4.503550e+00 1.076347e-01 -1.726322e-01
4.504550e+00 4.703470e-02 -1.679139e-01
4.505549e+00 -9.592758e-02 -1.631897e-01
4.506549e+00 -8.324231e-02 -1.584598e-01
4.507549e+00 -1.673121e-01 -1.537243e-01
4.508549e+00 -1.204109e-01 -1.489830e-01
4.509549e+00 -6.077677e-02 -1.442362e-01
4.510549e+00 -5.989353e-02 -1.394839e-01
4.511549e+00 -9.066543e-02 -1.347261e-01
4.512549e+00 -2.674592e-02 -1.299629e-01
4.513549e+00 -1.798553e-02 -1.251943e-01
4.514549e+00 -1.164539e-01 -1.204205e-01
4.515548e+00 -1.745778e-01 -1.156414e-01
4.516548e+00 -1.590934e-01 -1.108572e-01
4.517548e+00 -1.805795e-01 -1.060679e-01
4.518548e+00 -2.235510e-01 -1.012735e-01
4.519548e+00 -1.891949e-01 -9.647423e-02
4.520548e+00 -2.051989e-01 -9.167004e-02
4.521548e+00 -9.850905e-02 -8.686102e-02
4.522548e+00 -5.261148e-02 -8.204725e-02
4.523548e+00 -7.910284e-03 -7.722880e-02
4.524548e+00 -1.436797e-01 -7.240575e-02
4.525547e+00 -1.985997e-01 -6.757816e-02
4.526547e+00 -2.757499e-01 -6.274612e-02
4.527547e+00 -1.788245e-01 -5.790970e-02
4.528547e+00 -2.802631e-01 -5.306897e-02
4.529547e+00 -1.840790e-01 -4.822402e-02
4.530547e+00 -2.432256e-01 -4.337492e-02
4.531547e+00 -1.434825e-01 -3.852176e-02
4.532547e+00 -1.047056e-01 -3.366461e-02
4.533547e+00 -1.625658e-01 -2.880357e-02
4.534547e+00 -1.726237e-01 -2.393870e-02
4.535546e+00 -2.281098e-01 -1.907009e-02
4.536546e+00 -3.595747e-01 -1.419784e-02
4.537546e+00 -2.943030e-01 -9.322017e-03
4.538546e+00 -3.388937e-01 -4.442719e-03
4.539546e+00 -2.778732e-01 4.399685e-04
4.540546e+00 -1.809600e-01 5.325958e-03
4.541546e+00 -1.445258e-01 1.021516e-02
4.542546e+00 -1.910421e-01 1.510748e-02
4.543546e+00 -2.325083e-01 2.000283e-02
4.544546e+00 -2.472613e-01 2.490112e-02
4.545545e+00 -2.474160e-01 2.980226e-02
4.546545e+00 -3.545164e-01 3.470615e-02
4.547545e+00 -3.953874e-01 3.961269e-02
4.548545e+00 -4.052971e-01 4.452180e-02
4.549545e+00 -2.950794e-01 4.943337e-02
4.550545e+00 -3.474258e-01 5.434731e-02
4.551545e+00 -1.518963e-01 5.926352e-02
4.552545e+00 -1.816958e-01 6.418190e-02
4.553545e+00 -2.990745e-01 6.910235e-02
4.554545e+00 -2.935449e-01 7.402477e-02
4.555544e+00 -4.339868e-01 7.894907e-02
4.556544e+00 -4.547016e-01 8.387514e-02
4.557544e+00 -4.894550e-01 8.880287e-02
4.558544e+00 -4.615892e-01 9.373217e-02
4.559544e+00 -3.271602e-01 9.866293e-02
4.560544e+00 -3.225756e-01 1.035951e-01
4.561544e+00 -3.385925e-01 1.085284e-01
4.562544e+00 -2.651098e-01 1.134629e-01
4.563544e+00 -3.253287e-01 1.183985e-01
4.564544e+00 -3.258810e-01 1.233350e-01
4.565543e+00 -3.644595e-01 1.282723e-01
4.566543e+00 -4.856988e-01 1.332103e-01
4.567543e+00 -5.260086e-01 1.381490e-01
4.568543e+00 -4.340284e-01 1.430881e-01
4.569543e+00 -4.471061e-01 1.480277e-01
4.570543e+00 -4.536404e-01 1.529675e-01
4.571543e+00 -3.071693e-01 1.579074e-01
4.572543e+00 -3.553432e-01 1.628475e-01
4.573543e+00 -4.079127e-01 1.677875e-01
4.574543e+00 -4.691575e-01 1.727273e-01
4.575542e+00 -5.246885e-01 1.776668e-01
4.576542e+00 -5.634811e-01 1.826060e-01
4.577542e+00 -5.221539e-01 1.875446e-01
4.578542e+00 -5.184366e-01 1.924826e-01
4.579542e+00 -4.906204e-01 1.974199e-01
4.580542e+00 -5.138188e-01 2.023563e-01
4.581542e+00 -4.286411e-01 2.072917e-01
4.582542e+00 -4.428657e-01 2.122261e-01
4.583542e+00 -4.691828e-01 2.171593e-01
4.584542e+00 -4.783994e-01 2.220911e-01
4.585541e+00 -5.109730e-01 2.270215e-01
4.586541e+00 -6.576858e-01 2.319504e-01
4.587541e+00 -6.292160e-01 2.368775e-01
4.588541e+00 -5.827815e-01 2.418029e-01
4.589541e+00 -6.126759e-01 2.467264e-01
4.590541e+00 -5.239579e-01 2.516478e-01
4.591541e+00 -4.213423e-01 2.565671e-01
4.592541e+00 -4.923063e-01 2.614842e-01
4.593541e+00 -4.651011e-01 2.663988e-01
4.594541e+00 -5.546047e-01 2.713109e-01
4.595540e+00 -6.845929e-01 2.762204e-01
4.596540e+00 -6.594591e-01 2.811272e-01
4.597540e+00 -7.568480e-01 2.860311e-01
4.598540e+00 -6.848452e-01 2.909320e-01
4.599540e+00 -5.831087e-01 2.958297e-01
4.600540e+00 -5.931498e-01 3.007243e-01
4.601540e+00 -4.675850e-01 3.056154e-01
4.602540e+00 -4.932299e-01 3.105031e-01
4.603540e+00 -4.715986e-01 3.153872e-01
4.604540e+00 -5.510124e-01 3.202676e-01
4.605539e+00 -6.608746e-01 3.251441e-01
4.606539e+00 -7.225681e-01 3.300167e-01
4.607539e+00 -7.920147e-01 3.348851e-01
4.608539e+00 -6.503747e-01 3.397494e-01
4.609539e+00 -7.557798e-01 3.446093e-01
4.610539e+00 -6.037397e-01 3.494648e-01
4.611539e+00 -4.956196e-01 3.543156e-01
4.612539e+00 -5.612738e-01 3.591618e-01
4.613539e+00 -6.262912e-01 3.640031e-01
4.614539e+00 -6.092274e-01 3.688395e-01
4.615538e+00 -6.543098e-01 3.736709e-01
4.616538e+00 -7.880624e-01 3.784970e-01
4.617538e+00 -7.901337e-01 3.833178e-01
4.618538e+00 -7.719722e-01 3.881332e-01
4.619538e+00 -7.188110e-01 3.929430e-01
4.620538e+00 -6.242018e-01 3.977472e-01
4.621538e+00 -5.863828e-01 4.025455e-01
4.622538e+00 -5.309817e-01 4.073379e-01
4.623538e+00 -6.799744e-01 4.121243e-01
4.624538e+00 -7.438419e-01 4.169045e-01
4.625537e+00 -7.745545e-01 4.216784e-01
4.626537e+00 -8.151127e-01 4.264459e-01
4.627537e+00 -8.269201e-01 4.312069e-01
4.628537e+00 -7.863537e-01 4.359613e-01
4.629537e+00 -6.779823e-01 4.407089e-01
4.630537e+00 -7.248097e-01 4.454496e-01
4.631537e+00 -6.738893e-01 4.501833e-01
4.632537e+00 -6.558773e-01 4.549099e-01
4.633537e+00 -6.050426e-01 4.596292e-01
4.634537e+00 -6.935160e-01 4.643412e-01
4.635536e+00 -8.495382e-01 4.690457e-01
4.636536e+00 -8.725813e-01 4.737427e-01
4.637536e+00 -7.956851e-01 4.784319e-01
4.638536e+00 -8.116269e-01 4.831133e-01
4.639536e+00 -6.352548e-01 4.877868e-01
4.640536e+00 -7.751918e-01 4.924523e-01
4.641536e+00 -7.030083e-01 4.971096e-01
4.642536e+00 -6.551456e-01 5.017586e-01
4.643536e+00 -6.973126e-01 5.063993e-01
4.644536e+00 -7.250418e-01 5.110314e-01
4.645535e+00 -7.679424e-01 5.156549e-01
4.646535e+00 -8.618374e-01 5.202698e-01
4.647535e+00 -9.141835e-01 5.248758e-01
4.648535e+00 -9.222706e-01 5.294729e-01
4.649535e+00 -7.893320e-01 5.340609e-01
4.650535e+00 -8.048363e-01 5.386398e-01
4.651535e+00 -6.876405e-01 5.432095e-01
4.652535e+00 -6.662403e-01 5.477698e-01
4.653535e+00 -7.462503e-01 5.523206e-01
4.654535e+00 -7.977169e-01 5.568619e-01
4.655534e+00 -8.288268e-01 5.613935e-01
4.656534e+00 -9.667268e-01 5.659153e-01
4.657534e+00 -8.386367e-01 5.704273e-01
4.658534e+00 -9.755700e-01 5.749293e-01
4.659534e+00 -8.770204e-01 5.794212e-01
4.660534e+00 -8.480508e-01 5.839030e-01
4.661534e+00 -7.063940e-01 5.883745e-01
4.662534e+00 -7.347037e-01 5.928357e-01
4.663534e+00 -8.214302e-01 5.972864e-01
4.664534e+00 -7.793192e-01 6.017266e-01
4.665533e+00 -8.312127e-01 6.061561e-01
4.666533e+00 -9.400198e-01 6.105749e-01
4.667533e+00 -9.762644e-01 6.149829e-01
4.668533e+00 -9.140990e-01 6.193800e-01
4.669533e+00 -8.693319e-01 6.237661e-01
4.670533e+00 -7.868401e-01 6.281412e-01
4.671533e+00 -8.113713e-01 6.325050e-01
4.672533e+00 -8.609610e-01 6.368577e-01
4.673533e+00 -7.303209e-01 6.411989e-01
4.674533e+00 -7.399026e-01 6.455288e-01
4.675532e+00 -8.624260e-01 6.498472e-01
4.676532e+00 -1.005750e+00 6.541540e-01
4.677532e+00 -9.699392e-01 6.584492e-01
4.678532e+00 -9.262191e-01 6.627327e-01
4.679532e+00 -9.121969e-01 6.670043e-01
4.680532e+00 -9.139503e-01 6.712641e-01
4.681532e+00 -8.240344e-01 6.755119e-01
4.682532e+00 -7.946976e-01 6.797477e-01
4.683532e+00 -8.691116e-01 6.839715e-01
4.684532e+00 -8.482441e-01 6.881831e-01
4.685531e+00 -9.808012e-01 6.923824e-01
4.686531e+00 -9.819787e-01 6.965695e-01
4.687531e+00 -1.118450e+00 7.007443e-01
4.688531e+00 -1.049755e+00 7.049066e-01
4.689531e+00 -1.012481e+00 7.090565e-01
4.690531e+00 -9.806229e-01 7.131938e-01
4.691531e+00 -8.395960e-01 7.173185e-01
4.692531e+00 -8.610961e-01 7.214306e-01
4.693531e+00 -8.959380e-01 7.255300e-01
4.694531e+00 -8.388737e-01 7.296167e-01
4.695530e+00 -9.840197e-01 7.336905e-01
4.696530e+00 -1.056805e+00 7.377515e-01
4.697530e+00 -1.075080e+00 7.417996e-01
4.698530e+00 -1.067458e+00 7.458347e-01
4.699530e+00 -1.017734e+00 7.498569e-01
4.700530e+00 -8.828920e-01 7.538660e-01
4.701530e+00 -9.390812e-01 7.578620e-01
4.702530e+00 -8.864201e-01 7.618449e-01
4.703530e+00 -8.837665e-01 7.658147e-01
4.704530e+00 -8.538406e-01 7.697712e-01
4.705529e+00 -9.464855e-01 7.737145e-01
4.706529e+00 -1.032501e+00 7.776445e-01
4.707529e+00 -1.045488e+00 7.815613e-01
4.708529e+00 -1.100748e+00 7.854646e-01
4.709529e+00 -1.064506e+00 7.893547e-01
4.710529e+00 -9.536738e-01 7.932313e-01
4.711529e+00 -8.389122e-01 7.970945e-01
4.712529e+00 -8.909968e-01 8.009443e-01
4.713529e+00 -8.496801e-01 8.047806e-01
4.714529e+00 -8.957787e-01 8.086034e-01
4.715528e+00 -1.072104e+00 8.124126e-01
4.716528e+00 -9.828004e-01 8.162084e-01
4.717528e+00 -1.051087e+00 8.199906e-01
4.718528e+00 -1.045733e+00 8.237592e-01
4.719528e+00 -1.011957e+00 8.275143e-01
4.720528e+00 -1.002130e+00 8.312557e-01
4.721528e+00 -9.543348e-01 8.349836e-01
4.722528e+00 -7.754737e-01 8.386979e-01
4.723528e+00 -9.476719e-01 8.423985e-01
4.724528e+00 -9.081754e-01 8.460855e-01
4.725527e+00 -1.055720e+00 8.497588e-01
4.726527e+00 -1.119605e+00 8.534186e-01
4.727527e+00 -1.073649e+00 8.570647e-01
4.728527e+00 -1.078057e+00 8.606971e-01
4.729527e+00 -1.053115e+00 8.643159e-01
4.730527e+00 -1.002950e+00 8.679211e-01
4.731527e+00 -8.052118e-01 8.715127e-01
4.732527e+00 -7.896574e-01 8.750906e-01
4.733527e+00 -9.650761e-01 8.786549e-01
4.734527e+00 -9.332007e-01 8.822056e-01
4.735526e+00 -1.078315e+00 8.857427e-01
4.736526e+00 -1.043018e+00 8.892662e-01
4.737526e+00 -1.143516e+00 8.927762e-01
4.738526e+00 -1.146041e+00 8.962725e-01
4.739526e+00 -9.431549e-01 8.997554e-01
4.740526e+00 -9.498627e-01 9.032247e-01
4.741526e+00 -8.772202e-01 9.066805e-01
4.742526e+00 -9.246846e-01 9.101228e-01
4.743526e+00 -9.565113e-01 9.135517e-01
4.744526e+00 -1.042990e+00 9.169671e-01
4.745525e+00 -1.066278e+00 9.203691e-01
4.746525e+00 -1.032930e+00 9.237576e-01
4.747525e+00 -1.117227e+00 9.271329e-01
4.748525e+00 -1.082911e+00 9.304948e-01
4.749525e+00 -1.013116e+00 9.338433e-01
4.750525e+00 -9.529859e-01 9.371786e-01
4.751525e+00 -9.647973e-01 9.405007e-01
4.752525e+00 -9.641565e-01 9.438095e-01
4.753525e+00 -9.022435e-01 9.471052e-01
4.754525e+00 -1.057549e+00 9.503877e-01
4.755524e+00 -1.059005e+00 9.536571e-01
4.756524e+00 -1.054548e+00 9.569135e-01
4.757524e+00 -1.151129e+00 9.601568e-01
4.758524e+00 -1.179253e+00 9.633871e-01
4.759524e+00 -9.727378e-01 9.666045e-01
4.760524e+00 -1.036088e+00 9.698090e-01
4.761524e+00 -8.522671e-01 9.730006e-01
4.762524e+00 -1.024312e+00 9.761794e-01
4.763524e+00 -8.382444e-01 9.793454e-01
4.764524e+00 -8.922436e-01 9.824987e-01
4.765523e+00 -1.003726e+00 9.856394e-01
4.766523e+00 -1.007765e+00 9.887674e-01
4.767523e+00 -1.123091e+00 9.918828e-01
4.768523e+00 -1.144760e+00 9.949857e-01
4.769523e+00 -9.596381e-01 9.980762e-01
4.770523e+00 -9.717434e-01 1.001154e+00
4.771523e+00 -9.332129e-01 1.004220e+00
4.772523e+00 -7.911511e-01 1.007273e+00
4.773523e+00 -9.757257e-01 1.010314e+00
4.774523e+00 -8.458349e-01 1.013343e+00
4.775522e+00 -1.023550e+00 1.016360e+00
4.776522e+00 -1.103384e+00 1.019365e+00
4.777522e+00 -1.115598e+00 1.022357e+00
4.778522e+00 -1.027146e+00 1.025338e+00
4.779522e+00 -1.083337e+00 1.028307e+00
4.780522e+00 -1.010667e+00 1.031264e+00
4.781522e+00 -1.033860e+00 1.034209e+00
4.782522e+00 -9.170729e-01 1.037142e+00
4.783522e+00 -9.152232e-01 1.040064e+00
4.784522e+00 -9.374577e-01 1.042975e+00
4.785521e+00 -1.076418e+00 1.045873e+00
4.786521e+00 -1.091571e+00 1.048760e+00
4.787521e+00 -1.017003e+00 1.051636e+00
4.788521e+00 -9.982357e-01 1.054501e+00
4.789521e+00 -1.032189e+00 1.057354e+00
4.790521e+00 -9.031469e-01 1.060196e+00
4.791521e+00 -8.315558e-01 1.063027e+00
4.792521e+00 -9.289896e-01 1.065847e+00
4.793521e+00 -8.700542e-01 1.068656e+00
4.794521e+00 -1.084121e+00 1.071454e+00
4.795520e+00 -1.009685e+00 1.074242e+00
4.796520e+00 -1.041959e+00 1.077018e+00
4.797520e+00 -1.135953e+00 1.079784e+00
4.798520e+00 -1.023787e+00 1.082539e+00
4.799520e+00 -1.076871e+00 1.085284e+00
4.800520e+00 -8.404653e-01 1.088018e+00
4.801520e+00 -8.155430e-01 1.090741e+00
4.802520e+00 -7.990311e-01 1.093455e+00
4.803520e+00 -9.434105e-01 1.096158e+00
4.804520e+00 -8.506369e-01 1.098851e+00
4.805519e+00 -9.506859e-01 1.101534e+00
4.806519e+00 -1.033255e+00 1.104207e+00
4.807519e+00 -1.060563e+00 1.106869e+00
4.808519e+00 -9.715870e-01 1.109522e+00
4.809519e+00 -1.028786e+00 1.112166e+00
4.810519e+00 -9.670607e-01 1.114799e+00
4.811519e+00 -8.262586e-01 1.117423e+00
4.812519e+00 -8.520355e-01 1.120037e+00
4.813519e+00 -8.890447e-01 1.122642e+00
4.814519e+00 -9.577174e-01 1.125237e+00
4.815518e+00 -9.027166e-01 1.127823e+00
4.816518e+00 -9.750217e-01 1.130399e+00
4.817518e+00 -1.004255e+00 1.132967e+00
4.818518e+00 -9.582748e-01 1.135525e+00
4.819518e+00 -8.242240e-01 1.138074e+00
4.820518e+00 -8.553150e-01 1.140614e+00
4.821518e+00 -8.625013e-01 1.143146e+00
4.822518e+00 -8.035972e-01 1.145668e+00
4.823518e+00 -7.570637e-01 1.148182e+00
4.824518e+00 -9.702641e-01 1.150687e+00
4.825517e+00 -8.021838e-01 1.153184e+00
4.826517e+00 -9.515734e-01 1.155672e+00
4.827517e+00 -9.384139e-01 1.158151e+00
4.828517e+00 -9.843951e-01 1.160622e+00
4.829517e+00 -9.723714e-01 1.163085e+00
4.830517e+00 -8.207205e-01 1.165540e+00
4.831517e+00 -7.529625e-01 1.167986e+00
4.832517e+00 -7.970256e-01 1.170425e+00
4.833517e+00 -7.894104e-01 1.172855e+00
4.834517e+00 -8.800028e-01 1.175278e+00
4.835516e+00 -8.619478e-01 1.177692e+00
4.836516e+00 -8.528169e-01 1.180099e+00
4.837516e+00 -9.562180e-01 1.182498e+00
4.838516e+00 -9.705249e-01 1.184890e+00
4.839516e+00 -9.285209e-01 1.187274e+00
4.840516e+00 -8.326663e-01 1.189650e+00
4.841516e+00 -7.787339e-01 1.192019e+00
4.842516e+00 -7.369045e-01 1.194381e+00
4.843516e+00 -7.236392e-01 1.196736e+00
4.844516e+00 -7.981730e-01 1.199083e+00
4.845515e+00 -8.332521e-01 1.201423e+00
4.846515e+00 -1.019061e+00 1.203756e+00
4.847515e+00 -8.066058e-01 1.206082e+00
4.848515e+00 -9.666643e-01 1.208401e+00
4.849515e+00 -7.767905e-01 1.210713e+00
4.850515e+00 -7.297783e-01 1.213019e+00
4.851515e+00 -6.692584e-01 1.215317e+00
4.852515e+00 -7.424771e-01 1.217609e+00
4.853515e+00 -6.693466e-01 1.219895e+00
4.854515e+00 -8.576771e-01 1.222174e+00
4.855514e+00 -8.572129e-01 1.224446e+00
4.856514e+00 -8.912923e-01 1.226712e+00
4.857514e+00 -9.401600e-01 1.228972e+00
4.858514e+00 -9.170538e-01 1.231225e+00
4.859514e+00 -8.362248e-01 1.233472e+00
4.860514e+00 -6.589904e-01 1.235713e+00
4.861514e+00 -7.385929e-01 1.237948e+00
4.862514e+00 -6.458879e-01 1.240177e+00
4.863514e+00 -6.650163e-01 1.242400e+00
4.864514e+00 -6.423318e-01 1.244617e+00
4.865513e+00 -7.216037e-01 1.246828e+00
4.866513e+00 -9.232497e-01 1.249033e+00
4.867513e+00 -8.879326e-01 1.251233e+00
4.868513e+00 -7.668925e-01 1.253427e+00
4.869513e+00 -6.685576e-01 1.255615e+00
4.870513e+00 -7.831932e-01 1.257797e+00
4.871513e+00 -6.844792e-01 1.259975e+00
4.872513e+00 -6.874569e-01 1.262146e+00
4.873513e+00 -7.378439e-01 1.264312e+00
4.874513e+00 -6.324275e-01 1.266473e+00
4.875512e+00 -7.502222e-01 1.268628e+00
4.876512e+00 -7.731529e-01 1.270778e+00
4.877512e+00 -7.404336e-01 1.272923e+00
4.878512e+00 -7.812748e-01 1.275063e+00
4.879512e+00 -6.901571e-01 1.277197e+00
4.880512e+00 -7.104153e-01 1.279327e+00
4.881512e+00 -6.292031e-01 1.281451e+00
4.882512e+00 -5.344667e-01 1.283571e+00
4.883512e+00 -5.388792e-01 1.285685e+00
4.884512e+00 -6.226470e-01 1.287794e+00
4.885511e+00 -7.519526e-01 1.289899e+00
4.886511e+00 -7.238930e-01 1.291998e+00
4.887511e+00 -7.622441e-01 1.294093e+00
4.888511e+00 -7.912606e-01 1.296183e+00
4.889511e+00 -7.068209e-01 1.298268e+00
4.890511e+00 -6.147130e-01 1.300349e+00
4.891511e+00 -5.402767e-01 1.302425e+00
4.892511e+00 -5.644308e-01 1.304496e+00
4.893511e+00 -6.135406e-01 1.306562e+00
4.894511e+00 -5.993484e-01 1.308624e+00
4.895510e+00 -6.536789e-01 1.310681e+00
4.896510e+00 -6.208739e-01 1.312734e+00
4.897510e+00 -7.610750e-01 1.314782e+00
4.898510e+00 -7.013446e-01 1.316826e+00
4.899510e+00 -6.458437e-01 1.318865e+00
4.900510e+00 -6.170070e-01 1.320900e+00
4.901510e+00 -5.249068e-01 1.322931e+00
4.902510e+00 -4.862832e-01 1.324957e+00
4.903510e+00 -4.702742e-01 1.326978e+00
4.904510e+00 -5.054443e-01 1.328995e+00
4.905509e+00 -5.392392e-01 1.331008e+00
4.906509e+00 -5.951257e-01 1.333017e+00
4.907509e+00 -6.640344e-01 1.335021e+00
4.908509e+00 -6.255588e-01 1.337021e+00
4.909509e+00 -6.395300e-01 1.339016e+00
4.910509e+00 -4.354945e-01 1.341008e+00
4.911509e+00 -4.847430e-01 1.342994e+00
4.912509e+00 -3.198266e-01 1.344977e+00
4.913509e+00 -5.063763e-01 1.346955e+00
4.914509e+00 -5.478876e-01 1.348929e+00
4.915508e+00 -5.432336e-01 1.350899e+00
4.916508e+00 -5.342526e-01 1.352865e+00
4.917508e+00 -6.248234e-01 1.354826e+00
4.918508e+00 -5.427812e-01 1.356783e+00
4.919508e+00 -5.637754e-01 1.358736e+00
4.920508e+00 -4.653877e-01 1.360684e+00
4.921508e+00 -3.199732e-01 1.362628e+00
4.922508e+00 -3.409605e-01 1.364568e+00
4.923508e+00 -3.743518e-01 1.366503e+00
4.924508e+00 -4.886434e-01 1.368434e+00
4.925507e+00 -5.090330e-01 1.370361e+00
4.926507e+00 -5.559878e-01 1.372283e+00
4.927507e+00 -5.642839e-01 1.374201e+00
4.928507e+00 -5.031499e-01 1.376115e+00
4.929507e+00 -4.752344e-01 1.378024e+00
4.930507e+00 -5.055372e-01 1.379929e+00
4.931507e+00 -2.452517e-01 1.381829e+00
4.932507e+00 -3.163715e-01 1.383725e+00
4.933507e+00 -3.363536e-01 1.385616e+00
4.934507e+00 -4.807029e-01 1.387503e+00
4.935506e+00 -4.399017e-01 1.389385e+00
4.936506e+00 -4.865580e-01 1.391263e+00
4.937506e+00 -5.002569e-01 1.393136e+00
4.938506e+00 -5.199256e-01 1.395004e+00
4.939506e+00 -4.005643e-01 1.396868e+00
4.940506e+00 -3.466017e-01 1.398727e+00
4.941506e+00 -2.512331e-01 1.400581e+00
4.942506e+00 -2.477539e-01 1.402431e+00
4.943506e+00 -3.148394e-01 1.404275e+00
4.944506e+00 -3.199066e-01 1.406115e+00
4.945505e+00 -3.364289e-01 1.407949e+00
4.946505e+00 -4.161865e-01 1.409779e+00
4.947505e+00 -3.727296e-01 1.411604e+00
4.948505e+00 -4.037090e-01 1.413423e+00
4.949505e+00 -2.393133e-01 1.415238e+00
4.950505e+00 -1.776627e-01 1.417047e+00
4.951505e+00 -1.894108e-01 1.418851e+00
4.952505e+00 -1.819155e-01 1.420649e+00
4.953505e+00 -2.414279e-01 1.422442e+00
4.954505e+00 -3.111496e-01 1.424230e+00
4.955504e+00 -2.847085e-01 1.426012e+00
4.956504e+00 -3.394908e-01 1.427789e+00
4.957504e+00 -3.968327e-01 1.429560e+00
4.958504e+00 -3.416287e-01 1.431325e+00
4.959504e+00 -3.333321e-01 1.433085e+00
4.960504e+00 -3.479940e-01 1.434838e+00
4.961504e+00 -1.011077e-01 1.436586e+00
4.962504e+00 -1.492507e-01 1.438327e+00
4.963504e+00 -8.352197e-02 1.440063e+00
4.964504e+00 -1.598533e-01 1.441792e+00
4.965503e+00 -2.644825e-01 1.443515e+00
4.966503e+00 -2.957774e-01 1.445232e+00
4.967503e+00 -3.227295e-01 1.446942e+00
4.968503e+00 -3.342836e-01 1.448646e+00
4.969503e+00 -2.119734e-01 1.450343e+00
4.970503e+00 -1.418107e-01 1.452033e+00
4.971503e+00 -5.719412e-02 1.453717e+00
4.972503e+00 -1.243525e-01 1.455393e+00
4.973503e+00 -6.329806e-02 1.457063e+00
4.974503e+00 -1.276685e-01 1.458725e+00
4.975502e+00 -1.929029e-01 1.460380e+00
4.976502e+00 -2.258424e-01 1.462028e+00
4.977502e+00 -2.316392e-01 1.463668e+00
4.978502e+00 -1.965438e-01 1.465301e+00
4.979502e+00 -1.981538e-01 1.466926e+00
4.980502e+00 -1.410466e-01 1.468543e+00
4.981502e+00 3.208298e-03 1.470152e+00
4.982502e+00 -3.300197e-02 1.471753e+00
4.983502e+00 6.391785e-02 1.473346e+00
4.984502e+00 -9.758157e-02 1.474931e+00
4.985501e+00 -7.436001e-02 1.476507e+00
4.986501e+00 -1.462610e-01 1.478075e+00
4.987501e+00 -1.906675e-01 1.479634e+00
4.988501e+00 -1.245681e-01 1.481184e+00
4.989501e+00 -9.693510e-02 1.482725e+00
4.990501e+00 -2.226416e-02 1.484257e+00
4.991501e+00 5.971210e-02 1.485780e+00
4.992501e+00 7.415937e-02 1.487293e+00
4.993501e+00 -2.294739e-02 1.488796e+00
4.994501e+00 -1.059567e-02 1.490290e+00
4.995500e+00 -8.823923e-02 1.491774e+00
4.996500e+00 -2.074907e-01 1.493249e+00
4.997500e+00 -8.269085e-02 1.494712e+00
4.998500e+00 -5.978544e-02 1.496166e+00
4.999500e+00 -8.889972e-02 1.497609e+00
5.000500e+00 -9.688995e-02 1.499041e+00
5.001500e+00 1.977369e-01 1.500463e+00
5.002500e+00 1.640103e-01 1.501873e+00
5.003500e+00 7.532601e-02 1.503272e+00
5.004500e+00 1.314491e-01 1.504660e+00
5.005499e+00 -4.481173e-02 1.506036e+00
5.006499e+00 -9.371301e-02 1.507401e+00
5.007499e+00 3.720586e-04 1.508753e+00
5.008499e+00 3.183316e-02 1.510094e+00
5.009499e+00 3.014615e-02 1.511422e+00
5.010499e+00 7.295014e-02 1.512738e+00
5.011499e+00 1.010402e-01 1.514041e+00
5.012499e+00 2.188146e-01 1.515331e+00
5.013499e+00 1.893579e-01 1.516608e+00
5.014499e+00 1.851991e-01 1.517871e+00
5.015498e+00 3.020945e-02 1.519121e+00
5.016498e+00 -1.302549e-03 1.520358e+00
5.017498e+00 -6.009098e-02 1.521580e+00
5.018498e+00 8.347071e-02 1.522789e+00
5.019498e+00 1.060364e-01 1.523983e+00
5.020498e+00 9.587634e-02 1.525162e+00
5.021498e+00 2.742898e-01 1.526327e+00
5.022498e+00 2.741029e-01 1.527476e+00
5.023498e+00 1.201414e-01 1.528611e+00
5.024498e+00 2.382105e-01 1.529730e+00
5.025497e+00 1.246022e-01 1.530833e+00
5.026497e+00 5.217673e-02 1.531920e+00
5.027497e+00 3.915166e-04 1.532991e+00
5.028497e+00 2.208412e-01 1.534045e+00
5.029497e+00 1.818204e-01 1.535083e+00
5.030497e+00 2.804149e-01 1.536104e+00
5.031497e+00 2.303915e-01 1.537108e+00
5.032497e+00 3.282087e-01 1.538094e+00
5.033497e+00 2.807978e-01 1.539062e+00
5.034497e+00 2.029052e-01 1.540013e+00
5.035496e+00 2.832154e-01 1.540945e+00
5.036496e+00 1.651998e-01 1.541859e+00
5.037496e+00 1.779455e-01 1.542754e+00
5.038496e+00 7.100906e-02 1.543630e+00
5.039496e+00 2.064635e-01 1.544487e+00
5.040496e+00 2.637470e-01 1.545324e+00
5.041496e+00 3.987211e-01 1.546141e+00
5.042496e+00 3.001036e-01 1.546938e+00
5.043496e+00 3.550247e-01 1.547715e+00
5.044496e+00 2.674692e-01 1.548471e+00
5.045495e+00 2.492271e-01 1.549206e+00
5.046495e+00 1.477563e-01 1.549919e+00
5.047495e+00 2.305251e-01 1.550611e+00
5.048495e+00 2.155072e-01 1.551281e+00
5.049495e+00 2.553780e-01 1.551929e+00
5.050495e+00 3.363342e-01 1.552554e+00
5.051495e+00 4.353619e-01 1.553157e+00
5.052495e+00 4.245402e-01 1.553736e+00
5.053495e+00 3.854218e-01 1.554292e+00
5.054495e+00 3.477874e-01 1.554825e+00
5.055494e+00 3.417876e-01 1.555333e+00
5.056494e+00 3.196266e-01 1.555817e+00
5.057494e+00 2.336785e-01 1.556276e+00
5.058494e+00 2.683928e-01 1.556710e+00
5.059494e+00 3.580595e-01 1.557118e+00
5.060494e+00 3.552729e-01 1.557501e+00
5.061494e+00 4.420006e-01 1.557858e+00
5.062494e+00 4.762605e-01 1.558188e+00
5.063494e+00 4.642099e-01 1.558492e+00
5.064494e+00 5.265295e-01 1.558769e+00
5.065493e+00 4.025300e-01 1.559018e+00
5.066493e+00 3.187982e-01 1.559239e+00
5.067493e+00 3.180208e-01 1.559433e+00
5.068493e+00 2.486367e-01 1.559598e+00
5.069493e+00 4.080283e-01 1.559734e+00
5.070493e+00 4.575288e-01 1.559841e+00
5.071493e+00 5.352229e-01 1.559918e+00
5.072493e+00 5.336509e-01 1.559966e+00
5.073493e+00 5.175229e-01 1.559983e+00
5.074493e+00 5.640394e-01 1.559969e+00
5.075492e+00 4.799517e-01 1.559925e+00
5.076492e+00 3.618420e-01 1.559849e+00
5.077492e+00 5.056840e-01 1.559742e+00
5.078492e+00 3.895933e-01 1.559602e+00
5.079492e+00 3.837183e-01 1.559430e+00
5.080492e+00 5.138308e-01 1.559226e+00
5.081492e+00 5.453464e-01 1.558988e+00
5.082492e+00 6.722015e-01 1.558716e+00
5.083492e+00 5.597812e-01 1.558410e+00
5.084492e+00 5.453435e-01 1.558070e+00
5.085491e+00 4.427317e-01 1.557695e+00
5.086491e+00 3.991971e-01 1.557285e+00
5.087491e+00 3.559578e-01 1.556840e+00
5.088491e+00 4.044296e-01 1.556358e+00
5.089491e+00 4.248382e-01 1.555841e+00
5.090491e+00 6.202089e-01 1.555286e+00
5.091491e+00 5.889213e-01 1.554695e+00
5.092491e+00 5.888281e-01 1.554066e+00
5.093491e+00 6.800007e-01 1.553399e+00
5.094491e+00 6.316278e-01 1.552693e+00
5.095490e+00 4.952519e-01 1.551949e+00
5.096490e+00 5.120900e-01 1.551166e+00
5.097490e+00 4.809041e-01 1.550344e+00
5.098490e+00 4.443687e-01 1.549481e+00
5.099490e+00 4.950323e-01 1.548579e+00
5.100490e+00 6.206391e-01 1.547635e+00
5.101490e+00 6.455424e-01 1.546651e+00
5.102490e+00 7.397336e-01 1.545625e+00
5.103490e+00 7.536584e-01 1.544557e+00
5.104490e+00 5.629006e-01 1.543447e+00
5.105489e+00 6.151965e-01 1.542294e+00
5.106489e+00 6.400737e-01 1.541098e+00
5.107489e+00 5.326816e-01 1.539859e+00
5.108489e+00 4.671204e-01 1.538576e+00
5.109489e+00 5.993833e-01 1.537248e+00
5.110489e+00 5.705307e-01 1.535876e+00
5.111489e+00 7.034810e-01 1.534458e+00
5.112489e+00 7.677869e-01 1.532996e+00
5.113489e+00 7.891418e-01 1.531487e+00
5.114489e+00 6.265308e-01 1.529932e+00
5.115488e+00 6.884363e-01 1.528330e+00
5.116488e+00 6.933627e-01 1.526681e+00
5.117488e+00 5.768524e-01 1.524985e+00
5.118488e+00 5.276181e-01 1.523241e+00
5.119488e+00 6.890423e-01 1.521449e+00
5.120488e+00 6.858281e-01 1.519608e+00
5.121488e+00 7.719643e-01 1.517718e+00
5.122488e+00 7.907368e-01 1.515779e+00
5.123488e+00 8.232163e-01 1.513790e+00
5.124488e+00 7.095145e-01 1.511751e+00
5.125487e+00 7.346915e-01 1.509662e+00
5.126487e+00 6.994009e-01 1.507521e+00
5.127487e+00 6.884644e-01 1.505330e+00
5.128487e+00 6.186085e-01 1.503086e+00
5.129487e+00 7.459002e-01 1.500791e+00
5.130487e+00 8.491669e-01 1.498444e+00
5.131487e+00 7.537140e-01 1.496043e+00
5.132487e+00 8.160523e-01 1.493590e+00
5.133487e+00 8.701575e-01 1.491084e+00
5.134487e+00 7.001674e-01 1.488524e+00
5.135486e+00 7.358313e-01 1.485909e+00
5.136486e+00 6.966892e-01 1.483241e+00
5.137486e+00 6.256205e-01 1.480518e+00
5.138486e+00 8.111572e-01 1.477739e+00
5.139486e+00 6.952602e-01 1.474906e+00
5.140486e+00 7.765604e-01 1.472017e+00
5.141486e+00 9.170877e-01 1.469071e+00
5.142486e+00 9.402032e-01 1.466070e+00
5.143486e+00 1.014475e+00 1.463012e+00
5.144486e+00 7.448335e-01 1.459898e+00
5.145485e+00 7.533358e-01 1.456726e+00
5.146485e+00 7.192513e-01 1.453497e+00
5.147485e+00 7.509710e-01 1.450210e+00
5.148485e+00 6.048095e-01 1.446866e+00
5.149485e+00 7.197164e-01 1.443463e+00
5.150485e+00 8.494338e-01 1.440002e+00
5.151485e+00 9.262788e-01 1.436482e+00
5.152485e+00 9.057662e-01 1.432904e+00
5.153485e+00 9.300284e-01 1.429266e+00
5.154485e+00 8.655173e-01 1.425569e+00
5.155484e+00 7.957126e-01 1.421813e+00
5.156484e+00 7.309109e-01 1.417997e+00
5.157484e+00 6.123929e-01 1.414121e+00
5.158484e+00 7.999338e-01 1.410186e+00
5.159484e+00 8.257063e-01 1.406190e+00
5.160484e+00 9.102231e-01 1.402133e+00
5.161484e+00 9.493885e-01 1.398016e+00
5.162484e+00 9.101159e-01 1.393839e+00
5.163484e+00 9.107159e-01 1.389601e+00
5.164484e+00 7.713917e-01 1.385302e+00
5.165483e+00 9.346361e-01 1.380942e+00
5.166483e+00 8.530706e-01 1.376521e+00
5.167483e+00 7.100913e-01 1.372038e+00
5.168483e+00 7.236812e-01 1.367495e+00
5.169483e+00 7.713097e-01 1.362890e+00
5.170483e+00 9.390360e-01 1.358224e+00
5.171483e+00 9.223945e-01 1.353496e+00
5.172483e+00 1.051655e+00 1.348707e+00
5.173483e+00 9.191355e-01 1.343857e+00
5.174483e+00 8.942910e-01 1.338945e+00
5.175482e+00 8.058607e-01 1.333972e+00
5.176482e+00 8.286291e-01 1.328938e+00
5.177482e+00 8.481379e-01 1.323842e+00
5.178482e+00 8.157144e-01 1.318685e+00
5.179482e+00 9.724134e-01 1.313466e+00
5.180482e+00 8.548166e-01 1.308187e+00
5.181482e+00 1.019815e+00 1.302846e+00
5.182482e+00 1.028798e+00 1.297444e+00
5.183482e+00 9.153257e-01 1.291982e+00
5.184482e+00 9.397318e-01 1.286458e+00
5.185481e+00 9.875304e-01 1.280875e+00
5.186481e+00 7.764771e-01 1.275230e+00
5.187481e+00 7.835306e-01 1.269526e+00
5.188481e+00 8.175076e-01 1.263761e+00
5.189481e+00 7.977839e-01 1.257937e+00
5.190481e+00 9.465623e-01 1.252053e+00
5.191481e+00 1.023663e+00 1.246109e+00
5.192481e+00 9.983958e-01 1.240106e+00
5.193481e+00 1.117512e+00 1.234045e+00
5.194481e+00 9.442401e-01 1.227924e+00
5.195480e+00 9.344642e-01 1.221746e+00
5.196480e+00 8.080744e-01 1.215509e+00
5.197480e+00 9.712813e-01 1.209214e+00
5.198480e+00 8.586025e-01 1.202862e+00
5.199480e+00 8.999066e-01 1.196453e+00
5.200480e+00 1.019622e+00 1.189988e+00
5.201480e+00 1.074028e+00 1.183466e+00
5.202480e+00 1.091387e+00 1.176888e+00
5.203480e+00 1.097427e+00 1.170254e+00
5.204480e+00 1.052895e+00 1.163565e+00
5.205479e+00 9.193739e-01 1.156822e+00
5.206479e+00 9.004514e-01 1.150024e+00
5.207479e+00 8.099293e-01 1.143173e+00
5.208479e+00 9.667423e-01 1.136268e+00
5.209479e+00 9.423993e-01 1.129311e+00
5.210479e+00 9.244637e-01 1.122301e+00
5.211479e+00 9.982392e-01 1.115239e+00
5.212479e+00 1.051751e+00 1.108127e+00
5.213479e+00 1.117116e+00 1.100963e+00
5.214479e+00 9.549724e-01 1.093749e+00
5.215478e+00 9.772407e-01 1.086486e+00
5.216478e+00 7.742553e-01 1.079174e+00
5.217478e+00 9.278943e-01 1.071813e+00
5.218478e+00 9.221626e-01 1.064404e+00
5.219478e+00 1.009262e+00 1.056949e+00
5.220478e+00 9.741413e-01 1.049447e+00
5.221478e+00 1.080017e+00 1.041899e+00
5.222478e+00 1.041608e+00 1.034305e+00
5.223478e+00 1.125921e+00 1.026668e+00
5.224478e+00 1.006855e+00 1.018986e+00
5.225477e+00 9.166540e-01 1.011261e+00
5.226477e+00 8.266588e-01 1.003494e+00
5.227477e+00 7.804065e-01 9.956853e-01
5.228477e+00 1.027155e+00 9.878354e-01
5.229477e+00 9.991030e-01 9.799453e-01
5.230477e+00 9.133687e-01 9.720156e-01
5.231477e+00 1.143177e+00 9.640472e-01
5.232477e+00 1.230838e+00 9.560408e-01
5.233477e+00 1.154571e+00 9.479972e-01
5.234477e+00 9.986017e-01 9.399172e-01
5.235476e+00 1.024456e+00 9.318016e-01
5.236476e+00 9.475796e-01 9.236511e-01
5.237476e+00 8.743373e-01 9.154666e-01
5.238476e+00 9.359696e-01 9.072489e-01
5.239476e+00 1.023246e+00 8.989988e-01
5.240476e+00 1.083426e+00 8.907172e-01
5.241476e+00 1.153026e+00 8.824049e-01
5.242476e+00 1.065445e+00 8.740627e-01
5.243476e+00 1.061478e+00 8.656914e-01
5.244476e+00 1.050036e+00 8.572920e-01
5.245475e+00 1.047473e+00 8.488653e-01
5.246475e+00 8.669982e-01 8.404121e-01
5.247475e+00 9.336707e-01 8.319333e-01
5.248475e+00 8.855956e-01 8.234298e-01
5.249475e+00 9.576836e-01 8.149024e-01
5.250475e+00 1.026286e+00 8.063521e-01
5.251475e+00 1.044269e+00 7.977796e-01
5.252475e+00 1.159969e+00 7.891859e-01
5.253475e+00 1.065017e+00 7.805718e-01
5.254475e+00 1.109494e+00 7.719383e-01
5.255474e+00 9.933159e-01 7.632862e-01
5.256474e+00 7.938253e-01 7.546164e-01
5.257474e+00 8.880660e-01 7.459298e-01
5.258474e+00 1.018243e+00 7.372272e-01
5.259474e+00 9.512958e-01 7.285095e-01
5.260474e+00 9.831097e-01 7.197777e-01
5.261474e+00 1.114122e+00 7.110326e-01
5.262474e+00 1.096124e+00 7.022750e-01
5.263474e+00 1.082705e+00 6.935059e-01
5.264474e+00 1.026153e+00 6.847260e-01
5.265473e+00 9.224341e-01 6.759364e-01
5.266473e+00 9.065756e-01 6.671378e-01
5.267473e+00 9.273072e-01 6.583311e-01
5.268473e+00 8.050570e-01 6.495172e-01
5.269473e+00 1.012462e+00 6.406969e-01
5.270473e+00 1.050249e+00 6.318711e-01
5.271473e+00 1.076673e+00 6.230406e-01
5.272473e+00 1.054962e+00 6.142062e-01
5.273473e+00 1.047549e+00 6.053688e-01
5.274473e+00 1.100949e+00 5.965292e-01
5.275472e+00 9.879915e-01 5.876882e-01
5.276472e+00 9.039870e-01 5.788467e-01
5.277472e+00 8.389488e-01 5.700054e-01
5.278472e+00 9.219002e-01 5.611652e-01
5.279472e+00 1.032437e+00 5.523268e-01
5.280472e+00 1.045599e+00 5.434910e-01
5.281472e+00 1.038994e+00 5.346587e-01
5.282472e+00 9.788829e-01 5.258305e-01
5.283472e+00 9.932309e-01 5.170072e-01
5.284472e+00 1.056255e+00 5.081896e-01
5.285471e+00 9.216000e-01 4.993785e-01
5.286471e+00 8.941809e-01 4.905745e-01
5.287471e+00 8.976083e-01 4.817783e-01
5.288471e+00 8.620878e-01 4.729908e-01
5.289471e+00 9.398470e-01 4.642126e-01
5.290471e+00 1.103701e+00 4.554444e-01
5.291471e+00 1.004533e+00 4.466869e-01
5.292471e+00 1.113838e+00 4.379407e-01
5.293471e+00 1.024721e+00 4.292066e-01
5.294471e+00 1.031267e+00 4.204852e-01
5.295470e+00 8.883717e-01 4.117771e-01
5.296470e+00 8.479084e-01 4.030829e-01
5.297470e+00 8.672305e-01 3.944033e-01
5.298470e+00 8.577209e-01 3.857390e-01
5.299470e+00 9.428809e-01 3.770904e-01
5.300470e+00 9.921708e-01 3.684583e-01
5.301470e+00 1.047319e+00 3.598431e-01
5.302470e+00 9.959617e-01 3.512454e-01
5.303470e+00 9.926729e-01 3.426658e-01
5.304470e+00 1.019367e+00 3.341049e-01
5.305469e+00 8.592425e-01 3.255631e-01
5.306469e+00 8.747417e-01 3.170410e-01
5.307469e+00 8.315535e-01 3.085391e-01
5.308469e+00 8.631870e-01 3.000579e-01
5.309469e+00 9.118203e-01 2.915979e-01
5.310469e+00 9.451163e-01 2.831596e-01
5.311469e+00 1.077518e+00 2.747433e-01
5.312469e+00 9.826167e-01 2.663496e-01
5.313469e+00 9.739145e-01 2.579789e-01
5.314469e+00 9.654211e-01 2.496317e-01
5.315468e+00 9.179473e-01 2.413083e-01
5.316468e+00 8.420968e-01 2.330091e-01
5.317468e+00 8.588104e-01 2.247346e-01
5.318468e+00 7.312901e-01 2.164851e-01
5.319468e+00 8.896391e-01 2.082610e-01
5.320468e+00 8.533724e-01 2.000626e-01
5.321468e+00 1.031453e+00 1.918902e-01
5.322468e+00 1.080656e+00 1.837443e-01
5.323468e+00 1.026138e+00 1.756251e-01
5.324468e+00 9.362789e-01 1.675330e-01
5.325467e+00 8.513534e-01 1.594682e-01
5.326467e+00 7.571223e-01 1.514309e-01
5.327467e+00 7.381212e-01 1.434216e-01
5.328467e+00 8.061194e-01 1.354404e-01
5.329467e+00 8.695882e-01 1.274877e-01
5.330467e+00 8.991307e-01 1.195635e-01
5.331467e+00 9.065787e-01 1.116682e-01
5.332467e+00 9.527305e-01 1.038020e-01
5.333467e+00 9.283767e-01 9.596511e-02
5.334467e+00 8.705454e-01 8.815767e-02
5.335466e+00 8.861877e-01 8.037990e-02
5.336466e+00 9.146850e-01 7.263196e-02
5.337466e+00 7.309967e-01 6.491402e-02
5.338466e+00 6.922106e-01 5.722624e-02
5.339466e+00 7.947789e-01 4.956874e-02
5.340466e+00 8.652885e-01 4.194167e-02
5.341466e+00 9.406920e-01 3.434514e-02
5.342466e+00 1.005534e+00 2.677927e-02
5.343466e+00 9.120104e-01 1.924415e-02
5.344466e+00 7.797406e-01 1.173989e-02
5.345465e+00 8.424052e-01 4.266560e-03
5.346465e+00 6.022130e-01 -3.175764e-03
5.347465e+00 6.654291e-01 -1.058702e-02
5.348465e+00 7.375887e-01 -1.796714e-02
5.349465e+00 7.378433e-01 -2.531610e-02
5.350465e+00 8.048390e-01 -3.263384e-02
5.351465e+00 9.036420e-01 -3.992034e-02
5.352465e+00 8.572601e-01 -4.717558e-02
5.353465e+00 8.415338e-01 -5.439955e-02
5.354465e+00 7.333320e-01 -6.159224e-02
5.355464e+00 7.618539e-01 -6.875364e-02
5.356464e+00 7.156787e-01 -7.588378e-02
5.357464e+00 8.009036e-01 -8.298267e-02
5.358464e+00 6.981520e-01 -9.005034e-02
5.359464e+00 8.282505e-01 -9.708681e-02
5.360464e+00 7.521256e-01 -1.040921e-01
5.361464e+00 8.870203e-01 -1.110663e-01
5.362464e+00 9.451806e-01 -1.180094e-01
5.363464e+00 8.579764e-01 -1.249216e-01
5.364464e+00 7.750042e-01 -1.318028e-01
5.365463e+00 7.334253e-01 -1.386531e-01
5.366463e+00 6.831631e-01 -1.454726e-01
5.367463e+00 6.604511e-01 -1.522613e-01
5.368463e+00 6.960100e-01 -1.590195e-01
5.369463e+00 7.006504e-01 -1.657471e-01
5.370463e+00 6.856684e-01 -1.724442e-01
5.371463e+00 7.605432e-01 -1.791109e-01
5.372463e+00 8.271254e-01 -1.857474e-01
5.373463e+00 7.851742e-01 -1.923538e-01
5.374463e+00 7.703409e-01 -1.989300e-01
5.375462e+00 6.585590e-01 -2.054764e-01
5.376462e+00 7.300761e-01 -2.119929e-01
5.377462e+00 6.453711e-01 -2.184797e-01
5.378462e+00 5.563004e-01 -2.249369e-01
5.379462e+00 5.792812e-01 -2.313647e-01
5.380462e+00 6.902771e-01 -2.377631e-01
5.381462e+00 8.384233e-01 -2.441323e-01
5.382462e+00 7.906054e-01 -2.504725e-01
5.383462e+00 7.565786e-01 -2.567836e-01
5.384462e+00 7.867658e-01 -2.630660e-01
5.385461e+00 5.937120e-01 -2.693197e-01
5.386461e+00 6.234066e-01 -2.755448e-01
5.387461e+00 5.615468e-01 -2.817415e-01
5.388461e+00 5.057332e-01 -2.879099e-01
5.389461e+00 6.087346e-01 -2.940502e-01
5.390461e+00 7.083281e-01 -3.001625e-01
5.391461e+00 7.019913e-01 -3.062469e-01
5.392461e+00 7.432291e-01 -3.123036e-01
5.393461e+00 6.058764e-01 -3.183327e-01
5.394461e+00 6.480206e-01 -3.243343e-01
5.395460e+00 5.282600e-01 -3.303086e-01
5.396460e+00 5.444216e-01 -3.362557e-01
5.397460e+00 5.663591e-01 -3.421758e-01
5.398460e+00 5.406997e-01 -3.480689e-01
5.399460e+00 5.258991e-01 -3.539353e-01
5.400460e+00 6.013554e-01 -3.597750e-01
5.401460e+00 6.220708e-01 -3.655881e-01
5.402460e+00 5.654768e-01 -3.713749e-01
5.403460e+00 6.989269e-01 -3.771354e-01
5.404460e+00 5.026525e-01 -3.828698e-01
5.405459e+00 5.620152e-01 -3.885781e-01
5.406459e+00 5.255202e-01 -3.942605e-01
5.407459e+00 4.576089e-01 -3.999171e-01
5.408459e+00 4.157043e-01 -4.055481e-01
5.409459e+00 5.410476e-01 -4.111535e-01
5.410459e+00 6.458166e-01 -4.167335e-01
5.411459e+00 5.802298e-01 -4.222882e-01
5.412459e+00 6.388456e-01 -4.278176e-01
5.413459e+00 7.009393e-01 -4.333219e-01
5.414459e+00 6.030145e-01 -4.388012e-01
5.415458e+00 4.960453e-01 -4.442556e-01
5.416458e+00 4.477616e-01 -4.496852e-01
5.417458e+00 4.819587e-01 -4.550901e-01
5.418458e+00 4.299761e-01 -4.604703e-01
5.419458e+00 4.684676e-01 -4.658261e-01
5.420458e+00 5.123459e-01 -4.711573e-01
5.421458e+00 6.539799e-01 -4.764642e-01
5.422458e+00 5.416667e-01 -4.817469e-01
5.423458e+00 5.706060e-01 -4.870053e-01
5.424458e+00 4.774756e-01 -4.922397e-01
5.425457e+00 3.612325e-01 -4.974499e-01
5.426457e+00 4.067532e-01 -5.026363e-01
5.427457e+00 3.040209e-01 -5.077987e-01
5.428457e+00 3.923232e-01 -5.129373e-01
5.429457e+00 3.450033e-01 -5.180521e-01
5.430457e+00 5.240849e-01 -5.231432e-01
5.431457e+00 5.803341e-01 -5.282107e-01
5.432457e+00 5.409579e-01 -5.332546e-01
5.433457e+00 5.058033e-01 -5.382749e-01
5.434457e+00 3.676244e-01 -5.432718e-01
5.435456e+00 4.190926e-01 -5.482452e-01
5.436456e+00 2.743900e-01 -5.531953e-01
5.437456e+00 2.437689e-01 -5.581220e-01
5.438456e+00 2.105880e-01 -5.630254e-01
5.439456e+00 2.585206e-01 -5.679056e-01
5.440456e+00 3.661711e-01 -5.727625e-01
5.441456e+00 3.366310e-01 -5.775963e-01
5.442456e+00 4.903932e-01 -5.824070e-01
5.443456e+00 4.922866e-01 -5.871945e-01
5.444456e+00 3.572088e-01 -5.919590e-01
5.445455e+00 2.565781e-01 -5.967004e-01
5.446455e+00 2.468435e-01 -6.014188e-01
5.447455e+00 1.622010e-01 -6.061142e-01
5.448455e+00 2.440871e-01 -6.107867e-01
5.449455e+00 2.981081e-01 -6.154362e-01
5.450455e+00 3.501967e-01 -6.200628e-01
5.451455e+00 4.092857e-01 -6.246664e-01
5.452455e+00 4.194839e-01 -6.292473e-01
5.453455e+00 3.376483e-01 -6.338052e-01
5.454455e+00 2.769923e-01 -6.383403e-01
5.455454e+00 2.268636e-01 -6.428526e-01
5.456454e+00 1.215809e-01 -6.473420e-01
5.457454e+00 1.997239e-01 -6.518087e-01
5.458454e+00 1.752194e-01 -6.562525e-01
5.459454e+00 2.011121e-01 -6.606736e-01
5.460454e+00 2.190560e-01 -6.650719e-01
5.461454e+00 3.459775e-01 -6.694474e-01
5.462454e+00 3.271707e-01 -6.738002e-01
5.463454e+00 3.028308e-01 -6.781303e-01
5.464454e+00 2.029142e-01 -6.824376e-01
5.465453e+00 1.320255e-01 -6.867222e-01
5.466453e+00 1.605330e-01 -6.909841e-01
5.467453e+00 1.179693e-01 -6.952233e-01
5.468453e+00 1.173533e-01 -6.994398e-01
5.469453e+00 1.639780e-01 -7.036335e-01
5.470453e+00 2.550569e-01 -7.078046e-01
5.471453e+00 2.269780e-01 -7.119530e-01
5.472453e+00 2.892702e-01 -7.160787e-01
5.473453e+00 1.885162e-01 -7.201817e-01
5.474453e+00 2.220162e-01 -7.242621e-01
5.475452e+00 1.241501e-01 -7.283198e-01
5.476452e+00 7.717769e-02 -7.323548e-01
5.477452e+00 5.349043e-02 -7.363672e-01
5.478452e+00 6.552417e-03 -7.403570e-01
5.479452e+00 6.107771e-02 -7.443241e-01
5.480452e+00 1.765258e-01 -7.482685e-01
5.481452e+00 2.208531e-01 -7.521904e-01
5.482452e+00 1.462700e-01 -7.560896e-01
5.483452e+00 2.419653e-01 -7.599662e-01
5.484452e+00 1.190791e-01 -7.638202e-01
5.485451e+00 7.872573e-02 -7.676516e-01
5.486451e+00 1.888375e-02 -7.714604e-01
5.487451e+00 -5.979483e-04 -7.752466e-01
5.488451e+00 -2.253021e-02 -7.790103e-01
5.489451e+00 -5.097180e-02 -7.827514e-01
5.490451e+00 5.736087e-02 -7.864699e-01
5.491451e+00 1.411847e-01 -7.901659e-01
5.492451e+00 2.443375e-01 -7.938395e-01
5.493451e+00 1.155208e-01 -7.974904e-01
5.494451e+00 7.040202e-02 -8.011189e-01
5.495450e+00 -1.761032e-02 -8.047250e-01
5.496450e+00 -1.108966e-01 -8.083085e-01
5.497450e+00 2.534137e-03 -8.118696e-01
5.498450e+00 -1.475709e-01 -8.154083e-01
5.499450e+00 -4.982340e-02 -8.189246e-01
5.500450e+00 -3.546824e-02 -8.224185e-01
5.501450e+00 1.386383e-01 -8.258900e-01
5.502450e+00 3.838727e-02 -8.293392e-01
5.503450e+00 3.539143e-02 -8.327660e-01
5.504450e+00 -1.786134e-02 -8.361705e-01
5.505449e+00 -8.744118e-02 -8.395528e-01
5.506449e+00 -1.648875e-01 -8.429128e-01
5.507449e+00 -1.981145e-01 -8.462505e-01
5.508449e+00 -1.062641e-01 -8.495661e-01
5.509449e+00 -5.012056e-02 -8.528595e-01
5.510449e+00 8.233907e-02 -8.561307e-01
5.511449e+00 -5.582009e-02 -8.593798e-01
5.512449e+00 1.301461e-01 -8.626068e-01
5.513449e+00 1.222124e-01 -8.658118e-01
5.514449e+00 -1.333596e-02 -8.689948e-01
5.515448e+00 -1.222873e-01 -8.721557e-01
5.516448e+00 -1.858627e-01 -8.752948e-01
5.517448e+00 -1.824804e-01 -8.784119e-01
5.518448e+00 -1.007332e-01 -8.815071e-01
5.519448e+00 -1.166852e-01 -8.845805e-01
5.520448e+00 -1.481684e-01 -8.876321e-01
5.521448e+00 -3.036131e-02 -8.906619e-01
5.522448e+00 -7.251536e-02 -8.936700e-01
5.523448e+00 -6.385576e-02 -8.966564e-01
5.524448e+00 -1.377894e-01 -8.996212e-01
5.525447e+00 -2.665423e-01 -9.025644e-01
5.526447e+00 -2.943460e-01 -9.054861e-01
5.527447e+00 -2.601262e-01 -9.083863e-01
5.528447e+00 -2.935363e-01 -9.112650e-01
5.529447e+00 -1.184263e-01 -9.141223e-01
5.530447e+00 -1.626097e-01 -9.169583e-01
5.531447e+00 -1.486301e-01 -9.197730e-01
5.532447e+00 -2.138715e-01 -9.225664e-01
5.533447e+00 -1.320251e-01 -9.253387e-01
5.534447e+00 -1.603356e-01 -9.280898e-01
5.535446e+00 -3.016076e-01 -9.308198e-01
5.536446e+00 -3.376688e-01 -9.335288e-01
5.537446e+00 -4.065578e-01 -9.362168e-01
5.538446e+00 -3.938736e-01 -9.388839e-01
5.539446e+00 -3.637379e-01 -9.415302e-01
5.540446e+00 -2.493697e-01 -9.441557e-01
5.541446e+00 -1.390414e-01 -9.467604e-01
5.542446e+00 -1.520065e-01 -9.493444e-01
5.543446e+00 -2.030481e-01 -9.519079e-01
5.544446e+00 -2.536094e-01 -9.544508e-01
5.545445e+00 -2.206492e-01 -9.569732e-01
5.546445e+00 -3.847859e-01 -9.594751e-01
5.547445e+00 -3.875545e-01 -9.619568e-01
5.548445e+00 -3.833468e-01 -9.644181e-01
5.549445e+00 -2.919114e-01 -9.668592e-01
5.550445e+00 -2.254995e-01 -9.692802e-01
5.551445e+00 -1.694071e-01 -9.716811e-01
5.552445e+00 -1.844038e-01 -9.740620e-01
5.553445e+00 -2.607013e-01 -9.764229e-01
5.554445e+00 -2.002759e-01 -9.787640e-01
5.555444e+00 -4.502612e-01 -9.810852e-01
5.556444e+00 -3.440890e-01 -9.833867e-01
5.557444e+00 -4.683378e-01 -9.856686e-01
5.558444e+00 -4.108884e-01 -9.879309e-01
5.559444e+00 -3.963326e-01 -9.901737e-01
5.560444e+00 -3.704030e-01 -9.923971e-01
5.561444e+00 -2.985012e-01 -9.946011e-01
5.562444e+00 -2.399221e-01 -9.967858e-01
5.563444e+00 -2.747765e-01 -9.989514e-01
5.564444e+00 -3.256957e-01 -1.001098e+00
5.565443e+00 -4.216111e-01 -1.003225e+00
5.566443e+00 -4.016898e-01 -1.005334e+00
5.567443e+00 -5.696067e-01 -1.007423e+00
5.568443e+00 -4.634190e-01 -1.009494e+00
5.569443e+00 -5.239009e-01 -1.011546e+00
5.570443e+00 -4.646296e-01 -1.013579e+00
5.571443e+00 -3.702371e-01 -1.015594e+00
5.572443e+00 -3.460864e-01 -1.017590e+00
5.573443e+00 -4.940482e-01 -1.019568e+00
5.574443e+00 -4.098811e-01 -1.021528e+00
5.575442e+00 -4.443784e-01 -1.023469e+00
5.576442e+00 -5.372230e-01 -1.025392e+00
5.577442e+00 -7.100568e-01 -1.027297e+00
5.578442e+00 -5.236278e-01 -1.029185e+00
5.579442e+00 -5.919176e-01 -1.031054e+00
5.580442e+00 -4.969700e-01 -1.032905e+00
5.581442e+00 -4.527199e-01 -1.034739e+00
5.582442e+00 -4.315117e-01 -1.036555e+00
5.583442e+00 -4.463850e-01 -1.038354e+00
5.584442e+00 -4.538430e-01 -1.040135e+00
5.585441e+00 -5.042054e-01 -1.041898e+00
5.586441e+00 -5.830387e-01 -1.043645e+00
5.587441e+00 -6.014954e-01 -1.045374e+00
5.588441e+00 -6.160357e-01 -1.047086e+00
5.589441e+00 -5.457107e-01 -1.048781e+00
5.590441e+00 -5.381712e-01 -1.050459e+00
5.591441e+00 -4.625987e-01 -1.052121e+00
5.592441e+00 -4.881479e-01 -1.053765e+00
5.593441e+00 -5.260759e-01 -1.055393e+00
5.594441e+00 -4.883766e-01 -1.057005e+00
5.595440e+00 -6.820537e-01 -1.058599e+00
5.596440e+00 -7.080397e-01 -1.060178e+00
5.597440e+00 -6.573559e-01 -1.061740e+00
5.598440e+00 -7.793139e-01 -1.063286e+00
5.599440e+00 -5.837391e-01 -1.064816e+00
5.600440e+00 -4.665690e-01 -1.066329e+00
5.601440e+00 -4.993221e-01 -1.067827e+00
5.602440e+00 -5.312147e-01 -1.069309e+00
5.603440e+00 -5.114046e-01 -1.070775e+00
5.604440e+00 -6.084770e-01 -1.072226e+00
5.605439e+00 -6.429223e-01 -1.073661e+00
5.606439e+00 -7.032816e-01 -1.075080e+00
5.607439e+00 -7.586394e-01 -1.076484e+00
5.608439e+00 -6.788652e-01 -1.077873e+00
5.609439e+00 -6.396670e-01 -1.079246e+00
5.610439e+00 -5.018122e-01 -1.080605e+00
5.611439e+00 -4.534867e-01 -1.081948e+00
5.612439e+00 -5.603971e-01 -1.083277e+00
5.613439e+00 -5.687420e-01 -1.084590e+00
5.614439e+00 -5.846746e-01 -1.085889e+00
5.615438e+00 -6.893785e-01 -1.087173e+00
5.616438e+00 -6.345272e-01 -1.088443e+00
5.617438e+00 -7.661325e-01 -1.089698e+00
5.618438e+00 -7.284396e-01 -1.090939e+00
5.619438e+00 -6.728847e-01 -1.092165e+00
5.620438e+00 -5.799471e-01 -1.093378e+00
5.621438e+00 -5.288409e-01 -1.094576e+00
5.622438e+00 -6.978263e-01 -1.095760e+00
5.623438e+00 -6.685168e-01 -1.096930e+00
5.624438e+00 -6.321386e-01 -1.098087e+00
5.625437e+00 -7.268011e-01 -1.099229e+00
5.626437e+00 -7.875781e-01 -1.100359e+00
5.627437e+00 -7.385535e-01 -1.101474e+00
5.628437e+00 -8.143790e-01 -1.102576e+00
5.629437e+00 -8.105897e-01 -1.103665e+00
5.630437e+00 -7.267708e-01 -1.104740e+00
5.631437e+00 -6.490325e-01 -1.105803e+00
5.632437e+00 -5.649524e-01 -1.106852e+00
5.633437e+00 -6.043866e-01 -1.107888e+00
5.634437e+00 -6.855839e-01 -1.108912e+00
5.635436e+00 -7.770825e-01 -1.109923e+00
5.636436e+00 -8.460518e-01 -1.110920e+00
5.637436e+00 -9.570247e-01 -1.111906e+00
5.638436e+00 -8.684297e-01 -1.112879e+00
5.639436e+00 -7.806107e-01 -1.113839e+00
5.640436e+00 -7.515646e-01 -1.114787e+00
5.641436e+00 -6.374423e-01 -1.115723e+00
5.642436e+00 -6.820801e-01 -1.116647e+00
5.643436e+00 -7.008119e-01 -1.117559e+00
5.644436e+00 -7.863489e-01 -1.118459e+00
5.645435e+00 -8.755369e-01 -1.119347e+00
5.646435e+00 -9.103992e-01 -1.120223e+00
5.647435e+00 -8.231110e-01 -1.121087e+00
5.648435e+00 -8.869213e-01 -1.121940e+00
5.649435e+00 -8.861142e-01 -1.122782e+00
5.650435e+00 -8.227898e-01 -1.123612e+00
5.651435e+00 -6.656965e-01 -1.124431e+00
5.652435e+00 -7.763995e-01 -1.125239e+00
5.653435e+00 -6.958138e-01 -1.126036e+00
5.654435e+00 -7.630144e-01 -1.126821e+00
5.655434e+00 -8.658021e-01 -1.127596e+00
5.656434e+00 -8.961919e-01 -1.128360e+00
5.657434e+00 -8.823762e-01 -1.129114e+00
5.658434e+00 -9.036958e-01 -1.129856e+00
5.659434e+00 -8.829556e-01 -1.130589e+00
5.660434e+00 -7.576041e-01 -1.131310e+00
5.661434e+00 -8.526121e-01 -1.132022e+00
5.662434e+00 -7.424847e-01 -1.132723e+00
5.663434e+00 -7.827527e-01 -1.133415e+00
5.664434e+00 -8.823377e-01 -1.134096e+00
5.665433e+00 -9.297759e-01 -1.134767e+00
5.666433e+00 -9.589346e-01 -1.135429e+00
5.667433e+00 -9.567090e-01 -1.136080e+00
5.668433e+00 -9.569498e-01 -1.136723e+00
5.669433e+00 -9.846562e-01 -1.137355e+00
5.670433e+00 -8.715465e-01 -1.137978e+00
5.671433e+00 -8.234507e-01 -1.138592e+00
5.672433e+00 -7.208344e-01 -1.139197e+00
5.673433e+00 -7.950399e-01 -1.139792e+00
5.674433e+00 -9.058641e-01 -1.140379e+00
5.675432e+00 -8.979730e-01 -1.140956e+00
5.676432e+00 -9.698678e-01 -1.141525e+00
5.677432e+00 -1.010025e+00 -1.142085e+00
5.678432e+00 -1.186414e+00 -1.142637e+00
5.679432e+00 -9.328486e-01 -1.143179e+00
5.680432e+00 -8.746271e-01 -1.143714e+00
5.681432e+00 -8.166152e-01 -1.144240e+00
5.682432e+00 -7.213796e-01 -1.144758e+00
5.683432e+00 -8.665838e-01 -1.145267e+00
5.684432e+00 -9.436591e-01 -1.145769e+00
5.685431e+00 -9.290583e-01 -1.146263e+00
5.686431e+00 -9.871687e-01 -1.146749e+00
5.687431e+00 -1.005185e+00 -1.147227e+00
5.688431e+00 -1.052869e+00 -1.147697e+00
5.689431e+00 -9.421515e-01 -1.148160e+00
5.690431e+00 -9.485083e-01 -1.148616e+00
5.691431e+00 -8.645596e-01 -1.149064e+00
5.692431e+00 -7.566010e-01 -1.149505e+00
5.693431e+00 -8.281824e-01 -1.149939e+00
5.694431e+00 -9.783035e-01 -1.150366e+00
5.695430e+00 -9.677860e-01 -1.150786e+00
5.696430e+00 -1.075454e+00 -1.151200e+00
5.697430e+00 -1.081930e+00 -1.151606e+00
5.698430e+00 -1.077706e+00 -1.152006e+00
5.699430e+00 -1.011800e+00 -1.152400e+00
5.700430e+00 -8.348104e-01 -1.152787e+00
5.701430e+00 -8.223357e-01 -1.153168e+00
5.702430e+00 -8.221634e-01 -1.153543e+00
5.703430e+00 -8.286332e-01 -1.153912e+00
5.704430e+00 -9.665402e-01 -1.154274e+00
5.705429e+00 -9.013282e-01 -1.154631e+00
5.706429e+00 -1.084459e+00 -1.154983e+00
5.707429e+00 -1.057159e+00 -1.155328e+00
5.708429e+00 -1.029168e+00 -1.155668e+00
5.709429e+00 -9.931498e-01 -1.156003e+00
5.710429e+00 -8.913471e-01 -1.156333e+00
5.711429e+00 -9.330817e-01 -1.156657e+00
5.712429e+00 -9.153231e-01 -1.156976e+00
5.713429e+00 -9.882643e-01 -1.157290e+00
5.714429e+00 -9.397779e-01 -1.157600e+00
5.715428e+00 -9.720455e-01 -1.157905e+00
5.716428e+00 -1.040508e+00 -1.158205e+00
5.717428e+00 -1.125890e+00 -1.158500e+00
5.718428e+00 -1.078629e+00 -1.158791e+00
5.719428e+00 -1.022100e+00 -1.159078e+00
5.720428e+00 -9.895444e-01 -1.159361e+00
5.721428e+00 -8.580550e-01 -1.159640e+00
5.722428e+00 -7.948429e-01 -1.159915e+00
5.723428e+00 -9.036655e-01 -1.160186e+00
5.724428e+00 -9.477980e-01 -1.160453e+00
5.725427e+00 -1.040076e+00 -1.160717e+00
5.726427e+00 -1.016746e+00 -1.160977e+00
5.727427e+00 -1.131502e+00 -1.161234e+00
5.728427e+00 -1.103076e+00 -1.161488e+00
5.729427e+00 -9.783401e-01 -1.161738e+00
5.730427e+00 -8.788976e-01 -1.161986e+00
5.731427e+00 -9.348809e-01 -1.162231e+00
5.732427e+00 -8.860136e-01 -1.162473e+00
5.733427e+00 -9.338621e-01 -1.162712e+00
5.734427e+00 -9.626449e-01 -1.162949e+00
5.735426e+00 -1.097204e+00 -1.163184e+00
5.736426e+00 -1.046887e+00 -1.163416e+00
5.737426e+00 -1.070135e+00 -1.163646e+00
5.738426e+00 -1.058157e+00 -1.163875e+00
5.739426e+00 -1.081353e+00 -1.164101e+00
5.740426e+00 -9.132749e-01 -1.164325e+00
5.741426e+00 -9.701462e-01 -1.164548e+00
5.742426e+00 -8.750359e-01 -1.164770e+00
5.743426e+00 -9.210840e-01 -1.164990e+00
5.744426e+00 -1.048065e+00 -1.165209e+00
5.745425e+00 -8.945872e-01 -1.165427e+00
5.746425e+00 -1.095507e+00 -1.165643e+00
5.747425e+00 -1.091771e+00 -1.165859e+00
5.748425e+00 -1.054143e+00 -1.166074e+00
5.749425e+00 -8.995492e-01 -1.166289e+00
5.750425e+00 -9.220258e-01 -1.166503e+00
5.751425e+00 -9.458095e-01 -1.166717e+00
5.752425e+00 -9.865205e-01 -1.166931e+00
5.753425e+00 -8.060053e-01 -1.167144e+00
5.754425e+00 -9.532566e-01 -1.167358e+00
5.755424e+00 -9.906173e-01 -1.167572e+00
5.756424e+00 -1.017977e+00 -1.167786e+00
5.757424e+00 -1.073989e+00 -1.168001e+00
5.758424e+00 -1.043375e+00 -1.168216e+00
5.759424e+00 -9.875678e-01 -1.168433e+00
5.760424e+00 -9.481914e-01 -1.168650e+00
5.761424e+00 -9.308195e-01 -1.168868e+00
5.762424e+00 -8.673900e-01 -1.169087e+00
5.763424e+00 -9.760686e-01 -1.169308e+00
5.764424e+00 -9.223139e-01 -1.169530e+00
5.765423e+00 -1.019396e+00 -1.169753e+00
5.766423e+00 -9.911747e-01 -1.169979e+00
5.767423e+00 -1.039352e+00 -1.170206e+00
5.768423e+00 -1.041878e+00 -1.170436e+00
5.769423e+00 -9.685967e-01 -1.170668e+00
5.770423e+00 -9.724368e-01 -1.170902e+00
5.771423e+00 -8.961049e-01 -1.171138e+00
5.772423e+00 -8.870339e-01 -1.171377e+00
5.773423e+00 -9.494401e-01 -1.171619e+00
5.774423e+00 -9.597520e-01 -1.171864e+00
5.775422e+00 -1.059745e+00 -1.172112e+00
5.776422e+00 -9.617426e-01 -1.172363e+00
5.777422e+00 -1.143093e+00 -1.172618e+00
5.778422e+00 -1.105884e+00 -1.172876e+00
5.779422e+00 -9.933032e-01 -1.173138e+00
5.780422e+00 -8.812158e-01 -1.173404e+00
5.781422e+00 -9.092950e-01 -1.173673e+00
5.782422e+00 -8.236976e-01 -1.173947e+00
5.783422e+00 -8.588008e-01 -1.174226e+00
5.784422e+00 -9.303491e-01 -1.174509e+00
5.785421e+00 -9.396569e-01 -1.174796e+00
5.786421e+00 -1.000619e+00 -1.175088e+00
5.787421e+00 -1.031964e+00 -1.175386e+00
5.788421e+00 -1.045097e+00 -1.175688e+00
5.789421e+00 -1.000271e+00 -1.175996e+00
5.790421e+00 -8.467440e-01 -1.176309e+00
5.791421e+00 -7.836229e-01 -1.176628e+00
5.792421e+00 -8.627591e-01 -1.176952e+00
5.793421e+00 -8.994921e-01 -1.177283e+00
5.794421e+00 -8.911244e-01 -1.177620e+00
5.795420e+00 -1.020782e+00 -1.177963e+00
5.796420e+00 -9.985573e-01 -1.178312e+00
5.797420e+00 -1.003973e+00 -1.178669e+00
5.798420e+00 -1.036060e+00 -1.179032e+00
5.799420e+00 -9.614322e-01 -1.179402e+00
5.800420e+00 -8.839711e-01 -1.179779e+00
5.801420e+00 -9.029981e-01 -1.180163e+00
5.802420e+00 -7.994096e-01 -1.180555e+00
5.803420e+00 -9.784626e-01 -1.180955e+00
5.804420e+00 -8.504427e-01 -1.181363e+00
5.805419e+00 -1.000926e+00 -1.181779e+00
5.806419e+00 -9.309474e-01 -1.182202e+00
5.807419e+00 -1.070896e+00 -1.182635e+00
5.808419e+00 -9.714694e-01 -1.183076e+00
5.809419e+00 -1.024140e+00 -1.183526e+00
5.810419e+00 -9.425116e-01 -1.183984e+00
5.811419e+00 -9.242190e-01 -1.184452e+00
5.812419e+00 -8.495173e-01 -1.184930e+00
5.813419e+00 -8.505988e-01 -1.185416e+00
5.814419e+00 -9.236915e-01 -1.185913e+00
5.815418e+00 -1.161343e+00 -1.186419e+00
5.816418e+00 -1.005326e+00 -1.186936e+00
5.817418e+00 -1.003825e+00 -1.187463e+00
5.818418e+00 -1.067932e+00 -1.188000e+00
5.819418e+00 -8.595365e-01 -1.188548e+00
5.820418e+00 -8.087097e-01 -1.189107e+00
5.821418e+00 -7.436961e-01 -1.189677e+00
5.822418e+00 -8.193010e-01 -1.190258e+00
5.823418e+00 -7.759002e-01 -1.190851e+00
5.824418e+00 -8.727561e-01 -1.191455e+00
5.825417e+00 -9.221681e-01 -1.192071e+00
5.826417e+00 -1.010634e+00 -1.192700e+00
5.827417e+00 -9.680373e-01 -1.193341e+00
5.828417e+00 -8.770366e-01 -1.193994e+00
5.829417e+00 -9.181526e-01 -1.194659e+00
5.830417e+00 -7.810659e-01 -1.195338e+00
5.831417e+00 -8.277903e-01 -1.196030e+00
5.832417e+00 -7.579740e-01 -1.196735e+00
5.833417e+00 -7.451696e-01 -1.197454e+00
5.834417e+00 -9.636750e-01 -1.198186e+00
5.835416e+00 -8.944412e-01 -1.198933e+00
5.836416e+00 -8.987146e-01 -1.199693e+00
5.837416e+00 -9.648830e-01 -1.200468e+00
5.838416e+00 -8.950299e-01 -1.201258e+00
5.839416e+00 -9.479642e-01 -1.202062e+00
5.840416e+00 -8.379978e-01 -1.202882e+00
5.841416e+00 -6.330290e-01 -1.203717e+00
5.842416e+00 -7.890392e-01 -1.204567e+00
5.843416e+00 -6.625121e-01 -1.205433e+00
5.844416e+00 -7.262964e-01 -1.206315e+00
5.845415e+00 -7.787951e-01 -1.207213e+00
5.846415e+00 -8.925215e-01 -1.208127e+00
5.847415e+00 -9.276890e-01 -1.209058e+00
5.848415e+00 -8.925281e-01 -1.210006e+00
5.849415e+00 -8.861805e-01 -1.210971e+00
5.850415e+00 -8.786943e-01 -1.211953e+00
5.851415e+00 -7.891840e-01 -1.212953e+00
5.852415e+00 -7.226561e-01 -1.213971e+00
5.853415e+00 -6.655902e-01 -1.215006e+00
5.854415e+00 -7.935680e-01 -1.216060e+00
5.855414e+00 -8.703702e-01 -1.217133e+00
5.856414e+00 -8.254233e-01 -1.218224e+00
5.857414e+00 -9.397436e-01 -1.219334e+00
5.858414e+00 -8.754662e-01 -1.220463e+00
5.859414e+00 -8.443861e-01 -1.221612e+00
5.860414e+00 -7.551913e-01 -1.222781e+00
5.861414e+00 -6.990076e-01 -1.223969e+00
5.862414e+00 -6.181838e-01 -1.225178e+00
5.863414e+00 -6.495528e-01 -1.226407e+00
5.864414e+00 -7.026447e-01 -1.227657e+00
5.865413e+00 -7.144963e-01 -1.228928e+00
5.866413e+00 -7.836272e-01 -1.230220e+00
5.867413e+00 -7.529162e-01 -1.231533e+00
5.868413e+00 -8.251344e-01 -1.232869e+00
5.869413e+00 -7.245852e-01 -1.234226e+00
5.870413e+00 -7.443948e-01 -1.235606e+00
5.871413e+00 -6.241758e-01 -1.237008e+00
5.872413e+00 -6.249001e-01 -1.238433e+00
5.873413e+00 -6.105920e-01 -1.239881e+00
5.874413e+00 -6.607540e-01 -1.241352e+00
5.875412e+00 -8.260411e-01 -1.242847e+00
5.876412e+00 -7.740885e-01 -1.244365e+00
5.877412e+00 -7.900705e-01 -1.245908e+00
5.878412e+00 -7.752678e-01 -1.247475e+00
5.879412e+00 -7.103167e-01 -1.249067e+00
5.880412e+00 -6.683322e-01 -1.250684e+00
5.881412e+00 -5.410277e-01 -1.252326e+00
5.882412e+00 -6.302560e-01 -1.253993e+00
5.883412e+00 -5.391844e-01 -1.255687e+00
5.884412e+00 -6.276288e-01 -1.257406e+00
5.885411e+00 -6.713773e-01 -1.259152e+00
5.886411e+00 -8.416340e-01 -1.260924e+00
5.887411e+00 -6.472168e-01 -1.262723e+00
5.888411e+00 -6.496496e-01 -1.264549e+00
5.889411e+00 -6.681471e-01 -1.266403e+00
5.890411e+00 -6.656055e-01 -1.268285e+00
5.891411e+00 -5.517447e-01 -1.270194e+00
5.892411e+00 -5.633372e-01 -1.272132e+00
5.893411e+00 -5.594264e-01 -1.274099e+00
5.894411e+00 -5.260804e-01 -1.276094e+00
5.895410e+00 -7.003028e-01 -1.278119e+00
5.896410e+00 -6.352672e-01 -1.280173e+00
5.897410e+00 -5.546650e-01 -1.282257e+00
5.898410e+00 -7.193263e-01 -1.284371e+00
5.899410e+00 -7.140798e-01 -1.286516e+00
5.900410e+00 -6.349944e-01 -1.288691e+00
5.901410e+00 -5.473195e-01 -1.290897e+00
5.902410e+00 -4.428839e-01 -1.293135e+00
5.903410e+00 -5.362935e-01 -1.295404e+00
5.904410e+00 -5.164792e-01 -1.297705e+00
5.905409e+00 -5.785921e-01 -1.300038e+00
5.906409e+00 -6.345554e-01 -1.302404e+00
5.907409e+00 -6.980477e-01 -1.304803e+00
5.908409e+00 -6.826729e-01 -1.307235e+00
5.909409e+00 -5.642364e-01 -1.309700e+00
5.910409e+00 -4.770892e-01 -1.312200e+00
5.911409e+00 -4.647244e-01 -1.314733e+00
5.912409e+00 -4.782762e-01 -1.317301e+00
5.913409e+00 -3.218916e-01 -1.319903e+00
5.914409e+00 -5.544843e-01 -1.322540e+00
5.915408e+00 -5.471714e-01 -1.325213e+00
5.916408e+00 -6.262560e-01 -1.327922e+00
5.917408e+00 -5.612536e-01 -1.330666e+00
5.918408e+00 -6.719630e-01 -1.333447e+00
5.919408e+00 -5.003456e-01 -1.336265e+00
5.920408e+00 -3.415636e-01 -1.339119e+00
5.921408e+00 -3.455533e-01 -1.342011e+00
5.922408e+00 -3.062378e-01 -1.344940e+00
5.923408e+00 -4.395181e-01 -1.347907e+00
5.924408e+00 -5.012490e-01 -1.350913e+00
5.925407e+00 -4.192402e-01 -1.353957e+00
5.926407e+00 -4.973963e-01 -1.357040e+00
5.927407e+00 -5.160086e-01 -1.360162e+00
5.928407e+00 -5.808925e-01 -1.363324e+00
5.929407e+00 -4.109341e-01 -1.366526e+00
5.930407e+00 -3.829534e-01 -1.369768e+00
5.931407e+00 -2.903027e-01 -1.373050e+00
5.932407e+00 -3.062913e-01 -1.376374e+00
5.933407e+00 -3.261388e-01 -1.379738e+00
5.934407e+00 -4.478389e-01 -1.383144e+00
5.935406e+00 -4.012315e-01 -1.386592e+00
5.936406e+00 -4.565594e-01 -1.390082e+00
5.937406e+00 -5.172963e-01 -1.393615e+00
5.938406e+00 -4.674371e-01 -1.397191e+00
5.939406e+00 -4.448438e-01 -1.400809e+00
5.940406e+00 -2.713481e-01 -1.404471e+00
5.941406e+00 -3.303663e-01 -1.408178e+00
5.942406e+00 -3.599395e-01 -1.411928e+00
5.943406e+00 -3.402280e-01 -1.415722e+00
5.944406e+00 -3.197353e-01 -1.419562e+00
5.945405e+00 -4.025313e-01 -1.423447e+00
5.946405e+00 -4.982464e-01 -1.427377e+00
5.947405e+00 -4.157362e-01 -1.431353e+00
5.948405e+00 -3.326003e-01 -1.435375e+00
5.949405e+00 -3.703536e-01 -1.439443e+00
5.950405e+00 -3.083079e-01 -1.443558e+00
5.951405e+00 -1.782873e-01 -1.447721e+00
5.952405e+00 -1.324365e-01 -1.451931e+00
5.953405e+00 -1.791625e-01 -1.456188e+00
5.954405e+00 -2.709631e-01 -1.460494e+00
5.955404e+00 -2.644853e-01 -1.464848e+00
5.956404e+00 -4.121832e-01 -1.469250e+00
5.957404e+00 -3.523144e-01 -1.473702e+00
5.958404e+00 -3.264280e-01 -1.478203e+00
5.959404e+00 -2.324290e-01 -1.482754e+00
5.960404e+00 -2.654004e-01 -1.487354e+00
5.961404e+00 -2.182648e-01 -1.492005e+00
5.962404e+00 -1.848582e-01 -1.496706e+00
5.963404e+00 -1.558920e-01 -1.501459e+00
5.964404e+00 -2.101706e-01 -1.506262e+00
5.965403e+00 -2.530657e-01 -1.511117e+00
5.966403e+00 -2.363844e-01 -1.516024e+00
5.967403e+00 -2.874893e-01 -1.520982e+00
5.968403e+00 -2.712662e-01 -1.525993e+00
5.969403e+00 -1.984566e-01 -1.531057e+00
5.970403e+00 -1.893413e-01 -1.536174e+00
5.971403e+00 -1.594319e-01 -1.541344e+00
5.972403e+00 2.323987e-02 -1.546567e+00
5.973403e+00 -4.337901e-02 -1.551845e+00
5.974403e+00 -1.406779e-01 -1.557176e+00
5.975402e+00 -1.856319e-01 -1.562562e+00
5.976402e+00 -1.988016e-01 -1.568002e+00
5.977402e+00 -2.550721e-01 -1.573497e+00
5.978402e+00 -2.853748e-01 -1.579047e+00
5.979402e+00 -1.682247e-01 -1.584653e+00
5.980402e+00 -1.729387e-01 -1.590314e+00
5.981402e+00 -2.358140e-02 -1.596032e+00
5.982402e+00 -2.515636e-02 -1.601805e+00
5.983402e+00 -2.499751e-02 -1.607635e+00
5.984402e+00 -2.717333e-02 -1.613522e+00
5.985401e+00 -1.248912e-01 -1.619465e+00
5.986401e+00 -1.515719e-01 -1.625466e+00
5.987401e+00 -1.840248e-01 -1.631523e+00
5.988401e+00 -9.915431e-02 -1.637639e+00
5.989401e+00 -7.271348e-02 -1.643812e+00
5.990401e+00 -6.425810e-02 -1.650043e+00
5.991401e+00 6.201050e-02 -1.656333e+00
5.992401e+00 6.001216e-02 -1.662681e+00
5.993401e+00 4.387775e-02 -1.669087e+00
5.994401e+00 2.472158e-02 -1.675552e+00
5.995400e+00 -1.407877e-01 -1.682077e+00
5.996400e+00 -1.239367e-01 -1.688660e+00
5.997400e+00 -1.772537e-01 -1.695303e+00
5.998400e+00 -9.665426e-02 -1.702005e+00
5.999400e+00 -5.265559e-02 -1.708767e+00
6.000400e+00 -1.795027e-02 -1.715589e+00
6.001400e+00 1.490082e-01 -1.722470e+00
6.002400e+00 8.897866e-02 -1.729412e+00
6.003400e+00 1.422116e-01 -1.736414e+00
6.004400e+00 8.234398e-02 -1.743477e+00
6.005399e+00 -2.523769e-03 -1.750599e+00
6.006399e+00 -1.084016e-01 -1.757783e+00
6.007399e+00 -1.434581e-01 -1.765027e+00
6.008399e+00 4.766832e-03 -1.772332e+00
6.009399e+00 9.965212e-02 -1.779698e+00
6.010399e+00 1.348245e-01 -1.787125e+00
6.011399e+00 1.686060e-02 -1.794613e+00
6.012399e+00 1.614849e-01 -1.802163e+00
6.013399e+00 1.027375e-01 -1.809773e+00
6.014399e+00 1.496685e-01 -1.817445e+00
6.015398e+00 1.215396e-01 -1.825178e+00
6.016398e+00 8.088931e-02 -1.832972e+00
6.017398e+00 -1.800715e-02 -1.840828e+00
6.018398e+00 3.912259e-02 -1.848746e+00
6.019398e+00 1.431780e-01 -1.856724e+00
6.020398e+00 1.077590e-01 -1.864764e+00
6.021398e+00 1.973280e-01 -1.872866e+00
6.022398e+00 3.036898e-01 -1.881029e+00
6.023398e+00 2.781066e-01 -1.889253e+00
6.024398e+00 2.233476e-01 -1.897539e+00
6.025397e+00 9.377817e-02 -1.905887e+00
6.026397e+00 3.602059e-02 -1.914295e+00
6.027397e+00 1.021287e-01 -1.922765e+00
6.028397e+00 2.548901e-02 -1.931296e+00
6.029397e+00 8.582274e-02 -1.939888e+00
6.030397e+00 1.425457e-01 -1.948541e+00
6.031397e+00 3.357717e-01 -1.957255e+00
6.032397e+00 2.500875e-01 -1.966030e+00
6.033397e+00 3.185615e-01 -1.974866e+00
6.034397e+00 2.916696e-01 -1.983762e+00
6.035396e+00 1.689357e-01 -1.992719e+00
6.036396e+00 1.186744e-01 -2.001736e+00
6.037396e+00 1.538744e-02 -2.010813e+00
6.038396e+00 2.020396e-02 -2.019950e+00
6.039396e+00 1.434880e-01 -2.029148e+00
6.040396e+00 4.228430e-01 -2.038405e+00
6.041396e+00 3.402930e-01 -2.047721e+00
6.042396e+00 3.605005e-01 -2.057097e+00
6.043396e+00 4.136588e-01 -2.066532e+00
6.044396e+00 2.830409e-01 -2.076026e+00
6.045395e+00 2.968859e-01 -2.085578e+00
6.046395e+00 1.804385e-01 -2.095189e+00
6.047395e+00 2.263730e-01 -2.104858e+00
6.048395e+00 2.117221e-01 -2.114586e+00
6.049395e+00 3.133815e-01 -2.124370e+00
6.050395e+00 3.125073e-01 -2.134213e+00
6.051395e+00 4.147948e-01 -2.144112e+00
6.052395e+00 4.569585e-01 -2.154068e+00
6.053395e+00 3.942475e-01 -2.164081e+00
6.054395e+00 3.390678e-01 -2.174150e+00
6.055394e+00 2.965369e-01 -2.184275e+00
6.056394e+00 2.485425e-01 -2.194455e+00
6.057394e+00 2.827767e-01 -2.204691e+00
6.058394e+00 2.315530e-01 -2.214981e+00
6.059394e+00 2.740606e-01 -2.225326e+00
6.060394e+00 3.978051e-01 -2.235726e+00
6.061394e+00 4.008793e-01 -2.246179e+00
6.062394e+00 4.953973e-01 -2.256685e+00
6.063394e+00 4.173003e-01 -2.267245e+00
6.064394e+00 4.036596e-01 -2.277857e+00
6.065393e+00 4.282424e-01 -2.288521e+00
6.066393e+00 3.322949e-01 -2.299237e+00
6.067393e+00 3.544280e-01 -2.310004e+00
6.068393e+00 3.426686e-01 -2.320822e+00
6.069393e+00 3.677770e-01 -2.331691e+00
6.070393e+00 4.320374e-01 -2.342610e+00
6.071393e+00 4.492134e-01 -2.353578e+00
6.072393e+00 4.377803e-01 -2.364595e+00
6.073393e+00 5.891475e-01 -2.375661e+00
6.074393e+00 4.879965e-01 -2.386775e+00
6.075392e+00 4.296079e-01 -2.397936e+00
6.076392e+00 4.637809e-01 -2.409144e+00
6.077392e+00 3.278094e-01 -2.420400e+00
6.078392e+00 3.955630e-01 -2.431701e+00
6.079392e+00 3.813870e-01 -2.443047e+00
6.080392e+00 5.074821e-01 -2.454439e+00
6.081392e+00 5.529232e-01 -2.465875e+00
6.082392e+00 5.543759e-01 -2.477355e+00
6.083392e+00 5.666184e-01 -2.488878e+00
6.084392e+00 5.375198e-01 -2.500444e+00
6.085391e+00 4.559225e-01 -2.512053e+00
6.086391e+00 4.628544e-01 -2.523702e+00
6.087391e+00 4.984964e-01 -2.535393e+00
6.088391e+00 4.600700e-01 -2.547125e+00
6.089391e+00 5.841927e-01 -2.558896e+00
6.090391e+00 5.541228e-01 -2.570707e+00
6.091391e+00 6.227503e-01 -2.582556e+00
6.092391e+00 7.531434e-01 -2.594443e+00
6.093391e+00 6.225899e-01 -2.606368e+00
6.094391e+00 6.483669e-01 -2.618329e+00
6.095390e+00 4.493987e-01 -2.630327e+00
6.096390e+00 4.623777e-01 -2.642360e+00
6.097390e+00 4.641152e-01 -2.654428e+00
6.098390e+00 5.903330e-01 -2.666531e+00
6.099390e+00 5.376031e-01 -2.678667e+00
6.100390e+00 6.327503e-01 -2.690836e+00
6.101390e+00 7.519119e-01 -2.703037e+00
6.102390e+00 7.085384e-01 -2.715271e+00
6.103390e+00 7.607912e-01 -2.727535e+00
6.104390e+00 5.496448e-01 -2.739829e+00
6.105389e+00 5.526754e-01 -2.752153e+00
6.106389e+00 5.143854e-01 -2.764506e+00
6.107389e+00 5.890042e-01 -2.776888e+00
6.108389e+00 5.519511e-01 -2.789297e+00
6.109389e+00 5.557269e-01 -2.801733e+00
6.110389e+00 6.341467e-01 -2.814195e+00
6.111389e+00 7.417990e-01 -2.826683e+00
6.112389e+00 7.862721e-01 -2.839196e+00
6.113389e+00 7.985822e-01 -2.851733e+00
6.114389e+00 6.523656e-01 -2.864294e+00
6.115388e+00 7.179878e-01 -2.876878e+00
6.116388e+00 6.658974e-01 -2.889483e+00
6.117388e+00 6.306665e-01 -2.902111e+00
6.118388e+00 6.004958e-01 -2.914759e+00
6.119388e+00 6.804800e-01 -2.927427e+00
6.120388e+00 6.442149e-01 -2.940114e+00
6.121388e+00 7.572998e-01 -2.952820e+00
6.122388e+00 7.490771e-01 -2.965544e+00
6.123388e+00 7.876850e-01 -2.978285e+00
6.124388e+00 7.398482e-01 -2.991043e+00
6.125387e+00 7.211106e-01 -3.003817e+00
6.126387e+00 6.469831e-01 -3.016605e+00
6.127387e+00 6.515081e-01 -3.029409e+00
6.128387e+00 6.370614e-01 -3.042226e+00
6.129387e+00 6.747617e-01 -3.055056e+00
6.130387e+00 7.835355e-01 -3.067898e+00
6.131387e+00 8.126133e-01 -3.080752e+00
6.132387e+00 7.742520e-01 -3.093617e+00
6.133387e+00 9.127430e-01 -3.106492e+00
6.134387e+00 7.958243e-01 -3.119377e+00
6.135386e+00 7.630644e-01 -3.132271e+00
6.136386e+00 6.675935e-01 -3.145172e+00
6.137386e+00 6.128710e-01 -3.158082e+00
6.138386e+00 6.996490e-01 -3.170998e+00
6.139386e+00 7.636792e-01 -3.183920e+00
6.140386e+00 8.048660e-01 -3.196847e+00
6.141386e+00 8.817575e-01 -3.209779e+00
6.142386e+00 9.913118e-01 -3.222715e+00
6.143386e+00 9.102826e-01 -3.235655e+00
6.144386e+00 8.344166e-01 -3.248597e+00
6.145385e+00 6.956998e-01 -3.261541e+00
6.146385e+00 7.242378e-01 -3.274486e+00
6.147385e+00 7.571932e-01 -3.287432e+00
6.148385e+00 5.991160e-01 -3.300377e+00
6.149385e+00 6.813746e-01 -3.313322e+00
6.150385e+00 9.394704e-01 -3.326266e+00
6.151385e+00 9.262494e-01 -3.339207e+00
6.152385e+00 9.060794e-01 -3.352146e+00
6.153385e+00 8.999001e-01 -3.365082e+00
6.154385e+00 8.949934e-01 -3.378013e+00
6.155384e+00 7.981413e-01 -3.390939e+00
6.156384e+00 7.847132e-01 -3.403861e+00
6.157384e+00 7.730914e-01 -3.416776e+00
6.158384e+00 7.645983e-01 -3.429684e+00
6.159384e+00 8.051371e-01 -3.442586e+00
6.160384e+00 7.890704e-01 -3.455479e+00
6.161384e+00 8.552698e-01 -3.468364e+00
6.162384e+00 1.060319e+00 -3.481239e+00
6.163384e+00 9.765736e-01 -3.494105e+00
6.164384e+00 9.186967e-01 -3.506960e+00
6.165383e+00 7.987433e-01 -3.519804e+00
6.166383e+00 7.863708e-01 -3.532637e+00
6.167383e+00 7.774189e-01 -3.545457e+00
6.168383e+00 7.244125e-01 -3.558264e+00
6.169383e+00 8.276524e-01 -3.571058e+00
6.170383e+00 8.849476e-01 -3.583838e+00
6.171383e+00 9.500220e-01 -3.596603e+00
6.172383e+00 1.017097e+00 -3.609353e+00
6.173383e+00 1.037134e+00 -3.622087e+00
6.174383e+00 1.035332e+00 -3.634804e+00
6.175382e+00 9.152287e-01 -3.647504e+00
6.176382e+00 7.996867e-01 -3.660187e+00
6.177382e+00 7.866237e-01 -3.672852e+00
6.178382e+00 7.759536e-01 -3.685498e+00
6.179382e+00 8.205375e-01 -3.698124e+00
6.180382e+00 9.268388e-01 -3.710731e+00
6.181382e+00 1.125826e+00 -3.723318e+00
6.182382e+00 1.074235e+00 -3.735883e+00
6.183382e+00 9.630246e-01 -3.748427e+00
6.184382e+00 1.044134e+00 -3.760949e+00
6.185381e+00 9.025945e-01 -3.773449e+00
6.186381e+00 8.317207e-01 -3.785925e+00
6.187381e+00 8.283722e-01 -3.798378e+00
6.188381e+00 8.044420e-01 -3.810807e+00
6.189381e+00 8.208062e-01 -3.823211e+00
6.190381e+00 1.040368e+00 -3.835590e+00
6.191381e+00 9.664811e-01 -3.847944e+00
6.192381e+00 1.017884e+00 -3.860271e+00
6.193381e+00 1.025242e+00 -3.872572e+00
6.194381e+00 9.860946e-01 -3.884845e+00
6.195380e+00 8.672576e-01 -3.897091e+00
6.196380e+00 8.592008e-01 -3.909309e+00
6.197380e+00 8.697035e-01 -3.921499e+00
6.198380e+00 8.839044e-01 -3.933659e+00
6.199380e+00 9.484914e-01 -3.945791e+00
6.200380e+00 9.663136e-01 -3.957892e+00
6.201380e+00 1.106411e+00 -3.969963e+00
6.202380e+00 1.069292e+00 -3.982003e+00
6.203380e+00 9.769718e-01 -3.994012e+00
6.204380e+00 9.452168e-01 -4.005989e+00
6.205379e+00 9.705907e-01 -4.017935e+00
6.206379e+00 8.950675e-01 -4.029847e+00
6.207379e+00 8.926456e-01 -4.041727e+00
6.208379e+00 7.758019e-01 -4.053574e+00
6.209379e+00 8.849471e-01 -4.065387e+00
6.210379e+00 1.043256e+00 -4.077165e+00
6.211379e+00 1.153700e+00 -4.088909e+00
6.212379e+00 1.116455e+00 -4.100619e+00
6.213379e+00 1.085287e+00 -4.112293e+00
6.214379e+00 9.873408e-01 -4.123931e+00
6.215378e+00 9.525462e-01 -4.135533e+00
6.216378e+00 9.738331e-01 -4.147099e+00
6.217378e+00 8.647540e-01 -4.158628e+00
6.218378e+00 9.041823e-01 -4.170120e+00
6.219378e+00 9.200090e-01 -4.181575e+00
6.220378e+00 1.061973e+00 -4.192992e+00
6.221378e+00 1.055603e+00 -4.204370e+00
6.222378e+00 1.126474e+00 -4.215710e+00
6.223378e+00 9.912013e-01 -4.227012e+00
6.224378e+00 1.045887e+00 -4.238274e+00
6.225377e+00 9.288346e-01 -4.249497e+00
6.226377e+00 9.269640e-01 -4.260680e+00
6.227377e+00 8.808703e-01 -4.271822e+00
6.228377e+00 8.328323e-01 -4.282925e+00
6.229377e+00 9.040500e-01 -4.293987e+00
6.230377e+00 1.024612e+00 -4.305008e+00
6.231377e+00 1.017586e+00 -4.315988e+00
6.232377e+00 1.092371e+00 -4.326926e+00
6.233377e+00 1.058882e+00 -4.337822e+00
6.234377e+00 1.096592e+00 -4.348677e+00
6.235376e+00 9.192633e-01 -4.359489e+00
6.236376e+00 9.277880e-01 -4.370258e+00
6.237376e+00 9.067020e-01 -4.380985e+00
6.238376e+00 1.022209e+00 -4.391669e+00
6.239376e+00 9.781673e-01 -4.402309e+00
6.240376e+00 1.009585e+00 -4.412906e+00
6.241376e+00 1.130996e+00 -4.423459e+00
6.242376e+00 1.105177e+00 -4.433969e+00
6.243376e+00 1.150973e+00 -4.444434e+00
6.244376e+00 1.002238e+00 -4.454854e+00
6.245375e+00 9.018152e-01 -4.465231e+00
6.246375e+00 9.514014e-01 -4.475562e+00
6.247375e+00 8.498055e-01 -4.485848e+00
6.248375e+00 8.694043e-01 -4.496089e+00
6.249375e+00 1.036341e+00 -4.506285e+00
6.250375e+00 9.967833e-01 -4.516436e+00
6.251375e+00 1.052590e+00 -4.526540e+00
6.252375e+00 1.154184e+00 -4.536599e+00
6.253375e+00 1.090961e+00 -4.546612e+00
6.254375e+00 1.089726e+00 -4.556579e+00
6.255374e+00 9.804313e-01 -4.566499e+00
6.256374e+00 9.517179e-01 -4.576373e+00
6.257374e+00 7.841231e-01 -4.586200e+00
6.258374e+00 8.895888e-01 -4.595981e+00
6.259374e+00 9.645174e-01 -4.605715e+00
6.260374e+00 9.473725e-01 -4.615402e+00
6.261374e+00 1.068597e+00 -4.625041e+00
6.262374e+00 9.738224e-01 -4.634634e+00
6.263374e+00 1.023672e+00 -4.644179e+00
6.264374e+00 1.122070e+00 -4.653677e+00
6.265373e+00 9.724282e-01 -4.663127e+00
6.266373e+00 8.266821e-01 -4.672530e+00
6.267373e+00 8.371828e-01 -4.681885e+00
6.268373e+00 8.433140e-01 -4.691193e+00
6.269373e+00 8.581632e-01 -4.700452e+00
6.270373e+00 1.089509e+00 -4.709664e+00
6.271373e+00 1.067320e+00 -4.718828e+00
6.272373e+00 1.040424e+00 -4.727943e+00
6.273373e+00 1.050654e+00 -4.737011e+00
6.274373e+00 9.694002e-01 -4.746031e+00
6.275372e+00 9.649566e-01 -4.755002e+00
6.276372e+00 8.314958e-01 -4.763925e+00
6.277372e+00 8.142727e-01 -4.772800e+00
6.278372e+00 8.697913e-01 -4.781627e+00
6.279372e+00 9.891404e-01 -4.790405e+00
6.280372e+00 1.090338e+00 -4.799135e+00
6.281372e+00 9.741527e-01 -4.807817e+00
6.282372e+00 1.139820e+00 -4.816451e+00
6.283372e+00 1.076974e+00 -4.825036e+00
6.284372e+00 1.063552e+00 -4.833573e+00
6.285371e+00 9.368987e-01 -4.842061e+00
6.286371e+00 8.742099e-01 -4.850502e+00
6.287371e+00 8.952289e-01 -4.858894e+00
6.288371e+00 9.298005e-01 -4.867237e+00
6.289371e+00 9.314181e-01 -4.875533e+00
6.290371e+00 9.439948e-01 -4.883780e+00
6.291371e+00 1.097383e+00 -4.891979e+00
6.292371e+00 1.100983e+00 -4.900129e+00
6.293371e+00 1.037365e+00 -4.908232e+00
6.294371e+00 1.045238e+00 -4.916287e+00
6.295370e+00 8.990307e-01 -4.924293e+00
6.296370e+00 9.298779e-01 -4.932252e+00
6.297370e+00 8.785517e-01 -4.940162e+00
6.298370e+00 8.377465e-01 -4.948025e+00
6.299370e+00 9.338957e-01 -4.955840e+00
6.300370e+00 1.031179e+00 -4.963607e+00
6.301370e+00 9.539005e-01 -4.971326e+00
6.302370e+00 1.093189e+00 -4.978998e+00
6.303370e+00 9.263535e-01 -4.986623e+00
6.304370e+00 9.778978e-01 -4.994200e+00
6.305369e+00 9.862289e-01 -5.001729e+00
6.306369e+00 9.483921e-01 -5.009212e+00
6.307369e+00 8.263113e-01 -5.016647e+00
6.308369e+00 8.736764e-01 -5.024035e+00
6.309369e+00 8.530622e-01 -5.031377e+00
6.310369e+00 9.326938e-01 -5.038671e+00
6.311369e+00 1.059673e+00 -5.045919e+00
6.312369e+00 1.024432e+00 -5.053120e+00
6.313369e+00 1.001601e+00 -5.060274e+00
6.314369e+00 1.034866e+00 -5.067382e+00
6.315368e+00 8.652478e-01 -5.074444e+00
6.316368e+00 8.569313e-01 -5.081460e+00
6.317368e+00 8.069342e-01 -5.088430e+00
6.318368e+00 8.940773e-01 -5.095354e+00
6.319368e+00 8.529460e-01 -5.102232e+00
6.320368e+00 8.263304e-01 -5.109064e+00
6.321368e+00 9.917604e-01 -5.115851e+00
6.322368e+00 9.444636e-01 -5.122593e+00
6.323368e+00 1.021442e+00 -5.129290e+00
6.324368e+00 9.766721e-01 -5.135941e+00
6.325367e+00 9.110197e-01 -5.142548e+00
6.326367e+00 8.767672e-01 -5.149110e+00
6.327367e+00 7.790488e-01 -5.155627e+00
6.328367e+00 8.572300e-01 -5.162100e+00
6.329367e+00 8.128460e-01 -5.168529e+00
6.330367e+00 8.685103e-01 -5.174914e+00
6.331367e+00 8.987254e-01 -5.181255e+00
6.332367e+00 9.946235e-01 -5.187552e+00
6.333367e+00 9.130569e-01 -5.193805e+00
6.334367e+00 9.384290e-01 -5.200015e+00
6.335366e+00 9.029267e-01 -5.206182e+00
6.336366e+00 8.190471e-01 -5.212306e+00
6.337366e+00 7.337139e-01 -5.218387e+00
6.338366e+00 7.741325e-01 -5.224426e+00
6.339366e+00 7.990865e-01 -5.230422e+00
6.340366e+00 8.779118e-01 -5.236376e+00
6.341366e+00 8.896233e-01 -5.242287e+00
6.342366e+00 9.858820e-01 -5.248157e+00
6.343366e+00 8.780602e-01 -5.253985e+00
6.344366e+00 9.352678e-01 -5.259772e+00
6.345365e+00 7.650877e-01 -5.265517e+00
6.346365e+00 6.455808e-01 -5.271221e+00
6.347365e+00 8.873440e-01 -5.276885e+00
6.348365e+00 7.860691e-01 -5.282507e+00
6.349365e+00 7.657524e-01 -5.288090e+00
6.350365e+00 9.042083e-01 -5.293632e+00
6.351365e+00 8.368832e-01 -5.299133e+00
6.352365e+00 8.564326e-01 -5.304596e+00
6.353365e+00 8.493707e-01 -5.310018e+00
6.354365e+00 8.458117e-01 -5.315401e+00
6.355364e+00 7.458643e-01 -5.320745e+00
6.356364e+00 6.550958e-01 -5.326049e+00
6.357364e+00 7.588628e-01 -5.331315e+00
6.358364e+00 6.780228e-01 -5.336543e+00
6.359364e+00 7.103597e-01 -5.341732e+00
6.360364e+00 7.549429e-01 -5.346883e+00
6.361364e+00 8.079867e-01 -5.351996e+00
6.362364e+00 8.639307e-01 -5.357072e+00
6.363364e+00 8.375216e-01 -5.362110e+00
6.364364e+00 7.870717e-01 -5.367111e+00
6.365363e+00 6.955181e-01 -5.372075e+00
6.366363e+00 7.461502e-01 -5.377002e+00
6.367363e+00 6.470770e-01 -5.381893e+00
6.368363e+00 7.254676e-01 -5.386747e+00
6.369363e+00 7.330546e-01 -5.391565e+00
6.370363e+00 6.621831e-01 -5.396348e+00
6.371363e+00 8.692613e-01 -5.401095e+00
6.372363e+00 7.979872e-01 -5.405806e+00
6.373363e+00 7.874471e-01 -5.410483e+00
6.374363e+00 7.450101e-01 -5.415124e+00
6.375362e+00 6.371329e-01 -5.419731e+00
6.376362e+00 6.014459e-01 -5.424303e+00
6.377362e+00 5.635113e-01 -5.428842e+00
6.378362e+00 5.891520e-01 -5.433346e+00
6.379362e+00 7.043453e-01 -5.437817e+00
6.380362e+00 7.397103e-01 -5.442254e+00
6.381362e+00 7.471904e-01 -5.446658e+00
6.382362e+00 7.583940e-01 -5.451029e+00
6.383362e+00 7.185429e-01 -5.455367e+00
6.384362e+00 5.782254e-01 -5.459673e+00
6.385361e+00 5.406165e-01 -5.463946e+00
6.386361e+00 5.654303e-01 -5.468188e+00
6.387361e+00 5.295723e-01 -5.472397e+00
6.388361e+00 5.968453e-01 -5.476575e+00
6.389361e+00 5.909572e-01 -5.480722e+00
6.390361e+00 6.696395e-01 -5.484838e+00
6.391361e+00 7.538309e-01 -5.488923e+00
6.392361e+00 7.420488e-01 -5.492977e+00
6.393361e+00 6.747634e-01 -5.497001e+00
6.394361e+00 6.517752e-01 -5.500995e+00
6.395360e+00 5.930947e-01 -5.504959e+00
6.396360e+00 4.560882e-01 -5.508893e+00
6.397360e+00 5.320340e-01 -5.512798e+00
6.398360e+00 5.302245e-01 -5.516674e+00
6.399360e+00 6.586627e-01 -5.520520e+00
6.400360e+00 6.036675e-01 -5.524339e+00
6.401360e+00 6.568908e-01 -5.528128e+00
6.402360e+00 6.561997e-01 -5.531890e+00
6.403360e+00 6.518708e-01 -5.535623e+00
6.404360e+00 6.619590e-01 -5.539329e+00
6.405359e+00 4.769033e-01 -5.543007e+00
6.406359e+00 6.234209e-01 -5.546658e+00
6.407359e+00 4.076053e-01 -5.550282e+00
6.408359e+00 4.607986e-01 -5.553879e+00
6.409359e+00 4.350803e-01 -5.557450e+00
6.410359e+00 5.157060e-01 -5.560994e+00
6.411359e+00 4.954144e-01 -5.564512e+00
6.412359e+00 6.478156e-01 -5.568005e+00
6.413359e+00 7.024531e-01 -5.571471e+00
6.414359e+00 5.968006e-01 -5.574912e+00
6.415358e+00 4.675898e-01 -5.578328e+00
6.416358e+00 3.950170e-01 -5.581719e+00
6.417358e+00 3.826147e-01 -5.585086e+00
6.418358e+00 3.948458e-01 -5.588427e+00
6.419358e+00 4.371470e-01 -5.591745e+00
6.420358e+00 4.328966e-01 -5.595038e+00
6.421358e+00 4.891887e-01 -5.598308e+00
6.422358e+00 6.140759e-01 -5.601554e+00
6.423358e+00 5.525035e-01 -5.604776e+00
6.424358e+00 4.013540e-01 -5.607975e+00
6.425357e+00 4.121044e-01 -5.611152e+00
6.426357e+00 3.779821e-01 -5.614305e+00
6.427357e+00 3.322628e-01 -5.617436e+00
6.428357e+00 3.985718e-01 -5.620545e+00
6.429357e+00 4.095280e-01 -5.623631e+00
6.430357e+00 4.769302e-01 -5.626696e+00
6.431357e+00 4.745792e-01 -5.629739e+00
6.432357e+00 4.347049e-01 -5.632760e+00
6.433357e+00 4.932785e-01 -5.635760e+00
6.434357e+00 4.932771e-01 -5.638739e+00
6.435356e+00 3.590722e-01 -5.641697e+00
6.436356e+00 2.952168e-01 -5.644635e+00
6.437356e+00 2.414789e-01 -5.647552e+00
6.438356e+00 2.947834e-01 -5.650448e+00
6.439356e+00 3.095120e-01 -5.653325e+00
6.440356e+00 3.624524e-01 -5.656181e+00
6.441356e+00 4.413524e-01 -5.659018e+00
6.442356e+00 4.859213e-01 -5.661835e+00
6.443356e+00 3.457616e-01 -5.664633e+00
6.444356e+00 4.292259e-01 -5.667412e+00
6.445355e+00 2.449727e-01 -5.670172e+00
6.446355e+00 2.262395e-01 -5.672913e+00
6.447355e+00 2.246362e-01 -5.675635e+00
6.448355e+00 2.417337e-01 -5.678339e+00
6.449355e+00 2.894616e-01 -5.681024e+00
6.450355e+00 3.797696e-01 -5.683692e+00
6.451355e+00 3.406804e-01 -5.686341e+00
6.452355e+00 4.548780e-01 -5.688973e+00
6.453355e+00 4.296486e-01 -5.691587e+00
6.454355e+00 2.909288e-01 -5.694184e+00
6.455354e+00 3.264476e-01 -5.696763e+00
6.456354e+00 1.583486e-01 -5.699326e+00
6.457354e+00 1.493660e-01 -5.701871e+00
6.458354e+00 2.003402e-01 -5.704400e+00
6.459354e+00 2.200685e-01 -5.706912e+00
6.460354e+00 3.240789e-01 -5.709407e+00
6.461354e+00 3.802971e-01 -5.711886e+00
6.462354e+00 2.704639e-01 -5.714349e+00
6.463354e+00 3.255457e-01 -5.716796e+00
6.464354e+00 3.811872e-01 -5.719227e+00
6.465353e+00 7.279306e-02 -5.721642e+00
6.466353e+00 7.304196e-02 -5.724042e+00
6.467353e+00 1.298799e-01 -5.726426e+00
6.468353e+00 7.299006e-02 -5.728794e+00
6.469353e+00 2.011613e-01 -5.731148e+00
6.470353e+00 3.170883e-01 -5.733486e+00
6.471353e+00 2.453160e-01 -5.735809e+00
6.472353e+00 2.110228e-01 -5.738117e+00
6.473353e+00 1.919177e-01 -5.740411e+00
6.474353e+00 2.408465e-01 -5.742690e+00
6.475352e+00 1.860792e-01 -5.744954e+00
6.476352e+00 6.202056e-02 -5.747204e+00
6.477352e+00 9.973801e-02 -5.749440e+00
6.478352e+00 8.506937e-02 -5.751661e+00
6.479352e+00 1.584757e-01 -5.753868e+00
6.480352e+00 1.095646e-01 -5.756062e+00
6.481352e+00 1.755686e-01 -5.758241e+00
6.482352e+00 2.877050e-01 -5.760406e+00
6.483352e+00 1.363579e-01 -5.762558e+00
6.484352e+00 1.634995e-01 -5.764696e+00
6.485351e+00 2.608389e-02 -5.766820e+00
6.486351e+00 -3.107704e-02 -5.768931e+00
6.487351e+00 -6.499522e-02 -5.771029e+00
6.488351e+00 -4.666586e-02 -5.773113e+00
6.489351e+00 -3.407265e-02 -5.775183e+00
6.490351e+00 7.868928e-02 -5.777241e+00
6.491351e+00 1.016231e-01 -5.779285e+00
6.492351e+00 1.548890e-01 -5.781317e+00
6.493351e+00 1.641635e-01 -5.783335e+00
6.494351e+00 3.811739e-03 -5.785340e+00
6.495350e+00 1.074033e-02 -5.787333e+00
6.496350e+00 -7.957129e-02 -5.789312e+00
6.497350e+00 -1.009707e-01 -5.791279e+00
6.498350e+00 -2.650400e-02 -5.793233e+00
6.499350e+00 -8.356364e-02 -5.795174e+00
6.500350e+00 -7.512851e-03 -5.797103e+00
6.501350e+00 1.247025e-01 -5.799018e+00
6.502350e+00 6.726209e-02 -5.800922e+00
6.503350e+00 9.907799e-02 -5.802812e+00
6.504350e+00 -2.239300e-02 -5.804690e+00
6.505349e+00 4.654389e-02 -5.806555e+00
6.506349e+00 -1.080640e-01 -5.808408e+00
6.507349e+00 -1.759892e-01 -5.810249e+00
6.508349e+00 -1.185346e-01 -5.812076e+00
6.509349e+00 -2.176149e-02 -5.813891e+00
6.510349e+00 7.194914e-02 -5.815694e+00
6.511349e+00 6.869002e-02 -5.817484e+00
6.512349e+00 8.722259e-02 -5.819262e+00
6.513349e+00 1.237492e-01 -5.821027e+00
6.514349e+00 1.760992e-02 -5.822780e+00
6.515348e+00 -5.026189e-02 -5.824520e+00
6.516348e+00 -2.076295e-01 -5.826247e+00
6.517348e+00 -2.010954e-01 -5.827962e+00
6.518348e+00 -1.943582e-01 -5.829664e+00
6.519348e+00 -1.417275e-01 -5.831354e+00
6.520348e+00 -1.599277e-01 -5.833031e+00
6.521348e+00 -3.227318e-02 -5.834695e+00
6.522348e+00 -6.371115e-02 -5.836347e+00
6.523348e+00 -6.691619e-02 -5.837986e+00
6.524348e+00 -1.779385e-01 -5.839612e+00
6.525347e+00 -1.734769e-01 -5.841225e+00
6.526347e+00 -2.061351e-01 -5.842825e+00
6.527347e+00 -3.032142e-01 -5.844412e+00
6.528347e+00 -2.449090e-01 -5.845987e+00
6.529347e+00 -3.027169e-01 -5.847548e+00
6.530347e+00 -1.867319e-01 -5.849096e+00
6.531347e+00 -1.496874e-01 -5.850631e+00
6.532347e+00 -8.652870e-02 -5.852152e+00
6.533347e+00 -2.373615e-01 -5.853661e+00
6.534347e+00 -1.781448e-01 -5.855156e+00
6.535346e+00 -2.028044e-01 -5.856637e+00
6.536346e+00 -3.077130e-01 -5.858105e+00
6.537346e+00 -3.092156e-01 -5.859559e+00
6.538346e+00 -3.768014e-01 -5.860999e+00
6.539346e+00 -2.622097e-01 -5.862426e+00
6.540346e+00 -1.969006e-01 -5.863838e+00
6.541346e+00 -2.324129e-01 -5.865237e+00
6.542346e+00 -2.525466e-01 -5.866621e+00
6.543346e+00 -1.657908e-01 -5.867992e+00
6.544346e+00 -2.026067e-01 -5.869347e+00
6.545345e+00 -3.486434e-01 -5.870689e+00
6.546345e+00 -3.545801e-01 -5.872016e+00
6.547345e+00 -3.864602e-01 -5.873328e+00
6.548345e+00 -3.416253e-01 -5.874625e+00
6.549345e+00 -2.638633e-01 -5.875907e+00
6.550345e+00 -3.417497e-01 -5.877174e+00
6.551345e+00 -3.301312e-01 -5.878426e+00
6.552345e+00 -1.455168e-01 -5.879663e+00
6.553345e+00 -2.555845e-01 -5.880884e+00
6.554345e+00 -2.840254e-01 -5.882090e+00
6.555344e+00 -3.388268e-01 -5.883280e+00
6.556344e+00 -4.516436e-01 -5.884454e+00
6.557344e+00 -5.460247e-01 -5.885612e+00
6.558344e+00 -4.679100e-01 -5.886753e+00
6.559344e+00 -4.308500e-01 -5.887878e+00
6.560344e+00 -3.424733e-01 -5.888987e+00
6.561344e+00 -2.933195e-01 -5.890079e+00
6.562344e+00 -2.464947e-01 -5.891154e+00
6.563344e+00 -3.603154e-01 -5.892212e+00
6.564344e+00 -2.949476e-01 -5.893253e+00
6.565343e+00 -3.992226e-01 -5.894277e+00
6.566343e+00 -4.823952e-01 -5.895283e+00
6.567343e+00 -4.380615e-01 -5.896271e+00
6.568343e+00 -5.838776e-01 -5.897241e+00
6.569343e+00 -5.666228e-01 -5.898193e+00
6.570343e+00 -4.417736e-01 -5.899127e+00
6.571343e+00 -3.143037e-01 -5.900043e+00
6.572343e+00 -3.737114e-01 -5.900939e+00
6.573343e+00 -3.680849e-01 -5.901817e+00
6.574343e+00 -4.020709e-01 -5.902676e+00
6.575342e+00 -4.780741e-01 -5.903515e+00
6.576342e+00 -4.609957e-01 -5.904335e+00
6.577342e+00 -6.398929e-01 -5.905136e+00
6.578342e+00 -5.904322e-01 -5.905916e+00
6.579342e+00 -5.157261e-01 -5.906676e+00
6.580342e+00 -4.466786e-01 -5.907416e+00
6.581342e+00 -3.654794e-01 -5.908135e+00
6.582342e+00 -4.300583e-01 -5.908834e+00
6.583342e+00 -3.776219e-01 -5.909511e+00
6.584342e+00 -3.716439e-01 -5.910167e+00
6.585341e+00 -5.037518e-01 -5.910802e+00
6.586341e+00 -4.966092e-01 -5.911415e+00
6.587341e+00 -5.399773e-01 -5.912006e+00
6.588341e+00 -6.617564e-01 -5.912575e+00
6.589341e+00 -6.224955e-01 -5.913121e+00
6.590341e+00 -6.025769e-01 -5.913645e+00
6.591341e+00 -4.758274e-01 -5.914146e+00
6.592341e+00 -4.988261e-01 -5.914624e+00
6.593341e+00 -4.133756e-01 -5.915078e+00
6.594341e+00 -5.462294e-01 -5.915509e+00
6.595340e+00 -5.569481e-01 -5.915916e+00
6.596340e+00 -6.588661e-01 -5.916298e+00
6.597340e+00 -7.005542e-01 -5.916656e+00
6.598340e+00 -6.606661e-01 -5.916990e+00
6.599340e+00 -7.351463e-01 -5.917299e+00
6.600340e+00 -5.439290e-01 -5.917582e+00
6.601340e+00 -5.900974e-01 -5.917840e+00
6.602340e+00 -5.013509e-01 -5.918072e+00
6.603340e+00 -6.097379e-01 -5.918279e+00
6.604340e+00 -5.704386e-01 -5.918459e+00
6.605339e+00 -5.471366e-01 -5.918612e+00
6.606339e+00 -7.618208e-01 -5.918739e+00
6.607339e+00 -6.882165e-01 -5.918839e+00
6.608339e+00 -6.972758e-01 -5.918911e+00
6.609339e+00 -7.913453e-01 -5.918956e+00
6.610339e+00 -6.303347e-01 -5.918973e+00
6.611339e+00 -6.145795e-01 -5.918961e+00
6.612339e+00 -4.981372e-01 -5.918921e+00
6.613339e+00 -5.894961e-01 -5.918853e+00
6.614339e+00 -5.987434e-01 -5.918755e+00
6.615338e+00 -6.989625e-01 -5.918628e+00
6.616338e+00 -6.607456e-01 -5.918472e+00
6.617338e+00 -7.787465e-01 -5.918286e+00
6.618338e+00 -7.458611e-01 -5.918069e+00
6.619338e+00 -6.785842e-01 -5.917822e+00
6.620338e+00 -6.356119e-01 -5.917545e+00
6.621338e+00 -5.688552e-01 -5.917236e+00
6.622338e+00 -5.681030e-01 -5.916896e+00
6.623338e+00 -6.434388e-01 -5.916525e+00
6.624338e+00 -6.287664e-01 -5.916122e+00
6.625337e+00 -7.752487e-01 -5.915686e+00
6.626337e+00 -7.215855e-01 -5.915218e+00
6.627337e+00 -8.935803e-01 -5.914717e+00
6.628337e+00 -8.118506e-01 -5.914184e+00
6.629337e+00 -7.908358e-01 -5.913617e+00
6.630337e+00 -6.311377e-01 -5.913016e+00
6.631337e+00 -7.498535e-01 -5.912381e+00
6.632337e+00 -5.837077e-01 -5.911712e+00
6.633337e+00 -6.262225e-01 -5.911009e+00
6.634337e+00 -7.269401e-01 -5.910271e+00
6.635336e+00 -8.074213e-01 -5.909498e+00
6.636336e+00 -8.421192e-01 -5.908690e+00
6.637336e+00 -8.373907e-01 -5.907846e+00
6.638336e+00 -7.569588e-01 -5.906966e+00
6.639336e+00 -8.830741e-01 -5.906050e+00
6.640336e+00 -8.245593e-01 -5.905097e+00
6.641336e+00 -7.207382e-01 -5.904107e+00
6.642336e+00 -6.058513e-01 -5.903081e+00
6.643336e+00 -6.856622e-01 -5.902017e+00
6.644336e+00 -7.442604e-01 -5.900916e+00
6.645335e+00 -8.020753e-01 -5.899776e+00
6.646335e+00 -9.421718e-01 -5.898599e+00
6.647335e+00 -9.406133e-01 -5.897383e+00
6.648335e+00 -8.926025e-01 -5.896128e+00
6.649335e+00 -8.271452e-01 -5.894835e+00
6.650335e+00 -8.003186e-01 -5.893502e+00
6.651335e+00 -8.141217e-01 -5.892129e+00
6.652335e+00 -6.788257e-01 -5.890717e+00
6.653335e+00 -7.473697e-01 -5.889265e+00
6.654335e+00 -7.648508e-01 -5.887772e+00
6.655334e+00 -8.915956e-01 -5.886239e+00
6.656334e+00 -8.332911e-01 -5.884665e+00
6.657334e+00 -9.970500e-01 -5.883050e+00
6.658334e+00 -9.413394e-01 -5.881393e+00
6.659334e+00 -8.926516e-01 -5.879695e+00
6.660334e+00 -8.218281e-01 -5.877955e+00
6.661334e+00 -7.833263e-01 -5.876173e+00
6.662334e+00 -8.020615e-01 -5.874349e+00
6.663334e+00 -7.446180e-01 -5.872482e+00
6.664334e+00 -7.793770e-01 -5.870573e+00
6.665333e+00 -7.803924e-01 -5.868620e+00
6.666333e+00 -9.021386e-01 -5.866624e+00
6.667333e+00 -8.629139e-01 -5.864585e+00
6.668333e+00 -9.130741e-01 -5.862502e+00
6.669333e+00 -7.906756e-01 -5.860375e+00
6.670333e+00 -8.699254e-01 -5.858204e+00
6.671333e+00 -8.351002e-01 -5.855988e+00
6.672333e+00 -7.309010e-01 -5.853728e+00
6.673333e+00 -7.678330e-01 -5.851424e+00
6.674333e+00 -8.284448e-01 -5.849075e+00
6.675332e+00 -8.432181e-01 -5.846680e+00
6.676332e+00 -9.987658e-01 -5.844240e+00
6.677332e+00 -1.006873e+00 -5.841755e+00
6.678332e+00 -1.040730e+00 -5.839224e+00
6.679332e+00 -9.628224e-01 -5.836648e+00
6.680332e+00 -7.766151e-01 -5.834026e+00
6.681332e+00 -7.582617e-01 -5.831357e+00
6.682332e+00 -7.980462e-01 -5.828642e+00
6.683332e+00 -8.485131e-01 -5.825881e+00
6.684332e+00 -8.316142e-01 -5.823074e+00
6.685331e+00 -9.589239e-01 -5.820220e+00
6.686331e+00 -8.726696e-01 -5.817319e+00
6.687331e+00 -1.077718e+00 -5.814372e+00
6.688331e+00 -1.021960e+00 -5.811377e+00
6.689331e+00 -9.831738e-01 -5.808335e+00
6.690331e+00 -9.084612e-01 -5.805247e+00
6.691331e+00 -8.725841e-01 -5.802111e+00
6.692331e+00 -8.432682e-01 -5.798928e+00
6.693331e+00 -8.522107e-01 -5.795697e+00
6.694331e+00 -8.355447e-01 -5.792419e+00
6.695330e+00 -9.146756e-01 -5.789094e+00
6.696330e+00 -9.954314e-01 -5.785721e+00
6.697330e+00 -1.081610e+00 -5.782300e+00
6.698330e+00 -1.034206e+00 -5.778832e+00
6.699330e+00 -1.035257e+00 -5.775316e+00
6.700330e+00 -9.774582e-01 -5.771753e+00
6.701330e+00 -8.879576e-01 -5.768142e+00
6.702330e+00 -7.974121e-01 -5.764484e+00
6.703330e+00 -9.338813e-01 -5.760778e+00
6.704330e+00 -8.965531e-01 -5.757024e+00
6.705329e+00 -9.654056e-01 -5.753223e+00
6.706329e+00 -1.056563e+00 -5.749374e+00
6.707329e+00 -1.087692e+00 -5.745478e+00
6.708329e+00 -1.066633e+00 -5.741535e+00
6.709329e+00 -9.471895e-01 -5.737544e+00
6.710329e+00 -9.636246e-01 -5.733506e+00
6.711329e+00 -8.244897e-01 -5.729421e+00
6.712329e+00 -7.704447e-01 -5.725289e+00
6.713329e+00 -8.973330e-01 -5.721110e+00
6.714329e+00 -1.032500e+00 -5.716884e+00
6.715328e+00 -1.017530e+00 -5.712611e+00
6.716328e+00 -1.064676e+00 -5.708292e+00
6.717328e+00 -1.108634e+00 -5.703927e+00
6.718328e+00 -1.034092e+00 -5.699515e+00
6.719328e+00 -1.089577e+00 -5.695058e+00
6.720328e+00 -8.925923e-01 -5.690554e+00
6.721328e+00 -8.845309e-01 -5.686005e+00
6.722328e+00 -8.940525e-01 -5.681410e+00
6.723328e+00 -9.365889e-01 -5.676770e+00
6.724328e+00 -1.004167e+00 -5.672085e+00
6.725327e+00 -1.045613e+00 -5.667355e+00
6.726327e+00 -1.189403e+00 -5.662581e+00
6.727327e+00 -1.066064e+00 -5.657762e+00
6.728327e+00 -1.145693e+00 -5.652900e+00
6.729327e+00 -9.647602e-01 -5.647993e+00
6.730327e+00 -9.527576e-01 -5.643043e+00
6.731327e+00 -9.294034e-01 -5.638050e+00
6.732327e+00 -8.194884e-01 -5.633014e+00
6.733327e+00 -9.554755e-01 -5.627935e+00
6.734327e+00 -8.895298e-01 -5.622814e+00
6.735326e+00 -9.894049e-01 -5.617651e+00
6.736326e+00 -1.024836e+00 -5.612446e+00
6.737326e+00 -1.115086e+00 -5.607200e+00
6.738326e+00 -1.147872e+00 -5.601913e+00
6.739326e+00 -1.000604e+00 -5.596586e+00
6.740326e+00 -1.028686e+00 -5.591218e+00
6.741326e+00 -9.540244e-01 -5.585811e+00
6.742326e+00 -8.641027e-01 -5.580364e+00
6.743326e+00 -8.654045e-01 -5.574878e+00
6.744326e+00 -1.045846e+00 -5.569354e+00
6.745325e+00 -1.071382e+00 -5.563791e+00
6.746325e+00 -1.143591e+00 -5.558191e+00
6.747325e+00 -1.088052e+00 -5.552553e+00
6.748325e+00 -1.049108e+00 -5.546878e+00
6.749325e+00 -1.049904e+00 -5.541167e+00
6.750325e+00 -1.013989e+00 -5.535420e+00
6.751325e+00 -9.067017e-01 -5.529637e+00
6.752325e+00 -8.972367e-01 -5.523819e+00
6.753325e+00 -8.996617e-01 -5.517967e+00
6.754325e+00 -1.029084e+00 -5.512080e+00
6.755324e+00 -9.956132e-01 -5.506159e+00
6.756324e+00 -1.100330e+00 -5.500206e+00
6.757324e+00 -1.069100e+00 -5.494219e+00
6.758324e+00 -1.013995e+00 -5.488200e+00
6.759324e+00 -1.044239e+00 -5.482150e+00
6.760324e+00 -9.568333e-01 -5.476068e+00
6.761324e+00 -8.184634e-01 -5.469956e+00
6.762324e+00 -9.265305e-01 -5.463813e+00
6.763324e+00 -8.584867e-01 -5.457640e+00
6.764324e+00 -9.768277e-01 -5.451439e+00
6.765323e+00 -1.103408e+00 -5.445208e+00
6.766323e+00 -1.093246e+00 -5.438950e+00
6.767323e+00 -1.077188e+00 -5.432663e+00
6.768323e+00 -1.155455e+00 -5.426350e+00
6.769323e+00 -1.106299e+00 -5.420010e+00
6.770323e+00 -9.453043e-01 -5.413643e+00
6.771323e+00 -9.372318e-01 -5.407251e+00
6.772323e+00 -9.527704e-01 -5.400834e+00
6.773323e+00 -9.793885e-01 -5.394393e+00
6.774323e+00 -9.248283e-01 -5.387927e+00
6.775322e+00 -1.038839e+00 -5.381438e+00
6.776322e+00 -1.080225e+00 -5.374927e+00
6.777322e+00 -1.054771e+00 -5.368392e+00
6.778322e+00 -9.786712e-01 -5.361836e+00
6.779322e+00 -9.788320e-01 -5.355258e+00
6.780322e+00 -9.026462e-01 -5.348659e+00
6.781322e+00 -8.974302e-01 -5.342040e+00
6.782322e+00 -8.726396e-01 -5.335402e+00
6.783322e+00 -8.549704e-01 -5.328744e+00
6.784322e+00 -9.673086e-01 -5.322067e+00
6.785321e+00 -9.696711e-01 -5.315371e+00
6.786321e+00 -1.066570e+00 -5.308658e+00
6.787321e+00 -1.040048e+00 -5.301928e+00
6.788321e+00 -1.089046e+00 -5.295181e+00
6.789321e+00 -1.129896e+00 -5.288418e+00
6.790321e+00 -9.560269e-01 -5.281639e+00
6.791321e+00 -8.964339e-01 -5.274845e+00
6.792321e+00 -8.599296e-01 -5.268036e+00
6.793321e+00 -8.956525e-01 -5.261213e+00
6.794321e+00 -9.047363e-01 -5.254375e+00
6.795320e+00 -9.822541e-01 -5.247525e+00
6.796320e+00 -1.080394e+00 -5.240662e+00
6.797320e+00 -1.052581e+00 -5.233787e+00
6.798320e+00 -9.884613e-01 -5.226899e+00
6.799320e+00 -1.021570e+00 -5.220000e+00
6.800320e+00 -9.338610e-01 -5.213091e+00
6.801320e+00 -8.758673e-01 -5.206171e+00
6.802320e+00 -8.398457e-01 -5.199240e+00
6.803320e+00 -8.350277e-01 -5.192301e+00
6.804320e+00 -9.372989e-01 -5.185352e+00
6.805319e+00 -9.812291e-01 -5.178394e+00
6.806319e+00 -9.574406e-01 -5.171429e+00
6.807319e+00 -1.015870e+00 -5.164455e+00
6.808319e+00 -9.884671e-01 -5.157474e+00
6.809319e+00 -9.262076e-01 -5.150486e+00
6.810319e+00 -8.753782e-01 -5.143492e+00
6.811319e+00 -8.784898e-01 -5.136491e+00
6.812319e+00 -8.055009e-01 -5.129485e+00
6.813319e+00 -8.495306e-01 -5.122474e+00
6.814319e+00 -8.394539e-01 -5.115457e+00
6.815318e+00 -9.568985e-01 -5.108437e+00
6.816318e+00 -9.299865e-01 -5.101412e+00
6.817318e+00 -1.035440e+00 -5.094383e+00
6.818318e+00 -1.031095e+00 -5.087351e+00
6.819318e+00 -9.227801e-01 -5.080316e+00
6.820318e+00 -8.300848e-01 -5.073279e+00
6.821318e+00 -7.966836e-01 -5.066239e+00
6.822318e+00 -9.103905e-01 -5.059197e+00
6.823318e+00 -7.414885e-01 -5.052154e+00
6.824318e+00 -8.785635e-01 -5.045110e+00
6.825317e+00 -9.853241e-01 -5.038065e+00
6.826317e+00 -9.770990e-01 -5.031019e+00
6.827317e+00 -9.300445e-01 -5.023974e+00
6.828317e+00 -9.555753e-01 -5.016928e+00
6.829317e+00 -8.444812e-01 -5.009883e+00
6.830317e+00 -8.552114e-01 -5.002839e+00
6.831317e+00 -8.466690e-01 -4.995796e+00
6.832317e+00 -7.990203e-01 -4.988755e+00
6.833317e+00 -7.957417e-01 -4.981715e+00
6.834317e+00 -8.519575e-01 -4.974678e+00
6.835316e+00 -8.782355e-01 -4.967643e+00
6.836316e+00 -9.521332e-01 -4.960610e+00
6.837316e+00 -8.277266e-01 -4.953581e+00
6.838316e+00 -9.298396e-01 -4.946555e+00
6.839316e+00 -9.671946e-01 -4.939532e+00
6.840316e+00 -9.021618e-01 -4.932514e+00
6.841316e+00 -7.753907e-01 -4.925499e+00
6.842316e+00 -7.212410e-01 -4.918489e+00
6.843316e+00 -7.829987e-01 -4.911483e+00
6.844316e+00 -6.882800e-01 -4.904482e+00
6.845315e+00 -9.711584e-01 -4.897487e+00
6.846315e+00 -8.472499e-01 -4.890497e+00
6.847315e+00 -9.462572e-01 -4.883512e+00
6.848315e+00 -8.570662e-01 -4.876533e+00
6.849315e+00 -7.892575e-01 -4.869561e+00
6.850315e+00 -7.481906e-01 -4.862595e+00
6.851315e+00 -7.482665e-01 -4.855635e+00
6.852315e+00 -7.034537e-01 -4.848682e+00
6.853315e+00 -6.459665e-01 -4.841736e+00
6.854315e+00 -7.057031e-01 -4.834797e+00
6.855314e+00 -8.534429e-01 -4.827866e+00
6.856314e+00 -9.693353e-01 -4.820942e+00
6.857314e+00 -8.623119e-01 -4.814027e+00
6.858314e+00 -9.035261e-01 -4.807119e+00
6.859314e+00 -8.645717e-01 -4.800219e+00
6.860314e+00 -8.303548e-01 -4.793328e+00
6.861314e+00 -6.258904e-01 -4.786446e+00
6.862314e+00 -6.200177e-01 -4.779572e+00
6.863314e+00 -7.110899e-01 -4.772707e+00
6.864314e+00 -6.206930e-01 -4.765851e+00
6.865313e+00 -7.675794e-01 -4.759005e+00
6.866313e+00 -8.295499e-01 -4.752168e+00
6.867313e+00 -8.214960e-01 -4.745341e+00
6.868313e+00 -7.912724e-01 -4.738523e+00
6.869313e+00 -7.793961e-01 -4.731716e+00
6.870313e+00 -6.857168e-01 -4.724918e+00
6.871313e+00 -6.562678e-01 -4.718131e+00
6.872313e+00 -6.490603e-01 -4.711354e+00
6.873313e+00 -6.623663e-01 -4.704587e+00
6.874313e+00 -6.314543e-01 -4.697832e+00
6.875312e+00 -7.409129e-01 -4.691087e+00
6.876312e+00 -6.613339e-01 -4.684353e+00
6.877312e+00 -8.455652e-01 -4.677630e+00
6.878312e+00 -7.687043e-01 -4.670918e+00
6.879312e+00 -7.766562e-01 -4.664217e+00
6.880312e+00 -5.998174e-01 -4.657528e+00
6.881312e+00 -6.312453e-01 -4.650850e+00
6.882312e+00 -6.107001e-01 -4.644184e+00
6.883312e+00 -6.174750e-01 -4.637530e+00
6.884312e+00 -6.970017e-01 -4.630887e+00
6.885311e+00 -6.887295e-01 -4.624256e+00
6.886311e+00 -6.756897e-01 -4.617637e+00
6.887311e+00 -7.600678e-01 -4.611031e+00
6.888311e+00 -6.106554e-01 -4.604436e+00
6.889311e+00 -6.432465e-01 -4.597854e+00
6.890311e+00 -5.923178e-01 -4.591284e+00
6.891311e+00 -4.051218e-01 -4.584727e+00
6.892311e+00 -5.351811e-01 -4.578182e+00
6.893311e+00 -4.231320e-01 -4.571650e+00
6.894311e+00 -4.750942e-01 -4.565130e+00
6.895310e+00 -6.355969e-01 -4.558623e+00
6.896310e+00 -7.875312e-01 -4.552129e+00
6.897310e+00 -6.980532e-01 -4.545647e+00
6.898310e+00 -6.442127e-01 -4.539179e+00
6.899310e+00 -6.756321e-01 -4.532723e+00
6.900310e+00 -6.018279e-01 -4.526281e+00
6.901310e+00 -5.426784e-01 -4.519851e+00
6.902310e+00 -4.660701e-01 -4.513435e+00
6.903310e+00 -5.298918e-01 -4.507032e+00
6.904310e+00 -5.086133e-01 -4.500642e+00
6.905309e+00 -7.036972e-01 -4.494265e+00
6.906309e+00 -5.640400e-01 -4.487902e+00
6.907309e+00 -5.425218e-01 -4.481552e+00
6.908309e+00 -6.863591e-01 -4.475215e+00
6.909309e+00 -6.163345e-01 -4.468892e+00
6.910309e+00 -6.241925e-01 -4.462582e+00
6.911309e+00 -4.776935e-01 -4.456286e+00
6.912309e+00 -4.152839e-01 -4.450003e+00
6.913309e+00 -4.433066e-01 -4.443733e+00
6.914309e+00 -4.948893e-01 -4.437477e+00
6.915308e+00 -5.452659e-01 -4.431235e+00
6.916308e+00 -5.626759e-01 -4.425006e+00
6.917308e+00 -5.687204e-01 -4.418791e+00
6.918308e+00 -5.582511e-01 -4.412590e+00
6.919308e+00 -4.886539e-01 -4.406402e+00
6.920308e+00 -4.597587e-01 -4.400228e+00
6.921308e+00 -3.965986e-01 -4.394067e+00
6.922308e+00 -3.529880e-01 -4.387920e+00
6.923308e+00 -4.311147e-01 -4.381787e+00
6.924308e+00 -4.172880e-01 -4.375668e+00
6.925307e+00 -5.108965e-01 -4.369562e+00
6.926307e+00 -6.117773e-01 -4.363470e+00
6.927307e+00 -4.917897e-01 -4.357391e+00
6.928307e+00 -5.585623e-01 -4.351326e+00
6.929307e+00 -5.652272e-01 -4.345275e+00
6.930307e+00 -4.173120e-01 -4.339238e+00
6.931307e+00 -3.713166e-01 -4.333214e+00
6.932307e+00 -4.407937e-01 -4.327204e+00
6.933307e+00 -2.742391e-01 -4.321208e+00
6.934307e+00 -3.471816e-01 -4.315226e+00
6.935306e+00 -4.352593e-01 -4.309257e+00
6.936306e+00 -4.563702e-01 -4.303302e+00
6.937306e+00 -3.983059e-01 -4.297360e+00
6.938306e+00 -4.659078e-01 -4.291432e+00
6.939306e+00 -4.808868e-01 -4.285518e+00
6.940306e+00 -3.927300e-01 -4.279617e+00
6.941306e+00 -2.852326e-01 -4.273731e+00
6.942306e+00 -3.149528e-01 -4.267857e+00
6.943306e+00 -2.979427e-01 -4.261998e+00
6.944306e+00 -3.070140e-01 -4.256152e+00
6.945305e+00 -3.840440e-01 -4.250319e+00
6.946305e+00 -4.504969e-01 -4.244500e+00
6.947305e+00 -3.726847e-01 -4.238695e+00
6.948305e+00 -3.645695e-01 -4.232903e+00
6.949305e+00 -3.358193e-01 -4.227125e+00
6.950305e+00 -2.656714e-01 -4.221360e+00
6.951305e+00 -2.438313e-01 -4.215609e+00
6.952305e+00 -2.267747e-01 -4.209872e+00
6.953305e+00 -2.635284e-01 -4.204147e+00
6.954305e+00 -1.488012e-01 -4.198437e+00
6.955304e+00 -3.236187e-01 -4.192740e+00
6.956304e+00 -2.420280e-01 -4.187056e+00
6.957304e+00 -3.212005e-01 -4.181385e+00
6.958304e+00 -2.865543e-01 -4.175728e+00
6.959304e+00 -2.758911e-01 -4.170085e+00
6.960304e+00 -1.918052e-01 -4.164455e+00
6.961304e+00 -2.529962e-01 -4.158838e+00
6.962304e+00 -1.567555e-01 -4.153234e+00
6.963304e+00 -6.555869e-02 -4.147644e+00
6.964304e+00 -1.434586e-01 -4.142067e+00
6.965303e+00 -2.419703e-01 -4.136504e+00
6.966303e+00 -2.664735e-01 -4.130953e+00
6.967303e+00 -3.062487e-01 -4.125416e+00
6.968303e+00 -2.170088e-01 -4.119893e+00
6.969303e+00 -1.744897e-01 -4.114382e+00
6.970303e+00 -1.778204e-01 -4.108885e+00
6.971303e+00 -1.325204e-01 -4.103401e+00
6.972303e+00 -1.987406e-03 -4.097930e+00
6.973303e+00 -9.055500e-02 -4.092472e+00
6.974303e+00 -8.649601e-02 -4.087028e+00
6.975302e+00 -1.223296e-01 -4.081597e+00
6.976302e+00 -2.893122e-01 -4.076178e+00
6.977302e+00 -2.249932e-01 -4.070773e+00
6.978302e+00 -1.993396e-01 -4.065381e+00
6.979302e+00 -1.857435e-01 -4.060003e+00
6.980302e+00 -1.208907e-01 -4.054637e+00
6.981302e+00 -5.829534e-02 -4.049284e+00
6.982302e+00 -1.743747e-01 -4.043945e+00
6.983302e+00 -6.316141e-02 -4.038618e+00
6.984302e+00 1.051000e-02 -4.033305e+00
6.985301e+00 -7.266504e-02 -4.028005e+00
6.986301e+00 -1.459240e-01 -4.022717e+00
6.987301e+00 -1.562315e-01 -4.017443e+00
6.988301e+00 -1.404239e-01 -4.012182e+00
6.989301e+00 -1.001665e-01 -4.006933e+00
6.990301e+00 -5.897790e-04 -4.001698e+00
6.991301e+00 1.058819e-03 -3.996476e+00
6.992301e+00 4.997185e-03 -3.991267e+00
6.993301e+00 -2.472755e-03 -3.986071e+00
6.994301e+00 1.944711e-02 -3.980887e+00
6.995300e+00 -3.503018e-02 -3.975717e+00
6.996300e+00 -3.267535e-02 -3.970560e+00
6.997300e+00 -8.130945e-02 -3.965416e+00
6.998300e+00 -1.169747e-01 -3.960285e+00
6.999300e+00 -3.064703e-02 -3.955166e+00
7.000300e+00 -6.947479e-02 -3.950061e+00
7.001300e+00 4.250611e-02 -3.944969e+00
7.002300e+00 1.341445e-01 -3.939889e+00
7.003300e+00 1.052924e-01 -3.934823e+00
7.004300e+00 1.622273e-01 -3.929770e+00
7.005299e+00 4.455399e-03 -3.924730e+00
7.006299e+00 -1.015272e-01 -3.919702e+00
7.007299e+00 -1.995300e-02 -3.914688e+00
7.008299e+00 -4.853922e-02 -3.909687e+00
7.009299e+00 -1.315254e-02 -3.904698e+00
7.010299e+00 2.392568e-02 -3.899723e+00
7.011299e+00 8.997677e-02 -3.894761e+00
7.012299e+00 1.407311e-01 -3.889812e+00
7.013299e+00 1.296448e-01 -3.884875e+00
7.014299e+00 6.804168e-02 -3.879952e+00
7.015298e+00 1.439035e-01 -3.875042e+00
7.016298e+00 1.388216e-02 -3.870145e+00
7.017298e+00 1.744465e-02 -3.865261e+00
7.018298e+00 4.762563e-02 -3.860390e+00
7.019298e+00 1.215123e-02 -3.855533e+00
7.020298e+00 1.498896e-01 -3.850688e+00
7.021298e+00 2.358373e-01 -3.845857e+00
7.022298e+00 1.492749e-01 -3.841038e+00
7.023298e+00 1.885538e-01 -3.836233e+00
7.024298e+00 1.863753e-01 -3.831441e+00
7.025297e+00 1.256237e-01 -3.826662e+00
7.026297e+00 1.357560e-01 -3.821897e+00
7.027297e+00 3.289122e-02 -3.817144e+00
7.028297e+00 1.354466e-01 -3.812405e+00
7.029297e+00 1.620412e-01 -3.807679e+00
7.030297e+00 3.134318e-01 -3.802967e+00
7.031297e+00 2.908596e-01 -3.798267e+00
7.032297e+00 3.362017e-01 -3.793581e+00
7.033297e+00 3.008232e-01 -3.788909e+00
7.034297e+00 1.719235e-01 -3.784249e+00
7.035296e+00 2.404919e-01 -3.779604e+00
7.036296e+00 1.774434e-01 -3.774971e+00
7.037296e+00 1.697833e-01 -3.770352e+00
7.038296e+00 1.351954e-01 -3.765746e+00
7.039296e+00 1.668427e-01 -3.761154e+00
7.040296e+00 3.296398e-01 -3.756576e+00
7.041296e+00 3.267024e-01 -3.752011e+00
7.042296e+00 2.810863e-01 -3.747459e+00
7.043296e+00 4.098075e-01 -3.742921e+00
7.044296e+00 4.247006e-01 -3.738397e+00
7.045295e+00 2.981030e-01 -3.733886e+00
7.046295e+00 2.583068e-01 -3.729389e+00
7.047295e+00 2.385831e-01 -3.724906e+00
7.048295e+00 1.923499e-01 -3.720437e+00
7.049295e+00 2.625542e-01 -3.715981e+00
7.050295e+00 3.037690e-01 -3.711539e+00
7.051295e+00 3.540043e-01 -3.707111e+00
7.052295e+00 3.899174e-01 -3.702697e+00
7.053295e+00 4.132756e-01 -3.698296e+00
7.054295e+00 2.849104e-01 -3.693910e+00
7.055294e+00 2.983867e-01 -3.689537e+00
7.056294e+00 3.497957e-01 -3.685179e+00
7.057294e+00 2.675902e-01 -3.680835e+00
7.058294e+00 2.512868e-01 -3.676504e+00
7.059294e+00 3.194558e-01 -3.672188e+00
7.060294e+00 3.734604e-01 -3.667886e+00
7.061294e+00 4.434553e-01 -3.663598e+00
7.062294e+00 5.228239e-01 -3.659325e+00
7.063294e+00 4.786956e-01 -3.655065e+00
7.064294e+00 4.005585e-01 -3.650820e+00
7.065293e+00 3.002242e-01 -3.646590e+00
7.066293e+00 3.374856e-01 -3.642374e+00
7.067293e+00 2.874790e-01 -3.638172e+00
7.068293e+00 3.632052e-01 -3.633984e+00
7.069293e+00 3.316638e-01 -3.629812e+00
7.070293e+00 4.496831e-01 -3.625653e+00
7.071293e+00 4.630909e-01 -3.621510e+00
7.072293e+00 5.212661e-01 -3.617381e+00
7.073293e+00 6.316403e-01 -3.613267e+00
7.074293e+00 4.107399e-01 -3.609167e+00
7.075292e+00 4.116485e-01 -3.605082e+00
7.076292e+00 3.630638e-01 -3.601012e+00
7.077292e+00 3.324876e-01 -3.596957e+00
7.078292e+00 4.489548e-01 -3.592917e+00
7.079292e+00 4.414020e-01 -3.588892e+00
7.080292e+00 4.265017e-01 -3.584882e+00
7.081292e+00 5.521679e-01 -3.580887e+00
7.082292e+00 5.440287e-01 -3.576907e+00
7.083292e+00 6.128234e-01 -3.572943e+00
7.084292e+00 5.232987e-01 -3.568993e+00
7.085291e+00 4.774792e-01 -3.565059e+00
7.086291e+00 4.874807e-01 -3.561141e+00
7.087291e+00 4.430970e-01 -3.557237e+00
7.088291e+00 3.629909e-01 -3.553349e+00
7.089291e+00 5.485502e-01 -3.549477e+00
7.090291e+00 5.172052e-01 -3.545620e+00
7.091291e+00 6.174841e-01 -3.541778e+00
7.092291e+00 6.243418e-01 -3.537953e+00
7.093291e+00 7.013473e-01 -3.534143e+00
7.094291e+00 6.387067e-01 -3.530349e+00
7.095290e+00 5.792810e-01 -3.526570e+00
7.096290e+00 5.020464e-01 -3.522808e+00
7.097290e+00 4.650061e-01 -3.519061e+00
7.098290e+00 4.635141e-01 -3.515331e+00
7.099290e+00 5.583482e-01 -3.511616e+00
7.100290e+00 5.611929e-01 -3.507918e+00
7.101290e+00 6.539855e-01 -3.504236e+00
7.102290e+00 6.333672e-01 -3.500570e+00
7.103290e+00 7.304149e-01 -3.496920e+00
7.104290e+00 7.313621e-01 -3.493286e+00
7.105289e+00 5.676265e-01 -3.489669e+00
7.106289e+00 5.048479e-01 -3.486069e+00
7.107289e+00 5.619180e-01 -3.482485e+00
7.108289e+00 5.985052e-01 -3.478918e+00
7.109289e+00 6.291574e-01 -3.475367e+00
7.110289e+00 6.381517e-01 -3.471833e+00
7.111289e+00 7.015750e-01 -3.468315e+00
7.112289e+00 7.742491e-01 -3.464815e+00
7.113289e+00 7.930337e-01 -3.461331e+00
7.114289e+00 7.797392e-01 -3.457865e+00
7.115288e+00 5.725848e-01 -3.454415e+00
7.116288e+00 6.269114e-01 -3.450983e+00
7.117288e+00 6.141442e-01 -3.447568e+00
7.118288e+00 6.311958e-01 -3.444169e+00
7.119288e+00 6.591667e-01 -3.440789e+00
7.120288e+00 6.884737e-01 -3.437425e+00
7.121288e+00 6.319235e-01 -3.434079e+00
7.122288e+00 8.790070e-01 -3.430750e+00
7.123288e+00 8.140278e-01 -3.427439e+00
7.124288e+00 7.823375e-01 -3.424146e+00
7.125287e+00 6.417550e-01 -3.420870e+00
7.126287e+00 6.221353e-01 -3.417612e+00
7.127287e+00 5.888204e-01 -3.414372e+00
7.128287e+00 6.148478e-01 -3.411150e+00
7.129287e+00 5.656300e-01 -3.407945e+00
7.130287e+00 8.548213e-01 -3.404759e+00
7.131287e+00 7.980345e-01 -3.401591e+00
7.132287e+00 7.675408e-01 -3.398441e+00
7.133287e+00 8.106492e-01 -3.395309e+00
7.134287e+00 8.053025e-01 -3.392195e+00
7.135286e+00 8.247913e-01 -3.389100e+00
7.136286e+00 6.792179e-01 -3.386023e+00
7.137286e+00 6.288171e-01 -3.382965e+00
7.138286e+00 7.104025e-01 -3.379925e+00
7.139286e+00 7.097403e-01 -3.376904e+00
7.140286e+00 8.498864e-01 -3.373902e+00
7.141286e+00 9.378163e-01 -3.370918e+00
7.142286e+00 8.584104e-01 -3.367954e+00
7.143286e+00 8.849123e-01 -3.365008e+00
7.144286e+00 7.348169e-01 -3.362081e+00
7.145285e+00 8.023381e-01 -3.359174e+00
7.146285e+00 7.949051e-01 -3.356285e+00
7.147285e+00 6.922527e-01 -3.353416e+00
7.148285e+00 7.059993e-01 -3.350566e+00
7.149285e+00 7.446563e-01 -3.347736e+00
7.150285e+00 7.878780e-01 -3.344924e+00
7.151285e+00 8.172919e-01 -3.342133e+00
7.152285e+00 8.615976e-01 -3.339361e+00
7.153285e+00 8.244200e-01 -3.336608e+00
7.154285e+00 7.815323e-01 -3.333876e+00
7.155284e+00 7.923857e-01 -3.331163e+00
7.156284e+00 7.654788e-01 -3.328470e+00
7.157284e+00 8.610681e-01 -3.325797e+00
7.158284e+00 7.592160e-01 -3.323144e+00
7.159284e+00 8.110885e-01 -3.320512e+00
7.160284e+00 7.702448e-01 -3.317899e+00
7.161284e+00 8.283060e-01 -3.315307e+00
7.162284e+00 9.272319e-01 -3.312735e+00
7.163284e+00 9.412459e-01 -3.310183e+00
7.164284e+00 8.920593e-01 -3.307652e+00
7.165283e+00 8.003901e-01 -3.305142e+00
7.166283e+00 7.831122e-01 -3.302652e+00
7.167283e+00 7.746656e-01 -3.300183e+00
7.168283e+00 7.921424e-01 -3.297735e+00
7.169283e+00 8.222235e-01 -3.295308e+00
7.170283e+00 8.559735e-01 -3.292901e+00
7.171283e+00 9.954767e-01 -3.290516e+00
7.172283e+00 1.018829e+00 -3.288152e+00
7.173283e+00 9.979486e-01 -3.285808e+00
7.174283e+00 9.468079e-01 -3.283487e+00
7.175282e+00 9.266759e-01 -3.281186e+00
7.176282e+00 8.504326e-01 -3.278907e+00
7.177282e+00 9.023725e-01 -3.276650e+00
7.178282e+00 7.938821e-01 -3.274414e+00
7.179282e+00 8.926599e-01 -3.272200e+00
7.180282e+00 9.859937e-01 -3.270007e+00
7.181282e+00 1.036224e+00 -3.267837e+00
7.182282e+00 9.778942e-01 -3.265688e+00
7.183282e+00 9.193898e-01 -3.263561e+00
7.184282e+00 9.388335e-01 -3.261456e+00
7.185281e+00 8.991895e-01 -3.259374e+00
7.186281e+00 8.449269e-01 -3.257313e+00
7.187281e+00 7.896678e-01 -3.255275e+00
7.188281e+00 8.548826e-01 -3.253260e+00
7.189281e+00 8.809451e-01 -3.251266e+00
7.190281e+00 1.008232e+00 -3.249296e+00
7.191281e+00 1.059174e+00 -3.247348e+00
7.192281e+00 9.922399e-01 -3.245422e+00
7.193281e+00 1.016143e+00 -3.243520e+00
7.194281e+00 8.971936e-01 -3.241640e+00
7.195280e+00 9.629530e-01 -3.239783e+00
7.196280e+00 8.574316e-01 -3.237949e+00
7.197280e+00 8.802101e-01 -3.236139e+00
7.198280e+00 8.630406e-01 -3.234351e+00
7.199280e+00 9.023381e-01 -3.232587e+00
7.200280e+00 9.163943e-01 -3.230846e+00
7.201280e+00 9.747257e-01 -3.229128e+00
7.202280e+00 1.031896e+00 -3.227434e+00
7.203280e+00 1.053438e+00 -3.225764e+00
7.204280e+00 1.048970e+00 -3.224117e+00
7.205279e+00 9.699866e-01 -3.222494e+00
7.206279e+00 9.750888e-01 -3.220895e+00
7.207279e+00 9.226038e-01 -3.219320e+00
7.208279e+00 9.458517e-01 -3.217769e+00
7.209279e+00 8.661442e-01 -3.216241e+00
7.210279e+00 1.071403e+00 -3.214738e+00
7.211279e+00 9.600831e-01 -3.213260e+00
7.212279e+00 1.039414e+00 -3.211805e+00
7.213279e+00 1.019914e+00 -3.210375e+00
7.214279e+00 9.419167e-01 -3.208969e+00
7.215278e+00 1.055094e+00 -3.207588e+00
7.216278e+00 8.232983e-01 -3.206232e+00
7.217278e+00 8.799102e-01 -3.204900e+00
7.218278e+00 9.064596e-01 -3.203593e+00
7.219278e+00 8.825103e-01 -3.202311e+00
7.220278e+00 1.060366e+00 -3.201054e+00
7.221278e+00 1.048377e+00 -3.199822e+00
7.222278e+00 1.085939e+00 -3.198616e+00
7.223278e+00 1.075469e+00 -3.197434e+00
7.224278e+00 9.047139e-01 -3.196278e+00
7.225277e+00 1.018589e+00 -3.195147e+00
7.226277e+00 9.946653e-01 -3.194041e+00
7.227277e+00 8.125272e-01 -3.192961e+00
7.228277e+00 9.445002e-01 -3.191907e+00
7.229277e+00 9.167661e-01 -3.190879e+00
7.230277e+00 1.018804e+00 -3.189876e+00
7.231277e+00 1.045464e+00 -3.188899e+00
7.232277e+00 1.069240e+00 -3.187948e+00
7.233277e+00 1.043162e+00 -3.187023e+00
7.234277e+00 9.850054e-01 -3.186124e+00
7.235276e+00 9.513754e-01 -3.185252e+00
7.236276e+00 8.789810e-01 -3.184405e+00
7.237276e+00 9.118716e-01 -3.183585e+00
7.238276e+00 9.168757e-01 -3.182792e+00
7.239276e+00 1.001095e+00 -3.182025e+00
7.240276e+00 1.033863e+00 -3.181285e+00
7.241276e+00 9.999437e-01 -3.180571e+00
7.242276e+00 1.153891e+00 -3.179884e+00
7.243276e+00 1.034283e+00 -3.179225e+00
7.244276e+00 9.695856e-01 -3.178592e+00
7.245275e+00 1.006825e+00 -3.177986e+00
7.246275e+00 9.131491e-01 -3.177407e+00
7.247275e+00 8.976589e-01 -3.176855e+00
7.248275e+00 9.301048e-01 -3.176331e+00
7.249275e+00 9.775780e-01 -3.175834e+00
7.250275e+00 1.085144e+00 -3.175364e+00
7.251275e+00 1.059549e+00 -3.174922e+00
7.252275e+00 1.034826e+00 -3.174508e+00
7.253275e+00 1.064922e+00 -3.174121e+00
7.254275e+00 1.030226e+00 -3.173763e+00
7.255274e+00 9.985259e-01 -3.173432e+00
7.256274e+00 9.151775e-01 -3.173129e+00
7.257274e+00 8.444797e-01 -3.172854e+00
7.258274e+00 8.635901e-01 -3.172607e+00
7.259274e+00 9.327079e-01 -3.172388e+00
7.260274e+00 9.606579e-01 -3.172198e+00
7.261274e+00 1.165475e+00 -3.172036e+00
7.262274e+00 1.124914e+00 -3.171902e+00
7.263274e+00 1.132035e+00 -3.171797e+00
7.264274e+00 1.097158e+00 -3.171721e+00
7.265273e+00 9.265318e-01 -3.171673e+00
7.266273e+00 9.254613e-01 -3.171654e+00
7.267273e+00 9.442804e-01 -3.171664e+00
7.268273e+00 9.140151e-01 -3.171703e+00
7.269273e+00 1.062065e+00 -3.171771e+00
7.270273e+00 1.056286e+00 -3.171869e+00
7.271273e+00 9.691390e-01 -3.171995e+00
7.272273e+00 1.183847e+00 -3.172151e+00
7.273273e+00 1.021561e+00 -3.172336e+00
7.274273e+00 9.584483e-01 -3.172550e+00
7.275272e+00 9.799937e-01 -3.172794e+00
7.276272e+00 8.788473e-01 -3.173068e+00
7.277272e+00 9.353510e-01 -3.173371e+00
7.278272e+00 8.979742e-01 -3.173704e+00
7.279272e+00 9.130342e-01 -3.174068e+00
7.280272e+00 9.661524e-01 -3.174461e+00
7.281272e+00 1.131757e+00 -3.174884e+00
7.282272e+00 1.069756e+00 -3.175337e+00
7.283272e+00 9.980662e-01 -3.175821e+00
7.284272e+00 1.010190e+00 -3.176334e+00
7.285271e+00 1.039641e+00 -3.176878e+00
7.286271e+00 9.454938e-01 -3.177453e+00
7.287271e+00 9.090655e-01 -3.178058e+00
7.288271e+00 9.564205e-01 -3.178694e+00
7.289271e+00 9.118010e-01 -3.179361e+00
7.290271e+00 1.008651e+00 -3.180058e+00
7.291271e+00 1.028459e+00 -3.180786e+00
7.292271e+00 1.025568e+00 -3.181546e+00
7.293271e+00 1.080365e+00 -3.182336e+00
7.294271e+00 1.025289e+00 -3.183158e+00
7.295270e+00 8.533296e-01 -3.184010e+00
7.296270e+00 8.232800e-01 -3.184894e+00
7.297270e+00 9.123594e-01 -3.185810e+00
7.298270e+00 7.332923e-01 -3.186757e+00
7.299270e+00 8.906881e-01 -3.187735e+00
7.300270e+00 9.622297e-01 -3.188745e+00
7.301270e+00 9.109973e-01 -3.189787e+00
7.302270e+00 1.062122e+00 -3.190861e+00
7.303270e+00 1.061859e+00 -3.191967e+00
7.304270e+00 9.261104e-01 -3.193104e+00
7.305269e+00 9.244386e-01 -3.194274e+00
7.306269e+00 8.798432e-01 -3.195476e+00
7.307269e+00 7.949501e-01 -3.196710e+00
7.308269e+00 8.034570e-01 -3.197976e+00
7.309269e+00 8.762075e-01 -3.199275e+00
7.310269e+00 8.781592e-01 -3.200607e+00
7.311269e+00 9.557496e-01 -3.201971e+00
7.312269e+00 1.068664e+00 -3.203367e+00
7.313269e+00 9.628765e-01 -3.204796e+00
7.314269e+00 8.719387e-01 -3.206259e+00
7.315268e+00 9.326421e-01 -3.207754e+00
7.316268e+00 8.426281e-01 -3.209282e+00
7.317268e+00 7.764591e-01 -3.210843e+00
7.318268e+00 8.663473e-01 -3.212437e+00
7.319268e+00 9.548708e-01 -3.214065e+00
7.320268e+00 9.631006e-01 -3.215725e+00
7.321268e+00 1.020703e+00 -3.217420e+00
7.322268e+00 9.911682e-01 -3.219147e+00
7.323268e+00 9.823890e-01 -3.220909e+00
7.324268e+00 9.098294e-01 -3.222704e+00
7.325267e+00 9.497049e-01 -3.224532e+00
7.326267e+00 9.137013e-01 -3.226395e+00
7.327267e+00 8.119180e-01 -3.228291e+00
7.328267e+00 7.611711e-01 -3.230222e+00
7.329267e+00 8.199895e-01 -3.232186e+00
7.330267e+00 8.104363e-01 -3.234185e+00
7.331267e+00 9.837182e-01 -3.236217e+00
7.332267e+00 9.562478e-01 -3.238284e+00
7.333267e+00 9.924744e-01 -3.240386e+00
7.334267e+00 7.879661e-01 -3.242522e+00
7.335266e+00 8.751608e-01 -3.244692e+00
7.336266e+00 7.675810e-01 -3.246897e+00
7.337266e+00 7.067104e-01 -3.249137e+00
7.338266e+00 8.155542e-01 -3.251412e+00
7.339266e+00 8.038291e-01 -3.253721e+00
7.340266e+00 8.657579e-01 -3.256065e+00
7.341266e+00 9.113520e-01 -3.258445e+00
7.342266e+00 9.773259e-01 -3.260859e+00
7.343266e+00 9.565566e-01 -3.263308e+00
7.344266e+00 9.606595e-01 -3.265793e+00
7.345265e+00 9.365185e-01 -3.268313e+00
7.346265e+00 7.379754e-01 -3.270869e+00
7.347265e+00 7.507693e-01 -3.273460e+00
7.348265e+00 7.974346e-01 -3.276086e+00
7.349265e+00 8.047131e-01 -3.278748e+00
7.350265e+00 6.958825e-01 -3.281446e+00
7.351265e+00 8.490430e-01 -3.284179e+00
7.352265e+00 8.885681e-01 -3.286949e+00
7.353265e+00 8.935494e-01 -3.289754e+00
7.354265e+00 7.698563e-01 -3.292595e+00
7.355264e+00 7.399631e-01 -3.295472e+00
7.356264e+00 7.880172e-01 -3.298386e+00
7.357264e+00 5.882953e-01 -3.301335e+00
7.358264e+00 6.892528e-01 -3.304321e+00
7.359264e+00 6.901957e-01 -3.307343e+00
7.360264e+00 8.190207e-01 -3.310401e+00
7.361264e+00 7.824133e-01 -3.313496e+00
7.362264e+00 8.374333e-01 -3.316628e+00
7.363264e+00 8.016362e-01 -3.319796e+00
7.364264e+00 8.566485e-01 -3.323000e+00
7.365263e+00 7.293120e-01 -3.326242e+00
7.366263e+00 5.916172e-01 -3.329520e+00
7.367263e+00 6.747205e-01 -3.332835e+00
7.368263e+00 6.548340e-01 -3.336187e+00
7.369263e+00 6.525613e-01 -3.339575e+00
7.370263e+00 6.800979e-01 -3.343001e+00
7.371263e+00 7.782670e-01 -3.346464e+00
7.372263e+00 7.322142e-01 -3.349964e+00
7.373263e+00 8.035754e-01 -3.353501e+00
7.374263e+00 8.067778e-01 -3.357076e+00
7.375262e+00 6.965201e-01 -3.360687e+00
7.376262e+00 6.211611e-01 -3.364337e+00
7.377262e+00 5.530166e-01 -3.368023e+00
7.378262e+00 7.107798e-01 -3.371747e+00
7.379262e+00 6.370410e-01 -3.375509e+00
7.380262e+00 7.535325e-01 -3.379308e+00
7.381262e+00 7.763195e-01 -3.383144e+00
7.382262e+00 6.898300e-01 -3.387019e+00
7.383262e+00 7.383566e-01 -3.390931e+00
7.384262e+00 7.007723e-01 -3.394880e+00
7.385261e+00 7.539263e-01 -3.398868e+00
7.386261e+00 6.552181e-01 -3.402893e+00
7.387261e+00 5.150269e-01 -3.406957e+00
7.388261e+00 5.775745e-01 -3.411058e+00
7.389261e+00 5.884769e-01 -3.415197e+00
7.390261e+00 6.432250e-01 -3.419374e+00
7.391261e+00 8.006479e-01 -3.423589e+00
7.392261e+00 6.233714e-01 -3.427842e+00
7.393261e+00 6.916112e-01 -3.432134e+00
7.394261e+00 6.405838e-01 -3.436463e+00
7.395260e+00 6.020186e-01 -3.440831e+00
7.396260e+00 5.242645e-01 -3.445236e+00
7.397260e+00 5.843562e-01 -3.449680e+00
7.398260e+00 5.472627e-01 -3.454163e+00
7.399260e+00 5.448518e-01 -3.458683e+00
7.400260e+00 5.382588e-01 -3.463242e+00
7.401260e+00 7.199320e-01 -3.467839e+00
7.402260e+00 6.866539e-01 -3.472474e+00
7.403260e+00 7.033604e-01 -3.477148e+00
7.404260e+00 6.600362e-01 -3.481860e+00
7.405259e+00 5.653973e-01 -3.486610e+00
7.406259e+00 4.108823e-01 -3.491399e+00
7.407259e+00 4.338213e-01 -3.496226e+00
7.408259e+00 4.986958e-01 -3.501091e+00
7.409259e+00 4.490482e-01 -3.505995e+00
7.410259e+00 5.402854e-01 -3.510938e+00
7.411259e+00 5.428839e-01 -3.515918e+00
7.412259e+00 6.160012e-01 -3.520937e+00
7.413259e+00 6.521095e-01 -3.525995e+00
7.414259e+00 5.718832e-01 -3.531091e+00
7.415258e+00 4.810818e-01 -3.536225e+00
7.416258e+00 4.687956e-01 -3.541397e+00
7.417258e+00 3.824668e-01 -3.546608e+00
7.418258e+00 2.841654e-01 -3.551857e+00
7.419258e+00 4.990686e-01 -3.557145e+00
7.420258e+00 4.755316e-01 -3.562471e+00
7.421258e+00 5.846891e-01 -3.567835e+00
7.422258e+00 6.651759e-01 -3.573237e+00
7.423258e+00 5.504309e-01 -3.578678e+00
7.424258e+00 4.767297e-01 -3.584156e+00
7.425257e+00 3.682867e-01 -3.589673e+00
7.426257e+00 4.461291e-01 -3.595228e+00
7.427257e+00 2.819825e-01 -3.600821e+00
7.428257e+00 3.712890e-01 -3.606453e+00
7.429257e+00 4.341208e-01 -3.612122e+00
7.430257e+00 4.313193e-01 -3.617829e+00
7.431257e+00 5.570453e-01 -3.623574e+00
7.432257e+00 4.788333e-01 -3.629357e+00
7.433257e+00 4.742658e-01 -3.635177e+00
7.434257e+00 4.572141e-01 -3.641036e+00
7.435256e+00 3.773911e-01 -3.646932e+00
7.436256e+00 3.513203e-01 -3.652866e+00
7.437256e+00 3.018419e-01 -3.658837e+00
7.438256e+00 2.573296e-01 -3.664846e+00
7.439256e+00 3.211527e-01 -3.670892e+00
7.440256e+00 3.305691e-01 -3.676975e+00
7.441256e+00 4.388805e-01 -3.683096e+00
7.442256e+00 4.018403e-01 -3.689254e+00
7.443256e+00 4.449348e-01 -3.695449e+00
7.444256e+00 3.825760e-01 -3.701681e+00
7.445255e+00 3.066967e-01 -3.707950e+00
7.446255e+00 3.314690e-01 -3.714256e+00
7.447255e+00 1.974628e-01 -3.720599e+00
7.448255e+00 2.333555e-01 -3.726978e+00
7.449255e+00 3.648080e-01 -3.733393e+00
7.450255e+00 3.921194e-01 -3.739845e+00
7.451255e+00 3.553900e-01 -3.746334e+00
7.452255e+00 2.732238e-01 -3.752858e+00
7.453255e+00 3.739429e-01 -3.759419e+00
7.454255e+00 3.140596e-01 -3.766015e+00
7.455254e+00 3.055215e-01 -3.772648e+00
7.456254e+00 1.887725e-01 -3.779316e+00
7.457254e+00 1.732077e-01 -3.786019e+00
7.458254e+00 2.204904e-01 -3.792758e+00
7.459254e+00 2.628412e-01 -3.799533e+00
7.460254e+00 2.441529e-01 -3.806342e+00
7.461254e+00 2.868446e-01 -3.813186e+00
7.462254e+00 3.214847e-01 -3.820065e+00
7.463254e+00 3.440698e-01 -3.826979e+00
7.464254e+00 2.532660e-01 -3.833928e+00
7.465253e+00 1.552783e-01 -3.840910e+00
7.466253e+00 8.420734e-02 -3.847927e+00
7.467253e+00 6.816021e-02 -3.854978e+00
7.468253e+00 1.054904e-01 -3.862063e+00
7.469253e+00 1.255582e-01 -3.869181e+00
7.470253e+00 2.224203e-01 -3.876333e+00
7.471253e+00 3.118794e-01 -3.883518e+00
7.472253e+00 2.892822e-01 -3.890736e+00
7.473253e+00 2.336192e-01 -3.897987e+00
7.474253e+00 1.898794e-01 -3.905271e+00
7.475252e+00 1.548438e-01 -3.912587e+00
7.476252e+00 1.242053e-02 -3.919936e+00
7.477252e+00 1.304133e-01 -3.927317e+00
7.478252e+00 5.673350e-02 -3.934729e+00
7.479252e+00 9.734094e-02 -3.942173e+00
7.480252e+00 1.225314e-01 -3.949649e+00
7.481252e+00 1.369361e-01 -3.957155e+00
7.482252e+00 1.882573e-01 -3.964693e+00
7.483252e+00 1.583522e-01 -3.972261e+00
7.484252e+00 9.162871e-02 -3.979860e+00
7.485251e+00 4.991955e-02 -3.987489e+00
7.486251e+00 -1.653667e-02 -3.995148e+00
7.487251e+00 -8.193834e-02 -4.002836e+00
7.488251e+00 -5.248729e-02 -4.010554e+00
7.489251e+00 -3.482674e-02 -4.018302e+00
7.490251e+00 9.863037e-02 -4.026078e+00
7.491251e+00 1.314156e-01 -4.033883e+00
7.492251e+00 2.196410e-01 -4.041716e+00
7.493251e+00 2.087563e-01 -4.049577e+00
7.494251e+00 5.609235e-02 -4.057466e+00
7.495250e+00 1.692665e-02 -4.065383e+00
7.496250e+00 -6.844547e-02 -4.073326e+00
7.497250e+00 6.606846e-04 -4.081297e+00
7.498250e+00 -1.247518e-01 -4.089294e+00
7.499250e+00 -8.670475e-02 -4.097318e+00
7.500250e+00 1.491739e-02 -4.105368e+00
7.501250e+00 7.773260e-02 -4.113443e+00
7.502250e+00 -7.588864e-03 -4.121544e+00
7.503250e+00 6.729910e-02 -4.129669e+00
7.504250e+00 1.942813e-02 -4.137820e+00
7.505249e+00 -7.480756e-02 -4.145994e+00
7.506249e+00 -1.177896e-01 -4.154193e+00
7.507249e+00 -9.882663e-02 -4.162415e+00
7.508249e+00 -8.949439e-02 -4.170661e+00
7.509249e+00 -2.356270e-01 -4.178930e+00
7.510249e+00 -1.126287e-01 -4.187221e+00
7.511249e+00 4.041209e-02 -4.195535e+00
7.512249e+00 5.536497e-02 -4.203871e+00
7.513249e+00 1.225111e-01 -4.212228e+00
7.514249e+00 1.630320e-02 -4.220606e+00
7.515248e+00 -1.215275e-01 -4.229005e+00
7.516248e+00 -1.693700e-01 -4.237424e+00
7.517248e+00 -3.110698e-01 -4.245864e+00
7.518248e+00 -1.629418e-01 -4.254323e+00
7.519248e+00 -1.739603e-01 -4.262801e+00
7.520248e+00 -1.231802e-01 -4.271298e+00
7.521248e+00 -5.169320e-02 -4.279814e+00
7.522248e+00 2.753529e-02 -4.288347e+00
7.523248e+00 -2.182830e-02 -4.296899e+00
7.524248e+00 -1.034755e-01 -4.305467e+00
7.525247e+00 -2.643760e-01 -4.314052e+00
7.526247e+00 -2.650939e-01 -4.322654e+00
7.527247e+00 -1.784979e-01 -4.331271e+00
7.528247e+00 -2.457334e-01 -4.339904e+00
7.529247e+00 -2.163283e-01 -4.348552e+00
7.530247e+00 -2.337487e-01 -4.357215e+00
7.531247e+00 -1.019579e-01 -4.365891e+00
7.532247e+00 -1.303953e-01 -4.374582e+00
7.533247e+00 -6.796968e-02 -4.383286e+00
7.534247e+00 -1.628541e-01 -4.392002e+00
7.535246e+00 -1.996874e-01 -4.400731e+00
7.536246e+00 -2.507175e-01 -4.409472e+00
7.537246e+00 -3.221533e-01 -4.418224e+00
7.538246e+00 -3.048810e-01 -4.426988e+00
7.539246e+00 -3.142293e-01 -4.435761e+00
7.540246e+00 -1.779865e-01 -4.444545e+00
7.541246e+00 -1.004952e-01 -4.453338e+00
7.542246e+00 -1.757765e-01 -4.462140e+00
7.543246e+00 -2.197755e-01 -4.470951e+00
7.544246e+00 -2.172501e-01 -4.479770e+00
7.545245e+00 -2.297398e-01 -4.488596e+00
7.546245e+00 -3.162286e-01 -4.497430e+00
7.547245e+00 -4.012092e-01 -4.506270e+00
7.548245e+00 -3.922011e-01 -4.515116e+00
7.549245e+00 -3.649343e-01 -4.523968e+00
7.550245e+00 -3.023726e-01 -4.532824e+00
7.551245e+00 -2.774964e-01 -4.541685e+00
7.552245e+00 -2.520356e-01 -4.550550e+00
7.553245e+00 -2.351769e-01 -4.559419e+00
7.554245e+00 -3.119607e-01 -4.568290e+00
7.555244e+00 -3.207057e-01 -4.577164e+00
7.556244e+00 -4.283342e-01 -4.586040e+00
7.557244e+00 -4.526799e-01 -4.594917e+00
7.558244e+00 -4.638549e-01 -4.603795e+00
7.559244e+00 -3.999925e-01 -4.612673e+00
7.560244e+00 -4.224504e-01 -4.621551e+00
7.561244e+00 -4.140946e-01 -4.630428e+00
7.562244e+00 -3.825935e-01 -4.639304e+00
7.563244e+00 -3.303744e-01 -4.648178e+00
7.564244e+00 -2.870906e-01 -4.657049e+00
7.565243e+00 -3.901649e-01 -4.665917e+00
7.566243e+00 -5.277236e-01 -4.674781e+00
7.567243e+00 -5.205393e-01 -4.683642e+00
7.568243e+00 -5.507249e-01 -4.692497e+00
7.569243e+00 -4.222885e-01 -4.701348e+00
7.570243e+00 -4.227428e-01 -4.710192e+00
7.571243e+00 -3.900183e-01 -4.719030e+00
7.572243e+00 -3.441164e-01 -4.727861e+00
7.573243e+00 -3.882582e-01 -4.736684e+00
7.574243e+00 -4.239382e-01 -4.745500e+00
7.575242e+00 -6.127025e-01 -4.754306e+00
7.576242e+00 -6.074920e-01 -4.763103e+00
7.577242e+00 -5.290940e-01 -4.771890e+00
7.578242e+00 -5.629568e-01 -4.780667e+00
7.579242e+00 -5.370356e-01 -4.789432e+00
7.580242e+00 -4.035306e-01 -4.798186e+00
7.581242e+00 -3.732027e-01 -4.806927e+00
7.582242e+00 -4.156033e-01 -4.815656e+00
7.583242e+00 -3.450394e-01 -4.824371e+00
7.584242e+00 -5.343136e-01 -4.833072e+00
7.585241e+00 -5.999330e-01 -4.841758e+00
7.586241e+00 -5.924372e-01 -4.850429e+00
7.587241e+00 -4.972840e-01 -4.859084e+00
7.588241e+00 -6.295592e-01 -4.867723e+00
7.589241e+00 -5.492741e-01 -4.876344e+00
7.590241e+00 -5.095108e-01 -4.884948e+00
7.591241e+00 -5.241876e-01 -4.893533e+00
7.592241e+00 -4.205919e-01 -4.902100e+00
7.593241e+00 -3.990858e-01 -4.910647e+00
7.594241e+00 -5.328865e-01 -4.919174e+00
7.595240e+00 -5.729667e-01 -4.927680e+00
7.596240e+00 -6.604050e-01 -4.936164e+00
7.597240e+00 -7.266794e-01 -4.944627e+00
7.598240e+00 -6.323497e-01 -4.953067e+00
7.599240e+00 -6.386170e-01 -4.961484e+00
7.600240e+00 -5.372297e-01 -4.969878e+00
7.601240e+00 -4.151331e-01 -4.978246e+00
7.602240e+00 -5.870274e-01 -4.986590e+00
7.603240e+00 -5.068988e-01 -4.994908e+00
7.604240e+00 -5.340034e-01 -5.003200e+00
7.605239e+00 -5.729604e-01 -5.011465e+00
7.606239e+00 -7.187119e-01 -5.019702e+00
7.607239e+00 -7.359547e-01 -5.027911e+00
7.608239e+00 -6.609658e-01 -5.036092e+00
7.609239e+00 -7.069752e-01 -5.044243e+00
7.610239e+00 -6.716074e-01 -5.052364e+00
7.611239e+00 -5.014395e-01 -5.060455e+00
7.612239e+00 -4.909140e-01 -5.068515e+00
7.613239e+00 -5.696026e-01 -5.076542e+00
7.614239e+00 -6.285932e-01 -5.084538e+00
7.615238e+00 -6.986317e-01 -5.092500e+00
7.616238e+00 -7.253552e-01 -5.100429e+00
7.617238e+00 -7.898670e-01 -5.108323e+00
7.618238e+00 -8.049507e-01 -5.116183e+00
7.619238e+00 -6.960558e-01 -5.124007e+00
7.620238e+00 -6.695289e-01 -5.131796e+00
7.621238e+00 -5.988129e-01 -5.139547e+00
7.622238e+00 -6.115961e-01 -5.147261e+00
7.623238e+00 -6.252578e-01 -5.154938e+00
7.624238e+00 -6.245900e-01 -5.162576e+00
7.625237e+00 -7.803153e-01 -5.170175e+00
7.626237e+00 -8.626062e-01 -5.177734e+00
7.627237e+00 -8.085238e-01 -5.185254e+00
7.628237e+00 -8.302056e-01 -5.192732e+00
7.629237e+00 -7.851119e-01 -5.200169e+00
7.630237e+00 -7.454370e-01 -5.207564e+00
7.631237e+00 -6.059387e-01 -5.214916e+00
7.632237e+00 -7.552611e-01 -5.222225e+00
7.633237e+00 -6.368501e-01 -5.229491e+00
7.634237e+00 -7.301560e-01 -5.236712e+00
7.635236e+00 -8.113316e-01 -5.243888e+00
7.636236e+00 -7.705528e-01 -5.251019e+00
7.637236e+00 -9.038983e-01 -5.258104e+00
7.638236e+00 -8.776384e-01 -5.265142e+00
7.639236e+00 -7.938118e-01 -5.272133e+00
7.640236e+00 -7.570398e-01 -5.279076e+00
7.641236e+00 -6.999270e-01 -5.285972e+00
7.642236e+00 -6.738401e-01 -5.292818e+00
7.643236e+00 -6.853325e-01 -5.299615e+00
7.644236e+00 -6.834590e-01 -5.306362e+00
7.645235e+00 -8.284676e-01 -5.313058e+00
7.646235e+00 -8.939123e-01 -5.319704e+00
7.647235e+00 -9.916898e-01 -5.326298e+00
7.648235e+00 -9.736011e-01 -5.332840e+00
7.649235e+00 -7.814830e-01 -5.339329e+00
7.650235e+00 -8.097425e-01 -5.345765e+00
7.651235e+00 -7.303075e-01 -5.352148e+00
7.652235e+00 -7.439521e-01 -5.358476e+00
7.653235e+00 -6.781469e-01 -5.364750e+00
7.654235e+00 -7.328168e-01 -5.370968e+00
7.655234e+00 -8.597549e-01 -5.377131e+00
7.656234e+00 -9.107216e-01 -5.383238e+00
7.657234e+00 -8.968208e-01 -5.389288e+00
7.658234e+00 -1.011624e+00 -5.395281e+00
7.659234e+00 -8.763546e-01 -5.401216e+00
7.660234e+00 -8.889575e-01 -5.407093e+00
7.661234e+00 -8.123087e-01 -5.412912e+00
7.662234e+00 -7.101402e-01 -5.418671e+00
7.663234e+00 -8.136038e-01 -5.424371e+00
7.664234e+00 -8.412409e-01 -5.430011e+00
7.665233e+00 -9.628963e-01 -5.435590e+00
7.666233e+00 -9.340075e-01 -5.441108e+00
7.667233e+00 -9.658003e-01 -5.446566e+00
7.668233e+00 -9.374607e-01 -5.451961e+00
7.669233e+00 -8.927250e-01 -5.457294e+00
7.670233e+00 -8.617722e-01 -5.462564e+00
7.671233e+00 -9.419985e-01 -5.467772e+00
7.672233e+00 -7.713612e-01 -5.472915e+00
7.673233e+00 -7.714729e-01 -5.477995e+00
7.674233e+00 -9.091053e-01 -5.483011e+00
7.675232e+00 -8.741146e-01 -5.487961e+00
7.676232e+00 -8.863003e-01 -5.492847e+00
7.677232e+00 -9.216311e-01 -5.497667e+00
7.678232e+00 -9.505434e-01 -5.502421e+00
7.679232e+00 -9.276192e-01 -5.507108e+00
7.680232e+00 -8.447663e-01 -5.511729e+00
7.681232e+00 -9.285779e-01 -5.516283e+00
7.682232e+00 -7.955737e-01 -5.520770e+00
7.683232e+00 -7.315782e-01 -5.525188e+00
7.684232e+00 -9.408997e-01 -5.529538e+00
7.685231e+00 -9.130201e-01 -5.533820e+00
7.686231e+00 -9.760321e-01 -5.538033e+00
7.687231e+00 -1.009887e+00 -5.542177e+00
7.688231e+00 -1.020927e+00 -5.546251e+00
7.689231e+00 -1.019319e+00 -5.550255e+00
7.690231e+00 -9.459531e-01 -5.554189e+00
7.691231e+00 -8.794921e-01 -5.558052e+00
7.692231e+00 -8.994275e-01 -5.561845e+00
7.693231e+00 -8.314420e-01 -5.565566e+00
7.694231e+00 -8.733847e-01 -5.569216e+00
7.695230e+00 -9.507107e-01 -5.572794e+00
7.696230e+00 -1.042017e+00 -5.576300e+00
7.697230e+00 -1.016158e+00 -5.579733e+00
7.698230e+00 -1.086688e+00 -5.583094e+00
7.699230e+00 -9.514893e-01 -5.586382e+00
7.700230e+00 -9.354224e-01 -5.589596e+00
7.701230e+00 -8.838230e-01 -5.592737e+00
7.702230e+00 -8.488172e-01 -5.595804e+00
7.703230e+00 -7.828799e-01 -5.598798e+00
7.704230e+00 -8.794589e-01 -5.601717e+00
7.705229e+00 -9.860036e-01 -5.604561e+00
7.706229e+00 -9.556497e-01 -5.607330e+00
7.707229e+00 -1.004882e+00 -5.610025e+00
7.708229e+00 -1.100475e+00 -5.612644e+00
7.709229e+00 -1.014481e+00 -5.615188e+00
7.710229e+00 -1.019576e+00 -5.617656e+00
7.711229e+00 -8.768108e-01 -5.620048e+00
7.712229e+00 -7.979764e-01 -5.622364e+00
7.713229e+00 -9.358288e-01 -5.624603e+00
7.714229e+00 -8.470710e-01 -5.626766e+00
7.715228e+00 -9.758593e-01 -5.628851e+00
7.716228e+00 -1.055741e+00 -5.630860e+00
7.717228e+00 -9.747278e-01 -5.632792e+00
7.718228e+00 -1.116099e+00 -5.634646e+00
7.719228e+00 -9.507911e-01 -5.636422e+00
7.720228e+00 -8.913192e-01 -5.638121e+00
7.721228e+00 -8.398989e-01 -5.639742e+00
7.722228e+00 -8.539701e-01 -5.641284e+00
7.723228e+00 -9.836090e-01 -5.642748e+00
7.724228e+00 -7.976979e-01 -5.644134e+00
7.725227e+00 -1.057048e+00 -5.645441e+00
7.726227e+00 -1.055029e+00 -5.646669e+00
7.727227e+00 -1.117146e+00 -5.647818e+00
7.728227e+00 -1.117735e+00 -5.648887e+00
7.729227e+00 -9.653514e-01 -5.649878e+00
7.730227e+00 -1.024992e+00 -5.650789e+00
7.731227e+00 -8.942573e-01 -5.651620e+00
7.732227e+00 -8.961578e-01 -5.652371e+00
7.733227e+00 -8.873657e-01 -5.653043e+00
7.734227e+00 -9.633299e-01 -5.653634e+00
7.735226e+00 -9.988230e-01 -5.654146e+00
7.736226e+00 -1.072317e+00 -5.654576e+00
7.737226e+00 -1.066925e+00 -5.654927e+00
7.738226e+00 -1.081804e+00 -5.655197e+00
7.739226e+00 -9.840535e-01 -5.655386e+00
7.740226e+00 -9.127320e-01 -5.655494e+00
7.741226e+00 -8.955778e-01 -5.655521e+00
7.742226e+00 -8.955218e-01 -5.655467e+00
7.743226e+00 -9.565905e-01 -5.655332e+00
7.744226e+00 -8.817202e-01 -5.655116e+00
7.745225e+00 -9.629298e-01 -5.654818e+00
7.746225e+00 -1.074272e+00 -5.654438e+00
7.747225e+00 -1.155178e+00 -5.653977e+00
7.748225e+00 -1.196414e+00 -5.653435e+00
7.749225e+00 -1.100201e+00 -5.652810e+00
7.750225e+00 -1.004942e+00 -5.652103e+00
7.751225e+00 -9.276669e-01 -5.651315e+00
7.752225e+00 -8.857099e-01 -5.650444e+00
7.753225e+00 -8.398627e-01 -5.649491e+00
7.754225e+00 -1.007238e+00 -5.648456e+00
7.755224e+00 -1.039788e+00 -5.647338e+00
7.756224e+00 -1.040488e+00 -5.646138e+00
7.757224e+00 -1.124674e+00 -5.644855e+00
7.758224e+00 -1.013281e+00 -5.643489e+00
7.759224e+00 -1.077253e+00 -5.642041e+00
7.760224e+00 -9.555053e-01 -5.640510e+00
7.761224e+00 -8.797261e-01 -5.638896e+00
7.762224e+00 -9.957672e-01 -5.637199e+00
7.763224e+00 -8.782307e-01 -5.635419e+00
7.764224e+00 -9.191340e-01 -5.633556e+00
7.765223e+00 -1.031538e+00 -5.631610e+00
7.766223e+00 -1.061578e+00 -5.629580e+00
7.767223e+00 -1.115580e+00 -5.627467e+00
7.768223e+00 -1.122850e+00 -5.625271e+00
7.769223e+00 -1.042523e+00 -5.622991e+00
7.770223e+00 -9.434997e-01 -5.620627e+00
7.771223e+00 -9.425891e-01 -5.618180e+00
7.772223e+00 -8.045693e-01 -5.615649e+00
7.773223e+00 -8.446318e-01 -5.613035e+00
7.774223e+00 -9.458183e-01 -5.610336e+00
7.775222e+00 -9.759907e-01 -5.607554e+00
7.776222e+00 -1.067381e+00 -5.604688e+00
7.777222e+00 -1.052793e+00 -5.601738e+00
7.778222e+00 -9.562343e-01 -5.598704e+00
7.779222e+00 -1.147409e+00 -5.595586e+00
7.780222e+00 -9.462196e-01 -5.592383e+00
7.781222e+00 -8.984193e-01 -5.589097e+00
7.782222e+00 -9.507213e-01 -5.585726e+00
7.783222e+00 -8.630673e-01 -5.582271e+00
7.784222e+00 -9.487566e-01 -5.578731e+00
7.785221e+00 -9.990064e-01 -5.575107e+00
7.786221e+00 -1.001399e+00 -5.571399e+00
7.787221e+00 -1.082697e+00 -5.567606e+00
7.788221e+00 -1.100186e+00 -5.563729e+00
7.789221e+00 -1.027578e+00 -5.559767e+00
7.790221e+00 -9.922039e-01 -5.555720e+00
7.791221e+00 -9.110363e-01 -5.551589e+00
7.792221e+00 -8.587823e-01 -5.547373e+00
7.793221e+00 -9.532599e-01 -5.543072e+00
7.794221e+00 -9.260516e-01 -5.538686e+00
7.795220e+00 -1.052670e+00 -5.534216e+00
7.796220e+00 -1.023072e+00 -5.529661e+00
7.797220e+00 -1.020223e+00 -5.525020e+00
7.798220e+00 -9.892802e-01 -5.520295e+00
7.799220e+00 -1.020695e+00 -5.515485e+00
7.800220e+00 -9.644914e-01 -5.510590e+00
7.801220e+00 -8.965643e-01 -5.505610e+00
7.802220e+00 -8.944101e-01 -5.500544e+00
7.803220e+00 -8.037391e-01 -5.495394e+00
7.804220e+00 -8.936744e-01 -5.490158e+00
7.805219e+00 -9.375398e-01 -5.484838e+00
7.806219e+00 -1.005707e+00 -5.479432e+00
7.807219e+00 -1.067668e+00 -5.473941e+00
7.808219e+00 -1.033865e+00 -5.468365e+00
7.809219e+00 -9.250374e-01 -5.462703e+00
7.810219e+00 -8.905750e-01 -5.456956e+00
7.811219e+00 -8.301072e-01 -5.451124e+00
7.812219e+00 -8.429702e-01 -5.445207e+00
7.813219e+00 -8.355628e-01 -5.439205e+00
7.814219e+00 -8.797555e-01 -5.433117e+00
7.815218e+00 -9.340438e-01 -5.426944e+00
7.816218e+00 -1.003380e+00 -5.420685e+00
7.817218e+00 -1.094047e+00 -5.414341e+00
7.818218e+00 -9.931752e-01 -5.407912e+00
7.819218e+00 -1.022658e+00 -5.401398e+00
7.820218e+00 -7.631650e-01 -5.394799e+00
7.821218e+00 -8.137820e-01 -5.388114e+00
7.822218e+00 -7.827154e-01 -5.381344e+00
7.823218e+00 -7.900308e-01 -5.374489e+00
7.824218e+00 -8.537467e-01 -5.367548e+00
7.825217e+00 -9.207118e-01 -5.360523e+00
7.826217e+00 -1.019106e+00 -5.353412e+00
7.827217e+00 -9.674189e-01 -5.346216e+00
7.828217e+00 -9.955278e-01 -5.338936e+00
7.829217e+00 -9.520912e-01 -5.331570e+00
7.830217e+00 -8.391032e-01 -5.324119e+00
7.831217e+00 -8.081252e-01 -5.316584e+00
7.832217e+00 -8.308469e-01 -5.308963e+00
7.833217e+00 -7.876292e-01 -5.301258e+00
7.834217e+00 -9.514083e-01 -5.293468e+00
7.835216e+00 -9.140780e-01 -5.285594e+00
7.836216e+00 -8.875958e-01 -5.277635e+00
7.837216e+00 -9.297660e-01 -5.269591e+00
7.838216e+00 -1.009389e+00 -5.261464e+00
7.839216e+00 -9.626296e-01 -5.253252e+00
7.840216e+00 -8.178553e-01 -5.244956e+00
7.841216e+00 -7.845889e-01 -5.236576e+00
7.842216e+00 -6.768767e-01 -5.228112e+00
7.843216e+00 -7.674352e-01 -5.219565e+00
7.844216e+00 -7.713506e-01 -5.210934e+00
7.845215e+00 -8.039478e-01 -5.202219e+00
7.846215e+00 -8.457575e-01 -5.193422e+00
7.847215e+00 -8.777297e-01 -5.184541e+00
7.848215e+00 -8.382694e-01 -5.175578e+00
7.849215e+00 -8.565425e-01 -5.166532e+00
7.850215e+00 -7.292770e-01 -5.157403e+00
7.851215e+00 -7.591011e-01 -5.148192e+00
7.852215e+00 -7.234606e-01 -5.138899e+00
7.853215e+00 -6.504798e-01 -5.129525e+00
7.854215e+00 -7.813569e-01 -5.120069e+00
7.855214e+00 -7.662427e-01 -5.110531e+00
7.856214e+00 -7.664598e-01 -5.100913e+00
7.857214e+00 -8.204590e-01 -5.091214e+00
7.858214e+00 -8.105935e-01 -5.081435e+00
7.859214e+00 -7.771348e-01 -5.071575e+00
7.860214e+00 -7.189670e-01 -5.061636e+00
7.861214e+00 -6.171447e-01 -5.051618e+00
7.862214e+00 -6.501603e-01 -5.041520e+00
7.863214e+00 -5.882362e-01 -5.031344e+00
7.864214e+00 -7.233493e-01 -5.021090e+00
7.865213e+00 -7.885822e-01 -5.010757e+00
7.866213e+00 -8.197918e-01 -5.000348e+00
7.867213e+00 -8.145814e-01 -4.989861e+00
7.868213e+00 -8.380959e-01 -4.979298e+00
7.869213e+00 -6.745197e-01 -4.968659e+00
7.870213e+00 -7.634070e-01 -4.957945e+00
7.871213e+00 -6.346360e-01 -4.947155e+00
7.872213e+00 -6.179250e-01 -4.936291e+00
7.873213e+00 -6.419072e-01 -4.925353e+00
7.874213e+00 -6.601446e-01 -4.914341e+00
7.875212e+00 -7.050877e-01 -4.903257e+00
7.876212e+00 -8.498706e-01 -4.892101e+00
7.877212e+00 -8.296191e-01 -4.880873e+00
7.878212e+00 -7.799886e-01 -4.869574e+00
7.879212e+00 -7.370858e-01 -4.858205e+00
7.880212e+00 -6.324147e-01 -4.846766e+00
7.881212e+00 -5.804666e-01 -4.835259e+00
7.882212e+00 -4.656142e-01 -4.823683e+00
7.883212e+00 -5.000353e-01 -4.812040e+00
7.884212e+00 -5.881739e-01 -4.800330e+00
7.885211e+00 -6.951570e-01 -4.788555e+00
7.886211e+00 -6.430460e-01 -4.776714e+00
7.887211e+00 -7.235332e-01 -4.764810e+00
7.888211e+00 -6.878677e-01 -4.752842e+00
7.889211e+00 -6.198831e-01 -4.740811e+00
7.890211e+00 -7.126478e-01 -4.728719e+00
7.891211e+00 -5.356328e-01 -4.716566e+00
7.892211e+00 -5.027696e-01 -4.704354e+00
7.893211e+00 -4.954417e-01 -4.692082e+00
7.894211e+00 -5.798898e-01 -4.679753e+00
7.895210e+00 -5.735533e-01 -4.667367e+00
7.896210e+00 -6.998905e-01 -4.654926e+00
7.897210e+00 -6.502411e-01 -4.642429e+00
7.898210e+00 -6.777618e-01 -4.629879e+00
7.899210e+00 -6.712471e-01 -4.617276e+00
7.900210e+00 -5.642006e-01 -4.604622e+00
7.901210e+00 -5.140418e-01 -4.591917e+00
7.902210e+00 -4.186214e-01 -4.579163e+00
7.903210e+00 -3.947733e-01 -4.566361e+00
7.904210e+00 -4.832570e-01 -4.553512e+00
7.905209e+00 -5.386407e-01 -4.540617e+00
7.906209e+00 -6.073475e-01 -4.527678e+00
7.907209e+00 -6.759072e-01 -4.514695e+00
7.908209e+00 -5.774872e-01 -4.501671e+00
7.909209e+00 -6.207867e-01 -4.488605e+00
7.910209e+00 -5.515275e-01 -4.475500e+00
7.911209e+00 -4.518520e-01 -4.462356e+00
7.912209e+00 -4.348330e-01 -4.449176e+00
7.913209e+00 -3.785039e-01 -4.435960e+00
7.914209e+00 -4.530305e-01 -4.422709e+00
7.915208e+00 -6.186700e-01 -4.409426e+00
7.916208e+00 -5.560818e-01 -4.396111e+00
7.917208e+00 -6.756699e-01 -4.382765e+00
7.918208e+00 -6.169340e-01 -4.369391e+00
7.919208e+00 -5.512940e-01 -4.355989e+00
7.920208e+00 -4.822756e-01 -4.342561e+00
7.921208e+00 -3.057269e-01 -4.329108e+00
7.922208e+00 -3.542309e-01 -4.315632e+00
7.923208e+00 -2.969250e-01 -4.302134e+00
7.924208e+00 -4.928534e-01 -4.288615e+00
7.925207e+00 -5.144447e-01 -4.275077e+00
7.926207e+00 -5.048932e-01 -4.261522e+00
7.927207e+00 -4.664718e-01 -4.247950e+00
7.928207e+00 -5.818701e-01 -4.234363e+00
7.929207e+00 -3.937268e-01 -4.220763e+00
7.930207e+00 -3.886766e-01 -4.207151e+00
7.931207e+00 -2.909897e-01 -4.193529e+00
7.932207e+00 -3.138113e-01 -4.179897e+00
7.933207e+00 -2.772653e-01 -4.166258e+00
7.934207e+00 -3.379635e-01 -4.152612e+00
7.935206e+00 -4.577203e-01 -4.138962e+00
7.936206e+00 -4.574851e-01 -4.125308e+00
7.937206e+00 -4.647165e-01 -4.111653e+00
7.938206e+00 -4.651452e-01 -4.097996e+00
7.939206e+00 -4.235415e-01 -4.084341e+00
7.940206e+00 -3.225960e-01 -4.070688e+00
7.941206e+00 -3.561697e-01 -4.057038e+00
7.942206e+00 -2.307596e-01 -4.043393e+00
7.943206e+00 -3.413315e-01 -4.029755e+00
7.944206e+00 -2.592534e-01 -4.016125e+00
7.945205e+00 -3.542020e-01 -4.002503e+00
7.946205e+00 -4.253632e-01 -3.988892e+00
7.947205e+00 -4.959297e-01 -3.975293e+00
7.948205e+00 -3.868569e-01 -3.961707e+00
7.949205e+00 -3.603424e-01 -3.948135e+00
7.950205e+00 -3.272299e-01 -3.934579e+00
7.951205e+00 -2.293461e-01 -3.921040e+00
7.952205e+00 -2.445697e-01 -3.907519e+00
7.953205e+00 -2.254646e-01 -3.894018e+00
7.954205e+00 -2.043082e-01 -3.880537e+00
7.955204e+00 -3.654735e-01 -3.867078e+00
7.956204e+00 -3.711579e-01 -3.853642e+00
7.957204e+00 -3.395980e-01 -3.840231e+00
7.958204e+00 -4.302987e-01 -3.826845e+00
7.959204e+00 -1.813029e-01 -3.813485e+00
7.960204e+00 -2.746915e-01 -3.800153e+00
7.961204e+00 -1.900578e-01 -3.786850e+00
7.962204e+00 -8.313757e-02 -3.773577e+00
7.963204e+00 -1.818837e-01 -3.760335e+00
7.964204e+00 -2.366153e-01 -3.747125e+00
7.965203e+00 -2.271475e-01 -3.733948e+00
7.966203e+00 -2.821051e-01 -3.720806e+00
7.967203e+00 -2.487577e-01 -3.707698e+00
7.968203e+00 -3.662124e-01 -3.694626e+00
7.969203e+00 -1.917200e-01 -3.681591e+00
7.970203e+00 -1.764637e-01 -3.668595e+00
7.971203e+00 -5.852529e-02 -3.655637e+00
7.972203e+00 4.750718e-03 -3.642719e+00
7.973203e+00 1.276606e-02 -3.629841e+00
7.974203e+00 -1.351699e-01 -3.617005e+00
7.975202e+00 -1.988472e-01 -3.604211e+00
7.976202e+00 -2.197843e-01 -3.591461e+00
7.977202e+00 -3.016616e-01 -3.578754e+00
7.978202e+00 -2.585968e-01 -3.566092e+00
7.979202e+00 -1.301858e-01 -3.553475e+00
7.980202e+00 3.588705e-03 -3.540905e+00
7.981202e+00 -1.180954e-01 -3.528381e+00
7.982202e+00 -3.081589e-02 -3.515905e+00
7.983202e+00 6.098111e-02 -3.503478e+00
7.984202e+00 -7.435908e-02 -3.491099e+00
7.985201e+00 -6.756342e-02 -3.478769e+00
7.986201e+00 -2.060269e-01 -3.466490e+00
7.987201e+00 -9.874422e-02 -3.454262e+00
7.988201e+00 -2.553888e-01 -3.442085e+00
7.989201e+00 -1.102078e-01 -3.429959e+00
7.990201e+00 7.169177e-03 -3.417886e+00
7.991201e+00 -5.278236e-02 -3.405866e+00
7.992201e+00 1.566507e-01 -3.393900e+00
7.993201e+00 1.159531e-02 -3.381987e+00
7.994201e+00 1.381070e-02 -3.370129e+00
7.995200e+00 -2.993336e-02 -3.358325e+00
7.996200e+00 -1.268768e-01 -3.346577e+00
7.997200e+00 -1.869064e-01 -3.334884e+00
7.998200e+00 -1.304440e-01 -3.323248e+00
7.999200e+00 -3.297413e-02 -3.311667e+00
8.000200e+00 6.161374e-02 -3.300144e+00
8.001200e+00 8.671926e-02 -3.288678e+00
8.002200e+00 1.308485e-01 -3.277269e+00
8.003200e+00 6.581838e-02 -3.265918e+00
8.004200e+00 7.953309e-02 -3.254625e+00
8.005199e+00 -4.064968e-03 -3.243390e+00
8.006199e+00 -7.898104e-02 -3.232214e+00
8.007199e+00 -3.639218e-02 -3.221097e+00
8.008199e+00 -2.712094e-02 -3.210039e+00
8.009199e+00 -2.870049e-02 -3.199040e+00
8.010199e+00 9.153432e-02 -3.188101e+00
8.011199e+00 1.658837e-01 -3.177222e+00
8.012199e+00 1.492401e-02 -3.166402e+00
8.013199e+00 1.697088e-01 -3.155643e+00
8.014199e+00 1.422169e-01 -3.144944e+00
8.015198e+00 8.190147e-02 -3.134306e+00
8.016198e+00 -3.131005e-02 -3.123728e+00
8.017198e+00 -3.614482e-02 -3.113210e+00
8.018198e+00 3.874756e-02 -3.102754e+00
8.019198e+00 3.316306e-02 -3.092358e+00
8.020198e+00 1.387276e-01 -3.082024e+00
8.021198e+00 2.163358e-01 -3.071751e+00
8.022198e+00 3.020956e-01 -3.061538e+00
8.023198e+00 2.241289e-01 -3.051388e+00
8.024198e+00 2.365100e-01 -3.041298e+00
8.025197e+00 1.655641e-01 -3.031270e+00
8.026197e+00 5.268878e-02 -3.021303e+00
8.027197e+00 8.202751e-02 -3.011397e+00
8.028197e+00 1.457845e-01 -3.001553e+00
8.029197e+00 1.559033e-01 -2.991770e+00
8.030197e+00 1.433157e-01 -2.982049e+00
8.031197e+00 3.768136e-01 -2.972389e+00
8.032197e+00 2.927022e-01 -2.962791e+00
8.033197e+00 3.627240e-01 -2.953254e+00
8.034197e+00 2.787153e-01 -2.943778e+00
8.035196e+00 2.113148e-01 -2.934363e+00
8.036196e+00 1.931560e-01 -2.925010e+00
8.037196e+00 1.293770e-01 -2.915718e+00
8.038196e+00 2.057527e-01 -2.906488e+00
8.039196e+00 3.128199e-01 -2.897318e+00
8.040196e+00 2.435531e-01 -2.888209e+00
8.041196e+00 3.215731e-01 -2.879161e+00
8.042196e+00 3.249562e-01 -2.870174e+00
8.043196e+00 4.453649e-01 -2.861248e+00
8.044196e+00 3.279287e-01 -2.852383e+00
8.045195e+00 3.111209e-01 -2.843578e+00
8.046195e+00 1.950050e-01 -2.834833e+00
8.047195e+00 2.161655e-01 -2.826149e+00
8.048195e+00 1.427993e-01 -2.817525e+00
8.049195e+00 2.187036e-01 -2.808962e+00
8.050195e+00 2.990595e-01 -2.800458e+00
8.051195e+00 4.825495e-01 -2.792014e+00
8.052195e+00 4.155254e-01 -2.783630e+00
8.053195e+00 4.461148e-01 -2.775305e+00
8.054195e+00 4.363389e-01 -2.767040e+00
8.055194e+00 3.982363e-01 -2.758834e+00
8.056194e+00 2.754649e-01 -2.750688e+00
8.057194e+00 1.745116e-01 -2.742600e+00
8.058194e+00 2.638143e-01 -2.734571e+00
8.059194e+00 2.597567e-01 -2.726601e+00
8.060194e+00 4.600249e-01 -2.718690e+00
8.061194e+00 4.461497e-01 -2.710837e+00
8.062194e+00 5.333240e-01 -2.703042e+00
8.063194e+00 5.711963e-01 -2.695305e+00
8.064194e+00 5.424611e-01 -2.687626e+00
8.065193e+00 4.690908e-01 -2.680005e+00
8.066193e+00 3.719582e-01 -2.672442e+00
8.067193e+00 3.390307e-01 -2.664935e+00
8.068193e+00 2.811280e-01 -2.657486e+00
8.069193e+00 4.800956e-01 -2.650094e+00
8.070193e+00 4.452529e-01 -2.642759e+00
8.071193e+00 4.479906e-01 -2.635480e+00
8.072193e+00 4.655751e-01 -2.628258e+00
8.073193e+00 5.517859e-01 -2.621092e+00
8.074193e+00 4.298578e-01 -2.613982e+00
8.075192e+00 4.566584e-01 -2.606928e+00
8.076192e+00 3.732884e-01 -2.599930e+00
8.077192e+00 3.996434e-01 -2.592987e+00
8.078192e+00 4.006699e-01 -2.586099e+00
8.079192e+00 3.960291e-01 -2.579267e+00
8.080192e+00 5.141064e-01 -2.572489e+00
8.081192e+00 5.696207e-01 -2.565766e+00
8.082192e+00 6.299861e-01 -2.559097e+00
8.083192e+00 6.365013e-01 -2.552483e+00
8.084192e+00 5.299253e-01 -2.545923e+00
8.085191e+00 4.636412e-01 -2.539417e+00
8.086191e+00 4.692218e-01 -2.532964e+00
8.087191e+00 4.930746e-01 -2.526565e+00
8.088191e+00 4.211638e-01 -2.520219e+00
8.089191e+00 5.218666e-01 -2.513926e+00
8.090191e+00 6.048002e-01 -2.507686e+00
8.091191e+00 6.729018e-01 -2.501499e+00
8.092191e+00 6.844006e-01 -2.495364e+00
8.093191e+00 6.537743e-01 -2.489281e+00
8.094191e+00 5.183916e-01 -2.483250e+00
8.095190e+00 4.720998e-01 -2.477271e+00
8.096190e+00 5.901353e-01 -2.471344e+00
8.097190e+00 3.918862e-01 -2.465468e+00
8.098190e+00 5.005355e-01 -2.459643e+00
8.099190e+00 5.788348e-01 -2.453869e+00
8.100190e+00 6.433262e-01 -2.448146e+00
8.101190e+00 5.786620e-01 -2.442473e+00
8.102190e+00 8.323105e-01 -2.436851e+00
8.103190e+00 7.184797e-01 -2.431279e+00
8.104190e+00 6.758678e-01 -2.425756e+00
8.105189e+00 5.712396e-01 -2.420284e+00
8.106189e+00 5.247985e-01 -2.414861e+00
8.107189e+00 5.592340e-01 -2.409487e+00
8.108189e+00 6.185470e-01 -2.404162e+00
8.109189e+00 6.037881e-01 -2.398886e+00
8.110189e+00 6.124026e-01 -2.393659e+00
8.111189e+00 6.728789e-01 -2.388480e+00
8.112189e+00 7.536999e-01 -2.383349e+00
8.113189e+00 8.133016e-01 -2.378267e+00
8.114189e+00 7.129447e-01 -2.373232e+00
8.115188e+00 6.926334e-01 -2.368244e+00
8.116188e+00 7.219696e-01 -2.363305e+00
8.117188e+00 5.757373e-01 -2.358412e+00
8.118188e+00 5.796078e-01 -2.353566e+00
8.119188e+00 5.888480e-01 -2.348767e+00
8.120188e+00 7.377126e-01 -2.344015e+00
8.121188e+00 7.802751e-01 -2.339309e+00
8.122188e+00 7.388944e-01 -2.334649e+00
8.123188e+00 8.575333e-01 -2.330034e+00
8.124188e+00 7.512803e-01 -2.325466e+00
8.125187e+00 7.100715e-01 -2.320943e+00
8.126187e+00 7.159762e-01 -2.316466e+00
8.127187e+00 4.741212e-01 -2.312033e+00
8.128187e+00 6.607872e-01 -2.307646e+00
8.129187e+00 6.607467e-01 -2.303303e+00
8.130187e+00 7.256355e-01 -2.299005e+00
8.131187e+00 8.368430e-01 -2.294751e+00
8.132187e+00 8.172237e-01 -2.290541e+00
8.133187e+00 8.383852e-01 -2.286375e+00
8.134187e+00 7.199073e-01 -2.282252e+00
8.135186e+00 6.958042e-01 -2.278173e+00
8.136186e+00 6.185711e-01 -2.274138e+00
8.137186e+00 6.240964e-01 -2.270145e+00
8.138186e+00 6.513707e-01 -2.266196e+00
8.139186e+00 7.891267e-01 -2.262289e+00
8.140186e+00 7.973493e-01 -2.258424e+00
8.141186e+00 7.952625e-01 -2.254602e+00
8.142186e+00 8.541058e-01 -2.250822e+00
8.143186e+00 8.497530e-01 -2.247084e+00
8.144186e+00 7.981580e-01 -2.243387e+00
8.145185e+00 7.573384e-01 -2.239733e+00
8.146185e+00 6.870324e-01 -2.236119e+00
8.147185e+00 6.857304e-01 -2.232546e+00
8.148185e+00 8.564070e-01 -2.229015e+00
8.149185e+00 7.787436e-01 -2.225524e+00
8.150185e+00 7.540981e-01 -2.222074e+00
8.151185e+00 8.704326e-01 -2.218664e+00
8.152185e+00 9.191784e-01 -2.215294e+00
8.153185e+00 8.887552e-01 -2.211964e+00
8.154185e+00 9.729412e-01 -2.208674e+00
8.155184e+00 8.189909e-01 -2.205423e+00
8.156184e+00 7.748922e-01 -2.202212e+00
8.157184e+00 7.032236e-01 -2.199040e+00
8.158184e+00 6.560213e-01 -2.195908e+00
8.159184e+00 8.283819e-01 -2.192814e+00
8.160184e+00 8.396929e-01 -2.189758e+00
8.161184e+00 8.025350e-01 -2.186741e+00
8.162184e+00 9.450216e-01 -2.183763e+00
8.163184e+00 8.692172e-01 -2.180822e+00
8.164184e+00 9.644753e-01 -2.177920e+00
8.165183e+00 8.329375e-01 -2.175055e+00
8.166183e+00 7.932718e-01 -2.172227e+00
8.167183e+00 6.385058e-01 -2.169437e+00
8.168183e+00 6.890413e-01 -2.166684e+00
8.169183e+00 8.782904e-01 -2.163969e+00
8.170183e+00 8.638976e-01 -2.161290e+00
8.171183e+00 9.774690e-01 -2.158647e+00
8.172183e+00 9.263891e-01 -2.156041e+00
8.173183e+00 1.062848e+00 -2.153472e+00
8.174183e+00 9.002450e-01 -2.150938e+00
8.175182e+00 8.765310e-01 -2.148441e+00
8.176182e+00 9.035239e-01 -2.145979e+00
8.177182e+00 7.538065e-01 -2.143553e+00
8.178182e+00 7.817218e-01 -2.141162e+00
8.179182e+00 9.582345e-01 -2.138806e+00
8.180182e+00 9.755426e-01 -2.136486e+00
8.181182e+00 9.779660e-01 -2.134200e+00
8.182182e+00 1.037971e+00 -2.131949e+00
8.183182e+00 9.960870e-01 -2.129732e+00
8.184182e+00 9.947014e-01 -2.127550e+00
8.185181e+00 9.014305e-01 -2.125402e+00
8.186181e+00 8.541204e-01 -2.123288e+00
8.187181e+00 9.040103e-01 -2.121208e+00
8.188181e+00 8.891892e-01 -2.119162e+00
8.189181e+00 7.847620e-01 -2.117149e+00
8.190181e+00 9.533073e-01 -2.115169e+00
8.191181e+00 1.057168e+00 -2.113222e+00
8.192181e+00 1.084848e+00 -2.111309e+00
8.193181e+00 1.005711e+00 -2.109428e+00
8.194181e+00 9.968713e-01 -2.107580e+00
8.195180e+00 1.080280e+00 -2.105765e+00
8.196180e+00 8.582858e-01 -2.103981e+00
8.197180e+00 8.199515e-01 -2.102230e+00
8.198180e+00 9.083305e-01 -2.100511e+00
8.199180e+00 8.990981e-01 -2.098824e+00
8.200180e+00 9.077524e-01 -2.097168e+00
8.201180e+00 9.772951e-01 -2.095544e+00
8.202180e+00 1.098555e+00 -2.093951e+00
8.203180e+00 1.062349e+00 -2.092390e+00
8.204180e+00 1.085656e+00 -2.090859e+00
8.205179e+00 8.959669e-01 -2.089359e+00
8.206179e+00 9.298175e-01 -2.087890e+00
8.207179e+00 8.733698e-01 -2.086451e+00
8.208179e+00 8.648286e-01 -2.085043e+00
8.209179e+00 8.934287e-01 -2.083665e+00
8.210179e+00 9.123904e-01 -2.082317e+00
8.211179e+00 1.009490e+00 -2.080999e+00
8.212179e+00 1.069109e+00 -2.079710e+00
8.213179e+00 1.086735e+00 -2.078451e+00
8.214179e+00 9.835952e-01 -2.077222e+00
8.215178e+00 1.030722e+00 -2.076022e+00
8.216178e+00 9.914287e-01 -2.074850e+00
8.217178e+00 8.463669e-01 -2.073708e+00
8.218178e+00 9.352586e-01 -2.072595e+00
8.219178e+00 9.387943e-01 -2.071510e+00
8.220178e+00 1.019082e+00 -2.070453e+00
8.221178e+00 1.059544e+00 -2.069425e+00
8.222178e+00 1.128685e+00 -2.068425e+00
8.223178e+00 1.004672e+00 -2.067453e+00
8.224178e+00 1.003573e+00 -2.066508e+00
8.225177e+00 1.024683e+00 -2.065592e+00
8.226177e+00 8.418091e-01 -2.064703e+00
8.227177e+00 8.973517e-01 -2.063841e+00
8.228177e+00 9.873900e-01 -2.063007e+00
8.229177e+00 9.108269e-01 -2.062199e+00
8.230177e+00 1.015243e+00 -2.061419e+00
8.231177e+00 1.053498e+00 -2.060665e+00
8.232177e+00 1.204731e+00 -2.059937e+00
8.233177e+00 1.003975e+00 -2.059237e+00
8.234177e+00 9.775250e-01 -2.058562e+00
8.235176e+00 9.091192e-01 -2.057914e+00
8.236176e+00 8.984483e-01 -2.057291e+00
8.237176e+00 8.281685e-01 -2.056695e+00
8.238176e+00 7.968024e-01 -2.056124e+00
8.239176e+00 9.270697e-01 -2.055578e+00
8.240176e+00 1.006379e+00 -2.055058e+00
8.241176e+00 9.962021e-01 -2.054564e+00
8.242176e+00 1.112690e+00 -2.054094e+00
8.243176e+00 1.066590e+00 -2.053649e+00
8.244176e+00 1.069001e+00 -2.053229e+00
8.245175e+00 9.040035e-01 -2.052834e+00
8.246175e+00 9.182360e-01 -2.052463e+00
8.247175e+00 8.630953e-01 -2.052116e+00
8.248175e+00 9.378236e-01 -2.051793e+00
8.249175e+00 8.879855e-01 -2.051495e+00
8.250175e+00 9.900850e-01 -2.051220e+00
8.251175e+00 1.087514e+00 -2.050970e+00
8.252175e+00 1.024784e+00 -2.050742e+00
8.253175e+00 1.112529e+00 -2.050538e+00
8.254175e+00 9.699835e-01 -2.050358e+00
8.255174e+00 9.661041e-01 -2.050200e+00
8.256174e+00 9.446846e-01 -2.050066e+00
8.257174e+00 9.135874e-01 -2.049954e+00
8.258174e+00 9.884159e-01 -2.049865e+00
8.259174e+00 1.026252e+00 -2.049799e+00
8.260174e+00 1.047433e+00 -2.049755e+00
8.261174e+00 1.040460e+00 -2.049733e+00
8.262174e+00 1.169730e+00 -2.049733e+00
8.263174e+00 1.072665e+00 -2.049755e+00
8.264174e+00 1.059877e+00 -2.049799e+00
8.265173e+00 9.731237e-01 -2.049865e+00
8.266173e+00 9.422930e-01 -2.049952e+00
8.267173e+00 8.542132e-01 -2.050060e+00
8.268173e+00 8.559094e-01 -2.050190e+00
8.269173e+00 8.707130e-01 -2.050340e+00
8.270173e+00 1.042489e+00 -2.050512e+00
8.271173e+00 1.062156e+00 -2.050704e+00
8.272173e+00 1.143384e+00 -2.050917e+00
8.273173e+00 1.023468e+00 -2.051150e+00
8.274173e+00 1.034411e+00 -2.051404e+00
8.275172e+00 9.255098e-01 -2.051678e+00
8.276172e+00 8.055445e-01 -2.051971e+00
8.277172e+00 8.913261e-01 -2.052285e+00
8.278172e+00 9.188298e-01 -2.052618e+00
8.279172e+00 9.774992e-01 -2.052971e+00
8.280172e+00 8.773924e-01 -2.053343e+00
8.281172e+00 9.493519e-01 -2.053735e+00
8.282172e+00 9.528368e-01 -2.054145e+00
8.283172e+00 9.978589e-01 -2.054575e+00
8.284172e+00 9.907808e-01 -2.055023e+00
8.285171e+00 1.023450e+00 -2.055490e+00
8.286171e+00 9.330482e-01 -2.055976e+00
8.287171e+00 8.586742e-01 -2.056480e+00
8.288171e+00 8.052931e-01 -2.057002e+00
8.289171e+00 8.991372e-01 -2.057542e+00
8.290171e+00 1.052017e+00 -2.058100e+00
8.291171e+00 9.927252e-01 -2.058675e+00
8.292171e+00 1.077707e+00 -2.059269e+00
8.293171e+00 9.699170e-01 -2.059879e+00
8.294171e+00 1.024671e+00 -2.060507e+00
8.295170e+00 8.638578e-01 -2.061152e+00
8.296170e+00 8.678871e-01 -2.061815e+00
8.297170e+00 9.633283e-01 -2.062493e+00
8.298170e+00 8.492553e-01 -2.063189e+00
8.299170e+00 9.207553e-01 -2.063901e+00
8.300170e+00 9.103861e-01 -2.064629e+00
8.301170e+00 9.815311e-01 -2.065374e+00
8.302170e+00 1.049676e+00 -2.066135e+00
8.303170e+00 1.054465e+00 -2.066911e+00
8.304170e+00 1.007534e+00 -2.067704e+00
8.305169e+00 9.662719e-01 -2.068511e+00
8.306169e+00 7.847565e-01 -2.069335e+00
8.307169e+00 8.860584e-01 -2.070173e+00
8.308169e+00 8.481623e-01 -2.071027e+00
8.309169e+00 8.416710e-01 -2.071895e+00
8.310169e+00 9.211372e-01 -2.072779e+00
8.311169e+00 9.441107e-01 -2.073677e+00
8.312169e+00 9.676041e-01 -2.074589e+00
8.313169e+00 9.593170e-01 -2.075516e+00
8.314169e+00 9.649851e-01 -2.076457e+00
8.315168e+00 9.169425e-01 -2.077411e+00
8.316168e+00 8.322401e-01 -2.078380e+00
8.317168e+00 8.061952e-01 -2.079362e+00
8.318168e+00 8.157678e-01 -2.080358e+00
8.319168e+00 8.216707e-01 -2.081367e+00
8.320168e+00 8.995680e-01 -2.082389e+00
8.321168e+00 1.023627e+00 -2.083424e+00
8.322168e+00 1.034871e+00 -2.084472e+00
8.323168e+00 1.011460e+00 -2.085533e+00
8.324168e+00 9.338978e-01 -2.086606e+00
8.325167e+00 1.018838e+00 -2.087692e+00
8.326167e+00 7.730876e-01 -2.088789e+00
8.327167e+00 7.827466e-01 -2.089899e+00
8.328167e+00 7.884237e-01 -2.091020e+00
8.329167e+00 8.396987e-01 -2.092153e+00
8.330167e+00 9.196799e-01 -2.093298e+00
8.331167e+00 9.380472e-01 -2.094454e+00
8.332167e+00 9.909203e-01 -2.095621e+00
8.333167e+00 1.042315e+00 -2.096798e+00
8.334167e+00 9.550234e-01 -2.097987e+00
8.335166e+00 9.104275e-01 -2.099186e+00
8.336166e+00 8.202406e-01 -2.100396e+00
8.337166e+00 7.513554e-01 -2.101616e+00
8.338166e+00 6.728858e-01 -2.102846e+00
8.339166e+00 8.058081e-01 -2.104086e+00
8.340166e+00 8.178683e-01 -2.105336e+00
8.341166e+00 8.651760e-01 -2.106595e+00
8.342166e+00 9.562453e-01 -2.107863e+00
8.343166e+00 8.302200e-01 -2.109141e+00
8.344166e+00 9.054463e-01 -2.110428e+00
8.345165e+00 8.224878e-01 -2.111723e+00
8.346165e+00 7.601484e-01 -2.113027e+00
8.347165e+00 7.367119e-01 -2.114340e+00
8.348165e+00 7.304638e-01 -2.115661e+00
8.349165e+00 6.900875e-01 -2.116990e+00
8.350165e+00 8.981871e-01 -2.118327e+00
8.351165e+00 8.624225e-01 -2.119671e+00
8.352165e+00 9.638650e-01 -2.121023e+00
8.353165e+00 8.685154e-01 -2.122383e+00
8.354165e+00 7.233679e-01 -2.123749e+00
8.355164e+00 8.076366e-01 -2.125123e+00
8.356164e+00 7.193249e-01 -2.126503e+00
8.357164e+00 6.788764e-01 -2.127890e+00
8.358164e+00 6.930630e-01 -2.129284e+00
8.359164e+00 6.755578e-01 -2.130683e+00
8.360164e+00 7.399415e-01 -2.132089e+00
8.361164e+00 8.780938e-01 -2.133500e+00
8.362164e+00 8.435708e-01 -2.134917e+00
8.363164e+00 8.170363e-01 -2.136340e+00
8.364164e+00 7.614208e-01 -2.137767e+00
8.365163e+00 7.463796e-01 -2.139200e+00
8.366163e+00 6.607216e-01 -2.140638e+00
8.367163e+00 7.521901e-01 -2.142080e+00
8.368163e+00 6.923243e-01 -2.143527e+00
8.369163e+00 6.469208e-01 -2.144978e+00
8.370163e+00 6.903748e-01 -2.146433e+00
8.371163e+00 7.745804e-01 -2.147892e+00
8.372163e+00 8.439864e-01 -2.149355e+00
8.373163e+00 7.921952e-01 -2.150821e+00
8.374163e+00 7.621773e-01 -2.152291e+00
8.375162e+00 6.985175e-01 -2.153764e+00
8.376162e+00 6.533423e-01 -2.155239e+00
8.377162e+00 6.645533e-01 -2.156717e+00
8.378162e+00 6.081092e-01 -2.158198e+00
8.379162e+00 6.004782e-01 -2.159681e+00
8.380162e+00 6.906105e-01 -2.161166e+00
8.381162e+00 7.500185e-01 -2.162653e+00
8.382162e+00 7.003970e-01 -2.164142e+00
8.383162e+00 7.161319e-01 -2.165633e+00
8.384162e+00 6.323629e-01 -2.167124e+00
8.385161e+00 5.781900e-01 -2.168617e+00
8.386161e+00 5.849686e-01 -2.170111e+00
8.387161e+00 5.397898e-01 -2.171605e+00
8.388161e+00 5.957499e-01 -2.173100e+00
8.389161e+00 5.801392e-01 -2.174595e+00
8.390161e+00 7.008784e-01 -2.176090e+00
8.391161e+00 7.533967e-01 -2.177586e+00
8.392161e+00 7.492126e-01 -2.179081e+00
8.393161e+00 6.896665e-01 -2.180575e+00
8.394161e+00 7.089899e-01 -2.182069e+00
8.395160e+00 6.471928e-01 -2.183562e+00
8.396160e+00 6.568353e-01 -2.185054e+00
8.397160e+00 4.796294e-01 -2.186544e+00
8.398160e+00 5.092055e-01 -2.188033e+00
8.399160e+00 5.930962e-01 -2.189521e+00
8.400160e+00 6.257197e-01 -2.191007e+00
8.401160e+00 6.861023e-01 -2.192490e+00
8.402160e+00 7.629993e-01 -2.193971e+00
8.403160e+00 6.537076e-01 -2.195450e+00
8.404160e+00 6.089105e-01 -2.196927e+00
8.405159e+00 5.649479e-01 -2.198400e+00
8.406159e+00 5.074227e-01 -2.199870e+00
8.407159e+00 4.812718e-01 -2.201337e+00
8.408159e+00 4.246230e-01 -2.202801e+00
8.409159e+00 4.171051e-01 -2.204261e+00
8.410159e+00 4.762613e-01 -2.205718e+00
8.411159e+00 5.379592e-01 -2.207170e+00
8.412159e+00 7.161375e-01 -2.208618e+00
8.413159e+00 6.531170e-01 -2.210062e+00
8.414159e+00 5.934407e-01 -2.211501e+00
8.415158e+00 3.748775e-01 -2.212935e+00
8.416158e+00 4.360644e-01 -2.214365e+00
8.417158e+00 4.169159e-01 -2.215789e+00
8.418158e+00 3.375402e-01 -2.217208e+00
8.419158e+00 4.085908e-01 -2.218622e+00
8.420158e+00 4.852599e-01 -2.220030e+00
8.421158e+00 5.457515e-01 -2.221432e+00
8.422158e+00 5.612171e-01 -2.222828e+00
8.423158e+00 5.233319e-01 -2.224218e+00
8.424158e+00 4.888079e-01 -2.225601e+00
8.425157e+00 4.013533e-01 -2.226978e+00
8.426157e+00 4.146879e-01 -2.228348e+00
8.427157e+00 2.952884e-01 -2.229711e+00
8.428157e+00 4.046088e-01 -2.231067e+00
8.429157e+00 3.984790e-01 -2.232416e+00
8.430157e+00 3.929861e-01 -2.233758e+00
8.431157e+00 5.226021e-01 -2.235091e+00
8.432157e+00 4.664095e-01 -2.236417e+00
8.433157e+00 5.454566e-01 -2.237735e+00
8.434157e+00 4.594892e-01 -2.239045e+00
8.435156e+00 3.642486e-01 -2.240346e+00
8.436156e+00 2.851089e-01 -2.241639e+00
8.437156e+00 2.863350e-01 -2.242924e+00
8.438156e+00 2.219947e-01 -2.244199e+00
8.439156e+00 2.985338e-01 -2.245466e+00
8.440156e+00 3.329908e-01 -2.246723e+00
8.441156e+00 4.433977e-01 -2.247972e+00
8.442156e+00 4.673586e-01 -2.249210e+00
8.443156e+00 4.630864e-01 -2.250439e+00
8.444156e+00 4.037503e-01 -2.251659e+00
8.445155e+00 2.837043e-01 -2.252868e+00
8.446155e+00 1.995418e-01 -2.254068e+00
8.447155e+00 1.967023e-01 -2.255257e+00
8.448155e+00 2.223087e-01 -2.256436e+00
8.449155e+00 2.932147e-01 -2.257604e+00
8.450155e+00 3.864306e-01 -2.258762e+00
8.451155e+00 4.167809e-01 -2.259909e+00
8.452155e+00 3.492657e-01 -2.261044e+00
8.453155e+00 3.322880e-01 -2.262169e+00
8.454155e+00 3.472678e-01 -2.263283e+00
8.455154e+00 2.371981e-01 -2.264385e+00
8.456154e+00 1.466573e-01 -2.265475e+00
8.457154e+00 1.574203e-01 -2.266554e+00
8.458154e+00 1.866065e-01 -2.267621e+00
8.459154e+00 2.300072e-01 -2.268677e+00
8.460154e+00 2.486016e-01 -2.269720e+00
8.461154e+00 3.382803e-01 -2.270751e+00
8.462154e+00 3.009709e-01 -2.271769e+00
8.463154e+00 2.957861e-01 -2.272775e+00
8.464154e+00 2.909657e-01 -2.273768e+00
8.465153e+00 2.334711e-01 -2.274749e+00
8.466153e+00 8.869624e-02 -2.275717e+00
8.467153e+00 1.108237e-01 -2.276672e+00
8.468153e+00 1.313707e-01 -2.277614e+00
8.469153e+00 2.363717e-01 -2.278542e+00
8.470153e+00 1.891042e-01 -2.279457e+00
8.471153e+00 2.385879e-01 -2.280359e+00
8.472153e+00 2.808772e-01 -2.281247e+00
8.473153e+00 2.279519e-01 -2.282121e+00
8.474153e+00 1.501214e-01 -2.282982e+00
8.475152e+00 2.094401e-01 -2.283828e+00
8.476152e+00 7.500669e-02 -2.284661e+00
8.477152e+00 4.161693e-02 -2.285479e+00
8.478152e+00 -2.276830e-03 -2.286283e+00
8.479152e+00 1.150848e-01 -2.287072e+00
8.480152e+00 1.108798e-01 -2.287848e+00
8.481152e+00 1.530012e-01 -2.288608e+00
8.482152e+00 1.682401e-01 -2.289354e+00
8.483152e+00 1.657883e-01 -2.290085e+00
8.484152e+00 1.094098e-01 -2.290801e+00
8.485151e+00 3.493733e-02 -2.291501e+00
8.486151e+00 7.218625e-02 -2.292187e+00
8.487151e+00 -6.059651e-02 -2.292858e+00
8.488151e+00 -2.540815e-02 -2.293513e+00
8.489151e+00 1.232882e-02 -2.294153e+00
8.490151e+00 6.865164e-02 -2.294777e+00
8.491151e+00 7.291803e-02 -2.295385e+00
8.492151e+00 2.813215e-03 -2.295978e+00
8.493151e+00 1.702471e-01 -2.296555e+00
8.494151e+00 1.504144e-01 -2.297116e+00
8.495150e+00 6.168068e-02 -2.297661e+00
8.496150e+00 -8.103221e-02 -2.298190e+00
8.497150e+00 -8.228499e-02 -2.298703e+00
8.498150e+00 2.358942e-02 -2.299200e+00
8.499150e+00 -9.748257e-02 -2.299680e+00
8.500150e+00 -2.910586e-02 -2.300143e+00
8.501150e+00 1.266444e-01 -2.300591e+00
8.502150e+00 9.628431e-02 -2.301021e+00
8.503150e+00 1.044773e-01 -2.301435e+00
8.504150e+00 -6.624027e-02 -2.301832e+00
8.505149e+00 -4.507657e-02 -2.302212e+00
8.506149e+00 -2.050168e-02 -2.302575e+00
8.507149e+00 -7.956348e-02 -2.302921e+00
8.508149e+00 -1.794658e-01 -2.303250e+00
8.509149e+00 -5.605080e-02 -2.303562e+00
8.510149e+00 -4.033741e-02 -2.303857e+00
8.511149e+00 6.110786e-03 -2.304134e+00
8.512149e+00 7.274946e-02 -2.304394e+00
8.513149e+00 -9.374391e-02 -2.304636e+00
8.514149e+00 -1.125077e-01 -2.304861e+00
8.515148e+00 -1.148702e-05 -2.305068e+00
8.516148e+00 -1.638589e-01 -2.305257e+00
8.517148e+00 -2.414172e-01 -2.305429e+00
8.518148e+00 -1.301846e-01 -2.305582e+00
8.519148e+00 -1.427441e-01 -2.305718e+00
8.520148e+00 -2.003492e-01 -2.305836e+00
8.521148e+00 -8.326823e-02 -2.305936e+00
8.522148e+00 -7.898632e-02 -2.306018e+00
8.523148e+00 -8.231553e-02 -2.306081e+00
8.524148e+00 -1.046553e-01 -2.306126e+00
8.525147e+00 -9.964877e-02 -2.306153e+00
8.526147e+00 -1.782710e-01 -2.306162e+00
8.527147e+00 -3.393138e-01 -2.306152e+00
8.528147e+00 -2.882204e-01 -2.306123e+00
8.529147e+00 -2.269714e-01 -2.306076e+00
8.530147e+00 -1.883343e-01 -2.306011e+00
8.531147e+00 -1.149860e-01 -2.305927e+00
8.532147e+00 -8.283650e-02 -2.305824e+00
8.533147e+00 -1.321783e-01 -2.305702e+00
8.534147e+00 -2.255452e-01 -2.305561e+00
8.535146e+00 -2.353522e-01 -2.305402e+00
8.536146e+00 -2.238185e-01 -2.305223e+00
8.537146e+00 -3.425274e-01 -2.305026e+00
8.538146e+00 -3.147506e-01 -2.304809e+00
8.539146e+00 -2.466456e-01 -2.304574e+00
8.540146e+00 -2.506227e-01 -2.304319e+00
8.541146e+00 -1.194225e-01 -2.304045e+00
8.542146e+00 -1.659862e-01 -2.303751e+00
8.543146e+00 -1.730292e-01 -2.303439e+00
8.544146e+00 -2.375846e-01 -2.303107e+00
8.545145e+00 -3.129275e-01 -2.302756e+00
8.546145e+00 -3.325078e-01 -2.302385e+00
8.547145e+00 -3.787050e-01 -2.301994e+00
8.548145e+00 -4.002377e-01 -2.301584e+00
8.549145e+00 -3.655429e-01 -2.301155e+00
8.550145e+00 -3.568713e-01 -2.300706e+00
8.551145e+00 -2.613841e-01 -2.300237e+00
8.552145e+00 -3.160777e-01 -2.299749e+00
8.553145e+00 -1.814061e-01 -2.299240e+00
8.554145e+00 -3.308441e-01 -2.298712e+00
8.555144e+00 -3.392385e-01 -2.298164e+00
8.556144e+00 -3.738589e-01 -2.297597e+00
8.557144e+00 -4.843708e-01 -2.297009e+00
8.558144e+00 -5.090251e-01 -2.296401e+00
8.559144e+00 -5.087459e-01 -2.295773e+00
8.560144e+00 -3.531333e-01 -2.295126e+00
8.561144e+00 -4.162560e-01 -2.294458e+00
8.562144e+00 -2.550697e-01 -2.293770e+00
8.563144e+00 -2.599341e-01 -2.293062e+00
8.564144e+00 -2.668094e-01 -2.292334e+00
8.565143e+00 -4.130900e-01 -2.291586e+00
8.566143e+00 -4.376349e-01 -2.290817e+00
8.567143e+00 -5.210033e-01 -2.290028e+00
8.568143e+00 -5.518026e-01 -2.289219e+00
8.569143e+00 -3.986479e-01 -2.288389e+00
8.570143e+00 -3.811317e-01 -2.287540e+00
8.571143e+00 -4.154717e-01 -2.286669e+00
8.572143e+00 -3.357054e-01 -2.285779e+00
8.573143e+00 -3.150114e-01 -2.284867e+00
8.574143e+00 -4.037940e-01 -2.283936e+00
8.575142e+00 -5.248945e-01 -2.282984e+00
8.576142e+00 -5.649290e-01 -2.282011e+00
8.577142e+00 -5.939495e-01 -2.281018e+00
8.578142e+00 -6.312493e-01 -2.280004e+00
8.579142e+00 -5.501374e-01 -2.278970e+00
8.580142e+00 -4.299306e-01 -2.277915e+00
8.581142e+00 -3.171978e-01 -2.276840e+00
8.582142e+00 -3.727871e-01 -2.275743e+00
8.583142e+00 -3.719568e-01 -2.274627e+00
8.584142e+00 -4.175818e-01 -2.273489e+00
8.585141e+00 -6.379444e-01 -2.272331e+00
8.586141e+00 -5.817357e-01 -2.271152e+00
8.587141e+00 -7.044302e-01 -2.269952e+00
8.588141e+00 -6.573283e-01 -2.268731e+00
8.589141e+00 -6.191224e-01 -2.267490e+00
8.590141e+00 -4.866317e-01 -2.266228e+00
8.591141e+00 -4.166332e-01 -2.264945e+00
8.592141e+00 -4.888131e-01 -2.263641e+00
8.593141e+00 -5.528529e-01 -2.262316e+00
8.594141e+00 -5.565719e-01 -2.260971e+00
8.595140e+00 -5.822666e-01 -2.259605e+00
8.596140e+00 -6.558837e-01 -2.258217e+00
8.597140e+00 -7.469721e-01 -2.256809e+00
8.598140e+00 -6.821810e-01 -2.255380e+00
8.599140e+00 -5.197281e-01 -2.253930e+00
8.600140e+00 -4.461453e-01 -2.252459e+00
8.601140e+00 -6.633636e-01 -2.250967e+00
8.602140e+00 -5.518795e-01 -2.249454e+00
8.603140e+00 -4.455277e-01 -2.247921e+00
8.604140e+00 -6.186207e-01 -2.246366e+00
8.605139e+00 -6.150413e-01 -2.244790e+00
8.606139e+00 -6.813048e-01 -2.243194e+00
8.607139e+00 -7.411590e-01 -2.241576e+00
8.608139e+00 -6.570297e-01 -2.239937e+00
8.609139e+00 -7.433328e-01 -2.238278e+00
8.610139e+00 -6.265256e-01 -2.236597e+00
8.611139e+00 -5.779899e-01 -2.234895e+00
8.612139e+00 -5.856151e-01 -2.233173e+00
8.613139e+00 -6.669785e-01 -2.231429e+00
8.614139e+00 -5.979953e-01 -2.229664e+00
8.615138e+00 -6.224987e-01 -2.227879e+00
8.616138e+00 -7.858855e-01 -2.226072e+00
8.617138e+00 -7.492109e-01 -2.224244e+00
8.618138e+00 -7.654246e-01 -2.222396e+00
8.619138e+00 -7.841262e-01 -2.220526e+00
8.620138e+00 -7.179517e-01 -2.218635e+00
8.621138e+00 -6.652924e-01 -2.216724e+00
8.622138e+00 -6.051177e-01 -2.214791e+00
8.623138e+00 -5.834167e-01 -2.212837e+00
8.624138e+00 -6.612459e-01 -2.210862e+00
8.625137e+00 -6.812276e-01 -2.208867e+00
8.626137e+00 -7.176399e-01 -2.206850e+00
8.627137e+00 -8.376903e-01 -2.204812e+00
8.628137e+00 -9.001498e-01 -2.202754e+00
8.629137e+00 -7.609131e-01 -2.200674e+00
8.630137e+00 -7.298311e-01 -2.198573e+00
8.631137e+00 -6.338938e-01 -2.196452e+00
8.632137e+00 -6.255835e-01 -2.194309e+00
8.633137e+00 -6.263967e-01 -2.192146e+00
8.634137e+00 -7.163696e-01 -2.189961e+00
8.635136e+00 -7.442036e-01 -2.187756e+00
8.636136e+00 -8.635920e-01 -2.185530e+00
8.637136e+00 -8.813446e-01 -2.183283e+00
8.638136e+00 -8.393455e-01 -2.181015e+00
8.639136e+00 -8.230983e-01 -2.178726e+00
8.640136e+00 -7.612693e-01 -2.176416e+00
8.641136e+00 -6.618105e-01 -2.174085e+00
8.642136e+00 -7.580786e-01 -2.171733e+00
8.643136e+00 -6.665804e-01 -2.169361e+00
8.644136e+00 -7.805818e-01 -2.166968e+00
8.645135e+00 -7.760223e-01 -2.164553e+00
8.646135e+00 -8.670161e-01 -2.162118e+00
8.647135e+00 -8.286858e-01 -2.159663e+00
8.648135e+00 -9.540660e-01 -2.157186e+00
8.649135e+00 -9.204836e-01 -2.154689e+00
8.650135e+00 -7.827461e-01 -2.152170e+00
8.651135e+00 -7.870968e-01 -2.149631e+00
8.652135e+00 -7.604727e-01 -2.147072e+00
8.653135e+00 -7.598055e-01 -2.144491e+00
8.654135e+00 -7.783597e-01 -2.141890e+00
8.655134e+00 -8.019113e-01 -2.139268e+00
8.656134e+00 -8.399061e-01 -2.136626e+00
8.657134e+00 -9.163250e-01 -2.133963e+00
8.658134e+00 -9.796167e-01 -2.131279e+00
8.659134e+00 -8.739793e-01 -2.128574e+00
8.660134e+00 -8.295358e-01 -2.125849e+00
8.661134e+00 -8.428940e-01 -2.123103e+00
8.662134e+00 -8.005679e-01 -2.120337e+00
8.663134e+00 -8.302854e-01 -2.117550e+00
8.664134e+00 -8.572527e-01 -2.114742e+00
8.665133e+00 -9.144819e-01 -2.111914e+00
8.666133e+00 -9.314176e-01 -2.109065e+00
8.667133e+00 -9.831915e-01 -2.106196e+00
8.668133e+00 -9.981097e-01 -2.103306e+00
8.669133e+00 -8.884902e-01 -2.100396e+00
8.670133e+00 -8.879177e-01 -2.097465e+00
8.671133e+00 -9.052771e-01 -2.094514e+00
8.672133e+00 -8.184795e-01 -2.091542e+00
8.673133e+00 -7.688214e-01 -2.088550e+00
8.674133e+00 -8.452422e-01 -2.085538e+00
8.675132e+00 -7.478293e-01 -2.082505e+00
8.676132e+00 -9.480263e-01 -2.079451e+00
8.677132e+00 -9.270202e-01 -2.076377e+00
8.678132e+00 -9.801352e-01 -2.073283e+00
8.679132e+00 -9.982146e-01 -2.070169e+00
8.680132e+00 -9.212208e-01 -2.067034e+00
8.681132e+00 -7.507796e-01 -2.063879e+00
8.682132e+00 -8.043502e-01 -2.060703e+00
8.683132e+00 -7.366290e-01 -2.057508e+00
8.684132e+00 -8.741823e-01 -2.054292e+00
8.685131e+00 -8.248187e-01 -2.051055e+00
8.686131e+00 -9.553701e-01 -2.047799e+00
8.687131e+00 -1.151649e+00 -2.044522e+00
8.688131e+00 -1.055952e+00 -2.041225e+00
8.689131e+00 -1.018748e+00 -2.037908e+00
8.690131e+00 -9.178807e-01 -2.034570e+00
8.691131e+00 -9.219675e-01 -2.031212e+00
8.692131e+00 -9.091954e-01 -2.027835e+00
8.693131e+00 -8.764420e-01 -2.024437e+00
8.694131e+00 -8.355923e-01 -2.021018e+00
8.695130e+00 -9.329904e-01 -2.017580e+00
8.696130e+00 -1.074939e+00 -2.014122e+00
8.697130e+00 -1.074771e+00 -2.010643e+00
8.698130e+00 -1.046222e+00 -2.007145e+00
8.699130e+00 -9.973645e-01 -2.003626e+00
8.700130e+00 -9.925555e-01 -2.000087e+00
8.701130e+00 -8.231622e-01 -1.996528e+00
8.702130e+00 -8.132444e-01 -1.992949e+00
8.703130e+00 -8.236968e-01 -1.989350e+00
8.704130e+00 -9.531920e-01 -1.985731e+00
8.705129e+00 -9.193704e-01 -1.982092e+00
8.706129e+00 -1.043600e+00 -1.978433e+00
8.707129e+00 -1.117663e+00 -1.974754e+00
8.708129e+00 -9.969853e-01 -1.971054e+00
8.709129e+00 -9.253633e-01 -1.967335e+00
8.710129e+00 -9.933782e-01 -1.963596e+00
8.711129e+00 -9.246236e-01 -1.959837e+00
8.712129e+00 -9.785643e-01 -1.956058e+00
8.713129e+00 -8.429114e-01 -1.952258e+00
8.714129e+00 -8.781789e-01 -1.948439e+00
8.715128e+00 -9.531367e-01 -1.944600e+00
8.716128e+00 -1.058687e+00 -1.940741e+00
8.717128e+00 -1.131690e+00 -1.936862e+00
8.718128e+00 -1.066523e+00 -1.932963e+00
8.719128e+00 -1.006702e+00 -1.929044e+00
8.720128e+00 -1.010968e+00 -1.925105e+00
8.721128e+00 -9.374524e-01 -1.921146e+00
8.722128e+00 -8.770961e-01 -1.917167e+00
8.723128e+00 -8.254395e-01 -1.913168e+00
8.724128e+00 -9.072160e-01 -1.909149e+00
8.725127e+00 -9.702927e-01 -1.905110e+00
8.726127e+00 -1.025420e+00 -1.901051e+00
8.727127e+00 -1.063124e+00 -1.896973e+00
8.728127e+00 -1.127366e+00 -1.892874e+00
8.729127e+00 -9.922727e-01 -1.888755e+00
8.730127e+00 -1.026069e+00 -1.884616e+00
8.731127e+00 -9.387761e-01 -1.880458e+00
8.732127e+00 -9.328775e-01 -1.876279e+00
8.733127e+00 -9.146549e-01 -1.872080e+00
8.734127e+00 -9.399981e-01 -1.867862e+00
8.735126e+00 -9.676445e-01 -1.863623e+00
8.736126e+00 -1.043596e+00 -1.859364e+00
8.737126e+00 -1.088144e+00 -1.855085e+00
8.738126e+00 -1.067812e+00 -1.850786e+00
8.739126e+00 -1.099895e+00 -1.846468e+00
8.740126e+00 -1.046548e+00 -1.842129e+00
8.741126e+00 -9.336044e-01 -1.837770e+00
8.742126e+00 -9.472654e-01 -1.833391e+00
8.743126e+00 -8.232580e-01 -1.828991e+00
8.744126e+00 -9.871954e-01 -1.824572e+00
8.745125e+00 -1.033595e+00 -1.820133e+00
8.746125e+00 -1.091850e+00 -1.815673e+00
8.747125e+00 -1.108891e+00 -1.811193e+00
8.748125e+00 -1.069473e+00 -1.806693e+00
8.749125e+00 -9.520306e-01 -1.802173e+00
8.750125e+00 -9.580865e-01 -1.797633e+00
8.751125e+00 -9.287239e-01 -1.793073e+00
8.752125e+00 -9.386972e-01 -1.788492e+00
8.753125e+00 -8.506332e-01 -1.783891e+00
8.754125e+00 -8.831637e-01 -1.779270e+00
8.755124e+00 -1.026953e+00 -1.774628e+00
8.756124e+00 -1.001434e+00 -1.769966e+00
8.757124e+00 -1.204553e+00 -1.765284e+00
8.758124e+00 -1.043402e+00 -1.760582e+00
8.759124e+00 -9.954111e-01 -1.755859e+00
8.760124e+00 -9.600094e-01 -1.751115e+00
8.761124e+00 -9.393084e-01 -1.746352e+00
8.762124e+00 -8.325728e-01 -1.741567e+00
8.763124e+00 -9.620702e-01 -1.736763e+00
8.764124e+00 -9.877928e-01 -1.731938e+00
8.765123e+00 -1.011261e+00 -1.727092e+00
8.766123e+00 -9.968776e-01 -1.722226e+00
8.767123e+00 -1.103746e+00 -1.717339e+00
8.768123e+00 -1.045036e+00 -1.712431e+00
8.769123e+00 -1.081772e+00 -1.707503e+00
8.770123e+00 -1.029784e+00 -1.702555e+00
8.771123e+00 -1.006748e+00 -1.697585e+00
8.772123e+00 -8.948902e-01 -1.692595e+00
8.773123e+00 -8.531708e-01 -1.687584e+00
8.774123e+00 -9.158850e-01 -1.682553e+00
8.775122e+00 -1.005027e+00 -1.677500e+00
8.776122e+00 -1.107829e+00 -1.672427e+00
8.777122e+00 -1.026629e+00 -1.667333e+00
8.778122e+00 -1.126575e+00 -1.662218e+00
8.779122e+00 -1.024094e+00 -1.657082e+00
8.780122e+00 -9.585107e-01 -1.651925e+00
8.781122e+00 -9.780989e-01 -1.646747e+00
8.782122e+00 -8.925546e-01 -1.641548e+00
8.783122e+00 -8.870924e-01 -1.636328e+00
8.784122e+00 -9.233583e-01 -1.631087e+00
8.785121e+00 -1.049023e+00 -1.625825e+00
8.786121e+00 -1.019264e+00 -1.620542e+00
8.787121e+00 -1.075122e+00 -1.615238e+00
8.788121e+00 -1.125992e+00 -1.609912e+00
8.789121e+00 -1.000822e+00 -1.604565e+00
8.790121e+00 -1.027992e+00 -1.599197e+00
8.791121e+00 -8.602055e-01 -1.593807e+00
8.792121e+00 -8.856072e-01 -1.588397e+00
8.793121e+00 -8.025766e-01 -1.582965e+00
8.794121e+00 -1.017284e+00 -1.577511e+00
8.795120e+00 -1.026570e+00 -1.572036e+00
8.796120e+00 -1.015658e+00 -1.566540e+00
8.797120e+00 -1.047085e+00 -1.561022e+00
8.798120e+00 -9.400566e-01 -1.555482e+00
8.799120e+00 -9.839166e-01 -1.549921e+00
8.800120e+00 -9.215376e-01 -1.544339e+00
8.801120e+00 -8.981097e-01 -1.538735e+00
8.802120e+00 -8.443637e-01 -1.533109e+00
8.803120e+00 -9.116022e-01 -1.527462e+00
8.804120e+00 -1.025740e+00 -1.521793e+00
8.805119e+00 -9.734054e-01 -1.516102e+00
8.806119e+00 -9.968855e-01 -1.510390e+00
8.807119e+00 -1.025824e+00 -1.504656e+00
8.808119e+00 -9.972328e-01 -1.498900e+00
8.809119e+00 -1.002500e+00 -1.493122e+00
8.810119e+00 -8.800107e-01 -1.487322e+00
8.811119e+00 -7.861984e-01 -1.481501e+00
8.812119e+00 -8.452941e-01 -1.475658e+00
8.813119e+00 -8.579191e-01 -1.469793e+00
8.814119e+00 -8.672439e-01 -1.463906e+00
8.815118e+00 -9.153793e-01 -1.457997e+00
8.816118e+00 -1.026643e+00 -1.452067e+00
8.817118e+00 -1.008631e+00 -1.446114e+00
8.818118e+00 -1.054265e+00 -1.440140e+00
8.819118e+00 -1.018447e+00 -1.434143e+00
8.820118e+00 -8.681449e-01 -1.428125e+00
8.821118e+00 -9.016333e-01 -1.422085e+00
8.822118e+00 -8.302106e-01 -1.416023e+00
8.823118e+00 -8.239821e-01 -1.409939e+00
8.824118e+00 -8.525861e-01 -1.403833e+00
8.825117e+00 -9.495699e-01 -1.397705e+00
8.826117e+00 -1.002424e+00 -1.391556e+00
8.827117e+00 -9.362593e-01 -1.385384e+00
8.828117e+00 -8.897358e-01 -1.379191e+00
8.829117e+00 -9.369165e-01 -1.372975e+00
8.830117e+00 -8.364824e-01 -1.366738e+00
8.831117e+00 -8.157279e-01 -1.360479e+00
8.832117e+00 -7.825783e-01 -1.354199e+00
8.833117e+00 -7.382231e-01 -1.347896e+00
8.834117e+00 -9.355707e-01 -1.341572e+00
8.835116e+00 -8.767962e-01 -1.335226e+00
8.836116e+00 -8.737724e-01 -1.328859e+00
8.837116e+00 -1.040737e+00 -1.322470e+00
8.838116e+00 -9.049578e-01 -1.316059e+00
8.839116e+00 -8.684394e-01 -1.309627e+00
8.840116e+00 -9.273523e-01 -1.303173e+00
8.841116e+00 -6.759030e-01 -1.296698e+00
8.842116e+00 -6.428672e-01 -1.290201e+00
8.843116e+00 -7.176041e-01 -1.283684e+00
8.844116e+00 -7.352311e-01 -1.277145e+00
8.845115e+00 -8.989108e-01 -1.270584e+00
8.846115e+00 -7.546756e-01 -1.264003e+00
8.847115e+00 -8.041849e-01 -1.257401e+00
8.848115e+00 -8.867522e-01 -1.250778e+00
8.849115e+00 -9.523817e-01 -1.244134e+00
8.850115e+00 -8.821008e-01 -1.237469e+00
8.851115e+00 -7.648084e-01 -1.230783e+00
8.852115e+00 -6.659622e-01 -1.224077e+00
8.853115e+00 -6.462050e-01 -1.217350e+00
8.854115e+00 -7.043947e-01 -1.210603e+00
8.855114e+00 -8.483491e-01 -1.203836e+00
8.856114e+00 -8.309102e-01 -1.197049e+00
8.857114e+00 -9.009210e-01 -1.190242e+00
8.858114e+00 -8.548153e-01 -1.183414e+00
8.859114e+00 -8.939158e-01 -1.176567e+00
8.860114e+00 -8.878285e-01 -1.169701e+00
8.861114e+00 -6.629715e-01 -1.162814e+00
8.862114e+00 -7.848260e-01 -1.155909e+00
8.863114e+00 -6.088905e-01 -1.148984e+00
8.864114e+00 -7.485662e-01 -1.142040e+00
8.865113e+00 -7.748125e-01 -1.135078e+00
8.866113e+00 -9.550776e-01 -1.128096e+00
8.867113e+00 -8.648903e-01 -1.121097e+00
8.868113e+00 -8.177365e-01 -1.114078e+00
8.869113e+00 -7.670169e-01 -1.107042e+00
8.870113e+00 -7.231501e-01 -1.099987e+00
8.871113e+00 -6.350289e-01 -1.092915e+00
8.872113e+00 -6.519083e-01 -1.085825e+00
8.873113e+00 -6.938751e-01 -1.078717e+00
8.874113e+00 -6.484405e-01 -1.071593e+00
8.875112e+00 -7.445818e-01 -1.064451e+00
8.876112e+00 -8.479825e-01 -1.057293e+00
8.877112e+00 -8.191135e-01 -1.050117e+00
8.878112e+00 -8.658297e-01 -1.042926e+00
8.879112e+00 -8.761909e-01 -1.035718e+00
8.880112e+00 -7.234818e-01 -1.028495e+00
8.881112e+00 -6.082945e-01 -1.021256e+00
8.882112e+00 -6.193759e-01 -1.014001e+00
8.883112e+00 -6.302975e-01 -1.006731e+00
8.884112e+00 -6.243483e-01 -9.994461e-01
8.885111e+00 -7.210968e-01 -9.921466e-01
8.886111e+00 -6.906445e-01 -9.848327e-01
8.887111e+00 -7.628939e-01 -9.775046e-01
8.888111e+00 -7.758063e-01 -9.701625e-01
8.889111e+00 -6.897237e-01 -9.628069e-01
8.890111e+00 -5.569760e-01 -9.554379e-01
8.891111e+00 -5.085250e-01 -9.480558e-01
8.892111e+00 -5.605098e-01 -9.406609e-01
8.893111e+00 -5.854997e-01 -9.332535e-01
8.894111e+00 -5.108943e-01 -9.258339e-01
8.895110e+00 -6.391996e-01 -9.184023e-01
8.896110e+00 -6.034259e-01 -9.109592e-01
8.897110e+00 -7.074695e-01 -9.035046e-01
8.898110e+00 -7.086000e-01 -8.960391e-01
8.899110e+00 -6.177925e-01 -8.885627e-01
8.900110e+00 -5.880503e-01 -8.810760e-01
8.901110e+00 -5.210434e-01 -8.735792e-01
8.902110e+00 -4.837200e-01 -8.660725e-01
8.903110e+00 -4.346375e-01 -8.585563e-01
8.904110e+00 -5.365494e-01 -8.510310e-01
8.905109e+00 -5.631787e-01 -8.434967e-01
8.906109e+00 -5.692204e-01 -8.359539e-01
8.907109e+00 -7.487632e-01 -8.284029e-01
8.908109e+00 -6.449248e-01 -8.208440e-01
8.909109e+00 -6.097645e-01 -8.132774e-01
8.910109e+00 -6.039363e-01 -8.057036e-01
8.911109e+00 -4.257540e-01 -7.981229e-01
8.912109e+00 -4.488850e-01 -7.905354e-01
8.913109e+00 -4.637708e-01 -7.829417e-01
8.914109e+00 -4.752538e-01 -7.753420e-01
8.915108e+00 -4.606506e-01 -7.677366e-01
8.916108e+00 -5.782761e-01 -7.601258e-01
8.917108e+00 -5.825589e-01 -7.525101e-01
8.918108e+00 -6.123420e-01 -7.448896e-01
8.919108e+00 -5.251632e-01 -7.372646e-01
8.920108e+00 -4.573233e-01 -7.296357e-01
8.921108e+00 -3.906690e-01 -7.220029e-01
8.922108e+00 -3.844018e-01 -7.143667e-01
8.923108e+00 -3.424250e-01 -7.067273e-01
8.924108e+00 -3.328804e-01 -6.990851e-01
8.925107e+00 -4.721630e-01 -6.914403e-01
8.926107e+00 -4.052950e-01 -6.837934e-01
8.927107e+00 -5.050316e-01 -6.761444e-01
8.928107e+00 -4.987627e-01 -6.684939e-01
8.929107e+00 -4.499209e-01 -6.608420e-01
8.930107e+00 -4.052986e-01 -6.531891e-01
8.931107e+00 -3.589924e-01 -6.455354e-01
8.932107e+00 -3.954546e-01 -6.378812e-01
8.933107e+00 -3.867634e-01 -6.302268e-01
8.934107e+00 -3.717739e-01 -6.225725e-01
8.935106e+00 -3.910721e-01 -6.149185e-01
8.936106e+00 -5.064677e-01 -6.072652e-01
8.937106e+00 -3.655870e-01 -5.996127e-01
8.938106e+00 -4.310407e-01 -5.919613e-01
8.939106e+00 -5.244796e-01 -5.843114e-01
8.940106e+00 -4.037136e-01 -5.766631e-01
8.941106e+00 -2.905599e-01 -5.690166e-01
8.942106e+00 -2.261927e-01 -5.613723e-01
8.943106e+00 -3.703039e-01 -5.537303e-01
8.944106e+00 -2.479696e-01 -5.460909e-01
8.945105e+00 -3.726141e-01 -5.384543e-01
8.946105e+00 -3.652024e-01 -5.308207e-01
8.947105e+00 -4.210646e-01 -5.231903e-01
8.948105e+00 -4.586170e-01 -5.155634e-01
8.949105e+00 -4.735414e-01 -5.079400e-01
8.950105e+00 -3.480245e-01 -5.003205e-01
8.951105e+00 -2.962269e-01 -4.927050e-01
8.952105e+00 -1.745340e-01 -4.850937e-01
8.953105e+00 -2.300574e-01 -4.774867e-01
8.954105e+00 -2.868656e-01 -4.698843e-01
8.955104e+00 -3.699880e-01 -4.622865e-01
8.956104e+00 -3.886512e-01 -4.546936e-01
8.957104e+00 -3.829341e-01 -4.471057e-01
8.958104e+00 -3.703985e-01 -4.395229e-01
8.959104e+00 -3.319387e-01 -4.319453e-01
8.960104e+00 -2.561042e-01 -4.243732e-01
8.961104e+00 -1.223713e-01 -4.168066e-01
8.962104e+00 -8.868450e-02 -4.092456e-01
8.963104e+00 -1.986482e-01 -4.016904e-01
8.964104e+00 -1.404566e-01 -3.941410e-01
8.965103e+00 -2.156986e-01 -3.865976e-01
8.966103e+00 -2.325425e-01 -3.790602e-01
8.967103e+00 -2.795514e-01 -3.715289e-01
8.968103e+00 -3.492652e-01 -3.640038e-01
8.969103e+00 -1.958092e-01 -3.564850e-01
8.970103e+00 -2.393759e-01 -3.489725e-01
8.971103e+00 -1.210463e-01 -3.414664e-01
8.972103e+00 -7.106542e-02 -3.339668e-01
8.973103e+00 -9.373672e-02 -3.264737e-01
8.974103e+00 -8.225995e-02 -3.189871e-01
8.975102e+00 -1.711871e-01 -3.115070e-01
8.976102e+00 -2.434731e-01 -3.040336e-01
8.977102e+00 -2.494162e-01 -2.965668e-01
8.978102e+00 -2.447225e-01 -2.891066e-01
8.979102e+00 -1.718565e-01 -2.816531e-01
8.980102e+00 -1.515213e-01 -2.742062e-01
8.981102e+00 -7.125584e-02 -2.667660e-01
8.982102e+00 -1.768457e-02 -2.593324e-01
8.983102e+00 -1.599709e-02 -2.519055e-01
8.984102e+00 -4.307170e-02 -2.444851e-01
8.985101e+00 -1.436675e-01 -2.370714e-01
8.986101e+00 -4.746081e-02 -2.296643e-01
8.987101e+00 -1.883514e-01 -2.222637e-01
8.988101e+00 -2.011813e-01 -2.148696e-01
8.989101e+00 -1.388615e-01 -2.074819e-01
8.990101e+00 4.840250e-02 -2.001007e-01
8.991101e+00 -2.417422e-02 -1.927258e-01
8.992101e+00 4.099794e-02 -1.853573e-01
8.993101e+00 -4.170423e-02 -1.779950e-01
8.994101e+00 4.630262e-02 -1.706389e-01
8.995100e+00 4.060759e-02 -1.632889e-01
8.996100e+00 -8.378594e-02 -1.559450e-01
8.997100e+00 -2.664021e-01 -1.486070e-01
8.998100e+00 -9.445382e-02 -1.412749e-01
8.999100e+00 -7.256355e-02 -1.339486e-01
9.000100e+00 -1.125049e-02 -1.266281e-01
9.001100e+00 1.672616e-01 -1.193132e-01
9.002100e+00 1.922600e-01 -1.120038e-01
9.003100e+00 1.284979e-01 -1.046998e-01
9.004100e+00 3.778851e-02 -9.740120e-02
9.005099e+00 3.043632e-02 -9.010783e-02
9.006099e+00 -4.799889e-02 -8.281958e-02
9.007099e+00 6.562133e-02 -7.553635e-02
9.008099e+00 -4.634277e-02 -6.825803e-02
9.009099e+00 -2.614515e-02 -6.098451e-02
9.010099e+00 -1.031396e-02 -5.371567e-02
9.011099e+00 1.365170e-01 -4.645138e-02
9.012099e+00 1.660089e-01 -3.919154e-02
9.013099e+00 1.482346e-01 -3.193601e-02
9.014099e+00 9.967997e-02 -2.468467e-02
9.015098e+00 1.559924e-01 -1.743740e-02
9.016098e+00 7.795549e-02 -1.019407e-02
9.017098e+00 -1.797501e-02 -2.954550e-03
9.018098e+00 7.825517e-02 4.281295e-03
9.019098e+00 -2.829661e-02 1.151359e-02
9.020098e+00 1.653426e-01 1.874248e-02
9.021098e+00 2.506253e-01 2.596809e-02
9.022098e+00 2.018433e-01 3.319056e-02
9.023098e+00 2.309044e-01 4.041001e-02
9.024098e+00 1.562207e-01 4.762660e-02
9.025097e+00 1.747836e-01 5.484046e-02
9.026097e+00 1.692082e-01 6.205172e-02
9.027097e+00 5.651803e-02 6.926052e-02
9.028097e+00 6.038413e-02 7.646700e-02
9.029097e+00 1.473960e-01 8.367129e-02
9.030097e+00 1.265159e-01 9.087355e-02
9.031097e+00 2.410769e-01 9.807390e-02
9.032097e+00 3.329075e-01 1.052725e-01
9.033097e+00 3.147055e-01 1.124694e-01
9.034097e+00 3.163447e-01 1.196649e-01
9.035096e+00 1.458693e-01 1.268590e-01
9.036096e+00 1.837635e-01 1.340518e-01
9.037096e+00 9.271778e-02 1.412436e-01
9.038096e+00 2.310389e-01 1.484344e-01
9.039096e+00 1.941543e-01 1.556244e-01
9.040096e+00 2.632193e-01 1.628137e-01
9.041096e+00 3.238422e-01 1.700024e-01
9.042096e+00 3.298651e-01 1.771907e-01
9.043096e+00 3.096585e-01 1.843786e-01
9.044096e+00 3.333825e-01 1.915664e-01
9.045095e+00 2.092370e-01 1.987540e-01
9.046095e+00 2.445781e-01 2.059418e-01
9.047095e+00 2.552782e-01 2.131297e-01
9.048095e+00 1.638794e-01 2.203178e-01
9.049095e+00 1.768993e-01 2.275064e-01
9.050095e+00 2.297517e-01 2.346954e-01
9.051095e+00 3.985245e-01 2.418851e-01
9.052095e+00 5.299226e-01 2.490754e-01
9.053095e+00 4.369283e-01 2.562666e-01
9.054095e+00 4.138546e-01 2.634586e-01
9.055094e+00 2.982543e-01 2.706516e-01
9.056094e+00 2.756423e-01 2.778458e-01
9.057094e+00 2.224833e-01 2.850411e-01
9.058094e+00 2.217433e-01 2.922376e-01
9.059094e+00 2.572590e-01 2.994354e-01
9.060094e+00 3.535644e-01 3.066347e-01
9.061094e+00 3.373846e-01 3.138354e-01
9.062094e+00 4.861373e-01 3.210377e-01
9.063094e+00 5.191659e-01 3.282415e-01
9.064094e+00 4.582246e-01 3.354470e-01
9.065093e+00 3.838288e-01 3.426542e-01
9.066093e+00 3.411840e-01 3.498631e-01
9.067093e+00 3.118148e-01 3.570737e-01
9.068093e+00 3.075294e-01 3.642862e-01
9.069093e+00 3.467232e-01 3.715005e-01
9.070093e+00 5.173461e-01 3.787167e-01
9.071093e+00 4.870734e-01 3.859348e-01
9.072093e+00 5.570259e-01 3.931547e-01
9.073093e+00 5.633760e-01 4.003765e-01
9.074093e+00 5.543128e-01 4.076001e-01
9.075092e+00 4.562748e-01 4.148257e-01
9.076092e+00 3.705294e-01 4.220531e-01
9.077092e+00 3.904320e-01 4.292823e-01
9.078092e+00 3.992146e-01 4.365132e-01
9.079092e+00 4.321880e-01 4.437460e-01
9.080092e+00 4.487537e-01 4.509804e-01
9.081092e+00 5.439515e-01 4.582165e-01
9.082092e+00 5.752989e-01 4.654541e-01
9.083092e+00 6.189452e-01 4.726933e-01
9.084092e+00 5.565900e-01 4.799339e-01
9.085091e+00 5.131237e-01 4.871758e-01
9.086091e+00 3.935035e-01 4.944190e-01
9.087091e+00 4.637848e-01 5.016633e-01
9.088091e+00 5.160217e-01 5.089086e-01
9.089091e+00 4.305581e-01 5.161548e-01
9.090091e+00 5.140568e-01 5.234017e-01
9.091091e+00 6.558199e-01 5.306493e-01
9.092091e+00 5.841604e-01 5.378973e-01
9.093091e+00 6.557504e-01 5.451456e-01
9.094091e+00 6.464372e-01 5.523940e-01
9.095090e+00 6.376606e-01 5.596423e-01
9.096090e+00 5.369876e-01 5.668904e-01
9.097090e+00 4.650996e-01 5.741380e-01
9.098090e+00 4.664422e-01 5.813849e-01
9.099090e+00 6.227446e-01 5.886309e-01
9.100090e+00 5.257570e-01 5.958758e-01
9.101090e+00 6.692190e-01 6.031192e-01
9.102090e+00 7.055726e-01 6.103610e-01
9.103090e+00 7.230559e-01 6.176008e-01
9.104090e+00 6.885535e-01 6.248384e-01
9.105089e+00 5.610285e-01 6.320735e-01
9.106089e+00 5.270499e-01 6.393057e-01
9.107089e+00 5.400415e-01 6.465348e-01
9.108089e+00 4.529937e-01 6.537605e-01
9.109089e+00 5.247846e-01 6.609822e-01
9.110089e+00 6.033112e-01 6.681999e-01
9.111089e+00 7.257342e-01 6.754129e-01
9.112089e+00 7.339669e-01 6.826210e-01
9.113089e+00 7.654659e-01 6.898238e-01
9.114089e+00 6.613274e-01 6.970209e-01
9.115088e+00 5.429107e-01 7.042119e-01
9.116088e+00 6.067264e-01 7.113962e-01
9.117088e+00 5.127082e-01 7.185735e-01
9.118088e+00 6.199884e-01 7.257434e-01
9.119088e+00 6.244798e-01 7.329053e-01
9.120088e+00 6.606937e-01 7.400588e-01
9.121088e+00 6.821951e-01 7.472034e-01
9.122088e+00 7.917124e-01 7.543386e-01
9.123088e+00 8.646671e-01 7.614638e-01
9.124088e+00 7.404641e-01 7.685786e-01
9.125087e+00 7.152378e-01 7.756824e-01
9.126087e+00 6.808349e-01 7.827746e-01
9.127087e+00 6.017855e-01 7.898547e-01
9.128087e+00 5.604487e-01 7.969222e-01
9.129087e+00 6.104375e-01 8.039763e-01
9.130087e+00 7.192779e-01 8.110165e-01
9.131087e+00 7.909940e-01 8.180423e-01
9.132087e+00 7.649058e-01 8.250529e-01
9.133087e+00 8.514004e-01 8.320478e-01
9.134087e+00 8.941901e-01 8.390264e-01
9.135086e+00 6.547415e-01 8.459878e-01
9.136086e+00 8.036718e-01 8.529316e-01
9.137086e+00 6.342404e-01 8.598570e-01
9.138086e+00 6.161632e-01 8.667633e-01
9.139086e+00 7.050577e-01 8.736499e-01
9.140086e+00 7.607196e-01 8.805160e-01
9.141086e+00 8.096043e-01 8.873609e-01
9.142086e+00 7.928833e-01 8.941840e-01
9.143086e+00 9.274820e-01 9.009844e-01
9.144086e+00 8.023059e-01 9.077615e-01
9.145085e+00 7.567538e-01 9.145145e-01
9.146085e+00 7.546958e-01 9.212426e-01
9.147085e+00 6.194360e-01 9.279452e-01
9.148085e+00 7.207084e-01 9.346214e-01
9.149085e+00 6.987283e-01 9.412704e-01
9.150085e+00 8.569971e-01 9.478916e-01
9.151085e+00 8.547864e-01 9.544841e-01
9.152085e+00 9.932075e-01 9.610471e-01
9.153085e+00 9.389659e-01 9.675798e-01
9.154085e+00 9.257682e-01 9.740815e-01
9.155084e+00 8.116506e-01 9.805514e-01
9.156084e+00 7.050032e-01 9.869886e-01
9.157084e+00 7.239434e-01 9.933924e-01
9.158084e+00 7.090655e-01 9.997620e-01
9.159084e+00 8.718867e-01 1.006096e+00
9.160084e+00 8.512563e-01 1.012395e+00
9.161084e+00 7.849550e-01 1.018657e+00
9.162084e+00 9.450440e-01 1.024882e+00
9.163084e+00 9.132527e-01 1.031068e+00
9.164084e+00 9.507897e-01 1.037215e+00
9.165083e+00 9.000176e-01 1.043323e+00
9.166083e+00 8.238624e-01 1.049389e+00
9.167083e+00 7.161182e-01 1.055415e+00
9.168083e+00 7.134074e-01 1.061398e+00
9.169083e+00 7.104448e-01 1.067338e+00
9.170083e+00 8.360409e-01 1.073234e+00
9.171083e+00 9.939648e-01 1.079086e+00
9.172083e+00 9.363724e-01 1.084892e+00
9.173083e+00 1.019618e+00 1.090652e+00
9.174083e+00 8.547247e-01 1.096365e+00
9.175082e+00 8.406776e-01 1.102031e+00
9.176082e+00 7.896043e-01 1.107648e+00
9.177082e+00 7.508923e-01 1.113217e+00
9.178082e+00 8.624922e-01 1.118735e+00
9.179082e+00 8.245857e-01 1.124203e+00
9.180082e+00 9.161222e-01 1.129619e+00
9.181082e+00 1.012038e+00 1.134984e+00
9.182082e+00 9.754884e-01 1.140296e+00
9.183082e+00 1.095100e+00 1.145554e+00
9.184082e+00 9.073399e-01 1.150759e+00
9.185081e+00 9.122514e-01 1.155909e+00
9.186081e+00 8.315427e-01 1.161004e+00
9.187081e+00 8.112747e-01 1.166042e+00
9.188081e+00 8.015368e-01 1.171025e+00
9.189081e+00 9.600830e-01 1.175950e+00
9.190081e+00 8.914693e-01 1.180817e+00
9.191081e+00 9.031425e-01 1.185626e+00
9.192081e+00 1.015331e+00 1.190377e+00
9.193081e+00 1.043304e+00 1.195067e+00
9.194081e+00 9.888465e-01 1.199698e+00
9.195080e+00 9.748657e-01 1.204269e+00
9.196080e+00 8.168995e-01 1.208778e+00
9.197080e+00 8.038160e-01 1.213226e+00
9.198080e+00 8.428541e-01 1.217613e+00
9.199080e+00 9.291594e-01 1.221936e+00
9.200080e+00 9.889514e-01 1.226198e+00
9.201080e+00 1.113796e+00 1.230395e+00
9.202080e+00 9.989724e-01 1.234530e+00
9.203080e+00 1.041869e+00 1.238600e+00
9.204080e+00 1.004534e+00 1.242606e+00
9.205079e+00 9.202481e-01 1.246548e+00
9.206079e+00 7.795710e-01 1.250424e+00
9.207079e+00 9.084514e-01 1.254235e+00
9.208079e+00 8.440159e-01 1.257980e+00
9.209079e+00 9.629763e-01 1.261660e+00
9.210079e+00 9.926923e-01 1.265273e+00
9.211079e+00 1.034190e+00 1.268820e+00
9.212079e+00 1.005198e+00 1.272301e+00
9.213079e+00 1.016781e+00 1.275715e+00
9.214079e+00 1.071472e+00 1.279061e+00
9.215078e+00 1.018224e+00 1.282341e+00
9.216078e+00 8.978646e-01 1.285553e+00
9.217078e+00 8.351168e-01 1.288698e+00
9.218078e+00 8.674777e-01 1.291775e+00
9.219078e+00 8.688006e-01 1.294785e+00
9.220078e+00 1.000289e+00 1.297727e+00
9.221078e+00 1.060894e+00 1.300602e+00
9.222078e+00 1.071564e+00 1.303408e+00
9.223078e+00 1.124840e+00 1.306147e+00
9.224078e+00 1.016836e+00 1.308818e+00
9.225077e+00 9.254558e-01 1.311421e+00
9.226077e+00 9.868755e-01 1.313957e+00
9.227077e+00 9.227088e-01 1.316425e+00
9.228077e+00 9.296731e-01 1.318825e+00
9.229077e+00 9.760103e-01 1.321158e+00
9.230077e+00 1.017776e+00 1.323423e+00
9.231077e+00 1.062560e+00 1.325621e+00
9.232077e+00 1.038309e+00 1.327752e+00
9.233077e+00 1.050492e+00 1.329816e+00
9.234077e+00 9.946109e-01 1.331813e+00
9.235076e+00 1.041623e+00 1.333744e+00
9.236076e+00 9.454979e-01 1.335608e+00
9.237076e+00 8.314584e-01 1.337406e+00
9.238076e+00 9.122707e-01 1.339138e+00
9.239076e+00 9.216278e-01 1.340805e+00
9.240076e+00 9.670332e-01 1.342405e+00
9.241076e+00 1.029135e+00 1.343941e+00
9.242076e+00 9.893894e-01 1.345412e+00
9.243076e+00 1.114366e+00 1.346819e+00
9.244076e+00 1.043726e+00 1.348161e+00
9.245075e+00 9.324053e-01 1.349440e+00
9.246075e+00 8.939165e-01 1.350655e+00
9.247075e+00 9.576706e-01 1.351807e+00
9.248075e+00 8.627993e-01 1.352896e+00
9.249075e+00 9.533452e-01 1.353923e+00
9.250075e+00 1.043425e+00 1.354888e+00
9.251075e+00 9.716469e-01 1.355791e+00
9.252075e+00 1.181634e+00 1.356634e+00
9.253075e+00 1.146363e+00 1.357416e+00
9.254075e+00 1.058878e+00 1.358138e+00
9.255074e+00 9.617096e-01 1.358800e+00
9.256074e+00 8.890695e-01 1.359403e+00
9.257074e+00 9.945332e-01 1.359947e+00
9.258074e+00 8.754488e-01 1.360434e+00
9.259074e+00 9.616041e-01 1.360862e+00
9.260074e+00 1.060317e+00 1.361234e+00
9.261074e+00 1.066870e+00 1.361549e+00
9.262074e+00 1.109968e+00 1.361808e+00
9.263074e+00 1.033630e+00 1.362012e+00
9.264074e+00 9.655778e-01 1.362160e+00
9.265073e+00 1.027988e+00 1.362255e+00
9.266073e+00 8.285294e-01 1.362296e+00
9.267073e+00 8.910745e-01 1.362284e+00
9.268073e+00 8.874809e-01 1.362219e+00
9.269073e+00 9.117607e-01 1.362103e+00
9.270073e+00 9.590461e-01 1.361935e+00
9.271073e+00 1.078906e+00 1.361717e+00
9.272073e+00 1.106576e+00 1.361449e+00
9.273073e+00 1.048907e+00 1.361131e+00
9.274073e+00 9.595268e-01 1.360765e+00
9.275072e+00 1.076308e+00 1.360351e+00
9.276072e+00 8.958953e-01 1.359890e+00
9.277072e+00 8.821542e-01 1.359382e+00
9.278072e+00 8.770121e-01 1.358828e+00
9.279072e+00 9.755205e-01 1.358229e+00
9.280072e+00 8.915906e-01 1.357585e+00
9.281072e+00 1.132516e+00 1.356898e+00
9.282072e+00 9.519798e-01 1.356167e+00
9.283072e+00 1.096023e+00 1.355394e+00
9.284072e+00 1.014639e+00 1.354579e+00
9.285071e+00 8.750113e-01 1.353723e+00
9.286071e+00 9.057802e-01 1.352827e+00
9.287071e+00 8.658905e-01 1.351891e+00
9.288071e+00 8.697874e-01 1.350917e+00
9.289071e+00 9.182186e-01 1.349904e+00
9.290071e+00 1.002453e+00 1.348854e+00
9.291071e+00 1.001009e+00 1.347767e+00
9.292071e+00 1.023688e+00 1.346645e+00
9.293071e+00 1.082178e+00 1.345487e+00
9.294071e+00 9.986799e-01 1.344295e+00
9.295070e+00 9.903319e-01 1.343069e+00
9.296070e+00 8.586880e-01 1.341810e+00
9.297070e+00 9.595248e-01 1.340519e+00
9.298070e+00 8.607394e-01 1.339196e+00
9.299070e+00 8.924440e-01 1.337843e+00
9.300070e+00 9.192175e-01 1.336460e+00
9.301070e+00 1.014999e+00 1.335048e+00
9.302070e+00 1.004187e+00 1.333607e+00
9.303070e+00 9.402145e-01 1.332138e+00
9.304070e+00 9.759719e-01 1.330643e+00
9.305069e+00 9.106321e-01 1.329121e+00
9.306069e+00 9.010817e-01 1.327573e+00
9.307069e+00 8.811703e-01 1.326001e+00
9.308069e+00 8.767721e-01 1.324405e+00
9.309069e+00 8.637817e-01 1.322786e+00
9.310069e+00 8.833403e-01 1.321144e+00
9.311069e+00 9.258245e-01 1.319480e+00
9.312069e+00 1.024752e+00 1.317795e+00
9.313069e+00 1.035365e+00 1.316090e+00
9.314069e+00 9.152358e-01 1.314364e+00
9.315068e+00 9.184020e-01 1.312620e+00
9.316068e+00 8.251396e-01 1.310858e+00
9.317068e+00 8.954434e-01 1.309078e+00
9.318068e+00 7.705163e-01 1.307282e+00
9.319068e+00 8.780539e-01 1.305469e+00
9.320068e+00 8.534209e-01 1.303640e+00
9.321068e+00 9.441819e-01 1.301797e+00
9.322068e+00 9.499769e-01 1.299940e+00
9.323068e+00 9.788248e-01 1.298070e+00
9.324068e+00 9.305556e-01 1.296186e+00
9.325067e+00 8.828778e-01 1.294291e+00
9.326067e+00 7.653712e-01 1.292384e+00
9.327067e+00 7.949273e-01 1.290466e+00
9.328067e+00 7.617716e-01 1.288538e+00
9.329067e+00 8.637856e-01 1.286601e+00
9.330067e+00 9.230403e-01 1.284655e+00
9.331067e+00 8.458856e-01 1.282700e+00
9.332067e+00 1.047205e+00 1.280738e+00
9.333067e+00 9.962395e-01 1.278769e+00
9.334067e+00 8.700427e-01 1.276793e+00
9.335066e+00 8.537327e-01 1.274811e+00
9.336066e+00 8.443079e-01 1.272825e+00
9.337066e+00 7.915502e-01 1.270833e+00
9.338066e+00 7.074819e-01 1.268837e+00
9.339066e+00 7.470176e-01 1.266838e+00
9.340066e+00 9.147619e-01 1.264836e+00
9.341066e+00 8.335395e-01 1.262831e+00
9.342066e+00 9.046828e-01 1.260824e+00
9.343066e+00 1.006445e+00 1.258816e+00
9.344066e+00 8.417103e-01 1.256807e+00
9.345065e+00 8.790545e-01 1.254797e+00
9.346065e+00 7.499757e-01 1.252788e+00
9.347065e+00 6.653139e-01 1.250779e+00
9.348065e+00 7.259835e-01 1.248771e+00
9.349065e+00 7.791845e-01 1.246764e+00
9.350065e+00 8.074054e-01 1.244760e+00
9.351065e+00 8.296776e-01 1.242757e+00
9.352065e+00 8.387675e-01 1.240758e+00
9.353065e+00 8.500738e-01 1.238761e+00
9.354065e+00 8.562508e-01 1.236768e+00
9.355064e+00 7.596738e-01 1.234780e+00
9.356064e+00 6.788529e-01 1.232795e+00
9.357064e+00 6.795650e-01 1.230816e+00
9.358064e+00 6.594241e-01 1.228841e+00
9.359064e+00 6.081269e-01 1.226872e+00
9.360064e+00 8.350567e-01 1.224909e+00
9.361064e+00 8.509162e-01 1.222952e+00
9.362064e+00 8.309031e-01 1.221001e+00
9.363064e+00 9.749260e-01 1.219057e+00
9.364064e+00 8.390843e-01 1.217121e+00
9.365063e+00 7.260055e-01 1.215191e+00
9.366063e+00 7.142871e-01 1.213269e+00
9.367063e+00 7.167034e-01 1.211356e+00
9.368063e+00 6.544452e-01 1.209450e+00
9.369063e+00 6.589509e-01 1.207553e+00
9.370063e+00 7.796479e-01 1.205664e+00
9.371063e+00 8.264094e-01 1.203785e+00
9.372063e+00 8.389019e-01 1.201914e+00
9.373063e+00 8.066505e-01 1.200053e+00
9.374063e+00 7.600056e-01 1.198201e+00
9.375062e+00 7.051624e-01 1.196359e+00
9.376062e+00 6.174867e-01 1.194526e+00
9.377062e+00 5.764387e-01 1.192704e+00
9.378062e+00 6.110986e-01 1.190892e+00
9.379062e+00 6.491060e-01 1.189090e+00
9.380062e+00 6.363986e-01 1.187298e+00
9.381062e+00 7.475766e-01 1.185517e+00
9.382062e+00 6.882404e-01 1.183746e+00
9.383062e+00 8.034214e-01 1.181986e+00
9.384062e+00 7.368938e-01 1.180237e+00
9.385061e+00 5.638272e-01 1.178499e+00
9.386061e+00 5.261216e-01 1.176771e+00
9.387061e+00 5.310247e-01 1.175055e+00
9.388061e+00 5.762838e-01 1.173349e+00
9.389061e+00 5.719133e-01 1.171655e+00
9.390061e+00 6.647829e-01 1.169971e+00
9.391061e+00 7.040574e-01 1.168298e+00
9.392061e+00 7.202855e-01 1.166637e+00
9.393061e+00 7.450150e-01 1.164986e+00
9.394061e+00 5.195266e-01 1.163347e+00
9.395060e+00 6.308542e-01 1.161718e+00
9.396060e+00 5.267323e-01 1.160101e+00
9.397060e+00 5.342916e-01 1.158494e+00
9.398060e+00 5.106219e-01 1.156898e+00
9.399060e+00 5.640296e-01 1.155313e+00
9.400060e+00 5.774472e-01 1.153738e+00
9.401060e+00 6.752985e-01 1.152174e+00
9.402060e+00 7.072034e-01 1.150621e+00
9.403060e+00 6.644067e-01 1.149077e+00
9.404060e+00 5.773257e-01 1.147544e+00
9.405059e+00 5.406871e-01 1.146022e+00
9.406059e+00 5.034172e-01 1.144509e+00
9.407059e+00 4.406457e-01 1.143006e+00
9.408059e+00 5.030119e-01 1.141513e+00
9.409059e+00 4.824733e-01 1.140029e+00
9.410059e+00 5.068220e-01 1.138555e+00
9.411059e+00 5.258346e-01 1.137090e+00
9.412059e+00 5.969421e-01 1.135634e+00
9.413059e+00 6.081333e-01 1.134187e+00
9.414059e+00 5.386863e-01 1.132749e+00
9.415058e+00 4.360433e-01 1.131319e+00
9.416058e+00 3.819028e-01 1.129898e+00
9.417058e+00 2.676270e-01 1.128484e+00
9.418058e+00 3.378323e-01 1.127079e+00
9.419058e+00 5.034520e-01 1.125681e+00
9.420058e+00 4.405324e-01 1.124290e+00
9.421058e+00 6.263796e-01 1.122907e+00
9.422058e+00 5.846380e-01 1.121530e+00
9.423058e+00 5.851677e-01 1.120161e+00
9.424058e+00 4.131589e-01 1.118797e+00
9.425057e+00 4.422439e-01 1.117440e+00
9.426057e+00 4.088651e-01 1.116089e+00
9.427057e+00 4.253606e-01 1.114743e+00
9.428057e+00 3.402425e-01 1.113403e+00
9.429057e+00 3.851668e-01 1.112068e+00
9.430057e+00 4.034729e-01 1.110737e+00
9.431057e+00 5.460150e-01 1.109411e+00
9.432057e+00 3.688573e-01 1.108089e+00
9.433057e+00 4.366879e-01 1.106772e+00
9.434057e+00 4.614579e-01 1.105457e+00
9.435056e+00 3.492329e-01 1.104147e+00
9.436056e+00 4.013250e-01 1.102839e+00
9.437056e+00 2.988770e-01 1.101534e+00
9.438056e+00 2.993668e-01 1.100231e+00
9.439056e+00 2.739820e-01 1.098930e+00
9.440056e+00 4.589337e-01 1.097631e+00
9.441056e+00 4.203672e-01 1.096333e+00
9.442056e+00 3.974003e-01 1.095037e+00
9.443056e+00 5.205884e-01 1.093741e+00
9.444056e+00 3.136130e-01 1.092446e+00
9.445055e+00 3.746503e-01 1.091150e+00
9.446055e+00 2.734675e-01 1.089855e+00
9.447055e+00 1.197842e-01 1.088559e+00
9.448055e+00 1.212706e-01 1.087262e+00
9.449055e+00 2.414232e-01 1.085963e+00
9.450055e+00 3.069716e-01 1.084663e+00
9.451055e+00 3.542559e-01 1.083361e+00
9.452055e+00 4.219121e-01 1.082057e+00
9.453055e+00 3.796930e-01 1.080750e+00
9.454055e+00 3.803439e-01 1.079440e+00
9.455054e+00 2.861178e-01 1.078127e+00
9.456054e+00 1.888532e-01 1.076810e+00
9.457054e+00 2.457611e-01 1.075489e+00
9.458054e+00 7.783244e-02 1.074164e+00
9.459054e+00 2.711764e-01 1.072834e+00
9.460054e+00 1.814904e-01 1.071499e+00
9.461054e+00 3.165931e-01 1.070158e+00
9.462054e+00 3.988569e-01 1.068811e+00
9.463054e+00 2.837521e-01 1.067459e+00
9.464054e+00 3.064027e-01 1.066100e+00
9.465053e+00 2.166706e-01 1.064733e+00
9.466053e+00 1.637669e-01 1.063360e+00
9.467053e+00 1.840609e-01 1.061979e+00
9.468053e+00 1.936932e-01 1.060591e+00
9.469053e+00 2.028981e-02 1.059194e+00
9.470053e+00 1.706028e-01 1.057788e+00
9.471053e+00 3.285745e-01 1.056373e+00
9.472053e+00 2.570367e-01 1.054949e+00
9.473053e+00 2.269359e-01 1.053516e+00
9.474053e+00 1.974406e-01 1.052072e+00
9.475052e+00 1.562546e-01 1.050618e+00
9.476052e+00 2.059206e-02 1.049154e+00
9.477052e+00 1.154454e-01 1.047678e+00
9.478052e+00 1.126115e-01 1.046191e+00
9.479052e+00 1.760849e-01 1.044693e+00
9.480052e+00 -3.667867e-03 1.043182e+00
9.481052e+00 9.877909e-02 1.041659e+00
9.482052e+00 1.877781e-01 1.040124e+00
9.483052e+00 1.963353e-01 1.038575e+00
9.484052e+00 1.609625e-01 1.037013e+00
9.485051e+00 1.846063e-01 1.035437e+00
9.486051e+00 -1.966241e-02 1.033848e+00
9.487051e+00 -1.153710e-02 1.032244e+00
9.488051e+00 -1.551956e-01 1.030626e+00
9.489051e+00 -6.739618e-02 1.028992e+00
9.490051e+00 5.825250e-02 1.027344e+00
9.491051e+00 1.254334e-01 1.025679e+00
9.492051e+00 1.249949e-01 1.023999e+00
9.493051e+00 2.273394e-01 1.022303e+00
9.494051e+00 1.459695e-01 1.020591e+00
9.495050e+00 5.937329e-02 1.018861e+00
9.496050e+00 -8.335860e-02 1.017115e+00
9.497050e+00 -1.133398e-01 1.015352e+00
9.498050e+00 -1.538764e-01 1.013570e+00
9.499050e+00 -5.871022e-02 1.011771e+00
9.500050e+00 -1.089902e-02 1.009954e+00
9.501050e+00 1.341377e-01 1.008118e+00
9.502050e+00 1.098312e-01 1.006264e+00
9.503050e+00 6.714939e-02 1.004390e+00
9.504050e+00 9.964546e-02 1.002498e+00
9.505049e+00 -9.234862e-02 1.000585e+00
9.506049e+00 2.895641e-02 9.986535e-01
9.507049e+00 -1.266839e-01 9.967015e-01
9.508049e+00 -1.194470e-01 9.947293e-01
9.509049e+00 -1.894601e-01 9.927365e-01
9.510049e+00 -4.209918e-02 9.907230e-01
9.511049e+00 -5.445056e-03 9.886884e-01
9.512049e+00 1.135564e-01 9.866327e-01
9.513049e+00 -2.888010e-02 9.845554e-01
9.514049e+00 3.189976e-02 9.824564e-01
9.515048e+00 -1.526920e-01 9.803356e-01
9.516048e+00 -1.499665e-01 9.781925e-01
9.517048e+00 -2.458177e-01 9.760272e-01
9.518048e+00 -1.674642e-01 9.738392e-01
9.519048e+00 -1.165707e-01 9.716285e-01
9.520048e+00 -1.491775e-01 9.693949e-01
9.521048e+00 -6.880184e-02 9.671380e-01
9.522048e+00 -5.625315e-02 9.648578e-01
9.523048e+00 -2.721998e-02 9.625541e-01
9.524048e+00 -9.880179e-02 9.602267e-01
9.525047e+00 -1.616488e-01 9.578753e-01
9.526047e+00 -3.038720e-01 9.554999e-01
9.527047e+00 -1.857069e-01 9.531002e-01
9.528047e+00 -2.100725e-01 9.506762e-01
9.529047e+00 -2.074925e-01 9.482275e-01
9.530047e+00 -2.718065e-01 9.457542e-01
9.531047e+00 -1.584184e-01 9.432561e-01
9.532047e+00 -7.928700e-02 9.407329e-01
9.533047e+00 -6.198523e-02 9.381846e-01
9.534047e+00 -2.159200e-01 9.356111e-01
9.535046e+00 -2.135690e-01 9.330122e-01
9.536046e+00 -2.818590e-01 9.303878e-01
9.537046e+00 -3.395285e-01 9.277377e-01
9.538046e+00 -3.495611e-01 9.250620e-01
9.539046e+00 -2.246744e-01 9.223605e-01
9.540046e+00 -3.045951e-01 9.196331e-01
9.541046e+00 -1.719172e-01 9.168797e-01
9.542046e+00 -8.203791e-02 9.141002e-01
9.543046e+00 -2.409968e-01 9.112945e-01
9.544046e+00 -2.302040e-01 9.084627e-01
9.545045e+00 -2.377161e-01 9.056046e-01
9.546045e+00 -3.269269e-01 9.027201e-01
9.547045e+00 -3.399634e-01 8.998093e-01
9.548045e+00 -3.918373e-01 8.968721e-01
9.549045e+00 -3.947782e-01 8.939084e-01
9.550045e+00 -2.958651e-01 8.909182e-01
9.551045e+00 -2.933579e-01 8.879015e-01
9.552045e+00 -2.528379e-01 8.848583e-01
9.553045e+00 -1.924846e-01 8.817886e-01
9.554045e+00 -2.892791e-01 8.786924e-01
9.555044e+00 -3.533660e-01 8.755697e-01
9.556044e+00 -3.954700e-01 8.724204e-01
9.557044e+00 -3.598589e-01 8.692447e-01
9.558044e+00 -4.782443e-01 8.660425e-01
9.559044e+00 -4.309574e-01 8.628140e-01
9.560044e+00 -3.992606e-01 8.595591e-01
9.561044e+00 -3.249910e-01 8.562778e-01
9.562044e+00 -2.033677e-01 8.529704e-01
9.563044e+00 -2.962407e-01 8.496367e-01
9.564044e+00 -3.526787e-01 8.462769e-01
9.565043e+00 -4.341207e-01 8.428912e-01
9.566043e+00 -4.951251e-01 8.394794e-01
9.567043e+00 -5.454124e-01 8.360419e-01
9.568043e+00 -5.526992e-01 8.325787e-01
9.569043e+00 -5.420408e-01 8.290898e-01
9.570043e+00 -4.666677e-01 8.255754e-01
9.571043e+00 -4.630362e-01 8.220357e-01
9.572043e+00 -3.012269e-01 8.184708e-01
9.573043e+00 -4.242826e-01 8.148809e-01
9.574043e+00 -4.646016e-01 8.112660e-01
9.575042e+00 -4.680839e-01 8.076263e-01
9.576042e+00 -5.638224e-01 8.039621e-01
9.577042e+00 -5.167077e-01 8.002735e-01
9.578042e+00 -4.988502e-01 7.965606e-01
9.579042e+00 -5.483767e-01 7.928238e-01
9.580042e+00 -5.067113e-01 7.890631e-01
9.581042e+00 -3.673002e-01 7.852788e-01
9.582042e+00 -4.845338e-01 7.814711e-01
9.583042e+00 -2.958247e-01 7.776402e-01
9.584042e+00 -4.717792e-01 7.737864e-01
9.585041e+00 -5.228766e-01 7.699098e-01
9.586041e+00 -6.688622e-01 7.660108e-01
9.587041e+00 -5.772285e-01 7.620896e-01
9.588041e+00 -5.108045e-01 7.581465e-01
9.589041e+00 -6.168142e-01 7.541816e-01
9.590041e+00 -4.560272e-01 7.501954e-01
9.591041e+00 -4.615555e-01 7.461880e-01
9.592041e+00 -4.345506e-01 7.421597e-01
9.593041e+00 -5.117809e-01 7.381109e-01
9.594041e+00 -5.281395e-01 7.340419e-01
9.595040e+00 -5.584542e-01 7.299529e-01
9.596040e+00 -6.137649e-01 7.258442e-01
9.597040e+00 -6.630924e-01 7.217162e-01
9.598040e+00 -6.910214e-01 7.175692e-01
9.599040e+00 -6.646565e-01 7.134034e-01
9.600040e+00 -6.020586e-01 7.092194e-01
9.601040e+00 -5.704593e-01 7.050173e-01
9.602040e+00 -5.343884e-01 7.007975e-01
9.603040e+00 -5.182458e-01 6.965604e-01
9.604040e+00 -5.995756e-01 6.923063e-01
9.605039e+00 -5.961739e-01 6.880355e-01
9.606039e+00 -6.884697e-01 6.837485e-01
9.607039e+00 -7.643787e-01 6.794455e-01
9.608039e+00 -7.730358e-01 6.751270e-01
9.609039e+00 -7.489880e-01 6.707932e-01
9.610039e+00 -5.503058e-01 6.664447e-01
9.611039e+00 -6.249688e-01 6.620816e-01
9.612039e+00 -4.365974e-01 6.577045e-01
9.613039e+00 -5.252753e-01 6.533137e-01
9.614039e+00 -5.860923e-01 6.489096e-01
9.615038e+00 -7.029731e-01 6.444925e-01
9.616038e+00 -7.053897e-01 6.400628e-01
9.617038e+00 -8.034124e-01 6.356209e-01
9.618038e+00 -7.010918e-01 6.311672e-01
9.619038e+00 -6.796552e-01 6.267021e-01
9.620038e+00 -6.669115e-01 6.222259e-01
9.621038e+00 -6.818928e-01 6.177391e-01
9.622038e+00 -6.892503e-01 6.132420e-01
9.623038e+00 -6.670757e-01 6.087350e-01
9.624038e+00 -6.176148e-01 6.042185e-01
9.625037e+00 -7.009403e-01 5.996928e-01
9.626037e+00 -7.793232e-01 5.951585e-01
9.627037e+00 -7.932912e-01 5.906157e-01
9.628037e+00 -7.283540e-01 5.860649e-01
9.629037e+00 -7.746722e-01 5.815066e-01
9.630037e+00 -6.541894e-01 5.769409e-01
9.631037e+00 -7.533629e-01 5.723685e-01
9.632037e+00 -6.718288e-01 5.677895e-01
9.633037e+00 -7.342013e-01 5.632044e-01
9.634037e+00 -6.864241e-01 5.586135e-01
9.635036e+00 -7.706764e-01 5.540172e-01
9.636036e+00 -7.809334e-01 5.494159e-01
9.637036e+00 -8.745821e-01 5.448099e-01
9.638036e+00 -8.359591e-01 5.401996e-01
9.639036e+00 -7.428445e-01 5.355853e-01
9.640036e+00 -7.464877e-01 5.309674e-01
9.641036e+00 -6.975684e-01 5.263462e-01
9.642036e+00 -7.041988e-01 5.217220e-01
9.643036e+00 -7.429154e-01 5.170953e-01
9.644036e+00 -7.433691e-01 5.124662e-01
9.645035e+00 -7.121497e-01 5.078352e-01
9.646035e+00 -7.986501e-01 5.032026e-01
9.647035e+00 -9.267661e-01 4.985686e-01
9.648035e+00 -9.945625e-01 4.939337e-01
9.649035e+00 -8.534798e-01 4.892981e-01
9.650035e+00 -8.136345e-01 4.846621e-01
9.651035e+00 -7.843839e-01 4.800260e-01
9.652035e+00 -6.757643e-01 4.753902e-01
9.653035e+00 -7.441694e-01 4.707548e-01
9.654035e+00 -8.162498e-01 4.661203e-01
9.655034e+00 -7.956878e-01 4.614869e-01
9.656034e+00 -9.298381e-01 4.568548e-01
9.657034e+00 -9.190505e-01 4.522243e-01
9.658034e+00 -9.908600e-01 4.475958e-01
9.659034e+00 -8.959496e-01 4.429694e-01
9.660034e+00 -7.880451e-01 4.383454e-01
9.661034e+00 -8.163129e-01 4.337242e-01
9.662034e+00 -7.514283e-01 4.291058e-01
9.663034e+00 -6.913005e-01 4.244907e-01
9.664034e+00 -7.282070e-01 4.198789e-01
9.665033e+00 -8.730335e-01 4.152708e-01
9.666033e+00 -9.423370e-01 4.106666e-01
9.667033e+00 -9.311395e-01 4.060665e-01
9.668033e+00 -9.671511e-01 4.014707e-01
9.669033e+00 -9.415253e-01 3.968795e-01
9.670033e+00 -8.674869e-01 3.922930e-01
9.671033e+00 -7.929463e-01 3.877115e-01
9.672033e+00 -8.156294e-01 3.831352e-01
9.673033e+00 -7.819233e-01 3.785642e-01
9.674033e+00 -8.615713e-01 3.739988e-01
9.675032e+00 -8.225289e-01 3.694392e-01
9.676032e+00 -9.298419e-01 3.648855e-01
9.677032e+00 -9.832230e-01 3.603380e-01
9.678032e+00 -1.063204e+00 3.557967e-01
9.679032e+00 -9.094141e-01 3.512619e-01
9.680032e+00 -9.598087e-01 3.467338e-01
9.681032e+00 -8.120460e-01 3.422125e-01
9.682032e+00 -7.922919e-01 3.376982e-01
9.683032e+00 -8.348302e-01 3.331910e-01
9.684032e+00 -9.122939e-01 3.286912e-01
9.685031e+00 -8.131559e-01 3.241988e-01
9.686031e+00 -1.035121e+00 3.197140e-01
9.687031e+00 -1.137852e+00 3.152370e-01
9.688031e+00 -9.622644e-01 3.107679e-01
9.689031e+00 -9.811640e-01 3.063069e-01
9.690031e+00 -9.477919e-01 3.018540e-01
9.691031e+00 -9.225586e-01 2.974094e-01
9.692031e+00 -7.870366e-01 2.929734e-01
9.693031e+00 -8.451199e-01 2.885459e-01
9.694031e+00 -8.510267e-01 2.841271e-01
9.695030e+00 -8.806847e-01 2.797172e-01
9.696030e+00 -9.489508e-01 2.753163e-01
9.697030e+00 -1.049815e+00 2.709244e-01
9.698030e+00 -1.010278e+00 2.665418e-01
9.699030e+00 -9.450798e-01 2.621685e-01
9.700030e+00 -9.401054e-01 2.578047e-01
9.701030e+00 -9.073071e-01 2.534505e-01
9.702030e+00 -8.172950e-01 2.491059e-01
9.703030e+00 -8.593174e-01 2.447711e-01
9.704030e+00 -8.068747e-01 2.404463e-01
9.705029e+00 -1.044696e+00 2.361314e-01
9.706029e+00 -1.029974e+00 2.318267e-01
9.707029e+00 -9.887144e-01 2.275322e-01
9.708029e+00 -1.062320e+00 2.232481e-01
9.709029e+00 -1.014056e+00 2.189744e-01
9.710029e+00 -9.664766e-01 2.147113e-01
9.711029e+00 -8.628658e-01 2.104588e-01
9.712029e+00 -7.816435e-01 2.062171e-01
9.713029e+00 -9.374355e-01 2.019862e-01
9.714029e+00 -9.381285e-01 1.977663e-01
9.715028e+00 -1.001610e+00 1.935574e-01
9.716028e+00 -1.076392e+00 1.893597e-01
9.717028e+00 -1.052332e+00 1.851733e-01
9.718028e+00 -1.013852e+00 1.809982e-01
9.719028e+00 -9.961950e-01 1.768346e-01
9.720028e+00 -9.540756e-01 1.726825e-01
9.721028e+00 -9.938771e-01 1.685421e-01
9.722028e+00 -1.014480e+00 1.644135e-01
9.723028e+00 -9.435669e-01 1.602967e-01
9.724028e+00 -8.209359e-01 1.561918e-01
9.725027e+00 -9.413413e-01 1.520990e-01
9.726027e+00 -1.067879e+00 1.480184e-01
9.727027e+00 -1.102736e+00 1.439500e-01
9.728027e+00 -1.059239e+00 1.398939e-01
9.729027e+00 -1.055300e+00 1.358503e-01
9.730027e+00 -9.856538e-01 1.318192e-01
9.731027e+00 -8.311641e-01 1.278008e-01
9.732027e+00 -8.714389e-01 1.237951e-01
9.733027e+00 -9.464527e-01 1.198023e-01
9.734027e+00 -8.885349e-01 1.158224e-01
9.735026e+00 -9.513335e-01 1.118555e-01
9.736026e+00 -1.056985e+00 1.079019e-01
9.737026e+00 -1.152436e+00 1.039614e-01
9.738026e+00 -1.084777e+00 1.000343e-01
9.739026e+00 -1.003683e+00 9.612070e-02
9.740026e+00 -9.847205e-01 9.222064e-02
9.741026e+00 -8.939327e-01 8.833425e-02
9.742026e+00 -9.575904e-01 8.446163e-02
9.743026e+00 -9.241341e-01 8.060290e-02
9.744026e+00 -9.509838e-01 7.675815e-02
9.745025e+00 -9.978963e-01 7.292750e-02
9.746025e+00 -1.064724e+00 6.911106e-02
9.747025e+00 -1.113065e+00 6.530894e-02
9.748025e+00 -1.048202e+00 6.152124e-02
9.749025e+00 -1.092847e+00 5.774808e-02
9.750025e+00 -1.081915e+00 5.398957e-02
9.751025e+00 -8.553431e-01 5.024582e-02
9.752025e+00 -8.667902e-01 4.651695e-02
9.753025e+00 -9.626427e-01 4.280307e-02
9.754025e+00 -9.919500e-01 3.910430e-02
9.755024e+00 -1.000123e+00 3.542075e-02
9.756024e+00 -1.022631e+00 3.175255e-02
9.757024e+00 -1.067376e+00 2.809980e-02
9.758024e+00 -1.025282e+00 2.446264e-02
9.759024e+00 -1.092989e+00 2.084117e-02
9.760024e+00 -9.557462e-01 1.723553e-02
9.761024e+00 -1.018138e+00 1.364582e-02
9.762024e+00 -8.725851e-01 1.007219e-02
9.763024e+00 -8.784690e-01 6.514742e-03
9.764024e+00 -9.933777e-01 2.973610e-03
9.765023e+00 -9.657855e-01 -5.510811e-04
9.766023e+00 -1.145571e+00 -4.059205e-03
9.767023e+00 -1.131624e+00 -7.550633e-03
9.768023e+00 -9.903914e-01 -1.102524e-02
9.769023e+00 -1.069778e+00 -1.448289e-02
9.770023e+00 -9.837289e-01 -1.792345e-02
9.771023e+00 -9.330273e-01 -2.134681e-02
9.772023e+00 -9.029676e-01 -2.475281e-02
9.773023e+00 -9.067271e-01 -2.814133e-02
9.774023e+00 -8.579406e-01 -3.151224e-02
9.775022e+00 -9.728787e-01 -3.486540e-02
9.776022e+00 -9.847888e-01 -3.820067e-02
9.777022e+00 -1.059249e+00 -4.151791e-02
9.778022e+00 -1.083889e+00 -4.481700e-02
9.779022e+00 -1.006420e+00 -4.809778e-02
9.780022e+00 -9.688038e-01 -5.136013e-02
9.781022e+00 -9.330121e-01 -5.460390e-02
9.782022e+00 -8.122662e-01 -5.782894e-02
9.783022e+00 -9.176184e-01 -6.103512e-02
9.784022e+00 -9.206975e-01 -6.422230e-02
9.785021e+00 -1.102052e+00 -6.739032e-02
9.786021e+00 -1.029218e+00 -7.053905e-02
9.787021e+00 -1.085879e+00 -7.366834e-02
9.788021e+00 -1.124870e+00 -7.677804e-02
9.789021e+00 -1.053767e+00 -7.986801e-02
9.790021e+00 -8.797628e-01 -8.293810e-02
9.791021e+00 -8.592597e-01 -8.598816e-02
9.792021e+00 -8.795584e-01 -8.901803e-02
9.793021e+00 -8.376553e-01 -9.202758e-02
9.794021e+00 -9.409217e-01 -9.501664e-02
9.795020e+00 -9.546294e-01 -9.798507e-02
9.796020e+00 -1.042005e+00 -1.009327e-01
9.797020e+00 -1.040811e+00 -1.038594e-01
9.798020e+00 -9.496698e-01 -1.067650e-01
9.799020e+00 -1.082176e+00 -1.096494e-01
9.800020e+00 -9.373144e-01 -1.125123e-01
9.801020e+00 -9.107821e-01 -1.153537e-01
9.802020e+00 -9.007905e-01 -1.181734e-01
9.803020e+00 -7.786806e-01 -1.209712e-01
9.804020e+00 -9.185018e-01 -1.237470e-01
9.805019e+00 -9.305183e-01 -1.265006e-01
9.806019e+00 -1.021007e+00 -1.292318e-01
9.807019e+00 -9.710020e-01 -1.319405e-01
9.808019e+00 -1.079362e+00 -1.346266e-01
9.809019e+00 -9.354860e-01 -1.372898e-01
9.810019e+00 -8.575982e-01 -1.399300e-01
9.811019e+00 -8.309364e-01 -1.425471e-01
9.812019e+00 -8.114149e-01 -1.451408e-01
9.813019e+00 -7.978610e-01 -1.477110e-01
9.814019e+00 -8.908420e-01 -1.502576e-01
9.815018e+00 -9.569814e-01 -1.527804e-01
9.816018e+00 -9.941139e-01 -1.552792e-01
9.817018e+00 -1.035935e+00 -1.577539e-01
9.818018e+00 -9.602390e-01 -1.602042e-01
9.819018e+00 -9.069735e-01 -1.626300e-01
9.820018e+00 -8.936949e-01 -1.650312e-01
9.821018e+00 -8.691622e-01 -1.674076e-01
9.822018e+00 -8.357390e-01 -1.697590e-01
9.823018e+00 -7.497977e-01 -1.720852e-01
9.824018e+00 -8.880899e-01 -1.743861e-01
9.825017e+00 -9.600555e-01 -1.766615e-01
9.826017e+00 -9.869408e-01 -1.789112e-01
9.827017e+00 -9.966345e-01 -1.811351e-01
9.828017e+00 -9.630067e-01 -1.833329e-01
9.829017e+00 -9.805299e-01 -1.855046e-01
9.830017e+00 -9.592179e-01 -1.876499e-01
9.831017e+00 -8.138556e-01 -1.897687e-01
9.832017e+00 -7.486948e-01 -1.918608e-01
9.833017e+00 -7.231764e-01 -1.939260e-01
9.834017e+00 -7.903248e-01 -1.959641e-01
9.835016e+00 -8.925883e-01 -1.979750e-01
9.836016e+00 -9.739565e-01 -1.999584e-01
9.837016e+00 -8.960096e-01 -2.019143e-01
9.838016e+00 -9.155884e-01 -2.038425e-01
9.839016e+00 -9.187027e-01 -2.057427e-01
9.840016e+00 -8.964189e-01 -2.076147e-01
9.841016e+00 -7.821820e-01 -2.094585e-01
9.842016e+00 -6.456867e-01 -2.112738e-01
9.843016e+00 -7.851513e-01 -2.130604e-01
9.844016e+00 -7.371469e-01 -2.148182e-01
9.845015e+00 -8.421291e-01 -2.165470e-01
9.846015e+00 -8.480192e-01 -2.182467e-01
9.847015e+00 -9.844199e-01 -2.199169e-01
9.848015e+00 -8.940344e-01 -2.215576e-01
9.849015e+00 -8.535984e-01 -2.231685e-01
9.850015e+00 -8.362495e-01 -2.247496e-01
9.851015e+00 -6.900563e-01 -2.263005e-01
9.852015e+00 -7.386076e-01 -2.278212e-01
9.853015e+00 -7.767554e-01 -2.293114e-01
9.854015e+00 -8.255002e-01 -2.307710e-01
9.855014e+00 -7.729532e-01 -2.321997e-01
9.856014e+00 -8.591243e-01 -2.335975e-01
9.857014e+00 -8.633452e-01 -2.349641e-01
9.858014e+00 -9.815693e-01 -2.362993e-01
9.859014e+00 -8.408134e-01 -2.376029e-01
9.860014e+00 -7.604408e-01 -2.388749e-01
9.861014e+00 -7.566132e-01 -2.401149e-01
9.862014e+00 -7.103968e-01 -2.413228e-01
9.863014e+00 -7.479168e-01 -2.424984e-01
9.864014e+00 -6.673129e-01 -2.436416e-01
9.865013e+00 -7.608592e-01 -2.447521e-01
9.866013e+00 -8.096393e-01 -2.458298e-01
9.867013e+00 -8.056886e-01 -2.468744e-01
9.868013e+00 -7.792088e-01 -2.478859e-01
9.869013e+00 -7.447562e-01 -2.488640e-01
9.870013e+00 -7.445239e-01 -2.498085e-01
9.871013e+00 -7.456746e-01 -2.507193e-01
9.872013e+00 -6.470947e-01 -2.515962e-01
9.873013e+00 -5.904212e-01 -2.524389e-01
9.874013e+00 -5.943120e-01 -2.532474e-01
9.875012e+00 -6.574741e-01 -2.540213e-01
9.876012e+00 -7.602034e-01 -2.547606e-01
9.877012e+00 -8.153387e-01 -2.554651e-01
9.878012e+00 -8.281687e-01 -2.561346e-01
9.879012e+00 -7.498822e-01 -2.567688e-01
9.880012e+00 -7.033709e-01 -2.573677e-01
9.881012e+00 -7.233257e-01 -2.579310e-01
9.882012e+00 -5.130606e-01 -2.584585e-01
9.883012e+00 -6.132466e-01 -2.589502e-01
9.884012e+00 -5.891575e-01 -2.594057e-01
9.885011e+00 -6.143377e-01 -2.598249e-01
9.886011e+00 -7.110831e-01 -2.602077e-01
9.887011e+00 -7.198455e-01 -2.605538e-01
9.888011e+00 -7.340344e-01 -2.608631e-01
9.889011e+00 -7.130629e-01 -2.611355e-01
9.890011e+00 -6.427138e-01 -2.613706e-01
9.891011e+00 -5.108941e-01 -2.615684e-01
9.892011e+00 -5.564312e-01 -2.617287e-01
9.893011e+00 -4.776622e-01 -2.618513e-01
9.894011e+00 -5.727490e-01 -2.619360e-01
9.895010e+00 -5.593228e-01 -2.619827e-01
9.896010e+00 -5.955821e-01 -2.619911e-01
9.897010e+00 -7.848459e-01 -2.619612e-01
9.898010e+00 -7.433608e-01 -2.618927e-01
9.899010e+00 -6.677576e-01 -2.617855e-01
9.900010e+00 -5.180189e-01 -2.616394e-01
9.901010e+00 -5.001346e-01 -2.614542e-01
9.902010e+00 -5.092120e-01 -2.612298e-01
9.903010e+00 -5.201445e-01 -2.609660e-01
9.904010e+00 -5.509890e-01 -2.606626e-01
9.905009e+00 -5.799566e-01 -2.603195e-01
9.906009e+00 -5.835250e-01 -2.599366e-01
9.907009e+00 -7.403662e-01 -2.595136e-01
9.908009e+00 -6.528228e-01 -2.590503e-01
9.909009e+00 -6.377050e-01 -2.585468e-01
9.910009e+00 -5.825374e-01 -2.580027e-01
9.911009e+00 -4.387775e-01 -2.574179e-01
9.912009e+00 -4.214589e-01 -2.567922e-01
9.913009e+00 -3.847395e-01 -2.561256e-01
9.914009e+00 -4.334907e-01 -2.554179e-01
9.915008e+00 -5.737753e-01 -2.546689e-01
9.916008e+00 -5.237750e-01 -2.538784e-01
9.917008e+00 -5.873959e-01 -2.530463e-01
9.918008e+00 -6.483095e-01 -2.521726e-01
9.919008e+00 -5.297696e-01 -2.512569e-01
9.920008e+00 -4.321156e-01 -2.502992e-01
9.921008e+00 -4.024454e-01 -2.492994e-01
9.922008e+00 -3.962483e-01 -2.482572e-01
9.923008e+00 -4.719387e-01 -2.471727e-01
9.924008e+00 -4.886444e-01 -2.460455e-01
9.925007e+00 -5.241388e-01 -2.448757e-01
9.926007e+00 -4.651935e-01 -2.436630e-01
9.927007e+00 -4.589368e-01 -2.424073e-01
9.928007e+00 -5.781745e-01 -2.411086e-01
9.929007e+00 -4.444325e-01 -2.397666e-01
9.930007e+00 -4.554887e-01 -2.383813e-01
9.931007e+00 -4.122375e-01 -2.369525e-01
9.932007e+00 -3.245475e-01 -2.354801e-01
9.933007e+00 -3.199446e-01 -2.339640e-01
9.934007e+00 -2.730480e-01 -2.324041e-01
9.935006e+00 -3.796102e-01 -2.308002e-01
9.936006e+00 -3.338414e-01 -2.291523e-01
9.937006e+00 -5.120256e-01 -2.274602e-01
9.938006e+00 -4.860750e-01 -2.257239e-01
9.939006e+00 -5.102658e-01 -2.239432e-01
9.940006e+00 -3.999517e-01 -2.221180e-01
9.941006e+00 -3.496533e-01 -2.202482e-01
9.942006e+00 -2.390906e-01 -2.183338e-01
9.943006e+00 -2.232133e-01 -2.163745e-01
9.944006e+00 -3.484229e-01 -2.143705e-01
9.945005e+00 -2.301739e-01 -2.123214e-01
9.946005e+00 -3.581465e-01 -2.102273e-01
9.947005e+00 -5.490473e-01 -2.080881e-01
9.948005e+00 -3.963671e-01 -2.059037e-01
9.949005e+00 -3.606900e-01 -2.036739e-01
9.950005e+00 -3.276666e-01 -2.013988e-01
9.951005e+00 -2.613028e-01 -1.990783e-01
9.952005e+00 -2.159351e-01 -1.967122e-01
9.953005e+00 -8.526394e-02 -1.943005e-01
9.954005e+00 -3.084463e-01 -1.918431e-01
9.955004e+00 -2.891723e-01 -1.893400e-01
9.956004e+00 -2.649320e-01 -1.867912e-01
9.957004e+00 -3.612056e-01 -1.841964e-01
9.958004e+00 -3.107522e-01 -1.815558e-01
9.959004e+00 -2.786835e-01 -1.788692e-01
9.960004e+00 -1.956868e-01 -1.761366e-01
9.961004e+00 -1.087316e-01 -1.733579e-01
9.962004e+00 -1.771405e-01 -1.705331e-01
9.963004e+00 -9.191053e-02 -1.676621e-01
9.964004e+00 -1.640873e-01 -1.647450e-01
9.965003e+00 -2.456815e-01 -1.617816e-01
9.966003e+00 -2.187915e-01 -1.587719e-01
9.967003e+00 -3.048393e-01 -1.557160e-01
9.968003e+00 -2.686742e-01 -1.526137e-01
9.969003e+00 -2.173326e-01 -1.494651e-01
9.970003e+00 -1.627002e-01 -1.462701e-01
9.971003e+00 -8.089945e-02 -1.430287e-01
9.972003e+00 -1.678728e-01 -1.397409e-01
9.973003e+00 -1.896156e-02 -1.364067e-01
9.974003e+00 -7.708514e-02 -1.330260e-01
9.975002e+00 -8.937893e-02 -1.295989e-01
9.976002e+00 -2.222715e-01 -1.261254e-01
9.977002e+00 -2.836210e-01 -1.226054e-01
9.978002e+00 -2.267784e-01 -1.190389e-01
9.979002e+00 -2.768009e-01 -1.154261e-01
9.980002e+00 -1.194167e-01 -1.117668e-01
9.981002e+00 -7.222980e-02 -1.080611e-01
9.982002e+00 -1.065172e-01 -1.043089e-01
9.983002e+00 5.390265e-02 -1.005104e-01
9.984002e+00 -1.236862e-01 -9.666558e-02
9.985001e+00 -1.350649e-01 -9.277439e-02
9.986001e+00 -6.598686e-02 -8.883689e-02
9.987001e+00 -1.090855e-01 -8.485312e-02
9.988001e+00 -1.855071e-01 -8.082310e-02
9.989001e+00 -1.233206e-01 -7.674689e-02
9.990001e+00 -2.810784e-02 -7.262452e-02
9.991001e+00 -2.857228e-02 -6.845603e-02
9.992001e+00 6.965089e-02 -6.424148e-02
9.993001e+00 3.273998e-02 -5.998092e-02
9.994001e+00 3.069810e-02 -5.567439e-02
9.995000e+00 5.660986e-02 -5.132198e-02
9.996000e+00 -1.445589e-01 -4.692372e-02
9.997000e+00 -6.092114e-02 -4.247970e-02
9.998000e+00 -1.410566e-01 -3.798997e-02
9.999000e+00 -1.921198e-02 -3.345462e-02
1.000000e+01 6.257880e-02 -2.887371e-02
