0.000000e+00 3.601098e-02 4.524324e-01
9.999000e-04 5.835277e+00 4.654298e-01
1.999800e-03 9.600024e+00 4.782663e-01
2.999700e-03 9.568857e+00 4.909424e-01
3.999600e-03 5.873735e+00 5.034585e-01
4.999500e-03 -4.837845e-02 5.158154e-01
5.999400e-03 -5.845951e+00 5.280137e-01
6.999300e-03 -9.465464e+00 5.400540e-01
7.999200e-03 -9.510817e+00 5.519370e-01
8.999100e-03 -5.790900e+00 5.636635e-01
9.999000e-03 8.542422e-02 5.752343e-01
1.099890e-02 5.843739e+00 5.866500e-01
1.199880e-02 9.463991e+00 5.979116e-01
1.299870e-02 9.593692e+00 6.090198e-01
1.399860e-02 5.954413e+00 6.199756e-01
1.499850e-02 1.558987e-01 6.307799e-01
1.599840e-02 -5.744993e+00 6.414335e-01
1.699830e-02 -9.377640e+00 6.519375e-01
1.799820e-02 -9.442477e+00 6.622928e-01
1.899810e-02 -5.713293e+00 6.725004e-01
1.999800e-02 9.032758e-02 6.825614e-01
2.099790e-02 5.987184e+00 6.924769e-01
2.199780e-02 9.654668e+00 7.022478e-01
2.299770e-02 9.547194e+00 7.118754e-01
2.399760e-02 6.100847e+00 7.213607e-01
2.499750e-02 2.397492e-01 7.307049e-01
2.599740e-02 -5.696518e+00 7.399092e-01
2.699730e-02 -9.314093e+00 7.489748e-01
2.799720e-02 -9.304228e+00 7.579029e-01
2.899710e-02 -5.783884e+00 7.666947e-01
2.999700e-02 1.744428e-01 7.753515e-01
3.099690e-02 6.071121e+00 7.838746e-01
3.199680e-02 9.678331e+00 7.922653e-01
3.299670e-02 9.724923e+00 8.005249e-01
3.399660e-02 6.066468e+00 8.086547e-01
3.499650e-02 1.965739e-01 8.166561e-01
3.599640e-02 -5.637015e+00 8.245304e-01
3.699630e-02 -9.245253e+00 8.322791e-01
3.799620e-02 -9.249449e+00 8.399035e-01
3.899610e-02 -5.615705e+00 8.474050e-01
3.999600e-02 1.958650e-01 8.547851e-01
4.099590e-02 6.135259e+00 8.620452e-01
4.199580e-02 9.754307e+00 8.691867e-01
4.299570e-02 9.769483e+00 8.762111e-01
4.399560e-02 6.192258e+00 8.831199e-01
4.499550e-02 3.404422e-01 8.899146e-01
4.599540e-02 -5.574276e+00 8.965966e-01
4.699530e-02 -9.147018e+00 9.031673e-01
4.799520e-02 -9.184526e+00 9.096285e-01
4.899510e-02 -5.608470e+00 9.159814e-01
4.999500e-02 3.062986e-01 9.222277e-01
5.099490e-02 6.175626e+00 9.283688e-01
5.199480e-02 9.873345e+00 9.344063e-01
5.299470e-02 9.935678e+00 9.403417e-01
5.399460e-02 6.290226e+00 9.461765e-01
5.499450e-02 3.314148e-01 9.519122e-01
5.599440e-02 -5.498418e+00 9.575503e-01
5.699430e-02 -9.269938e+00 9.630925e-01
5.799420e-02 -9.173618e+00 9.685401e-01
5.899410e-02 -5.552299e+00 9.738947e-01
5.999400e-02 2.549750e-01 9.791579e-01
6.099390e-02 6.294194e+00 9.843310e-01
6.199380e-02 9.845755e+00 9.894158e-01
6.299370e-02 9.803144e+00 9.944135e-01
6.399360e-02 6.261120e+00 9.993257e-01
6.499350e-02 4.210797e-01 1.004154e+00
6.599340e-02 -5.461087e+00 1.008900e+00
6.699330e-02 -9.154930e+00 1.013564e+00
6.799320e-02 -9.149899e+00 1.018149e+00
6.899310e-02 -5.497604e+00 1.022656e+00
6.999300e-02 4.918865e-01 1.027086e+00
7.099290e-02 6.276579e+00 1.031441e+00
7.199280e-02 9.878517e+00 1.035722e+00
7.299270e-02 9.986611e+00 1.039931e+00
7.399260e-02 6.400478e+00 1.044068e+00
7.499250e-02 4.649590e-01 1.048135e+00
7.599240e-02 -5.387509e+00 1.052135e+00
7.699230e-02 -9.005945e+00 1.056067e+00
7.799220e-02 -9.087467e+00 1.059933e+00
7.899210e-02 -5.432831e+00 1.063735e+00
7.999200e-02 5.245946e-01 1.067474e+00
8.099190e-02 6.357193e+00 1.071151e+00
8.199180e-02 1.001283e+01 1.074767e+00
8.299170e-02 9.910711e+00 1.078324e+00
8.399160e-02 6.426635e+00 1.081822e+00
8.499150e-02 5.545436e-01 1.085264e+00
8.599140e-02 -5.312557e+00 1.088650e+00
8.699130e-02 -9.029079e+00 1.091981e+00
8.799120e-02 -8.992911e+00 1.095259e+00
8.899110e-02 -5.337840e+00 1.098484e+00
8.999100e-02 4.563764e-01 1.101658e+00
9.099090e-02 6.399128e+00 1.104782e+00
9.199080e-02 1.004664e+01 1.107857e+00
9.299070e-02 1.011199e+01 1.110883e+00
9.399060e-02 6.486877e+00 1.113863e+00
9.499050e-02 6.397598e-01 1.116796e+00
9.599040e-02 -5.283074e+00 1.119685e+00
9.699030e-02 -8.907334e+00 1.122529e+00
9.799020e-02 -8.884156e+00 1.125330e+00
9.899010e-02 -5.429983e+00 1.128088e+00
9.999000e-02 5.615151e-01 1.130805e+00
1.009899e-01 6.405454e+00 1.133482e+00
1.019898e-01 1.015126e+01 1.136119e+00
1.029897e-01 1.017037e+01 1.138717e+00
1.039896e-01 6.491186e+00 1.141277e+00
1.049895e-01 7.250463e-01 1.143800e+00
1.059894e-01 -5.272577e+00 1.146286e+00
1.069893e-01 -8.912249e+00 1.148736e+00
1.079892e-01 -8.865477e+00 1.151152e+00
1.089891e-01 -5.277299e+00 1.153533e+00
1.099890e-01 5.140839e-01 1.155880e+00
1.109889e-01 6.531806e+00 1.158195e+00
1.119888e-01 1.006340e+01 1.160477e+00
1.129887e-01 1.022173e+01 1.162728e+00
1.139886e-01 6.521188e+00 1.164948e+00
1.149885e-01 6.904232e-01 1.167137e+00
1.159884e-01 -5.079718e+00 1.169296e+00
1.169883e-01 -8.818861e+00 1.171427e+00
1.179882e-01 -8.779144e+00 1.173528e+00
1.189881e-01 -5.304236e+00 1.175601e+00
1.199880e-01 6.608413e-01 1.177647e+00
1.209879e-01 6.524825e+00 1.179665e+00
1.219878e-01 1.010040e+01 1.181657e+00
1.229877e-01 1.023013e+01 1.183623e+00
1.239876e-01 6.579567e+00 1.185562e+00
1.249875e-01 8.418617e-01 1.187477e+00
1.259874e-01 -5.124268e+00 1.189367e+00
1.269873e-01 -8.776400e+00 1.191232e+00
1.279872e-01 -8.798019e+00 1.193073e+00
1.289871e-01 -5.189996e+00 1.194890e+00
1.299870e-01 5.880700e-01 1.196684e+00
1.309869e-01 6.548143e+00 1.198455e+00
1.319868e-01 1.023564e+01 1.200204e+00
1.329867e-01 1.019942e+01 1.201930e+00
1.339866e-01 6.694509e+00 1.203634e+00
1.349865e-01 8.533543e-01 1.205317e+00
1.359864e-01 -5.122896e+00 1.206978e+00
1.369863e-01 -8.758291e+00 1.208618e+00
1.379862e-01 -8.756385e+00 1.210237e+00
1.389861e-01 -5.118734e+00 1.211836e+00
1.399860e-01 6.531456e-01 1.213415e+00
1.409859e-01 6.514913e+00 1.214974e+00
1.419858e-01 1.025448e+01 1.216513e+00
1.429857e-01 1.034342e+01 1.218032e+00
1.439856e-01 6.663160e+00 1.219532e+00
1.449855e-01 9.093983e-01 1.221013e+00
1.459854e-01 -4.974922e+00 1.222475e+00
1.469853e-01 -8.706847e+00 1.223919e+00
1.479852e-01 -8.715968e+00 1.225344e+00
1.489851e-01 -5.229838e+00 1.226750e+00
1.499850e-01 7.551957e-01 1.228139e+00
1.509849e-01 6.568564e+00 1.229509e+00
1.519848e-01 1.024839e+01 1.230862e+00
1.529847e-01 1.033826e+01 1.232197e+00
1.539846e-01 6.785290e+00 1.233515e+00
1.549845e-01 8.861654e-01 1.234815e+00
1.559844e-01 -5.034691e+00 1.236098e+00
1.569843e-01 -8.633740e+00 1.237365e+00
1.579842e-01 -8.677651e+00 1.238614e+00
1.589841e-01 -5.047697e+00 1.239846e+00
1.599840e-01 7.981711e-01 1.241062e+00
1.609839e-01 6.711008e+00 1.242261e+00
1.619838e-01 1.030850e+01 1.243444e+00
1.629837e-01 1.031826e+01 1.244610e+00
1.639836e-01 6.795852e+00 1.245760e+00
1.649835e-01 9.710173e-01 1.246894e+00
1.659834e-01 -4.895961e+00 1.248012e+00
1.669833e-01 -8.656438e+00 1.249114e+00
1.679832e-01 -8.688466e+00 1.250200e+00
1.689831e-01 -5.113474e+00 1.251270e+00
1.699830e-01 7.964754e-01 1.252325e+00
1.709829e-01 6.663766e+00 1.253364e+00
1.719828e-01 1.045056e+01 1.254387e+00
1.729827e-01 1.037683e+01 1.255395e+00
1.739826e-01 6.882055e+00 1.256388e+00
1.749825e-01 9.376538e-01 1.257365e+00
1.759824e-01 -4.904998e+00 1.258326e+00
1.769823e-01 -8.538112e+00 1.259273e+00
1.779822e-01 -8.619739e+00 1.260204e+00
1.789821e-01 -5.108464e+00 1.261121e+00
1.799820e-01 8.461769e-01 1.262022e+00
1.809819e-01 6.698203e+00 1.262908e+00
1.819818e-01 1.036351e+01 1.263779e+00
1.829817e-01 1.046118e+01 1.264636e+00
1.839816e-01 6.834654e+00 1.265477e+00
1.849815e-01 1.038172e+00 1.266304e+00
1.859814e-01 -4.844885e+00 1.267116e+00
1.869813e-01 -8.584621e+00 1.267913e+00
1.879812e-01 -8.602538e+00 1.268695e+00
1.889811e-01 -4.997588e+00 1.269463e+00
1.899810e-01 8.677586e-01 1.270216e+00
1.909809e-01 6.784485e+00 1.270954e+00
1.919808e-01 1.048416e+01 1.271678e+00
1.929807e-01 1.054626e+01 1.272388e+00
1.939806e-01 6.814295e+00 1.273082e+00
1.949805e-01 1.079734e+00 1.273763e+00
1.959804e-01 -4.846704e+00 1.274428e+00
1.969803e-01 -8.515322e+00 1.275080e+00
1.979802e-01 -8.618829e+00 1.275717e+00
1.989801e-01 -5.103146e+00 1.276339e+00
1.999800e-01 8.864584e-01 1.276948e+00
2.009799e-01 6.720759e+00 1.277541e+00
2.019798e-01 1.046430e+01 1.278121e+00
2.029797e-01 1.054796e+01 1.278686e+00
2.039796e-01 6.916147e+00 1.279237e+00
2.049795e-01 1.004504e+00 1.279773e+00
2.059794e-01 -4.830735e+00 1.280295e+00
2.069793e-01 -8.523007e+00 1.280803e+00
2.079792e-01 -8.537616e+00 1.281297e+00
2.089791e-01 -5.035059e+00 1.281776e+00
2.099790e-01 7.271379e-01 1.282242e+00
2.109789e-01 6.785637e+00 1.282692e+00
2.119788e-01 1.042674e+01 1.283129e+00
2.129787e-01 1.056019e+01 1.283551e+00
2.139786e-01 6.997471e+00 1.283959e+00
2.149785e-01 1.054302e+00 1.284353e+00
2.159784e-01 -4.829845e+00 1.284733e+00
2.169783e-01 -8.559154e+00 1.285098e+00
2.179782e-01 -8.655244e+00 1.285449e+00
2.189781e-01 -4.901769e+00 1.285786e+00
2.199780e-01 8.238197e-01 1.286109e+00
2.209779e-01 6.818741e+00 1.286417e+00
2.219778e-01 1.050869e+01 1.286711e+00
2.229777e-01 1.047585e+01 1.286991e+00
2.239776e-01 6.988178e+00 1.287256e+00
2.249775e-01 1.169775e+00 1.287508e+00
2.259774e-01 -4.749327e+00 1.287744e+00
2.269773e-01 -8.468690e+00 1.287967e+00
2.279772e-01 -8.600126e+00 1.288175e+00
2.289771e-01 -5.071915e+00 1.288369e+00
2.299770e-01 7.407607e-01 1.288548e+00
2.309769e-01 6.742081e+00 1.288713e+00
2.319768e-01 1.047344e+01 1.288864e+00
2.329767e-01 1.051352e+01 1.289000e+00
2.339766e-01 6.967711e+00 1.289122e+00
2.349765e-01 1.027210e+00 1.289229e+00
2.359764e-01 -4.686767e+00 1.289321e+00
2.369763e-01 -8.364169e+00 1.289399e+00
2.379762e-01 -8.569541e+00 1.289463e+00
2.389761e-01 -5.050536e+00 1.289512e+00
2.399760e-01 9.129414e-01 1.289546e+00
2.409759e-01 6.756789e+00 1.289566e+00
2.419758e-01 1.046052e+01 1.289571e+00
2.429757e-01 1.054210e+01 1.289561e+00
2.439756e-01 6.998926e+00 1.289536e+00
2.449755e-01 1.122188e+00 1.289497e+00
2.459754e-01 -4.722386e+00 1.289442e+00
2.469753e-01 -8.383168e+00 1.289373e+00
2.479752e-01 -8.565709e+00 1.289289e+00
2.489751e-01 -4.958121e+00 1.289190e+00
2.499750e-01 7.984884e-01 1.289076e+00
2.509749e-01 6.764666e+00 1.288947e+00
2.519748e-01 1.046130e+01 1.288802e+00
2.529747e-01 1.062274e+01 1.288643e+00
2.539746e-01 6.936611e+00 1.288468e+00
2.549745e-01 1.198828e+00 1.288278e+00
2.559744e-01 -4.743212e+00 1.288073e+00
2.569743e-01 -8.472637e+00 1.287852e+00
2.579742e-01 -8.499848e+00 1.287616e+00
2.589741e-01 -4.975944e+00 1.287365e+00
2.599740e-01 8.130106e-01 1.287097e+00
2.609739e-01 6.809762e+00 1.286815e+00
2.619738e-01 1.042970e+01 1.286516e+00
2.629737e-01 1.056315e+01 1.286202e+00
2.639736e-01 7.069725e+00 1.285872e+00
2.649735e-01 1.199827e+00 1.285526e+00
2.659734e-01 -4.775575e+00 1.285164e+00
2.669733e-01 -8.512542e+00 1.284787e+00
2.679732e-01 -8.566561e+00 1.284393e+00
2.689731e-01 -4.949917e+00 1.283983e+00
2.699730e-01 7.286573e-01 1.283556e+00
2.709729e-01 6.736240e+00 1.283114e+00
2.719728e-01 1.049931e+01 1.282655e+00
2.729727e-01 1.053562e+01 1.282179e+00
2.739726e-01 7.023989e+00 1.281687e+00
2.749725e-01 1.171726e+00 1.281178e+00
2.759724e-01 -4.740829e+00 1.280653e+00
2.769723e-01 -8.395047e+00 1.280111e+00
2.779722e-01 -8.572156e+00 1.279552e+00
2.789721e-01 -5.035564e+00 1.278976e+00
2.799720e-01 7.654679e-01 1.278383e+00
2.809719e-01 6.787556e+00 1.277773e+00
2.819718e-01 1.044834e+01 1.277145e+00
2.829717e-01 1.045853e+01 1.276500e+00
2.839716e-01 7.049323e+00 1.275838e+00
2.849715e-01 1.280768e+00 1.275158e+00
2.859714e-01 -4.805632e+00 1.274461e+00
2.869713e-01 -8.449079e+00 1.273746e+00
2.879712e-01 -8.535810e+00 1.273013e+00
2.889711e-01 -5.040610e+00 1.272262e+00
2.899710e-01 7.049127e-01 1.271493e+00
2.909709e-01 6.647598e+00 1.270706e+00
2.919708e-01 1.041623e+01 1.269900e+00
2.929707e-01 1.054517e+01 1.269077e+00
2.939706e-01 6.971779e+00 1.268235e+00
2.949705e-01 1.062513e+00 1.267374e+00
2.959704e-01 -4.729733e+00 1.266494e+00
2.969703e-01 -8.436736e+00 1.265596e+00
2.979702e-01 -8.580426e+00 1.264679e+00
2.989701e-01 -5.107398e+00 1.263742e+00
2.999700e-01 7.766768e-01 1.262787e+00
3.009699e-01 6.723951e+00 1.261812e+00
3.019698e-01 1.046866e+01 1.260818e+00
3.029697e-01 1.053006e+01 1.259804e+00
3.039696e-01 6.938460e+00 1.258771e+00
3.049695e-01 1.078440e+00 1.257718e+00
3.059694e-01 -4.782512e+00 1.256645e+00
3.069693e-01 -8.608699e+00 1.255552e+00
3.079692e-01 -8.554372e+00 1.254439e+00
3.089691e-01 -5.079197e+00 1.253305e+00
3.099690e-01 7.107731e-01 1.252151e+00
3.109689e-01 6.508252e+00 1.250976e+00
3.119688e-01 1.032620e+01 1.249781e+00
3.129687e-01 1.045095e+01 1.248565e+00
3.139686e-01 6.948128e+00 1.247328e+00
3.149685e-01 9.860829e-01 1.246070e+00
3.159684e-01 -4.814995e+00 1.244790e+00
3.169683e-01 -8.590168e+00 1.243489e+00
3.179682e-01 -8.616053e+00 1.242167e+00
3.189681e-01 -5.116324e+00 1.240823e+00
3.199680e-01 7.336713e-01 1.239457e+00
3.209679e-01 6.629788e+00 1.238069e+00
3.219678e-01 1.035014e+01 1.236658e+00
3.229677e-01 1.049944e+01 1.235226e+00
3.239676e-01 6.954597e+00 1.233771e+00
3.249675e-01 1.091333e+00 1.232294e+00
3.259674e-01 -4.840812e+00 1.230793e+00
3.269673e-01 -8.616715e+00 1.229270e+00
3.279672e-01 -8.722246e+00 1.227724e+00
3.289671e-01 -5.184342e+00 1.226155e+00
3.299670e-01 6.778875e-01 1.224562e+00
3.309669e-01 6.605298e+00 1.222946e+00
3.319668e-01 1.027576e+01 1.221306e+00
3.329667e-01 1.030202e+01 1.219642e+00
3.339666e-01 6.872500e+00 1.217954e+00
3.349665e-01 1.022405e+00 1.216242e+00
3.359664e-01 -4.847654e+00 1.214505e+00
3.369663e-01 -8.588568e+00 1.212745e+00
3.379662e-01 -8.763656e+00 1.210959e+00
3.389661e-01 -5.164974e+00 1.209148e+00
3.399660e-01 6.515142e-01 1.207313e+00
3.409659e-01 6.597438e+00 1.205452e+00
3.419658e-01 1.024530e+01 1.203566e+00
3.429657e-01 1.037794e+01 1.201655e+00
3.439656e-01 6.921416e+00 1.199718e+00
3.449655e-01 1.032227e+00 1.197754e+00
3.459654e-01 -4.737147e+00 1.195765e+00
3.469653e-01 -8.637235e+00 1.193750e+00
3.479652e-01 -8.771912e+00 1.191708e+00
3.489651e-01 -5.237856e+00 1.189640e+00
3.499650e-01 5.384785e-01 1.187545e+00
3.509649e-01 6.538796e+00 1.185422e+00
3.519648e-01 1.028239e+01 1.183273e+00
3.529647e-01 1.030451e+01 1.181097e+00
3.539646e-01 6.913355e+00 1.178893e+00
3.549645e-01 9.966727e-01 1.176661e+00
3.559644e-01 -4.921969e+00 1.174401e+00
3.569643e-01 -8.636478e+00 1.172114e+00
3.579642e-01 -8.791891e+00 1.169798e+00
3.589641e-01 -5.189867e+00 1.167454e+00
3.599640e-01 4.817165e-01 1.165081e+00
3.609639e-01 6.463014e+00 1.162679e+00
3.619638e-01 1.011140e+01 1.160249e+00
3.629637e-01 1.042443e+01 1.157789e+00
3.639636e-01 6.882718e+00 1.155300e+00
3.649635e-01 9.916643e-01 1.152781e+00
3.659634e-01 -4.932139e+00 1.150233e+00
3.669633e-01 -8.666865e+00 1.147655e+00
3.679632e-01 -8.933532e+00 1.145046e+00
3.689631e-01 -5.329840e+00 1.142407e+00
3.699630e-01 4.464343e-01 1.139738e+00
3.709629e-01 6.406152e+00 1.137038e+00
3.719628e-01 1.015451e+01 1.134307e+00
3.729627e-01 1.034180e+01 1.131545e+00
3.739626e-01 6.821208e+00 1.128752e+00
3.749625e-01 9.124032e-01 1.125927e+00
3.759624e-01 -5.046153e+00 1.123070e+00
3.769623e-01 -8.700545e+00 1.120182e+00
3.779622e-01 -8.800285e+00 1.117261e+00
3.789621e-01 -5.411327e+00 1.114308e+00
3.799620e-01 4.138625e-01 1.111323e+00
3.809619e-01 6.300345e+00 1.108305e+00
3.819618e-01 1.007713e+01 1.105254e+00
3.829617e-01 1.027328e+01 1.102170e+00
3.839616e-01 6.687691e+00 1.099053e+00
3.849615e-01 9.434362e-01 1.095902e+00
3.859614e-01 -5.100263e+00 1.092717e+00
3.869613e-01 -8.789101e+00 1.089499e+00
3.879612e-01 -8.885432e+00 1.086246e+00
3.889611e-01 -5.412852e+00 1.082959e+00
3.899610e-01 3.431310e-01 1.079637e+00
3.909609e-01 6.303009e+00 1.076281e+00
3.919608e-01 1.012214e+01 1.072890e+00
3.929607e-01 1.022249e+01 1.069463e+00
3.939606e-01 6.656806e+00 1.066001e+00
3.949605e-01 9.051081e-01 1.062504e+00
3.959604e-01 -5.071109e+00 1.058971e+00
3.969603e-01 -8.841744e+00 1.055402e+00
3.979602e-01 -9.066967e+00 1.051796e+00
3.989601e-01 -5.511212e+00 1.048155e+00
3.999600e-01 3.545911e-01 1.044476e+00
4.009599e-01 6.316555e+00 1.040761e+00
4.019598e-01 1.001928e+01 1.037009e+00
4.029597e-01 1.015067e+01 1.033219e+00
4.039596e-01 6.709702e+00 1.029392e+00
4.049595e-01 8.986893e-01 1.025527e+00
4.059594e-01 -5.141733e+00 1.021625e+00
4.069593e-01 -8.848122e+00 1.017684e+00
4.079592e-01 -9.030338e+00 1.013705e+00
4.089591e-01 -5.661299e+00 1.009688e+00
4.099590e-01 3.238849e-01 1.005632e+00
4.109589e-01 6.169449e+00 1.001537e+00
4.119588e-01 1.003661e+01 9.974025e-01
4.129587e-01 1.004341e+01 9.932290e-01
4.139586e-01 6.661739e+00 9.890160e-01
4.149585e-01 7.654836e-01 9.847633e-01
4.159584e-01 -5.141710e+00 9.804706e-01
4.169583e-01 -8.900931e+00 9.761377e-01
4.179582e-01 -9.113319e+00 9.717646e-01
4.189581e-01 -5.596669e+00 9.673508e-01
4.199580e-01 2.709635e-01 9.628964e-01
4.209579e-01 6.088265e+00 9.584009e-01
4.219578e-01 9.822283e+00 9.538644e-01
4.229577e-01 1.003870e+01 9.492865e-01
4.239576e-01 6.532816e+00 9.446670e-01
4.249575e-01 7.727302e-01 9.400059e-01
4.259574e-01 -5.166337e+00 9.353028e-01
4.269573e-01 -8.946951e+00 9.305576e-01
4.279572e-01 -9.181599e+00 9.257702e-01
4.289571e-01 -5.662088e+00 9.209402e-01
4.299570e-01 2.048216e-01 9.160676e-01
4.309569e-01 6.076342e+00 9.111521e-01
4.319568e-01 9.875189e+00 9.061937e-01
4.329567e-01 9.977423e+00 9.011920e-01
4.339566e-01 6.446353e+00 8.961470e-01
4.349565e-01 6.743196e-01 8.910584e-01
4.359564e-01 -5.267869e+00 8.859261e-01
4.369563e-01 -8.997700e+00 8.807500e-01
4.379562e-01 -9.165348e+00 8.755298e-01
4.389561e-01 -5.668254e+00 8.702655e-01
4.399560e-01 5.243951e-02 8.649568e-01
4.409559e-01 6.055073e+00 8.596036e-01
4.419558e-01 9.741376e+00 8.542058e-01
4.429557e-01 9.915214e+00 8.487633e-01
4.439556e-01 6.423579e+00 8.432759e-01
4.449555e-01 6.794127e-01 8.377434e-01
4.459554e-01 -5.224362e+00 8.321658e-01
4.469553e-01 -9.083337e+00 8.265429e-01
4.479552e-01 -9.359972e+00 8.208746e-01
4.489551e-01 -5.777364e+00 8.151608e-01
4.499550e-01 4.428010e-02 8.094014e-01
4.509549e-01 5.922212e+00 8.035963e-01
4.519548e-01 9.735886e+00 7.977454e-01
4.529547e-01 9.861372e+00 7.918487e-01
4.539546e-01 6.362240e+00 7.859060e-01
4.549545e-01 6.008687e-01 7.799173e-01
4.559544e-01 -5.473093e+00 7.738825e-01
4.569543e-01 -9.166180e+00 7.678015e-01
4.579542e-01 -9.282708e+00 7.616744e-01
4.589541e-01 -5.940490e+00 7.555010e-01
4.599540e-01 -1.299306e-02 7.492814e-01
4.609539e-01 5.821776e+00 7.430155e-01
4.619538e-01 9.624918e+00 7.367033e-01
4.629537e-01 9.764990e+00 7.303447e-01
4.639536e-01 6.361863e+00 7.239399e-01
4.649535e-01 5.188561e-01 7.174888e-01
4.659534e-01 -5.319564e+00 7.109914e-01
4.669533e-01 -9.243712e+00 7.044477e-01
4.679532e-01 -9.354148e+00 6.978579e-01
4.689531e-01 -5.841434e+00 6.912219e-01
4.699530e-01 -2.280049e-01 6.845398e-01
4.709529e-01 5.853620e+00 6.778117e-01
4.719528e-01 9.685022e+00 6.710377e-01
4.729527e-01 9.780101e+00 6.642178e-01
4.739526e-01 6.275977e+00 6.573522e-01
4.749525e-01 3.925229e-01 6.504410e-01
4.759524e-01 -5.466093e+00 6.434843e-01
4.769523e-01 -9.198984e+00 6.364823e-01
4.779522e-01 -9.389952e+00 6.294352e-01
4.789521e-01 -5.949952e+00 6.223430e-01
4.799520e-01 -2.270173e-01 6.152059e-01
4.809519e-01 5.754193e+00 6.080243e-01
4.819518e-01 9.623159e+00 6.007982e-01
4.829517e-01 9.752471e+00 5.935279e-01
4.839516e-01 6.124773e+00 5.862136e-01
4.849515e-01 4.203514e-01 5.788556e-01
4.859514e-01 -5.493537e+00 5.714542e-01
4.869513e-01 -9.390984e+00 5.640096e-01
4.879512e-01 -9.472160e+00 5.565220e-01
4.889511e-01 -6.064339e+00 5.489919e-01
4.899510e-01 -2.924579e-01 5.414195e-01
4.909509e-01 5.673887e+00 5.338052e-01
4.919508e-01 9.523369e+00 5.261492e-01
4.929507e-01 9.593206e+00 5.184521e-01
4.939506e-01 6.077193e+00 5.107141e-01
4.949505e-01 2.971359e-01 5.029356e-01
4.959504e-01 -5.637623e+00 4.951171e-01
4.969503e-01 -9.355096e+00 4.872590e-01
4.979502e-01 -9.513368e+00 4.793616e-01
4.989501e-01 -6.191894e+00 4.714255e-01
4.999500e-01 -2.502930e-01 4.634512e-01
5.009499e-01 5.694128e+00 4.554390e-01
5.019498e-01 9.349744e+00 4.473896e-01
5.029497e-01 9.501014e+00 4.393034e-01
5.039496e-01 6.056198e+00 4.311809e-01
5.049495e-01 2.410301e-01 4.230227e-01
5.059494e-01 -5.717574e+00 4.148294e-01
5.069493e-01 -9.457397e+00 4.066014e-01
5.079492e-01 -9.616914e+00 3.983394e-01
5.089491e-01 -6.152569e+00 3.900441e-01
5.099490e-01 -3.442508e-01 3.817159e-01
5.109489e-01 5.545881e+00 3.733555e-01
5.119488e-01 9.375118e+00 3.649636e-01
5.129487e-01 9.538051e+00 3.565408e-01
5.139486e-01 6.083951e+00 3.480878e-01
5.149485e-01 2.313501e-01 3.396053e-01
5.159484e-01 -5.792970e+00 3.310938e-01
5.169483e-01 -9.513985e+00 3.225543e-01
5.179482e-01 -9.721416e+00 3.139872e-01
5.189481e-01 -6.232566e+00 3.053935e-01
5.199480e-01 -4.547093e-01 2.967738e-01
5.209479e-01 5.500653e+00 2.881288e-01
5.219478e-01 9.318779e+00 2.794593e-01
5.229477e-01 9.448377e+00 2.707661e-01
5.239476e-01 5.997401e+00 2.620499e-01
5.249475e-01 1.995667e-01 2.533116e-01
5.259474e-01 -5.716629e+00 2.445519e-01
5.269473e-01 -9.621430e+00 2.357717e-01
5.279472e-01 -9.746190e+00 2.269716e-01
5.289471e-01 -6.332241e+00 2.181526e-01
5.299470e-01 -5.315797e-01 2.093155e-01
5.309469e-01 5.419711e+00 2.004611e-01
5.319468e-01 9.219165e+00 1.915902e-01
5.329467e-01 9.404898e+00 1.827036e-01
5.339466e-01 5.852601e+00 1.738023e-01
5.349465e-01 1.775775e-01 1.648870e-01
5.359464e-01 -5.804685e+00 1.559586e-01
5.369463e-01 -9.656994e+00 1.470179e-01
5.379462e-01 -9.927215e+00 1.380658e-01
5.389461e-01 -6.441415e+00 1.291032e-01
5.399460e-01 -6.250170e-01 1.201309e-01
5.409459e-01 5.448096e+00 1.111497e-01
5.419458e-01 9.119276e+00 1.021606e-01
5.429457e-01 9.317683e+00 9.316434e-02
5.439456e-01 5.971226e+00 8.416181e-02
5.449455e-01 -1.564845e-02 7.515384e-02
5.459454e-01 -5.839457e+00 6.614131e-02
5.469453e-01 -9.655462e+00 5.712504e-02
5.479452e-01 -9.924202e+00 4.810588e-02
5.489451e-01 -6.462635e+00 3.908466e-02
5.499450e-01 -6.089859e-01 3.006223e-02
5.509449e-01 5.164847e+00 2.103940e-02
5.519448e-01 9.068415e+00 1.201700e-02
5.529447e-01 9.292643e+00 2.995834e-03
5.539446e-01 5.767601e+00 -6.023282e-03
5.549445e-01 3.076427e-02 -1.503955e-02
5.559444e-01 -5.917401e+00 -2.405219e-02
5.569443e-01 -9.779822e+00 -3.306041e-02
5.579442e-01 -9.918554e+00 -4.206343e-02
5.589441e-01 -6.520417e+00 -5.106051e-02
5.599440e-01 -7.445272e-01 -6.005087e-02
5.609439e-01 5.254430e+00 -6.903379e-02
5.619438e-01 8.912008e+00 -7.800854e-02
5.629437e-01 9.280779e+00 -8.697438e-02
5.639436e-01 5.893387e+00 -9.593062e-02
5.649435e-01 -5.775732e-02 -1.048766e-01
5.659434e-01 -5.952009e+00 -1.138115e-01
5.669433e-01 -9.809466e+00 -1.227348e-01
5.679432e-01 -1.002040e+01 -1.316458e-01
5.689431e-01 -6.635760e+00 -1.405439e-01
5.699430e-01 -6.856049e-01 -1.494284e-01
5.709429e-01 5.224727e+00 -1.582987e-01
5.719428e-01 8.945874e+00 -1.671542e-01
5.729427e-01 9.157896e+00 -1.759944e-01
5.739426e-01 5.684037e+00 -1.848186e-01
5.749425e-01 -1.032592e-01 -1.936264e-01
5.759424e-01 -6.042900e+00 -2.024171e-01
5.769423e-01 -9.791199e+00 -2.111904e-01
5.779422e-01 -1.003538e+01 -2.199455e-01
5.789421e-01 -6.627010e+00 -2.286822e-01
5.799420e-01 -8.604688e-01 -2.373999e-01
5.809419e-01 5.150526e+00 -2.460981e-01
5.819418e-01 8.952447e+00 -2.547765e-01
5.829417e-01 9.055209e+00 -2.634345e-01
5.839416e-01 5.644030e+00 -2.720719e-01
5.849415e-01 -1.727954e-01 -2.806882e-01
5.859414e-01 -6.221633e+00 -2.892830e-01
5.869413e-01 -9.917223e+00 -2.978561e-01
5.879412e-01 -1.010358e+01 -3.064070e-01
5.889411e-01 -6.716195e+00 -3.149354e-01
5.899410e-01 -1.003002e+00 -3.234412e-01
5.909409e-01 5.075730e+00 -3.319239e-01
5.919408e-01 8.841929e+00 -3.403834e-01
5.929407e-01 9.159268e+00 -3.488193e-01
5.939406e-01 5.597946e+00 -3.572314e-01
5.949405e-01 -1.666080e-01 -3.656196e-01
5.959404e-01 -6.169950e+00 -3.739837e-01
5.969403e-01 -9.951108e+00 -3.823234e-01
5.979402e-01 -1.018724e+01 -3.906386e-01
5.989401e-01 -6.704619e+00 -3.989292e-01
5.999400e-01 -9.916513e-01 -4.071950e-01
6.009399e-01 5.033291e+00 -4.154360e-01
6.019398e-01 8.822641e+00 -4.236519e-01
6.029397e-01 8.994282e+00 -4.318429e-01
6.039396e-01 5.569536e+00 -4.400087e-01
6.049395e-01 -1.827562e-01 -4.481493e-01
6.059394e-01 -6.255397e+00 -4.562648e-01
6.069393e-01 -1.000433e+01 -4.643551e-01
6.079392e-01 -1.023259e+01 -4.724202e-01
6.089391e-01 -6.777246e+00 -4.804601e-01
6.099390e-01 -1.069407e+00 -4.884748e-01
6.109389e-01 4.898888e+00 -4.964645e-01
6.119388e-01 8.677130e+00 -5.044290e-01
6.129387e-01 8.990957e+00 -5.123687e-01
6.139386e-01 5.501917e+00 -5.202834e-01
6.149385e-01 -2.822274e-01 -5.281733e-01
6.159384e-01 -6.233260e+00 -5.360385e-01
6.169383e-01 -1.018455e+01 -5.438792e-01
6.179382e-01 -1.024689e+01 -5.516955e-01
6.189381e-01 -6.864755e+00 -5.594876e-01
6.199380e-01 -1.085085e+00 -5.672555e-01
6.209379e-01 4.826541e+00 -5.749995e-01
6.219378e-01 8.717544e+00 -5.827198e-01
6.229377e-01 8.860363e+00 -5.904166e-01
6.239376e-01 5.557725e+00 -5.980900e-01
6.249375e-01 -2.861376e-01 -6.057404e-01
6.259374e-01 -6.240760e+00 -6.133679e-01
6.269373e-01 -1.014311e+01 -6.209728e-01
6.279372e-01 -1.030125e+01 -6.285553e-01
6.289371e-01 -6.912418e+00 -6.361157e-01
6.299370e-01 -1.093368e+00 -6.436544e-01
6.309369e-01 4.834617e+00 -6.511714e-01
6.319368e-01 8.608412e+00 -6.586673e-01
6.329367e-01 8.840008e+00 -6.661422e-01
6.339366e-01 5.465441e+00 -6.735964e-01
6.349365e-01 -3.717240e-01 -6.810304e-01
6.359364e-01 -6.343207e+00 -6.884443e-01
6.369363e-01 -1.011917e+01 -6.958386e-01
6.379362e-01 -1.040697e+01 -7.032136e-01
6.389361e-01 -6.976393e+00 -7.105697e-01
6.399360e-01 -1.166292e+00 -7.179071e-01
6.409359e-01 4.677256e+00 -7.252263e-01
6.419358e-01 8.545953e+00 -7.325277e-01
6.429357e-01 8.839005e+00 -7.398116e-01
6.439356e-01 5.412094e+00 -7.470783e-01
6.449355e-01 -3.996485e-01 -7.543284e-01
6.459354e-01 -6.261057e+00 -7.615621e-01
6.469353e-01 -1.010016e+01 -7.687800e-01
6.479352e-01 -1.035848e+01 -7.759823e-01
6.489351e-01 -7.021881e+00 -7.831695e-01
6.499350e-01 -1.136427e+00 -7.903420e-01
6.509349e-01 4.744089e+00 -7.975003e-01
6.519348e-01 8.601657e+00 -8.046448e-01
6.529347e-01 8.852398e+00 -8.117758e-01
6.539346e-01 5.461105e+00 -8.188939e-01
6.549345e-01 -4.430165e-01 -8.259995e-01
6.559344e-01 -6.300400e+00 -8.330929e-01
6.569343e-01 -1.019843e+01 -8.401747e-01
6.579342e-01 -1.059087e+01 -8.472453e-01
6.589341e-01 -7.027051e+00 -8.543052e-01
6.599340e-01 -1.244579e+00 -8.613547e-01
6.609339e-01 4.758547e+00 -8.683944e-01
6.619338e-01 8.497857e+00 -8.754247e-01
6.629337e-01 8.792316e+00 -8.824461e-01
6.639336e-01 5.308199e+00 -8.894591e-01
6.649335e-01 -4.193699e-01 -8.964640e-01
6.659334e-01 -6.357196e+00 -9.034614e-01
6.669333e-01 -1.023838e+01 -9.104517e-01
6.679332e-01 -1.040846e+01 -9.174354e-01
6.689331e-01 -7.034420e+00 -9.244130e-01
6.699330e-01 -1.311872e+00 -9.313849e-01
6.709329e-01 4.680849e+00 -9.383516e-01
6.719328e-01 8.409204e+00 -9.453136e-01
6.729327e-01 8.657896e+00 -9.522713e-01
6.739326e-01 5.380054e+00 -9.592253e-01
6.749325e-01 -4.272164e-01 -9.661759e-01
6.759324e-01 -6.362334e+00 -9.731237e-01
6.769323e-01 -1.028364e+01 -9.800691e-01
6.779322e-01 -1.058203e+01 -9.870126e-01
6.789321e-01 -7.069094e+00 -9.939546e-01
6.799320e-01 -1.276220e+00 -1.000896e+00
6.809319e-01 4.619354e+00 -1.007836e+00
6.819318e-01 8.391959e+00 -1.014777e+00
6.829317e-01 8.701343e+00 -1.021718e+00
6.839316e-01 5.427613e+00 -1.028660e+00
6.849315e-01 -4.834667e-01 -1.035603e+00
6.859314e-01 -6.428064e+00 -1.042548e+00
6.869313e-01 -1.029162e+01 -1.049495e+00
6.879312e-01 -1.053050e+01 -1.056445e+00
6.889311e-01 -7.123344e+00 -1.063398e+00
6.899310e-01 -1.370346e+00 -1.070355e+00
6.909309e-01 4.571600e+00 -1.077315e+00
6.919308e-01 8.433166e+00 -1.084280e+00
6.929307e-01 8.629273e+00 -1.091251e+00
6.939306e-01 5.252727e+00 -1.098226e+00
6.949305e-01 -5.732159e-01 -1.105207e+00
6.959304e-01 -6.448589e+00 -1.112195e+00
6.969303e-01 -1.029837e+01 -1.119189e+00
6.979302e-01 -1.053621e+01 -1.126190e+00
6.989301e-01 -7.264436e+00 -1.133199e+00
6.999300e-01 -1.375921e+00 -1.140216e+00
7.009299e-01 4.696221e+00 -1.147241e+00
7.019298e-01 8.402553e+00 -1.154274e+00
7.029297e-01 8.547532e+00 -1.161317e+00
7.039296e-01 5.219088e+00 -1.168369e+00
7.049295e-01 -5.670637e-01 -1.175431e+00
7.059294e-01 -6.391411e+00 -1.182503e+00
7.069293e-01 -1.034094e+01 -1.189586e+00
7.079292e-01 -1.054411e+01 -1.196680e+00
7.089291e-01 -7.130535e+00 -1.203786e+00
7.099290e-01 -1.317131e+00 -1.210903e+00
7.109289e-01 4.541237e+00 -1.218032e+00
7.119288e-01 8.376502e+00 -1.225173e+00
7.129287e-01 8.663015e+00 -1.232327e+00
7.139286e-01 5.235122e+00 -1.239495e+00
7.149285e-01 -5.059254e-01 -1.246675e+00
7.159284e-01 -6.599499e+00 -1.253870e+00
7.169283e-01 -1.030361e+01 -1.261078e+00
7.179282e-01 -1.063690e+01 -1.268301e+00
7.189281e-01 -7.255773e+00 -1.275538e+00
7.199280e-01 -1.381240e+00 -1.282791e+00
7.209279e-01 4.638491e+00 -1.290058e+00
7.219278e-01 8.386631e+00 -1.297341e+00
7.229277e-01 8.658305e+00 -1.304639e+00
7.239276e-01 5.317895e+00 -1.311954e+00
7.249275e-01 -4.517870e-01 -1.319285e+00
7.259274e-01 -6.440923e+00 -1.326632e+00
7.269273e-01 -1.042772e+01 -1.333995e+00
7.279272e-01 -1.060336e+01 -1.341376e+00
7.289271e-01 -7.250904e+00 -1.348773e+00
7.299270e-01 -1.389357e+00 -1.356188e+00
7.309269e-01 4.543030e+00 -1.363620e+00
7.319268e-01 8.272975e+00 -1.371070e+00
7.329267e-01 8.602386e+00 -1.378537e+00
7.339266e-01 5.176980e+00 -1.386022e+00
7.349265e-01 -4.565772e-01 -1.393525e+00
7.359264e-01 -6.404439e+00 -1.401046e+00
7.369263e-01 -1.037333e+01 -1.408586e+00
7.379262e-01 -1.066603e+01 -1.416143e+00
7.389261e-01 -7.292710e+00 -1.423720e+00
7.399260e-01 -1.485136e+00 -1.431314e+00
7.409259e-01 4.554022e+00 -1.438927e+00
7.419258e-01 8.291935e+00 -1.446559e+00
7.429257e-01 8.682135e+00 -1.454209e+00
7.439256e-01 5.177520e+00 -1.461878e+00
7.449255e-01 -5.424398e-01 -1.469565e+00
7.459254e-01 -6.539629e+00 -1.477271e+00
7.469253e-01 -1.037201e+01 -1.484996e+00
7.479252e-01 -1.066320e+01 -1.492739e+00
7.489251e-01 -7.216751e+00 -1.500500e+00
7.499250e-01 -1.477848e+00 -1.508280e+00
7.509249e-01 4.490592e+00 -1.516078e+00
7.519248e-01 8.395749e+00 -1.523895e+00
7.529247e-01 8.749401e+00 -1.531729e+00
7.539246e-01 5.249326e+00 -1.539582e+00
7.549245e-01 -5.433574e-01 -1.547452e+00
7.559244e-01 -6.478579e+00 -1.555340e+00
7.569243e-01 -1.033226e+01 -1.563245e+00
7.579242e-01 -1.061274e+01 -1.571168e+00
7.589241e-01 -7.300354e+00 -1.579108e+00
7.599240e-01 -1.398395e+00 -1.587064e+00
7.609239e-01 4.471236e+00 -1.595037e+00
7.619238e-01 8.314643e+00 -1.603027e+00
7.629237e-01 8.642824e+00 -1.611032e+00
7.639236e-01 5.321521e+00 -1.619053e+00
7.649235e-01 -5.814721e-01 -1.627090e+00
7.659234e-01 -6.553161e+00 -1.635142e+00
7.669233e-01 -1.027529e+01 -1.643208e+00
7.679232e-01 -1.070976e+01 -1.651289e+00
7.689231e-01 -7.313903e+00 -1.659384e+00
7.699230e-01 -1.471423e+00 -1.667493e+00
7.709229e-01 4.479108e+00 -1.675614e+00
7.719228e-01 8.426719e+00 -1.683749e+00
7.729227e-01 8.725861e+00 -1.691895e+00
7.739226e-01 5.176836e+00 -1.700054e+00
7.749225e-01 -4.879685e-01 -1.708223e+00
7.759224e-01 -6.401682e+00 -1.716404e+00
7.769223e-01 -1.036042e+01 -1.724595e+00
7.779222e-01 -1.054562e+01 -1.732795e+00
7.789221e-01 -7.242575e+00 -1.741005e+00
7.799220e-01 -1.533223e+00 -1.749223e+00
7.809219e-01 4.525131e+00 -1.757449e+00
7.819218e-01 8.296230e+00 -1.765682e+00
7.829217e-01 8.604744e+00 -1.773922e+00
7.839216e-01 5.301433e+00 -1.782169e+00
7.849215e-01 -4.546479e-01 -1.790420e+00
7.859214e-01 -6.381054e+00 -1.798676e+00
7.869213e-01 -1.036201e+01 -1.806937e+00
7.879212e-01 -1.070394e+01 -1.815200e+00
7.889211e-01 -7.242792e+00 -1.823466e+00
7.899210e-01 -1.506830e+00 -1.831734e+00
7.909209e-01 4.403391e+00 -1.840003e+00
7.919208e-01 8.398409e+00 -1.848271e+00
7.929207e-01 8.620466e+00 -1.856540e+00
7.939206e-01 5.378025e+00 -1.864807e+00
7.949205e-01 -4.317096e-01 -1.873071e+00
7.959204e-01 -6.489998e+00 -1.881333e+00
7.969203e-01 -1.031797e+01 -1.889590e+00
7.979202e-01 -1.055663e+01 -1.897843e+00
7.989201e-01 -7.240812e+00 -1.906089e+00
7.999200e-01 -1.401120e+00 -1.914329e+00
8.009199e-01 4.578628e+00 -1.922562e+00
8.019198e-01 8.396719e+00 -1.930786e+00
8.029197e-01 8.698605e+00 -1.939000e+00
8.039196e-01 5.386540e+00 -1.947204e+00
8.049195e-01 -4.405862e-01 -1.955397e+00
8.059194e-01 -6.465222e+00 -1.963577e+00
8.069193e-01 -1.029071e+01 -1.971744e+00
8.079192e-01 -1.061273e+01 -1.979896e+00
8.089191e-01 -7.192003e+00 -1.988033e+00
8.099190e-01 -1.406324e+00 -1.996153e+00
8.109189e-01 4.631667e+00 -2.004256e+00
8.119188e-01 8.464251e+00 -2.012340e+00
8.129187e-01 8.710346e+00 -2.020405e+00
8.139186e-01 5.379527e+00 -2.028449e+00
8.149185e-01 -4.262175e-01 -2.036472e+00
8.159184e-01 -6.439015e+00 -2.044471e+00
8.169183e-01 -1.026626e+01 -2.052447e+00
8.179182e-01 -1.067670e+01 -2.060398e+00
8.189181e-01 -7.187765e+00 -2.068323e+00
8.199180e-01 -1.490990e+00 -2.076221e+00
8.209179e-01 4.568419e+00 -2.084090e+00
8.219178e-01 8.427638e+00 -2.091931e+00
8.229177e-01 8.787443e+00 -2.099740e+00
8.239176e-01 5.460214e+00 -2.107519e+00
8.249175e-01 -3.828192e-01 -2.115265e+00
8.259174e-01 -6.329955e+00 -2.122977e+00
8.269173e-01 -1.017864e+01 -2.130654e+00
8.279172e-01 -1.051443e+01 -2.138295e+00
8.289171e-01 -7.141339e+00 -2.145900e+00
8.299170e-01 -1.385392e+00 -2.153466e+00
8.309169e-01 4.582568e+00 -2.160993e+00
8.319168e-01 8.549024e+00 -2.168480e+00
8.329167e-01 8.745185e+00 -2.175926e+00
8.339166e-01 5.504134e+00 -2.183329e+00
8.349165e-01 -3.404463e-01 -2.190689e+00
8.359164e-01 -6.231124e+00 -2.198004e+00
8.369163e-01 -1.023761e+01 -2.205274e+00
8.379162e-01 -1.051861e+01 -2.212497e+00
8.389161e-01 -7.152938e+00 -2.219672e+00
8.399160e-01 -1.392957e+00 -2.226798e+00
8.409159e-01 4.594247e+00 -2.233875e+00
8.419158e-01 8.495953e+00 -2.240901e+00
8.429157e-01 8.754235e+00 -2.247875e+00
8.439156e-01 5.484875e+00 -2.254796e+00
8.449155e-01 -2.474333e-01 -2.261664e+00
8.459154e-01 -6.255044e+00 -2.268477e+00
8.469153e-01 -1.019642e+01 -2.275234e+00
8.479152e-01 -1.043103e+01 -2.281934e+00
8.489151e-01 -7.068292e+00 -2.288577e+00
8.499150e-01 -1.361864e+00 -2.295161e+00
8.509149e-01 4.635291e+00 -2.301686e+00
8.519148e-01 8.530866e+00 -2.308151e+00
8.529147e-01 8.888540e+00 -2.314554e+00
8.539146e-01 5.468086e+00 -2.320895e+00
8.549145e-01 -1.632471e-01 -2.327174e+00
8.559144e-01 -6.206079e+00 -2.333388e+00
8.569143e-01 -1.013898e+01 -2.339538e+00
8.579142e-01 -1.042631e+01 -2.345623e+00
8.589141e-01 -7.084209e+00 -2.351642e+00
8.599140e-01 -1.250555e+00 -2.357593e+00
8.609139e-01 4.719867e+00 -2.363477e+00
8.619138e-01 8.617843e+00 -2.369293e+00
8.629137e-01 8.942052e+00 -2.375040e+00
8.639136e-01 5.607404e+00 -2.380716e+00
8.649135e-01 -2.613044e-01 -2.386322e+00
8.659134e-01 -6.250771e+00 -2.391858e+00
8.669133e-01 -1.005983e+01 -2.397321e+00
8.679132e-01 -1.044246e+01 -2.402712e+00
8.689131e-01 -7.014055e+00 -2.408030e+00
8.699130e-01 -1.243379e+00 -2.413274e+00
8.709129e-01 4.693058e+00 -2.418444e+00
8.719128e-01 8.643254e+00 -2.423540e+00
8.729127e-01 8.902103e+00 -2.428560e+00
8.739126e-01 5.603070e+00 -2.433505e+00
8.749125e-01 -1.361104e-01 -2.438373e+00
8.759124e-01 -6.148233e+00 -2.443165e+00
8.769123e-01 -1.002296e+01 -2.447879e+00
8.779122e-01 -1.038578e+01 -2.452516e+00
8.789121e-01 -7.008605e+00 -2.457075e+00
8.799120e-01 -1.243980e+00 -2.461555e+00
8.809119e-01 4.715985e+00 -2.465957e+00
8.819118e-01 8.695268e+00 -2.470280e+00
8.829117e-01 9.016260e+00 -2.474523e+00
8.839116e-01 5.682325e+00 -2.478686e+00
8.849115e-01 -1.375903e-01 -2.482770e+00
8.859114e-01 -6.172117e+00 -2.486773e+00
8.869113e-01 -9.971949e+00 -2.490695e+00
8.879112e-01 -1.024278e+01 -2.494537e+00
8.889111e-01 -6.987418e+00 -2.498297e+00
8.899110e-01 -1.247641e+00 -2.501976e+00
8.909109e-01 4.807660e+00 -2.505574e+00
8.919108e-01 8.671358e+00 -2.509089e+00
8.929107e-01 9.065298e+00 -2.512523e+00
8.939106e-01 5.665201e+00 -2.515875e+00
8.949105e-01 -3.508664e-02 -2.519145e+00
8.959104e-01 -6.045675e+00 -2.522333e+00
8.969103e-01 -1.006078e+01 -2.525438e+00
8.979102e-01 -1.035888e+01 -2.528461e+00
8.989101e-01 -6.848964e+00 -2.531402e+00
8.999100e-01 -1.176548e+00 -2.534259e+00
9.009099e-01 4.752786e+00 -2.537035e+00
9.019098e-01 8.791858e+00 -2.539727e+00
9.029097e-01 9.096168e+00 -2.542337e+00
9.039096e-01 5.780183e+00 -2.544865e+00
9.049095e-01 -3.924267e-02 -2.547310e+00
9.059094e-01 -5.898689e+00 -2.549672e+00
9.069093e-01 -9.849188e+00 -2.551952e+00
9.079092e-01 -1.020079e+01 -2.554149e+00
9.089091e-01 -6.837537e+00 -2.556264e+00
9.099090e-01 -1.173886e+00 -2.558297e+00
9.109089e-01 4.875979e+00 -2.560248e+00
9.119088e-01 8.687264e+00 -2.562116e+00
9.129087e-01 9.206971e+00 -2.563902e+00
9.139086e-01 5.745721e+00 -2.565607e+00
9.149085e-01 7.374921e-02 -2.567230e+00
9.159084e-01 -5.911052e+00 -2.568771e+00
9.169083e-01 -9.820124e+00 -2.570231e+00
9.179082e-01 -1.017819e+01 -2.571609e+00
9.189081e-01 -6.912748e+00 -2.572907e+00
9.199080e-01 -1.108303e+00 -2.574124e+00
9.209079e-01 4.866964e+00 -2.575259e+00
9.219078e-01 8.862142e+00 -2.576315e+00
9.229077e-01 9.174893e+00 -2.577290e+00
9.239076e-01 5.859671e+00 -2.578185e+00
9.249075e-01 1.674243e-01 -2.579000e+00
9.259074e-01 -5.807829e+00 -2.579736e+00
9.269073e-01 -9.804262e+00 -2.580392e+00
9.279072e-01 -1.008567e+01 -2.580969e+00
9.289071e-01 -6.839774e+00 -2.581468e+00
9.299070e-01 -1.012055e+00 -2.581887e+00
9.309069e-01 4.950982e+00 -2.582229e+00
9.319068e-01 8.933824e+00 -2.582492e+00
9.329067e-01 9.324449e+00 -2.582677e+00
9.339066e-01 5.974834e+00 -2.582785e+00
9.349065e-01 1.488599e-01 -2.582816e+00
9.359064e-01 -5.879523e+00 -2.582770e+00
9.369063e-01 -9.648748e+00 -2.582647e+00
9.379062e-01 -1.003199e+01 -2.582448e+00
9.389061e-01 -6.713316e+00 -2.582172e+00
9.399060e-01 -9.488318e-01 -2.581821e+00
9.409059e-01 5.075984e+00 -2.581395e+00
9.419058e-01 8.975021e+00 -2.580893e+00
9.429057e-01 9.276981e+00 -2.580317e+00
9.439056e-01 6.018871e+00 -2.579666e+00
9.449055e-01 2.750227e-01 -2.578941e+00
9.459054e-01 -5.683738e+00 -2.578142e+00
9.469053e-01 -9.637835e+00 -2.577269e+00
9.479052e-01 -1.002782e+01 -2.576323e+00
9.489051e-01 -6.676140e+00 -2.575305e+00
9.499050e-01 -8.889399e-01 -2.574214e+00
9.509049e-01 5.110254e+00 -2.573050e+00
9.519048e-01 9.033026e+00 -2.571815e+00
9.529047e-01 9.420590e+00 -2.570508e+00
9.539046e-01 6.065826e+00 -2.569130e+00
9.549045e-01 3.005838e-01 -2.567681e+00
9.559044e-01 -5.705447e+00 -2.566162e+00
9.569043e-01 -9.589886e+00 -2.564572e+00
9.579042e-01 -9.991916e+00 -2.562912e+00
9.589041e-01 -6.577835e+00 -2.561183e+00
9.599040e-01 -8.838220e-01 -2.559385e+00
9.609039e-01 5.103480e+00 -2.557518e+00
9.619038e-01 9.050739e+00 -2.555582e+00
9.629037e-01 9.421829e+00 -2.553578e+00
9.639036e-01 6.094078e+00 -2.551506e+00
9.649035e-01 4.586858e-01 -2.549367e+00
9.659034e-01 -5.589899e+00 -2.547160e+00
9.669033e-01 -9.532927e+00 -2.544887e+00
9.679032e-01 -9.851353e+00 -2.542547e+00
9.689031e-01 -6.448754e+00 -2.540141e+00
9.699030e-01 -8.494145e-01 -2.537669e+00
9.709029e-01 5.172610e+00 -2.535131e+00
9.719028e-01 9.134166e+00 -2.532528e+00
9.729027e-01 9.533596e+00 -2.529860e+00
9.739026e-01 6.178314e+00 -2.527128e+00
9.749025e-01 4.585716e-01 -2.524331e+00
9.759024e-01 -5.524850e+00 -2.521471e+00
9.769023e-01 -9.376798e+00 -2.518547e+00
9.779022e-01 -9.779924e+00 -2.515559e+00
9.789021e-01 -6.478815e+00 -2.512509e+00
9.799020e-01 -6.729647e-01 -2.509395e+00
9.809019e-01 5.295977e+00 -2.506220e+00
9.819018e-01 9.167980e+00 -2.502982e+00
9.829017e-01 9.637413e+00 -2.499682e+00
9.839016e-01 6.299206e+00 -2.496322e+00
9.849015e-01 5.829340e-01 -2.492899e+00
9.859014e-01 -5.485592e+00 -2.489416e+00
9.869013e-01 -9.331401e+00 -2.485873e+00
9.879012e-01 -9.735188e+00 -2.482269e+00
9.889011e-01 -6.438686e+00 -2.478605e+00
9.899010e-01 -7.326759e-01 -2.474881e+00
9.909009e-01 5.320960e+00 -2.471098e+00
9.919008e-01 9.338739e+00 -2.467256e+00
9.929007e-01 9.624424e+00 -2.463355e+00
9.939006e-01 6.276948e+00 -2.459396e+00
9.949005e-01 6.219416e-01 -2.455378e+00
9.959004e-01 -5.298786e+00 -2.451302e+00
9.969003e-01 -9.364101e+00 -2.447168e+00
9.979002e-01 -9.645881e+00 -2.442977e+00
9.989001e-01 -6.468110e+00 -2.438728e+00
9.999000e-01 -6.848964e-01 -2.434423e+00
1.000900e+00 5.345631e+00 -2.430060e+00
1.001900e+00 9.274377e+00 -2.425642e+00
1.002900e+00 9.736967e+00 -2.421167e+00
1.003900e+00 6.420779e+00 -2.416636e+00
1.004900e+00 7.253857e-01 -2.412049e+00
1.005899e+00 -5.308814e+00 -2.407407e+00
1.006899e+00 -9.229747e+00 -2.402709e+00
1.007899e+00 -9.571227e+00 -2.397957e+00
1.008899e+00 -6.335131e+00 -2.393149e+00
1.009899e+00 -5.805185e-01 -2.388288e+00
1.010899e+00 5.432965e+00 -2.383371e+00
1.011899e+00 9.322924e+00 -2.378401e+00
1.012899e+00 9.772499e+00 -2.373377e+00
1.013899e+00 6.454439e+00 -2.368299e+00
1.014899e+00 7.082897e-01 -2.363168e+00
1.015898e+00 -5.204575e+00 -2.357983e+00
1.016898e+00 -9.166109e+00 -2.352746e+00
1.017898e+00 -9.652095e+00 -2.347455e+00
1.018898e+00 -6.233626e+00 -2.342112e+00
1.019898e+00 -4.699934e-01 -2.336717e+00
1.020898e+00 5.532958e+00 -2.331269e+00
1.021898e+00 9.439194e+00 -2.325770e+00
1.022898e+00 9.835492e+00 -2.320218e+00
1.023898e+00 6.433810e+00 -2.314615e+00
1.024898e+00 7.613731e-01 -2.308960e+00
1.025897e+00 -5.277515e+00 -2.303254e+00
1.026897e+00 -9.084314e+00 -2.297497e+00
1.027897e+00 -9.485727e+00 -2.291689e+00
1.028897e+00 -6.160284e+00 -2.285831e+00
1.029897e+00 -5.401968e-01 -2.279922e+00
1.030897e+00 5.557267e+00 -2.273962e+00
1.031897e+00 9.467064e+00 -2.267952e+00
1.032897e+00 9.905683e+00 -2.261892e+00
1.033897e+00 6.613145e+00 -2.255782e+00
1.034897e+00 8.974579e-01 -2.249622e+00
1.035896e+00 -5.124751e+00 -2.243413e+00
1.036896e+00 -9.072192e+00 -2.237154e+00
1.037896e+00 -9.461531e+00 -2.230846e+00
1.038896e+00 -6.157371e+00 -2.224489e+00
1.039896e+00 -3.260253e-01 -2.218083e+00
1.040896e+00 5.579449e+00 -2.211628e+00
1.041896e+00 9.443236e+00 -2.205124e+00
1.042896e+00 9.932487e+00 -2.198572e+00
1.043896e+00 6.666700e+00 -2.191971e+00
1.044896e+00 8.823835e-01 -2.185322e+00
1.045895e+00 -5.097961e+00 -2.178625e+00
1.046895e+00 -8.960742e+00 -2.171880e+00
1.047895e+00 -9.366328e+00 -2.165087e+00
1.048895e+00 -6.084394e+00 -2.158246e+00
1.049895e+00 -4.333057e-01 -2.151357e+00
1.050895e+00 5.687707e+00 -2.144421e+00
1.051895e+00 9.583256e+00 -2.137437e+00
1.052895e+00 1.007087e+01 -2.130406e+00
1.053895e+00 6.800110e+00 -2.123328e+00
1.054895e+00 9.778897e-01 -2.116203e+00
1.055894e+00 -4.994445e+00 -2.109030e+00
1.056894e+00 -9.004448e+00 -2.101811e+00
1.057894e+00 -9.415652e+00 -2.094545e+00
1.058894e+00 -6.047487e+00 -2.087233e+00
1.059894e+00 -3.306071e-01 -2.079874e+00
1.060894e+00 5.777500e+00 -2.072468e+00
1.061894e+00 9.556735e+00 -2.065016e+00
1.062894e+00 1.015998e+01 -2.057518e+00
1.063894e+00 6.775902e+00 -2.049974e+00
1.064894e+00 9.953145e-01 -2.042383e+00
1.065893e+00 -4.883260e+00 -2.034747e+00
1.066893e+00 -8.860408e+00 -2.027064e+00
1.067893e+00 -9.342077e+00 -2.019336e+00
1.068893e+00 -5.930696e+00 -2.011562e+00
1.069893e+00 -2.850262e-01 -2.003743e+00
1.070893e+00 5.739449e+00 -1.995878e+00
1.071893e+00 9.732561e+00 -1.987967e+00
1.072893e+00 1.016554e+01 -1.980011e+00
1.073893e+00 6.792938e+00 -1.972010e+00
1.074893e+00 1.155205e+00 -1.963964e+00
1.075892e+00 -4.848666e+00 -1.955872e+00
1.076892e+00 -8.851436e+00 -1.947735e+00
1.077892e+00 -9.221639e+00 -1.939554e+00
1.078892e+00 -5.973636e+00 -1.931327e+00
1.079892e+00 -1.964765e-01 -1.923056e+00
1.080892e+00 5.765120e+00 -1.914740e+00
1.081892e+00 9.777156e+00 -1.906379e+00
1.082892e+00 1.022897e+01 -1.897973e+00
1.083892e+00 6.893405e+00 -1.889523e+00
1.084892e+00 1.241592e+00 -1.881029e+00
1.085891e+00 -4.850072e+00 -1.872489e+00
1.086891e+00 -8.779451e+00 -1.863906e+00
1.087891e+00 -9.139862e+00 -1.855278e+00
1.088891e+00 -5.914794e+00 -1.846606e+00
1.089891e+00 -1.391254e-01 -1.837890e+00
1.090891e+00 5.937634e+00 -1.829130e+00
1.091891e+00 9.869957e+00 -1.820326e+00
1.092891e+00 1.027849e+01 -1.811477e+00
1.093891e+00 6.938868e+00 -1.802585e+00
1.094891e+00 1.319768e+00 -1.793649e+00
1.095890e+00 -4.681508e+00 -1.784669e+00
1.096890e+00 -8.654790e+00 -1.775646e+00
1.097890e+00 -9.092655e+00 -1.766578e+00
1.098890e+00 -5.849228e+00 -1.757467e+00
1.099890e+00 -9.847430e-02 -1.748313e+00
1.100890e+00 6.013436e+00 -1.739115e+00
1.101890e+00 9.879706e+00 -1.729873e+00
1.102890e+00 1.027579e+01 -1.720588e+00
1.103890e+00 6.995443e+00 -1.711260e+00
1.104890e+00 1.224776e+00 -1.701888e+00
1.105889e+00 -4.666139e+00 -1.692473e+00
1.106889e+00 -8.645876e+00 -1.683015e+00
1.107889e+00 -9.069888e+00 -1.673514e+00
1.108889e+00 -5.741579e+00 -1.663969e+00
1.109889e+00 -3.381361e-02 -1.654382e+00
1.110889e+00 5.923777e+00 -1.644752e+00
1.111889e+00 1.001093e+01 -1.635079e+00
1.112889e+00 1.042952e+01 -1.625362e+00
1.113889e+00 7.054285e+00 -1.615603e+00
1.114889e+00 1.479674e+00 -1.605802e+00
1.115888e+00 -4.691942e+00 -1.595957e+00
1.116888e+00 -8.601827e+00 -1.586070e+00
1.117888e+00 -8.984734e+00 -1.576140e+00
1.118888e+00 -5.748359e+00 -1.566168e+00
1.119888e+00 -2.159963e-02 -1.556153e+00
1.120888e+00 6.004347e+00 -1.546096e+00
1.121888e+00 9.973181e+00 -1.535996e+00
1.122888e+00 1.047458e+01 -1.525854e+00
1.123888e+00 7.161802e+00 -1.515670e+00
1.124888e+00 1.478025e+00 -1.505443e+00
1.125887e+00 -4.650596e+00 -1.495174e+00
1.126887e+00 -8.500568e+00 -1.484863e+00
1.127887e+00 -8.885719e+00 -1.474510e+00
1.128887e+00 -5.683960e+00 -1.464115e+00
1.129887e+00 -2.379205e-02 -1.453678e+00
1.130887e+00 6.010962e+00 -1.443199e+00
1.131887e+00 1.006049e+01 -1.432678e+00
1.132887e+00 1.039548e+01 -1.422115e+00
1.133887e+00 7.159580e+00 -1.411511e+00
1.134887e+00 1.476330e+00 -1.400864e+00
1.135886e+00 -4.487728e+00 -1.390176e+00
1.136886e+00 -8.482577e+00 -1.379447e+00
1.137886e+00 -8.909460e+00 -1.368676e+00
1.138886e+00 -5.716447e+00 -1.357863e+00
1.139886e+00 1.095380e-01 -1.347009e+00
1.140886e+00 6.064574e+00 -1.336113e+00
1.141886e+00 1.007887e+01 -1.325177e+00
1.142886e+00 1.041843e+01 -1.314198e+00
1.143886e+00 7.228113e+00 -1.303179e+00
1.144886e+00 1.501291e+00 -1.292119e+00
1.145885e+00 -4.538974e+00 -1.281017e+00
1.146885e+00 -8.518436e+00 -1.269874e+00
1.147885e+00 -8.910204e+00 -1.258690e+00
1.148885e+00 -5.643052e+00 -1.247466e+00
1.149885e+00 2.350443e-02 -1.236200e+00
1.150885e+00 6.173148e+00 -1.224894e+00
1.151885e+00 1.004329e+01 -1.213546e+00
1.152885e+00 1.045116e+01 -1.202159e+00
1.153885e+00 7.289992e+00 -1.190730e+00
1.154885e+00 1.505613e+00 -1.179261e+00
1.155884e+00 -4.410162e+00 -1.167751e+00
1.156884e+00 -8.428436e+00 -1.156201e+00
1.157884e+00 -8.932332e+00 -1.144611e+00
1.158884e+00 -5.646350e+00 -1.132980e+00
1.159884e+00 2.010554e-01 -1.121309e+00
1.160884e+00 6.060586e+00 -1.109597e+00
1.161884e+00 1.008969e+01 -1.097846e+00
1.162884e+00 1.050901e+01 -1.086054e+00
1.163884e+00 7.274811e+00 -1.074223e+00
1.164884e+00 1.583520e+00 -1.062351e+00
1.165883e+00 -4.395111e+00 -1.050440e+00
1.166883e+00 -8.505699e+00 -1.038488e+00
1.167883e+00 -8.857904e+00 -1.026497e+00
1.168883e+00 -5.615827e+00 -1.014467e+00
1.169883e+00 2.604009e-01 -1.002397e+00
1.170883e+00 6.161230e+00 -9.902868e-01
1.171883e+00 1.004113e+01 -9.781376e-01
1.172883e+00 1.061275e+01 -9.659490e-01
1.173883e+00 7.336728e+00 -9.537211e-01
1.174883e+00 1.563056e+00 -9.414540e-01
1.175882e+00 -4.325833e+00 -9.291477e-01
1.176882e+00 -8.369896e+00 -9.168024e-01
1.177882e+00 -8.790244e+00 -9.044181e-01
1.178882e+00 -5.649314e+00 -8.919949e-01
1.179882e+00 1.608142e-01 -8.795328e-01
1.180882e+00 6.196224e+00 -8.670320e-01
1.181882e+00 1.014988e+01 -8.544926e-01
1.182882e+00 1.061941e+01 -8.419146e-01
1.183882e+00 7.319949e+00 -8.292981e-01
1.184882e+00 1.622110e+00 -8.166432e-01
1.185881e+00 -4.336141e+00 -8.039500e-01
1.186881e+00 -8.342187e+00 -7.912186e-01
1.187881e+00 -8.748409e+00 -7.784490e-01
1.188881e+00 -5.513091e+00 -7.656415e-01
1.189881e+00 2.254740e-01 -7.527960e-01
1.190881e+00 6.071839e+00 -7.399127e-01
1.191881e+00 1.014575e+01 -7.269917e-01
1.192881e+00 1.061451e+01 -7.140330e-01
1.193881e+00 7.371172e+00 -7.010368e-01
1.194881e+00 1.726248e+00 -6.880033e-01
1.195880e+00 -4.348967e+00 -6.749324e-01
1.196880e+00 -8.288684e+00 -6.618243e-01
1.197880e+00 -8.727446e+00 -6.486792e-01
1.198880e+00 -5.531778e+00 -6.354971e-01
1.199880e+00 2.089444e-01 -6.222782e-01
1.200880e+00 6.182887e+00 -6.090226e-01
1.201880e+00 1.015050e+01 -5.957303e-01
1.202880e+00 1.063756e+01 -5.824016e-01
1.203880e+00 7.408817e+00 -5.690366e-01
1.204880e+00 1.674908e+00 -5.556354e-01
1.205879e+00 -4.305431e+00 -5.421981e-01
1.206879e+00 -8.214815e+00 -5.287249e-01
1.207879e+00 -8.831618e+00 -5.152160e-01
1.208879e+00 -5.546973e+00 -5.016714e-01
1.209879e+00 2.531109e-01 -4.880913e-01
1.210879e+00 6.231798e+00 -4.744759e-01
1.211879e+00 1.026694e+01 -4.608253e-01
1.212879e+00 1.063326e+01 -4.471397e-01
1.213879e+00 7.369663e+00 -4.334193e-01
1.214879e+00 1.805231e+00 -4.196642e-01
1.215878e+00 -4.328009e+00 -4.058746e-01
1.216878e+00 -8.259507e+00 -3.920507e-01
1.217878e+00 -8.653023e+00 -3.781927e-01
1.218878e+00 -5.393691e+00 -3.643008e-01
1.219878e+00 2.361802e-01 -3.503751e-01
1.220878e+00 6.231154e+00 -3.364158e-01
1.221878e+00 1.026226e+01 -3.224233e-01
1.222878e+00 1.058119e+01 -3.083976e-01
1.223878e+00 7.529375e+00 -2.943389e-01
1.224878e+00 1.798441e+00 -2.802476e-01
1.225877e+00 -4.160335e+00 -2.661239e-01
1.226877e+00 -8.208469e+00 -2.519679e-01
1.227877e+00 -8.774084e+00 -2.377799e-01
1.228877e+00 -5.550853e+00 -2.235602e-01
1.229877e+00 2.510105e-01 -2.093090e-01
1.230877e+00 6.196052e+00 -1.950266e-01
1.231877e+00 1.020917e+01 -1.807133e-01
1.232877e+00 1.070202e+01 -1.663692e-01
1.233877e+00 7.436564e+00 -1.519948e-01
1.234877e+00 1.822898e+00 -1.375903e-01
1.235876e+00 -4.196593e+00 -1.231560e-01
1.236876e+00 -8.346484e+00 -1.086922e-01
1.237876e+00 -8.643061e+00 -9.419920e-02
1.238876e+00 -5.396699e+00 -7.967739e-02
1.239876e+00 2.917618e-01 -6.512707e-02
1.240876e+00 6.207234e+00 -5.054858e-02
1.241876e+00 1.021800e+01 -3.594229e-02
1.242876e+00 1.078452e+01 -2.130856e-02
1.243876e+00 7.433538e+00 -6.647755e-03
1.244876e+00 1.843724e+00 8.039734e-03
1.245875e+00 -4.215189e+00 2.275351e-02
1.246875e+00 -8.231438e+00 3.749318e-02
1.247875e+00 -8.666468e+00 5.225830e-02
1.248875e+00 -5.505567e+00 6.704847e-02
1.249875e+00 1.302660e-01 8.186323e-02
1.250875e+00 6.313736e+00 9.670214e-02
1.251875e+00 1.021591e+01 1.115647e-01
1.252875e+00 1.077282e+01 1.264505e-01
1.253875e+00 7.489750e+00 1.413590e-01
1.254875e+00 1.771995e+00 1.562898e-01
1.255874e+00 -4.181660e+00 1.712422e-01
1.256874e+00 -8.291530e+00 1.862157e-01
1.257874e+00 -8.759838e+00 2.012100e-01
1.258874e+00 -5.435604e+00 2.162242e-01
1.259874e+00 2.220530e-01 2.312580e-01
1.260874e+00 6.239361e+00 2.463106e-01
1.261874e+00 1.023852e+01 2.613816e-01
1.262874e+00 1.080157e+01 2.764703e-01
1.263874e+00 7.557681e+00 2.915760e-01
1.264874e+00 1.736084e+00 3.066981e-01
1.265873e+00 -4.197070e+00 3.218359e-01
1.266873e+00 -8.278075e+00 3.369889e-01
1.267873e+00 -8.710348e+00 3.521561e-01
1.268873e+00 -5.523067e+00 3.673371e-01
1.269873e+00 3.017956e-01 3.825309e-01
1.270873e+00 6.267056e+00 3.977369e-01
1.271873e+00 1.018508e+01 4.129543e-01
1.272873e+00 1.070990e+01 4.281823e-01
1.273873e+00 7.462904e+00 4.434202e-01
1.274873e+00 1.794812e+00 4.586670e-01
1.275872e+00 -4.231358e+00 4.739220e-01
1.276872e+00 -8.199777e+00 4.891842e-01
1.277872e+00 -8.784043e+00 5.044529e-01
1.278872e+00 -5.604230e+00 5.197271e-01
1.279872e+00 1.339487e-01 5.350059e-01
1.280872e+00 6.118740e+00 5.502883e-01
1.281872e+00 1.019801e+01 5.655735e-01
1.282872e+00 1.069940e+01 5.808604e-01
1.283872e+00 7.481883e+00 5.961480e-01
1.284872e+00 1.727581e+00 6.114354e-01
1.285871e+00 -4.226377e+00 6.267214e-01
1.286871e+00 -8.220229e+00 6.420050e-01
1.287871e+00 -8.792963e+00 6.572852e-01
1.288871e+00 -5.544573e+00 6.725609e-01
1.289871e+00 1.535193e-01 6.878309e-01
1.290871e+00 6.167821e+00 7.030941e-01
1.291871e+00 1.021478e+01 7.183493e-01
1.292871e+00 1.072647e+01 7.335953e-01
1.293871e+00 7.404417e+00 7.488310e-01
1.294871e+00 1.743338e+00 7.640552e-01
1.295870e+00 -4.259216e+00 7.792665e-01
1.296870e+00 -8.330175e+00 7.944638e-01
1.297870e+00 -8.818223e+00 8.096457e-01
1.298870e+00 -5.509043e+00 8.248109e-01
1.299870e+00 7.612092e-02 8.399582e-01
1.300870e+00 6.271935e+00 8.550861e-01
1.301870e+00 1.017893e+01 8.701934e-01
1.302870e+00 1.073627e+01 8.852786e-01
1.303870e+00 7.507109e+00 9.003403e-01
1.304870e+00 1.698429e+00 9.153772e-01
1.305869e+00 -4.146743e+00 9.303877e-01
1.306869e+00 -8.291758e+00 9.453705e-01
1.307869e+00 -8.822245e+00 9.603240e-01
1.308869e+00 -5.574413e+00 9.752467e-01
1.309869e+00 1.525098e-01 9.901373e-01
1.310869e+00 6.112961e+00 1.004994e+00
1.311869e+00 1.014463e+01 1.019816e+00
1.312869e+00 1.063499e+01 1.034600e+00
1.313869e+00 7.532162e+00 1.049346e+00
1.314869e+00 1.676476e+00 1.064053e+00
1.315868e+00 -4.330327e+00 1.078717e+00
1.316868e+00 -8.436499e+00 1.093339e+00
1.317868e+00 -8.813617e+00 1.107915e+00
1.318868e+00 -5.602192e+00 1.122445e+00
1.319868e+00 6.750064e-02 1.136927e+00
1.320868e+00 6.056690e+00 1.151360e+00
1.321868e+00 1.012735e+01 1.165740e+00
1.322868e+00 1.076316e+01 1.180068e+00
1.323868e+00 7.521791e+00 1.194341e+00
1.324868e+00 1.739704e+00 1.208558e+00
1.325867e+00 -4.269252e+00 1.222716e+00
1.326867e+00 -8.333931e+00 1.236815e+00
1.327867e+00 -8.853653e+00 1.250852e+00
1.328867e+00 -5.699158e+00 1.264826e+00
1.329867e+00 3.798644e-02 1.278736e+00
1.330867e+00 6.055417e+00 1.292578e+00
1.331867e+00 1.009629e+01 1.306352e+00
1.332867e+00 1.059103e+01 1.320056e+00
1.333867e+00 7.358392e+00 1.333689e+00
1.334867e+00 1.607829e+00 1.347248e+00
1.335866e+00 -4.346165e+00 1.360732e+00
1.336866e+00 -8.397831e+00 1.374140e+00
1.337866e+00 -8.913800e+00 1.387468e+00
1.338866e+00 -5.579362e+00 1.400717e+00
1.339866e+00 -5.295718e-03 1.413884e+00
1.340866e+00 6.005469e+00 1.426968e+00
1.341866e+00 1.010032e+01 1.439966e+00
1.342866e+00 1.067770e+01 1.452878e+00
1.343866e+00 7.356434e+00 1.465702e+00
1.344866e+00 1.688865e+00 1.478436e+00
1.345865e+00 -4.353887e+00 1.491078e+00
1.346865e+00 -8.369289e+00 1.503627e+00
1.347865e+00 -8.854345e+00 1.516082e+00
1.348865e+00 -5.712577e+00 1.528440e+00
1.349865e+00 -1.039789e-01 1.540701e+00
1.350865e+00 5.953570e+00 1.552863e+00
1.351865e+00 1.004995e+01 1.564924e+00
1.352865e+00 1.049495e+01 1.576883e+00
1.353865e+00 7.404888e+00 1.588738e+00
1.354865e+00 1.632195e+00 1.600489e+00
1.355864e+00 -4.398538e+00 1.612133e+00
1.356864e+00 -8.445441e+00 1.623670e+00
1.357864e+00 -8.959507e+00 1.635098e+00
1.358864e+00 -5.810114e+00 1.646416e+00
1.359864e+00 -8.220235e-02 1.657622e+00
1.360864e+00 5.926760e+00 1.668716e+00
1.361864e+00 9.895732e+00 1.679695e+00
1.362864e+00 1.042782e+01 1.690560e+00
1.363864e+00 7.348831e+00 1.701308e+00
1.364864e+00 1.589987e+00 1.711939e+00
1.365863e+00 -4.416984e+00 1.722451e+00
1.366863e+00 -8.478124e+00 1.732844e+00
1.367863e+00 -8.988422e+00 1.743116e+00
1.368863e+00 -5.816868e+00 1.753267e+00
1.369863e+00 -1.162682e-01 1.763295e+00
1.370863e+00 5.841425e+00 1.773200e+00
1.371863e+00 1.004785e+01 1.782980e+00
1.372863e+00 1.045182e+01 1.792636e+00
1.373863e+00 7.211188e+00 1.802165e+00
1.374863e+00 1.489992e+00 1.811568e+00
1.375862e+00 -4.474193e+00 1.820844e+00
1.376862e+00 -8.566407e+00 1.829991e+00
1.377862e+00 -9.037079e+00 1.839009e+00
1.378862e+00 -5.972511e+00 1.847899e+00
1.379862e+00 -2.361782e-01 1.856658e+00
1.380862e+00 5.908566e+00 1.865286e+00
1.381862e+00 9.971286e+00 1.873783e+00
1.382862e+00 1.035942e+01 1.882149e+00
1.383862e+00 7.223362e+00 1.890383e+00
1.384862e+00 1.494622e+00 1.898484e+00
1.385861e+00 -4.477092e+00 1.906453e+00
1.386861e+00 -8.521345e+00 1.914288e+00
1.387861e+00 -9.077931e+00 1.921991e+00
1.388861e+00 -5.952847e+00 1.929559e+00
1.389861e+00 -2.880211e-01 1.936993e+00
1.390861e+00 5.767947e+00 1.944294e+00
1.391861e+00 9.869325e+00 1.951460e+00
1.392861e+00 1.038250e+01 1.958492e+00
1.393861e+00 7.182634e+00 1.965389e+00
1.394861e+00 1.500232e+00 1.972152e+00
1.395860e+00 -4.616235e+00 1.978780e+00
1.396860e+00 -8.638807e+00 1.985274e+00
1.397860e+00 -9.149402e+00 1.991633e+00
1.398860e+00 -6.029433e+00 1.997858e+00
1.399860e+00 -2.977592e-01 2.003949e+00
1.400860e+00 5.779875e+00 2.009905e+00
1.401860e+00 9.747415e+00 2.015728e+00
1.402860e+00 1.031761e+01 2.021417e+00
1.403860e+00 7.187609e+00 2.026973e+00
1.404860e+00 1.503070e+00 2.032395e+00
1.405859e+00 -4.588808e+00 2.037685e+00
1.406859e+00 -8.577408e+00 2.042842e+00
1.407859e+00 -9.194745e+00 2.047867e+00
1.408859e+00 -6.082492e+00 2.052761e+00
1.409859e+00 -4.237211e-01 2.057523e+00
1.410859e+00 5.672354e+00 2.062154e+00
1.411859e+00 9.743110e+00 2.066655e+00
1.412859e+00 1.029002e+01 2.071026e+00
1.413859e+00 7.073105e+00 2.075268e+00
1.414859e+00 1.465862e+00 2.079381e+00
1.415858e+00 -4.602096e+00 2.083366e+00
1.416858e+00 -8.708542e+00 2.087223e+00
1.417858e+00 -9.310889e+00 2.090954e+00
1.418858e+00 -6.111357e+00 2.094558e+00
1.419858e+00 -4.023227e-01 2.098037e+00
1.420858e+00 5.607724e+00 2.101391e+00
1.421858e+00 9.644604e+00 2.104621e+00
1.422858e+00 1.018468e+01 2.107727e+00
1.423858e+00 7.104928e+00 2.110712e+00
1.424858e+00 1.312835e+00 2.113574e+00
1.425857e+00 -4.573890e+00 2.116316e+00
1.426857e+00 -8.666250e+00 2.118937e+00
1.427857e+00 -9.314808e+00 2.121440e+00
1.428857e+00 -6.152774e+00 2.123824e+00
1.429857e+00 -5.429615e-01 2.126091e+00
1.430857e+00 5.576569e+00 2.128241e+00
1.431857e+00 9.670276e+00 2.130276e+00
1.432857e+00 1.014256e+01 2.132196e+00
1.433857e+00 6.986171e+00 2.134003e+00
1.434857e+00 1.345496e+00 2.135697e+00
1.435856e+00 -4.675867e+00 2.137280e+00
1.436856e+00 -8.805900e+00 2.138752e+00
1.437856e+00 -9.393975e+00 2.140115e+00
1.438856e+00 -6.139558e+00 2.141369e+00
1.439856e+00 -6.207573e-01 2.142516e+00
1.440856e+00 5.429562e+00 2.143556e+00
1.441856e+00 9.502784e+00 2.144492e+00
1.442856e+00 1.012589e+01 2.145323e+00
1.443856e+00 6.912209e+00 2.146051e+00
1.444856e+00 1.241946e+00 2.146678e+00
1.445855e+00 -4.745007e+00 2.147204e+00
1.446855e+00 -8.896283e+00 2.147630e+00
1.447855e+00 -9.524910e+00 2.147959e+00
1.448855e+00 -6.279997e+00 2.148190e+00
1.449855e+00 -5.297599e-01 2.148325e+00
1.450855e+00 5.491751e+00 2.148365e+00
1.451855e+00 9.552056e+00 2.148312e+00
1.452855e+00 1.003893e+01 2.148166e+00
1.453855e+00 6.851135e+00 2.147930e+00
1.454855e+00 1.198627e+00 2.147603e+00
1.455854e+00 -4.804627e+00 2.147188e+00
1.456854e+00 -8.865453e+00 2.146686e+00
1.457854e+00 -9.509108e+00 2.146097e+00
1.458854e+00 -6.359199e+00 2.145424e+00
1.459854e+00 -7.256087e-01 2.144667e+00
1.460854e+00 5.359288e+00 2.143828e+00
1.461854e+00 9.375206e+00 2.142907e+00
1.462854e+00 9.978348e+00 2.141907e+00
1.463854e+00 6.790116e+00 2.140829e+00
1.464854e+00 1.094857e+00 2.139673e+00
1.465853e+00 -4.962514e+00 2.138441e+00
1.466853e+00 -9.002804e+00 2.137135e+00
1.467853e+00 -9.536518e+00 2.135756e+00
1.468853e+00 -6.457909e+00 2.134304e+00
1.469853e+00 -6.825008e-01 2.132782e+00
1.470853e+00 5.242573e+00 2.131190e+00
1.471853e+00 9.305967e+00 2.129530e+00
1.472853e+00 9.933603e+00 2.127803e+00
1.473853e+00 6.756263e+00 2.126011e+00
1.474853e+00 1.053595e+00 2.124154e+00
1.475852e+00 -4.897546e+00 2.122235e+00
1.476852e+00 -9.045455e+00 2.120254e+00
1.477852e+00 -9.573462e+00 2.118212e+00
1.478852e+00 -6.468896e+00 2.116112e+00
1.479852e+00 -7.467045e-01 2.113953e+00
1.480852e+00 5.201086e+00 2.111738e+00
1.481852e+00 9.322894e+00 2.109468e+00
1.482852e+00 9.875174e+00 2.107144e+00
1.483852e+00 6.709406e+00 2.104767e+00
1.484852e+00 9.326557e-01 2.102339e+00
1.485851e+00 -4.939482e+00 2.099861e+00
1.486851e+00 -9.045399e+00 2.097333e+00
1.487851e+00 -9.668524e+00 2.094758e+00
1.488851e+00 -6.563541e+00 2.092137e+00
1.489851e+00 -8.524555e-01 2.089470e+00
1.490851e+00 5.096398e+00 2.086760e+00
1.491851e+00 9.312978e+00 2.084006e+00
1.492851e+00 9.750047e+00 2.081211e+00
1.493851e+00 6.606981e+00 2.078376e+00
1.494851e+00 9.948435e-01 2.075502e+00
1.495850e+00 -5.139897e+00 2.072589e+00
1.496850e+00 -9.122378e+00 2.069640e+00
1.497850e+00 -9.723689e+00 2.066656e+00
1.498850e+00 -6.629990e+00 2.063637e+00
1.499850e+00 -9.265669e-01 2.060584e+00
1.500850e+00 5.068754e+00 2.057499e+00
1.501850e+00 9.164375e+00 2.054384e+00
1.502850e+00 9.775967e+00 2.051238e+00
1.503850e+00 6.664790e+00 2.048064e+00
1.504850e+00 9.531315e-01 2.044862e+00
1.505849e+00 -5.198059e+00 2.041633e+00
1.506849e+00 -9.187616e+00 2.038379e+00
1.507849e+00 -9.779772e+00 2.035100e+00
1.508849e+00 -6.662786e+00 2.031798e+00
1.509849e+00 -1.081604e+00 2.028474e+00
1.510849e+00 5.005479e+00 2.025128e+00
1.511849e+00 9.100464e+00 2.021761e+00
1.512849e+00 9.630300e+00 2.018376e+00
1.513849e+00 6.612224e+00 2.014972e+00
1.514849e+00 8.327264e-01 2.011550e+00
1.515848e+00 -5.121248e+00 2.008113e+00
1.516848e+00 -9.162392e+00 2.004659e+00
1.517848e+00 -9.951637e+00 2.001191e+00
1.518848e+00 -6.765932e+00 1.997710e+00
1.519848e+00 -1.150017e+00 1.994216e+00
1.520848e+00 4.996378e+00 1.990710e+00
1.521848e+00 9.067653e+00 1.987192e+00
1.522848e+00 9.602787e+00 1.983665e+00
1.523848e+00 6.491012e+00 1.980129e+00
1.524848e+00 8.312585e-01 1.976584e+00
1.525847e+00 -5.294467e+00 1.973031e+00
1.526847e+00 -9.359526e+00 1.969472e+00
1.527847e+00 -9.881030e+00 1.965907e+00
1.528847e+00 -6.736884e+00 1.962336e+00
1.529847e+00 -1.200168e+00 1.958761e+00
1.530847e+00 4.924159e+00 1.955183e+00
1.531847e+00 8.914444e+00 1.951601e+00
1.532847e+00 9.543914e+00 1.948017e+00
1.533847e+00 6.431183e+00 1.944431e+00
1.534847e+00 7.186600e-01 1.940845e+00
1.535846e+00 -5.233091e+00 1.937258e+00
1.536846e+00 -9.413820e+00 1.933672e+00
1.537846e+00 -1.003476e+01 1.930087e+00
1.538846e+00 -6.879756e+00 1.926503e+00
1.539846e+00 -1.316309e+00 1.922922e+00
1.540846e+00 4.803825e+00 1.919344e+00
1.541846e+00 8.852668e+00 1.915769e+00
1.542846e+00 9.520922e+00 1.912199e+00
1.543846e+00 6.403751e+00 1.908633e+00
1.544846e+00 6.980727e-01 1.905072e+00
1.545845e+00 -5.400329e+00 1.901516e+00
1.546845e+00 -9.495462e+00 1.897967e+00
1.547845e+00 -9.989029e+00 1.894425e+00
1.548845e+00 -6.971880e+00 1.890890e+00
1.549845e+00 -1.327376e+00 1.887362e+00
1.550845e+00 4.809135e+00 1.883843e+00
1.551845e+00 8.812323e+00 1.880332e+00
1.552845e+00 9.265908e+00 1.876830e+00
1.553845e+00 6.253259e+00 1.873337e+00
1.554845e+00 6.164422e-01 1.869854e+00
1.555844e+00 -5.395667e+00 1.866382e+00
1.556844e+00 -9.521862e+00 1.862919e+00
1.557844e+00 -1.011599e+01 1.859468e+00
1.558844e+00 -6.936172e+00 1.856028e+00
1.559844e+00 -1.376402e+00 1.852599e+00
1.560844e+00 4.686391e+00 1.849182e+00
1.561844e+00 8.817987e+00 1.845778e+00
1.562844e+00 9.311570e+00 1.842386e+00
1.563844e+00 6.248542e+00 1.839006e+00
1.564844e+00 6.360308e-01 1.835640e+00
1.565843e+00 -5.480324e+00 1.832286e+00
1.566843e+00 -9.654906e+00 1.828946e+00
1.567843e+00 -1.012894e+01 1.825620e+00
1.568843e+00 -6.974542e+00 1.822308e+00
1.569843e+00 -1.481239e+00 1.819010e+00
1.570843e+00 4.584239e+00 1.815726e+00
1.571843e+00 8.720643e+00 1.812457e+00
1.572843e+00 9.258401e+00 1.809203e+00
1.573843e+00 6.257053e+00 1.805963e+00
1.574843e+00 6.073407e-01 1.802738e+00
1.575842e+00 -5.578649e+00 1.799528e+00
1.576842e+00 -9.604198e+00 1.796334e+00
1.577842e+00 -1.019048e+01 1.793155e+00
1.578842e+00 -7.156276e+00 1.789991e+00
1.579842e+00 -1.576015e+00 1.786843e+00
1.580842e+00 4.607358e+00 1.783710e+00
1.581842e+00 8.643958e+00 1.780594e+00
1.582842e+00 9.303584e+00 1.777493e+00
1.583842e+00 6.164031e+00 1.774407e+00
1.584842e+00 5.549744e-01 1.771338e+00
1.585841e+00 -5.587355e+00 1.768284e+00
1.586841e+00 -9.776509e+00 1.765247e+00
1.587841e+00 -1.027684e+01 1.762225e+00
1.588841e+00 -7.113781e+00 1.759219e+00
1.589841e+00 -1.608762e+00 1.756230e+00
1.590841e+00 4.526300e+00 1.753256e+00
1.591841e+00 8.611185e+00 1.750298e+00
1.592841e+00 9.239230e+00 1.747356e+00
1.593841e+00 6.085084e+00 1.744429e+00
1.594841e+00 4.719410e-01 1.741519e+00
1.595840e+00 -5.708257e+00 1.738624e+00
1.596840e+00 -9.726237e+00 1.735745e+00
1.597840e+00 -1.034861e+01 1.732882e+00
1.598840e+00 -7.304071e+00 1.730034e+00
1.599840e+00 -1.635341e+00 1.727201e+00
1.600840e+00 4.453932e+00 1.724384e+00
1.601840e+00 8.510236e+00 1.721583e+00
1.602840e+00 9.172382e+00 1.718796e+00
1.603840e+00 5.986416e+00 1.716024e+00
1.604840e+00 3.656484e-01 1.713268e+00
1.605839e+00 -5.677064e+00 1.710526e+00
1.606839e+00 -9.766041e+00 1.707799e+00
1.607839e+00 -1.038516e+01 1.705086e+00
1.608839e+00 -7.268098e+00 1.702388e+00
1.609839e+00 -1.619518e+00 1.699704e+00
1.610839e+00 4.443021e+00 1.697034e+00
1.611839e+00 8.477722e+00 1.694378e+00
1.612839e+00 9.085310e+00 1.691736e+00
1.613839e+00 6.006795e+00 1.689108e+00
1.614839e+00 3.337046e-01 1.686493e+00
1.615838e+00 -5.677258e+00 1.683891e+00
1.616838e+00 -9.785085e+00 1.681302e+00
1.617838e+00 -1.044860e+01 1.678726e+00
1.618838e+00 -7.395784e+00 1.676163e+00
1.619838e+00 -1.663891e+00 1.673612e+00
1.620838e+00 4.286627e+00 1.671074e+00
1.621838e+00 8.444528e+00 1.668547e+00
1.622838e+00 9.053530e+00 1.666033e+00
1.623838e+00 5.952574e+00 1.663530e+00
1.624838e+00 3.336967e-01 1.661038e+00
1.625837e+00 -5.674703e+00 1.658558e+00
1.626837e+00 -9.881063e+00 1.656088e+00
1.627837e+00 -1.050912e+01 1.653629e+00
1.628837e+00 -7.422615e+00 1.651181e+00
1.629837e+00 -1.682937e+00 1.648743e+00
1.630837e+00 4.330178e+00 1.646315e+00
1.631837e+00 8.414864e+00 1.643896e+00
1.632837e+00 9.103310e+00 1.641488e+00
1.633837e+00 5.862816e+00 1.639088e+00
1.634837e+00 3.572771e-01 1.636697e+00
1.635836e+00 -5.731503e+00 1.634315e+00
1.636836e+00 -9.931556e+00 1.631941e+00
1.637836e+00 -1.059400e+01 1.629576e+00
1.638836e+00 -7.444768e+00 1.627218e+00
1.639836e+00 -1.716214e+00 1.624868e+00
1.640836e+00 4.236834e+00 1.622526e+00
1.641836e+00 8.298245e+00 1.620190e+00
1.642836e+00 8.874402e+00 1.617861e+00
1.643836e+00 5.898317e+00 1.615539e+00
1.644836e+00 2.749558e-01 1.613223e+00
1.645835e+00 -5.734713e+00 1.610913e+00
1.646835e+00 -9.866652e+00 1.608608e+00
1.647835e+00 -1.054870e+01 1.606309e+00
1.648835e+00 -7.520473e+00 1.604015e+00
1.649835e+00 -1.786449e+00 1.601726e+00
1.650835e+00 4.180875e+00 1.599441e+00
1.651835e+00 8.275130e+00 1.597160e+00
1.652835e+00 9.002813e+00 1.594884e+00
1.653835e+00 5.772192e+00 1.592610e+00
1.654835e+00 2.496918e-01 1.590340e+00
1.655834e+00 -5.797576e+00 1.588073e+00
1.656834e+00 -1.003687e+01 1.585809e+00
1.657834e+00 -1.054868e+01 1.583547e+00
1.658834e+00 -7.496757e+00 1.581287e+00
1.659834e+00 -1.978226e+00 1.579029e+00
1.660834e+00 4.233960e+00 1.576773e+00
1.661834e+00 8.256168e+00 1.574517e+00
1.662834e+00 8.910082e+00 1.572262e+00
1.663834e+00 5.865646e+00 1.570008e+00
1.664834e+00 1.939310e-01 1.567754e+00
1.665833e+00 -5.866520e+00 1.565500e+00
1.666833e+00 -1.005616e+01 1.563246e+00
1.667833e+00 -1.061191e+01 1.560991e+00
1.668833e+00 -7.543959e+00 1.558734e+00
1.669833e+00 -2.015681e+00 1.556477e+00
1.670833e+00 4.157261e+00 1.554218e+00
1.671833e+00 8.240531e+00 1.551957e+00
1.672833e+00 8.864826e+00 1.549693e+00
1.673833e+00 5.868683e+00 1.547427e+00
1.674833e+00 1.642135e-01 1.545159e+00
1.675832e+00 -5.965932e+00 1.542887e+00
1.676832e+00 -9.966371e+00 1.540611e+00
1.677832e+00 -1.065127e+01 1.538332e+00
1.678832e+00 -7.599323e+00 1.536049e+00
1.679832e+00 -1.986487e+00 1.533761e+00
1.680832e+00 4.106832e+00 1.531469e+00
1.681832e+00 8.207720e+00 1.529172e+00
1.682832e+00 8.845919e+00 1.526869e+00
1.683832e+00 5.728950e+00 1.524561e+00
1.684832e+00 1.699408e-01 1.522247e+00
1.685831e+00 -5.901749e+00 1.519926e+00
1.686831e+00 -9.998360e+00 1.517599e+00
1.687831e+00 -1.063974e+01 1.515266e+00
1.688831e+00 -7.689491e+00 1.512925e+00
1.689831e+00 -2.001640e+00 1.510577e+00
1.690831e+00 4.135451e+00 1.508222e+00
1.691831e+00 8.145303e+00 1.505858e+00
1.692831e+00 8.899409e+00 1.503486e+00
1.693831e+00 5.781383e+00 1.501106e+00
1.694831e+00 1.523539e-01 1.498717e+00
1.695830e+00 -5.972627e+00 1.496319e+00
1.696830e+00 -1.012157e+01 1.493911e+00
1.697830e+00 -1.074867e+01 1.491494e+00
1.698830e+00 -7.736396e+00 1.489067e+00
1.699830e+00 -1.976400e+00 1.486630e+00
1.700830e+00 4.054158e+00 1.484183e+00
1.701830e+00 8.147045e+00 1.481724e+00
1.702830e+00 8.798031e+00 1.479255e+00
1.703830e+00 5.784801e+00 1.476775e+00
1.704830e+00 1.005170e-01 1.474283e+00
1.705829e+00 -5.974472e+00 1.471780e+00
1.706829e+00 -1.008703e+01 1.469265e+00
1.707829e+00 -1.072314e+01 1.466737e+00
1.708829e+00 -7.531983e+00 1.464197e+00
1.709829e+00 -2.046169e+00 1.461644e+00
1.710829e+00 3.959112e+00 1.459079e+00
1.711829e+00 8.201190e+00 1.456500e+00
1.712829e+00 8.785157e+00 1.453908e+00
1.713829e+00 5.792031e+00 1.451302e+00
1.714829e+00 9.677654e-02 1.448683e+00
1.715828e+00 -5.980210e+00 1.446049e+00
1.716828e+00 -1.002803e+01 1.443402e+00
1.717828e+00 -1.070423e+01 1.440739e+00
1.718828e+00 -7.719208e+00 1.438063e+00
1.719828e+00 -2.060463e+00 1.435371e+00
1.720828e+00 3.947633e+00 1.432664e+00
1.721828e+00 8.241063e+00 1.429942e+00
1.722828e+00 8.725827e+00 1.427205e+00
1.723828e+00 5.733609e+00 1.424452e+00
1.724828e+00 2.746313e-02 1.421683e+00
1.725827e+00 -5.944378e+00 1.418898e+00
1.726827e+00 -1.007111e+01 1.416097e+00
1.727827e+00 -1.079030e+01 1.413280e+00
1.728827e+00 -7.701116e+00 1.410446e+00
1.729827e+00 -2.168618e+00 1.407596e+00
1.730827e+00 3.975525e+00 1.404729e+00
1.731827e+00 7.964953e+00 1.401844e+00
1.732827e+00 8.722491e+00 1.398943e+00
1.733827e+00 5.744376e+00 1.396025e+00
1.734827e+00 8.384595e-02 1.393089e+00
1.735826e+00 -5.812550e+00 1.390136e+00
1.736826e+00 -1.009056e+01 1.387165e+00
1.737826e+00 -1.079202e+01 1.384177e+00
1.738826e+00 -7.695478e+00 1.381170e+00
1.739826e+00 -2.018931e+00 1.378146e+00
1.740826e+00 4.005795e+00 1.375104e+00
1.741826e+00 8.091366e+00 1.372043e+00
1.742826e+00 8.756040e+00 1.368965e+00
1.743826e+00 5.760197e+00 1.365868e+00
1.744826e+00 1.402743e-01 1.362752e+00
1.745825e+00 -5.984646e+00 1.359619e+00
1.746825e+00 -1.008807e+01 1.356466e+00
1.747825e+00 -1.079095e+01 1.353295e+00
1.748825e+00 -7.744122e+00 1.350106e+00
1.749825e+00 -2.061402e+00 1.346898e+00
1.750825e+00 3.999017e+00 1.343671e+00
1.751825e+00 8.105146e+00 1.340425e+00
1.752825e+00 8.821994e+00 1.337160e+00
1.753825e+00 5.656153e+00 1.333877e+00
1.754825e+00 1.270512e-01 1.330574e+00
1.755824e+00 -5.975449e+00 1.327253e+00
1.756824e+00 -1.015587e+01 1.323913e+00
1.757824e+00 -1.086046e+01 1.320554e+00
1.758824e+00 -7.804003e+00 1.317176e+00
1.759824e+00 -2.166664e+00 1.313779e+00
1.760824e+00 4.059124e+00 1.310364e+00
1.761824e+00 8.086920e+00 1.306929e+00
1.762824e+00 8.915665e+00 1.303476e+00
1.763824e+00 5.726171e+00 1.300004e+00
1.764824e+00 6.260622e-02 1.296513e+00
1.765823e+00 -5.920960e+00 1.293003e+00
1.766823e+00 -1.003304e+01 1.289475e+00
1.767823e+00 -1.082437e+01 1.285928e+00
1.768823e+00 -7.721198e+00 1.282363e+00
1.769823e+00 -2.078166e+00 1.278779e+00
1.770823e+00 3.901515e+00 1.275177e+00
1.771823e+00 8.136896e+00 1.271557e+00
1.772823e+00 8.763355e+00 1.267918e+00
1.773823e+00 5.806967e+00 1.264261e+00
1.774823e+00 9.913008e-02 1.260587e+00
1.775822e+00 -5.960525e+00 1.256894e+00
1.776822e+00 -1.006606e+01 1.253183e+00
1.777822e+00 -1.075718e+01 1.249455e+00
1.778822e+00 -7.584915e+00 1.245710e+00
1.779822e+00 -2.112051e+00 1.241947e+00
1.780822e+00 3.978524e+00 1.238167e+00
1.781822e+00 8.183704e+00 1.234369e+00
1.782822e+00 8.869565e+00 1.230555e+00
1.783822e+00 5.772562e+00 1.226724e+00
1.784822e+00 1.632775e-01 1.222877e+00
1.785821e+00 -5.950306e+00 1.219013e+00
1.786821e+00 -1.000668e+01 1.215133e+00
1.787821e+00 -1.070979e+01 1.211237e+00
1.788821e+00 -7.717874e+00 1.207324e+00
1.789821e+00 -2.136563e+00 1.203397e+00
1.790821e+00 3.967575e+00 1.199454e+00
1.791821e+00 8.073225e+00 1.195496e+00
1.792821e+00 8.823502e+00 1.191522e+00
1.793821e+00 5.818071e+00 1.187534e+00
1.794821e+00 1.635393e-01 1.183532e+00
1.795820e+00 -5.841694e+00 1.179515e+00
1.796820e+00 -1.012518e+01 1.175484e+00
1.797820e+00 -1.082937e+01 1.171440e+00
1.798820e+00 -7.756856e+00 1.167382e+00
1.799820e+00 -2.034753e+00 1.163311e+00
1.800820e+00 3.933986e+00 1.159227e+00
1.801820e+00 8.200614e+00 1.155130e+00
1.802820e+00 8.845515e+00 1.151021e+00
1.803820e+00 5.800814e+00 1.146900e+00
1.804820e+00 2.328868e-01 1.142768e+00
1.805819e+00 -5.870129e+00 1.138623e+00
1.806819e+00 -1.006124e+01 1.134468e+00
1.807819e+00 -1.078339e+01 1.130302e+00
1.808819e+00 -7.641328e+00 1.126126e+00
1.809819e+00 -2.131958e+00 1.121939e+00
1.810819e+00 3.939418e+00 1.117743e+00
1.811819e+00 8.166583e+00 1.113538e+00
1.812819e+00 8.778724e+00 1.109323e+00
1.813819e+00 5.822631e+00 1.105100e+00
1.814819e+00 1.544883e-01 1.100869e+00
1.815818e+00 -5.890916e+00 1.096629e+00
1.816818e+00 -9.978666e+00 1.092383e+00
1.817818e+00 -1.070290e+01 1.088129e+00
1.818818e+00 -7.650506e+00 1.083868e+00
1.819818e+00 -2.040871e+00 1.079602e+00
1.820818e+00 3.985381e+00 1.075329e+00
1.821818e+00 8.176502e+00 1.071051e+00
1.822818e+00 8.917323e+00 1.066768e+00
1.823818e+00 5.908426e+00 1.062481e+00
1.824818e+00 2.325521e-01 1.058189e+00
1.825817e+00 -5.853766e+00 1.053894e+00
1.826817e+00 -9.929569e+00 1.049596e+00
1.827817e+00 -1.067134e+01 1.045295e+00
1.828817e+00 -7.642638e+00 1.040992e+00
1.829817e+00 -2.078488e+00 1.036687e+00
1.830817e+00 4.085415e+00 1.032381e+00
1.831817e+00 8.217287e+00 1.028074e+00
1.832817e+00 8.874871e+00 1.023767e+00
1.833817e+00 5.950764e+00 1.019460e+00
1.834817e+00 2.464767e-01 1.015154e+00
1.835816e+00 -5.701316e+00 1.010850e+00
1.836816e+00 -1.004546e+01 1.006547e+00
1.837816e+00 -1.067935e+01 1.002247e+00
1.838816e+00 -7.587182e+00 9.979491e-01
1.839816e+00 -1.978083e+00 9.936553e-01
1.840816e+00 4.054940e+00 9.893655e-01
1.841816e+00 8.220546e+00 9.850803e-01
1.842816e+00 9.050683e+00 9.808004e-01
1.843816e+00 5.934243e+00 9.765262e-01
1.844816e+00 3.604496e-01 9.722585e-01
1.845815e+00 -5.745096e+00 9.679978e-01
1.846815e+00 -9.964436e+00 9.637446e-01
1.847815e+00 -1.073560e+01 9.594997e-01
1.848815e+00 -7.625942e+00 9.552635e-01
1.849815e+00 -1.979169e+00 9.510369e-01
1.850815e+00 4.139406e+00 9.468203e-01
1.851815e+00 8.303856e+00 9.426144e-01
1.852815e+00 9.007511e+00 9.384199e-01
1.853815e+00 6.017449e+00 9.342375e-01
1.854815e+00 3.884619e-01 9.300677e-01
1.855814e+00 -5.694414e+00 9.259112e-01
1.856814e+00 -9.906083e+00 9.217688e-01
1.857814e+00 -1.051749e+01 9.176411e-01
1.858814e+00 -7.519290e+00 9.135288e-01
1.859814e+00 -1.922424e+00 9.094326e-01
1.860814e+00 4.123112e+00 9.053532e-01
1.861814e+00 8.402982e+00 9.012912e-01
1.862814e+00 9.029129e+00 8.972475e-01
1.863814e+00 6.076476e+00 8.932228e-01
1.864814e+00 3.525517e-01 8.892177e-01
1.865813e+00 -5.644181e+00 8.852330e-01
1.866813e+00 -9.891515e+00 8.812695e-01
1.867813e+00 -1.056113e+01 8.773278e-01
1.868813e+00 -7.615249e+00 8.734089e-01
1.869813e+00 -1.916025e+00 8.695133e-01
1.870813e+00 4.152094e+00 8.656420e-01
1.871813e+00 8.344674e+00 8.617956e-01
1.872813e+00 9.122278e+00 8.579750e-01
1.873813e+00 6.069044e+00 8.541809e-01
1.874813e+00 5.282213e-01 8.504141e-01
1.875812e+00 -5.615237e+00 8.466756e-01
1.876812e+00 -9.711257e+00 8.429659e-01
1.877812e+00 -1.045656e+01 8.392861e-01
1.878812e+00 -7.524068e+00 8.356368e-01
1.879812e+00 -1.949716e+00 8.320190e-01
1.880812e+00 4.111400e+00 8.284334e-01
1.881812e+00 8.386870e+00 8.248809e-01
1.882812e+00 9.103433e+00 8.213624e-01
1.883812e+00 6.047800e+00 8.178787e-01
1.884812e+00 4.409261e-01 8.144306e-01
1.885811e+00 -5.592233e+00 8.110191e-01
1.886811e+00 -9.681154e+00 8.076450e-01
1.887811e+00 -1.050990e+01 8.043092e-01
1.888811e+00 -7.481699e+00 8.010125e-01
1.889811e+00 -1.911202e+00 7.977559e-01
1.890811e+00 4.296283e+00 7.945402e-01
1.891811e+00 8.426846e+00 7.913664e-01
1.892811e+00 9.233359e+00 7.882353e-01
1.893811e+00 6.206964e+00 7.851479e-01
1.894811e+00 5.647443e-01 7.821051e-01
1.895810e+00 -5.530566e+00 7.791078e-01
1.896810e+00 -9.619176e+00 7.761570e-01
1.897810e+00 -1.046827e+01 7.732534e-01
1.898810e+00 -7.455666e+00 7.703982e-01
1.899810e+00 -1.789479e+00 7.675922e-01
1.900810e+00 4.312377e+00 7.648364e-01
1.901810e+00 8.341217e+00 7.621317e-01
1.902810e+00 9.332272e+00 7.594791e-01
1.903810e+00 6.256406e+00 7.568796e-01
1.904810e+00 7.596274e-01 7.543340e-01
1.905809e+00 -5.358241e+00 7.518434e-01
1.906809e+00 -9.501941e+00 7.494087e-01
1.907809e+00 -1.040321e+01 7.470309e-01
1.908809e+00 -7.372320e+00 7.447110e-01
1.909809e+00 -1.732150e+00 7.424499e-01
1.910809e+00 4.407286e+00 7.402486e-01
1.911809e+00 8.510294e+00 7.381081e-01
1.912809e+00 9.216276e+00 7.360294e-01
1.913809e+00 6.255094e+00 7.340135e-01
1.914809e+00 6.496820e-01 7.320613e-01
1.915808e+00 -5.391346e+00 7.301738e-01
1.916808e+00 -9.548613e+00 7.283521e-01
1.917808e+00 -1.034509e+01 7.265971e-01
1.918808e+00 -7.263940e+00 7.249097e-01
1.919808e+00 -1.669297e+00 7.232910e-01
1.920808e+00 4.375311e+00 7.217420e-01
1.921808e+00 8.572881e+00 7.202637e-01
1.922808e+00 9.354053e+00 7.188570e-01
1.923808e+00 6.407176e+00 7.175229e-01
1.924808e+00 7.677002e-01 7.162623e-01
1.925807e+00 -5.327653e+00 7.150764e-01
1.926807e+00 -9.541644e+00 7.139660e-01
1.927807e+00 -1.019949e+01 7.129322e-01
1.928807e+00 -7.240361e+00 7.119758e-01
1.929807e+00 -1.617998e+00 7.110979e-01
1.930807e+00 4.502742e+00 7.102994e-01
1.931807e+00 8.525482e+00 7.095813e-01
1.932807e+00 9.351157e+00 7.089445e-01
1.933807e+00 6.389616e+00 7.083900e-01
1.934807e+00 8.527420e-01 7.079187e-01
1.935806e+00 -5.214005e+00 7.075316e-01
1.936806e+00 -9.424376e+00 7.072295e-01
1.937806e+00 -1.022263e+01 7.070133e-01
1.938806e+00 -7.153369e+00 7.068841e-01
1.939806e+00 -1.583116e+00 7.068426e-01
1.940806e+00 4.564486e+00 7.068899e-01
1.941806e+00 8.728958e+00 7.070266e-01
1.942806e+00 9.372428e+00 7.072538e-01
1.943806e+00 6.440504e+00 7.075722e-01
1.944806e+00 9.390005e-01 7.079828e-01
1.945805e+00 -5.190415e+00 7.084863e-01
1.946805e+00 -9.425689e+00 7.090835e-01
1.947805e+00 -1.017412e+01 7.097753e-01
1.948805e+00 -7.136799e+00 7.105624e-01
1.949805e+00 -1.600875e+00 7.114457e-01
1.950805e+00 4.571904e+00 7.124258e-01
1.951805e+00 8.694778e+00 7.135035e-01
1.952805e+00 9.425328e+00 7.146795e-01
1.953805e+00 6.495403e+00 7.159545e-01
1.954805e+00 9.331785e-01 7.173292e-01
1.955804e+00 -5.106993e+00 7.188043e-01
1.956804e+00 -9.283379e+00 7.203804e-01
1.957804e+00 -1.002946e+01 7.220581e-01
1.958804e+00 -6.985715e+00 7.238379e-01
1.959804e+00 -1.527496e+00 7.257206e-01
1.960804e+00 4.529539e+00 7.277065e-01
1.961804e+00 8.773799e+00 7.297963e-01
1.962804e+00 9.652155e+00 7.319904e-01
1.963804e+00 6.678912e+00 7.342893e-01
1.964804e+00 9.872934e-01 7.366935e-01
1.965803e+00 -4.991864e+00 7.392032e-01
1.966803e+00 -9.307725e+00 7.418190e-01
1.967803e+00 -9.934330e+00 7.445412e-01
1.968803e+00 -6.976233e+00 7.473700e-01
1.969803e+00 -1.422777e+00 7.503058e-01
1.970803e+00 4.713584e+00 7.533489e-01
1.971803e+00 8.890506e+00 7.564994e-01
1.972803e+00 9.608607e+00 7.597575e-01
1.973803e+00 6.646721e+00 7.631234e-01
1.974803e+00 1.133454e+00 7.665972e-01
1.975802e+00 -5.063611e+00 7.701789e-01
1.976802e+00 -9.262173e+00 7.738687e-01
1.977802e+00 -1.007582e+01 7.776664e-01
1.978802e+00 -6.946772e+00 7.815722e-01
1.979802e+00 -1.330494e+00 7.855858e-01
1.980802e+00 4.706413e+00 7.897072e-01
1.981802e+00 8.839928e+00 7.939362e-01
1.982802e+00 9.646070e+00 7.982726e-01
1.983802e+00 6.731427e+00 8.027161e-01
1.984802e+00 1.223131e+00 8.072665e-01
1.985801e+00 -4.918228e+00 8.119234e-01
1.986801e+00 -9.119993e+00 8.166865e-01
1.987801e+00 -9.855224e+00 8.215553e-01
1.988801e+00 -6.967070e+00 8.265293e-01
1.989801e+00 -1.301729e+00 8.316080e-01
1.990801e+00 4.820989e+00 8.367909e-01
1.991801e+00 8.922943e+00 8.420774e-01
1.992801e+00 9.765725e+00 8.474668e-01
1.993801e+00 6.791838e+00 8.529583e-01
1.994801e+00 1.187961e+00 8.585512e-01
1.995800e+00 -4.853300e+00 8.642448e-01
1.996800e+00 -9.015363e+00 8.700382e-01
1.997800e+00 -9.770798e+00 8.759304e-01
1.998800e+00 -6.845825e+00 8.819205e-01
1.999800e+00 -1.194130e+00 8.880075e-01
2.000800e+00 4.829795e+00 8.941904e-01
2.001800e+00 8.971888e+00 9.004681e-01
2.002800e+00 9.839830e+00 9.068394e-01
2.003800e+00 6.992904e+00 9.133031e-01
2.004800e+00 1.314806e+00 9.198579e-01
2.005799e+00 -4.814595e+00 9.265027e-01
2.006799e+00 -8.993724e+00 9.332360e-01
2.007799e+00 -9.825900e+00 9.400564e-01
2.008799e+00 -6.799976e+00 9.469626e-01
2.009799e+00 -1.159542e+00 9.539530e-01
2.010799e+00 4.868466e+00 9.610261e-01
2.011799e+00 9.101955e+00 9.681803e-01
2.012799e+00 9.931596e+00 9.754141e-01
2.013799e+00 6.977209e+00 9.827256e-01
2.014799e+00 1.455343e+00 9.901133e-01
2.015798e+00 -4.656636e+00 9.975754e-01
2.016798e+00 -9.005550e+00 1.005110e+00
2.017798e+00 -9.776854e+00 1.012716e+00
2.018798e+00 -6.682363e+00 1.020390e+00
2.019798e+00 -1.197352e+00 1.028131e+00
2.020798e+00 4.879015e+00 1.035938e+00
2.021798e+00 9.226739e+00 1.043807e+00
2.022798e+00 9.922452e+00 1.051737e+00
2.023798e+00 7.009535e+00 1.059727e+00
2.024798e+00 1.365891e+00 1.067773e+00
2.025797e+00 -4.675329e+00 1.075874e+00
2.026797e+00 -8.840657e+00 1.084028e+00
2.027797e+00 -9.587429e+00 1.092232e+00
2.028797e+00 -6.766028e+00 1.100484e+00
2.029797e+00 -1.089903e+00 1.108782e+00
2.030797e+00 5.031320e+00 1.117124e+00
2.031797e+00 9.222883e+00 1.125508e+00
2.032797e+00 1.001426e+01 1.133931e+00
2.033797e+00 7.134759e+00 1.142390e+00
2.034797e+00 1.477592e+00 1.150884e+00
2.035796e+00 -4.545109e+00 1.159411e+00
2.036796e+00 -8.883691e+00 1.167967e+00
2.037796e+00 -9.659362e+00 1.176551e+00
2.038796e+00 -6.638648e+00 1.185160e+00
2.039796e+00 -1.053181e+00 1.193791e+00
2.040796e+00 5.060346e+00 1.202443e+00
2.041796e+00 9.258752e+00 1.211113e+00
2.042796e+00 1.017674e+01 1.219798e+00
2.043796e+00 7.134131e+00 1.228496e+00
2.044796e+00 1.532393e+00 1.237205e+00
2.045795e+00 -4.511301e+00 1.245922e+00
2.046795e+00 -8.742811e+00 1.254646e+00
2.047795e+00 -9.517998e+00 1.263372e+00
2.048795e+00 -6.514734e+00 1.272100e+00
2.049795e+00 -9.858379e-01 1.280827e+00
2.050795e+00 5.112282e+00 1.289550e+00
2.051795e+00 9.373119e+00 1.298267e+00
2.052795e+00 1.014399e+01 1.306976e+00
2.053795e+00 7.213381e+00 1.315674e+00
2.054795e+00 1.598027e+00 1.324359e+00
2.055794e+00 -4.439040e+00 1.333029e+00
2.056794e+00 -8.640978e+00 1.341682e+00
2.057794e+00 -9.431398e+00 1.350315e+00
2.058794e+00 -6.577515e+00 1.358926e+00
2.059794e+00 -8.820630e-01 1.367513e+00
2.060794e+00 5.167748e+00 1.376073e+00
2.061794e+00 9.386604e+00 1.384605e+00
2.062794e+00 1.030574e+01 1.393107e+00
2.063794e+00 7.231347e+00 1.401576e+00
2.064794e+00 1.706613e+00 1.410011e+00
2.065793e+00 -4.377742e+00 1.418409e+00
2.066793e+00 -8.617315e+00 1.426768e+00
2.067793e+00 -9.416513e+00 1.435086e+00
2.068793e+00 -6.449310e+00 1.443362e+00
2.069793e+00 -8.078938e-01 1.451594e+00
2.070793e+00 5.203597e+00 1.459779e+00
2.071793e+00 9.458708e+00 1.467917e+00
2.072793e+00 1.027230e+01 1.476004e+00
2.073793e+00 7.324383e+00 1.484041e+00
2.074793e+00 1.701138e+00 1.492023e+00
2.075792e+00 -4.260856e+00 1.499951e+00
2.076792e+00 -8.629474e+00 1.507823e+00
2.077792e+00 -9.313950e+00 1.515636e+00
2.078792e+00 -6.424766e+00 1.523390e+00
2.079792e+00 -9.500162e-01 1.531082e+00
2.080792e+00 5.220565e+00 1.538713e+00
2.081792e+00 9.503483e+00 1.546279e+00
2.082792e+00 1.036896e+01 1.553780e+00
2.083792e+00 7.383724e+00 1.561214e+00
2.084792e+00 1.819888e+00 1.568580e+00
2.085791e+00 -4.178363e+00 1.575877e+00
2.086791e+00 -8.512111e+00 1.583104e+00
2.087791e+00 -9.299850e+00 1.590259e+00
2.088791e+00 -6.351409e+00 1.597341e+00
2.089791e+00 -7.037680e-01 1.604350e+00
2.090791e+00 5.271306e+00 1.611283e+00
2.091791e+00 9.619078e+00 1.618141e+00
2.092791e+00 1.035755e+01 1.624923e+00
2.093791e+00 7.485218e+00 1.631626e+00
2.094791e+00 1.864241e+00 1.638251e+00
2.095790e+00 -4.153039e+00 1.644796e+00
2.096790e+00 -8.431831e+00 1.651261e+00
2.097790e+00 -9.211461e+00 1.657645e+00
2.098790e+00 -6.330209e+00 1.663947e+00
2.099790e+00 -7.303873e-01 1.670167e+00
2.100790e+00 5.330190e+00 1.676304e+00
2.101790e+00 9.652107e+00 1.682357e+00
2.102790e+00 1.051359e+01 1.688325e+00
2.103790e+00 7.501973e+00 1.694208e+00
2.104790e+00 1.907160e+00 1.700006e+00
2.105789e+00 -4.125200e+00 1.705718e+00
2.106789e+00 -8.445517e+00 1.711343e+00
2.107789e+00 -9.260162e+00 1.716882e+00
2.108789e+00 -6.283505e+00 1.722333e+00
2.109789e+00 -5.803867e-01 1.727696e+00
2.110789e+00 5.422954e+00 1.732971e+00
2.111789e+00 9.692527e+00 1.738158e+00
2.112789e+00 1.050812e+01 1.743256e+00
2.113789e+00 7.586871e+00 1.748265e+00
2.114789e+00 2.006315e+00 1.753185e+00
2.115788e+00 -4.083355e+00 1.758015e+00
2.116788e+00 -8.406179e+00 1.762755e+00
2.117788e+00 -9.241948e+00 1.767406e+00
2.118788e+00 -6.206507e+00 1.771967e+00
2.119788e+00 -6.728672e-01 1.776437e+00
2.120788e+00 5.530961e+00 1.780818e+00
2.121788e+00 9.732956e+00 1.785107e+00
2.122788e+00 1.055117e+01 1.789307e+00
2.123788e+00 7.581884e+00 1.793416e+00
2.124788e+00 2.047034e+00 1.797434e+00
2.125787e+00 -3.974899e+00 1.801362e+00
2.126787e+00 -8.199143e+00 1.805199e+00
2.127787e+00 -9.124446e+00 1.808946e+00
2.128787e+00 -6.182648e+00 1.812602e+00
2.129787e+00 -5.947416e-01 1.816167e+00
2.130787e+00 5.422575e+00 1.819643e+00
2.131787e+00 9.777720e+00 1.823027e+00
2.132787e+00 1.050777e+01 1.826322e+00
2.133787e+00 7.614133e+00 1.829526e+00
2.134787e+00 2.095757e+00 1.832640e+00
2.135786e+00 -4.015960e+00 1.835664e+00
2.136786e+00 -8.207107e+00 1.838598e+00
2.137786e+00 -9.132038e+00 1.841442e+00
2.138786e+00 -6.189783e+00 1.844197e+00
2.139786e+00 -5.582606e-01 1.846863e+00
2.140786e+00 5.593922e+00 1.849439e+00
2.141786e+00 9.897289e+00 1.851926e+00
2.142786e+00 1.055409e+01 1.854324e+00
2.143786e+00 7.743723e+00 1.856633e+00
2.144786e+00 2.098343e+00 1.858854e+00
2.145785e+00 -3.877350e+00 1.860986e+00
2.146785e+00 -8.225371e+00 1.863030e+00
2.147785e+00 -9.089280e+00 1.864986e+00
2.148785e+00 -6.171270e+00 1.866855e+00
2.149785e+00 -5.238727e-01 1.868636e+00
2.150785e+00 5.528095e+00 1.870330e+00
2.151785e+00 9.712704e+00 1.871936e+00
2.152785e+00 1.057711e+01 1.873456e+00
2.153785e+00 7.723892e+00 1.874890e+00
2.154785e+00 2.237371e+00 1.876237e+00
2.155784e+00 -3.982472e+00 1.877498e+00
2.156784e+00 -8.092637e+00 1.878673e+00
2.157784e+00 -9.015035e+00 1.879762e+00
2.158784e+00 -6.039628e+00 1.880767e+00
2.159784e+00 -5.013921e-01 1.881686e+00
2.160784e+00 5.593179e+00 1.882521e+00
2.161784e+00 9.818331e+00 1.883271e+00
2.162784e+00 1.081119e+01 1.883937e+00
2.163784e+00 7.660318e+00 1.884519e+00
2.164784e+00 2.255118e+00 1.885017e+00
2.165783e+00 -3.875312e+00 1.885433e+00
2.166783e+00 -8.125281e+00 1.885765e+00
2.167783e+00 -8.988738e+00 1.886014e+00
2.168783e+00 -6.117022e+00 1.886181e+00
2.169783e+00 -5.446628e-01 1.886266e+00
2.170783e+00 5.663352e+00 1.886269e+00
2.171783e+00 9.912061e+00 1.886191e+00
2.172783e+00 1.073086e+01 1.886032e+00
2.173783e+00 7.759124e+00 1.885791e+00
2.174783e+00 2.237686e+00 1.885471e+00
2.175782e+00 -3.913109e+00 1.885070e+00
2.176782e+00 -8.145149e+00 1.884589e+00
2.177782e+00 -8.956894e+00 1.884029e+00
2.178782e+00 -5.993864e+00 1.883390e+00
2.179782e+00 -4.470393e-01 1.882672e+00
2.180782e+00 5.576873e+00 1.881876e+00
2.181782e+00 9.909358e+00 1.881002e+00
2.182782e+00 1.064519e+01 1.880050e+00
2.183782e+00 7.855690e+00 1.879021e+00
2.184782e+00 2.356834e+00 1.877915e+00
2.185781e+00 -3.806221e+00 1.876733e+00
2.186781e+00 -8.082251e+00 1.875475e+00
2.187781e+00 -8.951639e+00 1.874141e+00
2.188781e+00 -5.975744e+00 1.872733e+00
2.189781e+00 -4.410202e-01 1.871249e+00
2.190781e+00 5.612933e+00 1.869692e+00
2.191781e+00 9.894930e+00 1.868060e+00
2.192781e+00 1.073202e+01 1.866355e+00
2.193781e+00 7.899295e+00 1.864578e+00
2.194781e+00 2.346774e+00 1.862728e+00
2.195780e+00 -3.778104e+00 1.860806e+00
2.196780e+00 -8.160498e+00 1.858814e+00
2.197780e+00 -8.878740e+00 1.856750e+00
2.198780e+00 -6.020699e+00 1.854616e+00
2.199780e+00 -5.652140e-01 1.852412e+00
2.200780e+00 5.598473e+00 1.850140e+00
2.201780e+00 9.942665e+00 1.847799e+00
2.202780e+00 1.077792e+01 1.845390e+00
2.203780e+00 7.914128e+00 1.842913e+00
2.204780e+00 2.294824e+00 1.840370e+00
2.205779e+00 -3.663543e+00 1.837761e+00
2.206779e+00 -8.033498e+00 1.835087e+00
2.207779e+00 -8.957627e+00 1.832347e+00
2.208779e+00 -5.917479e+00 1.829544e+00
2.209779e+00 -5.468146e-01 1.826677e+00
2.210779e+00 5.637893e+00 1.823748e+00
2.211779e+00 9.908345e+00 1.820756e+00
2.212779e+00 1.089306e+01 1.817704e+00
2.213779e+00 8.004542e+00 1.814591e+00
2.214779e+00 2.305553e+00 1.811418e+00
2.215778e+00 -3.767852e+00 1.808186e+00
2.216778e+00 -7.891713e+00 1.804897e+00
2.217778e+00 -8.851745e+00 1.801550e+00
2.218778e+00 -5.925766e+00 1.798146e+00
2.219778e+00 -4.573290e-01 1.794687e+00
2.220778e+00 5.725721e+00 1.791173e+00
2.221778e+00 9.980347e+00 1.787605e+00
2.222778e+00 1.078528e+01 1.783985e+00
2.223778e+00 7.925672e+00 1.780312e+00
2.224778e+00 2.333314e+00 1.776588e+00
2.225777e+00 -3.740947e+00 1.772814e+00
2.226777e+00 -7.958811e+00 1.768990e+00
2.227777e+00 -8.853999e+00 1.765118e+00
2.228777e+00 -6.110795e+00 1.761199e+00
2.229777e+00 -4.121612e-01 1.757233e+00
2.230777e+00 5.629143e+00 1.753222e+00
2.231777e+00 9.948895e+00 1.749167e+00
2.232777e+00 1.084302e+01 1.745068e+00
2.233777e+00 8.021663e+00 1.740927e+00
2.234777e+00 2.339630e+00 1.736744e+00
2.235776e+00 -3.736986e+00 1.732522e+00
2.236776e+00 -7.980419e+00 1.728260e+00
2.237776e+00 -8.856200e+00 1.723960e+00
2.238776e+00 -5.921567e+00 1.719623e+00
2.239776e+00 -3.238590e-01 1.715250e+00
2.240776e+00 5.664119e+00 1.710842e+00
2.241776e+00 9.970493e+00 1.706401e+00
2.242776e+00 1.089515e+01 1.701927e+00
2.243776e+00 7.930993e+00 1.697421e+00
2.244776e+00 2.385681e+00 1.692885e+00
2.245775e+00 -3.635148e+00 1.688320e+00
2.246775e+00 -8.020713e+00 1.683726e+00
2.247775e+00 -8.822045e+00 1.679105e+00
2.248775e+00 -5.942277e+00 1.674459e+00
2.249775e+00 -4.370115e-01 1.669787e+00
2.250775e+00 5.653361e+00 1.665092e+00
2.251775e+00 9.945521e+00 1.660374e+00
2.252775e+00 1.086659e+01 1.655635e+00
2.253775e+00 7.905671e+00 1.650876e+00
2.254775e+00 2.288585e+00 1.646097e+00
2.255774e+00 -3.651109e+00 1.641300e+00
2.256774e+00 -8.007681e+00 1.636486e+00
2.257774e+00 -8.770503e+00 1.631656e+00
2.258774e+00 -5.978201e+00 1.626811e+00
2.259774e+00 -4.033742e-01 1.621953e+00
2.260774e+00 5.712562e+00 1.617081e+00
2.261774e+00 9.997192e+00 1.612198e+00
2.262774e+00 1.083483e+01 1.607305e+00
2.263774e+00 8.080235e+00 1.602402e+00
2.264774e+00 2.411487e+00 1.597490e+00
2.265773e+00 -3.731667e+00 1.592571e+00
2.266773e+00 -7.938188e+00 1.587646e+00
2.267773e+00 -8.792771e+00 1.582714e+00
2.268773e+00 -5.983372e+00 1.577779e+00
2.269773e+00 -3.667964e-01 1.572840e+00
2.270773e+00 5.756119e+00 1.567898e+00
2.271773e+00 9.970080e+00 1.562955e+00
2.272773e+00 1.082930e+01 1.558010e+00
2.273773e+00 8.004580e+00 1.553067e+00
2.274773e+00 2.351962e+00 1.548124e+00
2.275772e+00 -3.650490e+00 1.543183e+00
2.276772e+00 -7.930258e+00 1.538244e+00
2.277772e+00 -8.870423e+00 1.533310e+00
2.278772e+00 -6.003756e+00 1.528380e+00
2.279772e+00 -4.786075e-01 1.523455e+00
2.280772e+00 5.591033e+00 1.518536e+00
2.281772e+00 9.956242e+00 1.513623e+00
2.282772e+00 1.081574e+01 1.508719e+00
2.283772e+00 7.970824e+00 1.503822e+00
2.284772e+00 2.399507e+00 1.498935e+00
2.285771e+00 -3.650613e+00 1.494057e+00
2.286771e+00 -8.028518e+00 1.489189e+00
2.287771e+00 -8.843421e+00 1.484332e+00
2.288771e+00 -6.031528e+00 1.479487e+00
2.289771e+00 -4.742307e-01 1.474654e+00
2.290771e+00 5.579632e+00 1.469834e+00
2.291771e+00 9.917091e+00 1.465027e+00
2.292771e+00 1.083358e+01 1.460233e+00
2.293771e+00 7.996270e+00 1.455454e+00
2.294771e+00 2.366381e+00 1.450690e+00
2.295770e+00 -3.702442e+00 1.445942e+00
2.296770e+00 -8.010136e+00 1.441209e+00
2.297770e+00 -8.879531e+00 1.436492e+00
2.298770e+00 -6.057451e+00 1.431792e+00
2.299770e+00 -5.024667e-01 1.427109e+00
2.300770e+00 5.602642e+00 1.422444e+00
2.301770e+00 9.899386e+00 1.417796e+00
2.302770e+00 1.075657e+01 1.413167e+00
2.303770e+00 7.920291e+00 1.408556e+00
2.304770e+00 2.420603e+00 1.403964e+00
2.305769e+00 -3.672497e+00 1.399391e+00
2.306769e+00 -8.045026e+00 1.394838e+00
2.307769e+00 -8.895970e+00 1.390304e+00
2.308769e+00 -6.099965e+00 1.385790e+00
2.309769e+00 -5.321076e-01 1.381297e+00
2.310769e+00 5.514972e+00 1.376823e+00
2.311769e+00 9.877355e+00 1.372371e+00
2.312769e+00 1.080395e+01 1.367939e+00
2.313769e+00 7.847068e+00 1.363528e+00
2.314769e+00 2.293405e+00 1.359138e+00
2.315768e+00 -3.675148e+00 1.354770e+00
2.316768e+00 -8.044466e+00 1.350422e+00
2.317768e+00 -8.849285e+00 1.346097e+00
2.318768e+00 -6.112549e+00 1.341792e+00
2.319768e+00 -5.148894e-01 1.337510e+00
2.320768e+00 5.522772e+00 1.333249e+00
2.321768e+00 9.768752e+00 1.329010e+00
2.322768e+00 1.078206e+01 1.324793e+00
2.323768e+00 7.887575e+00 1.320598e+00
2.324768e+00 2.273140e+00 1.316425e+00
2.325767e+00 -3.763123e+00 1.312274e+00
2.326767e+00 -8.032422e+00 1.308144e+00
2.327767e+00 -8.970184e+00 1.304037e+00
2.328767e+00 -6.118277e+00 1.299951e+00
2.329767e+00 -6.490578e-01 1.295888e+00
2.330767e+00 5.483017e+00 1.291846e+00
2.331767e+00 9.789801e+00 1.287827e+00
2.332767e+00 1.064943e+01 1.283829e+00
2.333767e+00 7.896124e+00 1.279853e+00
2.334767e+00 2.259322e+00 1.275898e+00
2.335766e+00 -3.768619e+00 1.271965e+00
2.336766e+00 -8.059065e+00 1.268054e+00
2.337766e+00 -9.098422e+00 1.264164e+00
2.338766e+00 -6.087245e+00 1.260295e+00
2.339766e+00 -6.149360e-01 1.256448e+00
2.340766e+00 5.455066e+00 1.252622e+00
2.341766e+00 9.820483e+00 1.248816e+00
2.342766e+00 1.067519e+01 1.245032e+00
2.343766e+00 7.777663e+00 1.241269e+00
2.344766e+00 2.266544e+00 1.237526e+00
2.345765e+00 -3.827077e+00 1.233804e+00
2.346765e+00 -8.159463e+00 1.230102e+00
2.347765e+00 -9.060831e+00 1.226420e+00
2.348765e+00 -6.252874e+00 1.222758e+00
2.349765e+00 -6.146504e-01 1.219117e+00
2.350765e+00 5.479133e+00 1.215495e+00
2.351765e+00 9.744618e+00 1.211892e+00
2.352765e+00 1.069638e+01 1.208310e+00
2.353765e+00 7.876137e+00 1.204746e+00
2.354765e+00 2.245312e+00 1.201201e+00
2.355764e+00 -3.807958e+00 1.197676e+00
2.356764e+00 -8.126132e+00 1.194169e+00
2.357764e+00 -9.005945e+00 1.190681e+00
2.358764e+00 -6.351697e+00 1.187211e+00
2.359764e+00 -6.900714e-01 1.183759e+00
2.360764e+00 5.387509e+00 1.180325e+00
2.361764e+00 9.793335e+00 1.176909e+00
2.362764e+00 1.063145e+01 1.173511e+00
2.363764e+00 7.815749e+00 1.170130e+00
2.364764e+00 2.163443e+00 1.166766e+00
2.365763e+00 -3.867053e+00 1.163419e+00
2.366763e+00 -8.212439e+00 1.160089e+00
2.367763e+00 -9.124075e+00 1.156776e+00
2.368763e+00 -6.276586e+00 1.153479e+00
2.369763e+00 -7.191313e-01 1.150198e+00
2.370763e+00 5.324909e+00 1.146933e+00
2.371763e+00 9.659207e+00 1.143683e+00
2.372763e+00 1.054929e+01 1.140450e+00
2.373763e+00 7.742823e+00 1.137231e+00
2.374763e+00 2.197856e+00 1.134028e+00
2.375762e+00 -3.883546e+00 1.130839e+00
2.376762e+00 -8.220926e+00 1.127665e+00
2.377762e+00 -9.108352e+00 1.124505e+00
2.378762e+00 -6.245915e+00 1.121360e+00
2.379762e+00 -8.257249e-01 1.118228e+00
2.380762e+00 5.194202e+00 1.115111e+00
2.381762e+00 9.536016e+00 1.112006e+00
2.382762e+00 1.047084e+01 1.108915e+00
2.383762e+00 7.692348e+00 1.105837e+00
2.384762e+00 2.204610e+00 1.102772e+00
2.385761e+00 -3.925507e+00 1.099719e+00
2.386761e+00 -8.225286e+00 1.096679e+00
2.387761e+00 -9.214383e+00 1.093651e+00
2.388761e+00 -6.334663e+00 1.090634e+00
2.389761e+00 -8.514387e-01 1.087629e+00
2.390761e+00 5.175942e+00 1.084636e+00
2.391761e+00 9.611579e+00 1.081654e+00
2.392761e+00 1.049399e+01 1.078682e+00
2.393761e+00 7.546017e+00 1.075721e+00
2.394761e+00 2.211116e+00 1.072771e+00
2.395760e+00 -3.894528e+00 1.069831e+00
2.396760e+00 -8.406320e+00 1.066901e+00
2.397760e+00 -9.363434e+00 1.063980e+00
2.398760e+00 -6.437194e+00 1.061069e+00
2.399760e+00 -8.519511e-01 1.058167e+00
2.400760e+00 5.224695e+00 1.055275e+00
2.401760e+00 9.492337e+00 1.052390e+00
2.402760e+00 1.041585e+01 1.049515e+00
2.403760e+00 7.564787e+00 1.046647e+00
2.404760e+00 2.041711e+00 1.043788e+00
2.405759e+00 -3.943014e+00 1.040936e+00
2.406759e+00 -8.327104e+00 1.038092e+00
2.407759e+00 -9.373309e+00 1.035255e+00
2.408759e+00 -6.485180e+00 1.032425e+00
2.409759e+00 -9.036681e-01 1.029602e+00
2.410759e+00 5.106791e+00 1.026786e+00
2.411759e+00 9.388982e+00 1.023975e+00
2.412759e+00 1.032902e+01 1.021171e+00
2.413759e+00 7.548176e+00 1.018373e+00
2.414759e+00 2.041629e+00 1.015579e+00
2.415758e+00 -4.066543e+00 1.012792e+00
2.416758e+00 -8.365823e+00 1.010009e+00
2.417758e+00 -9.445459e+00 1.007231e+00
2.418758e+00 -6.477921e+00 1.004458e+00
2.419758e+00 -9.820328e-01 1.001689e+00
2.420758e+00 5.054701e+00 9.989236e-01
2.421758e+00 9.351397e+00 9.961623e-01
2.422758e+00 1.030696e+01 9.934045e-01
2.423758e+00 7.408367e+00 9.906501e-01
2.424758e+00 2.032296e+00 9.878987e-01
2.425757e+00 -4.099298e+00 9.851500e-01
2.426757e+00 -8.512744e+00 9.824039e-01
2.427757e+00 -9.401533e+00 9.796601e-01
2.428757e+00 -6.718328e+00 9.769184e-01
2.429757e+00 -1.044257e+00 9.741784e-01
2.430757e+00 4.990306e+00 9.714400e-01
2.431757e+00 9.421869e+00 9.687028e-01
2.432757e+00 1.028392e+01 9.659667e-01
2.433757e+00 7.400040e+00 9.632314e-01
2.434757e+00 1.986862e+00 9.604967e-01
2.435756e+00 -4.192067e+00 9.577622e-01
2.436756e+00 -8.562630e+00 9.550279e-01
2.437756e+00 -9.519745e+00 9.522933e-01
2.438756e+00 -6.654280e+00 9.495582e-01
2.439756e+00 -1.267780e+00 9.468225e-01
2.440756e+00 4.952711e+00 9.440859e-01
2.441756e+00 9.287706e+00 9.413480e-01
2.442756e+00 1.023124e+01 9.386088e-01
2.443756e+00 7.446928e+00 9.358678e-01
2.444756e+00 1.869870e+00 9.331250e-01
2.445755e+00 -4.301200e+00 9.303800e-01
2.446755e+00 -8.579625e+00 9.276325e-01
2.447755e+00 -9.596421e+00 9.248825e-01
2.448755e+00 -6.789533e+00 9.221295e-01
2.449755e+00 -1.234189e+00 9.193734e-01
2.450755e+00 4.758908e+00 9.166139e-01
2.451755e+00 9.203318e+00 9.138508e-01
2.452755e+00 1.017072e+01 9.110838e-01
2.453755e+00 7.347405e+00 9.083128e-01
2.454755e+00 1.837703e+00 9.055374e-01
2.455754e+00 -4.255615e+00 9.027574e-01
2.456754e+00 -8.610995e+00 8.999726e-01
2.457754e+00 -9.603147e+00 8.971828e-01
2.458754e+00 -6.840934e+00 8.943876e-01
2.459754e+00 -1.372064e+00 8.915870e-01
2.460754e+00 4.786813e+00 8.887805e-01
2.461754e+00 9.164560e+00 8.859681e-01
2.462754e+00 1.012460e+01 8.831495e-01
2.463754e+00 7.248238e+00 8.803244e-01
2.464754e+00 1.763207e+00 8.774926e-01
2.465753e+00 -4.325527e+00 8.746539e-01
2.466753e+00 -8.664197e+00 8.718081e-01
2.467753e+00 -9.653383e+00 8.689549e-01
2.468753e+00 -6.950881e+00 8.660941e-01
2.469753e+00 -1.346633e+00 8.632255e-01
2.470753e+00 4.681064e+00 8.603488e-01
2.471753e+00 9.072791e+00 8.574639e-01
2.472753e+00 1.005079e+01 8.545704e-01
2.473753e+00 7.177321e+00 8.516683e-01
2.474753e+00 1.655844e+00 8.487572e-01
2.475752e+00 -4.367323e+00 8.458370e-01
2.476752e+00 -8.745657e+00 8.429074e-01
2.477752e+00 -9.821538e+00 8.399683e-01
2.478752e+00 -6.955618e+00 8.370193e-01
2.479752e+00 -1.355534e+00 8.340604e-01
2.480752e+00 4.607159e+00 8.310913e-01
2.481752e+00 9.093390e+00 8.281117e-01
2.482752e+00 1.000298e+01 8.251215e-01
2.483752e+00 7.185967e+00 8.221204e-01
2.484752e+00 1.623856e+00 8.191084e-01
2.485751e+00 -4.490477e+00 8.160851e-01
2.486751e+00 -8.821136e+00 8.130503e-01
2.487751e+00 -9.660747e+00 8.100039e-01
2.488751e+00 -6.971123e+00 8.069457e-01
2.489751e+00 -1.424426e+00 8.038755e-01
2.490751e+00 4.680085e+00 8.007930e-01
2.491751e+00 8.893230e+00 7.976981e-01
2.492751e+00 9.965650e+00 7.945906e-01
2.493751e+00 7.139481e+00 7.914703e-01
2.494751e+00 1.630312e+00 7.883371e-01
2.495750e+00 -4.626299e+00 7.851907e-01
2.496750e+00 -8.934002e+00 7.820309e-01
2.497750e+00 -9.860339e+00 7.788576e-01
2.498750e+00 -7.102057e+00 7.756707e-01
2.499750e+00 -1.572369e+00 7.724698e-01
2.500750e+00 4.590748e+00 7.692549e-01
2.501750e+00 8.850333e+00 7.660258e-01
2.502750e+00 9.895183e+00 7.627823e-01
2.503750e+00 7.065736e+00 7.595243e-01
2.504750e+00 1.489298e+00 7.562515e-01
2.505749e+00 -4.590271e+00 7.529639e-01
2.506749e+00 -8.968300e+00 7.496612e-01
2.507749e+00 -9.937233e+00 7.463434e-01
2.508749e+00 -7.166303e+00 7.430102e-01
2.509749e+00 -1.736553e+00 7.396615e-01
2.510749e+00 4.537629e+00 7.362972e-01
2.511749e+00 8.865430e+00 7.329170e-01
2.512749e+00 9.808057e+00 7.295210e-01
2.513749e+00 7.025432e+00 7.261088e-01
2.514749e+00 1.411938e+00 7.226805e-01
2.515748e+00 -4.600757e+00 7.192358e-01
2.516748e+00 -8.996396e+00 7.157746e-01
2.517748e+00 -9.983237e+00 7.122968e-01
2.518748e+00 -7.152741e+00 7.088023e-01
2.519748e+00 -1.686495e+00 7.052909e-01
2.520748e+00 4.420284e+00 7.017626e-01
2.521748e+00 8.802691e+00 6.982171e-01
2.522748e+00 9.697697e+00 6.946545e-01
2.523748e+00 6.987933e+00 6.910745e-01
2.524748e+00 1.496483e+00 6.874771e-01
2.525747e+00 -4.672647e+00 6.838621e-01
2.526747e+00 -9.003024e+00 6.802296e-01
2.527747e+00 -1.001864e+01 6.765793e-01
2.528747e+00 -7.316175e+00 6.729111e-01
2.529747e+00 -1.750360e+00 6.692250e-01
2.530747e+00 4.358638e+00 6.655210e-01
2.531747e+00 8.776865e+00 6.617988e-01
2.532747e+00 9.671739e+00 6.580585e-01
2.533747e+00 6.936782e+00 6.542999e-01
2.534747e+00 1.295057e+00 6.505230e-01
2.535746e+00 -4.799124e+00 6.467277e-01
2.536746e+00 -9.102204e+00 6.429140e-01
2.537746e+00 -1.010168e+01 6.390817e-01
2.538746e+00 -7.365571e+00 6.352309e-01
2.539746e+00 -1.811485e+00 6.313614e-01
2.540746e+00 4.254504e+00 6.274732e-01
2.541746e+00 8.611470e+00 6.235664e-01
2.542746e+00 9.685192e+00 6.196407e-01
2.543746e+00 6.767050e+00 6.156963e-01
2.544746e+00 1.350189e+00 6.117330e-01
2.545745e+00 -4.812767e+00 6.077509e-01
2.546745e+00 -9.180854e+00 6.037499e-01
2.547745e+00 -1.020405e+01 5.997299e-01
2.548745e+00 -7.420208e+00 5.956911e-01
2.549745e+00 -1.855546e+00 5.916333e-01
2.550745e+00 4.117081e+00 5.875566e-01
2.551745e+00 8.533806e+00 5.834609e-01
2.552745e+00 9.606590e+00 5.793463e-01
2.553745e+00 6.725937e+00 5.752128e-01
2.554745e+00 1.335353e+00 5.710604e-01
2.555744e+00 -4.845070e+00 5.668891e-01
2.556744e+00 -9.270097e+00 5.626989e-01
2.557744e+00 -1.031623e+01 5.584898e-01
2.558744e+00 -7.510486e+00 5.542620e-01
2.559744e+00 -1.976607e+00 5.500154e-01
2.560744e+00 4.130051e+00 5.457501e-01
2.561744e+00 8.532545e+00 5.414662e-01
2.562744e+00 9.519652e+00 5.371636e-01
2.563744e+00 6.641178e+00 5.328425e-01
2.564744e+00 1.247772e+00 5.285028e-01
2.565743e+00 -5.029831e+00 5.241448e-01
2.566743e+00 -9.322643e+00 5.197685e-01
2.567743e+00 -1.024118e+01 5.153739e-01
2.568743e+00 -7.525441e+00 5.109612e-01
2.569743e+00 -2.024499e+00 5.065304e-01
2.570743e+00 4.036105e+00 5.020817e-01
2.571743e+00 8.422837e+00 4.976151e-01
2.572743e+00 9.390877e+00 4.931308e-01
2.573743e+00 6.608786e+00 4.886290e-01
2.574743e+00 1.120449e+00 4.841096e-01
2.575742e+00 -5.010819e+00 4.795729e-01
2.576742e+00 -9.394176e+00 4.750191e-01
2.577742e+00 -1.038867e+01 4.704481e-01
2.578742e+00 -7.558288e+00 4.658604e-01
2.579742e+00 -2.063776e+00 4.612558e-01
2.580742e+00 4.090700e+00 4.566348e-01
2.581742e+00 8.407430e+00 4.519973e-01
2.582742e+00 9.416686e+00 4.473437e-01
2.583742e+00 6.556844e+00 4.426741e-01
2.584742e+00 1.116179e+00 4.379887e-01
2.585741e+00 -5.048564e+00 4.332876e-01
2.586741e+00 -9.436245e+00 4.285713e-01
2.587741e+00 -1.044593e+01 4.238397e-01
2.588741e+00 -7.669606e+00 4.190932e-01
2.589741e+00 -2.134679e+00 4.143320e-01
2.590741e+00 3.949012e+00 4.095564e-01
2.591741e+00 8.394068e+00 4.047666e-01
2.592741e+00 9.369949e+00 3.999628e-01
2.593741e+00 6.434879e+00 3.951454e-01
2.594741e+00 1.145708e+00 3.903146e-01
2.595740e+00 -5.094245e+00 3.854707e-01
2.596740e+00 -9.519231e+00 3.806139e-01
2.597740e+00 -1.040009e+01 3.757446e-01
2.598740e+00 -7.656034e+00 3.708631e-01
2.599740e+00 -2.187504e+00 3.659697e-01
2.600740e+00 3.831659e+00 3.610647e-01
2.601740e+00 8.360180e+00 3.561485e-01
2.602740e+00 9.284239e+00 3.512214e-01
2.603740e+00 6.616539e+00 3.462837e-01
2.604740e+00 9.792618e-01 3.413359e-01
2.605739e+00 -5.131576e+00 3.363782e-01
2.606739e+00 -9.497866e+00 3.314110e-01
2.607739e+00 -1.050619e+01 3.264348e-01
2.608739e+00 -7.722223e+00 3.214499e-01
2.609739e+00 -2.299748e+00 3.164567e-01
2.610739e+00 3.979360e+00 3.114556e-01
2.611739e+00 8.182292e+00 3.064470e-01
2.612739e+00 9.201863e+00 3.014314e-01
2.613739e+00 6.444597e+00 2.964093e-01
2.614739e+00 9.465979e-01 2.913809e-01
2.615738e+00 -5.137658e+00 2.863468e-01
2.616738e+00 -9.665155e+00 2.813075e-01
2.617738e+00 -1.050942e+01 2.762634e-01
2.618738e+00 -7.768470e+00 2.712150e-01
2.619738e+00 -2.307419e+00 2.661627e-01
2.620738e+00 3.742027e+00 2.611072e-01
2.621738e+00 8.171060e+00 2.560487e-01
2.622738e+00 9.204084e+00 2.509880e-01
2.623738e+00 6.430221e+00 2.459254e-01
2.624738e+00 9.574356e-01 2.408615e-01
2.625737e+00 -5.175328e+00 2.357969e-01
2.626737e+00 -9.644506e+00 2.307321e-01
2.627737e+00 -1.053864e+01 2.256676e-01
2.628737e+00 -7.950439e+00 2.206040e-01
2.629737e+00 -2.393019e+00 2.155418e-01
2.630737e+00 3.790214e+00 2.104817e-01
2.631737e+00 8.314780e+00 2.054241e-01
2.632737e+00 9.209496e+00 2.003698e-01
2.633737e+00 6.349808e+00 1.953192e-01
2.634737e+00 8.864739e-01 1.902730e-01
2.635736e+00 -5.265961e+00 1.852318e-01
2.636736e+00 -9.646500e+00 1.801962e-01
2.637736e+00 -1.064696e+01 1.751668e-01
2.638736e+00 -7.863280e+00 1.701443e-01
2.639736e+00 -2.435222e+00 1.651293e-01
2.640736e+00 3.643105e+00 1.601224e-01
2.641736e+00 8.130387e+00 1.551242e-01
2.642736e+00 9.135945e+00 1.501355e-01
2.643736e+00 6.363772e+00 1.451569e-01
2.644736e+00 8.596885e-01 1.401891e-01
2.645735e+00 -5.199840e+00 1.352326e-01
2.646735e+00 -9.624587e+00 1.302883e-01
2.647735e+00 -1.068653e+01 1.253567e-01
2.648735e+00 -7.970343e+00 1.204387e-01
2.649735e+00 -2.546722e+00 1.155347e-01
2.650735e+00 3.610227e+00 1.106456e-01
2.651735e+00 8.051712e+00 1.057721e-01
2.652735e+00 9.098652e+00 1.009149e-01
2.653735e+00 6.386361e+00 9.607456e-02
2.654735e+00 8.386027e-01 9.125194e-02
2.655734e+00 -5.251834e+00 8.644772e-02
2.656734e+00 -9.733994e+00 8.166261e-02
2.657734e+00 -1.077220e+01 7.689733e-02
2.658734e+00 -8.038026e+00 7.215261e-02
2.659734e+00 -2.518383e+00 6.742918e-02
2.660734e+00 3.622597e+00 6.272777e-02
2.661734e+00 8.007226e+00 5.804911e-02
2.662734e+00 9.096206e+00 5.339394e-02
2.663734e+00 6.270217e+00 4.876299e-02
2.664734e+00 8.555395e-01 4.415700e-02
2.665733e+00 -5.282678e+00 3.957671e-02
2.666733e+00 -9.840288e+00 3.502286e-02
2.667733e+00 -1.075050e+01 3.049619e-02
2.668733e+00 -7.902868e+00 2.599745e-02
2.669733e+00 -2.614731e+00 2.152737e-02
2.670733e+00 3.535299e+00 1.708671e-02
2.671733e+00 8.022735e+00 1.267619e-02
2.672733e+00 9.024389e+00 8.296569e-03
2.673733e+00 6.263787e+00 3.948583e-03
2.674733e+00 7.615700e-01 -3.670264e-04
2.675732e+00 -5.321887e+00 -4.649519e-03
2.676732e+00 -9.795725e+00 -8.898157e-03
2.677732e+00 -1.080336e+01 -1.311220e-02
2.678732e+00 -8.050278e+00 -1.729092e-02
2.679732e+00 -2.546369e+00 -2.143357e-02
2.680732e+00 3.573448e+00 -2.553944e-02
2.681732e+00 7.926106e+00 -2.960778e-02
2.682732e+00 9.017420e+00 -3.363787e-02
2.683732e+00 6.287652e+00 -3.762899e-02
2.684732e+00 7.526663e-01 -4.158042e-02
2.685731e+00 -5.398827e+00 -4.549143e-02
2.686731e+00 -9.817128e+00 -4.936132e-02
2.687731e+00 -1.081598e+01 -5.318938e-02
2.688731e+00 -8.104698e+00 -5.697489e-02
2.689731e+00 -2.631963e+00 -6.071716e-02
2.690731e+00 3.493243e+00 -6.441548e-02
2.691731e+00 7.945788e+00 -6.806917e-02
2.692731e+00 8.924506e+00 -7.167753e-02
2.693731e+00 6.141181e+00 -7.523987e-02
2.694731e+00 6.961090e-01 -7.875552e-02
2.695730e+00 -5.392745e+00 -8.222381e-02
2.696730e+00 -9.864767e+00 -8.564406e-02
2.697730e+00 -1.087654e+01 -8.901560e-02
2.698730e+00 -8.094115e+00 -9.233779e-02
2.699730e+00 -2.648955e+00 -9.560996e-02
2.700730e+00 3.474440e+00 -9.883147e-02
2.701730e+00 7.958437e+00 -1.020017e-01
2.702730e+00 8.904434e+00 -1.051199e-01
2.703730e+00 6.221855e+00 -1.081856e-01
2.704730e+00 8.056566e-01 -1.111981e-01
2.705729e+00 -5.372945e+00 -1.141568e-01
2.706729e+00 -9.750430e+00 -1.170611e-01
2.707729e+00 -1.086426e+01 -1.199103e-01
2.708729e+00 -8.103019e+00 -1.227040e-01
2.709729e+00 -2.665756e+00 -1.254414e-01
2.710729e+00 3.358404e+00 -1.281220e-01
2.711729e+00 7.838709e+00 -1.307453e-01
2.712729e+00 8.996353e+00 -1.333106e-01
2.713729e+00 6.195879e+00 -1.358174e-01
2.714729e+00 7.178668e-01 -1.382651e-01
2.715728e+00 -5.462121e+00 -1.406532e-01
2.716728e+00 -9.859108e+00 -1.429812e-01
2.717728e+00 -1.086614e+01 -1.452485e-01
2.718728e+00 -8.053361e+00 -1.474546e-01
2.719728e+00 -2.718769e+00 -1.495990e-01
2.720728e+00 3.432881e+00 -1.516811e-01
2.721728e+00 7.877816e+00 -1.537004e-01
2.722728e+00 8.937944e+00 -1.556566e-01
2.723728e+00 6.197876e+00 -1.575489e-01
2.724728e+00 7.001580e-01 -1.593771e-01
2.725727e+00 -5.397619e+00 -1.611405e-01
2.726727e+00 -9.825971e+00 -1.628388e-01
2.727727e+00 -1.089612e+01 -1.644715e-01
2.728727e+00 -8.132137e+00 -1.660381e-01
2.729727e+00 -2.756546e+00 -1.675382e-01
2.730727e+00 3.395240e+00 -1.689713e-01
2.731727e+00 7.838955e+00 -1.703369e-01
2.732727e+00 8.898951e+00 -1.716348e-01
2.733727e+00 6.225466e+00 -1.728645e-01
2.734727e+00 7.251487e-01 -1.740254e-01
2.735726e+00 -5.409546e+00 -1.751174e-01
2.736726e+00 -9.840258e+00 -1.761398e-01
2.737726e+00 -1.089291e+01 -1.770925e-01
2.738726e+00 -8.221531e+00 -1.779749e-01
2.739726e+00 -2.801907e+00 -1.787867e-01
2.740726e+00 3.398428e+00 -1.795275e-01
2.741726e+00 7.756869e+00 -1.801970e-01
2.742726e+00 8.872331e+00 -1.807948e-01
2.743726e+00 6.082382e+00 -1.813206e-01
2.744726e+00 6.732706e-01 -1.817739e-01
2.745725e+00 -5.344078e+00 -1.821546e-01
2.746725e+00 -9.956485e+00 -1.824622e-01
2.747725e+00 -1.099177e+01 -1.826965e-01
2.748725e+00 -8.175150e+00 -1.828570e-01
2.749725e+00 -2.705429e+00 -1.829436e-01
2.750725e+00 3.491889e+00 -1.829558e-01
2.751725e+00 7.929739e+00 -1.828935e-01
2.752725e+00 8.914053e+00 -1.827562e-01
2.753725e+00 6.195857e+00 -1.825437e-01
2.754725e+00 6.768633e-01 -1.822558e-01
2.755724e+00 -5.379043e+00 -1.818921e-01
2.756724e+00 -9.829887e+00 -1.814524e-01
2.757724e+00 -1.097613e+01 -1.809364e-01
2.758724e+00 -8.176246e+00 -1.803439e-01
2.759724e+00 -2.702380e+00 -1.796746e-01
2.760724e+00 3.370296e+00 -1.789282e-01
2.761724e+00 7.711846e+00 -1.781045e-01
2.762724e+00 8.945083e+00 -1.772033e-01
2.763724e+00 6.263004e+00 -1.762242e-01
2.764724e+00 7.914501e-01 -1.751672e-01
2.765723e+00 -5.393167e+00 -1.740320e-01
2.766723e+00 -9.848096e+00 -1.728182e-01
2.767723e+00 -1.085622e+01 -1.715259e-01
2.768723e+00 -8.248177e+00 -1.701546e-01
2.769723e+00 -2.714022e+00 -1.687042e-01
2.770723e+00 3.385393e+00 -1.671745e-01
2.771723e+00 7.839298e+00 -1.655653e-01
2.772723e+00 8.859985e+00 -1.638764e-01
2.773723e+00 6.180807e+00 -1.621076e-01
2.774723e+00 6.595931e-01 -1.602587e-01
2.775722e+00 -5.386719e+00 -1.583295e-01
2.776722e+00 -9.764218e+00 -1.563199e-01
2.777722e+00 -1.089759e+01 -1.542296e-01
2.778722e+00 -8.213227e+00 -1.520585e-01
2.779722e+00 -2.746404e+00 -1.498065e-01
2.780722e+00 3.319570e+00 -1.474732e-01
2.781722e+00 7.856020e+00 -1.450587e-01
2.782722e+00 8.943829e+00 -1.425626e-01
2.783722e+00 6.247032e+00 -1.399849e-01
2.784722e+00 7.890115e-01 -1.373254e-01
2.785721e+00 -5.430867e+00 -1.345839e-01
2.786721e+00 -9.858278e+00 -1.317603e-01
2.787721e+00 -1.096428e+01 -1.288544e-01
2.788721e+00 -8.237633e+00 -1.258661e-01
2.789721e+00 -2.695256e+00 -1.227953e-01
2.790721e+00 3.347664e+00 -1.196417e-01
2.791721e+00 7.905965e+00 -1.164052e-01
2.792721e+00 8.980640e+00 -1.130858e-01
2.793721e+00 6.200993e+00 -1.096833e-01
2.794721e+00 7.730759e-01 -1.061974e-01
2.795720e+00 -5.330977e+00 -1.026282e-01
2.796720e+00 -9.772156e+00 -9.897543e-02
2.797720e+00 -1.090893e+01 -9.523900e-02
2.798720e+00 -8.155559e+00 -9.141877e-02
2.799720e+00 -2.708271e+00 -8.751462e-02
2.800720e+00 3.391462e+00 -8.352642e-02
2.801720e+00 7.868543e+00 -7.945405e-02
2.802720e+00 8.900884e+00 -7.529738e-02
2.803720e+00 6.231807e+00 -7.105630e-02
2.804720e+00 8.355083e-01 -6.673067e-02
2.805719e+00 -5.317513e+00 -6.232039e-02
2.806719e+00 -9.711497e+00 -5.782533e-02
2.807719e+00 -1.079331e+01 -5.324538e-02
2.808719e+00 -8.066749e+00 -4.858041e-02
2.809719e+00 -2.719063e+00 -4.383032e-02
2.810719e+00 3.459324e+00 -3.899499e-02
2.811719e+00 7.850100e+00 -3.407431e-02
2.812719e+00 9.023786e+00 -2.906816e-02
2.813719e+00 6.309019e+00 -2.397644e-02
2.814719e+00 7.659127e-01 -1.879902e-02
2.815718e+00 -5.304087e+00 -1.353581e-02
2.816718e+00 -9.735057e+00 -8.186691e-03
2.817718e+00 -1.083378e+01 -2.751555e-03
2.818718e+00 -8.122922e+00 2.769706e-03
2.819718e+00 -2.654962e+00 8.377198e-03
2.820718e+00 3.397249e+00 1.407103e-02
2.821718e+00 7.933107e+00 1.985130e-02
2.822718e+00 8.992239e+00 2.571813e-02
2.823718e+00 6.324235e+00 3.167161e-02
2.824718e+00 8.655541e-01 3.771185e-02
2.825717e+00 -5.281645e+00 4.383896e-02
2.826717e+00 -9.716104e+00 5.005303e-02
2.827717e+00 -1.077307e+01 5.635417e-02
2.828717e+00 -8.129618e+00 6.274249e-02
2.829717e+00 -2.614706e+00 6.921808e-02
2.830717e+00 3.507509e+00 7.578104e-02
2.831717e+00 7.989348e+00 8.243148e-02
2.832717e+00 8.982814e+00 8.916950e-02
2.833717e+00 6.437703e+00 9.599519e-02
2.834717e+00 8.953684e-01 1.029087e-01
2.835716e+00 -5.253290e+00 1.099100e-01
2.836716e+00 -9.693119e+00 1.169993e-01
2.837716e+00 -1.067311e+01 1.241767e-01
2.838716e+00 -8.096532e+00 1.314422e-01
2.839716e+00 -2.649269e+00 1.387960e-01
2.840716e+00 3.505250e+00 1.462382e-01
2.841716e+00 7.932287e+00 1.537688e-01
2.842716e+00 9.064611e+00 1.613879e-01
2.843716e+00 6.403935e+00 1.690957e-01
2.844716e+00 9.552706e-01 1.768922e-01
2.845715e+00 -5.219202e+00 1.847775e-01
2.846715e+00 -9.641413e+00 1.927517e-01
2.847715e+00 -1.064251e+01 2.008149e-01
2.848715e+00 -8.131898e+00 2.089672e-01
2.849715e+00 -2.635373e+00 2.172087e-01
2.850715e+00 3.614121e+00 2.255394e-01
2.851715e+00 8.009538e+00 2.339594e-01
2.852715e+00 9.247771e+00 2.424688e-01
2.853715e+00 6.419770e+00 2.510678e-01
2.854715e+00 9.512538e-01 2.597563e-01
2.855714e+00 -5.102263e+00 2.685344e-01
2.856714e+00 -9.473801e+00 2.774023e-01
2.857714e+00 -1.067247e+01 2.863600e-01
2.858714e+00 -8.035660e+00 2.954075e-01
2.859714e+00 -2.487124e+00 3.045449e-01
2.860714e+00 3.686243e+00 3.137724e-01
2.861714e+00 8.005021e+00 3.230899e-01
2.862714e+00 9.122451e+00 3.324975e-01
2.863714e+00 6.498301e+00 3.419953e-01
2.864714e+00 1.052699e+00 3.515833e-01
2.865713e+00 -5.077748e+00 3.612616e-01
2.866713e+00 -9.624745e+00 3.710302e-01
2.867713e+00 -1.069642e+01 3.808892e-01
2.868713e+00 -7.931342e+00 3.908386e-01
2.869713e+00 -2.569808e+00 4.008785e-01
2.870713e+00 3.591619e+00 4.110089e-01
2.871713e+00 8.104339e+00 4.212298e-01
2.872713e+00 9.148818e+00 4.315412e-01
2.873713e+00 6.512246e+00 4.419432e-01
2.874713e+00 1.088007e+00 4.524357e-01
2.875712e+00 -5.020729e+00 4.630189e-01
2.876712e+00 -9.470757e+00 4.736927e-01
2.877712e+00 -1.057827e+01 4.844571e-01
2.878712e+00 -7.911073e+00 4.953120e-01
2.879712e+00 -2.473135e+00 5.062576e-01
2.880712e+00 3.544087e+00 5.172937e-01
2.881712e+00 8.173566e+00 5.284204e-01
2.882712e+00 9.287321e+00 5.396377e-01
2.883712e+00 6.614620e+00 5.509454e-01
2.884712e+00 1.217536e+00 5.623436e-01
2.885711e+00 -5.017899e+00 5.738322e-01
2.886711e+00 -9.383214e+00 5.854111e-01
2.887711e+00 -1.056916e+01 5.970803e-01
2.888711e+00 -7.879272e+00 6.088398e-01
2.889711e+00 -2.464573e+00 6.206894e-01
2.890711e+00 3.698869e+00 6.326291e-01
2.891711e+00 8.224239e+00 6.446587e-01
2.892711e+00 9.290621e+00 6.567782e-01
2.893711e+00 6.683547e+00 6.689875e-01
2.894711e+00 1.140670e+00 6.812864e-01
2.895710e+00 -4.963134e+00 6.936748e-01
2.896710e+00 -9.388983e+00 7.061525e-01
2.897710e+00 -1.053806e+01 7.187195e-01
2.898710e+00 -7.814790e+00 7.313755e-01
2.899710e+00 -2.439855e+00 7.441204e-01
2.900710e+00 3.581963e+00 7.569540e-01
2.901710e+00 8.257517e+00 7.698761e-01
2.902710e+00 9.326874e+00 7.828864e-01
2.903710e+00 6.750594e+00 7.959849e-01
2.904710e+00 1.316421e+00 8.091712e-01
2.905709e+00 -4.892339e+00 8.224450e-01
2.906709e+00 -9.311833e+00 8.358063e-01
2.907709e+00 -1.051002e+01 8.492546e-01
2.908709e+00 -7.793164e+00 8.627896e-01
2.909709e+00 -2.272479e+00 8.764112e-01
2.910709e+00 3.650322e+00 8.901190e-01
2.911709e+00 8.340230e+00 9.039126e-01
2.912709e+00 9.444485e+00 9.177917e-01
2.913709e+00 6.666356e+00 9.317559e-01
2.914709e+00 1.334037e+00 9.458050e-01
2.915708e+00 -4.874169e+00 9.599384e-01
2.916708e+00 -9.340325e+00 9.741559e-01
2.917708e+00 -1.045677e+01 9.884569e-01
2.918708e+00 -7.770507e+00 1.002841e+00
2.919708e+00 -2.360415e+00 1.017308e+00
2.920708e+00 3.849071e+00 1.031857e+00
2.921708e+00 8.349031e+00 1.046488e+00
2.922708e+00 9.411520e+00 1.061200e+00
2.923708e+00 6.739830e+00 1.075992e+00
2.924708e+00 1.428004e+00 1.090865e+00
2.925707e+00 -4.738188e+00 1.105817e+00
2.926707e+00 -9.232625e+00 1.120849e+00
2.927707e+00 -1.043973e+01 1.135958e+00
2.928707e+00 -7.658445e+00 1.151146e+00
2.929707e+00 -2.254313e+00 1.166410e+00
2.930707e+00 3.917362e+00 1.181751e+00
2.931707e+00 8.369952e+00 1.197168e+00
2.932707e+00 9.512093e+00 1.212660e+00
2.933707e+00 6.882429e+00 1.228226e+00
2.934707e+00 1.456130e+00 1.243866e+00
2.935706e+00 -4.704850e+00 1.259579e+00
2.936706e+00 -9.169642e+00 1.275363e+00
2.937706e+00 -1.030165e+01 1.291219e+00
2.938706e+00 -7.662871e+00 1.307146e+00
2.939706e+00 -2.111687e+00 1.323141e+00
2.940706e+00 3.934929e+00 1.339206e+00
2.941706e+00 8.424200e+00 1.355338e+00
2.942706e+00 9.569338e+00 1.371537e+00
2.943706e+00 7.024833e+00 1.387802e+00
2.944706e+00 1.462898e+00 1.404132e+00
2.945705e+00 -4.625804e+00 1.420525e+00
2.946705e+00 -9.093285e+00 1.436982e+00
2.947705e+00 -1.019241e+01 1.453500e+00
2.948705e+00 -7.560292e+00 1.470079e+00
2.949705e+00 -2.125599e+00 1.486718e+00
2.950705e+00 3.899211e+00 1.503415e+00
2.951705e+00 8.523146e+00 1.520170e+00
2.952705e+00 9.624338e+00 1.536981e+00
2.953705e+00 6.952930e+00 1.553847e+00
2.954705e+00 1.536380e+00 1.570767e+00
2.955704e+00 -4.588539e+00 1.587740e+00
2.956704e+00 -9.006487e+00 1.604764e+00
2.957704e+00 -1.017763e+01 1.621838e+00
2.958704e+00 -7.472564e+00 1.638961e+00
2.959704e+00 -2.063606e+00 1.656131e+00
2.960704e+00 4.070879e+00 1.673348e+00
2.961704e+00 8.506917e+00 1.690609e+00
2.962704e+00 9.656540e+00 1.707914e+00
2.963704e+00 7.112127e+00 1.725260e+00
2.964704e+00 1.702083e+00 1.742647e+00
2.965703e+00 -4.546026e+00 1.760073e+00
2.966703e+00 -9.059352e+00 1.777537e+00
2.967703e+00 -1.004934e+01 1.795037e+00
2.968703e+00 -7.483687e+00 1.812571e+00
2.969703e+00 -2.042710e+00 1.830138e+00
2.970703e+00 4.096396e+00 1.847736e+00
2.971703e+00 8.679768e+00 1.865364e+00
2.972703e+00 9.702439e+00 1.883021e+00
2.973703e+00 6.994784e+00 1.900704e+00
2.974703e+00 1.626116e+00 1.918412e+00
2.975702e+00 -4.511322e+00 1.936143e+00
2.976702e+00 -8.926032e+00 1.953895e+00
2.977702e+00 -1.011751e+01 1.971668e+00
2.978702e+00 -7.419951e+00 1.989458e+00
2.979702e+00 -1.974964e+00 2.007265e+00
2.980702e+00 4.204756e+00 2.025087e+00
2.981702e+00 8.666885e+00 2.042921e+00
2.982702e+00 9.772178e+00 2.060766e+00
2.983702e+00 7.270068e+00 2.078621e+00
2.984702e+00 1.659820e+00 2.096483e+00
2.985701e+00 -4.411044e+00 2.114351e+00
2.986701e+00 -8.769857e+00 2.132222e+00
2.987701e+00 -1.010141e+01 2.150096e+00
2.988701e+00 -7.427290e+00 2.167969e+00
2.989701e+00 -1.898646e+00 2.185840e+00
2.990701e+00 4.148482e+00 2.203708e+00
2.991701e+00 8.707320e+00 2.221570e+00
2.992701e+00 9.915206e+00 2.239425e+00
2.993701e+00 7.238507e+00 2.257270e+00
2.994701e+00 1.793061e+00 2.275104e+00
2.995700e+00 -4.346792e+00 2.292924e+00
2.996700e+00 -8.840423e+00 2.310729e+00
2.997700e+00 -9.971650e+00 2.328517e+00
2.998700e+00 -7.307437e+00 2.346286e+00
2.999700e+00 -1.837531e+00 2.364034e+00
3.000700e+00 4.186962e+00 2.381759e+00
3.001700e+00 8.772943e+00 2.399459e+00
3.002700e+00 9.876937e+00 2.417132e+00
3.003700e+00 7.269410e+00 2.434776e+00
3.004700e+00 1.914783e+00 2.452390e+00
3.005699e+00 -4.238002e+00 2.469970e+00
3.006699e+00 -8.685865e+00 2.487516e+00
3.007699e+00 -9.847026e+00 2.505025e+00
3.008699e+00 -7.223922e+00 2.522496e+00
3.009699e+00 -1.784100e+00 2.539927e+00
3.010699e+00 4.263452e+00 2.557314e+00
3.011699e+00 8.830839e+00 2.574658e+00
3.012699e+00 9.977245e+00 2.591955e+00
3.013699e+00 7.405935e+00 2.609205e+00
3.014699e+00 2.079140e+00 2.626404e+00
3.015698e+00 -4.127176e+00 2.643551e+00
3.016698e+00 -8.768389e+00 2.660645e+00
3.017698e+00 -9.768719e+00 2.677683e+00
3.018698e+00 -7.268591e+00 2.694663e+00
3.019698e+00 -1.669174e+00 2.711585e+00
3.020698e+00 4.346600e+00 2.728445e+00
3.021698e+00 8.875974e+00 2.745242e+00
3.022698e+00 1.003769e+01 2.761975e+00
3.023698e+00 7.466650e+00 2.778641e+00
3.024698e+00 2.104561e+00 2.795239e+00
3.025697e+00 -4.064534e+00 2.811768e+00
3.026697e+00 -8.583089e+00 2.828225e+00
3.027697e+00 -9.743142e+00 2.844608e+00
3.028697e+00 -7.083828e+00 2.860917e+00
3.029697e+00 -1.699964e+00 2.877149e+00
3.030697e+00 4.371892e+00 2.893303e+00
3.031697e+00 9.016728e+00 2.909377e+00
3.032697e+00 1.016569e+01 2.925370e+00
3.033697e+00 7.509897e+00 2.941280e+00
3.034697e+00 2.139989e+00 2.957105e+00
3.035696e+00 -4.038891e+00 2.972845e+00
3.036696e+00 -8.565417e+00 2.988497e+00
3.037696e+00 -9.607150e+00 3.004061e+00
3.038696e+00 -7.049313e+00 3.019534e+00
3.039696e+00 -1.646202e+00 3.034916e+00
3.040696e+00 4.429335e+00 3.050205e+00
3.041696e+00 9.097928e+00 3.065399e+00
3.042696e+00 1.023648e+01 3.080498e+00
3.043696e+00 7.488583e+00 3.095500e+00
3.044696e+00 2.199486e+00 3.110404e+00
3.045695e+00 -3.883611e+00 3.125209e+00
3.046695e+00 -8.434600e+00 3.139913e+00
3.047695e+00 -9.658604e+00 3.154515e+00
3.048695e+00 -6.954708e+00 3.169015e+00
3.049695e+00 -1.541732e+00 3.183411e+00
3.050695e+00 4.549399e+00 3.197702e+00
3.051695e+00 9.107659e+00 3.211887e+00
3.052695e+00 1.020114e+01 3.225965e+00
3.053695e+00 7.764063e+00 3.239935e+00
3.054695e+00 2.277226e+00 3.253796e+00
3.055694e+00 -3.868273e+00 3.267548e+00
3.056694e+00 -8.307519e+00 3.281188e+00
3.057694e+00 -9.564988e+00 3.294718e+00
3.058694e+00 -7.053950e+00 3.308135e+00
3.059694e+00 -1.509592e+00 3.321439e+00
3.060694e+00 4.639192e+00 3.334629e+00
3.061694e+00 9.171802e+00 3.347704e+00
3.062694e+00 1.022353e+01 3.360665e+00
3.063694e+00 7.625781e+00 3.373509e+00
3.064694e+00 2.297981e+00 3.386237e+00
3.065693e+00 -3.796738e+00 3.398848e+00
3.066693e+00 -8.275198e+00 3.411342e+00
3.067693e+00 -9.474626e+00 3.423717e+00
3.068693e+00 -6.929587e+00 3.435973e+00
3.069693e+00 -1.457970e+00 3.448111e+00
3.070693e+00 4.652907e+00 3.460128e+00
3.071693e+00 9.209065e+00 3.472026e+00
3.072693e+00 1.032866e+01 3.483803e+00
3.073693e+00 7.812462e+00 3.495460e+00
3.074693e+00 2.316095e+00 3.506995e+00
3.075692e+00 -3.819981e+00 3.518409e+00
3.076692e+00 -8.293038e+00 3.529701e+00
3.077692e+00 -9.462788e+00 3.540871e+00
3.078692e+00 -6.887531e+00 3.551919e+00
3.079692e+00 -1.482662e+00 3.562845e+00
3.080692e+00 4.709910e+00 3.573648e+00
3.081692e+00 9.258636e+00 3.584329e+00
3.082692e+00 1.041181e+01 3.594887e+00
3.083692e+00 7.888880e+00 3.605322e+00
3.084692e+00 2.581459e+00 3.615633e+00
3.085691e+00 -3.720563e+00 3.625822e+00
3.086691e+00 -8.266812e+00 3.635888e+00
3.087691e+00 -9.458658e+00 3.645830e+00
3.088691e+00 -6.804773e+00 3.655649e+00
3.089691e+00 -1.397159e+00 3.665346e+00
3.090691e+00 4.741244e+00 3.674919e+00
3.091691e+00 9.326181e+00 3.684369e+00
3.092691e+00 1.043407e+01 3.693697e+00
3.093691e+00 7.893227e+00 3.702901e+00
3.094691e+00 2.458305e+00 3.711983e+00
3.095690e+00 -3.615067e+00 3.720943e+00
3.096690e+00 -8.131101e+00 3.729780e+00
3.097690e+00 -9.343005e+00 3.738495e+00
3.098690e+00 -6.839463e+00 3.747088e+00
3.099690e+00 -1.391691e+00 3.755559e+00
3.100690e+00 4.801260e+00 3.763908e+00
3.101690e+00 9.390085e+00 3.772137e+00
3.102690e+00 1.060792e+01 3.780244e+00
3.103690e+00 8.011089e+00 3.788230e+00
3.104690e+00 2.634002e+00 3.796095e+00
3.105689e+00 -3.663196e+00 3.803841e+00
3.106689e+00 -8.063970e+00 3.811466e+00
3.107689e+00 -9.300359e+00 3.818972e+00
3.108689e+00 -6.620665e+00 3.826358e+00
3.109689e+00 -1.280871e+00 3.833625e+00
3.110689e+00 4.901562e+00 3.840773e+00
3.111689e+00 9.359629e+00 3.847803e+00
3.112689e+00 1.053706e+01 3.854715e+00
3.113689e+00 7.935809e+00 3.861510e+00
3.114689e+00 2.628337e+00 3.868187e+00
3.115688e+00 -3.501084e+00 3.874747e+00
3.116688e+00 -8.048175e+00 3.881190e+00
3.117688e+00 -9.349312e+00 3.887517e+00
3.118688e+00 -6.667402e+00 3.893729e+00
3.119688e+00 -1.254198e+00 3.899825e+00
3.120688e+00 4.903896e+00 3.905806e+00
3.121688e+00 9.439225e+00 3.911672e+00
3.122688e+00 1.068362e+01 3.917425e+00
3.123688e+00 8.055588e+00 3.923063e+00
3.124688e+00 2.588473e+00 3.928588e+00
3.125687e+00 -3.410044e+00 3.934001e+00
3.126687e+00 -8.032621e+00 3.939300e+00
3.127687e+00 -9.206084e+00 3.944488e+00
3.128687e+00 -6.538481e+00 3.949564e+00
3.129687e+00 -1.292502e+00 3.954529e+00
3.130687e+00 4.931468e+00 3.959383e+00
3.131687e+00 9.441602e+00 3.964127e+00
3.132687e+00 1.072206e+01 3.968760e+00
3.133687e+00 8.102690e+00 3.973284e+00
3.134687e+00 2.749041e+00 3.977700e+00
3.135686e+00 -3.435979e+00 3.982006e+00
3.136686e+00 -8.059800e+00 3.986204e+00
3.137686e+00 -9.235578e+00 3.990295e+00
3.138686e+00 -6.576849e+00 3.994278e+00
3.139686e+00 -1.177341e+00 3.998154e+00
3.140686e+00 4.907928e+00 4.001924e+00
3.141686e+00 9.490559e+00 4.005587e+00
3.142686e+00 1.078818e+01 4.009145e+00
3.143686e+00 8.175615e+00 4.012598e+00
3.144686e+00 2.738774e+00 4.015946e+00
3.145685e+00 -3.391490e+00 4.019189e+00
3.146685e+00 -7.956622e+00 4.022329e+00
3.147685e+00 -9.134729e+00 4.025365e+00
3.148685e+00 -6.517077e+00 4.028297e+00
3.149685e+00 -1.186686e+00 4.031127e+00
3.150685e+00 5.029075e+00 4.033855e+00
3.151685e+00 9.555399e+00 4.036480e+00
3.152685e+00 1.070787e+01 4.039004e+00
3.153685e+00 8.192558e+00 4.041427e+00
3.154685e+00 2.738760e+00 4.043749e+00
3.155684e+00 -3.408479e+00 4.045971e+00
3.156684e+00 -7.838963e+00 4.048092e+00
3.157684e+00 -9.075366e+00 4.050114e+00
3.158684e+00 -6.485455e+00 4.052036e+00
3.159684e+00 -1.111397e+00 4.053860e+00
3.160684e+00 4.934187e+00 4.055585e+00
3.161684e+00 9.509692e+00 4.057211e+00
3.162684e+00 1.077846e+01 4.058740e+00
3.163684e+00 8.160641e+00 4.060171e+00
3.164684e+00 2.863901e+00 4.061505e+00
3.165683e+00 -3.256092e+00 4.062742e+00
3.166683e+00 -7.871125e+00 4.063883e+00
3.167683e+00 -9.176092e+00 4.064927e+00
3.168683e+00 -6.458123e+00 4.065875e+00
3.169683e+00 -1.095332e+00 4.066728e+00
3.170683e+00 4.958303e+00 4.067485e+00
3.171683e+00 9.599424e+00 4.068147e+00
3.172683e+00 1.082557e+01 4.068715e+00
3.173683e+00 8.210798e+00 4.069188e+00
3.174683e+00 2.808141e+00 4.069567e+00
3.175682e+00 -3.183191e+00 4.069852e+00
3.176682e+00 -7.812426e+00 4.070044e+00
3.177682e+00 -8.984197e+00 4.070142e+00
3.178682e+00 -6.472671e+00 4.070147e+00
3.179682e+00 -1.119832e+00 4.070059e+00
3.180682e+00 5.045000e+00 4.069879e+00
3.181682e+00 9.600532e+00 4.069606e+00
3.182682e+00 1.087142e+01 4.069241e+00
3.183682e+00 8.329368e+00 4.068785e+00
3.184682e+00 2.963705e+00 4.068237e+00
3.185681e+00 -3.170625e+00 4.067597e+00
3.186681e+00 -7.747484e+00 4.066866e+00
3.187681e+00 -9.078528e+00 4.066044e+00
3.188681e+00 -6.423826e+00 4.065131e+00
3.189681e+00 -1.061258e+00 4.064128e+00
3.190681e+00 5.184770e+00 4.063034e+00
3.191681e+00 9.591081e+00 4.061850e+00
3.192681e+00 1.091779e+01 4.060576e+00
3.193681e+00 8.302039e+00 4.059212e+00
3.194681e+00 2.941839e+00 4.057758e+00
3.195680e+00 -3.211767e+00 4.056215e+00
3.196680e+00 -7.663952e+00 4.054582e+00
3.197680e+00 -9.010470e+00 4.052860e+00
3.198680e+00 -6.459186e+00 4.051049e+00
3.199680e+00 -1.042642e+00 4.049149e+00
3.200680e+00 5.086779e+00 4.047160e+00
3.201680e+00 9.679533e+00 4.045083e+00
3.202680e+00 1.092577e+01 4.042916e+00
3.203680e+00 8.360694e+00 4.040661e+00
3.204680e+00 3.025626e+00 4.038318e+00
3.205679e+00 -3.205440e+00 4.035887e+00
3.206679e+00 -7.688225e+00 4.033367e+00
3.207679e+00 -8.969807e+00 4.030759e+00
3.208679e+00 -6.464080e+00 4.028063e+00
3.209679e+00 -1.024726e+00 4.025280e+00
3.210679e+00 5.185285e+00 4.022408e+00
3.211679e+00 9.671978e+00 4.019449e+00
3.212679e+00 1.095930e+01 4.016402e+00
3.213679e+00 8.315602e+00 4.013267e+00
3.214679e+00 3.005355e+00 4.010044e+00
3.215678e+00 -3.108422e+00 4.006734e+00
3.216678e+00 -7.771797e+00 4.003337e+00
3.217678e+00 -9.032011e+00 3.999852e+00
3.218678e+00 -6.439042e+00 3.996279e+00
3.219678e+00 -9.763114e-01 3.992619e+00
3.220678e+00 5.085791e+00 3.988872e+00
3.221678e+00 9.666791e+00 3.985038e+00
3.222678e+00 1.093193e+01 3.981116e+00
3.223678e+00 8.369985e+00 3.977106e+00
3.224678e+00 3.009028e+00 3.973010e+00
3.225677e+00 -3.122323e+00 3.968826e+00
3.226677e+00 -7.747130e+00 3.964554e+00
3.227677e+00 -8.959905e+00 3.960196e+00
3.228677e+00 -6.421679e+00 3.955750e+00
3.229677e+00 -1.119782e+00 3.951216e+00
3.230677e+00 5.032943e+00 3.946596e+00
3.231677e+00 9.765018e+00 3.941887e+00
3.232677e+00 1.095657e+01 3.937092e+00
3.233677e+00 8.345507e+00 3.932209e+00
3.234677e+00 3.048967e+00 3.927238e+00
3.235676e+00 -3.164166e+00 3.922180e+00
3.236676e+00 -7.658301e+00 3.917034e+00
3.237676e+00 -9.017091e+00 3.911801e+00
3.238676e+00 -6.486529e+00 3.906480e+00
3.239676e+00 -9.579116e-01 3.901071e+00
3.240676e+00 5.037607e+00 3.895575e+00
3.241676e+00 9.710982e+00 3.889991e+00
3.242676e+00 1.091961e+01 3.884318e+00
3.243676e+00 8.320712e+00 3.878558e+00
3.244676e+00 2.985564e+00 3.872710e+00
3.245675e+00 -3.184239e+00 3.866774e+00
3.246675e+00 -7.671777e+00 3.860750e+00
3.247675e+00 -8.973940e+00 3.854637e+00
3.248675e+00 -6.403925e+00 3.848436e+00
3.249675e+00 -9.865516e-01 3.842147e+00
3.250675e+00 5.085043e+00 3.835769e+00
3.251675e+00 9.719715e+00 3.829302e+00
3.252675e+00 1.098079e+01 3.822747e+00
3.253675e+00 8.414679e+00 3.816104e+00
3.254675e+00 3.093622e+00 3.809371e+00
3.255674e+00 -3.126452e+00 3.802549e+00
3.256674e+00 -7.614791e+00 3.795639e+00
3.257674e+00 -8.905612e+00 3.788639e+00
3.258674e+00 -6.323436e+00 3.781550e+00
3.259674e+00 -9.654198e-01 3.774372e+00
3.260674e+00 5.069798e+00 3.767105e+00
3.261674e+00 9.667258e+00 3.759748e+00
3.262674e+00 1.099703e+01 3.752301e+00
3.263674e+00 8.366256e+00 3.744765e+00
3.264674e+00 3.025957e+00 3.737138e+00
3.265673e+00 -3.179126e+00 3.729422e+00
3.266673e+00 -7.683989e+00 3.721616e+00
3.267673e+00 -9.028562e+00 3.713720e+00
3.268673e+00 -6.302574e+00 3.705733e+00
3.269673e+00 -1.175459e+00 3.697656e+00
3.270673e+00 5.039697e+00 3.689489e+00
3.271673e+00 9.604527e+00 3.681231e+00
3.272673e+00 1.091021e+01 3.672882e+00
3.273673e+00 8.275035e+00 3.664442e+00
3.274673e+00 3.025636e+00 3.655912e+00
3.275672e+00 -3.079008e+00 3.647290e+00
3.276672e+00 -7.704557e+00 3.638578e+00
3.277672e+00 -8.997121e+00 3.629773e+00
3.278672e+00 -6.414933e+00 3.620878e+00
3.279672e+00 -1.114139e+00 3.611891e+00
3.280672e+00 5.061795e+00 3.602812e+00
3.281672e+00 9.660123e+00 3.593642e+00
3.282672e+00 1.088714e+01 3.584379e+00
3.283672e+00 8.287934e+00 3.575025e+00
3.284672e+00 3.057622e+00 3.565579e+00
3.285671e+00 -3.140403e+00 3.556040e+00
3.286671e+00 -7.623625e+00 3.546409e+00
3.287671e+00 -8.896601e+00 3.536685e+00
3.288671e+00 -6.448966e+00 3.526869e+00
3.289671e+00 -1.135752e+00 3.516960e+00
3.290671e+00 5.068166e+00 3.506958e+00
3.291671e+00 9.686236e+00 3.496864e+00
3.292671e+00 1.086150e+01 3.486676e+00
3.293671e+00 8.418758e+00 3.476395e+00
3.294671e+00 3.060785e+00 3.466020e+00
3.295670e+00 -3.166078e+00 3.455553e+00
3.296670e+00 -7.690717e+00 3.444991e+00
3.297670e+00 -9.015247e+00 3.434336e+00
3.298670e+00 -6.519868e+00 3.423587e+00
3.299670e+00 -1.076410e+00 3.412745e+00
3.300670e+00 5.039288e+00 3.401808e+00
3.301670e+00 9.608745e+00 3.390777e+00
3.302670e+00 1.084597e+01 3.379652e+00
3.303670e+00 8.340769e+00 3.368432e+00
3.304670e+00 2.887256e+00 3.357118e+00
3.305669e+00 -3.170794e+00 3.345710e+00
3.306669e+00 -7.750562e+00 3.334206e+00
3.307669e+00 -8.943471e+00 3.322608e+00
3.308669e+00 -6.491440e+00 3.310915e+00
3.309669e+00 -1.105233e+00 3.299127e+00
3.310669e+00 4.993363e+00 3.287244e+00
3.311669e+00 9.509621e+00 3.275265e+00
3.312669e+00 1.097134e+01 3.263191e+00
3.313669e+00 8.355629e+00 3.251022e+00
3.314669e+00 2.910924e+00 3.238757e+00
3.315668e+00 -3.148110e+00 3.226396e+00
3.316668e+00 -7.760601e+00 3.213940e+00
3.317668e+00 -8.930910e+00 3.201387e+00
3.318668e+00 -6.506281e+00 3.188739e+00
3.319668e+00 -1.163730e+00 3.175995e+00
3.320668e+00 4.952246e+00 3.163154e+00
3.321668e+00 9.585561e+00 3.150217e+00
3.322668e+00 1.083588e+01 3.137184e+00
3.323668e+00 8.341852e+00 3.124054e+00
3.324668e+00 3.074814e+00 3.110827e+00
3.325667e+00 -3.168914e+00 3.097504e+00
3.326667e+00 -7.825425e+00 3.084084e+00
3.327667e+00 -9.080742e+00 3.070568e+00
3.328667e+00 -6.635847e+00 3.056954e+00
3.329667e+00 -1.203104e+00 3.043243e+00
3.330667e+00 4.855215e+00 3.029436e+00
3.331667e+00 9.492564e+00 3.015531e+00
3.332667e+00 1.070759e+01 3.001528e+00
3.333667e+00 8.354148e+00 2.987429e+00
3.334667e+00 3.060253e+00 2.973232e+00
3.335666e+00 -3.147446e+00 2.958937e+00
3.336666e+00 -7.786938e+00 2.944545e+00
3.337666e+00 -9.113422e+00 2.930055e+00
3.338666e+00 -6.609474e+00 2.915468e+00
3.339666e+00 -1.186945e+00 2.900783e+00
3.340666e+00 4.883001e+00 2.886000e+00
3.341666e+00 9.477543e+00 2.871119e+00
3.342666e+00 1.086781e+01 2.856140e+00
3.343666e+00 8.221228e+00 2.841063e+00
3.344666e+00 2.960461e+00 2.825888e+00
3.345665e+00 -3.228211e+00 2.810615e+00
3.346665e+00 -7.853612e+00 2.795244e+00
3.347665e+00 -9.220862e+00 2.779775e+00
3.348665e+00 -6.582977e+00 2.764207e+00
3.349665e+00 -1.243656e+00 2.748541e+00
3.350665e+00 4.927446e+00 2.732777e+00
3.351665e+00 9.480528e+00 2.716915e+00
3.352665e+00 1.075591e+01 2.700955e+00
3.353665e+00 8.259120e+00 2.684896e+00
3.354665e+00 2.905755e+00 2.668738e+00
3.355664e+00 -3.298925e+00 2.652483e+00
3.356664e+00 -7.848735e+00 2.636129e+00
3.357664e+00 -9.177084e+00 2.619676e+00
3.358664e+00 -6.656000e+00 2.603125e+00
3.359664e+00 -1.354701e+00 2.586476e+00
3.360664e+00 4.769814e+00 2.569729e+00
3.361664e+00 9.438811e+00 2.552883e+00
3.362664e+00 1.077156e+01 2.535939e+00
3.363664e+00 8.226614e+00 2.518897e+00
3.364664e+00 2.789187e+00 2.501757e+00
3.365663e+00 -3.320611e+00 2.484518e+00
3.366663e+00 -7.947889e+00 2.467181e+00
3.367663e+00 -9.257506e+00 2.449746e+00
3.368663e+00 -6.706409e+00 2.432214e+00
3.369663e+00 -1.397238e+00 2.414583e+00
3.370663e+00 4.868206e+00 2.396854e+00
3.371663e+00 9.337700e+00 2.379028e+00
3.372663e+00 1.067920e+01 2.361104e+00
3.373663e+00 8.203547e+00 2.343082e+00
3.374663e+00 2.819401e+00 2.324963e+00
3.375662e+00 -3.383562e+00 2.306746e+00
3.376662e+00 -7.902301e+00 2.288433e+00
3.377662e+00 -9.148999e+00 2.270022e+00
3.378662e+00 -6.732493e+00 2.251514e+00
3.379662e+00 -1.484598e+00 2.232909e+00
3.380662e+00 4.764418e+00 2.214208e+00
3.381662e+00 9.314016e+00 2.195410e+00
3.382662e+00 1.058058e+01 2.176515e+00
3.383662e+00 8.018626e+00 2.157525e+00
3.384662e+00 2.618641e+00 2.138438e+00
3.385661e+00 -3.443559e+00 2.119256e+00
3.386661e+00 -8.109269e+00 2.099978e+00
3.387661e+00 -9.330785e+00 2.080605e+00
3.388661e+00 -6.820470e+00 2.061137e+00
3.389661e+00 -1.545919e+00 2.041574e+00
3.390661e+00 4.669578e+00 2.021916e+00
3.391661e+00 9.285948e+00 2.002164e+00
3.392661e+00 1.060922e+01 1.982317e+00
3.393661e+00 7.984152e+00 1.962377e+00
3.394661e+00 2.733134e+00 1.942344e+00
3.395660e+00 -3.411659e+00 1.922217e+00
3.396660e+00 -8.007440e+00 1.901997e+00
3.397660e+00 -9.390804e+00 1.881685e+00
3.398660e+00 -6.887806e+00 1.861281e+00
3.399660e+00 -1.555090e+00 1.840785e+00
3.400660e+00 4.602674e+00 1.820197e+00
3.401660e+00 9.294267e+00 1.799519e+00
3.402660e+00 1.049930e+01 1.778749e+00
3.403660e+00 7.961792e+00 1.757890e+00
3.404660e+00 2.634796e+00 1.736941e+00
3.405659e+00 -3.447410e+00 1.715902e+00
3.406659e+00 -8.054009e+00 1.694775e+00
3.407659e+00 -9.373663e+00 1.673559e+00
3.408659e+00 -6.858687e+00 1.652255e+00
3.409659e+00 -1.565130e+00 1.630864e+00
3.410659e+00 4.528782e+00 1.609386e+00
3.411659e+00 9.206095e+00 1.587821e+00
3.412659e+00 1.045508e+01 1.566171e+00
3.413659e+00 7.975883e+00 1.544436e+00
3.414659e+00 2.677977e+00 1.522615e+00
3.415658e+00 -3.541271e+00 1.500711e+00
3.416658e+00 -8.063902e+00 1.478724e+00
3.417658e+00 -9.467367e+00 1.456654e+00
3.418658e+00 -6.968582e+00 1.434501e+00
3.419658e+00 -1.721635e+00 1.412268e+00
3.420658e+00 4.539136e+00 1.389953e+00
3.421658e+00 9.105822e+00 1.367559e+00
3.422658e+00 1.045285e+01 1.345085e+00
3.423658e+00 7.910603e+00 1.322533e+00
3.424658e+00 2.587432e+00 1.299903e+00
3.425657e+00 -3.529433e+00 1.277196e+00
3.426657e+00 -8.184357e+00 1.254412e+00
3.427657e+00 -9.575802e+00 1.231554e+00
3.428657e+00 -7.117624e+00 1.208621e+00
3.429657e+00 -1.711773e+00 1.185614e+00
3.430657e+00 4.511869e+00 1.162534e+00
3.431657e+00 9.043814e+00 1.139383e+00
3.432657e+00 1.039272e+01 1.116160e+00
3.433657e+00 7.880470e+00 1.092868e+00
3.434657e+00 2.683177e+00 1.069507e+00
3.435656e+00 -3.602381e+00 1.046077e+00
3.436656e+00 -8.227455e+00 1.022581e+00
3.437656e+00 -9.549688e+00 9.990183e-01
3.438656e+00 -7.129957e+00 9.753908e-01
3.439656e+00 -1.776180e+00 9.516994e-01
3.440656e+00 4.395682e+00 9.279451e-01
3.441656e+00 8.949607e+00 9.041291e-01
3.442656e+00 1.024111e+01 8.802526e-01
3.443656e+00 7.723089e+00 8.563166e-01
3.444656e+00 2.500428e+00 8.323223e-01
3.445655e+00 -3.763089e+00 8.082709e-01
3.446655e+00 -8.256553e+00 7.841637e-01
3.447655e+00 -9.640219e+00 7.600018e-01
3.448655e+00 -7.155910e+00 7.357865e-01
3.449655e+00 -1.773258e+00 7.115191e-01
3.450655e+00 4.276100e+00 6.872009e-01
3.451655e+00 8.959483e+00 6.628332e-01
3.452655e+00 1.021250e+01 6.384173e-01
3.453655e+00 7.767953e+00 6.139546e-01
3.454655e+00 2.371128e+00 5.894465e-01
3.455654e+00 -3.734723e+00 5.648943e-01
3.456654e+00 -8.288672e+00 5.402996e-01
3.457654e+00 -9.662416e+00 5.156636e-01
3.458654e+00 -7.157190e+00 4.909880e-01
3.459654e+00 -1.877550e+00 4.662741e-01
3.460654e+00 4.251501e+00 4.415234e-01
3.461654e+00 8.899037e+00 4.167376e-01
3.462654e+00 1.015596e+01 3.919180e-01
3.463654e+00 7.675023e+00 3.670663e-01
3.464654e+00 2.323782e+00 3.421841e-01
3.465653e+00 -3.792192e+00 3.172729e-01
3.466653e+00 -8.359199e+00 2.923344e-01
3.467653e+00 -9.718875e+00 2.673702e-01
3.468653e+00 -7.254230e+00 2.423819e-01
3.469653e+00 -1.996764e+00 2.173712e-01
3.470653e+00 4.027202e+00 1.923398e-01
3.471653e+00 8.800071e+00 1.672894e-01
3.472653e+00 1.009926e+01 1.422217e-01
3.473653e+00 7.674273e+00 1.171385e-01
3.474653e+00 2.331488e+00 9.204148e-02
3.475652e+00 -3.815384e+00 6.693242e-02
3.476652e+00 -8.474283e+00 4.181313e-02
3.477652e+00 -9.751286e+00 1.668538e-02
3.478652e+00 -7.284255e+00 -8.448993e-03
3.479652e+00 -1.952112e+00 -3.358817e-02
3.480652e+00 4.023617e+00 -5.873031e-02
3.481652e+00 8.690363e+00 -8.387356e-02
3.482652e+00 1.004435e+01 -1.090160e-01
3.483652e+00 7.702016e+00 -1.341559e-01
3.484652e+00 2.247522e+00 -1.592912e-01
3.485651e+00 -3.836986e+00 -1.844200e-01
3.486651e+00 -8.566674e+00 -2.095405e-01
3.487651e+00 -9.886473e+00 -2.346508e-01
3.488651e+00 -7.447732e+00 -2.597487e-01
3.489651e+00 -2.094563e+00 -2.848325e-01
3.490651e+00 4.054321e+00 -3.099002e-01
3.491651e+00 8.621739e+00 -3.349498e-01
3.492651e+00 1.007863e+01 -3.599793e-01
3.493651e+00 7.625942e+00 -3.849868e-01
3.494651e+00 2.194186e+00 -4.099702e-01
3.495650e+00 -3.889299e+00 -4.349275e-01
3.496650e+00 -8.522436e+00 -4.598569e-01
3.497650e+00 -9.986910e+00 -4.847561e-01
3.498650e+00 -7.481852e+00 -5.096233e-01
3.499650e+00 -2.147605e+00 -5.344565e-01
3.500650e+00 3.899364e+00 -5.592535e-01
3.501650e+00 8.688913e+00 -5.840124e-01
3.502650e+00 9.948365e+00 -6.087312e-01
3.503650e+00 7.511640e+00 -6.334077e-01
3.504650e+00 2.120942e+00 -6.580401e-01
3.505649e+00 -3.977006e+00 -6.826262e-01
3.506649e+00 -8.611411e+00 -7.071640e-01
3.507649e+00 -1.001936e+01 -7.316515e-01
3.508649e+00 -7.602807e+00 -7.560867e-01
3.509649e+00 -2.213602e+00 -7.804675e-01
3.510649e+00 3.849282e+00 -8.047919e-01
3.511649e+00 8.502311e+00 -8.290578e-01
3.512649e+00 9.916458e+00 -8.532634e-01
3.513649e+00 7.471993e+00 -8.774064e-01
3.514649e+00 2.130510e+00 -9.014850e-01
3.515648e+00 -4.036746e+00 -9.254971e-01
3.516648e+00 -8.604983e+00 -9.494408e-01
3.517648e+00 -1.005466e+01 -9.733139e-01
3.518648e+00 -7.590741e+00 -9.971146e-01
3.519648e+00 -2.353923e+00 -1.020841e+00
3.520648e+00 3.879479e+00 -1.044491e+00
3.521648e+00 8.419357e+00 -1.068062e+00
3.522648e+00 9.797114e+00 -1.091553e+00
3.523648e+00 7.334661e+00 -1.114962e+00
3.524648e+00 2.003415e+00 -1.138286e+00
3.525647e+00 -4.106556e+00 -1.161525e+00
3.526647e+00 -8.768133e+00 -1.184675e+00
3.527647e+00 -1.009320e+01 -1.207735e+00
3.528647e+00 -7.683480e+00 -1.230704e+00
3.529647e+00 -2.418656e+00 -1.253578e+00
3.530647e+00 3.759754e+00 -1.276358e+00
3.531647e+00 8.386517e+00 -1.299039e+00
3.532647e+00 9.707508e+00 -1.321622e+00
3.533647e+00 7.281873e+00 -1.344103e+00
3.534647e+00 1.995385e+00 -1.366481e+00
3.535646e+00 -4.148970e+00 -1.388755e+00
3.536646e+00 -8.788710e+00 -1.410923e+00
3.537646e+00 -1.023643e+01 -1.432982e+00
3.538646e+00 -7.736757e+00 -1.454931e+00
3.539646e+00 -2.425660e+00 -1.476768e+00
3.540646e+00 3.684014e+00 -1.498493e+00
3.541646e+00 8.317580e+00 -1.520102e+00
3.542646e+00 9.772610e+00 -1.541594e+00
3.543646e+00 7.240279e+00 -1.562969e+00
3.544646e+00 1.978945e+00 -1.584223e+00
3.545645e+00 -4.298703e+00 -1.605356e+00
3.546645e+00 -8.848518e+00 -1.626365e+00
3.547645e+00 -1.036366e+01 -1.647250e+00
3.548645e+00 -7.833318e+00 -1.668009e+00
3.549645e+00 -2.500676e+00 -1.688640e+00
3.550645e+00 3.635889e+00 -1.709142e+00
3.551645e+00 8.240986e+00 -1.729513e+00
3.552645e+00 9.725573e+00 -1.749752e+00
3.553645e+00 7.231130e+00 -1.769858e+00
3.554645e+00 1.948725e+00 -1.789828e+00
3.555644e+00 -4.189239e+00 -1.809663e+00
3.556644e+00 -8.818150e+00 -1.829359e+00
3.557644e+00 -1.022468e+01 -1.848917e+00
3.558644e+00 -7.816868e+00 -1.868335e+00
3.559644e+00 -2.539376e+00 -1.887611e+00
3.560644e+00 3.535868e+00 -1.906744e+00
3.561644e+00 8.166951e+00 -1.925733e+00
3.562644e+00 9.620220e+00 -1.944577e+00
3.563644e+00 7.206216e+00 -1.963274e+00
3.564644e+00 1.931223e+00 -1.981824e+00
3.565643e+00 -4.284443e+00 -2.000225e+00
3.566643e+00 -9.074818e+00 -2.018477e+00
3.567643e+00 -1.036475e+01 -2.036578e+00
3.568643e+00 -7.989326e+00 -2.054526e+00
3.569643e+00 -2.669790e+00 -2.072322e+00
3.570643e+00 3.532404e+00 -2.089964e+00
3.571643e+00 8.143283e+00 -2.107451e+00
3.572643e+00 9.541683e+00 -2.124783e+00
3.573643e+00 7.025269e+00 -2.141958e+00
3.574643e+00 1.714277e+00 -2.158975e+00
3.575642e+00 -4.353723e+00 -2.175833e+00
3.576642e+00 -9.059880e+00 -2.192532e+00
3.577642e+00 -1.048611e+01 -2.209072e+00
3.578642e+00 -7.991490e+00 -2.225450e+00
3.579642e+00 -2.731713e+00 -2.241667e+00
3.580642e+00 3.508024e+00 -2.257721e+00
3.581642e+00 8.121906e+00 -2.273612e+00
3.582642e+00 9.475776e+00 -2.289340e+00
3.583642e+00 7.048106e+00 -2.304903e+00
3.584642e+00 1.579490e+00 -2.320301e+00
3.585641e+00 -4.467820e+00 -2.335533e+00
3.586641e+00 -9.125536e+00 -2.350600e+00
3.587641e+00 -1.046195e+01 -2.365499e+00
3.588641e+00 -8.127354e+00 -2.380232e+00
3.589641e+00 -2.793768e+00 -2.394796e+00
3.590641e+00 3.346818e+00 -2.409192e+00
3.591641e+00 8.075745e+00 -2.423420e+00
3.592641e+00 9.436297e+00 -2.437478e+00
3.593641e+00 6.976505e+00 -2.451367e+00
3.594641e+00 1.622967e+00 -2.465087e+00
3.595640e+00 -4.435173e+00 -2.478636e+00
3.596640e+00 -9.147391e+00 -2.492014e+00
3.597640e+00 -1.055813e+01 -2.505222e+00
3.598640e+00 -8.107630e+00 -2.518258e+00
3.599640e+00 -2.883943e+00 -2.531123e+00
3.600640e+00 3.408796e+00 -2.543817e+00
3.601640e+00 7.984367e+00 -2.556339e+00
3.602640e+00 9.399442e+00 -2.568688e+00
3.603640e+00 6.983620e+00 -2.580866e+00
3.604640e+00 1.665185e+00 -2.592872e+00
3.605639e+00 -4.581345e+00 -2.604705e+00
3.606639e+00 -9.142253e+00 -2.616365e+00
3.607639e+00 -1.060422e+01 -2.627853e+00
3.608639e+00 -8.239266e+00 -2.639169e+00
3.609639e+00 -2.825098e+00 -2.650312e+00
3.610639e+00 3.229155e+00 -2.661283e+00
3.611639e+00 7.877338e+00 -2.672080e+00
3.612639e+00 9.323118e+00 -2.682706e+00
3.613639e+00 6.890522e+00 -2.693159e+00
3.614639e+00 1.609879e+00 -2.703439e+00
3.615638e+00 -4.613292e+00 -2.713548e+00
3.616638e+00 -9.180185e+00 -2.723484e+00
3.617638e+00 -1.080504e+01 -2.733248e+00
3.618638e+00 -8.294865e+00 -2.742840e+00
3.619638e+00 -2.874510e+00 -2.752261e+00
3.620638e+00 3.178555e+00 -2.761510e+00
3.621638e+00 7.846286e+00 -2.770588e+00
3.622638e+00 9.225678e+00 -2.779496e+00
3.623638e+00 6.759640e+00 -2.788232e+00
3.624638e+00 1.522862e+00 -2.796798e+00
3.625637e+00 -4.619951e+00 -2.805194e+00
3.626637e+00 -9.227243e+00 -2.813420e+00
3.627637e+00 -1.075835e+01 -2.821476e+00
3.628637e+00 -8.142676e+00 -2.829364e+00
3.629637e+00 -3.051583e+00 -2.837082e+00
3.630637e+00 3.257042e+00 -2.844632e+00
3.631637e+00 7.841971e+00 -2.852014e+00
3.632637e+00 9.192682e+00 -2.859229e+00
3.633637e+00 6.773421e+00 -2.866277e+00
3.634637e+00 1.522040e+00 -2.873157e+00
3.635636e+00 -4.694186e+00 -2.879872e+00
3.636636e+00 -9.279249e+00 -2.886421e+00
3.637636e+00 -1.075644e+01 -2.892805e+00
3.638636e+00 -8.347800e+00 -2.899024e+00
3.639636e+00 -3.043915e+00 -2.905078e+00
3.640636e+00 3.210510e+00 -2.910970e+00
3.641636e+00 7.832680e+00 -2.916698e+00
3.642636e+00 9.162081e+00 -2.922263e+00
3.643636e+00 6.848004e+00 -2.927667e+00
3.644636e+00 1.512672e+00 -2.932910e+00
3.645635e+00 -4.655570e+00 -2.937991e+00
3.646635e+00 -9.316842e+00 -2.942913e+00
3.647635e+00 -1.073759e+01 -2.947676e+00
3.648635e+00 -8.406592e+00 -2.952280e+00
3.649635e+00 -3.033049e+00 -2.956725e+00
3.650635e+00 3.032205e+00 -2.961014e+00
3.651635e+00 7.732355e+00 -2.965146e+00
3.652635e+00 9.156143e+00 -2.969122e+00
3.653635e+00 6.756860e+00 -2.972943e+00
3.654635e+00 1.367820e+00 -2.976609e+00
3.655634e+00 -4.724847e+00 -2.980122e+00
3.656634e+00 -9.375379e+00 -2.983482e+00
3.657634e+00 -1.074618e+01 -2.986690e+00
3.658634e+00 -8.380550e+00 -2.989747e+00
3.659634e+00 -3.111520e+00 -2.992653e+00
3.660634e+00 3.014125e+00 -2.995410e+00
3.661634e+00 7.675707e+00 -2.998019e+00
3.662634e+00 9.131912e+00 -3.000479e+00
3.663634e+00 6.671075e+00 -3.002792e+00
3.664634e+00 1.382270e+00 -3.004960e+00
3.665633e+00 -4.804292e+00 -3.006982e+00
3.666633e+00 -9.391192e+00 -3.008860e+00
3.667633e+00 -1.078186e+01 -3.010595e+00
3.668633e+00 -8.433308e+00 -3.012187e+00
3.669633e+00 -3.113174e+00 -3.013638e+00
3.670633e+00 2.995163e+00 -3.014949e+00
3.671633e+00 7.697252e+00 -3.016120e+00
3.672633e+00 9.021118e+00 -3.017153e+00
3.673633e+00 6.669914e+00 -3.018048e+00
3.674633e+00 1.398685e+00 -3.018807e+00
3.675632e+00 -4.759750e+00 -3.019431e+00
3.676632e+00 -9.444005e+00 -3.019921e+00
3.677632e+00 -1.087793e+01 -3.020278e+00
3.678632e+00 -8.548449e+00 -3.020502e+00
3.679632e+00 -3.140062e+00 -3.020595e+00
3.680632e+00 3.003440e+00 -3.020559e+00
3.681632e+00 7.711246e+00 -3.020394e+00
3.682632e+00 9.091048e+00 -3.020102e+00
3.683632e+00 6.569045e+00 -3.019683e+00
3.684632e+00 1.365182e+00 -3.019139e+00
3.685631e+00 -4.703964e+00 -3.018471e+00
3.686631e+00 -9.449123e+00 -3.017680e+00
3.687631e+00 -1.092205e+01 -3.016768e+00
3.688631e+00 -8.511584e+00 -3.015735e+00
3.689631e+00 -3.266091e+00 -3.014583e+00
3.690631e+00 2.890083e+00 -3.013314e+00
3.691631e+00 7.663828e+00 -3.011928e+00
3.692631e+00 9.060635e+00 -3.010427e+00
3.693631e+00 6.544363e+00 -3.008812e+00
3.694631e+00 1.361113e+00 -3.007084e+00
3.695630e+00 -4.808330e+00 -3.005246e+00
3.696630e+00 -9.518420e+00 -3.003297e+00
3.697630e+00 -1.089150e+01 -3.001240e+00
3.698630e+00 -8.540044e+00 -2.999076e+00
3.699630e+00 -3.319735e+00 -2.996806e+00
3.700630e+00 2.946426e+00 -2.994433e+00
3.701630e+00 7.578402e+00 -2.991956e+00
3.702630e+00 8.988137e+00 -2.989378e+00
3.703630e+00 6.658235e+00 -2.986700e+00
3.704630e+00 1.420707e+00 -2.983924e+00
3.705629e+00 -4.774029e+00 -2.981051e+00
3.706629e+00 -9.577126e+00 -2.978083e+00
3.707629e+00 -1.089949e+01 -2.975021e+00
3.708629e+00 -8.455559e+00 -2.971867e+00
3.709629e+00 -3.264352e+00 -2.968622e+00
3.710629e+00 2.886584e+00 -2.965287e+00
3.711629e+00 7.551160e+00 -2.961866e+00
3.712629e+00 9.043070e+00 -2.958358e+00
3.713629e+00 6.629958e+00 -2.954766e+00
3.714629e+00 1.258880e+00 -2.951091e+00
3.715628e+00 -4.827111e+00 -2.947336e+00
3.716628e+00 -9.523209e+00 -2.943501e+00
3.717628e+00 -1.090719e+01 -2.939588e+00
3.718628e+00 -8.564589e+00 -2.935599e+00
3.719628e+00 -3.347565e+00 -2.931536e+00
3.720628e+00 2.930528e+00 -2.927400e+00
3.721628e+00 7.608131e+00 -2.923193e+00
3.722628e+00 9.017962e+00 -2.918917e+00
3.723628e+00 6.622021e+00 -2.914573e+00
3.724628e+00 1.283220e+00 -2.910164e+00
3.725627e+00 -4.887623e+00 -2.905691e+00
3.726627e+00 -9.524737e+00 -2.901155e+00
3.727627e+00 -1.089135e+01 -2.896559e+00
3.728627e+00 -8.548120e+00 -2.891905e+00
3.729627e+00 -3.378810e+00 -2.887193e+00
3.730627e+00 2.888404e+00 -2.882427e+00
3.731627e+00 7.650090e+00 -2.877607e+00
3.732627e+00 8.951547e+00 -2.872735e+00
3.733627e+00 6.592233e+00 -2.867814e+00
3.734627e+00 1.360572e+00 -2.862845e+00
3.735626e+00 -4.852836e+00 -2.857830e+00
3.736626e+00 -9.439219e+00 -2.852770e+00
3.737626e+00 -1.099332e+01 -2.847669e+00
3.738626e+00 -8.658532e+00 -2.842526e+00
3.739626e+00 -3.306520e+00 -2.837345e+00
3.740626e+00 2.915740e+00 -2.832127e+00
3.741626e+00 7.539027e+00 -2.826873e+00
3.742626e+00 8.894999e+00 -2.821586e+00
3.743626e+00 6.586125e+00 -2.816268e+00
3.744626e+00 1.332725e+00 -2.810920e+00
3.745625e+00 -4.774949e+00 -2.805544e+00
3.746625e+00 -9.610836e+00 -2.800142e+00
3.747625e+00 -1.098841e+01 -2.794716e+00
3.748625e+00 -8.639239e+00 -2.789267e+00
3.749625e+00 -3.456221e+00 -2.783797e+00
3.750625e+00 2.831413e+00 -2.778308e+00
3.751625e+00 7.537065e+00 -2.772803e+00
3.752625e+00 8.887609e+00 -2.767281e+00
3.753625e+00 6.587560e+00 -2.761746e+00
3.754625e+00 1.243759e+00 -2.756199e+00
3.755624e+00 -4.897061e+00 -2.750642e+00
3.756624e+00 -9.543139e+00 -2.745077e+00
3.757624e+00 -1.088604e+01 -2.739504e+00
3.758624e+00 -8.616387e+00 -2.733927e+00
3.759624e+00 -3.390070e+00 -2.728346e+00
3.760624e+00 2.826954e+00 -2.722763e+00
3.761624e+00 7.483076e+00 -2.717180e+00
3.762624e+00 9.003911e+00 -2.711598e+00
3.763624e+00 6.610574e+00 -2.706020e+00
3.764624e+00 1.299595e+00 -2.700446e+00
3.765623e+00 -4.810457e+00 -2.694879e+00
3.766623e+00 -9.485209e+00 -2.689319e+00
3.767623e+00 -1.097115e+01 -2.683769e+00
3.768623e+00 -8.534508e+00 -2.678229e+00
3.769623e+00 -3.321515e+00 -2.672702e+00
3.770623e+00 2.856058e+00 -2.667188e+00
3.771623e+00 7.538383e+00 -2.661690e+00
3.772623e+00 8.977628e+00 -2.656209e+00
3.773623e+00 6.539592e+00 -2.650745e+00
3.774623e+00 1.325526e+00 -2.645301e+00
3.775622e+00 -4.786668e+00 -2.639878e+00
3.776622e+00 -9.517989e+00 -2.634477e+00
3.777622e+00 -1.102320e+01 -2.629100e+00
3.778622e+00 -8.557744e+00 -2.623747e+00
3.779622e+00 -3.314599e+00 -2.618420e+00
3.780622e+00 2.854653e+00 -2.613121e+00
3.781622e+00 7.490234e+00 -2.607850e+00
3.782622e+00 9.075675e+00 -2.602608e+00
3.783622e+00 6.567530e+00 -2.597398e+00
3.784622e+00 1.325051e+00 -2.592219e+00
3.785621e+00 -4.804345e+00 -2.587073e+00
3.786621e+00 -9.501675e+00 -2.581962e+00
3.787621e+00 -1.084116e+01 -2.576886e+00
3.788621e+00 -8.596816e+00 -2.571846e+00
3.789621e+00 -3.289543e+00 -2.566843e+00
3.790621e+00 2.891192e+00 -2.561878e+00
3.791621e+00 7.476504e+00 -2.556953e+00
3.792621e+00 9.017161e+00 -2.552067e+00
3.793621e+00 6.684119e+00 -2.547223e+00
3.794621e+00 1.396411e+00 -2.542420e+00
3.795620e+00 -4.778995e+00 -2.537660e+00
3.796620e+00 -9.463680e+00 -2.532943e+00
3.797620e+00 -1.093705e+01 -2.528271e+00
3.798620e+00 -8.540961e+00 -2.523644e+00
3.799620e+00 -3.394996e+00 -2.519063e+00
3.800620e+00 2.840137e+00 -2.514528e+00
3.801620e+00 7.601060e+00 -2.510040e+00
3.802620e+00 9.042992e+00 -2.505600e+00
3.803620e+00 6.668983e+00 -2.501209e+00
3.804620e+00 1.431037e+00 -2.496866e+00
3.805619e+00 -4.739261e+00 -2.492574e+00
3.806619e+00 -9.501269e+00 -2.488331e+00
3.807619e+00 -1.083570e+01 -2.484139e+00
3.808619e+00 -8.618713e+00 -2.479999e+00
3.809619e+00 -3.266449e+00 -2.475910e+00
3.810619e+00 2.865377e+00 -2.471874e+00
3.811619e+00 7.578857e+00 -2.467890e+00
3.812619e+00 9.051964e+00 -2.463959e+00
3.813619e+00 6.608464e+00 -2.460082e+00
3.814619e+00 1.426227e+00 -2.456258e+00
3.815618e+00 -4.720950e+00 -2.452489e+00
3.816618e+00 -9.441240e+00 -2.448774e+00
3.817618e+00 -1.084956e+01 -2.445114e+00
3.818618e+00 -8.483498e+00 -2.441508e+00
3.819618e+00 -3.258871e+00 -2.437958e+00
3.820618e+00 2.816433e+00 -2.434464e+00
3.821618e+00 7.686043e+00 -2.431025e+00
3.822618e+00 9.181921e+00 -2.427643e+00
3.823618e+00 6.680082e+00 -2.424316e+00
3.824618e+00 1.477374e+00 -2.421046e+00
3.825617e+00 -4.663729e+00 -2.417831e+00
3.826617e+00 -9.510919e+00 -2.414674e+00
3.827617e+00 -1.088413e+01 -2.411572e+00
3.828617e+00 -8.422486e+00 -2.408528e+00
3.829617e+00 -3.291024e+00 -2.405540e+00
3.830617e+00 2.861166e+00 -2.402609e+00
3.831617e+00 7.603558e+00 -2.399734e+00
3.832617e+00 9.086383e+00 -2.396916e+00
3.833617e+00 6.701997e+00 -2.394155e+00
3.834617e+00 1.556777e+00 -2.391450e+00
3.835616e+00 -4.589251e+00 -2.388801e+00
3.836616e+00 -9.370110e+00 -2.386210e+00
3.837616e+00 -1.084413e+01 -2.383674e+00
3.838616e+00 -8.442964e+00 -2.381195e+00
3.839616e+00 -3.197722e+00 -2.378771e+00
3.840616e+00 2.900220e+00 -2.376404e+00
3.841616e+00 7.693389e+00 -2.374092e+00
3.842616e+00 9.154311e+00 -2.371836e+00
3.843616e+00 6.887998e+00 -2.369635e+00
3.844616e+00 1.529792e+00 -2.367489e+00
3.845615e+00 -4.618291e+00 -2.365398e+00
3.846615e+00 -9.411164e+00 -2.363362e+00
3.847615e+00 -1.069193e+01 -2.361380e+00
3.848615e+00 -8.450407e+00 -2.359452e+00
3.849615e+00 -3.187736e+00 -2.357578e+00
3.850615e+00 3.044730e+00 -2.355757e+00
3.851615e+00 7.665541e+00 -2.353990e+00
3.852615e+00 9.054096e+00 -2.352275e+00
3.853615e+00 6.894462e+00 -2.350613e+00
3.854615e+00 1.587213e+00 -2.349003e+00
3.855614e+00 -4.580157e+00 -2.347444e+00
3.856614e+00 -9.278381e+00 -2.345937e+00
3.857614e+00 -1.073647e+01 -2.344481e+00
3.858614e+00 -8.358921e+00 -2.343075e+00
3.859614e+00 -3.144345e+00 -2.341719e+00
3.860614e+00 2.971689e+00 -2.340413e+00
3.861614e+00 7.663176e+00 -2.339156e+00
3.862614e+00 9.157723e+00 -2.337947e+00
3.863614e+00 6.931364e+00 -2.336787e+00
3.864614e+00 1.661930e+00 -2.335675e+00
3.865613e+00 -4.420869e+00 -2.334609e+00
3.866613e+00 -9.159881e+00 -2.333590e+00
3.867613e+00 -1.067541e+01 -2.332618e+00
3.868613e+00 -8.423357e+00 -2.331690e+00
3.869613e+00 -3.163851e+00 -2.330808e+00
3.870613e+00 2.975687e+00 -2.329971e+00
3.871613e+00 7.657582e+00 -2.329177e+00
3.872613e+00 9.263413e+00 -2.328426e+00
3.873613e+00 6.891187e+00 -2.327718e+00
3.874613e+00 1.679603e+00 -2.327053e+00
3.875612e+00 -4.433218e+00 -2.326428e+00
3.876612e+00 -9.148248e+00 -2.325845e+00
3.877612e+00 -1.068498e+01 -2.325302e+00
3.878612e+00 -8.290506e+00 -2.324798e+00
3.879612e+00 -3.117299e+00 -2.324333e+00
3.880612e+00 3.029040e+00 -2.323906e+00
3.881612e+00 7.759845e+00 -2.323517e+00
3.882612e+00 9.296086e+00 -2.323165e+00
3.883612e+00 6.965239e+00 -2.322849e+00
3.884612e+00 1.776012e+00 -2.322569e+00
3.885611e+00 -4.466025e+00 -2.322323e+00
3.886611e+00 -9.229748e+00 -2.322111e+00
3.887611e+00 -1.056099e+01 -2.321933e+00
3.888611e+00 -8.290624e+00 -2.321787e+00
3.889611e+00 -2.992587e+00 -2.321674e+00
3.890611e+00 3.199711e+00 -2.321591e+00
3.891611e+00 7.892307e+00 -2.321539e+00
3.892611e+00 9.322538e+00 -2.321516e+00
3.893611e+00 7.100999e+00 -2.321522e+00
3.894611e+00 1.816699e+00 -2.321556e+00
3.895610e+00 -4.334995e+00 -2.321618e+00
3.896610e+00 -9.075079e+00 -2.321706e+00
3.897610e+00 -1.062099e+01 -2.321820e+00
3.898610e+00 -8.228576e+00 -2.321958e+00
3.899610e+00 -3.053387e+00 -2.322121e+00
3.900610e+00 3.189165e+00 -2.322307e+00
3.901610e+00 7.886074e+00 -2.322516e+00
3.902610e+00 9.465717e+00 -2.322746e+00
3.903610e+00 7.154205e+00 -2.322997e+00
3.904610e+00 1.852388e+00 -2.323268e+00
3.905609e+00 -4.266606e+00 -2.323558e+00
3.906609e+00 -9.063062e+00 -2.323867e+00
3.907609e+00 -1.052628e+01 -2.324193e+00
3.908609e+00 -8.154332e+00 -2.324536e+00
3.909609e+00 -2.968716e+00 -2.324895e+00
3.910609e+00 3.129671e+00 -2.325268e+00
3.911609e+00 7.976271e+00 -2.325656e+00
3.912609e+00 9.465174e+00 -2.326057e+00
3.913609e+00 7.197168e+00 -2.326470e+00
3.914609e+00 1.847531e+00 -2.326895e+00
3.915608e+00 -4.186211e+00 -2.327330e+00
3.916608e+00 -8.885382e+00 -2.327775e+00
3.917608e+00 -1.046879e+01 -2.328229e+00
3.918608e+00 -8.159145e+00 -2.328691e+00
3.919608e+00 -2.812116e+00 -2.329160e+00
3.920608e+00 3.135193e+00 -2.329636e+00
3.921608e+00 7.964473e+00 -2.330117e+00
3.922608e+00 9.499573e+00 -2.330602e+00
3.923608e+00 7.180555e+00 -2.331090e+00
3.924608e+00 2.062415e+00 -2.331582e+00
3.925607e+00 -4.169614e+00 -2.332075e+00
3.926607e+00 -8.868570e+00 -2.332569e+00
3.927607e+00 -1.037761e+01 -2.333064e+00
3.928607e+00 -8.173765e+00 -2.333557e+00
3.929607e+00 -2.880437e+00 -2.334048e+00
3.930607e+00 3.416735e+00 -2.334537e+00
3.931607e+00 8.106123e+00 -2.335023e+00
3.932607e+00 9.606525e+00 -2.335504e+00
3.933607e+00 7.292482e+00 -2.335979e+00
3.934607e+00 2.040792e+00 -2.336448e+00
3.935606e+00 -4.113951e+00 -2.336911e+00
3.936606e+00 -8.868916e+00 -2.337365e+00
3.937606e+00 -1.035663e+01 -2.337810e+00
3.938606e+00 -8.136362e+00 -2.338245e+00
3.939606e+00 -2.805397e+00 -2.338670e+00
3.940606e+00 3.294300e+00 -2.339083e+00
3.941606e+00 8.100223e+00 -2.339483e+00
3.942606e+00 9.572134e+00 -2.339871e+00
3.943606e+00 7.376910e+00 -2.340244e+00
3.944606e+00 2.071153e+00 -2.340601e+00
3.945605e+00 -4.018223e+00 -2.340943e+00
3.946605e+00 -8.882437e+00 -2.341268e+00
3.947605e+00 -1.028520e+01 -2.341575e+00
3.948605e+00 -8.016184e+00 -2.341864e+00
3.949605e+00 -2.788685e+00 -2.342132e+00
3.950605e+00 3.410463e+00 -2.342381e+00
3.951605e+00 8.091882e+00 -2.342608e+00
3.952605e+00 9.677282e+00 -2.342813e+00
3.953605e+00 7.420341e+00 -2.342996e+00
3.954605e+00 2.232781e+00 -2.343154e+00
3.955604e+00 -4.005218e+00 -2.343288e+00
3.956604e+00 -8.726064e+00 -2.343396e+00
3.957604e+00 -1.020409e+01 -2.343477e+00
3.958604e+00 -7.875932e+00 -2.343532e+00
3.959604e+00 -2.610318e+00 -2.343558e+00
3.960604e+00 3.560165e+00 -2.343556e+00
3.961604e+00 8.226452e+00 -2.343524e+00
3.962604e+00 9.758441e+00 -2.343462e+00
3.963604e+00 7.454586e+00 -2.343368e+00
3.964604e+00 2.201599e+00 -2.343242e+00
3.965603e+00 -3.901768e+00 -2.343083e+00
3.966603e+00 -8.632482e+00 -2.342890e+00
3.967603e+00 -1.012911e+01 -2.342664e+00
3.968603e+00 -7.955009e+00 -2.342401e+00
3.969603e+00 -2.675646e+00 -2.342103e+00
3.970603e+00 3.518511e+00 -2.341768e+00
3.971603e+00 8.328174e+00 -2.341396e+00
3.972603e+00 9.791025e+00 -2.340985e+00
3.973603e+00 7.510081e+00 -2.340535e+00
3.974603e+00 2.301901e+00 -2.340046e+00
3.975602e+00 -3.847804e+00 -2.339516e+00
3.976602e+00 -8.529338e+00 -2.338945e+00
3.977602e+00 -1.020533e+01 -2.338333e+00
3.978602e+00 -7.830781e+00 -2.337678e+00
3.979602e+00 -2.552171e+00 -2.336979e+00
3.980602e+00 3.552444e+00 -2.336237e+00
3.981602e+00 8.293962e+00 -2.335451e+00
3.982602e+00 9.865771e+00 -2.334620e+00
3.983602e+00 7.603807e+00 -2.333743e+00
3.984602e+00 2.422974e+00 -2.332820e+00
3.985601e+00 -3.763128e+00 -2.331850e+00
3.986601e+00 -8.561820e+00 -2.330833e+00
3.987601e+00 -1.004043e+01 -2.329768e+00
3.988601e+00 -7.742211e+00 -2.328654e+00
3.989601e+00 -2.472954e+00 -2.327492e+00
3.990601e+00 3.634941e+00 -2.326281e+00
3.991601e+00 8.401558e+00 -2.325019e+00
3.992601e+00 9.990888e+00 -2.323707e+00
3.993601e+00 7.715318e+00 -2.322345e+00
3.994601e+00 2.454107e+00 -2.320931e+00
3.995600e+00 -3.710954e+00 -2.319466e+00
3.996600e+00 -8.433950e+00 -2.317949e+00
3.997600e+00 -9.945030e+00 -2.316380e+00
3.998600e+00 -7.673562e+00 -2.314758e+00
3.999600e+00 -2.478947e+00 -2.313084e+00
4.000600e+00 3.657927e+00 -2.311356e+00
4.001600e+00 8.409848e+00 -2.309576e+00
4.002600e+00 9.999718e+00 -2.307741e+00
4.003600e+00 7.674774e+00 -2.305854e+00
4.004600e+00 2.492496e+00 -2.303912e+00
4.005599e+00 -3.612735e+00 -2.301916e+00
4.006599e+00 -8.359382e+00 -2.299867e+00
4.007599e+00 -9.899942e+00 -2.297763e+00
4.008599e+00 -7.650495e+00 -2.295606e+00
4.009599e+00 -2.485075e+00 -2.293394e+00
4.010599e+00 3.659944e+00 -2.291128e+00
4.011599e+00 8.506042e+00 -2.288809e+00
4.012599e+00 1.004879e+01 -2.286435e+00
4.013599e+00 7.765850e+00 -2.284008e+00
4.014599e+00 2.598279e+00 -2.281527e+00
4.015598e+00 -3.540485e+00 -2.278994e+00
4.016598e+00 -8.350769e+00 -2.276407e+00
4.017598e+00 -9.916053e+00 -2.273767e+00
4.018598e+00 -7.576570e+00 -2.271075e+00
4.019598e+00 -2.394272e+00 -2.268332e+00
4.020598e+00 3.799118e+00 -2.265536e+00
4.021598e+00 8.615120e+00 -2.262690e+00
4.022598e+00 1.013820e+01 -2.259793e+00
4.023598e+00 7.782510e+00 -2.256846e+00
4.024598e+00 2.646372e+00 -2.253850e+00
4.025597e+00 -3.416530e+00 -2.250805e+00
4.026597e+00 -8.323323e+00 -2.247712e+00
4.027597e+00 -9.783291e+00 -2.244572e+00
4.028597e+00 -7.474733e+00 -2.241385e+00
4.029597e+00 -2.287772e+00 -2.238152e+00
4.030597e+00 3.859537e+00 -2.234875e+00
4.031597e+00 8.547904e+00 -2.231554e+00
4.032597e+00 1.020521e+01 -2.228189e+00
4.033597e+00 7.972566e+00 -2.224783e+00
4.034597e+00 2.743003e+00 -2.221336e+00
4.035596e+00 -3.449138e+00 -2.217850e+00
4.036596e+00 -8.118911e+00 -2.214324e+00
4.037596e+00 -9.773928e+00 -2.210762e+00
4.038596e+00 -7.502439e+00 -2.207163e+00
4.039596e+00 -2.308652e+00 -2.203529e+00
4.040596e+00 3.988580e+00 -2.199862e+00
4.041596e+00 8.801756e+00 -2.196163e+00
4.042596e+00 1.019337e+01 -2.192433e+00
4.043596e+00 7.995523e+00 -2.188674e+00
4.044596e+00 2.809185e+00 -2.184887e+00
4.045595e+00 -3.268286e+00 -2.181075e+00
4.046595e+00 -8.206342e+00 -2.177237e+00
4.047595e+00 -9.751912e+00 -2.173378e+00
4.048595e+00 -7.460295e+00 -2.169497e+00
4.049595e+00 -2.186829e+00 -2.165596e+00
4.050595e+00 3.975907e+00 -2.161679e+00
4.051595e+00 8.781210e+00 -2.157745e+00
4.052595e+00 1.041434e+01 -2.153798e+00
4.053595e+00 8.048764e+00 -2.149839e+00
4.054595e+00 2.854993e+00 -2.145870e+00
4.055594e+00 -3.329696e+00 -2.141893e+00
4.056594e+00 -8.084676e+00 -2.137910e+00
4.057594e+00 -9.608790e+00 -2.133923e+00
4.058594e+00 -7.434212e+00 -2.129934e+00
4.059594e+00 -2.084636e+00 -2.125946e+00
4.060594e+00 4.020275e+00 -2.121960e+00
4.061594e+00 8.802400e+00 -2.117978e+00
4.062594e+00 1.028504e+01 -2.114003e+00
4.063594e+00 8.141150e+00 -2.110037e+00
4.064594e+00 2.978993e+00 -2.106082e+00
4.065593e+00 -3.282192e+00 -2.102140e+00
4.066593e+00 -8.042417e+00 -2.098214e+00
4.067593e+00 -9.623561e+00 -2.094306e+00
4.068593e+00 -7.266867e+00 -2.090418e+00
4.069593e+00 -2.070428e+00 -2.086552e+00
4.070593e+00 4.138319e+00 -2.082712e+00
4.071593e+00 8.818227e+00 -2.078898e+00
4.072593e+00 1.034918e+01 -2.075113e+00
4.073593e+00 8.240946e+00 -2.071360e+00
4.074593e+00 2.938081e+00 -2.067640e+00
4.075592e+00 -3.185797e+00 -2.063957e+00
4.076592e+00 -8.009197e+00 -2.060313e+00
4.077592e+00 -9.476112e+00 -2.056709e+00
4.078592e+00 -7.283335e+00 -2.053147e+00
4.079592e+00 -2.034000e+00 -2.049631e+00
4.080592e+00 4.105611e+00 -2.046163e+00
4.081592e+00 8.919348e+00 -2.042744e+00
4.082592e+00 1.051774e+01 -2.039377e+00
4.083592e+00 8.262727e+00 -2.036064e+00
4.084592e+00 3.085341e+00 -2.032807e+00
4.085591e+00 -3.112159e+00 -2.029608e+00
4.086591e+00 -7.838747e+00 -2.026469e+00
4.087591e+00 -9.441600e+00 -2.023393e+00
4.088591e+00 -7.208687e+00 -2.020382e+00
4.089591e+00 -1.949094e+00 -2.017436e+00
4.090591e+00 4.074128e+00 -2.014559e+00
4.091591e+00 9.011717e+00 -2.011753e+00
4.092591e+00 1.059709e+01 -2.009018e+00
4.093591e+00 8.298323e+00 -2.006358e+00
4.094591e+00 3.191551e+00 -2.003773e+00
4.095590e+00 -3.069398e+00 -2.001266e+00
4.096590e+00 -7.822990e+00 -1.998838e+00
4.097590e+00 -9.375969e+00 -1.996491e+00
4.098590e+00 -7.198874e+00 -1.994227e+00
4.099590e+00 -2.001187e+00 -1.992047e+00
4.100590e+00 4.161637e+00 -1.989952e+00
4.101590e+00 8.992145e+00 -1.987945e+00
4.102590e+00 1.054805e+01 -1.986027e+00
4.103590e+00 8.364611e+00 -1.984198e+00
4.104590e+00 3.188708e+00 -1.982461e+00
4.105589e+00 -2.990618e+00 -1.980817e+00
4.106589e+00 -7.806522e+00 -1.979266e+00
4.107589e+00 -9.442993e+00 -1.977811e+00
4.108589e+00 -7.169865e+00 -1.976452e+00
4.109589e+00 -1.911152e+00 -1.975190e+00
4.110589e+00 4.188337e+00 -1.974027e+00
4.111589e+00 9.041499e+00 -1.972963e+00
4.112589e+00 1.061923e+01 -1.971999e+00
4.113589e+00 8.333472e+00 -1.971137e+00
4.114589e+00 3.142498e+00 -1.970376e+00
4.115588e+00 -2.938391e+00 -1.969719e+00
4.116588e+00 -7.690304e+00 -1.969166e+00
4.117588e+00 -9.265576e+00 -1.968716e+00
4.118588e+00 -7.129222e+00 -1.968372e+00
4.119588e+00 -1.827304e+00 -1.968133e+00
4.120588e+00 4.323089e+00 -1.968001e+00
4.121588e+00 9.097011e+00 -1.967975e+00
4.122588e+00 1.068515e+01 -1.968057e+00
4.123588e+00 8.526918e+00 -1.968246e+00
4.124588e+00 3.297611e+00 -1.968544e+00
4.125587e+00 -2.891927e+00 -1.968949e+00
4.126587e+00 -7.692717e+00 -1.969464e+00
4.127587e+00 -9.260255e+00 -1.970087e+00
4.128587e+00 -7.050498e+00 -1.970820e+00
4.129587e+00 -1.805584e+00 -1.971662e+00
4.130587e+00 4.373467e+00 -1.972614e+00
4.131587e+00 9.129512e+00 -1.973675e+00
4.132587e+00 1.073032e+01 -1.974846e+00
4.133587e+00 8.457229e+00 -1.976127e+00
4.134587e+00 3.312478e+00 -1.977518e+00
4.135586e+00 -2.882696e+00 -1.979019e+00
4.136586e+00 -7.619371e+00 -1.980629e+00
4.137586e+00 -9.194520e+00 -1.982350e+00
4.138586e+00 -6.977660e+00 -1.984180e+00
4.139586e+00 -1.680235e+00 -1.986119e+00
4.140586e+00 4.375598e+00 -1.988168e+00
4.141586e+00 9.191513e+00 -1.990326e+00
4.142586e+00 1.087697e+01 -1.992593e+00
4.143586e+00 8.444815e+00 -1.994969e+00
4.144586e+00 3.405387e+00 -1.997453e+00
4.145585e+00 -2.789000e+00 -2.000045e+00
4.146585e+00 -7.585243e+00 -2.002745e+00
4.147585e+00 -9.226721e+00 -2.005553e+00
4.148585e+00 -6.926989e+00 -2.008468e+00
4.149585e+00 -1.804199e+00 -2.011490e+00
4.150585e+00 4.353618e+00 -2.014618e+00
4.151585e+00 9.211507e+00 -2.017853e+00
4.152585e+00 1.072945e+01 -2.021193e+00
4.153585e+00 8.516646e+00 -2.024638e+00
4.154585e+00 3.413265e+00 -2.028188e+00
4.155584e+00 -2.789118e+00 -2.031843e+00
4.156584e+00 -7.648810e+00 -2.035601e+00
4.157584e+00 -9.126337e+00 -2.039463e+00
4.158584e+00 -6.895421e+00 -2.043427e+00
4.159584e+00 -1.676745e+00 -2.047494e+00
4.160584e+00 4.394777e+00 -2.051662e+00
4.161584e+00 9.192754e+00 -2.055932e+00
4.162584e+00 1.082981e+01 -2.060303e+00
4.163584e+00 8.615768e+00 -2.064774e+00
4.164584e+00 3.430169e+00 -2.069344e+00
4.165583e+00 -2.732620e+00 -2.074013e+00
4.166583e+00 -7.550258e+00 -2.078781e+00
4.167583e+00 -9.184687e+00 -2.083646e+00
4.168583e+00 -6.972066e+00 -2.088609e+00
4.169583e+00 -1.688895e+00 -2.093668e+00
4.170583e+00 4.440742e+00 -2.098823e+00
4.171583e+00 9.292782e+00 -2.104074e+00
4.172583e+00 1.085910e+01 -2.109419e+00
4.173583e+00 8.673942e+00 -2.114858e+00
4.174583e+00 3.443358e+00 -2.120391e+00
4.175582e+00 -2.707770e+00 -2.126016e+00
4.176582e+00 -7.511393e+00 -2.131733e+00
4.177582e+00 -9.133967e+00 -2.137542e+00
4.178582e+00 -6.867462e+00 -2.143442e+00
4.179582e+00 -1.675584e+00 -2.149432e+00
4.180582e+00 4.500693e+00 -2.155511e+00
4.181582e+00 9.339729e+00 -2.161679e+00
4.182582e+00 1.095026e+01 -2.167935e+00
4.183582e+00 8.733140e+00 -2.174279e+00
4.184582e+00 3.415610e+00 -2.180709e+00
4.185581e+00 -2.666487e+00 -2.187225e+00
4.186581e+00 -7.500758e+00 -2.193826e+00
4.187581e+00 -9.037768e+00 -2.200513e+00
4.188581e+00 -6.914252e+00 -2.207282e+00
4.189581e+00 -1.736320e+00 -2.214136e+00
4.190581e+00 4.545620e+00 -2.221071e+00
4.191581e+00 9.299619e+00 -2.228089e+00
4.192581e+00 1.084481e+01 -2.235187e+00
4.193581e+00 8.754065e+00 -2.242366e+00
4.194581e+00 3.527277e+00 -2.249625e+00
4.195580e+00 -2.609670e+00 -2.256962e+00
4.196580e+00 -7.443145e+00 -2.264378e+00
4.197580e+00 -8.905681e+00 -2.271872e+00
4.198580e+00 -6.857828e+00 -2.279442e+00
4.199580e+00 -1.660057e+00 -2.287088e+00
4.200580e+00 4.563064e+00 -2.294810e+00
4.201580e+00 9.296690e+00 -2.302606e+00
4.202580e+00 1.088080e+01 -2.310476e+00
4.203580e+00 8.786306e+00 -2.318420e+00
4.204580e+00 3.550426e+00 -2.326436e+00
4.205579e+00 -2.724702e+00 -2.334524e+00
4.206579e+00 -7.402238e+00 -2.342682e+00
4.207579e+00 -9.041193e+00 -2.350912e+00
4.208579e+00 -6.842380e+00 -2.359210e+00
4.209579e+00 -1.642589e+00 -2.367578e+00
4.210579e+00 4.525987e+00 -2.376014e+00
4.211579e+00 9.365094e+00 -2.384518e+00
4.212579e+00 1.092175e+01 -2.393088e+00
4.213579e+00 8.785050e+00 -2.401724e+00
4.214579e+00 3.605666e+00 -2.410426e+00
4.215578e+00 -2.509140e+00 -2.419192e+00
4.216578e+00 -7.421097e+00 -2.428022e+00
4.217578e+00 -9.037899e+00 -2.436915e+00
4.218578e+00 -6.791384e+00 -2.445871e+00
4.219578e+00 -1.614828e+00 -2.454889e+00
4.220578e+00 4.481862e+00 -2.463967e+00
4.221578e+00 9.399383e+00 -2.473106e+00
4.222578e+00 1.099258e+01 -2.482305e+00
4.223578e+00 8.778625e+00 -2.491563e+00
4.224578e+00 3.545093e+00 -2.500878e+00
4.225577e+00 -2.567273e+00 -2.510252e+00
4.226577e+00 -7.331343e+00 -2.519682e+00
4.227577e+00 -9.101269e+00 -2.529168e+00
4.228577e+00 -6.841912e+00 -2.538710e+00
4.229577e+00 -1.600785e+00 -2.548307e+00
4.230577e+00 4.558885e+00 -2.557957e+00
4.231577e+00 9.339099e+00 -2.567661e+00
4.232577e+00 1.094569e+01 -2.577418e+00
4.233577e+00 8.849854e+00 -2.587226e+00
4.234577e+00 3.614076e+00 -2.597086e+00
4.235576e+00 -2.546027e+00 -2.606997e+00
4.236576e+00 -7.405264e+00 -2.616958e+00
4.237576e+00 -8.969987e+00 -2.626967e+00
4.238576e+00 -6.785099e+00 -2.637026e+00
4.239576e+00 -1.665476e+00 -2.647132e+00
4.240576e+00 4.584397e+00 -2.657286e+00
4.241576e+00 9.374401e+00 -2.667486e+00
4.242576e+00 1.098204e+01 -2.677732e+00
4.243576e+00 8.800038e+00 -2.688024e+00
4.244576e+00 3.627323e+00 -2.698360e+00
4.245575e+00 -2.573302e+00 -2.708740e+00
4.246575e+00 -7.390978e+00 -2.719164e+00
4.247575e+00 -8.928350e+00 -2.729630e+00
4.248575e+00 -6.855491e+00 -2.740138e+00
4.249575e+00 -1.725703e+00 -2.750688e+00
4.250575e+00 4.587557e+00 -2.761278e+00
4.251575e+00 9.284563e+00 -2.771909e+00
4.252575e+00 1.102705e+01 -2.782579e+00
4.253575e+00 8.828720e+00 -2.793288e+00
4.254575e+00 3.592128e+00 -2.804035e+00
4.255574e+00 -2.449321e+00 -2.814820e+00
4.256574e+00 -7.356189e+00 -2.825642e+00
4.257574e+00 -9.034269e+00 -2.836500e+00
4.258574e+00 -6.871146e+00 -2.847394e+00
4.259574e+00 -1.671286e+00 -2.858324e+00
4.260574e+00 4.574314e+00 -2.869288e+00
4.261574e+00 9.286193e+00 -2.880286e+00
4.262574e+00 1.101367e+01 -2.891317e+00
4.263574e+00 8.905190e+00 -2.902382e+00
4.264574e+00 3.631613e+00 -2.913478e+00
4.265573e+00 -2.586259e+00 -2.924607e+00
4.266573e+00 -7.348177e+00 -2.935766e+00
4.267573e+00 -8.946768e+00 -2.946956e+00
4.268573e+00 -6.832075e+00 -2.958176e+00
4.269573e+00 -1.709399e+00 -2.969426e+00
4.270573e+00 4.435844e+00 -2.980704e+00
4.271573e+00 9.396193e+00 -2.992010e+00
4.272573e+00 1.110903e+01 -3.003345e+00
4.273573e+00 8.842387e+00 -3.014706e+00
4.274573e+00 3.669035e+00 -3.026094e+00
4.275572e+00 -2.615140e+00 -3.037508e+00
4.276572e+00 -7.370566e+00 -3.048948e+00
4.277572e+00 -9.028884e+00 -3.060413e+00
4.278572e+00 -6.883036e+00 -3.071902e+00
4.279572e+00 -1.675238e+00 -3.083416e+00
4.280572e+00 4.467310e+00 -3.094953e+00
4.281572e+00 9.245854e+00 -3.106512e+00
4.282572e+00 1.097113e+01 -3.118094e+00
4.283572e+00 8.775110e+00 -3.129699e+00
4.284572e+00 3.546319e+00 -3.141324e+00
4.285571e+00 -2.550277e+00 -3.152971e+00
4.286571e+00 -7.310385e+00 -3.164637e+00
4.287571e+00 -8.973628e+00 -3.176324e+00
4.288571e+00 -6.907655e+00 -3.188030e+00
4.289571e+00 -1.706283e+00 -3.199756e+00
4.290571e+00 4.535815e+00 -3.211499e+00
4.291571e+00 9.242828e+00 -3.223261e+00
4.292571e+00 1.093274e+01 -3.235040e+00
4.293571e+00 8.767577e+00 -3.246836e+00
4.294571e+00 3.551582e+00 -3.258649e+00
4.295570e+00 -2.470498e+00 -3.270478e+00
4.296570e+00 -7.388742e+00 -3.282323e+00
4.297570e+00 -9.004251e+00 -3.294182e+00
4.298570e+00 -6.937723e+00 -3.306057e+00
4.299570e+00 -1.761770e+00 -3.317946e+00
4.300570e+00 4.535788e+00 -3.329848e+00
4.301570e+00 9.398643e+00 -3.341765e+00
4.302570e+00 1.102379e+01 -3.353694e+00
4.303570e+00 8.813164e+00 -3.365635e+00
4.304570e+00 3.607487e+00 -3.377589e+00
4.305569e+00 -2.503404e+00 -3.389555e+00
4.306569e+00 -7.454204e+00 -3.401531e+00
4.307569e+00 -9.032094e+00 -3.413519e+00
4.308569e+00 -6.966961e+00 -3.425517e+00
4.309569e+00 -1.691789e+00 -3.437525e+00
4.310569e+00 4.366714e+00 -3.449543e+00
4.311569e+00 9.244733e+00 -3.461569e+00
4.312569e+00 1.092368e+01 -3.473605e+00
4.313569e+00 8.785351e+00 -3.485649e+00
4.314569e+00 3.627691e+00 -3.497701e+00
4.315568e+00 -2.641102e+00 -3.509761e+00
4.316568e+00 -7.370146e+00 -3.521828e+00
4.317568e+00 -9.241598e+00 -3.533902e+00
4.318568e+00 -6.918479e+00 -3.545983e+00
4.319568e+00 -1.726429e+00 -3.558069e+00
4.320568e+00 4.325660e+00 -3.570161e+00
4.321568e+00 9.215725e+00 -3.582259e+00
4.322568e+00 1.086798e+01 -3.594362e+00
4.323568e+00 8.852974e+00 -3.606469e+00
4.324568e+00 3.451055e+00 -3.618581e+00
4.325567e+00 -2.606903e+00 -3.630696e+00
4.326567e+00 -7.475503e+00 -3.642815e+00
4.327567e+00 -9.196350e+00 -3.654938e+00
4.328567e+00 -6.946974e+00 -3.667063e+00
4.329567e+00 -1.887786e+00 -3.679191e+00
4.330567e+00 4.333279e+00 -3.691321e+00
4.331567e+00 9.141044e+00 -3.703453e+00
4.332567e+00 1.091194e+01 -3.715587e+00
4.333567e+00 8.736820e+00 -3.727721e+00
4.334567e+00 3.559450e+00 -3.739857e+00
4.335566e+00 -2.627100e+00 -3.751994e+00
4.336566e+00 -7.518978e+00 -3.764130e+00
4.337566e+00 -9.250665e+00 -3.776267e+00
4.338566e+00 -7.021932e+00 -3.788404e+00
4.339566e+00 -1.892661e+00 -3.800539e+00
4.340566e+00 4.231759e+00 -3.812674e+00
4.341566e+00 9.190018e+00 -3.824808e+00
4.342566e+00 1.077798e+01 -3.836940e+00
4.343566e+00 8.654846e+00 -3.849071e+00
4.344566e+00 3.531280e+00 -3.861199e+00
4.345565e+00 -2.606052e+00 -3.873326e+00
4.346565e+00 -7.490148e+00 -3.885449e+00
4.347565e+00 -9.146984e+00 -3.897570e+00
4.348565e+00 -7.007010e+00 -3.909687e+00
4.349565e+00 -1.865759e+00 -3.921802e+00
4.350565e+00 4.201971e+00 -3.933912e+00
4.351565e+00 9.122505e+00 -3.946019e+00
4.352565e+00 1.079660e+01 -3.958121e+00
4.353565e+00 8.590861e+00 -3.970219e+00
4.354565e+00 3.535932e+00 -3.982313e+00
4.355564e+00 -2.638405e+00 -3.994401e+00
4.356564e+00 -7.512450e+00 -4.006485e+00
4.357564e+00 -9.159221e+00 -4.018563e+00
4.358564e+00 -7.062133e+00 -4.030635e+00
4.359564e+00 -1.971280e+00 -4.042702e+00
4.360564e+00 4.158941e+00 -4.054763e+00
4.361564e+00 9.056177e+00 -4.066817e+00
4.362564e+00 1.072623e+01 -4.078866e+00
4.363564e+00 8.581657e+00 -4.090907e+00
4.364564e+00 3.502327e+00 -4.102942e+00
4.365563e+00 -2.797097e+00 -4.114969e+00
4.366563e+00 -7.573902e+00 -4.126990e+00
4.367563e+00 -9.232685e+00 -4.139003e+00
4.368563e+00 -7.075602e+00 -4.151008e+00
4.369563e+00 -1.982624e+00 -4.163005e+00
4.370563e+00 4.212624e+00 -4.174995e+00
4.371563e+00 9.038779e+00 -4.186976e+00
4.372563e+00 1.072101e+01 -4.198949e+00
4.373563e+00 8.587002e+00 -4.210914e+00
4.374563e+00 3.436851e+00 -4.222870e+00
4.375562e+00 -2.852567e+00 -4.234817e+00
4.376562e+00 -7.593520e+00 -4.246755e+00
4.377562e+00 -9.317234e+00 -4.258684e+00
4.378562e+00 -7.187375e+00 -4.270604e+00
4.379562e+00 -2.087960e+00 -4.282514e+00
4.380562e+00 4.167702e+00 -4.294415e+00
4.381562e+00 8.968303e+00 -4.306306e+00
4.382562e+00 1.069167e+01 -4.318187e+00
4.383562e+00 8.570048e+00 -4.330058e+00
4.384562e+00 3.438379e+00 -4.341919e+00
4.385561e+00 -2.843915e+00 -4.353770e+00
4.386561e+00 -7.704546e+00 -4.365610e+00
4.387561e+00 -9.307539e+00 -4.377440e+00
4.388561e+00 -7.227523e+00 -4.389260e+00
4.389561e+00 -2.084727e+00 -4.401069e+00
4.390561e+00 4.087305e+00 -4.412867e+00
4.391561e+00 8.985421e+00 -4.424654e+00
4.392561e+00 1.056191e+01 -4.436430e+00
4.393561e+00 8.477695e+00 -4.448195e+00
4.394561e+00 3.374777e+00 -4.459949e+00
4.395560e+00 -2.880136e+00 -4.471691e+00
4.396560e+00 -7.683402e+00 -4.483423e+00
4.397560e+00 -9.433604e+00 -4.495142e+00
4.398560e+00 -7.357904e+00 -4.506851e+00
4.399560e+00 -2.144293e+00 -4.518547e+00
4.400560e+00 4.110270e+00 -4.530232e+00
4.401560e+00 8.834393e+00 -4.541905e+00
4.402560e+00 1.057232e+01 -4.553566e+00
4.403560e+00 8.441860e+00 -4.565216e+00
4.404560e+00 3.317031e+00 -4.576853e+00
4.405559e+00 -2.964188e+00 -4.588479e+00
4.406559e+00 -7.743510e+00 -4.600092e+00
4.407559e+00 -9.483398e+00 -4.611693e+00
4.408559e+00 -7.345712e+00 -4.623282e+00
4.409559e+00 -2.129155e+00 -4.634859e+00
4.410559e+00 3.914223e+00 -4.646423e+00
4.411559e+00 8.836252e+00 -4.657976e+00
4.412559e+00 1.042549e+01 -4.669515e+00
4.413559e+00 8.415027e+00 -4.681043e+00
4.414559e+00 3.226414e+00 -4.692557e+00
4.415558e+00 -2.950691e+00 -4.704060e+00
4.416558e+00 -7.793952e+00 -4.715549e+00
4.417558e+00 -9.477955e+00 -4.727027e+00
4.418558e+00 -7.351393e+00 -4.738491e+00
4.419558e+00 -2.337933e+00 -4.749943e+00
4.420558e+00 3.929087e+00 -4.761383e+00
4.421558e+00 8.810536e+00 -4.772809e+00
4.422558e+00 1.054722e+01 -4.784223e+00
4.423558e+00 8.281974e+00 -4.795624e+00
4.424558e+00 3.199680e+00 -4.807013e+00
4.425557e+00 -3.000399e+00 -4.818389e+00
4.426557e+00 -7.787665e+00 -4.829751e+00
4.427557e+00 -9.617959e+00 -4.841102e+00
4.428557e+00 -7.407294e+00 -4.852439e+00
4.429557e+00 -2.346422e+00 -4.863764e+00
4.430557e+00 3.836013e+00 -4.875075e+00
4.431557e+00 8.710685e+00 -4.886374e+00
4.432557e+00 1.036178e+01 -4.897660e+00
4.433557e+00 8.294490e+00 -4.908934e+00
4.434557e+00 3.103524e+00 -4.920194e+00
4.435556e+00 -3.020817e+00 -4.931442e+00
4.436556e+00 -7.945836e+00 -4.942676e+00
4.437556e+00 -9.681182e+00 -4.953898e+00
4.438556e+00 -7.462436e+00 -4.965107e+00
4.439556e+00 -2.372734e+00 -4.976304e+00
4.440556e+00 3.831686e+00 -4.987487e+00
4.441556e+00 8.722247e+00 -4.998658e+00
4.442556e+00 1.043935e+01 -5.009816e+00
4.443556e+00 8.211578e+00 -5.020961e+00
4.444556e+00 3.032371e+00 -5.032093e+00
4.445555e+00 -3.107321e+00 -5.043212e+00
4.446555e+00 -8.035947e+00 -5.054319e+00
4.447555e+00 -9.660949e+00 -5.065413e+00
4.448555e+00 -7.520520e+00 -5.076494e+00
4.449555e+00 -2.425702e+00 -5.087563e+00
4.450555e+00 3.678703e+00 -5.098619e+00
4.451555e+00 8.588210e+00 -5.109662e+00
4.452555e+00 1.028172e+01 -5.120692e+00
4.453555e+00 8.205214e+00 -5.131710e+00
4.454555e+00 3.002084e+00 -5.142715e+00
4.455554e+00 -3.069077e+00 -5.153707e+00
4.456554e+00 -8.126653e+00 -5.164687e+00
4.457554e+00 -9.630258e+00 -5.175654e+00
4.458554e+00 -7.614574e+00 -5.186609e+00
4.459554e+00 -2.531818e+00 -5.197551e+00
4.460554e+00 3.621126e+00 -5.208481e+00
4.461554e+00 8.476429e+00 -5.219398e+00
4.462554e+00 1.020542e+01 -5.230303e+00
4.463554e+00 8.081443e+00 -5.241195e+00
4.464554e+00 2.983164e+00 -5.252074e+00
4.465553e+00 -3.178630e+00 -5.262942e+00
4.466553e+00 -8.005038e+00 -5.273797e+00
4.467553e+00 -9.728070e+00 -5.284639e+00
4.468553e+00 -7.702861e+00 -5.295469e+00
4.469553e+00 -2.601174e+00 -5.306287e+00
4.470553e+00 3.586424e+00 -5.317093e+00
4.471553e+00 8.475113e+00 -5.327886e+00
4.472553e+00 1.022520e+01 -5.338667e+00
4.473553e+00 8.172314e+00 -5.349436e+00
4.474553e+00 2.790065e+00 -5.360192e+00
4.475552e+00 -3.225764e+00 -5.370937e+00
4.476552e+00 -8.140534e+00 -5.381669e+00
4.477552e+00 -9.884671e+00 -5.392389e+00
4.478552e+00 -7.820958e+00 -5.403097e+00
4.479552e+00 -2.679599e+00 -5.413793e+00
4.480552e+00 3.498069e+00 -5.424476e+00
4.481552e+00 8.420084e+00 -5.435148e+00
4.482552e+00 1.006086e+01 -5.445808e+00
4.483552e+00 8.048026e+00 -5.456456e+00
4.484552e+00 3.010949e+00 -5.467091e+00
4.485551e+00 -3.337875e+00 -5.477715e+00
4.486551e+00 -8.204696e+00 -5.488327e+00
4.487551e+00 -9.915853e+00 -5.498927e+00
4.488551e+00 -7.882749e+00 -5.509515e+00
4.489551e+00 -2.672463e+00 -5.520091e+00
4.490551e+00 3.390995e+00 -5.530656e+00
4.491551e+00 8.271381e+00 -5.541208e+00
4.492551e+00 1.010915e+01 -5.551749e+00
4.493551e+00 7.864697e+00 -5.562278e+00
4.494551e+00 2.785276e+00 -5.572795e+00
4.495550e+00 -3.382500e+00 -5.583301e+00
4.496550e+00 -8.232708e+00 -5.593795e+00
4.497550e+00 -1.005217e+01 -5.604277e+00
4.498550e+00 -7.883614e+00 -5.614747e+00
4.499550e+00 -2.689366e+00 -5.625206e+00
4.500550e+00 3.405927e+00 -5.635653e+00
4.501550e+00 8.250995e+00 -5.646089e+00
4.502550e+00 9.980582e+00 -5.656513e+00
4.503550e+00 7.899459e+00 -5.666925e+00
4.504550e+00 2.831876e+00 -5.677326e+00
4.505549e+00 -3.371184e+00 -5.687715e+00
4.506549e+00 -8.466583e+00 -5.698093e+00
4.507549e+00 -1.007959e+01 -5.708459e+00
4.508549e+00 -7.973392e+00 -5.718814e+00
4.509549e+00 -3.000960e+00 -5.729158e+00
4.510549e+00 3.302200e+00 -5.739489e+00
4.511549e+00 8.172391e+00 -5.749810e+00
4.512549e+00 9.876738e+00 -5.760119e+00
4.513549e+00 7.757519e+00 -5.770416e+00
4.514549e+00 2.637257e+00 -5.780702e+00
4.515548e+00 -3.482957e+00 -5.790977e+00
4.516548e+00 -8.363391e+00 -5.801240e+00
4.517548e+00 -1.016828e+01 -5.811492e+00
4.518548e+00 -8.002288e+00 -5.821733e+00
4.519548e+00 -2.904872e+00 -5.831962e+00
4.520548e+00 3.244943e+00 -5.842180e+00
4.521548e+00 8.083646e+00 -5.852387e+00
4.522548e+00 9.832838e+00 -5.862582e+00
4.523548e+00 7.750783e+00 -5.872766e+00
4.524548e+00 2.631619e+00 -5.882938e+00
4.525547e+00 -3.494163e+00 -5.893100e+00
4.526547e+00 -8.387176e+00 -5.903250e+00
4.527547e+00 -1.008262e+01 -5.913389e+00
4.528547e+00 -8.025618e+00 -5.923516e+00
4.529547e+00 -3.024596e+00 -5.933632e+00
4.530547e+00 3.214911e+00 -5.943737e+00
4.531547e+00 8.051356e+00 -5.953831e+00
4.532547e+00 9.826720e+00 -5.963913e+00
4.533547e+00 7.734269e+00 -5.973984e+00
4.534547e+00 2.563832e+00 -5.984044e+00
4.535546e+00 -3.554583e+00 -5.994093e+00
4.536546e+00 -8.604408e+00 -6.004130e+00
4.537546e+00 -1.027646e+01 -6.014156e+00
4.538546e+00 -8.143645e+00 -6.024171e+00
4.539546e+00 -3.062465e+00 -6.034175e+00
4.540546e+00 3.091902e+00 -6.044167e+00
4.541546e+00 8.019798e+00 -6.054148e+00
4.542546e+00 9.626856e+00 -6.064118e+00
4.543546e+00 7.560028e+00 -6.074077e+00
4.544546e+00 2.565159e+00 -6.084024e+00
4.545545e+00 -3.620434e+00 -6.093960e+00
4.546545e+00 -8.509917e+00 -6.103885e+00
4.547545e+00 -1.027166e+01 -6.113798e+00
4.548545e+00 -8.259913e+00 -6.123700e+00
4.549545e+00 -3.173016e+00 -6.133591e+00
4.550545e+00 3.002688e+00 -6.143471e+00
4.551545e+00 7.809294e+00 -6.153339e+00
4.552545e+00 9.660439e+00 -6.163196e+00
4.553545e+00 7.592598e+00 -6.173042e+00
4.554545e+00 2.444369e+00 -6.182877e+00
4.555544e+00 -3.668795e+00 -6.192700e+00
4.556544e+00 -8.580799e+00 -6.202512e+00
4.557544e+00 -1.034952e+01 -6.212312e+00
4.558544e+00 -8.226728e+00 -6.222101e+00
4.559544e+00 -3.131596e+00 -6.231879e+00
4.560544e+00 3.025891e+00 -6.241645e+00
4.561544e+00 7.932216e+00 -6.251400e+00
4.562544e+00 9.658688e+00 -6.261144e+00
4.563544e+00 7.607954e+00 -6.270876e+00
4.564544e+00 2.356572e+00 -6.280597e+00
4.565543e+00 -3.766361e+00 -6.290306e+00
4.566543e+00 -8.588485e+00 -6.300004e+00
4.567543e+00 -1.037345e+01 -6.309690e+00
4.568543e+00 -8.372069e+00 -6.319365e+00
4.569543e+00 -3.299280e+00 -6.329029e+00
4.570543e+00 2.904215e+00 -6.338681e+00
4.571543e+00 7.777417e+00 -6.348321e+00
4.572543e+00 9.591627e+00 -6.357950e+00
4.573543e+00 7.530782e+00 -6.367567e+00
4.574543e+00 2.337552e+00 -6.377173e+00
4.575542e+00 -3.746238e+00 -6.386767e+00
4.576542e+00 -8.625379e+00 -6.396350e+00
4.577542e+00 -1.040935e+01 -6.405921e+00
4.578542e+00 -8.374063e+00 -6.415480e+00
4.579542e+00 -3.330580e+00 -6.425028e+00
4.580542e+00 2.795987e+00 -6.434564e+00
4.581542e+00 7.745012e+00 -6.444088e+00
4.582542e+00 9.521841e+00 -6.453601e+00
4.583542e+00 7.304739e+00 -6.463101e+00
4.584542e+00 2.411209e+00 -6.472590e+00
4.585541e+00 -3.871130e+00 -6.482068e+00
4.586541e+00 -8.701573e+00 -6.491533e+00
4.587541e+00 -1.057808e+01 -6.500987e+00
4.588541e+00 -8.495400e+00 -6.510429e+00
4.589541e+00 -3.458509e+00 -6.519858e+00
4.590541e+00 2.723425e+00 -6.529276e+00
4.591541e+00 7.719754e+00 -6.538682e+00
4.592541e+00 9.455319e+00 -6.548077e+00
4.593541e+00 7.338299e+00 -6.557459e+00
4.594541e+00 2.246323e+00 -6.566829e+00
4.595540e+00 -3.879754e+00 -6.576187e+00
4.596540e+00 -8.888721e+00 -6.585533e+00
4.597540e+00 -1.064589e+01 -6.594867e+00
4.598540e+00 -8.545635e+00 -6.604189e+00
4.599540e+00 -3.400646e+00 -6.613498e+00
4.600540e+00 2.779295e+00 -6.622796e+00
4.601540e+00 7.547427e+00 -6.632081e+00
4.602540e+00 9.314032e+00 -6.641354e+00
4.603540e+00 7.298647e+00 -6.650615e+00
4.604540e+00 2.169890e+00 -6.659864e+00
4.605539e+00 -3.924530e+00 -6.669100e+00
4.606539e+00 -8.899588e+00 -6.678323e+00
4.607539e+00 -1.063018e+01 -6.687535e+00
4.608539e+00 -8.641250e+00 -6.696734e+00
4.609539e+00 -3.591879e+00 -6.705920e+00
4.610539e+00 2.732011e+00 -6.715094e+00
4.611539e+00 7.532150e+00 -6.724256e+00
4.612539e+00 9.326316e+00 -6.733405e+00
4.613539e+00 7.317400e+00 -6.742541e+00
4.614539e+00 2.332410e+00 -6.751664e+00
4.615538e+00 -3.928065e+00 -6.760775e+00
4.616538e+00 -8.846246e+00 -6.769873e+00
4.617538e+00 -1.070159e+01 -6.778959e+00
4.618538e+00 -8.567824e+00 -6.788031e+00
4.619538e+00 -3.563425e+00 -6.797091e+00
4.620538e+00 2.644604e+00 -6.806138e+00
4.621538e+00 7.585673e+00 -6.815171e+00
4.622538e+00 9.260839e+00 -6.824192e+00
4.623538e+00 7.204206e+00 -6.833200e+00
4.624538e+00 2.116312e+00 -6.842194e+00
4.625537e+00 -3.940242e+00 -6.851176e+00
4.626537e+00 -8.940373e+00 -6.860144e+00
4.627537e+00 -1.070187e+01 -6.869099e+00
4.628537e+00 -8.675667e+00 -6.878040e+00
4.629537e+00 -3.549809e+00 -6.886969e+00
4.630537e+00 2.619856e+00 -6.895884e+00
4.631537e+00 7.552649e+00 -6.904785e+00
4.632537e+00 9.293643e+00 -6.913673e+00
4.633537e+00 7.247334e+00 -6.922547e+00
4.634537e+00 2.171666e+00 -6.931407e+00
4.635536e+00 -4.083809e+00 -6.940254e+00
4.636536e+00 -9.004988e+00 -6.949087e+00
4.637536e+00 -1.075765e+01 -6.957906e+00
4.638536e+00 -8.783292e+00 -6.966711e+00
4.639536e+00 -3.619608e+00 -6.975502e+00
4.640536e+00 2.460885e+00 -6.984279e+00
4.641536e+00 7.538599e+00 -6.993042e+00
4.642536e+00 9.241582e+00 -7.001791e+00
4.643536e+00 7.216068e+00 -7.010525e+00
4.644536e+00 2.151854e+00 -7.019245e+00
4.645535e+00 -4.059923e+00 -7.027951e+00
4.646535e+00 -9.020734e+00 -7.036641e+00
4.647535e+00 -1.081068e+01 -7.045318e+00
4.648535e+00 -8.733969e+00 -7.053979e+00
4.649535e+00 -3.673430e+00 -7.062626e+00
4.650535e+00 2.401472e+00 -7.071257e+00
4.651535e+00 7.300996e+00 -7.079874e+00
4.652535e+00 9.175159e+00 -7.088475e+00
4.653535e+00 7.180394e+00 -7.097062e+00
4.654535e+00 2.091573e+00 -7.105632e+00
4.655534e+00 -4.173712e+00 -7.114188e+00
4.656534e+00 -8.995602e+00 -7.122728e+00
4.657534e+00 -1.079470e+01 -7.131252e+00
4.658534e+00 -8.787861e+00 -7.139760e+00
4.659534e+00 -3.772718e+00 -7.148253e+00
4.660534e+00 2.424591e+00 -7.156729e+00
4.661534e+00 7.310044e+00 -7.165189e+00
4.662534e+00 9.112635e+00 -7.173633e+00
4.663534e+00 7.147652e+00 -7.182060e+00
4.664534e+00 2.030011e+00 -7.190471e+00
4.665533e+00 -4.115582e+00 -7.198865e+00
4.666533e+00 -9.064373e+00 -7.207242e+00
4.667533e+00 -1.081510e+01 -7.215602e+00
4.668533e+00 -8.785371e+00 -7.223945e+00
4.669533e+00 -3.709002e+00 -7.232271e+00
4.670533e+00 2.434395e+00 -7.240579e+00
4.671533e+00 7.267552e+00 -7.248869e+00
4.672533e+00 9.180795e+00 -7.257141e+00
4.673533e+00 7.118500e+00 -7.265396e+00
4.674533e+00 1.988801e+00 -7.273632e+00
4.675532e+00 -4.181217e+00 -7.281850e+00
4.676532e+00 -9.062870e+00 -7.290049e+00
4.677532e+00 -1.086578e+01 -7.298229e+00
4.678532e+00 -8.746976e+00 -7.306390e+00
4.679532e+00 -3.871445e+00 -7.314533e+00
4.680532e+00 2.416315e+00 -7.322655e+00
4.681532e+00 7.308427e+00 -7.330758e+00
4.682532e+00 9.090350e+00 -7.338841e+00
4.683532e+00 7.060897e+00 -7.346904e+00
4.684532e+00 2.030969e+00 -7.354947e+00
4.685531e+00 -4.107840e+00 -7.362969e+00
4.686531e+00 -9.136016e+00 -7.370970e+00
4.687531e+00 -1.091549e+01 -7.378950e+00
4.688531e+00 -8.832784e+00 -7.386909e+00
4.689531e+00 -3.843963e+00 -7.394846e+00
4.690531e+00 2.405817e+00 -7.402761e+00
4.691531e+00 7.292386e+00 -7.410654e+00
4.692531e+00 8.967055e+00 -7.418525e+00
4.693531e+00 7.089950e+00 -7.426372e+00
4.694531e+00 2.034066e+00 -7.434197e+00
4.695530e+00 -4.178801e+00 -7.441998e+00
4.696530e+00 -9.124750e+00 -7.449776e+00
4.697530e+00 -1.080207e+01 -7.457529e+00
4.698530e+00 -8.974556e+00 -7.465258e+00
4.699530e+00 -3.778437e+00 -7.472962e+00
4.700530e+00 2.276084e+00 -7.480641e+00
4.701530e+00 7.255683e+00 -7.488295e+00
4.702530e+00 8.991755e+00 -7.495923e+00
4.703530e+00 7.073225e+00 -7.503525e+00
4.704530e+00 1.885984e+00 -7.511100e+00
4.705529e+00 -4.267107e+00 -7.518648e+00
4.706529e+00 -9.110277e+00 -7.526169e+00
4.707529e+00 -1.098121e+01 -7.533662e+00
4.708529e+00 -8.952619e+00 -7.541126e+00
4.709529e+00 -3.761889e+00 -7.548563e+00
4.710529e+00 2.353215e+00 -7.555970e+00
4.711529e+00 7.176860e+00 -7.563347e+00
4.712529e+00 9.109319e+00 -7.570694e+00
4.713529e+00 6.980954e+00 -7.578011e+00
4.714529e+00 1.968985e+00 -7.585297e+00
4.715528e+00 -4.215965e+00 -7.592552e+00
4.716528e+00 -9.168590e+00 -7.599774e+00
4.717528e+00 -1.090536e+01 -7.606964e+00
4.718528e+00 -8.984440e+00 -7.614122e+00
4.719528e+00 -3.921283e+00 -7.621245e+00
4.720528e+00 2.308301e+00 -7.628335e+00
4.721528e+00 7.258367e+00 -7.635389e+00
4.722528e+00 8.914389e+00 -7.642409e+00
4.723528e+00 7.006173e+00 -7.649393e+00
4.724528e+00 1.949877e+00 -7.656340e+00
4.725527e+00 -4.147463e+00 -7.663251e+00
4.726527e+00 -9.207644e+00 -7.670123e+00
4.727527e+00 -1.091531e+01 -7.676958e+00
4.728527e+00 -8.961404e+00 -7.683754e+00
4.729527e+00 -3.983745e+00 -7.690510e+00
4.730527e+00 2.314980e+00 -7.697226e+00
4.731527e+00 7.294350e+00 -7.703901e+00
4.732527e+00 9.005647e+00 -7.710535e+00
4.733527e+00 6.944066e+00 -7.717126e+00
4.734527e+00 1.848244e+00 -7.723675e+00
4.735526e+00 -4.209779e+00 -7.730179e+00
4.736526e+00 -9.170217e+00 -7.736640e+00
4.737526e+00 -1.102693e+01 -7.743055e+00
4.738526e+00 -9.051591e+00 -7.749424e+00
4.739526e+00 -3.896645e+00 -7.755747e+00
4.740526e+00 2.196692e+00 -7.762021e+00
4.741526e+00 7.334040e+00 -7.768248e+00
4.742526e+00 8.976261e+00 -7.774426e+00
4.743526e+00 7.053664e+00 -7.780553e+00
4.744526e+00 1.904091e+00 -7.786630e+00
4.745525e+00 -4.132347e+00 -7.792655e+00
4.746525e+00 -9.126912e+00 -7.798627e+00
4.747525e+00 -1.095473e+01 -7.804546e+00
4.748525e+00 -9.029364e+00 -7.810411e+00
4.749525e+00 -3.981392e+00 -7.816221e+00
4.750525e+00 2.231194e+00 -7.821974e+00
4.751525e+00 7.192092e+00 -7.827670e+00
4.752525e+00 9.095917e+00 -7.833308e+00
4.753525e+00 6.986137e+00 -7.838887e+00
4.754525e+00 1.981374e+00 -7.844406e+00
4.755524e+00 -4.243674e+00 -7.849864e+00
4.756524e+00 -9.151221e+00 -7.855261e+00
4.757524e+00 -1.103700e+01 -7.860594e+00
4.758524e+00 -8.977719e+00 -7.865862e+00
4.759524e+00 -3.882592e+00 -7.871066e+00
4.760524e+00 2.176348e+00 -7.876204e+00
4.761524e+00 7.233000e+00 -7.881274e+00
4.762524e+00 8.877510e+00 -7.886276e+00
4.763524e+00 6.988218e+00 -7.891209e+00
4.764524e+00 1.928419e+00 -7.896071e+00
4.765523e+00 -4.241773e+00 -7.900861e+00
4.766523e+00 -9.168368e+00 -7.905578e+00
4.767523e+00 -1.100306e+01 -7.910222e+00
4.768523e+00 -8.892817e+00 -7.914790e+00
4.769523e+00 -3.947591e+00 -7.919282e+00
4.770523e+00 2.206620e+00 -7.923696e+00
4.771523e+00 7.084084e+00 -7.928032e+00
4.772523e+00 9.005128e+00 -7.932287e+00
4.773523e+00 7.055069e+00 -7.936461e+00
4.774523e+00 1.889577e+00 -7.940553e+00
4.775522e+00 -4.139116e+00 -7.944561e+00
4.776522e+00 -9.170884e+00 -7.948484e+00
4.777522e+00 -1.097485e+01 -7.952321e+00
4.778522e+00 -8.963497e+00 -7.956070e+00
4.779522e+00 -3.994751e+00 -7.959730e+00
4.780522e+00 2.298396e+00 -7.963300e+00
4.781522e+00 7.220743e+00 -7.966779e+00
4.782522e+00 8.980003e+00 -7.970164e+00
4.783522e+00 7.005758e+00 -7.973455e+00
4.784522e+00 2.008192e+00 -7.976651e+00
4.785521e+00 -4.256296e+00 -7.979750e+00
4.786521e+00 -9.138369e+00 -7.982750e+00
4.787521e+00 -1.100031e+01 -7.985651e+00
4.788521e+00 -8.877469e+00 -7.988450e+00
4.789521e+00 -3.896073e+00 -7.991147e+00
4.790521e+00 2.183750e+00 -7.993740e+00
4.791521e+00 7.259686e+00 -7.996228e+00
4.792521e+00 9.021557e+00 -7.998608e+00
4.793521e+00 7.048629e+00 -8.000880e+00
4.794521e+00 1.953837e+00 -8.003043e+00
4.795520e+00 -4.120322e+00 -8.005094e+00
4.796520e+00 -9.066554e+00 -8.007033e+00
4.797520e+00 -1.093237e+01 -8.008857e+00
4.798520e+00 -8.846379e+00 -8.010565e+00
4.799520e+00 -3.923121e+00 -8.012157e+00
4.800520e+00 2.246594e+00 -8.013630e+00
4.801520e+00 7.212782e+00 -8.014982e+00
4.802520e+00 9.104713e+00 -8.016213e+00
4.803520e+00 7.094340e+00 -8.017320e+00
4.804520e+00 2.058085e+00 -8.018303e+00
4.805519e+00 -4.076295e+00 -8.019160e+00
4.806519e+00 -9.007640e+00 -8.019889e+00
4.807519e+00 -1.089048e+01 -8.020488e+00
4.808519e+00 -8.884664e+00 -8.020956e+00
4.809519e+00 -3.900925e+00 -8.021292e+00
4.810519e+00 2.250994e+00 -8.021494e+00
4.811519e+00 7.201805e+00 -8.021561e+00
4.812519e+00 9.115081e+00 -8.021490e+00
4.813519e+00 7.068657e+00 -8.021280e+00
4.814519e+00 2.154252e+00 -8.020931e+00
4.815518e+00 -4.216362e+00 -8.020439e+00
4.816518e+00 -9.068225e+00 -8.019805e+00
4.817518e+00 -1.084660e+01 -8.019025e+00
4.818518e+00 -8.967510e+00 -8.018099e+00
4.819518e+00 -3.947907e+00 -8.017025e+00
4.820518e+00 2.309912e+00 -8.015801e+00
4.821518e+00 7.209324e+00 -8.014426e+00
4.822518e+00 9.140321e+00 -8.012898e+00
4.823518e+00 7.136841e+00 -8.011216e+00
4.824518e+00 1.997451e+00 -8.009378e+00
4.825517e+00 -3.986549e+00 -8.007383e+00
4.826517e+00 -9.094937e+00 -8.005229e+00
4.827517e+00 -1.096208e+01 -8.002914e+00
4.828517e+00 -8.975408e+00 -8.000438e+00
4.829517e+00 -3.871618e+00 -7.997798e+00
4.830517e+00 2.307619e+00 -7.994992e+00
4.831517e+00 7.170058e+00 -7.992020e+00
4.832517e+00 9.144007e+00 -7.988880e+00
4.833517e+00 7.176027e+00 -7.985571e+00
4.834517e+00 2.157419e+00 -7.982090e+00
4.835516e+00 -4.143493e+00 -7.978437e+00
4.836516e+00 -9.080739e+00 -7.974609e+00
4.837516e+00 -1.083800e+01 -7.970606e+00
4.838516e+00 -8.818847e+00 -7.966426e+00
4.839516e+00 -3.723768e+00 -7.962067e+00
4.840516e+00 2.387614e+00 -7.957529e+00
4.841516e+00 7.271309e+00 -7.952809e+00
4.842516e+00 9.115938e+00 -7.947906e+00
4.843516e+00 7.186493e+00 -7.942818e+00
4.844516e+00 2.188429e+00 -7.937545e+00
4.845515e+00 -4.053944e+00 -7.932085e+00
4.846515e+00 -9.053628e+00 -7.926437e+00
4.847515e+00 -1.085931e+01 -7.920599e+00
4.848515e+00 -8.834325e+00 -7.914569e+00
4.849515e+00 -3.856325e+00 -7.908348e+00
4.850515e+00 2.378020e+00 -7.901932e+00
4.851515e+00 7.432093e+00 -7.895321e+00
4.852515e+00 9.207586e+00 -7.888514e+00
4.853515e+00 7.232374e+00 -7.881509e+00
4.854515e+00 2.219471e+00 -7.874305e+00
4.855514e+00 -3.970095e+00 -7.866901e+00
4.856514e+00 -8.928881e+00 -7.859296e+00
4.857514e+00 -1.070572e+01 -7.851488e+00
4.858514e+00 -8.830135e+00 -7.843477e+00
4.859514e+00 -3.778765e+00 -7.835261e+00
4.860514e+00 2.335382e+00 -7.826838e+00
4.861514e+00 7.369730e+00 -7.818209e+00
4.862514e+00 9.300480e+00 -7.809372e+00
4.863514e+00 7.249357e+00 -7.800325e+00
4.864514e+00 2.142651e+00 -7.791068e+00
4.865513e+00 -3.946563e+00 -7.781600e+00
4.866513e+00 -8.867974e+00 -7.771919e+00
4.867513e+00 -1.068917e+01 -7.762026e+00
4.868513e+00 -8.740801e+00 -7.751918e+00
4.869513e+00 -3.772858e+00 -7.741596e+00
4.870513e+00 2.324212e+00 -7.731057e+00
4.871513e+00 7.323528e+00 -7.720302e+00
4.872513e+00 9.247092e+00 -7.709330e+00
4.873513e+00 7.383240e+00 -7.698139e+00
4.874513e+00 2.212352e+00 -7.686729e+00
4.875512e+00 -3.935240e+00 -7.675100e+00
4.876512e+00 -8.876374e+00 -7.663250e+00
4.877512e+00 -1.070585e+01 -7.651180e+00
4.878512e+00 -8.722092e+00 -7.638887e+00
4.879512e+00 -3.691186e+00 -7.626373e+00
4.880512e+00 2.441326e+00 -7.613636e+00
4.881512e+00 7.526061e+00 -7.600676e+00
4.882512e+00 9.242657e+00 -7.587492e+00
4.883512e+00 7.313364e+00 -7.574084e+00
4.884512e+00 2.394700e+00 -7.560452e+00
4.885511e+00 -3.910108e+00 -7.546595e+00
4.886511e+00 -8.804597e+00 -7.532514e+00
4.887511e+00 -1.059418e+01 -7.518206e+00
4.888511e+00 -8.664460e+00 -7.503674e+00
4.889511e+00 -3.732366e+00 -7.488916e+00
4.890511e+00 2.496005e+00 -7.473932e+00
4.891511e+00 7.509673e+00 -7.458723e+00
4.892511e+00 9.327759e+00 -7.443287e+00
4.893511e+00 7.471035e+00 -7.427626e+00
4.894511e+00 2.328318e+00 -7.411739e+00
4.895510e+00 -3.811556e+00 -7.395627e+00
4.896510e+00 -8.730902e+00 -7.379289e+00
4.897510e+00 -1.060620e+01 -7.362726e+00
4.898510e+00 -8.646586e+00 -7.345938e+00
4.899510e+00 -3.661162e+00 -7.328926e+00
4.900510e+00 2.488616e+00 -7.311689e+00
4.901510e+00 7.525610e+00 -7.294229e+00
4.902510e+00 9.443015e+00 -7.276545e+00
4.903510e+00 7.401972e+00 -7.258638e+00
4.904510e+00 2.492499e+00 -7.240510e+00
4.905509e+00 -3.708362e+00 -7.222159e+00
4.906509e+00 -8.720897e+00 -7.203588e+00
4.907509e+00 -1.052425e+01 -7.184797e+00
4.908509e+00 -8.634814e+00 -7.165786e+00
4.909509e+00 -3.615948e+00 -7.146557e+00
4.910509e+00 2.555538e+00 -7.127110e+00
4.911509e+00 7.565385e+00 -7.107447e+00
4.912509e+00 9.467845e+00 -7.087568e+00
4.913509e+00 7.482967e+00 -7.067474e+00
4.914509e+00 2.505360e+00 -7.047167e+00
4.915508e+00 -3.654428e+00 -7.026648e+00
4.916508e+00 -8.626331e+00 -7.005918e+00
4.917508e+00 -1.049656e+01 -6.984978e+00
4.918508e+00 -8.529765e+00 -6.963831e+00
4.919508e+00 -3.571779e+00 -6.942476e+00
4.920508e+00 2.597677e+00 -6.920916e+00
4.921508e+00 7.669860e+00 -6.899152e+00
4.922508e+00 9.575362e+00 -6.877185e+00
4.923508e+00 7.609917e+00 -6.855018e+00
4.924508e+00 2.561205e+00 -6.832653e+00
4.925507e+00 -3.642039e+00 -6.810090e+00
4.926507e+00 -8.536016e+00 -6.787331e+00
4.927507e+00 -1.038925e+01 -6.764379e+00
4.928507e+00 -8.511860e+00 -6.741236e+00
4.929507e+00 -3.478577e+00 -6.717902e+00
4.930507e+00 2.739551e+00 -6.694382e+00
4.931507e+00 7.680943e+00 -6.670675e+00
4.932507e+00 9.524318e+00 -6.646785e+00
4.933507e+00 7.680196e+00 -6.622714e+00
4.934507e+00 2.585041e+00 -6.598464e+00
4.935506e+00 -3.553873e+00 -6.574037e+00
4.936506e+00 -8.445417e+00 -6.549436e+00
4.937506e+00 -1.040915e+01 -6.524662e+00
4.938506e+00 -8.409043e+00 -6.499719e+00
4.939506e+00 -3.354934e+00 -6.474609e+00
4.940506e+00 2.742828e+00 -6.449333e+00
4.941506e+00 7.690719e+00 -6.423896e+00
4.942506e+00 9.712584e+00 -6.398299e+00
4.943506e+00 7.729965e+00 -6.372545e+00
4.944506e+00 2.787900e+00 -6.346636e+00
4.945505e+00 -3.558228e+00 -6.320576e+00
4.946505e+00 -8.477884e+00 -6.294367e+00
4.947505e+00 -1.039926e+01 -6.268011e+00
4.948505e+00 -8.377094e+00 -6.241512e+00
4.949505e+00 -3.406436e+00 -6.214873e+00
4.950505e+00 2.862102e+00 -6.188095e+00
4.951505e+00 7.842505e+00 -6.161183e+00
4.952505e+00 9.647558e+00 -6.134139e+00
4.953505e+00 7.816343e+00 -6.106966e+00
4.954505e+00 2.837515e+00 -6.079666e+00
4.955504e+00 -3.385220e+00 -6.052244e+00
4.956504e+00 -8.328113e+00 -6.024701e+00
4.957504e+00 -1.031434e+01 -5.997041e+00
4.958504e+00 -8.397729e+00 -5.969267e+00
4.959504e+00 -3.345440e+00 -5.941382e+00
4.960504e+00 2.776983e+00 -5.913389e+00
4.961504e+00 7.909277e+00 -5.885291e+00
4.962504e+00 9.824346e+00 -5.857090e+00
4.963504e+00 7.856750e+00 -5.828791e+00
4.964504e+00 2.935220e+00 -5.800396e+00
4.965503e+00 -3.323961e+00 -5.771909e+00
4.966503e+00 -8.343712e+00 -5.743332e+00
4.967503e+00 -1.022093e+01 -5.714668e+00
4.968503e+00 -8.232737e+00 -5.685921e+00
4.969503e+00 -3.261061e+00 -5.657093e+00
4.970503e+00 2.960598e+00 -5.628188e+00
4.971503e+00 7.885836e+00 -5.599209e+00
4.972503e+00 9.833620e+00 -5.570158e+00
4.973503e+00 7.851108e+00 -5.541039e+00
4.974503e+00 2.974288e+00 -5.511855e+00
4.975502e+00 -3.256399e+00 -5.482609e+00
4.976502e+00 -8.194949e+00 -5.453304e+00
4.977502e+00 -1.001177e+01 -5.423943e+00
4.978502e+00 -8.275816e+00 -5.394529e+00
4.979502e+00 -3.216728e+00 -5.365064e+00
4.980502e+00 2.908875e+00 -5.335552e+00
4.981502e+00 7.890032e+00 -5.305995e+00
4.982502e+00 9.886444e+00 -5.276397e+00
4.983502e+00 7.999465e+00 -5.246761e+00
4.984502e+00 2.984144e+00 -5.217088e+00
4.985501e+00 -3.185249e+00 -5.187383e+00
4.986501e+00 -8.195259e+00 -5.157647e+00
4.987501e+00 -1.008091e+01 -5.127884e+00
4.988501e+00 -8.178728e+00 -5.098096e+00
4.989501e+00 -3.164461e+00 -5.068285e+00
4.990501e+00 3.044574e+00 -5.038456e+00
4.991501e+00 7.954397e+00 -5.008609e+00
4.992501e+00 9.919278e+00 -4.978748e+00
4.993501e+00 8.090542e+00 -4.948876e+00
4.994501e+00 3.135322e+00 -4.918994e+00
4.995500e+00 -3.177086e+00 -4.889105e+00
4.996500e+00 -8.111458e+00 -4.859212e+00
4.997500e+00 -1.004263e+01 -4.829317e+00
4.998500e+00 -8.196702e+00 -4.799423e+00
4.999500e+00 -3.052698e+00 -4.769531e+00
5.000500e+00 3.126826e+00 -4.739644e+00
5.001500e+00 8.118197e+00 -4.709765e+00
5.002500e+00 1.005386e+01 -4.679895e+00
5.003500e+00 8.102188e+00 -4.650036e+00
5.004500e+00 3.146111e+00 -4.620192e+00
5.005499e+00 -3.004900e+00 -4.590363e+00
5.006499e+00 -8.052967e+00 -4.560552e+00
5.007499e+00 -1.000321e+01 -4.530761e+00
5.008499e+00 -8.110800e+00 -4.500991e+00
5.009499e+00 -3.067875e+00 -4.471246e+00
5.010499e+00 3.087226e+00 -4.441526e+00
5.011499e+00 8.126348e+00 -4.411833e+00
5.012499e+00 1.007848e+01 -4.382169e+00
5.013499e+00 8.248578e+00 -4.352537e+00
5.014499e+00 3.164751e+00 -4.322937e+00
5.015498e+00 -3.060942e+00 -4.293371e+00
5.016498e+00 -8.065103e+00 -4.263841e+00
5.017498e+00 -9.951348e+00 -4.234349e+00
5.018498e+00 -7.978521e+00 -4.204896e+00
5.019498e+00 -3.008407e+00 -4.175483e+00
5.020498e+00 3.204839e+00 -4.146113e+00
5.021498e+00 8.215618e+00 -4.116785e+00
5.022498e+00 1.018002e+01 -4.087503e+00
5.023498e+00 8.235477e+00 -4.058266e+00
5.024498e+00 3.242121e+00 -4.029077e+00
5.025497e+00 -2.884625e+00 -3.999937e+00
5.026497e+00 -7.956686e+00 -3.970847e+00
5.027497e+00 -9.835949e+00 -3.941808e+00
5.028497e+00 -7.915854e+00 -3.912821e+00
5.029497e+00 -2.915172e+00 -3.883887e+00
5.030497e+00 3.301283e+00 -3.855008e+00
5.031497e+00 8.249909e+00 -3.826185e+00
5.032497e+00 1.022533e+01 -3.797418e+00
5.033497e+00 8.353609e+00 -3.768708e+00
5.034497e+00 3.292376e+00 -3.740057e+00
5.035496e+00 -2.892194e+00 -3.711466e+00
5.036496e+00 -7.839026e+00 -3.682934e+00
5.037496e+00 -9.788514e+00 -3.654464e+00
5.038496e+00 -7.957633e+00 -3.626056e+00
5.039496e+00 -2.925577e+00 -3.597710e+00
5.040496e+00 3.316910e+00 -3.569428e+00
5.041496e+00 8.279786e+00 -3.541210e+00
5.042496e+00 1.025216e+01 -3.513057e+00
5.043496e+00 8.403779e+00 -3.484970e+00
5.044496e+00 3.411388e+00 -3.456949e+00
5.045495e+00 -2.789584e+00 -3.428995e+00
5.046495e+00 -7.776885e+00 -3.401108e+00
5.047495e+00 -9.690131e+00 -3.373290e+00
5.048495e+00 -7.830418e+00 -3.345540e+00
5.049495e+00 -2.870461e+00 -3.317859e+00
5.050495e+00 3.391618e+00 -3.290248e+00
5.051495e+00 8.445775e+00 -3.262707e+00
5.052495e+00 1.043242e+01 -3.235236e+00
5.053495e+00 8.464159e+00 -3.207837e+00
5.054495e+00 3.512248e+00 -3.180508e+00
5.055494e+00 -2.725306e+00 -3.153252e+00
5.056494e+00 -7.744811e+00 -3.126068e+00
5.057494e+00 -9.698757e+00 -3.098957e+00
5.058494e+00 -7.777721e+00 -3.071918e+00
5.059494e+00 -2.822122e+00 -3.044953e+00
5.060494e+00 3.388753e+00 -3.018061e+00
5.061494e+00 8.367226e+00 -2.991243e+00
5.062494e+00 1.034439e+01 -2.964499e+00
5.063494e+00 8.458764e+00 -2.937829e+00
5.064494e+00 3.526799e+00 -2.911234e+00
5.065493e+00 -2.567013e+00 -2.884714e+00
5.066493e+00 -7.580917e+00 -2.858268e+00
5.067493e+00 -9.530212e+00 -2.831898e+00
5.068493e+00 -7.637386e+00 -2.805604e+00
5.069493e+00 -2.715539e+00 -2.779385e+00
5.070493e+00 3.486736e+00 -2.753241e+00
5.071493e+00 8.478439e+00 -2.727174e+00
5.072493e+00 1.034775e+01 -2.701183e+00
5.073493e+00 8.500341e+00 -2.675267e+00
5.074493e+00 3.633812e+00 -2.649429e+00
5.075492e+00 -2.623598e+00 -2.623666e+00
5.076492e+00 -7.571640e+00 -2.597980e+00
5.077492e+00 -9.535437e+00 -2.572371e+00
5.078492e+00 -7.695912e+00 -2.546838e+00
5.079492e+00 -2.635313e+00 -2.521383e+00
5.080492e+00 3.462995e+00 -2.496004e+00
5.081492e+00 8.556375e+00 -2.470702e+00
5.082492e+00 1.048956e+01 -2.445476e+00
5.083492e+00 8.642177e+00 -2.420328e+00
5.084492e+00 3.654099e+00 -2.395257e+00
5.085491e+00 -2.472428e+00 -2.370264e+00
5.086491e+00 -7.571078e+00 -2.345347e+00
5.087491e+00 -9.493323e+00 -2.320507e+00
5.088491e+00 -7.499757e+00 -2.295745e+00
5.089491e+00 -2.528890e+00 -2.271060e+00
5.090491e+00 3.525423e+00 -2.246452e+00
5.091491e+00 8.652111e+00 -2.221922e+00
5.092491e+00 1.051828e+01 -2.197468e+00
5.093491e+00 8.691632e+00 -2.173092e+00
5.094491e+00 3.692687e+00 -2.148794e+00
5.095490e+00 -2.430963e+00 -2.124572e+00
5.096490e+00 -7.576062e+00 -2.100428e+00
5.097490e+00 -9.438409e+00 -2.076361e+00
5.098490e+00 -7.605517e+00 -2.052372e+00
5.099490e+00 -2.584298e+00 -2.028460e+00
5.100490e+00 3.624446e+00 -2.004625e+00
5.101490e+00 8.577338e+00 -1.980867e+00
5.102490e+00 1.067706e+01 -1.957187e+00
5.103490e+00 8.812628e+00 -1.933584e+00
5.104490e+00 3.738285e+00 -1.910058e+00
5.105489e+00 -2.430169e+00 -1.886610e+00
5.106489e+00 -7.405499e+00 -1.863239e+00
5.107489e+00 -9.341950e+00 -1.839944e+00
5.108489e+00 -7.506126e+00 -1.816728e+00
5.109489e+00 -2.503485e+00 -1.793588e+00
5.110489e+00 3.628600e+00 -1.770526e+00
5.111489e+00 8.701939e+00 -1.747541e+00
5.112489e+00 1.066379e+01 -1.724633e+00
5.113489e+00 8.858247e+00 -1.701802e+00
5.114489e+00 3.779921e+00 -1.679049e+00
5.115488e+00 -2.376244e+00 -1.656372e+00
5.116488e+00 -7.353789e+00 -1.633773e+00
5.117488e+00 -9.408220e+00 -1.611251e+00
5.118488e+00 -7.398336e+00 -1.588807e+00
5.119488e+00 -2.467510e+00 -1.566439e+00
5.120488e+00 3.776657e+00 -1.544149e+00
5.121488e+00 8.772741e+00 -1.521936e+00
5.122488e+00 1.073363e+01 -1.499800e+00
5.123488e+00 8.848195e+00 -1.477741e+00
5.124488e+00 3.856539e+00 -1.455760e+00
5.125487e+00 -2.267816e+00 -1.433856e+00
5.126487e+00 -7.395537e+00 -1.412029e+00
5.127487e+00 -9.245265e+00 -1.390279e+00
5.128487e+00 -7.417440e+00 -1.368607e+00
5.129487e+00 -2.380171e+00 -1.347012e+00
5.130487e+00 3.715456e+00 -1.325495e+00
5.131487e+00 8.725698e+00 -1.304054e+00
5.132487e+00 1.075026e+01 -1.282692e+00
5.133487e+00 8.907320e+00 -1.261406e+00
5.134487e+00 3.966453e+00 -1.240198e+00
5.135486e+00 -2.197338e+00 -1.219068e+00
5.136486e+00 -7.246840e+00 -1.198015e+00
5.137486e+00 -9.268545e+00 -1.177040e+00
5.138486e+00 -7.443533e+00 -1.156142e+00
5.139486e+00 -2.398658e+00 -1.135322e+00
5.140486e+00 3.719157e+00 -1.114580e+00
5.141486e+00 8.784008e+00 -1.093915e+00
5.142486e+00 1.068164e+01 -1.073329e+00
5.143486e+00 8.830416e+00 -1.052820e+00
5.144486e+00 4.048676e+00 -1.032389e+00
5.145485e+00 -2.202793e+00 -1.012036e+00
5.146485e+00 -7.237837e+00 -9.917606e-01
5.147485e+00 -9.205642e+00 -9.715636e-01
5.148485e+00 -7.360436e+00 -9.514447e-01
5.149485e+00 -2.415775e+00 -9.314040e-01
5.150485e+00 3.879504e+00 -9.114416e-01
5.151485e+00 8.901108e+00 -8.915575e-01
5.152485e+00 1.076739e+01 -8.717518e-01
5.153485e+00 8.943526e+00 -8.520246e-01
5.154485e+00 4.024979e+00 -8.323759e-01
5.155484e+00 -2.173176e+00 -8.128058e-01
5.156484e+00 -7.280527e+00 -7.933143e-01
5.157484e+00 -9.133866e+00 -7.739016e-01
5.158484e+00 -7.264982e+00 -7.545677e-01
5.159484e+00 -2.399995e+00 -7.353128e-01
5.160484e+00 3.832479e+00 -7.161368e-01
5.161484e+00 8.833701e+00 -6.970399e-01
5.162484e+00 1.084876e+01 -6.780221e-01
5.163484e+00 9.037121e+00 -6.590835e-01
5.164484e+00 4.019789e+00 -6.402243e-01
5.165483e+00 -2.237589e+00 -6.214444e-01
5.166483e+00 -7.154536e+00 -6.027440e-01
5.167483e+00 -9.141479e+00 -5.841232e-01
5.168483e+00 -7.340588e+00 -5.655821e-01
5.169483e+00 -2.374452e+00 -5.471206e-01
5.170483e+00 3.885517e+00 -5.287390e-01
5.171483e+00 8.879074e+00 -5.104373e-01
5.172483e+00 1.090451e+01 -4.922156e-01
5.173483e+00 9.015478e+00 -4.740740e-01
5.174483e+00 4.114828e+00 -4.560126e-01
5.175482e+00 -2.142650e+00 -4.380315e-01
5.176482e+00 -7.087082e+00 -4.201307e-01
5.177482e+00 -9.133766e+00 -4.023103e-01
5.178482e+00 -7.291263e+00 -3.845705e-01
5.179482e+00 -2.269191e+00 -3.669113e-01
5.180482e+00 3.870470e+00 -3.493328e-01
5.181482e+00 9.058574e+00 -3.318351e-01
5.182482e+00 1.082237e+01 -3.144183e-01
5.183482e+00 9.104552e+00 -2.970825e-01
5.184482e+00 4.061465e+00 -2.798277e-01
5.185481e+00 -2.084429e+00 -2.626541e-01
5.186481e+00 -7.051134e+00 -2.455617e-01
5.187481e+00 -9.122757e+00 -2.285506e-01
5.188481e+00 -7.222118e+00 -2.116210e-01
5.189481e+00 -2.370095e+00 -1.947728e-01
5.190481e+00 3.904618e+00 -1.780062e-01
5.191481e+00 9.043960e+00 -1.613212e-01
5.192481e+00 1.084050e+01 -1.447180e-01
5.193481e+00 9.111338e+00 -1.281966e-01
5.194481e+00 4.154966e+00 -1.117571e-01
5.195480e+00 -1.980623e+00 -9.539948e-02
5.196480e+00 -7.144187e+00 -7.912394e-02
5.197480e+00 -8.983315e+00 -6.293051e-02
5.198480e+00 -7.221316e+00 -4.681926e-02
5.199480e+00 -2.183930e+00 -3.079026e-02
5.200480e+00 3.903541e+00 -1.484357e-02
5.201480e+00 8.936577e+00 1.020726e-03
5.202480e+00 1.086433e+01 1.680258e-02
5.203480e+00 9.208125e+00 3.250192e-02
5.204480e+00 4.173062e+00 4.811868e-02
5.205479e+00 -1.959950e+00 6.365282e-02
5.206479e+00 -6.995176e+00 7.910426e-02
5.207479e+00 -9.012613e+00 9.447296e-02
5.208479e+00 -7.311767e+00 1.097589e-01
5.209479e+00 -2.351298e+00 1.249619e-01
5.210479e+00 3.877216e+00 1.400821e-01
5.211479e+00 8.990654e+00 1.551193e-01
5.212479e+00 1.093536e+01 1.700736e-01
5.213479e+00 9.133389e+00 1.849448e-01
5.214479e+00 4.219255e+00 1.997330e-01
5.215478e+00 -1.945503e+00 2.144380e-01
5.216478e+00 -7.018656e+00 2.290600e-01
5.217478e+00 -9.037717e+00 2.435987e-01
5.218478e+00 -7.200038e+00 2.580543e-01
5.219478e+00 -2.249304e+00 2.724267e-01
5.220478e+00 3.967541e+00 2.867158e-01
5.221478e+00 9.002564e+00 3.009217e-01
5.222478e+00 1.091686e+01 3.150443e-01
5.223478e+00 9.148177e+00 3.290836e-01
5.224478e+00 4.249505e+00 3.430396e-01
5.225477e+00 -1.957039e+00 3.569123e-01
5.226477e+00 -6.873588e+00 3.707017e-01
5.227477e+00 -8.971767e+00 3.844077e-01
5.228477e+00 -7.140893e+00 3.980305e-01
5.229477e+00 -2.196470e+00 4.115699e-01
5.230477e+00 3.934603e+00 4.250261e-01
5.231477e+00 8.939349e+00 4.383989e-01
5.232477e+00 1.097857e+01 4.516885e-01
5.233477e+00 9.112159e+00 4.648947e-01
5.234477e+00 4.267239e+00 4.780178e-01
5.235476e+00 -1.988625e+00 4.910576e-01
5.236476e+00 -6.962037e+00 5.040142e-01
5.237476e+00 -9.004501e+00 5.168876e-01
5.238476e+00 -7.217999e+00 5.296779e-01
5.239476e+00 -2.222311e+00 5.423851e-01
5.240476e+00 3.909753e+00 5.550092e-01
5.241476e+00 8.951514e+00 5.675502e-01
5.242476e+00 1.098024e+01 5.800083e-01
5.243476e+00 9.229745e+00 5.923835e-01
5.244476e+00 4.238779e+00 6.046757e-01
5.245475e+00 -1.900686e+00 6.168852e-01
5.246475e+00 -6.953902e+00 6.290118e-01
5.247475e+00 -8.970032e+00 6.410557e-01
5.248475e+00 -7.122899e+00 6.530170e-01
5.249475e+00 -2.153518e+00 6.648957e-01
5.250475e+00 3.917701e+00 6.766919e-01
5.251475e+00 9.050215e+00 6.884056e-01
5.252475e+00 1.102731e+01 7.000370e-01
5.253475e+00 9.074334e+00 7.115861e-01
5.254475e+00 4.224657e+00 7.230529e-01
5.255474e+00 -1.899684e+00 7.344377e-01
5.256474e+00 -6.993655e+00 7.457404e-01
5.257474e+00 -8.964997e+00 7.569612e-01
5.258474e+00 -7.260103e+00 7.681002e-01
5.259474e+00 -2.259258e+00 7.791574e-01
5.260474e+00 3.873375e+00 7.901329e-01
5.261474e+00 9.026534e+00 8.010270e-01
5.262474e+00 1.099145e+01 8.118396e-01
5.263474e+00 9.149754e+00 8.225709e-01
5.264474e+00 4.340174e+00 8.332209e-01
5.265473e+00 -1.904056e+00 8.437899e-01
5.266473e+00 -6.974860e+00 8.542780e-01
5.267473e+00 -9.029038e+00 8.646852e-01
5.268473e+00 -7.245231e+00 8.750116e-01
5.269473e+00 -2.245828e+00 8.852575e-01
5.270473e+00 3.884802e+00 8.954230e-01
5.271473e+00 8.932014e+00 9.055081e-01
5.272473e+00 1.094194e+01 9.155131e-01
5.273473e+00 9.269995e+00 9.254380e-01
5.274473e+00 4.278533e+00 9.352830e-01
5.275472e+00 -1.967458e+00 9.450482e-01
5.276472e+00 -6.933176e+00 9.547339e-01
5.277472e+00 -9.062058e+00 9.643401e-01
5.278472e+00 -7.212090e+00 9.738670e-01
5.279472e+00 -2.208114e+00 9.833148e-01
5.280472e+00 3.913611e+00 9.926837e-01
5.281472e+00 8.919087e+00 1.001974e+00
5.282472e+00 1.098469e+01 1.011185e+00
5.283472e+00 9.192655e+00 1.020318e+00
5.284472e+00 4.326166e+00 1.029373e+00
5.285471e+00 -1.937750e+00 1.038349e+00
5.286471e+00 -6.962067e+00 1.047248e+00
5.287471e+00 -9.007903e+00 1.056068e+00
5.288471e+00 -7.182939e+00 1.064811e+00
5.289471e+00 -2.250413e+00 1.073477e+00
5.290471e+00 3.817829e+00 1.082066e+00
5.291471e+00 9.012632e+00 1.090577e+00
5.292471e+00 1.097474e+01 1.099012e+00
5.293471e+00 9.150408e+00 1.107370e+00
5.294471e+00 4.256048e+00 1.115651e+00
5.295470e+00 -1.914293e+00 1.123857e+00
5.296470e+00 -7.034211e+00 1.131986e+00
5.297470e+00 -9.046570e+00 1.140039e+00
5.298470e+00 -7.262973e+00 1.148017e+00
5.299470e+00 -2.338424e+00 1.155919e+00
5.300470e+00 3.755970e+00 1.163746e+00
5.301470e+00 8.996642e+00 1.171498e+00
5.302470e+00 1.093856e+01 1.179175e+00
5.303470e+00 9.155842e+00 1.186778e+00
5.304470e+00 4.125586e+00 1.194306e+00
5.305469e+00 -2.036157e+00 1.201760e+00
5.306469e+00 -7.028624e+00 1.209140e+00
5.307469e+00 -9.109460e+00 1.216446e+00
5.308469e+00 -7.244962e+00 1.223679e+00
5.309469e+00 -2.381106e+00 1.230839e+00
5.310469e+00 3.807029e+00 1.237925e+00
5.311469e+00 8.940828e+00 1.244939e+00
5.312469e+00 1.092142e+01 1.251880e+00
5.313469e+00 9.223066e+00 1.258749e+00
5.314469e+00 4.218412e+00 1.265545e+00
5.315468e+00 -2.021418e+00 1.272270e+00
5.316468e+00 -7.124945e+00 1.278923e+00
5.317468e+00 -9.067317e+00 1.285505e+00
5.318468e+00 -7.304602e+00 1.292015e+00
5.319468e+00 -2.450551e+00 1.298455e+00
5.320468e+00 3.792290e+00 1.304823e+00
5.321468e+00 8.827990e+00 1.311122e+00
5.322468e+00 1.088818e+01 1.317350e+00
5.323468e+00 8.978324e+00 1.323508e+00
5.324468e+00 4.193845e+00 1.329596e+00
5.325467e+00 -2.027133e+00 1.335615e+00
5.326467e+00 -7.217956e+00 1.341565e+00
5.327467e+00 -9.021655e+00 1.347445e+00
5.328467e+00 -7.388356e+00 1.353257e+00
5.329467e+00 -2.414435e+00 1.359001e+00
5.330467e+00 3.687447e+00 1.364676e+00
5.331467e+00 8.818572e+00 1.370283e+00
5.332467e+00 1.089107e+01 1.375823e+00
5.333467e+00 9.164064e+00 1.381295e+00
5.334467e+00 4.138528e+00 1.386700e+00
5.335466e+00 -2.034458e+00 1.392038e+00
5.336466e+00 -7.123147e+00 1.397309e+00
5.337466e+00 -9.153042e+00 1.402514e+00
5.338466e+00 -7.352265e+00 1.407652e+00
5.339466e+00 -2.444729e+00 1.412725e+00
5.340466e+00 3.760583e+00 1.417732e+00
5.341466e+00 8.768618e+00 1.422674e+00
5.342466e+00 1.076907e+01 1.427550e+00
5.343466e+00 9.074848e+00 1.432361e+00
5.344466e+00 4.153462e+00 1.437108e+00
5.345465e+00 -2.078353e+00 1.441791e+00
5.346465e+00 -7.133513e+00 1.446409e+00
5.347465e+00 -9.185891e+00 1.450964e+00
5.348465e+00 -7.458533e+00 1.455455e+00
5.349465e+00 -2.508710e+00 1.459882e+00
5.350465e+00 3.680095e+00 1.464247e+00
5.351465e+00 8.824762e+00 1.468549e+00
5.352465e+00 1.072115e+01 1.472788e+00
5.353465e+00 8.995373e+00 1.476965e+00
5.354465e+00 4.100151e+00 1.481080e+00
5.355464e+00 -2.074773e+00 1.485133e+00
5.356464e+00 -7.097675e+00 1.489124e+00
5.357464e+00 -9.193882e+00 1.493055e+00
5.358464e+00 -7.440917e+00 1.496924e+00
5.359464e+00 -2.467443e+00 1.500733e+00
5.360464e+00 3.636413e+00 1.504481e+00
5.361464e+00 8.703982e+00 1.508169e+00
5.362464e+00 1.069834e+01 1.511797e+00
5.363464e+00 8.925396e+00 1.515365e+00
5.364464e+00 4.047411e+00 1.518874e+00
5.365463e+00 -2.009528e+00 1.522324e+00
5.366463e+00 -7.195984e+00 1.525715e+00
5.367463e+00 -9.160531e+00 1.529047e+00
5.368463e+00 -7.474007e+00 1.532321e+00
5.369463e+00 -2.530918e+00 1.535537e+00
5.370463e+00 3.626977e+00 1.538695e+00
5.371463e+00 8.721184e+00 1.541795e+00
5.372463e+00 1.074568e+01 1.544838e+00
5.373463e+00 8.832721e+00 1.547823e+00
5.374463e+00 3.942248e+00 1.550752e+00
5.375462e+00 -2.107604e+00 1.553624e+00
5.376462e+00 -7.273094e+00 1.556440e+00
5.377462e+00 -9.348297e+00 1.559200e+00
5.378462e+00 -7.607396e+00 1.561904e+00
5.379462e+00 -2.679929e+00 1.564552e+00
5.380462e+00 3.518314e+00 1.567145e+00
5.381462e+00 8.699664e+00 1.569683e+00
5.382462e+00 1.064129e+01 1.572165e+00
5.383462e+00 8.884371e+00 1.574594e+00
5.384462e+00 4.009737e+00 1.576967e+00
5.385461e+00 -2.309847e+00 1.579287e+00
5.386461e+00 -7.310559e+00 1.581553e+00
5.387461e+00 -9.327915e+00 1.583765e+00
5.388461e+00 -7.666675e+00 1.585923e+00
5.389461e+00 -2.766216e+00 1.588029e+00
5.390461e+00 3.470036e+00 1.590081e+00
5.391461e+00 8.582331e+00 1.592081e+00
5.392461e+00 1.050825e+01 1.594028e+00
5.393461e+00 8.821585e+00 1.595923e+00
5.394461e+00 3.984807e+00 1.597766e+00
5.395460e+00 -2.311861e+00 1.599557e+00
5.396460e+00 -7.331537e+00 1.601297e+00
5.397460e+00 -9.429129e+00 1.602985e+00
5.398460e+00 -7.658244e+00 1.604622e+00
5.399460e+00 -2.676593e+00 1.606208e+00
5.400460e+00 3.463910e+00 1.607743e+00
5.401460e+00 8.499980e+00 1.609228e+00
5.402460e+00 1.062832e+01 1.610663e+00
5.403460e+00 8.777138e+00 1.612047e+00
5.404460e+00 3.821762e+00 1.613382e+00
5.405459e+00 -2.192326e+00 1.614667e+00
5.406459e+00 -7.370162e+00 1.615903e+00
5.407459e+00 -9.455623e+00 1.617090e+00
5.408459e+00 -7.731521e+00 1.618227e+00
5.409459e+00 -2.815380e+00 1.619316e+00
5.410459e+00 3.426404e+00 1.620356e+00
5.411459e+00 8.435549e+00 1.621348e+00
5.412459e+00 1.051151e+01 1.622292e+00
5.413459e+00 8.741890e+00 1.623187e+00
5.414459e+00 3.820809e+00 1.624035e+00
5.415458e+00 -2.364082e+00 1.624836e+00
5.416458e+00 -7.381250e+00 1.625588e+00
5.417458e+00 -9.564091e+00 1.626294e+00
5.418458e+00 -7.717955e+00 1.626953e+00
5.419458e+00 -2.895716e+00 1.627565e+00
5.420458e+00 3.288277e+00 1.628130e+00
5.421458e+00 8.362945e+00 1.628648e+00
5.422458e+00 1.054484e+01 1.629121e+00
5.423458e+00 8.645891e+00 1.629547e+00
5.424458e+00 3.878561e+00 1.629927e+00
5.425457e+00 -2.342079e+00 1.630262e+00
5.426457e+00 -7.499483e+00 1.630551e+00
5.427457e+00 -9.552413e+00 1.630794e+00
5.428457e+00 -7.865305e+00 1.630993e+00
5.429457e+00 -2.945247e+00 1.631146e+00
5.430457e+00 3.288238e+00 1.631254e+00
5.431457e+00 8.363113e+00 1.631317e+00
5.432457e+00 1.048150e+01 1.631336e+00
5.433457e+00 8.579997e+00 1.631310e+00
5.434457e+00 3.777530e+00 1.631240e+00
5.435456e+00 -2.465746e+00 1.631126e+00
5.436456e+00 -7.603207e+00 1.630968e+00
5.437456e+00 -9.597817e+00 1.630766e+00
5.438456e+00 -7.815489e+00 1.630520e+00
5.439456e+00 -3.015600e+00 1.630231e+00
5.440456e+00 3.118267e+00 1.629898e+00
5.441456e+00 8.257185e+00 1.629522e+00
5.442456e+00 1.035028e+01 1.629102e+00
5.443456e+00 8.623883e+00 1.628640e+00
5.444456e+00 3.721343e+00 1.628135e+00
5.445455e+00 -2.425784e+00 1.627586e+00
5.446455e+00 -7.599764e+00 1.626996e+00
5.447455e+00 -9.629483e+00 1.626362e+00
5.448455e+00 -8.024130e+00 1.625686e+00
5.449455e+00 -3.016029e+00 1.624968e+00
5.450455e+00 3.150498e+00 1.624208e+00
5.451455e+00 8.306631e+00 1.623405e+00
5.452455e+00 1.036378e+01 1.622561e+00
5.453455e+00 8.503582e+00 1.621674e+00
5.454455e+00 3.606930e+00 1.620746e+00
5.455454e+00 -2.605396e+00 1.619776e+00
5.456454e+00 -7.717163e+00 1.618765e+00
5.457454e+00 -9.836228e+00 1.617712e+00
5.458454e+00 -8.071912e+00 1.616618e+00
5.459454e+00 -3.175363e+00 1.615482e+00
5.460454e+00 3.115991e+00 1.614305e+00
5.461454e+00 8.083003e+00 1.613087e+00
5.462454e+00 1.023982e+01 1.611828e+00
5.463454e+00 8.538649e+00 1.610528e+00
5.464454e+00 3.557679e+00 1.609187e+00
5.465453e+00 -2.580257e+00 1.607805e+00
5.466453e+00 -7.662306e+00 1.606382e+00
5.467453e+00 -9.748282e+00 1.604919e+00
5.468453e+00 -8.006932e+00 1.603415e+00
5.469453e+00 -3.211176e+00 1.601870e+00
5.470453e+00 3.049754e+00 1.600285e+00
5.471453e+00 8.044364e+00 1.598660e+00
5.472453e+00 1.005771e+01 1.596994e+00
5.473453e+00 8.473548e+00 1.595288e+00
5.474453e+00 3.494302e+00 1.593541e+00
5.475452e+00 -2.725013e+00 1.591754e+00
5.476452e+00 -7.824863e+00 1.589927e+00
5.477452e+00 -9.913331e+00 1.588060e+00
5.478452e+00 -8.090127e+00 1.586153e+00
5.479452e+00 -3.309688e+00 1.584206e+00
5.480452e+00 2.887854e+00 1.582218e+00
5.481452e+00 8.015116e+00 1.580191e+00
5.482452e+00 1.017836e+01 1.578123e+00
5.483452e+00 8.490587e+00 1.576016e+00
5.484452e+00 3.483049e+00 1.573868e+00
5.485451e+00 -2.683762e+00 1.571681e+00
5.486451e+00 -7.753261e+00 1.569454e+00
5.487451e+00 -1.000248e+01 1.567187e+00
5.488451e+00 -8.305888e+00 1.564880e+00
5.489451e+00 -3.264196e+00 1.562533e+00
5.490451e+00 2.890415e+00 1.560147e+00
5.491451e+00 7.955430e+00 1.557720e+00
5.492451e+00 1.006711e+01 1.555254e+00
5.493451e+00 8.295030e+00 1.552748e+00
5.494451e+00 3.404536e+00 1.550202e+00
5.495450e+00 -2.749421e+00 1.547616e+00
5.496450e+00 -7.795555e+00 1.544990e+00
5.497450e+00 -1.006161e+01 1.542325e+00
5.498450e+00 -8.263216e+00 1.539619e+00
5.499450e+00 -3.468690e+00 1.536874e+00
5.500450e+00 2.785684e+00 1.534089e+00
5.501450e+00 7.884868e+00 1.531264e+00
5.502450e+00 1.004072e+01 1.528399e+00
5.503450e+00 8.244186e+00 1.525494e+00
5.504450e+00 3.277196e+00 1.522549e+00
5.505449e+00 -2.899924e+00 1.519564e+00
5.506449e+00 -7.953688e+00 1.516539e+00
5.507449e+00 -1.003182e+01 1.513475e+00
5.508449e+00 -8.314948e+00 1.510370e+00
5.509449e+00 -3.415611e+00 1.507225e+00
5.510449e+00 2.751431e+00 1.504040e+00
5.511449e+00 7.877666e+00 1.500814e+00
5.512449e+00 9.935024e+00 1.497549e+00
5.513449e+00 8.182985e+00 1.494243e+00
5.514449e+00 3.300833e+00 1.490897e+00
5.515448e+00 -2.838730e+00 1.487511e+00
5.516448e+00 -7.992442e+00 1.484085e+00
5.517448e+00 -1.009802e+01 1.480618e+00
5.518448e+00 -8.287474e+00 1.477110e+00
5.519448e+00 -3.541967e+00 1.473563e+00
5.520448e+00 2.702245e+00 1.469974e+00
5.521448e+00 7.771129e+00 1.466345e+00
5.522448e+00 9.751866e+00 1.462676e+00
5.523448e+00 8.200210e+00 1.458966e+00
5.524448e+00 3.244826e+00 1.455215e+00
5.525447e+00 -2.898243e+00 1.451424e+00
5.526447e+00 -8.078272e+00 1.447591e+00
5.527447e+00 -1.015070e+01 1.443718e+00
5.528447e+00 -8.508167e+00 1.439804e+00
5.529447e+00 -3.559341e+00 1.435849e+00
5.530447e+00 2.569089e+00 1.431853e+00
5.531447e+00 7.630778e+00 1.427816e+00
5.532447e+00 9.817488e+00 1.423738e+00
5.533447e+00 8.095275e+00 1.419618e+00
5.534447e+00 3.166336e+00 1.415458e+00
5.535446e+00 -2.980347e+00 1.411256e+00
5.536446e+00 -8.167655e+00 1.407013e+00
5.537446e+00 -1.029960e+01 1.402729e+00
5.538446e+00 -8.527827e+00 1.398403e+00
5.539446e+00 -3.661589e+00 1.394036e+00
5.540446e+00 2.399568e+00 1.389627e+00
5.541446e+00 7.624145e+00 1.385177e+00
5.542446e+00 9.705808e+00 1.380685e+00
5.543446e+00 8.059371e+00 1.376152e+00
5.544446e+00 3.111679e+00 1.371576e+00
5.545445e+00 -3.127108e+00 1.366960e+00
5.546445e+00 -8.066698e+00 1.362301e+00
5.547445e+00 -1.025990e+01 1.357601e+00
5.548445e+00 -8.574923e+00 1.352859e+00
5.549445e+00 -3.692004e+00 1.348075e+00
5.550445e+00 2.391694e+00 1.343249e+00
5.551445e+00 7.569485e+00 1.338381e+00
5.552445e+00 9.744854e+00 1.333471e+00
5.553445e+00 7.968651e+00 1.328519e+00
5.554445e+00 3.041236e+00 1.323525e+00
5.555444e+00 -3.175611e+00 1.318490e+00
5.556444e+00 -8.196504e+00 1.313412e+00
5.557444e+00 -1.025838e+01 1.308292e+00
5.558444e+00 -8.719646e+00 1.303130e+00
5.559444e+00 -3.831620e+00 1.297926e+00
5.560444e+00 2.313928e+00 1.292679e+00
5.561444e+00 7.555147e+00 1.287391e+00
5.562444e+00 9.603044e+00 1.282061e+00
5.563444e+00 7.942182e+00 1.276688e+00
5.564444e+00 3.069469e+00 1.271274e+00
5.565443e+00 -3.103956e+00 1.265817e+00
5.566443e+00 -8.260821e+00 1.260318e+00
5.567443e+00 -1.041059e+01 1.254777e+00
5.568443e+00 -8.751078e+00 1.249194e+00
5.569443e+00 -3.846129e+00 1.243569e+00
5.570443e+00 2.340218e+00 1.237902e+00
5.571443e+00 7.463784e+00 1.232194e+00
5.572443e+00 9.469138e+00 1.226443e+00
5.573443e+00 7.824662e+00 1.220650e+00
5.574443e+00 2.971630e+00 1.214815e+00
5.575442e+00 -3.215567e+00 1.208939e+00
5.576442e+00 -8.267250e+00 1.203021e+00
5.577442e+00 -1.047561e+01 1.197061e+00
5.578442e+00 -8.727201e+00 1.191060e+00
5.579442e+00 -3.900618e+00 1.185017e+00
5.580442e+00 2.276432e+00 1.178933e+00
5.581442e+00 7.351810e+00 1.172807e+00
5.582442e+00 9.548517e+00 1.166640e+00
5.583442e+00 7.832511e+00 1.160432e+00
5.584442e+00 2.966386e+00 1.154183e+00
5.585441e+00 -3.247512e+00 1.147892e+00
5.586441e+00 -8.378053e+00 1.141561e+00
5.587441e+00 -1.047041e+01 1.135189e+00
5.588441e+00 -8.810902e+00 1.128776e+00
5.589441e+00 -3.927698e+00 1.122323e+00
5.590441e+00 2.176893e+00 1.115829e+00
5.591441e+00 7.295711e+00 1.109295e+00
5.592441e+00 9.434678e+00 1.102721e+00
5.593441e+00 7.818765e+00 1.096107e+00
5.594441e+00 2.931908e+00 1.089453e+00
5.595440e+00 -3.205761e+00 1.082759e+00
5.596440e+00 -8.517330e+00 1.076026e+00
5.597440e+00 -1.063156e+01 1.069253e+00
5.598440e+00 -8.866039e+00 1.062442e+00
5.599440e+00 -4.065550e+00 1.055591e+00
5.600440e+00 2.160173e+00 1.048701e+00
5.601440e+00 7.318607e+00 1.041773e+00
5.602440e+00 9.448590e+00 1.034806e+00
5.603440e+00 7.689593e+00 1.027801e+00
5.604440e+00 2.895546e+00 1.020758e+00
5.605439e+00 -3.294584e+00 1.013677e+00
5.606439e+00 -8.421626e+00 1.006558e+00
5.607439e+00 -1.060138e+01 9.994022e-01
5.608439e+00 -8.997560e+00 9.922090e-01
5.609439e+00 -4.055578e+00 9.849789e-01
5.610439e+00 2.110274e+00 9.777121e-01
5.611439e+00 7.236936e+00 9.704089e-01
5.612439e+00 9.436795e+00 9.630693e-01
5.613439e+00 7.602842e+00 9.556939e-01
5.614439e+00 2.710103e+00 9.482827e-01
5.615438e+00 -3.343387e+00 9.408360e-01
5.616438e+00 -8.510895e+00 9.333541e-01
5.617438e+00 -1.067507e+01 9.258373e-01
5.618438e+00 -8.953023e+00 9.182858e-01
5.619438e+00 -4.114030e+00 9.106999e-01
5.620438e+00 2.054969e+00 9.030799e-01
5.621438e+00 7.154880e+00 8.954261e-01
5.622438e+00 9.285774e+00 8.877387e-01
5.623438e+00 7.603560e+00 8.800180e-01
5.624438e+00 2.754579e+00 8.722643e-01
5.625437e+00 -3.485538e+00 8.644780e-01
5.626437e+00 -8.549088e+00 8.566593e-01
5.627437e+00 -1.065230e+01 8.488084e-01
5.628437e+00 -8.929463e+00 8.409258e-01
5.629437e+00 -4.186322e+00 8.330116e-01
5.630437e+00 2.002862e+00 8.250662e-01
5.631437e+00 7.126627e+00 8.170900e-01
5.632437e+00 9.234717e+00 8.090831e-01
5.633437e+00 7.513688e+00 8.010459e-01
5.634437e+00 2.786889e+00 7.929788e-01
5.635436e+00 -3.528746e+00 7.848819e-01
5.636436e+00 -8.647879e+00 7.767557e-01
5.637436e+00 -1.072982e+01 7.686004e-01
5.638436e+00 -9.125497e+00 7.604163e-01
5.639436e+00 -4.229826e+00 7.522038e-01
5.640436e+00 1.882993e+00 7.439630e-01
5.641436e+00 7.010076e+00 7.356945e-01
5.642436e+00 9.138449e+00 7.273984e-01
5.643436e+00 7.563763e+00 7.190750e-01
5.644436e+00 2.718867e+00 7.107246e-01
5.645435e+00 -3.495687e+00 7.023476e-01
5.646435e+00 -8.613205e+00 6.939442e-01
5.647435e+00 -1.079575e+01 6.855147e-01
5.648435e+00 -9.040666e+00 6.770595e-01
5.649435e+00 -4.252446e+00 6.685787e-01
5.650435e+00 1.827061e+00 6.600727e-01
5.651435e+00 7.015606e+00 6.515418e-01
5.652435e+00 9.211714e+00 6.429862e-01
5.653435e+00 7.479190e+00 6.344063e-01
5.654435e+00 2.708099e+00 6.258022e-01
5.655434e+00 -3.530822e+00 6.171742e-01
5.656434e+00 -8.677389e+00 6.085227e-01
5.657434e+00 -1.084028e+01 5.998478e-01
5.658434e+00 -9.206248e+00 5.911498e-01
5.659434e+00 -4.314608e+00 5.824290e-01
5.660434e+00 1.849958e+00 5.736856e-01
5.661434e+00 6.949844e+00 5.649198e-01
5.662434e+00 9.201899e+00 5.561319e-01
5.663434e+00 7.408960e+00 5.473221e-01
5.664434e+00 2.563187e+00 5.384905e-01
5.665433e+00 -3.509073e+00 5.296376e-01
5.666433e+00 -8.623698e+00 5.207633e-01
5.667433e+00 -1.090857e+01 5.118680e-01
5.668433e+00 -9.288617e+00 5.029518e-01
5.669433e+00 -4.329120e+00 4.940150e-01
5.670433e+00 1.786743e+00 4.850576e-01
5.671433e+00 6.960297e+00 4.760799e-01
5.672433e+00 9.105205e+00 4.670821e-01
5.673433e+00 7.346403e+00 4.580643e-01
5.674433e+00 2.593031e+00 4.490266e-01
5.675432e+00 -3.564797e+00 4.399693e-01
5.676432e+00 -8.782022e+00 4.308925e-01
5.677432e+00 -1.097279e+01 4.217962e-01
5.678432e+00 -9.230713e+00 4.126807e-01
5.679432e+00 -4.394150e+00 4.035460e-01
5.680432e+00 1.805457e+00 3.943922e-01
5.681432e+00 6.945125e+00 3.852195e-01
5.682432e+00 9.105321e+00 3.760280e-01
5.683432e+00 7.371366e+00 3.668178e-01
5.684432e+00 2.610895e+00 3.575889e-01
5.685431e+00 -3.623663e+00 3.483414e-01
5.686431e+00 -8.778029e+00 3.390755e-01
5.687431e+00 -1.081834e+01 3.297910e-01
5.688431e+00 -9.217994e+00 3.204883e-01
5.689431e+00 -4.437047e+00 3.111671e-01
5.690431e+00 1.693594e+00 3.018277e-01
5.691431e+00 6.896660e+00 2.924701e-01
5.692431e+00 9.025454e+00 2.830942e-01
5.693431e+00 7.353088e+00 2.737001e-01
5.694431e+00 2.611808e+00 2.642879e-01
5.695430e+00 -3.650134e+00 2.548574e-01
5.696430e+00 -8.766531e+00 2.454089e-01
5.697430e+00 -1.094827e+01 2.359421e-01
5.698430e+00 -9.233441e+00 2.264572e-01
5.699430e+00 -4.430519e+00 2.169541e-01
5.700430e+00 1.714989e+00 2.074328e-01
5.701430e+00 6.904417e+00 1.978932e-01
5.702430e+00 9.018379e+00 1.883354e-01
5.703430e+00 7.424221e+00 1.787593e-01
5.704430e+00 2.533963e+00 1.691648e-01
5.705429e+00 -3.651261e+00 1.595520e-01
5.706429e+00 -8.762101e+00 1.499207e-01
5.707429e+00 -1.089065e+01 1.402709e-01
5.708429e+00 -9.294418e+00 1.306025e-01
5.709429e+00 -4.565872e+00 1.209155e-01
5.710429e+00 1.677183e+00 1.112098e-01
5.711429e+00 6.855851e+00 1.014853e-01
5.712429e+00 9.012664e+00 9.174196e-02
5.713429e+00 7.368824e+00 8.197968e-02
5.714429e+00 2.440170e+00 7.219837e-02
5.715428e+00 -3.587035e+00 6.239794e-02
5.716428e+00 -8.838799e+00 5.257830e-02
5.717428e+00 -1.106358e+01 4.273935e-02
5.718428e+00 -9.357372e+00 3.288099e-02
5.719428e+00 -4.538107e+00 2.300313e-02
5.720428e+00 1.766918e+00 1.310565e-02
5.721428e+00 6.861740e+00 3.188445e-03
5.722428e+00 9.028369e+00 -6.748585e-03
5.723428e+00 7.336149e+00 -1.670555e-02
5.724428e+00 2.499365e+00 -2.668257e-02
5.725427e+00 -3.660998e+00 -3.667976e-02
5.726427e+00 -8.815178e+00 -4.669722e-02
5.727427e+00 -1.094829e+01 -5.673508e-02
5.728427e+00 -9.319244e+00 -6.679344e-02
5.729427e+00 -4.490291e+00 -7.687243e-02
5.730427e+00 1.682433e+00 -8.697216e-02
5.731427e+00 6.883170e+00 -9.709275e-02
5.732427e+00 9.015259e+00 -1.072343e-01
5.733427e+00 7.302624e+00 -1.173970e-01
5.734427e+00 2.539906e+00 -1.275808e-01
5.735426e+00 -3.607448e+00 -1.377860e-01
5.736426e+00 -8.846279e+00 -1.480126e-01
5.737426e+00 -1.105160e+01 -1.582608e-01
5.738426e+00 -9.273894e+00 -1.685306e-01
5.739426e+00 -4.574137e+00 -1.788222e-01
5.740426e+00 1.671385e+00 -1.891356e-01
5.741426e+00 6.831925e+00 -1.994710e-01
5.742426e+00 8.989887e+00 -2.098285e-01
5.743426e+00 7.370424e+00 -2.202082e-01
5.744426e+00 2.517933e+00 -2.306101e-01
5.745425e+00 -3.645099e+00 -2.410344e-01
5.746425e+00 -8.830372e+00 -2.514812e-01
5.747425e+00 -1.102525e+01 -2.619505e-01
5.748425e+00 -9.328182e+00 -2.724424e-01
5.749425e+00 -4.586779e+00 -2.829570e-01
5.750425e+00 1.585484e+00 -2.934944e-01
5.751425e+00 6.861492e+00 -3.040546e-01
5.752425e+00 8.930803e+00 -3.146378e-01
5.753425e+00 7.362740e+00 -3.252439e-01
5.754425e+00 2.476413e+00 -3.358730e-01
5.755424e+00 -3.678416e+00 -3.465252e-01
5.756424e+00 -8.819186e+00 -3.572006e-01
5.757424e+00 -1.096645e+01 -3.678991e-01
5.758424e+00 -9.418404e+00 -3.786208e-01
5.759424e+00 -4.612791e+00 -3.893657e-01
5.760424e+00 1.641008e+00 -4.001339e-01
5.761424e+00 6.712714e+00 -4.109254e-01
5.762424e+00 8.936571e+00 -4.217401e-01
5.763424e+00 7.293016e+00 -4.325781e-01
5.764424e+00 2.560794e+00 -4.434393e-01
5.765423e+00 -3.699499e+00 -4.543239e-01
5.766423e+00 -8.849256e+00 -4.652316e-01
5.767423e+00 -1.103048e+01 -4.761626e-01
5.768423e+00 -9.313601e+00 -4.871168e-01
5.769423e+00 -4.592156e+00 -4.980940e-01
5.770423e+00 1.682835e+00 -5.090944e-01
5.771423e+00 6.720244e+00 -5.201179e-01
5.772423e+00 9.050515e+00 -5.311643e-01
5.773423e+00 7.390452e+00 -5.422336e-01
5.774423e+00 2.515020e+00 -5.533257e-01
5.775422e+00 -3.696876e+00 -5.644405e-01
5.776422e+00 -8.813695e+00 -5.755780e-01
5.777422e+00 -1.097843e+01 -5.867379e-01
5.778422e+00 -9.261775e+00 -5.979203e-01
5.779422e+00 -4.516014e+00 -6.091250e-01
5.780422e+00 1.680634e+00 -6.203518e-01
5.781422e+00 6.796329e+00 -6.316006e-01
5.782422e+00 9.023694e+00 -6.428712e-01
5.783422e+00 7.344971e+00 -6.541636e-01
5.784422e+00 2.539386e+00 -6.654774e-01
5.785421e+00 -3.456375e+00 -6.768126e-01
5.786421e+00 -8.775963e+00 -6.881689e-01
5.787421e+00 -1.090515e+01 -6.995461e-01
5.788421e+00 -9.306838e+00 -7.109441e-01
5.789421e+00 -4.448306e+00 -7.223626e-01
5.790421e+00 1.670279e+00 -7.338013e-01
5.791421e+00 6.833890e+00 -7.452601e-01
5.792421e+00 8.955251e+00 -7.567386e-01
5.793421e+00 7.392468e+00 -7.682367e-01
5.794421e+00 2.712581e+00 -7.797539e-01
5.795420e+00 -3.559991e+00 -7.912902e-01
5.796420e+00 -8.697442e+00 -8.028451e-01
5.797420e+00 -1.088139e+01 -8.144184e-01
5.798420e+00 -9.347120e+00 -8.260097e-01
5.799420e+00 -4.499652e+00 -8.376188e-01
5.800420e+00 1.611124e+00 -8.492452e-01
5.801420e+00 6.791270e+00 -8.608887e-01
5.802420e+00 8.988250e+00 -8.725488e-01
5.803420e+00 7.480130e+00 -8.842253e-01
5.804420e+00 2.703882e+00 -8.959178e-01
5.805419e+00 -3.602653e+00 -9.076257e-01
5.806419e+00 -8.614066e+00 -9.193489e-01
5.807419e+00 -1.090216e+01 -9.310868e-01
5.808419e+00 -9.270339e+00 -9.428390e-01
5.809419e+00 -4.415184e+00 -9.546052e-01
5.810419e+00 1.669713e+00 -9.663848e-01
5.811419e+00 6.899459e+00 -9.781774e-01
5.812419e+00 8.992909e+00 -9.899826e-01
5.813419e+00 7.383616e+00 -1.001800e+00
5.814419e+00 2.679836e+00 -1.013629e+00
5.815418e+00 -3.474734e+00 -1.025469e+00
5.816418e+00 -8.663818e+00 -1.037319e+00
5.817418e+00 -1.094521e+01 -1.049180e+00
5.818418e+00 -9.325809e+00 -1.061050e+00
5.819418e+00 -4.452676e+00 -1.072930e+00
5.820418e+00 1.667879e+00 -1.084818e+00
5.821418e+00 6.925583e+00 -1.096714e+00
5.822418e+00 9.014673e+00 -1.108617e+00
5.823418e+00 7.457405e+00 -1.120528e+00
5.824418e+00 2.752114e+00 -1.132444e+00
5.825417e+00 -3.484843e+00 -1.144366e+00
5.826417e+00 -8.638353e+00 -1.156294e+00
5.827417e+00 -1.091943e+01 -1.168226e+00
5.828417e+00 -9.279612e+00 -1.180162e+00
5.829417e+00 -4.434298e+00 -1.192101e+00
5.830417e+00 1.800832e+00 -1.204043e+00
5.831417e+00 6.931091e+00 -1.215987e+00
5.832417e+00 9.173945e+00 -1.227932e+00
5.833417e+00 7.565650e+00 -1.239878e+00
5.834417e+00 2.776625e+00 -1.251825e+00
5.835416e+00 -3.471212e+00 -1.263771e+00
5.836416e+00 -8.657162e+00 -1.275715e+00
5.837416e+00 -1.090354e+01 -1.287658e+00
5.838416e+00 -9.199079e+00 -1.299598e+00
5.839416e+00 -4.460254e+00 -1.311535e+00
5.840416e+00 1.752301e+00 -1.323468e+00
5.841416e+00 6.884897e+00 -1.335397e+00
5.842416e+00 9.242657e+00 -1.347320e+00
5.843416e+00 7.525842e+00 -1.359237e+00
5.844416e+00 2.742592e+00 -1.371148e+00
5.845415e+00 -3.431581e+00 -1.383051e+00
5.846415e+00 -8.604543e+00 -1.394946e+00
5.847415e+00 -1.075667e+01 -1.406832e+00
5.848415e+00 -9.205524e+00 -1.418709e+00
5.849415e+00 -4.381440e+00 -1.430575e+00
5.850415e+00 1.679852e+00 -1.442430e+00
5.851415e+00 7.053332e+00 -1.454273e+00
5.852415e+00 9.202008e+00 -1.466104e+00
5.853415e+00 7.623148e+00 -1.477922e+00
5.854415e+00 2.865409e+00 -1.489726e+00
5.855414e+00 -3.365967e+00 -1.501514e+00
5.856414e+00 -8.627959e+00 -1.513288e+00
5.857414e+00 -1.080605e+01 -1.525045e+00
5.858414e+00 -9.243064e+00 -1.536785e+00
5.859414e+00 -4.325991e+00 -1.548508e+00
5.860414e+00 1.847064e+00 -1.560212e+00
5.861414e+00 6.980086e+00 -1.571897e+00
5.862414e+00 9.274310e+00 -1.583561e+00
5.863414e+00 7.602424e+00 -1.595205e+00
5.864414e+00 2.856184e+00 -1.606828e+00
5.865413e+00 -3.263460e+00 -1.618428e+00
5.866413e+00 -8.485742e+00 -1.630006e+00
5.867413e+00 -1.069106e+01 -1.641559e+00
5.868413e+00 -9.158826e+00 -1.653089e+00
5.869413e+00 -4.298852e+00 -1.664593e+00
5.870413e+00 1.785825e+00 -1.676071e+00
5.871413e+00 7.052054e+00 -1.687522e+00
5.872413e+00 9.230971e+00 -1.698946e+00
5.873413e+00 7.609153e+00 -1.710342e+00
5.874413e+00 2.810167e+00 -1.721709e+00
5.875412e+00 -3.274242e+00 -1.733046e+00
5.876412e+00 -8.480343e+00 -1.744353e+00
5.877412e+00 -1.071316e+01 -1.755629e+00
5.878412e+00 -9.070540e+00 -1.766873e+00
5.879412e+00 -4.276738e+00 -1.778085e+00
5.880412e+00 1.904106e+00 -1.789264e+00
5.881412e+00 7.056299e+00 -1.800408e+00
5.882412e+00 9.244552e+00 -1.811518e+00
5.883412e+00 7.766644e+00 -1.822593e+00
5.884412e+00 2.947014e+00 -1.833632e+00
5.885411e+00 -3.237297e+00 -1.844634e+00
5.886411e+00 -8.403393e+00 -1.855599e+00
5.887411e+00 -1.070735e+01 -1.866526e+00
5.888411e+00 -9.065632e+00 -1.877415e+00
5.889411e+00 -4.276771e+00 -1.888264e+00
5.890411e+00 1.881338e+00 -1.899073e+00
5.891411e+00 7.108258e+00 -1.909841e+00
5.892411e+00 9.398087e+00 -1.920569e+00
5.893411e+00 7.761077e+00 -1.931254e+00
5.894411e+00 3.006241e+00 -1.941897e+00
5.895410e+00 -3.171964e+00 -1.952497e+00
5.896410e+00 -8.400767e+00 -1.963053e+00
5.897410e+00 -1.057107e+01 -1.973565e+00
5.898410e+00 -8.947312e+00 -1.984032e+00
5.899410e+00 -4.281207e+00 -1.994453e+00
5.900410e+00 1.958185e+00 -2.004829e+00
5.901410e+00 7.132058e+00 -2.015158e+00
5.902410e+00 9.364564e+00 -2.025439e+00
5.903410e+00 7.918511e+00 -2.035673e+00
5.904410e+00 3.081428e+00 -2.045859e+00
5.905409e+00 -3.042061e+00 -2.055995e+00
5.906409e+00 -8.342141e+00 -2.066083e+00
5.907409e+00 -1.049358e+01 -2.076120e+00
5.908409e+00 -8.941355e+00 -2.086108e+00
5.909409e+00 -4.135697e+00 -2.096044e+00
5.910409e+00 2.111283e+00 -2.105929e+00
5.911409e+00 7.276621e+00 -2.115762e+00
5.912409e+00 9.477371e+00 -2.125542e+00
5.913409e+00 7.948914e+00 -2.135270e+00
5.914409e+00 3.145618e+00 -2.144945e+00
5.915408e+00 -3.119672e+00 -2.154565e+00
5.916408e+00 -8.271155e+00 -2.164132e+00
5.917408e+00 -1.049906e+01 -2.173644e+00
5.918408e+00 -8.875890e+00 -2.183101e+00
5.919408e+00 -4.088526e+00 -2.192503e+00
5.920408e+00 1.999012e+00 -2.201849e+00
5.921408e+00 7.270540e+00 -2.211138e+00
5.922408e+00 9.525741e+00 -2.220371e+00
5.923408e+00 8.022945e+00 -2.229547e+00
5.924408e+00 3.088337e+00 -2.238665e+00
5.925407e+00 -2.961057e+00 -2.247726e+00
5.926407e+00 -8.196090e+00 -2.256728e+00
5.927407e+00 -1.045690e+01 -2.265672e+00
5.928407e+00 -8.826088e+00 -2.274558e+00
5.929407e+00 -4.117377e+00 -2.283384e+00
5.930407e+00 2.000106e+00 -2.292151e+00
5.931407e+00 7.378765e+00 -2.300858e+00
5.932407e+00 9.579605e+00 -2.309504e+00
5.933407e+00 7.999408e+00 -2.318091e+00
5.934407e+00 3.352616e+00 -2.326617e+00
5.935406e+00 -2.972777e+00 -2.335082e+00
5.936406e+00 -8.190680e+00 -2.343486e+00
5.937406e+00 -1.041128e+01 -2.351828e+00
5.938406e+00 -8.760503e+00 -2.360109e+00
5.939406e+00 -3.957576e+00 -2.368327e+00
5.940406e+00 2.249962e+00 -2.376484e+00
5.941406e+00 7.296268e+00 -2.384578e+00
5.942406e+00 9.645441e+00 -2.392609e+00
5.943406e+00 8.076991e+00 -2.400578e+00
5.944406e+00 3.260093e+00 -2.408483e+00
5.945405e+00 -2.863297e+00 -2.416325e+00
5.946405e+00 -8.110800e+00 -2.424104e+00
5.947405e+00 -1.026917e+01 -2.431819e+00
5.948405e+00 -8.753685e+00 -2.439470e+00
5.949405e+00 -3.954386e+00 -2.447057e+00
5.950405e+00 2.204669e+00 -2.454580e+00
5.951405e+00 7.355698e+00 -2.462039e+00
5.952405e+00 9.695325e+00 -2.469433e+00
5.953405e+00 8.099360e+00 -2.476762e+00
5.954405e+00 3.424615e+00 -2.484027e+00
5.955404e+00 -2.919787e+00 -2.491227e+00
5.956404e+00 -8.005070e+00 -2.498361e+00
5.957404e+00 -1.029873e+01 -2.505431e+00
5.958404e+00 -8.695230e+00 -2.512435e+00
5.959404e+00 -3.857195e+00 -2.519374e+00
5.960404e+00 2.257631e+00 -2.526247e+00
5.961404e+00 7.554675e+00 -2.533055e+00
5.962404e+00 9.821765e+00 -2.539796e+00
5.963404e+00 8.165565e+00 -2.546473e+00
5.964404e+00 3.414839e+00 -2.553083e+00
5.965403e+00 -2.723712e+00 -2.559627e+00
5.966403e+00 -7.943129e+00 -2.566105e+00
5.967403e+00 -1.011127e+01 -2.572517e+00
5.968403e+00 -8.602659e+00 -2.578863e+00
5.969403e+00 -3.889512e+00 -2.585143e+00
5.970403e+00 2.302907e+00 -2.591357e+00
5.971403e+00 7.572893e+00 -2.597504e+00
5.972403e+00 9.880269e+00 -2.603584e+00
5.973403e+00 8.307904e+00 -2.609599e+00
5.974403e+00 3.513013e+00 -2.615546e+00
5.975402e+00 -2.665865e+00 -2.621428e+00
5.976402e+00 -7.884878e+00 -2.627242e+00
5.977402e+00 -1.017742e+01 -2.632991e+00
5.978402e+00 -8.575101e+00 -2.638672e+00
5.979402e+00 -3.747520e+00 -2.644287e+00
5.980402e+00 2.336033e+00 -2.649835e+00
5.981402e+00 7.632709e+00 -2.655317e+00
5.982402e+00 9.882786e+00 -2.660732e+00
5.983402e+00 8.373555e+00 -2.666080e+00
5.984402e+00 3.598141e+00 -2.671362e+00
5.985401e+00 -2.641466e+00 -2.676577e+00
5.986401e+00 -7.817166e+00 -2.681726e+00
5.987401e+00 -1.011805e+01 -2.686807e+00
5.988401e+00 -8.511802e+00 -2.691822e+00
5.989401e+00 -3.769359e+00 -2.696771e+00
5.990401e+00 2.412515e+00 -2.701653e+00
5.991401e+00 7.659817e+00 -2.706468e+00
5.992401e+00 9.967832e+00 -2.711216e+00
5.993401e+00 8.422225e+00 -2.715898e+00
5.994401e+00 3.656131e+00 -2.720514e+00
5.995400e+00 -2.501233e+00 -2.725062e+00
5.996400e+00 -7.751773e+00 -2.729545e+00
5.997400e+00 -9.915289e+00 -2.733960e+00
5.998400e+00 -8.459109e+00 -2.738310e+00
5.999400e+00 -3.624512e+00 -2.742593e+00
6.000400e+00 2.553076e+00 -2.746809e+00
6.001400e+00 7.767645e+00 -2.750959e+00
6.002400e+00 9.944628e+00 -2.755043e+00
6.003400e+00 8.460721e+00 -2.759061e+00
6.004400e+00 3.726779e+00 -2.763012e+00
6.005399e+00 -2.492883e+00 -2.766897e+00
6.006399e+00 -7.578682e+00 -2.770716e+00
6.007399e+00 -9.950284e+00 -2.774469e+00
6.008399e+00 -8.500080e+00 -2.778156e+00
6.009399e+00 -3.681145e+00 -2.781776e+00
6.010399e+00 2.498350e+00 -2.785331e+00
6.011399e+00 7.798964e+00 -2.788820e+00
6.012399e+00 1.008425e+01 -2.792243e+00
6.013399e+00 8.448217e+00 -2.795600e+00
6.014399e+00 3.678742e+00 -2.798891e+00
6.015398e+00 -2.387076e+00 -2.802117e+00
6.016398e+00 -7.626296e+00 -2.805277e+00
6.017398e+00 -9.838275e+00 -2.808371e+00
6.018398e+00 -8.302667e+00 -2.811400e+00
6.019398e+00 -3.593422e+00 -2.814363e+00
6.020398e+00 2.557039e+00 -2.817261e+00
6.021398e+00 7.823007e+00 -2.820094e+00
6.022398e+00 1.012333e+01 -2.822861e+00
6.023398e+00 8.510524e+00 -2.825563e+00
6.024398e+00 3.855787e+00 -2.828200e+00
6.025397e+00 -2.234143e+00 -2.830772e+00
6.026397e+00 -7.560921e+00 -2.833279e+00
6.027397e+00 -9.769729e+00 -2.835721e+00
6.028397e+00 -8.339241e+00 -2.838098e+00
6.029397e+00 -3.629425e+00 -2.840410e+00
6.030397e+00 2.632925e+00 -2.842658e+00
6.031397e+00 7.884775e+00 -2.844841e+00
6.032397e+00 1.017048e+01 -2.846959e+00
6.033397e+00 8.731110e+00 -2.849013e+00
6.034397e+00 3.885723e+00 -2.851002e+00
6.035396e+00 -2.296203e+00 -2.852927e+00
6.036396e+00 -7.455945e+00 -2.854788e+00
6.037396e+00 -9.725559e+00 -2.856585e+00
6.038396e+00 -8.233211e+00 -2.858318e+00
6.039396e+00 -3.476719e+00 -2.859987e+00
6.040396e+00 2.696151e+00 -2.861592e+00
6.041396e+00 7.981371e+00 -2.863133e+00
6.042396e+00 1.025449e+01 -2.864610e+00
6.043396e+00 8.663498e+00 -2.866024e+00
6.044396e+00 3.966462e+00 -2.867375e+00
6.045395e+00 -2.122993e+00 -2.868662e+00
6.046395e+00 -7.379239e+00 -2.869886e+00
6.047395e+00 -9.688798e+00 -2.871046e+00
6.048395e+00 -8.122624e+00 -2.872144e+00
6.049395e+00 -3.482019e+00 -2.873179e+00
6.050395e+00 2.804009e+00 -2.874150e+00
6.051395e+00 8.032484e+00 -2.875060e+00
6.052395e+00 1.028433e+01 -2.875906e+00
6.053395e+00 8.781487e+00 -2.876691e+00
6.054395e+00 4.096782e+00 -2.877412e+00
6.055394e+00 -2.132518e+00 -2.878072e+00
6.056394e+00 -7.325457e+00 -2.878670e+00
6.057394e+00 -9.533799e+00 -2.879205e+00
6.058394e+00 -8.107477e+00 -2.879679e+00
6.059394e+00 -3.478369e+00 -2.880092e+00
6.060394e+00 2.876323e+00 -2.880442e+00
6.061394e+00 8.021934e+00 -2.880732e+00
6.062394e+00 1.027682e+01 -2.880960e+00
6.063394e+00 8.832543e+00 -2.881127e+00
6.064394e+00 4.164711e+00 -2.881234e+00
6.065393e+00 -2.116975e+00 -2.881279e+00
6.066393e+00 -7.317527e+00 -2.881264e+00
6.067393e+00 -9.521145e+00 -2.881189e+00
6.068393e+00 -7.985924e+00 -2.881054e+00
6.069393e+00 -3.359715e+00 -2.880858e+00
6.070393e+00 2.883746e+00 -2.880603e+00
6.071393e+00 8.197944e+00 -2.880288e+00
6.072393e+00 1.041263e+01 -2.879913e+00
6.073393e+00 8.999626e+00 -2.879479e+00
6.074393e+00 4.206532e+00 -2.878987e+00
6.075392e+00 -1.969072e+00 -2.878435e+00
6.076392e+00 -7.172392e+00 -2.877825e+00
6.077392e+00 -9.592991e+00 -2.877156e+00
6.078392e+00 -8.050383e+00 -2.876429e+00
6.079392e+00 -3.321810e+00 -2.875644e+00
6.080392e+00 2.876506e+00 -2.874801e+00
6.081392e+00 8.141282e+00 -2.873901e+00
6.082392e+00 1.045392e+01 -2.872944e+00
6.083392e+00 8.943585e+00 -2.871929e+00
6.084392e+00 4.175328e+00 -2.870858e+00
6.085391e+00 -1.957153e+00 -2.869730e+00
6.086391e+00 -7.172756e+00 -2.868546e+00
6.087391e+00 -9.395065e+00 -2.867306e+00
6.088391e+00 -7.914926e+00 -2.866010e+00
6.089391e+00 -3.170886e+00 -2.864659e+00
6.090391e+00 2.922588e+00 -2.863253e+00
6.091391e+00 8.213520e+00 -2.861792e+00
6.092391e+00 1.052836e+01 -2.860276e+00
6.093391e+00 9.055523e+00 -2.858707e+00
6.094391e+00 4.241716e+00 -2.857083e+00
6.095390e+00 -1.912982e+00 -2.855406e+00
6.096390e+00 -7.040459e+00 -2.853675e+00
6.097390e+00 -9.298143e+00 -2.851891e+00
6.098390e+00 -7.921647e+00 -2.850055e+00
6.099390e+00 -3.155035e+00 -2.848167e+00
6.100390e+00 3.086551e+00 -2.846227e+00
6.101390e+00 8.234672e+00 -2.844235e+00
6.102390e+00 1.063982e+01 -2.842192e+00
6.103390e+00 9.120542e+00 -2.840098e+00
6.104390e+00 4.340067e+00 -2.837954e+00
6.105389e+00 -1.802371e+00 -2.835760e+00
6.106389e+00 -7.015388e+00 -2.833517e+00
6.107389e+00 -9.343960e+00 -2.831224e+00
6.108389e+00 -7.797612e+00 -2.828882e+00
6.109389e+00 -3.110613e+00 -2.826492e+00
6.110389e+00 3.036838e+00 -2.824054e+00
6.111389e+00 8.351700e+00 -2.821569e+00
6.112389e+00 1.065548e+01 -2.819037e+00
6.113389e+00 9.179047e+00 -2.816458e+00
6.114389e+00 4.392889e+00 -2.813833e+00
6.115388e+00 -1.713874e+00 -2.811162e+00
6.116388e+00 -7.021054e+00 -2.808446e+00
6.117388e+00 -9.239885e+00 -2.805685e+00
6.118388e+00 -7.765865e+00 -2.802881e+00
6.119388e+00 -2.963573e+00 -2.800032e+00
6.120388e+00 3.113794e+00 -2.797141e+00
6.121388e+00 8.428104e+00 -2.794207e+00
6.122388e+00 1.067242e+01 -2.791230e+00
6.123388e+00 9.219159e+00 -2.788213e+00
6.124388e+00 4.392262e+00 -2.785154e+00
6.125387e+00 -1.699647e+00 -2.782054e+00
6.126387e+00 -6.891044e+00 -2.778915e+00
6.127387e+00 -9.254153e+00 -2.775737e+00
6.128387e+00 -7.700181e+00 -2.772520e+00
6.129387e+00 -3.022458e+00 -2.769265e+00
6.130387e+00 3.131468e+00 -2.765972e+00
6.131387e+00 8.341318e+00 -2.762642e+00
6.132387e+00 1.072363e+01 -2.759276e+00
6.133387e+00 9.204444e+00 -2.755875e+00
6.134387e+00 4.553304e+00 -2.752438e+00
6.135386e+00 -1.648502e+00 -2.748967e+00
6.136386e+00 -6.903767e+00 -2.745463e+00
6.137386e+00 -9.220142e+00 -2.741925e+00
6.138386e+00 -7.747075e+00 -2.738355e+00
6.139386e+00 -2.999561e+00 -2.734753e+00
6.140386e+00 3.223901e+00 -2.731121e+00
6.141386e+00 8.407333e+00 -2.727458e+00
6.142386e+00 1.070215e+01 -2.723766e+00
6.143386e+00 9.280976e+00 -2.720045e+00
6.144386e+00 4.511267e+00 -2.716296e+00
6.145385e+00 -1.689532e+00 -2.712520e+00
6.146385e+00 -6.947217e+00 -2.708717e+00
6.147385e+00 -9.193671e+00 -2.704888e+00
6.148385e+00 -7.635100e+00 -2.701034e+00
6.149385e+00 -2.916271e+00 -2.697157e+00
6.150385e+00 3.173964e+00 -2.693255e+00
6.151385e+00 8.360921e+00 -2.689331e+00
6.152385e+00 1.081888e+01 -2.685386e+00
6.153385e+00 9.239267e+00 -2.681419e+00
6.154385e+00 4.643384e+00 -2.677433e+00
6.155384e+00 -1.539027e+00 -2.673427e+00
6.156384e+00 -6.806012e+00 -2.669402e+00
6.157384e+00 -9.077141e+00 -2.665360e+00
6.158384e+00 -7.657921e+00 -2.661302e+00
6.159384e+00 -2.919000e+00 -2.657227e+00
6.160384e+00 3.164353e+00 -2.653138e+00
6.161384e+00 8.474688e+00 -2.649034e+00
6.162384e+00 1.082716e+01 -2.644918e+00
6.163384e+00 9.342968e+00 -2.640789e+00
6.164384e+00 4.623134e+00 -2.636649e+00
6.165383e+00 -1.505697e+00 -2.632499e+00
6.166383e+00 -6.763623e+00 -2.628339e+00
6.167383e+00 -9.164616e+00 -2.624171e+00
6.168383e+00 -7.653328e+00 -2.619996e+00
6.169383e+00 -2.881926e+00 -2.615813e+00
6.170383e+00 3.214503e+00 -2.611626e+00
6.171383e+00 8.556913e+00 -2.607434e+00
6.172383e+00 1.082554e+01 -2.603238e+00
6.173383e+00 9.427975e+00 -2.599040e+00
6.174383e+00 4.676693e+00 -2.594840e+00
6.175382e+00 -1.461855e+00 -2.590640e+00
6.176382e+00 -6.659506e+00 -2.586440e+00
6.177382e+00 -8.982622e+00 -2.582241e+00
6.178382e+00 -7.586620e+00 -2.578046e+00
6.179382e+00 -2.858913e+00 -2.573853e+00
6.180382e+00 3.257440e+00 -2.569666e+00
6.181382e+00 8.481705e+00 -2.565484e+00
6.182382e+00 1.090433e+01 -2.561309e+00
6.183382e+00 9.440218e+00 -2.557142e+00
6.184382e+00 4.712297e+00 -2.552983e+00
6.185381e+00 -1.466982e+00 -2.548835e+00
6.186381e+00 -6.728984e+00 -2.544697e+00
6.187381e+00 -9.136603e+00 -2.540572e+00
6.188381e+00 -7.611914e+00 -2.536460e+00
6.189381e+00 -2.914385e+00 -2.532362e+00
6.190381e+00 3.402973e+00 -2.528280e+00
6.191381e+00 8.650170e+00 -2.524214e+00
6.192381e+00 1.080207e+01 -2.520165e+00
6.193381e+00 9.472752e+00 -2.516136e+00
6.194381e+00 4.749714e+00 -2.512126e+00
6.195380e+00 -1.430847e+00 -2.508137e+00
6.196380e+00 -6.651744e+00 -2.504170e+00
6.197380e+00 -9.091857e+00 -2.500226e+00
6.198380e+00 -7.594894e+00 -2.496307e+00
6.199380e+00 -2.881479e+00 -2.492412e+00
6.200380e+00 3.324173e+00 -2.488544e+00
6.201380e+00 8.465693e+00 -2.484704e+00
6.202380e+00 1.087715e+01 -2.480892e+00
6.203380e+00 9.522601e+00 -2.477111e+00
6.204380e+00 4.797779e+00 -2.473360e+00
6.205379e+00 -1.442742e+00 -2.469641e+00
6.206379e+00 -6.661383e+00 -2.465955e+00
6.207379e+00 -9.022888e+00 -2.462303e+00
6.208379e+00 -7.538556e+00 -2.458686e+00
6.209379e+00 -2.845865e+00 -2.455106e+00
6.210379e+00 3.267713e+00 -2.451563e+00
6.211379e+00 8.635934e+00 -2.448059e+00
6.212379e+00 1.086185e+01 -2.444594e+00
6.213379e+00 9.410836e+00 -2.441170e+00
6.214379e+00 4.849167e+00 -2.437788e+00
6.215378e+00 -1.350792e+00 -2.434449e+00
6.216378e+00 -6.734995e+00 -2.431153e+00
6.217378e+00 -9.012855e+00 -2.427902e+00
6.218378e+00 -7.500996e+00 -2.424697e+00
6.219378e+00 -2.757194e+00 -2.421540e+00
6.220378e+00 3.340299e+00 -2.418430e+00
6.221378e+00 8.575409e+00 -2.415369e+00
6.222378e+00 1.096527e+01 -2.412358e+00
6.223378e+00 9.472118e+00 -2.409398e+00
6.224378e+00 4.744361e+00 -2.406489e+00
6.225377e+00 -1.373508e+00 -2.403634e+00
6.226377e+00 -6.615972e+00 -2.400833e+00
6.227377e+00 -9.022660e+00 -2.398086e+00
6.228377e+00 -7.508020e+00 -2.395395e+00
6.229377e+00 -2.751105e+00 -2.392761e+00
6.230377e+00 3.295602e+00 -2.390185e+00
6.231377e+00 8.577622e+00 -2.387666e+00
6.232377e+00 1.096355e+01 -2.385207e+00
6.233377e+00 9.534802e+00 -2.382809e+00
6.234377e+00 4.841035e+00 -2.380471e+00
6.235376e+00 -1.396189e+00 -2.378195e+00
6.236376e+00 -6.576831e+00 -2.375982e+00
6.237376e+00 -9.056550e+00 -2.373833e+00
6.238376e+00 -7.541452e+00 -2.371747e+00
6.239376e+00 -2.856355e+00 -2.369727e+00
6.240376e+00 3.434425e+00 -2.367773e+00
6.241376e+00 8.559368e+00 -2.365885e+00
6.242376e+00 1.093986e+01 -2.364064e+00
6.243376e+00 9.536633e+00 -2.362311e+00
6.244376e+00 4.851440e+00 -2.360627e+00
6.245375e+00 -1.432916e+00 -2.359012e+00
6.246375e+00 -6.493854e+00 -2.357467e+00
6.247375e+00 -8.941373e+00 -2.355993e+00
6.248375e+00 -7.521892e+00 -2.354589e+00
6.249375e+00 -2.836838e+00 -2.353258e+00
6.250375e+00 3.332997e+00 -2.351998e+00
6.251375e+00 8.577519e+00 -2.350812e+00
6.252375e+00 1.092477e+01 -2.349699e+00
6.253375e+00 9.605690e+00 -2.348659e+00
6.254375e+00 4.855319e+00 -2.347694e+00
6.255374e+00 -1.311880e+00 -2.346804e+00
6.256374e+00 -6.547203e+00 -2.345989e+00
6.257374e+00 -8.959300e+00 -2.345249e+00
6.258374e+00 -7.558981e+00 -2.344586e+00
6.259374e+00 -2.765070e+00 -2.343998e+00
6.260374e+00 3.325759e+00 -2.343488e+00
6.261374e+00 8.553422e+00 -2.343054e+00
6.262374e+00 1.106726e+01 -2.342698e+00
6.263374e+00 9.505073e+00 -2.342419e+00
6.264374e+00 4.754115e+00 -2.342218e+00
6.265373e+00 -1.260614e+00 -2.342095e+00
6.266373e+00 -6.610369e+00 -2.342050e+00
6.267373e+00 -9.000412e+00 -2.342084e+00
6.268373e+00 -7.614281e+00 -2.342196e+00
6.269373e+00 -2.880221e+00 -2.342387e+00
6.270373e+00 3.327573e+00 -2.342656e+00
6.271373e+00 8.556004e+00 -2.343005e+00
6.272373e+00 1.093317e+01 -2.343432e+00
6.273373e+00 9.533850e+00 -2.343938e+00
6.274373e+00 4.814689e+00 -2.344523e+00
6.275372e+00 -1.287182e+00 -2.345187e+00
6.276372e+00 -6.661531e+00 -2.345930e+00
6.277372e+00 -8.998452e+00 -2.346751e+00
6.278372e+00 -7.498627e+00 -2.347652e+00
6.279372e+00 -2.857760e+00 -2.348630e+00
6.280372e+00 3.207625e+00 -2.349687e+00
6.281372e+00 8.585034e+00 -2.350822e+00
6.282372e+00 1.097135e+01 -2.352036e+00
6.283372e+00 9.597959e+00 -2.353327e+00
6.284372e+00 4.825580e+00 -2.354695e+00
6.285371e+00 -1.347416e+00 -2.356141e+00
6.286371e+00 -6.685915e+00 -2.357664e+00
6.287371e+00 -9.066609e+00 -2.359263e+00
6.288371e+00 -7.581856e+00 -2.360939e+00
6.289371e+00 -2.836522e+00 -2.362690e+00
6.290371e+00 3.208373e+00 -2.364517e+00
6.291371e+00 8.577375e+00 -2.366419e+00
6.292371e+00 1.099614e+01 -2.368396e+00
6.293371e+00 9.508735e+00 -2.370446e+00
6.294371e+00 4.758540e+00 -2.372571e+00
6.295370e+00 -1.401354e+00 -2.374768e+00
6.296370e+00 -6.647875e+00 -2.377038e+00
6.297370e+00 -8.993084e+00 -2.379380e+00
6.298370e+00 -7.600876e+00 -2.381794e+00
6.299370e+00 -2.882820e+00 -2.384278e+00
6.300370e+00 3.183368e+00 -2.386832e+00
6.301370e+00 8.593211e+00 -2.389456e+00
6.302370e+00 1.092033e+01 -2.392148e+00
6.303370e+00 9.385816e+00 -2.394909e+00
6.304370e+00 4.793334e+00 -2.397737e+00
6.305369e+00 -1.299892e+00 -2.400631e+00
6.306369e+00 -6.523402e+00 -2.403592e+00
6.307369e+00 -9.015247e+00 -2.406617e+00
6.308369e+00 -7.668286e+00 -2.409706e+00
6.309369e+00 -3.017556e+00 -2.412859e+00
6.310369e+00 3.226053e+00 -2.416074e+00
6.311369e+00 8.491473e+00 -2.419350e+00
6.312369e+00 1.086314e+01 -2.422687e+00
6.313369e+00 9.450381e+00 -2.426084e+00
6.314369e+00 4.699886e+00 -2.429539e+00
6.315368e+00 -1.388944e+00 -2.433053e+00
6.316368e+00 -6.682526e+00 -2.436623e+00
6.317368e+00 -9.037970e+00 -2.440248e+00
6.318368e+00 -7.624165e+00 -2.443929e+00
6.319368e+00 -2.883060e+00 -2.447663e+00
6.320368e+00 3.218205e+00 -2.451449e+00
6.321368e+00 8.577106e+00 -2.455287e+00
6.322368e+00 1.079551e+01 -2.459175e+00
6.323368e+00 9.505242e+00 -2.463113e+00
6.324368e+00 4.801501e+00 -2.467098e+00
6.325367e+00 -1.329569e+00 -2.471131e+00
6.326367e+00 -6.685037e+00 -2.475209e+00
6.327367e+00 -9.087261e+00 -2.479331e+00
6.328367e+00 -7.595083e+00 -2.483497e+00
6.329367e+00 -2.931955e+00 -2.487705e+00
6.330367e+00 3.173184e+00 -2.491954e+00
6.331367e+00 8.448849e+00 -2.496242e+00
6.332367e+00 1.090072e+01 -2.500568e+00
6.333367e+00 9.313518e+00 -2.504932e+00
6.334367e+00 4.764966e+00 -2.509331e+00
6.335366e+00 -1.403318e+00 -2.513764e+00
6.336366e+00 -6.681542e+00 -2.518230e+00
6.337366e+00 -9.129548e+00 -2.522728e+00
6.338366e+00 -7.612344e+00 -2.527256e+00
6.339366e+00 -3.020747e+00 -2.531813e+00
6.340366e+00 3.173341e+00 -2.536397e+00
6.341366e+00 8.451310e+00 -2.541007e+00
6.342366e+00 1.082013e+01 -2.545642e+00
6.343366e+00 9.325005e+00 -2.550300e+00
6.344366e+00 4.664772e+00 -2.554980e+00
6.345365e+00 -1.460918e+00 -2.559680e+00
6.346365e+00 -6.877034e+00 -2.564399e+00
6.347365e+00 -9.150383e+00 -2.569135e+00
6.348365e+00 -7.645845e+00 -2.573887e+00
6.349365e+00 -3.071253e+00 -2.578654e+00
6.350365e+00 3.011656e+00 -2.583433e+00
6.351365e+00 8.349602e+00 -2.588224e+00
6.352365e+00 1.067518e+01 -2.593025e+00
6.353365e+00 9.309273e+00 -2.597833e+00
6.354365e+00 4.643103e+00 -2.602649e+00
6.355364e+00 -1.446178e+00 -2.607470e+00
6.356364e+00 -6.804746e+00 -2.612294e+00
6.357364e+00 -9.129206e+00 -2.617121e+00
6.358364e+00 -7.802512e+00 -2.621948e+00
6.359364e+00 -3.117258e+00 -2.626774e+00
6.360364e+00 2.968970e+00 -2.631598e+00
6.361364e+00 8.345063e+00 -2.636418e+00
6.362364e+00 1.065831e+01 -2.641231e+00
6.363364e+00 9.277364e+00 -2.646038e+00
6.364364e+00 4.597690e+00 -2.650835e+00
6.365363e+00 -1.474818e+00 -2.655622e+00
6.366363e+00 -6.863993e+00 -2.660397e+00
6.367363e+00 -9.232932e+00 -2.665158e+00
6.368363e+00 -7.807301e+00 -2.669903e+00
6.369363e+00 -3.060604e+00 -2.674632e+00
6.370363e+00 2.937907e+00 -2.679342e+00
6.371363e+00 8.291613e+00 -2.684032e+00
6.372363e+00 1.068827e+01 -2.688700e+00
6.373363e+00 9.259507e+00 -2.693345e+00
6.374363e+00 4.666401e+00 -2.697965e+00
6.375362e+00 -1.555747e+00 -2.702558e+00
6.376362e+00 -6.826876e+00 -2.707123e+00
6.377362e+00 -9.226251e+00 -2.711658e+00
6.378362e+00 -7.846929e+00 -2.716161e+00
6.379362e+00 -3.234111e+00 -2.720631e+00
6.380362e+00 2.965159e+00 -2.725066e+00
6.381362e+00 8.253518e+00 -2.729465e+00
6.382362e+00 1.061074e+01 -2.733826e+00
6.383362e+00 9.228872e+00 -2.738148e+00
6.384362e+00 4.538291e+00 -2.742428e+00
6.385361e+00 -1.616229e+00 -2.746665e+00
6.386361e+00 -6.900540e+00 -2.750857e+00
6.387361e+00 -9.318720e+00 -2.755004e+00
6.388361e+00 -7.974871e+00 -2.759103e+00
6.389361e+00 -3.283440e+00 -2.763152e+00
6.390361e+00 2.874601e+00 -2.767151e+00
6.391361e+00 8.304326e+00 -2.771097e+00
6.392361e+00 1.056139e+01 -2.774988e+00
6.393361e+00 9.185866e+00 -2.778824e+00
6.394361e+00 4.567313e+00 -2.782603e+00
6.395360e+00 -1.612890e+00 -2.786323e+00
6.396360e+00 -6.977709e+00 -2.789982e+00
6.397360e+00 -9.383837e+00 -2.793579e+00
6.398360e+00 -8.015316e+00 -2.797112e+00
6.399360e+00 -3.350074e+00 -2.800580e+00
6.400360e+00 2.883903e+00 -2.803981e+00
6.401360e+00 8.017306e+00 -2.807314e+00
6.402360e+00 1.051885e+01 -2.810577e+00
6.403360e+00 9.113945e+00 -2.813768e+00
6.404360e+00 4.513684e+00 -2.816886e+00
6.405359e+00 -1.676553e+00 -2.819929e+00
6.406359e+00 -6.977960e+00 -2.822896e+00
6.407359e+00 -9.476999e+00 -2.825786e+00
6.408359e+00 -8.075551e+00 -2.828596e+00
6.409359e+00 -3.381793e+00 -2.831325e+00
6.410359e+00 2.676172e+00 -2.833972e+00
6.411359e+00 8.021485e+00 -2.836535e+00
6.412359e+00 1.059106e+01 -2.839012e+00
6.413359e+00 9.129551e+00 -2.841403e+00
6.414359e+00 4.472244e+00 -2.843705e+00
6.415358e+00 -1.725062e+00 -2.845918e+00
6.416358e+00 -6.936068e+00 -2.848039e+00
6.417358e+00 -9.495042e+00 -2.850067e+00
6.418358e+00 -8.144426e+00 -2.852001e+00
6.419358e+00 -3.460161e+00 -2.853839e+00
6.420358e+00 2.724039e+00 -2.855580e+00
6.421358e+00 8.077021e+00 -2.857222e+00
6.422358e+00 1.042017e+01 -2.858764e+00
6.423358e+00 9.106784e+00 -2.860205e+00
6.424358e+00 4.371982e+00 -2.861542e+00
6.425357e+00 -1.794404e+00 -2.862775e+00
6.426357e+00 -7.134605e+00 -2.863902e+00
6.427357e+00 -9.592479e+00 -2.864922e+00
6.428357e+00 -8.176438e+00 -2.865833e+00
6.429357e+00 -3.382924e+00 -2.866634e+00
6.430357e+00 2.745101e+00 -2.867324e+00
6.431357e+00 7.979095e+00 -2.867901e+00
6.432357e+00 1.037522e+01 -2.868364e+00
6.433357e+00 8.991114e+00 -2.868711e+00
6.434357e+00 4.372372e+00 -2.868941e+00
6.435356e+00 -1.779084e+00 -2.869053e+00
6.436356e+00 -7.162751e+00 -2.869045e+00
6.437356e+00 -9.568553e+00 -2.868917e+00
6.438356e+00 -8.217127e+00 -2.868666e+00
6.439356e+00 -3.587776e+00 -2.868292e+00
6.440356e+00 2.653261e+00 -2.867793e+00
6.441356e+00 7.878029e+00 -2.867168e+00
6.442356e+00 1.030412e+01 -2.866416e+00
6.443356e+00 8.984962e+00 -2.865535e+00
6.444356e+00 4.227572e+00 -2.864524e+00
6.445355e+00 -1.971062e+00 -2.863382e+00
6.446355e+00 -7.191604e+00 -2.862107e+00
6.447355e+00 -9.650598e+00 -2.860699e+00
6.448355e+00 -8.304220e+00 -2.859156e+00
6.449355e+00 -3.604878e+00 -2.857478e+00
6.450355e+00 2.539775e+00 -2.855662e+00
6.451355e+00 7.816585e+00 -2.853707e+00
6.452355e+00 1.013790e+01 -2.851613e+00
6.453355e+00 8.829904e+00 -2.849379e+00
6.454355e+00 4.221489e+00 -2.847002e+00
6.455354e+00 -1.987258e+00 -2.844483e+00
6.456354e+00 -7.224329e+00 -2.841819e+00
6.457354e+00 -9.759476e+00 -2.839010e+00
6.458354e+00 -8.376480e+00 -2.836055e+00
6.459354e+00 -3.737701e+00 -2.832953e+00
6.460354e+00 2.439185e+00 -2.829701e+00
6.461354e+00 7.751501e+00 -2.826301e+00
6.462354e+00 1.018285e+01 -2.822750e+00
6.463354e+00 8.814329e+00 -2.819047e+00
6.464354e+00 4.183716e+00 -2.815192e+00
6.465353e+00 -1.955714e+00 -2.811183e+00
6.466353e+00 -7.340980e+00 -2.807019e+00
6.467353e+00 -9.619341e+00 -2.802700e+00
6.468353e+00 -8.421811e+00 -2.798224e+00
6.469353e+00 -3.675281e+00 -2.793590e+00
6.470353e+00 2.326199e+00 -2.788798e+00
6.471353e+00 7.778924e+00 -2.783847e+00
6.472353e+00 1.019195e+01 -2.778735e+00
6.473353e+00 8.723155e+00 -2.773463e+00
6.474353e+00 4.197608e+00 -2.768028e+00
6.475352e+00 -1.940240e+00 -2.762430e+00
6.476352e+00 -7.328852e+00 -2.756669e+00
6.477352e+00 -9.826283e+00 -2.750742e+00
6.478352e+00 -8.302385e+00 -2.744651e+00
6.479352e+00 -3.903063e+00 -2.738393e+00
6.480352e+00 2.344595e+00 -2.731969e+00
6.481352e+00 7.678151e+00 -2.725376e+00
6.482352e+00 9.974498e+00 -2.718616e+00
6.483352e+00 8.726587e+00 -2.711686e+00
6.484352e+00 4.009754e+00 -2.704586e+00
6.485351e+00 -2.164003e+00 -2.697315e+00
6.486351e+00 -7.411419e+00 -2.689874e+00
6.487351e+00 -9.815681e+00 -2.682260e+00
6.488351e+00 -8.528316e+00 -2.674474e+00
6.489351e+00 -3.861154e+00 -2.666515e+00
6.490351e+00 2.233991e+00 -2.658383e+00
6.491351e+00 7.643819e+00 -2.650076e+00
6.492351e+00 1.001222e+01 -2.641594e+00
6.493351e+00 8.578592e+00 -2.632937e+00
6.494351e+00 4.064411e+00 -2.624104e+00
6.495350e+00 -2.107021e+00 -2.615095e+00
6.496350e+00 -7.533157e+00 -2.605909e+00
6.497350e+00 -9.892395e+00 -2.596545e+00
6.498350e+00 -8.587762e+00 -2.587005e+00
6.499350e+00 -3.982291e+00 -2.577286e+00
6.500350e+00 2.153479e+00 -2.567389e+00
6.501350e+00 7.413336e+00 -2.557313e+00
6.502350e+00 9.942955e+00 -2.547058e+00
6.503350e+00 8.589328e+00 -2.536624e+00
6.504350e+00 3.930109e+00 -2.526010e+00
6.505349e+00 -2.221843e+00 -2.515216e+00
6.506349e+00 -7.587210e+00 -2.504243e+00
6.507349e+00 -9.958232e+00 -2.493089e+00
6.508349e+00 -8.707103e+00 -2.481754e+00
6.509349e+00 -4.103862e+00 -2.470239e+00
6.510349e+00 2.060328e+00 -2.458544e+00
6.511349e+00 7.441669e+00 -2.446667e+00
6.512349e+00 9.802124e+00 -2.434610e+00
6.513349e+00 8.458232e+00 -2.422372e+00
6.514349e+00 3.915438e+00 -2.409953e+00
6.515348e+00 -2.258827e+00 -2.397353e+00
6.516348e+00 -7.583338e+00 -2.384573e+00
6.517348e+00 -1.000336e+01 -2.371611e+00
6.518348e+00 -8.785689e+00 -2.358469e+00
6.519348e+00 -4.189122e+00 -2.345147e+00
6.520348e+00 2.063569e+00 -2.331644e+00
6.521348e+00 7.320692e+00 -2.317961e+00
6.522348e+00 9.934223e+00 -2.304098e+00
6.523348e+00 8.349580e+00 -2.290056e+00
6.524348e+00 3.819074e+00 -2.275834e+00
6.525347e+00 -2.325385e+00 -2.261433e+00
6.526347e+00 -7.597519e+00 -2.246854e+00
6.527347e+00 -1.016029e+01 -2.232096e+00
6.528347e+00 -8.814520e+00 -2.217161e+00
6.529347e+00 -4.110506e+00 -2.202048e+00
6.530347e+00 1.940330e+00 -2.186758e+00
6.531347e+00 7.323517e+00 -2.171291e+00
6.532347e+00 9.757622e+00 -2.155649e+00
6.533347e+00 8.483572e+00 -2.139831e+00
6.534347e+00 3.834105e+00 -2.123839e+00
6.535346e+00 -2.334631e+00 -2.107673e+00
6.536346e+00 -7.745133e+00 -2.091333e+00
6.537346e+00 -1.018474e+01 -2.074820e+00
6.538346e+00 -8.786798e+00 -2.058136e+00
6.539346e+00 -4.306519e+00 -2.041280e+00
6.540346e+00 1.836521e+00 -2.024254e+00
6.541346e+00 7.157536e+00 -2.007059e+00
6.542346e+00 9.627074e+00 -1.989695e+00
6.543346e+00 8.358138e+00 -1.972163e+00
6.544346e+00 3.748910e+00 -1.954464e+00
6.545345e+00 -2.366395e+00 -1.936600e+00
6.546345e+00 -7.743003e+00 -1.918571e+00
6.547345e+00 -1.026255e+01 -1.900378e+00
6.548345e+00 -9.013051e+00 -1.882022e+00
6.549345e+00 -4.326411e+00 -1.863505e+00
6.550345e+00 1.826897e+00 -1.844827e+00
6.551345e+00 7.138408e+00 -1.825990e+00
6.552345e+00 9.549596e+00 -1.806995e+00
6.553345e+00 8.328144e+00 -1.787844e+00
6.554345e+00 3.715814e+00 -1.768536e+00
6.555344e+00 -2.517990e+00 -1.749075e+00
6.556344e+00 -7.716630e+00 -1.729461e+00
6.557344e+00 -1.024559e+01 -1.709695e+00
6.558344e+00 -8.905411e+00 -1.689779e+00
6.559344e+00 -4.335386e+00 -1.669715e+00
6.560344e+00 1.785319e+00 -1.649503e+00
6.561344e+00 7.143380e+00 -1.629146e+00
6.562344e+00 9.558696e+00 -1.608645e+00
6.563344e+00 8.248453e+00 -1.588001e+00
6.564344e+00 3.615999e+00 -1.567217e+00
6.565343e+00 -2.525633e+00 -1.546293e+00
6.566343e+00 -7.932444e+00 -1.525231e+00
6.567343e+00 -1.035510e+01 -1.504033e+00
6.568343e+00 -9.159760e+00 -1.482701e+00
6.569343e+00 -4.515433e+00 -1.461237e+00
6.570343e+00 1.809898e+00 -1.439642e+00
6.571343e+00 7.083742e+00 -1.417917e+00
6.572343e+00 9.481264e+00 -1.396066e+00
6.573343e+00 8.313231e+00 -1.374089e+00
6.574343e+00 3.533281e+00 -1.351989e+00
6.575342e+00 -2.589217e+00 -1.329768e+00
6.576342e+00 -7.894828e+00 -1.307427e+00
6.577342e+00 -1.042785e+01 -1.284968e+00
6.578342e+00 -9.222148e+00 -1.262394e+00
6.579342e+00 -4.530528e+00 -1.239706e+00
6.580342e+00 1.723272e+00 -1.216906e+00
6.581342e+00 6.902349e+00 -1.193997e+00
6.582342e+00 9.351222e+00 -1.170980e+00
6.583342e+00 8.116591e+00 -1.147858e+00
6.584342e+00 3.579021e+00 -1.124632e+00
6.585341e+00 -2.567709e+00 -1.101305e+00
6.586341e+00 -7.974968e+00 -1.077879e+00
6.587341e+00 -1.042678e+01 -1.054356e+00
6.588341e+00 -9.142827e+00 -1.030738e+00
6.589341e+00 -4.588492e+00 -1.007027e+00
6.590341e+00 1.650140e+00 -9.832262e-01
6.591341e+00 6.861980e+00 -9.593369e-01
6.592341e+00 9.418383e+00 -9.353617e-01
6.593341e+00 8.079095e+00 -9.113027e-01
6.594341e+00 3.482316e+00 -8.871622e-01
6.595340e+00 -2.639764e+00 -8.629424e-01
6.596340e+00 -7.973361e+00 -8.386456e-01
6.597340e+00 -1.056785e+01 -8.142740e-01
6.598340e+00 -9.169587e+00 -7.898301e-01
6.599340e+00 -4.635400e+00 -7.653159e-01
6.600340e+00 1.434400e+00 -7.407340e-01
6.601340e+00 6.851470e+00 -7.160864e-01
6.602340e+00 9.341212e+00 -6.913756e-01
6.603340e+00 7.975959e+00 -6.666039e-01
6.604340e+00 3.334790e+00 -6.417736e-01
6.605339e+00 -2.676243e+00 -6.168869e-01
6.606339e+00 -8.042523e+00 -5.919463e-01
6.607339e+00 -1.052099e+01 -5.669539e-01
6.608339e+00 -9.331589e+00 -5.419122e-01
6.609339e+00 -4.625930e+00 -5.168235e-01
6.610339e+00 1.513811e+00 -4.916900e-01
6.611339e+00 6.746925e+00 -4.665142e-01
6.612339e+00 9.367573e+00 -4.412982e-01
6.613339e+00 7.940615e+00 -4.160443e-01
6.614339e+00 3.422747e+00 -3.907550e-01
6.615338e+00 -2.730985e+00 -3.654325e-01
6.616338e+00 -8.154938e+00 -3.400790e-01
6.617338e+00 -1.063430e+01 -3.146968e-01
6.618338e+00 -9.324137e+00 -2.892882e-01
6.619338e+00 -4.790121e+00 -2.638555e-01
6.620338e+00 1.373180e+00 -2.384009e-01
6.621338e+00 6.663541e+00 -2.129267e-01
6.622338e+00 9.224134e+00 -1.874350e-01
6.623338e+00 7.921728e+00 -1.619281e-01
6.624338e+00 3.384558e+00 -1.364082e-01
6.625337e+00 -2.813100e+00 -1.108774e-01
6.626337e+00 -8.162266e+00 -8.533805e-02
6.627337e+00 -1.064003e+01 -5.979215e-02
6.628337e+00 -9.385304e+00 -3.424190e-02
6.629337e+00 -4.815788e+00 -8.689424e-03
6.630337e+00 1.307755e+00 1.686317e-02
6.631337e+00 6.624174e+00 4.241378e-02
6.632337e+00 9.205029e+00 6.796034e-02
6.633337e+00 7.940189e+00 9.350078e-02
6.634337e+00 3.334255e+00 1.190331e-01
6.635336e+00 -2.787804e+00 1.445552e-01
6.636336e+00 -8.232014e+00 1.700652e-01
6.637336e+00 -1.064229e+01 1.955610e-01
6.638336e+00 -9.457900e+00 2.210407e-01
6.639336e+00 -4.756629e+00 2.465023e-01
6.640336e+00 1.363423e+00 2.719440e-01
6.641336e+00 6.721740e+00 2.973639e-01
6.642336e+00 9.175211e+00 3.227600e-01
6.643336e+00 7.816752e+00 3.481305e-01
6.644336e+00 3.315633e+00 3.734737e-01
6.645335e+00 -2.905250e+00 3.987876e-01
6.646335e+00 -8.294415e+00 4.240706e-01
6.647335e+00 -1.075103e+01 4.493208e-01
6.648335e+00 -9.400855e+00 4.745365e-01
6.649335e+00 -4.873670e+00 4.997161e-01
6.650335e+00 1.290438e+00 5.248579e-01
6.651335e+00 6.624507e+00 5.499601e-01
6.652335e+00 9.204823e+00 5.750212e-01
6.653335e+00 7.883125e+00 6.000395e-01
6.654335e+00 3.233008e+00 6.250135e-01
6.655334e+00 -2.890463e+00 6.499417e-01
6.656334e+00 -8.242601e+00 6.748224e-01
6.657334e+00 -1.074114e+01 6.996542e-01
6.658334e+00 -9.511357e+00 7.244357e-01
6.659334e+00 -4.856998e+00 7.491653e-01
6.660334e+00 1.143108e+00 7.738416e-01
6.661334e+00 6.619641e+00 7.984633e-01
6.662334e+00 9.147155e+00 8.230290e-01
6.663334e+00 7.786330e+00 8.475373e-01
6.664334e+00 3.191746e+00 8.719869e-01
6.665333e+00 -2.976630e+00 8.963765e-01
6.666333e+00 -8.231741e+00 9.207049e-01
6.667333e+00 -1.083035e+01 9.449708e-01
6.668333e+00 -9.567439e+00 9.691730e-01
6.669333e+00 -4.971044e+00 9.933103e-01
6.670333e+00 1.164730e+00 1.017382e+00
6.671333e+00 6.431931e+00 1.041386e+00
6.672333e+00 9.059503e+00 1.065321e+00
6.673333e+00 7.721450e+00 1.089188e+00
6.674333e+00 3.262811e+00 1.112984e+00
6.675332e+00 -2.925657e+00 1.136708e+00
6.676332e+00 -8.410628e+00 1.160360e+00
6.677332e+00 -1.089628e+01 1.183939e+00
6.678332e+00 -9.576525e+00 1.207443e+00
6.679332e+00 -5.000081e+00 1.230872e+00
6.680332e+00 1.121286e+00 1.254225e+00
6.681332e+00 6.380827e+00 1.277501e+00
6.682332e+00 9.026137e+00 1.300698e+00
6.683332e+00 7.717695e+00 1.323817e+00
6.684332e+00 3.133295e+00 1.346856e+00
6.685331e+00 -2.958579e+00 1.369815e+00
6.686331e+00 -8.388222e+00 1.392693e+00
6.687331e+00 -1.081391e+01 1.415489e+00
6.688331e+00 -9.491305e+00 1.438202e+00
6.689331e+00 -5.061727e+00 1.460832e+00
6.690331e+00 1.185900e+00 1.483378e+00
6.691331e+00 6.553729e+00 1.505840e+00
6.692331e+00 8.855849e+00 1.528216e+00
6.693331e+00 7.697055e+00 1.550507e+00
6.694331e+00 3.178428e+00 1.572711e+00
6.695330e+00 -2.994133e+00 1.594829e+00
6.696330e+00 -8.386546e+00 1.616859e+00
6.697330e+00 -1.092635e+01 1.638801e+00
6.698330e+00 -9.663780e+00 1.660654e+00
6.699330e+00 -5.014310e+00 1.682419e+00
6.700330e+00 1.143284e+00 1.704094e+00
6.701330e+00 6.492541e+00 1.725680e+00
6.702330e+00 9.015285e+00 1.747175e+00
6.703330e+00 7.824289e+00 1.768580e+00
6.704330e+00 3.189763e+00 1.789894e+00
6.705329e+00 -3.054615e+00 1.811117e+00
6.706329e+00 -8.381799e+00 1.832248e+00
6.707329e+00 -1.080727e+01 1.853287e+00
6.708329e+00 -9.711183e+00 1.874234e+00
6.709329e+00 -5.036611e+00 1.895089e+00
6.710329e+00 1.077585e+00 1.915851e+00
6.711329e+00 6.421511e+00 1.936519e+00
6.712329e+00 9.104924e+00 1.957095e+00
6.713329e+00 7.668850e+00 1.977578e+00
6.714329e+00 3.139322e+00 1.997967e+00
6.715328e+00 -2.916311e+00 2.018262e+00
6.716328e+00 -8.368472e+00 2.038463e+00
6.717328e+00 -1.099785e+01 2.058571e+00
6.718328e+00 -9.539612e+00 2.078584e+00
6.719328e+00 -5.030857e+00 2.098503e+00
6.720328e+00 1.029282e+00 2.118328e+00
6.721328e+00 6.420634e+00 2.138058e+00
6.722328e+00 8.896977e+00 2.157694e+00
6.723328e+00 7.685803e+00 2.177236e+00
6.724328e+00 3.100334e+00 2.196683e+00
6.725327e+00 -3.092970e+00 2.216036e+00
6.726327e+00 -8.368264e+00 2.235294e+00
6.727327e+00 -1.100296e+01 2.254458e+00
6.728327e+00 -9.675962e+00 2.273528e+00
6.729327e+00 -5.146670e+00 2.292503e+00
6.730327e+00 1.130801e+00 2.311384e+00
6.731327e+00 6.469142e+00 2.330170e+00
6.732327e+00 8.987943e+00 2.348863e+00
6.733327e+00 7.721563e+00 2.367461e+00
6.734327e+00 3.088967e+00 2.385965e+00
6.735326e+00 -3.045414e+00 2.404376e+00
6.736326e+00 -8.307523e+00 2.422693e+00
6.737326e+00 -1.097059e+01 2.440917e+00
6.738326e+00 -9.672204e+00 2.459047e+00
6.739326e+00 -5.149571e+00 2.477084e+00
6.740326e+00 1.075869e+00 2.495028e+00
6.741326e+00 6.301558e+00 2.512879e+00
6.742326e+00 9.063700e+00 2.530637e+00
6.743326e+00 7.730122e+00 2.548303e+00
6.744326e+00 3.102523e+00 2.565877e+00
6.745325e+00 -3.104290e+00 2.583360e+00
6.746325e+00 -8.346173e+00 2.600750e+00
6.747325e+00 -1.097428e+01 2.618049e+00
6.748325e+00 -9.752758e+00 2.635257e+00
6.749325e+00 -5.214889e+00 2.652374e+00
6.750325e+00 1.050862e+00 2.669400e+00
6.751325e+00 6.387880e+00 2.686336e+00
6.752325e+00 8.937750e+00 2.703182e+00
6.753325e+00 7.766295e+00 2.719938e+00
6.754325e+00 3.058091e+00 2.736605e+00
6.755324e+00 -3.084501e+00 2.753183e+00
6.756324e+00 -8.438067e+00 2.769673e+00
6.757324e+00 -1.092274e+01 2.786073e+00
6.758324e+00 -9.715200e+00 2.802386e+00
6.759324e+00 -5.189796e+00 2.818612e+00
6.760324e+00 9.982145e-01 2.834749e+00
6.761324e+00 6.426618e+00 2.850801e+00
6.762324e+00 8.981862e+00 2.866765e+00
6.763324e+00 7.713281e+00 2.882644e+00
6.764324e+00 3.103549e+00 2.898436e+00
6.765323e+00 -2.992826e+00 2.914144e+00
6.766323e+00 -8.371508e+00 2.929766e+00
6.767323e+00 -1.088611e+01 2.945304e+00
6.768323e+00 -9.660539e+00 2.960758e+00
6.769323e+00 -5.047472e+00 2.976128e+00
6.770323e+00 9.869691e-01 2.991415e+00
6.771323e+00 6.345777e+00 3.006620e+00
6.772323e+00 8.877520e+00 3.021742e+00
6.773323e+00 7.722432e+00 3.036782e+00
6.774323e+00 3.094547e+00 3.051741e+00
6.775322e+00 -2.980581e+00 3.066618e+00
6.776322e+00 -8.378313e+00 3.081416e+00
6.777322e+00 -1.090861e+01 3.096133e+00
6.778322e+00 -9.631004e+00 3.110771e+00
6.779322e+00 -5.102127e+00 3.125330e+00
6.780322e+00 9.852942e-01 3.139810e+00
6.781322e+00 6.458093e+00 3.154212e+00
6.782322e+00 8.926761e+00 3.168537e+00
6.783322e+00 7.666013e+00 3.182784e+00
6.784322e+00 3.090742e+00 3.196955e+00
6.785321e+00 -2.960111e+00 3.211050e+00
6.786321e+00 -8.342661e+00 3.225070e+00
6.787321e+00 -1.091606e+01 3.239014e+00
6.788321e+00 -9.706243e+00 3.252884e+00
6.789321e+00 -5.158843e+00 3.266680e+00
6.790321e+00 9.998384e-01 3.280402e+00
6.791321e+00 6.413150e+00 3.294052e+00
6.792321e+00 9.044752e+00 3.307629e+00
6.793321e+00 7.805887e+00 3.321134e+00
6.794321e+00 3.211090e+00 3.334568e+00
6.795320e+00 -3.022533e+00 3.347931e+00
6.796320e+00 -8.434024e+00 3.361224e+00
6.797320e+00 -1.076010e+01 3.374447e+00
6.798320e+00 -9.719359e+00 3.387601e+00
6.799320e+00 -5.092980e+00 3.400686e+00
6.800320e+00 1.053063e+00 3.413703e+00
6.801320e+00 6.403367e+00 3.426653e+00
6.802320e+00 9.025091e+00 3.439535e+00
6.803320e+00 7.715170e+00 3.452351e+00
6.804320e+00 3.129420e+00 3.465101e+00
6.805319e+00 -3.059057e+00 3.477786e+00
6.806319e+00 -8.281628e+00 3.490406e+00
6.807319e+00 -1.079760e+01 3.502962e+00
6.808319e+00 -9.595251e+00 3.515454e+00
6.809319e+00 -5.094941e+00 3.527883e+00
6.810319e+00 1.066204e+00 3.540249e+00
6.811319e+00 6.446903e+00 3.552554e+00
6.812319e+00 8.941353e+00 3.564796e+00
6.813319e+00 7.954834e+00 3.576978e+00
6.814319e+00 3.186195e+00 3.589100e+00
6.815318e+00 -2.962525e+00 3.601161e+00
6.816318e+00 -8.317617e+00 3.613164e+00
6.817318e+00 -1.084796e+01 3.625107e+00
6.818318e+00 -9.606043e+00 3.636993e+00
6.819318e+00 -5.065115e+00 3.648820e+00
6.820318e+00 1.121254e+00 3.660591e+00
6.821318e+00 6.371050e+00 3.672305e+00
6.822318e+00 9.011409e+00 3.683963e+00
6.823318e+00 7.856213e+00 3.695566e+00
6.824318e+00 3.265959e+00 3.707114e+00
6.825317e+00 -2.778307e+00 3.718607e+00
6.826317e+00 -8.256437e+00 3.730046e+00
6.827317e+00 -1.086655e+01 3.741432e+00
6.828317e+00 -9.603108e+00 3.752766e+00
6.829317e+00 -5.003084e+00 3.764047e+00
6.830317e+00 1.142555e+00 3.775276e+00
6.831317e+00 6.487816e+00 3.786454e+00
6.832317e+00 9.063971e+00 3.797582e+00
6.833317e+00 7.808185e+00 3.808659e+00
6.834317e+00 3.235992e+00 3.819687e+00
6.835316e+00 -2.878080e+00 3.830665e+00
6.836316e+00 -8.197285e+00 3.841595e+00
6.837316e+00 -1.078353e+01 3.852477e+00
6.838316e+00 -9.533936e+00 3.863311e+00
6.839316e+00 -4.994893e+00 3.874099e+00
6.840316e+00 1.064245e+00 3.884839e+00
6.841316e+00 6.515030e+00 3.895534e+00
6.842316e+00 9.096028e+00 3.906182e+00
6.843316e+00 7.903404e+00 3.916786e+00
6.844316e+00 3.361732e+00 3.927345e+00
6.845315e+00 -2.741559e+00 3.937860e+00
6.846315e+00 -8.177966e+00 3.948331e+00
6.847315e+00 -1.072914e+01 3.958759e+00
6.848315e+00 -9.542486e+00 3.969145e+00
6.849315e+00 -5.047113e+00 3.979488e+00
6.850315e+00 1.209889e+00 3.989789e+00
6.851315e+00 6.529615e+00 4.000049e+00
6.852315e+00 9.221864e+00 4.010268e+00
6.853315e+00 7.972877e+00 4.020446e+00
6.854315e+00 3.393805e+00 4.030585e+00
6.855314e+00 -2.788665e+00 4.040684e+00
6.856314e+00 -8.120835e+00 4.050743e+00
6.857314e+00 -1.069827e+01 4.060765e+00
6.858314e+00 -9.523281e+00 4.070747e+00
6.859314e+00 -4.982451e+00 4.080693e+00
6.860314e+00 1.235121e+00 4.090600e+00
6.861314e+00 6.553080e+00 4.100471e+00
6.862314e+00 9.159216e+00 4.110305e+00
6.863314e+00 7.970046e+00 4.120102e+00
6.864314e+00 3.446929e+00 4.129864e+00
6.865313e+00 -2.581883e+00 4.139591e+00
6.866313e+00 -8.129598e+00 4.149283e+00
6.867313e+00 -1.062202e+01 4.158940e+00
6.868313e+00 -9.521629e+00 4.168562e+00
6.869313e+00 -4.955623e+00 4.178151e+00
6.870313e+00 1.215544e+00 4.187706e+00
6.871313e+00 6.545827e+00 4.197228e+00
6.872313e+00 9.149377e+00 4.206718e+00
6.873313e+00 8.031392e+00 4.216175e+00
6.874313e+00 3.504450e+00 4.225600e+00
6.875312e+00 -2.706272e+00 4.234993e+00
6.876312e+00 -8.069047e+00 4.244355e+00
6.877312e+00 -1.062145e+01 4.253685e+00
6.878312e+00 -9.403576e+00 4.262985e+00
6.879312e+00 -5.018328e+00 4.272255e+00
6.880312e+00 1.324144e+00 4.281494e+00
6.881312e+00 6.659305e+00 4.290704e+00
6.882312e+00 9.176008e+00 4.299884e+00
6.883312e+00 8.066502e+00 4.309036e+00
6.884312e+00 3.486423e+00 4.318158e+00
6.885311e+00 -2.641712e+00 4.327252e+00
6.886311e+00 -7.993318e+00 4.336317e+00
6.887311e+00 -1.055570e+01 4.345355e+00
6.888311e+00 -9.416018e+00 4.354365e+00
6.889311e+00 -4.854443e+00 4.363347e+00
6.890311e+00 1.325551e+00 4.372303e+00
6.891311e+00 6.572782e+00 4.381231e+00
6.892311e+00 9.326720e+00 4.390133e+00
6.893311e+00 8.093082e+00 4.399008e+00
6.894311e+00 3.573651e+00 4.407858e+00
6.895310e+00 -2.504136e+00 4.416681e+00
6.896310e+00 -7.887799e+00 4.425479e+00
6.897310e+00 -1.058385e+01 4.434252e+00
6.898310e+00 -9.410683e+00 4.443000e+00
6.899310e+00 -4.815584e+00 4.451722e+00
6.900310e+00 1.442495e+00 4.460420e+00
6.901310e+00 6.794785e+00 4.469093e+00
6.902310e+00 9.358172e+00 4.477743e+00
6.903310e+00 8.184525e+00 4.486368e+00
6.904310e+00 3.654139e+00 4.494969e+00
6.905309e+00 -2.375975e+00 4.503547e+00
6.906309e+00 -7.891320e+00 4.512101e+00
6.907309e+00 -1.051355e+01 4.520632e+00
6.908309e+00 -9.260119e+00 4.529141e+00
6.909309e+00 -4.731836e+00 4.537626e+00
6.910309e+00 1.386345e+00 4.546088e+00
6.911309e+00 6.706845e+00 4.554529e+00
6.912309e+00 9.530163e+00 4.562946e+00
6.913309e+00 8.211503e+00 4.571342e+00
6.914309e+00 3.596616e+00 4.579716e+00
6.915308e+00 -2.395119e+00 4.588068e+00
6.916308e+00 -7.796385e+00 4.596398e+00
6.917308e+00 -1.037608e+01 4.604707e+00
6.918308e+00 -9.148743e+00 4.612994e+00
6.919308e+00 -4.690731e+00 4.621260e+00
6.920308e+00 1.500955e+00 4.629505e+00
6.921308e+00 6.828172e+00 4.637730e+00
6.922308e+00 9.434203e+00 4.645933e+00
6.923308e+00 8.285004e+00 4.654116e+00
6.924308e+00 3.724688e+00 4.662278e+00
6.925307e+00 -2.355043e+00 4.670420e+00
6.926307e+00 -7.746972e+00 4.678542e+00
6.927307e+00 -1.031575e+01 4.686643e+00
6.928307e+00 -9.147221e+00 4.694725e+00
6.929307e+00 -4.703340e+00 4.702786e+00
6.930307e+00 1.395052e+00 4.710828e+00
6.931307e+00 6.893948e+00 4.718850e+00
6.932307e+00 9.522001e+00 4.726853e+00
6.933307e+00 8.383471e+00 4.734836e+00
6.934307e+00 3.875787e+00 4.742800e+00
6.935306e+00 -2.355782e+00 4.750744e+00
6.936306e+00 -7.700011e+00 4.758670e+00
6.937306e+00 -1.028825e+01 4.766576e+00
6.938306e+00 -9.166930e+00 4.774463e+00
6.939306e+00 -4.561236e+00 4.782331e+00
6.940306e+00 1.550168e+00 4.790181e+00
6.941306e+00 6.994358e+00 4.798012e+00
6.942306e+00 9.608271e+00 4.805824e+00
6.943306e+00 8.339240e+00 4.813617e+00
6.944306e+00 3.931923e+00 4.821392e+00
6.945305e+00 -2.273053e+00 4.829149e+00
6.946305e+00 -7.591047e+00 4.836887e+00
6.947305e+00 -1.029160e+01 4.844607e+00
6.948305e+00 -9.013071e+00 4.852309e+00
6.949305e+00 -4.606918e+00 4.859992e+00
6.950305e+00 1.631671e+00 4.867658e+00
6.951305e+00 7.024097e+00 4.875305e+00
6.952305e+00 9.588235e+00 4.882935e+00
6.953305e+00 8.438570e+00 4.890547e+00
6.954305e+00 3.908331e+00 4.898140e+00
6.955304e+00 -2.160494e+00 4.905716e+00
6.956304e+00 -7.530541e+00 4.913275e+00
6.957304e+00 -1.022679e+01 4.920816e+00
6.958304e+00 -8.946124e+00 4.928339e+00
6.959304e+00 -4.495690e+00 4.935844e+00
6.960304e+00 1.710720e+00 4.943332e+00
6.961304e+00 7.138316e+00 4.950803e+00
6.962304e+00 9.681738e+00 4.958256e+00
6.963304e+00 8.459623e+00 4.965692e+00
6.964304e+00 4.046975e+00 4.973110e+00
6.965303e+00 -2.207924e+00 4.980512e+00
6.966303e+00 -7.517291e+00 4.987896e+00
6.967303e+00 -1.012491e+01 4.995263e+00
6.968303e+00 -8.891481e+00 5.002613e+00
6.969303e+00 -4.356350e+00 5.009945e+00
6.970303e+00 1.735869e+00 5.017261e+00
6.971303e+00 7.143816e+00 5.024560e+00
6.972303e+00 9.752121e+00 5.031842e+00
6.973303e+00 8.602062e+00 5.039106e+00
6.974303e+00 4.093222e+00 5.046354e+00
6.975302e+00 -2.045912e+00 5.053586e+00
6.976302e+00 -7.360263e+00 5.060800e+00
6.977302e+00 -9.987193e+00 5.067998e+00
6.978302e+00 -8.855224e+00 5.075179e+00
6.979302e+00 -4.335502e+00 5.082343e+00
6.980302e+00 1.856986e+00 5.089491e+00
6.981302e+00 7.205684e+00 5.096622e+00
6.982302e+00 9.796673e+00 5.103737e+00
6.983302e+00 8.649159e+00 5.110835e+00
6.984302e+00 4.181385e+00 5.117917e+00
6.985301e+00 -2.009942e+00 5.124982e+00
6.986301e+00 -7.372779e+00 5.132031e+00
6.987301e+00 -9.951255e+00 5.139064e+00
6.988301e+00 -8.818613e+00 5.146080e+00
6.989301e+00 -4.344478e+00 5.153080e+00
6.990301e+00 1.800857e+00 5.160064e+00
6.991301e+00 7.069148e+00 5.167032e+00
6.992301e+00 9.917034e+00 5.173983e+00
6.993301e+00 8.759682e+00 5.180919e+00
6.994301e+00 4.224029e+00 5.187838e+00
6.995300e+00 -1.922730e+00 5.194742e+00
6.996300e+00 -7.411695e+00 5.201629e+00
6.997300e+00 -9.836325e+00 5.208501e+00
6.998300e+00 -8.763402e+00 5.215357e+00
6.999300e+00 -4.160468e+00 5.222197e+00
7.000300e+00 1.962509e+00 5.229021e+00
7.001300e+00 7.339329e+00 5.235830e+00
7.002300e+00 9.822129e+00 5.242623e+00
7.003300e+00 8.714091e+00 5.249400e+00
7.004300e+00 4.350627e+00 5.256162e+00
7.005299e+00 -1.834484e+00 5.262908e+00
7.006299e+00 -7.252933e+00 5.269639e+00
7.007299e+00 -9.891698e+00 5.276354e+00
7.008299e+00 -8.759940e+00 5.283054e+00
7.009299e+00 -4.169163e+00 5.289739e+00
7.010299e+00 1.942509e+00 5.296408e+00
7.011299e+00 7.347763e+00 5.303062e+00
7.012299e+00 1.016185e+01 5.309701e+00
7.013299e+00 8.785406e+00 5.316325e+00
7.014299e+00 4.305475e+00 5.322934e+00
7.015298e+00 -1.761761e+00 5.329528e+00
7.016298e+00 -7.199301e+00 5.336107e+00
7.017298e+00 -9.852569e+00 5.342671e+00
7.018298e+00 -8.596506e+00 5.349220e+00
7.019298e+00 -4.127073e+00 5.355755e+00
7.020298e+00 2.024160e+00 5.362274e+00
7.021298e+00 7.386061e+00 5.368780e+00
7.022298e+00 1.007253e+01 5.375270e+00
7.023298e+00 8.905551e+00 5.381746e+00
7.024298e+00 4.435106e+00 5.388208e+00
7.025297e+00 -1.663915e+00 5.394655e+00
7.026297e+00 -7.111904e+00 5.401089e+00
7.027297e+00 -9.739772e+00 5.407507e+00
7.028297e+00 -8.568798e+00 5.413912e+00
7.029297e+00 -4.067228e+00 5.420302e+00
7.030297e+00 2.077868e+00 5.426679e+00
7.031297e+00 7.467568e+00 5.433041e+00
7.032297e+00 1.018336e+01 5.439390e+00
7.033297e+00 8.955137e+00 5.445725e+00
7.034297e+00 4.542065e+00 5.452046e+00
7.035296e+00 -1.676277e+00 5.458353e+00
7.036296e+00 -7.092880e+00 5.464647e+00
7.037296e+00 -9.703084e+00 5.470927e+00
7.038296e+00 -8.546394e+00 5.477194e+00
7.039296e+00 -4.020220e+00 5.483447e+00
7.040296e+00 2.040453e+00 5.489687e+00
7.041296e+00 7.538809e+00 5.495914e+00
7.042296e+00 1.021956e+01 5.502128e+00
7.043296e+00 9.055115e+00 5.508328e+00
7.044296e+00 4.596474e+00 5.514516e+00
7.045295e+00 -1.603664e+00 5.520691e+00
7.046295e+00 -7.022692e+00 5.526853e+00
7.047295e+00 -9.530981e+00 5.533002e+00
7.048295e+00 -8.536178e+00 5.539138e+00
7.049295e+00 -3.986268e+00 5.545262e+00
7.050295e+00 2.277015e+00 5.551374e+00
7.051295e+00 7.545385e+00 5.557472e+00
7.052295e+00 1.019516e+01 5.563559e+00
7.053295e+00 9.113761e+00 5.569633e+00
7.054295e+00 4.683612e+00 5.575696e+00
7.055294e+00 -1.476302e+00 5.581746e+00
7.056294e+00 -6.949462e+00 5.587784e+00
7.057294e+00 -9.556042e+00 5.593810e+00
7.058294e+00 -8.470208e+00 5.599824e+00
7.059294e+00 -4.029350e+00 5.605827e+00
7.060294e+00 2.329850e+00 5.611818e+00
7.061294e+00 7.662147e+00 5.617797e+00
7.062294e+00 1.031618e+01 5.623765e+00
7.063294e+00 9.140481e+00 5.629721e+00
7.064294e+00 4.719510e+00 5.635667e+00
7.065293e+00 -1.454171e+00 5.641601e+00
7.066293e+00 -6.724060e+00 5.647523e+00
7.067293e+00 -9.535761e+00 5.653435e+00
7.068293e+00 -8.295921e+00 5.659336e+00
7.069293e+00 -3.907999e+00 5.665226e+00
7.070293e+00 2.187163e+00 5.671105e+00
7.071293e+00 7.766109e+00 5.676973e+00
7.072293e+00 1.031737e+01 5.682831e+00
7.073293e+00 9.303399e+00 5.688678e+00
7.074293e+00 4.718415e+00 5.694515e+00
7.075292e+00 -1.403199e+00 5.700342e+00
7.076292e+00 -6.696126e+00 5.706158e+00
7.077292e+00 -9.454413e+00 5.711964e+00
7.078292e+00 -8.311957e+00 5.717760e+00
7.079292e+00 -3.821570e+00 5.723546e+00
7.080292e+00 2.326225e+00 5.729322e+00
7.081292e+00 7.779919e+00 5.735088e+00
7.082292e+00 1.041511e+01 5.740845e+00
7.083292e+00 9.333900e+00 5.746592e+00
7.084292e+00 4.824555e+00 5.752329e+00
7.085291e+00 -1.243758e+00 5.758057e+00
7.086291e+00 -6.783294e+00 5.763775e+00
7.087291e+00 -9.434645e+00 5.769484e+00
7.088291e+00 -8.317407e+00 5.775184e+00
7.089291e+00 -3.679233e+00 5.780874e+00
7.090291e+00 2.328028e+00 5.786556e+00
7.091291e+00 7.803502e+00 5.792228e+00
7.092291e+00 1.050524e+01 5.797892e+00
7.093291e+00 9.233753e+00 5.803547e+00
7.094291e+00 4.961035e+00 5.809193e+00
7.095290e+00 -1.170770e+00 5.814830e+00
7.096290e+00 -6.698483e+00 5.820459e+00
7.097290e+00 -9.363922e+00 5.826079e+00
7.098290e+00 -8.304963e+00 5.831691e+00
7.099290e+00 -3.704273e+00 5.837294e+00
7.100290e+00 2.357171e+00 5.842889e+00
7.101290e+00 7.827848e+00 5.848476e+00
7.102290e+00 1.054790e+01 5.854055e+00
7.103290e+00 9.448857e+00 5.859625e+00
7.104290e+00 4.885704e+00 5.865188e+00
7.105289e+00 -1.199647e+00 5.870742e+00
7.106289e+00 -6.614630e+00 5.876289e+00
7.107289e+00 -9.235126e+00 5.881828e+00
7.108289e+00 -8.086203e+00 5.887359e+00
7.109289e+00 -3.671496e+00 5.892882e+00
7.110289e+00 2.451760e+00 5.898398e+00
7.111289e+00 7.899714e+00 5.903906e+00
7.112289e+00 1.058150e+01 5.909407e+00
7.113289e+00 9.437486e+00 5.914900e+00
7.114289e+00 4.931448e+00 5.920386e+00
7.115288e+00 -1.156208e+00 5.925864e+00
7.116288e+00 -6.604819e+00 5.931335e+00
7.117288e+00 -9.166075e+00 5.936799e+00
7.118288e+00 -8.128388e+00 5.942256e+00
7.119288e+00 -3.698960e+00 5.947706e+00
7.120288e+00 2.467427e+00 5.953148e+00
7.121288e+00 7.944769e+00 5.958584e+00
7.122288e+00 1.064983e+01 5.964012e+00
7.123288e+00 9.559443e+00 5.969434e+00
7.124288e+00 4.955128e+00 5.974848e+00
7.125287e+00 -1.107649e+00 5.980256e+00
7.126287e+00 -6.535835e+00 5.985657e+00
7.127287e+00 -9.150172e+00 5.991051e+00
7.128287e+00 -8.042638e+00 5.996439e+00
7.129287e+00 -3.574836e+00 6.001819e+00
7.130287e+00 2.395947e+00 6.007193e+00
7.131287e+00 8.039771e+00 6.012561e+00
7.132287e+00 1.064769e+01 6.017921e+00
7.133287e+00 9.590199e+00 6.023276e+00
7.134287e+00 5.071242e+00 6.028623e+00
7.135286e+00 -9.705514e-01 6.033964e+00
7.136286e+00 -6.493329e+00 6.039298e+00
7.137286e+00 -9.102366e+00 6.044626e+00
7.138286e+00 -8.057576e+00 6.049948e+00
7.139286e+00 -3.579232e+00 6.055263e+00
7.140286e+00 2.485260e+00 6.060571e+00
7.141286e+00 8.017613e+00 6.065873e+00
7.142286e+00 1.066939e+01 6.071169e+00
7.143286e+00 9.651895e+00 6.076458e+00
7.144286e+00 5.126171e+00 6.081740e+00
7.145285e+00 -1.028720e+00 6.087016e+00
7.146285e+00 -6.507795e+00 6.092286e+00
7.147285e+00 -9.133303e+00 6.097549e+00
7.148285e+00 -7.899128e+00 6.102806e+00
7.149285e+00 -3.423647e+00 6.108057e+00
7.150285e+00 2.600892e+00 6.113300e+00
7.151285e+00 8.059092e+00 6.118538e+00
7.152285e+00 1.074256e+01 6.123769e+00
7.153285e+00 9.675154e+00 6.128993e+00
7.154285e+00 5.142982e+00 6.134211e+00
7.155284e+00 -8.314847e-01 6.139422e+00
7.156284e+00 -6.469996e+00 6.144627e+00
7.157284e+00 -9.100384e+00 6.149825e+00
7.158284e+00 -7.964698e+00 6.155017e+00
7.159284e+00 -3.517832e+00 6.160202e+00
7.160284e+00 2.683993e+00 6.165380e+00
7.161284e+00 7.901697e+00 6.170552e+00
7.162284e+00 1.079748e+01 6.175716e+00
7.163284e+00 9.731265e+00 6.180874e+00
7.164284e+00 5.361630e+00 6.186026e+00
7.165283e+00 -9.179461e-01 6.191170e+00
7.166283e+00 -6.379427e+00 6.196307e+00
7.167283e+00 -8.982863e+00 6.201438e+00
7.168283e+00 -7.900358e+00 6.206561e+00
7.169283e+00 -3.490482e+00 6.211677e+00
7.170283e+00 2.580669e+00 6.216786e+00
7.171283e+00 8.011221e+00 6.221888e+00
7.172283e+00 1.073037e+01 6.226983e+00
7.173283e+00 9.690690e+00 6.232070e+00
7.174283e+00 5.233528e+00 6.237150e+00
7.175282e+00 -8.448951e-01 6.242223e+00
7.176282e+00 -6.277026e+00 6.247287e+00
7.177282e+00 -8.968865e+00 6.252345e+00
7.178282e+00 -7.976566e+00 6.257394e+00
7.179282e+00 -3.484778e+00 6.262436e+00
7.180282e+00 2.627301e+00 6.267470e+00
7.181282e+00 8.142668e+00 6.272496e+00
7.182282e+00 1.082677e+01 6.277514e+00
7.183282e+00 9.786983e+00 6.282524e+00
7.184282e+00 5.156617e+00 6.287526e+00
7.185281e+00 -8.159124e-01 6.292519e+00
7.186281e+00 -6.306560e+00 6.297504e+00
7.187281e+00 -8.949375e+00 6.302481e+00
7.188281e+00 -7.850988e+00 6.307449e+00
7.189281e+00 -3.377635e+00 6.312408e+00
7.190281e+00 2.777348e+00 6.317358e+00
7.191281e+00 8.134091e+00 6.322299e+00
7.192281e+00 1.088073e+01 6.327231e+00
7.193281e+00 9.761132e+00 6.332154e+00
7.194281e+00 5.367579e+00 6.337068e+00
7.195280e+00 -7.640811e-01 6.341972e+00
7.196280e+00 -6.208247e+00 6.346867e+00
7.197280e+00 -8.944946e+00 6.351751e+00
7.198280e+00 -7.836825e+00 6.356626e+00
7.199280e+00 -3.446424e+00 6.361491e+00
7.200280e+00 2.706227e+00 6.366346e+00
7.201280e+00 8.150155e+00 6.371191e+00
7.202280e+00 1.090910e+01 6.376025e+00
7.203280e+00 9.868294e+00 6.380849e+00
7.204280e+00 5.306129e+00 6.385662e+00
7.205279e+00 -8.245016e-01 6.390463e+00
7.206279e+00 -6.128959e+00 6.395254e+00
7.207279e+00 -8.929616e+00 6.400034e+00
7.208279e+00 -7.834124e+00 6.404802e+00
7.209279e+00 -3.494587e+00 6.409559e+00
7.210279e+00 2.634335e+00 6.414304e+00
7.211279e+00 8.142952e+00 6.419037e+00
7.212279e+00 1.088033e+01 6.423758e+00
7.213279e+00 9.865733e+00 6.428467e+00
7.214279e+00 5.274671e+00 6.433163e+00
7.215278e+00 -8.394931e-01 6.437847e+00
7.216278e+00 -6.211041e+00 6.442517e+00
7.217278e+00 -8.925361e+00 6.447175e+00
7.218278e+00 -7.756509e+00 6.451820e+00
7.219278e+00 -3.384617e+00 6.456450e+00
7.220278e+00 2.707988e+00 6.461068e+00
7.221278e+00 8.159546e+00 6.465671e+00
7.222278e+00 1.090402e+01 6.470261e+00
7.223278e+00 9.731104e+00 6.474836e+00
7.224278e+00 5.322523e+00 6.479396e+00
7.225277e+00 -7.607133e-01 6.483942e+00
7.226277e+00 -6.240974e+00 6.488473e+00
7.227277e+00 -8.902994e+00 6.492988e+00
7.228277e+00 -7.779312e+00 6.497488e+00
7.229277e+00 -3.464584e+00 6.501973e+00
7.230277e+00 2.801119e+00 6.506441e+00
7.231277e+00 8.214622e+00 6.510893e+00
7.232277e+00 1.094701e+01 6.515329e+00
7.233277e+00 9.784257e+00 6.519748e+00
7.234277e+00 5.435036e+00 6.524150e+00
7.235276e+00 -7.764398e-01 6.528535e+00
7.236276e+00 -6.174916e+00 6.532902e+00
7.237276e+00 -8.880577e+00 6.537252e+00
7.238276e+00 -7.827916e+00 6.541584e+00
7.239276e+00 -3.428559e+00 6.545897e+00
7.240276e+00 2.821931e+00 6.550191e+00
7.241276e+00 8.120773e+00 6.554467e+00
7.242276e+00 1.089588e+01 6.558724e+00
7.243276e+00 9.768454e+00 6.562961e+00
7.244276e+00 5.396868e+00 6.567178e+00
7.245275e+00 -7.121085e-01 6.571375e+00
7.246275e+00 -6.288148e+00 6.575552e+00
7.247275e+00 -8.875302e+00 6.579708e+00
7.248275e+00 -7.854421e+00 6.583843e+00
7.249275e+00 -3.414617e+00 6.587957e+00
7.250275e+00 2.693701e+00 6.592049e+00
7.251275e+00 8.245640e+00 6.596119e+00
7.252275e+00 1.085716e+01 6.600166e+00
7.253275e+00 9.862372e+00 6.604191e+00
7.254275e+00 5.431360e+00 6.608193e+00
7.255274e+00 -7.813748e-01 6.612172e+00
7.256274e+00 -6.152830e+00 6.616127e+00
7.257274e+00 -8.969586e+00 6.620057e+00
7.258274e+00 -7.835210e+00 6.623964e+00
7.259274e+00 -3.497007e+00 6.627846e+00
7.260274e+00 2.707675e+00 6.631702e+00
7.261274e+00 8.185565e+00 6.635533e+00
7.262274e+00 1.089246e+01 6.639338e+00
7.263274e+00 9.828410e+00 6.643117e+00
7.264274e+00 5.332957e+00 6.646869e+00
7.265273e+00 -7.331295e-01 6.650594e+00
7.266273e+00 -6.086393e+00 6.654292e+00
7.267273e+00 -8.938371e+00 6.657961e+00
7.268273e+00 -7.869219e+00 6.661603e+00
7.269273e+00 -3.381986e+00 6.665216e+00
7.270273e+00 2.666673e+00 6.668800e+00
7.271273e+00 8.230306e+00 6.672355e+00
7.272273e+00 1.091770e+01 6.675879e+00
7.273273e+00 9.785193e+00 6.679374e+00
7.274273e+00 5.455336e+00 6.682838e+00
7.275272e+00 -7.150823e-01 6.686270e+00
7.276272e+00 -6.249758e+00 6.689672e+00
7.277272e+00 -8.873550e+00 6.693041e+00
7.278272e+00 -7.846977e+00 6.696378e+00
7.279272e+00 -3.503843e+00 6.699682e+00
7.280272e+00 2.751895e+00 6.702953e+00
7.281272e+00 8.228508e+00 6.706190e+00
7.282272e+00 1.092524e+01 6.709393e+00
7.283272e+00 9.777864e+00 6.712562e+00
7.284272e+00 5.288812e+00 6.715696e+00
7.285271e+00 -6.722745e-01 6.718794e+00
7.286271e+00 -6.144893e+00 6.721856e+00
7.287271e+00 -8.961202e+00 6.724883e+00
7.288271e+00 -7.892036e+00 6.727872e+00
7.289271e+00 -3.442155e+00 6.730824e+00
7.290271e+00 2.706471e+00 6.733739e+00
7.291271e+00 8.144954e+00 6.736616e+00
7.292271e+00 1.073103e+01 6.739454e+00
7.293271e+00 9.806825e+00 6.742253e+00
7.294271e+00 5.409173e+00 6.745013e+00
7.295270e+00 -7.636098e-01 6.747733e+00
7.296270e+00 -6.230390e+00 6.750413e+00
7.297270e+00 -8.877740e+00 6.753052e+00
7.298270e+00 -8.003396e+00 6.755650e+00
7.299270e+00 -3.542992e+00 6.758207e+00
7.300270e+00 2.670169e+00 6.760722e+00
7.301270e+00 8.172690e+00 6.763194e+00
7.302270e+00 1.093424e+01 6.765624e+00
7.303270e+00 9.806191e+00 6.768010e+00
7.304270e+00 5.338629e+00 6.770353e+00
7.305269e+00 -7.666419e-01 6.772653e+00
7.306269e+00 -6.183336e+00 6.774907e+00
7.307269e+00 -8.904103e+00 6.777118e+00
7.308269e+00 -7.960186e+00 6.779283e+00
7.309269e+00 -3.442178e+00 6.781403e+00
7.310269e+00 2.615579e+00 6.783477e+00
7.311269e+00 8.002547e+00 6.785505e+00
7.312269e+00 1.075360e+01 6.787487e+00
7.313269e+00 9.778794e+00 6.789422e+00
7.314269e+00 5.242695e+00 6.791310e+00
7.315268e+00 -7.801519e-01 6.793151e+00
7.316268e+00 -6.346831e+00 6.794944e+00
7.317268e+00 -8.958231e+00 6.796690e+00
7.318268e+00 -7.970312e+00 6.798388e+00
7.319268e+00 -3.511416e+00 6.800037e+00
7.320268e+00 2.624454e+00 6.801638e+00
7.321268e+00 8.077655e+00 6.803191e+00
7.322268e+00 1.084612e+01 6.804694e+00
7.323268e+00 9.742091e+00 6.806149e+00
7.324268e+00 5.283479e+00 6.807555e+00
7.325267e+00 -7.950038e-01 6.808911e+00
7.326267e+00 -6.185648e+00 6.810219e+00
7.327267e+00 -8.970541e+00 6.811477e+00
7.328267e+00 -8.097690e+00 6.812686e+00
7.329267e+00 -3.593664e+00 6.813845e+00
7.330267e+00 2.494715e+00 6.814956e+00
7.331267e+00 7.994537e+00 6.816017e+00
7.332267e+00 1.074027e+01 6.817028e+00
7.333267e+00 9.697147e+00 6.817991e+00
7.334267e+00 5.267841e+00 6.818905e+00
7.335266e+00 -7.355928e-01 6.819770e+00
7.336266e+00 -6.282837e+00 6.820586e+00
7.337266e+00 -9.064784e+00 6.821354e+00
7.338266e+00 -8.000827e+00 6.822073e+00
7.339266e+00 -3.662189e+00 6.822745e+00
7.340266e+00 2.488264e+00 6.823369e+00
7.341266e+00 8.057843e+00 6.823946e+00
7.342266e+00 1.073331e+01 6.824476e+00
7.343266e+00 9.681289e+00 6.824959e+00
7.344266e+00 5.291194e+00 6.825396e+00
7.345265e+00 -8.345230e-01 6.825788e+00
7.346265e+00 -6.220619e+00 6.826135e+00
7.347265e+00 -9.050126e+00 6.826436e+00
7.348265e+00 -7.971965e+00 6.826694e+00
7.349265e+00 -3.679667e+00 6.826909e+00
7.350265e+00 2.366572e+00 6.827080e+00
7.351265e+00 7.875383e+00 6.827210e+00
7.352265e+00 1.072951e+01 6.827298e+00
7.353265e+00 9.631243e+00 6.827345e+00
7.354265e+00 5.249300e+00 6.827352e+00
7.355264e+00 -8.216846e-01 6.827320e+00
7.356264e+00 -6.330686e+00 6.827250e+00
7.357264e+00 -9.123360e+00 6.827142e+00
7.358264e+00 -8.093454e+00 6.826998e+00
7.359264e+00 -3.680318e+00 6.826818e+00
7.360264e+00 2.442087e+00 6.826603e+00
7.361264e+00 7.889086e+00 6.826354e+00
7.362264e+00 1.069863e+01 6.826073e+00
7.363264e+00 9.603867e+00 6.825760e+00
7.364264e+00 5.225188e+00 6.825416e+00
7.365263e+00 -8.416569e-01 6.825043e+00
7.366263e+00 -6.381661e+00 6.824641e+00
7.367263e+00 -9.220649e+00 6.824211e+00
7.368263e+00 -8.064507e+00 6.823756e+00
7.369263e+00 -3.774626e+00 6.823275e+00
7.370263e+00 2.389638e+00 6.822770e+00
7.371263e+00 7.952166e+00 6.822243e+00
7.372263e+00 1.061838e+01 6.821694e+00
7.373263e+00 9.566189e+00 6.821125e+00
7.374263e+00 5.119761e+00 6.820537e+00
7.375262e+00 -8.955833e-01 6.819931e+00
7.376262e+00 -6.375382e+00 6.819308e+00
7.377262e+00 -9.312611e+00 6.818670e+00
7.378262e+00 -8.199821e+00 6.818018e+00
7.379262e+00 -3.793805e+00 6.817354e+00
7.380262e+00 2.322313e+00 6.816678e+00
7.381262e+00 7.839362e+00 6.815992e+00
7.382262e+00 1.051598e+01 6.815297e+00
7.383262e+00 9.488215e+00 6.814594e+00
7.384262e+00 5.059152e+00 6.813885e+00
7.385261e+00 -1.030729e+00 6.813171e+00
7.386261e+00 -6.338429e+00 6.812453e+00
7.387261e+00 -9.216669e+00 6.811732e+00
7.388261e+00 -8.239936e+00 6.811011e+00
7.389261e+00 -3.810996e+00 6.810289e+00
7.390261e+00 2.329913e+00 6.809568e+00
7.391261e+00 7.794209e+00 6.808849e+00
7.392261e+00 1.046898e+01 6.808134e+00
7.393261e+00 9.507786e+00 6.807423e+00
7.394261e+00 5.136834e+00 6.806719e+00
7.395260e+00 -1.063222e+00 6.806021e+00
7.396260e+00 -6.550563e+00 6.805331e+00
7.397260e+00 -9.287455e+00 6.804650e+00
7.398260e+00 -8.257424e+00 6.803979e+00
7.399260e+00 -3.889929e+00 6.803319e+00
7.400260e+00 2.209366e+00 6.802671e+00
7.401260e+00 7.746216e+00 6.802037e+00
7.402260e+00 1.036141e+01 6.801416e+00
7.403260e+00 9.433546e+00 6.800810e+00
7.404260e+00 5.122632e+00 6.800221e+00
7.405259e+00 -1.034127e+00 6.799647e+00
7.406259e+00 -6.552571e+00 6.799092e+00
7.407259e+00 -9.348022e+00 6.798554e+00
7.408259e+00 -8.391107e+00 6.798035e+00
7.409259e+00 -3.881503e+00 6.797537e+00
7.410259e+00 2.175686e+00 6.797058e+00
7.411259e+00 7.595386e+00 6.796601e+00
7.412259e+00 1.038456e+01 6.796165e+00
7.413259e+00 9.411961e+00 6.795751e+00
7.414259e+00 4.995829e+00 6.795361e+00
7.415258e+00 -1.094850e+00 6.794993e+00
7.416258e+00 -6.588288e+00 6.794650e+00
7.417258e+00 -9.415353e+00 6.794330e+00
7.418258e+00 -8.345312e+00 6.794036e+00
7.419258e+00 -4.019449e+00 6.793766e+00
7.420258e+00 2.099289e+00 6.793522e+00
7.421258e+00 7.554433e+00 6.793304e+00
7.422258e+00 1.033053e+01 6.793111e+00
7.423258e+00 9.359236e+00 6.792945e+00
7.424258e+00 4.941837e+00 6.792805e+00
7.425257e+00 -1.133856e+00 6.792692e+00
7.426257e+00 -6.603665e+00 6.792606e+00
7.427257e+00 -9.384171e+00 6.792546e+00
7.428257e+00 -8.431457e+00 6.792514e+00
7.429257e+00 -4.057780e+00 6.792509e+00
7.430257e+00 1.987140e+00 6.792531e+00
7.431257e+00 7.526809e+00 6.792580e+00
7.432257e+00 1.031650e+01 6.792657e+00
7.433257e+00 9.329842e+00 6.792761e+00
7.434257e+00 4.912849e+00 6.792891e+00
7.435256e+00 -1.247922e+00 6.793049e+00
7.436256e+00 -6.720946e+00 6.793233e+00
7.437256e+00 -9.527827e+00 6.793445e+00
7.438256e+00 -8.542577e+00 6.793682e+00
7.439256e+00 -4.008613e+00 6.793947e+00
7.440256e+00 2.031994e+00 6.794237e+00
7.441256e+00 7.416912e+00 6.794554e+00
7.442256e+00 1.028341e+01 6.794896e+00
7.443256e+00 9.229304e+00 6.795263e+00
7.444256e+00 4.912396e+00 6.795656e+00
7.445255e+00 -1.278961e+00 6.796074e+00
7.446255e+00 -6.768456e+00 6.796516e+00
7.447255e+00 -9.530596e+00 6.796982e+00
7.448255e+00 -8.619246e+00 6.797473e+00
7.449255e+00 -4.212995e+00 6.797987e+00
7.450255e+00 1.960618e+00 6.798524e+00
7.451255e+00 7.312115e+00 6.799083e+00
7.452255e+00 1.015696e+01 6.799665e+00
7.453255e+00 9.154220e+00 6.800269e+00
7.454255e+00 4.747574e+00 6.800895e+00
7.455254e+00 -1.257155e+00 6.801541e+00
7.456254e+00 -6.841539e+00 6.802208e+00
7.457254e+00 -9.620047e+00 6.802895e+00
7.458254e+00 -8.601742e+00 6.803602e+00
7.459254e+00 -4.255342e+00 6.804327e+00
7.460254e+00 1.852872e+00 6.805072e+00
7.461254e+00 7.300275e+00 6.805834e+00
7.462254e+00 1.006173e+01 6.806614e+00
7.463254e+00 9.100193e+00 6.807412e+00
7.464254e+00 4.736325e+00 6.808225e+00
7.465253e+00 -1.407155e+00 6.809055e+00
7.466253e+00 -6.874456e+00 6.809900e+00
7.467253e+00 -9.730570e+00 6.810760e+00
7.468253e+00 -8.631042e+00 6.811635e+00
7.469253e+00 -4.333977e+00 6.812523e+00
7.470253e+00 1.884357e+00 6.813424e+00
7.471253e+00 7.268367e+00 6.814338e+00
7.472253e+00 1.008758e+01 6.815264e+00
7.473253e+00 9.084105e+00 6.816201e+00
7.474253e+00 4.697808e+00 6.817149e+00
7.475252e+00 -1.345657e+00 6.818107e+00
7.476252e+00 -7.026714e+00 6.819075e+00
7.477252e+00 -9.693608e+00 6.820052e+00
7.478252e+00 -8.770908e+00 6.821037e+00
7.479252e+00 -4.397387e+00 6.822030e+00
7.480252e+00 1.754777e+00 6.823030e+00
7.481252e+00 7.183419e+00 6.824037e+00
7.482252e+00 1.003418e+01 6.825049e+00
7.483252e+00 8.981300e+00 6.826067e+00
7.484252e+00 4.652765e+00 6.827090e+00
7.485251e+00 -1.526373e+00 6.828116e+00
7.486251e+00 -6.958797e+00 6.829145e+00
7.487251e+00 -9.779806e+00 6.830177e+00
7.488251e+00 -8.821734e+00 6.831212e+00
7.489251e+00 -4.521034e+00 6.832247e+00
7.490251e+00 1.531033e+00 6.833283e+00
7.491251e+00 7.172891e+00 6.834319e+00
7.492251e+00 9.944739e+00 6.835355e+00
7.493251e+00 8.853118e+00 6.836389e+00
7.494251e+00 4.536363e+00 6.837421e+00
7.495250e+00 -1.489274e+00 6.838451e+00
7.496250e+00 -7.007591e+00 6.839477e+00
7.497250e+00 -9.890468e+00 6.840499e+00
7.498250e+00 -8.944827e+00 6.841517e+00
7.499250e+00 -4.528565e+00 6.842529e+00
7.500250e+00 1.470195e+00 6.843535e+00
7.501250e+00 7.013089e+00 6.844534e+00
7.502250e+00 9.822698e+00 6.845525e+00
7.503250e+00 8.860946e+00 6.846509e+00
7.504250e+00 4.522808e+00 6.847484e+00
7.505249e+00 -1.613088e+00 6.848449e+00
7.506249e+00 -7.018745e+00 6.849404e+00
7.507249e+00 -9.884475e+00 6.850347e+00
7.508249e+00 -8.828796e+00 6.851279e+00
7.509249e+00 -4.662305e+00 6.852199e+00
7.510249e+00 1.469223e+00 6.853106e+00
7.511249e+00 7.077615e+00 6.853999e+00
7.512249e+00 9.912386e+00 6.854877e+00
7.513249e+00 8.828823e+00 6.855740e+00
7.514249e+00 4.446680e+00 6.856587e+00
7.515248e+00 -1.602361e+00 6.857417e+00
7.516248e+00 -7.221063e+00 6.858230e+00
7.517248e+00 -9.993467e+00 6.859025e+00
7.518248e+00 -9.043536e+00 6.859801e+00
7.519248e+00 -4.698515e+00 6.860557e+00
7.520248e+00 1.393608e+00 6.861293e+00
7.521248e+00 6.865520e+00 6.862008e+00
7.522248e+00 9.749301e+00 6.862701e+00
7.523248e+00 8.672665e+00 6.863372e+00
7.524248e+00 4.443307e+00 6.864019e+00
7.525247e+00 -1.695945e+00 6.864643e+00
7.526247e+00 -7.258312e+00 6.865241e+00
7.527247e+00 -1.003548e+01 6.865814e+00
7.528247e+00 -9.103895e+00 6.866361e+00
7.529247e+00 -4.693060e+00 6.866881e+00
7.530247e+00 1.281852e+00 6.867373e+00
7.531247e+00 6.903866e+00 6.867837e+00
7.532247e+00 9.684724e+00 6.868271e+00
7.533247e+00 8.767111e+00 6.868676e+00
7.534247e+00 4.336301e+00 6.869049e+00
7.535246e+00 -1.736435e+00 6.869392e+00
7.536246e+00 -7.237297e+00 6.869702e+00
7.537246e+00 -1.006469e+01 6.869979e+00
7.538246e+00 -9.220427e+00 6.870223e+00
7.539246e+00 -4.787161e+00 6.870432e+00
7.540246e+00 1.375569e+00 6.870606e+00
7.541246e+00 6.773053e+00 6.870744e+00
7.542246e+00 9.649233e+00 6.870846e+00
7.543246e+00 8.587236e+00 6.870910e+00
7.544246e+00 4.332279e+00 6.870935e+00
7.545245e+00 -1.794903e+00 6.870923e+00
7.546245e+00 -7.330943e+00 6.870870e+00
7.547245e+00 -1.025906e+01 6.870777e+00
7.548245e+00 -9.196425e+00 6.870643e+00
7.549245e+00 -4.860710e+00 6.870467e+00
7.550245e+00 1.124699e+00 6.870248e+00
7.551245e+00 6.712759e+00 6.869987e+00
7.552245e+00 9.587884e+00 6.869681e+00
7.553245e+00 8.634766e+00 6.869330e+00
7.554245e+00 4.264009e+00 6.868934e+00
7.555244e+00 -1.805507e+00 6.868492e+00
7.556244e+00 -7.318816e+00 6.868002e+00
7.557244e+00 -1.015125e+01 6.867465e+00
7.558244e+00 -9.330541e+00 6.866880e+00
7.559244e+00 -5.001950e+00 6.866245e+00
7.560244e+00 1.179462e+00 6.865561e+00
7.561244e+00 6.604459e+00 6.864826e+00
7.562244e+00 9.568165e+00 6.864040e+00
7.563244e+00 8.586902e+00 6.863202e+00
7.564244e+00 4.210815e+00 6.862311e+00
7.565243e+00 -1.862418e+00 6.861367e+00
7.566243e+00 -7.404426e+00 6.860368e+00
7.567243e+00 -1.033665e+01 6.859315e+00
7.568243e+00 -9.353093e+00 6.858207e+00
7.569243e+00 -5.015323e+00 6.857042e+00
7.570243e+00 1.082860e+00 6.855821e+00
7.571243e+00 6.602296e+00 6.854542e+00
7.572243e+00 9.357335e+00 6.853205e+00
7.573243e+00 8.498251e+00 6.851809e+00
7.574243e+00 4.175773e+00 6.850353e+00
7.575242e+00 -1.949804e+00 6.848838e+00
7.576242e+00 -7.614302e+00 6.847261e+00
7.577242e+00 -1.033319e+01 6.845623e+00
7.578242e+00 -9.433861e+00 6.843923e+00
7.579242e+00 -5.117485e+00 6.842160e+00
7.580242e+00 1.041668e+00 6.840334e+00
7.581242e+00 6.571856e+00 6.838443e+00
7.582242e+00 9.401633e+00 6.836488e+00
7.583242e+00 8.431969e+00 6.834467e+00
7.584242e+00 3.963480e+00 6.832381e+00
7.585241e+00 -2.039729e+00 6.830228e+00
7.586241e+00 -7.581817e+00 6.828008e+00
7.587241e+00 -1.036966e+01 6.825720e+00
7.588241e+00 -9.487746e+00 6.823363e+00
7.589241e+00 -5.171313e+00 6.820938e+00
7.590241e+00 9.568909e-01 6.818442e+00
7.591241e+00 6.452005e+00 6.815877e+00
7.592241e+00 9.291139e+00 6.813241e+00
7.593241e+00 8.421558e+00 6.810534e+00
7.594241e+00 3.967077e+00 6.807754e+00
7.595240e+00 -2.060464e+00 6.804902e+00
7.596240e+00 -7.629481e+00 6.801977e+00
7.597240e+00 -1.046286e+01 6.798979e+00
7.598240e+00 -9.437816e+00 6.795906e+00
7.599240e+00 -5.277961e+00 6.792758e+00
7.600240e+00 8.582998e-01 6.789536e+00
7.601240e+00 6.391021e+00 6.786237e+00
7.602240e+00 9.277121e+00 6.782862e+00
7.603240e+00 8.324626e+00 6.779410e+00
7.604240e+00 4.004183e+00 6.775881e+00
7.605239e+00 -2.069745e+00 6.772274e+00
7.606239e+00 -7.568346e+00 6.768589e+00
7.607239e+00 -1.045866e+01 6.764824e+00
7.608239e+00 -9.447891e+00 6.760981e+00
7.609239e+00 -5.256564e+00 6.757057e+00
7.610239e+00 8.594785e-01 6.753053e+00
7.611239e+00 6.411474e+00 6.748968e+00
7.612239e+00 9.174256e+00 6.744802e+00
7.613239e+00 8.282743e+00 6.740553e+00
7.614239e+00 3.951443e+00 6.736223e+00
7.615238e+00 -2.127629e+00 6.731810e+00
7.616238e+00 -7.730267e+00 6.727313e+00
7.617238e+00 -1.060933e+01 6.722733e+00
7.618238e+00 -9.599312e+00 6.718069e+00
7.619238e+00 -5.324212e+00 6.713320e+00
7.620238e+00 7.861544e-01 6.708486e+00
7.621238e+00 6.274235e+00 6.703567e+00
7.622238e+00 9.192057e+00 6.698562e+00
7.623238e+00 8.228210e+00 6.693471e+00
7.624238e+00 3.995665e+00 6.688293e+00
7.625237e+00 -2.152587e+00 6.683028e+00
7.626237e+00 -7.791125e+00 6.677675e+00
7.627237e+00 -1.069047e+01 6.672235e+00
7.628237e+00 -9.677726e+00 6.666706e+00
7.629237e+00 -5.372285e+00 6.661089e+00
7.630237e+00 7.392287e-01 6.655383e+00
7.631237e+00 6.312374e+00 6.649587e+00
7.632237e+00 9.189599e+00 6.643701e+00
7.633237e+00 8.102749e+00 6.637726e+00
7.634237e+00 3.858655e+00 6.631659e+00
7.635236e+00 -2.168938e+00 6.625502e+00
7.636236e+00 -7.742197e+00 6.619254e+00
7.637236e+00 -1.058337e+01 6.612914e+00
7.638236e+00 -9.749009e+00 6.606482e+00
7.639236e+00 -5.438202e+00 6.599958e+00
7.640236e+00 7.253256e-01 6.593342e+00
7.641236e+00 6.185273e+00 6.586633e+00
7.642236e+00 9.070719e+00 6.579830e+00
7.643236e+00 8.119438e+00 6.572934e+00
7.644236e+00 3.849338e+00 6.565944e+00
7.645235e+00 -2.287146e+00 6.558860e+00
7.646235e+00 -7.819499e+00 6.551682e+00
7.647235e+00 -1.062557e+01 6.544409e+00
7.648235e+00 -9.738380e+00 6.537041e+00
7.649235e+00 -5.473422e+00 6.529577e+00
7.650235e+00 6.639065e-01 6.522018e+00
7.651235e+00 6.115047e+00 6.514364e+00
7.652235e+00 9.086301e+00 6.506613e+00
7.653235e+00 8.172250e+00 6.498766e+00
7.654235e+00 3.793558e+00 6.490822e+00
7.655234e+00 -2.237043e+00 6.482782e+00
7.656234e+00 -7.806514e+00 6.474645e+00
7.657234e+00 -1.067761e+01 6.466410e+00
7.658234e+00 -9.775325e+00 6.458077e+00
7.659234e+00 -5.502145e+00 6.449647e+00
7.660234e+00 6.216161e-01 6.441119e+00
7.661234e+00 6.161451e+00 6.432493e+00
7.662234e+00 8.995911e+00 6.423769e+00
7.663234e+00 8.108085e+00 6.414945e+00
7.664234e+00 3.701284e+00 6.406023e+00
7.665233e+00 -2.314288e+00 6.397002e+00
7.666233e+00 -7.901169e+00 6.387882e+00
7.667233e+00 -1.071623e+01 6.378663e+00
7.668233e+00 -9.857498e+00 6.369344e+00
7.669233e+00 -5.520127e+00 6.359925e+00
7.670233e+00 5.096983e-01 6.350406e+00
7.671233e+00 6.028461e+00 6.340788e+00
7.672233e+00 8.944724e+00 6.331069e+00
7.673233e+00 8.100519e+00 6.321250e+00
7.674233e+00 3.827072e+00 6.311331e+00
7.675232e+00 -2.335166e+00 6.301311e+00
7.676232e+00 -7.980812e+00 6.291190e+00
7.677232e+00 -1.080487e+01 6.280969e+00
7.678232e+00 -9.895585e+00 6.270647e+00
7.679232e+00 -5.578562e+00 6.260223e+00
7.680232e+00 5.226408e-01 6.249699e+00
7.681232e+00 6.013980e+00 6.239073e+00
7.682232e+00 8.934646e+00 6.228347e+00
7.683232e+00 8.055218e+00 6.217518e+00
7.684232e+00 3.708969e+00 6.206589e+00
7.685231e+00 -2.356805e+00 6.195558e+00
7.686231e+00 -7.892985e+00 6.184425e+00
7.687231e+00 -1.079299e+01 6.173191e+00
7.688231e+00 -9.930474e+00 6.161855e+00
7.689231e+00 -5.532279e+00 6.150417e+00
7.690231e+00 4.902477e-01 6.138878e+00
7.691231e+00 6.013484e+00 6.127237e+00
7.692231e+00 8.979399e+00 6.115494e+00
7.693231e+00 8.059100e+00 6.103649e+00
7.694231e+00 3.755138e+00 6.091703e+00
7.695230e+00 -2.300137e+00 6.079655e+00
7.696230e+00 -7.942713e+00 6.067506e+00
7.697230e+00 -1.076512e+01 6.055254e+00
7.698230e+00 -9.879412e+00 6.042901e+00
7.699230e+00 -5.546479e+00 6.030447e+00
7.700230e+00 4.871558e-01 6.017890e+00
7.701230e+00 6.082852e+00 6.005233e+00
7.702230e+00 8.917984e+00 5.992474e+00
7.703230e+00 8.055888e+00 5.979613e+00
7.704230e+00 3.711597e+00 5.966651e+00
7.705229e+00 -2.323796e+00 5.953588e+00
7.706229e+00 -7.907491e+00 5.940424e+00
7.707229e+00 -1.082145e+01 5.927159e+00
7.708229e+00 -9.902465e+00 5.913793e+00
7.709229e+00 -5.586439e+00 5.900326e+00
7.710229e+00 4.560647e-01 5.886759e+00
7.711229e+00 6.012225e+00 5.873091e+00
7.712229e+00 8.883555e+00 5.859323e+00
7.713229e+00 8.039594e+00 5.845455e+00
7.714229e+00 3.698793e+00 5.831487e+00
7.715228e+00 -2.298704e+00 5.817418e+00
7.716228e+00 -7.858143e+00 5.803251e+00
7.717228e+00 -1.089740e+01 5.788984e+00
7.718228e+00 -9.938366e+00 5.774617e+00
7.719228e+00 -5.638141e+00 5.760152e+00
7.720228e+00 3.908529e-01 5.745588e+00
7.721228e+00 5.977879e+00 5.730925e+00
7.722228e+00 8.791689e+00 5.716164e+00
7.723228e+00 8.001244e+00 5.701305e+00
7.724228e+00 3.660850e+00 5.686348e+00
7.725227e+00 -2.373182e+00 5.671294e+00
7.726227e+00 -7.998303e+00 5.656142e+00
7.727227e+00 -1.088844e+01 5.640894e+00
7.728227e+00 -9.922390e+00 5.625549e+00
7.729227e+00 -5.762146e+00 5.610108e+00
7.730227e+00 3.574965e-01 5.594570e+00
7.731227e+00 5.999225e+00 5.578937e+00
7.732227e+00 8.998231e+00 5.563209e+00
7.733227e+00 7.976654e+00 5.547386e+00
7.734227e+00 3.744933e+00 5.531468e+00
7.735226e+00 -2.336354e+00 5.515456e+00
7.736226e+00 -7.919613e+00 5.499351e+00
7.737226e+00 -1.075137e+01 5.483151e+00
7.738226e+00 -1.001871e+01 5.466859e+00
7.739226e+00 -5.595900e+00 5.450475e+00
7.740226e+00 3.416270e-01 5.433998e+00
7.741226e+00 5.822648e+00 5.417429e+00
7.742226e+00 8.750100e+00 5.400769e+00
7.743226e+00 7.989883e+00 5.384019e+00
7.744226e+00 3.703697e+00 5.367178e+00
7.745225e+00 -2.368911e+00 5.350247e+00
7.746225e+00 -7.962621e+00 5.333227e+00
7.747225e+00 -1.079177e+01 5.316118e+00
7.748225e+00 -1.005261e+01 5.298921e+00
7.749225e+00 -5.619988e+00 5.281636e+00
7.750225e+00 4.613429e-01 5.264264e+00
7.751225e+00 5.957005e+00 5.246805e+00
7.752225e+00 8.771860e+00 5.229260e+00
7.753225e+00 7.982960e+00 5.211630e+00
7.754225e+00 3.721880e+00 5.193914e+00
7.755224e+00 -2.372261e+00 5.176114e+00
7.756224e+00 -7.994318e+00 5.158230e+00
7.757224e+00 -1.094108e+01 5.140264e+00
7.758224e+00 -9.949424e+00 5.122214e+00
7.759224e+00 -5.691137e+00 5.104083e+00
7.760224e+00 3.411778e-01 5.085870e+00
7.761224e+00 6.043502e+00 5.067577e+00
7.762224e+00 8.823436e+00 5.049204e+00
7.763224e+00 8.032732e+00 5.030751e+00
7.764224e+00 3.717596e+00 5.012221e+00
7.765223e+00 -2.355659e+00 4.993612e+00
7.766223e+00 -7.943779e+00 4.974926e+00
7.767223e+00 -1.088084e+01 4.956163e+00
7.768223e+00 -9.944200e+00 4.937325e+00
7.769223e+00 -5.700963e+00 4.918412e+00
7.770223e+00 3.269932e-01 4.899425e+00
7.771223e+00 5.983437e+00 4.880364e+00
7.772223e+00 8.858629e+00 4.861230e+00
7.773223e+00 8.022347e+00 4.842025e+00
7.774223e+00 3.757142e+00 4.822748e+00
7.775222e+00 -2.294043e+00 4.803401e+00
7.776222e+00 -7.969547e+00 4.783985e+00
7.777222e+00 -1.083249e+01 4.764500e+00
7.778222e+00 -9.883030e+00 4.744947e+00
7.779222e+00 -5.714177e+00 4.725327e+00
7.780222e+00 4.727921e-01 4.705641e+00
7.781222e+00 5.914048e+00 4.685889e+00
7.782222e+00 8.902852e+00 4.666073e+00
7.783222e+00 8.010945e+00 4.646194e+00
7.784222e+00 3.717065e+00 4.626251e+00
7.785221e+00 -2.381687e+00 4.606247e+00
7.786221e+00 -7.876832e+00 4.586182e+00
7.787221e+00 -1.080848e+01 4.566057e+00
7.788221e+00 -9.928558e+00 4.545873e+00
7.789221e+00 -5.646032e+00 4.525631e+00
7.790221e+00 4.242779e-01 4.505331e+00
7.791221e+00 5.990836e+00 4.484975e+00
7.792221e+00 8.933389e+00 4.464563e+00
7.793221e+00 8.110535e+00 4.444097e+00
7.794221e+00 3.753503e+00 4.423578e+00
7.795220e+00 -2.377561e+00 4.403006e+00
7.796220e+00 -7.887645e+00 4.382383e+00
7.797220e+00 -1.082284e+01 4.361709e+00
7.798220e+00 -9.926847e+00 4.340985e+00
7.799220e+00 -5.726361e+00 4.320213e+00
7.800220e+00 3.458664e-01 4.299393e+00
7.801220e+00 6.030948e+00 4.278527e+00
7.802220e+00 8.874668e+00 4.257614e+00
7.803220e+00 8.013724e+00 4.236658e+00
7.804220e+00 3.762876e+00 4.215657e+00
7.805219e+00 -2.297763e+00 4.194614e+00
7.806219e+00 -7.793648e+00 4.173530e+00
7.807219e+00 -1.079273e+01 4.152405e+00
7.808219e+00 -9.916807e+00 4.131241e+00
7.809219e+00 -5.665229e+00 4.110038e+00
7.810219e+00 3.759438e-01 4.088797e+00
7.811219e+00 6.058757e+00 4.067520e+00
7.812219e+00 8.937258e+00 4.046208e+00
7.813219e+00 8.079591e+00 4.024862e+00
7.814219e+00 3.805040e+00 4.003482e+00
7.815218e+00 -2.208824e+00 3.982070e+00
7.816218e+00 -7.855852e+00 3.960627e+00
7.817218e+00 -1.077949e+01 3.939153e+00
7.818218e+00 -9.977357e+00 3.917651e+00
7.819218e+00 -5.531095e+00 3.896121e+00
7.820218e+00 5.024305e-01 3.874563e+00
7.821218e+00 5.967348e+00 3.852980e+00
7.822218e+00 8.963826e+00 3.831372e+00
7.823218e+00 8.087203e+00 3.809740e+00
7.824218e+00 3.797525e+00 3.788085e+00
7.825217e+00 -2.249952e+00 3.766409e+00
7.826217e+00 -7.839600e+00 3.744712e+00
7.827217e+00 -1.072143e+01 3.722995e+00
7.828217e+00 -9.911848e+00 3.701260e+00
7.829217e+00 -5.604538e+00 3.679507e+00
7.830217e+00 4.501607e-01 3.657737e+00
7.831217e+00 6.049128e+00 3.635953e+00
7.832217e+00 8.937581e+00 3.614153e+00
7.833217e+00 8.177328e+00 3.592341e+00
7.834217e+00 3.825041e+00 3.570516e+00
7.835216e+00 -2.134386e+00 3.548680e+00
7.836216e+00 -7.800972e+00 3.526833e+00
7.837216e+00 -1.062322e+01 3.504977e+00
7.838216e+00 -9.747983e+00 3.483113e+00
7.839216e+00 -5.607688e+00 3.461241e+00
7.840216e+00 6.139576e-01 3.439363e+00
7.841216e+00 6.096937e+00 3.417480e+00
7.842216e+00 9.038375e+00 3.395593e+00
7.843216e+00 8.152131e+00 3.373702e+00
7.844216e+00 3.981143e+00 3.351808e+00
7.845215e+00 -2.242847e+00 3.329914e+00
7.846215e+00 -7.631853e+00 3.308018e+00
7.847215e+00 -1.056711e+01 3.286124e+00
7.848215e+00 -9.820922e+00 3.264230e+00
7.849215e+00 -5.599239e+00 3.242339e+00
7.850215e+00 5.126652e-01 3.220451e+00
7.851215e+00 6.065982e+00 3.198568e+00
7.852215e+00 8.943678e+00 3.176689e+00
7.853215e+00 8.267735e+00 3.154816e+00
7.854215e+00 3.992929e+00 3.132950e+00
7.855214e+00 -2.150700e+00 3.111092e+00
7.856214e+00 -7.685466e+00 3.089242e+00
7.857214e+00 -1.062643e+01 3.067402e+00
7.858214e+00 -9.755974e+00 3.045572e+00
7.859214e+00 -5.568978e+00 3.023753e+00
7.860214e+00 5.465683e-01 3.001945e+00
7.861214e+00 6.233323e+00 2.980151e+00
7.862214e+00 9.144063e+00 2.958369e+00
7.863214e+00 8.205094e+00 2.936602e+00
7.864214e+00 4.017950e+00 2.914850e+00
7.865213e+00 -2.138501e+00 2.893114e+00
7.866213e+00 -7.686286e+00 2.871393e+00
7.867213e+00 -1.058923e+01 2.849690e+00
7.868213e+00 -9.670987e+00 2.828005e+00
7.869213e+00 -5.561455e+00 2.806338e+00
7.870213e+00 6.434457e-01 2.784690e+00
7.871213e+00 6.125624e+00 2.763062e+00
7.872213e+00 9.163389e+00 2.741455e+00
7.873213e+00 8.325279e+00 2.719868e+00
7.874213e+00 4.088676e+00 2.698303e+00
7.875212e+00 -1.955638e+00 2.676760e+00
7.876212e+00 -7.562543e+00 2.655240e+00
7.877212e+00 -1.053211e+01 2.633744e+00
7.878212e+00 -9.685617e+00 2.612271e+00
7.879212e+00 -5.462871e+00 2.590822e+00
7.880212e+00 6.668392e-01 2.569398e+00
7.881212e+00 6.232448e+00 2.548000e+00
7.882212e+00 9.094183e+00 2.526627e+00
7.883212e+00 8.395901e+00 2.505280e+00
7.884212e+00 4.100884e+00 2.483960e+00
7.885211e+00 -1.979663e+00 2.462667e+00
7.886211e+00 -7.511412e+00 2.441401e+00
7.887211e+00 -1.061885e+01 2.420163e+00
7.888211e+00 -9.674038e+00 2.398953e+00
7.889211e+00 -5.351027e+00 2.377772e+00
7.890211e+00 6.616517e-01 2.356619e+00
7.891211e+00 6.320852e+00 2.335494e+00
7.892211e+00 9.317858e+00 2.314399e+00
7.893211e+00 8.429180e+00 2.293333e+00
7.894211e+00 4.148824e+00 2.272297e+00
7.895210e+00 -1.897943e+00 2.251291e+00
7.896210e+00 -7.407553e+00 2.230314e+00
7.897210e+00 -1.048548e+01 2.209368e+00
7.898210e+00 -9.674998e+00 2.188451e+00
7.899210e+00 -5.389030e+00 2.167565e+00
7.900210e+00 7.147647e-01 2.146710e+00
7.901210e+00 6.378602e+00 2.125884e+00
7.902210e+00 9.238770e+00 2.105089e+00
7.903210e+00 8.427453e+00 2.084324e+00
7.904210e+00 4.145672e+00 2.063590e+00
7.905209e+00 -1.906944e+00 2.042886e+00
7.906209e+00 -7.499966e+00 2.022212e+00
7.907209e+00 -1.033486e+01 2.001568e+00
7.908209e+00 -9.555283e+00 1.980955e+00
7.909209e+00 -5.343973e+00 1.960371e+00
7.910209e+00 6.607651e-01 1.939817e+00
7.911209e+00 6.399080e+00 1.919293e+00
7.912209e+00 9.316071e+00 1.898797e+00
7.913209e+00 8.546540e+00 1.878331e+00
7.914209e+00 4.283371e+00 1.857894e+00
7.915208e+00 -1.789464e+00 1.837485e+00
7.916208e+00 -7.367704e+00 1.817105e+00
7.917208e+00 -1.028304e+01 1.796752e+00
7.918208e+00 -9.556686e+00 1.776427e+00
7.919208e+00 -5.263203e+00 1.756129e+00
7.920208e+00 8.084863e-01 1.735858e+00
7.921208e+00 6.520497e+00 1.715614e+00
7.922208e+00 9.267457e+00 1.695395e+00
7.923208e+00 8.638950e+00 1.675202e+00
7.924208e+00 4.341209e+00 1.655033e+00
7.925207e+00 -1.703524e+00 1.634889e+00
7.926207e+00 -7.273792e+00 1.614769e+00
7.927207e+00 -1.024879e+01 1.594672e+00
7.928207e+00 -9.527892e+00 1.574598e+00
7.929207e+00 -5.231441e+00 1.554547e+00
7.930207e+00 8.899569e-01 1.534516e+00
7.931207e+00 6.455768e+00 1.514507e+00
7.932207e+00 9.416751e+00 1.494517e+00
7.933207e+00 8.680710e+00 1.474548e+00
7.934207e+00 4.404630e+00 1.454597e+00
7.935206e+00 -1.688154e+00 1.434664e+00
7.936206e+00 -7.255761e+00 1.414748e+00
7.937206e+00 -1.022061e+01 1.394849e+00
7.938206e+00 -9.437191e+00 1.374966e+00
7.939206e+00 -5.178480e+00 1.355098e+00
7.940206e+00 9.333618e-01 1.335244e+00
7.941206e+00 6.528668e+00 1.315403e+00
7.942206e+00 9.493972e+00 1.295574e+00
7.943206e+00 8.688923e+00 1.275757e+00
7.944206e+00 4.543284e+00 1.255951e+00
7.945205e+00 -1.576011e+00 1.236155e+00
7.946205e+00 -7.173079e+00 1.216367e+00
7.947205e+00 -1.022510e+01 1.196587e+00
7.948205e+00 -9.367363e+00 1.176814e+00
7.949205e+00 -5.002420e+00 1.157047e+00
7.950205e+00 9.237113e-01 1.137285e+00
7.951205e+00 6.548455e+00 1.117527e+00
7.952205e+00 9.542817e+00 1.097772e+00
7.953205e+00 8.755083e+00 1.078019e+00
7.954205e+00 4.466756e+00 1.058267e+00
7.955204e+00 -1.652326e+00 1.038514e+00
7.956204e+00 -7.212681e+00 1.018761e+00
7.957204e+00 -9.995546e+00 9.990054e-01
7.958204e+00 -9.344962e+00 9.792464e-01
7.959204e+00 -5.022266e+00 9.594832e-01
7.960204e+00 9.737175e-01 9.397145e-01
7.961204e+00 6.616198e+00 9.199394e-01
7.962204e+00 9.554315e+00 9.001567e-01
7.963204e+00 8.800042e+00 8.803653e-01
7.964204e+00 4.611502e+00 8.605642e-01
7.965203e+00 -1.450743e+00 8.407524e-01
7.966203e+00 -7.024263e+00 8.209286e-01
7.967203e+00 -1.003821e+01 8.010918e-01
7.968203e+00 -9.248220e+00 7.812410e-01
7.969203e+00 -4.962084e+00 7.613750e-01
7.970203e+00 1.090611e+00 7.414929e-01
7.971203e+00 6.707836e+00 7.215934e-01
7.972203e+00 9.663612e+00 7.016756e-01
7.973203e+00 8.879758e+00 6.817384e-01
7.974203e+00 4.614771e+00 6.617807e-01
7.975202e+00 -1.426168e+00 6.418016e-01
7.976202e+00 -6.963201e+00 6.217999e-01
7.977202e+00 -9.993675e+00 6.017747e-01
7.978202e+00 -9.151540e+00 5.817250e-01
7.979202e+00 -4.970691e+00 5.616497e-01
7.980202e+00 1.141322e+00 5.415480e-01
7.981202e+00 6.677586e+00 5.214188e-01
7.982202e+00 9.715735e+00 5.012612e-01
7.983202e+00 8.887139e+00 4.810743e-01
7.984202e+00 4.736653e+00 4.608573e-01
7.985201e+00 -1.374008e+00 4.406091e-01
7.986201e+00 -6.854252e+00 4.203290e-01
7.987201e+00 -9.938973e+00 4.000161e-01
7.988201e+00 -8.997603e+00 3.796696e-01
7.989201e+00 -4.903192e+00 3.592887e-01
7.990201e+00 1.181227e+00 3.388728e-01
7.991201e+00 6.843350e+00 3.184210e-01
7.992201e+00 9.777270e+00 2.979326e-01
7.993201e+00 9.042057e+00 2.774071e-01
7.994201e+00 4.798113e+00 2.568437e-01
7.995200e+00 -1.310827e+00 2.362418e-01
7.996200e+00 -6.803798e+00 2.156009e-01
7.997200e+00 -9.794799e+00 1.949205e-01
7.998200e+00 -9.069483e+00 1.742001e-01
7.999200e+00 -4.796618e+00 1.534391e-01
8.000200e+00 1.224891e+00 1.326373e-01
8.001200e+00 6.840486e+00 1.117941e-01
8.002200e+00 9.826710e+00 9.090931e-02
8.003200e+00 9.055939e+00 6.998256e-02
8.004200e+00 4.861782e+00 4.901363e-02
8.005199e+00 -1.221953e+00 2.800229e-02
8.006199e+00 -6.812558e+00 6.948370e-03
8.007199e+00 -9.755282e+00 -1.414824e-02
8.008199e+00 -9.037661e+00 -3.528763e-02
8.009199e+00 -4.653562e+00 -5.646982e-02
8.010199e+00 1.319686e+00 -7.769480e-02
8.011199e+00 6.946270e+00 -9.896250e-02
8.012199e+00 9.912706e+00 -1.202728e-01
8.013199e+00 9.122612e+00 -1.416256e-01
8.014199e+00 4.868095e+00 -1.630205e-01
8.015198e+00 -1.080182e+00 -1.844575e-01
8.016198e+00 -6.816835e+00 -2.059360e-01
8.017198e+00 -9.616793e+00 -2.274559e-01
8.018198e+00 -8.911705e+00 -2.490166e-01
8.019198e+00 -4.701217e+00 -2.706177e-01
8.020198e+00 1.451493e+00 -2.922586e-01
8.021198e+00 6.969466e+00 -3.139388e-01
8.022198e+00 9.917599e+00 -3.356576e-01
8.023198e+00 9.146103e+00 -3.574144e-01
8.024198e+00 4.812052e+00 -3.792084e-01
8.025197e+00 -1.011730e+00 -4.010387e-01
8.026197e+00 -6.719392e+00 -4.229047e-01
8.027197e+00 -9.599786e+00 -4.448053e-01
8.028197e+00 -8.891065e+00 -4.667396e-01
8.029197e+00 -4.601198e+00 -4.887066e-01
8.030197e+00 1.464867e+00 -5.107052e-01
8.031197e+00 6.987807e+00 -5.327343e-01
8.032197e+00 1.010968e+01 -5.547927e-01
8.033197e+00 9.271992e+00 -5.768793e-01
8.034197e+00 5.058941e+00 -5.989927e-01
8.035196e+00 -1.125270e+00 -6.211316e-01
8.036196e+00 -6.571897e+00 -6.432946e-01
8.037196e+00 -9.641810e+00 -6.654803e-01
8.038196e+00 -8.826833e+00 -6.876873e-01
8.039196e+00 -4.633576e+00 -7.099139e-01
8.040196e+00 1.555033e+00 -7.321587e-01
8.041196e+00 7.083552e+00 -7.544200e-01
8.042196e+00 1.010504e+01 -7.766961e-01
8.043196e+00 9.185606e+00 -7.989854e-01
8.044196e+00 5.167462e+00 -8.212860e-01
8.045195e+00 -9.571534e-01 -8.435962e-01
8.046195e+00 -6.539616e+00 -8.659141e-01
8.047195e+00 -9.609259e+00 -8.882379e-01
8.048195e+00 -8.718061e+00 -9.105656e-01
8.049195e+00 -4.434513e+00 -9.328952e-01
8.050195e+00 1.493554e+00 -9.552248e-01
8.051195e+00 7.107222e+00 -9.775523e-01
8.052195e+00 1.016026e+01 -9.998756e-01
8.053195e+00 9.379131e+00 -1.022193e+00
8.054195e+00 5.201548e+00 -1.044501e+00
8.055194e+00 -8.674803e-01 -1.066800e+00
8.056194e+00 -6.437951e+00 -1.089085e+00
8.057194e+00 -9.410373e+00 -1.111355e+00
8.058194e+00 -8.695914e+00 -1.133609e+00
8.059194e+00 -4.522365e+00 -1.155842e+00
8.060194e+00 1.567732e+00 -1.178054e+00
8.061194e+00 7.199313e+00 -1.200242e+00
8.062194e+00 1.018548e+01 -1.222403e+00
8.063194e+00 9.476819e+00 -1.244536e+00
8.064194e+00 5.321255e+00 -1.266637e+00
8.065193e+00 -8.023232e-01 -1.288705e+00
8.066193e+00 -6.366815e+00 -1.310737e+00
8.067193e+00 -9.367598e+00 -1.332731e+00
8.068193e+00 -8.648919e+00 -1.354684e+00
8.069193e+00 -4.465055e+00 -1.376594e+00
8.070193e+00 1.668227e+00 -1.398458e+00
8.071193e+00 7.167193e+00 -1.420274e+00
8.072193e+00 1.031310e+01 -1.442040e+00
8.073193e+00 9.550370e+00 -1.463752e+00
8.074193e+00 5.202914e+00 -1.485410e+00
8.075192e+00 -8.048794e-01 -1.507010e+00
8.076192e+00 -6.265651e+00 -1.528549e+00
8.077192e+00 -9.369156e+00 -1.550026e+00
8.078192e+00 -8.630855e+00 -1.571438e+00
8.079192e+00 -4.330922e+00 -1.592783e+00
8.080192e+00 1.663697e+00 -1.614058e+00
8.081192e+00 7.264332e+00 -1.635260e+00
8.082192e+00 1.029704e+01 -1.656388e+00
8.083192e+00 9.502100e+00 -1.677440e+00
8.084192e+00 5.408273e+00 -1.698412e+00
8.085191e+00 -7.332872e-01 -1.719303e+00
8.086191e+00 -6.304599e+00 -1.740109e+00
8.087191e+00 -9.307884e+00 -1.760830e+00
8.088191e+00 -8.543983e+00 -1.781463e+00
8.089191e+00 -4.333615e+00 -1.802005e+00
8.090191e+00 1.762635e+00 -1.822454e+00
8.091191e+00 7.366024e+00 -1.842809e+00
8.092191e+00 1.035479e+01 -1.863066e+00
8.093191e+00 9.681623e+00 -1.883225e+00
8.094191e+00 5.469587e+00 -1.903282e+00
8.095190e+00 -6.309583e-01 -1.923236e+00
8.096190e+00 -6.284021e+00 -1.943085e+00
8.097190e+00 -9.277656e+00 -1.962827e+00
8.098190e+00 -8.522191e+00 -1.982459e+00
8.099190e+00 -4.314309e+00 -2.001980e+00
8.100190e+00 1.792963e+00 -2.021389e+00
8.101190e+00 7.352105e+00 -2.040682e+00
8.102190e+00 1.040618e+01 -2.059860e+00
8.103190e+00 9.630757e+00 -2.078918e+00
8.104190e+00 5.501299e+00 -2.097857e+00
8.105189e+00 -6.232217e-01 -2.116674e+00
8.106189e+00 -6.254223e+00 -2.135367e+00
8.107189e+00 -9.187569e+00 -2.153936e+00
8.108189e+00 -8.360474e+00 -2.172378e+00
8.109189e+00 -4.247496e+00 -2.190692e+00
8.110189e+00 1.790359e+00 -2.208877e+00
8.111189e+00 7.392258e+00 -2.226930e+00
8.112189e+00 1.041477e+01 -2.244851e+00
8.113189e+00 9.778155e+00 -2.262639e+00
8.114189e+00 5.560696e+00 -2.280291e+00
8.115188e+00 -4.886452e-01 -2.297807e+00
8.116188e+00 -6.206765e+00 -2.315186e+00
8.117188e+00 -9.166242e+00 -2.332426e+00
8.118188e+00 -8.427519e+00 -2.349526e+00
8.119188e+00 -4.292829e+00 -2.366486e+00
8.120188e+00 1.877506e+00 -2.383303e+00
8.121188e+00 7.498149e+00 -2.399978e+00
8.122188e+00 1.039618e+01 -2.416508e+00
8.123188e+00 9.737591e+00 -2.432894e+00
8.124188e+00 5.543330e+00 -2.449135e+00
8.125187e+00 -4.673295e-01 -2.465228e+00
8.126187e+00 -6.088474e+00 -2.481175e+00
8.127187e+00 -9.084128e+00 -2.496973e+00
8.128187e+00 -8.428650e+00 -2.512623e+00
8.129187e+00 -4.222469e+00 -2.528124e+00
8.130187e+00 1.850706e+00 -2.543474e+00
8.131187e+00 7.477196e+00 -2.558674e+00
8.132187e+00 1.055181e+01 -2.573723e+00
8.133187e+00 9.900557e+00 -2.588621e+00
8.134187e+00 5.594563e+00 -2.603366e+00
8.135186e+00 -4.201885e-01 -2.617959e+00
8.136186e+00 -6.038608e+00 -2.632399e+00
8.137186e+00 -9.088160e+00 -2.646686e+00
8.138186e+00 -8.406322e+00 -2.660820e+00
8.139186e+00 -4.114553e+00 -2.674799e+00
8.140186e+00 1.937818e+00 -2.688625e+00
8.141186e+00 7.549694e+00 -2.702297e+00
8.142186e+00 1.054455e+01 -2.715814e+00
8.143186e+00 9.829804e+00 -2.729177e+00
8.144186e+00 5.652296e+00 -2.742385e+00
8.145185e+00 -3.028684e-01 -2.755439e+00
8.146185e+00 -6.016581e+00 -2.768338e+00
8.147185e+00 -9.022117e+00 -2.781083e+00
8.148185e+00 -8.283154e+00 -2.793673e+00
8.149185e+00 -4.108959e+00 -2.806109e+00
8.150185e+00 1.975754e+00 -2.818390e+00
8.151185e+00 7.654996e+00 -2.830517e+00
8.152185e+00 1.065770e+01 -2.842490e+00
8.153185e+00 9.953769e+00 -2.854309e+00
8.154185e+00 5.706427e+00 -2.865974e+00
8.155184e+00 -3.116980e-01 -2.877486e+00
8.156184e+00 -5.910584e+00 -2.888845e+00
8.157184e+00 -8.996960e+00 -2.900051e+00
8.158184e+00 -8.231739e+00 -2.911104e+00
8.159184e+00 -4.083466e+00 -2.922005e+00
8.160184e+00 1.988663e+00 -2.932754e+00
8.161184e+00 7.630922e+00 -2.943352e+00
8.162184e+00 1.074304e+01 -2.953799e+00
8.163184e+00 9.957306e+00 -2.964095e+00
8.164184e+00 5.728447e+00 -2.974240e+00
8.165183e+00 -2.986454e-01 -2.984236e+00
8.166183e+00 -5.980810e+00 -2.994083e+00
8.167183e+00 -8.956660e+00 -3.003781e+00
8.168183e+00 -8.233952e+00 -3.013331e+00
8.169183e+00 -4.104423e+00 -3.022733e+00
8.170183e+00 1.939766e+00 -3.031988e+00
8.171183e+00 7.683433e+00 -3.041097e+00
8.172183e+00 1.066226e+01 -3.050059e+00
8.173183e+00 1.005134e+01 -3.058876e+00
8.174183e+00 5.731567e+00 -3.067549e+00
8.175182e+00 -2.178758e-01 -3.076077e+00
8.176182e+00 -5.958974e+00 -3.084462e+00
8.177182e+00 -8.807624e+00 -3.092703e+00
8.178182e+00 -8.146249e+00 -3.100803e+00
8.179182e+00 -4.029732e+00 -3.108761e+00
8.180182e+00 2.164463e+00 -3.116579e+00
8.181182e+00 7.664496e+00 -3.124256e+00
8.182182e+00 1.069880e+01 -3.131794e+00
8.183182e+00 9.935530e+00 -3.139193e+00
8.184182e+00 5.736748e+00 -3.146455e+00
8.185181e+00 -2.657388e-01 -3.153579e+00
8.186181e+00 -5.777773e+00 -3.160566e+00
8.187181e+00 -8.800535e+00 -3.167418e+00
8.188181e+00 -8.152620e+00 -3.174135e+00
8.189181e+00 -3.985935e+00 -3.180717e+00
8.190181e+00 2.031139e+00 -3.187166e+00
8.191181e+00 7.668178e+00 -3.193482e+00
8.192181e+00 1.073867e+01 -3.199667e+00
8.193181e+00 1.007768e+01 -3.205720e+00
8.194181e+00 5.869525e+00 -3.211643e+00
8.195180e+00 -1.287252e-01 -3.217436e+00
8.196180e+00 -5.785323e+00 -3.223101e+00
8.197180e+00 -8.818668e+00 -3.228637e+00
8.198180e+00 -8.113196e+00 -3.234046e+00
8.199180e+00 -3.962724e+00 -3.239329e+00
8.200180e+00 1.994517e+00 -3.244486e+00
8.201180e+00 7.664003e+00 -3.249518e+00
8.202180e+00 1.080406e+01 -3.254426e+00
8.203180e+00 1.006766e+01 -3.259211e+00
8.204180e+00 5.900111e+00 -3.263874e+00
8.205179e+00 -1.583201e-01 -3.268415e+00
8.206179e+00 -5.811137e+00 -3.272835e+00
8.207179e+00 -8.812044e+00 -3.277135e+00
8.208179e+00 -8.130016e+00 -3.281316e+00
8.209179e+00 -4.030160e+00 -3.285379e+00
8.210179e+00 2.060476e+00 -3.289323e+00
8.211179e+00 7.661861e+00 -3.293151e+00
8.212179e+00 1.076489e+01 -3.296863e+00
8.213179e+00 1.000791e+01 -3.300460e+00
8.214179e+00 5.910723e+00 -3.303942e+00
8.215178e+00 -1.684259e-01 -3.307311e+00
8.216178e+00 -5.738119e+00 -3.310567e+00
8.217178e+00 -8.711076e+00 -3.313710e+00
8.218178e+00 -8.125636e+00 -3.316743e+00
8.219178e+00 -3.901514e+00 -3.319665e+00
8.220178e+00 2.069054e+00 -3.322477e+00
8.221178e+00 7.820533e+00 -3.325180e+00
8.222178e+00 1.076129e+01 -3.327775e+00
8.223178e+00 1.005241e+01 -3.330263e+00
8.224178e+00 5.844774e+00 -3.332644e+00
8.225177e+00 -4.096729e-02 -3.334919e+00
8.226177e+00 -5.698238e+00 -3.337089e+00
8.227177e+00 -8.837531e+00 -3.339155e+00
8.228177e+00 -8.139934e+00 -3.341117e+00
8.229177e+00 -4.027951e+00 -3.342976e+00
8.230177e+00 2.122371e+00 -3.344733e+00
8.231177e+00 7.678860e+00 -3.346389e+00
8.232177e+00 1.077390e+01 -3.347944e+00
8.233177e+00 1.010311e+01 -3.349399e+00
8.234177e+00 5.946065e+00 -3.350755e+00
8.235176e+00 -1.359720e-01 -3.352012e+00
8.236176e+00 -5.753937e+00 -3.353172e+00
8.237176e+00 -8.864723e+00 -3.354235e+00
8.238176e+00 -8.067039e+00 -3.355201e+00
8.239176e+00 -3.909893e+00 -3.356072e+00
8.240176e+00 2.110464e+00 -3.356848e+00
8.241176e+00 7.845104e+00 -3.357530e+00
8.242176e+00 1.081734e+01 -3.358118e+00
8.243176e+00 1.015914e+01 -3.358613e+00
8.244176e+00 5.978109e+00 -3.359017e+00
8.245175e+00 -1.847568e-01 -3.359328e+00
8.246175e+00 -5.698811e+00 -3.359549e+00
8.247175e+00 -8.780514e+00 -3.359680e+00
8.248175e+00 -8.147336e+00 -3.359721e+00
8.249175e+00 -3.932517e+00 -3.359674e+00
8.250175e+00 2.101486e+00 -3.359538e+00
8.251175e+00 7.679973e+00 -3.359315e+00
8.252175e+00 1.075151e+01 -3.359005e+00
8.253175e+00 1.020154e+01 -3.358609e+00
8.254175e+00 5.996447e+00 -3.358127e+00
8.255174e+00 -1.021990e-01 -3.357560e+00
8.256174e+00 -5.729935e+00 -3.356909e+00
8.257174e+00 -8.820306e+00 -3.356174e+00
8.258174e+00 -8.144285e+00 -3.355356e+00
8.259174e+00 -3.926838e+00 -3.354456e+00
8.260174e+00 2.129249e+00 -3.353474e+00
8.261174e+00 7.762906e+00 -3.352410e+00
8.262174e+00 1.083275e+01 -3.351266e+00
8.263174e+00 1.007958e+01 -3.350042e+00
8.264174e+00 5.965212e+00 -3.348738e+00
8.265173e+00 -9.525044e-02 -3.347355e+00
8.266173e+00 -5.747650e+00 -3.345894e+00
8.267173e+00 -8.785313e+00 -3.344356e+00
8.268173e+00 -8.104830e+00 -3.342740e+00
8.269173e+00 -3.928949e+00 -3.341047e+00
8.270173e+00 1.976692e+00 -3.339279e+00
8.271173e+00 7.696603e+00 -3.337435e+00
8.272173e+00 1.079689e+01 -3.335516e+00
8.273173e+00 1.009568e+01 -3.333522e+00
8.274173e+00 5.937965e+00 -3.331455e+00
8.275172e+00 -1.027310e-01 -3.329315e+00
8.276172e+00 -5.791030e+00 -3.327101e+00
8.277172e+00 -8.824262e+00 -3.324816e+00
8.278172e+00 -8.235524e+00 -3.322459e+00
8.279172e+00 -3.983906e+00 -3.320031e+00
8.280172e+00 2.019944e+00 -3.317532e+00
8.281172e+00 7.741660e+00 -3.314963e+00
8.282172e+00 1.062694e+01 -3.312324e+00
8.283172e+00 1.012359e+01 -3.309616e+00
8.284172e+00 5.993444e+00 -3.306840e+00
8.285171e+00 -9.002165e-02 -3.303996e+00
8.286171e+00 -5.699878e+00 -3.301084e+00
8.287171e+00 -8.758962e+00 -3.298105e+00
8.288171e+00 -8.170014e+00 -3.295059e+00
8.289171e+00 -4.012107e+00 -3.291947e+00
8.290171e+00 2.100876e+00 -3.288770e+00
8.291171e+00 7.699804e+00 -3.285528e+00
8.292171e+00 1.073104e+01 -3.282221e+00
8.293171e+00 1.006303e+01 -3.278849e+00
8.294171e+00 5.975925e+00 -3.275414e+00
8.295170e+00 -9.941479e-02 -3.271916e+00
8.296170e+00 -5.817390e+00 -3.268355e+00
8.297170e+00 -8.913139e+00 -3.264732e+00
8.298170e+00 -8.184591e+00 -3.261047e+00
8.299170e+00 -4.087776e+00 -3.257300e+00
8.300170e+00 2.013128e+00 -3.253493e+00
8.301170e+00 7.707641e+00 -3.249625e+00
8.302170e+00 1.079617e+01 -3.245697e+00
8.303170e+00 1.011522e+01 -3.241710e+00
8.304170e+00 5.937346e+00 -3.237663e+00
8.305169e+00 -1.226485e-01 -3.233558e+00
8.306169e+00 -5.743354e+00 -3.229395e+00
8.307169e+00 -8.887707e+00 -3.225173e+00
8.308169e+00 -8.154785e+00 -3.220895e+00
8.309169e+00 -4.023314e+00 -3.216559e+00
8.310169e+00 2.018417e+00 -3.212167e+00
8.311169e+00 7.469925e+00 -3.207719e+00
8.312169e+00 1.067566e+01 -3.203215e+00
8.313169e+00 1.002025e+01 -3.198656e+00
8.314169e+00 6.013332e+00 -3.194042e+00
8.315168e+00 -2.710038e-01 -3.189374e+00
8.316168e+00 -5.837200e+00 -3.184652e+00
8.317168e+00 -8.923589e+00 -3.179876e+00
8.318168e+00 -8.289632e+00 -3.175047e+00
8.319168e+00 -4.022479e+00 -3.170165e+00
8.320168e+00 1.928947e+00 -3.165231e+00
8.321168e+00 7.582501e+00 -3.160245e+00
8.322168e+00 1.071202e+01 -3.155208e+00
8.323168e+00 1.007095e+01 -3.150119e+00
8.324168e+00 5.906313e+00 -3.144980e+00
8.325167e+00 -1.468333e-01 -3.139790e+00
8.326167e+00 -5.710723e+00 -3.134550e+00
8.327167e+00 -8.950453e+00 -3.129261e+00
8.328167e+00 -8.297970e+00 -3.123923e+00
8.329167e+00 -4.123975e+00 -3.118536e+00
8.330167e+00 1.870180e+00 -3.113100e+00
8.331167e+00 7.474313e+00 -3.107617e+00
8.332167e+00 1.060698e+01 -3.102086e+00
8.333167e+00 1.002264e+01 -3.096508e+00
8.334167e+00 5.796967e+00 -3.090882e+00
8.335166e+00 -2.024061e-01 -3.085211e+00
8.336166e+00 -5.827089e+00 -3.079493e+00
8.337166e+00 -9.030256e+00 -3.073730e+00
8.338166e+00 -8.339828e+00 -3.067921e+00
8.339166e+00 -4.105258e+00 -3.062068e+00
8.340166e+00 1.883067e+00 -3.056169e+00
8.341166e+00 7.559199e+00 -3.050227e+00
8.342166e+00 1.062241e+01 -3.044241e+00
8.343166e+00 1.004626e+01 -3.038211e+00
8.344166e+00 5.898030e+00 -3.032138e+00
8.345165e+00 -2.265281e-01 -3.026023e+00
8.346165e+00 -5.904087e+00 -3.019865e+00
8.347165e+00 -8.996223e+00 -3.013665e+00
8.348165e+00 -8.344432e+00 -3.007423e+00
8.349165e+00 -4.317163e+00 -3.001141e+00
8.350165e+00 1.921075e+00 -2.994817e+00
8.351165e+00 7.507688e+00 -2.988452e+00
8.352165e+00 1.051779e+01 -2.982048e+00
8.353165e+00 9.988880e+00 -2.975603e+00
8.354165e+00 5.831691e+00 -2.969119e+00
8.355164e+00 -2.529213e-01 -2.962596e+00
8.356164e+00 -5.891830e+00 -2.956034e+00
8.357164e+00 -8.985492e+00 -2.949434e+00
8.358164e+00 -8.378275e+00 -2.942795e+00
8.359164e+00 -4.287329e+00 -2.936119e+00
8.360164e+00 1.815039e+00 -2.929405e+00
8.361164e+00 7.415386e+00 -2.922655e+00
8.362164e+00 1.055538e+01 -2.915867e+00
8.363164e+00 1.000963e+01 -2.909043e+00
8.364164e+00 5.811517e+00 -2.902183e+00
8.365163e+00 -2.802883e-01 -2.895287e+00
8.366163e+00 -5.895868e+00 -2.888356e+00
8.367163e+00 -9.126748e+00 -2.881390e+00
8.368163e+00 -8.424099e+00 -2.874389e+00
8.369163e+00 -4.332884e+00 -2.867353e+00
8.370163e+00 1.731223e+00 -2.860284e+00
8.371163e+00 7.356543e+00 -2.853181e+00
8.372163e+00 1.048029e+01 -2.846044e+00
8.373163e+00 9.832483e+00 -2.838874e+00
8.374163e+00 5.774398e+00 -2.831672e+00
8.375162e+00 -2.727589e-01 -2.824437e+00
8.376162e+00 -5.972365e+00 -2.817170e+00
8.377162e+00 -9.006015e+00 -2.809871e+00
8.378162e+00 -8.340258e+00 -2.802541e+00
8.379162e+00 -4.374652e+00 -2.795179e+00
8.380162e+00 1.695500e+00 -2.787786e+00
8.381162e+00 7.374627e+00 -2.780363e+00
8.382162e+00 1.046555e+01 -2.772910e+00
8.383162e+00 9.774470e+00 -2.765427e+00
8.384162e+00 5.720529e+00 -2.757914e+00
8.385161e+00 -3.779145e-01 -2.750372e+00
8.386161e+00 -5.975106e+00 -2.742800e+00
8.387161e+00 -9.150685e+00 -2.735200e+00
8.388161e+00 -8.461395e+00 -2.727572e+00
8.389161e+00 -4.268408e+00 -2.719915e+00
8.390161e+00 1.665393e+00 -2.712230e+00
8.391161e+00 7.272878e+00 -2.704518e+00
8.392161e+00 1.045900e+01 -2.696779e+00
8.393161e+00 9.829884e+00 -2.689012e+00
8.394161e+00 5.630322e+00 -2.681219e+00
8.395160e+00 -4.625609e-01 -2.673400e+00
8.396160e+00 -5.992871e+00 -2.665554e+00
8.397160e+00 -9.145885e+00 -2.657682e+00
8.398160e+00 -8.547496e+00 -2.649785e+00
8.399160e+00 -4.496478e+00 -2.641862e+00
8.400160e+00 1.521324e+00 -2.633914e+00
8.401160e+00 7.167209e+00 -2.625942e+00
8.402160e+00 1.042407e+01 -2.617944e+00
8.403160e+00 9.680165e+00 -2.609923e+00
8.404160e+00 5.649773e+00 -2.601877e+00
8.405159e+00 -3.995314e-01 -2.593808e+00
8.406159e+00 -6.096468e+00 -2.585715e+00
8.407159e+00 -9.186785e+00 -2.577599e+00
8.408159e+00 -8.627093e+00 -2.569460e+00
8.409159e+00 -4.559719e+00 -2.561298e+00
8.410159e+00 1.501918e+00 -2.553113e+00
8.411159e+00 7.190564e+00 -2.544906e+00
8.412159e+00 1.028608e+01 -2.536677e+00
8.413159e+00 9.657347e+00 -2.528426e+00
8.414159e+00 5.527532e+00 -2.520153e+00
8.415158e+00 -5.225498e-01 -2.511859e+00
8.416158e+00 -6.108838e+00 -2.503544e+00
8.417158e+00 -9.379001e+00 -2.495208e+00
8.418158e+00 -8.709075e+00 -2.486850e+00
8.419158e+00 -4.661093e+00 -2.478473e+00
8.420158e+00 1.471703e+00 -2.470075e+00
8.421158e+00 7.044367e+00 -2.461656e+00
8.422158e+00 1.031965e+01 -2.453218e+00
8.423158e+00 9.552293e+00 -2.444760e+00
8.424158e+00 5.548705e+00 -2.436282e+00
8.425157e+00 -6.168317e-01 -2.427785e+00
8.426157e+00 -6.205016e+00 -2.419268e+00
8.427157e+00 -9.351806e+00 -2.410733e+00
8.428157e+00 -8.750814e+00 -2.402178e+00
8.429157e+00 -4.561791e+00 -2.393605e+00
8.430157e+00 1.333137e+00 -2.385013e+00
8.431157e+00 7.011738e+00 -2.376402e+00
8.432157e+00 1.016967e+01 -2.367774e+00
8.433157e+00 9.502410e+00 -2.359127e+00
8.434157e+00 5.411681e+00 -2.350462e+00
8.435156e+00 -6.420886e-01 -2.341779e+00
8.436156e+00 -6.272810e+00 -2.333079e+00
8.437156e+00 -9.442913e+00 -2.324361e+00
8.438156e+00 -8.832908e+00 -2.315625e+00
8.439156e+00 -4.803296e+00 -2.306872e+00
8.440156e+00 1.390259e+00 -2.298102e+00
8.441156e+00 6.955883e+00 -2.289315e+00
8.442156e+00 1.017465e+01 -2.280510e+00
8.443156e+00 9.477793e+00 -2.271689e+00
8.444156e+00 5.382788e+00 -2.262850e+00
8.445155e+00 -6.217161e-01 -2.253995e+00
8.446155e+00 -6.321299e+00 -2.245124e+00
8.447155e+00 -9.512443e+00 -2.236235e+00
8.448155e+00 -8.886393e+00 -2.227330e+00
8.449155e+00 -4.751140e+00 -2.218409e+00
8.450155e+00 1.285797e+00 -2.209471e+00
8.451155e+00 6.921853e+00 -2.200516e+00
8.452155e+00 1.009785e+01 -2.191546e+00
8.453155e+00 9.454173e+00 -2.182559e+00
8.454155e+00 5.448130e+00 -2.173555e+00
8.455154e+00 -7.321885e-01 -2.164536e+00
8.456154e+00 -6.340059e+00 -2.155500e+00
8.457154e+00 -9.562301e+00 -2.146448e+00
8.458154e+00 -8.957036e+00 -2.137380e+00
8.459154e+00 -4.811737e+00 -2.128295e+00
8.460154e+00 1.159406e+00 -2.119195e+00
8.461154e+00 6.951247e+00 -2.110078e+00
8.462154e+00 9.935167e+00 -2.100945e+00
8.463154e+00 9.382702e+00 -2.091796e+00
8.464154e+00 5.352473e+00 -2.082630e+00
8.465153e+00 -7.514407e-01 -2.073448e+00
8.466153e+00 -6.437564e+00 -2.064250e+00
8.467153e+00 -9.583641e+00 -2.055035e+00
8.468153e+00 -9.062315e+00 -2.045804e+00
8.469153e+00 -4.832074e+00 -2.036556e+00
8.470153e+00 1.193643e+00 -2.027292e+00
8.471153e+00 6.736324e+00 -2.018011e+00
8.472153e+00 9.993243e+00 -2.008713e+00
8.473153e+00 9.362433e+00 -1.999399e+00
8.474153e+00 5.272192e+00 -1.990067e+00
8.475152e+00 -7.749886e-01 -1.980719e+00
8.476152e+00 -6.561889e+00 -1.971353e+00
8.477152e+00 -9.651191e+00 -1.961970e+00
8.478152e+00 -9.100761e+00 -1.952570e+00
8.479152e+00 -4.977407e+00 -1.943152e+00
8.480152e+00 1.001309e+00 -1.933716e+00
8.481152e+00 6.734457e+00 -1.924263e+00
8.482152e+00 9.863041e+00 -1.914791e+00
8.483152e+00 9.332629e+00 -1.905302e+00
8.484152e+00 5.132591e+00 -1.895794e+00
8.485151e+00 -9.118201e-01 -1.886267e+00
8.486151e+00 -6.524534e+00 -1.876722e+00
8.487151e+00 -9.608952e+00 -1.867159e+00
8.488151e+00 -9.073699e+00 -1.857576e+00
8.489151e+00 -5.009995e+00 -1.847974e+00
8.490151e+00 9.264529e-01 -1.838352e+00
8.491151e+00 6.665617e+00 -1.828711e+00
8.492151e+00 9.808732e+00 -1.819050e+00
8.493151e+00 9.165393e+00 -1.809368e+00
8.494151e+00 5.195085e+00 -1.799667e+00
8.495150e+00 -8.929234e-01 -1.789944e+00
8.496150e+00 -6.536158e+00 -1.780201e+00
8.497150e+00 -9.757696e+00 -1.770437e+00
8.498150e+00 -9.117990e+00 -1.760651e+00
8.499150e+00 -5.026214e+00 -1.750843e+00
8.500150e+00 9.249475e-01 -1.741014e+00
8.501150e+00 6.572371e+00 -1.731162e+00
8.502150e+00 9.783527e+00 -1.721288e+00
8.503150e+00 9.096932e+00 -1.711391e+00
8.504150e+00 4.989062e+00 -1.701471e+00
8.505149e+00 -1.008679e+00 -1.691527e+00
8.506149e+00 -6.575941e+00 -1.681559e+00
8.507149e+00 -9.819029e+00 -1.671567e+00
8.508149e+00 -9.169552e+00 -1.661551e+00
8.509149e+00 -5.130293e+00 -1.651510e+00
8.510149e+00 9.518858e-01 -1.641443e+00
8.511149e+00 6.611455e+00 -1.631351e+00
8.512149e+00 9.634307e+00 -1.621233e+00
8.513149e+00 9.014799e+00 -1.611089e+00
8.514149e+00 5.096132e+00 -1.600918e+00
8.515148e+00 -1.075430e+00 -1.590720e+00
8.516148e+00 -6.725482e+00 -1.580495e+00
8.517148e+00 -9.925537e+00 -1.570241e+00
8.518148e+00 -9.290503e+00 -1.559960e+00
8.519148e+00 -5.212882e+00 -1.549649e+00
8.520148e+00 7.923640e-01 -1.539310e+00
8.521148e+00 6.419195e+00 -1.528940e+00
8.522148e+00 9.592780e+00 -1.518541e+00
8.523148e+00 9.030747e+00 -1.508112e+00
8.524148e+00 5.002155e+00 -1.497651e+00
8.525147e+00 -1.025136e+00 -1.487159e+00
8.526147e+00 -6.796295e+00 -1.476636e+00
8.527147e+00 -9.933150e+00 -1.466080e+00
8.528147e+00 -9.379791e+00 -1.455491e+00
8.529147e+00 -5.278328e+00 -1.444869e+00
8.530147e+00 7.696238e-01 -1.434214e+00
8.531147e+00 6.487167e+00 -1.423524e+00
8.532147e+00 9.662772e+00 -1.412799e+00
8.533147e+00 8.992849e+00 -1.402040e+00
8.534147e+00 4.872775e+00 -1.391245e+00
8.535146e+00 -1.129661e+00 -1.380413e+00
8.536146e+00 -6.765407e+00 -1.369545e+00
8.537146e+00 -9.993552e+00 -1.358639e+00
8.538146e+00 -9.464072e+00 -1.347696e+00
8.539146e+00 -5.349306e+00 -1.336715e+00
8.540146e+00 6.296118e-01 -1.325695e+00
8.541146e+00 6.328552e+00 -1.314635e+00
8.542146e+00 9.445883e+00 -1.303536e+00
8.543146e+00 8.930966e+00 -1.292396e+00
8.544146e+00 4.880949e+00 -1.281215e+00
8.545145e+00 -1.155579e+00 -1.269993e+00
8.546145e+00 -6.972937e+00 -1.258729e+00
8.547145e+00 -1.004834e+01 -1.247422e+00
8.548145e+00 -9.467384e+00 -1.236072e+00
8.549145e+00 -5.373833e+00 -1.224678e+00
8.550145e+00 5.879790e-01 -1.213240e+00
8.551145e+00 6.336172e+00 -1.201757e+00
8.552145e+00 9.404472e+00 -1.190228e+00
8.553145e+00 8.902155e+00 -1.178654e+00
8.554145e+00 4.709279e+00 -1.167033e+00
8.555144e+00 -1.333821e+00 -1.155365e+00
8.556144e+00 -6.872992e+00 -1.143649e+00
8.557144e+00 -9.990814e+00 -1.131885e+00
8.558144e+00 -9.541159e+00 -1.120072e+00
8.559144e+00 -5.536361e+00 -1.108209e+00
8.560144e+00 4.517589e-01 -1.096297e+00
8.561144e+00 6.164064e+00 -1.084334e+00
8.562144e+00 9.421207e+00 -1.072319e+00
8.563144e+00 8.880573e+00 -1.060253e+00
8.564144e+00 4.704091e+00 -1.048135e+00
8.565143e+00 -1.343690e+00 -1.035963e+00
8.566143e+00 -7.006487e+00 -1.023739e+00
8.567143e+00 -1.013720e+01 -1.011460e+00
8.568143e+00 -9.613337e+00 -9.991261e-01
8.569143e+00 -5.522719e+00 -9.867373e-01
8.570143e+00 3.769346e-01 -9.742927e-01
8.571143e+00 6.026991e+00 -9.617917e-01
8.572143e+00 9.310536e+00 -9.492338e-01
8.573143e+00 8.813140e+00 -9.366184e-01
8.574143e+00 4.605750e+00 -9.239449e-01
8.575142e+00 -1.356799e+00 -9.112128e-01
8.576142e+00 -6.985841e+00 -8.984216e-01
8.577142e+00 -1.020620e+01 -8.855706e-01
8.578142e+00 -9.634903e+00 -8.726594e-01
8.579142e+00 -5.728959e+00 -8.596873e-01
8.580142e+00 3.608608e-01 -8.466539e-01
8.581142e+00 6.082574e+00 -8.335586e-01
8.582142e+00 9.226972e+00 -8.204009e-01
8.583142e+00 8.684732e+00 -8.071802e-01
8.584142e+00 4.632030e+00 -7.938961e-01
8.585141e+00 -1.502069e+00 -7.805481e-01
8.586141e+00 -7.037393e+00 -7.671355e-01
8.587141e+00 -1.025354e+01 -7.536580e-01
8.588141e+00 -9.674357e+00 -7.401151e-01
8.589141e+00 -5.684180e+00 -7.265062e-01
8.590141e+00 3.235237e-01 -7.128308e-01
8.591141e+00 6.081301e+00 -6.990886e-01
8.592141e+00 9.173100e+00 -6.852790e-01
8.593141e+00 8.690329e+00 -6.714016e-01
8.594141e+00 4.578973e+00 -6.574559e-01
8.595140e+00 -1.433701e+00 -6.434416e-01
8.596140e+00 -7.147073e+00 -6.293581e-01
8.597140e+00 -1.024473e+01 -6.152050e-01
8.598140e+00 -9.845884e+00 -6.009821e-01
8.599140e+00 -5.779318e+00 -5.866887e-01
8.600140e+00 3.293242e-01 -5.723246e-01
8.601140e+00 5.981753e+00 -5.578894e-01
8.602140e+00 9.209924e+00 -5.433828e-01
8.603140e+00 8.594689e+00 -5.288042e-01
8.604140e+00 4.536791e+00 -5.141535e-01
8.605139e+00 -1.434876e+00 -4.994302e-01
8.606139e+00 -7.145617e+00 -4.846341e-01
8.607139e+00 -1.035437e+01 -4.697648e-01
8.608139e+00 -9.747197e+00 -4.548220e-01
8.609139e+00 -5.700458e+00 -4.398055e-01
8.610139e+00 2.437397e-01 -4.247150e-01
8.611139e+00 5.931007e+00 -4.095501e-01
8.612139e+00 9.104641e+00 -3.943108e-01
8.613139e+00 8.469230e+00 -3.789966e-01
8.614139e+00 4.518470e+00 -3.636074e-01
8.615138e+00 -1.612604e+00 -3.481431e-01
8.616138e+00 -7.240292e+00 -3.326033e-01
8.617138e+00 -1.046569e+01 -3.169879e-01
8.618138e+00 -9.859077e+00 -3.012968e-01
8.619138e+00 -5.753658e+00 -2.855298e-01
8.620138e+00 2.131998e-01 -2.696867e-01
8.621138e+00 5.857632e+00 -2.537675e-01
8.622138e+00 9.050903e+00 -2.377720e-01
8.623138e+00 8.513863e+00 -2.217001e-01
8.624138e+00 4.440769e+00 -2.055518e-01
8.625137e+00 -1.561743e+00 -1.893269e-01
8.626137e+00 -7.289184e+00 -1.730255e-01
8.627137e+00 -1.048445e+01 -1.566475e-01
8.628137e+00 -9.828354e+00 -1.401929e-01
8.629137e+00 -5.852935e+00 -1.236617e-01
8.630137e+00 9.273432e-02 -1.070539e-01
8.631137e+00 5.925296e+00 -9.036957e-02
8.632137e+00 9.047534e+00 -7.360870e-02
8.633137e+00 8.548146e+00 -5.677139e-02
8.634137e+00 4.471491e+00 -3.985771e-02
8.635136e+00 -1.527240e+00 -2.286776e-02
8.636136e+00 -7.240515e+00 -5.801647e-03
8.637136e+00 -1.044493e+01 1.134049e-02
8.638136e+00 -1.001487e+01 2.855851e-02
8.639136e+00 -5.968028e+00 4.585225e-02
8.640136e+00 1.232182e-01 6.322154e-02
8.641136e+00 5.730653e+00 8.066617e-02
8.642136e+00 8.944073e+00 9.818593e-02
8.643136e+00 8.454776e+00 1.157806e-01
8.644136e+00 4.380849e+00 1.334499e-01
8.645135e+00 -1.609854e+00 1.511937e-01
8.646135e+00 -7.282406e+00 1.690116e-01
8.647135e+00 -1.045438e+01 1.869033e-01
8.648135e+00 -1.000480e+01 2.048685e-01
8.649135e+00 -6.087912e+00 2.229069e-01
8.650135e+00 5.361242e-02 2.410182e-01
8.651135e+00 5.699806e+00 2.592019e-01
8.652135e+00 8.828969e+00 2.774578e-01
8.653135e+00 8.360550e+00 2.957854e-01
8.654135e+00 4.338845e+00 3.141844e-01
8.655134e+00 -1.688198e+00 3.326542e-01
8.656134e+00 -7.413930e+00 3.511945e-01
8.657134e+00 -1.066346e+01 3.698048e-01
8.658134e+00 -1.008093e+01 3.884847e-01
8.659134e+00 -5.936579e+00 4.072336e-01
8.660134e+00 2.109679e-02 4.260511e-01
8.661134e+00 5.640699e+00 4.449366e-01
8.662134e+00 8.937855e+00 4.638897e-01
8.663134e+00 8.431050e+00 4.829097e-01
8.664134e+00 4.339679e+00 5.019961e-01
8.665133e+00 -1.726265e+00 5.211484e-01
8.666133e+00 -7.280833e+00 5.403660e-01
8.667133e+00 -1.067723e+01 5.596482e-01
8.668133e+00 -1.010369e+01 5.789944e-01
8.669133e+00 -6.067430e+00 5.984041e-01
8.670133e+00 -5.648150e-02 6.178765e-01
8.671133e+00 5.670724e+00 6.374110e-01
8.672133e+00 8.824744e+00 6.570070e-01
8.673133e+00 8.361296e+00 6.766638e-01
8.674133e+00 4.400199e+00 6.963806e-01
8.675132e+00 -1.731673e+00 7.161568e-01
8.676132e+00 -7.439696e+00 7.359916e-01
8.677132e+00 -1.069031e+01 7.558844e-01
8.678132e+00 -1.005612e+01 7.758343e-01
8.679132e+00 -6.084878e+00 7.958407e-01
8.680132e+00 -1.421548e-01 8.159027e-01
8.681132e+00 5.643379e+00 8.360195e-01
8.682132e+00 8.865612e+00 8.561905e-01
8.683132e+00 8.322937e+00 8.764147e-01
8.684132e+00 4.311383e+00 8.966914e-01
8.685131e+00 -1.719060e+00 9.170197e-01
8.686131e+00 -7.501078e+00 9.373989e-01
8.687131e+00 -1.069599e+01 9.578280e-01
8.688131e+00 -1.014353e+01 9.783063e-01
8.689131e+00 -6.128394e+00 9.988328e-01
8.690131e+00 -1.116820e-01 1.019407e+00
8.691131e+00 5.653237e+00 1.040027e+00
8.692131e+00 8.797974e+00 1.060693e+00
8.693131e+00 8.348796e+00 1.081404e+00
8.694131e+00 4.197188e+00 1.102158e+00
8.695130e+00 -1.703347e+00 1.122956e+00
8.696130e+00 -7.452188e+00 1.143795e+00
8.697130e+00 -1.072193e+01 1.164676e+00
8.698130e+00 -1.023550e+01 1.185596e+00
8.699130e+00 -6.084129e+00 1.206556e+00
8.700130e+00 -2.095351e-01 1.227554e+00
8.701130e+00 5.604560e+00 1.248589e+00
8.702130e+00 8.715941e+00 1.269660e+00
8.703130e+00 8.226004e+00 1.290767e+00
8.704130e+00 4.239544e+00 1.311907e+00
8.705129e+00 -1.739414e+00 1.333082e+00
8.706129e+00 -7.469720e+00 1.354288e+00
8.707129e+00 -1.072093e+01 1.375526e+00
8.708129e+00 -1.020166e+01 1.396794e+00
8.709129e+00 -6.172724e+00 1.418091e+00
8.710129e+00 -1.721093e-01 1.439417e+00
8.711129e+00 5.524135e+00 1.460770e+00
8.712129e+00 8.876486e+00 1.482149e+00
8.713129e+00 8.267496e+00 1.503553e+00
8.714129e+00 4.261358e+00 1.524981e+00
8.715128e+00 -1.725227e+00 1.546432e+00
8.716128e+00 -7.487337e+00 1.567906e+00
8.717128e+00 -1.078963e+01 1.589400e+00
8.718128e+00 -1.025881e+01 1.610914e+00
8.719128e+00 -6.163664e+00 1.632448e+00
8.720128e+00 -1.945258e-01 1.653999e+00
8.721128e+00 5.466279e+00 1.675566e+00
8.722128e+00 8.750241e+00 1.697150e+00
8.723128e+00 8.259176e+00 1.718747e+00
8.724128e+00 4.210212e+00 1.740359e+00
8.725127e+00 -1.730149e+00 1.761983e+00
8.726127e+00 -7.502353e+00 1.783618e+00
8.727127e+00 -1.072406e+01 1.805264e+00
8.728127e+00 -1.030119e+01 1.826918e+00
8.729127e+00 -6.212146e+00 1.848581e+00
8.730127e+00 -2.039990e-01 1.870251e+00
8.731127e+00 5.496662e+00 1.891927e+00
8.732127e+00 8.772925e+00 1.913608e+00
8.733127e+00 8.257641e+00 1.935292e+00
8.734127e+00 4.319776e+00 1.956980e+00
8.735126e+00 -1.797781e+00 1.978669e+00
8.736126e+00 -7.411269e+00 2.000358e+00
8.737126e+00 -1.068050e+01 2.022047e+00
8.738126e+00 -1.026112e+01 2.043735e+00
8.739126e+00 -6.265774e+00 2.065420e+00
8.740126e+00 -1.661304e-01 2.087101e+00
8.741126e+00 5.478778e+00 2.108777e+00
8.742126e+00 8.614690e+00 2.130448e+00
8.743126e+00 8.135404e+00 2.152111e+00
8.744126e+00 4.265922e+00 2.173767e+00
8.745125e+00 -1.693159e+00 2.195414e+00
8.746125e+00 -7.431263e+00 2.217050e+00
8.747125e+00 -1.084815e+01 2.238676e+00
8.748125e+00 -1.022765e+01 2.260290e+00
8.749125e+00 -6.215076e+00 2.281890e+00
8.750125e+00 -1.747880e-01 2.303476e+00
8.751125e+00 5.445839e+00 2.325047e+00
8.752125e+00 8.739500e+00 2.346602e+00
8.753125e+00 8.255745e+00 2.368140e+00
8.754125e+00 4.282882e+00 2.389660e+00
8.755124e+00 -1.842106e+00 2.411160e+00
8.756124e+00 -7.425530e+00 2.432641e+00
8.757124e+00 -1.071353e+01 2.454100e+00
8.758124e+00 -1.027965e+01 2.475537e+00
8.759124e+00 -6.186161e+00 2.496952e+00
8.760124e+00 -2.355275e-01 2.518342e+00
8.761124e+00 5.463631e+00 2.539708e+00
8.762124e+00 8.761555e+00 2.561048e+00
8.763124e+00 8.281626e+00 2.582361e+00
8.764124e+00 4.202255e+00 2.603647e+00
8.765123e+00 -1.766718e+00 2.624905e+00
8.766123e+00 -7.514982e+00 2.646133e+00
8.767123e+00 -1.064368e+01 2.667331e+00
8.768123e+00 -1.023486e+01 2.688499e+00
8.769123e+00 -6.269082e+00 2.709634e+00
8.770123e+00 -1.637426e-01 2.730737e+00
8.771123e+00 5.499614e+00 2.751807e+00
8.772123e+00 8.824840e+00 2.772843e+00
8.773123e+00 8.261102e+00 2.793844e+00
8.774123e+00 4.271480e+00 2.814809e+00
8.775122e+00 -1.784897e+00 2.835738e+00
8.776122e+00 -7.460165e+00 2.856630e+00
8.777122e+00 -1.078296e+01 2.877484e+00
8.778122e+00 -1.023885e+01 2.898299e+00
8.779122e+00 -6.255227e+00 2.919076e+00
8.780122e+00 -2.943507e-01 2.939813e+00
8.781122e+00 5.429604e+00 2.960509e+00
8.782122e+00 8.670354e+00 2.981165e+00
8.783122e+00 8.241266e+00 3.001779e+00
8.784122e+00 4.223325e+00 3.022350e+00
8.785121e+00 -1.795052e+00 3.042879e+00
8.786121e+00 -7.456472e+00 3.063365e+00
8.787121e+00 -1.073984e+01 3.083807e+00
8.788121e+00 -1.027366e+01 3.104205e+00
8.789121e+00 -6.238315e+00 3.124558e+00
8.790121e+00 -2.259210e-01 3.144865e+00
8.791121e+00 5.570372e+00 3.165127e+00
8.792121e+00 8.664092e+00 3.185343e+00
8.793121e+00 8.319955e+00 3.205512e+00
8.794121e+00 4.246040e+00 3.225634e+00
8.795120e+00 -1.691525e+00 3.245709e+00
8.796120e+00 -7.404231e+00 3.265736e+00
8.797120e+00 -1.067077e+01 3.285715e+00
8.798120e+00 -1.019155e+01 3.305646e+00
8.799120e+00 -6.192797e+00 3.325528e+00
8.800120e+00 -1.669739e-01 3.345360e+00
8.801120e+00 5.526555e+00 3.365144e+00
8.802120e+00 8.781112e+00 3.384878e+00
8.803120e+00 8.311815e+00 3.404562e+00
8.804120e+00 4.306360e+00 3.424197e+00
8.805119e+00 -1.789467e+00 3.443781e+00
8.806119e+00 -7.431300e+00 3.463314e+00
8.807119e+00 -1.072822e+01 3.482797e+00
8.808119e+00 -1.024565e+01 3.502230e+00
8.809119e+00 -6.180361e+00 3.521611e+00
8.810119e+00 -1.827056e-01 3.540942e+00
8.811119e+00 5.560322e+00 3.560221e+00
8.812119e+00 8.840946e+00 3.579449e+00
8.813119e+00 8.406830e+00 3.598626e+00
8.814119e+00 4.324946e+00 3.617751e+00
8.815118e+00 -1.640247e+00 3.636825e+00
8.816118e+00 -7.376296e+00 3.655848e+00
8.817118e+00 -1.068200e+01 3.674819e+00
8.818118e+00 -1.014622e+01 3.693738e+00
8.819118e+00 -6.194942e+00 3.712606e+00
8.820118e+00 -1.290027e-01 3.731423e+00
8.821118e+00 5.461867e+00 3.750188e+00
8.822118e+00 8.893698e+00 3.768901e+00
8.823118e+00 8.297331e+00 3.787564e+00
8.824118e+00 4.306568e+00 3.806175e+00
8.825117e+00 -1.550207e+00 3.824735e+00
8.826117e+00 -7.404001e+00 3.843243e+00
8.827117e+00 -1.053338e+01 3.861701e+00
8.828117e+00 -1.016010e+01 3.880108e+00
8.829117e+00 -6.060688e+00 3.898464e+00
8.830117e+00 -1.279106e-01 3.916769e+00
8.831117e+00 5.526263e+00 3.935024e+00
8.832117e+00 8.850183e+00 3.953228e+00
8.833117e+00 8.401355e+00 3.971382e+00
8.834117e+00 4.479750e+00 3.989486e+00
8.835116e+00 -1.571654e+00 4.007540e+00
8.836116e+00 -7.315317e+00 4.025545e+00
8.837116e+00 -1.058929e+01 4.043499e+00
8.838116e+00 -1.008515e+01 4.061405e+00
8.839116e+00 -6.092611e+00 4.079261e+00
8.840116e+00 -9.120995e-02 4.097069e+00
8.841116e+00 5.574531e+00 4.114827e+00
8.842116e+00 8.922055e+00 4.132537e+00
8.843116e+00 8.433611e+00 4.150199e+00
8.844116e+00 4.428877e+00 4.167813e+00
8.845115e+00 -1.534136e+00 4.185379e+00
8.846115e+00 -7.320464e+00 4.202897e+00
8.847115e+00 -1.044080e+01 4.220368e+00
8.848115e+00 -1.009033e+01 4.237791e+00
8.849115e+00 -6.115773e+00 4.255168e+00
8.850115e+00 -1.221420e-01 4.272498e+00
8.851115e+00 5.603394e+00 4.289782e+00
8.852115e+00 8.918627e+00 4.307020e+00
8.853115e+00 8.458986e+00 4.324212e+00
8.854115e+00 4.580333e+00 4.341358e+00
8.855114e+00 -1.468464e+00 4.358459e+00
8.856114e+00 -7.209762e+00 4.375515e+00
8.857114e+00 -1.044042e+01 4.392526e+00
8.858114e+00 -1.011239e+01 4.409492e+00
8.859114e+00 -6.050866e+00 4.426414e+00
8.860114e+00 -5.186041e-02 4.443292e+00
8.861114e+00 5.659222e+00 4.460127e+00
8.862114e+00 8.882937e+00 4.476918e+00
8.863114e+00 8.444366e+00 4.493665e+00
8.864114e+00 4.574958e+00 4.510370e+00
8.865113e+00 -1.429731e+00 4.527032e+00
8.866113e+00 -7.164514e+00 4.543652e+00
8.867113e+00 -1.042211e+01 4.560229e+00
8.868113e+00 -9.903906e+00 4.576765e+00
8.869113e+00 -6.053704e+00 4.593259e+00
8.870113e+00 -1.022569e-02 4.609711e+00
8.871113e+00 5.680776e+00 4.626123e+00
8.872113e+00 8.945949e+00 4.642493e+00
8.873113e+00 8.517293e+00 4.658824e+00
8.874113e+00 4.576225e+00 4.675113e+00
8.875112e+00 -1.335243e+00 4.691363e+00
8.876112e+00 -7.185944e+00 4.707573e+00
8.877112e+00 -1.037980e+01 4.723743e+00
8.878112e+00 -9.988373e+00 4.739874e+00
8.879112e+00 -5.998763e+00 4.755966e+00
8.880112e+00 5.097149e-02 4.772019e+00
8.881112e+00 5.706599e+00 4.788033e+00
8.882112e+00 9.012390e+00 4.804009e+00
8.883112e+00 8.585170e+00 4.819947e+00
8.884112e+00 4.556398e+00 4.835847e+00
8.885111e+00 -1.347219e+00 4.851709e+00
8.886111e+00 -7.117618e+00 4.867534e+00
8.887111e+00 -1.040275e+01 4.883321e+00
8.888111e+00 -9.778711e+00 4.899072e+00
8.889111e+00 -5.944680e+00 4.914785e+00
8.890111e+00 2.787670e-02 4.930462e+00
8.891111e+00 5.783515e+00 4.946103e+00
8.892111e+00 9.087642e+00 4.961708e+00
8.893111e+00 8.669441e+00 4.977276e+00
8.894111e+00 4.626364e+00 4.992809e+00
8.895110e+00 -1.262559e+00 5.008306e+00
8.896110e+00 -6.938360e+00 5.023767e+00
8.897110e+00 -1.033494e+01 5.039194e+00
8.898110e+00 -9.806392e+00 5.054585e+00
8.899110e+00 -5.898838e+00 5.069941e+00
8.900110e+00 1.129293e-01 5.085263e+00
8.901110e+00 5.866105e+00 5.100550e+00
8.902110e+00 9.070907e+00 5.115803e+00
8.903110e+00 8.797521e+00 5.131021e+00
8.904110e+00 4.755731e+00 5.146206e+00
8.905109e+00 -1.142443e+00 5.161356e+00
8.906109e+00 -7.008768e+00 5.176473e+00
8.907109e+00 -1.023681e+01 5.191556e+00
8.908109e+00 -9.868629e+00 5.206606e+00
8.909109e+00 -5.854265e+00 5.221622e+00
8.910109e+00 1.360504e-01 5.236605e+00
8.911109e+00 5.740500e+00 5.251555e+00
8.912109e+00 9.258124e+00 5.266472e+00
8.913109e+00 8.653298e+00 5.281356e+00
8.914109e+00 4.839254e+00 5.296207e+00
8.915108e+00 -1.178409e+00 5.311026e+00
8.916108e+00 -6.912253e+00 5.325813e+00
8.917108e+00 -1.015597e+01 5.340567e+00
8.918108e+00 -9.770737e+00 5.355288e+00
8.919108e+00 -5.782077e+00 5.369978e+00
8.920108e+00 1.980376e-01 5.384635e+00
8.921108e+00 5.984746e+00 5.399260e+00
8.922108e+00 9.276603e+00 5.413854e+00
8.923108e+00 8.759095e+00 5.428415e+00
8.924108e+00 4.861684e+00 5.442945e+00
8.925107e+00 -1.224087e+00 5.457443e+00
8.926107e+00 -6.801220e+00 5.471909e+00
8.927107e+00 -1.014135e+01 5.486344e+00
8.928107e+00 -9.715618e+00 5.500748e+00
8.929107e+00 -5.788952e+00 5.515120e+00
8.930107e+00 2.400331e-01 5.529460e+00
8.931107e+00 5.905911e+00 5.543769e+00
8.932107e+00 9.222421e+00 5.558048e+00
8.933107e+00 8.845128e+00 5.572294e+00
8.934107e+00 4.980050e+00 5.586510e+00
8.935106e+00 -1.042239e+00 5.600695e+00
8.936106e+00 -6.762187e+00 5.614848e+00
8.937106e+00 -9.978976e+00 5.628970e+00
8.938106e+00 -9.621432e+00 5.643062e+00
8.939106e+00 -5.705700e+00 5.657122e+00
8.940106e+00 3.354516e-01 5.671152e+00
8.941106e+00 6.002762e+00 5.685150e+00
8.942106e+00 9.366794e+00 5.699118e+00
8.943106e+00 9.000012e+00 5.713054e+00
8.944106e+00 5.004368e+00 5.726960e+00
8.945105e+00 -9.227659e-01 5.740835e+00
8.946105e+00 -6.704264e+00 5.754679e+00
8.947105e+00 -9.988461e+00 5.768492e+00
8.948105e+00 -9.624758e+00 5.782274e+00
8.949105e+00 -5.659314e+00 5.796026e+00
8.950105e+00 4.304208e-01 5.809746e+00
8.951105e+00 6.154862e+00 5.823436e+00
8.952105e+00 9.403098e+00 5.837095e+00
8.953105e+00 8.994195e+00 5.850723e+00
8.954105e+00 5.120446e+00 5.864320e+00
8.955104e+00 -8.656699e-01 5.877886e+00
8.956104e+00 -6.654487e+00 5.891421e+00
8.957104e+00 -9.981371e+00 5.904925e+00
8.958104e+00 -9.557371e+00 5.918399e+00
8.959104e+00 -5.535342e+00 5.931841e+00
8.960104e+00 4.108785e-01 5.945252e+00
8.961104e+00 6.139649e+00 5.958633e+00
8.962104e+00 9.461263e+00 5.971982e+00
8.963104e+00 9.019183e+00 5.985300e+00
8.964104e+00 5.089439e+00 5.998587e+00
8.965103e+00 -8.363598e-01 6.011843e+00
8.966103e+00 -6.504870e+00 6.025068e+00
8.967103e+00 -9.818125e+00 6.038261e+00
8.968103e+00 -9.506797e+00 6.051424e+00
8.969103e+00 -5.582797e+00 6.064555e+00
8.970103e+00 3.980210e-01 6.077654e+00
8.971103e+00 6.143380e+00 6.090722e+00
8.972103e+00 9.567436e+00 6.103759e+00
8.973103e+00 9.087665e+00 6.116764e+00
8.974103e+00 5.202992e+00 6.129738e+00
8.975102e+00 -8.555202e-01 6.142680e+00
8.976102e+00 -6.498368e+00 6.155591e+00
8.977102e+00 -9.815629e+00 6.168470e+00
8.978102e+00 -9.466486e+00 6.181317e+00
8.979102e+00 -5.499769e+00 6.194132e+00
8.980102e+00 5.375293e-01 6.206916e+00
8.981102e+00 6.334191e+00 6.219667e+00
8.982102e+00 9.621609e+00 6.232387e+00
8.983102e+00 9.167545e+00 6.245074e+00
8.984102e+00 5.244481e+00 6.257730e+00
8.985101e+00 -7.343317e-01 6.270353e+00
8.986101e+00 -6.403078e+00 6.282945e+00
8.987101e+00 -9.750192e+00 6.295504e+00
8.988101e+00 -9.376303e+00 6.308030e+00
8.989101e+00 -5.458633e+00 6.320525e+00
8.990101e+00 4.981151e-01 6.332986e+00
8.991101e+00 6.307786e+00 6.345416e+00
8.992101e+00 9.717763e+00 6.357812e+00
8.993101e+00 9.298379e+00 6.370177e+00
8.994101e+00 5.252041e+00 6.382508e+00
8.995100e+00 -6.109147e-01 6.394807e+00
8.996100e+00 -6.429729e+00 6.407072e+00
8.997100e+00 -9.657759e+00 6.419305e+00
8.998100e+00 -9.348720e+00 6.431505e+00
8.999100e+00 -5.380701e+00 6.443672e+00
9.000100e+00 6.791112e-01 6.455806e+00
9.001100e+00 6.351914e+00 6.467906e+00
9.002100e+00 9.767169e+00 6.479974e+00
9.003100e+00 9.357771e+00 6.492008e+00
9.004100e+00 5.407463e+00 6.504008e+00
9.005099e+00 -6.617123e-01 6.515976e+00
9.006099e+00 -6.306732e+00 6.527909e+00
9.007099e+00 -9.638040e+00 6.539809e+00
9.008099e+00 -9.264784e+00 6.551676e+00
9.009099e+00 -5.404819e+00 6.563508e+00
9.010099e+00 7.513461e-01 6.575307e+00
9.011099e+00 6.494194e+00 6.587072e+00
9.012099e+00 9.697145e+00 6.598803e+00
9.013099e+00 9.438878e+00 6.610500e+00
9.014099e+00 5.377419e+00 6.622163e+00
9.015098e+00 -5.437128e-01 6.633791e+00
9.016098e+00 -6.309998e+00 6.645386e+00
9.017098e+00 -9.510494e+00 6.656946e+00
9.018098e+00 -9.192561e+00 6.668472e+00
9.019098e+00 -5.293717e+00 6.679963e+00
9.020098e+00 7.001369e-01 6.691420e+00
9.021098e+00 6.479599e+00 6.702842e+00
9.022098e+00 9.896429e+00 6.714230e+00
9.023098e+00 9.464065e+00 6.725582e+00
9.024098e+00 5.535639e+00 6.736901e+00
9.025097e+00 -4.029164e-01 6.748184e+00
9.026097e+00 -6.219937e+00 6.759432e+00
9.027097e+00 -9.549620e+00 6.770645e+00
9.028097e+00 -9.135413e+00 6.781824e+00
9.029097e+00 -5.136909e+00 6.792967e+00
9.030097e+00 7.352625e-01 6.804075e+00
9.031097e+00 6.510219e+00 6.815148e+00
9.032097e+00 9.848110e+00 6.826185e+00
9.033097e+00 9.512202e+00 6.837187e+00
9.034097e+00 5.653339e+00 6.848154e+00
9.035096e+00 -3.736455e-01 6.859085e+00
9.036096e+00 -6.110924e+00 6.869980e+00
9.037096e+00 -9.454159e+00 6.880840e+00
9.038096e+00 -9.100933e+00 6.891665e+00
9.039096e+00 -5.105131e+00 6.902453e+00
9.040096e+00 9.239707e-01 6.913206e+00
9.041096e+00 6.575833e+00 6.923923e+00
9.042096e+00 1.000772e+01 6.934603e+00
9.043096e+00 9.642693e+00 6.945248e+00
9.044096e+00 5.659758e+00 6.955857e+00
9.045095e+00 -3.508913e-01 6.966430e+00
9.046095e+00 -6.083427e+00 6.976967e+00
9.047095e+00 -9.337270e+00 6.987467e+00
9.048095e+00 -9.034592e+00 6.997931e+00
9.049095e+00 -5.048946e+00 7.008359e+00
9.050095e+00 9.198210e-01 7.018750e+00
9.051095e+00 6.748998e+00 7.029105e+00
9.052095e+00 1.002558e+01 7.039424e+00
9.053095e+00 9.594640e+00 7.049706e+00
9.054095e+00 5.707740e+00 7.059951e+00
9.055094e+00 -3.128817e-01 7.070160e+00
9.056094e+00 -6.029866e+00 7.080332e+00
9.057094e+00 -9.401435e+00 7.090467e+00
9.058094e+00 -8.827333e+00 7.100566e+00
9.059094e+00 -5.060613e+00 7.110628e+00
9.060094e+00 9.391576e-01 7.120653e+00
9.061094e+00 6.707260e+00 7.130641e+00
9.062094e+00 1.009358e+01 7.140592e+00
9.063094e+00 9.651179e+00 7.150506e+00
9.064094e+00 5.828076e+00 7.160383e+00
9.065093e+00 -2.157901e-01 7.170223e+00
9.066093e+00 -5.939335e+00 7.180025e+00
9.067093e+00 -9.268976e+00 7.189791e+00
9.068093e+00 -8.879515e+00 7.199519e+00
9.069093e+00 -4.980494e+00 7.209211e+00
9.070093e+00 9.149016e-01 7.218865e+00
9.071093e+00 6.842755e+00 7.228481e+00
9.072093e+00 1.019511e+01 7.238060e+00
9.073093e+00 9.751668e+00 7.247602e+00
9.074093e+00 5.818356e+00 7.257106e+00
9.075092e+00 -1.228416e-01 7.266573e+00
9.076092e+00 -5.902154e+00 7.276003e+00
9.077092e+00 -9.193739e+00 7.285394e+00
9.078092e+00 -8.749554e+00 7.294749e+00
9.079092e+00 -4.894548e+00 7.304065e+00
9.080092e+00 1.134646e+00 7.313344e+00
9.081092e+00 6.869736e+00 7.322586e+00
9.082092e+00 1.014824e+01 7.331790e+00
9.083092e+00 9.876957e+00 7.340956e+00
9.084092e+00 5.878860e+00 7.350084e+00
9.085091e+00 -6.525938e-02 7.359174e+00
9.086091e+00 -5.849108e+00 7.368227e+00
9.087091e+00 -9.168595e+00 7.377242e+00
9.088091e+00 -8.822065e+00 7.386219e+00
9.089091e+00 -4.954336e+00 7.395158e+00
9.090091e+00 1.007940e+00 7.404059e+00
9.091091e+00 6.837377e+00 7.412923e+00
9.092091e+00 1.020343e+01 7.421748e+00
9.093091e+00 9.867814e+00 7.430535e+00
9.094091e+00 5.959117e+00 7.439285e+00
9.095090e+00 2.690941e-02 7.447996e+00
9.096090e+00 -5.797020e+00 7.456670e+00
9.097090e+00 -9.142438e+00 7.465305e+00
9.098090e+00 -8.713650e+00 7.473902e+00
9.099090e+00 -4.833529e+00 7.482461e+00
9.100090e+00 1.195569e+00 7.490983e+00
9.101090e+00 6.952495e+00 7.499466e+00
9.102090e+00 1.031404e+01 7.507910e+00
9.103090e+00 9.947194e+00 7.516317e+00
9.104090e+00 6.170682e+00 7.524686e+00
9.105089e+00 2.054451e-02 7.533016e+00
9.106089e+00 -5.745363e+00 7.541308e+00
9.107089e+00 -9.099158e+00 7.549563e+00
9.108089e+00 -8.603050e+00 7.557778e+00
9.109089e+00 -4.844550e+00 7.565956e+00
9.110089e+00 1.249948e+00 7.574095e+00
9.111089e+00 6.898534e+00 7.582196e+00
9.112089e+00 1.024442e+01 7.590259e+00
9.113089e+00 9.976290e+00 7.598284e+00
9.114089e+00 6.099852e+00 7.606270e+00
9.115088e+00 1.179939e-01 7.614218e+00
9.116088e+00 -5.707107e+00 7.622128e+00
9.117088e+00 -8.975063e+00 7.630000e+00
9.118088e+00 -8.701995e+00 7.637833e+00
9.119088e+00 -4.721245e+00 7.645628e+00
9.120088e+00 1.261886e+00 7.653384e+00
9.121088e+00 6.941211e+00 7.661103e+00
9.122088e+00 1.034201e+01 7.668783e+00
9.123088e+00 9.960108e+00 7.676424e+00
9.124088e+00 5.998771e+00 7.684028e+00
9.125087e+00 1.279025e-01 7.691593e+00
9.126087e+00 -5.618309e+00 7.699119e+00
9.127087e+00 -8.921618e+00 7.706607e+00
9.128087e+00 -8.639850e+00 7.714057e+00
9.129087e+00 -4.701198e+00 7.721469e+00
9.130087e+00 1.277683e+00 7.728842e+00
9.131087e+00 7.021273e+00 7.736177e+00
9.132087e+00 1.037828e+01 7.743474e+00
9.133087e+00 1.006138e+01 7.750732e+00
9.134087e+00 6.199175e+00 7.757952e+00
9.135086e+00 3.244546e-01 7.765133e+00
9.136086e+00 -5.625170e+00 7.772277e+00
9.137086e+00 -8.903837e+00 7.779382e+00
9.138086e+00 -8.549756e+00 7.786448e+00
9.139086e+00 -4.663930e+00 7.793476e+00
9.140086e+00 1.283030e+00 7.800466e+00
9.141086e+00 7.154089e+00 7.807418e+00
9.142086e+00 1.038106e+01 7.814331e+00
9.143086e+00 1.007486e+01 7.821206e+00
9.144086e+00 6.203380e+00 7.828042e+00
9.145085e+00 2.861286e-01 7.834840e+00
9.146085e+00 -5.478380e+00 7.841600e+00
9.147085e+00 -8.804454e+00 7.848322e+00
9.148085e+00 -8.528629e+00 7.855005e+00
9.149085e+00 -4.629067e+00 7.861650e+00
9.150085e+00 1.429190e+00 7.868257e+00
9.151085e+00 7.108222e+00 7.874825e+00
9.152085e+00 1.043811e+01 7.881355e+00
9.153085e+00 1.012556e+01 7.887847e+00
9.154085e+00 6.317308e+00 7.894301e+00
9.155084e+00 2.779442e-01 7.900716e+00
9.156084e+00 -5.514070e+00 7.907093e+00
9.157084e+00 -8.895805e+00 7.913432e+00
9.158084e+00 -8.546379e+00 7.919733e+00
9.159084e+00 -4.548289e+00 7.925995e+00
9.160084e+00 1.378005e+00 7.932219e+00
9.161084e+00 7.101037e+00 7.938405e+00
9.162084e+00 1.051797e+01 7.944553e+00
9.163084e+00 1.019530e+01 7.950662e+00
9.164084e+00 6.321037e+00 7.956733e+00
9.165083e+00 3.891897e-01 7.962767e+00
9.166083e+00 -5.409183e+00 7.968762e+00
9.167083e+00 -8.813705e+00 7.974718e+00
9.168083e+00 -8.518173e+00 7.980637e+00
9.169083e+00 -4.657917e+00 7.986518e+00
9.170083e+00 1.347220e+00 7.992360e+00
9.171083e+00 7.190855e+00 7.998164e+00
9.172083e+00 1.053679e+01 8.003931e+00
9.173083e+00 1.023611e+01 8.009659e+00
9.174083e+00 6.273692e+00 8.015349e+00
9.175082e+00 3.888315e-01 8.021001e+00
9.176082e+00 -5.414310e+00 8.026615e+00
9.177082e+00 -8.808537e+00 8.032191e+00
9.178082e+00 -8.435725e+00 8.037729e+00
9.179082e+00 -4.509592e+00 8.043228e+00
9.180082e+00 1.441835e+00 8.048690e+00
9.181082e+00 7.209530e+00 8.054114e+00
9.182082e+00 1.052104e+01 8.059500e+00
9.183082e+00 1.023790e+01 8.064848e+00
9.184082e+00 6.429994e+00 8.070158e+00
9.185081e+00 4.465889e-01 8.075430e+00
9.186081e+00 -5.416726e+00 8.080664e+00
9.187081e+00 -8.781520e+00 8.085861e+00
9.188081e+00 -8.496989e+00 8.091019e+00
9.189081e+00 -4.526611e+00 8.096139e+00
9.190081e+00 1.504988e+00 8.101222e+00
9.191081e+00 7.264371e+00 8.106267e+00
9.192081e+00 1.050777e+01 8.111274e+00
9.193081e+00 1.025881e+01 8.116243e+00
9.194081e+00 6.408143e+00 8.121174e+00
9.195080e+00 3.770944e-01 8.126068e+00
9.196080e+00 -5.338346e+00 8.130924e+00
9.197080e+00 -8.791027e+00 8.135742e+00
9.198080e+00 -8.394906e+00 8.140523e+00
9.199080e+00 -4.516316e+00 8.145265e+00
9.200080e+00 1.433315e+00 8.149970e+00
9.201080e+00 7.048371e+00 8.154638e+00
9.202080e+00 1.055058e+01 8.159268e+00
9.203080e+00 1.036002e+01 8.163860e+00
9.204080e+00 6.468141e+00 8.168414e+00
9.205079e+00 4.428193e-01 8.172931e+00
9.206079e+00 -5.330126e+00 8.177411e+00
9.207079e+00 -8.726774e+00 8.181853e+00
9.208079e+00 -8.323512e+00 8.186257e+00
9.209079e+00 -4.512832e+00 8.190624e+00
9.210079e+00 1.430783e+00 8.194953e+00
9.211079e+00 7.254182e+00 8.199245e+00
9.212079e+00 1.061209e+01 8.203500e+00
9.213079e+00 1.033272e+01 8.207717e+00
9.214079e+00 6.432894e+00 8.211896e+00
9.215078e+00 4.518848e-01 8.216039e+00
9.216078e+00 -5.287930e+00 8.220144e+00
9.217078e+00 -8.627271e+00 8.224212e+00
9.218078e+00 -8.346540e+00 8.228242e+00
9.219078e+00 -4.522940e+00 8.232235e+00
9.220078e+00 1.330774e+00 8.236191e+00
9.221078e+00 7.261628e+00 8.240110e+00
9.222078e+00 1.062866e+01 8.243992e+00
9.223078e+00 1.031823e+01 8.247836e+00
9.224078e+00 6.511951e+00 8.251643e+00
9.225077e+00 4.689322e-01 8.255413e+00
9.226077e+00 -5.259039e+00 8.259147e+00
9.227077e+00 -8.574803e+00 8.262843e+00
9.228077e+00 -8.409221e+00 8.266502e+00
9.229077e+00 -4.453336e+00 8.270124e+00
9.230077e+00 1.485644e+00 8.273709e+00
9.231077e+00 7.274281e+00 8.277257e+00
9.232077e+00 1.069120e+01 8.280769e+00
9.233077e+00 1.032045e+01 8.284243e+00
9.234077e+00 6.527219e+00 8.287681e+00
9.235076e+00 5.050425e-01 8.291082e+00
9.236076e+00 -5.241971e+00 8.294446e+00
9.237076e+00 -8.617840e+00 8.297773e+00
9.238076e+00 -8.293154e+00 8.301064e+00
9.239076e+00 -4.462374e+00 8.304318e+00
9.240076e+00 1.447311e+00 8.307536e+00
9.241076e+00 7.203260e+00 8.310717e+00
9.242076e+00 1.061323e+01 8.313861e+00
9.243076e+00 1.038198e+01 8.316969e+00
9.244076e+00 6.503199e+00 8.320040e+00
9.245075e+00 5.975164e-01 8.323075e+00
9.246075e+00 -5.270515e+00 8.326074e+00
9.247075e+00 -8.654276e+00 8.329036e+00
9.248075e+00 -8.405363e+00 8.331962e+00
9.249075e+00 -4.374736e+00 8.334852e+00
9.250075e+00 1.415826e+00 8.337706e+00
9.251075e+00 7.166421e+00 8.340523e+00
9.252075e+00 1.069871e+01 8.343304e+00
9.253075e+00 1.035418e+01 8.346050e+00
9.254075e+00 6.503808e+00 8.348759e+00
9.255074e+00 4.622614e-01 8.351432e+00
9.256074e+00 -5.307534e+00 8.354069e+00
9.257074e+00 -8.622951e+00 8.356671e+00
9.258074e+00 -8.319207e+00 8.359237e+00
9.259074e+00 -4.495592e+00 8.361766e+00
9.260074e+00 1.476151e+00 8.364261e+00
9.261074e+00 7.197263e+00 8.366719e+00
9.262074e+00 1.060412e+01 8.369142e+00
9.263074e+00 1.039480e+01 8.371529e+00
9.264074e+00 6.544102e+00 8.373881e+00
9.265073e+00 5.737591e-01 8.376198e+00
9.266073e+00 -5.215221e+00 8.378479e+00
9.267073e+00 -8.622913e+00 8.380724e+00
9.268073e+00 -8.403667e+00 8.382935e+00
9.269073e+00 -4.605201e+00 8.385110e+00
9.270073e+00 1.477069e+00 8.387250e+00
9.271073e+00 7.256040e+00 8.389355e+00
9.272073e+00 1.060808e+01 8.391426e+00
9.273073e+00 1.035825e+01 8.393461e+00
9.274073e+00 6.490000e+00 8.395461e+00
9.275072e+00 5.542298e-01 8.397427e+00
9.276072e+00 -5.308739e+00 8.399358e+00
9.277072e+00 -8.715608e+00 8.401254e+00
9.278072e+00 -8.375797e+00 8.403116e+00
9.279072e+00 -4.479075e+00 8.404943e+00
9.280072e+00 1.427470e+00 8.406736e+00
9.281072e+00 7.163103e+00 8.408495e+00
9.282072e+00 1.061096e+01 8.410220e+00
9.283072e+00 1.034276e+01 8.411910e+00
9.284072e+00 6.555687e+00 8.413566e+00
9.285071e+00 4.648362e-01 8.415189e+00
9.286071e+00 -5.328273e+00 8.416777e+00
9.287071e+00 -8.674527e+00 8.418332e+00
9.288071e+00 -8.409419e+00 8.419853e+00
9.289071e+00 -4.520418e+00 8.421340e+00
9.290071e+00 1.414862e+00 8.422794e+00
9.291071e+00 7.147650e+00 8.424215e+00
9.292071e+00 1.057707e+01 8.425602e+00
9.293071e+00 1.029314e+01 8.426957e+00
9.294071e+00 6.519279e+00 8.428278e+00
9.295070e+00 4.581639e-01 8.429566e+00
9.296070e+00 -5.243188e+00 8.430821e+00
9.297070e+00 -8.725764e+00 8.432044e+00
9.298070e+00 -8.390957e+00 8.433234e+00
9.299070e+00 -4.563866e+00 8.434392e+00
9.300070e+00 1.507167e+00 8.435517e+00
9.301070e+00 7.156718e+00 8.436610e+00
9.302070e+00 1.061163e+01 8.437671e+00
9.303070e+00 1.043841e+01 8.438700e+00
9.304070e+00 6.506343e+00 8.439697e+00
9.305069e+00 5.323786e-01 8.440663e+00
9.306069e+00 -5.216859e+00 8.441597e+00
9.307069e+00 -8.755599e+00 8.442499e+00
9.308069e+00 -8.488954e+00 8.443370e+00
9.309069e+00 -4.547907e+00 8.444211e+00
9.310069e+00 1.360223e+00 8.445020e+00
9.311069e+00 7.109567e+00 8.445798e+00
9.312069e+00 1.049327e+01 8.446546e+00
9.313069e+00 1.032950e+01 8.447263e+00
9.314069e+00 6.432660e+00 8.447950e+00
9.315068e+00 5.600099e-01 8.448607e+00
9.316068e+00 -5.351736e+00 8.449234e+00
9.317068e+00 -8.661028e+00 8.449831e+00
9.318068e+00 -8.489434e+00 8.450398e+00
9.319068e+00 -4.682802e+00 8.450936e+00
9.320068e+00 1.273649e+00 8.451445e+00
9.321068e+00 7.117577e+00 8.451925e+00
9.322068e+00 1.058583e+01 8.452375e+00
9.323068e+00 1.034052e+01 8.452797e+00
9.324068e+00 6.385836e+00 8.453191e+00
9.325067e+00 4.754104e-01 8.453556e+00
9.326067e+00 -5.259055e+00 8.453894e+00
9.327067e+00 -8.657350e+00 8.454203e+00
9.328067e+00 -8.530956e+00 8.454485e+00
9.329067e+00 -4.768582e+00 8.454739e+00
9.330067e+00 1.240997e+00 8.454966e+00
9.331067e+00 7.113550e+00 8.455167e+00
9.332067e+00 1.042447e+01 8.455340e+00
9.333067e+00 1.019250e+01 8.455487e+00
9.334067e+00 6.389368e+00 8.455608e+00
9.335066e+00 4.669789e-01 8.455703e+00
9.336066e+00 -5.313357e+00 8.455772e+00
9.337066e+00 -8.809056e+00 8.455816e+00
9.338066e+00 -8.536696e+00 8.455834e+00
9.339066e+00 -4.638512e+00 8.455827e+00
9.340066e+00 1.138489e+00 8.455796e+00
9.341066e+00 7.029166e+00 8.455740e+00
9.342066e+00 1.047729e+01 8.455661e+00
9.343066e+00 1.021011e+01 8.455557e+00
9.344066e+00 6.386063e+00 8.455429e+00
9.345065e+00 3.382721e-01 8.455279e+00
9.346065e+00 -5.433495e+00 8.455105e+00
9.347065e+00 -8.859311e+00 8.454909e+00
9.348065e+00 -8.499295e+00 8.454690e+00
9.349065e+00 -4.692155e+00 8.454449e+00
9.350065e+00 1.126797e+00 8.454187e+00
9.351065e+00 7.004843e+00 8.453903e+00
9.352065e+00 1.034873e+01 8.453598e+00
9.353065e+00 1.012271e+01 8.453272e+00
9.354065e+00 6.396387e+00 8.452925e+00
9.355064e+00 4.573516e-01 8.452559e+00
9.356064e+00 -5.355819e+00 8.452172e+00
9.357064e+00 -8.867601e+00 8.451766e+00
9.358064e+00 -8.610719e+00 8.451341e+00
9.359064e+00 -4.770920e+00 8.450897e+00
9.360064e+00 1.173316e+00 8.450435e+00
9.361064e+00 6.955100e+00 8.449955e+00
9.362064e+00 1.036423e+01 8.449457e+00
9.363064e+00 1.009717e+01 8.448942e+00
9.364064e+00 6.311318e+00 8.448409e+00
9.365063e+00 3.418711e-01 8.447861e+00
9.366063e+00 -5.383083e+00 8.447296e+00
9.367063e+00 -8.949057e+00 8.446715e+00
9.368063e+00 -8.519259e+00 8.446118e+00
9.369063e+00 -4.825341e+00 8.445507e+00
9.370063e+00 1.114764e+00 8.444881e+00
9.371063e+00 7.027356e+00 8.444241e+00
9.372063e+00 1.043241e+01 8.443586e+00
9.373063e+00 1.006238e+01 8.442919e+00
9.374063e+00 6.316611e+00 8.442238e+00
9.375062e+00 1.943767e-01 8.441545e+00
9.376062e+00 -5.493772e+00 8.440839e+00
9.377062e+00 -8.919608e+00 8.440121e+00
9.378062e+00 -8.665151e+00 8.439392e+00
9.379062e+00 -4.848750e+00 8.438652e+00
9.380062e+00 1.041803e+00 8.437902e+00
9.381062e+00 6.831343e+00 8.437141e+00
9.382062e+00 1.024997e+01 8.436370e+00
9.383062e+00 1.017426e+01 8.435590e+00
9.384062e+00 6.163073e+00 8.434801e+00
9.385061e+00 3.156794e-01 8.434004e+00
9.386061e+00 -5.552001e+00 8.433198e+00
9.387061e+00 -9.039722e+00 8.432385e+00
9.388061e+00 -8.748219e+00 8.431564e+00
9.389061e+00 -4.993792e+00 8.430737e+00
9.390061e+00 1.043961e+00 8.429903e+00
9.391061e+00 6.730326e+00 8.429063e+00
9.392061e+00 1.024584e+01 8.428218e+00
9.393061e+00 9.980844e+00 8.427367e+00
9.394061e+00 6.089640e+00 8.426511e+00
9.395060e+00 2.050563e-01 8.425652e+00
9.396060e+00 -5.546727e+00 8.424788e+00
9.397060e+00 -8.928322e+00 8.423921e+00
9.398060e+00 -8.780493e+00 8.423050e+00
9.399060e+00 -4.971881e+00 8.422177e+00
9.400060e+00 9.098463e-01 8.421302e+00
9.401060e+00 6.774839e+00 8.420425e+00
9.402060e+00 1.015206e+01 8.419546e+00
9.403060e+00 9.995081e+00 8.418666e+00
9.404060e+00 6.113723e+00 8.417785e+00
9.405059e+00 2.315680e-01 8.416904e+00
9.406059e+00 -5.613146e+00 8.416023e+00
9.407059e+00 -9.132318e+00 8.415142e+00
9.408059e+00 -8.882687e+00 8.414262e+00
9.409059e+00 -5.072906e+00 8.413383e+00
9.410059e+00 8.412344e-01 8.412506e+00
9.411059e+00 6.659423e+00 8.411631e+00
9.412059e+00 1.015181e+01 8.410757e+00
9.413059e+00 9.934574e+00 8.409886e+00
9.414059e+00 6.100122e+00 8.409018e+00
9.415058e+00 2.188124e-01 8.408154e+00
9.416058e+00 -5.664927e+00 8.407292e+00
9.417058e+00 -9.108122e+00 8.406435e+00
9.418058e+00 -8.950931e+00 8.405581e+00
9.419058e+00 -5.100981e+00 8.404732e+00
9.420058e+00 7.607590e-01 8.403887e+00
9.421058e+00 6.625629e+00 8.403048e+00
9.422058e+00 1.017823e+01 8.402213e+00
9.423058e+00 9.904068e+00 8.401385e+00
9.424058e+00 6.069858e+00 8.400561e+00
9.425057e+00 9.175527e-02 8.399744e+00
9.426057e+00 -5.694698e+00 8.398933e+00
9.427057e+00 -9.258882e+00 8.398128e+00
9.428057e+00 -8.951917e+00 8.397330e+00
9.429057e+00 -5.074046e+00 8.396538e+00
9.430057e+00 7.508145e-01 8.395754e+00
9.431057e+00 6.560528e+00 8.394976e+00
9.432057e+00 9.997031e+00 8.394206e+00
9.433057e+00 9.824504e+00 8.393443e+00
9.434057e+00 5.956085e+00 8.392688e+00
9.435056e+00 2.826146e-02 8.391940e+00
9.436056e+00 -5.837252e+00 8.391200e+00
9.437056e+00 -9.209551e+00 8.390468e+00
9.438056e+00 -8.919959e+00 8.389744e+00
9.439056e+00 -5.336615e+00 8.389028e+00
9.440056e+00 6.853899e-01 8.388320e+00
9.441056e+00 6.437123e+00 8.387620e+00
9.442056e+00 1.007297e+01 8.386928e+00
9.443056e+00 9.726855e+00 8.386244e+00
9.444056e+00 5.950267e+00 8.385569e+00
9.445055e+00 -3.064157e-02 8.384901e+00
9.446055e+00 -5.814341e+00 8.384241e+00
9.447055e+00 -9.347492e+00 8.383590e+00
9.448055e+00 -9.110880e+00 8.382946e+00
9.449055e+00 -5.248430e+00 8.382311e+00
9.450055e+00 6.912155e-01 8.381683e+00
9.451055e+00 6.545595e+00 8.381063e+00
9.452055e+00 9.931512e+00 8.380450e+00
9.453055e+00 9.670613e+00 8.379845e+00
9.454055e+00 5.911730e+00 8.379247e+00
9.455054e+00 -4.860325e-02 8.378656e+00
9.456054e+00 -5.874212e+00 8.378072e+00
9.457054e+00 -9.333866e+00 8.377495e+00
9.458054e+00 -9.093121e+00 8.376924e+00
9.459054e+00 -5.425774e+00 8.376360e+00
9.460054e+00 6.057019e-01 8.375801e+00
9.461054e+00 6.431600e+00 8.375249e+00
9.462054e+00 9.741347e+00 8.374701e+00
9.463054e+00 9.666122e+00 8.374159e+00
9.464054e+00 5.749336e+00 8.373622e+00
9.465053e+00 -1.329906e-01 8.373090e+00
9.466053e+00 -5.925928e+00 8.372561e+00
9.467053e+00 -9.316208e+00 8.372037e+00
9.468053e+00 -9.248411e+00 8.371516e+00
9.469053e+00 -5.369215e+00 8.370998e+00
9.470053e+00 5.822726e-01 8.370483e+00
9.471053e+00 6.273826e+00 8.369970e+00
9.472053e+00 9.835778e+00 8.369459e+00
9.473053e+00 9.602030e+00 8.368949e+00
9.474053e+00 5.755448e+00 8.368440e+00
9.475052e+00 -1.669315e-01 8.367932e+00
9.476052e+00 -5.959441e+00 8.367424e+00
9.477052e+00 -9.471841e+00 8.366915e+00
9.478052e+00 -9.330714e+00 8.366405e+00
9.479052e+00 -5.492021e+00 8.365894e+00
9.480052e+00 5.941315e-01 8.365380e+00
9.481052e+00 6.258959e+00 8.364864e+00
9.482052e+00 9.609233e+00 8.364344e+00
9.483052e+00 9.602617e+00 8.363821e+00
9.484052e+00 5.657057e+00 8.363293e+00
9.485051e+00 -2.040284e-01 8.362760e+00
9.486051e+00 -6.032043e+00 8.362222e+00
9.487051e+00 -9.543715e+00 8.361677e+00
9.488051e+00 -9.360914e+00 8.361125e+00
9.489051e+00 -5.548341e+00 8.360565e+00
9.490051e+00 3.685690e-01 8.359997e+00
9.491051e+00 6.161369e+00 8.359420e+00
9.492051e+00 9.659628e+00 8.358834e+00
9.493051e+00 9.463069e+00 8.358237e+00
9.494051e+00 5.649709e+00 8.357628e+00
9.495050e+00 -2.902267e-01 8.357008e+00
9.496050e+00 -6.184390e+00 8.356376e+00
9.497050e+00 -9.645358e+00 8.355730e+00
9.498050e+00 -9.450847e+00 8.355069e+00
9.499050e+00 -5.537745e+00 8.354394e+00
9.500050e+00 2.850906e-01 8.353703e+00
9.501050e+00 6.099426e+00 8.352996e+00
9.502050e+00 9.664898e+00 8.352272e+00
9.503050e+00 9.419472e+00 8.351529e+00
9.504050e+00 5.584431e+00 8.350767e+00
9.505049e+00 -2.768783e-01 8.349986e+00
9.506049e+00 -6.184641e+00 8.349184e+00
9.507049e+00 -9.718243e+00 8.348361e+00
9.508049e+00 -9.503679e+00 8.347516e+00
9.509049e+00 -5.716192e+00 8.346647e+00
9.510049e+00 1.679497e-01 8.345755e+00
9.511049e+00 5.986067e+00 8.344838e+00
9.512049e+00 9.493450e+00 8.343895e+00
9.513049e+00 9.358421e+00 8.342925e+00
9.514049e+00 5.531522e+00 8.341929e+00
9.515048e+00 -4.454517e-01 8.340903e+00
9.516048e+00 -6.172282e+00 8.339849e+00
9.517048e+00 -9.752977e+00 8.338765e+00
9.518048e+00 -9.580000e+00 8.337649e+00
9.519048e+00 -5.822930e+00 8.336502e+00
9.520048e+00 1.850553e-01 8.335322e+00
9.521048e+00 5.993004e+00 8.334108e+00
9.522048e+00 9.440363e+00 8.332860e+00
9.523048e+00 9.192000e+00 8.331576e+00
9.524048e+00 5.452735e+00 8.330256e+00
9.525047e+00 -4.284756e-01 8.328899e+00
9.526047e+00 -6.336405e+00 8.327503e+00
9.527047e+00 -9.757204e+00 8.326069e+00
9.528047e+00 -9.607279e+00 8.324594e+00
9.529047e+00 -5.802395e+00 8.323078e+00
9.530047e+00 1.143744e-01 8.321521e+00
9.531047e+00 5.917069e+00 8.319920e+00
9.532047e+00 9.307033e+00 8.318276e+00
9.533047e+00 9.259032e+00 8.316588e+00
9.534047e+00 5.460584e+00 8.314853e+00
9.535046e+00 -5.530665e-01 8.313073e+00
9.536046e+00 -6.411618e+00 8.311245e+00
9.537046e+00 -9.846242e+00 8.309369e+00
9.538046e+00 -9.651226e+00 8.307444e+00
9.539046e+00 -5.904388e+00 8.305468e+00
9.540046e+00 3.062782e-02 8.303442e+00
9.541046e+00 5.876046e+00 8.301364e+00
9.542046e+00 9.297481e+00 8.299233e+00
9.543046e+00 9.195218e+00 8.297049e+00
9.544046e+00 5.396136e+00 8.294810e+00
9.545045e+00 -5.499350e-01 8.292516e+00
9.546045e+00 -6.393600e+00 8.290166e+00
9.547045e+00 -9.914218e+00 8.287758e+00
9.548045e+00 -9.730475e+00 8.285293e+00
9.549045e+00 -5.864975e+00 8.282769e+00
9.550045e+00 -8.497508e-02 8.280185e+00
9.551045e+00 5.846099e+00 8.277540e+00
9.552045e+00 9.311227e+00 8.274834e+00
9.553045e+00 9.102860e+00 8.272066e+00
9.554045e+00 5.206539e+00 8.269235e+00
9.555044e+00 -6.286975e-01 8.266340e+00
9.556044e+00 -6.503052e+00 8.263380e+00
9.557044e+00 -9.926177e+00 8.260355e+00
9.558044e+00 -9.763761e+00 8.257263e+00
9.559044e+00 -6.151820e+00 8.254105e+00
9.560044e+00 -8.220749e-02 8.250878e+00
9.561044e+00 5.700042e+00 8.247583e+00
9.562044e+00 9.173220e+00 8.244218e+00
9.563044e+00 9.010988e+00 8.240783e+00
9.564044e+00 5.205732e+00 8.237276e+00
9.565043e+00 -6.723143e-01 8.233699e+00
9.566043e+00 -6.516984e+00 8.230048e+00
9.567043e+00 -1.003296e+01 8.226324e+00
9.568043e+00 -9.841585e+00 8.222526e+00
9.569043e+00 -6.042114e+00 8.218654e+00
9.570043e+00 -1.680058e-01 8.214706e+00
9.571043e+00 5.689855e+00 8.210682e+00
9.572043e+00 9.254382e+00 8.206580e+00
9.573043e+00 8.998556e+00 8.202402e+00
9.574043e+00 5.201646e+00 8.198145e+00
9.575042e+00 -7.101618e-01 8.193809e+00
9.576042e+00 -6.527872e+00 8.189393e+00
9.577042e+00 -1.003916e+01 8.184897e+00
9.578042e+00 -9.918704e+00 8.180320e+00
9.579042e+00 -6.261069e+00 8.175662e+00
9.580042e+00 -2.609210e-01 8.170921e+00
9.581042e+00 5.576431e+00 8.166097e+00
9.582042e+00 9.118050e+00 8.161190e+00
9.583042e+00 8.961839e+00 8.156199e+00
9.584042e+00 5.139004e+00 8.151123e+00
9.585041e+00 -6.262765e-01 8.145962e+00
9.586041e+00 -6.597744e+00 8.140715e+00
9.587041e+00 -1.001529e+01 8.135381e+00
9.588041e+00 -9.939368e+00 8.129960e+00
9.589041e+00 -6.181956e+00 8.124452e+00
9.590041e+00 -1.887595e-01 8.118856e+00
9.591041e+00 5.532996e+00 8.113170e+00
9.592041e+00 8.935034e+00 8.107396e+00
9.593041e+00 8.859200e+00 8.101532e+00
9.594041e+00 5.094171e+00 8.095577e+00
9.595040e+00 -7.437683e-01 8.089532e+00
9.596040e+00 -6.708290e+00 8.083395e+00
9.597040e+00 -1.024768e+01 8.077167e+00
9.598040e+00 -1.004120e+01 8.070846e+00
9.599040e+00 -6.267881e+00 8.064433e+00
9.600040e+00 -2.901091e-01 8.057926e+00
9.601040e+00 5.411099e+00 8.051326e+00
9.602040e+00 9.043765e+00 8.044631e+00
9.603040e+00 8.792460e+00 8.037842e+00
9.604040e+00 4.995187e+00 8.030958e+00
9.605039e+00 -9.013731e-01 8.023979e+00
9.606039e+00 -6.650249e+00 8.016903e+00
9.607039e+00 -1.017782e+01 8.009731e+00
9.608039e+00 -1.009660e+01 8.002463e+00
9.609039e+00 -6.324022e+00 7.995098e+00
9.610039e+00 -4.287523e-01 7.987635e+00
9.611039e+00 5.424473e+00 7.980074e+00
9.612039e+00 8.906296e+00 7.972415e+00
9.613039e+00 8.780625e+00 7.964657e+00
9.614039e+00 5.016186e+00 7.956801e+00
9.615038e+00 -8.730877e-01 7.948845e+00
9.616038e+00 -6.750028e+00 7.940789e+00
9.617038e+00 -1.026526e+01 7.932634e+00
9.618038e+00 -1.006402e+01 7.924378e+00
9.619038e+00 -6.337953e+00 7.916022e+00
9.620038e+00 -4.344292e-01 7.907565e+00
9.621038e+00 5.444966e+00 7.899006e+00
9.622038e+00 8.849133e+00 7.890346e+00
9.623038e+00 8.797417e+00 7.881584e+00
9.624038e+00 4.984948e+00 7.872720e+00
9.625037e+00 -1.023881e+00 7.863754e+00
9.626037e+00 -6.735487e+00 7.854685e+00
9.627037e+00 -1.030517e+01 7.845514e+00
9.628037e+00 -1.016825e+01 7.836239e+00
9.629037e+00 -6.419534e+00 7.826861e+00
9.630037e+00 -5.632289e-01 7.817379e+00
9.631037e+00 5.249111e+00 7.807793e+00
9.632037e+00 8.900765e+00 7.798103e+00
9.633037e+00 8.660519e+00 7.788309e+00
9.634037e+00 5.057806e+00 7.778411e+00
9.635036e+00 -1.026780e+00 7.768407e+00
9.636036e+00 -6.846226e+00 7.758299e+00
9.637036e+00 -1.043427e+01 7.748086e+00
9.638036e+00 -1.018669e+01 7.737767e+00
9.639036e+00 -6.473383e+00 7.727343e+00
9.640036e+00 -5.353702e-01 7.716813e+00
9.641036e+00 5.332368e+00 7.706177e+00
9.642036e+00 8.734976e+00 7.695436e+00
9.643036e+00 8.606248e+00 7.684588e+00
9.644036e+00 4.886049e+00 7.673634e+00
9.645035e+00 -1.069364e+00 7.662574e+00
9.646035e+00 -6.832805e+00 7.651407e+00
9.647035e+00 -1.032272e+01 7.640133e+00
9.648035e+00 -1.025325e+01 7.628753e+00
9.649035e+00 -6.512885e+00 7.617265e+00
9.650035e+00 -5.814355e-01 7.605671e+00
9.651035e+00 5.123573e+00 7.593969e+00
9.652035e+00 8.773253e+00 7.582160e+00
9.653035e+00 8.488769e+00 7.570244e+00
9.654035e+00 4.867411e+00 7.558220e+00
9.655034e+00 -1.104391e+00 7.546089e+00
9.656034e+00 -6.846589e+00 7.533850e+00
9.657034e+00 -1.041705e+01 7.521503e+00
9.658034e+00 -1.028543e+01 7.509049e+00
9.659034e+00 -6.582824e+00 7.496487e+00
9.660034e+00 -6.534761e-01 7.483817e+00
9.661034e+00 5.256093e+00 7.471039e+00
9.662034e+00 8.783814e+00 7.458153e+00
9.663034e+00 8.603012e+00 7.445159e+00
9.664034e+00 4.827895e+00 7.432057e+00
9.665033e+00 -1.042228e+00 7.418846e+00
9.666033e+00 -6.943777e+00 7.405528e+00
9.667033e+00 -1.046033e+01 7.392102e+00
9.668033e+00 -1.034307e+01 7.378567e+00
9.669033e+00 -6.588304e+00 7.364924e+00
9.670033e+00 -6.155926e-01 7.351173e+00
9.671033e+00 5.131239e+00 7.337313e+00
9.672033e+00 8.627562e+00 7.323345e+00
9.673033e+00 8.512671e+00 7.309270e+00
9.674033e+00 4.895588e+00 7.295085e+00
9.675032e+00 -1.079302e+00 7.280793e+00
9.676032e+00 -6.975677e+00 7.266392e+00
9.677032e+00 -1.052867e+01 7.251884e+00
9.678032e+00 -1.045095e+01 7.237267e+00
9.679032e+00 -6.585586e+00 7.222541e+00
9.680032e+00 -8.094823e-01 7.207708e+00
9.681032e+00 5.082967e+00 7.192767e+00
9.682032e+00 8.594360e+00 7.177717e+00
9.683032e+00 8.539745e+00 7.162560e+00
9.684032e+00 4.774507e+00 7.147295e+00
9.685031e+00 -1.103515e+00 7.131921e+00
9.686031e+00 -6.990210e+00 7.116440e+00
9.687031e+00 -1.051313e+01 7.100851e+00
9.688031e+00 -1.032611e+01 7.085154e+00
9.689031e+00 -6.628656e+00 7.069349e+00
9.690031e+00 -7.340703e-01 7.053437e+00
9.691031e+00 5.089740e+00 7.037417e+00
9.692031e+00 8.574927e+00 7.021289e+00
9.693031e+00 8.437152e+00 7.005054e+00
9.694031e+00 4.826826e+00 6.988712e+00
9.695030e+00 -1.133496e+00 6.972262e+00
9.696030e+00 -6.879680e+00 6.955705e+00
9.697030e+00 -1.043555e+01 6.939041e+00
9.698030e+00 -1.036355e+01 6.922269e+00
9.699030e+00 -6.712292e+00 6.905391e+00
9.700030e+00 -7.582347e-01 6.888405e+00
9.701030e+00 5.016866e+00 6.871313e+00
9.702030e+00 8.618484e+00 6.854114e+00
9.703030e+00 8.504802e+00 6.836808e+00
9.704030e+00 4.769183e+00 6.819395e+00
9.705029e+00 -1.144844e+00 6.801876e+00
9.706029e+00 -6.965096e+00 6.784250e+00
9.707029e+00 -1.052176e+01 6.766518e+00
9.708029e+00 -1.049779e+01 6.748680e+00
9.709029e+00 -6.677169e+00 6.730735e+00
9.710029e+00 -7.403478e-01 6.712684e+00
9.711029e+00 5.130334e+00 6.694528e+00
9.712029e+00 8.484792e+00 6.676265e+00
9.713029e+00 8.456591e+00 6.657896e+00
9.714029e+00 4.742756e+00 6.639422e+00
9.715028e+00 -1.217094e+00 6.620841e+00
9.716028e+00 -6.995409e+00 6.602156e+00
9.717028e+00 -1.052744e+01 6.583364e+00
9.718028e+00 -1.046178e+01 6.564467e+00
9.719028e+00 -6.724618e+00 6.545465e+00
9.720028e+00 -7.689008e-01 6.526358e+00
9.721028e+00 4.982276e+00 6.507145e+00
9.722028e+00 8.631957e+00 6.487828e+00
9.723028e+00 8.578409e+00 6.468405e+00
9.724028e+00 4.729232e+00 6.448877e+00
9.725027e+00 -1.234312e+00 6.429245e+00
9.726027e+00 -7.081510e+00 6.409507e+00
9.727027e+00 -1.056541e+01 6.389665e+00
9.728027e+00 -1.051102e+01 6.369718e+00
9.729027e+00 -6.669131e+00 6.349667e+00
9.730027e+00 -8.507628e-01 6.329511e+00
9.731027e+00 5.046248e+00 6.309251e+00
9.732027e+00 8.446617e+00 6.288887e+00
9.733027e+00 8.457769e+00 6.268418e+00
9.734027e+00 4.803780e+00 6.247845e+00
9.735026e+00 -1.092615e+00 6.227168e+00
9.736026e+00 -6.979894e+00 6.206387e+00
9.737026e+00 -1.057470e+01 6.185501e+00
9.738026e+00 -1.043730e+01 6.164512e+00
9.739026e+00 -6.709678e+00 6.143419e+00
9.740026e+00 -7.550480e-01 6.122222e+00
9.741026e+00 4.951009e+00 6.100921e+00
9.742026e+00 8.491998e+00 6.079517e+00
9.743026e+00 8.473723e+00 6.058008e+00
9.744026e+00 4.789826e+00 6.036397e+00
9.745025e+00 -1.247191e+00 6.014681e+00
9.746025e+00 -7.060579e+00 5.992862e+00
9.747025e+00 -1.050622e+01 5.970939e+00
9.748025e+00 -1.045409e+01 5.948913e+00
9.749025e+00 -6.785683e+00 5.926784e+00
9.750025e+00 -7.931221e-01 5.904551e+00
9.751025e+00 5.003365e+00 5.882215e+00
9.752025e+00 8.507538e+00 5.859775e+00
9.753025e+00 8.406481e+00 5.837232e+00
9.754025e+00 4.728891e+00 5.814586e+00
9.755024e+00 -1.176489e+00 5.791837e+00
9.756024e+00 -6.892896e+00 5.768984e+00
9.757024e+00 -1.054262e+01 5.746029e+00
9.758024e+00 -1.040867e+01 5.722970e+00
9.759024e+00 -6.724363e+00 5.699808e+00
9.760024e+00 -8.317471e-01 5.676543e+00
9.761024e+00 4.983839e+00 5.653175e+00
9.762024e+00 8.542598e+00 5.629704e+00
9.763024e+00 8.423169e+00 5.606130e+00
9.764024e+00 4.687527e+00 5.582453e+00
9.765023e+00 -1.039584e+00 5.558673e+00
9.766023e+00 -7.029328e+00 5.534790e+00
9.767023e+00 -1.044063e+01 5.510805e+00
9.768023e+00 -1.051247e+01 5.486716e+00
9.769023e+00 -6.710859e+00 5.462525e+00
9.770023e+00 -7.950221e-01 5.438232e+00
9.771023e+00 5.017376e+00 5.413835e+00
9.772023e+00 8.432971e+00 5.389336e+00
9.773023e+00 8.466925e+00 5.364735e+00
9.774023e+00 4.772599e+00 5.340031e+00
9.775022e+00 -1.208858e+00 5.315224e+00
9.776022e+00 -6.944431e+00 5.290315e+00
9.777022e+00 -1.055358e+01 5.265304e+00
9.778022e+00 -1.038776e+01 5.240191e+00
9.779022e+00 -6.736506e+00 5.214976e+00
9.780022e+00 -8.460398e-01 5.189658e+00
9.781022e+00 4.951813e+00 5.164239e+00
9.782022e+00 8.553557e+00 5.138718e+00
9.783022e+00 8.538938e+00 5.113095e+00
9.784022e+00 4.820770e+00 5.087371e+00
9.785021e+00 -9.774439e-01 5.061545e+00
9.786021e+00 -6.950303e+00 5.035618e+00
9.787021e+00 -1.045290e+01 5.009590e+00
9.788021e+00 -1.044857e+01 4.983461e+00
9.789021e+00 -6.822763e+00 4.957231e+00
9.790021e+00 -9.090183e-01 4.930900e+00
9.791021e+00 5.025528e+00 4.904470e+00
9.792021e+00 8.594456e+00 4.877938e+00
9.793021e+00 8.490992e+00 4.851307e+00
9.794021e+00 4.891210e+00 4.824577e+00
9.795020e+00 -1.132551e+00 4.797747e+00
9.796020e+00 -7.009177e+00 4.770817e+00
9.797020e+00 -1.048421e+01 4.743789e+00
9.798020e+00 -1.044061e+01 4.716662e+00
9.799020e+00 -6.717024e+00 4.689437e+00
9.800020e+00 -8.253876e-01 4.662114e+00
9.801020e+00 5.105139e+00 4.634694e+00
9.802020e+00 8.729535e+00 4.607176e+00
9.803020e+00 8.498953e+00 4.579562e+00
9.804020e+00 4.814565e+00 4.551851e+00
9.805019e+00 -9.976811e-01 4.524045e+00
9.806019e+00 -6.885876e+00 4.496143e+00
9.807019e+00 -1.053489e+01 4.468146e+00
9.808019e+00 -1.042784e+01 4.440054e+00
9.809019e+00 -6.636980e+00 4.411869e+00
9.810019e+00 -7.748313e-01 4.383591e+00
9.811019e+00 5.014098e+00 4.355220e+00
9.812019e+00 8.529882e+00 4.326756e+00
9.813019e+00 8.540567e+00 4.298202e+00
9.814019e+00 4.901201e+00 4.269556e+00
9.815018e+00 -1.003179e+00 4.240821e+00
9.816018e+00 -6.834174e+00 4.211996e+00
9.817018e+00 -1.050313e+01 4.183083e+00
9.818018e+00 -1.035544e+01 4.154082e+00
9.819018e+00 -6.727398e+00 4.124994e+00
9.820018e+00 -7.656333e-01 4.095820e+00
9.821018e+00 5.113697e+00 4.066561e+00
9.822018e+00 8.633737e+00 4.037218e+00
9.823018e+00 8.533188e+00 4.007791e+00
9.824018e+00 4.795456e+00 3.978282e+00
9.825017e+00 -1.042590e+00 3.948692e+00
9.826017e+00 -6.768263e+00 3.919022e+00
9.827017e+00 -1.037880e+01 3.889273e+00
9.828017e+00 -1.037815e+01 3.859445e+00
9.829017e+00 -6.654302e+00 3.829542e+00
9.830017e+00 -7.664254e-01 3.799562e+00
9.831017e+00 5.021621e+00 3.769509e+00
9.832017e+00 8.610505e+00 3.739382e+00
9.833017e+00 8.602519e+00 3.709184e+00
9.834017e+00 4.895370e+00 3.678915e+00
9.835016e+00 -9.326038e-01 3.648578e+00
9.836016e+00 -6.855684e+00 3.618174e+00
9.837016e+00 -1.043248e+01 3.587703e+00
9.838016e+00 -1.030360e+01 3.557169e+00
9.839016e+00 -6.613144e+00 3.526572e+00
9.840016e+00 -6.809756e-01 3.495913e+00
9.841016e+00 5.083072e+00 3.465196e+00
9.842016e+00 8.718878e+00 3.434420e+00
9.843016e+00 8.670853e+00 3.403589e+00
9.844016e+00 4.938922e+00 3.372703e+00
9.845015e+00 -8.985923e-01 3.341766e+00
9.846015e+00 -6.717900e+00 3.310778e+00
9.847015e+00 -1.034671e+01 3.279741e+00
9.848015e+00 -1.026767e+01 3.248658e+00
9.849015e+00 -6.557057e+00 3.217531e+00
9.850015e+00 -6.546766e-01 3.186361e+00
9.851015e+00 5.136088e+00 3.155151e+00
9.852015e+00 8.728216e+00 3.123903e+00
9.853015e+00 8.645119e+00 3.092619e+00
9.854015e+00 5.034838e+00 3.061301e+00
9.855014e+00 -9.200856e-01 3.029952e+00
9.856014e+00 -6.613395e+00 2.998574e+00
9.857014e+00 -1.036098e+01 2.967169e+00
9.858014e+00 -1.030431e+01 2.935739e+00
9.859014e+00 -6.615440e+00 2.904288e+00
9.860014e+00 -6.882527e-01 2.872817e+00
9.861014e+00 5.114609e+00 2.841329e+00
9.862014e+00 8.715451e+00 2.809827e+00
9.863014e+00 8.706050e+00 2.778313e+00
9.864014e+00 5.130149e+00 2.746789e+00
9.865013e+00 -9.044870e-01 2.715259e+00
9.866013e+00 -6.651098e+00 2.683726e+00
9.867013e+00 -1.025850e+01 2.652191e+00
9.868013e+00 -1.029849e+01 2.620658e+00
9.869013e+00 -6.554145e+00 2.589129e+00
9.870013e+00 -6.118484e-01 2.557608e+00
9.871013e+00 5.263437e+00 2.526096e+00
9.872013e+00 8.861780e+00 2.494598e+00
9.873013e+00 8.796244e+00 2.463116e+00
9.874013e+00 5.084161e+00 2.431652e+00
9.875012e+00 -8.268733e-01 2.400210e+00
9.876012e+00 -6.524025e+00 2.368793e+00
9.877012e+00 -1.025525e+01 2.337404e+00
9.878012e+00 -1.016216e+01 2.306046e+00
9.879012e+00 -6.467574e+00 2.274721e+00
9.880012e+00 -6.343526e-01 2.243434e+00
9.881012e+00 5.267124e+00 2.212187e+00
9.882012e+00 8.874872e+00 2.180982e+00
9.883012e+00 8.835594e+00 2.149824e+00
9.884012e+00 5.167917e+00 2.118715e+00
9.885011e+00 -7.074462e-01 2.087659e+00
9.886011e+00 -6.526743e+00 2.056659e+00
9.887011e+00 -1.011580e+01 2.025717e+00
9.888011e+00 -1.018678e+01 1.994837e+00
9.889011e+00 -6.571986e+00 1.964022e+00
9.890011e+00 -5.943965e-01 1.933276e+00
9.891011e+00 5.320405e+00 1.902601e+00
9.892011e+00 8.953480e+00 1.872001e+00
9.893011e+00 8.924693e+00 1.841478e+00
9.894011e+00 5.194914e+00 1.811037e+00
9.895010e+00 -6.270558e-01 1.780680e+00
9.896010e+00 -6.559529e+00 1.750409e+00
9.897010e+00 -1.006960e+01 1.720230e+00
9.898010e+00 -1.010894e+01 1.690144e+00
9.899010e+00 -6.456705e+00 1.660154e+00
9.900010e+00 -5.087394e-01 1.630264e+00
9.901010e+00 5.335967e+00 1.600478e+00
9.902010e+00 9.008071e+00 1.570797e+00
9.903010e+00 8.880569e+00 1.541225e+00
9.904010e+00 5.193336e+00 1.511765e+00
9.905009e+00 -6.905886e-01 1.482420e+00
9.906009e+00 -6.453927e+00 1.453193e+00
9.907009e+00 -1.013492e+01 1.424087e+00
9.908009e+00 -1.005489e+01 1.395105e+00
9.909009e+00 -6.279557e+00 1.366250e+00
9.910009e+00 -4.656236e-01 1.337525e+00
9.911009e+00 5.389464e+00 1.308932e+00
9.912009e+00 8.943924e+00 1.280474e+00
9.913009e+00 9.042870e+00 1.252155e+00
9.914009e+00 5.251830e+00 1.223977e+00
9.915008e+00 -4.857137e-01 1.195942e+00
9.916008e+00 -6.393346e+00 1.168054e+00
9.917008e+00 -1.000581e+01 1.140314e+00
9.918008e+00 -9.991511e+00 1.112726e+00
9.919008e+00 -6.311479e+00 1.085292e+00
9.920008e+00 -4.983429e-01 1.058015e+00
9.921008e+00 5.431033e+00 1.030897e+00
9.922008e+00 9.130917e+00 1.003940e+00
9.923008e+00 9.122226e+00 9.771474e-01
9.924008e+00 5.433410e+00 9.505209e-01
9.925007e+00 -4.786455e-01 9.240629e-01
9.926007e+00 -6.392653e+00 8.977757e-01
9.927007e+00 -9.953129e+00 8.716615e-01
9.928007e+00 -9.904858e+00 8.457224e-01
9.929007e+00 -6.266965e+00 8.199606e-01
9.930007e+00 -3.698833e-01 7.943779e-01
9.931007e+00 5.466588e+00 7.689766e-01
9.932007e+00 9.117078e+00 7.437585e-01
9.933007e+00 9.005429e+00 7.187255e-01
9.934007e+00 5.358435e+00 6.938794e-01
9.935006e+00 -4.838366e-01 6.692221e-01
9.936006e+00 -6.303958e+00 6.447553e-01
9.937006e+00 -9.946293e+00 6.204807e-01
9.938006e+00 -9.995462e+00 5.963999e-01
9.939006e+00 -6.278040e+00 5.725144e-01
9.940006e+00 -3.825559e-01 5.488259e-01
9.941006e+00 5.493173e+00 5.253357e-01
9.942006e+00 9.198504e+00 5.020454e-01
9.943006e+00 9.163076e+00 4.789562e-01
9.944006e+00 5.519223e+00 4.560695e-01
9.945005e+00 -3.233160e-01 4.333865e-01
9.946005e+00 -6.109005e+00 4.109085e-01
9.947005e+00 -9.852941e+00 3.886366e-01
9.948005e+00 -9.838504e+00 3.665718e-01
9.949005e+00 -6.109378e+00 3.447153e-01
9.950005e+00 -2.586121e-01 3.230681e-01
9.951005e+00 5.559174e+00 3.016310e-01
9.952005e+00 9.291909e+00 2.804049e-01
9.953005e+00 9.166406e+00 2.593908e-01
9.954005e+00 5.495401e+00 2.385893e-01
9.955004e+00 -2.963322e-01 2.180012e-01
9.956004e+00 -6.178384e+00 1.976273e-01
9.957004e+00 -9.727867e+00 1.774680e-01
9.958004e+00 -9.755787e+00 1.575241e-01
9.959004e+00 -6.111074e+00 1.377960e-01
9.960004e+00 -1.582968e-01 1.182843e-01
9.961004e+00 5.615812e+00 9.898932e-02
9.962004e+00 9.244449e+00 7.991152e-02
9.963004e+00 9.266112e+00 6.105123e-02
9.964004e+00 5.662831e+00 4.240875e-02
9.965003e+00 -2.151099e-01 2.398433e-02
9.966003e+00 -6.078354e+00 5.778172e-03
9.967003e+00 -9.709323e+00 -1.220955e-02
9.968003e+00 -9.661967e+00 -2.997873e-02
9.969003e+00 -6.003628e+00 -4.752928e-02
9.970003e+00 -1.390509e-01 -6.486117e-02
9.971003e+00 5.652774e+00 -8.197441e-02
9.972003e+00 9.337130e+00 -9.886905e-02
9.973003e+00 9.272816e+00 -1.155452e-01
9.974003e+00 5.779397e+00 -1.320029e-01
9.975002e+00 -1.875008e-01 -1.482425e-01
9.976002e+00 -6.099323e+00 -1.642640e-01
9.977002e+00 -9.652546e+00 -1.800677e-01
9.978002e+00 -9.582504e+00 -1.956540e-01
9.979002e+00 -5.990707e+00 -2.110231e-01
9.980002e+00 -6.319830e-02 -2.261754e-01
9.981002e+00 5.749865e+00 -2.411112e-01
9.982002e+00 9.378953e+00 -2.558311e-01
9.983002e+00 9.372839e+00 -2.703354e-01
9.984002e+00 5.782376e+00 -2.846246e-01
9.985001e+00 -1.576878e-01 -2.986993e-01
9.986001e+00 -5.940693e+00 -3.125600e-01
9.987001e+00 -9.620417e+00 -3.262072e-01
9.988001e+00 -9.510640e+00 -3.396417e-01
9.989001e+00 -5.943202e+00 -3.528639e-01
9.990001e+00 -1.332203e-02 -3.658747e-01
9.991001e+00 5.768926e+00 -3.786747e-01
9.992001e+00 9.440129e+00 -3.912646e-01
9.993001e+00 9.520210e+00 -4.036452e-01
9.994001e+00 5.852433e+00 -4.158172e-01
9.995000e+00 -6.996642e-02 -4.277814e-01
9.996000e+00 -5.820002e+00 -4.395387e-01
9.997000e+00 -9.538993e+00 -4.510900e-01
9.998000e+00 -9.480820e+00 -4.624360e-01
9.999000e+00 -5.861499e+00 -4.735777e-01
1.000000e+01 -6.783623e-03 -4.845160e-01
