0.000000e+00 5.649498e-03 -1.882634e-02
9.999000e-02 5.482103e-01 -1.314524e-02
1.999800e-01 8.484483e-01 -7.486605e-03
2.999700e-01 7.602276e-01 -1.849881e-03
3.999600e-01 3.074411e-01 3.765498e-03
4.999500e-01 -2.213223e-01 9.360097e-03
5.999400e-01 -8.597497e-01 1.493448e-02
6.999300e-01 -1.428732e+00 2.048923e-02
7.999200e-01 -1.417434e+00 2.602490e-02
8.999100e-01 -1.170227e+00 3.154206e-02
9.999000e-01 -6.719497e-01 3.704130e-02
1.099890e+00 -9.675885e-02 4.252317e-02
1.199880e+00 2.144451e-01 4.798827e-02
1.299870e+00 9.368138e-02 5.343716e-02
1.399860e+00 -2.352802e-01 5.887043e-02
1.499850e+00 -8.466636e-01 6.428865e-02
1.599840e+00 -1.634511e+00 6.969240e-02
1.699830e+00 -2.098340e+00 7.508227e-02
1.799820e+00 -2.018562e+00 8.045884e-02
1.899810e+00 -1.812493e+00 8.582270e-02
1.999800e+00 -1.213813e+00 9.117443e-02
2.099790e+00 -7.466217e-01 9.651461e-02
2.199780e+00 -4.049334e-01 1.018438e-01
2.299770e+00 -4.832459e-01 1.071627e-01
2.399760e+00 -9.656029e-01 1.124718e-01
2.499750e+00 -1.585687e+00 1.177717e-01
2.599740e+00 -2.270106e+00 1.230631e-01
2.699730e+00 -2.681332e+00 1.283464e-01
2.799720e+00 -2.744098e+00 1.336224e-01
2.899710e+00 -2.507382e+00 1.388915e-01
2.999700e+00 -1.817594e+00 1.441545e-01
3.099690e+00 -1.395909e+00 1.494118e-01
3.199680e+00 -1.106756e+00 1.546642e-01
3.299670e+00 -1.093215e+00 1.599122e-01
3.399660e+00 -1.499782e+00 1.651563e-01
3.499650e+00 -2.224899e+00 1.703973e-01
3.599640e+00 -2.785402e+00 1.756357e-01
3.699630e+00 -3.226023e+00 1.808721e-01
3.799620e+00 -3.272062e+00 1.861071e-01
3.899610e+00 -3.010112e+00 1.913413e-01
3.999600e+00 -2.524567e+00 1.965754e-01
4.099590e+00 -1.969899e+00 2.018099e-01
4.199580e+00 -1.550610e+00 2.070455e-01
4.299570e+00 -1.705877e+00 2.122828e-01
4.399560e+00 -2.180834e+00 2.175223e-01
4.499550e+00 -2.801705e+00 2.227647e-01
4.599540e+00 -3.478978e+00 2.280106e-01
4.699530e+00 -3.869646e+00 2.332606e-01
4.799520e+00 -3.864936e+00 2.385153e-01
4.899510e+00 -3.634209e+00 2.437754e-01
4.999500e+00 -3.022356e+00 2.490414e-01
5.099490e+00 -2.607266e+00 2.543140e-01
5.199480e+00 -2.185705e+00 2.595937e-01
5.299470e+00 -2.365359e+00 2.648812e-01
5.399460e+00 -2.713950e+00 2.701772e-01
5.499450e+00 -3.465905e+00 2.754821e-01
5.599440e+00 -4.019294e+00 2.807967e-01
5.699430e+00 -4.419161e+00 2.861215e-01
5.799420e+00 -4.513380e+00 2.914572e-01
5.899410e+00 -4.208593e+00 2.968043e-01
5.999400e+00 -3.694994e+00 3.021635e-01
6.099390e+00 -3.132329e+00 3.075354e-01
6.199380e+00 -2.837287e+00 3.129207e-01
6.299370e+00 -2.895691e+00 3.183198e-01
6.399360e+00 -3.329520e+00 3.237335e-01
6.499350e+00 -3.943311e+00 3.291623e-01
6.599340e+00 -4.593517e+00 3.346069e-01
6.699330e+00 -5.024564e+00 3.400679e-01
6.799320e+00 -5.123085e+00 3.455458e-01
6.899310e+00 -4.876955e+00 3.510413e-01
6.999300e+00 -4.333035e+00 3.565550e-01
7.099290e+00 -3.683235e+00 3.620874e-01
7.199280e+00 -3.409832e+00 3.676393e-01
7.299270e+00 -3.486024e+00 3.732112e-01
7.399260e+00 -3.865857e+00 3.788037e-01
7.499250e+00 -4.509795e+00 3.844174e-01
7.599240e+00 -5.237979e+00 3.900529e-01
7.699230e+00 -5.642659e+00 3.957108e-01
7.799220e+00 -5.641829e+00 4.013917e-01
7.899210e+00 -5.268103e+00 4.070961e-01
7.999200e+00 -4.895096e+00 4.128248e-01
8.099190e+00 -4.337703e+00 4.185782e-01
8.199180e+00 -3.885247e+00 4.243570e-01
8.299170e+00 -4.069444e+00 4.301618e-01
8.399160e+00 -4.464843e+00 4.359931e-01
8.499150e+00 -5.036149e+00 4.418514e-01
8.599140e+00 -5.785775e+00 4.477375e-01
8.699130e+00 -6.183159e+00 4.536519e-01
8.799120e+00 -6.244059e+00 4.595950e-01
8.899110e+00 -5.948252e+00 4.655676e-01
8.999100e+00 -5.271333e+00 4.715702e-01
9.099090e+00 -4.811274e+00 4.776033e-01
9.199080e+00 -4.525759e+00 4.836674e-01
9.299070e+00 -4.589019e+00 4.897633e-01
9.399060e+00 -4.995325e+00 4.958913e-01
9.499050e+00 -5.539033e+00 5.020521e-01
9.599040e+00 -6.220768e+00 5.082462e-01
9.699030e+00 -6.683424e+00 5.144742e-01
9.799020e+00 -6.765173e+00 5.207365e-01
9.899010e+00 -6.415757e+00 5.270338e-01
9.999000e+00 -5.839278e+00 5.333665e-01
1.009899e+01 -5.328297e+00 5.397351e-01
1.019898e+01 -4.973484e+00 5.461403e-01
1.029897e+01 -5.033355e+00 5.525825e-01
1.039896e+01 -5.496211e+00 5.590621e-01
1.049895e+01 -6.003494e+00 5.655798e-01
1.059894e+01 -6.752646e+00 5.721361e-01
1.069893e+01 -7.117964e+00 5.787313e-01
1.079892e+01 -7.287851e+00 5.853660e-01
1.089891e+01 -6.905426e+00 5.920408e-01
1.099890e+01 -6.306376e+00 5.987560e-01
1.109889e+01 -5.905916e+00 6.055121e-01
1.119888e+01 -5.506457e+00 6.123097e-01
1.129887e+01 -5.631759e+00 6.191491e-01
1.139886e+01 -5.879223e+00 6.260308e-01
1.149885e+01 -6.645281e+00 6.329553e-01
1.159884e+01 -7.234830e+00 6.399230e-01
1.169883e+01 -7.692416e+00 6.469344e-01
1.179882e+01 -7.719330e+00 6.539898e-01
1.189881e+01 -7.304986e+00 6.610897e-01
1.199880e+01 -6.879280e+00 6.682344e-01
1.209879e+01 -6.304524e+00 6.754245e-01
1.219878e+01 -6.051787e+00 6.826602e-01
1.229877e+01 -6.043103e+00 6.899421e-01
1.239876e+01 -6.458949e+00 6.972703e-01
1.249875e+01 -7.095974e+00 7.046454e-01
1.259874e+01 -7.690892e+00 7.120677e-01
1.269873e+01 -8.150360e+00 7.195375e-01
1.279872e+01 -8.208197e+00 7.270552e-01
1.289871e+01 -7.933669e+00 7.346211e-01
1.299870e+01 -7.292627e+00 7.422356e-01
1.309869e+01 -6.760549e+00 7.498989e-01
1.319868e+01 -6.372510e+00 7.576113e-01
1.329867e+01 -6.479086e+00 7.653733e-01
1.339866e+01 -6.952104e+00 7.731849e-01
1.349865e+01 -7.577437e+00 7.810466e-01
1.359864e+01 -8.077107e+00 7.889585e-01
1.369863e+01 -8.544445e+00 7.969210e-01
1.379862e+01 -8.644587e+00 8.049343e-01
1.389861e+01 -8.184949e+00 8.129985e-01
1.399860e+01 -7.675877e+00 8.211140e-01
1.409859e+01 -7.191083e+00 8.292809e-01
1.419858e+01 -6.834397e+00 8.374995e-01
1.429857e+01 -6.857449e+00 8.457698e-01
1.439856e+01 -7.289262e+00 8.540922e-01
1.449855e+01 -7.902363e+00 8.624667e-01
1.459854e+01 -8.566988e+00 8.708935e-01
1.469853e+01 -8.993728e+00 8.793727e-01
1.479852e+01 -8.943888e+00 8.879044e-01
1.489851e+01 -8.671923e+00 8.964888e-01
1.499850e+01 -8.048237e+00 9.051259e-01
1.509849e+01 -7.580355e+00 9.138159e-01
1.519848e+01 -7.251808e+00 9.225587e-01
1.529847e+01 -7.187421e+00 9.313545e-01
1.539846e+01 -7.556403e+00 9.402033e-01
1.549845e+01 -8.324279e+00 9.491050e-01
1.559844e+01 -8.816675e+00 9.580598e-01
1.569843e+01 -9.271459e+00 9.670676e-01
1.579842e+01 -9.401147e+00 9.761283e-01
1.589841e+01 -8.949385e+00 9.852420e-01
1.599840e+01 -8.430739e+00 9.944086e-01
1.609839e+01 -7.874119e+00 1.003628e+00
1.619838e+01 -7.603852e+00 1.012900e+00
1.629837e+01 -7.592287e+00 1.022225e+00
1.639836e+01 -8.010701e+00 1.031602e+00
1.649835e+01 -8.491919e+00 1.041032e+00
1.659834e+01 -9.226264e+00 1.050514e+00
1.669833e+01 -9.606490e+00 1.060048e+00
1.679832e+01 -9.640171e+00 1.069634e+00
1.689831e+01 -9.276580e+00 1.079271e+00
1.699830e+01 -8.828855e+00 1.088960e+00
1.709829e+01 -8.129738e+00 1.098700e+00
1.719828e+01 -7.822444e+00 1.108491e+00
1.729827e+01 -7.950822e+00 1.118333e+00
1.739826e+01 -8.327275e+00 1.128226e+00
1.749825e+01 -8.874084e+00 1.138168e+00
1.759824e+01 -9.443222e+00 1.148160e+00
1.769823e+01 -9.968023e+00 1.158202e+00
1.779822e+01 -9.961237e+00 1.168293e+00
1.789821e+01 -9.566167e+00 1.178432e+00
1.799820e+01 -9.076713e+00 1.188620e+00
1.809819e+01 -8.422333e+00 1.198856e+00
1.819818e+01 -8.166016e+00 1.209140e+00
1.829817e+01 -8.273117e+00 1.219470e+00
1.839816e+01 -8.486052e+00 1.229847e+00
1.849815e+01 -9.016240e+00 1.240270e+00
1.859814e+01 -9.831741e+00 1.250739e+00
1.869813e+01 -1.020271e+01 1.261253e+00
1.879812e+01 -1.016182e+01 1.271811e+00
1.889811e+01 -9.929960e+00 1.282414e+00
1.899810e+01 -9.386486e+00 1.293060e+00
1.909809e+01 -8.785710e+00 1.303749e+00
1.919808e+01 -8.427507e+00 1.314480e+00
1.929807e+01 -8.404607e+00 1.325253e+00
1.939806e+01 -8.694910e+00 1.336067e+00
1.949805e+01 -9.382290e+00 1.346922e+00
1.959804e+01 -1.007492e+01 1.357816e+00
1.969803e+01 -1.041687e+01 1.368750e+00
1.979802e+01 -1.045193e+01 1.379721e+00
1.989801e+01 -1.008008e+01 1.390731e+00
1.999800e+01 -9.591015e+00 1.401777e+00
2.009799e+01 -8.957624e+00 1.412860e+00
2.019798e+01 -8.660411e+00 1.423979e+00
2.029797e+01 -8.630526e+00 1.435132e+00
2.039796e+01 -9.045749e+00 1.446319e+00
2.049795e+01 -9.631813e+00 1.457539e+00
2.059794e+01 -1.018372e+01 1.468792e+00
2.069793e+01 -1.061298e+01 1.480076e+00
2.079792e+01 -1.059148e+01 1.491391e+00
2.089791e+01 -1.025036e+01 1.502736e+00
2.099790e+01 -9.661018e+00 1.514110e+00
2.109789e+01 -9.172597e+00 1.525513e+00
2.119788e+01 -8.865806e+00 1.536943e+00
2.129787e+01 -8.831198e+00 1.548399e+00
2.139786e+01 -9.127414e+00 1.559881e+00
2.149785e+01 -9.810476e+00 1.571388e+00
2.159784e+01 -1.031855e+01 1.582919e+00
2.169783e+01 -1.079679e+01 1.594473e+00
2.179782e+01 -1.070541e+01 1.606049e+00
2.189781e+01 -1.043894e+01 1.617646e+00
2.199780e+01 -9.812628e+00 1.629264e+00
2.209779e+01 -9.258517e+00 1.640901e+00
2.219778e+01 -8.858467e+00 1.652556e+00
2.229777e+01 -8.821152e+00 1.664229e+00
2.239776e+01 -9.237658e+00 1.675919e+00
2.249775e+01 -9.923488e+00 1.687624e+00
2.259774e+01 -1.042367e+01 1.699344e+00
2.269773e+01 -1.085455e+01 1.711078e+00
2.279772e+01 -1.094417e+01 1.722825e+00
2.289771e+01 -1.048680e+01 1.734583e+00
2.299770e+01 -9.923538e+00 1.746353e+00
2.309769e+01 -9.326181e+00 1.758133e+00
2.319768e+01 -8.907007e+00 1.769922e+00
2.329767e+01 -8.975752e+00 1.781719e+00
2.339766e+01 -9.366520e+00 1.793523e+00
2.349765e+01 -9.958076e+00 1.805334e+00
2.359764e+01 -1.053134e+01 1.817150e+00
2.369763e+01 -1.100932e+01 1.828971e+00
2.379762e+01 -1.086429e+01 1.840796e+00
2.389761e+01 -1.062735e+01 1.852623e+00
2.399760e+01 -9.868273e+00 1.864452e+00
2.409759e+01 -9.348178e+00 1.876282e+00
2.419758e+01 -9.084948e+00 1.888111e+00
2.429757e+01 -9.102958e+00 1.899940e+00
2.439756e+01 -9.354213e+00 1.911768e+00
2.449755e+01 -1.003666e+01 1.923592e+00
2.459754e+01 -1.047200e+01 1.935413e+00
2.469753e+01 -1.084771e+01 1.947230e+00
2.479752e+01 -1.093154e+01 1.959042e+00
2.489751e+01 -1.054008e+01 1.970847e+00
2.499750e+01 -1.003730e+01 1.982646e+00
2.509749e+01 -9.487137e+00 1.994436e+00
2.519748e+01 -9.071342e+00 2.006219e+00
2.529747e+01 -9.121347e+00 2.017992e+00
2.539746e+01 -9.394064e+00 2.029754e+00
2.549745e+01 -1.002519e+01 2.041506e+00
2.559744e+01 -1.053462e+01 2.053246e+00
2.569743e+01 -1.094376e+01 2.064974e+00
2.579742e+01 -1.100335e+01 2.076688e+00
2.589741e+01 -1.062679e+01 2.088389e+00
2.599740e+01 -9.980587e+00 2.100074e+00
2.609739e+01 -9.498943e+00 2.111744e+00
2.619738e+01 -8.968897e+00 2.123398e+00
2.629737e+01 -9.002437e+00 2.135035e+00
2.639736e+01 -9.396544e+00 2.146654e+00
2.649735e+01 -1.001151e+01 2.158255e+00
2.659734e+01 -1.054714e+01 2.169837e+00
2.669733e+01 -1.086399e+01 2.181400e+00
2.679732e+01 -1.097765e+01 2.192942e+00
2.689731e+01 -1.045632e+01 2.204463e+00
2.699730e+01 -9.894751e+00 2.215962e+00
2.709729e+01 -9.411515e+00 2.227439e+00
2.719728e+01 -9.027359e+00 2.238893e+00
2.729727e+01 -8.880576e+00 2.250324e+00
2.739726e+01 -9.244180e+00 2.261731e+00
2.749725e+01 -9.886215e+00 2.273113e+00
2.759724e+01 -1.043389e+01 2.284469e+00
2.769723e+01 -1.083730e+01 2.295800e+00
2.779722e+01 -1.090967e+01 2.307104e+00
2.789721e+01 -1.045564e+01 2.318382e+00
2.799720e+01 -9.937350e+00 2.329631e+00
2.809719e+01 -9.132076e+00 2.340853e+00
2.819718e+01 -8.871019e+00 2.352046e+00
2.829717e+01 -8.831489e+00 2.363210e+00
2.839716e+01 -9.265115e+00 2.374345e+00
2.849715e+01 -9.930398e+00 2.385449e+00
2.859714e+01 -1.033590e+01 2.396523e+00
2.869713e+01 -1.072368e+01 2.407565e+00
2.879712e+01 -1.067913e+01 2.418576e+00
2.889711e+01 -1.030808e+01 2.429555e+00
2.899710e+01 -9.701735e+00 2.440502e+00
2.909709e+01 -9.150660e+00 2.451415e+00
2.919708e+01 -8.716771e+00 2.462295e+00
2.929707e+01 -8.664544e+00 2.473141e+00
2.939706e+01 -9.022990e+00 2.483953e+00
2.949705e+01 -9.602913e+00 2.494730e+00
2.959704e+01 -1.017197e+01 2.505472e+00
2.969703e+01 -1.054554e+01 2.516178e+00
2.979702e+01 -1.051418e+01 2.526849e+00
2.989701e+01 -1.012697e+01 2.537482e+00
2.999700e+01 -9.465560e+00 2.548080e+00
3.009699e+01 -8.965056e+00 2.558640e+00
3.019698e+01 -8.718069e+00 2.569162e+00
3.029697e+01 -8.402824e+00 2.579646e+00
3.039696e+01 -8.891451e+00 2.590093e+00
3.049695e+01 -9.417504e+00 2.600500e+00
3.059694e+01 -9.968955e+00 2.610868e+00
3.069693e+01 -1.036354e+01 2.621197e+00
3.079692e+01 -1.020685e+01 2.631487e+00
3.089691e+01 -9.958745e+00 2.641736e+00
3.099690e+01 -9.370334e+00 2.651944e+00
3.109689e+01 -8.730217e+00 2.662112e+00
3.119688e+01 -8.236453e+00 2.672239e+00
3.129687e+01 -8.238403e+00 2.682324e+00
3.139686e+01 -8.601640e+00 2.692367e+00
3.149685e+01 -9.243110e+00 2.702369e+00
3.159684e+01 -9.849238e+00 2.712327e+00
3.169683e+01 -1.007179e+01 2.722243e+00
3.179682e+01 -1.009524e+01 2.732116e+00
3.189681e+01 -9.642306e+00 2.741946e+00
3.199680e+01 -9.057171e+00 2.751732e+00
3.209679e+01 -8.438457e+00 2.761474e+00
3.219678e+01 -8.034671e+00 2.771171e+00
3.229677e+01 -7.924700e+00 2.780825e+00
3.239676e+01 -8.304707e+00 2.790433e+00
3.249675e+01 -8.909617e+00 2.799996e+00
3.259674e+01 -9.391566e+00 2.809514e+00
3.269673e+01 -9.781831e+00 2.818985e+00
3.279672e+01 -9.818990e+00 2.828411e+00
3.289671e+01 -9.340821e+00 2.837791e+00
3.299670e+01 -8.822124e+00 2.847124e+00
3.309669e+01 -8.094611e+00 2.856411e+00
3.319668e+01 -7.793742e+00 2.865650e+00
3.329667e+01 -7.775079e+00 2.874842e+00
3.339666e+01 -8.053487e+00 2.883986e+00
3.349665e+01 -8.594018e+00 2.893083e+00
3.359664e+01 -9.154781e+00 2.902131e+00
3.369663e+01 -9.442558e+00 2.911131e+00
3.379662e+01 -9.472826e+00 2.920083e+00
3.389661e+01 -8.992728e+00 2.928986e+00
3.399660e+01 -8.436413e+00 2.937839e+00
3.409659e+01 -7.826330e+00 2.946644e+00
3.419658e+01 -7.453431e+00 2.955399e+00
3.429657e+01 -7.415267e+00 2.964104e+00
3.439656e+01 -7.699430e+00 2.972759e+00
3.449655e+01 -8.280067e+00 2.981364e+00
3.459654e+01 -8.861808e+00 2.989918e+00
3.469653e+01 -9.129428e+00 2.998422e+00
3.479652e+01 -9.094929e+00 3.006875e+00
3.489651e+01 -8.712166e+00 3.015277e+00
3.499650e+01 -8.024845e+00 3.023627e+00
3.509649e+01 -7.469137e+00 3.031926e+00
3.519648e+01 -7.128259e+00 3.040173e+00
3.529647e+01 -7.035945e+00 3.048369e+00
3.539646e+01 -7.380057e+00 3.056512e+00
3.549645e+01 -7.861754e+00 3.064603e+00
3.559644e+01 -8.445857e+00 3.072641e+00
3.569643e+01 -8.785693e+00 3.080627e+00
3.579642e+01 -8.689949e+00 3.088560e+00
3.589641e+01 -8.335306e+00 3.096439e+00
3.599640e+01 -7.763976e+00 3.104266e+00
3.609639e+01 -7.212120e+00 3.112039e+00
3.619638e+01 -6.650998e+00 3.119758e+00
3.629637e+01 -6.553865e+00 3.127424e+00
3.639636e+01 -6.886847e+00 3.135035e+00
3.649635e+01 -7.423663e+00 3.142593e+00
3.659634e+01 -7.960629e+00 3.150096e+00
3.669633e+01 -8.394979e+00 3.157544e+00
3.679632e+01 -8.341286e+00 3.164938e+00
3.689631e+01 -7.882965e+00 3.172277e+00
3.699630e+01 -7.329634e+00 3.179561e+00
3.709629e+01 -6.766875e+00 3.186790e+00
3.719628e+01 -6.275972e+00 3.193964e+00
3.729627e+01 -6.222863e+00 3.201082e+00
3.739626e+01 -6.508422e+00 3.208145e+00
3.749625e+01 -7.042022e+00 3.215152e+00
3.759624e+01 -7.605530e+00 3.222103e+00
3.769623e+01 -7.969382e+00 3.228998e+00
3.779622e+01 -7.871003e+00 3.235837e+00
3.789621e+01 -7.544833e+00 3.242619e+00
3.799620e+01 -6.859441e+00 3.249345e+00
3.809619e+01 -6.229543e+00 3.256015e+00
3.819618e+01 -5.754828e+00 3.262628e+00
3.829617e+01 -5.813659e+00 3.269184e+00
3.839616e+01 -6.128175e+00 3.275683e+00
3.849615e+01 -6.579913e+00 3.282125e+00
3.859614e+01 -7.142050e+00 3.288509e+00
3.869613e+01 -7.459036e+00 3.294837e+00
3.879612e+01 -7.427823e+00 3.301107e+00
3.889611e+01 -7.065375e+00 3.307319e+00
3.899610e+01 -6.409732e+00 3.313474e+00
3.909609e+01 -5.760374e+00 3.319571e+00
3.919608e+01 -5.363390e+00 3.325610e+00
3.929607e+01 -5.331932e+00 3.331591e+00
3.939606e+01 -5.617516e+00 3.337514e+00
3.949605e+01 -6.123796e+00 3.343379e+00
3.959604e+01 -6.668769e+00 3.349185e+00
3.969603e+01 -6.966881e+00 3.354933e+00
3.979602e+01 -6.905797e+00 3.360623e+00
3.989601e+01 -6.583987e+00 3.366254e+00
3.999600e+01 -5.930894e+00 3.371826e+00
4.009599e+01 -5.263744e+00 3.377339e+00
4.019598e+01 -4.796817e+00 3.382794e+00
4.029597e+01 -4.690105e+00 3.388190e+00
4.039596e+01 -5.048532e+00 3.393526e+00
4.049595e+01 -5.635868e+00 3.398803e+00
4.059594e+01 -6.120913e+00 3.404021e+00
4.069593e+01 -6.522985e+00 3.409180e+00
4.079592e+01 -6.454019e+00 3.414279e+00
4.089591e+01 -6.091891e+00 3.419319e+00
4.099590e+01 -5.361255e+00 3.424300e+00
4.109589e+01 -4.630634e+00 3.429220e+00
4.119588e+01 -4.282431e+00 3.434081e+00
4.129587e+01 -4.237991e+00 3.438882e+00
4.139586e+01 -4.494522e+00 3.443624e+00
4.149585e+01 -5.074755e+00 3.448305e+00
4.159584e+01 -5.647501e+00 3.452926e+00
4.169583e+01 -6.002176e+00 3.457487e+00
4.179582e+01 -5.881186e+00 3.461988e+00
4.189581e+01 -5.486235e+00 3.466429e+00
4.199580e+01 -4.806845e+00 3.470810e+00
4.209579e+01 -4.313431e+00 3.475130e+00
4.219578e+01 -3.766848e+00 3.479390e+00
4.229577e+01 -3.620038e+00 3.483589e+00
4.239576e+01 -3.909427e+00 3.487728e+00
4.249575e+01 -4.494940e+00 3.491806e+00
4.259574e+01 -5.016774e+00 3.495823e+00
4.269573e+01 -5.474715e+00 3.499780e+00
4.279572e+01 -5.385575e+00 3.503676e+00
4.289571e+01 -4.928684e+00 3.507511e+00
4.299570e+01 -4.322520e+00 3.511285e+00
4.309569e+01 -3.616318e+00 3.514998e+00
4.319568e+01 -3.199845e+00 3.518650e+00
4.329567e+01 -3.151161e+00 3.522241e+00
4.339566e+01 -3.500033e+00 3.525771e+00
4.349565e+01 -4.055124e+00 3.529240e+00
4.359564e+01 -4.438355e+00 3.532648e+00
4.369563e+01 -4.864913e+00 3.535994e+00
4.379562e+01 -4.702417e+00 3.539279e+00
4.389561e+01 -4.341375e+00 3.542502e+00
4.399560e+01 -3.641374e+00 3.545665e+00
4.409559e+01 -3.141515e+00 3.548765e+00
4.419558e+01 -2.643190e+00 3.551804e+00
4.429557e+01 -2.555305e+00 3.554782e+00
4.439556e+01 -2.799981e+00 3.557698e+00
4.449555e+01 -3.332249e+00 3.560552e+00
4.459554e+01 -3.915033e+00 3.563344e+00
4.469553e+01 -4.269632e+00 3.566075e+00
4.479552e+01 -4.216667e+00 3.568744e+00
4.489551e+01 -3.820259e+00 3.571351e+00
4.499550e+01 -3.141000e+00 3.573896e+00
4.509549e+01 -2.530259e+00 3.576379e+00
4.519548e+01 -2.064831e+00 3.578801e+00
4.529547e+01 -2.034524e+00 3.581160e+00
4.539546e+01 -2.320582e+00 3.583457e+00
4.549545e+01 -2.750452e+00 3.585692e+00
4.559544e+01 -3.319244e+00 3.587865e+00
4.569543e+01 -3.557322e+00 3.589975e+00
4.579542e+01 -3.662971e+00 3.592023e+00
4.589541e+01 -3.106371e+00 3.594010e+00
4.599540e+01 -2.561667e+00 3.595933e+00
4.609539e+01 -1.951250e+00 3.597795e+00
4.619538e+01 -1.410642e+00 3.599593e+00
4.629537e+01 -1.415847e+00 3.601330e+00
4.639536e+01 -1.626590e+00 3.603004e+00
4.649535e+01 -2.117709e+00 3.604615e+00
4.659534e+01 -2.585518e+00 3.606164e+00
4.669533e+01 -2.966530e+00 3.607650e+00
4.679532e+01 -2.988688e+00 3.609074e+00
4.689531e+01 -2.570207e+00 3.610435e+00
4.699530e+01 -1.950361e+00 3.611733e+00
4.709529e+01 -1.243629e+00 3.612968e+00
4.719528e+01 -7.289708e-01 3.614141e+00
4.729527e+01 -6.505060e-01 3.615250e+00
4.739526e+01 -9.932235e-01 3.616297e+00
4.749525e+01 -1.507371e+00 3.617281e+00
4.759524e+01 -1.974021e+00 3.618202e+00
4.769523e+01 -2.364558e+00 3.619060e+00
4.779522e+01 -2.281264e+00 3.619854e+00
4.789521e+01 -1.903715e+00 3.620586e+00
4.799520e+01 -1.244313e+00 3.621255e+00
4.809519e+01 -7.409403e-01 3.621860e+00
4.819518e+01 -1.998058e-01 3.622402e+00
4.829517e+01 -9.961595e-02 3.622881e+00
4.839516e+01 -3.448288e-01 3.623296e+00
4.849515e+01 -9.612595e-01 3.623648e+00
4.859514e+01 -1.404421e+00 3.623937e+00
4.869513e+01 -1.737036e+00 3.624162e+00
4.879512e+01 -1.640992e+00 3.624324e+00
4.889511e+01 -1.313033e+00 3.624423e+00
4.899510e+01 -6.346001e-01 3.624457e+00
4.909509e+01 -2.854593e-02 3.624429e+00
4.919508e+01 4.616872e-01 3.624336e+00
4.929507e+01 5.721909e-01 3.624180e+00
4.939506e+01 1.423591e-01 3.623960e+00
4.949505e+01 -2.841949e-01 3.623676e+00
4.959504e+01 -7.673857e-01 3.623329e+00
4.969503e+01 -1.095709e+00 3.622917e+00
4.979502e+01 -1.022217e+00 3.622442e+00
4.989501e+01 -7.706621e-01 3.621903e+00
4.999500e+01 -2.775791e-02 3.621299e+00
5.009499e+01 6.692002e-01 3.620632e+00
5.019498e+01 1.078980e+00 3.619900e+00
5.029497e+01 1.162291e+00 3.619105e+00
5.039496e+01 8.038059e-01 3.618245e+00
5.049495e+01 3.606014e-01 3.617320e+00
5.059494e+01 -2.117221e-01 3.616332e+00
5.069493e+01 -5.930841e-01 3.615279e+00
5.079492e+01 -4.745432e-01 3.614162e+00
5.089491e+01 -3.763717e-02 3.612980e+00
5.099490e+01 6.252501e-01 3.611733e+00
5.109489e+01 1.269168e+00 3.610422e+00
5.119488e+01 1.633371e+00 3.609047e+00
5.129487e+01 1.809800e+00 3.607606e+00
5.139486e+01 1.454104e+00 3.606101e+00
5.149485e+01 8.999189e-01 3.604531e+00
5.159484e+01 5.509665e-01 3.602896e+00
5.169483e+01 3.029617e-02 3.601197e+00
5.179482e+01 1.356082e-01 3.599432e+00
5.189481e+01 5.800958e-01 3.597602e+00
5.199480e+01 1.242578e+00 3.595707e+00
5.209479e+01 1.918371e+00 3.593746e+00
5.219478e+01 2.245950e+00 3.591720e+00
5.229477e+01 2.357175e+00 3.589629e+00
5.239476e+01 2.186327e+00 3.587473e+00
5.249475e+01 1.502117e+00 3.585251e+00
5.259474e+01 1.042810e+00 3.582963e+00
5.269473e+01 7.384613e-01 3.580610e+00
5.279472e+01 7.189758e-01 3.578191e+00
5.289471e+01 1.181921e+00 3.575706e+00
5.299470e+01 1.796149e+00 3.573155e+00
5.309469e+01 2.587234e+00 3.570538e+00
5.319468e+01 2.901723e+00 3.567855e+00
5.329467e+01 3.034374e+00 3.565106e+00
5.339466e+01 2.767784e+00 3.562291e+00
5.349465e+01 2.208695e+00 3.559409e+00
5.359464e+01 1.682619e+00 3.556461e+00
5.369463e+01 1.390466e+00 3.553447e+00
5.379462e+01 1.396069e+00 3.550365e+00
5.389461e+01 1.902524e+00 3.547217e+00
5.399460e+01 2.383649e+00 3.544002e+00
5.409459e+01 3.009366e+00 3.540721e+00
5.419458e+01 3.568885e+00 3.537372e+00
5.429457e+01 3.631640e+00 3.533956e+00
5.439456e+01 3.305802e+00 3.530473e+00
5.449455e+01 2.856748e+00 3.526922e+00
5.459454e+01 2.281593e+00 3.523304e+00
5.469453e+01 1.968582e+00 3.519618e+00
5.479452e+01 2.003756e+00 3.515865e+00
5.489451e+01 2.429930e+00 3.512044e+00
5.499450e+01 3.041052e+00 3.508154e+00
5.509449e+01 3.685602e+00 3.504197e+00
5.519448e+01 4.079639e+00 3.500172e+00
5.529447e+01 4.196826e+00 3.496078e+00
5.539446e+01 3.942371e+00 3.491916e+00
5.549445e+01 3.410228e+00 3.487685e+00
5.559444e+01 2.910359e+00 3.483385e+00
5.569443e+01 2.556666e+00 3.479017e+00
5.579442e+01 2.613135e+00 3.474579e+00
5.589441e+01 2.997212e+00 3.470072e+00
5.599440e+01 3.583068e+00 3.465496e+00
5.609439e+01 4.234625e+00 3.460851e+00
5.619438e+01 4.686752e+00 3.456136e+00
5.629437e+01 4.830698e+00 3.451351e+00
5.639436e+01 4.466472e+00 3.446496e+00
5.649435e+01 4.157270e+00 3.441571e+00
5.659434e+01 3.462101e+00 3.436576e+00
5.669433e+01 3.243534e+00 3.431510e+00
5.679432e+01 3.194722e+00 3.426374e+00
5.689431e+01 3.603844e+00 3.421167e+00
5.699430e+01 4.261026e+00 3.415889e+00
5.709429e+01 4.905097e+00 3.410540e+00
5.719428e+01 5.229489e+00 3.405119e+00
5.729427e+01 5.408456e+00 3.399627e+00
5.739426e+01 5.278263e+00 3.394064e+00
5.749425e+01 4.629630e+00 3.388428e+00
5.759424e+01 4.014852e+00 3.382721e+00
5.769423e+01 3.693439e+00 3.376941e+00
5.779422e+01 3.737455e+00 3.371088e+00
5.789421e+01 4.196887e+00 3.365163e+00
5.799420e+01 4.820767e+00 3.359166e+00
5.809419e+01 5.376173e+00 3.353095e+00
5.819418e+01 5.900753e+00 3.346950e+00
5.829417e+01 5.968595e+00 3.340733e+00
5.839416e+01 5.672866e+00 3.334441e+00
5.849415e+01 5.028456e+00 3.328076e+00
5.859414e+01 4.560374e+00 3.321636e+00
5.869413e+01 4.239287e+00 3.315122e+00
5.879412e+01 4.298779e+00 3.308534e+00
5.889411e+01 4.743181e+00 3.301870e+00
5.899410e+01 5.293450e+00 3.295131e+00
5.909409e+01 6.038603e+00 3.288317e+00
5.919408e+01 6.343970e+00 3.281428e+00
5.929407e+01 6.428234e+00 3.274462e+00
5.939406e+01 6.156229e+00 3.267421e+00
5.949405e+01 5.649265e+00 3.260303e+00
5.959404e+01 5.213363e+00 3.253109e+00
5.969403e+01 4.766426e+00 3.245837e+00
5.979402e+01 4.797290e+00 3.238489e+00
5.989401e+01 5.197752e+00 3.231063e+00
5.999400e+01 5.794505e+00 3.223560e+00
6.009399e+01 6.495432e+00 3.215978e+00
6.019398e+01 6.875367e+00 3.208319e+00
6.029397e+01 6.985138e+00 3.200581e+00
6.039396e+01 6.647094e+00 3.192764e+00
6.049395e+01 6.169767e+00 3.184868e+00
6.059394e+01 5.608212e+00 3.176893e+00
6.069393e+01 5.307950e+00 3.168838e+00
6.079392e+01 5.323112e+00 3.160704e+00
6.089391e+01 5.620828e+00 3.152489e+00
6.099390e+01 6.307637e+00 3.144194e+00
6.109389e+01 6.943225e+00 3.135818e+00
6.119388e+01 7.398905e+00 3.127361e+00
6.129387e+01 7.465952e+00 3.118822e+00
6.139386e+01 7.188855e+00 3.110202e+00
6.149385e+01 6.671024e+00 3.101500e+00
6.159384e+01 6.131451e+00 3.092715e+00
6.169383e+01 5.750657e+00 3.083848e+00
6.179382e+01 5.786147e+00 3.074898e+00
6.189381e+01 6.169694e+00 3.065864e+00
6.199380e+01 6.764216e+00 3.056747e+00
6.209379e+01 7.405040e+00 3.047546e+00
6.219378e+01 7.885982e+00 3.038261e+00
6.229377e+01 7.958340e+00 3.028891e+00
6.239376e+01 7.717338e+00 3.019436e+00
6.249375e+01 7.127757e+00 3.009896e+00
6.259374e+01 6.607057e+00 3.000271e+00
6.269373e+01 6.221096e+00 2.990559e+00
6.279372e+01 6.271611e+00 2.980761e+00
6.289371e+01 6.694000e+00 2.970877e+00
6.299370e+01 7.293899e+00 2.960906e+00
6.309369e+01 7.892602e+00 2.950847e+00
6.319368e+01 8.299636e+00 2.940701e+00
6.329367e+01 8.456013e+00 2.930467e+00
6.339366e+01 7.991452e+00 2.920144e+00
6.349365e+01 7.568613e+00 2.909733e+00
6.359364e+01 7.016459e+00 2.899232e+00
6.369363e+01 6.645268e+00 2.888643e+00
6.379362e+01 6.662705e+00 2.877963e+00
6.389361e+01 7.045398e+00 2.867193e+00
6.399360e+01 7.688131e+00 2.856333e+00
6.409359e+01 8.303344e+00 2.845382e+00
6.419358e+01 8.727364e+00 2.834340e+00
6.429357e+01 8.830767e+00 2.823206e+00
6.439356e+01 8.516389e+00 2.811980e+00
6.449355e+01 7.850391e+00 2.800662e+00
6.459354e+01 7.450912e+00 2.789252e+00
6.469353e+01 7.097408e+00 2.777748e+00
6.479352e+01 7.035982e+00 2.766151e+00
6.489351e+01 7.462201e+00 2.754460e+00
6.499350e+01 8.093386e+00 2.742674e+00
6.509349e+01 8.662845e+00 2.730795e+00
6.519348e+01 9.099525e+00 2.718820e+00
6.529347e+01 9.134761e+00 2.706751e+00
6.539346e+01 8.819661e+00 2.694585e+00
6.549345e+01 8.308529e+00 2.682324e+00
6.559344e+01 7.786550e+00 2.669966e+00
6.569343e+01 7.367475e+00 2.657512e+00
6.579342e+01 7.407697e+00 2.644960e+00
6.589341e+01 7.822969e+00 2.632311e+00
6.599340e+01 8.448489e+00 2.619564e+00
6.609339e+01 8.909933e+00 2.606719e+00
6.619338e+01 9.441794e+00 2.593776e+00
6.629337e+01 9.525958e+00 2.580733e+00
6.639336e+01 9.184012e+00 2.567592e+00
6.649335e+01 8.454996e+00 2.554350e+00
6.659334e+01 8.031387e+00 2.541009e+00
6.669333e+01 7.824288e+00 2.527567e+00
6.679332e+01 7.697957e+00 2.514025e+00
6.689331e+01 8.138669e+00 2.500381e+00
6.699330e+01 8.662408e+00 2.486636e+00
6.709329e+01 9.306457e+00 2.472789e+00
6.719328e+01 9.801008e+00 2.458841e+00
6.729327e+01 9.779476e+00 2.444789e+00
6.739326e+01 9.455575e+00 2.430635e+00
6.749325e+01 8.974080e+00 2.416378e+00
6.759324e+01 8.315582e+00 2.402017e+00
6.769323e+01 8.026924e+00 2.387553e+00
6.779322e+01 8.001739e+00 2.372984e+00
6.789321e+01 8.352948e+00 2.358311e+00
6.799320e+01 8.992220e+00 2.343533e+00
6.809319e+01 9.583648e+00 2.328650e+00
6.819318e+01 1.011439e+01 2.313661e+00
6.829317e+01 1.012122e+01 2.298567e+00
6.839316e+01 9.663029e+00 2.283367e+00
6.849315e+01 9.269757e+00 2.268060e+00
6.859314e+01 8.664170e+00 2.252647e+00
6.869313e+01 8.357019e+00 2.237126e+00
6.879312e+01 8.283584e+00 2.221499e+00
6.889311e+01 8.658858e+00 2.205764e+00
6.899310e+01 9.255573e+00 2.189921e+00
6.909309e+01 9.836733e+00 2.173970e+00
6.919308e+01 1.025154e+01 2.157911e+00
6.929307e+01 1.029871e+01 2.141743e+00
6.939306e+01 1.003701e+01 2.125466e+00
6.949305e+01 9.354709e+00 2.109081e+00
6.959304e+01 8.852841e+00 2.092586e+00
6.969303e+01 8.470213e+00 2.075981e+00
6.979302e+01 8.497788e+00 2.059267e+00
6.989301e+01 8.859647e+00 2.042442e+00
6.999300e+01 9.420752e+00 2.025508e+00
7.009299e+01 1.011534e+01 2.008463e+00
7.019298e+01 1.045228e+01 1.991307e+00
7.029297e+01 1.050283e+01 1.974040e+00
7.039296e+01 1.025740e+01 1.956663e+00
7.049295e+01 9.651044e+00 1.939175e+00
7.059294e+01 9.149126e+00 1.921575e+00
7.069293e+01 8.679168e+00 1.903864e+00
7.079292e+01 8.684989e+00 1.886041e+00
7.089291e+01 9.043485e+00 1.868106e+00
7.099290e+01 9.678883e+00 1.850060e+00
7.109289e+01 1.026833e+01 1.831902e+00
7.119288e+01 1.062592e+01 1.813631e+00
7.129287e+01 1.070742e+01 1.795249e+00
7.139286e+01 1.031922e+01 1.776754e+00
7.149285e+01 9.801347e+00 1.758147e+00
7.159284e+01 9.282414e+00 1.739428e+00
7.169283e+01 8.835731e+00 1.720597e+00
7.179282e+01 8.805441e+00 1.701653e+00
7.189281e+01 9.195506e+00 1.682597e+00
7.199280e+01 9.779925e+00 1.663428e+00
7.209279e+01 1.034172e+01 1.644147e+00
7.219278e+01 1.084356e+01 1.624754e+00
7.229277e+01 1.080700e+01 1.605249e+00
7.239276e+01 1.050258e+01 1.585631e+00
7.249275e+01 9.941707e+00 1.565901e+00
7.259274e+01 9.311963e+00 1.546059e+00
7.269273e+01 8.937647e+00 1.526105e+00
7.279272e+01 8.974869e+00 1.506040e+00
7.289271e+01 9.285451e+00 1.485862e+00
7.299270e+01 9.907560e+00 1.465573e+00
7.309269e+01 1.048128e+01 1.445173e+00
7.319268e+01 1.092753e+01 1.424662e+00
7.329267e+01 1.093251e+01 1.404039e+00
7.339266e+01 1.051611e+01 1.383306e+00
7.349265e+01 9.983210e+00 1.362462e+00
7.359264e+01 9.425146e+00 1.341508e+00
7.369263e+01 9.024463e+00 1.320444e+00
7.379262e+01 9.022547e+00 1.299270e+00
7.389261e+01 9.294062e+00 1.277987e+00
7.399260e+01 9.862958e+00 1.256595e+00
7.409259e+01 1.059474e+01 1.235094e+00
7.419258e+01 1.093933e+01 1.213485e+00
7.429257e+01 1.098203e+01 1.191768e+00
7.439256e+01 1.062064e+01 1.169943e+00
7.449255e+01 9.988096e+00 1.148012e+00
7.459254e+01 9.462823e+00 1.125974e+00
7.469253e+01 9.097221e+00 1.103829e+00
7.479252e+01 9.024150e+00 1.081579e+00
7.489251e+01 9.329796e+00 1.059224e+00
7.499250e+01 9.955232e+00 1.036764e+00
7.509249e+01 1.054094e+01 1.014201e+00
7.519248e+01 1.092542e+01 9.915335e-01
7.529247e+01 1.092676e+01 9.687637e-01
7.539246e+01 1.055255e+01 9.458918e-01
7.549245e+01 1.004130e+01 9.229184e-01
7.559244e+01 9.482559e+00 8.998442e-01
7.569243e+01 9.073568e+00 8.766700e-01
7.579242e+01 9.071127e+00 8.533964e-01
7.589241e+01 9.322667e+00 8.300243e-01
7.599240e+01 9.857744e+00 8.065545e-01
7.609239e+01 1.040158e+01 7.829877e-01
7.619238e+01 1.099481e+01 7.593248e-01
7.629237e+01 1.091064e+01 7.355667e-01
7.639236e+01 1.056820e+01 7.117143e-01
7.649235e+01 1.007973e+01 6.877684e-01
7.659234e+01 9.388870e+00 6.637301e-01
7.669233e+01 9.010380e+00 6.396003e-01
7.679232e+01 8.979122e+00 6.153800e-01
7.689231e+01 9.324208e+00 5.910702e-01
7.699230e+01 9.875107e+00 5.666721e-01
7.709229e+01 1.043856e+01 5.421866e-01
7.719228e+01 1.087011e+01 5.176149e-01
7.729227e+01 1.097661e+01 4.929581e-01
7.739226e+01 1.055536e+01 4.682173e-01
7.749225e+01 9.906718e+00 4.433939e-01
7.759224e+01 9.349329e+00 4.184890e-01
7.769223e+01 8.941910e+00 3.935037e-01
7.779222e+01 8.881670e+00 3.684395e-01
7.789221e+01 9.199880e+00 3.432977e-01
7.799220e+01 9.855080e+00 3.180794e-01
7.809219e+01 1.028014e+01 2.927862e-01
7.819218e+01 1.079693e+01 2.674193e-01
7.829217e+01 1.071752e+01 2.419802e-01
7.839216e+01 1.045520e+01 2.164703e-01
7.849215e+01 9.875943e+00 1.908911e-01
7.859214e+01 9.214132e+00 1.652441e-01
7.869213e+01 8.794717e+00 1.395308e-01
7.879212e+01 8.796489e+00 1.137527e-01
7.889211e+01 9.010873e+00 8.791145e-02
7.899210e+01 9.730111e+00 6.200857e-02
7.909209e+01 1.019423e+01 3.604569e-02
7.919208e+01 1.065850e+01 1.002448e-02
7.929207e+01 1.061572e+01 -1.605340e-02
7.939206e+01 1.021023e+01 -4.218626e-02
7.949205e+01 9.656455e+00 -6.837238e-02
7.959204e+01 8.919897e+00 -9.461002e-02
7.969203e+01 8.648984e+00 -1.208974e-01
7.979202e+01 8.592731e+00 -1.472328e-01
7.989201e+01 8.889988e+00 -1.736143e-01
7.999200e+01 9.567553e+00 -2.000401e-01
8.009199e+01 9.952062e+00 -2.265084e-01
8.019198e+01 1.038429e+01 -2.530173e-01
8.029197e+01 1.043406e+01 -2.795648e-01
8.039196e+01 1.007420e+01 -3.061492e-01
8.049195e+01 9.503377e+00 -3.327684e-01
8.059194e+01 8.790099e+00 -3.594205e-01
8.069193e+01 8.425281e+00 -3.861035e-01
8.079192e+01 8.474037e+00 -4.128154e-01
8.089191e+01 8.691032e+00 -4.395543e-01
8.099190e+01 9.244494e+00 -4.663180e-01
8.109189e+01 9.838484e+00 -4.931047e-01
8.119188e+01 1.015391e+01 -5.199121e-01
8.129187e+01 1.020368e+01 -5.467383e-01
8.139186e+01 9.839860e+00 -5.735811e-01
8.149185e+01 9.233617e+00 -6.004385e-01
8.159184e+01 8.559060e+00 -6.273083e-01
8.169183e+01 8.172810e+00 -6.541885e-01
8.179182e+01 8.123120e+00 -6.810769e-01
8.189181e+01 8.556558e+00 -7.079715e-01
8.199180e+01 8.938370e+00 -7.348699e-01
8.209179e+01 9.641290e+00 -7.617701e-01
8.219178e+01 9.900529e+00 -7.886700e-01
8.229177e+01 9.889995e+00 -8.155674e-01
8.239176e+01 9.518592e+00 -8.424600e-01
8.249175e+01 8.947259e+00 -8.693458e-01
8.259174e+01 8.295394e+00 -8.962225e-01
8.269173e+01 7.945620e+00 -9.230880e-01
8.279172e+01 7.898125e+00 -9.499401e-01
8.289171e+01 8.226302e+00 -9.767766e-01
8.299170e+01 8.740918e+00 -1.003595e+00
8.309169e+01 9.293018e+00 -1.030394e+00
8.319168e+01 9.585237e+00 -1.057171e+00
8.329167e+01 9.561531e+00 -1.083923e+00
8.339166e+01 9.249958e+00 -1.110649e+00
8.349165e+01 8.699258e+00 -1.137346e+00
8.359164e+01 8.143851e+00 -1.164013e+00
8.369163e+01 7.646975e+00 -1.190647e+00
8.379162e+01 7.565528e+00 -1.217245e+00
8.389161e+01 7.851461e+00 -1.243806e+00
8.399160e+01 8.440166e+00 -1.270328e+00
8.409159e+01 9.022828e+00 -1.296809e+00
8.419158e+01 9.285142e+00 -1.323246e+00
8.429157e+01 9.287783e+00 -1.349637e+00
8.439156e+01 8.922634e+00 -1.375981e+00
8.449155e+01 8.375141e+00 -1.402275e+00
8.459154e+01 7.586668e+00 -1.428517e+00
8.469153e+01 7.318363e+00 -1.454705e+00
8.479152e+01 7.165040e+00 -1.480837e+00
8.489151e+01 7.536721e+00 -1.506911e+00
8.499150e+01 8.045360e+00 -1.532926e+00
8.509149e+01 8.529867e+00 -1.558879e+00
8.519148e+01 8.929047e+00 -1.584768e+00
8.529147e+01 8.928568e+00 -1.610591e+00
8.539146e+01 8.600379e+00 -1.636347e+00
8.549145e+01 7.973880e+00 -1.662033e+00
8.559144e+01 7.323543e+00 -1.687648e+00
8.569143e+01 6.840441e+00 -1.713190e+00
8.579142e+01 6.824895e+00 -1.738657e+00
8.589141e+01 7.099680e+00 -1.764048e+00
8.599140e+01 7.675205e+00 -1.789359e+00
8.609139e+01 8.255615e+00 -1.814591e+00
8.619138e+01 8.613884e+00 -1.839741e+00
8.629137e+01 8.532342e+00 -1.864807e+00
8.639136e+01 8.158155e+00 -1.889788e+00
8.649135e+01 7.578542e+00 -1.914682e+00
8.659134e+01 6.921118e+00 -1.939488e+00
8.669133e+01 6.474450e+00 -1.964204e+00
8.679132e+01 6.330187e+00 -1.988828e+00
8.689131e+01 6.776256e+00 -2.013359e+00
8.699130e+01 7.268827e+00 -2.037796e+00
8.709129e+01 7.716401e+00 -2.062137e+00
8.719128e+01 8.145985e+00 -2.086380e+00
8.729127e+01 8.109361e+00 -2.110525e+00
8.739126e+01 7.779759e+00 -2.134569e+00
8.749125e+01 7.101980e+00 -2.158513e+00
8.759124e+01 6.447366e+00 -2.182353e+00
8.769123e+01 6.066473e+00 -2.206090e+00
8.779122e+01 5.906538e+00 -2.229722e+00
8.789121e+01 6.314646e+00 -2.253247e+00
8.799120e+01 6.813695e+00 -2.276665e+00
8.809119e+01 7.348221e+00 -2.299974e+00
8.819118e+01 7.722222e+00 -2.323174e+00
8.829117e+01 7.659125e+00 -2.346262e+00
8.839116e+01 7.272079e+00 -2.369239e+00
8.849115e+01 6.652356e+00 -2.392104e+00
8.859114e+01 6.009954e+00 -2.414855e+00
8.869113e+01 5.534831e+00 -2.437491e+00
8.879112e+01 5.592999e+00 -2.460011e+00
8.889111e+01 5.822352e+00 -2.482416e+00
8.899110e+01 6.256554e+00 -2.504703e+00
8.909109e+01 6.857971e+00 -2.526872e+00
8.919108e+01 7.156182e+00 -2.548922e+00
8.929107e+01 7.255897e+00 -2.570853e+00
8.939106e+01 6.750981e+00 -2.592664e+00
8.949105e+01 6.154921e+00 -2.614355e+00
8.959104e+01 5.609627e+00 -2.635924e+00
8.969103e+01 5.068446e+00 -2.657370e+00
8.979102e+01 5.071733e+00 -2.678695e+00
8.989101e+01 5.379079e+00 -2.699896e+00
8.999100e+01 5.828678e+00 -2.720974e+00
9.009099e+01 6.447812e+00 -2.741928e+00
9.019098e+01 6.764312e+00 -2.762757e+00
9.029097e+01 6.651609e+00 -2.783461e+00
9.039096e+01 6.433166e+00 -2.804041e+00
9.049095e+01 5.673514e+00 -2.824494e+00
9.059094e+01 5.031471e+00 -2.844822e+00
9.069093e+01 4.572592e+00 -2.865024e+00
9.079092e+01 4.441652e+00 -2.885099e+00
9.089091e+01 4.798476e+00 -2.905048e+00
9.099090e+01 5.373934e+00 -2.924870e+00
9.109089e+01 5.852805e+00 -2.944565e+00
9.119088e+01 6.265808e+00 -2.964132e+00
9.129087e+01 6.118887e+00 -2.983573e+00
9.139086e+01 5.822004e+00 -3.002886e+00
9.149085e+01 5.101998e+00 -3.022071e+00
9.159084e+01 4.491662e+00 -3.041130e+00
9.169083e+01 4.118204e+00 -3.060061e+00
9.179082e+01 4.011235e+00 -3.078864e+00
9.189081e+01 4.273564e+00 -3.097540e+00
9.199080e+01 4.760815e+00 -3.116089e+00
9.209079e+01 5.364617e+00 -3.134510e+00
9.219078e+01 5.632486e+00 -3.152804e+00
9.229077e+01 5.619925e+00 -3.170972e+00
9.239076e+01 5.118830e+00 -3.189012e+00
9.249075e+01 4.619037e+00 -3.206926e+00
9.259074e+01 3.938673e+00 -3.224714e+00
9.269073e+01 3.519640e+00 -3.242375e+00
9.279072e+01 3.380002e+00 -3.259910e+00
9.289071e+01 3.710275e+00 -3.277320e+00
9.299070e+01 4.197211e+00 -3.294604e+00
9.309069e+01 4.708142e+00 -3.311763e+00
9.319068e+01 5.062037e+00 -3.328797e+00
9.329067e+01 5.092457e+00 -3.345707e+00
9.339066e+01 4.669941e+00 -3.362492e+00
9.349065e+01 3.981229e+00 -3.379154e+00
9.359064e+01 3.413637e+00 -3.395693e+00
9.369063e+01 2.942500e+00 -3.412108e+00
9.379062e+01 2.825584e+00 -3.428401e+00
9.389061e+01 3.179710e+00 -3.444573e+00
9.399060e+01 3.631428e+00 -3.460622e+00
9.409059e+01 4.151354e+00 -3.476550e+00
9.419058e+01 4.509703e+00 -3.492358e+00
9.429057e+01 4.451697e+00 -3.508046e+00
9.439056e+01 4.072831e+00 -3.523614e+00
9.449055e+01 3.486286e+00 -3.539063e+00
9.459054e+01 2.790293e+00 -3.554393e+00
9.469053e+01 2.308471e+00 -3.569606e+00
9.479052e+01 2.253761e+00 -3.584701e+00
9.489051e+01 2.605130e+00 -3.599679e+00
9.499050e+01 3.027059e+00 -3.614541e+00
9.509049e+01 3.611269e+00 -3.629287e+00
9.519048e+01 3.877009e+00 -3.643918e+00
9.529047e+01 3.830519e+00 -3.658435e+00
9.539046e+01 3.482577e+00 -3.672838e+00
9.549045e+01 2.789435e+00 -3.687128e+00
9.559044e+01 2.149305e+00 -3.701306e+00
9.569043e+01 1.738427e+00 -3.715371e+00
9.579042e+01 1.644449e+00 -3.729326e+00
9.589041e+01 1.839201e+00 -3.743170e+00
9.599040e+01 2.415988e+00 -3.756904e+00
9.609039e+01 3.032826e+00 -3.770530e+00
9.619038e+01 3.282254e+00 -3.784047e+00
9.629037e+01 3.310801e+00 -3.797456e+00
9.639036e+01 2.844204e+00 -3.810758e+00
9.649035e+01 2.260872e+00 -3.823954e+00
9.659034e+01 1.561750e+00 -3.837044e+00
9.669033e+01 1.103249e+00 -3.850030e+00
9.679032e+01 1.047957e+00 -3.862912e+00
9.689031e+01 1.264138e+00 -3.875690e+00
9.699030e+01 1.749280e+00 -3.888366e+00
9.709029e+01 2.353772e+00 -3.900940e+00
9.719028e+01 2.677986e+00 -3.913413e+00
9.729027e+01 2.618095e+00 -3.925786e+00
9.739026e+01 2.277702e+00 -3.938059e+00
9.749025e+01 1.632585e+00 -3.950234e+00
9.759024e+01 9.643355e-01 -3.962310e+00
9.769023e+01 4.267203e-01 -3.974289e+00
9.779022e+01 3.813701e-01 -3.986172e+00
9.789021e+01 7.266873e-01 -3.997960e+00
9.799020e+01 1.124862e+00 -4.009652e+00
9.809019e+01 1.661490e+00 -4.021251e+00
9.819018e+01 2.034090e+00 -4.032756e+00
9.829017e+01 2.046194e+00 -4.044169e+00
9.839016e+01 1.625861e+00 -4.055490e+00
9.849015e+01 9.739466e-01 -4.066720e+00
9.859014e+01 3.168247e-01 -4.077860e+00
9.869013e+01 -1.684803e-01 -4.088911e+00
9.879012e+01 -1.873618e-01 -4.099873e+00
9.889011e+01 9.247268e-03 -4.110747e+00
9.899010e+01 6.167145e-01 -4.121535e+00
9.909009e+01 1.047723e+00 -4.132237e+00
9.919008e+01 1.474530e+00 -4.142853e+00
9.929007e+01 1.483040e+00 -4.153385e+00
9.939006e+01 1.011082e+00 -4.163833e+00
9.949005e+01 3.584495e-01 -4.174198e+00
9.959004e+01 -2.556866e-01 -4.184481e+00
9.969003e+01 -6.913564e-01 -4.194683e+00
9.979002e+01 -8.334131e-01 -4.204805e+00
9.989001e+01 -6.232573e-01 -4.214846e+00
9.999000e+01 -5.507934e-02 -4.224809e+00
1.000900e+02 5.149267e-01 -4.234694e+00
1.001900e+02 8.039618e-01 -4.244501e+00
1.002900e+02 8.438209e-01 -4.254232e+00
1.003900e+02 3.669551e-01 -4.263888e+00
1.004900e+02 -2.825073e-01 -4.273468e+00
1.005899e+02 -8.761924e-01 -4.282974e+00
1.006899e+02 -1.326886e+00 -4.292407e+00
1.007899e+02 -1.346030e+00 -4.301767e+00
1.008899e+02 -1.189783e+00 -4.311056e+00
1.009899e+02 -6.530010e-01 -4.320274e+00
1.010899e+02 -1.538903e-01 -4.329421e+00
1.011899e+02 1.026541e-01 -4.338499e+00
1.012899e+02 1.297588e-01 -4.347508e+00
1.013899e+02 -2.061684e-01 -4.356450e+00
1.014899e+02 -8.335525e-01 -4.365324e+00
1.015898e+02 -1.529287e+00 -4.374133e+00
1.016898e+02 -1.956168e+00 -4.382875e+00
1.017898e+02 -2.105391e+00 -4.391553e+00
1.018898e+02 -1.857980e+00 -4.400167e+00
1.019898e+02 -1.263446e+00 -4.408718e+00
1.020898e+02 -6.788529e-01 -4.417206e+00
1.021898e+02 -4.943682e-01 -4.425632e+00
1.022898e+02 -4.476901e-01 -4.433998e+00
1.023898e+02 -8.917193e-01 -4.442303e+00
1.024898e+02 -1.465480e+00 -4.450549e+00
1.025897e+02 -2.205762e+00 -4.458736e+00
1.026897e+02 -2.533807e+00 -4.466865e+00
1.027897e+02 -2.674469e+00 -4.474937e+00
1.028897e+02 -2.425767e+00 -4.482953e+00
1.029897e+02 -2.013412e+00 -4.490912e+00
1.030897e+02 -1.394173e+00 -4.498817e+00
1.031897e+02 -1.000201e+00 -4.506667e+00
1.032897e+02 -1.010835e+00 -4.514464e+00
1.033897e+02 -1.518093e+00 -4.522208e+00
1.034897e+02 -2.135267e+00 -4.529899e+00
1.035896e+02 -2.799812e+00 -4.537539e+00
1.036896e+02 -3.182860e+00 -4.545129e+00
1.037896e+02 -3.332975e+00 -4.552668e+00
1.038896e+02 -3.148712e+00 -4.560159e+00
1.039896e+02 -2.553887e+00 -4.567600e+00
1.040896e+02 -1.972435e+00 -4.574994e+00
1.041896e+02 -1.640343e+00 -4.582340e+00
1.042896e+02 -1.686042e+00 -4.589640e+00
1.043896e+02 -2.175495e+00 -4.596894e+00
1.044896e+02 -2.699833e+00 -4.604103e+00
1.045895e+02 -3.433445e+00 -4.611267e+00
1.046895e+02 -3.878026e+00 -4.618387e+00
1.047895e+02 -3.923234e+00 -4.625464e+00
1.048895e+02 -3.623603e+00 -4.632499e+00
1.049895e+02 -3.140567e+00 -4.639492e+00
1.050895e+02 -2.542748e+00 -4.646444e+00
1.051895e+02 -2.194834e+00 -4.653355e+00
1.052895e+02 -2.240894e+00 -4.660226e+00
1.053895e+02 -2.657245e+00 -4.667058e+00
1.054895e+02 -3.364687e+00 -4.673851e+00
1.055894e+02 -3.966636e+00 -4.680606e+00
1.056894e+02 -4.350850e+00 -4.687324e+00
1.057894e+02 -4.587717e+00 -4.694006e+00
1.058894e+02 -4.271346e+00 -4.700651e+00
1.059894e+02 -3.710592e+00 -4.707260e+00
1.060894e+02 -3.230086e+00 -4.713835e+00
1.061894e+02 -2.877484e+00 -4.720376e+00
1.062894e+02 -2.907068e+00 -4.726883e+00
1.063894e+02 -3.339614e+00 -4.733356e+00
1.064894e+02 -3.881545e+00 -4.739798e+00
1.065893e+02 -4.624516e+00 -4.746207e+00
1.066893e+02 -4.906394e+00 -4.752585e+00
1.067893e+02 -5.094986e+00 -4.758932e+00
1.068893e+02 -4.795683e+00 -4.765249e+00
1.069893e+02 -4.368341e+00 -4.771537e+00
1.070893e+02 -3.830330e+00 -4.777796e+00
1.071893e+02 -3.468499e+00 -4.784026e+00
1.072893e+02 -3.450986e+00 -4.790228e+00
1.073893e+02 -3.825479e+00 -4.796403e+00
1.074893e+02 -4.564104e+00 -4.802551e+00
1.075892e+02 -5.145515e+00 -4.808673e+00
1.076892e+02 -5.609623e+00 -4.814769e+00
1.077892e+02 -5.699872e+00 -4.820839e+00
1.078892e+02 -5.408663e+00 -4.826886e+00
1.079892e+02 -4.906368e+00 -4.832908e+00
1.080892e+02 -4.285724e+00 -4.838906e+00
1.081892e+02 -3.990698e+00 -4.844881e+00
1.082892e+02 -4.034179e+00 -4.850834e+00
1.083892e+02 -4.432310e+00 -4.856764e+00
1.084892e+02 -5.005868e+00 -4.862673e+00
1.085891e+02 -5.556205e+00 -4.868561e+00
1.086891e+02 -6.125454e+00 -4.874428e+00
1.087891e+02 -6.188078e+00 -4.880275e+00
1.088891e+02 -5.933297e+00 -4.886102e+00
1.089891e+02 -5.422369e+00 -4.891910e+00
1.090891e+02 -4.928158e+00 -4.897699e+00
1.091891e+02 -4.488505e+00 -4.903470e+00
1.092891e+02 -4.620986e+00 -4.909223e+00
1.093891e+02 -4.908816e+00 -4.914959e+00
1.094891e+02 -5.583238e+00 -4.920677e+00
1.095890e+02 -6.151691e+00 -4.926379e+00
1.096890e+02 -6.610665e+00 -4.932065e+00
1.097890e+02 -6.766070e+00 -4.937735e+00
1.098890e+02 -6.335729e+00 -4.943390e+00
1.099890e+02 -5.888155e+00 -4.949030e+00
1.100890e+02 -5.388064e+00 -4.954656e+00
1.101890e+02 -5.096111e+00 -4.960268e+00
1.102890e+02 -5.055800e+00 -4.965866e+00
1.103890e+02 -5.464178e+00 -4.971450e+00
1.104890e+02 -6.074018e+00 -4.977022e+00
1.105889e+02 -6.723145e+00 -4.982581e+00
1.106889e+02 -7.103151e+00 -4.988129e+00
1.107889e+02 -7.255710e+00 -4.993664e+00
1.108889e+02 -6.968051e+00 -4.999188e+00
1.109889e+02 -6.434526e+00 -5.004701e+00
1.110889e+02 -5.859361e+00 -5.010203e+00
1.111889e+02 -5.586484e+00 -5.015695e+00
1.112889e+02 -5.494192e+00 -5.021177e+00
1.113889e+02 -5.952044e+00 -5.026649e+00
1.114889e+02 -6.644158e+00 -5.032112e+00
1.115888e+02 -7.170744e+00 -5.037566e+00
1.116888e+02 -7.610244e+00 -5.043011e+00
1.117888e+02 -7.774360e+00 -5.048448e+00
1.118888e+02 -7.461888e+00 -5.053877e+00
1.119888e+02 -6.931756e+00 -5.059298e+00
1.120888e+02 -6.298458e+00 -5.064711e+00
1.121888e+02 -5.945888e+00 -5.070117e+00
1.122888e+02 -6.038646e+00 -5.075516e+00
1.123888e+02 -6.354058e+00 -5.080909e+00
1.124888e+02 -7.014333e+00 -5.086295e+00
1.125887e+02 -7.639244e+00 -5.091675e+00
1.126887e+02 -8.125076e+00 -5.097049e+00
1.127887e+02 -8.184643e+00 -5.102417e+00
1.128887e+02 -7.829860e+00 -5.107780e+00
1.129887e+02 -7.461237e+00 -5.113138e+00
1.130887e+02 -6.813226e+00 -5.118491e+00
1.131887e+02 -6.399764e+00 -5.123840e+00
1.132887e+02 -6.460936e+00 -5.129184e+00
1.133887e+02 -6.882013e+00 -5.134523e+00
1.134887e+02 -7.460975e+00 -5.139859e+00
1.135886e+02 -8.065939e+00 -5.145191e+00
1.136886e+02 -8.612929e+00 -5.150519e+00
1.137886e+02 -8.614091e+00 -5.155843e+00
1.138886e+02 -8.323230e+00 -5.161165e+00
1.139886e+02 -7.844172e+00 -5.166483e+00
1.140886e+02 -7.228943e+00 -5.171799e+00
1.141886e+02 -6.852864e+00 -5.177112e+00
1.142886e+02 -6.902770e+00 -5.182422e+00
1.143886e+02 -7.161386e+00 -5.187730e+00
1.144886e+02 -7.867002e+00 -5.193035e+00
1.145885e+02 -8.475579e+00 -5.198339e+00
1.146885e+02 -8.853315e+00 -5.203640e+00
1.147885e+02 -9.068319e+00 -5.208940e+00
1.148885e+02 -8.709488e+00 -5.214238e+00
1.149885e+02 -8.111321e+00 -5.219534e+00
1.150885e+02 -7.533833e+00 -5.224829e+00
1.151885e+02 -7.287063e+00 -5.230123e+00
1.152885e+02 -7.218572e+00 -5.235415e+00
1.153885e+02 -7.505464e+00 -5.240706e+00
1.154885e+02 -8.191605e+00 -5.245996e+00
1.155884e+02 -8.908357e+00 -5.251286e+00
1.156884e+02 -9.252363e+00 -5.256574e+00
1.157884e+02 -9.375361e+00 -5.261861e+00
1.158884e+02 -8.999937e+00 -5.267148e+00
1.159884e+02 -8.517514e+00 -5.272434e+00
1.160884e+02 -7.954509e+00 -5.277720e+00
1.161884e+02 -7.588250e+00 -5.283005e+00
1.162884e+02 -7.614497e+00 -5.288290e+00
1.163884e+02 -7.946836e+00 -5.293574e+00
1.164884e+02 -8.504292e+00 -5.298858e+00
1.165883e+02 -9.063741e+00 -5.304141e+00
1.166883e+02 -9.601884e+00 -5.309424e+00
1.167883e+02 -9.745831e+00 -5.314707e+00
1.168883e+02 -9.384861e+00 -5.319989e+00
1.169883e+02 -8.878841e+00 -5.325271e+00
1.170883e+02 -8.294656e+00 -5.330553e+00
1.171883e+02 -7.784885e+00 -5.335834e+00
1.172883e+02 -7.895505e+00 -5.341115e+00
1.173883e+02 -8.138836e+00 -5.346396e+00
1.174883e+02 -8.877101e+00 -5.351677e+00
1.175882e+02 -9.336003e+00 -5.356957e+00
1.176882e+02 -9.919590e+00 -5.362237e+00
1.177882e+02 -9.978933e+00 -5.367516e+00
1.178882e+02 -9.758878e+00 -5.372795e+00
1.179882e+02 -9.130838e+00 -5.378073e+00
1.180882e+02 -8.612996e+00 -5.383351e+00
1.181882e+02 -8.151050e+00 -5.388628e+00
1.182882e+02 -8.167899e+00 -5.393904e+00
1.183882e+02 -8.475583e+00 -5.399180e+00
1.184882e+02 -9.049926e+00 -5.404455e+00
1.185881e+02 -9.674238e+00 -5.409729e+00
1.186881e+02 -1.018136e+01 -5.415001e+00
1.187881e+02 -1.023656e+01 -5.420273e+00
1.188881e+02 -9.967270e+00 -5.425544e+00
1.189881e+02 -9.425411e+00 -5.430813e+00
1.190881e+02 -8.755497e+00 -5.436080e+00
1.191881e+02 -8.357941e+00 -5.441346e+00
1.192881e+02 -8.392843e+00 -5.446611e+00
1.193881e+02 -8.766736e+00 -5.451873e+00
1.194881e+02 -9.396181e+00 -5.457134e+00
1.195880e+02 -9.886700e+00 -5.462392e+00
1.196880e+02 -1.022383e+01 -5.467648e+00
1.197880e+02 -1.051428e+01 -5.472902e+00
1.198880e+02 -1.021565e+01 -5.478153e+00
1.199880e+02 -9.606926e+00 -5.483401e+00
1.200880e+02 -9.072594e+00 -5.488646e+00
1.201880e+02 -8.554258e+00 -5.493888e+00
1.202880e+02 -8.588920e+00 -5.499127e+00
1.203880e+02 -8.920310e+00 -5.504362e+00
1.204880e+02 -9.512785e+00 -5.509594e+00
1.205879e+02 -1.014177e+01 -5.514821e+00
1.206879e+02 -1.060628e+01 -5.520044e+00
1.207879e+02 -1.061080e+01 -5.525263e+00
1.208879e+02 -1.029656e+01 -5.530477e+00
1.209879e+02 -9.759483e+00 -5.535686e+00
1.210879e+02 -9.164925e+00 -5.540890e+00
1.211879e+02 -8.932643e+00 -5.546089e+00
1.212879e+02 -8.714092e+00 -5.551282e+00
1.213879e+02 -8.999228e+00 -5.556469e+00
1.214879e+02 -9.603488e+00 -5.561650e+00
1.215878e+02 -1.035498e+01 -5.566824e+00
1.216878e+02 -1.066833e+01 -5.571991e+00
1.217878e+02 -1.072811e+01 -5.577151e+00
1.218878e+02 -1.038864e+01 -5.582304e+00
1.219878e+02 -9.971485e+00 -5.587449e+00
1.220878e+02 -9.286259e+00 -5.592587e+00
1.221878e+02 -8.951856e+00 -5.597715e+00
1.222878e+02 -9.003400e+00 -5.602835e+00
1.223878e+02 -9.304126e+00 -5.607946e+00
1.224878e+02 -9.905889e+00 -5.613047e+00
1.225877e+02 -1.048927e+01 -5.618139e+00
1.226877e+02 -1.088078e+01 -5.623220e+00
1.227877e+02 -1.086822e+01 -5.628291e+00
1.228877e+02 -1.054638e+01 -5.633351e+00
1.229877e+02 -9.895540e+00 -5.638400e+00
1.230877e+02 -9.396989e+00 -5.643437e+00
1.231877e+02 -9.060886e+00 -5.648462e+00
1.232877e+02 -8.983624e+00 -5.653474e+00
1.233877e+02 -9.313365e+00 -5.658473e+00
1.234877e+02 -1.001456e+01 -5.663459e+00
1.235876e+02 -1.049093e+01 -5.668431e+00
1.236876e+02 -1.091586e+01 -5.673389e+00
1.237876e+02 -1.087866e+01 -5.678332e+00
1.238876e+02 -1.061702e+01 -5.683260e+00
1.239876e+02 -1.009408e+01 -5.688172e+00
1.240876e+02 -9.512988e+00 -5.693069e+00
1.241876e+02 -9.103642e+00 -5.697948e+00
1.242876e+02 -8.990151e+00 -5.702811e+00
1.243876e+02 -9.354414e+00 -5.707656e+00
1.244876e+02 -9.965242e+00 -5.712482e+00
1.245875e+02 -1.062289e+01 -5.717291e+00
1.246875e+02 -1.088232e+01 -5.722080e+00
1.247875e+02 -1.102458e+01 -5.726849e+00
1.248875e+02 -1.063065e+01 -5.731599e+00
1.249875e+02 -1.004511e+01 -5.736327e+00
1.250875e+02 -9.453543e+00 -5.741035e+00
1.251875e+02 -9.081633e+00 -5.745720e+00
1.252875e+02 -9.077930e+00 -5.750384e+00
1.253875e+02 -9.366290e+00 -5.755024e+00
1.254875e+02 -9.893120e+00 -5.759641e+00
1.255874e+02 -1.043362e+01 -5.764234e+00
1.256874e+02 -1.088605e+01 -5.768802e+00
1.257874e+02 -1.099543e+01 -5.773345e+00
1.258874e+02 -1.058614e+01 -5.777862e+00
1.259874e+02 -1.004922e+01 -5.782353e+00
1.260874e+02 -9.556504e+00 -5.786817e+00
1.261874e+02 -8.998240e+00 -5.791253e+00
1.262874e+02 -8.946507e+00 -5.795660e+00
1.263874e+02 -9.266300e+00 -5.800039e+00
1.264874e+02 -9.963130e+00 -5.804389e+00
1.265873e+02 -1.049962e+01 -5.808708e+00
1.266873e+02 -1.089723e+01 -5.812997e+00
1.267873e+02 -1.088935e+01 -5.817254e+00
1.268873e+02 -1.053000e+01 -5.821479e+00
1.269873e+02 -1.002546e+01 -5.825671e+00
1.270873e+02 -9.332071e+00 -5.829830e+00
1.271873e+02 -8.957726e+00 -5.833955e+00
1.272873e+02 -8.921168e+00 -5.838045e+00
1.273873e+02 -9.296761e+00 -5.842100e+00
1.274873e+02 -9.776387e+00 -5.846118e+00
1.275872e+02 -1.043331e+01 -5.850100e+00
1.276872e+02 -1.071461e+01 -5.854045e+00
1.277872e+02 -1.077590e+01 -5.857951e+00
1.278872e+02 -1.053841e+01 -5.861819e+00
1.279872e+02 -9.910934e+00 -5.865647e+00
1.280872e+02 -9.298979e+00 -5.869435e+00
1.281872e+02 -8.853289e+00 -5.873182e+00
1.282872e+02 -8.915678e+00 -5.876887e+00
1.283872e+02 -9.165099e+00 -5.880551e+00
1.284872e+02 -9.637459e+00 -5.884171e+00
1.285871e+02 -1.029453e+01 -5.887747e+00
1.286871e+02 -1.072223e+01 -5.891279e+00
1.287871e+02 -1.077715e+01 -5.894766e+00
1.288871e+02 -1.036775e+01 -5.898206e+00
1.289871e+02 -9.696667e+00 -5.901601e+00
1.290871e+02 -9.146321e+00 -5.904947e+00
1.291871e+02 -8.734735e+00 -5.908246e+00
1.292871e+02 -8.699416e+00 -5.911496e+00
1.293871e+02 -9.032207e+00 -5.914697e+00
1.294871e+02 -9.551173e+00 -5.917847e+00
1.295870e+02 -1.007343e+01 -5.920946e+00
1.296870e+02 -1.049470e+01 -5.923993e+00
1.297870e+02 -1.045779e+01 -5.926988e+00
1.298870e+02 -1.011853e+01 -5.929930e+00
1.299870e+02 -9.555398e+00 -5.932818e+00
1.300870e+02 -8.919320e+00 -5.935651e+00
1.301870e+02 -8.574369e+00 -5.938428e+00
1.302870e+02 -8.509540e+00 -5.941149e+00
1.303870e+02 -8.706295e+00 -5.943814e+00
1.304870e+02 -9.376621e+00 -5.946421e+00
1.305869e+02 -9.933992e+00 -5.948969e+00
1.306869e+02 -1.029491e+01 -5.951458e+00
1.307869e+02 -1.034024e+01 -5.953887e+00
1.308869e+02 -9.966786e+00 -5.956255e+00
1.309869e+02 -9.373750e+00 -5.958562e+00
1.310869e+02 -8.760830e+00 -5.960807e+00
1.311869e+02 -8.355611e+00 -5.962989e+00
1.312869e+02 -8.294938e+00 -5.965107e+00
1.313869e+02 -8.517007e+00 -5.967161e+00
1.314869e+02 -9.081162e+00 -5.969149e+00
1.315868e+02 -9.609322e+00 -5.971072e+00
1.316868e+02 -1.010331e+01 -5.972927e+00
1.317868e+02 -1.011548e+01 -5.974716e+00
1.318868e+02 -9.751713e+00 -5.976436e+00
1.319868e+02 -9.126035e+00 -5.978087e+00
1.320868e+02 -8.463506e+00 -5.979669e+00
1.321868e+02 -8.040006e+00 -5.981180e+00
1.322868e+02 -8.022032e+00 -5.982620e+00
1.323868e+02 -8.252111e+00 -5.983988e+00
1.324868e+02 -8.859668e+00 -5.985283e+00
1.325867e+02 -9.361996e+00 -5.986505e+00
1.326867e+02 -9.747951e+00 -5.987652e+00
1.327867e+02 -9.746174e+00 -5.988725e+00
1.328867e+02 -9.503651e+00 -5.989722e+00
1.329867e+02 -8.852703e+00 -5.990642e+00
1.330867e+02 -8.212705e+00 -5.991486e+00
1.331867e+02 -7.756766e+00 -5.992251e+00
1.332867e+02 -7.735982e+00 -5.992938e+00
1.333867e+02 -7.979673e+00 -5.993545e+00
1.334867e+02 -8.543054e+00 -5.994073e+00
1.335866e+02 -9.088617e+00 -5.994519e+00
1.336866e+02 -9.522156e+00 -5.994884e+00
1.337866e+02 -9.518150e+00 -5.995166e+00
1.338866e+02 -9.119731e+00 -5.995365e+00
1.339866e+02 -8.476374e+00 -5.995481e+00
1.340866e+02 -7.979079e+00 -5.995512e+00
1.341866e+02 -7.447783e+00 -5.995457e+00
1.342866e+02 -7.299845e+00 -5.995317e+00
1.343866e+02 -7.717655e+00 -5.995090e+00
1.344866e+02 -8.232314e+00 -5.994775e+00
1.345865e+02 -8.714720e+00 -5.994372e+00
1.346865e+02 -9.113417e+00 -5.993880e+00
1.347865e+02 -9.106392e+00 -5.993299e+00
1.348865e+02 -8.814607e+00 -5.992627e+00
1.349865e+02 -8.163723e+00 -5.991863e+00
1.350865e+02 -7.544245e+00 -5.991008e+00
1.351865e+02 -7.178233e+00 -5.990061e+00
1.352865e+02 -7.003759e+00 -5.989020e+00
1.353865e+02 -7.204494e+00 -5.987885e+00
1.354865e+02 -7.871917e+00 -5.986655e+00
1.355864e+02 -8.373327e+00 -5.985330e+00
1.356864e+02 -8.784022e+00 -5.983908e+00
1.357864e+02 -8.811895e+00 -5.982390e+00
1.358864e+02 -8.471109e+00 -5.980774e+00
1.359864e+02 -7.763495e+00 -5.979060e+00
1.360864e+02 -7.173686e+00 -5.977246e+00
1.361864e+02 -6.758199e+00 -5.975333e+00
1.362864e+02 -6.637372e+00 -5.973320e+00
1.363864e+02 -6.878143e+00 -5.971205e+00
1.364864e+02 -7.475294e+00 -5.968988e+00
1.365863e+02 -7.957731e+00 -5.966668e+00
1.366863e+02 -8.346815e+00 -5.964246e+00
1.367863e+02 -8.426160e+00 -5.961719e+00
1.368863e+02 -8.010634e+00 -5.959087e+00
1.369863e+02 -7.333572e+00 -5.956350e+00
1.370863e+02 -6.718593e+00 -5.953507e+00
1.371863e+02 -6.278381e+00 -5.950557e+00
1.372863e+02 -6.217246e+00 -5.947500e+00
1.373863e+02 -6.399353e+00 -5.944334e+00
1.374863e+02 -6.974230e+00 -5.941059e+00
1.375862e+02 -7.585439e+00 -5.937675e+00
1.376862e+02 -7.900540e+00 -5.934180e+00
1.377862e+02 -7.920281e+00 -5.930575e+00
1.378862e+02 -7.680204e+00 -5.926857e+00
1.379862e+02 -7.025033e+00 -5.923027e+00
1.380862e+02 -6.225094e+00 -5.919084e+00
1.381862e+02 -5.800915e+00 -5.915027e+00
1.382862e+02 -5.775780e+00 -5.910856e+00
1.383862e+02 -5.937277e+00 -5.906569e+00
1.384862e+02 -6.608017e+00 -5.902167e+00
1.385861e+02 -7.091936e+00 -5.897648e+00
1.386861e+02 -7.363060e+00 -5.893012e+00
1.387861e+02 -7.476987e+00 -5.888258e+00
1.388861e+02 -6.996890e+00 -5.883385e+00
1.389861e+02 -6.485188e+00 -5.878393e+00
1.390861e+02 -5.751117e+00 -5.873281e+00
1.391861e+02 -5.312593e+00 -5.868048e+00
1.392861e+02 -5.271330e+00 -5.862695e+00
1.393861e+02 -5.484208e+00 -5.857219e+00
1.394861e+02 -6.096813e+00 -5.851620e+00
1.395860e+02 -6.666931e+00 -5.845898e+00
1.396860e+02 -7.013374e+00 -5.840053e+00
1.397860e+02 -6.910943e+00 -5.834082e+00
1.398860e+02 -6.562213e+00 -5.827986e+00
1.399860e+02 -6.001555e+00 -5.821765e+00
1.400860e+02 -5.268226e+00 -5.815416e+00
1.401860e+02 -4.814237e+00 -5.808941e+00
1.402860e+02 -4.822471e+00 -5.802337e+00
1.403860e+02 -4.942343e+00 -5.795605e+00
1.404860e+02 -5.531057e+00 -5.788744e+00
1.405859e+02 -6.163079e+00 -5.781753e+00
1.406859e+02 -6.421756e+00 -5.774631e+00
1.407859e+02 -6.495429e+00 -5.767378e+00
1.408859e+02 -6.079978e+00 -5.759994e+00
1.409859e+02 -5.431311e+00 -5.752477e+00
1.410859e+02 -4.849599e+00 -5.744827e+00
1.411859e+02 -4.391885e+00 -5.737043e+00
1.412859e+02 -4.211850e+00 -5.729125e+00
1.413859e+02 -4.529283e+00 -5.721072e+00
1.414859e+02 -5.014911e+00 -5.712883e+00
1.415858e+02 -5.588408e+00 -5.704559e+00
1.416858e+02 -5.922748e+00 -5.696097e+00
1.417858e+02 -5.851580e+00 -5.687499e+00
1.418858e+02 -5.596320e+00 -5.678762e+00
1.419858e+02 -4.881515e+00 -5.669887e+00
1.420858e+02 -4.281382e+00 -5.660872e+00
1.421858e+02 -3.865408e+00 -5.651718e+00
1.422858e+02 -3.690850e+00 -5.642424e+00
1.423858e+02 -3.910275e+00 -5.632988e+00
1.424858e+02 -4.415494e+00 -5.623411e+00
1.425857e+02 -4.980538e+00 -5.613693e+00
1.426857e+02 -5.323316e+00 -5.603831e+00
1.427857e+02 -5.384662e+00 -5.593827e+00
1.428857e+02 -4.910976e+00 -5.583678e+00
1.429857e+02 -4.383124e+00 -5.573386e+00
1.430857e+02 -3.615878e+00 -5.562949e+00
1.431857e+02 -3.344330e+00 -5.552366e+00
1.432857e+02 -3.098845e+00 -5.541638e+00
1.433857e+02 -3.414689e+00 -5.530763e+00
1.434857e+02 -3.808268e+00 -5.519741e+00
1.435856e+02 -4.354648e+00 -5.508573e+00
1.436856e+02 -4.795722e+00 -5.497256e+00
1.437856e+02 -4.747563e+00 -5.485791e+00
1.438856e+02 -4.373692e+00 -5.474177e+00
1.439856e+02 -3.780968e+00 -5.462414e+00
1.440856e+02 -3.090659e+00 -5.450501e+00
1.441856e+02 -2.710468e+00 -5.438437e+00
1.442856e+02 -2.521160e+00 -5.426224e+00
1.443856e+02 -2.803167e+00 -5.413859e+00
1.444856e+02 -3.321953e+00 -5.401342e+00
1.445855e+02 -3.835270e+00 -5.388674e+00
1.446855e+02 -4.149649e+00 -5.375853e+00
1.447855e+02 -4.163508e+00 -5.362880e+00
1.448855e+02 -3.852675e+00 -5.349754e+00
1.449855e+02 -3.137055e+00 -5.336474e+00
1.450855e+02 -2.476861e+00 -5.323040e+00
1.451855e+02 -2.076320e+00 -5.309452e+00
1.452855e+02 -1.986831e+00 -5.295709e+00
1.453855e+02 -2.183287e+00 -5.281812e+00
1.454855e+02 -2.645718e+00 -5.267759e+00
1.455854e+02 -3.264418e+00 -5.253551e+00
1.456854e+02 -3.562887e+00 -5.239188e+00
1.457854e+02 -3.514870e+00 -5.224668e+00
1.458854e+02 -3.219563e+00 -5.209992e+00
1.459854e+02 -2.578600e+00 -5.195159e+00
1.460854e+02 -1.945905e+00 -5.180169e+00
1.461854e+02 -1.463075e+00 -5.165023e+00
1.462854e+02 -1.408098e+00 -5.149719e+00
1.463854e+02 -1.632520e+00 -5.134258e+00
1.464854e+02 -2.142249e+00 -5.118639e+00
1.465853e+02 -2.596122e+00 -5.102862e+00
1.466853e+02 -2.986641e+00 -5.086928e+00
1.467853e+02 -2.867254e+00 -5.070836e+00
1.468853e+02 -2.556978e+00 -5.054585e+00
1.469853e+02 -1.957636e+00 -5.038176e+00
1.470853e+02 -1.232782e+00 -5.021609e+00
1.471853e+02 -7.053839e-01 -5.004884e+00
1.472853e+02 -6.934312e-01 -4.988000e+00
1.473853e+02 -1.045382e+00 -4.970958e+00
1.474853e+02 -1.552326e+00 -4.953758e+00
1.475852e+02 -2.051286e+00 -4.936399e+00
1.476852e+02 -2.314747e+00 -4.918881e+00
1.477852e+02 -2.367413e+00 -4.901206e+00
1.478852e+02 -1.937505e+00 -4.883372e+00
1.479852e+02 -1.399816e+00 -4.865380e+00
1.480852e+02 -7.837480e-01 -4.847230e+00
1.481852e+02 -1.803813e-01 -4.828922e+00
1.482852e+02 -4.141912e-02 -4.810457e+00
1.483852e+02 -3.177158e-01 -4.791834e+00
1.484852e+02 -8.972907e-01 -4.773054e+00
1.485851e+02 -1.414886e+00 -4.754117e+00
1.486851e+02 -1.745731e+00 -4.735023e+00
1.487851e+02 -1.761905e+00 -4.715772e+00
1.488851e+02 -1.373186e+00 -4.696365e+00
1.489851e+02 -8.016442e-01 -4.676802e+00
1.490851e+02 1.615935e-02 -4.657084e+00
1.491851e+02 3.892828e-01 -4.637210e+00
1.492851e+02 6.290020e-01 -4.617182e+00
1.493851e+02 2.833412e-01 -4.596999e+00
1.494851e+02 -2.546710e-01 -4.576663e+00
1.495850e+02 -8.377563e-01 -4.556172e+00
1.496850e+02 -1.105344e+00 -4.535529e+00
1.497850e+02 -1.065660e+00 -4.514734e+00
1.498850e+02 -7.033165e-01 -4.493786e+00
1.499850e+02 -1.772395e-01 -4.472687e+00
1.500850e+02 5.279183e-01 -4.451438e+00
1.501850e+02 1.033968e+00 -4.430038e+00
1.502850e+02 1.134492e+00 -4.408489e+00
1.503850e+02 9.618026e-01 -4.386792e+00
1.504850e+02 4.082853e-01 -4.364946e+00
1.505849e+02 -1.807751e-01 -4.342953e+00
1.506849e+02 -5.205964e-01 -4.320813e+00
1.507849e+02 -5.354900e-01 -4.298528e+00
1.508849e+02 -9.352447e-02 -4.276097e+00
1.509849e+02 5.266811e-01 -4.253523e+00
1.510849e+02 1.137479e+00 -4.230805e+00
1.511849e+02 1.625014e+00 -4.207946e+00
1.512849e+02 1.712005e+00 -4.184944e+00
1.513849e+02 1.527819e+00 -4.161803e+00
1.514849e+02 9.669916e-01 -4.138522e+00
1.515848e+02 4.514497e-01 -4.115102e+00
1.516848e+02 1.510323e-01 -4.091546e+00
1.517848e+02 4.863343e-02 -4.067853e+00
1.518848e+02 5.904043e-01 -4.044025e+00
1.519848e+02 1.173763e+00 -4.020063e+00
1.520848e+02 1.766062e+00 -3.995968e+00
1.521848e+02 2.343949e+00 -3.971742e+00
1.522848e+02 2.451296e+00 -3.947385e+00
1.523848e+02 2.147559e+00 -3.922899e+00
1.524848e+02 1.648388e+00 -3.898285e+00
1.525847e+02 1.114148e+00 -3.873544e+00
1.526847e+02 7.519851e-01 -3.848678e+00
1.527847e+02 6.918288e-01 -3.823689e+00
1.528847e+02 1.149553e+00 -3.798577e+00
1.529847e+02 1.731804e+00 -3.773343e+00
1.530847e+02 2.399552e+00 -3.747990e+00
1.531847e+02 2.934361e+00 -3.722519e+00
1.532847e+02 3.020856e+00 -3.696932e+00
1.533847e+02 2.888887e+00 -3.671229e+00
1.534847e+02 2.319804e+00 -3.645412e+00
1.535846e+02 1.705115e+00 -3.619484e+00
1.536846e+02 1.416217e+00 -3.593445e+00
1.537846e+02 1.371838e+00 -3.567297e+00
1.538846e+02 1.751505e+00 -3.541042e+00
1.539846e+02 2.404061e+00 -3.514682e+00
1.540846e+02 3.137893e+00 -3.488218e+00
1.541846e+02 3.482975e+00 -3.461652e+00
1.542846e+02 3.646489e+00 -3.434985e+00
1.543846e+02 3.399322e+00 -3.408220e+00
1.544846e+02 2.940033e+00 -3.381359e+00
1.545845e+02 2.321036e+00 -3.354402e+00
1.546845e+02 1.964626e+00 -3.327352e+00
1.547845e+02 1.942125e+00 -3.300211e+00
1.548845e+02 2.414328e+00 -3.272981e+00
1.549845e+02 2.988218e+00 -3.245663e+00
1.550845e+02 3.769759e+00 -3.218259e+00
1.551845e+02 4.133056e+00 -3.190772e+00
1.552845e+02 4.183325e+00 -3.163203e+00
1.553845e+02 4.062911e+00 -3.135555e+00
1.554845e+02 3.452474e+00 -3.107828e+00
1.555844e+02 2.934140e+00 -3.080026e+00
1.556844e+02 2.536498e+00 -3.052150e+00
1.557844e+02 2.589047e+00 -3.024203e+00
1.558844e+02 2.963791e+00 -2.996186e+00
1.559844e+02 3.625598e+00 -2.968101e+00
1.560844e+02 4.229284e+00 -2.939950e+00
1.561844e+02 4.648933e+00 -2.911736e+00
1.562844e+02 4.879028e+00 -2.883461e+00
1.563844e+02 4.571166e+00 -2.855126e+00
1.564844e+02 4.094829e+00 -2.826734e+00
1.565843e+02 3.551328e+00 -2.798287e+00
1.566843e+02 3.144398e+00 -2.769787e+00
1.567843e+02 3.186802e+00 -2.741236e+00
1.568843e+02 3.420507e+00 -2.712637e+00
1.569843e+02 4.107080e+00 -2.683990e+00
1.570843e+02 4.791843e+00 -2.655300e+00
1.571843e+02 5.269195e+00 -2.626567e+00
1.572843e+02 5.368790e+00 -2.597794e+00
1.573843e+02 5.249525e+00 -2.568983e+00
1.574843e+02 4.624761e+00 -2.540136e+00
1.575842e+02 4.111627e+00 -2.511256e+00
1.576842e+02 3.781551e+00 -2.482343e+00
1.577842e+02 3.743134e+00 -2.453402e+00
1.578842e+02 4.010020e+00 -2.424433e+00
1.579842e+02 4.613292e+00 -2.395440e+00
1.580842e+02 5.317227e+00 -2.366423e+00
1.581842e+02 5.863407e+00 -2.337386e+00
1.582842e+02 6.039074e+00 -2.308330e+00
1.583842e+02 5.644857e+00 -2.279257e+00
1.584842e+02 5.211673e+00 -2.250170e+00
1.585841e+02 4.633723e+00 -2.221071e+00
1.586841e+02 4.328148e+00 -2.191962e+00
1.587841e+02 4.225172e+00 -2.162844e+00
1.588841e+02 4.710085e+00 -2.133721e+00
1.589841e+02 5.265196e+00 -2.104594e+00
1.590841e+02 5.845057e+00 -2.075465e+00
1.591841e+02 6.391422e+00 -2.046336e+00
1.592841e+02 6.486583e+00 -2.017209e+00
1.593841e+02 6.240440e+00 -1.988087e+00
1.594841e+02 5.748118e+00 -1.958972e+00
1.595840e+02 5.185716e+00 -1.929864e+00
1.596840e+02 4.733486e+00 -1.900767e+00
1.597840e+02 4.743627e+00 -1.871682e+00
1.598840e+02 5.155802e+00 -1.842612e+00
1.599840e+02 5.784120e+00 -1.813558e+00
1.600840e+02 6.395041e+00 -1.784521e+00
1.601840e+02 6.920653e+00 -1.755505e+00
1.602840e+02 7.017180e+00 -1.726511e+00
1.603840e+02 6.697070e+00 -1.697541e+00
1.604840e+02 6.280274e+00 -1.668597e+00
1.605839e+02 5.675010e+00 -1.639680e+00
1.606839e+02 5.273900e+00 -1.610792e+00
1.607839e+02 5.313156e+00 -1.581935e+00
1.608839e+02 5.647630e+00 -1.553111e+00
1.609839e+02 6.275074e+00 -1.524322e+00
1.610839e+02 6.940769e+00 -1.495569e+00
1.611839e+02 7.458635e+00 -1.466855e+00
1.612839e+02 7.481521e+00 -1.438180e+00
1.613839e+02 7.288441e+00 -1.409546e+00
1.614839e+02 6.767071e+00 -1.380955e+00
1.615838e+02 6.176777e+00 -1.352409e+00
1.616838e+02 5.785379e+00 -1.323910e+00
1.617838e+02 5.790372e+00 -1.295457e+00
1.618838e+02 6.074279e+00 -1.267055e+00
1.619838e+02 6.721559e+00 -1.238703e+00
1.620838e+02 7.408119e+00 -1.210403e+00
1.621838e+02 7.841437e+00 -1.182157e+00
1.622838e+02 8.059189e+00 -1.153966e+00
1.623838e+02 7.738486e+00 -1.125832e+00
1.624838e+02 7.152537e+00 -1.097755e+00
1.625837e+02 6.596881e+00 -1.069738e+00
1.626837e+02 6.273541e+00 -1.041782e+00
1.627837e+02 6.307929e+00 -1.013887e+00
1.628837e+02 6.581255e+00 -9.860555e-01
1.629837e+02 7.151517e+00 -9.582885e-01
1.630837e+02 7.739851e+00 -9.305871e-01
1.631837e+02 8.386537e+00 -9.029525e-01
1.632837e+02 8.378774e+00 -8.753858e-01
1.633837e+02 8.155112e+00 -8.478883e-01
1.634837e+02 7.516810e+00 -8.204610e-01
1.635836e+02 7.088865e+00 -7.931049e-01
1.636836e+02 6.611718e+00 -7.658212e-01
1.637836e+02 6.694304e+00 -7.386109e-01
1.638836e+02 6.987914e+00 -7.114749e-01
1.639836e+02 7.596105e+00 -6.844142e-01
1.640836e+02 8.333013e+00 -6.574299e-01
1.641836e+02 8.651565e+00 -6.305227e-01
1.642836e+02 8.803537e+00 -6.036935e-01
1.643836e+02 8.487273e+00 -5.769433e-01
1.644836e+02 7.996369e+00 -5.502729e-01
1.645835e+02 7.497944e+00 -5.236830e-01
1.646835e+02 7.046555e+00 -4.971745e-01
1.647835e+02 7.079309e+00 -4.707481e-01
1.648835e+02 7.419323e+00 -4.444045e-01
1.649835e+02 8.017461e+00 -4.181445e-01
1.650835e+02 8.649579e+00 -3.919687e-01
1.651835e+02 9.091263e+00 -3.658777e-01
1.652835e+02 9.181326e+00 -3.398723e-01
1.653835e+02 8.849505e+00 -3.139529e-01
1.654835e+02 8.429465e+00 -2.881202e-01
1.655834e+02 7.773348e+00 -2.623748e-01
1.656834e+02 7.402763e+00 -2.367171e-01
1.657834e+02 7.432989e+00 -2.111476e-01
1.658834e+02 7.736543e+00 -1.856668e-01
1.659834e+02 8.305430e+00 -1.602753e-01
1.660834e+02 9.010584e+00 -1.349733e-01
1.661834e+02 9.428131e+00 -1.097614e-01
1.662834e+02 9.528913e+00 -8.463989e-02
1.663834e+02 9.226105e+00 -5.960913e-02
1.664834e+02 8.677755e+00 -3.466948e-02
1.665833e+02 8.107301e+00 -9.821249e-03
1.666833e+02 7.761921e+00 1.493526e-02
1.667833e+02 7.663097e+00 3.959978e-02
1.668833e+02 8.185355e+00 6.417206e-02
1.669833e+02 8.687782e+00 8.865186e-02
1.670833e+02 9.264875e+00 1.130390e-01
1.671833e+02 9.657867e+00 1.373332e-01
1.672833e+02 9.870270e+00 1.615344e-01
1.673833e+02 9.557958e+00 1.856424e-01
1.674833e+02 9.000487e+00 2.096570e-01
1.675832e+02 8.434263e+00 2.335783e-01
1.676832e+02 8.110043e+00 2.574059e-01
1.677832e+02 8.030298e+00 2.811400e-01
1.678832e+02 8.337999e+00 3.047804e-01
1.679832e+02 8.848880e+00 3.283271e-01
1.680832e+02 9.572590e+00 3.517800e-01
1.681832e+02 1.006105e+01 3.751392e-01
1.682832e+02 1.009924e+01 3.984047e-01
1.683832e+02 9.783617e+00 4.215764e-01
1.684832e+02 9.313125e+00 4.446546e-01
1.685831e+02 8.599710e+00 4.676391e-01
1.686831e+02 8.313744e+00 4.905301e-01
1.687831e+02 8.280211e+00 5.133276e-01
1.688831e+02 8.621550e+00 5.360319e-01
1.689831e+02 9.192053e+00 5.586429e-01
1.690831e+02 9.805189e+00 5.811608e-01
1.691831e+02 1.036672e+01 6.035859e-01
1.692831e+02 1.035310e+01 6.259181e-01
1.693831e+02 1.007409e+01 6.481578e-01
1.694831e+02 9.528695e+00 6.703050e-01
1.695830e+02 8.934899e+00 6.923600e-01
1.696830e+02 8.627697e+00 7.143230e-01
1.697830e+02 8.569037e+00 7.361943e-01
1.698830e+02 8.802401e+00 7.579740e-01
1.699830e+02 9.413702e+00 7.796624e-01
1.700830e+02 9.944907e+00 8.012598e-01
1.701830e+02 1.051489e+01 8.227663e-01
1.702830e+02 1.058601e+01 8.441824e-01
1.703830e+02 1.029341e+01 8.655083e-01
1.704830e+02 9.693357e+00 8.867443e-01
1.705829e+02 9.160711e+00 9.078906e-01
1.706829e+02 8.641326e+00 9.289477e-01
1.707829e+02 8.618502e+00 9.499157e-01
1.708829e+02 9.001271e+00 9.707952e-01
1.709829e+02 9.616023e+00 9.915863e-01
1.710829e+02 1.018320e+01 1.012290e+00
1.711829e+02 1.054995e+01 1.032905e+00
1.712829e+02 1.066195e+01 1.053434e+00
1.713829e+02 1.039956e+01 1.073875e+00
1.714829e+02 9.954855e+00 1.094230e+00
1.715828e+02 9.335888e+00 1.114499e+00
1.716828e+02 8.908792e+00 1.134682e+00
1.717828e+02 8.890626e+00 1.154780e+00
1.718828e+02 9.123602e+00 1.174793e+00
1.719828e+02 9.687937e+00 1.194722e+00
1.720828e+02 1.029649e+01 1.214566e+00
1.721828e+02 1.074528e+01 1.234327e+00
1.722828e+02 1.088516e+01 1.254004e+00
1.723828e+02 1.052476e+01 1.273599e+00
1.724828e+02 1.003500e+01 1.293111e+00
1.725827e+02 9.322501e+00 1.312542e+00
1.726827e+02 8.974958e+00 1.331890e+00
1.727827e+02 8.896964e+00 1.351158e+00
1.728827e+02 9.198102e+00 1.370345e+00
1.729827e+02 9.766998e+00 1.389452e+00
1.730827e+02 1.042998e+01 1.408479e+00
1.731827e+02 1.087062e+01 1.427427e+00
1.732827e+02 1.090119e+01 1.446297e+00
1.733827e+02 1.063833e+01 1.465087e+00
1.734827e+02 1.009494e+01 1.483800e+00
1.735826e+02 9.420369e+00 1.502436e+00
1.736826e+02 8.988807e+00 1.520994e+00
1.737826e+02 9.000354e+00 1.539476e+00
1.738826e+02 9.290527e+00 1.557882e+00
1.739826e+02 9.856695e+00 1.576213e+00
1.740826e+02 1.044705e+01 1.594468e+00
1.741826e+02 1.094237e+01 1.612649e+00
1.742826e+02 1.101681e+01 1.630756e+00
1.743826e+02 1.059910e+01 1.648789e+00
1.744826e+02 1.012127e+01 1.666748e+00
1.745825e+02 9.483920e+00 1.684636e+00
1.746825e+02 9.129168e+00 1.702450e+00
1.747825e+02 9.011942e+00 1.720193e+00
1.748825e+02 9.309211e+00 1.737865e+00
1.749825e+02 9.952980e+00 1.755466e+00
1.750825e+02 1.057300e+01 1.772997e+00
1.751825e+02 1.085627e+01 1.790457e+00
1.752825e+02 1.097137e+01 1.807849e+00
1.753825e+02 1.061579e+01 1.825171e+00
1.754825e+02 1.004950e+01 1.842425e+00
1.755824e+02 9.517334e+00 1.859611e+00
1.756824e+02 9.046391e+00 1.876729e+00
1.757824e+02 9.017771e+00 1.893780e+00
1.758824e+02 9.368527e+00 1.910765e+00
1.759824e+02 9.879707e+00 1.927683e+00
1.760824e+02 1.043726e+01 1.944536e+00
1.761824e+02 1.094279e+01 1.961324e+00
1.762824e+02 1.099723e+01 1.978046e+00
1.763824e+02 1.069838e+01 1.994704e+00
1.764824e+02 1.007901e+01 2.011299e+00
1.765823e+02 9.380023e+00 2.027830e+00
1.766823e+02 9.083871e+00 2.044298e+00
1.767823e+02 8.946071e+00 2.060703e+00
1.768823e+02 9.333078e+00 2.077046e+00
1.769823e+02 9.886269e+00 2.093328e+00
1.770823e+02 1.039589e+01 2.109548e+00
1.771823e+02 1.083441e+01 2.125707e+00
1.772823e+02 1.087752e+01 2.141806e+00
1.773823e+02 1.066006e+01 2.157845e+00
1.774823e+02 9.949921e+00 2.173824e+00
1.775822e+02 9.468982e+00 2.189744e+00
1.776822e+02 8.954630e+00 2.205605e+00
1.777822e+02 8.958012e+00 2.221408e+00
1.778822e+02 9.214163e+00 2.237153e+00
1.779822e+02 9.736006e+00 2.252841e+00
1.780822e+02 1.034105e+01 2.268471e+00
1.781822e+02 1.060252e+01 2.284044e+00
1.782822e+02 1.078658e+01 2.299561e+00
1.783822e+02 1.037845e+01 2.315022e+00
1.784822e+02 9.925979e+00 2.330427e+00
1.785821e+02 9.258882e+00 2.345777e+00
1.786821e+02 8.803691e+00 2.361072e+00
1.787821e+02 8.707754e+00 2.376313e+00
1.788821e+02 9.117680e+00 2.391499e+00
1.789821e+02 9.626000e+00 2.406631e+00
1.790821e+02 1.015486e+01 2.421710e+00
1.791821e+02 1.057528e+01 2.436736e+00
1.792821e+02 1.064270e+01 2.451709e+00
1.793821e+02 1.021565e+01 2.466630e+00
1.794821e+02 9.742375e+00 2.481498e+00
1.795820e+02 9.105342e+00 2.496314e+00
1.796820e+02 8.775586e+00 2.511079e+00
1.797820e+02 8.493810e+00 2.525793e+00
1.798820e+02 8.888077e+00 2.540456e+00
1.799820e+02 9.442422e+00 2.555068e+00
1.800820e+02 9.919049e+00 2.569630e+00
1.801820e+02 1.044230e+01 2.584142e+00
1.802820e+02 1.046882e+01 2.598604e+00
1.803820e+02 1.008392e+01 2.613017e+00
1.804820e+02 9.541637e+00 2.627381e+00
1.805819e+02 8.940667e+00 2.641696e+00
1.806819e+02 8.482348e+00 2.655962e+00
1.807819e+02 8.352763e+00 2.670180e+00
1.808819e+02 8.719379e+00 2.684349e+00
1.809819e+02 9.149165e+00 2.698471e+00
1.810819e+02 9.817187e+00 2.712545e+00
1.811819e+02 1.015320e+01 2.726572e+00
1.812819e+02 1.021403e+01 2.740552e+00
1.813819e+02 9.822036e+00 2.754485e+00
1.814819e+02 9.309038e+00 2.768371e+00
1.815818e+02 8.723089e+00 2.782211e+00
1.816818e+02 8.207422e+00 2.796004e+00
1.817818e+02 8.109645e+00 2.809751e+00
1.818818e+02 8.433989e+00 2.823453e+00
1.819818e+02 8.890526e+00 2.837109e+00
1.820818e+02 9.566894e+00 2.850719e+00
1.821818e+02 9.992913e+00 2.864284e+00
1.822818e+02 9.991803e+00 2.877804e+00
1.823818e+02 9.801367e+00 2.891279e+00
1.824818e+02 9.092257e+00 2.904709e+00
1.825817e+02 8.430609e+00 2.918095e+00
1.826817e+02 7.979135e+00 2.931436e+00
1.827817e+02 7.878494e+00 2.944733e+00
1.828817e+02 8.043396e+00 2.957985e+00
1.829817e+02 8.664771e+00 2.971194e+00
1.830817e+02 9.140071e+00 2.984358e+00
1.831817e+02 9.583688e+00 2.997479e+00
1.832817e+02 9.674179e+00 3.010556e+00
1.833817e+02 9.334332e+00 3.023590e+00
1.834817e+02 8.736824e+00 3.036580e+00
1.835816e+02 8.126508e+00 3.049527e+00
1.836816e+02 7.605602e+00 3.062431e+00
1.837816e+02 7.437642e+00 3.075291e+00
1.838816e+02 7.782542e+00 3.088109e+00
1.839816e+02 8.340758e+00 3.100883e+00
1.840816e+02 8.820862e+00 3.113615e+00
1.841816e+02 9.266360e+00 3.126304e+00
1.842816e+02 9.387595e+00 3.138949e+00
1.843816e+02 9.042034e+00 3.151553e+00
1.844816e+02 8.352222e+00 3.164113e+00
1.845815e+02 7.717917e+00 3.176631e+00
1.846815e+02 7.280442e+00 3.189107e+00
1.847815e+02 7.201138e+00 3.201540e+00
1.848815e+02 7.428399e+00 3.213930e+00
1.849815e+02 8.027175e+00 3.226278e+00
1.850815e+02 8.579880e+00 3.238584e+00
1.851815e+02 9.070360e+00 3.250847e+00
1.852815e+02 8.907253e+00 3.263068e+00
1.853815e+02 8.681951e+00 3.275246e+00
1.854815e+02 8.042557e+00 3.287382e+00
1.855814e+02 7.359879e+00 3.299476e+00
1.856814e+02 6.997495e+00 3.311527e+00
1.857814e+02 6.792132e+00 3.323536e+00
1.858814e+02 7.067588e+00 3.335502e+00
1.859814e+02 7.568419e+00 3.347426e+00
1.860814e+02 8.204665e+00 3.359308e+00
1.861814e+02 8.534700e+00 3.371147e+00
1.862814e+02 8.573996e+00 3.382943e+00
1.863814e+02 8.302804e+00 3.394697e+00
1.864814e+02 7.669317e+00 3.406409e+00
1.865813e+02 7.032219e+00 3.418077e+00
1.866813e+02 6.513766e+00 3.429703e+00
1.867813e+02 6.433836e+00 3.441286e+00
1.868813e+02 6.670110e+00 3.452827e+00
1.869813e+02 7.130554e+00 3.464324e+00
1.870813e+02 7.786265e+00 3.475778e+00
1.871813e+02 8.151897e+00 3.487190e+00
1.872813e+02 8.142984e+00 3.498558e+00
1.873813e+02 7.856159e+00 3.509883e+00
1.874813e+02 7.176904e+00 3.521165e+00
1.875812e+02 6.565741e+00 3.532403e+00
1.876812e+02 6.063436e+00 3.543598e+00
1.877812e+02 5.993292e+00 3.554749e+00
1.878812e+02 6.247221e+00 3.565857e+00
1.879812e+02 6.813896e+00 3.576921e+00
1.880812e+02 7.355297e+00 3.587940e+00
1.881812e+02 7.737771e+00 3.598916e+00
1.882812e+02 7.669408e+00 3.609848e+00
1.883812e+02 7.405764e+00 3.620736e+00
1.884812e+02 6.688258e+00 3.631579e+00
1.885811e+02 6.160777e+00 3.642378e+00
1.886811e+02 5.583172e+00 3.653132e+00
1.887811e+02 5.396165e+00 3.663841e+00
1.888811e+02 5.759940e+00 3.674505e+00
1.889811e+02 6.180870e+00 3.685125e+00
1.890811e+02 6.780926e+00 3.695699e+00
1.891811e+02 7.230625e+00 3.706228e+00
1.892811e+02 7.197966e+00 3.716711e+00
1.893811e+02 6.823102e+00 3.727149e+00
1.894811e+02 6.255929e+00 3.737541e+00
1.895810e+02 5.525984e+00 3.747887e+00
1.896810e+02 5.087186e+00 3.758187e+00
1.897810e+02 4.989068e+00 3.768440e+00
1.898810e+02 5.253881e+00 3.778648e+00
1.899810e+02 5.768589e+00 3.788808e+00
1.900810e+02 6.394944e+00 3.798922e+00
1.901810e+02 6.642891e+00 3.808989e+00
1.902810e+02 6.689472e+00 3.819009e+00
1.903810e+02 6.345937e+00 3.828982e+00
1.904810e+02 5.741586e+00 3.838907e+00
1.905809e+02 5.044290e+00 3.848784e+00
1.906809e+02 4.637074e+00 3.858614e+00
1.907809e+02 4.498033e+00 3.868396e+00
1.908809e+02 4.810985e+00 3.878129e+00
1.909809e+02 5.153549e+00 3.887814e+00
1.910809e+02 5.791136e+00 3.897451e+00
1.911809e+02 6.252117e+00 3.907039e+00
1.912809e+02 6.172326e+00 3.916577e+00
1.913809e+02 5.814315e+00 3.926067e+00
1.914809e+02 5.250341e+00 3.935507e+00
1.915808e+02 4.520813e+00 3.944898e+00
1.916808e+02 4.083374e+00 3.954239e+00
1.917808e+02 4.039462e+00 3.963530e+00
1.918808e+02 4.093456e+00 3.972771e+00
1.919808e+02 4.809104e+00 3.981961e+00
1.920808e+02 5.303895e+00 3.991101e+00
1.921808e+02 5.590147e+00 4.000190e+00
1.922808e+02 5.635966e+00 4.009228e+00
1.923808e+02 5.312325e+00 4.018215e+00
1.924808e+02 4.634942e+00 4.027151e+00
1.925807e+02 4.062611e+00 4.036035e+00
1.926807e+02 3.570505e+00 4.044867e+00
1.927807e+02 3.353854e+00 4.053647e+00
1.928807e+02 3.615138e+00 4.062375e+00
1.929807e+02 4.066344e+00 4.071050e+00
1.930807e+02 4.663508e+00 4.079673e+00
1.931807e+02 5.082044e+00 4.088242e+00
1.932807e+02 5.105482e+00 4.096759e+00
1.933807e+02 4.795650e+00 4.105222e+00
1.934807e+02 4.071577e+00 4.113632e+00
1.935806e+02 3.452864e+00 4.121988e+00
1.936806e+02 3.001747e+00 4.130290e+00
1.937806e+02 2.838491e+00 4.138538e+00
1.938806e+02 3.063327e+00 4.146732e+00
1.939806e+02 3.571259e+00 4.154871e+00
1.940806e+02 4.105544e+00 4.162955e+00
1.941806e+02 4.446508e+00 4.170983e+00
1.942806e+02 4.563398e+00 4.178957e+00
1.943806e+02 3.958411e+00 4.186875e+00
1.944806e+02 3.502971e+00 4.194738e+00
1.945805e+02 2.892791e+00 4.202544e+00
1.946805e+02 2.471908e+00 4.210295e+00
1.947805e+02 2.182854e+00 4.217989e+00
1.948805e+02 2.433422e+00 4.225626e+00
1.949805e+02 2.950571e+00 4.233207e+00
1.950805e+02 3.616474e+00 4.240730e+00
1.951805e+02 3.850272e+00 4.248197e+00
1.952805e+02 3.895432e+00 4.255606e+00
1.953805e+02 3.524818e+00 4.262957e+00
1.954805e+02 2.958742e+00 4.270250e+00
1.955804e+02 2.264306e+00 4.277486e+00
1.956804e+02 1.794800e+00 4.284663e+00
1.957804e+02 1.602763e+00 4.291781e+00
1.958804e+02 1.860832e+00 4.298841e+00
1.959804e+02 2.426306e+00 4.305842e+00
1.960804e+02 2.929627e+00 4.312783e+00
1.961804e+02 3.316378e+00 4.319665e+00
1.962804e+02 3.263690e+00 4.326488e+00
1.963804e+02 2.955047e+00 4.333251e+00
1.964804e+02 2.337076e+00 4.339954e+00
1.965803e+02 1.713299e+00 4.346597e+00
1.966803e+02 1.086987e+00 4.353179e+00
1.967803e+02 1.017996e+00 4.359701e+00
1.968803e+02 1.232261e+00 4.366162e+00
1.969803e+02 1.760253e+00 4.372562e+00
1.970803e+02 2.272632e+00 4.378901e+00
1.971803e+02 2.777886e+00 4.385178e+00
1.972803e+02 2.638311e+00 4.391394e+00
1.973803e+02 2.320787e+00 4.397548e+00
1.974803e+02 1.755999e+00 4.403640e+00
1.975802e+02 9.728583e-01 4.409669e+00
1.976802e+02 5.902033e-01 4.415637e+00
1.977802e+02 5.453343e-01 4.421542e+00
1.978802e+02 6.877914e-01 4.427384e+00
1.979802e+02 1.157670e+00 4.433163e+00
1.980802e+02 1.596152e+00 4.438879e+00
1.981802e+02 2.079553e+00 4.444532e+00
1.982802e+02 2.036533e+00 4.450121e+00
1.983802e+02 1.706499e+00 4.455646e+00
1.984802e+02 1.093020e+00 4.461108e+00
1.985801e+02 3.367143e-01 4.466506e+00
1.986801e+02 -3.836535e-02 4.471839e+00
1.987801e+02 -2.436117e-01 4.477108e+00
1.988801e+02 1.808962e-02 4.482313e+00
1.989801e+02 4.724542e-01 4.487452e+00
1.990801e+02 1.123530e+00 4.492527e+00
1.991801e+02 1.404975e+00 4.497537e+00
1.992801e+02 1.367505e+00 4.502482e+00
1.993801e+02 1.035539e+00 4.507361e+00
1.994801e+02 4.923647e-01 4.512175e+00
1.995800e+02 -2.163140e-01 4.516923e+00
1.996800e+02 -7.227161e-01 4.521605e+00
1.997800e+02 -7.561347e-01 4.526221e+00
1.998800e+02 -6.252410e-01 4.530771e+00
1.999800e+02 -1.068332e-01 4.535254e+00
2.000800e+02 4.158932e-01 4.539672e+00
2.001800e+02 7.761733e-01 4.544022e+00
2.002800e+02 8.469622e-01 4.548306e+00
2.003800e+02 4.456128e-01 4.552523e+00
2.004800e+02 -1.670303e-01 4.556673e+00
2.005799e+02 -8.994274e-01 4.560756e+00
2.006799e+02 -1.363133e+00 4.564771e+00
2.007799e+02 -1.515775e+00 4.568719e+00
2.008799e+02 -1.238113e+00 4.572600e+00
2.009799e+02 -8.007184e-01 4.576413e+00
2.010799e+02 -2.030176e-01 4.580158e+00
2.011799e+02 1.887237e-01 4.583835e+00
2.012799e+02 7.627179e-02 4.587445e+00
2.013799e+02 -2.165681e-01 4.590986e+00
2.014799e+02 -8.166465e-01 4.594459e+00
2.015798e+02 -1.545470e+00 4.597863e+00
2.016798e+02 -2.014658e+00 4.601200e+00
2.017798e+02 -2.183796e+00 4.604467e+00
2.018798e+02 -1.866824e+00 4.607667e+00
2.019798e+02 -1.344778e+00 4.610797e+00
2.020798e+02 -7.803930e-01 4.613859e+00
2.021798e+02 -4.316571e-01 4.616851e+00
2.022798e+02 -4.445095e-01 4.619775e+00
2.023798e+02 -7.984096e-01 4.622630e+00
2.024798e+02 -1.447068e+00 4.625416e+00
2.025797e+02 -2.099332e+00 4.628132e+00
2.026797e+02 -2.618788e+00 4.630779e+00
2.027797e+02 -2.678140e+00 4.633357e+00
2.028797e+02 -2.506292e+00 4.635866e+00
2.029797e+02 -1.957049e+00 4.638305e+00
2.030797e+02 -1.481280e+00 4.640675e+00
2.031797e+02 -1.045079e+00 4.642975e+00
2.032797e+02 -1.072113e+00 4.645206e+00
2.033797e+02 -1.412581e+00 4.647367e+00
2.034797e+02 -2.009802e+00 4.649459e+00
2.035796e+02 -2.671105e+00 4.651480e+00
2.036796e+02 -3.156587e+00 4.653433e+00
2.037796e+02 -3.351937e+00 4.655315e+00
2.038796e+02 -3.167714e+00 4.657128e+00
2.039796e+02 -2.600233e+00 4.658871e+00
2.040796e+02 -2.010598e+00 4.660544e+00
2.041796e+02 -1.659908e+00 4.662148e+00
2.042796e+02 -1.625923e+00 4.663682e+00
2.043796e+02 -2.057387e+00 4.665146e+00
2.044796e+02 -2.735565e+00 4.666540e+00
2.045795e+02 -3.283588e+00 4.667865e+00
2.046795e+02 -3.690732e+00 4.669120e+00
2.047795e+02 -3.894212e+00 4.670306e+00
2.048795e+02 -3.663063e+00 4.671422e+00
2.049795e+02 -3.275660e+00 4.672468e+00
2.050795e+02 -2.658417e+00 4.673445e+00
2.051795e+02 -2.255285e+00 4.674352e+00
2.052795e+02 -2.290619e+00 4.675190e+00
2.053795e+02 -2.620540e+00 4.675959e+00
2.054795e+02 -3.275356e+00 4.676658e+00
2.055794e+02 -3.800435e+00 4.677288e+00
2.056794e+02 -4.393677e+00 4.677849e+00
2.057794e+02 -4.455129e+00 4.678341e+00
2.058794e+02 -4.294380e+00 4.678764e+00
2.059794e+02 -3.834188e+00 4.679118e+00
2.060794e+02 -3.297202e+00 4.679403e+00
2.061794e+02 -2.884382e+00 4.679620e+00
2.062794e+02 -2.837160e+00 4.679768e+00
2.063794e+02 -3.233422e+00 4.679847e+00
2.064794e+02 -3.866322e+00 4.679858e+00
2.065793e+02 -4.387224e+00 4.679801e+00
2.066793e+02 -5.019138e+00 4.679676e+00
2.067793e+02 -5.137767e+00 4.679483e+00
2.068793e+02 -4.933310e+00 4.679222e+00
2.069793e+02 -4.393805e+00 4.678894e+00
2.070793e+02 -3.836922e+00 4.678498e+00
2.071793e+02 -3.504558e+00 4.678035e+00
2.072793e+02 -3.464787e+00 4.677504e+00
2.073793e+02 -3.847160e+00 4.676907e+00
2.074793e+02 -4.469027e+00 4.676243e+00
2.075792e+02 -4.922548e+00 4.675512e+00
2.076792e+02 -5.545249e+00 4.674715e+00
2.077792e+02 -5.665045e+00 4.673852e+00
2.078792e+02 -5.315103e+00 4.672923e+00
2.079792e+02 -4.961295e+00 4.671928e+00
2.080792e+02 -4.397203e+00 4.670867e+00
2.081792e+02 -4.023883e+00 4.669741e+00
2.082792e+02 -4.043424e+00 4.668550e+00
2.083792e+02 -4.331977e+00 4.667294e+00
2.084792e+02 -5.022604e+00 4.665974e+00
2.085791e+02 -5.543643e+00 4.664589e+00
2.086791e+02 -6.054707e+00 4.663140e+00
2.087791e+02 -6.120517e+00 4.661627e+00
2.088791e+02 -6.009739e+00 4.660051e+00
2.089791e+02 -5.444753e+00 4.658411e+00
2.090791e+02 -4.900633e+00 4.656709e+00
2.091791e+02 -4.564020e+00 4.654943e+00
2.092791e+02 -4.500262e+00 4.653116e+00
2.093791e+02 -4.819810e+00 4.651226e+00
2.094791e+02 -5.480234e+00 4.649274e+00
2.095790e+02 -6.145962e+00 4.647261e+00
2.096790e+02 -6.586947e+00 4.645186e+00
2.097790e+02 -6.776158e+00 4.643051e+00
2.098790e+02 -6.511690e+00 4.640855e+00
2.099790e+02 -6.031092e+00 4.638599e+00
2.100790e+02 -5.437032e+00 4.636282e+00
2.101790e+02 -5.127466e+00 4.633907e+00
2.102790e+02 -5.051412e+00 4.631472e+00
2.103790e+02 -5.327926e+00 4.628978e+00
2.104790e+02 -6.029753e+00 4.626426e+00
2.105789e+02 -6.631807e+00 4.623816e+00
2.106789e+02 -7.120487e+00 4.621148e+00
2.107789e+02 -7.275920e+00 4.618422e+00
2.108789e+02 -7.067777e+00 4.615640e+00
2.109789e+02 -6.496034e+00 4.612800e+00
2.110789e+02 -5.940542e+00 4.609905e+00
2.111789e+02 -5.561414e+00 4.606954e+00
2.112789e+02 -5.603286e+00 4.603947e+00
2.113789e+02 -5.938379e+00 4.600885e+00
2.114789e+02 -6.403847e+00 4.597768e+00
2.115788e+02 -7.160740e+00 4.594597e+00
2.116788e+02 -7.627135e+00 4.591372e+00
2.117788e+02 -7.740485e+00 4.588094e+00
2.118788e+02 -7.469573e+00 4.584762e+00
2.119788e+02 -6.979576e+00 4.581378e+00
2.120788e+02 -6.428066e+00 4.577941e+00
2.121788e+02 -6.012508e+00 4.574453e+00
2.122788e+02 -6.038855e+00 4.570913e+00
2.123788e+02 -6.355466e+00 4.567322e+00
2.124788e+02 -6.910849e+00 4.563681e+00
2.125787e+02 -7.541362e+00 4.559989e+00
2.126787e+02 -8.019811e+00 4.556248e+00
2.127787e+02 -8.110751e+00 4.552457e+00
2.128787e+02 -7.937328e+00 4.548617e+00
2.129787e+02 -7.439431e+00 4.544729e+00
2.130787e+02 -6.789560e+00 4.540793e+00
2.131787e+02 -6.439031e+00 4.536809e+00
2.132787e+02 -6.434992e+00 4.532778e+00
2.133787e+02 -6.764953e+00 4.528700e+00
2.134787e+02 -7.279371e+00 4.524576e+00
2.135786e+02 -8.007373e+00 4.520406e+00
2.136786e+02 -8.455705e+00 4.516190e+00
2.137786e+02 -8.634050e+00 4.511929e+00
2.138786e+02 -8.342436e+00 4.507624e+00
2.139786e+02 -7.904163e+00 4.503274e+00
2.140786e+02 -7.265189e+00 4.498880e+00
2.141786e+02 -6.922604e+00 4.494443e+00
2.142786e+02 -6.758765e+00 4.489963e+00
2.143786e+02 -7.070086e+00 4.485440e+00
2.144786e+02 -7.744677e+00 4.480876e+00
2.145785e+02 -8.296995e+00 4.476269e+00
2.146785e+02 -8.888200e+00 4.471621e+00
2.147785e+02 -8.947057e+00 4.466932e+00
2.148785e+02 -8.723873e+00 4.462202e+00
2.149785e+02 -8.182217e+00 4.457433e+00
2.150785e+02 -7.560511e+00 4.452623e+00
2.151785e+02 -7.321350e+00 4.447774e+00
2.152785e+02 -7.264210e+00 4.442886e+00
2.153785e+02 -7.581992e+00 4.437960e+00
2.154785e+02 -8.080908e+00 4.432995e+00
2.155784e+02 -8.807350e+00 4.427992e+00
2.156784e+02 -9.184866e+00 4.422951e+00
2.157784e+02 -9.370285e+00 4.417874e+00
2.158784e+02 -9.068663e+00 4.412759e+00
2.159784e+02 -8.477317e+00 4.407609e+00
2.160784e+02 -8.022873e+00 4.402422e+00
2.161784e+02 -7.475068e+00 4.397199e+00
2.162784e+02 -7.647993e+00 4.391940e+00
2.163784e+02 -7.875923e+00 4.386647e+00
2.164784e+02 -8.509187e+00 4.381319e+00
2.165783e+02 -9.109125e+00 4.375956e+00
2.166783e+02 -9.605398e+00 4.370559e+00
2.167783e+02 -9.694080e+00 4.365128e+00
2.168783e+02 -9.385227e+00 4.359664e+00
2.169783e+02 -8.865102e+00 4.354166e+00
2.170783e+02 -8.381510e+00 4.348635e+00
2.171783e+02 -7.854343e+00 4.343071e+00
2.172783e+02 -7.880217e+00 4.337475e+00
2.173783e+02 -8.235026e+00 4.331847e+00
2.174783e+02 -8.764821e+00 4.326187e+00
2.175782e+02 -9.395783e+00 4.320495e+00
2.176782e+02 -9.868958e+00 4.314771e+00
2.177782e+02 -9.944009e+00 4.309016e+00
2.178782e+02 -9.718152e+00 4.303230e+00
2.179782e+02 -9.217422e+00 4.297414e+00
2.180782e+02 -8.648300e+00 4.291566e+00
2.181782e+02 -8.184857e+00 4.285689e+00
2.182782e+02 -8.098981e+00 4.279781e+00
2.183782e+02 -8.368126e+00 4.273843e+00
2.184782e+02 -9.002681e+00 4.267875e+00
2.185781e+02 -9.711638e+00 4.261878e+00
2.186781e+02 -1.012178e+01 4.255850e+00
2.187781e+02 -1.029504e+01 4.249794e+00
2.188781e+02 -9.949382e+00 4.243708e+00
2.189781e+02 -9.387705e+00 4.237594e+00
2.190781e+02 -8.840858e+00 4.231450e+00
2.191781e+02 -8.461054e+00 4.225277e+00
2.192781e+02 -8.291783e+00 4.219076e+00
2.193781e+02 -8.690946e+00 4.212846e+00
2.194781e+02 -9.225822e+00 4.206588e+00
2.195780e+02 -9.820097e+00 4.200301e+00
2.196780e+02 -1.035068e+01 4.193986e+00
2.197780e+02 -1.049693e+01 4.187642e+00
2.198780e+02 -1.018766e+01 4.181271e+00
2.199780e+02 -9.646418e+00 4.174871e+00
2.200780e+02 -9.019684e+00 4.168443e+00
2.201780e+02 -8.637781e+00 4.161987e+00
2.202780e+02 -8.626876e+00 4.155503e+00
2.203780e+02 -8.851238e+00 4.148991e+00
2.204780e+02 -9.527523e+00 4.142451e+00
2.205779e+02 -1.006204e+01 4.135883e+00
2.206779e+02 -1.051785e+01 4.129287e+00
2.207779e+02 -1.066345e+01 4.122663e+00
2.208779e+02 -1.033192e+01 4.116011e+00
2.209779e+02 -9.799551e+00 4.109331e+00
2.210779e+02 -9.275790e+00 4.102623e+00
2.211779e+02 -8.761587e+00 4.095887e+00
2.212779e+02 -8.739637e+00 4.089123e+00
2.213779e+02 -9.015273e+00 4.082331e+00
2.214779e+02 -9.635223e+00 4.075510e+00
2.215778e+02 -1.025712e+01 4.068661e+00
2.216778e+02 -1.060483e+01 4.061784e+00
2.217778e+02 -1.077931e+01 4.054879e+00
2.218778e+02 -1.053120e+01 4.047945e+00
2.219778e+02 -9.977471e+00 4.040982e+00
2.220778e+02 -9.404476e+00 4.033991e+00
2.221778e+02 -8.918128e+00 4.026971e+00
2.222778e+02 -8.910745e+00 4.019922e+00
2.223778e+02 -9.236377e+00 4.012844e+00
2.224778e+02 -9.800520e+00 4.005736e+00
2.225777e+02 -1.037679e+01 3.998600e+00
2.226777e+02 -1.076680e+01 3.991434e+00
2.227777e+02 -1.084565e+01 3.984239e+00
2.228777e+02 -1.058011e+01 3.977013e+00
2.229777e+02 -1.010929e+01 3.969758e+00
2.230777e+02 -9.439018e+00 3.962473e+00
2.231777e+02 -9.063235e+00 3.955158e+00
2.232777e+02 -8.959475e+00 3.947813e+00
2.233777e+02 -9.253662e+00 3.940436e+00
2.234777e+02 -9.816847e+00 3.933030e+00
2.235776e+02 -1.048990e+01 3.925592e+00
2.236776e+02 -1.082901e+01 3.918123e+00
2.237776e+02 -1.096380e+01 3.910623e+00
2.238776e+02 -1.065946e+01 3.903091e+00
2.239776e+02 -1.011741e+01 3.895528e+00
2.240776e+02 -9.525285e+00 3.887932e+00
2.241776e+02 -9.075600e+00 3.880305e+00
2.242776e+02 -8.986629e+00 3.872645e+00
2.243776e+02 -9.291167e+00 3.864953e+00
2.244776e+02 -9.880998e+00 3.857227e+00
2.245775e+02 -1.043937e+01 3.849469e+00
2.246775e+02 -1.093316e+01 3.841677e+00
2.247775e+02 -1.098642e+01 3.833852e+00
2.248775e+02 -1.071614e+01 3.825993e+00
2.249775e+02 -1.011332e+01 3.818100e+00
2.250775e+02 -9.562391e+00 3.810173e+00
2.251775e+02 -9.135754e+00 3.802211e+00
2.252775e+02 -8.953808e+00 3.794214e+00
2.253775e+02 -9.251485e+00 3.786182e+00
2.254775e+02 -9.869084e+00 3.778115e+00
2.255774e+02 -1.049551e+01 3.770012e+00
2.256774e+02 -1.090862e+01 3.761872e+00
2.257774e+02 -1.096283e+01 3.753697e+00
2.258774e+02 -1.066706e+01 3.745485e+00
2.259774e+02 -1.014439e+01 3.737237e+00
2.260774e+02 -9.554351e+00 3.728951e+00
2.261774e+02 -9.078158e+00 3.720628e+00
2.262774e+02 -9.014167e+00 3.712267e+00
2.263774e+02 -9.290763e+00 3.703868e+00
2.264774e+02 -9.756032e+00 3.695431e+00
2.265773e+02 -1.041498e+01 3.686955e+00
2.266773e+02 -1.079270e+01 3.678440e+00
2.267773e+02 -1.084453e+01 3.669886e+00
2.268773e+02 -1.064084e+01 3.661292e+00
2.269773e+02 -1.010160e+01 3.652658e+00
2.270773e+02 -9.396487e+00 3.643984e+00
2.271773e+02 -9.099297e+00 3.635270e+00
2.272773e+02 -8.933615e+00 3.626515e+00
2.273773e+02 -9.172986e+00 3.617718e+00
2.274773e+02 -9.695150e+00 3.608880e+00
2.275772e+02 -1.028439e+01 3.600000e+00
2.276772e+02 -1.071710e+01 3.591077e+00
2.277772e+02 -1.085666e+01 3.582112e+00
2.278772e+02 -1.052015e+01 3.573105e+00
2.279772e+02 -9.885509e+00 3.564053e+00
2.280772e+02 -9.384755e+00 3.554959e+00
2.281772e+02 -8.878501e+00 3.545820e+00
2.282772e+02 -8.843877e+00 3.536637e+00
2.283772e+02 -9.110593e+00 3.527409e+00
2.284772e+02 -9.592932e+00 3.518137e+00
2.285771e+02 -1.024297e+01 3.508818e+00
2.286771e+02 -1.067072e+01 3.499455e+00
2.287771e+02 -1.062750e+01 3.490045e+00
2.288771e+02 -1.036249e+01 3.480588e+00
2.289771e+02 -9.784382e+00 3.471085e+00
2.290771e+02 -9.206413e+00 3.461535e+00
2.291771e+02 -8.737677e+00 3.451937e+00
2.292771e+02 -8.653205e+00 3.442291e+00
2.293771e+02 -8.973984e+00 3.432597e+00
2.294771e+02 -9.480201e+00 3.422854e+00
2.295770e+02 -1.010613e+01 3.413062e+00
2.296770e+02 -1.048713e+01 3.403221e+00
2.297770e+02 -1.053068e+01 3.393330e+00
2.298770e+02 -1.015623e+01 3.383389e+00
2.299770e+02 -9.740884e+00 3.373397e+00
2.300770e+02 -9.018060e+00 3.363354e+00
2.301770e+02 -8.549450e+00 3.353261e+00
2.302770e+02 -8.362056e+00 3.343115e+00
2.303770e+02 -8.667130e+00 3.332918e+00
2.304770e+02 -9.259157e+00 3.322668e+00
2.305769e+02 -9.811936e+00 3.312365e+00
2.306769e+02 -1.028937e+01 3.302009e+00
2.307769e+02 -1.039056e+01 3.291600e+00
2.308769e+02 -1.001271e+01 3.281136e+00
2.309769e+02 -9.455653e+00 3.270619e+00
2.310769e+02 -8.810984e+00 3.260046e+00
2.311769e+02 -8.303083e+00 3.249419e+00
2.312769e+02 -8.292587e+00 3.238736e+00
2.313769e+02 -8.554899e+00 3.227997e+00
2.314769e+02 -9.085626e+00 3.217202e+00
2.315768e+02 -9.561464e+00 3.206350e+00
2.316768e+02 -9.998580e+00 3.195441e+00
2.317768e+02 -1.018816e+01 3.184475e+00
2.318768e+02 -9.798509e+00 3.173451e+00
2.319768e+02 -9.166457e+00 3.162369e+00
2.320768e+02 -8.458899e+00 3.151228e+00
2.321768e+02 -8.097379e+00 3.140029e+00
2.322768e+02 -7.947205e+00 3.128769e+00
2.323768e+02 -8.319962e+00 3.117451e+00
2.324768e+02 -8.730613e+00 3.106072e+00
2.325767e+02 -9.316201e+00 3.094632e+00
2.326767e+02 -9.667733e+00 3.083131e+00
2.327767e+02 -9.824745e+00 3.071570e+00
2.328767e+02 -9.546411e+00 3.059946e+00
2.329767e+02 -8.886605e+00 3.048260e+00
2.330767e+02 -8.303707e+00 3.036512e+00
2.331767e+02 -7.826493e+00 3.024701e+00
2.332767e+02 -7.690279e+00 3.012827e+00
2.333767e+02 -7.919827e+00 3.000889e+00
2.334767e+02 -8.468247e+00 2.988887e+00
2.335766e+02 -9.002849e+00 2.976820e+00
2.336766e+02 -9.492339e+00 2.964689e+00
2.337766e+02 -9.549355e+00 2.952492e+00
2.338766e+02 -9.066770e+00 2.940230e+00
2.339766e+02 -8.546898e+00 2.927901e+00
2.340766e+02 -7.926755e+00 2.915507e+00
2.341766e+02 -7.507281e+00 2.903045e+00
2.342766e+02 -7.410756e+00 2.890516e+00
2.343766e+02 -7.689376e+00 2.877920e+00
2.344766e+02 -8.064129e+00 2.865255e+00
2.345765e+02 -8.734509e+00 2.852523e+00
2.346765e+02 -9.108136e+00 2.839721e+00
2.347765e+02 -9.183364e+00 2.826850e+00
2.348765e+02 -8.814098e+00 2.813910e+00
2.349765e+02 -8.271269e+00 2.800900e+00
2.350765e+02 -7.619688e+00 2.787819e+00
2.351765e+02 -7.176536e+00 2.774668e+00
2.352765e+02 -7.045483e+00 2.761445e+00
2.353765e+02 -7.155270e+00 2.748152e+00
2.354765e+02 -7.769269e+00 2.734786e+00
2.355764e+02 -8.315320e+00 2.721348e+00
2.356764e+02 -8.714233e+00 2.707837e+00
2.357764e+02 -8.750118e+00 2.694253e+00
2.358764e+02 -8.472498e+00 2.680596e+00
2.359764e+02 -7.922477e+00 2.666865e+00
2.360764e+02 -7.294053e+00 2.653060e+00
2.361764e+02 -6.781789e+00 2.639180e+00
2.362764e+02 -6.568307e+00 2.625226e+00
2.363764e+02 -6.873701e+00 2.611196e+00
2.364764e+02 -7.356034e+00 2.597090e+00
2.365763e+02 -7.840668e+00 2.582908e+00
2.366763e+02 -8.315652e+00 2.568650e+00
2.367763e+02 -8.392998e+00 2.554315e+00
2.368763e+02 -8.159084e+00 2.539903e+00
2.369763e+02 -7.496934e+00 2.525413e+00
2.370763e+02 -6.805724e+00 2.510845e+00
2.371763e+02 -6.300999e+00 2.496199e+00
2.372763e+02 -6.168651e+00 2.481474e+00
2.373763e+02 -6.415941e+00 2.466671e+00
2.374763e+02 -6.943889e+00 2.451787e+00
2.375762e+02 -7.533359e+00 2.436824e+00
2.376762e+02 -7.895889e+00 2.421781e+00
2.377762e+02 -7.847396e+00 2.406658e+00
2.378762e+02 -7.670349e+00 2.391453e+00
2.379762e+02 -6.965475e+00 2.376168e+00
2.380762e+02 -6.363886e+00 2.360800e+00
2.381762e+02 -5.880029e+00 2.345351e+00
2.382762e+02 -5.704887e+00 2.329820e+00
2.383762e+02 -5.985912e+00 2.314206e+00
2.384762e+02 -6.446881e+00 2.298509e+00
2.385761e+02 -7.129064e+00 2.282728e+00
2.386761e+02 -7.437243e+00 2.266864e+00
2.387761e+02 -7.516661e+00 2.250916e+00
2.388761e+02 -7.083994e+00 2.234884e+00
2.389761e+02 -6.584638e+00 2.218767e+00
2.390761e+02 -5.957524e+00 2.202565e+00
2.391761e+02 -5.401994e+00 2.186278e+00
2.392761e+02 -5.201144e+00 2.169905e+00
2.393761e+02 -5.482456e+00 2.153446e+00
2.394761e+02 -6.056914e+00 2.136900e+00
2.395760e+02 -6.566923e+00 2.120269e+00
2.396760e+02 -6.931041e+00 2.103550e+00
2.397760e+02 -6.974319e+00 2.086744e+00
2.398760e+02 -6.600895e+00 2.069850e+00
2.399760e+02 -6.134464e+00 2.052868e+00
2.400760e+02 -5.390965e+00 2.035799e+00
2.401760e+02 -4.896997e+00 2.018640e+00
2.402760e+02 -4.742345e+00 2.001393e+00
2.403760e+02 -4.929538e+00 1.984057e+00
2.404760e+02 -5.453455e+00 1.966632e+00
2.405759e+02 -6.134823e+00 1.949116e+00
2.406759e+02 -6.409787e+00 1.931511e+00
2.407759e+02 -6.444576e+00 1.913816e+00
2.408759e+02 -6.136118e+00 1.896030e+00
2.409759e+02 -5.508189e+00 1.878153e+00
2.410759e+02 -4.843213e+00 1.860186e+00
2.411759e+02 -4.390284e+00 1.842127e+00
2.412759e+02 -4.293529e+00 1.823976e+00
2.413759e+02 -4.452127e+00 1.805734e+00
2.414759e+02 -5.003359e+00 1.787399e+00
2.415758e+02 -5.544867e+00 1.768973e+00
2.416758e+02 -5.860648e+00 1.750453e+00
2.417758e+02 -5.926533e+00 1.731841e+00
2.418758e+02 -5.557641e+00 1.713136e+00
2.419758e+02 -5.012887e+00 1.694337e+00
2.420758e+02 -4.291746e+00 1.675445e+00
2.421758e+02 -3.858656e+00 1.656459e+00
2.422758e+02 -3.650444e+00 1.637380e+00
2.423758e+02 -3.900698e+00 1.618206e+00
2.424758e+02 -4.442422e+00 1.598938e+00
2.425757e+02 -4.982951e+00 1.579575e+00
2.426757e+02 -5.349107e+00 1.560117e+00
2.427757e+02 -5.443779e+00 1.540565e+00
2.428757e+02 -5.054097e+00 1.520917e+00
2.429757e+02 -4.478979e+00 1.501175e+00
2.430757e+02 -3.729104e+00 1.481336e+00
2.431757e+02 -3.288406e+00 1.461402e+00
2.432757e+02 -3.074637e+00 1.441373e+00
2.433757e+02 -3.365352e+00 1.421247e+00
2.434757e+02 -3.816641e+00 1.401025e+00
2.435756e+02 -4.390512e+00 1.380708e+00
2.436756e+02 -4.715010e+00 1.360293e+00
2.437756e+02 -4.670750e+00 1.339783e+00
2.438756e+02 -4.448052e+00 1.319175e+00
2.439756e+02 -3.843152e+00 1.298471e+00
2.440756e+02 -3.184312e+00 1.277670e+00
2.441756e+02 -2.716137e+00 1.256773e+00
2.442756e+02 -2.507202e+00 1.235778e+00
2.443756e+02 -2.742476e+00 1.214686e+00
2.444756e+02 -3.209378e+00 1.193497e+00
2.445755e+02 -3.771486e+00 1.172211e+00
2.446755e+02 -4.194088e+00 1.150827e+00
2.447755e+02 -4.261505e+00 1.129346e+00
2.448755e+02 -3.847814e+00 1.107768e+00
2.449755e+02 -3.284321e+00 1.086093e+00
2.450755e+02 -2.646370e+00 1.064319e+00
2.451755e+02 -2.145464e+00 1.042449e+00
2.452755e+02 -1.983141e+00 1.020481e+00
2.453755e+02 -2.281145e+00 9.984152e-01
2.454755e+02 -2.632220e+00 9.762522e-01
2.455754e+02 -3.131444e+00 9.539917e-01
2.456754e+02 -3.593904e+00 9.316337e-01
2.457754e+02 -3.595752e+00 9.091783e-01
2.458754e+02 -3.241742e+00 8.866255e-01
2.459754e+02 -2.672200e+00 8.639753e-01
2.460754e+02 -2.007191e+00 8.412279e-01
2.461754e+02 -1.588700e+00 8.183833e-01
2.462754e+02 -1.275946e+00 7.954415e-01
2.463754e+02 -1.541062e+00 7.724027e-01
2.464754e+02 -2.126116e+00 7.492670e-01
2.465753e+02 -2.618702e+00 7.260344e-01
2.466753e+02 -2.930174e+00 7.027050e-01
2.467753e+02 -3.026336e+00 6.792791e-01
2.468753e+02 -2.703740e+00 6.557567e-01
2.469753e+02 -2.060103e+00 6.321379e-01
2.470753e+02 -1.406373e+00 6.084230e-01
2.471753e+02 -8.246975e-01 5.846121e-01
2.472753e+02 -7.202163e-01 5.607054e-01
2.473753e+02 -9.193042e-01 5.367030e-01
2.474753e+02 -1.493298e+00 5.126051e-01
2.475752e+02 -1.920523e+00 4.884121e-01
2.476752e+02 -2.383101e+00 4.641240e-01
2.477752e+02 -2.320642e+00 4.397411e-01
2.478752e+02 -2.020171e+00 4.152637e-01
2.479752e+02 -1.365903e+00 3.906920e-01
2.480752e+02 -7.583000e-01 3.660262e-01
2.481752e+02 -2.547143e-01 3.412667e-01
2.482752e+02 -6.583021e-02 3.164137e-01
2.483752e+02 -2.419299e-01 2.914676e-01
2.484752e+02 -8.281265e-01 2.664286e-01
2.485751e+02 -1.433685e+00 2.412971e-01
2.486751e+02 -1.582852e+00 2.160733e-01
2.487751e+02 -1.770521e+00 1.907577e-01
2.488751e+02 -1.378355e+00 1.653506e-01
2.489751e+02 -7.673391e-01 1.398524e-01
2.490751e+02 -1.503152e-01 1.142633e-01
2.491751e+02 4.345458e-01 8.858398e-02
2.492751e+02 5.247104e-01 6.281464e-02
2.493751e+02 3.286369e-01 3.695576e-02
2.494751e+02 -2.346116e-01 1.100777e-02
2.495750e+02 -7.339209e-01 -1.502889e-02
2.496750e+02 -1.137825e+00 -4.115377e-02
2.497750e+02 -1.070060e+00 -6.736640e-02
2.498750e+02 -7.107435e-01 -9.366630e-02
2.499750e+02 -1.431871e-01 -1.200530e-01
2.500750e+02 6.156639e-01 -1.465259e-01
2.501750e+02 1.008304e+00 -1.730847e-01
2.502750e+02 1.155072e+00 -1.997286e-01
2.503750e+02 9.863242e-01 -2.264572e-01
2.504750e+02 4.731913e-01 -2.532700e-01
2.505749e+02 -3.508254e-02 -2.801663e-01
2.506749e+02 -4.521829e-01 -3.071456e-01
2.507749e+02 -5.068800e-01 -3.342073e-01
2.508749e+02 -1.532392e-01 -3.613508e-01
2.509749e+02 4.326416e-01 -3.885754e-01
2.510749e+02 1.228540e+00 -4.158805e-01
2.511749e+02 1.606306e+00 -4.432656e-01
2.512749e+02 1.813436e+00 -4.707298e-01
2.513749e+02 1.588445e+00 -4.982726e-01
2.514749e+02 1.071734e+00 -5.258932e-01
2.515748e+02 5.589191e-01 -5.535910e-01
2.516748e+02 4.708855e-02 -5.813653e-01
2.517748e+02 1.693477e-01 -6.092153e-01
2.518748e+02 4.551473e-01 -6.371402e-01
2.519748e+02 9.896751e-01 -6.651394e-01
2.520748e+02 1.785020e+00 -6.932121e-01
2.521748e+02 2.362344e+00 -7.213575e-01
2.522748e+02 2.471389e+00 -7.495747e-01
2.523748e+02 2.305355e+00 -7.778631e-01
2.524748e+02 1.688472e+00 -8.062217e-01
2.525747e+02 1.129844e+00 -8.346498e-01
2.526747e+02 8.241001e-01 -8.631465e-01
2.527747e+02 7.474129e-01 -8.917109e-01
2.528747e+02 1.018239e+00 -9.203422e-01
2.529747e+02 1.649234e+00 -9.490396e-01
2.530747e+02 2.391402e+00 -9.778020e-01
2.531747e+02 2.816260e+00 -1.006629e+00
2.532747e+02 3.020823e+00 -1.035519e+00
2.533747e+02 2.908206e+00 -1.064471e+00
2.534747e+02 2.363100e+00 -1.093484e+00
2.535746e+02 1.779401e+00 -1.122558e+00
2.536746e+02 1.465633e+00 -1.151692e+00
2.537746e+02 1.375647e+00 -1.180884e+00
2.538746e+02 1.675724e+00 -1.210134e+00
2.539746e+02 2.252166e+00 -1.239440e+00
2.540746e+02 2.993956e+00 -1.268801e+00
2.541746e+02 3.444475e+00 -1.298217e+00
2.542746e+02 3.580960e+00 -1.327686e+00
2.543746e+02 3.494434e+00 -1.357208e+00
2.544746e+02 2.939507e+00 -1.386781e+00
2.545745e+02 2.440081e+00 -1.416404e+00
2.546745e+02 2.036768e+00 -1.446076e+00
2.547745e+02 2.038740e+00 -1.475796e+00
2.548745e+02 2.359501e+00 -1.505563e+00
2.549745e+02 2.882514e+00 -1.535375e+00
2.550745e+02 3.564322e+00 -1.565233e+00
2.551745e+02 4.028223e+00 -1.595133e+00
2.552745e+02 4.343102e+00 -1.625077e+00
2.553745e+02 4.025481e+00 -1.655061e+00
2.554745e+02 3.563274e+00 -1.685085e+00
2.555744e+02 3.008115e+00 -1.715148e+00
2.556744e+02 2.608791e+00 -1.745248e+00
2.557744e+02 2.527539e+00 -1.775385e+00
2.558744e+02 2.846301e+00 -1.805556e+00
2.559744e+02 3.436654e+00 -1.835762e+00
2.560744e+02 4.159623e+00 -1.866000e+00
2.561744e+02 4.770422e+00 -1.896270e+00
2.562744e+02 4.843733e+00 -1.926570e+00
2.563744e+02 4.631272e+00 -1.956898e+00
2.564744e+02 4.173910e+00 -1.987255e+00
2.565743e+02 3.602502e+00 -2.017637e+00
2.566743e+02 3.254217e+00 -2.048045e+00
2.567743e+02 3.148251e+00 -2.078476e+00
2.568743e+02 3.474495e+00 -2.108929e+00
2.569743e+02 4.087547e+00 -2.139404e+00
2.570743e+02 4.777654e+00 -2.169898e+00
2.571743e+02 5.237315e+00 -2.200410e+00
2.572743e+02 5.389095e+00 -2.230940e+00
2.573743e+02 5.094110e+00 -2.261485e+00
2.574743e+02 4.720695e+00 -2.292045e+00
2.575742e+02 4.145725e+00 -2.322617e+00
2.576742e+02 3.780541e+00 -2.353201e+00
2.577742e+02 3.726699e+00 -2.383796e+00
2.578742e+02 3.981124e+00 -2.414399e+00
2.579742e+02 4.614795e+00 -2.445009e+00
2.580742e+02 5.318892e+00 -2.475626e+00
2.581742e+02 5.721365e+00 -2.506247e+00
2.582742e+02 6.016070e+00 -2.536871e+00
2.583742e+02 5.667888e+00 -2.567497e+00
2.584742e+02 5.239650e+00 -2.598123e+00
2.585741e+02 4.626186e+00 -2.628749e+00
2.586741e+02 4.283252e+00 -2.659372e+00
2.587741e+02 4.211789e+00 -2.689991e+00
2.588741e+02 4.539776e+00 -2.720605e+00
2.589741e+02 5.297916e+00 -2.751212e+00
2.590741e+02 5.856992e+00 -2.781811e+00
2.591741e+02 6.422734e+00 -2.812400e+00
2.592741e+02 6.447395e+00 -2.842978e+00
2.593741e+02 6.241227e+00 -2.873544e+00
2.594741e+02 5.811925e+00 -2.904095e+00
2.595740e+02 5.237194e+00 -2.934632e+00
2.596740e+02 4.829047e+00 -2.965151e+00
2.597740e+02 4.777966e+00 -2.995653e+00
2.598740e+02 5.034301e+00 -3.026134e+00
2.599740e+02 5.791394e+00 -3.056595e+00
2.600740e+02 6.468516e+00 -3.087033e+00
2.601740e+02 6.831031e+00 -3.117447e+00
2.602740e+02 6.899422e+00 -3.147835e+00
2.603740e+02 6.810705e+00 -3.178197e+00
2.604740e+02 6.338629e+00 -3.208530e+00
2.605739e+02 5.667601e+00 -3.238833e+00
2.606739e+02 5.413609e+00 -3.269106e+00
2.607739e+02 5.215084e+00 -3.299346e+00
2.608739e+02 5.720667e+00 -3.329551e+00
2.609739e+02 6.199012e+00 -3.359722e+00
2.610739e+02 6.918308e+00 -3.389855e+00
2.611739e+02 7.289390e+00 -3.419950e+00
2.612739e+02 7.575821e+00 -3.450006e+00
2.613739e+02 7.198902e+00 -3.480020e+00
2.614739e+02 6.763439e+00 -3.509993e+00
2.615738e+02 6.225476e+00 -3.539921e+00
2.616738e+02 5.883700e+00 -3.569804e+00
2.617738e+02 5.783778e+00 -3.599641e+00
2.618738e+02 6.035909e+00 -3.629430e+00
2.619738e+02 6.693105e+00 -3.659170e+00
2.620738e+02 7.380682e+00 -3.688859e+00
2.621738e+02 7.829466e+00 -3.718496e+00
2.622738e+02 7.923753e+00 -3.748080e+00
2.623738e+02 7.802836e+00 -3.777609e+00
2.624738e+02 7.257532e+00 -3.807083e+00
2.625737e+02 6.731240e+00 -3.836500e+00
2.626737e+02 6.268233e+00 -3.865858e+00
2.627737e+02 6.188791e+00 -3.895156e+00
2.628737e+02 6.485441e+00 -3.924394e+00
2.629737e+02 7.148793e+00 -3.953569e+00
2.630737e+02 7.828755e+00 -3.982682e+00
2.631737e+02 8.211062e+00 -4.011729e+00
2.632737e+02 8.453766e+00 -4.040711e+00
2.633737e+02 8.126766e+00 -4.069626e+00
2.634737e+02 7.674614e+00 -4.098472e+00
2.635736e+02 7.079451e+00 -4.127250e+00
2.636736e+02 6.616544e+00 -4.155957e+00
2.637736e+02 6.560463e+00 -4.184592e+00
2.638736e+02 6.943702e+00 -4.213155e+00
2.639736e+02 7.631184e+00 -4.241643e+00
2.640736e+02 8.189386e+00 -4.270057e+00
2.641736e+02 8.655790e+00 -4.298395e+00
2.642736e+02 8.804253e+00 -4.326656e+00
2.643736e+02 8.576166e+00 -4.354839e+00
2.644736e+02 8.021508e+00 -4.382943e+00
2.645735e+02 7.470620e+00 -4.410967e+00
2.646735e+02 7.065115e+00 -4.438910e+00
2.647735e+02 7.017605e+00 -4.466771e+00
2.648735e+02 7.292180e+00 -4.494549e+00
2.649735e+02 7.874583e+00 -4.522243e+00
2.650735e+02 8.616486e+00 -4.549852e+00
2.651735e+02 9.063959e+00 -4.577375e+00
2.652735e+02 9.220648e+00 -4.604812e+00
2.653735e+02 8.919720e+00 -4.632162e+00
2.654735e+02 8.590164e+00 -4.659423e+00
2.655734e+02 7.940199e+00 -4.686596e+00
2.656734e+02 7.359718e+00 -4.713678e+00
2.657734e+02 7.386765e+00 -4.740670e+00
2.658734e+02 7.662861e+00 -4.767570e+00
2.659734e+02 8.269951e+00 -4.794378e+00
2.660734e+02 8.877406e+00 -4.821094e+00
2.661734e+02 9.352061e+00 -4.847716e+00
2.662734e+02 9.551120e+00 -4.874243e+00
2.663734e+02 9.349307e+00 -4.900676e+00
2.664734e+02 8.772762e+00 -4.927013e+00
2.665733e+02 8.193207e+00 -4.953254e+00
2.666733e+02 7.793160e+00 -4.979399e+00
2.667733e+02 7.671982e+00 -5.005446e+00
2.668733e+02 8.067894e+00 -5.031395e+00
2.669733e+02 8.560457e+00 -5.057245e+00
2.670733e+02 9.117976e+00 -5.082997e+00
2.671733e+02 9.598819e+00 -5.108649e+00
2.672733e+02 9.780456e+00 -5.134202e+00
2.673733e+02 9.518486e+00 -5.159654e+00
2.674733e+02 9.047064e+00 -5.185005e+00
2.675732e+02 8.535805e+00 -5.210254e+00
2.676732e+02 8.066337e+00 -5.235402e+00
2.677732e+02 8.034607e+00 -5.260449e+00
2.678732e+02 8.312892e+00 -5.285392e+00
2.679732e+02 8.931795e+00 -5.310233e+00
2.680732e+02 9.509788e+00 -5.334971e+00
2.681732e+02 9.994980e+00 -5.359605e+00
2.682732e+02 1.012060e+01 -5.384135e+00
2.683732e+02 9.772863e+00 -5.408562e+00
2.684732e+02 9.413724e+00 -5.432884e+00
2.685731e+02 8.736275e+00 -5.457102e+00
2.686731e+02 8.347890e+00 -5.481215e+00
2.687731e+02 8.353310e+00 -5.505224e+00
2.688731e+02 8.632644e+00 -5.529127e+00
2.689731e+02 9.075706e+00 -5.552924e+00
2.690731e+02 9.730483e+00 -5.576617e+00
2.691731e+02 1.025489e+01 -5.600204e+00
2.692731e+02 1.030614e+01 -5.623685e+00
2.693731e+02 1.001816e+01 -5.647060e+00
2.694731e+02 9.505288e+00 -5.670330e+00
2.695730e+02 9.138527e+00 -5.693493e+00
2.696730e+02 8.569940e+00 -5.716550e+00
2.697730e+02 8.400648e+00 -5.739502e+00
2.698730e+02 8.768732e+00 -5.762347e+00
2.699730e+02 9.338526e+00 -5.785086e+00
2.700730e+02 9.968509e+00 -5.807719e+00
2.701730e+02 1.045541e+01 -5.830246e+00
2.702730e+02 1.056082e+01 -5.852666e+00
2.703730e+02 1.031619e+01 -5.874981e+00
2.704730e+02 9.807755e+00 -5.897190e+00
2.705729e+02 9.157457e+00 -5.919292e+00
2.706729e+02 8.860250e+00 -5.941289e+00
2.707729e+02 8.621706e+00 -5.963180e+00
2.708729e+02 9.084174e+00 -5.984965e+00
2.709729e+02 9.514846e+00 -6.006644e+00
2.710729e+02 1.004509e+01 -6.028218e+00
2.711729e+02 1.056506e+01 -6.049687e+00
2.712729e+02 1.071447e+01 -6.071050e+00
2.713729e+02 1.053397e+01 -6.092308e+00
2.714729e+02 9.930927e+00 -6.113461e+00
2.715728e+02 9.404883e+00 -6.134509e+00
2.716728e+02 8.914846e+00 -6.155453e+00
2.717728e+02 8.835526e+00 -6.176292e+00
2.718728e+02 9.022155e+00 -6.197027e+00
2.719728e+02 9.682916e+00 -6.217657e+00
2.720728e+02 1.032506e+01 -6.238184e+00
2.721728e+02 1.070938e+01 -6.258607e+00
2.722728e+02 1.088044e+01 -6.278926e+00
2.723728e+02 1.061609e+01 -6.299142e+00
2.724728e+02 9.981138e+00 -6.319255e+00
2.725727e+02 9.458561e+00 -6.339266e+00
2.726727e+02 8.989097e+00 -6.359173e+00
2.727727e+02 8.839187e+00 -6.378978e+00
2.728727e+02 9.214320e+00 -6.398681e+00
2.729727e+02 9.662521e+00 -6.418282e+00
2.730727e+02 1.036858e+01 -6.437782e+00
2.731727e+02 1.083892e+01 -6.457180e+00
2.732727e+02 1.087812e+01 -6.476476e+00
2.733727e+02 1.063408e+01 -6.495672e+00
2.734727e+02 1.012639e+01 -6.514767e+00
2.735726e+02 9.506433e+00 -6.533762e+00
2.736726e+02 9.110525e+00 -6.552656e+00
2.737726e+02 8.965301e+00 -6.571451e+00
2.738726e+02 9.247904e+00 -6.590146e+00
2.739726e+02 9.830970e+00 -6.608742e+00
2.740726e+02 1.043078e+01 -6.627238e+00
2.741726e+02 1.090876e+01 -6.645636e+00
2.742726e+02 1.097098e+01 -6.663935e+00
2.743726e+02 1.077236e+01 -6.682135e+00
2.744726e+02 1.006803e+01 -6.700238e+00
2.745725e+02 9.552077e+00 -6.718243e+00
2.746725e+02 9.133614e+00 -6.736150e+00
2.747725e+02 9.022348e+00 -6.753960e+00
2.748725e+02 9.305452e+00 -6.771673e+00
2.749725e+02 9.819076e+00 -6.789289e+00
2.750725e+02 1.042810e+01 -6.806808e+00
2.751725e+02 1.090318e+01 -6.824231e+00
2.752725e+02 1.100343e+01 -6.841558e+00
2.753725e+02 1.079916e+01 -6.858790e+00
2.754725e+02 1.008585e+01 -6.875926e+00
2.755724e+02 9.493504e+00 -6.892966e+00
2.756724e+02 9.080541e+00 -6.909911e+00
2.757724e+02 9.013552e+00 -6.926762e+00
2.758724e+02 9.231583e+00 -6.943517e+00
2.759724e+02 9.872686e+00 -6.960179e+00
2.760724e+02 1.038890e+01 -6.976746e+00
2.761724e+02 1.076337e+01 -6.993219e+00
2.762724e+02 1.101995e+01 -7.009598e+00
2.763724e+02 1.064800e+01 -7.025884e+00
2.764724e+02 1.014394e+01 -7.042076e+00
2.765723e+02 9.414669e+00 -7.058175e+00
2.766723e+02 9.094731e+00 -7.074181e+00
2.767723e+02 8.884823e+00 -7.090094e+00
2.768723e+02 9.189263e+00 -7.105915e+00
2.769723e+02 9.708796e+00 -7.121643e+00
2.770723e+02 1.045514e+01 -7.137279e+00
2.771723e+02 1.075446e+01 -7.152822e+00
2.772723e+02 1.096373e+01 -7.168274e+00
2.773723e+02 1.066427e+01 -7.183633e+00
2.774723e+02 1.011603e+01 -7.198901e+00
2.775722e+02 9.406923e+00 -7.214078e+00
2.776722e+02 8.987280e+00 -7.229162e+00
2.777722e+02 8.812572e+00 -7.244156e+00
2.778722e+02 9.125976e+00 -7.259058e+00
2.779722e+02 9.547482e+00 -7.273869e+00
2.780722e+02 1.026273e+01 -7.288589e+00
2.781722e+02 1.075845e+01 -7.303218e+00
2.782722e+02 1.081418e+01 -7.317757e+00
2.783722e+02 1.052828e+01 -7.332204e+00
2.784722e+02 9.882825e+00 -7.346561e+00
2.785721e+02 9.318959e+00 -7.360827e+00
2.786721e+02 8.880151e+00 -7.375003e+00
2.787721e+02 8.668443e+00 -7.389088e+00
2.788721e+02 9.022427e+00 -7.403083e+00
2.789721e+02 9.460097e+00 -7.416987e+00
2.790721e+02 1.013147e+01 -7.430801e+00
2.791721e+02 1.055088e+01 -7.444524e+00
2.792721e+02 1.071073e+01 -7.458157e+00
2.793721e+02 1.040868e+01 -7.471700e+00
2.794721e+02 9.813045e+00 -7.485152e+00
2.795720e+02 9.141120e+00 -7.498514e+00
2.796720e+02 8.710823e+00 -7.511786e+00
2.797720e+02 8.585557e+00 -7.524968e+00
2.798720e+02 8.799792e+00 -7.538059e+00
2.799720e+02 9.297308e+00 -7.551059e+00
2.800720e+02 9.956681e+00 -7.563969e+00
2.801720e+02 1.027594e+01 -7.576789e+00
2.802720e+02 1.047902e+01 -7.589518e+00
2.803720e+02 1.015301e+01 -7.602157e+00
2.804720e+02 9.537189e+00 -7.614705e+00
2.805719e+02 8.847479e+00 -7.627162e+00
2.806719e+02 8.514541e+00 -7.639529e+00
2.807719e+02 8.408116e+00 -7.651805e+00
2.808719e+02 8.689378e+00 -7.663989e+00
2.809719e+02 9.110061e+00 -7.676083e+00
2.810719e+02 9.649491e+00 -7.688086e+00
2.811719e+02 1.019773e+01 -7.699997e+00
2.812719e+02 1.019005e+01 -7.711817e+00
2.813719e+02 9.932977e+00 -7.723546e+00
2.814719e+02 9.358183e+00 -7.735183e+00
2.815718e+02 8.689644e+00 -7.746729e+00
2.816718e+02 8.254101e+00 -7.758182e+00
2.817718e+02 8.162447e+00 -7.769544e+00
2.818718e+02 8.282794e+00 -7.780814e+00
2.819718e+02 8.920868e+00 -7.791991e+00
2.820718e+02 9.441027e+00 -7.803077e+00
2.821718e+02 9.849223e+00 -7.814069e+00
2.822718e+02 9.999557e+00 -7.824969e+00
2.823718e+02 9.737775e+00 -7.835777e+00
2.824718e+02 9.079105e+00 -7.846491e+00
2.825717e+02 8.486547e+00 -7.857113e+00
2.826717e+02 7.955196e+00 -7.867641e+00
2.827717e+02 7.808635e+00 -7.878075e+00
2.828717e+02 8.044101e+00 -7.888416e+00
2.829717e+02 8.574106e+00 -7.898664e+00
2.830717e+02 9.271037e+00 -7.908817e+00
2.831717e+02 9.553446e+00 -7.918876e+00
2.832717e+02 9.715465e+00 -7.928841e+00
2.833717e+02 9.415485e+00 -7.938711e+00
2.834717e+02 8.668626e+00 -7.948487e+00
2.835716e+02 8.167132e+00 -7.958168e+00
2.836716e+02 7.637547e+00 -7.967754e+00
2.837716e+02 7.466406e+00 -7.977245e+00
2.838716e+02 7.790466e+00 -7.986640e+00
2.839716e+02 8.348969e+00 -7.995939e+00
2.840716e+02 8.890045e+00 -8.005143e+00
2.841716e+02 9.320130e+00 -8.014251e+00
2.842716e+02 9.329863e+00 -8.023262e+00
2.843716e+02 9.058559e+00 -8.032178e+00
2.844716e+02 8.418564e+00 -8.040996e+00
2.845715e+02 7.882819e+00 -8.049718e+00
2.846715e+02 7.218473e+00 -8.058343e+00
2.847715e+02 7.189341e+00 -8.066871e+00
2.848715e+02 7.423014e+00 -8.075301e+00
2.849715e+02 7.957482e+00 -8.083634e+00
2.850715e+02 8.491943e+00 -8.091869e+00
2.851715e+02 8.934628e+00 -8.100006e+00
2.852715e+02 8.973551e+00 -8.108045e+00
2.853715e+02 8.611771e+00 -8.115986e+00
2.854715e+02 8.058471e+00 -8.123828e+00
2.855714e+02 7.381054e+00 -8.131571e+00
2.856714e+02 7.014292e+00 -8.139216e+00
2.857714e+02 6.846712e+00 -8.146762e+00
2.858714e+02 7.048438e+00 -8.154208e+00
2.859714e+02 7.449382e+00 -8.161555e+00
2.860714e+02 8.166915e+00 -8.168803e+00
2.861714e+02 8.515182e+00 -8.175951e+00
2.862714e+02 8.571856e+00 -8.182999e+00
2.863714e+02 8.207493e+00 -8.189946e+00
2.864714e+02 7.772517e+00 -8.196794e+00
2.865713e+02 7.037104e+00 -8.203541e+00
2.866713e+02 6.573542e+00 -8.210188e+00
2.867713e+02 6.470203e+00 -8.216734e+00
2.868713e+02 6.538734e+00 -8.223179e+00
2.869713e+02 7.064039e+00 -8.229523e+00
2.870713e+02 7.783932e+00 -8.235766e+00
2.871713e+02 8.148437e+00 -8.241908e+00
2.872713e+02 8.150190e+00 -8.247948e+00
2.873713e+02 7.816987e+00 -8.253887e+00
2.874713e+02 7.195788e+00 -8.259724e+00
2.875712e+02 6.541652e+00 -8.265459e+00
2.876712e+02 6.188529e+00 -8.271092e+00
2.877712e+02 5.942284e+00 -8.276624e+00
2.878712e+02 6.161646e+00 -8.282053e+00
2.879712e+02 6.651589e+00 -8.287380e+00
2.880712e+02 7.251718e+00 -8.292604e+00
2.881712e+02 7.600201e+00 -8.297727e+00
2.882712e+02 7.708431e+00 -8.302746e+00
2.883712e+02 7.499850e+00 -8.307663e+00
2.884712e+02 6.794782e+00 -8.312477e+00
2.885711e+02 6.105556e+00 -8.317189e+00
2.886711e+02 5.797108e+00 -8.321797e+00
2.887711e+02 5.510866e+00 -8.326303e+00
2.888711e+02 5.663920e+00 -8.330706e+00
2.889711e+02 6.291270e+00 -8.335005e+00
2.890711e+02 6.756359e+00 -8.339201e+00
2.891711e+02 7.222474e+00 -8.343295e+00
2.892711e+02 7.245639e+00 -8.347285e+00
2.893711e+02 6.810540e+00 -8.351171e+00
2.894711e+02 6.286999e+00 -8.354955e+00
2.895710e+02 5.652907e+00 -8.358635e+00
2.896710e+02 5.279907e+00 -8.362212e+00
2.897710e+02 4.955283e+00 -8.365685e+00
2.898710e+02 5.275415e+00 -8.369055e+00
2.899710e+02 5.641207e+00 -8.372322e+00
2.900710e+02 6.366173e+00 -8.375485e+00
2.901710e+02 6.717117e+00 -8.378545e+00
2.902710e+02 6.659824e+00 -8.381501e+00
2.903710e+02 6.444763e+00 -8.384354e+00
2.904710e+02 5.739681e+00 -8.387104e+00
2.905709e+02 5.220634e+00 -8.389750e+00
2.906709e+02 4.689909e+00 -8.392293e+00
2.907709e+02 4.491067e+00 -8.394732e+00
2.908709e+02 4.723190e+00 -8.397068e+00
2.909709e+02 5.097393e+00 -8.399301e+00
2.910709e+02 5.799457e+00 -8.401431e+00
2.911709e+02 6.138542e+00 -8.403458e+00
2.912709e+02 6.235979e+00 -8.405381e+00
2.913709e+02 5.836797e+00 -8.407202e+00
2.914709e+02 5.193118e+00 -8.408919e+00
2.915708e+02 4.603088e+00 -8.410534e+00
2.916708e+02 4.039364e+00 -8.412046e+00
2.917708e+02 3.879025e+00 -8.413455e+00
2.918708e+02 4.172712e+00 -8.414761e+00
2.919708e+02 4.701162e+00 -8.415965e+00
2.920708e+02 5.250814e+00 -8.417066e+00
2.921708e+02 5.651674e+00 -8.418065e+00
2.922708e+02 5.712756e+00 -8.418962e+00
2.923708e+02 5.364827e+00 -8.419757e+00
2.924708e+02 4.809489e+00 -8.420449e+00
2.925707e+02 4.041615e+00 -8.421040e+00
2.926707e+02 3.574024e+00 -8.421529e+00
2.927707e+02 3.403747e+00 -8.421916e+00
2.928707e+02 3.601831e+00 -8.422202e+00
2.929707e+02 4.085210e+00 -8.422386e+00
2.930707e+02 4.643994e+00 -8.422469e+00
2.931707e+02 4.940973e+00 -8.422451e+00
2.932707e+02 5.147534e+00 -8.422333e+00
2.933707e+02 4.786622e+00 -8.422113e+00
2.934707e+02 4.187877e+00 -8.421793e+00
2.935706e+02 3.515833e+00 -8.421373e+00
2.936706e+02 3.016109e+00 -8.420852e+00
2.937706e+02 2.744034e+00 -8.420232e+00
2.938706e+02 3.071993e+00 -8.419512e+00
2.939706e+02 3.508018e+00 -8.418692e+00
2.940706e+02 4.130076e+00 -8.417773e+00
2.941706e+02 4.382481e+00 -8.416755e+00
2.942706e+02 4.452297e+00 -8.415638e+00
2.943706e+02 4.134830e+00 -8.414422e+00
2.944706e+02 3.603670e+00 -8.413108e+00
2.945705e+02 2.995725e+00 -8.411696e+00
2.946705e+02 2.499518e+00 -8.410186e+00
2.947705e+02 2.265861e+00 -8.408579e+00
2.948705e+02 2.414139e+00 -8.406874e+00
2.949705e+02 3.013209e+00 -8.405072e+00
2.950705e+02 3.507104e+00 -8.403174e+00
2.951705e+02 3.906237e+00 -8.401179e+00
2.952705e+02 3.935629e+00 -8.399088e+00
2.953705e+02 3.551521e+00 -8.396902e+00
2.954705e+02 2.880738e+00 -8.394620e+00
2.955704e+02 2.333394e+00 -8.392243e+00
2.956704e+02 1.786403e+00 -8.389772e+00
2.957704e+02 1.579983e+00 -8.387206e+00
2.958704e+02 1.790277e+00 -8.384546e+00
2.959704e+02 2.351783e+00 -8.381793e+00
2.960704e+02 2.852977e+00 -8.378948e+00
2.961704e+02 3.325179e+00 -8.376009e+00
2.962704e+02 3.274129e+00 -8.372978e+00
2.963704e+02 2.964819e+00 -8.369856e+00
2.964704e+02 2.367592e+00 -8.366642e+00
2.965703e+02 1.658575e+00 -8.363338e+00
2.966703e+02 1.177380e+00 -8.359943e+00
2.967703e+02 9.893120e-01 -8.356459e+00
2.968703e+02 1.178885e+00 -8.352886e+00
2.969703e+02 1.757310e+00 -8.349224e+00
2.970703e+02 2.215092e+00 -8.345473e+00
2.971703e+02 2.689787e+00 -8.341636e+00
2.972703e+02 2.709198e+00 -8.337712e+00
2.973703e+02 2.381558e+00 -8.333701e+00
2.974703e+02 1.702068e+00 -8.329605e+00
2.975702e+02 1.133442e+00 -8.325424e+00
2.976702e+02 5.878902e-01 -8.321158e+00
2.977702e+02 3.680225e-01 -8.316809e+00
2.978702e+02 5.958447e-01 -8.312378e+00
2.979702e+02 1.078605e+00 -8.307864e+00
2.980702e+02 1.619902e+00 -8.303269e+00
2.981702e+02 1.917050e+00 -8.298593e+00
2.982702e+02 2.125735e+00 -8.293837e+00
2.983702e+02 1.758830e+00 -8.289003e+00
2.984702e+02 1.228763e+00 -8.284090e+00
2.985701e+02 5.110251e-01 -8.279101e+00
2.986701e+02 -9.405401e-02 -8.274035e+00
2.987701e+02 -2.199249e-01 -8.268893e+00
2.988701e+02 4.737229e-02 -8.263677e+00
2.989701e+02 5.085695e-01 -8.258388e+00
2.990701e+02 1.002167e+00 -8.253026e+00
2.991701e+02 1.328738e+00 -8.247592e+00
2.992701e+02 1.403647e+00 -8.242088e+00
2.993701e+02 1.129053e+00 -8.236515e+00
2.994701e+02 5.376489e-01 -8.230873e+00
2.995700e+02 -1.500651e-01 -8.225164e+00
2.996700e+02 -6.945856e-01 -8.219389e+00
2.997700e+02 -8.436091e-01 -8.213548e+00
2.998700e+02 -6.771633e-01 -8.207644e+00
2.999700e+02 -2.115193e-01 -8.201677e+00
3.000700e+02 3.989612e-01 -8.195649e+00
3.001700e+02 6.356026e-01 -8.189561e+00
3.002700e+02 8.026823e-01 -8.183413e+00
3.003700e+02 5.294542e-01 -8.177208e+00
3.004700e+02 -1.271352e-01 -8.170947e+00
3.005699e+02 -7.275545e-01 -8.164630e+00
3.006699e+02 -1.215789e+00 -8.158260e+00
3.007699e+02 -1.462630e+00 -8.151837e+00
3.008699e+02 -1.308333e+00 -8.145364e+00
3.009699e+02 -8.778651e-01 -8.138840e+00
3.010699e+02 -2.413215e-01 -8.132269e+00
3.011699e+02 5.810361e-02 -8.125651e+00
3.012699e+02 1.871848e-01 -8.118988e+00
3.013699e+02 -1.881615e-01 -8.112280e+00
3.014699e+02 -7.244090e-01 -8.105531e+00
3.015698e+02 -1.450095e+00 -8.098740e+00
3.016698e+02 -1.849423e+00 -8.091911e+00
3.017698e+02 -2.063442e+00 -8.085043e+00
3.018698e+02 -1.884141e+00 -8.078139e+00
3.019698e+02 -1.395902e+00 -8.071201e+00
3.020698e+02 -7.211558e-01 -8.064229e+00
3.021698e+02 -6.014329e-01 -8.057225e+00
3.022698e+02 -3.965999e-01 -8.050191e+00
3.023698e+02 -7.684588e-01 -8.043129e+00
3.024698e+02 -1.407404e+00 -8.036040e+00
3.025697e+02 -1.975997e+00 -8.028926e+00
3.026697e+02 -2.500408e+00 -8.021787e+00
3.027697e+02 -2.692937e+00 -8.014627e+00
3.028697e+02 -2.463153e+00 -8.007445e+00
3.029697e+02 -2.102277e+00 -8.000245e+00
3.030697e+02 -1.493219e+00 -7.993027e+00
3.031697e+02 -1.087772e+00 -7.985793e+00
3.032697e+02 -1.094105e+00 -7.978545e+00
3.033697e+02 -1.366221e+00 -7.971284e+00
3.034697e+02 -1.909887e+00 -7.964011e+00
3.035696e+02 -2.634597e+00 -7.956729e+00
3.036696e+02 -3.232220e+00 -7.949438e+00
3.037696e+02 -3.298810e+00 -7.942141e+00
3.038696e+02 -3.085044e+00 -7.934838e+00
3.039696e+02 -2.706840e+00 -7.927532e+00
3.040696e+02 -2.146826e+00 -7.920223e+00
3.041696e+02 -1.668082e+00 -7.912914e+00
3.042696e+02 -1.662335e+00 -7.905604e+00
3.043696e+02 -1.904915e+00 -7.898297e+00
3.044696e+02 -2.672774e+00 -7.890994e+00
3.045695e+02 -3.209365e+00 -7.883695e+00
3.046695e+02 -3.729872e+00 -7.876402e+00
3.047695e+02 -3.963095e+00 -7.869117e+00
3.048695e+02 -3.754892e+00 -7.861840e+00
3.049695e+02 -3.249527e+00 -7.854573e+00
3.050695e+02 -2.651873e+00 -7.847318e+00
3.051695e+02 -2.349940e+00 -7.840075e+00
3.052695e+02 -2.249192e+00 -7.832846e+00
3.053695e+02 -2.563665e+00 -7.825631e+00
3.054695e+02 -3.143886e+00 -7.818433e+00
3.055694e+02 -3.854267e+00 -7.811251e+00
3.056694e+02 -4.337612e+00 -7.804088e+00
3.057694e+02 -4.496544e+00 -7.796944e+00
3.058694e+02 -4.355900e+00 -7.789821e+00
3.059694e+02 -3.868031e+00 -7.782719e+00
3.060694e+02 -3.306075e+00 -7.775638e+00
3.061694e+02 -2.831474e+00 -7.768582e+00
3.062694e+02 -2.938653e+00 -7.761549e+00
3.063694e+02 -3.121229e+00 -7.754541e+00
3.064694e+02 -3.689598e+00 -7.747559e+00
3.065693e+02 -4.440171e+00 -7.740604e+00
3.066693e+02 -4.961652e+00 -7.733676e+00
3.067693e+02 -5.052390e+00 -7.726776e+00
3.068693e+02 -4.887027e+00 -7.719906e+00
3.069693e+02 -4.556238e+00 -7.713064e+00
3.070693e+02 -3.906157e+00 -7.706253e+00
3.071693e+02 -3.478406e+00 -7.699473e+00
3.072693e+02 -3.415309e+00 -7.692725e+00
3.073693e+02 -3.751798e+00 -7.686008e+00
3.074693e+02 -4.329812e+00 -7.679324e+00
3.075692e+02 -5.037691e+00 -7.672673e+00
3.076692e+02 -5.540153e+00 -7.666055e+00
3.077692e+02 -5.573014e+00 -7.659472e+00
3.078692e+02 -5.434187e+00 -7.652923e+00
3.079692e+02 -5.006507e+00 -7.646408e+00
3.080692e+02 -4.425997e+00 -7.639929e+00
3.081692e+02 -3.987244e+00 -7.633486e+00
3.082692e+02 -3.868254e+00 -7.627078e+00
3.083692e+02 -4.316659e+00 -7.620706e+00
3.084692e+02 -4.893887e+00 -7.614371e+00
3.085691e+02 -5.536038e+00 -7.608072e+00
3.086691e+02 -5.995896e+00 -7.601810e+00
3.087691e+02 -6.234071e+00 -7.595585e+00
3.088691e+02 -6.022561e+00 -7.589397e+00
3.089691e+02 -5.558658e+00 -7.583247e+00
3.090691e+02 -5.002261e+00 -7.577134e+00
3.091691e+02 -4.566148e+00 -7.571058e+00
3.092691e+02 -4.502928e+00 -7.565020e+00
3.093691e+02 -4.917596e+00 -7.559020e+00
3.094691e+02 -5.464727e+00 -7.553057e+00
3.095690e+02 -6.089732e+00 -7.547132e+00
3.096690e+02 -6.630006e+00 -7.541245e+00
3.097690e+02 -6.804933e+00 -7.535395e+00
3.098690e+02 -6.616950e+00 -7.529584e+00
3.099690e+02 -6.015731e+00 -7.523809e+00
3.100690e+02 -5.441675e+00 -7.518072e+00
3.101690e+02 -5.140813e+00 -7.512373e+00
3.102690e+02 -5.037359e+00 -7.506711e+00
3.103690e+02 -5.289712e+00 -7.501086e+00
3.104690e+02 -5.871951e+00 -7.495498e+00
3.105689e+02 -6.544998e+00 -7.489947e+00
3.106689e+02 -7.123194e+00 -7.484432e+00
3.107689e+02 -7.333621e+00 -7.478955e+00
3.108689e+02 -7.004108e+00 -7.473514e+00
3.109689e+02 -6.486926e+00 -7.468109e+00
3.110689e+02 -6.057449e+00 -7.462739e+00
3.111689e+02 -5.531583e+00 -7.457406e+00
3.112689e+02 -5.507014e+00 -7.452109e+00
3.113689e+02 -5.882613e+00 -7.446846e+00
3.114689e+02 -6.479387e+00 -7.441619e+00
3.115688e+02 -6.994048e+00 -7.436427e+00
3.116688e+02 -7.658078e+00 -7.431269e+00
3.117688e+02 -7.671980e+00 -7.426145e+00
3.118688e+02 -7.538159e+00 -7.421056e+00
3.119688e+02 -6.971243e+00 -7.416000e+00
3.120688e+02 -6.484787e+00 -7.410978e+00
3.121688e+02 -6.129237e+00 -7.405989e+00
3.122688e+02 -6.019835e+00 -7.401032e+00
3.123688e+02 -6.194424e+00 -7.396108e+00
3.124688e+02 -6.806779e+00 -7.391217e+00
3.125687e+02 -7.551625e+00 -7.386357e+00
3.126687e+02 -8.109511e+00 -7.381529e+00
3.127687e+02 -8.094141e+00 -7.376732e+00
3.128687e+02 -7.963425e+00 -7.371967e+00
3.129687e+02 -7.428812e+00 -7.367231e+00
3.130687e+02 -6.879070e+00 -7.362526e+00
3.131687e+02 -6.524099e+00 -7.357851e+00
3.132687e+02 -6.363893e+00 -7.353205e+00
3.133687e+02 -6.724954e+00 -7.348589e+00
3.134687e+02 -7.410425e+00 -7.344002e+00
3.135686e+02 -7.989640e+00 -7.339442e+00
3.136686e+02 -8.422065e+00 -7.334912e+00
3.137686e+02 -8.553881e+00 -7.330408e+00
3.138686e+02 -8.341160e+00 -7.325933e+00
3.139686e+02 -7.928314e+00 -7.321484e+00
3.140686e+02 -7.350750e+00 -7.317062e+00
3.141686e+02 -6.902794e+00 -7.312666e+00
3.142686e+02 -6.824502e+00 -7.308297e+00
3.143686e+02 -7.175836e+00 -7.303952e+00
3.144686e+02 -7.654759e+00 -7.299634e+00
3.145685e+02 -8.275997e+00 -7.295339e+00
3.146685e+02 -8.845922e+00 -7.291070e+00
3.147685e+02 -9.004270e+00 -7.286824e+00
3.148685e+02 -8.794374e+00 -7.282602e+00
3.149685e+02 -8.350175e+00 -7.278404e+00
3.150685e+02 -7.683378e+00 -7.274228e+00
3.151685e+02 -7.287073e+00 -7.270075e+00
3.152685e+02 -7.241082e+00 -7.265945e+00
3.153685e+02 -7.526240e+00 -7.261836e+00
3.154685e+02 -8.089813e+00 -7.257749e+00
3.155684e+02 -8.711249e+00 -7.253682e+00
3.156684e+02 -9.193961e+00 -7.249637e+00
3.157684e+02 -9.344926e+00 -7.245611e+00
3.158684e+02 -9.043912e+00 -7.241606e+00
3.159684e+02 -8.578003e+00 -7.237621e+00
3.160684e+02 -8.128243e+00 -7.233654e+00
3.161684e+02 -7.662080e+00 -7.229707e+00
3.162684e+02 -7.505371e+00 -7.225778e+00
3.163684e+02 -7.804652e+00 -7.221867e+00
3.164684e+02 -8.420474e+00 -7.217973e+00
3.165683e+02 -9.020442e+00 -7.214098e+00
3.166683e+02 -9.547254e+00 -7.210239e+00
3.167683e+02 -9.754738e+00 -7.206397e+00
3.168683e+02 -9.559465e+00 -7.202571e+00
3.169683e+02 -8.934099e+00 -7.198761e+00
3.170683e+02 -8.319807e+00 -7.194966e+00
3.171683e+02 -7.906291e+00 -7.191187e+00
3.172683e+02 -7.857915e+00 -7.187422e+00
3.173683e+02 -8.105048e+00 -7.183672e+00
3.174683e+02 -8.689552e+00 -7.179936e+00
3.175682e+02 -9.515045e+00 -7.176214e+00
3.176682e+02 -9.781126e+00 -7.172505e+00
3.177682e+02 -9.974860e+00 -7.168809e+00
3.178682e+02 -9.750588e+00 -7.165125e+00
3.179682e+02 -9.311113e+00 -7.161454e+00
3.180682e+02 -8.666393e+00 -7.157795e+00
3.181682e+02 -8.274688e+00 -7.154147e+00
3.182682e+02 -8.149647e+00 -7.150511e+00
3.183682e+02 -8.377865e+00 -7.146885e+00
3.184682e+02 -9.002264e+00 -7.143270e+00
3.185681e+02 -9.631887e+00 -7.139665e+00
3.186681e+02 -1.010211e+01 -7.136070e+00
3.187681e+02 -1.021369e+01 -7.132484e+00
3.188681e+02 -1.003933e+01 -7.128908e+00
3.189681e+02 -9.477439e+00 -7.125340e+00
3.190681e+02 -8.922720e+00 -7.121780e+00
3.191681e+02 -8.438945e+00 -7.118229e+00
3.192681e+02 -8.404683e+00 -7.114685e+00
3.193681e+02 -8.713546e+00 -7.111149e+00
3.194681e+02 -9.309727e+00 -7.107620e+00
3.195680e+02 -9.795203e+00 -7.104097e+00
3.196680e+02 -1.028787e+01 -7.100581e+00
3.197680e+02 -1.040851e+01 -7.097071e+00
3.198680e+02 -1.026770e+01 -7.093567e+00
3.199680e+02 -9.730933e+00 -7.090067e+00
3.200680e+02 -9.038570e+00 -7.086573e+00
3.201680e+02 -8.767759e+00 -7.083084e+00
3.202680e+02 -8.555081e+00 -7.079599e+00
3.203680e+02 -8.797856e+00 -7.076118e+00
3.204680e+02 -9.397493e+00 -7.072641e+00
3.205679e+02 -1.003006e+01 -7.069167e+00
3.206679e+02 -1.042705e+01 -7.065696e+00
3.207679e+02 -1.070301e+01 -7.062228e+00
3.208679e+02 -1.041259e+01 -7.058762e+00
3.209679e+02 -9.899449e+00 -7.055299e+00
3.210679e+02 -9.289053e+00 -7.051837e+00
3.211679e+02 -8.802117e+00 -7.048377e+00
3.212679e+02 -8.744219e+00 -7.044918e+00
3.213679e+02 -8.928871e+00 -7.041460e+00
3.214679e+02 -9.607298e+00 -7.038002e+00
3.215678e+02 -1.024227e+01 -7.034544e+00
3.216678e+02 -1.070717e+01 -7.031087e+00
3.217678e+02 -1.072827e+01 -7.027629e+00
3.218678e+02 -1.047282e+01 -7.024171e+00
3.219678e+02 -1.006452e+01 -7.020711e+00
3.220678e+02 -9.443339e+00 -7.017250e+00
3.221678e+02 -8.977295e+00 -7.013788e+00
3.222678e+02 -8.817856e+00 -7.010324e+00
3.223678e+02 -9.196667e+00 -7.006858e+00
3.224678e+02 -9.740667e+00 -7.003389e+00
3.225677e+02 -1.028893e+01 -6.999918e+00
3.226677e+02 -1.074269e+01 -6.996443e+00
3.227677e+02 -1.096394e+01 -6.992966e+00
3.228677e+02 -1.063991e+01 -6.989484e+00
3.229677e+02 -1.007180e+01 -6.985999e+00
3.230677e+02 -9.496053e+00 -6.982510e+00
3.231677e+02 -9.047298e+00 -6.979017e+00
3.232677e+02 -8.851805e+00 -6.975519e+00
3.233677e+02 -9.252360e+00 -6.972015e+00
3.234677e+02 -9.744164e+00 -6.968507e+00
3.235676e+02 -1.032485e+01 -6.964994e+00
3.236676e+02 -1.082990e+01 -6.961474e+00
3.237676e+02 -1.100949e+01 -6.957949e+00
3.238676e+02 -1.074353e+01 -6.954418e+00
3.239676e+02 -1.024560e+01 -6.950880e+00
3.240676e+02 -9.563480e+00 -6.947335e+00
3.241676e+02 -9.075516e+00 -6.943784e+00
3.242676e+02 -9.090106e+00 -6.940225e+00
3.243676e+02 -9.251009e+00 -6.936659e+00
3.244676e+02 -9.798118e+00 -6.933085e+00
3.245675e+02 -1.038437e+01 -6.929503e+00
3.246675e+02 -1.083148e+01 -6.925914e+00
3.247675e+02 -1.098648e+01 -6.922316e+00
3.248675e+02 -1.073773e+01 -6.918709e+00
3.249675e+02 -1.020155e+01 -6.915094e+00
3.250675e+02 -9.633077e+00 -6.911470e+00
3.251675e+02 -9.083024e+00 -6.907836e+00
3.252675e+02 -9.066769e+00 -6.904193e+00
3.253675e+02 -9.221471e+00 -6.900541e+00
3.254675e+02 -9.818948e+00 -6.896879e+00
3.255674e+02 -1.033500e+01 -6.893207e+00
3.256674e+02 -1.091784e+01 -6.889524e+00
3.257674e+02 -1.103842e+01 -6.885832e+00
3.258674e+02 -1.078159e+01 -6.882128e+00
3.259674e+02 -1.014331e+01 -6.878414e+00
3.260674e+02 -9.520085e+00 -6.874689e+00
3.261674e+02 -9.060264e+00 -6.870953e+00
3.262674e+02 -8.955562e+00 -6.867206e+00
3.263674e+02 -9.316909e+00 -6.863447e+00
3.264674e+02 -9.815250e+00 -6.859677e+00
3.265673e+02 -1.032830e+01 -6.855895e+00
3.266673e+02 -1.087157e+01 -6.852101e+00
3.267673e+02 -1.084646e+01 -6.848295e+00
3.268673e+02 -1.075223e+01 -6.844477e+00
3.269673e+02 -1.017856e+01 -6.840647e+00
3.270673e+02 -9.551890e+00 -6.836804e+00
3.271673e+02 -9.113384e+00 -6.832948e+00
3.272673e+02 -8.845751e+00 -6.829080e+00
3.273673e+02 -9.119654e+00 -6.825198e+00
3.274673e+02 -9.685979e+00 -6.821304e+00
3.275672e+02 -1.033227e+01 -6.817397e+00
3.276672e+02 -1.073617e+01 -6.813476e+00
3.277672e+02 -1.077653e+01 -6.809542e+00
3.278672e+02 -1.050449e+01 -6.805595e+00
3.279672e+02 -1.007211e+01 -6.801634e+00
3.280672e+02 -9.423370e+00 -6.797659e+00
3.281672e+02 -8.984411e+00 -6.793670e+00
3.282672e+02 -8.826287e+00 -6.789668e+00
3.283672e+02 -9.025372e+00 -6.785652e+00
3.284672e+02 -9.664231e+00 -6.781621e+00
3.285671e+02 -1.021053e+01 -6.777577e+00
3.286671e+02 -1.063858e+01 -6.773518e+00
3.287671e+02 -1.075537e+01 -6.769445e+00
3.288671e+02 -1.051668e+01 -6.765358e+00
3.289671e+02 -9.950697e+00 -6.761256e+00
3.290671e+02 -9.245811e+00 -6.757139e+00
3.291671e+02 -8.803122e+00 -6.753009e+00
3.292671e+02 -8.621044e+00 -6.748863e+00
3.293671e+02 -8.890148e+00 -6.744703e+00
3.294671e+02 -9.409751e+00 -6.740527e+00
3.295670e+02 -9.998046e+00 -6.736337e+00
3.296670e+02 -1.042013e+01 -6.732133e+00
3.297670e+02 -1.054518e+01 -6.727913e+00
3.298670e+02 -1.021437e+01 -6.723678e+00
3.299670e+02 -9.772371e+00 -6.719428e+00
3.300670e+02 -9.035392e+00 -6.715163e+00
3.301670e+02 -8.692115e+00 -6.710883e+00
3.302670e+02 -8.474748e+00 -6.706588e+00
3.303670e+02 -8.713408e+00 -6.702278e+00
3.304670e+02 -9.234098e+00 -6.697952e+00
3.305669e+02 -9.709219e+00 -6.693611e+00
3.306669e+02 -1.015953e+01 -6.689255e+00
3.307669e+02 -1.032314e+01 -6.684884e+00
3.308669e+02 -1.003412e+01 -6.680497e+00
3.309669e+02 -9.547500e+00 -6.676094e+00
3.310669e+02 -8.886381e+00 -6.671677e+00
3.311669e+02 -8.292108e+00 -6.667243e+00
3.312669e+02 -8.239401e+00 -6.662795e+00
3.313669e+02 -8.498096e+00 -6.658331e+00
3.314669e+02 -8.974148e+00 -6.653851e+00
3.315668e+02 -9.648308e+00 -6.649355e+00
3.316668e+02 -1.004058e+01 -6.644844e+00
3.317668e+02 -1.017358e+01 -6.640318e+00
3.318668e+02 -9.818669e+00 -6.635776e+00
3.319668e+02 -9.286405e+00 -6.631218e+00
3.320668e+02 -8.654353e+00 -6.626644e+00
3.321668e+02 -8.154045e+00 -6.622054e+00
3.322668e+02 -7.986860e+00 -6.617449e+00
3.323668e+02 -8.180947e+00 -6.612828e+00
3.324668e+02 -8.704490e+00 -6.608191e+00
3.325667e+02 -9.248820e+00 -6.603538e+00
3.326667e+02 -9.794029e+00 -6.598870e+00
3.327667e+02 -9.887199e+00 -6.594185e+00
3.328667e+02 -9.613331e+00 -6.589485e+00
3.329667e+02 -8.968354e+00 -6.584768e+00
3.330667e+02 -8.252515e+00 -6.580035e+00
3.331667e+02 -7.836924e+00 -6.575286e+00
3.332667e+02 -7.686076e+00 -6.570521e+00
3.333667e+02 -7.821336e+00 -6.565740e+00
3.334667e+02 -8.336534e+00 -6.560943e+00
3.335666e+02 -9.014544e+00 -6.556129e+00
3.336666e+02 -9.408151e+00 -6.551299e+00
3.337666e+02 -9.550474e+00 -6.546452e+00
3.338666e+02 -9.079878e+00 -6.541589e+00
3.339666e+02 -8.585558e+00 -6.536710e+00
3.340666e+02 -8.015620e+00 -6.531814e+00
3.341666e+02 -7.506537e+00 -6.526901e+00
3.342666e+02 -7.439398e+00 -6.521971e+00
3.343666e+02 -7.530237e+00 -6.517025e+00
3.344666e+02 -8.030553e+00 -6.512062e+00
3.345665e+02 -8.653810e+00 -6.507082e+00
3.346665e+02 -9.060050e+00 -6.502084e+00
3.347665e+02 -9.155787e+00 -6.497070e+00
3.348665e+02 -8.897757e+00 -6.492038e+00
3.349665e+02 -8.285512e+00 -6.486989e+00
3.350665e+02 -7.613482e+00 -6.481922e+00
3.351665e+02 -7.130139e+00 -6.476838e+00
3.352665e+02 -6.963118e+00 -6.471737e+00
3.353665e+02 -7.146588e+00 -6.466617e+00
3.354665e+02 -7.572516e+00 -6.461480e+00
3.355664e+02 -8.325043e+00 -6.456324e+00
3.356664e+02 -8.696816e+00 -6.451151e+00
3.357664e+02 -8.767147e+00 -6.445959e+00
3.358664e+02 -8.487615e+00 -6.440749e+00
3.359664e+02 -8.042188e+00 -6.435520e+00
3.360664e+02 -7.353687e+00 -6.430272e+00
3.361664e+02 -6.686527e+00 -6.425006e+00
3.362664e+02 -6.619253e+00 -6.419721e+00
3.363664e+02 -6.793784e+00 -6.414417e+00
3.364664e+02 -7.309091e+00 -6.409093e+00
3.365663e+02 -7.836713e+00 -6.403750e+00
3.366663e+02 -8.265901e+00 -6.398387e+00
3.367663e+02 -8.385228e+00 -6.393005e+00
3.368663e+02 -8.105677e+00 -6.387602e+00
3.369663e+02 -7.418556e+00 -6.382179e+00
3.370663e+02 -6.878893e+00 -6.376736e+00
3.371663e+02 -6.369029e+00 -6.371273e+00
3.372663e+02 -6.173205e+00 -6.365789e+00
3.373663e+02 -6.358927e+00 -6.360284e+00
3.374663e+02 -6.952400e+00 -6.354757e+00
3.375662e+02 -7.437975e+00 -6.349210e+00
3.376662e+02 -7.851321e+00 -6.343640e+00
3.377662e+02 -7.999493e+00 -6.338049e+00
3.378662e+02 -7.514108e+00 -6.332436e+00
3.379662e+02 -7.022790e+00 -6.326801e+00
3.380662e+02 -6.350806e+00 -6.321143e+00
3.381662e+02 -5.905916e+00 -6.315463e+00
3.382662e+02 -5.729405e+00 -6.309760e+00
3.383662e+02 -5.929365e+00 -6.304033e+00
3.384662e+02 -6.443687e+00 -6.298283e+00
3.385661e+02 -7.048273e+00 -6.292510e+00
3.386661e+02 -7.441338e+00 -6.286712e+00
3.387661e+02 -7.539902e+00 -6.280891e+00
3.388661e+02 -7.145664e+00 -6.275045e+00
3.389661e+02 -6.674210e+00 -6.269174e+00
3.390661e+02 -6.006617e+00 -6.263278e+00
3.391661e+02 -5.427048e+00 -6.257357e+00
3.392661e+02 -5.294812e+00 -6.251410e+00
3.393661e+02 -5.398720e+00 -6.245437e+00
3.394661e+02 -5.950122e+00 -6.239439e+00
3.395660e+02 -6.487005e+00 -6.233413e+00
3.396660e+02 -6.948259e+00 -6.227362e+00
3.397660e+02 -7.005966e+00 -6.221283e+00
3.398660e+02 -6.713786e+00 -6.215176e+00
3.399660e+02 -6.108058e+00 -6.209043e+00
3.400660e+02 -5.416382e+00 -6.202881e+00
3.401660e+02 -4.929148e+00 -6.196691e+00
3.402660e+02 -4.787547e+00 -6.190472e+00
3.403660e+02 -4.989935e+00 -6.184224e+00
3.404660e+02 -5.355159e+00 -6.177948e+00
3.405659e+02 -5.979669e+00 -6.171641e+00
3.406659e+02 -6.469365e+00 -6.165305e+00
3.407659e+02 -6.518226e+00 -6.158938e+00
3.408659e+02 -6.150541e+00 -6.152541e+00
3.409659e+02 -5.653809e+00 -6.146113e+00
3.410659e+02 -4.919553e+00 -6.139654e+00
3.411659e+02 -4.468805e+00 -6.133163e+00
3.412659e+02 -4.252427e+00 -6.126640e+00
3.413659e+02 -4.405203e+00 -6.120085e+00
3.414659e+02 -4.899641e+00 -6.113497e+00
3.415658e+02 -5.477622e+00 -6.106877e+00
3.416658e+02 -5.866006e+00 -6.100222e+00
3.417658e+02 -5.925476e+00 -6.093534e+00
3.418658e+02 -5.678599e+00 -6.086812e+00
3.419658e+02 -5.065413e+00 -6.080056e+00
3.420658e+02 -4.415748e+00 -6.073264e+00
3.421658e+02 -3.860832e+00 -6.066438e+00
3.422658e+02 -3.663823e+00 -6.059575e+00
3.423658e+02 -3.890024e+00 -6.052677e+00
3.424658e+02 -4.347529e+00 -6.045742e+00
3.425657e+02 -4.909579e+00 -6.038770e+00
3.426657e+02 -5.297375e+00 -6.031762e+00
3.427657e+02 -5.404727e+00 -6.024715e+00
3.428657e+02 -5.160074e+00 -6.017631e+00
3.429657e+02 -4.475412e+00 -6.010508e+00
3.430657e+02 -3.772466e+00 -6.003347e+00
3.431657e+02 -3.373324e+00 -5.996147e+00
3.432657e+02 -3.042610e+00 -5.988906e+00
3.433657e+02 -3.260632e+00 -5.981626e+00
3.434657e+02 -3.760148e+00 -5.974306e+00
3.435656e+02 -4.292369e+00 -5.966945e+00
3.436656e+02 -4.809823e+00 -5.959542e+00
3.437656e+02 -4.845933e+00 -5.952098e+00
3.438656e+02 -4.525860e+00 -5.944612e+00
3.439656e+02 -3.878805e+00 -5.937083e+00
3.440656e+02 -3.192048e+00 -5.929512e+00
3.441656e+02 -2.745645e+00 -5.921897e+00
3.442656e+02 -2.431396e+00 -5.914238e+00
3.443656e+02 -2.713013e+00 -5.906536e+00
3.444656e+02 -3.169121e+00 -5.898788e+00
3.445655e+02 -3.813346e+00 -5.890996e+00
3.446655e+02 -4.213096e+00 -5.883159e+00
3.447655e+02 -4.268898e+00 -5.875275e+00
3.448655e+02 -3.987682e+00 -5.867345e+00
3.449655e+02 -3.323861e+00 -5.859368e+00
3.450655e+02 -2.762349e+00 -5.851344e+00
3.451655e+02 -2.171936e+00 -5.843273e+00
3.452655e+02 -1.944440e+00 -5.835153e+00
3.453655e+02 -2.227365e+00 -5.826985e+00
3.454655e+02 -2.633211e+00 -5.818768e+00
3.455654e+02 -3.101324e+00 -5.810502e+00
3.456654e+02 -3.556253e+00 -5.802185e+00
3.457654e+02 -3.631763e+00 -5.793819e+00
3.458654e+02 -3.430535e+00 -5.785401e+00
3.459654e+02 -2.687747e+00 -5.776932e+00
3.460654e+02 -2.017549e+00 -5.768412e+00
3.461654e+02 -1.572755e+00 -5.759839e+00
3.462654e+02 -1.372856e+00 -5.751214e+00
3.463654e+02 -1.483787e+00 -5.742536e+00
3.464654e+02 -1.997895e+00 -5.733804e+00
3.465653e+02 -2.443217e+00 -5.725018e+00
3.466653e+02 -2.942097e+00 -5.716178e+00
3.467653e+02 -2.972296e+00 -5.707283e+00
3.468653e+02 -2.742113e+00 -5.698332e+00
3.469653e+02 -2.159955e+00 -5.689326e+00
3.470653e+02 -1.387955e+00 -5.680263e+00
3.471653e+02 -9.540557e-01 -5.671143e+00
3.472653e+02 -7.676937e-01 -5.661966e+00
3.473653e+02 -8.621360e-01 -5.652732e+00
3.474653e+02 -1.326619e+00 -5.643439e+00
3.475652e+02 -1.903625e+00 -5.634087e+00
3.476652e+02 -2.285256e+00 -5.624676e+00
3.477652e+02 -2.339546e+00 -5.615206e+00
3.478652e+02 -2.065419e+00 -5.605675e+00
3.479652e+02 -1.535728e+00 -5.596083e+00
3.480652e+02 -8.115439e-01 -5.586431e+00
3.481652e+02 -2.558997e-01 -5.576717e+00
3.482652e+02 -1.410161e-01 -5.566940e+00
3.483652e+02 -2.973845e-01 -5.557102e+00
3.484652e+02 -8.295480e-01 -5.547200e+00
3.485651e+02 -1.281318e+00 -5.537234e+00
3.486651e+02 -1.681822e+00 -5.527205e+00
3.487651e+02 -1.791992e+00 -5.517110e+00
3.488651e+02 -1.440585e+00 -5.506951e+00
3.489651e+02 -8.566851e-01 -5.496726e+00
3.490651e+02 -2.194198e-01 -5.486435e+00
3.491651e+02 3.950567e-01 -5.476078e+00
3.492651e+02 5.478952e-01 -5.465654e+00
3.493651e+02 3.128836e-01 -5.455162e+00
3.494651e+02 -2.293137e-01 -5.444602e+00
3.495650e+02 -5.820621e-01 -5.433973e+00
3.496650e+02 -1.084623e+00 -5.423275e+00
3.497650e+02 -1.248251e+00 -5.412508e+00
3.498650e+02 -8.220882e-01 -5.401671e+00
3.499650e+02 -4.398861e-01 -5.390763e+00
3.500650e+02 4.217053e-01 -5.379784e+00
3.501650e+02 9.251158e-01 -5.368734e+00
3.502650e+02 1.224924e+00 -5.357611e+00
3.503650e+02 1.056289e+00 -5.346416e+00
3.504650e+02 5.305366e-01 -5.335147e+00
3.505649e+02 5.440116e-03 -5.323806e+00
3.506649e+02 -3.746346e-01 -5.312390e+00
3.507649e+02 -6.263056e-01 -5.300899e+00
3.508649e+02 -2.890085e-01 -5.289333e+00
3.509649e+02 2.501358e-01 -5.277691e+00
3.510649e+02 1.103316e+00 -5.265974e+00
3.511649e+02 1.560497e+00 -5.254179e+00
3.512649e+02 1.810727e+00 -5.242308e+00
3.513649e+02 1.625039e+00 -5.230358e+00
3.514649e+02 1.143320e+00 -5.218331e+00
3.515648e+02 6.589961e-01 -5.206224e+00
3.516648e+02 1.140236e-01 -5.194039e+00
3.517648e+02 8.938196e-02 -5.181773e+00
3.518648e+02 3.784436e-01 -5.169427e+00
3.519648e+02 9.896262e-01 -5.157001e+00
3.520648e+02 1.732713e+00 -5.144493e+00
3.521648e+02 2.199545e+00 -5.131903e+00
3.522648e+02 2.428673e+00 -5.119231e+00
3.523648e+02 2.119444e+00 -5.106476e+00
3.524648e+02 1.717030e+00 -5.093637e+00
3.525647e+02 1.238626e+00 -5.080715e+00
3.526647e+02 8.130988e-01 -5.067708e+00
3.527647e+02 7.987545e-01 -5.054616e+00
3.528647e+02 1.057145e+00 -5.041438e+00
3.529647e+02 1.654425e+00 -5.028175e+00
3.530647e+02 2.294992e+00 -5.014825e+00
3.531647e+02 2.807657e+00 -5.001387e+00
3.532647e+02 3.022236e+00 -4.987863e+00
3.533647e+02 2.902428e+00 -4.974250e+00
3.534647e+02 2.403350e+00 -4.960548e+00
3.535646e+02 1.877128e+00 -4.946757e+00
3.536646e+02 1.376612e+00 -4.932877e+00
3.537646e+02 1.362944e+00 -4.918907e+00
3.538646e+02 1.631586e+00 -4.904845e+00
3.539646e+02 2.252825e+00 -4.890693e+00
3.540646e+02 2.935452e+00 -4.876448e+00
3.541646e+02 3.406637e+00 -4.862112e+00
3.542646e+02 3.582800e+00 -4.847683e+00
3.543646e+02 3.424029e+00 -4.833160e+00
3.544646e+02 2.945026e+00 -4.818543e+00
3.545645e+02 2.396767e+00 -4.803833e+00
3.546645e+02 1.978348e+00 -4.789027e+00
3.547645e+02 2.026768e+00 -4.774126e+00
3.548645e+02 2.291676e+00 -4.759129e+00
3.549645e+02 2.898660e+00 -4.744036e+00
3.550645e+02 3.569874e+00 -4.728845e+00
3.551645e+02 4.048153e+00 -4.713558e+00
3.552645e+02 4.167349e+00 -4.698172e+00
3.553645e+02 4.108616e+00 -4.682688e+00
3.554645e+02 3.583496e+00 -4.667105e+00
3.555644e+02 2.986863e+00 -4.651422e+00
3.556644e+02 2.642439e+00 -4.635640e+00
3.557644e+02 2.553468e+00 -4.619757e+00
3.558644e+02 2.856378e+00 -4.603773e+00
3.559644e+02 3.486474e+00 -4.587688e+00
3.560644e+02 4.226706e+00 -4.571500e+00
3.561644e+02 4.708747e+00 -4.555210e+00
3.562644e+02 4.844459e+00 -4.538817e+00
3.563644e+02 4.564681e+00 -4.522321e+00
3.564644e+02 4.264156e+00 -4.505721e+00
3.565643e+02 3.662431e+00 -4.489016e+00
3.566643e+02 3.213863e+00 -4.472206e+00
3.567643e+02 3.091487e+00 -4.455291e+00
3.568643e+02 3.428914e+00 -4.438269e+00
3.569643e+02 3.995901e+00 -4.421142e+00
3.570643e+02 4.636044e+00 -4.403907e+00
3.571643e+02 5.164817e+00 -4.386565e+00
3.572643e+02 5.438392e+00 -4.369115e+00
3.573643e+02 5.185768e+00 -4.351557e+00
3.574643e+02 4.809349e+00 -4.333890e+00
3.575642e+02 4.205636e+00 -4.316114e+00
3.576642e+02 3.810210e+00 -4.298227e+00
3.577642e+02 3.690105e+00 -4.280231e+00
3.578642e+02 3.996691e+00 -4.262124e+00
3.579642e+02 4.553244e+00 -4.243905e+00
3.580642e+02 5.231740e+00 -4.225575e+00
3.581642e+02 5.852259e+00 -4.207133e+00
3.582642e+02 5.957857e+00 -4.188578e+00
3.583642e+02 5.773807e+00 -4.169910e+00
3.584642e+02 5.362942e+00 -4.151129e+00
3.585641e+02 4.765367e+00 -4.132234e+00
3.586641e+02 4.420538e+00 -4.113224e+00
3.587641e+02 4.228962e+00 -4.094099e+00
3.588641e+02 4.535280e+00 -4.074860e+00
3.589641e+02 5.151231e+00 -4.055504e+00
3.590641e+02 5.747239e+00 -4.036032e+00
3.591641e+02 6.252679e+00 -4.016444e+00
3.592641e+02 6.473660e+00 -3.996739e+00
3.593641e+02 6.288857e+00 -3.976916e+00
3.594641e+02 5.806295e+00 -3.956975e+00
3.595640e+02 5.221388e+00 -3.936916e+00
3.596640e+02 4.778467e+00 -3.916739e+00
3.597640e+02 4.784148e+00 -3.896442e+00
3.598640e+02 5.037908e+00 -3.876026e+00
3.599640e+02 5.574773e+00 -3.855489e+00
3.600640e+02 6.259822e+00 -3.834833e+00
3.601640e+02 6.859085e+00 -3.814055e+00
3.602640e+02 7.015512e+00 -3.793157e+00
3.603640e+02 6.836075e+00 -3.772137e+00
3.604640e+02 6.373160e+00 -3.750995e+00
3.605639e+02 5.729186e+00 -3.729731e+00
3.606639e+02 5.369535e+00 -3.708344e+00
3.607639e+02 5.171170e+00 -3.686834e+00
3.608639e+02 5.620268e+00 -3.665200e+00
3.609639e+02 6.169032e+00 -3.643443e+00
3.610639e+02 6.823783e+00 -3.621562e+00
3.611639e+02 7.350182e+00 -3.599556e+00
3.612639e+02 7.549906e+00 -3.577426e+00
3.613639e+02 7.320796e+00 -3.555170e+00
3.614639e+02 6.805404e+00 -3.532788e+00
3.615638e+02 6.395103e+00 -3.510281e+00
3.616638e+02 5.774880e+00 -3.487647e+00
3.617638e+02 5.749953e+00 -3.464887e+00
3.618638e+02 6.032359e+00 -3.442000e+00
3.619638e+02 6.678125e+00 -3.418986e+00
3.620638e+02 7.256686e+00 -3.395845e+00
3.621638e+02 7.720016e+00 -3.372575e+00
3.622638e+02 7.967173e+00 -3.349178e+00
3.623638e+02 7.881166e+00 -3.325652e+00
3.624638e+02 7.370388e+00 -3.301997e+00
3.625637e+02 6.653523e+00 -3.278213e+00
3.626637e+02 6.294268e+00 -3.254300e+00
3.627637e+02 6.130122e+00 -3.230258e+00
3.628637e+02 6.511455e+00 -3.206085e+00
3.629637e+02 7.016045e+00 -3.181783e+00
3.630637e+02 7.797425e+00 -3.157350e+00
3.631637e+02 8.258549e+00 -3.132786e+00
3.632637e+02 8.354104e+00 -3.108092e+00
3.633637e+02 8.135627e+00 -3.083267e+00
3.634637e+02 7.736281e+00 -3.058310e+00
3.635636e+02 7.162102e+00 -3.033222e+00
3.636636e+02 6.685081e+00 -3.008002e+00
3.637636e+02 6.565819e+00 -2.982649e+00
3.638636e+02 6.875448e+00 -2.957165e+00
3.639636e+02 7.487688e+00 -2.931548e+00
3.640636e+02 8.078192e+00 -2.905799e+00
3.641636e+02 8.666727e+00 -2.879916e+00
3.642636e+02 8.874712e+00 -2.853901e+00
3.643636e+02 8.594684e+00 -2.827753e+00
3.644636e+02 8.103279e+00 -2.801471e+00
3.645635e+02 7.460296e+00 -2.775055e+00
3.646635e+02 7.141881e+00 -2.748506e+00
3.647635e+02 7.025490e+00 -2.721823e+00
3.648635e+02 7.259951e+00 -2.695006e+00
3.649635e+02 7.867617e+00 -2.668055e+00
3.650635e+02 8.547218e+00 -2.640970e+00
3.651635e+02 8.987128e+00 -2.613750e+00
3.652635e+02 9.153129e+00 -2.586395e+00
3.653635e+02 8.975958e+00 -2.558906e+00
3.654635e+02 8.543576e+00 -2.531282e+00
3.655634e+02 7.857424e+00 -2.503523e+00
3.656634e+02 7.452712e+00 -2.475630e+00
3.657634e+02 7.339514e+00 -2.447601e+00
3.658634e+02 7.659106e+00 -2.419437e+00
3.659634e+02 8.153318e+00 -2.391138e+00
3.660634e+02 8.827046e+00 -2.362703e+00
3.661634e+02 9.297605e+00 -2.334134e+00
3.662634e+02 9.612273e+00 -2.305428e+00
3.663634e+02 9.325021e+00 -2.276588e+00
3.664634e+02 8.783769e+00 -2.247611e+00
3.665633e+02 8.191269e+00 -2.218500e+00
3.666633e+02 7.898515e+00 -2.189252e+00
3.667633e+02 7.732869e+00 -2.159869e+00
3.668633e+02 8.006780e+00 -2.130351e+00
3.669633e+02 8.556365e+00 -2.100697e+00
3.670633e+02 9.188842e+00 -2.070907e+00
3.671633e+02 9.643725e+00 -2.040981e+00
3.672633e+02 9.746138e+00 -2.010920e+00
3.673633e+02 9.554074e+00 -1.980723e+00
3.674633e+02 9.121468e+00 -1.950391e+00
3.675632e+02 8.586791e+00 -1.919923e+00
3.676632e+02 8.144676e+00 -1.889319e+00
3.677632e+02 7.994527e+00 -1.858580e+00
3.678632e+02 8.216795e+00 -1.827706e+00
3.679632e+02 8.833874e+00 -1.796696e+00
3.680632e+02 9.393644e+00 -1.765551e+00
3.681632e+02 9.858486e+00 -1.734270e+00
3.682632e+02 1.003575e+01 -1.702854e+00
3.683632e+02 9.928771e+00 -1.671303e+00
3.684632e+02 9.414373e+00 -1.639617e+00
3.685631e+02 8.843839e+00 -1.607795e+00
3.686631e+02 8.352412e+00 -1.575839e+00
3.687631e+02 8.311946e+00 -1.543748e+00
3.688631e+02 8.484562e+00 -1.511522e+00
3.689631e+02 9.005564e+00 -1.479161e+00
3.690631e+02 9.739426e+00 -1.446666e+00
3.691631e+02 1.019440e+01 -1.414036e+00
3.692631e+02 1.033541e+01 -1.381272e+00
3.693631e+02 1.014541e+01 -1.348373e+00
3.694631e+02 9.659907e+00 -1.315340e+00
3.695630e+02 8.989500e+00 -1.282173e+00
3.696630e+02 8.597186e+00 -1.248872e+00
3.697630e+02 8.407508e+00 -1.215438e+00
3.698630e+02 8.761099e+00 -1.181869e+00
3.699630e+02 9.332320e+00 -1.148167e+00
3.700630e+02 9.892267e+00 -1.114331e+00
3.701630e+02 1.035273e+01 -1.080362e+00
3.702630e+02 1.061435e+01 -1.046260e+00
3.703630e+02 1.028965e+01 -1.012025e+00
3.704630e+02 9.843694e+00 -9.776562e-01
3.705629e+02 9.188239e+00 -9.431548e-01
3.706629e+02 8.719435e+00 -9.085206e-01
3.707629e+02 8.726536e+00 -8.737538e-01
3.708629e+02 8.832411e+00 -8.388545e-01
3.709629e+02 9.496038e+00 -8.038228e-01
3.710629e+02 1.012770e+01 -7.686588e-01
3.711629e+02 1.058039e+01 -7.333627e-01
3.712629e+02 1.076912e+01 -6.979346e-01
3.713629e+02 1.053238e+01 -6.623745e-01
3.714629e+02 9.957223e+00 -6.266827e-01
3.715628e+02 9.436541e+00 -5.908592e-01
3.716628e+02 8.977037e+00 -5.549042e-01
3.717628e+02 8.790745e+00 -5.188178e-01
3.718628e+02 9.094881e+00 -4.826000e-01
3.719628e+02 9.567852e+00 -4.462511e-01
3.720628e+02 1.026504e+01 -4.097711e-01
3.721628e+02 1.074008e+01 -3.731602e-01
3.722628e+02 1.091203e+01 -3.364184e-01
3.723628e+02 1.061588e+01 -2.995459e-01
3.724628e+02 1.008116e+01 -2.625427e-01
3.725627e+02 9.457808e+00 -2.254091e-01
3.726627e+02 9.019697e+00 -1.881451e-01
3.727627e+02 8.828320e+00 -1.507507e-01
3.728627e+02 9.148864e+00 -1.132262e-01
3.729627e+02 9.654858e+00 -7.557157e-02
3.730627e+02 1.039114e+01 -3.778700e-02
3.731627e+02 1.083921e+01 1.274286e-04
3.732627e+02 1.086185e+01 3.817160e-02
3.733627e+02 1.072306e+01 7.634540e-02
3.734627e+02 1.018361e+01 1.146487e-01
3.735626e+02 9.620692e+00 1.530814e-01
3.736626e+02 9.181312e+00 1.916434e-01
3.737626e+02 9.004244e+00 2.303345e-01
3.738626e+02 9.166235e+00 2.691546e-01
3.739626e+02 9.790884e+00 3.081036e-01
3.740626e+02 1.042184e+01 3.471813e-01
3.741626e+02 1.092931e+01 3.863876e-01
3.742626e+02 1.096357e+01 4.257223e-01
3.743626e+02 1.070052e+01 4.651852e-01
3.744626e+02 1.022458e+01 5.047761e-01
3.745625e+02 9.562918e+00 5.444948e-01
3.746625e+02 9.073525e+00 5.843412e-01
3.747625e+02 9.005760e+00 6.243149e-01
3.748625e+02 9.306192e+00 6.644158e-01
3.749625e+02 9.761994e+00 7.046436e-01
3.750625e+02 1.039343e+01 7.449979e-01
3.751625e+02 1.097523e+01 7.854785e-01
3.752625e+02 1.107557e+01 8.260850e-01
3.753625e+02 1.074658e+01 8.668170e-01
3.754625e+02 1.024225e+01 9.076743e-01
3.755624e+02 9.597167e+00 9.486563e-01
3.756624e+02 9.166248e+00 9.897626e-01
3.757624e+02 9.039570e+00 1.030993e+00
3.758624e+02 9.210806e+00 1.072346e+00
3.759624e+02 9.701138e+00 1.113822e+00
3.760624e+02 1.039032e+01 1.155420e+00
3.761624e+02 1.081989e+01 1.197140e+00
3.762624e+02 1.093216e+01 1.238980e+00
3.763624e+02 1.067143e+01 1.280940e+00
3.764624e+02 1.019762e+01 1.323020e+00
3.765623e+02 9.680589e+00 1.365218e+00
3.766623e+02 9.121418e+00 1.407533e+00
3.767623e+02 8.926779e+00 1.449965e+00
3.768623e+02 9.183899e+00 1.492512e+00
3.769623e+02 9.680940e+00 1.535173e+00
3.770623e+02 1.027929e+01 1.577948e+00
3.771623e+02 1.083210e+01 1.620834e+00
3.772623e+02 1.087220e+01 1.663831e+00
3.773623e+02 1.069113e+01 1.706937e+00
3.774623e+02 1.015156e+01 1.750150e+00
3.775622e+02 9.522041e+00 1.793470e+00
3.776622e+02 9.021020e+00 1.836894e+00
3.777622e+02 8.839460e+00 1.880421e+00
3.778622e+02 9.132484e+00 1.924049e+00
3.779622e+02 9.619901e+00 1.967775e+00
3.780622e+02 1.030760e+01 2.011599e+00
3.781622e+02 1.059767e+01 2.055517e+00
3.782622e+02 1.091296e+01 2.099528e+00
3.783622e+02 1.058405e+01 2.143630e+00
3.784622e+02 9.987954e+00 2.187819e+00
3.785621e+02 9.391950e+00 2.232094e+00
3.786621e+02 8.889310e+00 2.276451e+00
3.787621e+02 8.804262e+00 2.320888e+00
3.788621e+02 9.012657e+00 2.365403e+00
3.789621e+02 9.489248e+00 2.409992e+00
3.790621e+02 1.005262e+01 2.454652e+00
3.791621e+02 1.056767e+01 2.499380e+00
3.792621e+02 1.064150e+01 2.544173e+00
3.793621e+02 1.034864e+01 2.589027e+00
3.794621e+02 9.797881e+00 2.633940e+00
3.795620e+02 9.209873e+00 2.678906e+00
3.796620e+02 8.794303e+00 2.723923e+00
3.797620e+02 8.625119e+00 2.768987e+00
3.798620e+02 8.738951e+00 2.814094e+00
3.799620e+02 9.385014e+00 2.859240e+00
3.800620e+02 9.898270e+00 2.904421e+00
3.801620e+02 1.029272e+01 2.949633e+00
3.802620e+02 1.045207e+01 2.994870e+00
3.803620e+02 1.017952e+01 3.040130e+00
3.804620e+02 9.710727e+00 3.085408e+00
3.805619e+02 9.051640e+00 3.130698e+00
3.806619e+02 8.543553e+00 3.175997e+00
3.807619e+02 8.425828e+00 3.221299e+00
3.808619e+02 8.489454e+00 3.266600e+00
3.809619e+02 9.065291e+00 3.311896e+00
3.810619e+02 9.627880e+00 3.357180e+00
3.811619e+02 1.022921e+01 3.402449e+00
3.812619e+02 1.025273e+01 3.447697e+00
3.813619e+02 9.894127e+00 3.492920e+00
3.814619e+02 9.389480e+00 3.538111e+00
3.815618e+02 8.734598e+00 3.583267e+00
3.816618e+02 8.318970e+00 3.628382e+00
3.817618e+02 8.117920e+00 3.673451e+00
3.818618e+02 8.383798e+00 3.718468e+00
3.819618e+02 8.833875e+00 3.763429e+00
3.820618e+02 9.482112e+00 3.808328e+00
3.821618e+02 9.868232e+00 3.853161e+00
3.822618e+02 1.000512e+01 3.897921e+00
3.823618e+02 9.706792e+00 3.942605e+00
3.824618e+02 9.229267e+00 3.987206e+00
3.825617e+02 8.484268e+00 4.031721e+00
3.826617e+02 7.971114e+00 4.076143e+00
3.827617e+02 7.890840e+00 4.120468e+00
3.828617e+02 7.985065e+00 4.164691e+00
3.829617e+02 8.468394e+00 4.208807e+00
3.830617e+02 9.123434e+00 4.252811e+00
3.831617e+02 9.522017e+00 4.296698e+00
3.832617e+02 9.561786e+00 4.340465e+00
3.833617e+02 9.461963e+00 4.384105e+00
3.834617e+02 8.916718e+00 4.427615e+00
3.835616e+02 8.253528e+00 4.470990e+00
3.836616e+02 7.695718e+00 4.514226e+00
3.837616e+02 7.485234e+00 4.557318e+00
3.838616e+02 7.618447e+00 4.600262e+00
3.839616e+02 8.206783e+00 4.643055e+00
3.840616e+02 8.807417e+00 4.685692e+00
3.841616e+02 9.164519e+00 4.728169e+00
3.842616e+02 9.407728e+00 4.770482e+00
3.843616e+02 9.079366e+00 4.812628e+00
3.844616e+02 8.495880e+00 4.854603e+00
3.845615e+02 7.844275e+00 4.896404e+00
3.846615e+02 7.308380e+00 4.938027e+00
3.847615e+02 7.177779e+00 4.979469e+00
3.848615e+02 7.407468e+00 5.020727e+00
3.849615e+02 7.916312e+00 5.061797e+00
3.850615e+02 8.527484e+00 5.102678e+00
3.851615e+02 8.860628e+00 5.143365e+00
3.852615e+02 8.971576e+00 5.183856e+00
3.853615e+02 8.688986e+00 5.224148e+00
3.854615e+02 8.099714e+00 5.264240e+00
3.855614e+02 7.467716e+00 5.304128e+00
3.856614e+02 7.036284e+00 5.343810e+00
3.857614e+02 6.723610e+00 5.383284e+00
3.858614e+02 6.923808e+00 5.422548e+00
3.859614e+02 7.514710e+00 5.461599e+00
3.860614e+02 8.005613e+00 5.500436e+00
3.861614e+02 8.502344e+00 5.539058e+00
3.862614e+02 8.644460e+00 5.577461e+00
3.863614e+02 8.281728e+00 5.615645e+00
3.864614e+02 7.742673e+00 5.653607e+00
3.865613e+02 7.064087e+00 5.691347e+00
3.866613e+02 6.637253e+00 5.728863e+00
3.867613e+02 6.450141e+00 5.766153e+00
3.868613e+02 6.684732e+00 5.803217e+00
3.869613e+02 7.093600e+00 5.840052e+00
3.870613e+02 7.620350e+00 5.876659e+00
3.871613e+02 8.033529e+00 5.913035e+00
3.872613e+02 8.135428e+00 5.949180e+00
3.873613e+02 7.944024e+00 5.985093e+00
3.874613e+02 7.346807e+00 6.020774e+00
3.875612e+02 6.684083e+00 6.056220e+00
3.876612e+02 6.187185e+00 6.091432e+00
3.877612e+02 5.920837e+00 6.126409e+00
3.878612e+02 6.131039e+00 6.161150e+00
3.879612e+02 6.650941e+00 6.195654e+00
3.880612e+02 7.171866e+00 6.229922e+00
3.881612e+02 7.683324e+00 6.263952e+00
3.882612e+02 7.757961e+00 6.297744e+00
3.883612e+02 7.512621e+00 6.331297e+00
3.884612e+02 6.820715e+00 6.364613e+00
3.885611e+02 6.166077e+00 6.397689e+00
3.886611e+02 5.642676e+00 6.430526e+00
3.887611e+02 5.477365e+00 6.463123e+00
3.888611e+02 5.669706e+00 6.495481e+00
3.889611e+02 6.160896e+00 6.527598e+00
3.890611e+02 6.738201e+00 6.559476e+00
3.891611e+02 7.142992e+00 6.591114e+00
3.892611e+02 7.327072e+00 6.622511e+00
3.893611e+02 6.984873e+00 6.653669e+00
3.894611e+02 6.335787e+00 6.684586e+00
3.895610e+02 5.629444e+00 6.715263e+00
3.896610e+02 5.299626e+00 6.745700e+00
3.897610e+02 4.984883e+00 6.775897e+00
3.898610e+02 5.154855e+00 6.805855e+00
3.899610e+02 5.618201e+00 6.835572e+00
3.900610e+02 6.267057e+00 6.865051e+00
3.901610e+02 6.627660e+00 6.894290e+00
3.902610e+02 6.791168e+00 6.923289e+00
3.903610e+02 6.412748e+00 6.952051e+00
3.904610e+02 5.886835e+00 6.980573e+00
3.905609e+02 5.251939e+00 7.008858e+00
3.906609e+02 4.688707e+00 7.036904e+00
3.907609e+02 4.461126e+00 7.064713e+00
3.908609e+02 4.624567e+00 7.092286e+00
3.909609e+02 5.126012e+00 7.119621e+00
3.910609e+02 5.755167e+00 7.146721e+00
3.911609e+02 6.128118e+00 7.173584e+00
3.912609e+02 6.273437e+00 7.200213e+00
3.913609e+02 5.926064e+00 7.226606e+00
3.914609e+02 5.355477e+00 7.252766e+00
3.915608e+02 4.707799e+00 7.278692e+00
3.916608e+02 4.107268e+00 7.304385e+00
3.917608e+02 3.974602e+00 7.329846e+00
3.918608e+02 4.152828e+00 7.355075e+00
3.919608e+02 4.594063e+00 7.380073e+00
3.920608e+02 5.136004e+00 7.404841e+00
3.921608e+02 5.529119e+00 7.429379e+00
3.922608e+02 5.688369e+00 7.453688e+00
3.923608e+02 5.405103e+00 7.477769e+00
3.924608e+02 4.812537e+00 7.501622e+00
3.925607e+02 4.077890e+00 7.525249e+00
3.926607e+02 3.582693e+00 7.548650e+00
3.927607e+02 3.300942e+00 7.571827e+00
3.928607e+02 3.519313e+00 7.594779e+00
3.929607e+02 3.987564e+00 7.617508e+00
3.930607e+02 4.585550e+00 7.640015e+00
3.931607e+02 4.924733e+00 7.662301e+00
3.932607e+02 5.157984e+00 7.684366e+00
3.933607e+02 4.865033e+00 7.706212e+00
3.934607e+02 4.255869e+00 7.727839e+00
3.935606e+02 3.524213e+00 7.749249e+00
3.936606e+02 3.068344e+00 7.770443e+00
3.937606e+02 2.829054e+00 7.791421e+00
3.938606e+02 2.961250e+00 7.812185e+00
3.939606e+02 3.447442e+00 7.832736e+00
3.940606e+02 4.018206e+00 7.853074e+00
3.941606e+02 4.394863e+00 7.873202e+00
3.942606e+02 4.509994e+00 7.893119e+00
3.943606e+02 4.278217e+00 7.912828e+00
3.944606e+02 3.678239e+00 7.932329e+00
3.945605e+02 2.922945e+00 7.951623e+00
3.946605e+02 2.352538e+00 7.970712e+00
3.947605e+02 2.180618e+00 7.989597e+00
3.948605e+02 2.265932e+00 8.008279e+00
3.949605e+02 2.940567e+00 8.026759e+00
3.950605e+02 3.442370e+00 8.045039e+00
3.951605e+02 3.788765e+00 8.063119e+00
3.952605e+02 4.062069e+00 8.081000e+00
3.953605e+02 3.667956e+00 8.098685e+00
3.954605e+02 3.044850e+00 8.116174e+00
3.955604e+02 2.308919e+00 8.133469e+00
3.956604e+02 1.796015e+00 8.150570e+00
3.957604e+02 1.688113e+00 8.167479e+00
3.958604e+02 1.837787e+00 8.184198e+00
3.959604e+02 2.264939e+00 8.200727e+00
3.960604e+02 2.819729e+00 8.217068e+00
3.961604e+02 3.276909e+00 8.233221e+00
3.962604e+02 3.246840e+00 8.249190e+00
3.963604e+02 3.039192e+00 8.264973e+00
3.964604e+02 2.458374e+00 8.280573e+00
3.965603e+02 1.730389e+00 8.295992e+00
3.966603e+02 1.248090e+00 8.311230e+00
3.967603e+02 1.020745e+00 8.326288e+00
3.968603e+02 1.238392e+00 8.341168e+00
3.969603e+02 1.637107e+00 8.355872e+00
3.970603e+02 2.310985e+00 8.370399e+00
3.971603e+02 2.661443e+00 8.384753e+00
3.972603e+02 2.674403e+00 8.398933e+00
3.973603e+02 2.386005e+00 8.412941e+00
3.974603e+02 1.914513e+00 8.426779e+00
3.975602e+02 1.100902e+00 8.440447e+00
3.976602e+02 5.710946e-01 8.453947e+00
3.977602e+02 3.326086e-01 8.467280e+00
3.978602e+02 5.431732e-01 8.480447e+00
3.979602e+02 1.071246e+00 8.493450e+00
3.980602e+02 1.606993e+00 8.506289e+00
3.981602e+02 2.085978e+00 8.518967e+00
3.982602e+02 2.130515e+00 8.531483e+00
3.983602e+02 1.757075e+00 8.543840e+00
3.984602e+02 1.200286e+00 8.556038e+00
3.985601e+02 4.865295e-01 8.568079e+00
3.986601e+02 -4.543294e-02 8.579963e+00
3.987601e+02 -2.444805e-01 8.591693e+00
3.988601e+02 -6.175601e-02 8.603268e+00
3.989601e+02 3.471646e-01 8.614691e+00
3.990601e+02 9.130946e-01 8.625962e+00
3.991601e+02 1.291450e+00 8.637082e+00
3.992601e+02 1.520182e+00 8.648053e+00
3.993601e+02 1.106379e+00 8.658876e+00
3.994601e+02 5.732260e-01 8.669551e+00
3.995600e+02 -1.996448e-01 8.680081e+00
3.996600e+02 -5.832802e-01 8.690465e+00
3.997600e+02 -8.475908e-01 8.700705e+00
3.998600e+02 -6.998514e-01 8.710802e+00
3.999600e+02 -3.405472e-01 8.720757e+00
4.000600e+02 2.868173e-01 8.730571e+00
4.001600e+02 8.529008e-01 8.740245e+00
4.002600e+02 8.445614e-01 8.749780e+00
4.003600e+02 5.616184e-01 8.759177e+00
4.004600e+02 -8.552719e-02 8.768438e+00
4.005599e+02 -7.225550e-01 8.777562e+00
4.006599e+02 -1.329208e+00 8.786551e+00
4.007599e+02 -1.515672e+00 8.795407e+00
4.008599e+02 -1.321837e+00 8.804129e+00
4.009599e+02 -8.650003e-01 8.812719e+00
4.010599e+02 -3.410911e-01 8.821177e+00
4.011599e+02 1.794596e-01 8.829505e+00
4.012599e+02 1.480579e-01 8.837704e+00
4.013599e+02 -1.242415e-01 8.845774e+00
4.014599e+02 -6.482920e-01 8.853717e+00
4.015598e+02 -1.337266e+00 8.861532e+00
4.016598e+02 -1.904618e+00 8.869222e+00
4.017598e+02 -2.085020e+00 8.876786e+00
4.018598e+02 -1.860956e+00 8.884226e+00
4.019598e+02 -1.471187e+00 8.891543e+00
4.020598e+02 -9.403539e-01 8.898737e+00
4.021598e+02 -6.263684e-01 8.905809e+00
4.022598e+02 -4.193309e-01 8.912760e+00
4.023598e+02 -7.294088e-01 8.919590e+00
4.024598e+02 -1.332046e+00 8.926301e+00
4.025597e+02 -2.016508e+00 8.932893e+00
4.026597e+02 -2.470713e+00 8.939367e+00
4.027597e+02 -2.828432e+00 8.945724e+00
4.028597e+02 -2.578531e+00 8.951964e+00
4.029597e+02 -2.167859e+00 8.958088e+00
4.030597e+02 -1.574971e+00 8.964097e+00
4.031597e+02 -1.068738e+00 8.969991e+00
4.032597e+02 -1.006683e+00 8.975772e+00
4.033597e+02 -1.342154e+00 8.981440e+00
4.034597e+02 -1.824906e+00 8.986995e+00
4.035596e+02 -2.622558e+00 8.992438e+00
4.036596e+02 -3.039377e+00 8.997770e+00
4.037596e+02 -3.339494e+00 9.002992e+00
4.038596e+02 -3.163992e+00 9.008104e+00
4.039596e+02 -2.683427e+00 9.013106e+00
4.040596e+02 -2.080133e+00 9.018000e+00
4.041596e+02 -1.726909e+00 9.022786e+00
4.042596e+02 -1.652549e+00 9.027464e+00
4.043596e+02 -1.958645e+00 9.032035e+00
4.044596e+02 -2.533194e+00 9.036500e+00
4.045595e+02 -3.212641e+00 9.040860e+00
4.046595e+02 -3.682716e+00 9.045114e+00
4.047595e+02 -3.911266e+00 9.049263e+00
4.048595e+02 -3.857866e+00 9.053308e+00
4.049595e+02 -3.345483e+00 9.057250e+00
4.050595e+02 -2.803164e+00 9.061089e+00
4.051595e+02 -2.314068e+00 9.064825e+00
4.052595e+02 -2.213036e+00 9.068459e+00
4.053595e+02 -2.473563e+00 9.071991e+00
4.054595e+02 -3.099247e+00 9.075423e+00
4.055594e+02 -3.632483e+00 9.078754e+00
4.056594e+02 -4.408919e+00 9.081985e+00
4.057594e+02 -4.532286e+00 9.085116e+00
4.058594e+02 -4.361766e+00 9.088148e+00
4.059594e+02 -3.889143e+00 9.091081e+00
4.060594e+02 -3.340825e+00 9.093916e+00
4.061594e+02 -2.977748e+00 9.096653e+00
4.062594e+02 -2.745181e+00 9.099292e+00
4.063594e+02 -3.090966e+00 9.101835e+00
4.064594e+02 -3.668914e+00 9.104281e+00
4.065593e+02 -4.359667e+00 9.106631e+00
4.066593e+02 -4.882357e+00 9.108885e+00
4.067593e+02 -5.040817e+00 9.111044e+00
4.068593e+02 -4.921561e+00 9.113107e+00
4.069593e+02 -4.472125e+00 9.115076e+00
4.070593e+02 -3.864844e+00 9.116951e+00
4.071593e+02 -3.586473e+00 9.118732e+00
4.072593e+02 -3.419730e+00 9.120419e+00
4.073593e+02 -3.789665e+00 9.122013e+00
4.074593e+02 -4.256991e+00 9.123514e+00
4.075592e+02 -4.857569e+00 9.124923e+00
4.076592e+02 -5.461969e+00 9.126240e+00
4.077592e+02 -5.731732e+00 9.127465e+00
4.078592e+02 -5.475549e+00 9.128598e+00
4.079592e+02 -5.057226e+00 9.129640e+00
4.080592e+02 -4.575326e+00 9.130591e+00
4.081592e+02 -3.977003e+00 9.131452e+00
4.082592e+02 -3.991766e+00 9.132222e+00
4.083592e+02 -4.098234e+00 9.132902e+00
4.084592e+02 -4.793852e+00 9.133493e+00
4.085591e+02 -5.447996e+00 9.133994e+00
4.086591e+02 -6.104123e+00 9.134406e+00
4.087591e+02 -6.291152e+00 9.134729e+00
4.088591e+02 -6.056956e+00 9.134964e+00
4.089591e+02 -5.595920e+00 9.135110e+00
4.090591e+02 -5.009935e+00 9.135168e+00
4.091591e+02 -4.613649e+00 9.135138e+00
4.092591e+02 -4.561890e+00 9.135021e+00
4.093591e+02 -4.759720e+00 9.134816e+00
4.094591e+02 -5.337040e+00 9.134525e+00
4.095590e+02 -6.058362e+00 9.134146e+00
4.096590e+02 -6.519071e+00 9.133680e+00
4.097590e+02 -6.732464e+00 9.133129e+00
4.098590e+02 -6.574074e+00 9.132491e+00
4.099590e+02 -6.114719e+00 9.131767e+00
4.100590e+02 -5.588599e+00 9.130957e+00
4.101590e+02 -5.154183e+00 9.130061e+00
4.102590e+02 -4.981698e+00 9.129080e+00
4.103590e+02 -5.202944e+00 9.128014e+00
4.104590e+02 -5.880401e+00 9.126863e+00
4.105589e+02 -6.495266e+00 9.125627e+00
4.106589e+02 -6.953504e+00 9.124306e+00
4.107589e+02 -7.190044e+00 9.122901e+00
4.108589e+02 -7.101509e+00 9.121412e+00
4.109589e+02 -6.627591e+00 9.119838e+00
4.110589e+02 -6.001017e+00 9.118180e+00
4.111589e+02 -5.592447e+00 9.116439e+00
4.112589e+02 -5.566292e+00 9.114614e+00
4.113589e+02 -5.691903e+00 9.112705e+00
4.114589e+02 -6.359177e+00 9.110713e+00
4.115588e+02 -7.007394e+00 9.108638e+00
4.116588e+02 -7.534179e+00 9.106480e+00
4.117588e+02 -7.663208e+00 9.104239e+00
4.118588e+02 -7.535229e+00 9.101915e+00
4.119588e+02 -7.004380e+00 9.099509e+00
4.120588e+02 -6.524715e+00 9.097020e+00
4.121588e+02 -5.981772e+00 9.094448e+00
4.122588e+02 -5.957863e+00 9.091794e+00
4.123588e+02 -6.251248e+00 9.089058e+00
4.124588e+02 -6.784124e+00 9.086240e+00
4.125587e+02 -7.487613e+00 9.083340e+00
4.126587e+02 -8.076965e+00 9.080359e+00
4.127587e+02 -8.159465e+00 9.077295e+00
4.128587e+02 -8.028405e+00 9.074150e+00
4.129587e+02 -7.586757e+00 9.070923e+00
4.130587e+02 -7.011983e+00 9.067615e+00
4.131587e+02 -6.437484e+00 9.064226e+00
4.132587e+02 -6.372827e+00 9.060755e+00
4.133587e+02 -6.652869e+00 9.057204e+00
4.134587e+02 -7.203297e+00 9.053571e+00
4.135586e+02 -7.896049e+00 9.049857e+00
4.136586e+02 -8.442204e+00 9.046062e+00
4.137586e+02 -8.588892e+00 9.042187e+00
4.138586e+02 -8.374156e+00 9.038231e+00
4.139586e+02 -7.970483e+00 9.034194e+00
4.140586e+02 -7.379669e+00 9.030076e+00
4.141586e+02 -6.921465e+00 9.025878e+00
4.142586e+02 -6.825036e+00 9.021599e+00
4.143586e+02 -7.094376e+00 9.017240e+00
4.144586e+02 -7.672426e+00 9.012801e+00
4.145585e+02 -8.310554e+00 9.008281e+00
4.146585e+02 -8.807726e+00 9.003681e+00
4.147585e+02 -8.963539e+00 8.999001e+00
4.148585e+02 -8.756270e+00 8.994241e+00
4.149585e+02 -8.321824e+00 8.989400e+00
4.150585e+02 -7.719938e+00 8.984480e+00
4.151585e+02 -7.327376e+00 8.979480e+00
4.152585e+02 -7.188564e+00 8.974399e+00
4.153585e+02 -7.435686e+00 8.969239e+00
4.154585e+02 -7.996371e+00 8.963998e+00
4.155584e+02 -8.628682e+00 8.958678e+00
4.156584e+02 -9.184986e+00 8.953278e+00
4.157584e+02 -9.356225e+00 8.947799e+00
4.158584e+02 -9.189457e+00 8.942239e+00
4.159584e+02 -8.623259e+00 8.936600e+00
4.160584e+02 -8.087919e+00 8.930881e+00
4.161584e+02 -7.737573e+00 8.925082e+00
4.162584e+02 -7.605553e+00 8.919204e+00
4.163584e+02 -7.786081e+00 8.913246e+00
4.164584e+02 -8.218974e+00 8.907208e+00
4.165583e+02 -8.952581e+00 8.901091e+00
4.166583e+02 -9.469975e+00 8.894894e+00
4.167583e+02 -9.580429e+00 8.888617e+00
4.168583e+02 -9.432244e+00 8.882261e+00
4.169583e+02 -8.964668e+00 8.875825e+00
4.170583e+02 -8.378106e+00 8.869310e+00
4.171583e+02 -8.020912e+00 8.862715e+00
4.172583e+02 -7.848567e+00 8.856040e+00
4.173583e+02 -8.160193e+00 8.849286e+00
4.174583e+02 -8.698448e+00 8.842453e+00
4.175582e+02 -9.225690e+00 8.835540e+00
4.176582e+02 -9.859999e+00 8.828547e+00
4.177582e+02 -9.908327e+00 8.821474e+00
4.178582e+02 -9.820850e+00 8.814322e+00
4.179582e+02 -9.341996e+00 8.807091e+00
4.180582e+02 -8.674411e+00 8.799780e+00
4.181582e+02 -8.134042e+00 8.792389e+00
4.182582e+02 -8.122637e+00 8.784918e+00
4.183582e+02 -8.396338e+00 8.777368e+00
4.184582e+02 -8.929642e+00 8.769738e+00
4.185581e+02 -9.537386e+00 8.762029e+00
4.186581e+02 -1.007265e+01 8.754240e+00
4.187581e+02 -1.029505e+01 8.746371e+00
4.188581e+02 -1.009824e+01 8.738422e+00
4.189581e+02 -9.561678e+00 8.730394e+00
4.190581e+02 -8.904066e+00 8.722285e+00
4.191581e+02 -8.602869e+00 8.714097e+00
4.192581e+02 -8.353628e+00 8.705829e+00
4.193581e+02 -8.601084e+00 8.697482e+00
4.194581e+02 -9.208908e+00 8.689054e+00
4.195580e+02 -9.765365e+00 8.680546e+00
4.196580e+02 -1.017213e+01 8.671959e+00
4.197580e+02 -1.047943e+01 8.663291e+00
4.198580e+02 -1.020207e+01 8.654544e+00
4.199580e+02 -9.797838e+00 8.645716e+00
4.200580e+02 -9.131371e+00 8.636808e+00
4.201580e+02 -8.724435e+00 8.627820e+00
4.202580e+02 -8.538421e+00 8.618752e+00
4.203580e+02 -8.745578e+00 8.609604e+00
4.204580e+02 -9.433651e+00 8.600375e+00
4.205579e+02 -9.948396e+00 8.591066e+00
4.206579e+02 -1.035575e+01 8.581677e+00
4.207579e+02 -1.065159e+01 8.572208e+00
4.208579e+02 -1.050110e+01 8.562657e+00
4.209579e+02 -9.974405e+00 8.553027e+00
4.210579e+02 -9.256032e+00 8.543316e+00
4.211579e+02 -8.877256e+00 8.533524e+00
4.212579e+02 -8.774932e+00 8.523652e+00
4.213579e+02 -9.035780e+00 8.513699e+00
4.214579e+02 -9.503147e+00 8.503665e+00
4.215578e+02 -1.016732e+01 8.493551e+00
4.216578e+02 -1.062338e+01 8.483355e+00
4.217578e+02 -1.076635e+01 8.473079e+00
4.218578e+02 -1.069470e+01 8.462722e+00
4.219578e+02 -1.006228e+01 8.452284e+00
4.220578e+02 -9.462106e+00 8.441765e+00
4.221578e+02 -9.005236e+00 8.431164e+00
4.222578e+02 -8.877255e+00 8.420483e+00
4.223578e+02 -8.986962e+00 8.409720e+00
4.224578e+02 -9.611493e+00 8.398876e+00
4.225577e+02 -1.020870e+01 8.387950e+00
4.226577e+02 -1.074475e+01 8.376943e+00
4.227577e+02 -1.082072e+01 8.365855e+00
4.228577e+02 -1.067610e+01 8.354685e+00
4.229577e+02 -1.015450e+01 8.343433e+00
4.230577e+02 -9.595916e+00 8.332100e+00
4.231577e+02 -9.133049e+00 8.320685e+00
4.232577e+02 -8.881359e+00 8.309188e+00
4.233577e+02 -9.134953e+00 8.297609e+00
4.234577e+02 -9.781512e+00 8.285948e+00
4.235576e+02 -1.030537e+01 8.274205e+00
4.236576e+02 -1.074053e+01 8.262380e+00
4.237576e+02 -1.092814e+01 8.250473e+00
4.238576e+02 -1.070841e+01 8.238484e+00
4.239576e+02 -1.021819e+01 8.226412e+00
4.240576e+02 -9.604669e+00 8.214258e+00
4.241576e+02 -9.056705e+00 8.202021e+00
4.242576e+02 -9.011386e+00 8.189702e+00
4.243576e+02 -9.238518e+00 8.177300e+00
4.244576e+02 -9.743539e+00 8.164815e+00
4.245575e+02 -1.036292e+01 8.152248e+00
4.246575e+02 -1.084341e+01 8.139598e+00
4.247575e+02 -1.103945e+01 8.126864e+00
4.248575e+02 -1.081315e+01 8.114048e+00
4.249575e+02 -1.026270e+01 8.101148e+00
4.250575e+02 -9.640533e+00 8.088166e+00
4.251575e+02 -9.192375e+00 8.075100e+00
4.252575e+02 -8.974157e+00 8.061950e+00
4.253575e+02 -9.220540e+00 8.048717e+00
4.254575e+02 -9.711110e+00 8.035401e+00
4.255574e+02 -1.032714e+01 8.022001e+00
4.256574e+02 -1.084773e+01 8.008517e+00
4.257574e+02 -1.099773e+01 7.994949e+00
4.258574e+02 -1.077395e+01 7.981298e+00
4.259574e+02 -1.019133e+01 7.967562e+00
4.260574e+02 -9.641714e+00 7.953742e+00
4.261574e+02 -9.163689e+00 7.939838e+00
4.262574e+02 -8.983977e+00 7.925850e+00
4.263574e+02 -9.107163e+00 7.911778e+00
4.264574e+02 -9.657777e+00 7.897621e+00
4.265573e+02 -1.035120e+01 7.883379e+00
4.266573e+02 -1.076102e+01 7.869053e+00
4.267573e+02 -1.093425e+01 7.854642e+00
4.268573e+02 -1.060224e+01 7.840146e+00
4.269573e+02 -1.023206e+01 7.825565e+00
4.270573e+02 -9.535130e+00 7.810900e+00
4.271573e+02 -9.086052e+00 7.796149e+00
4.272573e+02 -8.918504e+00 7.781313e+00
4.273573e+02 -9.151922e+00 7.766391e+00
4.274573e+02 -9.505675e+00 7.751384e+00
4.275572e+02 -1.021522e+01 7.736292e+00
4.276572e+02 -1.066733e+01 7.721114e+00
4.277572e+02 -1.089784e+01 7.705850e+00
4.278572e+02 -1.062092e+01 7.690500e+00
4.279572e+02 -1.006107e+01 7.675065e+00
4.280572e+02 -9.456946e+00 7.659543e+00
4.281572e+02 -8.973047e+00 7.643935e+00
4.282572e+02 -8.754353e+00 7.628241e+00
4.283572e+02 -9.056945e+00 7.612461e+00
4.284572e+02 -9.510775e+00 7.596594e+00
4.285571e+02 -1.007926e+01 7.580641e+00
4.286571e+02 -1.046319e+01 7.564601e+00
4.287571e+02 -1.071319e+01 7.548474e+00
4.288571e+02 -1.048620e+01 7.532260e+00
4.289571e+02 -1.004851e+01 7.515959e+00
4.290571e+02 -9.352911e+00 7.499572e+00
4.291571e+02 -8.803291e+00 7.483097e+00
4.292571e+02 -8.715827e+00 7.466535e+00
4.293571e+02 -8.831940e+00 7.449885e+00
4.294571e+02 -9.345250e+00 7.433148e+00
4.295570e+02 -9.971402e+00 7.416323e+00
4.296570e+02 -1.046932e+01 7.399411e+00
4.297570e+02 -1.046332e+01 7.382411e+00
4.298570e+02 -1.032814e+01 7.365323e+00
4.299570e+02 -9.764414e+00 7.348146e+00
4.300570e+02 -9.207313e+00 7.330882e+00
4.301570e+02 -8.597863e+00 7.313530e+00
4.302570e+02 -8.492749e+00 7.296089e+00
4.303570e+02 -8.586369e+00 7.278559e+00
4.304570e+02 -9.144445e+00 7.260941e+00
4.305569e+02 -9.775330e+00 7.243235e+00
4.306569e+02 -1.024407e+01 7.225439e+00
4.307569e+02 -1.033523e+01 7.207555e+00
4.308569e+02 -1.015937e+01 7.189582e+00
4.309569e+02 -9.591546e+00 7.171519e+00
4.310569e+02 -8.940670e+00 7.153368e+00
4.311569e+02 -8.454160e+00 7.135127e+00
4.312569e+02 -8.230544e+00 7.116797e+00
4.313569e+02 -8.424416e+00 7.098377e+00
4.314569e+02 -8.981838e+00 7.079867e+00
4.315568e+02 -9.473060e+00 7.061268e+00
4.316568e+02 -9.893238e+00 7.042579e+00
4.317568e+02 -1.015241e+01 7.023800e+00
4.318568e+02 -9.811743e+00 7.004931e+00
4.319568e+02 -9.384003e+00 6.985972e+00
4.320568e+02 -8.708724e+00 6.966923e+00
4.321568e+02 -8.207274e+00 6.947783e+00
4.322568e+02 -7.989853e+00 6.928553e+00
4.323568e+02 -8.147602e+00 6.909233e+00
4.324568e+02 -8.676616e+00 6.889821e+00
4.325567e+02 -9.140168e+00 6.870319e+00
4.326567e+02 -9.686407e+00 6.850727e+00
4.327567e+02 -9.857012e+00 6.831043e+00
4.328567e+02 -9.646690e+00 6.811268e+00
4.329567e+02 -9.075029e+00 6.791403e+00
4.330567e+02 -8.475086e+00 6.771446e+00
4.331567e+02 -7.924451e+00 6.751398e+00
4.332567e+02 -7.721575e+00 6.731258e+00
4.333567e+02 -7.892310e+00 6.711027e+00
4.334567e+02 -8.353657e+00 6.690705e+00
4.335566e+02 -8.952321e+00 6.670291e+00
4.336566e+02 -9.354668e+00 6.649785e+00
4.337566e+02 -9.548131e+00 6.629187e+00
4.338566e+02 -9.313419e+00 6.608498e+00
4.339566e+02 -8.743757e+00 6.587717e+00
4.340566e+02 -8.056290e+00 6.566843e+00
4.341566e+02 -7.541912e+00 6.545878e+00
4.342566e+02 -7.333166e+00 6.524821e+00
4.343566e+02 -7.558180e+00 6.503671e+00
4.344566e+02 -8.074859e+00 6.482429e+00
4.345565e+02 -8.515431e+00 6.461095e+00
4.346565e+02 -9.066787e+00 6.439668e+00
4.347565e+02 -9.214626e+00 6.418149e+00
4.348565e+02 -8.922701e+00 6.396538e+00
4.349565e+02 -8.377579e+00 6.374834e+00
4.350565e+02 -7.770728e+00 6.353037e+00
4.351565e+02 -7.271659e+00 6.331148e+00
4.352565e+02 -6.969709e+00 6.309166e+00
4.353565e+02 -7.266045e+00 6.287092e+00
4.354565e+02 -7.628911e+00 6.264924e+00
4.355564e+02 -8.175851e+00 6.242664e+00
4.356564e+02 -8.687876e+00 6.220311e+00
4.357564e+02 -8.784047e+00 6.197865e+00
4.358564e+02 -8.614714e+00 6.175327e+00
4.359564e+02 -8.041898e+00 6.152695e+00
4.360564e+02 -7.401496e+00 6.129971e+00
4.361564e+02 -6.786426e+00 6.107154e+00
4.362564e+02 -6.571225e+00 6.084244e+00
4.363564e+02 -6.739419e+00 6.061241e+00
4.364564e+02 -7.159328e+00 6.038145e+00
4.365563e+02 -7.879037e+00 6.014956e+00
4.366563e+02 -8.302365e+00 5.991675e+00
4.367563e+02 -8.408772e+00 5.968300e+00
4.368563e+02 -8.177515e+00 5.944833e+00
4.369563e+02 -7.500065e+00 5.921273e+00
4.370563e+02 -6.792154e+00 5.897620e+00
4.371563e+02 -6.333208e+00 5.873874e+00
4.372563e+02 -6.210776e+00 5.850036e+00
4.373563e+02 -6.338163e+00 5.826105e+00
4.374563e+02 -6.847379e+00 5.802082e+00
4.375562e+02 -7.424100e+00 5.777966e+00
4.376562e+02 -7.841999e+00 5.753757e+00
4.377562e+02 -7.979791e+00 5.729456e+00
4.378562e+02 -7.618826e+00 5.705063e+00
4.379562e+02 -7.102139e+00 5.680578e+00
4.380562e+02 -6.402629e+00 5.656000e+00
4.381562e+02 -5.981613e+00 5.631331e+00
4.382562e+02 -5.840447e+00 5.606570e+00
4.383562e+02 -5.906673e+00 5.581716e+00
4.384562e+02 -6.319089e+00 5.556771e+00
4.385561e+02 -6.878399e+00 5.531735e+00
4.386561e+02 -7.391918e+00 5.506607e+00
4.387561e+02 -7.439390e+00 5.481388e+00
4.388561e+02 -7.212925e+00 5.456077e+00
4.389561e+02 -6.694075e+00 5.430676e+00
4.390561e+02 -5.914887e+00 5.405184e+00
4.391561e+02 -5.398061e+00 5.379601e+00
4.392561e+02 -5.305420e+00 5.353928e+00
4.393561e+02 -5.369255e+00 5.328164e+00
4.394561e+02 -5.896850e+00 5.302310e+00
4.395560e+02 -6.472261e+00 5.276367e+00
4.396560e+02 -6.955388e+00 5.250334e+00
4.397560e+02 -7.101252e+00 5.224211e+00
4.398560e+02 -6.638601e+00 5.197999e+00
4.399560e+02 -6.275149e+00 5.171698e+00
4.400560e+02 -5.560984e+00 5.145309e+00
4.401560e+02 -4.894248e+00 5.118830e+00
4.402560e+02 -4.692810e+00 5.092264e+00
4.403560e+02 -4.901334e+00 5.065610e+00
4.404560e+02 -5.433570e+00 5.038868e+00
4.405559e+02 -5.797550e+00 5.012039e+00
4.406559e+02 -6.393826e+00 4.985123e+00
4.407559e+02 -6.511501e+00 4.958120e+00
4.408559e+02 -6.254424e+00 4.931031e+00
4.409559e+02 -5.663813e+00 4.903856e+00
4.410559e+02 -5.042613e+00 4.876595e+00
4.411559e+02 -4.433377e+00 4.849249e+00
4.412559e+02 -4.248880e+00 4.821818e+00
4.413559e+02 -4.333416e+00 4.794302e+00
4.414559e+02 -4.829227e+00 4.766702e+00
4.415558e+02 -5.480610e+00 4.739018e+00
4.416558e+02 -5.812436e+00 4.711251e+00
4.417558e+02 -5.922882e+00 4.683401e+00
4.418558e+02 -5.699744e+00 4.655469e+00
4.419558e+02 -5.161693e+00 4.627455e+00
4.420558e+02 -4.347204e+00 4.599359e+00
4.421558e+02 -3.774162e+00 4.571182e+00
4.422558e+02 -3.669742e+00 4.542924e+00
4.423558e+02 -3.831953e+00 4.514586e+00
4.424558e+02 -4.281285e+00 4.486169e+00
4.425557e+02 -4.891606e+00 4.457672e+00
4.426557e+02 -5.305540e+00 4.429097e+00
4.427557e+02 -5.412493e+00 4.400444e+00
4.428557e+02 -5.194415e+00 4.371714e+00
4.429557e+02 -4.571312e+00 4.342907e+00
4.430557e+02 -3.950929e+00 4.314023e+00
4.431557e+02 -3.318481e+00 4.285064e+00
4.432557e+02 -2.991957e+00 4.256030e+00
4.433557e+02 -3.371873e+00 4.226921e+00
4.434557e+02 -3.768126e+00 4.197739e+00
4.435556e+02 -4.204192e+00 4.168483e+00
4.436556e+02 -4.752542e+00 4.139155e+00
4.437556e+02 -4.822746e+00 4.109755e+00
4.438556e+02 -4.478527e+00 4.080284e+00
4.439556e+02 -3.988007e+00 4.050742e+00
4.440556e+02 -3.350341e+00 4.021131e+00
4.441556e+02 -2.767350e+00 3.991450e+00
4.442556e+02 -2.444683e+00 3.961702e+00
4.443556e+02 -2.706864e+00 3.931886e+00
4.444556e+02 -3.055050e+00 3.902003e+00
4.445555e+02 -3.726043e+00 3.872054e+00
4.446555e+02 -4.201798e+00 3.842040e+00
4.447555e+02 -4.250095e+00 3.811962e+00
4.448555e+02 -3.969762e+00 3.781820e+00
4.449555e+02 -3.376811e+00 3.751615e+00
4.450555e+02 -2.720732e+00 3.721348e+00
4.451555e+02 -2.225105e+00 3.691020e+00
4.452555e+02 -1.921800e+00 3.660633e+00
4.453555e+02 -2.069228e+00 3.630185e+00
4.454555e+02 -2.496909e+00 3.599680e+00
4.455554e+02 -3.140678e+00 3.569116e+00
4.456554e+02 -3.558626e+00 3.538497e+00
4.457554e+02 -3.628528e+00 3.507821e+00
4.458554e+02 -3.373239e+00 3.477091e+00
4.459554e+02 -2.759715e+00 3.446307e+00
4.460554e+02 -2.146465e+00 3.415470e+00
4.461554e+02 -1.583072e+00 3.384581e+00
4.462554e+02 -1.388725e+00 3.353641e+00
4.463554e+02 -1.575485e+00 3.322652e+00
4.464554e+02 -1.950432e+00 3.291613e+00
4.465553e+02 -2.549900e+00 3.260527e+00
4.466553e+02 -2.986270e+00 3.229394e+00
4.467553e+02 -3.036218e+00 3.198215e+00
4.468553e+02 -2.807564e+00 3.166991e+00
4.469553e+02 -2.235475e+00 3.135724e+00
4.470553e+02 -1.477105e+00 3.104414e+00
4.471553e+02 -9.473104e-01 3.073062e+00
4.472553e+02 -7.349208e-01 3.041670e+00
4.473553e+02 -8.685665e-01 3.010239e+00
4.474553e+02 -1.299604e+00 2.978769e+00
4.475552e+02 -1.804534e+00 2.947262e+00
4.476552e+02 -2.280608e+00 2.915719e+00
4.477552e+02 -2.433893e+00 2.884142e+00
4.478552e+02 -2.177180e+00 2.852530e+00
4.479552e+02 -1.640137e+00 2.820886e+00
4.480552e+02 -9.283520e-01 2.789211e+00
4.481552e+02 -2.884325e-01 2.757505e+00
4.482552e+02 -1.003272e-01 2.725771e+00
4.483552e+02 -2.624024e-01 2.694008e+00
4.484552e+02 -7.758928e-01 2.662219e+00
4.485551e+02 -1.175302e+00 2.630404e+00
4.486551e+02 -1.675647e+00 2.598565e+00
4.487551e+02 -1.754130e+00 2.566703e+00
4.488551e+02 -1.535081e+00 2.534819e+00
4.489551e+02 -9.103677e-01 2.502915e+00
4.490551e+02 -2.879302e-01 2.470991e+00
4.491551e+02 2.172828e-01 2.439049e+00
4.492551e+02 5.165264e-01 2.407089e+00
4.493551e+02 3.748334e-01 2.375115e+00
4.494551e+02 -5.010267e-02 2.343126e+00
4.495550e+02 -6.502684e-01 2.311123e+00
4.496550e+02 -1.026961e+00 2.279109e+00
4.497550e+02 -1.185223e+00 2.247084e+00
4.498550e+02 -8.171108e-01 2.215049e+00
4.499550e+02 -3.487923e-01 2.183007e+00
4.500550e+02 3.561300e-01 2.150958e+00
4.501550e+02 9.244080e-01 2.118903e+00
4.502550e+02 1.226917e+00 2.086843e+00
4.503550e+02 9.394101e-01 2.054781e+00
4.504550e+02 4.780752e-01 2.022717e+00
4.505549e+02 1.002770e-02 1.990652e+00
4.506549e+02 -3.509882e-01 1.958588e+00
4.507549e+02 -4.647624e-01 1.926526e+00
4.508549e+02 -3.955245e-01 1.894467e+00
4.509549e+02 2.802444e-01 1.862413e+00
4.510549e+02 9.119150e-01 1.830365e+00
4.511549e+02 1.511302e+00 1.798324e+00
4.512549e+02 1.813463e+00 1.766292e+00
4.513549e+02 1.562947e+00 1.734269e+00
4.514549e+02 1.175770e+00 1.702257e+00
4.515548e+02 5.791246e-01 1.670258e+00
4.516548e+02 1.781115e-01 1.638272e+00
4.517548e+02 1.224768e-01 1.606301e+00
4.518548e+02 3.918244e-01 1.574345e+00
4.519548e+02 1.011348e+00 1.542407e+00
4.520548e+02 1.668439e+00 1.510488e+00
4.521548e+02 2.104494e+00 1.478588e+00
4.522548e+02 2.422175e+00 1.446710e+00
4.523548e+02 2.251643e+00 1.414854e+00
4.524548e+02 1.850409e+00 1.383021e+00
4.525547e+02 1.199815e+00 1.351213e+00
4.526547e+02 7.630555e-01 1.319431e+00
4.527547e+02 6.663684e-01 1.287677e+00
4.528547e+02 1.046817e+00 1.255950e+00
4.529547e+02 1.582390e+00 1.224254e+00
4.530547e+02 2.257530e+00 1.192588e+00
4.531547e+02 2.725242e+00 1.160955e+00
4.532547e+02 3.059294e+00 1.129354e+00
4.533547e+02 2.857702e+00 1.097788e+00
4.534547e+02 2.467262e+00 1.066258e+00
4.535546e+02 1.892126e+00 1.034764e+00
4.536546e+02 1.521483e+00 1.003309e+00
4.537546e+02 1.397529e+00 9.718923e-01
4.538546e+02 1.643443e+00 9.405160e-01
4.539546e+02 2.147393e+00 9.091811e-01
4.540546e+02 2.747222e+00 8.778888e-01
4.541546e+02 3.409035e+00 8.466400e-01
4.542546e+02 3.662819e+00 8.154361e-01
4.543546e+02 3.502869e+00 7.842779e-01
4.544546e+02 3.010730e+00 7.531667e-01
4.545545e+02 2.532850e+00 7.221036e-01
4.546545e+02 2.129788e+00 6.910895e-01
4.547545e+02 1.971930e+00 6.601256e-01
4.548545e+02 2.197632e+00 6.292129e-01
4.549545e+02 2.764660e+00 5.983525e-01
4.550545e+02 3.405126e+00 5.675453e-01
4.551545e+02 3.923929e+00 5.367925e-01
4.552545e+02 4.406378e+00 5.060949e-01
4.553545e+02 3.942261e+00 4.754537e-01
4.554545e+02 3.680785e+00 4.448699e-01
4.555544e+02 3.120576e+00 4.143443e-01
4.556544e+02 2.600773e+00 3.838779e-01
4.557544e+02 2.517441e+00 3.534718e-01
4.558544e+02 2.831529e+00 3.231268e-01
4.559544e+02 3.463690e+00 2.928439e-01
4.560544e+02 3.978912e+00 2.626240e-01
4.561544e+02 4.638227e+00 2.324680e-01
4.562544e+02 4.804578e+00 2.023768e-01
4.563544e+02 4.657172e+00 1.723513e-01
4.564544e+02 4.162033e+00 1.423924e-01
4.565543e+02 3.616487e+00 1.125009e-01
4.566543e+02 3.221986e+00 8.267766e-02
4.567543e+02 3.149316e+00 5.292354e-02
4.568543e+02 3.323886e+00 2.323934e-02
4.569543e+02 3.914189e+00 -6.374112e-03
4.570543e+02 4.620239e+00 -3.591603e-02
4.571543e+02 5.173800e+00 -6.538563e-02
4.572543e+02 5.376666e+00 -9.478213e-02
4.573543e+02 5.284880e+00 -1.241048e-01
4.574543e+02 4.792403e+00 -1.533528e-01
4.575542e+02 4.159643e+00 -1.825255e-01
4.576542e+02 3.822769e+00 -2.116222e-01
4.577542e+02 3.650935e+00 -2.406421e-01
4.578542e+02 4.042331e+00 -2.695845e-01
4.579542e+02 4.487725e+00 -2.984488e-01
4.580542e+02 5.220675e+00 -3.272343e-01
4.581542e+02 5.706707e+00 -3.559402e-01
4.582542e+02 5.944310e+00 -3.845661e-01
4.583542e+02 5.767135e+00 -4.131112e-01
4.584542e+02 5.343306e+00 -4.415750e-01
4.585541e+02 4.803646e+00 -4.699567e-01
4.586541e+02 4.382353e+00 -4.982559e-01
4.587541e+02 4.262658e+00 -5.264719e-01
4.588541e+02 4.473702e+00 -5.546042e-01
4.589541e+02 5.058393e+00 -5.826523e-01
4.590541e+02 5.751359e+00 -6.106155e-01
4.591541e+02 6.290751e+00 -6.384933e-01
4.592541e+02 6.563089e+00 -6.662853e-01
4.593541e+02 6.311026e+00 -6.939908e-01
4.594541e+02 5.838175e+00 -7.216095e-01
4.595540e+02 5.296409e+00 -7.491409e-01
4.596540e+02 4.872290e+00 -7.765844e-01
4.597540e+02 4.727287e+00 -8.039396e-01
4.598540e+02 5.031271e+00 -8.312061e-01
4.599540e+02 5.660019e+00 -8.583834e-01
4.600540e+02 6.220206e+00 -8.854712e-01
4.601540e+02 6.775064e+00 -9.124689e-01
4.602540e+02 7.041782e+00 -9.393763e-01
4.603540e+02 6.838001e+00 -9.661929e-01
4.604540e+02 6.412232e+00 -9.929183e-01
4.605539e+02 5.771497e+00 -1.019552e+00
4.606539e+02 5.374157e+00 -1.046094e+00
4.607539e+02 5.198836e+00 -1.072544e+00
4.608539e+02 5.488686e+00 -1.098901e+00
4.609539e+02 6.025201e+00 -1.125166e+00
4.610539e+02 6.735648e+00 -1.151337e+00
4.611539e+02 7.253946e+00 -1.177415e+00
4.612539e+02 7.472580e+00 -1.203399e+00
4.613539e+02 7.284356e+00 -1.229289e+00
4.614539e+02 6.821847e+00 -1.255085e+00
4.615538e+02 6.256980e+00 -1.280787e+00
4.616538e+02 5.910175e+00 -1.306393e+00
4.617538e+02 5.725763e+00 -1.331905e+00
4.618538e+02 6.002503e+00 -1.357321e+00
4.619538e+02 6.454844e+00 -1.382642e+00
4.620538e+02 7.259381e+00 -1.407868e+00
4.621538e+02 7.710293e+00 -1.432997e+00
4.622538e+02 7.978747e+00 -1.458031e+00
4.623538e+02 7.837337e+00 -1.482969e+00
4.624538e+02 7.378952e+00 -1.507810e+00
4.625537e+02 6.784903e+00 -1.532555e+00
4.626537e+02 6.386226e+00 -1.557203e+00
4.627537e+02 6.217678e+00 -1.581754e+00
4.628537e+02 6.396294e+00 -1.606209e+00
4.629537e+02 6.983205e+00 -1.630567e+00
4.630537e+02 7.567802e+00 -1.654828e+00
4.631537e+02 8.200217e+00 -1.678991e+00
4.632537e+02 8.370583e+00 -1.703057e+00
4.633537e+02 8.229121e+00 -1.727027e+00
4.634537e+02 7.748906e+00 -1.750898e+00
4.635536e+02 7.201701e+00 -1.774673e+00
4.636536e+02 6.722560e+00 -1.798350e+00
4.637536e+02 6.596061e+00 -1.821929e+00
4.638536e+02 6.754777e+00 -1.845411e+00
4.639536e+02 7.406121e+00 -1.868795e+00
4.640536e+02 8.044413e+00 -1.892082e+00
4.641536e+02 8.626338e+00 -1.915271e+00
4.642536e+02 8.837493e+00 -1.938363e+00
4.643536e+02 8.586617e+00 -1.961357e+00
4.644536e+02 8.186188e+00 -1.984253e+00
4.645535e+02 7.660006e+00 -2.007052e+00
4.646535e+02 7.121807e+00 -2.029754e+00
4.647535e+02 7.012887e+00 -2.052358e+00
4.648535e+02 7.208108e+00 -2.074865e+00
4.649535e+02 7.795388e+00 -2.097274e+00
4.650535e+02 8.515927e+00 -2.119586e+00
4.651535e+02 8.891172e+00 -2.141801e+00
4.652535e+02 9.153152e+00 -2.163919e+00
4.653535e+02 9.049567e+00 -2.185940e+00
4.654535e+02 8.575868e+00 -2.207864e+00
4.655534e+02 7.960879e+00 -2.229691e+00
4.656534e+02 7.493192e+00 -2.251421e+00
4.657534e+02 7.390386e+00 -2.273055e+00
4.658534e+02 7.555550e+00 -2.294592e+00
4.659534e+02 8.127353e+00 -2.316032e+00
4.660534e+02 8.858679e+00 -2.337377e+00
4.661534e+02 9.324234e+00 -2.358625e+00
4.662534e+02 9.467845e+00 -2.379777e+00
4.663534e+02 9.364536e+00 -2.400833e+00
4.664534e+02 8.826230e+00 -2.421794e+00
4.665533e+02 8.385648e+00 -2.442659e+00
4.666533e+02 7.795559e+00 -2.463429e+00
4.667533e+02 7.658688e+00 -2.484103e+00
4.668533e+02 7.922710e+00 -2.504682e+00
4.669533e+02 8.422459e+00 -2.525167e+00
4.670533e+02 9.070657e+00 -2.545556e+00
4.671533e+02 9.689443e+00 -2.565852e+00
4.672533e+02 9.927081e+00 -2.586052e+00
4.673533e+02 9.670219e+00 -2.606159e+00
4.674533e+02 9.113627e+00 -2.626172e+00
4.675532e+02 8.551643e+00 -2.646091e+00
4.676532e+02 8.103970e+00 -2.665917e+00
4.677532e+02 7.992891e+00 -2.685649e+00
4.678532e+02 8.187620e+00 -2.705288e+00
4.679532e+02 8.761339e+00 -2.724834e+00
4.680532e+02 9.360582e+00 -2.744288e+00
4.681532e+02 9.901755e+00 -2.763649e+00
4.682532e+02 1.014214e+01 -2.782918e+00
4.683532e+02 1.000006e+01 -2.802096e+00
4.684532e+02 9.453052e+00 -2.821181e+00
4.685531e+02 8.849230e+00 -2.840175e+00
4.686531e+02 8.386816e+00 -2.859078e+00
4.687531e+02 8.174898e+00 -2.877890e+00
4.688531e+02 8.476479e+00 -2.896611e+00
4.689531e+02 9.024262e+00 -2.915242e+00
4.690531e+02 9.608359e+00 -2.933783e+00
4.691531e+02 1.019506e+01 -2.952233e+00
4.692531e+02 1.035154e+01 -2.970594e+00
4.693531e+02 1.026305e+01 -2.988866e+00
4.694531e+02 9.721789e+00 -3.007049e+00
4.695530e+02 9.074833e+00 -3.025143e+00
4.696530e+02 8.616299e+00 -3.043148e+00
4.697530e+02 8.449389e+00 -3.061065e+00
4.698530e+02 8.674612e+00 -3.078894e+00
4.699530e+02 9.186378e+00 -3.096636e+00
4.700530e+02 9.884892e+00 -3.114290e+00
4.701530e+02 1.028154e+01 -3.131857e+00
4.702530e+02 1.060419e+01 -3.149337e+00
4.703530e+02 1.043003e+01 -3.166730e+00
4.704530e+02 9.849250e+00 -3.184038e+00
4.705529e+02 9.298511e+00 -3.201259e+00
4.706529e+02 8.899133e+00 -3.218395e+00
4.707529e+02 8.579508e+00 -3.235446e+00
4.708529e+02 8.897910e+00 -3.252412e+00
4.709529e+02 9.425671e+00 -3.269293e+00
4.710529e+02 9.998623e+00 -3.286089e+00
4.711529e+02 1.048235e+01 -3.302802e+00
4.712529e+02 1.082797e+01 -3.319431e+00
4.713529e+02 1.056961e+01 -3.335976e+00
4.714529e+02 1.003518e+01 -3.352438e+00
4.715528e+02 9.483020e+00 -3.368817e+00
4.716528e+02 8.993248e+00 -3.385114e+00
4.717528e+02 8.755592e+00 -3.401329e+00
4.718528e+02 9.039932e+00 -3.417462e+00
4.719528e+02 9.578745e+00 -3.433513e+00
4.720528e+02 1.007093e+01 -3.449483e+00
4.721528e+02 1.065270e+01 -3.465373e+00
4.722528e+02 1.091381e+01 -3.481181e+00
4.723528e+02 1.070648e+01 -3.496909e+00
4.724528e+02 1.017142e+01 -3.512558e+00
4.725527e+02 9.386432e+00 -3.528127e+00
4.726527e+02 9.125194e+00 -3.543616e+00
4.727527e+02 8.844719e+00 -3.559027e+00
4.728527e+02 9.079937e+00 -3.574359e+00
4.729527e+02 9.663395e+00 -3.589612e+00
4.730527e+02 1.024823e+01 -3.604788e+00
4.731527e+02 1.072840e+01 -3.619886e+00
4.732527e+02 1.081292e+01 -3.634907e+00
4.733527e+02 1.082386e+01 -3.649850e+00
4.734527e+02 1.029923e+01 -3.664717e+00
4.735526e+02 9.627312e+00 -3.679508e+00
4.736526e+02 9.181092e+00 -3.694222e+00
4.737526e+02 8.864921e+00 -3.708861e+00
4.738526e+02 9.140170e+00 -3.723424e+00
4.739526e+02 9.750245e+00 -3.737913e+00
4.740526e+02 1.028483e+01 -3.752326e+00
4.741526e+02 1.074964e+01 -3.766666e+00
4.742526e+02 1.106050e+01 -3.780931e+00
4.743526e+02 1.079806e+01 -3.795122e+00
4.744526e+02 1.030158e+01 -3.809240e+00
4.745525e+02 9.688502e+00 -3.823284e+00
4.746525e+02 9.162913e+00 -3.837256e+00
4.747525e+02 8.990798e+00 -3.851156e+00
4.748525e+02 9.242240e+00 -3.864983e+00
4.749525e+02 9.724697e+00 -3.878738e+00
4.750525e+02 1.034774e+01 -3.892422e+00
4.751525e+02 1.094462e+01 -3.906034e+00
4.752525e+02 1.095642e+01 -3.919576e+00
4.753525e+02 1.072697e+01 -3.933047e+00
4.754525e+02 1.033435e+01 -3.946447e+00
4.755524e+02 9.597199e+00 -3.959778e+00
4.756524e+02 9.091312e+00 -3.973039e+00
4.757524e+02 9.053560e+00 -3.986231e+00
4.758524e+02 9.112847e+00 -3.999353e+00
4.759524e+02 9.702665e+00 -4.012407e+00
4.760524e+02 1.032957e+01 -4.025392e+00
4.761524e+02 1.076877e+01 -4.038309e+00
4.762524e+02 1.096994e+01 -4.051158e+00
4.763524e+02 1.080568e+01 -4.063939e+00
4.764524e+02 1.015005e+01 -4.076654e+00
4.765523e+02 9.627628e+00 -4.089301e+00
4.766523e+02 9.126891e+00 -4.101881e+00
4.767523e+02 9.003666e+00 -4.114396e+00
4.768523e+02 9.115313e+00 -4.126843e+00
4.769523e+02 9.570646e+00 -4.139226e+00
4.770523e+02 1.027062e+01 -4.151542e+00
4.771523e+02 1.067149e+01 -4.163793e+00
4.772523e+02 1.089883e+01 -4.175980e+00
4.773523e+02 1.068426e+01 -4.188101e+00
4.774523e+02 1.029263e+01 -4.200158e+00
4.775522e+02 9.550229e+00 -4.212151e+00
4.776522e+02 8.940243e+00 -4.224080e+00
4.777522e+02 8.932308e+00 -4.235945e+00
4.778522e+02 9.051273e+00 -4.247747e+00
4.779522e+02 9.516478e+00 -4.259486e+00
4.780522e+02 1.024628e+01 -4.271162e+00
4.781522e+02 1.068211e+01 -4.282775e+00
4.782522e+02 1.084067e+01 -4.294326e+00
4.783522e+02 1.056145e+01 -4.305814e+00
4.784522e+02 1.009568e+01 -4.317241e+00
4.785521e+02 9.438445e+00 -4.328607e+00
4.786521e+02 8.999129e+00 -4.339911e+00
4.787521e+02 8.762000e+00 -4.351153e+00
4.788521e+02 8.919315e+00 -4.362335e+00
4.789521e+02 9.341814e+00 -4.373457e+00
4.790521e+02 9.986230e+00 -4.384517e+00
4.791521e+02 1.040025e+01 -4.395518e+00
4.792521e+02 1.062908e+01 -4.406459e+00
4.793521e+02 1.044151e+01 -4.417340e+00
4.794521e+02 9.919789e+00 -4.428161e+00
4.795520e+02 9.298135e+00 -4.438923e+00
4.796520e+02 8.811121e+00 -4.449626e+00
4.797520e+02 8.575112e+00 -4.460270e+00
4.798520e+02 8.854989e+00 -4.470856e+00
4.799520e+02 9.135074e+00 -4.481383e+00
4.800520e+02 9.832227e+00 -4.491851e+00
4.801520e+02 1.028788e+01 -4.502262e+00
4.802520e+02 1.048344e+01 -4.512615e+00
4.803520e+02 1.022493e+01 -4.522910e+00
4.804520e+02 9.712348e+00 -4.533148e+00
4.805519e+02 9.010448e+00 -4.543328e+00
4.806519e+02 8.591008e+00 -4.553451e+00
4.807519e+02 8.281436e+00 -4.563517e+00
4.808519e+02 8.513342e+00 -4.573527e+00
4.809519e+02 8.931956e+00 -4.583480e+00
4.810519e+02 9.598313e+00 -4.593376e+00
4.811519e+02 1.012532e+01 -4.603217e+00
4.812519e+02 1.025465e+01 -4.613001e+00
4.813519e+02 1.005236e+01 -4.622729e+00
4.814519e+02 9.442759e+00 -4.632402e+00
4.815518e+02 8.832480e+00 -4.642018e+00
4.816518e+02 8.296359e+00 -4.651580e+00
4.817518e+02 8.116304e+00 -4.661086e+00
4.818518e+02 8.277433e+00 -4.670537e+00
4.819518e+02 8.774749e+00 -4.679933e+00
4.820518e+02 9.362494e+00 -4.689274e+00
4.821518e+02 9.941074e+00 -4.698560e+00
4.822518e+02 1.007127e+01 -4.707791e+00
4.823518e+02 9.721731e+00 -4.716969e+00
4.824518e+02 9.242143e+00 -4.726091e+00
4.825517e+02 8.512121e+00 -4.735160e+00
4.826517e+02 8.040615e+00 -4.744174e+00
4.827517e+02 7.863664e+00 -4.753134e+00
4.828517e+02 8.107271e+00 -4.762041e+00
4.829517e+02 8.441363e+00 -4.770893e+00
4.830517e+02 9.075648e+00 -4.779692e+00
4.831517e+02 9.498235e+00 -4.788437e+00
4.832517e+02 9.700789e+00 -4.797129e+00
4.833517e+02 9.373193e+00 -4.805767e+00
4.834517e+02 8.809937e+00 -4.814352e+00
4.835516e+02 8.284587e+00 -4.822883e+00
4.836516e+02 7.774850e+00 -4.831362e+00
4.837516e+02 7.540287e+00 -4.839787e+00
4.838516e+02 7.689451e+00 -4.848160e+00
4.839516e+02 8.095131e+00 -4.856479e+00
4.840516e+02 8.778539e+00 -4.864746e+00
4.841516e+02 9.177894e+00 -4.872959e+00
4.842516e+02 9.396053e+00 -4.881120e+00
4.843516e+02 9.078540e+00 -4.889229e+00
4.844516e+02 8.619855e+00 -4.897284e+00
4.845515e+02 7.923039e+00 -4.905288e+00
4.846515e+02 7.317758e+00 -4.913238e+00
4.847515e+02 7.201732e+00 -4.921136e+00
4.848515e+02 7.378178e+00 -4.928982e+00
4.849515e+02 7.864777e+00 -4.936775e+00
4.850515e+02 8.433090e+00 -4.944516e+00
4.851515e+02 8.805784e+00 -4.952205e+00
4.852515e+02 9.057160e+00 -4.959841e+00
4.853515e+02 8.797983e+00 -4.967425e+00
4.854515e+02 8.198828e+00 -4.974957e+00
4.855514e+02 7.596042e+00 -4.982437e+00
4.856514e+02 7.055127e+00 -4.989864e+00
4.857514e+02 6.795633e+00 -4.997240e+00
4.858514e+02 7.000199e+00 -5.004563e+00
4.859514e+02 7.501898e+00 -5.011834e+00
4.860514e+02 7.946034e+00 -5.019053e+00
4.861514e+02 8.439110e+00 -5.026220e+00
4.862514e+02 8.582877e+00 -5.033334e+00
4.863514e+02 8.383737e+00 -5.040397e+00
4.864514e+02 7.758246e+00 -5.047407e+00
4.865513e+02 7.204489e+00 -5.054365e+00
4.866513e+02 6.609057e+00 -5.061271e+00
4.867513e+02 6.329626e+00 -5.068125e+00
4.868513e+02 6.584959e+00 -5.074927e+00
4.869513e+02 7.017297e+00 -5.081676e+00
4.870513e+02 7.540955e+00 -5.088374e+00
4.871513e+02 8.064262e+00 -5.095019e+00
4.872513e+02 8.093278e+00 -5.101612e+00
4.873513e+02 7.858365e+00 -5.108152e+00
4.874513e+02 7.296758e+00 -5.114641e+00
4.875512e+02 6.740865e+00 -5.121077e+00
4.876512e+02 6.118059e+00 -5.127460e+00
4.877512e+02 5.962076e+00 -5.133791e+00
4.878512e+02 6.140969e+00 -5.140070e+00
4.879512e+02 6.542482e+00 -5.146296e+00
4.880512e+02 7.073787e+00 -5.152470e+00
4.881512e+02 7.594799e+00 -5.158591e+00
4.882512e+02 7.649653e+00 -5.164660e+00
4.883512e+02 7.615996e+00 -5.170676e+00
4.884512e+02 6.956738e+00 -5.176639e+00
4.885511e+02 6.301758e+00 -5.182549e+00
4.886511e+02 5.708943e+00 -5.188407e+00
4.887511e+02 5.513939e+00 -5.194212e+00
4.888511e+02 5.653020e+00 -5.199963e+00
4.889511e+02 6.087232e+00 -5.205662e+00
4.890511e+02 6.574060e+00 -5.211308e+00
4.891511e+02 7.186309e+00 -5.216901e+00
4.892511e+02 7.217023e+00 -5.222440e+00
4.893511e+02 6.978274e+00 -5.227926e+00
4.894511e+02 6.427160e+00 -5.233359e+00
4.895510e+02 5.804656e+00 -5.238739e+00
4.896510e+02 5.217452e+00 -5.244065e+00
4.897510e+02 4.964104e+00 -5.249337e+00
4.898510e+02 5.129342e+00 -5.254556e+00
4.899510e+02 5.620816e+00 -5.259721e+00
4.900510e+02 6.164458e+00 -5.264833e+00
4.901510e+02 6.566890e+00 -5.269890e+00
4.902510e+02 6.729478e+00 -5.274894e+00
4.903510e+02 6.560108e+00 -5.279843e+00
4.904510e+02 5.868761e+00 -5.284739e+00
4.905509e+02 5.234113e+00 -5.289580e+00
4.906509e+02 4.673985e+00 -5.294367e+00
4.907509e+02 4.459229e+00 -5.299100e+00
4.908509e+02 4.597403e+00 -5.303778e+00
4.909509e+02 5.143978e+00 -5.308402e+00
4.910509e+02 5.702005e+00 -5.312971e+00
4.911509e+02 6.104368e+00 -5.317486e+00
4.912509e+02 6.247796e+00 -5.321945e+00
4.913509e+02 5.965095e+00 -5.326350e+00
4.914509e+02 5.341937e+00 -5.330699e+00
4.915508e+02 4.726128e+00 -5.334994e+00
4.916508e+02 4.232803e+00 -5.339233e+00
4.917508e+02 3.898695e+00 -5.343417e+00
4.918508e+02 4.071405e+00 -5.347546e+00
4.919508e+02 4.502419e+00 -5.351619e+00
4.920508e+02 5.056091e+00 -5.355636e+00
4.921508e+02 5.492845e+00 -5.359598e+00
4.922508e+02 5.654690e+00 -5.363503e+00
4.923508e+02 5.489446e+00 -5.367353e+00
4.924508e+02 4.988773e+00 -5.371147e+00
4.925507e+02 4.192429e+00 -5.374885e+00
4.926507e+02 3.658722e+00 -5.378566e+00
4.927507e+02 3.300592e+00 -5.382191e+00
4.928507e+02 3.538722e+00 -5.385760e+00
4.929507e+02 4.001399e+00 -5.389272e+00
4.930507e+02 4.502370e+00 -5.392727e+00
4.931507e+02 5.019342e+00 -5.396125e+00
4.932507e+02 5.244963e+00 -5.399467e+00
4.933507e+02 4.807931e+00 -5.402751e+00
4.934507e+02 4.245021e+00 -5.405978e+00
4.935506e+02 3.554990e+00 -5.409148e+00
4.936506e+02 3.115834e+00 -5.412261e+00
4.937506e+02 2.825937e+00 -5.415316e+00
4.938506e+02 2.936535e+00 -5.418313e+00
4.939506e+02 3.398334e+00 -5.421252e+00
4.940506e+02 3.956217e+00 -5.424134e+00
4.941506e+02 4.503018e+00 -5.426957e+00
4.942506e+02 4.642572e+00 -5.429723e+00
4.943506e+02 4.306672e+00 -5.432430e+00
4.944506e+02 3.750735e+00 -5.435078e+00
4.945505e+02 3.039186e+00 -5.437668e+00
4.946505e+02 2.459733e+00 -5.440200e+00
4.947505e+02 2.172995e+00 -5.442673e+00
4.948505e+02 2.326995e+00 -5.445086e+00
4.949505e+02 2.901399e+00 -5.447441e+00
4.950505e+02 3.447019e+00 -5.449736e+00
4.951505e+02 3.822333e+00 -5.451973e+00
4.952505e+02 3.940667e+00 -5.454149e+00
4.953505e+02 3.645509e+00 -5.456266e+00
4.954505e+02 3.114076e+00 -5.458324e+00
4.955504e+02 2.462629e+00 -5.460321e+00
4.956504e+02 1.917603e+00 -5.462259e+00
4.957504e+02 1.735301e+00 -5.464136e+00
4.958504e+02 1.798163e+00 -5.465953e+00
4.959504e+02 2.218502e+00 -5.467710e+00
4.960504e+02 2.713601e+00 -5.469406e+00
4.961504e+02 3.232906e+00 -5.471041e+00
4.962504e+02 3.352383e+00 -5.472616e+00
4.963504e+02 3.110366e+00 -5.474130e+00
4.964504e+02 2.568247e+00 -5.475582e+00
4.965503e+02 1.857235e+00 -5.476973e+00
4.966503e+02 1.232393e+00 -5.478303e+00
4.967503e+02 9.949070e-01 -5.479571e+00
4.968503e+02 1.054442e+00 -5.480777e+00
4.969503e+02 1.569822e+00 -5.481921e+00
4.970503e+02 2.140212e+00 -5.483004e+00
4.971503e+02 2.586322e+00 -5.484024e+00
4.972503e+02 2.745051e+00 -5.484982e+00
4.973503e+02 2.465714e+00 -5.485877e+00
4.974503e+02 1.913474e+00 -5.486709e+00
4.975502e+02 1.213652e+00 -5.487479e+00
4.976502e+02 6.798896e-01 -5.488186e+00
4.977502e+02 3.785638e-01 -5.488829e+00
4.978502e+02 5.804185e-01 -5.489410e+00
4.979502e+02 9.236237e-01 -5.489926e+00
4.980502e+02 1.554277e+00 -5.490379e+00
4.981502e+02 1.995754e+00 -5.490769e+00
4.982502e+02 2.048348e+00 -5.491094e+00
4.983502e+02 1.846957e+00 -5.491355e+00
4.984502e+02 1.278901e+00 -5.491551e+00
4.985501e+02 5.741249e-01 -5.491684e+00
4.986501e+02 3.878071e-04 -5.491751e+00
4.987501e+02 -2.055325e-01 -5.491754e+00
4.988501e+02 -5.677337e-02 -5.491691e+00
4.989501e+02 3.889342e-01 -5.491563e+00
4.990501e+02 9.553673e-01 -5.491370e+00
4.991501e+02 1.373064e+00 -5.491111e+00
4.992501e+02 1.425904e+00 -5.490787e+00
4.993501e+02 1.323989e+00 -5.490396e+00
4.994501e+02 7.114430e-01 -5.489939e+00
4.995500e+02 -1.805056e-02 -5.489416e+00
4.996500e+02 -6.270828e-01 -5.488826e+00
4.997500e+02 -8.552579e-01 -5.488170e+00
4.998500e+02 -7.211923e-01 -5.487446e+00
4.999500e+02 -2.513067e-01 -5.486656e+00
5.000500e+02 1.977949e-01 -5.485798e+00
5.001500e+02 7.988022e-01 -5.484872e+00
5.002500e+02 8.260154e-01 -5.483879e+00
5.003500e+02 5.869156e-01 -5.482817e+00
5.004500e+02 3.049279e-02 -5.481688e+00
5.005499e+02 -5.958440e-01 -5.480490e+00
5.006499e+02 -1.178040e+00 -5.479223e+00
5.007499e+02 -1.491947e+00 -5.477887e+00
5.008499e+02 -1.342038e+00 -5.476483e+00
5.009499e+02 -9.654357e-01 -5.475009e+00
5.010499e+02 -3.680293e-01 -5.473466e+00
5.011499e+02 1.203816e-01 -5.471852e+00
5.012499e+02 1.254553e-01 -5.470169e+00
5.013499e+02 -4.008629e-02 -5.468416e+00
5.014499e+02 -5.511336e-01 -5.466592e+00
5.015498e+02 -1.175386e+00 -5.464698e+00
5.016498e+02 -1.879058e+00 -5.462733e+00
5.017498e+02 -2.118181e+00 -5.460696e+00
5.018498e+02 -1.952495e+00 -5.458588e+00
5.019498e+02 -1.528264e+00 -5.456409e+00
5.020498e+02 -9.379383e-01 -5.454157e+00
5.021498e+02 -4.937229e-01 -5.451834e+00
5.022498e+02 -3.242102e-01 -5.449438e+00
5.023498e+02 -6.347695e-01 -5.446969e+00
5.024498e+02 -1.287968e+00 -5.444428e+00
5.025497e+02 -1.929582e+00 -5.441813e+00
5.026497e+02 -2.430637e+00 -5.439125e+00
5.027497e+02 -2.752979e+00 -5.436363e+00
5.028497e+02 -2.667107e+00 -5.433527e+00
5.029497e+02 -2.145876e+00 -5.430617e+00
5.030497e+02 -1.549364e+00 -5.427632e+00
5.031497e+02 -1.155058e+00 -5.424573e+00
5.032497e+02 -1.047487e+00 -5.421439e+00
5.033497e+02 -1.306134e+00 -5.418229e+00
5.034497e+02 -1.728776e+00 -5.414943e+00
5.035496e+02 -2.595866e+00 -5.411582e+00
5.036496e+02 -3.067709e+00 -5.408144e+00
5.037496e+02 -3.390997e+00 -5.404630e+00
5.038496e+02 -3.156600e+00 -5.401039e+00
5.039496e+02 -2.770010e+00 -5.397371e+00
5.040496e+02 -2.149778e+00 -5.393625e+00
5.041496e+02 -1.764159e+00 -5.389802e+00
5.042496e+02 -1.658244e+00 -5.385900e+00
5.043496e+02 -1.858259e+00 -5.381921e+00
5.044496e+02 -2.456687e+00 -5.377862e+00
5.045495e+02 -3.058327e+00 -5.373725e+00
5.046495e+02 -3.686641e+00 -5.369508e+00
5.047495e+02 -3.987367e+00 -5.365212e+00
5.048495e+02 -3.737142e+00 -5.360836e+00
5.049495e+02 -3.373904e+00 -5.356379e+00
5.050495e+02 -2.838668e+00 -5.351842e+00
5.051495e+02 -2.363257e+00 -5.347224e+00
5.052495e+02 -2.263634e+00 -5.342524e+00
5.053495e+02 -2.543952e+00 -5.337743e+00
5.054495e+02 -3.072471e+00 -5.332880e+00
5.055494e+02 -3.617088e+00 -5.327934e+00
5.056494e+02 -4.296911e+00 -5.322906e+00
5.057494e+02 -4.482309e+00 -5.317795e+00
5.058494e+02 -4.456162e+00 -5.312601e+00
5.059494e+02 -3.934305e+00 -5.307322e+00
5.060494e+02 -3.432470e+00 -5.301960e+00
5.061494e+02 -2.955756e+00 -5.296513e+00
5.062494e+02 -2.779363e+00 -5.290981e+00
5.063494e+02 -3.094973e+00 -5.285364e+00
5.064494e+02 -3.631705e+00 -5.279662e+00
5.065493e+02 -4.349469e+00 -5.273873e+00
5.066493e+02 -4.905612e+00 -5.267998e+00
5.067493e+02 -5.179073e+00 -5.262037e+00
5.068493e+02 -4.977311e+00 -5.255988e+00
5.069493e+02 -4.557509e+00 -5.249852e+00
5.070493e+02 -3.996207e+00 -5.243628e+00
5.071493e+02 -3.533050e+00 -5.237315e+00
5.072493e+02 -3.330801e+00 -5.230914e+00
5.073493e+02 -3.636327e+00 -5.224424e+00
5.074493e+02 -4.148888e+00 -5.217844e+00
5.075492e+02 -4.903879e+00 -5.211174e+00
5.076492e+02 -5.425834e+00 -5.204415e+00
5.077492e+02 -5.781205e+00 -5.197564e+00
5.078492e+02 -5.483229e+00 -5.190622e+00
5.079492e+02 -5.125693e+00 -5.183589e+00
5.080492e+02 -4.551644e+00 -5.176464e+00
5.081492e+02 -4.104011e+00 -5.169246e+00
5.082492e+02 -3.870570e+00 -5.161936e+00
5.083492e+02 -4.161332e+00 -5.154532e+00
5.084492e+02 -4.760484e+00 -5.147035e+00
5.085491e+02 -5.407136e+00 -5.139444e+00
5.086491e+02 -5.995334e+00 -5.131758e+00
5.087491e+02 -6.231116e+00 -5.123977e+00
5.088491e+02 -6.047692e+00 -5.116101e+00
5.089491e+02 -5.644619e+00 -5.108129e+00
5.090491e+02 -5.041872e+00 -5.100061e+00
5.091491e+02 -4.682494e+00 -5.091897e+00
5.092491e+02 -4.561825e+00 -5.083635e+00
5.093491e+02 -4.740329e+00 -5.075275e+00
5.094491e+02 -5.237063e+00 -5.066818e+00
5.095490e+02 -5.959074e+00 -5.058262e+00
5.096490e+02 -6.466866e+00 -5.049607e+00
5.097490e+02 -6.722405e+00 -5.040853e+00
5.098490e+02 -6.683847e+00 -5.032000e+00
5.099490e+02 -6.170484e+00 -5.023045e+00
5.100490e+02 -5.606729e+00 -5.013991e+00
5.101490e+02 -5.034670e+00 -5.004835e+00
5.102490e+02 -5.083966e+00 -4.995578e+00
5.103490e+02 -5.292784e+00 -4.986218e+00
5.104490e+02 -5.884619e+00 -4.976756e+00
5.105489e+02 -6.409484e+00 -4.967191e+00
5.106489e+02 -7.041695e+00 -4.957523e+00
5.107489e+02 -7.356701e+00 -4.947751e+00
5.108489e+02 -7.083404e+00 -4.937875e+00
5.109489e+02 -6.727671e+00 -4.927894e+00
5.110489e+02 -6.108479e+00 -4.917808e+00
5.111489e+02 -5.630170e+00 -4.907616e+00
5.112489e+02 -5.449226e+00 -4.897318e+00
5.113489e+02 -5.643908e+00 -4.886913e+00
5.114489e+02 -6.256167e+00 -4.876402e+00
5.115488e+02 -6.890431e+00 -4.865783e+00
5.116488e+02 -7.480557e+00 -4.855056e+00
5.117488e+02 -7.685385e+00 -4.844221e+00
5.118488e+02 -7.615607e+00 -4.833278e+00
5.119488e+02 -7.087936e+00 -4.822225e+00
5.120488e+02 -6.573584e+00 -4.811062e+00
5.121488e+02 -6.144164e+00 -4.799789e+00
5.122488e+02 -5.974362e+00 -4.788406e+00
5.123488e+02 -6.182460e+00 -4.776912e+00
5.124488e+02 -6.720444e+00 -4.765307e+00
5.125487e+02 -7.497378e+00 -4.753590e+00
5.126487e+02 -8.027320e+00 -4.741761e+00
5.127487e+02 -8.154997e+00 -4.729819e+00
5.128487e+02 -8.185835e+00 -4.717764e+00
5.129487e+02 -7.517338e+00 -4.705596e+00
5.130487e+02 -6.975727e+00 -4.693313e+00
5.131487e+02 -6.598994e+00 -4.680917e+00
5.132487e+02 -6.334154e+00 -4.668406e+00
5.133487e+02 -6.622254e+00 -4.655780e+00
5.134487e+02 -7.159668e+00 -4.643039e+00
5.135486e+02 -7.864112e+00 -4.630182e+00
5.136486e+02 -8.374348e+00 -4.617209e+00
5.137486e+02 -8.554757e+00 -4.604120e+00
5.138486e+02 -8.435337e+00 -4.590913e+00
5.139486e+02 -8.016403e+00 -4.577590e+00
5.140486e+02 -7.443003e+00 -4.564149e+00
5.141486e+02 -7.016594e+00 -4.550590e+00
5.142486e+02 -6.655303e+00 -4.536913e+00
5.143486e+02 -7.043305e+00 -4.523117e+00
5.144486e+02 -7.553430e+00 -4.509203e+00
5.145485e+02 -8.249867e+00 -4.495170e+00
5.146485e+02 -8.712434e+00 -4.481017e+00
5.147485e+02 -8.949206e+00 -4.466744e+00
5.148485e+02 -8.817012e+00 -4.452352e+00
5.149485e+02 -8.426872e+00 -4.437839e+00
5.150485e+02 -7.803893e+00 -4.423206e+00
5.151485e+02 -7.367503e+00 -4.408452e+00
5.152485e+02 -7.204200e+00 -4.393577e+00
5.153485e+02 -7.438674e+00 -4.378581e+00
5.154485e+02 -7.970966e+00 -4.363464e+00
5.155484e+02 -8.566571e+00 -4.348225e+00
5.156484e+02 -9.172564e+00 -4.332865e+00
5.157484e+02 -9.406570e+00 -4.317382e+00
5.158484e+02 -9.254306e+00 -4.301778e+00
5.159484e+02 -8.813928e+00 -4.286051e+00
5.160484e+02 -8.164813e+00 -4.270202e+00
5.161484e+02 -7.676277e+00 -4.254230e+00
5.162484e+02 -7.579560e+00 -4.238136e+00
5.163484e+02 -7.715562e+00 -4.221919e+00
5.164484e+02 -8.319812e+00 -4.205580e+00
5.165483e+02 -8.899366e+00 -4.189117e+00
5.166483e+02 -9.417847e+00 -4.172532e+00
5.167483e+02 -9.683883e+00 -4.155824e+00
5.168483e+02 -9.531106e+00 -4.138993e+00
5.169483e+02 -9.094494e+00 -4.122040e+00
5.170483e+02 -8.507320e+00 -4.104963e+00
5.171483e+02 -8.080866e+00 -4.087764e+00
5.172483e+02 -7.792596e+00 -4.070442e+00
5.173483e+02 -8.025568e+00 -4.052998e+00
5.174483e+02 -8.496699e+00 -4.035430e+00
5.175482e+02 -9.218884e+00 -4.017741e+00
5.176482e+02 -9.776300e+00 -3.999929e+00
5.177482e+02 -9.921168e+00 -3.981995e+00
5.178482e+02 -9.748988e+00 -3.963939e+00
5.179482e+02 -9.294612e+00 -3.945762e+00
5.180482e+02 -8.773083e+00 -3.927463e+00
5.181482e+02 -8.314226e+00 -3.909042e+00
5.182482e+02 -8.138255e+00 -3.890501e+00
5.183482e+02 -8.410857e+00 -3.871839e+00
5.184482e+02 -8.982032e+00 -3.853056e+00
5.185481e+02 -9.546490e+00 -3.834153e+00
5.186481e+02 -1.009373e+01 -3.815131e+00
5.187481e+02 -1.019491e+01 -3.795989e+00
5.188481e+02 -1.004742e+01 -3.776728e+00
5.189481e+02 -9.665057e+00 -3.757348e+00
5.190481e+02 -9.022285e+00 -3.737850e+00
5.191481e+02 -8.537273e+00 -3.718235e+00
5.192481e+02 -8.394320e+00 -3.698502e+00
5.193481e+02 -8.468043e+00 -3.678652e+00
5.194481e+02 -8.988810e+00 -3.658686e+00
5.195480e+02 -9.749210e+00 -3.638605e+00
5.196480e+02 -1.020787e+01 -3.618408e+00
5.197480e+02 -1.050806e+01 -3.598097e+00
5.198480e+02 -1.031128e+01 -3.577672e+00
5.199480e+02 -9.886808e+00 -3.557133e+00
5.200480e+02 -9.169292e+00 -3.536482e+00
5.201480e+02 -8.793115e+00 -3.515719e+00
5.202480e+02 -8.535729e+00 -3.494845e+00
5.203480e+02 -8.795589e+00 -3.473861e+00
5.204480e+02 -9.310499e+00 -3.452766e+00
5.205479e+02 -9.910954e+00 -3.431563e+00
5.206479e+02 -1.047333e+01 -3.410252e+00
5.207479e+02 -1.063029e+01 -3.388834e+00
5.208479e+02 -1.047400e+01 -3.367309e+00
5.209479e+02 -1.009236e+01 -3.345678e+00
5.210479e+02 -9.386287e+00 -3.323943e+00
5.211479e+02 -8.892357e+00 -3.302104e+00
5.212479e+02 -8.701969e+00 -3.280163e+00
5.213479e+02 -8.965019e+00 -3.258119e+00
5.214479e+02 -9.482086e+00 -3.235975e+00
5.215478e+02 -1.010851e+01 -3.213731e+00
5.216478e+02 -1.058739e+01 -3.191389e+00
5.217478e+02 -1.082022e+01 -3.168949e+00
5.218478e+02 -1.062191e+01 -3.146412e+00
5.219478e+02 -1.016869e+01 -3.123780e+00
5.220478e+02 -9.485195e+00 -3.101053e+00
5.221478e+02 -9.134420e+00 -3.078233e+00
5.222478e+02 -8.896227e+00 -3.055321e+00
5.223478e+02 -9.025868e+00 -3.032319e+00
5.224478e+02 -9.554930e+00 -3.009226e+00
5.225477e+02 -1.018395e+01 -2.986046e+00
5.226477e+02 -1.067439e+01 -2.962778e+00
5.227477e+02 -1.087841e+01 -2.939424e+00
5.228477e+02 -1.081067e+01 -2.915986e+00
5.229477e+02 -1.018315e+01 -2.892464e+00
5.230477e+02 -9.633836e+00 -2.868861e+00
5.231477e+02 -9.169921e+00 -2.845177e+00
5.232477e+02 -8.962635e+00 -2.821414e+00
5.233477e+02 -9.187263e+00 -2.797572e+00
5.234477e+02 -9.570231e+00 -2.773655e+00
5.235476e+02 -1.028455e+01 -2.749662e+00
5.236476e+02 -1.072544e+01 -2.725596e+00
5.237476e+02 -1.095115e+01 -2.701457e+00
5.238476e+02 -1.074580e+01 -2.677248e+00
5.239476e+02 -1.031287e+01 -2.652970e+00
5.240476e+02 -9.680274e+00 -2.628623e+00
5.241476e+02 -9.192024e+00 -2.604211e+00
5.242476e+02 -9.047210e+00 -2.579734e+00
5.243476e+02 -9.137072e+00 -2.555193e+00
5.244476e+02 -9.687031e+00 -2.530591e+00
5.245475e+02 -1.030711e+01 -2.505928e+00
5.246475e+02 -1.078210e+01 -2.481207e+00
5.247475e+02 -1.103761e+01 -2.456428e+00
5.248475e+02 -1.084449e+01 -2.431595e+00
5.249475e+02 -1.033783e+01 -2.406707e+00
5.250475e+02 -9.792061e+00 -2.381767e+00
5.251475e+02 -9.225503e+00 -2.356776e+00
5.252475e+02 -8.955098e+00 -2.331736e+00
5.253475e+02 -9.224035e+00 -2.306648e+00
5.254475e+02 -9.638446e+00 -2.281515e+00
5.255474e+02 -1.033015e+01 -2.256337e+00
5.256474e+02 -1.082261e+01 -2.231116e+00
5.257474e+02 -1.105081e+01 -2.205855e+00
5.258474e+02 -1.078636e+01 -2.180554e+00
5.259474e+02 -1.031697e+01 -2.155215e+00
5.260474e+02 -9.654476e+00 -2.129840e+00
5.261474e+02 -9.110313e+00 -2.104431e+00
5.262474e+02 -9.005378e+00 -2.078988e+00
5.263474e+02 -9.119614e+00 -2.053515e+00
5.264474e+02 -9.693124e+00 -2.028011e+00
5.265473e+02 -1.026650e+01 -2.002480e+00
5.266473e+02 -1.083419e+01 -1.976923e+00
5.267473e+02 -1.090694e+01 -1.951341e+00
5.268473e+02 -1.071901e+01 -1.925735e+00
5.269473e+02 -1.029784e+01 -1.900109e+00
5.270473e+02 -9.624363e+00 -1.874462e+00
5.271473e+02 -9.134512e+00 -1.848798e+00
5.272473e+02 -8.912492e+00 -1.823117e+00
5.273473e+02 -9.078390e+00 -1.797421e+00
5.274473e+02 -9.577189e+00 -1.771712e+00
5.275472e+02 -1.014384e+01 -1.745991e+00
5.276472e+02 -1.063429e+01 -1.720260e+00
5.277472e+02 -1.088013e+01 -1.694521e+00
5.278472e+02 -1.064915e+01 -1.668775e+00
5.279472e+02 -1.027892e+01 -1.643024e+00
5.280472e+02 -9.538219e+00 -1.617269e+00
5.281472e+02 -9.023953e+00 -1.591512e+00
5.282472e+02 -8.771973e+00 -1.565755e+00
5.283472e+02 -9.011509e+00 -1.539998e+00
5.284472e+02 -9.383651e+00 -1.514245e+00
5.285471e+02 -1.010508e+01 -1.488495e+00
5.286471e+02 -1.056863e+01 -1.462751e+00
5.287471e+02 -1.065601e+01 -1.437015e+00
5.288471e+02 -1.063197e+01 -1.411287e+00
5.289471e+02 -1.009747e+01 -1.385569e+00
5.290471e+02 -9.397569e+00 -1.359863e+00
5.291471e+02 -8.944278e+00 -1.334171e+00
5.292471e+02 -8.672813e+00 -1.308493e+00
5.293471e+02 -8.863502e+00 -1.282831e+00
5.294471e+02 -9.307412e+00 -1.257187e+00
5.295470e+02 -9.921258e+00 -1.231562e+00
5.296470e+02 -1.041159e+01 -1.205958e+00
5.297470e+02 -1.050452e+01 -1.180376e+00
5.298470e+02 -1.040391e+01 -1.154816e+00
5.299470e+02 -9.892230e+00 -1.129282e+00
5.300470e+02 -9.185398e+00 -1.103774e+00
5.301470e+02 -8.679799e+00 -1.078293e+00
5.302470e+02 -8.403247e+00 -1.052842e+00
5.303470e+02 -8.645488e+00 -1.027420e+00
5.304470e+02 -9.166568e+00 -1.002030e+00
5.305469e+02 -9.683829e+00 -9.766728e-01
5.306469e+02 -1.011034e+01 -9.513498e-01
5.307469e+02 -1.036787e+01 -9.260622e-01
5.308469e+02 -1.017352e+01 -9.008114e-01
5.309469e+02 -9.644272e+00 -8.755986e-01
5.310469e+02 -8.994567e+00 -8.504250e-01
5.311469e+02 -8.495551e+00 -8.252919e-01
5.312469e+02 -8.243303e+00 -8.002005e-01
5.313469e+02 -8.313204e+00 -7.751520e-01
5.314469e+02 -8.846383e+00 -7.501475e-01
5.315468e+02 -9.463754e+00 -7.251884e-01
5.316468e+02 -9.938349e+00 -7.002757e-01
5.317468e+02 -1.012333e+01 -6.754105e-01
5.318468e+02 -9.956520e+00 -6.505941e-01
5.319468e+02 -9.309211e+00 -6.258275e-01
5.320468e+02 -8.685546e+00 -6.011118e-01
5.321468e+02 -8.139290e+00 -5.764481e-01
5.322468e+02 -8.018502e+00 -5.518375e-01
5.323468e+02 -8.105201e+00 -5.272811e-01
5.324468e+02 -8.546305e+00 -5.027799e-01
5.325467e+02 -9.207773e+00 -4.783348e-01
5.326467e+02 -9.565987e+00 -4.539470e-01
5.327467e+02 -9.829478e+00 -4.296174e-01
5.328467e+02 -9.688040e+00 -4.053471e-01
5.329467e+02 -9.072459e+00 -3.811369e-01
5.330467e+02 -8.397867e+00 -3.569878e-01
5.331467e+02 -7.814827e+00 -3.329008e-01
5.332467e+02 -7.621839e+00 -3.088767e-01
5.333467e+02 -7.840304e+00 -2.849165e-01
5.334467e+02 -8.314109e+00 -2.610212e-01
5.335466e+02 -8.797542e+00 -2.371914e-01
5.336466e+02 -9.318260e+00 -2.134282e-01
5.337466e+02 -9.452020e+00 -1.897323e-01
5.338466e+02 -9.333066e+00 -1.661046e-01
5.339466e+02 -8.766526e+00 -1.425459e-01
5.340466e+02 -8.165870e+00 -1.190570e-01
5.341466e+02 -7.636658e+00 -9.563870e-02
5.342466e+02 -7.354213e+00 -7.229173e-02
5.343466e+02 -7.552814e+00 -4.901686e-02
5.344466e+02 -7.953628e+00 -2.581483e-02
5.345465e+02 -8.555393e+00 -2.686365e-03
5.346465e+02 -9.066832e+00 2.036783e-02
5.347465e+02 -9.216776e+00 4.334705e-02
5.348465e+02 -8.874496e+00 6.625063e-02
5.349465e+02 -8.398643e+00 8.907791e-02
5.350465e+02 -7.829418e+00 1.118282e-01
5.351465e+02 -7.257391e+00 1.345009e-01
5.352465e+02 -6.937596e+00 1.570954e-01
5.353465e+02 -7.207216e+00 1.796111e-01
5.354465e+02 -7.604012e+00 2.020474e-01
5.355464e+02 -8.103341e+00 2.244037e-01
5.356464e+02 -8.635686e+00 2.466795e-01
5.357464e+02 -8.722420e+00 2.688742e-01
5.358464e+02 -8.604978e+00 2.909872e-01
5.359464e+02 -8.031422e+00 3.130181e-01
5.360464e+02 -7.391920e+00 3.349664e-01
5.361464e+02 -6.883938e+00 3.568315e-01
5.362464e+02 -6.539560e+00 3.786130e-01
5.363464e+02 -6.681923e+00 4.003105e-01
5.364464e+02 -7.209635e+00 4.219234e-01
5.365463e+02 -7.774589e+00 4.434514e-01
5.366463e+02 -8.200319e+00 4.648940e-01
5.367463e+02 -8.450003e+00 4.862509e-01
5.368463e+02 -8.221399e+00 5.075216e-01
5.369463e+02 -7.569310e+00 5.287057e-01
5.370463e+02 -6.900003e+00 5.498030e-01
5.371463e+02 -6.452390e+00 5.708130e-01
5.372463e+02 -6.242663e+00 5.917354e-01
5.373463e+02 -6.329861e+00 6.125699e-01
5.374463e+02 -6.807647e+00 6.333162e-01
5.375462e+02 -7.361507e+00 6.539740e-01
5.376462e+02 -7.775871e+00 6.745430e-01
5.377462e+02 -8.070166e+00 6.950229e-01
5.378462e+02 -7.762787e+00 7.154135e-01
5.379462e+02 -7.213047e+00 7.357145e-01
5.380462e+02 -6.412357e+00 7.559258e-01
5.381462e+02 -5.956073e+00 7.760470e-01
5.382462e+02 -5.812709e+00 7.960780e-01
5.383462e+02 -5.869862e+00 8.160185e-01
5.384462e+02 -6.378164e+00 8.358685e-01
5.385461e+02 -6.871661e+00 8.556278e-01
5.386461e+02 -7.276404e+00 8.752961e-01
5.387461e+02 -7.476265e+00 8.948734e-01
5.388461e+02 -7.293491e+00 9.143594e-01
5.389461e+02 -6.723246e+00 9.337542e-01
5.390461e+02 -6.130780e+00 9.530576e-01
5.391461e+02 -5.623917e+00 9.722694e-01
5.392461e+02 -5.294472e+00 9.913897e-01
5.393461e+02 -5.452834e+00 1.010418e+00
5.394461e+02 -5.740132e+00 1.029355e+00
5.395460e+02 -6.440618e+00 1.048200e+00
5.396460e+02 -6.792706e+00 1.066954e+00
5.397460e+02 -7.032839e+00 1.085615e+00
5.398460e+02 -6.711639e+00 1.104185e+00
5.399460e+02 -6.291790e+00 1.122663e+00
5.400460e+02 -5.546043e+00 1.141049e+00
5.401460e+02 -4.892115e+00 1.159343e+00
5.402460e+02 -4.802289e+00 1.177545e+00
5.403460e+02 -4.840750e+00 1.195656e+00
5.404460e+02 -5.329134e+00 1.213675e+00
5.405459e+02 -5.875679e+00 1.231602e+00
5.406459e+02 -6.370385e+00 1.249438e+00
5.407459e+02 -6.536548e+00 1.267182e+00
5.408459e+02 -6.301023e+00 1.284835e+00
5.409459e+02 -5.655747e+00 1.302397e+00
5.410459e+02 -5.164455e+00 1.319867e+00
5.411459e+02 -4.577762e+00 1.337246e+00
5.412459e+02 -4.249471e+00 1.354535e+00
5.413459e+02 -4.273104e+00 1.371733e+00
5.414459e+02 -4.782760e+00 1.388840e+00
5.415458e+02 -5.316610e+00 1.405856e+00
5.416458e+02 -5.758969e+00 1.422782e+00
5.417458e+02 -6.064597e+00 1.439618e+00
5.418458e+02 -5.719919e+00 1.456365e+00
5.419458e+02 -5.199682e+00 1.473021e+00
5.420458e+02 -4.568980e+00 1.489588e+00
5.421458e+02 -3.838932e+00 1.506065e+00
5.422458e+02 -3.624386e+00 1.522454e+00
5.423458e+02 -3.796574e+00 1.538753e+00
5.424458e+02 -4.231507e+00 1.554964e+00
5.425457e+02 -4.841688e+00 1.571086e+00
5.426457e+02 -5.162294e+00 1.587120e+00
5.427457e+02 -5.294495e+00 1.603067e+00
5.428457e+02 -5.125455e+00 1.618925e+00
5.429457e+02 -4.603056e+00 1.634697e+00
5.430457e+02 -4.007477e+00 1.650381e+00
5.431457e+02 -3.313536e+00 1.665978e+00
5.432457e+02 -3.126751e+00 1.681489e+00
5.433457e+02 -3.261971e+00 1.696914e+00
5.434457e+02 -3.692517e+00 1.712252e+00
5.435456e+02 -4.196648e+00 1.727506e+00
5.436456e+02 -4.665770e+00 1.742673e+00
5.437456e+02 -4.675002e+00 1.757756e+00
5.438456e+02 -4.565667e+00 1.772755e+00
5.439456e+02 -4.021491e+00 1.787669e+00
5.440456e+02 -3.410295e+00 1.802499e+00
5.441456e+02 -2.763529e+00 1.817245e+00
5.442456e+02 -2.548317e+00 1.831909e+00
5.443456e+02 -2.665681e+00 1.846489e+00
5.444456e+02 -3.063512e+00 1.860987e+00
5.445455e+02 -3.691078e+00 1.875403e+00
5.446455e+02 -4.046543e+00 1.889737e+00
5.447455e+02 -4.229006e+00 1.903990e+00
5.448455e+02 -4.032145e+00 1.918162e+00
5.449455e+02 -3.486113e+00 1.932253e+00
5.450455e+02 -2.742210e+00 1.946264e+00
5.451455e+02 -2.242571e+00 1.960195e+00
5.452455e+02 -1.959328e+00 1.974047e+00
5.453455e+02 -2.086937e+00 1.987820e+00
5.454455e+02 -2.480843e+00 2.001514e+00
5.455454e+02 -3.060806e+00 2.015131e+00
5.456454e+02 -3.434575e+00 2.028669e+00
5.457454e+02 -3.647537e+00 2.042130e+00
5.458454e+02 -3.370491e+00 2.055515e+00
5.459454e+02 -2.910932e+00 2.068823e+00
5.460454e+02 -2.201535e+00 2.082055e+00
5.461454e+02 -1.581422e+00 2.095211e+00
5.462454e+02 -1.322688e+00 2.108293e+00
5.463454e+02 -1.392516e+00 2.121299e+00
5.464454e+02 -1.860528e+00 2.134232e+00
5.465453e+02 -2.552788e+00 2.147091e+00
5.466453e+02 -2.859427e+00 2.159876e+00
5.467453e+02 -2.990116e+00 2.172589e+00
5.468453e+02 -2.816320e+00 2.185229e+00
5.469453e+02 -2.268263e+00 2.197798e+00
5.470453e+02 -1.492571e+00 2.210295e+00
5.471453e+02 -9.413327e-01 2.222721e+00
5.472453e+02 -6.913542e-01 2.235076e+00
5.473453e+02 -8.193291e-01 2.247362e+00
5.474453e+02 -1.248719e+00 2.259577e+00
5.475452e+02 -1.852584e+00 2.271724e+00
5.476452e+02 -2.301513e+00 2.283803e+00
5.477452e+02 -2.461366e+00 2.295813e+00
5.478452e+02 -2.147173e+00 2.307755e+00
5.479452e+02 -1.621378e+00 2.319631e+00
5.480452e+02 -8.655454e-01 2.331440e+00
5.481452e+02 -3.428537e-01 2.343182e+00
5.482452e+02 -7.931687e-02 2.354859e+00
5.483452e+02 -1.160653e-01 2.366471e+00
5.484452e+02 -5.756644e-01 2.378018e+00
5.485451e+02 -1.208420e+00 2.389501e+00
5.486451e+02 -1.630669e+00 2.400920e+00
5.487451e+02 -1.763351e+00 2.412276e+00
5.488451e+02 -1.615983e+00 2.423569e+00
5.489451e+02 -9.581023e-01 2.434800e+00
5.490451e+02 -3.992119e-01 2.445969e+00
5.491451e+02 1.959186e-01 2.457077e+00
5.492451e+02 4.667440e-01 2.468124e+00
5.493451e+02 3.739102e-01 2.479111e+00
5.494451e+02 -2.950678e-02 2.490039e+00
5.495450e+02 -6.162195e-01 2.500907e+00
5.496450e+02 -9.825156e-01 2.511716e+00
5.497450e+02 -1.231641e+00 2.522467e+00
5.498450e+02 -9.858318e-01 2.533160e+00
5.499450e+02 -3.536326e-01 2.543796e+00
5.500450e+02 3.190851e-01 2.554376e+00
5.501450e+02 8.137516e-01 2.564899e+00
5.502450e+02 1.093961e+00 2.575366e+00
5.503450e+02 1.054801e+00 2.585779e+00
5.504450e+02 6.424701e-01 2.596136e+00
5.505449e+02 7.560078e-02 2.606439e+00
5.506449e+02 -2.848748e-01 2.616689e+00
5.507449e+02 -5.936864e-01 2.626885e+00
5.508449e+02 -2.541017e-01 2.637029e+00
5.509449e+02 2.653261e-01 2.647120e+00
5.510449e+02 8.681643e-01 2.657159e+00
5.511449e+02 1.540029e+00 2.667148e+00
5.512449e+02 1.740595e+00 2.677085e+00
5.513449e+02 1.661051e+00 2.686973e+00
5.514449e+02 1.148337e+00 2.696810e+00
5.515448e+02 7.334614e-01 2.706599e+00
5.516448e+02 2.512604e-01 2.716338e+00
5.517448e+02 9.039029e-02 2.726029e+00
5.518448e+02 3.182873e-01 2.735673e+00
5.519448e+02 8.541695e-01 2.745269e+00
5.520448e+02 1.610000e+00 2.754819e+00
5.521448e+02 2.136706e+00 2.764322e+00
5.522448e+02 2.330958e+00 2.773779e+00
5.523448e+02 2.311504e+00 2.783191e+00
5.524448e+02 1.944013e+00 2.792558e+00
5.525447e+02 1.256396e+00 2.801881e+00
5.526447e+02 8.510922e-01 2.811160e+00
5.527447e+02 6.989640e-01 2.820396e+00
5.528447e+02 9.783316e-01 2.829588e+00
5.529447e+02 1.518234e+00 2.838738e+00
5.530447e+02 2.202842e+00 2.847847e+00
5.531447e+02 2.720585e+00 2.856913e+00
5.532447e+02 3.072200e+00 2.865939e+00
5.533447e+02 2.880889e+00 2.874925e+00
5.534447e+02 2.437561e+00 2.883870e+00
5.535446e+02 1.844920e+00 2.892775e+00
5.536446e+02 1.495072e+00 2.901642e+00
5.537446e+02 1.325828e+00 2.910470e+00
5.538446e+02 1.530298e+00 2.919260e+00
5.539446e+02 2.137643e+00 2.928012e+00
5.540446e+02 2.605276e+00 2.936726e+00
5.541446e+02 3.336536e+00 2.945404e+00
5.542446e+02 3.675635e+00 2.954046e+00
5.543446e+02 3.505628e+00 2.962652e+00
5.544446e+02 3.081589e+00 2.971222e+00
5.545445e+02 2.518740e+00 2.979758e+00
5.546445e+02 2.075337e+00 2.988259e+00
5.547445e+02 1.958753e+00 2.996726e+00
5.548445e+02 2.117814e+00 3.005159e+00
5.549445e+02 2.739993e+00 3.013559e+00
5.550445e+02 3.400839e+00 3.021927e+00
5.551445e+02 3.893900e+00 3.030262e+00
5.552445e+02 4.251477e+00 3.038565e+00
5.553445e+02 4.179548e+00 3.046837e+00
5.554445e+02 3.587258e+00 3.055078e+00
5.555444e+02 3.222973e+00 3.063289e+00
5.556444e+02 2.680755e+00 3.071469e+00
5.557444e+02 2.524824e+00 3.079620e+00
5.558444e+02 2.782064e+00 3.087742e+00
5.559444e+02 3.282720e+00 3.095835e+00
5.560444e+02 3.967870e+00 3.103899e+00
5.561444e+02 4.525505e+00 3.111935e+00
5.562444e+02 4.869348e+00 3.119944e+00
5.563444e+02 4.694445e+00 3.127926e+00
5.564444e+02 4.280713e+00 3.135881e+00
5.565443e+02 3.767853e+00 3.143810e+00
5.566443e+02 3.383202e+00 3.151713e+00
5.567443e+02 3.096863e+00 3.159591e+00
5.568443e+02 3.406989e+00 3.167443e+00
5.569443e+02 3.932637e+00 3.175271e+00
5.570443e+02 4.497237e+00 3.183074e+00
5.571443e+02 5.149451e+00 3.190854e+00
5.572443e+02 5.378649e+00 3.198610e+00
5.573443e+02 5.282393e+00 3.206343e+00
5.574443e+02 4.889363e+00 3.214054e+00
5.575442e+02 4.364148e+00 3.221742e+00
5.576442e+02 3.844588e+00 3.229408e+00
5.577442e+02 3.653858e+00 3.237053e+00
5.578442e+02 3.927628e+00 3.244676e+00
5.579442e+02 4.391804e+00 3.252279e+00
5.580442e+02 5.151659e+00 3.259861e+00
5.581442e+02 5.690186e+00 3.267424e+00
5.582442e+02 5.946303e+00 3.274966e+00
5.583442e+02 5.851602e+00 3.282490e+00
5.584442e+02 5.527333e+00 3.289994e+00
5.585441e+02 4.756080e+00 3.297480e+00
5.586441e+02 4.377441e+00 3.304948e+00
5.587441e+02 4.270041e+00 3.312398e+00
5.588441e+02 4.482395e+00 3.319830e+00
5.589441e+02 5.020709e+00 3.327246e+00
5.590441e+02 5.700057e+00 3.334644e+00
5.591441e+02 6.227555e+00 3.342026e+00
5.592441e+02 6.561383e+00 3.349392e+00
5.593441e+02 6.374672e+00 3.356742e+00
5.594441e+02 5.926540e+00 3.364077e+00
5.595440e+02 5.406760e+00 3.371397e+00
5.596440e+02 4.873637e+00 3.378702e+00
5.597440e+02 4.785364e+00 3.385992e+00
5.598440e+02 5.032741e+00 3.393269e+00
5.599440e+02 5.461771e+00 3.400531e+00
5.600440e+02 6.281500e+00 3.407780e+00
5.601440e+02 6.712535e+00 3.415016e+00
5.602440e+02 7.000468e+00 3.422240e+00
5.603440e+02 6.803817e+00 3.429450e+00
5.604440e+02 6.372659e+00 3.436649e+00
5.605439e+02 5.941081e+00 3.443835e+00
5.606439e+02 5.378058e+00 3.451010e+00
5.607439e+02 5.261370e+00 3.458174e+00
5.608439e+02 5.474793e+00 3.465326e+00
5.609439e+02 5.971198e+00 3.472468e+00
5.610439e+02 6.715159e+00 3.479599e+00
5.611439e+02 7.220900e+00 3.486721e+00
5.612439e+02 7.492256e+00 3.493832e+00
5.613439e+02 7.451703e+00 3.500934e+00
5.614439e+02 6.889927e+00 3.508027e+00
5.615438e+02 6.343411e+00 3.515110e+00
5.616438e+02 5.901399e+00 3.522185e+00
5.617438e+02 5.772108e+00 3.529251e+00
5.618438e+02 5.985823e+00 3.536309e+00
5.619438e+02 6.449569e+00 3.543359e+00
5.620438e+02 7.104681e+00 3.550402e+00
5.621438e+02 7.748506e+00 3.557437e+00
5.622438e+02 7.953011e+00 3.564464e+00
5.623438e+02 7.830909e+00 3.571485e+00
5.624438e+02 7.425790e+00 3.578499e+00
5.625437e+02 6.820166e+00 3.585507e+00
5.626437e+02 6.361632e+00 3.592508e+00
5.627437e+02 6.209862e+00 3.599503e+00
5.628437e+02 6.388374e+00 3.606493e+00
5.629437e+02 6.846640e+00 3.613477e+00
5.630437e+02 7.607457e+00 3.620456e+00
5.631437e+02 8.210996e+00 3.627430e+00
5.632437e+02 8.396892e+00 3.634398e+00
5.633437e+02 8.220649e+00 3.641363e+00
5.634437e+02 7.773897e+00 3.648322e+00
5.635436e+02 7.162415e+00 3.655278e+00
5.636436e+02 6.687467e+00 3.662229e+00
5.637436e+02 6.563107e+00 3.669177e+00
5.638436e+02 6.773245e+00 3.676121e+00
5.639436e+02 7.378141e+00 3.683062e+00
5.640436e+02 7.982400e+00 3.689999e+00
5.641436e+02 8.557531e+00 3.696933e+00
5.642436e+02 8.726778e+00 3.703865e+00
5.643436e+02 8.725465e+00 3.710793e+00
5.644436e+02 8.260409e+00 3.717719e+00
5.645435e+02 7.658576e+00 3.724643e+00
5.646435e+02 7.159948e+00 3.731565e+00
5.647435e+02 6.963958e+00 3.738484e+00
5.648435e+02 7.209182e+00 3.745402e+00
5.649435e+02 7.690320e+00 3.752318e+00
5.650435e+02 8.347394e+00 3.759232e+00
5.651435e+02 8.927149e+00 3.766145e+00
5.652435e+02 9.209468e+00 3.773057e+00
5.653435e+02 9.057897e+00 3.779967e+00
5.654435e+02 8.544346e+00 3.786877e+00
5.655434e+02 7.974298e+00 3.793785e+00
5.656434e+02 7.568018e+00 3.800693e+00
5.657434e+02 7.351199e+00 3.807600e+00
5.658434e+02 7.599726e+00 3.814507e+00
5.659434e+02 8.169571e+00 3.821413e+00
5.660434e+02 8.781816e+00 3.828319e+00
5.661434e+02 9.188298e+00 3.835225e+00
5.662434e+02 9.519748e+00 3.842130e+00
5.663434e+02 9.468438e+00 3.849036e+00
5.664434e+02 8.944871e+00 3.855942e+00
5.665433e+02 8.333996e+00 3.862847e+00
5.666433e+02 7.815241e+00 3.869754e+00
5.667433e+02 7.699835e+00 3.876660e+00
5.668433e+02 7.841861e+00 3.883567e+00
5.669433e+02 8.290190e+00 3.890474e+00
5.670433e+02 9.112216e+00 3.897382e+00
5.671433e+02 9.608280e+00 3.904290e+00
5.672433e+02 9.797007e+00 3.911199e+00
5.673433e+02 9.677266e+00 3.918108e+00
5.674433e+02 9.210381e+00 3.925019e+00
5.675432e+02 8.668165e+00 3.931929e+00
5.676432e+02 8.193489e+00 3.938841e+00
5.677432e+02 7.905347e+00 3.945754e+00
5.678432e+02 8.203371e+00 3.952667e+00
5.679432e+02 8.679701e+00 3.959581e+00
5.680432e+02 9.385210e+00 3.966496e+00
5.681432e+02 9.851252e+00 3.973412e+00
5.682432e+02 1.008180e+01 3.980328e+00
5.683432e+02 9.923972e+00 3.987246e+00
5.684432e+02 9.574267e+00 3.994164e+00
5.685431e+02 8.882543e+00 4.001083e+00
5.686431e+02 8.369977e+00 4.008002e+00
5.687431e+02 8.228634e+00 4.014923e+00
5.688431e+02 8.460063e+00 4.021844e+00
5.689431e+02 8.889464e+00 4.028766e+00
5.690431e+02 9.562018e+00 4.035688e+00
5.691431e+02 1.004815e+01 4.042611e+00
5.692431e+02 1.035666e+01 4.049534e+00
5.693431e+02 1.014840e+01 4.056458e+00
5.694431e+02 9.862353e+00 4.063382e+00
5.695430e+02 9.129648e+00 4.070306e+00
5.696430e+02 8.729643e+00 4.077231e+00
5.697430e+02 8.520890e+00 4.084156e+00
5.698430e+02 8.729554e+00 4.091080e+00
5.699430e+02 9.115486e+00 4.098005e+00
5.700430e+02 9.758892e+00 4.104929e+00
5.701430e+02 1.032513e+01 4.111853e+00
5.702430e+02 1.056619e+01 4.118777e+00
5.703430e+02 1.050550e+01 4.125700e+00
5.704430e+02 9.936268e+00 4.132622e+00
5.705429e+02 9.337563e+00 4.139543e+00
5.706429e+02 8.823868e+00 4.146464e+00
5.707429e+02 8.614927e+00 4.153383e+00
5.708429e+02 8.906078e+00 4.160301e+00
5.709429e+02 9.329231e+00 4.167218e+00
5.710429e+02 1.002960e+01 4.174133e+00
5.711429e+02 1.047731e+01 4.181046e+00
5.712429e+02 1.064664e+01 4.187957e+00
5.713429e+02 1.057797e+01 4.194866e+00
5.714429e+02 1.007626e+01 4.201773e+00
5.715428e+02 9.449835e+00 4.208677e+00
5.716428e+02 8.910666e+00 4.215579e+00
5.717428e+02 8.811845e+00 4.222477e+00
5.718428e+02 8.959429e+00 4.229373e+00
5.719428e+02 9.491270e+00 4.236265e+00
5.720428e+02 1.010786e+01 4.243153e+00
5.721428e+02 1.068321e+01 4.250038e+00
5.722428e+02 1.090514e+01 4.256918e+00
5.723428e+02 1.061821e+01 4.263794e+00
5.724428e+02 1.023565e+01 4.270666e+00
5.725427e+02 9.605244e+00 4.277533e+00
5.726427e+02 9.011555e+00 4.284394e+00
5.727427e+02 8.954468e+00 4.291250e+00
5.728427e+02 9.182326e+00 4.298101e+00
5.729427e+02 9.532185e+00 4.304946e+00
5.730427e+02 1.020626e+01 4.311784e+00
5.731427e+02 1.074796e+01 4.318617e+00
5.732427e+02 1.093367e+01 4.325442e+00
5.733427e+02 1.069499e+01 4.332260e+00
5.734427e+02 1.034269e+01 4.339071e+00
5.735426e+02 9.645147e+00 4.345874e+00
5.736426e+02 9.155653e+00 4.352669e+00
5.737426e+02 8.945786e+00 4.359456e+00
5.738426e+02 9.108101e+00 4.366235e+00
5.739426e+02 9.629493e+00 4.373004e+00
5.740426e+02 1.025559e+01 4.379764e+00
5.741426e+02 1.075225e+01 4.386514e+00
5.742426e+02 1.091925e+01 4.393255e+00
5.743426e+02 1.091432e+01 4.399985e+00
5.744426e+02 1.028371e+01 4.406704e+00
5.745425e+02 9.667895e+00 4.413413e+00
5.746425e+02 9.219501e+00 4.420110e+00
5.747425e+02 8.951854e+00 4.426795e+00
5.748425e+02 9.143512e+00 4.433468e+00
5.749425e+02 9.690432e+00 4.440129e+00
5.750425e+02 1.024475e+01 4.446777e+00
5.751425e+02 1.088020e+01 4.453412e+00
5.752425e+02 1.091435e+01 4.460033e+00
5.753425e+02 1.083713e+01 4.466640e+00
5.754425e+02 1.037170e+01 4.473232e+00
5.755424e+02 9.700579e+00 4.479810e+00
5.756424e+02 9.219723e+00 4.486373e+00
5.757424e+02 9.037470e+00 4.492920e+00
5.758424e+02 9.107346e+00 4.499451e+00
5.759424e+02 9.650427e+00 4.505966e+00
5.760424e+02 1.027259e+01 4.512464e+00
5.761424e+02 1.078498e+01 4.518945e+00
5.762424e+02 1.102059e+01 4.525409e+00
5.763424e+02 1.078887e+01 4.531854e+00
5.764424e+02 1.035930e+01 4.538281e+00
5.765423e+02 9.717189e+00 4.544689e+00
5.766423e+02 9.100707e+00 4.551078e+00
5.767423e+02 8.982470e+00 4.557447e+00
5.768423e+02 9.089796e+00 4.563796e+00
5.769423e+02 9.515837e+00 4.570125e+00
5.770423e+02 1.016725e+01 4.576433e+00
5.771423e+02 1.064785e+01 4.582719e+00
5.772423e+02 1.090414e+01 4.588984e+00
5.773423e+02 1.070963e+01 4.595226e+00
5.774423e+02 1.032864e+01 4.601446e+00
5.775422e+02 9.735897e+00 4.607643e+00
5.776422e+02 9.112245e+00 4.613816e+00
5.777422e+02 8.871080e+00 4.619966e+00
5.778422e+02 8.815598e+00 4.626091e+00
5.779422e+02 9.290169e+00 4.632191e+00
5.780422e+02 1.008255e+01 4.638266e+00
5.781422e+02 1.057375e+01 4.644316e+00
5.782422e+02 1.081093e+01 4.650339e+00
5.783422e+02 1.067854e+01 4.656336e+00
5.784422e+02 1.014041e+01 4.662306e+00
5.785421e+02 9.419241e+00 4.668249e+00
5.786421e+02 9.047922e+00 4.674164e+00
5.787421e+02 8.675025e+00 4.680051e+00
5.788421e+02 8.842090e+00 4.685909e+00
5.789421e+02 9.337854e+00 4.691738e+00
5.790421e+02 9.864605e+00 4.697538e+00
5.791421e+02 1.042052e+01 4.703308e+00
5.792421e+02 1.070585e+01 4.709048e+00
5.793421e+02 1.041886e+01 4.714756e+00
5.794421e+02 1.010273e+01 4.720434e+00
5.795420e+02 9.304780e+00 4.726080e+00
5.796420e+02 8.846545e+00 4.731695e+00
5.797420e+02 8.553883e+00 4.737277e+00
5.798420e+02 8.665114e+00 4.742826e+00
5.799420e+02 9.115597e+00 4.748342e+00
5.800420e+02 9.748922e+00 4.753824e+00
5.801420e+02 1.026863e+01 4.759273e+00
5.802420e+02 1.048618e+01 4.764687e+00
5.803420e+02 1.026659e+01 4.770066e+00
5.804420e+02 9.798744e+00 4.775410e+00
5.805419e+02 9.118862e+00 4.780718e+00
5.806419e+02 8.628203e+00 4.785991e+00
5.807419e+02 8.388417e+00 4.791227e+00
5.808419e+02 8.489453e+00 4.796427e+00
5.809419e+02 8.977476e+00 4.801589e+00
5.810419e+02 9.495405e+00 4.806714e+00
5.811419e+02 1.009286e+01 4.811801e+00
5.812419e+02 1.027251e+01 4.816850e+00
5.813419e+02 9.992605e+00 4.821860e+00
5.814419e+02 9.598800e+00 4.826832e+00
5.815418e+02 8.862601e+00 4.831764e+00
5.816418e+02 8.350065e+00 4.836656e+00
5.817418e+02 8.118785e+00 4.841508e+00
5.818418e+02 8.187117e+00 4.846320e+00
5.819418e+02 8.622088e+00 4.851091e+00
5.820418e+02 9.313178e+00 4.855821e+00
5.821418e+02 9.790143e+00 4.860510e+00
5.822418e+02 9.978110e+00 4.865157e+00
5.823418e+02 9.705089e+00 4.869762e+00
5.824418e+02 9.209788e+00 4.874324e+00
5.825417e+02 8.716957e+00 4.878844e+00
5.826417e+02 8.068457e+00 4.883321e+00
5.827417e+02 7.903553e+00 4.887754e+00
5.828417e+02 7.959925e+00 4.892144e+00
5.829417e+02 8.453302e+00 4.896489e+00
5.830417e+02 8.987168e+00 4.900791e+00
5.831417e+02 9.527591e+00 4.905047e+00
5.832417e+02 9.694134e+00 4.909259e+00
5.833417e+02 9.528188e+00 4.913426e+00
5.834417e+02 8.987382e+00 4.917547e+00
5.835416e+02 8.456267e+00 4.921622e+00
5.836416e+02 7.899459e+00 4.925651e+00
5.837416e+02 7.572245e+00 4.929634e+00
5.838416e+02 7.642690e+00 4.933570e+00
5.839416e+02 8.129343e+00 4.937459e+00
5.840416e+02 8.723329e+00 4.941302e+00
5.841416e+02 9.170953e+00 4.945096e+00
5.842416e+02 9.383354e+00 4.948843e+00
5.843416e+02 9.135547e+00 4.952542e+00
5.844416e+02 8.692222e+00 4.956193e+00
5.845415e+02 7.947323e+00 4.959795e+00
5.846415e+02 7.406651e+00 4.963348e+00
5.847415e+02 7.268735e+00 4.966853e+00
5.848415e+02 7.352511e+00 4.970308e+00
5.849415e+02 7.734640e+00 4.973714e+00
5.850415e+02 8.385467e+00 4.977070e+00
5.851415e+02 8.823324e+00 4.980376e+00
5.852415e+02 9.014195e+00 4.983632e+00
5.853415e+02 8.710471e+00 4.986837e+00
5.854415e+02 8.297377e+00 4.989992e+00
5.855414e+02 7.678638e+00 4.993096e+00
5.856414e+02 7.022795e+00 4.996149e+00
5.857414e+02 6.751232e+00 4.999151e+00
5.858414e+02 6.924333e+00 5.002101e+00
5.859414e+02 7.354307e+00 5.005000e+00
5.860414e+02 8.054436e+00 5.007846e+00
5.861414e+02 8.385260e+00 5.010641e+00
5.862414e+02 8.598668e+00 5.013383e+00
5.863414e+02 8.418088e+00 5.016072e+00
5.864414e+02 7.891547e+00 5.018709e+00
5.865413e+02 7.168126e+00 5.021293e+00
5.866413e+02 6.760186e+00 5.023824e+00
5.867413e+02 6.386556e+00 5.026301e+00
5.868413e+02 6.463260e+00 5.028725e+00
5.869413e+02 6.977846e+00 5.031095e+00
5.870413e+02 7.554635e+00 5.033412e+00
5.871413e+02 7.950383e+00 5.035674e+00
5.872413e+02 8.208868e+00 5.037882e+00
5.873413e+02 8.018496e+00 5.040036e+00
5.874413e+02 7.414664e+00 5.042135e+00
5.875412e+02 6.858983e+00 5.044179e+00
5.876412e+02 6.214609e+00 5.046168e+00
5.877412e+02 5.969028e+00 5.048102e+00
5.878412e+02 5.995105e+00 5.049981e+00
5.879412e+02 6.478606e+00 5.051805e+00
5.880412e+02 7.076416e+00 5.053573e+00
5.881412e+02 7.598854e+00 5.055285e+00
5.882412e+02 7.666169e+00 5.056941e+00
5.883412e+02 7.522774e+00 5.058541e+00
5.884412e+02 6.882051e+00 5.060084e+00
5.885411e+02 6.350887e+00 5.061571e+00
5.886411e+02 5.688907e+00 5.063002e+00
5.887411e+02 5.505072e+00 5.064376e+00
5.888411e+02 5.546635e+00 5.065693e+00
5.889411e+02 6.080108e+00 5.066953e+00
5.890411e+02 6.534520e+00 5.068155e+00
5.891411e+02 7.077584e+00 5.069301e+00
5.892411e+02 7.291768e+00 5.070389e+00
5.893411e+02 7.090379e+00 5.071419e+00
5.894411e+02 6.481460e+00 5.072391e+00
5.895410e+02 5.829513e+00 5.073305e+00
5.896410e+02 5.236365e+00 5.074162e+00
5.897410e+02 5.068247e+00 5.074960e+00
5.898410e+02 5.115710e+00 5.075699e+00
5.899410e+02 5.561671e+00 5.076380e+00
5.900410e+02 6.025403e+00 5.077003e+00
5.901410e+02 6.564656e+00 5.077567e+00
5.902410e+02 6.847075e+00 5.078071e+00
5.903410e+02 6.539947e+00 5.078517e+00
5.904410e+02 6.056010e+00 5.078903e+00
5.905409e+02 5.301380e+00 5.079231e+00
5.906409e+02 4.799727e+00 5.079498e+00
5.907409e+02 4.537179e+00 5.079706e+00
5.908409e+02 4.642046e+00 5.079855e+00
5.909409e+02 4.996004e+00 5.079944e+00
5.910409e+02 5.687651e+00 5.079972e+00
5.911409e+02 5.973505e+00 5.079941e+00
5.912409e+02 6.132043e+00 5.079850e+00
5.913409e+02 6.030273e+00 5.079698e+00
5.914409e+02 5.401376e+00 5.079486e+00
5.915408e+02 4.717684e+00 5.079213e+00
5.916408e+02 4.275329e+00 5.078880e+00
5.917408e+02 3.911814e+00 5.078486e+00
5.918408e+02 4.122938e+00 5.078032e+00
5.919408e+02 4.479643e+00 5.077516e+00
5.920408e+02 5.057788e+00 5.076940e+00
5.921408e+02 5.470274e+00 5.076302e+00
5.922408e+02 5.679206e+00 5.075604e+00
5.923408e+02 5.453301e+00 5.074844e+00
5.924408e+02 4.903848e+00 5.074023e+00
5.925407e+02 4.319598e+00 5.073141e+00
5.926407e+02 3.661981e+00 5.072197e+00
5.927407e+02 3.459647e+00 5.071192e+00
5.928407e+02 3.576541e+00 5.070125e+00
5.929407e+02 3.916168e+00 5.068997e+00
5.930407e+02 4.361586e+00 5.067808e+00
5.931407e+02 4.939880e+00 5.066557e+00
5.932407e+02 5.216439e+00 5.065244e+00
5.933407e+02 4.928324e+00 5.063869e+00
5.934407e+02 4.332045e+00 5.062433e+00
5.935406e+02 3.717830e+00 5.060936e+00
5.936406e+02 3.151821e+00 5.059376e+00
5.937406e+02 2.787602e+00 5.057755e+00
5.938406e+02 3.038694e+00 5.056073e+00
5.939406e+02 3.327532e+00 5.054328e+00
5.940406e+02 3.961426e+00 5.052523e+00
5.941406e+02 4.364994e+00 5.050655e+00
5.942406e+02 4.431210e+00 5.048727e+00
5.943406e+02 4.374384e+00 5.046737e+00
5.944406e+02 3.763227e+00 5.044685e+00
5.945405e+02 3.059272e+00 5.042573e+00
5.946405e+02 2.458854e+00 5.040399e+00
5.947405e+02 2.256395e+00 5.038164e+00
5.948405e+02 2.314154e+00 5.035869e+00
5.949405e+02 2.753315e+00 5.033512e+00
5.950405e+02 3.391781e+00 5.031095e+00
5.951405e+02 3.801462e+00 5.028618e+00
5.952405e+02 3.906801e+00 5.026080e+00
5.953405e+02 3.753798e+00 5.023482e+00
5.954405e+02 3.220563e+00 5.020824e+00
5.955404e+02 2.505318e+00 5.018106e+00
5.956404e+02 1.972134e+00 5.015329e+00
5.957404e+02 1.651424e+00 5.012492e+00
5.958404e+02 1.699251e+00 5.009597e+00
5.959404e+02 2.248684e+00 5.006642e+00
5.960404e+02 2.706003e+00 5.003629e+00
5.961404e+02 3.150945e+00 5.000558e+00
5.962404e+02 3.343663e+00 4.997429e+00
5.963404e+02 3.154640e+00 4.994242e+00
5.964404e+02 2.665793e+00 4.990998e+00
5.965403e+02 1.966762e+00 4.987697e+00
5.966403e+02 1.295552e+00 4.984340e+00
5.967403e+02 9.836757e-01 4.980926e+00
5.968403e+02 1.147864e+00 4.977457e+00
5.969403e+02 1.548631e+00 4.973932e+00
5.970403e+02 2.056524e+00 4.970352e+00
5.971403e+02 2.601271e+00 4.966718e+00
5.972403e+02 2.656015e+00 4.963030e+00
5.973403e+02 2.558448e+00 4.959289e+00
5.974403e+02 1.929046e+00 4.955494e+00
5.975402e+02 1.287087e+00 4.951647e+00
5.976402e+02 6.944507e-01 4.947748e+00
5.977402e+02 4.002318e-01 4.943798e+00
5.978402e+02 3.793311e-01 4.939797e+00
5.979402e+02 9.375116e-01 4.935745e+00
5.980402e+02 1.530093e+00 4.931645e+00
5.981402e+02 1.955605e+00 4.927495e+00
5.982402e+02 2.173805e+00 4.923297e+00
5.983402e+02 1.823886e+00 4.919051e+00
5.984402e+02 1.296388e+00 4.914759e+00
5.985401e+02 6.695105e-01 4.910420e+00
5.986401e+02 6.719804e-02 4.906036e+00
5.987401e+02 -1.559592e-01 4.901607e+00
5.988401e+02 -1.040424e-01 4.897134e+00
5.989401e+02 2.356429e-01 4.892618e+00
5.990401e+02 7.770864e-01 4.888059e+00
5.991401e+02 1.391156e+00 4.883459e+00
5.992401e+02 1.470583e+00 4.878818e+00
5.993401e+02 1.330685e+00 4.874137e+00
5.994401e+02 7.556348e-01 4.869418e+00
5.995400e+02 -1.308593e-02 4.864660e+00
5.996400e+02 -5.041406e-01 4.859864e+00
5.997400e+02 -8.247059e-01 4.855033e+00
5.998400e+02 -7.660683e-01 4.850166e+00
5.999400e+02 -2.906459e-01 4.845264e+00
6.000400e+02 2.858930e-01 4.840329e+00
6.001400e+02 6.574414e-01 4.835361e+00
6.002400e+02 8.339574e-01 4.830362e+00
6.003400e+02 6.180885e-01 4.825332e+00
6.004400e+02 1.387033e-01 4.820273e+00
6.005399e+02 -6.297868e-01 4.815185e+00
6.006399e+02 -1.197010e+00 4.810069e+00
6.007399e+02 -1.594429e+00 4.804927e+00
6.008399e+02 -1.326522e+00 4.799760e+00
6.009399e+02 -9.266630e-01 4.794568e+00
6.010399e+02 -3.988111e-01 4.789353e+00
6.011399e+02 8.255490e-02 4.784116e+00
6.012399e+02 2.216924e-01 4.778857e+00
6.013399e+02 3.046044e-02 4.773578e+00
6.014399e+02 -5.724484e-01 4.768281e+00
6.015398e+02 -1.318834e+00 4.762966e+00
6.016398e+02 -1.806904e+00 4.757633e+00
6.017398e+02 -2.095547e+00 4.752286e+00
6.018398e+02 -2.042423e+00 4.746924e+00
6.019398e+02 -1.622153e+00 4.741548e+00
6.020398e+02 -1.032396e+00 4.736160e+00
6.021398e+02 -5.945783e-01 4.730761e+00
6.022398e+02 -4.052706e-01 4.725352e+00
6.023398e+02 -6.768396e-01 4.719934e+00
6.024398e+02 -1.196968e+00 4.714509e+00
6.025397e+02 -1.916942e+00 4.709076e+00
6.026397e+02 -2.402577e+00 4.703638e+00
6.027397e+02 -2.734714e+00 4.698196e+00
6.028397e+02 -2.664371e+00 4.692751e+00
6.029397e+02 -2.168310e+00 4.687303e+00
6.030397e+02 -1.642693e+00 4.681854e+00
6.031397e+02 -1.234086e+00 4.676406e+00
6.032397e+02 -1.047766e+00 4.670958e+00
6.033397e+02 -1.172633e+00 4.665513e+00
6.034397e+02 -1.786975e+00 4.660071e+00
6.035396e+02 -2.444231e+00 4.654633e+00
6.036396e+02 -2.932602e+00 4.649201e+00
6.037396e+02 -3.262531e+00 4.643775e+00
6.038396e+02 -3.322303e+00 4.638357e+00
6.039396e+02 -2.747090e+00 4.632947e+00
6.040396e+02 -2.212786e+00 4.627547e+00
6.041396e+02 -1.779389e+00 4.622157e+00
6.042396e+02 -1.687149e+00 4.616779e+00
6.043396e+02 -1.699980e+00 4.611414e+00
6.044396e+02 -2.397845e+00 4.606062e+00
6.045395e+02 -3.034561e+00 4.600724e+00
6.046395e+02 -3.538418e+00 4.595402e+00
6.047395e+02 -3.960514e+00 4.590096e+00
6.048395e+02 -3.919652e+00 4.584807e+00
6.049395e+02 -3.427732e+00 4.579536e+00
6.050395e+02 -2.891549e+00 4.574285e+00
6.051395e+02 -2.386671e+00 4.569053e+00
6.052395e+02 -2.153610e+00 4.563842e+00
6.053395e+02 -2.454965e+00 4.558652e+00
6.054395e+02 -3.033011e+00 4.553484e+00
6.055394e+02 -3.699782e+00 4.548340e+00
6.056394e+02 -4.202228e+00 4.543219e+00
6.057394e+02 -4.575004e+00 4.538123e+00
6.058394e+02 -4.436741e+00 4.533053e+00
6.059394e+02 -3.972912e+00 4.528008e+00
6.060394e+02 -3.537228e+00 4.522990e+00
6.061394e+02 -3.110081e+00 4.517999e+00
6.062394e+02 -2.793098e+00 4.513037e+00
6.063394e+02 -3.042204e+00 4.508103e+00
6.064394e+02 -3.582128e+00 4.503198e+00
6.065393e+02 -4.213884e+00 4.498323e+00
6.066393e+02 -4.793806e+00 4.493478e+00
6.067393e+02 -5.102170e+00 4.488665e+00
6.068393e+02 -5.090148e+00 4.483883e+00
6.069393e+02 -4.603865e+00 4.479133e+00
6.070393e+02 -4.039230e+00 4.474415e+00
6.071393e+02 -3.491592e+00 4.469731e+00
6.072393e+02 -3.394220e+00 4.465080e+00
6.073393e+02 -3.576412e+00 4.460462e+00
6.074393e+02 -4.201747e+00 4.455879e+00
6.075392e+02 -4.794145e+00 4.451331e+00
6.076392e+02 -5.349868e+00 4.446818e+00
6.077392e+02 -5.682922e+00 4.442340e+00
6.078392e+02 -5.471728e+00 4.437898e+00
6.079392e+02 -5.124073e+00 4.433492e+00
6.080392e+02 -4.542418e+00 4.429122e+00
6.081392e+02 -4.101638e+00 4.424789e+00
6.082392e+02 -4.014841e+00 4.420493e+00
6.083392e+02 -4.226255e+00 4.416234e+00
6.084392e+02 -4.575926e+00 4.412012e+00
6.085391e+02 -5.338058e+00 4.407828e+00
6.086391e+02 -6.023383e+00 4.403682e+00
6.087391e+02 -6.263427e+00 4.399574e+00
6.088391e+02 -6.111679e+00 4.395503e+00
6.089391e+02 -5.592720e+00 4.391472e+00
6.090391e+02 -5.132489e+00 4.387478e+00
6.091391e+02 -4.681348e+00 4.383523e+00
6.092391e+02 -4.443236e+00 4.379607e+00
6.093391e+02 -4.607308e+00 4.375729e+00
6.094391e+02 -5.362457e+00 4.371891e+00
6.095390e+02 -5.883622e+00 4.368091e+00
6.096390e+02 -6.431158e+00 4.364329e+00
6.097390e+02 -6.737409e+00 4.360607e+00
6.098390e+02 -6.704718e+00 4.356924e+00
6.099390e+02 -6.169080e+00 4.353279e+00
6.100390e+02 -5.613082e+00 4.349674e+00
6.101390e+02 -5.141854e+00 4.346107e+00
6.102390e+02 -5.002013e+00 4.342580e+00
6.103390e+02 -5.223502e+00 4.339091e+00
6.104390e+02 -5.739997e+00 4.335641e+00
6.105389e+02 -6.426468e+00 4.332229e+00
6.106389e+02 -7.010022e+00 4.328856e+00
6.107389e+02 -7.205421e+00 4.325522e+00
6.108389e+02 -7.187994e+00 4.322226e+00
6.109389e+02 -6.697460e+00 4.318968e+00
6.110389e+02 -6.134481e+00 4.315748e+00
6.111389e+02 -5.653873e+00 4.312567e+00
6.112389e+02 -5.404155e+00 4.309423e+00
6.113389e+02 -5.651817e+00 4.306317e+00
6.114389e+02 -6.243532e+00 4.303249e+00
6.115388e+02 -6.906843e+00 4.300218e+00
6.116388e+02 -7.409524e+00 4.297224e+00
6.117388e+02 -7.755384e+00 4.294268e+00
6.118388e+02 -7.530369e+00 4.291348e+00
6.119388e+02 -7.321053e+00 4.288465e+00
6.120388e+02 -6.580891e+00 4.285619e+00
6.121388e+02 -6.084974e+00 4.282809e+00
6.122388e+02 -6.003893e+00 4.280035e+00
6.123388e+02 -6.205449e+00 4.277297e+00
6.124388e+02 -6.695527e+00 4.274594e+00
6.125387e+02 -7.323800e+00 4.271927e+00
6.126387e+02 -7.918087e+00 4.269295e+00
6.127387e+02 -8.154922e+00 4.266698e+00
6.128387e+02 -8.143645e+00 4.264136e+00
6.129387e+02 -7.645584e+00 4.261608e+00
6.130387e+02 -7.054995e+00 4.259114e+00
6.131387e+02 -6.636870e+00 4.256655e+00
6.132387e+02 -6.451830e+00 4.254229e+00
6.133387e+02 -6.545285e+00 4.251836e+00
6.134387e+02 -7.174610e+00 4.249477e+00
6.135386e+02 -7.659654e+00 4.247150e+00
6.136386e+02 -8.360815e+00 4.244856e+00
6.137386e+02 -8.527125e+00 4.242594e+00
6.138386e+02 -8.455705e+00 4.240365e+00
6.139386e+02 -7.985456e+00 4.238167e+00
6.140386e+02 -7.424115e+00 4.236000e+00
6.141386e+02 -7.026882e+00 4.233865e+00
6.142386e+02 -6.851443e+00 4.231761e+00
6.143386e+02 -7.052838e+00 4.229687e+00
6.144386e+02 -7.527870e+00 4.227643e+00
6.145385e+02 -8.187277e+00 4.225630e+00
6.146385e+02 -8.719140e+00 4.223646e+00
6.147385e+02 -9.045062e+00 4.221692e+00
6.148385e+02 -8.851511e+00 4.219767e+00
6.149385e+02 -8.458476e+00 4.217870e+00
6.150385e+02 -7.852627e+00 4.216002e+00
6.151385e+02 -7.258342e+00 4.214163e+00
6.152385e+02 -7.162821e+00 4.212351e+00
6.153385e+02 -7.454504e+00 4.210567e+00
6.154385e+02 -7.827438e+00 4.208810e+00
6.155384e+02 -8.526475e+00 4.207080e+00
6.156384e+02 -9.060005e+00 4.205377e+00
6.157384e+02 -9.382096e+00 4.203700e+00
6.158384e+02 -9.244002e+00 4.202049e+00
6.159384e+02 -8.819886e+00 4.200424e+00
6.160384e+02 -8.204607e+00 4.198824e+00
6.161384e+02 -7.732896e+00 4.197250e+00
6.162384e+02 -7.467689e+00 4.195700e+00
6.163384e+02 -7.665585e+00 4.194175e+00
6.164384e+02 -8.255475e+00 4.192674e+00
6.165383e+02 -8.881907e+00 4.191197e+00
6.166383e+02 -9.464376e+00 4.189743e+00
6.167383e+02 -9.625924e+00 4.188313e+00
6.168383e+02 -9.523765e+00 4.186906e+00
6.169383e+02 -9.190831e+00 4.185521e+00
6.170383e+02 -8.591620e+00 4.184159e+00
6.171383e+02 -8.095034e+00 4.182819e+00
6.172383e+02 -7.788816e+00 4.181501e+00
6.173383e+02 -7.949126e+00 4.180204e+00
6.174383e+02 -8.495296e+00 4.178928e+00
6.175382e+02 -9.138439e+00 4.177673e+00
6.176382e+02 -9.764358e+00 4.176438e+00
6.177382e+02 -1.001745e+01 4.175224e+00
6.178382e+02 -9.845706e+00 4.174030e+00
6.179382e+02 -9.407778e+00 4.172855e+00
6.180382e+02 -8.707270e+00 4.171699e+00
6.181382e+02 -8.390626e+00 4.170563e+00
6.182382e+02 -8.138895e+00 4.169445e+00
6.183382e+02 -8.298947e+00 4.168346e+00
6.184382e+02 -8.786422e+00 4.167265e+00
6.185381e+02 -9.324173e+00 4.166201e+00
6.186381e+02 -1.002380e+01 4.165155e+00
6.187381e+02 -1.017756e+01 4.164126e+00
6.188381e+02 -1.010616e+01 4.163115e+00
6.189381e+02 -9.703099e+00 4.162119e+00
6.190381e+02 -9.081694e+00 4.161141e+00
6.191381e+02 -8.601784e+00 4.160178e+00
6.192381e+02 -8.272171e+00 4.159231e+00
6.193381e+02 -8.608730e+00 4.158299e+00
6.194381e+02 -9.055291e+00 4.157382e+00
6.195380e+02 -9.673181e+00 4.156481e+00
6.196380e+02 -1.009480e+01 4.155594e+00
6.197380e+02 -1.060795e+01 4.154721e+00
6.198380e+02 -1.025885e+01 4.153862e+00
6.199380e+02 -9.836136e+00 4.153017e+00
6.200380e+02 -9.286851e+00 4.152186e+00
6.201380e+02 -8.879380e+00 4.151367e+00
6.202380e+02 -8.605086e+00 4.150561e+00
6.203380e+02 -8.734521e+00 4.149768e+00
6.204380e+02 -9.219207e+00 4.148988e+00
6.205379e+02 -9.859942e+00 4.148219e+00
6.206379e+02 -1.039343e+01 4.147462e+00
6.207379e+02 -1.066192e+01 4.146716e+00
6.208379e+02 -1.047838e+01 4.145982e+00
6.209379e+02 -1.007707e+01 4.145259e+00
6.210379e+02 -9.419792e+00 4.144546e+00
6.211379e+02 -8.929385e+00 4.143843e+00
6.212379e+02 -8.789743e+00 4.143151e+00
6.213379e+02 -8.881519e+00 4.142468e+00
6.214379e+02 -9.363151e+00 4.141795e+00
6.215378e+02 -1.007348e+01 4.141131e+00
6.216378e+02 -1.057991e+01 4.140476e+00
6.217378e+02 -1.081553e+01 4.139830e+00
6.218378e+02 -1.056859e+01 4.139192e+00
6.219378e+02 -1.018504e+01 4.138563e+00
6.220378e+02 -9.583886e+00 4.137941e+00
6.221378e+02 -9.049978e+00 4.137327e+00
6.222378e+02 -8.852162e+00 4.136720e+00
6.223378e+02 -9.014192e+00 4.136121e+00
6.224378e+02 -9.436069e+00 4.135528e+00
6.225377e+02 -1.018354e+01 4.134942e+00
6.226377e+02 -1.064273e+01 4.134362e+00
6.227377e+02 -1.086586e+01 4.133788e+00
6.228377e+02 -1.073626e+01 4.133220e+00
6.229377e+02 -1.029084e+01 4.132657e+00
6.230377e+02 -9.632968e+00 4.132100e+00
6.231377e+02 -9.127928e+00 4.131547e+00
6.232377e+02 -8.811968e+00 4.131000e+00
6.233377e+02 -9.083755e+00 4.130457e+00
6.234377e+02 -9.540047e+00 4.129918e+00
6.235376e+02 -1.017379e+01 4.129383e+00
6.236376e+02 -1.081337e+01 4.128851e+00
6.237376e+02 -1.103191e+01 4.128324e+00
6.238376e+02 -1.075808e+01 4.127799e+00
6.239376e+02 -1.033717e+01 4.127277e+00
6.240376e+02 -9.749574e+00 4.126758e+00
6.241376e+02 -9.269499e+00 4.126241e+00
6.242376e+02 -9.079462e+00 4.125727e+00
6.243376e+02 -9.210952e+00 4.125214e+00
6.244376e+02 -9.653001e+00 4.124703e+00
6.245375e+02 -1.036867e+01 4.124193e+00
6.246375e+02 -1.066614e+01 4.123685e+00
6.247375e+02 -1.094117e+01 4.123177e+00
6.248375e+02 -1.086368e+01 4.122671e+00
6.249375e+02 -1.036195e+01 4.122164e+00
6.250375e+02 -9.699419e+00 4.121658e+00
6.251375e+02 -9.254251e+00 4.121151e+00
6.252375e+02 -8.908919e+00 4.120644e+00
6.253375e+02 -9.119255e+00 4.120136e+00
6.254375e+02 -9.557144e+00 4.119628e+00
6.255374e+02 -1.015826e+01 4.119118e+00
6.256374e+02 -1.065638e+01 4.118608e+00
6.257374e+02 -1.087277e+01 4.118095e+00
6.258374e+02 -1.084500e+01 4.117581e+00
6.259374e+02 -1.047135e+01 4.117064e+00
6.260374e+02 -9.747899e+00 4.116545e+00
6.261374e+02 -9.210287e+00 4.116024e+00
6.262374e+02 -8.900500e+00 4.115499e+00
6.263374e+02 -9.115925e+00 4.114972e+00
6.264374e+02 -9.478861e+00 4.114441e+00
6.265373e+02 -1.017143e+01 4.113906e+00
6.266373e+02 -1.065233e+01 4.113368e+00
6.267373e+02 -1.095098e+01 4.112825e+00
6.268373e+02 -1.086434e+01 4.112278e+00
6.269373e+02 -1.031153e+01 4.111727e+00
6.270373e+02 -9.674044e+00 4.111170e+00
6.271373e+02 -9.070040e+00 4.110609e+00
6.272373e+02 -8.931090e+00 4.110042e+00
6.273373e+02 -8.933298e+00 4.109469e+00
6.274373e+02 -9.473038e+00 4.108891e+00
6.275372e+02 -1.017367e+01 4.108306e+00
6.276372e+02 -1.064840e+01 4.107715e+00
6.277372e+02 -1.076229e+01 4.107118e+00
6.278372e+02 -1.069599e+01 4.106514e+00
6.279372e+02 -1.028460e+01 4.105902e+00
6.280372e+02 -9.602176e+00 4.105283e+00
6.281372e+02 -9.091810e+00 4.104657e+00
6.282372e+02 -8.738161e+00 4.104022e+00
6.283372e+02 -8.903002e+00 4.103380e+00
6.284372e+02 -9.345698e+00 4.102729e+00
6.285371e+02 -9.939812e+00 4.102069e+00
6.286371e+02 -1.039953e+01 4.101400e+00
6.287371e+02 -1.073534e+01 4.100723e+00
6.288371e+02 -1.054609e+01 4.100036e+00
6.289371e+02 -1.004796e+01 4.099339e+00
6.290371e+02 -9.360410e+00 4.098632e+00
6.291371e+02 -8.971591e+00 4.097915e+00
6.292371e+02 -8.674859e+00 4.097188e+00
6.293371e+02 -8.865222e+00 4.096450e+00
6.294371e+02 -9.211660e+00 4.095701e+00
6.295370e+02 -9.820846e+00 4.094941e+00
6.296370e+02 -1.041640e+01 4.094169e+00
6.297370e+02 -1.053973e+01 4.093385e+00
6.298370e+02 -1.043438e+01 4.092590e+00
6.299370e+02 -9.866854e+00 4.091782e+00
6.300370e+02 -9.263208e+00 4.090962e+00
6.301370e+02 -8.716770e+00 4.090128e+00
6.302370e+02 -8.537085e+00 4.089282e+00
6.303370e+02 -8.642101e+00 4.088423e+00
6.304370e+02 -9.078076e+00 4.087549e+00
6.305369e+02 -9.742188e+00 4.086662e+00
6.306369e+02 -1.007320e+01 4.085761e+00
6.307369e+02 -1.040569e+01 4.084845e+00
6.308369e+02 -1.022913e+01 4.083915e+00
6.309369e+02 -9.723522e+00 4.082969e+00
6.310369e+02 -9.053445e+00 4.082008e+00
6.311369e+02 -8.582234e+00 4.081032e+00
6.312369e+02 -8.344149e+00 4.080040e+00
6.313369e+02 -8.359687e+00 4.079032e+00
6.314369e+02 -8.782833e+00 4.078007e+00
6.315368e+02 -9.411830e+00 4.076966e+00
6.316368e+02 -9.924403e+00 4.075908e+00
6.317368e+02 -1.007427e+01 4.074832e+00
6.318368e+02 -9.936167e+00 4.073739e+00
6.319368e+02 -9.439884e+00 4.072629e+00
6.320368e+02 -8.752412e+00 4.071500e+00
6.321368e+02 -8.206261e+00 4.070352e+00
6.322368e+02 -7.960506e+00 4.069186e+00
6.323368e+02 -8.127391e+00 4.068001e+00
6.324368e+02 -8.562378e+00 4.066797e+00
6.325367e+02 -9.073847e+00 4.065573e+00
6.326367e+02 -9.636182e+00 4.064330e+00
6.327367e+02 -9.882860e+00 4.063066e+00
6.328367e+02 -9.711865e+00 4.061781e+00
6.329367e+02 -9.103482e+00 4.060476e+00
6.330367e+02 -8.468380e+00 4.059149e+00
6.331367e+02 -7.890996e+00 4.057802e+00
6.332367e+02 -7.643747e+00 4.056432e+00
6.333367e+02 -7.833538e+00 4.055041e+00
6.334367e+02 -8.187769e+00 4.053627e+00
6.335366e+02 -8.848058e+00 4.052190e+00
6.336366e+02 -9.378798e+00 4.050730e+00
6.337366e+02 -9.505860e+00 4.049247e+00
6.338366e+02 -9.352643e+00 4.047741e+00
6.339366e+02 -8.896205e+00 4.046210e+00
6.340366e+02 -8.251874e+00 4.044655e+00
6.341366e+02 -7.623393e+00 4.043076e+00
6.342366e+02 -7.344517e+00 4.041471e+00
6.343366e+02 -7.449516e+00 4.039842e+00
6.344366e+02 -7.904280e+00 4.038186e+00
6.345365e+02 -8.639757e+00 4.036505e+00
6.346365e+02 -9.003319e+00 4.034797e+00
6.347365e+02 -9.206394e+00 4.033063e+00
6.348365e+02 -9.127002e+00 4.031302e+00
6.349365e+02 -8.556596e+00 4.029513e+00
6.350365e+02 -7.955475e+00 4.027697e+00
6.351365e+02 -7.354316e+00 4.025852e+00
6.352365e+02 -7.040883e+00 4.023980e+00
6.353365e+02 -7.145622e+00 4.022078e+00
6.354365e+02 -7.604065e+00 4.020148e+00
6.355364e+02 -8.028161e+00 4.018187e+00
6.356364e+02 -8.619606e+00 4.016197e+00
6.357364e+02 -8.762539e+00 4.014177e+00
6.358364e+02 -8.639969e+00 4.012127e+00
6.359364e+02 -8.067380e+00 4.010045e+00
6.360364e+02 -7.370172e+00 4.007932e+00
6.361364e+02 -6.787914e+00 4.005787e+00
6.362364e+02 -6.549923e+00 4.003610e+00
6.363364e+02 -6.765965e+00 4.001401e+00
6.364364e+02 -7.153070e+00 3.999159e+00
6.365363e+02 -7.723174e+00 3.996884e+00
6.366363e+02 -8.238458e+00 3.994575e+00
6.367363e+02 -8.427193e+00 3.992232e+00
6.368363e+02 -8.120486e+00 3.989855e+00
6.369363e+02 -7.625432e+00 3.987443e+00
6.370363e+02 -7.045334e+00 3.984995e+00
6.371363e+02 -6.427516e+00 3.982513e+00
6.372363e+02 -6.125864e+00 3.979994e+00
6.373363e+02 -6.260099e+00 3.977438e+00
6.374363e+02 -6.746463e+00 3.974846e+00
6.375362e+02 -7.273887e+00 3.972217e+00
6.376362e+02 -7.846997e+00 3.969550e+00
6.377362e+02 -7.943296e+00 3.966845e+00
6.378362e+02 -7.814184e+00 3.964102e+00
6.379362e+02 -7.263027e+00 3.961320e+00
6.380362e+02 -6.570703e+00 3.958498e+00
6.381362e+02 -6.006502e+00 3.955637e+00
6.382362e+02 -5.710704e+00 3.952735e+00
6.383362e+02 -5.826967e+00 3.949793e+00
6.384362e+02 -6.267911e+00 3.946810e+00
6.385361e+02 -6.827152e+00 3.943786e+00
6.386361e+02 -7.293453e+00 3.940719e+00
6.387361e+02 -7.556604e+00 3.937610e+00
6.388361e+02 -7.306074e+00 3.934459e+00
6.389361e+02 -6.781129e+00 3.931264e+00
6.390361e+02 -6.107705e+00 3.928025e+00
6.391361e+02 -5.572115e+00 3.924743e+00
6.392361e+02 -5.300209e+00 3.921416e+00
6.393361e+02 -5.394274e+00 3.918044e+00
6.394361e+02 -5.779302e+00 3.914626e+00
6.395360e+02 -6.336969e+00 3.911162e+00
6.396360e+02 -6.749583e+00 3.907652e+00
6.397360e+02 -6.923557e+00 3.904095e+00
6.398360e+02 -6.856661e+00 3.900491e+00
6.399360e+02 -6.270416e+00 3.896839e+00
6.400360e+02 -5.578111e+00 3.893139e+00
6.401360e+02 -5.102090e+00 3.889390e+00
6.402360e+02 -4.708684e+00 3.885591e+00
6.403360e+02 -4.871392e+00 3.881743e+00
6.404360e+02 -5.205372e+00 3.877845e+00
6.405359e+02 -5.849021e+00 3.873896e+00
6.406359e+02 -6.308868e+00 3.869896e+00
6.407359e+02 -6.548469e+00 3.865845e+00
6.408359e+02 -6.224974e+00 3.861741e+00
6.409359e+02 -5.787591e+00 3.857585e+00
6.410359e+02 -5.115704e+00 3.853376e+00
6.411359e+02 -4.573124e+00 3.849113e+00
6.412359e+02 -4.219902e+00 3.844796e+00
6.413359e+02 -4.267432e+00 3.840424e+00
6.414359e+02 -4.696582e+00 3.835998e+00
6.415358e+02 -5.305931e+00 3.831515e+00
6.416358e+02 -5.776847e+00 3.826977e+00
6.417358e+02 -5.949305e+00 3.822382e+00
6.418358e+02 -5.733347e+00 3.817731e+00
6.419358e+02 -5.277762e+00 3.813021e+00
6.420358e+02 -4.621458e+00 3.808254e+00
6.421358e+02 -3.994715e+00 3.803428e+00
6.422358e+02 -3.748844e+00 3.798543e+00
6.423358e+02 -3.717452e+00 3.793598e+00
6.424358e+02 -4.182701e+00 3.788593e+00
6.425357e+02 -4.717642e+00 3.783528e+00
6.426357e+02 -5.339510e+00 3.778402e+00
6.427357e+02 -5.403836e+00 3.773214e+00
6.428357e+02 -5.155603e+00 3.767963e+00
6.429357e+02 -4.650932e+00 3.762651e+00
6.430357e+02 -4.068828e+00 3.757275e+00
6.431357e+02 -3.456760e+00 3.751835e+00
6.432357e+02 -3.201798e+00 3.746331e+00
6.433357e+02 -3.120460e+00 3.740763e+00
6.434357e+02 -3.634407e+00 3.735129e+00
6.435356e+02 -4.109060e+00 3.729430e+00
6.436356e+02 -4.677632e+00 3.723664e+00
6.437356e+02 -4.812948e+00 3.717832e+00
6.438356e+02 -4.580060e+00 3.711932e+00
6.439356e+02 -4.130119e+00 3.705965e+00
6.440356e+02 -3.429707e+00 3.699929e+00
6.441356e+02 -2.819001e+00 3.693825e+00
6.442356e+02 -2.514752e+00 3.687651e+00
6.443356e+02 -2.483788e+00 3.681408e+00
6.444356e+02 -2.960656e+00 3.675094e+00
6.445355e+02 -3.604951e+00 3.668709e+00
6.446355e+02 -3.996696e+00 3.662253e+00
6.447355e+02 -4.246676e+00 3.655725e+00
6.448355e+02 -4.066267e+00 3.649125e+00
6.449355e+02 -3.588931e+00 3.642452e+00
6.450355e+02 -2.895753e+00 3.635706e+00
6.451355e+02 -2.233265e+00 3.628886e+00
6.452355e+02 -1.958036e+00 3.621991e+00
6.453355e+02 -2.005697e+00 3.615022e+00
6.454355e+02 -2.408323e+00 3.607977e+00
6.455354e+02 -3.034276e+00 3.600857e+00
6.456354e+02 -3.424931e+00 3.593660e+00
6.457354e+02 -3.715520e+00 3.586387e+00
6.458354e+02 -3.457317e+00 3.579036e+00
6.459354e+02 -2.918333e+00 3.571608e+00
6.460354e+02 -2.236509e+00 3.564101e+00
6.461354e+02 -1.647859e+00 3.556516e+00
6.462354e+02 -1.290837e+00 3.548851e+00
6.463354e+02 -1.421936e+00 3.541107e+00
6.464354e+02 -1.870358e+00 3.533283e+00
6.465353e+02 -2.397866e+00 3.525378e+00
6.466353e+02 -2.842386e+00 3.517392e+00
6.467353e+02 -2.971986e+00 3.509325e+00
6.468353e+02 -2.871518e+00 3.501176e+00
6.469353e+02 -2.320477e+00 3.492945e+00
6.470353e+02 -1.610055e+00 3.484631e+00
6.471353e+02 -1.147498e+00 3.476233e+00
6.472353e+02 -7.664987e-01 3.467752e+00
6.473353e+02 -8.123619e-01 3.459187e+00
6.474353e+02 -1.268125e+00 3.450538e+00
6.475352e+02 -1.735608e+00 3.441803e+00
6.476352e+02 -2.223451e+00 3.432984e+00
6.477352e+02 -2.431786e+00 3.424079e+00
6.478352e+02 -2.204090e+00 3.415087e+00
6.479352e+02 -1.626679e+00 3.406010e+00
6.480352e+02 -1.091349e+00 3.396845e+00
6.481352e+02 -4.399435e-01 3.387593e+00
6.482352e+02 -1.449873e-01 3.378254e+00
6.483352e+02 -1.152961e-01 3.368827e+00
6.484352e+02 -5.575247e-01 3.359311e+00
6.485351e+02 -1.168246e+00 3.349707e+00
6.486351e+02 -1.579007e+00 3.340015e+00
6.487351e+02 -1.751418e+00 3.330232e+00
6.488351e+02 -1.638732e+00 3.320361e+00
6.489351e+02 -9.838524e-01 3.310399e+00
6.490351e+02 -3.408701e-01 3.300347e+00
6.491351e+02 2.413741e-01 3.290205e+00
6.492351e+02 5.459707e-01 3.279972e+00
6.493351e+02 4.367535e-01 3.269648e+00
6.494351e+02 8.438708e-03 3.259233e+00
6.495350e+02 -5.323939e-01 3.248726e+00
6.496350e+02 -9.919380e-01 3.238127e+00
6.497350e+02 -1.070234e+00 3.227436e+00
6.498350e+02 -9.289336e-01 3.216654e+00
6.499350e+02 -4.052338e-01 3.205778e+00
6.500350e+02 2.142080e-01 3.194810e+00
6.501350e+02 8.936477e-01 3.183750e+00
6.502350e+02 1.125721e+00 3.172596e+00
6.503350e+02 1.037440e+00 3.161349e+00
6.504350e+02 6.189450e-01 3.150009e+00
6.505349e+02 1.619832e-01 3.138575e+00
6.506349e+02 -3.831188e-01 3.127048e+00
6.507349e+02 -5.765599e-01 3.115427e+00
6.508349e+02 -3.281714e-01 3.103712e+00
6.509349e+02 2.313500e-01 3.091903e+00
6.510349e+02 7.931203e-01 3.080000e+00
6.511349e+02 1.465836e+00 3.068003e+00
6.512349e+02 1.816453e+00 3.055912e+00
6.513349e+02 1.723797e+00 3.043727e+00
6.514349e+02 1.268052e+00 3.031448e+00
6.515348e+02 7.298755e-01 3.019074e+00
6.516348e+02 2.602725e-01 3.006607e+00
6.517348e+02 1.136603e-01 2.994045e+00
6.518348e+02 2.798355e-01 2.981389e+00
6.519348e+02 7.916486e-01 2.968639e+00
6.520348e+02 1.513447e+00 2.955795e+00
6.521348e+02 2.184446e+00 2.942857e+00
6.522348e+02 2.341431e+00 2.929825e+00
6.523348e+02 2.280230e+00 2.916699e+00
6.524348e+02 1.910561e+00 2.903480e+00
6.525347e+02 1.330546e+00 2.890167e+00
6.526347e+02 8.588582e-01 2.876761e+00
6.527347e+02 7.853651e-01 2.863262e+00
6.528347e+02 8.980305e-01 2.849670e+00
6.529347e+02 1.451979e+00 2.835985e+00
6.530347e+02 2.020438e+00 2.822207e+00
6.531347e+02 2.580927e+00 2.808337e+00
6.532347e+02 3.043125e+00 2.794375e+00
6.533347e+02 2.998619e+00 2.780321e+00
6.534347e+02 2.527619e+00 2.766176e+00
6.535346e+02 2.059311e+00 2.751939e+00
6.536346e+02 1.538507e+00 2.737612e+00
6.537346e+02 1.301356e+00 2.723193e+00
6.538346e+02 1.574809e+00 2.708685e+00
6.539346e+02 2.060687e+00 2.694087e+00
6.540346e+02 2.705297e+00 2.679399e+00
6.541346e+02 3.311975e+00 2.664623e+00
6.542346e+02 3.635422e+00 2.649757e+00
6.543346e+02 3.599315e+00 2.634804e+00
6.544346e+02 3.121610e+00 2.619763e+00
6.545345e+02 2.547203e+00 2.604634e+00
6.546345e+02 2.180698e+00 2.589419e+00
6.547345e+02 1.913649e+00 2.574117e+00
6.548345e+02 2.201083e+00 2.558730e+00
6.549345e+02 2.722669e+00 2.543257e+00
6.550345e+02 3.364247e+00 2.527700e+00
6.551345e+02 3.962103e+00 2.512059e+00
6.552345e+02 4.187411e+00 2.496334e+00
6.553345e+02 4.062696e+00 2.480527e+00
6.554345e+02 3.841959e+00 2.464637e+00
6.555344e+02 3.160253e+00 2.448665e+00
6.556344e+02 2.763095e+00 2.432613e+00
6.557344e+02 2.469534e+00 2.416480e+00
6.558344e+02 2.710596e+00 2.400268e+00
6.559344e+02 3.208361e+00 2.383977e+00
6.560344e+02 3.998877e+00 2.367608e+00
6.561344e+02 4.482907e+00 2.351162e+00
6.562344e+02 4.798075e+00 2.334639e+00
6.563344e+02 4.713736e+00 2.318040e+00
6.564344e+02 4.378843e+00 2.301366e+00
6.565343e+02 3.753115e+00 2.284618e+00
6.566343e+02 3.282354e+00 2.267796e+00
6.567343e+02 3.118134e+00 2.250902e+00
6.568343e+02 3.178361e+00 2.233936e+00
6.569343e+02 3.783211e+00 2.216899e+00
6.570343e+02 4.494783e+00 2.199793e+00
6.571343e+02 5.153291e+00 2.182617e+00
6.572343e+02 5.386723e+00 2.165373e+00
6.573343e+02 5.275729e+00 2.148062e+00
6.574343e+02 4.837902e+00 2.130684e+00
6.575342e+02 4.338375e+00 2.113241e+00
6.576342e+02 3.788027e+00 2.095734e+00
6.577342e+02 3.676625e+00 2.078164e+00
6.578342e+02 3.854887e+00 2.060530e+00
6.579342e+02 4.403943e+00 2.042836e+00
6.580342e+02 5.059269e+00 2.025081e+00
6.581342e+02 5.619525e+00 2.007267e+00
6.582342e+02 5.950728e+00 1.989394e+00
6.583342e+02 5.851161e+00 1.971464e+00
6.584342e+02 5.424634e+00 1.953478e+00
6.585341e+02 4.898124e+00 1.935437e+00
6.586341e+02 4.498829e+00 1.917341e+00
6.587341e+02 4.188567e+00 1.899193e+00
6.588341e+02 4.407718e+00 1.880992e+00
6.589341e+02 4.894633e+00 1.862741e+00
6.590341e+02 5.616793e+00 1.844440e+00
6.591341e+02 6.197535e+00 1.826091e+00
6.592341e+02 6.507220e+00 1.807694e+00
6.593341e+02 6.433156e+00 1.789250e+00
6.594341e+02 5.927450e+00 1.770762e+00
6.595340e+02 5.413297e+00 1.752229e+00
6.596340e+02 4.932540e+00 1.733654e+00
6.597340e+02 4.760408e+00 1.715037e+00
6.598340e+02 4.840510e+00 1.696379e+00
6.599340e+02 5.515210e+00 1.677682e+00
6.600340e+02 6.106751e+00 1.658946e+00
6.601340e+02 6.774830e+00 1.640174e+00
6.602340e+02 7.018671e+00 1.621366e+00
6.603340e+02 6.897303e+00 1.602523e+00
6.604340e+02 6.480269e+00 1.583646e+00
6.605339e+02 5.900009e+00 1.564737e+00
6.606339e+02 5.454787e+00 1.545797e+00
6.607339e+02 5.250440e+00 1.526828e+00
6.608339e+02 5.420763e+00 1.507829e+00
6.609339e+02 5.940441e+00 1.488803e+00
6.610339e+02 6.677246e+00 1.469750e+00
6.611339e+02 7.148580e+00 1.450672e+00
6.612339e+02 7.506106e+00 1.431571e+00
6.613339e+02 7.423701e+00 1.412446e+00
6.614339e+02 6.942717e+00 1.393300e+00
6.615338e+02 6.412208e+00 1.374133e+00
6.616338e+02 5.892572e+00 1.354948e+00
6.617338e+02 5.717327e+00 1.335744e+00
6.618338e+02 5.848011e+00 1.316523e+00
6.619338e+02 6.391949e+00 1.297287e+00
6.620338e+02 7.048356e+00 1.278036e+00
6.621338e+02 7.706120e+00 1.258771e+00
6.622338e+02 7.893748e+00 1.239495e+00
6.623338e+02 7.795318e+00 1.220207e+00
6.624338e+02 7.471772e+00 1.200910e+00
6.625337e+02 6.868718e+00 1.181604e+00
6.626337e+02 6.369304e+00 1.162290e+00
6.627337e+02 6.148912e+00 1.142970e+00
6.628337e+02 6.374766e+00 1.123644e+00
6.629337e+02 6.949653e+00 1.104314e+00
6.630337e+02 7.467455e+00 1.084981e+00
6.631337e+02 8.128464e+00 1.065646e+00
6.632337e+02 8.337069e+00 1.046311e+00
6.633337e+02 8.248158e+00 1.026975e+00
6.634337e+02 7.854025e+00 1.007640e+00
6.635336e+02 7.212236e+00 9.883084e-01
6.636336e+02 6.747398e+00 9.689797e-01
6.637336e+02 6.616698e+00 9.496555e-01
6.638336e+02 6.729996e+00 9.303368e-01
6.639336e+02 7.266537e+00 9.110245e-01
6.640336e+02 7.929657e+00 8.917199e-01
6.641336e+02 8.515182e+00 8.724237e-01
6.642336e+02 8.699955e+00 8.531372e-01
6.643336e+02 8.655123e+00 8.338612e-01
6.644336e+02 8.299330e+00 8.145967e-01
6.645335e+02 7.755776e+00 7.953447e-01
6.646335e+02 7.142988e+00 7.761062e-01
6.647335e+02 7.045440e+00 7.568820e-01
6.648335e+02 7.190837e+00 7.376732e-01
6.649335e+02 7.679894e+00 7.184806e-01
6.650335e+02 8.282820e+00 6.993052e-01
6.651335e+02 8.833212e+00 6.801479e-01
6.652335e+02 9.106115e+00 6.610094e-01
6.653335e+02 9.066572e+00 6.418908e-01
6.654335e+02 8.640430e+00 6.227929e-01
6.655334e+02 8.124791e+00 6.037164e-01
6.656334e+02 7.538724e+00 5.846623e-01
6.657334e+02 7.362464e+00 5.656314e-01
6.658334e+02 7.435675e+00 5.466244e-01
6.659334e+02 7.968826e+00 5.276421e-01
6.660334e+02 8.718005e+00 5.086854e-01
6.661334e+02 9.312114e+00 4.897550e-01
6.662334e+02 9.608844e+00 4.708516e-01
6.663334e+02 9.346528e+00 4.519760e-01
6.664334e+02 9.061450e+00 4.331289e-01
6.665333e+02 8.388352e+00 4.143110e-01
6.666333e+02 7.952403e+00 3.955230e-01
6.667333e+02 7.655821e+00 3.767656e-01
6.668333e+02 7.832839e+00 3.580394e-01
6.669333e+02 8.337196e+00 3.393451e-01
6.670333e+02 8.942619e+00 3.206834e-01
6.671333e+02 9.550158e+00 3.020548e-01
6.672333e+02 9.961524e+00 2.834600e-01
6.673333e+02 9.680925e+00 2.648996e-01
6.674333e+02 9.306891e+00 2.463742e-01
6.675332e+02 8.663836e+00 2.278842e-01
6.676332e+02 8.212453e+00 2.094303e-01
6.677332e+02 7.993853e+00 1.910131e-01
6.678332e+02 8.087256e+00 1.726329e-01
6.679332e+02 8.730134e+00 1.542905e-01
6.680332e+02 9.295060e+00 1.359861e-01
6.681332e+02 9.774698e+00 1.177204e-01
6.682332e+02 1.014740e+01 9.949386e-02
6.683332e+02 9.963093e+00 8.130684e-02
6.684332e+02 9.627519e+00 6.315982e-02
6.685331e+02 8.946697e+00 4.505324e-02
6.686331e+02 8.428878e+00 2.698751e-02
6.687331e+02 8.173481e+00 8.963036e-03
6.688331e+02 8.382035e+00 -9.019794e-03
6.689331e+02 8.830783e+00 -2.696060e-02
6.690331e+02 9.563272e+00 -4.485903e-02
6.691331e+02 1.015919e+01 -6.271472e-02
6.692331e+02 1.036430e+01 -8.052734e-02
6.693331e+02 1.021532e+01 -9.829656e-02
6.694331e+02 9.795516e+00 -1.160221e-01
6.695330e+02 9.163374e+00 -1.337036e-01
6.696330e+02 8.609181e+00 -1.513408e-01
6.697330e+02 8.385947e+00 -1.689334e-01
6.698330e+02 8.604825e+00 -1.864812e-01
6.699330e+02 9.122266e+00 -2.039839e-01
6.700330e+02 9.655936e+00 -2.214414e-01
6.701330e+02 1.028352e+01 -2.388532e-01
6.702330e+02 1.052256e+01 -2.562193e-01
6.703330e+02 1.044233e+01 -2.735394e-01
6.704330e+02 9.979111e+00 -2.908134e-01
6.705329e+02 9.426734e+00 -3.080410e-01
6.706329e+02 8.911279e+00 -3.252222e-01
6.707329e+02 8.593780e+00 -3.423566e-01
6.708329e+02 8.763087e+00 -3.594443e-01
6.709329e+02 9.205410e+00 -3.764850e-01
6.710329e+02 9.919118e+00 -3.934786e-01
6.711329e+02 1.050685e+01 -4.104251e-01
6.712329e+02 1.082811e+01 -4.273242e-01
6.713329e+02 1.054268e+01 -4.441760e-01
6.714329e+02 1.017107e+01 -4.609803e-01
6.715328e+02 9.487360e+00 -4.777370e-01
6.716328e+02 9.026979e+00 -4.944461e-01
6.717328e+02 8.682370e+00 -5.111075e-01
6.718328e+02 8.979702e+00 -5.277213e-01
6.719328e+02 9.357732e+00 -5.442872e-01
6.720328e+02 1.004948e+01 -5.608054e-01
6.721328e+02 1.056796e+01 -5.772758e-01
6.722328e+02 1.085707e+01 -5.936983e-01
6.723328e+02 1.072069e+01 -6.100730e-01
6.724328e+02 1.023140e+01 -6.264000e-01
6.725327e+02 9.636074e+00 -6.426791e-01
6.726327e+02 9.158458e+00 -6.589104e-01
6.727327e+02 8.816117e+00 -6.750940e-01
6.728327e+02 9.006262e+00 -6.912299e-01
6.729327e+02 9.468614e+00 -7.073181e-01
6.730327e+02 1.010236e+01 -7.233586e-01
6.731327e+02 1.074150e+01 -7.393517e-01
6.732327e+02 1.089005e+01 -7.552972e-01
6.733327e+02 1.077862e+01 -7.711954e-01
6.734327e+02 1.043761e+01 -7.870462e-01
6.735326e+02 9.725363e+00 -8.028497e-01
6.736326e+02 9.214499e+00 -8.186061e-01
6.737326e+02 8.950900e+00 -8.343154e-01
6.738326e+02 9.057352e+00 -8.499778e-01
6.739326e+02 9.532895e+00 -8.655934e-01
6.740326e+02 1.021293e+01 -8.811623e-01
6.741326e+02 1.072868e+01 -8.966845e-01
6.742326e+02 1.098856e+01 -9.121603e-01
6.743326e+02 1.080204e+01 -9.275898e-01
6.744326e+02 1.040591e+01 -9.429730e-01
6.745325e+02 9.801747e+00 -9.583103e-01
6.746325e+02 9.275296e+00 -9.736016e-01
6.747325e+02 9.016614e+00 -9.888472e-01
6.748325e+02 9.245126e+00 -1.004047e+00
6.749325e+02 9.594598e+00 -1.019202e+00
6.750325e+02 1.021641e+01 -1.034311e+00
6.751325e+02 1.080322e+01 -1.049375e+00
6.752325e+02 1.097135e+01 -1.064395e+00
6.753325e+02 1.083028e+01 -1.079369e+00
6.754325e+02 1.041963e+01 -1.094299e+00
6.755324e+02 9.796705e+00 -1.109185e+00
6.756324e+02 9.301246e+00 -1.124027e+00
6.757324e+02 9.049512e+00 -1.138824e+00
6.758324e+02 9.112761e+00 -1.153578e+00
6.759324e+02 9.600630e+00 -1.168288e+00
6.760324e+02 1.020144e+01 -1.182955e+00
6.761324e+02 1.074318e+01 -1.197579e+00
6.762324e+02 1.100716e+01 -1.212160e+00
6.763324e+02 1.084828e+01 -1.226698e+00
6.764324e+02 1.041971e+01 -1.241193e+00
6.765323e+02 9.743070e+00 -1.255646e+00
6.766323e+02 9.256888e+00 -1.270058e+00
6.767323e+02 9.025180e+00 -1.284427e+00
6.768323e+02 9.112861e+00 -1.298754e+00
6.769323e+02 9.444349e+00 -1.313040e+00
6.770323e+02 1.009429e+01 -1.327285e+00
6.771323e+02 1.064275e+01 -1.341489e+00
6.772323e+02 1.080812e+01 -1.355652e+00
6.773323e+02 1.084090e+01 -1.369775e+00
6.774323e+02 1.026664e+01 -1.383857e+00
6.775322e+02 9.783382e+00 -1.397900e+00
6.776322e+02 9.085661e+00 -1.411902e+00
6.777322e+02 8.890696e+00 -1.425865e+00
6.778322e+02 9.026519e+00 -1.439788e+00
6.779322e+02 9.402891e+00 -1.453673e+00
6.780322e+02 1.009257e+01 -1.467518e+00
6.781322e+02 1.058257e+01 -1.481325e+00
6.782322e+02 1.080661e+01 -1.495093e+00
6.783322e+02 1.068977e+01 -1.508824e+00
6.784322e+02 1.020639e+01 -1.522516e+00
6.785321e+02 9.555336e+00 -1.536170e+00
6.786321e+02 8.989742e+00 -1.549787e+00
6.787321e+02 8.763738e+00 -1.563367e+00
6.788321e+02 8.756247e+00 -1.576910e+00
6.789321e+02 9.213808e+00 -1.590416e+00
6.790321e+02 9.975503e+00 -1.603885e+00
6.791321e+02 1.033483e+01 -1.617318e+00
6.792321e+02 1.065371e+01 -1.630715e+00
6.793321e+02 1.058078e+01 -1.644076e+00
6.794321e+02 9.956103e+00 -1.657402e+00
6.795320e+02 9.292070e+00 -1.670692e+00
6.796320e+02 8.858223e+00 -1.683947e+00
6.797320e+02 8.578865e+00 -1.697167e+00
6.798320e+02 8.689923e+00 -1.710352e+00
6.799320e+02 9.130454e+00 -1.723503e+00
6.800320e+02 9.751708e+00 -1.736620e+00
6.801320e+02 1.016380e+01 -1.749702e+00
6.802320e+02 1.038216e+01 -1.762751e+00
6.803320e+02 1.034313e+01 -1.775766e+00
6.804320e+02 9.844163e+00 -1.788748e+00
6.805319e+02 9.266799e+00 -1.801697e+00
6.806319e+02 8.646451e+00 -1.814612e+00
6.807319e+02 8.341449e+00 -1.827495e+00
6.808319e+02 8.463797e+00 -1.840345e+00
6.809319e+02 8.871049e+00 -1.853163e+00
6.810319e+02 9.470500e+00 -1.865949e+00
6.811319e+02 1.003083e+01 -1.878703e+00
6.812319e+02 1.026341e+01 -1.891425e+00
6.813319e+02 1.003044e+01 -1.904116e+00
6.814319e+02 9.490921e+00 -1.916775e+00
6.815318e+02 8.960005e+00 -1.929404e+00
6.816318e+02 8.402648e+00 -1.942001e+00
6.817318e+02 8.175202e+00 -1.954568e+00
6.818318e+02 8.177864e+00 -1.967104e+00
6.819318e+02 8.668850e+00 -1.979609e+00
6.820318e+02 9.246183e+00 -1.992085e+00
6.821318e+02 9.817999e+00 -2.004530e+00
6.822318e+02 1.001235e+01 -2.016945e+00
6.823318e+02 9.790635e+00 -2.029331e+00
6.824318e+02 9.317767e+00 -2.041688e+00
6.825317e+02 8.595812e+00 -2.054015e+00
6.826317e+02 8.120683e+00 -2.066312e+00
6.827317e+02 7.798431e+00 -2.078581e+00
6.828317e+02 7.943055e+00 -2.090821e+00
6.829317e+02 8.309881e+00 -2.103032e+00
6.830317e+02 9.019991e+00 -2.115215e+00
6.831317e+02 9.424562e+00 -2.127369e+00
6.832317e+02 9.749486e+00 -2.139495e+00
6.833317e+02 9.543867e+00 -2.151593e+00
6.834317e+02 8.973256e+00 -2.163663e+00
6.835316e+02 8.410461e+00 -2.175705e+00
6.836316e+02 7.864226e+00 -2.187719e+00
6.837316e+02 7.513268e+00 -2.199706e+00
6.838316e+02 7.612158e+00 -2.211665e+00
6.839316e+02 8.068765e+00 -2.223596e+00
6.840316e+02 8.625314e+00 -2.235501e+00
6.841316e+02 9.065800e+00 -2.247378e+00
6.842316e+02 9.332621e+00 -2.259229e+00
6.843316e+02 9.305140e+00 -2.271052e+00
6.844316e+02 8.669290e+00 -2.282849e+00
6.845315e+02 8.056714e+00 -2.294619e+00
6.846315e+02 7.528000e+00 -2.306362e+00
6.847315e+02 7.214290e+00 -2.318079e+00
6.848315e+02 7.203209e+00 -2.329769e+00
6.849315e+02 7.632521e+00 -2.341433e+00
6.850315e+02 8.310164e+00 -2.353071e+00
6.851315e+02 8.715933e+00 -2.364682e+00
6.852315e+02 8.907287e+00 -2.376268e+00
6.853315e+02 8.895778e+00 -2.387827e+00
6.854315e+02 8.436506e+00 -2.399360e+00
6.855314e+02 7.690284e+00 -2.410868e+00
6.856314e+02 7.168341e+00 -2.422349e+00
6.857314e+02 6.704508e+00 -2.433805e+00
6.858314e+02 7.018753e+00 -2.445235e+00
6.859314e+02 7.288832e+00 -2.456639e+00
6.860314e+02 7.884170e+00 -2.468017e+00
6.861314e+02 8.393262e+00 -2.479370e+00
6.862314e+02 8.599197e+00 -2.490697e+00
6.863314e+02 8.432038e+00 -2.501999e+00
6.864314e+02 7.898473e+00 -2.513275e+00
6.865313e+02 7.243166e+00 -2.524525e+00
6.866313e+02 6.658119e+00 -2.535750e+00
6.867313e+02 6.355517e+00 -2.546950e+00
6.868313e+02 6.462207e+00 -2.558124e+00
6.869313e+02 6.904688e+00 -2.569273e+00
6.870313e+02 7.383318e+00 -2.580396e+00
6.871313e+02 7.979081e+00 -2.591493e+00
6.872313e+02 8.219257e+00 -2.602565e+00
6.873313e+02 7.964766e+00 -2.613612e+00
6.874313e+02 7.499613e+00 -2.624633e+00
6.875312e+02 6.955717e+00 -2.635629e+00
6.876312e+02 6.314971e+00 -2.646599e+00
6.877312e+02 5.980545e+00 -2.657543e+00
6.878312e+02 6.137303e+00 -2.668462e+00
6.879312e+02 6.479645e+00 -2.679356e+00
6.880312e+02 7.035161e+00 -2.690223e+00
6.881312e+02 7.495646e+00 -2.701065e+00
6.882312e+02 7.780927e+00 -2.711882e+00
6.883312e+02 7.548044e+00 -2.722672e+00
6.884312e+02 7.049130e+00 -2.733437e+00
6.885311e+02 6.452257e+00 -2.744176e+00
6.886311e+02 5.839569e+00 -2.754889e+00
6.887311e+02 5.507551e+00 -2.765576e+00
6.888311e+02 5.686029e+00 -2.776237e+00
6.889311e+02 5.980070e+00 -2.786872e+00
6.890311e+02 6.487004e+00 -2.797481e+00
6.891311e+02 7.026978e+00 -2.808064e+00
6.892311e+02 7.290474e+00 -2.818620e+00
6.893311e+02 7.146636e+00 -2.829150e+00
6.894311e+02 6.562941e+00 -2.839654e+00
6.895310e+02 5.877544e+00 -2.850131e+00
6.896310e+02 5.437200e+00 -2.860581e+00
6.897310e+02 4.940163e+00 -2.871005e+00
6.898310e+02 5.084502e+00 -2.881402e+00
6.899310e+02 5.481933e+00 -2.891772e+00
6.900310e+02 6.034904e+00 -2.902115e+00
6.901310e+02 6.514759e+00 -2.912430e+00
6.902310e+02 6.740368e+00 -2.922719e+00
6.903310e+02 6.565140e+00 -2.932981e+00
6.904310e+02 6.022583e+00 -2.943215e+00
6.905309e+02 5.425450e+00 -2.953421e+00
6.906309e+02 4.875548e+00 -2.963600e+00
6.907309e+02 4.498444e+00 -2.973751e+00
6.908309e+02 4.617520e+00 -2.983874e+00
6.909309e+02 4.893503e+00 -2.993970e+00
6.910309e+02 5.532142e+00 -3.004037e+00
6.911309e+02 6.017937e+00 -3.014076e+00
6.912309e+02 6.174041e+00 -3.024086e+00
6.913309e+02 6.003262e+00 -3.034068e+00
6.914309e+02 5.583255e+00 -3.044022e+00
6.915308e+02 4.742231e+00 -3.053946e+00
6.916308e+02 4.204387e+00 -3.063842e+00
6.917308e+02 4.068405e+00 -3.073709e+00
6.918308e+02 4.069367e+00 -3.083546e+00
6.919308e+02 4.467581e+00 -3.093354e+00
6.920308e+02 4.979244e+00 -3.103133e+00
6.921308e+02 5.442204e+00 -3.112882e+00
6.922308e+02 5.674332e+00 -3.122601e+00
6.923308e+02 5.543695e+00 -3.132291e+00
6.924308e+02 5.021394e+00 -3.141950e+00
6.925307e+02 4.358434e+00 -3.151579e+00
6.926307e+02 3.773087e+00 -3.161178e+00
6.927307e+02 3.379549e+00 -3.170746e+00
6.928307e+02 3.446444e+00 -3.180284e+00
6.929307e+02 3.845639e+00 -3.189791e+00
6.930307e+02 4.530633e+00 -3.199266e+00
6.931307e+02 4.905330e+00 -3.208711e+00
6.932307e+02 5.114313e+00 -3.218124e+00
6.933307e+02 4.961474e+00 -3.227506e+00
6.934307e+02 4.491145e+00 -3.236856e+00
6.935306e+02 3.802324e+00 -3.246174e+00
6.936306e+02 3.161263e+00 -3.255460e+00
6.937306e+02 2.867855e+00 -3.264714e+00
6.938306e+02 2.922885e+00 -3.273936e+00
6.939306e+02 3.348628e+00 -3.283125e+00
6.940306e+02 3.849785e+00 -3.292282e+00
6.941306e+02 4.331788e+00 -3.301406e+00
6.942306e+02 4.526140e+00 -3.310497e+00
6.943306e+02 4.352441e+00 -3.319554e+00
6.944306e+02 3.823183e+00 -3.328579e+00
6.945305e+02 3.196823e+00 -3.337569e+00
6.946305e+02 2.609879e+00 -3.346527e+00
6.947305e+02 2.262561e+00 -3.355450e+00
6.948305e+02 2.372237e+00 -3.364339e+00
6.949305e+02 2.868683e+00 -3.373195e+00
6.950305e+02 3.247488e+00 -3.382016e+00
6.951305e+02 3.826259e+00 -3.390802e+00
6.952305e+02 3.890096e+00 -3.399554e+00
6.953305e+02 3.705081e+00 -3.408271e+00
6.954305e+02 3.297932e+00 -3.416953e+00
6.955304e+02 2.564553e+00 -3.425599e+00
6.956304e+02 2.017228e+00 -3.434211e+00
6.957304e+02 1.626141e+00 -3.442787e+00
6.958304e+02 1.743738e+00 -3.451327e+00
6.959304e+02 2.142174e+00 -3.459831e+00
6.960304e+02 2.690165e+00 -3.468300e+00
6.961304e+02 3.121645e+00 -3.476732e+00
6.962304e+02 3.353988e+00 -3.485128e+00
6.963304e+02 3.219132e+00 -3.493488e+00
6.964304e+02 2.636280e+00 -3.501811e+00
6.965303e+02 1.990615e+00 -3.510097e+00
6.966303e+02 1.317879e+00 -3.518347e+00
6.967303e+02 1.083189e+00 -3.526559e+00
6.968303e+02 1.063341e+00 -3.534734e+00
6.969303e+02 1.487351e+00 -3.542872e+00
6.970303e+02 2.097619e+00 -3.550972e+00
6.971303e+02 2.483996e+00 -3.559035e+00
6.972303e+02 2.822512e+00 -3.567060e+00
6.973303e+02 2.535093e+00 -3.575047e+00
6.974303e+02 2.067719e+00 -3.582996e+00
6.975302e+02 1.300940e+00 -3.590907e+00
6.976302e+02 8.424756e-01 -3.598779e+00
6.977302e+02 4.983591e-01 -3.606613e+00
6.978302e+02 5.718462e-01 -3.614408e+00
6.979302e+02 9.508456e-01 -3.622165e+00
6.980302e+02 1.411840e+00 -3.629883e+00
6.981302e+02 1.941943e+00 -3.637562e+00
6.982302e+02 2.117013e+00 -3.645202e+00
6.983302e+02 1.911578e+00 -3.652802e+00
6.984302e+02 1.461960e+00 -3.660364e+00
6.985301e+02 7.086836e-01 -3.667886e+00
6.986301e+02 1.697070e-01 -3.675368e+00
6.987301e+02 -3.050185e-01 -3.682811e+00
6.988301e+02 -1.514770e-01 -3.690214e+00
6.989301e+02 2.348146e-01 -3.697578e+00
6.990301e+02 7.425019e-01 -3.704901e+00
6.991301e+02 1.287967e+00 -3.712185e+00
6.992301e+02 1.466818e+00 -3.719428e+00
6.993301e+02 1.306425e+00 -3.726631e+00
6.994301e+02 8.475535e-01 -3.733794e+00
6.995300e+02 9.370871e-03 -3.740917e+00
6.996300e+02 -5.171560e-01 -3.747999e+00
6.997300e+02 -7.570076e-01 -3.755041e+00
6.998300e+02 -7.607439e-01 -3.762042e+00
6.999300e+02 -3.756483e-01 -3.769003e+00
7.000300e+02 8.920799e-02 -3.775923e+00
7.001300e+02 6.156913e-01 -3.782802e+00
7.002300e+02 8.255839e-01 -3.789641e+00
7.003300e+02 7.747454e-01 -3.796438e+00
7.004300e+02 9.892581e-02 -3.803195e+00
7.005299e+02 -5.764772e-01 -3.809911e+00
7.006299e+02 -1.092262e+00 -3.816585e+00
7.007299e+02 -1.473237e+00 -3.823219e+00
7.008299e+02 -1.474486e+00 -3.829812e+00
7.009299e+02 -9.740709e-01 -3.836364e+00
7.010299e+02 -4.591347e-01 -3.842874e+00
7.011299e+02 7.262228e-02 -3.849344e+00
7.012299e+02 2.141943e-01 -3.855772e+00
7.013299e+02 1.974253e-02 -3.862159e+00
7.014299e+02 -4.771600e-01 -3.868505e+00
7.015298e+02 -1.073521e+00 -3.874809e+00
7.016298e+02 -1.688677e+00 -3.881073e+00
7.017298e+02 -2.071559e+00 -3.887295e+00
7.018298e+02 -2.076316e+00 -3.893476e+00
7.019298e+02 -1.617147e+00 -3.899616e+00
7.020298e+02 -1.107517e+00 -3.905714e+00
7.021298e+02 -6.416884e-01 -3.911771e+00
7.022298e+02 -4.706734e-01 -3.917787e+00
7.023298e+02 -4.707841e-01 -3.923762e+00
7.024298e+02 -1.064250e+00 -3.929696e+00
7.025297e+02 -1.797751e+00 -3.935588e+00
7.026297e+02 -2.379672e+00 -3.941439e+00
7.027297e+02 -2.677707e+00 -3.947249e+00
7.028297e+02 -2.724775e+00 -3.953018e+00
7.029297e+02 -2.197798e+00 -3.958746e+00
7.030297e+02 -1.711598e+00 -3.964433e+00
7.031297e+02 -1.174501e+00 -3.970079e+00
7.032297e+02 -1.074491e+00 -3.975684e+00
7.033297e+02 -1.215279e+00 -3.981248e+00
7.034297e+02 -1.683834e+00 -3.986770e+00
7.035296e+02 -2.368882e+00 -3.992252e+00
7.036296e+02 -2.990094e+00 -3.997694e+00
7.037296e+02 -3.369831e+00 -4.003094e+00
7.038296e+02 -3.228278e+00 -4.008454e+00
7.039296e+02 -2.770023e+00 -4.013772e+00
7.040296e+02 -2.275465e+00 -4.019051e+00
7.041296e+02 -1.790093e+00 -4.024288e+00
7.042296e+02 -1.600573e+00 -4.029485e+00
7.043296e+02 -1.878274e+00 -4.034642e+00
7.044296e+02 -2.257836e+00 -4.039758e+00
7.045295e+02 -2.949788e+00 -4.044833e+00
7.046295e+02 -3.555809e+00 -4.049869e+00
7.047295e+02 -3.992365e+00 -4.054864e+00
7.048295e+02 -3.846247e+00 -4.059818e+00
7.049295e+02 -3.363533e+00 -4.064733e+00
7.050295e+02 -2.988725e+00 -4.069607e+00
7.051295e+02 -2.563881e+00 -4.074442e+00
7.052295e+02 -2.187985e+00 -4.079236e+00
7.053295e+02 -2.485614e+00 -4.083990e+00
7.054295e+02 -2.937502e+00 -4.088705e+00
7.055294e+02 -3.637959e+00 -4.093380e+00
7.056294e+02 -4.084743e+00 -4.098015e+00
7.057294e+02 -4.504565e+00 -4.102610e+00
7.058294e+02 -4.487547e+00 -4.107165e+00
7.059294e+02 -3.908057e+00 -4.111681e+00
7.060294e+02 -3.516183e+00 -4.116158e+00
7.061294e+02 -2.974513e+00 -4.120595e+00
7.062294e+02 -2.688586e+00 -4.124993e+00
7.063294e+02 -2.940532e+00 -4.129351e+00
7.064294e+02 -3.544925e+00 -4.133670e+00
7.065293e+02 -4.145371e+00 -4.137950e+00
7.066293e+02 -4.737239e+00 -4.142190e+00
7.067293e+02 -5.157675e+00 -4.146392e+00
7.068293e+02 -5.008143e+00 -4.150554e+00
7.069293e+02 -4.630771e+00 -4.154678e+00
7.070293e+02 -4.140377e+00 -4.158762e+00
7.071293e+02 -3.544742e+00 -4.162808e+00
7.072293e+02 -3.308963e+00 -4.166814e+00
7.073293e+02 -3.612675e+00 -4.170782e+00
7.074293e+02 -4.039348e+00 -4.174712e+00
7.075292e+02 -4.722432e+00 -4.178602e+00
7.076292e+02 -5.353631e+00 -4.182454e+00
7.077292e+02 -5.651834e+00 -4.186267e+00
7.078292e+02 -5.616960e+00 -4.190042e+00
7.079292e+02 -5.198769e+00 -4.193778e+00
7.080292e+02 -4.604279e+00 -4.197476e+00
7.081292e+02 -4.145851e+00 -4.201135e+00
7.082292e+02 -4.025187e+00 -4.204756e+00
7.083292e+02 -4.120402e+00 -4.208339e+00
7.084292e+02 -4.541761e+00 -4.211883e+00
7.085291e+02 -5.304711e+00 -4.215389e+00
7.086291e+02 -5.949362e+00 -4.218857e+00
7.087291e+02 -6.169844e+00 -4.222286e+00
7.088291e+02 -6.072114e+00 -4.225677e+00
7.089291e+02 -5.742194e+00 -4.229031e+00
7.090291e+02 -5.140147e+00 -4.232346e+00
7.091291e+02 -4.713156e+00 -4.235622e+00
7.092291e+02 -4.544383e+00 -4.238861e+00
7.093291e+02 -4.638968e+00 -4.242062e+00
7.094291e+02 -5.207767e+00 -4.245224e+00
7.095290e+02 -5.804365e+00 -4.248349e+00
7.096290e+02 -6.451572e+00 -4.251436e+00
7.097290e+02 -6.783482e+00 -4.254484e+00
7.098290e+02 -6.671727e+00 -4.257495e+00
7.099290e+02 -6.275888e+00 -4.260467e+00
7.100290e+02 -5.720357e+00 -4.263402e+00
7.101290e+02 -5.199588e+00 -4.266298e+00
7.102290e+02 -4.931141e+00 -4.269157e+00
7.103290e+02 -5.135939e+00 -4.271977e+00
7.104290e+02 -5.670156e+00 -4.274760e+00
7.105289e+02 -6.304078e+00 -4.277505e+00
7.106289e+02 -6.923424e+00 -4.280212e+00
7.107289e+02 -7.227077e+00 -4.282880e+00
7.108289e+02 -7.203954e+00 -4.285511e+00
7.109289e+02 -6.764238e+00 -4.288104e+00
7.110289e+02 -6.249373e+00 -4.290659e+00
7.111289e+02 -5.566772e+00 -4.293175e+00
7.112289e+02 -5.506479e+00 -4.295654e+00
7.113289e+02 -5.647171e+00 -4.298095e+00
7.114289e+02 -6.133881e+00 -4.300498e+00
7.115288e+02 -6.795011e+00 -4.302862e+00
7.116288e+02 -7.453528e+00 -4.305189e+00
7.117288e+02 -7.758765e+00 -4.307477e+00
7.118288e+02 -7.605868e+00 -4.309728e+00
7.119288e+02 -7.374694e+00 -4.311940e+00
7.120288e+02 -6.652147e+00 -4.314114e+00
7.121288e+02 -6.162428e+00 -4.316250e+00
7.122288e+02 -5.911013e+00 -4.318348e+00
7.123288e+02 -6.133466e+00 -4.320407e+00
7.124288e+02 -6.534356e+00 -4.322429e+00
7.125287e+02 -7.333426e+00 -4.324412e+00
7.126287e+02 -7.871863e+00 -4.326356e+00
7.127287e+02 -8.244959e+00 -4.328263e+00
7.128287e+02 -8.005493e+00 -4.330130e+00
7.129287e+02 -7.708764e+00 -4.331960e+00
7.130287e+02 -7.189155e+00 -4.333751e+00
7.131287e+02 -6.587011e+00 -4.335504e+00
7.132287e+02 -6.383095e+00 -4.337218e+00
7.133287e+02 -6.538984e+00 -4.338894e+00
7.134287e+02 -7.140143e+00 -4.340531e+00
7.135286e+02 -7.687910e+00 -4.342129e+00
7.136286e+02 -8.280104e+00 -4.343689e+00
7.137286e+02 -8.598372e+00 -4.345210e+00
7.138286e+02 -8.536369e+00 -4.346692e+00
7.139286e+02 -8.187115e+00 -4.348136e+00
7.140286e+02 -7.551691e+00 -4.349540e+00
7.141286e+02 -7.001101e+00 -4.350906e+00
7.142286e+02 -6.830398e+00 -4.352233e+00
7.143286e+02 -6.903447e+00 -4.353521e+00
7.144286e+02 -7.462342e+00 -4.354770e+00
7.145285e+02 -8.217455e+00 -4.355980e+00
7.146285e+02 -8.641147e+00 -4.357151e+00
7.147285e+02 -8.993363e+00 -4.358283e+00
7.148285e+02 -8.952324e+00 -4.359376e+00
7.149285e+02 -8.505317e+00 -4.360429e+00
7.150285e+02 -7.858982e+00 -4.361444e+00
7.151285e+02 -7.421460e+00 -4.362418e+00
7.152285e+02 -7.168199e+00 -4.363354e+00
7.153285e+02 -7.379641e+00 -4.364250e+00
7.154285e+02 -7.812186e+00 -4.365107e+00
7.155284e+02 -8.455577e+00 -4.365924e+00
7.156284e+02 -8.983520e+00 -4.366702e+00
7.157284e+02 -9.327858e+00 -4.367440e+00
7.158284e+02 -9.256168e+00 -4.368139e+00
7.159284e+02 -8.866676e+00 -4.368798e+00
7.160284e+02 -8.302527e+00 -4.369417e+00
7.161284e+02 -7.781824e+00 -4.369996e+00
7.162284e+02 -7.550485e+00 -4.370535e+00
7.163284e+02 -7.562228e+00 -4.371035e+00
7.164284e+02 -8.141392e+00 -4.371495e+00
7.165283e+02 -8.826173e+00 -4.371915e+00
7.166283e+02 -9.358711e+00 -4.372294e+00
7.167283e+02 -9.671517e+00 -4.372634e+00
7.168283e+02 -9.562571e+00 -4.372933e+00
7.169283e+02 -9.233653e+00 -4.373193e+00
7.170283e+02 -8.638220e+00 -4.373412e+00
7.171283e+02 -8.044999e+00 -4.373591e+00
7.172283e+02 -7.859225e+00 -4.373729e+00
7.173283e+02 -7.894708e+00 -4.373827e+00
7.174283e+02 -8.419866e+00 -4.373885e+00
7.175282e+02 -9.161879e+00 -4.373902e+00
7.176282e+02 -9.558224e+00 -4.373879e+00
7.177282e+02 -9.935297e+00 -4.373815e+00
7.178282e+02 -9.928176e+00 -4.373711e+00
7.179282e+02 -9.497032e+00 -4.373566e+00
7.180282e+02 -8.907381e+00 -4.373380e+00
7.181282e+02 -8.306390e+00 -4.373153e+00
7.182282e+02 -8.150736e+00 -4.372886e+00
7.183282e+02 -8.263678e+00 -4.372577e+00
7.184282e+02 -8.759759e+00 -4.372228e+00
7.185281e+02 -9.324774e+00 -4.371838e+00
7.186281e+02 -9.929985e+00 -4.371407e+00
7.187281e+02 -1.027372e+01 -4.370934e+00
7.188281e+02 -1.016347e+01 -4.370421e+00
7.189281e+02 -9.717502e+00 -4.369866e+00
7.190281e+02 -9.101131e+00 -4.369270e+00
7.191281e+02 -8.551458e+00 -4.368633e+00
7.192281e+02 -8.265384e+00 -4.367954e+00
7.193281e+02 -8.487285e+00 -4.367235e+00
7.194281e+02 -8.947376e+00 -4.366473e+00
7.195280e+02 -9.586210e+00 -4.365670e+00
7.196280e+02 -1.016697e+01 -4.364826e+00
7.197280e+02 -1.049781e+01 -4.363940e+00
7.198280e+02 -1.025478e+01 -4.363013e+00
7.199280e+02 -9.958944e+00 -4.362043e+00
7.200280e+02 -9.333745e+00 -4.361032e+00
7.201280e+02 -8.927568e+00 -4.359980e+00
7.202280e+02 -8.504550e+00 -4.358885e+00
7.203280e+02 -8.731189e+00 -4.357749e+00
7.204280e+02 -9.077612e+00 -4.356570e+00
7.205279e+02 -9.860783e+00 -4.355350e+00
7.206279e+02 -1.032646e+01 -4.354087e+00
7.207279e+02 -1.069844e+01 -4.352783e+00
7.208279e+02 -1.051910e+01 -4.351436e+00
7.209279e+02 -1.016450e+01 -4.350047e+00
7.210279e+02 -9.440029e+00 -4.348616e+00
7.211279e+02 -8.963620e+00 -4.347143e+00
7.212279e+02 -8.683241e+00 -4.345627e+00
7.213279e+02 -8.818230e+00 -4.344069e+00
7.214279e+02 -9.301361e+00 -4.342468e+00
7.215278e+02 -9.909740e+00 -4.340825e+00
7.216278e+02 -1.044987e+01 -4.339139e+00
7.217278e+02 -1.075879e+01 -4.337411e+00
7.218278e+02 -1.068565e+01 -4.335640e+00
7.219278e+02 -1.020264e+01 -4.333826e+00
7.220278e+02 -9.669449e+00 -4.331970e+00
7.221278e+02 -9.097790e+00 -4.330070e+00
7.222278e+02 -8.911805e+00 -4.328128e+00
7.223278e+02 -9.093726e+00 -4.326143e+00
7.224278e+02 -9.430505e+00 -4.324115e+00
7.225277e+02 -1.011421e+01 -4.322044e+00
7.226277e+02 -1.064307e+01 -4.319929e+00
7.227277e+02 -1.077066e+01 -4.317772e+00
7.228277e+02 -1.080628e+01 -4.315571e+00
7.229277e+02 -1.036848e+01 -4.313328e+00
7.230277e+02 -9.635557e+00 -4.311040e+00
7.231277e+02 -9.265459e+00 -4.308710e+00
7.232277e+02 -8.952717e+00 -4.306336e+00
7.233277e+02 -9.086320e+00 -4.303918e+00
7.234277e+02 -9.495476e+00 -4.301457e+00
7.235276e+02 -1.008574e+01 -4.298953e+00
7.236276e+02 -1.077482e+01 -4.296404e+00
7.237276e+02 -1.095047e+01 -4.293812e+00
7.238276e+02 -1.091815e+01 -4.291177e+00
7.239276e+02 -1.043942e+01 -4.288497e+00
7.240276e+02 -9.815947e+00 -4.285774e+00
7.241276e+02 -9.281317e+00 -4.283006e+00
7.242276e+02 -9.015064e+00 -4.280195e+00
7.243276e+02 -9.083577e+00 -4.277339e+00
7.244276e+02 -9.499102e+00 -4.274440e+00
7.245275e+02 -1.027894e+01 -4.271496e+00
7.246275e+02 -1.076072e+01 -4.268508e+00
7.247275e+02 -1.100273e+01 -4.265475e+00
7.248275e+02 -1.090186e+01 -4.262399e+00
7.249275e+02 -1.037369e+01 -4.259277e+00
7.250275e+02 -9.859180e+00 -4.256112e+00
7.251275e+02 -9.259938e+00 -4.252901e+00
7.252275e+02 -8.976340e+00 -4.249647e+00
7.253275e+02 -9.119151e+00 -4.246347e+00
7.254275e+02 -9.574580e+00 -4.243003e+00
7.255274e+02 -1.018453e+01 -4.239613e+00
7.256274e+02 -1.063681e+01 -4.236179e+00
7.257274e+02 -1.097011e+01 -4.232700e+00
7.258274e+02 -1.085909e+01 -4.229176e+00
7.259274e+02 -1.039092e+01 -4.225607e+00
7.260274e+02 -9.806570e+00 -4.221993e+00
7.261274e+02 -9.221975e+00 -4.218333e+00
7.262274e+02 -8.990382e+00 -4.214629e+00
7.263274e+02 -9.016503e+00 -4.210878e+00
7.264274e+02 -9.566924e+00 -4.207083e+00
7.265273e+02 -1.008662e+01 -4.203242e+00
7.266273e+02 -1.070678e+01 -4.199355e+00
7.267273e+02 -1.095277e+01 -4.195422e+00
7.268273e+02 -1.082523e+01 -4.191444e+00
7.269273e+02 -1.039265e+01 -4.187420e+00
7.270273e+02 -9.786170e+00 -4.183351e+00
7.271273e+02 -9.155342e+00 -4.179235e+00
7.272273e+02 -8.888169e+00 -4.175073e+00
7.273273e+02 -8.987907e+00 -4.170865e+00
7.274273e+02 -9.530375e+00 -4.166612e+00
7.275272e+02 -1.013165e+01 -4.162311e+00
7.276272e+02 -1.052836e+01 -4.157965e+00
7.277272e+02 -1.084098e+01 -4.153572e+00
7.278272e+02 -1.082046e+01 -4.149132e+00
7.279272e+02 -1.037961e+01 -4.144646e+00
7.280272e+02 -9.662739e+00 -4.140114e+00
7.281272e+02 -9.138370e+00 -4.135534e+00
7.282272e+02 -8.830786e+00 -4.130908e+00
7.283272e+02 -8.896565e+00 -4.126235e+00
7.284272e+02 -9.329164e+00 -4.121515e+00
7.285271e+02 -9.911842e+00 -4.116748e+00
7.286271e+02 -1.049188e+01 -4.111934e+00
7.287271e+02 -1.063142e+01 -4.107073e+00
7.288271e+02 -1.061687e+01 -4.102164e+00
7.289271e+02 -1.006929e+01 -4.097208e+00
7.290271e+02 -9.547986e+00 -4.092205e+00
7.291271e+02 -8.919751e+00 -4.087154e+00
7.292271e+02 -8.629546e+00 -4.082055e+00
7.293271e+02 -8.733153e+00 -4.076909e+00
7.294271e+02 -9.150937e+00 -4.071715e+00
7.295270e+02 -9.778734e+00 -4.066473e+00
7.296270e+02 -1.031417e+01 -4.061183e+00
7.297270e+02 -1.055576e+01 -4.055845e+00
7.298270e+02 -1.040632e+01 -4.050459e+00
7.299270e+02 -9.972244e+00 -4.045024e+00
7.300270e+02 -9.331187e+00 -4.039541e+00
7.301270e+02 -8.682024e+00 -4.034010e+00
7.302270e+02 -8.452186e+00 -4.028430e+00
7.303270e+02 -8.580251e+00 -4.022802e+00
7.304270e+02 -9.008842e+00 -4.017125e+00
7.305269e+02 -9.635416e+00 -4.011399e+00
7.306269e+02 -1.012715e+01 -4.005624e+00
7.307269e+02 -1.031685e+01 -3.999801e+00
7.308269e+02 -1.021869e+01 -3.993928e+00
7.309269e+02 -9.746230e+00 -3.988006e+00
7.310269e+02 -9.057848e+00 -3.982035e+00
7.311269e+02 -8.618623e+00 -3.976014e+00
7.312269e+02 -8.218035e+00 -3.969944e+00
7.313269e+02 -8.290089e+00 -3.963824e+00
7.314269e+02 -8.831859e+00 -3.957655e+00
7.315268e+02 -9.296926e+00 -3.951436e+00
7.316268e+02 -9.829664e+00 -3.945167e+00
7.317268e+02 -1.017530e+01 -3.938849e+00
7.318268e+02 -9.965854e+00 -3.932480e+00
7.319268e+02 -9.516451e+00 -3.926061e+00
7.320268e+02 -8.977557e+00 -3.919592e+00
7.321268e+02 -8.355405e+00 -3.913072e+00
7.322268e+02 -7.972049e+00 -3.906502e+00
7.323268e+02 -8.123184e+00 -3.899882e+00
7.324268e+02 -8.504805e+00 -3.893211e+00
7.325267e+02 -9.080096e+00 -3.886489e+00
7.326267e+02 -9.539182e+00 -3.879717e+00
7.327267e+02 -9.841345e+00 -3.872893e+00
7.328267e+02 -9.738370e+00 -3.866019e+00
7.329267e+02 -9.220156e+00 -3.859093e+00
7.330267e+02 -8.616906e+00 -3.852116e+00
7.331267e+02 -8.032669e+00 -3.845088e+00
7.332267e+02 -7.741202e+00 -3.838008e+00
7.333267e+02 -7.701580e+00 -3.830877e+00
7.334267e+02 -8.189994e+00 -3.823695e+00
7.335266e+02 -8.738918e+00 -3.816460e+00
7.336266e+02 -9.284548e+00 -3.809174e+00
7.337266e+02 -9.486502e+00 -3.801836e+00
7.338266e+02 -9.377573e+00 -3.794446e+00
7.339266e+02 -8.945525e+00 -3.787004e+00
7.340266e+02 -8.281730e+00 -3.779509e+00
7.341266e+02 -7.632289e+00 -3.771963e+00
7.342266e+02 -7.406269e+00 -3.764363e+00
7.343266e+02 -7.380549e+00 -3.756712e+00
7.344266e+02 -7.846114e+00 -3.749008e+00
7.345265e+02 -8.404107e+00 -3.741251e+00
7.346265e+02 -8.941600e+00 -3.733441e+00
7.347265e+02 -9.165646e+00 -3.725579e+00
7.348265e+02 -9.088366e+00 -3.717663e+00
7.349265e+02 -8.651702e+00 -3.709695e+00
7.350265e+02 -8.041265e+00 -3.701673e+00
7.351265e+02 -7.395762e+00 -3.693598e+00
7.352265e+02 -6.965557e+00 -3.685470e+00
7.353265e+02 -7.069301e+00 -3.677289e+00
7.354265e+02 -7.537040e+00 -3.669053e+00
7.355264e+02 -8.021372e+00 -3.660765e+00
7.356264e+02 -8.533089e+00 -3.652422e+00
7.357264e+02 -8.812899e+00 -3.644026e+00
7.358264e+02 -8.590292e+00 -3.635576e+00
7.359264e+02 -8.203399e+00 -3.627072e+00
7.360264e+02 -7.474560e+00 -3.618514e+00
7.361264e+02 -6.969384e+00 -3.609902e+00
7.362264e+02 -6.560462e+00 -3.601236e+00
7.363264e+02 -6.709999e+00 -3.592515e+00
7.364264e+02 -7.064287e+00 -3.583741e+00
7.365263e+02 -7.723005e+00 -3.574911e+00
7.366263e+02 -8.119220e+00 -3.566028e+00
7.367263e+02 -8.363477e+00 -3.557089e+00
7.368263e+02 -8.197305e+00 -3.548096e+00
7.369263e+02 -7.726026e+00 -3.539049e+00
7.370263e+02 -7.241898e+00 -3.529947e+00
7.371263e+02 -6.503357e+00 -3.520789e+00
7.372263e+02 -6.227660e+00 -3.511577e+00
7.373263e+02 -6.248517e+00 -3.502310e+00
7.374263e+02 -6.657424e+00 -3.492988e+00
7.375262e+02 -7.163314e+00 -3.483611e+00
7.376262e+02 -7.739272e+00 -3.474179e+00
7.377262e+02 -7.996970e+00 -3.464691e+00
7.378262e+02 -7.793717e+00 -3.455149e+00
7.379262e+02 -7.327591e+00 -3.445551e+00
7.380262e+02 -6.685872e+00 -3.435897e+00
7.381262e+02 -6.099083e+00 -3.426189e+00
7.382262e+02 -5.780212e+00 -3.416424e+00
7.383262e+02 -5.706312e+00 -3.406605e+00
7.384262e+02 -6.193565e+00 -3.396730e+00
7.385261e+02 -6.753688e+00 -3.386799e+00
7.386261e+02 -7.271007e+00 -3.376813e+00
7.387261e+02 -7.436041e+00 -3.366771e+00
7.388261e+02 -7.411075e+00 -3.356674e+00
7.389261e+02 -6.879368e+00 -3.346521e+00
7.390261e+02 -6.233623e+00 -3.336313e+00
7.391261e+02 -5.591533e+00 -3.326048e+00
7.392261e+02 -5.287948e+00 -3.315729e+00
7.393261e+02 -5.389558e+00 -3.305353e+00
7.394261e+02 -5.745154e+00 -3.294922e+00
7.395260e+02 -6.273812e+00 -3.284435e+00
7.396260e+02 -6.749602e+00 -3.273892e+00
7.397260e+02 -7.040657e+00 -3.263294e+00
7.398260e+02 -6.865899e+00 -3.252640e+00
7.399260e+02 -6.310503e+00 -3.241930e+00
7.400260e+02 -5.745027e+00 -3.231165e+00
7.401260e+02 -4.998298e+00 -3.220344e+00
7.402260e+02 -4.747879e+00 -3.209468e+00
7.403260e+02 -4.871592e+00 -3.198536e+00
7.404260e+02 -5.242300e+00 -3.187548e+00
7.405259e+02 -5.798949e+00 -3.176505e+00
7.406259e+02 -6.280380e+00 -3.165407e+00
7.407259e+02 -6.590116e+00 -3.154253e+00
7.408259e+02 -6.331213e+00 -3.143044e+00
7.409259e+02 -5.865490e+00 -3.131779e+00
7.410259e+02 -5.168607e+00 -3.120460e+00
7.411259e+02 -4.573978e+00 -3.109085e+00
7.412259e+02 -4.254290e+00 -3.097655e+00
7.413259e+02 -4.317179e+00 -3.086170e+00
7.414259e+02 -4.704484e+00 -3.074630e+00
7.415258e+02 -5.213068e+00 -3.063036e+00
7.416258e+02 -5.784785e+00 -3.051387e+00
7.417258e+02 -6.052376e+00 -3.039683e+00
7.418258e+02 -5.841644e+00 -3.027924e+00
7.419258e+02 -5.272039e+00 -3.016111e+00
7.420258e+02 -4.600844e+00 -3.004244e+00
7.421258e+02 -4.065077e+00 -2.992322e+00
7.422258e+02 -3.758889e+00 -2.980347e+00
7.423258e+02 -3.754656e+00 -2.968317e+00
7.424258e+02 -4.232849e+00 -2.956234e+00
7.425257e+02 -4.583165e+00 -2.944097e+00
7.426257e+02 -5.146167e+00 -2.931907e+00
7.427257e+02 -5.396749e+00 -2.919663e+00
7.428257e+02 -5.243358e+00 -2.907366e+00
7.429257e+02 -4.677918e+00 -2.895016e+00
7.430257e+02 -4.079502e+00 -2.882613e+00
7.431257e+02 -3.563577e+00 -2.870158e+00
7.432257e+02 -3.113550e+00 -2.857650e+00
7.433257e+02 -3.248565e+00 -2.845089e+00
7.434257e+02 -3.486901e+00 -2.832477e+00
7.435256e+02 -4.044331e+00 -2.819813e+00
7.436256e+02 -4.670642e+00 -2.807097e+00
7.437256e+02 -4.828559e+00 -2.794330e+00
7.438256e+02 -4.702550e+00 -2.781511e+00
7.439256e+02 -4.134717e+00 -2.768641e+00
7.440256e+02 -3.505229e+00 -2.755721e+00
7.441256e+02 -2.848499e+00 -2.742750e+00
7.442256e+02 -2.537685e+00 -2.729729e+00
7.443256e+02 -2.635882e+00 -2.716658e+00
7.444256e+02 -3.062925e+00 -2.703537e+00
7.445255e+02 -3.554681e+00 -2.690367e+00
7.446255e+02 -3.989145e+00 -2.677148e+00
7.447255e+02 -4.242544e+00 -2.663879e+00
7.448255e+02 -4.042872e+00 -2.650563e+00
7.449255e+02 -3.659257e+00 -2.637197e+00
7.450255e+02 -2.896783e+00 -2.623784e+00
7.451255e+02 -2.272615e+00 -2.610324e+00
7.452255e+02 -1.879983e+00 -2.596815e+00
7.453255e+02 -1.951806e+00 -2.583260e+00
7.454255e+02 -2.350852e+00 -2.569659e+00
7.455254e+02 -3.046771e+00 -2.556011e+00
7.456254e+02 -3.428524e+00 -2.542317e+00
7.457254e+02 -3.633582e+00 -2.528577e+00
7.458254e+02 -3.505510e+00 -2.514792e+00
7.459254e+02 -2.979905e+00 -2.500962e+00
7.460254e+02 -2.282742e+00 -2.487088e+00
7.461254e+02 -1.851006e+00 -2.473170e+00
7.462254e+02 -1.318841e+00 -2.459208e+00
7.463254e+02 -1.373737e+00 -2.445203e+00
7.464254e+02 -1.824293e+00 -2.431154e+00
7.465253e+02 -2.283888e+00 -2.417064e+00
7.466253e+02 -2.774425e+00 -2.402931e+00
7.467253e+02 -3.054142e+00 -2.388757e+00
7.468253e+02 -2.879402e+00 -2.374542e+00
7.469253e+02 -2.295471e+00 -2.360285e+00
7.470253e+02 -1.708787e+00 -2.345989e+00
7.471253e+02 -1.179191e+00 -2.331653e+00
7.472253e+02 -7.525774e-01 -2.317277e+00
7.473253e+02 -7.042177e-01 -2.302863e+00
7.474253e+02 -1.173367e+00 -2.288410e+00
7.475252e+02 -1.768366e+00 -2.273919e+00
7.476252e+02 -2.233113e+00 -2.259391e+00
7.477252e+02 -2.392745e+00 -2.244826e+00
7.478252e+02 -2.179445e+00 -2.230224e+00
7.479252e+02 -1.755636e+00 -2.215587e+00
7.480252e+02 -1.035309e+00 -2.200914e+00
7.481252e+02 -4.421659e-01 -2.186206e+00
7.482252e+02 -1.612522e-01 -2.171464e+00
7.483252e+02 -6.350007e-02 -2.156689e+00
7.484252e+02 -5.350503e-01 -2.141880e+00
7.485251e+02 -1.125751e+00 -2.127038e+00
7.486251e+02 -1.621797e+00 -2.112164e+00
7.487251e+02 -1.801610e+00 -2.097258e+00
7.488251e+02 -1.676640e+00 -2.082322e+00
7.489251e+02 -1.124514e+00 -2.067355e+00
7.490251e+02 -4.464532e-01 -2.052358e+00
7.491251e+02 1.187327e-01 -2.037332e+00
7.492251e+02 4.547539e-01 -2.022277e+00
7.493251e+02 5.505641e-01 -2.007194e+00
7.494251e+02 8.209156e-03 -1.992084e+00
7.495250e+02 -4.432037e-01 -1.976946e+00
7.496250e+02 -9.980567e-01 -1.961782e+00
7.497250e+02 -1.138394e+00 -1.946593e+00
7.498250e+02 -9.938110e-01 -1.931379e+00
7.499250e+02 -5.340697e-01 -1.916139e+00
7.500250e+02 1.970344e-01 -1.900877e+00
7.501250e+02 7.655874e-01 -1.885591e+00
7.502250e+02 1.184154e+00 -1.870282e+00
7.503250e+02 1.074102e+00 -1.854951e+00
7.504250e+02 7.002046e-01 -1.839599e+00
7.505249e+02 1.235002e-01 -1.824227e+00
7.506249e+02 -2.808478e-01 -1.808834e+00
7.507249e+02 -5.003962e-01 -1.793422e+00
7.508249e+02 -4.012637e-01 -1.777991e+00
7.509249e+02 1.125933e-01 -1.762542e+00
7.510249e+02 8.466215e-01 -1.747076e+00
7.511249e+02 1.465088e+00 -1.731593e+00
7.512249e+02 1.771673e+00 -1.716093e+00
7.513249e+02 1.783289e+00 -1.700579e+00
7.514249e+02 1.381628e+00 -1.685049e+00
7.515248e+02 7.731416e-01 -1.669506e+00
7.516248e+02 3.492812e-01 -1.653949e+00
7.517248e+02 1.424763e-01 -1.638379e+00
7.518248e+02 3.683592e-01 -1.622797e+00
7.519248e+02 8.440515e-01 -1.607204e+00
7.520248e+02 1.461075e+00 -1.591599e+00
7.521248e+02 2.080552e+00 -1.575985e+00
7.522248e+02 2.369620e+00 -1.560362e+00
7.523248e+02 2.346925e+00 -1.544729e+00
7.524248e+02 1.967339e+00 -1.529089e+00
7.525247e+02 1.441411e+00 -1.513441e+00
7.526247e+02 9.167536e-01 -1.497787e+00
7.527247e+02 7.752859e-01 -1.482127e+00
7.528247e+02 7.737630e-01 -1.466461e+00
7.529247e+02 1.370053e+00 -1.450790e+00
7.530247e+02 1.985115e+00 -1.435116e+00
7.531247e+02 2.690919e+00 -1.419438e+00
7.532247e+02 2.954848e+00 -1.403758e+00
7.533247e+02 2.936139e+00 -1.388076e+00
7.534247e+02 2.626291e+00 -1.372392e+00
7.535246e+02 2.015042e+00 -1.356708e+00
7.536246e+02 1.558343e+00 -1.341024e+00
7.537246e+02 1.251051e+00 -1.325341e+00
7.538246e+02 1.424474e+00 -1.309659e+00
7.539246e+02 2.073927e+00 -1.293979e+00
7.540246e+02 2.683276e+00 -1.278302e+00
7.541246e+02 3.346413e+00 -1.262628e+00
7.542246e+02 3.598333e+00 -1.246959e+00
7.543246e+02 3.592226e+00 -1.231294e+00
7.544246e+02 3.206080e+00 -1.215634e+00
7.545245e+02 2.632216e+00 -1.199981e+00
7.546245e+02 2.145031e+00 -1.184334e+00
7.547245e+02 1.952071e+00 -1.168695e+00
7.548245e+02 2.093809e+00 -1.153064e+00
7.549245e+02 2.520800e+00 -1.137441e+00
7.550245e+02 3.263561e+00 -1.121827e+00
7.551245e+02 3.881062e+00 -1.106224e+00
7.552245e+02 4.197914e+00 -1.090631e+00
7.553245e+02 4.117232e+00 -1.075049e+00
7.554245e+02 3.726443e+00 -1.059479e+00
7.555244e+02 3.259594e+00 -1.043921e+00
7.556244e+02 2.793589e+00 -1.028377e+00
7.557244e+02 2.517457e+00 -1.012846e+00
7.558244e+02 2.680519e+00 -9.973291e-01
7.559244e+02 3.169119e+00 -9.818274e-01
7.560244e+02 3.869867e+00 -9.663412e-01
7.561244e+02 4.359568e+00 -9.508710e-01
7.562244e+02 4.768625e+00 -9.354175e-01
7.563244e+02 4.750647e+00 -9.199813e-01
7.564244e+02 4.340806e+00 -9.045630e-01
7.565243e+02 3.761963e+00 -8.891631e-01
7.566243e+02 3.340587e+00 -8.737822e-01
7.567243e+02 3.024398e+00 -8.584209e-01
7.568243e+02 3.325746e+00 -8.430798e-01
7.569243e+02 3.735233e+00 -8.277594e-01
7.570243e+02 4.422871e+00 -8.124603e-01
7.571243e+02 4.953363e+00 -7.971830e-01
7.572243e+02 5.429888e+00 -7.819282e-01
7.573243e+02 5.289292e+00 -7.666962e-01
7.574243e+02 4.977789e+00 -7.514877e-01
7.575242e+02 4.405403e+00 -7.363032e-01
7.576242e+02 3.903190e+00 -7.211432e-01
7.577242e+02 3.727973e+00 -7.060083e-01
7.578242e+02 3.853290e+00 -6.908990e-01
7.579242e+02 4.294684e+00 -6.758157e-01
7.580242e+02 4.950738e+00 -6.607590e-01
7.581242e+02 5.676972e+00 -6.457294e-01
7.582242e+02 5.947410e+00 -6.307274e-01
7.583242e+02 5.814412e+00 -6.157534e-01
7.584242e+02 5.561659e+00 -6.008081e-01
7.585241e+02 4.914000e+00 -5.858917e-01
7.586241e+02 4.535976e+00 -5.710049e-01
7.587241e+02 4.244587e+00 -5.561480e-01
7.588241e+02 4.362643e+00 -5.413216e-01
7.589241e+02 4.803228e+00 -5.265261e-01
7.590241e+02 5.553953e+00 -5.117620e-01
7.591241e+02 6.129889e+00 -4.970296e-01
7.592241e+02 6.394398e+00 -4.823295e-01
7.593241e+02 6.346344e+00 -4.676620e-01
7.594241e+02 5.986721e+00 -4.530277e-01
7.595240e+02 5.486046e+00 -4.384269e-01
7.596240e+02 5.018838e+00 -4.238600e-01
7.597240e+02 4.794118e+00 -4.093275e-01
7.598240e+02 4.950385e+00 -3.948297e-01
7.599240e+02 5.377329e+00 -3.803672e-01
7.600240e+02 5.999599e+00 -3.659401e-01
7.601240e+02 6.606592e+00 -3.515490e-01
7.602240e+02 6.998303e+00 -3.371943e-01
7.603240e+02 6.971855e+00 -3.228762e-01
7.604240e+02 6.519210e+00 -3.085953e-01
7.605239e+02 5.961129e+00 -2.943518e-01
7.606239e+02 5.501051e+00 -2.801461e-01
7.607239e+02 5.285037e+00 -2.659785e-01
7.608239e+02 5.272691e+00 -2.518495e-01
7.609239e+02 5.955338e+00 -2.377594e-01
7.610239e+02 6.542753e+00 -2.237084e-01
7.611239e+02 7.125064e+00 -2.096970e-01
7.612239e+02 7.425907e+00 -1.957255e-01
7.613239e+02 7.455644e+00 -1.817942e-01
7.614239e+02 6.992674e+00 -1.679033e-01
7.615238e+02 6.504689e+00 -1.540533e-01
7.616238e+02 6.039911e+00 -1.402444e-01
7.617238e+02 5.700016e+00 -1.264769e-01
7.618238e+02 5.925002e+00 -1.127512e-01
7.619238e+02 6.334277e+00 -9.906743e-02
7.620238e+02 6.981584e+00 -8.542600e-02
7.621238e+02 7.520481e+00 -7.182716e-02
7.622238e+02 7.975854e+00 -5.827117e-02
7.623238e+02 7.914903e+00 -4.475830e-02
7.624238e+02 7.454887e+00 -3.128883e-02
7.625237e+02 6.880934e+00 -1.786301e-02
7.626237e+02 6.495240e+00 -4.481105e-03
7.627237e+02 6.115347e+00 8.856646e-03
7.628237e+02 6.320025e+00 2.214999e-02
7.629237e+02 6.830067e+00 3.539870e-02
7.630237e+02 7.460770e+00 4.860253e-02
7.631237e+02 8.115638e+00 6.176124e-02
7.632237e+02 8.401611e+00 7.487463e-02
7.633237e+02 8.302322e+00 8.794246e-02
7.634237e+02 7.774780e+00 1.009645e-01
7.635236e+02 7.286469e+00 1.139406e-01
7.636236e+02 6.954620e+00 1.268705e-01
7.637236e+02 6.564313e+00 1.397540e-01
7.638236e+02 6.713826e+00 1.525909e-01
7.639236e+02 7.216944e+00 1.653810e-01
7.640236e+02 7.836429e+00 1.781242e-01
7.641236e+02 8.419548e+00 1.908202e-01
7.642236e+02 8.733807e+00 2.034689e-01
7.643236e+02 8.645938e+00 2.160701e-01
7.644236e+02 8.349876e+00 2.286236e-01
7.645235e+02 7.801907e+00 2.411292e-01
7.646235e+02 7.282507e+00 2.535869e-01
7.647235e+02 6.917013e+00 2.659964e-01
7.648235e+02 7.225931e+00 2.783576e-01
7.649235e+02 7.567403e+00 2.906703e-01
7.650235e+02 8.258551e+00 3.029344e-01
7.651235e+02 8.873437e+00 3.151498e-01
7.652235e+02 9.142586e+00 3.273163e-01
7.653235e+02 9.072086e+00 3.394338e-01
7.654235e+02 8.801769e+00 3.515021e-01
7.655234e+02 8.139816e+00 3.635212e-01
7.656234e+02 7.574117e+00 3.754909e-01
7.657234e+02 7.411286e+00 3.874110e-01
7.658234e+02 7.504123e+00 3.992816e-01
7.659234e+02 7.872811e+00 4.111024e-01
7.660234e+02 8.626468e+00 4.228734e-01
7.661234e+02 9.204996e+00 4.345945e-01
7.662234e+02 9.517220e+00 4.462656e-01
7.663234e+02 9.341064e+00 4.578865e-01
7.664234e+02 9.091973e+00 4.694572e-01
7.665233e+02 8.441244e+00 4.809776e-01
7.666233e+02 8.014380e+00 4.924476e-01
7.667233e+02 7.679886e+00 5.038672e-01
7.668233e+02 7.812441e+00 5.152362e-01
7.669233e+02 8.279349e+00 5.265547e-01
7.670233e+02 8.934112e+00 5.378224e-01
7.671233e+02 9.531232e+00 5.490394e-01
7.672233e+02 9.852107e+00 5.602056e-01
7.673233e+02 9.745369e+00 5.713210e-01
7.674233e+02 9.399404e+00 5.823854e-01
7.675232e+02 8.703041e+00 5.933988e-01
7.676232e+02 8.208524e+00 6.043613e-01
7.677232e+02 7.999555e+00 6.152727e-01
7.678232e+02 8.091432e+00 6.261329e-01
7.679232e+02 8.576101e+00 6.369420e-01
7.680232e+02 9.210625e+00 6.477000e-01
7.681232e+02 9.802920e+00 6.584067e-01
7.682232e+02 1.007954e+01 6.690622e-01
7.683232e+02 9.952528e+00 6.796664e-01
7.684232e+02 9.642130e+00 6.902193e-01
7.685231e+02 9.076306e+00 7.007209e-01
7.686231e+02 8.544492e+00 7.111712e-01
7.687231e+02 8.187040e+00 7.215701e-01
7.688231e+02 8.355454e+00 7.319177e-01
7.689231e+02 8.838586e+00 7.422139e-01
7.690231e+02 9.519750e+00 7.524587e-01
7.691231e+02 9.992941e+00 7.626522e-01
7.692231e+02 1.033479e+01 7.727943e-01
7.693231e+02 1.021171e+01 7.828850e-01
7.694231e+02 9.968525e+00 7.929243e-01
7.695230e+02 9.212052e+00 8.029123e-01
7.696230e+02 8.791576e+00 8.128489e-01
7.697230e+02 8.522509e+00 8.227342e-01
7.698230e+02 8.485991e+00 8.325682e-01
7.699230e+02 9.034017e+00 8.423508e-01
7.700230e+02 9.578696e+00 8.520822e-01
7.701230e+02 1.027905e+01 8.617623e-01
7.702230e+02 1.062105e+01 8.713912e-01
7.703230e+02 1.045476e+01 8.809689e-01
7.704230e+02 1.002051e+01 8.904954e-01
7.705229e+02 9.407293e+00 8.999708e-01
7.706229e+02 8.954289e+00 9.093951e-01
7.707229e+02 8.664315e+00 9.187683e-01
7.708229e+02 8.722190e+00 9.280904e-01
7.709229e+02 9.218794e+00 9.373616e-01
7.710229e+02 9.895242e+00 9.465819e-01
7.711229e+02 1.031904e+01 9.557513e-01
7.712229e+02 1.063164e+01 9.648698e-01
7.713229e+02 1.071503e+01 9.739376e-01
7.714229e+02 1.013049e+01 9.829546e-01
7.715228e+02 9.624321e+00 9.919210e-01
7.716228e+02 9.034503e+00 1.000837e+00
7.717228e+02 8.774114e+00 1.009702e+00
7.718228e+02 8.883050e+00 1.018517e+00
7.719228e+02 9.299985e+00 1.027281e+00
7.720228e+02 9.935095e+00 1.035995e+00
7.721228e+02 1.054810e+01 1.044658e+00
7.722228e+02 1.088265e+01 1.053272e+00
7.723228e+02 1.075324e+01 1.061835e+00
7.724228e+02 1.035811e+01 1.070348e+00
7.725227e+02 9.790800e+00 1.078811e+00
7.726227e+02 9.182779e+00 1.087225e+00
7.727227e+02 8.998663e+00 1.095588e+00
7.728227e+02 9.001483e+00 1.103902e+00
7.729227e+02 9.544730e+00 1.112166e+00
7.730227e+02 1.010405e+01 1.120381e+00
7.731227e+02 1.059873e+01 1.128546e+00
7.732227e+02 1.101306e+01 1.136661e+00
7.733227e+02 1.081835e+01 1.144728e+00
7.734227e+02 1.035251e+01 1.152745e+00
7.735226e+02 9.822832e+00 1.160713e+00
7.736226e+02 9.274042e+00 1.168632e+00
7.737226e+02 8.943204e+00 1.176502e+00
7.738226e+02 9.071780e+00 1.184323e+00
7.739226e+02 9.482423e+00 1.192096e+00
7.740226e+02 1.014460e+01 1.199820e+00
7.741226e+02 1.072500e+01 1.207496e+00
7.742226e+02 1.097846e+01 1.215123e+00
7.743226e+02 1.083210e+01 1.222702e+00
7.744226e+02 1.037979e+01 1.230233e+00
7.745225e+02 9.769475e+00 1.237715e+00
7.746225e+02 9.323510e+00 1.245150e+00
7.747225e+02 9.021173e+00 1.252537e+00
7.748225e+02 9.107314e+00 1.259876e+00
7.749225e+02 9.487449e+00 1.267168e+00
7.750225e+02 1.011424e+01 1.274412e+00
7.751225e+02 1.074607e+01 1.281609e+00
7.752225e+02 1.092487e+01 1.288759e+00
7.753225e+02 1.099453e+01 1.295862e+00
7.754225e+02 1.043020e+01 1.302918e+00
7.755224e+02 9.874859e+00 1.309926e+00
7.756224e+02 9.334585e+00 1.316889e+00
7.757224e+02 8.967631e+00 1.323804e+00
7.758224e+02 9.155486e+00 1.330674e+00
7.759224e+02 9.491672e+00 1.337497e+00
7.760224e+02 1.014438e+01 1.344273e+00
7.761224e+02 1.059095e+01 1.351004e+00
7.762224e+02 1.090694e+01 1.357689e+00
7.763224e+02 1.085873e+01 1.364328e+00
7.764224e+02 1.051703e+01 1.370922e+00
7.765223e+02 9.770876e+00 1.377470e+00
7.766223e+02 9.282914e+00 1.383973e+00
7.767223e+02 8.949442e+00 1.390430e+00
7.768223e+02 9.084890e+00 1.396843e+00
7.769223e+02 9.574343e+00 1.403211e+00
7.770223e+02 1.011866e+01 1.409534e+00
7.771223e+02 1.064249e+01 1.415812e+00
7.772223e+02 1.095417e+01 1.422046e+00
7.773223e+02 1.084619e+01 1.428236e+00
7.774223e+02 1.027758e+01 1.434382e+00
7.775222e+02 9.705564e+00 1.440483e+00
7.776222e+02 9.150186e+00 1.446541e+00
7.777222e+02 8.973704e+00 1.452555e+00
7.778222e+02 8.966196e+00 1.458526e+00
7.779222e+02 9.290451e+00 1.464453e+00
7.780222e+02 9.945878e+00 1.470337e+00
7.781222e+02 1.047314e+01 1.476178e+00
7.782222e+02 1.075466e+01 1.481977e+00
7.783222e+02 1.063233e+01 1.487732e+00
7.784222e+02 1.015565e+01 1.493445e+00
7.785221e+02 9.660236e+00 1.499116e+00
7.786221e+02 9.084066e+00 1.504744e+00
7.787221e+02 8.771878e+00 1.510330e+00
7.788221e+02 8.715097e+00 1.515875e+00
7.789221e+02 9.307291e+00 1.521378e+00
7.790221e+02 9.898509e+00 1.526839e+00
7.791221e+02 1.030786e+01 1.532259e+00
7.792221e+02 1.068674e+01 1.537637e+00
7.793221e+02 1.051887e+01 1.542975e+00
7.794221e+02 1.009999e+01 1.548271e+00
7.795220e+02 9.409830e+00 1.553527e+00
7.796220e+02 8.942788e+00 1.558743e+00
7.797220e+02 8.545408e+00 1.563918e+00
7.798220e+02 8.576371e+00 1.569053e+00
7.799220e+02 9.012751e+00 1.574148e+00
7.800220e+02 9.670701e+00 1.579203e+00
7.801220e+02 1.012627e+01 1.584219e+00
7.802220e+02 1.050052e+01 1.589195e+00
7.803220e+02 1.047091e+01 1.594132e+00
7.804220e+02 9.972881e+00 1.599029e+00
7.805219e+02 9.258031e+00 1.603888e+00
7.806219e+02 8.734581e+00 1.608708e+00
7.807219e+02 8.373932e+00 1.613489e+00
7.808219e+02 8.350830e+00 1.618232e+00
7.809219e+02 8.891101e+00 1.622937e+00
7.810219e+02 9.434598e+00 1.627604e+00
7.811219e+02 1.002733e+01 1.632233e+00
7.812219e+02 1.024947e+01 1.636824e+00
7.813219e+02 1.013666e+01 1.641378e+00
7.814219e+02 9.715732e+00 1.645895e+00
7.815218e+02 9.005978e+00 1.650374e+00
7.816218e+02 8.490501e+00 1.654817e+00
7.817218e+02 8.175572e+00 1.659223e+00
7.818218e+02 8.093268e+00 1.663592e+00
7.819218e+02 8.560940e+00 1.667925e+00
7.820218e+02 9.164573e+00 1.672222e+00
7.821218e+02 9.707522e+00 1.676483e+00
7.822218e+02 9.931500e+00 1.680708e+00
7.823218e+02 9.878864e+00 1.684898e+00
7.824218e+02 9.461909e+00 1.689052e+00
7.825217e+02 8.751887e+00 1.693171e+00
7.826217e+02 8.158458e+00 1.697254e+00
7.827217e+02 7.842168e+00 1.701304e+00
7.828217e+02 7.919705e+00 1.705318e+00
7.829217e+02 8.298185e+00 1.709298e+00
7.830217e+02 8.916650e+00 1.713244e+00
7.831217e+02 9.443381e+00 1.717155e+00
7.832217e+02 9.614119e+00 1.721033e+00
7.833217e+02 9.588561e+00 1.724877e+00
7.834217e+02 9.130795e+00 1.728688e+00
7.835216e+02 8.471712e+00 1.732466e+00
7.836216e+02 7.899218e+00 1.736210e+00
7.837216e+02 7.466024e+00 1.739922e+00
7.838216e+02 7.612802e+00 1.743600e+00
7.839216e+02 8.007904e+00 1.747247e+00
7.840216e+02 8.500188e+00 1.750861e+00
7.841216e+02 9.023553e+00 1.754443e+00
7.842216e+02 9.335169e+00 1.757993e+00
7.843216e+02 9.138354e+00 1.761511e+00
7.844216e+02 8.797788e+00 1.764998e+00
7.845215e+02 8.061671e+00 1.768454e+00
7.846215e+02 7.535520e+00 1.771878e+00
7.847215e+02 7.103352e+00 1.775272e+00
7.848215e+02 7.333506e+00 1.778634e+00
7.849215e+02 7.699821e+00 1.781967e+00
7.850215e+02 8.190940e+00 1.785269e+00
7.851215e+02 8.758597e+00 1.788541e+00
7.852215e+02 8.999422e+00 1.791783e+00
7.853215e+02 8.895539e+00 1.794995e+00
7.854215e+02 8.377410e+00 1.798178e+00
7.855214e+02 7.661221e+00 1.801332e+00
7.856214e+02 7.189858e+00 1.804456e+00
7.857214e+02 6.860882e+00 1.807552e+00
7.858214e+02 6.975194e+00 1.810619e+00
7.859214e+02 7.276194e+00 1.813657e+00
7.860214e+02 7.770512e+00 1.816667e+00
7.861214e+02 8.302946e+00 1.819649e+00
7.862214e+02 8.661396e+00 1.822604e+00
7.863214e+02 8.572552e+00 1.825530e+00
7.864214e+02 7.982224e+00 1.828429e+00
7.865213e+02 7.316996e+00 1.831301e+00
7.866213e+02 6.777452e+00 1.834145e+00
7.867213e+02 6.497967e+00 1.836963e+00
7.868213e+02 6.454652e+00 1.839754e+00
7.869213e+02 6.834001e+00 1.842519e+00
7.870213e+02 7.424094e+00 1.845257e+00
7.871213e+02 7.934756e+00 1.847970e+00
7.872213e+02 8.093361e+00 1.850656e+00
7.873213e+02 8.012897e+00 1.853317e+00
7.874213e+02 7.566754e+00 1.855953e+00
7.875212e+02 6.989416e+00 1.858563e+00
7.876212e+02 6.315405e+00 1.861148e+00
7.877212e+02 5.934565e+00 1.863708e+00
7.878212e+02 6.082668e+00 1.866244e+00
7.879212e+02 6.428082e+00 1.868755e+00
7.880212e+02 6.909758e+00 1.871242e+00
7.881212e+02 7.456086e+00 1.873705e+00
7.882212e+02 7.730374e+00 1.876145e+00
7.883212e+02 7.590587e+00 1.878560e+00
7.884212e+02 7.179317e+00 1.880953e+00
7.885211e+02 6.493315e+00 1.883322e+00
7.886211e+02 5.919001e+00 1.885668e+00
7.887211e+02 5.540300e+00 1.887991e+00
7.888211e+02 5.600150e+00 1.890292e+00
7.889211e+02 5.882388e+00 1.892570e+00
7.890211e+02 6.460608e+00 1.894826e+00
7.891211e+02 7.054183e+00 1.897060e+00
7.892211e+02 7.230468e+00 1.899273e+00
7.893211e+02 7.107834e+00 1.901464e+00
7.894211e+02 6.675243e+00 1.903633e+00
7.895210e+02 5.993764e+00 1.905782e+00
7.896210e+02 5.339946e+00 1.907909e+00
7.897210e+02 5.042446e+00 1.910016e+00
7.898210e+02 5.003198e+00 1.912102e+00
7.899210e+02 5.458736e+00 1.914168e+00
7.900210e+02 6.056533e+00 1.916214e+00
7.901210e+02 6.656846e+00 1.918240e+00
7.902210e+02 6.779631e+00 1.920246e+00
7.903210e+02 6.637041e+00 1.922232e+00
7.904210e+02 6.117635e+00 1.924200e+00
7.905209e+02 5.502513e+00 1.926148e+00
7.906209e+02 4.930607e+00 1.928077e+00
7.907209e+02 4.554703e+00 1.929988e+00
7.908209e+02 4.484662e+00 1.931880e+00
7.909209e+02 4.876768e+00 1.933753e+00
7.910209e+02 5.514005e+00 1.935609e+00
7.911209e+02 5.985911e+00 1.937447e+00
7.912209e+02 6.182146e+00 1.939267e+00
7.913209e+02 6.109076e+00 1.941070e+00
7.914209e+02 5.677483e+00 1.942855e+00
7.915208e+02 4.942074e+00 1.944623e+00
7.916208e+02 4.434166e+00 1.946374e+00
7.917208e+02 3.921971e+00 1.948109e+00
7.918208e+02 4.093067e+00 1.949827e+00
7.919208e+02 4.298083e+00 1.951529e+00
7.920208e+02 4.998271e+00 1.953215e+00
7.921208e+02 5.465330e+00 1.954885e+00
7.922208e+02 5.800613e+00 1.956539e+00
7.923208e+02 5.508337e+00 1.958178e+00
7.924208e+02 5.026803e+00 1.959801e+00
7.925207e+02 4.478347e+00 1.961409e+00
7.926207e+02 3.764194e+00 1.963003e+00
7.927207e+02 3.357576e+00 1.964581e+00
7.928207e+02 3.334094e+00 1.966146e+00
7.929207e+02 3.795489e+00 1.967696e+00
7.930207e+02 4.439081e+00 1.969231e+00
7.931207e+02 4.867123e+00 1.970753e+00
7.932207e+02 5.125070e+00 1.972261e+00
7.933207e+02 4.951858e+00 1.973756e+00
7.934207e+02 4.502852e+00 1.975237e+00
7.935206e+02 3.789968e+00 1.976706e+00
7.936206e+02 3.133589e+00 1.978161e+00
7.937206e+02 2.882052e+00 1.979603e+00
7.938206e+02 2.889104e+00 1.981033e+00
7.939206e+02 3.301259e+00 1.982451e+00
7.940206e+02 3.800506e+00 1.983856e+00
7.941206e+02 4.329338e+00 1.985250e+00
7.942206e+02 4.609714e+00 1.986631e+00
7.943206e+02 4.464799e+00 1.988001e+00
7.944206e+02 3.972324e+00 1.989360e+00
7.945205e+02 3.194452e+00 1.990707e+00
7.946205e+02 2.690639e+00 1.992043e+00
7.947205e+02 2.236663e+00 1.993369e+00
7.948205e+02 2.324538e+00 1.994683e+00
7.949205e+02 2.674665e+00 1.995988e+00
7.950205e+02 3.216560e+00 1.997282e+00
7.951205e+02 3.806791e+00 1.998565e+00
7.952205e+02 3.957342e+00 1.999839e+00
7.953205e+02 3.702109e+00 2.001103e+00
7.954205e+02 3.369725e+00 2.002358e+00
7.955204e+02 2.676526e+00 2.003603e+00
7.956204e+02 2.066271e+00 2.004839e+00
7.957204e+02 1.730740e+00 2.006066e+00
7.958204e+02 1.724801e+00 2.007284e+00
7.959204e+02 2.034213e+00 2.008493e+00
7.960204e+02 2.567500e+00 2.009694e+00
7.961204e+02 3.128522e+00 2.010886e+00
7.962204e+02 3.378300e+00 2.012071e+00
7.963204e+02 3.195811e+00 2.013247e+00
7.964204e+02 2.749116e+00 2.014415e+00
7.965203e+02 2.075698e+00 2.015576e+00
7.966203e+02 1.307074e+00 2.016729e+00
7.967203e+02 1.042043e+00 2.017875e+00
7.968203e+02 1.000256e+00 2.019014e+00
7.969203e+02 1.510457e+00 2.020146e+00
7.970203e+02 2.006484e+00 2.021271e+00
7.971203e+02 2.376985e+00 2.022389e+00
7.972203e+02 2.748197e+00 2.023501e+00
7.973203e+02 2.642793e+00 2.024606e+00
7.974203e+02 2.112859e+00 2.025705e+00
7.975202e+02 1.410411e+00 2.026799e+00
7.976202e+02 8.520889e-01 2.027886e+00
7.977202e+02 4.513997e-01 2.028968e+00
7.978202e+02 5.250041e-01 2.030044e+00
7.979202e+02 8.160529e-01 2.031114e+00
7.980202e+02 1.369087e+00 2.032179e+00
7.981202e+02 1.927605e+00 2.033240e+00
7.982202e+02 2.044440e+00 2.034295e+00
7.983202e+02 1.916181e+00 2.035345e+00
7.984202e+02 1.491010e+00 2.036391e+00
7.985201e+02 7.472245e-01 2.037432e+00
7.986201e+02 2.289791e-01 2.038468e+00
7.987201e+02 -2.076753e-01 2.039501e+00
7.988201e+02 -1.532737e-01 2.040529e+00
7.989201e+02 2.417907e-01 2.041553e+00
7.990201e+02 7.678031e-01 2.042573e+00
7.991201e+02 1.378310e+00 2.043590e+00
7.992201e+02 1.442364e+00 2.044603e+00
7.993201e+02 1.240167e+00 2.045612e+00
7.994201e+02 8.931717e-01 2.046618e+00
7.995200e+02 1.912944e-01 2.047621e+00
7.996200e+02 -4.520154e-01 2.048620e+00
7.997200e+02 -8.383938e-01 2.049617e+00
7.998200e+02 -8.306685e-01 2.050611e+00
7.999200e+02 -4.646892e-01 2.051601e+00
8.000200e+02 9.308765e-02 2.052589e+00
8.001200e+02 6.315665e-01 2.053575e+00
8.002200e+02 8.132334e-01 2.054558e+00
8.003200e+02 7.186552e-01 2.055539e+00
8.004200e+02 2.117723e-01 2.056517e+00
8.005199e+02 -4.465310e-01 2.057493e+00
8.006199e+02 -1.105224e+00 2.058467e+00
8.007199e+02 -1.460209e+00 2.059439e+00
8.008199e+02 -1.479796e+00 2.060410e+00
8.009199e+02 -1.081712e+00 2.061378e+00
8.010199e+02 -4.716216e-01 2.062344e+00
8.011199e+02 2.169477e-02 2.063309e+00
8.012199e+02 2.836432e-01 2.064273e+00
8.013199e+02 7.492905e-02 2.065235e+00
8.014199e+02 -3.593387e-01 2.066195e+00
8.015198e+02 -1.183013e+00 2.067154e+00
8.016198e+02 -1.742126e+00 2.068112e+00
8.017198e+02 -2.124344e+00 2.069069e+00
8.018198e+02 -2.024111e+00 2.070024e+00
8.019198e+02 -1.676045e+00 2.070979e+00
8.020198e+02 -1.112169e+00 2.071932e+00
8.021198e+02 -5.655339e-01 2.072884e+00
8.022198e+02 -4.462492e-01 2.073836e+00
8.023198e+02 -5.400980e-01 2.074786e+00
8.024198e+02 -1.080377e+00 2.075736e+00
8.025197e+02 -1.761586e+00 2.076685e+00
8.026197e+02 -2.269488e+00 2.077633e+00
8.027197e+02 -2.790186e+00 2.078580e+00
8.028197e+02 -2.653323e+00 2.079527e+00
8.029197e+02 -2.296667e+00 2.080473e+00
8.030197e+02 -1.677938e+00 2.081419e+00
8.031197e+02 -1.251082e+00 2.082364e+00
8.032197e+02 -1.076589e+00 2.083308e+00
8.033197e+02 -1.179586e+00 2.084252e+00
8.034197e+02 -1.735280e+00 2.085195e+00
8.035196e+02 -2.350945e+00 2.086138e+00
8.036196e+02 -2.886393e+00 2.087080e+00
8.037196e+02 -3.290902e+00 2.088022e+00
8.038196e+02 -3.305609e+00 2.088963e+00
8.039196e+02 -2.931617e+00 2.089904e+00
8.040196e+02 -2.397788e+00 2.090844e+00
8.041196e+02 -1.826441e+00 2.091784e+00
8.042196e+02 -1.597141e+00 2.092723e+00
8.043196e+02 -1.674993e+00 2.093662e+00
8.044196e+02 -2.313575e+00 2.094601e+00
8.045195e+02 -2.927117e+00 2.095539e+00
8.046195e+02 -3.438567e+00 2.096476e+00
8.047195e+02 -3.770375e+00 2.097413e+00
8.048195e+02 -3.911426e+00 2.098349e+00
8.049195e+02 -3.601224e+00 2.099285e+00
8.050195e+02 -2.991786e+00 2.100220e+00
8.051195e+02 -2.478818e+00 2.101155e+00
8.052195e+02 -2.298480e+00 2.102089e+00
8.053195e+02 -2.476955e+00 2.103022e+00
8.054195e+02 -2.815240e+00 2.103954e+00
8.055194e+02 -3.425769e+00 2.104886e+00
8.056194e+02 -4.117664e+00 2.105817e+00
8.057194e+02 -4.456888e+00 2.106747e+00
8.058194e+02 -4.469101e+00 2.107677e+00
8.059194e+02 -4.176022e+00 2.108605e+00
8.060194e+02 -3.610050e+00 2.109533e+00
8.061194e+02 -3.053960e+00 2.110459e+00
8.062194e+02 -2.809909e+00 2.111385e+00
8.063194e+02 -2.980958e+00 2.112310e+00
8.064194e+02 -3.485896e+00 2.113233e+00
8.065193e+02 -4.053370e+00 2.114155e+00
8.066193e+02 -4.742389e+00 2.115077e+00
8.067193e+02 -5.079602e+00 2.115997e+00
8.068193e+02 -5.005557e+00 2.116915e+00
8.069193e+02 -4.715915e+00 2.117833e+00
8.070193e+02 -4.078992e+00 2.118749e+00
8.071193e+02 -3.604602e+00 2.119663e+00
8.072193e+02 -3.406687e+00 2.120576e+00
8.073193e+02 -3.544169e+00 2.121488e+00
8.074193e+02 -4.012469e+00 2.122398e+00
8.075192e+02 -4.622130e+00 2.123307e+00
8.076192e+02 -5.231267e+00 2.124213e+00
8.077192e+02 -5.669100e+00 2.125119e+00
8.078192e+02 -5.556794e+00 2.126022e+00
8.079192e+02 -5.267525e+00 2.126923e+00
8.080192e+02 -4.639010e+00 2.127823e+00
8.081192e+02 -4.211685e+00 2.128721e+00
8.082192e+02 -3.939306e+00 2.129617e+00
8.083192e+02 -4.085534e+00 2.130511e+00
8.084192e+02 -4.549206e+00 2.131403e+00
8.085191e+02 -5.236561e+00 2.132293e+00
8.086191e+02 -5.889970e+00 2.133181e+00
8.087191e+02 -6.198105e+00 2.134066e+00
8.088191e+02 -6.193476e+00 2.134950e+00
8.089191e+02 -5.895877e+00 2.135831e+00
8.090191e+02 -5.313349e+00 2.136711e+00
8.091191e+02 -4.776880e+00 2.137588e+00
8.092191e+02 -4.441472e+00 2.138462e+00
8.093191e+02 -4.591429e+00 2.139335e+00
8.094191e+02 -5.105393e+00 2.140205e+00
8.095190e+02 -5.717774e+00 2.141072e+00
8.096190e+02 -6.317895e+00 2.141938e+00
8.097190e+02 -6.640286e+00 2.142801e+00
8.098190e+02 -6.720793e+00 2.143662e+00
8.099190e+02 -6.367479e+00 2.144520e+00
8.100190e+02 -5.758789e+00 2.145376e+00
8.101190e+02 -5.302046e+00 2.146229e+00
8.102190e+02 -5.064602e+00 2.147081e+00
8.103190e+02 -5.038304e+00 2.147929e+00
8.104190e+02 -5.681680e+00 2.148776e+00
8.105189e+02 -6.198700e+00 2.149620e+00
8.106189e+02 -6.825735e+00 2.150462e+00
8.107189e+02 -7.270710e+00 2.151301e+00
8.108189e+02 -7.162629e+00 2.152138e+00
8.109189e+02 -6.786861e+00 2.152973e+00
8.110189e+02 -6.274029e+00 2.153806e+00
8.111189e+02 -5.814603e+00 2.154636e+00
8.112189e+02 -5.491122e+00 2.155464e+00
8.113189e+02 -5.563574e+00 2.156290e+00
8.114189e+02 -6.061610e+00 2.157114e+00
8.115188e+02 -6.754931e+00 2.157936e+00
8.116188e+02 -7.222120e+00 2.158755e+00
8.117188e+02 -7.671731e+00 2.159573e+00
8.118188e+02 -7.632272e+00 2.160389e+00
8.119188e+02 -7.339552e+00 2.161203e+00
8.120188e+02 -6.679794e+00 2.162015e+00
8.121188e+02 -6.329115e+00 2.162826e+00
8.122188e+02 -5.941361e+00 2.163634e+00
8.123188e+02 -6.071358e+00 2.164442e+00
8.124188e+02 -6.497409e+00 2.165247e+00
8.125187e+02 -7.270099e+00 2.166051e+00
8.126187e+02 -7.802551e+00 2.166854e+00
8.127187e+02 -8.098013e+00 2.167656e+00
8.128187e+02 -8.149709e+00 2.168456e+00
8.129187e+02 -7.780240e+00 2.169255e+00
8.130187e+02 -7.176235e+00 2.170053e+00
8.131187e+02 -6.685571e+00 2.170850e+00
8.132187e+02 -6.359773e+00 2.171646e+00
8.133187e+02 -6.529937e+00 2.172442e+00
8.134187e+02 -6.970700e+00 2.173237e+00
8.135186e+02 -7.653369e+00 2.174031e+00
8.136186e+02 -8.147672e+00 2.174824e+00
8.137186e+02 -8.502679e+00 2.175618e+00
8.138186e+02 -8.500533e+00 2.176411e+00
8.139186e+02 -8.105822e+00 2.177204e+00
8.140186e+02 -7.623647e+00 2.177997e+00
8.141186e+02 -7.075748e+00 2.178790e+00
8.142186e+02 -6.751260e+00 2.179583e+00
8.143186e+02 -6.912955e+00 2.180376e+00
8.144186e+02 -7.403453e+00 2.181170e+00
8.145185e+02 -8.028096e+00 2.181964e+00
8.146185e+02 -8.601974e+00 2.182759e+00
8.147185e+02 -8.953693e+00 2.183555e+00
8.148185e+02 -8.945923e+00 2.184351e+00
8.149185e+02 -8.641111e+00 2.185148e+00
8.150185e+02 -7.944677e+00 2.185947e+00
8.151185e+02 -7.374255e+00 2.186747e+00
8.152185e+02 -7.268009e+00 2.187548e+00
8.153185e+02 -7.357396e+00 2.188350e+00
8.154185e+02 -7.749046e+00 2.189154e+00
8.155184e+02 -8.474661e+00 2.189960e+00
8.156184e+02 -8.998039e+00 2.190767e+00
8.157184e+02 -9.274613e+00 2.191576e+00
8.158184e+02 -9.282276e+00 2.192388e+00
8.159184e+02 -8.962561e+00 2.193201e+00
8.160184e+02 -8.338449e+00 2.194017e+00
8.161184e+02 -7.792154e+00 2.194835e+00
8.162184e+02 -7.574540e+00 2.195655e+00
8.163184e+02 -7.686389e+00 2.196478e+00
8.164184e+02 -8.144577e+00 2.197304e+00
8.165183e+02 -8.799086e+00 2.198132e+00
8.166183e+02 -9.355628e+00 2.198964e+00
8.167183e+02 -9.703619e+00 2.199798e+00
8.168183e+02 -9.617369e+00 2.200635e+00
8.169183e+02 -9.295104e+00 2.201476e+00
8.170183e+02 -8.645269e+00 2.202320e+00
8.171183e+02 -8.148148e+00 2.203167e+00
8.172183e+02 -7.881901e+00 2.204018e+00
8.173183e+02 -8.016423e+00 2.204873e+00
8.174183e+02 -8.420579e+00 2.205731e+00
8.175182e+02 -9.050202e+00 2.206593e+00
8.176182e+02 -9.634136e+00 2.207459e+00
8.177182e+02 -9.855827e+00 2.208329e+00
8.178182e+02 -9.845956e+00 2.209203e+00
8.179182e+02 -9.581082e+00 2.210081e+00
8.180182e+02 -8.950021e+00 2.210963e+00
8.181182e+02 -8.423871e+00 2.211850e+00
8.182182e+02 -8.107379e+00 2.212742e+00
8.183182e+02 -8.203001e+00 2.213638e+00
8.184182e+02 -8.591099e+00 2.214538e+00
8.185181e+02 -9.375263e+00 2.215443e+00
8.186181e+02 -9.901390e+00 2.216353e+00
8.187181e+02 -1.017873e+01 2.217268e+00
8.188181e+02 -1.018201e+01 2.218188e+00
8.189181e+02 -9.763238e+00 2.219114e+00
8.190181e+02 -9.186724e+00 2.220044e+00
8.191181e+02 -8.569196e+00 2.220979e+00
8.192181e+02 -8.368126e+00 2.221920e+00
8.193181e+02 -8.455376e+00 2.222867e+00
8.194181e+02 -8.902305e+00 2.223818e+00
8.195180e+02 -9.501073e+00 2.224776e+00
8.196180e+02 -1.008507e+01 2.225739e+00
8.197180e+02 -1.048241e+01 2.226708e+00
8.198180e+02 -1.040916e+01 2.227682e+00
8.199180e+02 -9.977220e+00 2.228663e+00
8.200180e+02 -9.365642e+00 2.229650e+00
8.201180e+02 -8.911985e+00 2.230643e+00
8.202180e+02 -8.503041e+00 2.231642e+00
8.203180e+02 -8.678280e+00 2.232647e+00
8.204180e+02 -9.121095e+00 2.233659e+00
8.205179e+02 -9.749516e+00 2.234677e+00
8.206179e+02 -1.027123e+01 2.235702e+00
8.207179e+02 -1.065087e+01 2.236733e+00
8.208179e+02 -1.047774e+01 2.237772e+00
8.209179e+02 -1.019365e+01 2.238817e+00
8.210179e+02 -9.534803e+00 2.239869e+00
8.211179e+02 -9.051661e+00 2.240928e+00
8.212179e+02 -8.704064e+00 2.241995e+00
8.213179e+02 -8.840760e+00 2.243069e+00
8.214179e+02 -9.154597e+00 2.244150e+00
8.215178e+02 -9.771876e+00 2.245239e+00
8.216178e+02 -1.042430e+01 2.246335e+00
8.217178e+02 -1.081374e+01 2.247439e+00
8.218178e+02 -1.073706e+01 2.248551e+00
8.219178e+02 -1.025606e+01 2.249671e+00
8.220178e+02 -9.748147e+00 2.250800e+00
8.221178e+02 -9.042651e+00 2.251936e+00
8.222178e+02 -8.883583e+00 2.253081e+00
8.223178e+02 -8.957640e+00 2.254235e+00
8.224178e+02 -9.260031e+00 2.255397e+00
8.225177e+02 -9.876761e+00 2.256567e+00
8.226177e+02 -1.061247e+01 2.257747e+00
8.227177e+02 -1.082413e+01 2.258936e+00
8.228177e+02 -1.081429e+01 2.260134e+00
8.229177e+02 -1.049233e+01 2.261342e+00
8.230177e+02 -9.758876e+00 2.262559e+00
8.231177e+02 -9.209544e+00 2.263786e+00
8.232177e+02 -9.065200e+00 2.265023e+00
8.233177e+02 -9.075630e+00 2.266269e+00
8.234177e+02 -9.308479e+00 2.267526e+00
8.235176e+02 -9.968757e+00 2.268793e+00
8.236176e+02 -1.062338e+01 2.270071e+00
8.237176e+02 -1.094571e+01 2.271359e+00
8.238176e+02 -1.079080e+01 2.272659e+00
8.239176e+02 -1.042599e+01 2.273969e+00
8.240176e+02 -9.848926e+00 2.275291e+00
8.241176e+02 -9.324799e+00 2.276624e+00
8.242176e+02 -9.066449e+00 2.277968e+00
8.243176e+02 -9.071208e+00 2.279325e+00
8.244176e+02 -9.473579e+00 2.280693e+00
8.245175e+02 -1.013043e+01 2.282074e+00
8.246175e+02 -1.062981e+01 2.283467e+00
8.247175e+02 -1.092313e+01 2.284873e+00
8.248175e+02 -1.093025e+01 2.286291e+00
8.249175e+02 -1.051571e+01 2.287722e+00
8.250175e+02 -9.926354e+00 2.289167e+00
8.251175e+02 -9.367887e+00 2.290625e+00
8.252175e+02 -9.013166e+00 2.292096e+00
8.253175e+02 -9.055418e+00 2.293582e+00
8.254175e+02 -9.544670e+00 2.295081e+00
8.255174e+02 -1.010446e+01 2.296595e+00
8.256174e+02 -1.061477e+01 2.298123e+00
8.257174e+02 -1.089163e+01 2.299665e+00
8.258174e+02 -1.094303e+01 2.301223e+00
8.259174e+02 -1.039040e+01 2.302796e+00
8.260174e+02 -9.944691e+00 2.304384e+00
8.261174e+02 -9.254195e+00 2.305987e+00
8.262174e+02 -8.956427e+00 2.307607e+00
8.263174e+02 -9.043141e+00 2.309242e+00
8.264174e+02 -9.415674e+00 2.310894e+00
8.265173e+02 -1.013714e+01 2.312562e+00
8.266173e+02 -1.063712e+01 2.314246e+00
8.267173e+02 -1.087696e+01 2.315948e+00
8.268173e+02 -1.091207e+01 2.317666e+00
8.269173e+02 -1.046174e+01 2.319402e+00
8.270173e+02 -9.809860e+00 2.321156e+00
8.271173e+02 -9.243545e+00 2.322927e+00
8.272173e+02 -8.896024e+00 2.324716e+00
8.273173e+02 -8.946374e+00 2.326523e+00
8.274173e+02 -9.339210e+00 2.328349e+00
8.275172e+02 -1.002082e+01 2.330194e+00
8.276172e+02 -1.049037e+01 2.332057e+00
8.277172e+02 -1.085047e+01 2.333939e+00
8.278172e+02 -1.084518e+01 2.335841e+00
8.279172e+02 -1.028467e+01 2.337762e+00
8.280172e+02 -9.667845e+00 2.339703e+00
8.281172e+02 -9.154914e+00 2.341664e+00
8.282172e+02 -8.766429e+00 2.343645e+00
8.283172e+02 -8.896282e+00 2.345646e+00
8.284172e+02 -9.236677e+00 2.347668e+00
8.285171e+02 -9.925366e+00 2.349710e+00
8.286171e+02 -1.042111e+01 2.351774e+00
8.287171e+02 -1.071108e+01 2.353859e+00
8.288171e+02 -1.060405e+01 2.355965e+00
8.289171e+02 -1.029312e+01 2.358093e+00
8.290171e+02 -9.526295e+00 2.360242e+00
8.291171e+02 -8.953827e+00 2.362413e+00
8.292171e+02 -8.713547e+00 2.364607e+00
8.293171e+02 -8.828693e+00 2.366823e+00
8.294171e+02 -9.115679e+00 2.369061e+00
8.295170e+02 -9.704768e+00 2.371322e+00
8.296170e+02 -1.024521e+01 2.373606e+00
8.297170e+02 -1.052094e+01 2.375913e+00
8.298170e+02 -1.038672e+01 2.378244e+00
8.299170e+02 -9.959651e+00 2.380597e+00
8.300170e+02 -9.361118e+00 2.382974e+00
8.301170e+02 -8.755374e+00 2.385375e+00
8.302170e+02 -8.482057e+00 2.387800e+00
8.303170e+02 -8.600059e+00 2.390249e+00
8.304170e+02 -8.930025e+00 2.392722e+00
8.305169e+02 -9.489900e+00 2.395220e+00
8.306169e+02 -9.953007e+00 2.397742e+00
8.307169e+02 -1.035238e+01 2.400289e+00
8.308169e+02 -1.025261e+01 2.402860e+00
8.309169e+02 -9.833688e+00 2.405456e+00
8.310169e+02 -9.209234e+00 2.408078e+00
8.311169e+02 -8.566040e+00 2.410725e+00
8.312169e+02 -8.326341e+00 2.413397e+00
8.313169e+02 -8.328112e+00 2.416095e+00
8.314169e+02 -8.695354e+00 2.418818e+00
8.315168e+02 -9.278594e+00 2.421567e+00
8.316168e+02 -9.738403e+00 2.424342e+00
8.317168e+02 -1.013843e+01 2.427142e+00
8.318168e+02 -9.915591e+00 2.429969e+00
8.319168e+02 -9.660180e+00 2.432822e+00
8.320168e+02 -8.903456e+00 2.435702e+00
8.321168e+02 -8.347186e+00 2.438607e+00
8.322168e+02 -8.014748e+00 2.441540e+00
8.323168e+02 -7.994541e+00 2.444499e+00
8.324168e+02 -8.379647e+00 2.447484e+00
8.325167e+02 -8.936006e+00 2.450496e+00
8.326167e+02 -9.531587e+00 2.453535e+00
8.327167e+02 -9.868496e+00 2.456601e+00
8.328167e+02 -9.697372e+00 2.459694e+00
8.329167e+02 -9.248231e+00 2.462814e+00
8.330167e+02 -8.625580e+00 2.465962e+00
8.331167e+02 -7.997493e+00 2.469136e+00
8.332167e+02 -7.704215e+00 2.472338e+00
8.333167e+02 -7.761475e+00 2.475567e+00
8.334167e+02 -8.032541e+00 2.478823e+00
8.335166e+02 -8.663382e+00 2.482107e+00
8.336166e+02 -9.122882e+00 2.485419e+00
8.337166e+02 -9.529166e+00 2.488758e+00
8.338166e+02 -9.346703e+00 2.492124e+00
8.339166e+02 -8.929868e+00 2.495518e+00
8.340166e+02 -8.315795e+00 2.498940e+00
8.341166e+02 -7.757799e+00 2.502390e+00
8.342166e+02 -7.404690e+00 2.505867e+00
8.343166e+02 -7.417492e+00 2.509372e+00
8.344166e+02 -7.823340e+00 2.512905e+00
8.345165e+02 -8.400489e+00 2.516465e+00
8.346165e+02 -8.808727e+00 2.520054e+00
8.347165e+02 -9.194027e+00 2.523670e+00
8.348165e+02 -9.048862e+00 2.527314e+00
8.349165e+02 -8.601595e+00 2.530986e+00
8.350165e+02 -7.953662e+00 2.534686e+00
8.351165e+02 -7.319931e+00 2.538414e+00
8.352165e+02 -7.088641e+00 2.542170e+00
8.353165e+02 -7.142030e+00 2.545953e+00
8.354165e+02 -7.389077e+00 2.549765e+00
8.355164e+02 -8.113751e+00 2.553604e+00
8.356164e+02 -8.525603e+00 2.557471e+00
8.357164e+02 -8.733974e+00 2.561366e+00
8.358164e+02 -8.733000e+00 2.565289e+00
8.359164e+02 -8.215792e+00 2.569240e+00
8.360164e+02 -7.592789e+00 2.573218e+00
8.361164e+02 -7.006738e+00 2.577225e+00
8.362164e+02 -6.567574e+00 2.581259e+00
8.363164e+02 -6.640791e+00 2.585321e+00
8.364164e+02 -6.965740e+00 2.589410e+00
8.365163e+02 -7.679086e+00 2.593527e+00
8.366163e+02 -8.079342e+00 2.597672e+00
8.367163e+02 -8.412087e+00 2.601844e+00
8.368163e+02 -8.244198e+00 2.606044e+00
8.369163e+02 -7.839829e+00 2.610272e+00
8.370163e+02 -7.151928e+00 2.614527e+00
8.371163e+02 -6.647710e+00 2.618809e+00
8.372163e+02 -6.227144e+00 2.623119e+00
8.373163e+02 -6.244856e+00 2.627456e+00
8.374163e+02 -6.617153e+00 2.631821e+00
8.375162e+02 -7.141156e+00 2.636213e+00
8.376162e+02 -7.683224e+00 2.640632e+00
8.377162e+02 -7.940638e+00 2.645078e+00
8.378162e+02 -7.866370e+00 2.649551e+00
8.379162e+02 -7.408295e+00 2.654051e+00
8.380162e+02 -6.746254e+00 2.658578e+00
8.381162e+02 -6.114767e+00 2.663132e+00
8.382162e+02 -5.792360e+00 2.667713e+00
8.383162e+02 -5.798204e+00 2.672320e+00
8.384162e+02 -6.181047e+00 2.676954e+00
8.385161e+02 -6.764955e+00 2.681615e+00
8.386161e+02 -7.199828e+00 2.686302e+00
8.387161e+02 -7.578777e+00 2.691016e+00
8.388161e+02 -7.360624e+00 2.695756e+00
8.389161e+02 -6.866608e+00 2.700523e+00
8.390161e+02 -6.247300e+00 2.705315e+00
8.391161e+02 -5.630144e+00 2.710134e+00
8.392161e+02 -5.263653e+00 2.714979e+00
8.393161e+02 -5.309238e+00 2.719850e+00
8.394161e+02 -5.704526e+00 2.724747e+00
8.395160e+02 -6.236139e+00 2.729669e+00
8.396160e+02 -6.703974e+00 2.734618e+00
8.397160e+02 -7.037749e+00 2.739591e+00
8.398160e+02 -6.929707e+00 2.744591e+00
8.399160e+02 -6.440869e+00 2.749616e+00
8.400160e+02 -5.785345e+00 2.754666e+00
8.401160e+02 -5.197796e+00 2.759741e+00
8.402160e+02 -4.820439e+00 2.764842e+00
8.403160e+02 -4.818203e+00 2.769968e+00
8.404160e+02 -5.190394e+00 2.775118e+00
8.405159e+02 -5.721709e+00 2.780294e+00
8.406159e+02 -6.264276e+00 2.785494e+00
8.407159e+02 -6.414452e+00 2.790719e+00
8.408159e+02 -6.297547e+00 2.795968e+00
8.409159e+02 -5.898933e+00 2.801242e+00
8.410159e+02 -5.220890e+00 2.806540e+00
8.411159e+02 -4.568293e+00 2.811863e+00
8.412159e+02 -4.294379e+00 2.817209e+00
8.413159e+02 -4.359636e+00 2.822580e+00
8.414159e+02 -4.629281e+00 2.827974e+00
8.415158e+02 -5.204973e+00 2.833392e+00
8.416158e+02 -5.702416e+00 2.838834e+00
8.417158e+02 -5.847535e+00 2.844299e+00
8.418158e+02 -5.837013e+00 2.849788e+00
8.419158e+02 -5.326367e+00 2.855300e+00
8.420158e+02 -4.651420e+00 2.860836e+00
8.421158e+02 -4.076913e+00 2.866394e+00
8.422158e+02 -3.646288e+00 2.871976e+00
8.423158e+02 -3.781829e+00 2.877580e+00
8.424158e+02 -4.038002e+00 2.883207e+00
8.425157e+02 -4.672640e+00 2.888856e+00
8.426157e+02 -5.099358e+00 2.894528e+00
8.427157e+02 -5.385074e+00 2.900223e+00
8.428157e+02 -5.344270e+00 2.905939e+00
8.429157e+02 -4.747940e+00 2.911678e+00
8.430157e+02 -4.127794e+00 2.917439e+00
8.431157e+02 -3.514303e+00 2.923221e+00
8.432157e+02 -3.139163e+00 2.929026e+00
8.433157e+02 -3.221814e+00 2.934851e+00
8.434157e+02 -3.529310e+00 2.940699e+00
8.435156e+02 -4.005836e+00 2.946567e+00
8.436156e+02 -4.552132e+00 2.952457e+00
8.437156e+02 -4.915588e+00 2.958368e+00
8.438156e+02 -4.654708e+00 2.964299e+00
8.439156e+02 -4.275182e+00 2.970252e+00
8.440156e+02 -3.556119e+00 2.976225e+00
8.441156e+02 -2.953872e+00 2.982218e+00
8.442156e+02 -2.554898e+00 2.988232e+00
8.443156e+02 -2.669995e+00 2.994267e+00
8.444156e+02 -2.845879e+00 3.000321e+00
8.445155e+02 -3.420623e+00 3.006395e+00
8.446155e+02 -4.005372e+00 3.012489e+00
8.447155e+02 -4.265102e+00 3.018602e+00
8.448155e+02 -4.065644e+00 3.024736e+00
8.449155e+02 -3.639918e+00 3.030888e+00
8.450155e+02 -2.929352e+00 3.037060e+00
8.451155e+02 -2.334013e+00 3.043250e+00
8.452155e+02 -2.057291e+00 3.049460e+00
8.453155e+02 -2.058244e+00 3.055689e+00
8.454155e+02 -2.315808e+00 3.061936e+00
8.455154e+02 -2.860560e+00 3.068201e+00
8.456154e+02 -3.453673e+00 3.074485e+00
8.457154e+02 -3.605126e+00 3.080787e+00
8.458154e+02 -3.544302e+00 3.087107e+00
8.459154e+02 -2.959539e+00 3.093445e+00
8.460154e+02 -2.433695e+00 3.099800e+00
8.461154e+02 -1.752289e+00 3.106173e+00
8.462154e+02 -1.402214e+00 3.112564e+00
8.463154e+02 -1.362827e+00 3.118972e+00
8.464154e+02 -1.718197e+00 3.125396e+00
8.465153e+02 -2.208063e+00 3.131838e+00
8.466153e+02 -2.804044e+00 3.138296e+00
8.467153e+02 -3.063859e+00 3.144771e+00
8.468153e+02 -2.919881e+00 3.151263e+00
8.469153e+02 -2.458333e+00 3.157771e+00
8.470153e+02 -1.905353e+00 3.164294e+00
8.471153e+02 -1.078915e+00 3.170834e+00
8.472153e+02 -7.621729e-01 3.177390e+00
8.473153e+02 -7.773580e-01 3.183961e+00
8.474153e+02 -1.111849e+00 3.190547e+00
8.475152e+02 -1.581862e+00 3.197149e+00
8.476152e+02 -2.129412e+00 3.203766e+00
8.477152e+02 -2.369842e+00 3.210398e+00
8.478152e+02 -2.140083e+00 3.217044e+00
8.479152e+02 -1.858538e+00 3.223705e+00
8.480152e+02 -1.190463e+00 3.230381e+00
8.481152e+02 -4.967484e-01 3.237071e+00
8.482152e+02 -2.247251e-01 3.243775e+00
8.483152e+02 -1.427578e-01 3.250492e+00
8.484152e+02 -4.315694e-01 3.257224e+00
8.485151e+02 -1.019464e+00 3.263969e+00
8.486151e+02 -1.425141e+00 3.270727e+00
8.487151e+02 -1.716156e+00 3.277499e+00
8.488151e+02 -1.670095e+00 3.284283e+00
8.489151e+02 -1.172417e+00 3.291080e+00
8.490151e+02 -4.745059e-01 3.297890e+00
8.491151e+02 8.399192e-02 3.304713e+00
8.492151e+02 4.587017e-01 3.311547e+00
8.493151e+02 4.861110e-01 3.318394e+00
8.494151e+02 8.711061e-02 3.325253e+00
8.495150e+02 -4.873494e-01 3.332123e+00
8.496150e+02 -9.209000e-01 3.339005e+00
8.497150e+02 -1.127619e+00 3.345898e+00
8.498150e+02 -1.066988e+00 3.352803e+00
8.499150e+02 -5.793992e-01 3.359718e+00
8.500150e+02 7.885254e-02 3.366645e+00
8.501150e+02 7.486531e-01 3.373581e+00
8.502150e+02 1.026992e+00 3.380529e+00
8.503150e+02 1.103235e+00 3.387486e+00
8.504150e+02 7.527231e-01 3.394454e+00
8.505149e+02 2.848208e-01 3.401431e+00
8.506149e+02 -2.694205e-01 3.408418e+00
8.507149e+02 -5.210922e-01 3.415414e+00
8.508149e+02 -4.598314e-01 3.422420e+00
8.509149e+02 4.779575e-02 3.429435e+00
8.510149e+02 6.873519e-01 3.436458e+00
8.511149e+02 1.353941e+00 3.443490e+00
8.512149e+02 1.768818e+00 3.450531e+00
8.513149e+02 1.708700e+00 3.457580e+00
8.514149e+02 1.394937e+00 3.464637e+00
8.515148e+02 8.204293e-01 3.471702e+00
8.516148e+02 3.764988e-01 3.478775e+00
8.517148e+02 3.212326e-02 3.485855e+00
8.518148e+02 2.831546e-01 3.492942e+00
8.519148e+02 7.613547e-01 3.500037e+00
8.520148e+02 1.449649e+00 3.507138e+00
8.521148e+02 2.049863e+00 3.514246e+00
8.522148e+02 2.383514e+00 3.521361e+00
8.523148e+02 2.373559e+00 3.528482e+00
8.524148e+02 1.949619e+00 3.535609e+00
8.525147e+02 1.539064e+00 3.542742e+00
8.526147e+02 9.310429e-01 3.549880e+00
8.527147e+02 7.963633e-01 3.557024e+00
8.528147e+02 9.399495e-01 3.564173e+00
8.529147e+02 1.328598e+00 3.571328e+00
8.530147e+02 1.994077e+00 3.578487e+00
8.531147e+02 2.634409e+00 3.585650e+00
8.532147e+02 2.908017e+00 3.592819e+00
8.533147e+02 3.042606e+00 3.599991e+00
8.534147e+02 2.632689e+00 3.607168e+00
8.535146e+02 2.169315e+00 3.614348e+00
8.536146e+02 1.573494e+00 3.621532e+00
8.537146e+02 1.228889e+00 3.628719e+00
8.538146e+02 1.426907e+00 3.635910e+00
8.539146e+02 1.933574e+00 3.643104e+00
8.540146e+02 2.609824e+00 3.650300e+00
8.541146e+02 3.186738e+00 3.657499e+00
8.542146e+02 3.584556e+00 3.664700e+00
8.543146e+02 3.538390e+00 3.671904e+00
8.544146e+02 3.170630e+00 3.679109e+00
8.545145e+02 2.723187e+00 3.686317e+00
8.546145e+02 2.304338e+00 3.693525e+00
8.547145e+02 1.952260e+00 3.700736e+00
8.548145e+02 2.084856e+00 3.707947e+00
8.549145e+02 2.526825e+00 3.715159e+00
8.550145e+02 3.120471e+00 3.722372e+00
8.551145e+02 3.813433e+00 3.729585e+00
8.552145e+02 4.256724e+00 3.736799e+00
8.553145e+02 4.191991e+00 3.744013e+00
8.554145e+02 3.765409e+00 3.751227e+00
8.555144e+02 3.322161e+00 3.758440e+00
8.556144e+02 2.857708e+00 3.765653e+00
8.557144e+02 2.609626e+00 3.772865e+00
8.558144e+02 2.605605e+00 3.780077e+00
8.559144e+02 3.058856e+00 3.787287e+00
8.560144e+02 3.770001e+00 3.794495e+00
8.561144e+02 4.507818e+00 3.801703e+00
8.562144e+02 4.707871e+00 3.808908e+00
8.563144e+02 4.742100e+00 3.816111e+00
8.564144e+02 4.225054e+00 3.823313e+00
8.565143e+02 3.980594e+00 3.830512e+00
8.566143e+02 3.389673e+00 3.837708e+00
8.567143e+02 3.198985e+00 3.844901e+00
8.568143e+02 3.341216e+00 3.852092e+00
8.569143e+02 3.691909e+00 3.859279e+00
8.570143e+02 4.414290e+00 3.866463e+00
8.571143e+02 5.010971e+00 3.873644e+00
8.572143e+02 5.425310e+00 3.880820e+00
8.573143e+02 5.377794e+00 3.887993e+00
8.574143e+02 5.002652e+00 3.895161e+00
8.575142e+02 4.427008e+00 3.902325e+00
8.576142e+02 3.893830e+00 3.909484e+00
8.577142e+02 3.641196e+00 3.916639e+00
8.578142e+02 3.783778e+00 3.923788e+00
8.579142e+02 4.268354e+00 3.930932e+00
8.580142e+02 4.942891e+00 3.938071e+00
8.581142e+02 5.507064e+00 3.945204e+00
8.582142e+02 5.948846e+00 3.952332e+00
8.583142e+02 5.939944e+00 3.959453e+00
8.584142e+02 5.484596e+00 3.966569e+00
8.585141e+02 5.023971e+00 3.973677e+00
8.586141e+02 4.513123e+00 3.980780e+00
8.587141e+02 4.183318e+00 3.987875e+00
8.588141e+02 4.256686e+00 3.994964e+00
8.589141e+02 4.858311e+00 4.002045e+00
8.590141e+02 5.424091e+00 4.009119e+00
8.591141e+02 6.057855e+00 4.016186e+00
8.592141e+02 6.378706e+00 4.023244e+00
8.593141e+02 6.351403e+00 4.030295e+00
8.594141e+02 6.049070e+00 4.037338e+00
8.595140e+02 5.527577e+00 4.044372e+00
8.596140e+02 5.015956e+00 4.051398e+00
8.597140e+02 4.853666e+00 4.058416e+00
8.598140e+02 4.890579e+00 4.065424e+00
8.599140e+02 5.343963e+00 4.072424e+00
8.600140e+02 5.925406e+00 4.079414e+00
8.601140e+02 6.644709e+00 4.086395e+00
8.602140e+02 6.953048e+00 4.093366e+00
8.603140e+02 6.985377e+00 4.100327e+00
8.604140e+02 6.633898e+00 4.107279e+00
8.605139e+02 5.975965e+00 4.114220e+00
8.606139e+02 5.589536e+00 4.121152e+00
8.607139e+02 5.205608e+00 4.128072e+00
8.608139e+02 5.377525e+00 4.134982e+00
8.609139e+02 5.765471e+00 4.141882e+00
8.610139e+02 6.426794e+00 4.148770e+00
8.611139e+02 7.051150e+00 4.155647e+00
8.612139e+02 7.527745e+00 4.162513e+00
8.613139e+02 7.481637e+00 4.169367e+00
8.614139e+02 7.124730e+00 4.176210e+00
8.615138e+02 6.505777e+00 4.183041e+00
8.616138e+02 6.049854e+00 4.189860e+00
8.617138e+02 5.653727e+00 4.196666e+00
8.618138e+02 5.837421e+00 4.203461e+00
8.619138e+02 6.306298e+00 4.210243e+00
8.620138e+02 6.971720e+00 4.217012e+00
8.621138e+02 7.494285e+00 4.223769e+00
8.622138e+02 7.959305e+00 4.230512e+00
8.623138e+02 7.810821e+00 4.237243e+00
8.624138e+02 7.554712e+00 4.243960e+00
8.625137e+02 7.012862e+00 4.250664e+00
8.626137e+02 6.480947e+00 4.257354e+00
8.627137e+02 6.221550e+00 4.264031e+00
8.628137e+02 6.252505e+00 4.270694e+00
8.629137e+02 6.740669e+00 4.277342e+00
8.630137e+02 7.450273e+00 4.283977e+00
8.631137e+02 8.046250e+00 4.290597e+00
8.632137e+02 8.376608e+00 4.297203e+00
8.633137e+02 8.413851e+00 4.303794e+00
8.634137e+02 8.032852e+00 4.310371e+00
8.635136e+02 7.367257e+00 4.316933e+00
8.636136e+02 6.781568e+00 4.323479e+00
8.637136e+02 6.676511e+00 4.330011e+00
8.638136e+02 6.752119e+00 4.336527e+00
8.639136e+02 7.058220e+00 4.343028e+00
8.640136e+02 7.810434e+00 4.349513e+00
8.641136e+02 8.440194e+00 4.355983e+00
8.642136e+02 8.815672e+00 4.362437e+00
8.643136e+02 8.699490e+00 4.368875e+00
8.644136e+02 8.379363e+00 4.375297e+00
8.645135e+02 7.836636e+00 4.381703e+00
8.646135e+02 7.233348e+00 4.388093e+00
8.647135e+02 6.958538e+00 4.394466e+00
8.648135e+02 7.038102e+00 4.400822e+00
8.649135e+02 7.543430e+00 4.407162e+00
8.650135e+02 8.288276e+00 4.413486e+00
8.651135e+02 8.783308e+00 4.419792e+00
8.652135e+02 9.144032e+00 4.426081e+00
8.653135e+02 9.223754e+00 4.432354e+00
8.654135e+02 8.748909e+00 4.438609e+00
8.655134e+02 8.164717e+00 4.444847e+00
8.656134e+02 7.683924e+00 4.451067e+00
8.657134e+02 7.303233e+00 4.457270e+00
8.658134e+02 7.428860e+00 4.463455e+00
8.659134e+02 7.933693e+00 4.469623e+00
8.660134e+02 8.434384e+00 4.475772e+00
8.661134e+02 9.189625e+00 4.481904e+00
8.662134e+02 9.457605e+00 4.488018e+00
8.663134e+02 9.422989e+00 4.494113e+00
8.664134e+02 9.152770e+00 4.500191e+00
8.665133e+02 8.599074e+00 4.506250e+00
8.666133e+02 7.991369e+00 4.512291e+00
8.667133e+02 7.708909e+00 4.518313e+00
8.668133e+02 7.806805e+00 4.524317e+00
8.669133e+02 8.169861e+00 4.530302e+00
8.670133e+02 8.904096e+00 4.536268e+00
8.671133e+02 9.471419e+00 4.542216e+00
8.672133e+02 9.719874e+00 4.548145e+00
8.673133e+02 9.766111e+00 4.554054e+00
8.674133e+02 9.430062e+00 4.559945e+00
8.675132e+02 8.808955e+00 4.565817e+00
8.676132e+02 8.340435e+00 4.571669e+00
8.677132e+02 8.043351e+00 4.577502e+00
8.678132e+02 8.002007e+00 4.583316e+00
8.679132e+02 8.515871e+00 4.589111e+00
8.680132e+02 9.129349e+00 4.594886e+00
8.681132e+02 9.628382e+00 4.600641e+00
8.682132e+02 1.006366e+01 4.606377e+00
8.683132e+02 1.011053e+01 4.612093e+00
8.684132e+02 9.744047e+00 4.617790e+00
8.685131e+02 9.111529e+00 4.623467e+00
8.686131e+02 8.528030e+00 4.629124e+00
8.687131e+02 8.182261e+00 4.634761e+00
8.688131e+02 8.359676e+00 4.640378e+00
8.689131e+02 8.781385e+00 4.645976e+00
8.690131e+02 9.317409e+00 4.651553e+00
8.691131e+02 9.892215e+00 4.657110e+00
8.692131e+02 1.032580e+01 4.662647e+00
8.693131e+02 1.031537e+01 4.668164e+00
8.694131e+02 9.908307e+00 4.673661e+00
8.695130e+02 9.303937e+00 4.679138e+00
8.696130e+02 8.798760e+00 4.684594e+00
8.697130e+02 8.498133e+00 4.690030e+00
8.698130e+02 8.596493e+00 4.695446e+00
8.699130e+02 9.027411e+00 4.700841e+00
8.700130e+02 9.538081e+00 4.706216e+00
8.701130e+02 1.022185e+01 4.711570e+00
8.702130e+02 1.048812e+01 4.716904e+00
8.703130e+02 1.047777e+01 4.722218e+00
8.704130e+02 1.010978e+01 4.727511e+00
8.705129e+02 9.539564e+00 4.732783e+00
8.706129e+02 9.005605e+00 4.738035e+00
8.707129e+02 8.610166e+00 4.743266e+00
8.708129e+02 8.706375e+00 4.748477e+00
8.709129e+02 9.078853e+00 4.753667e+00
8.710129e+02 9.760541e+00 4.758837e+00
8.711129e+02 1.032506e+01 4.763986e+00
8.712129e+02 1.075593e+01 4.769114e+00
8.713129e+02 1.068370e+01 4.774221e+00
8.714129e+02 1.025916e+01 4.779308e+00
8.715128e+02 9.715627e+00 4.784374e+00
8.716128e+02 9.206073e+00 4.789420e+00
8.717128e+02 8.825282e+00 4.794444e+00
8.718128e+02 8.874497e+00 4.799448e+00
8.719128e+02 9.254618e+00 4.804432e+00
8.720128e+02 9.899377e+00 4.809394e+00
8.721128e+02 1.051415e+01 4.814336e+00
8.722128e+02 1.072965e+01 4.819257e+00
8.723128e+02 1.080846e+01 4.824158e+00
8.724128e+02 1.041788e+01 4.829038e+00
8.725127e+02 9.871633e+00 4.833897e+00
8.726127e+02 9.211520e+00 4.838735e+00
8.727127e+02 8.918567e+00 4.843553e+00
8.728127e+02 9.038595e+00 4.848350e+00
8.729127e+02 9.447426e+00 4.853127e+00
8.730127e+02 9.994583e+00 4.857883e+00
8.731127e+02 1.054134e+01 4.862618e+00
8.732127e+02 1.092160e+01 4.867333e+00
8.733127e+02 1.085836e+01 4.872027e+00
8.734127e+02 1.043051e+01 4.876700e+00
8.735126e+02 9.813454e+00 4.881353e+00
8.736126e+02 9.243005e+00 4.885986e+00
8.737126e+02 9.021524e+00 4.890598e+00
8.738126e+02 9.202507e+00 4.895189e+00
8.739126e+02 9.440328e+00 4.899760e+00
8.740126e+02 1.002644e+01 4.904311e+00
8.741126e+02 1.058305e+01 4.908841e+00
8.742126e+02 1.094642e+01 4.913351e+00
8.743126e+02 1.088988e+01 4.917841e+00
8.744126e+02 1.057155e+01 4.922310e+00
8.745125e+02 9.972180e+00 4.926759e+00
8.746125e+02 9.251564e+00 4.931188e+00
8.747125e+02 9.053411e+00 4.935596e+00
8.748125e+02 9.050798e+00 4.939985e+00
8.749125e+02 9.530379e+00 4.944353e+00
8.750125e+02 1.011712e+01 4.948701e+00
8.751125e+02 1.066699e+01 4.953029e+00
8.752125e+02 1.099219e+01 4.957337e+00
8.753125e+02 1.084476e+01 4.961625e+00
8.754125e+02 1.054154e+01 4.965894e+00
8.755124e+02 9.977887e+00 4.970142e+00
8.756124e+02 9.371577e+00 4.974371e+00
8.757124e+02 9.078647e+00 4.978579e+00
8.758124e+02 9.108310e+00 4.982768e+00
8.759124e+02 9.436164e+00 4.986938e+00
8.760124e+02 1.008328e+01 4.991087e+00
8.761124e+02 1.072008e+01 4.995217e+00
8.762124e+02 1.090448e+01 4.999328e+00
8.763124e+02 1.095404e+01 5.003419e+00
8.764124e+02 1.044173e+01 5.007491e+00
8.765123e+02 9.780889e+00 5.011543e+00
8.766123e+02 9.295585e+00 5.015576e+00
8.767123e+02 8.987189e+00 5.019589e+00
8.768123e+02 9.009905e+00 5.023584e+00
8.769123e+02 9.408956e+00 5.027559e+00
8.770123e+02 1.003740e+01 5.031515e+00
8.771123e+02 1.057652e+01 5.035452e+00
8.772123e+02 1.094131e+01 5.039370e+00
8.773123e+02 1.077498e+01 5.043269e+00
8.774123e+02 1.041514e+01 5.047150e+00
8.775122e+02 9.854911e+00 5.051011e+00
8.776122e+02 9.212014e+00 5.054854e+00
8.777122e+02 8.823707e+00 5.058678e+00
8.778122e+02 8.813524e+00 5.062483e+00
8.779122e+02 9.342075e+00 5.066270e+00
8.780122e+02 9.852179e+00 5.070039e+00
8.781122e+02 1.045423e+01 5.073789e+00
8.782122e+02 1.076246e+01 5.077520e+00
8.783122e+02 1.067516e+01 5.081233e+00
8.784122e+02 1.028676e+01 5.084928e+00
8.785121e+02 9.559390e+00 5.088605e+00
8.786121e+02 9.117995e+00 5.092264e+00
8.787121e+02 8.725748e+00 5.095905e+00
8.788121e+02 8.859079e+00 5.099528e+00
8.789121e+02 9.152311e+00 5.103133e+00
8.790121e+02 9.756995e+00 5.106720e+00
8.791121e+02 1.035679e+01 5.110289e+00
8.792121e+02 1.065604e+01 5.113841e+00
8.793121e+02 1.053912e+01 5.117375e+00
8.794121e+02 1.008466e+01 5.120891e+00
8.795120e+02 9.490998e+00 5.124391e+00
8.796120e+02 8.863061e+00 5.127872e+00
8.797120e+02 8.525756e+00 5.131337e+00
8.798120e+02 8.577366e+00 5.134784e+00
8.799120e+02 9.062948e+00 5.138214e+00
8.800120e+02 9.588147e+00 5.141627e+00
8.801120e+02 1.029713e+01 5.145022e+00
8.802120e+02 1.035662e+01 5.148401e+00
8.803120e+02 1.040001e+01 5.151763e+00
8.804120e+02 1.000194e+01 5.155109e+00
8.805119e+02 9.314104e+00 5.158437e+00
8.806119e+02 8.720289e+00 5.161749e+00
8.807119e+02 8.446945e+00 5.165044e+00
8.808119e+02 8.379579e+00 5.168323e+00
8.809119e+02 8.804496e+00 5.171585e+00
8.810119e+02 9.282493e+00 5.174831e+00
8.811119e+02 9.884185e+00 5.178061e+00
8.812119e+02 1.023697e+01 5.181275e+00
8.813119e+02 1.009681e+01 5.184472e+00
8.814119e+02 9.714785e+00 5.187653e+00
8.815118e+02 9.114582e+00 5.190819e+00
8.816118e+02 8.375889e+00 5.193968e+00
8.817118e+02 8.190647e+00 5.197102e+00
8.818118e+02 8.224842e+00 5.200220e+00
8.819118e+02 8.574693e+00 5.203322e+00
8.820118e+02 9.190898e+00 5.206409e+00
8.821118e+02 9.701090e+00 5.209480e+00
8.822118e+02 1.011429e+01 5.212536e+00
8.823118e+02 9.885621e+00 5.215576e+00
8.824118e+02 9.468423e+00 5.218601e+00
8.825117e+02 8.835360e+00 5.221611e+00
8.826117e+02 8.248099e+00 5.224606e+00
8.827117e+02 7.912978e+00 5.227585e+00
8.828117e+02 7.963863e+00 5.230550e+00
8.829117e+02 8.335129e+00 5.233500e+00
8.830117e+02 8.936160e+00 5.236435e+00
8.831117e+02 9.264247e+00 5.239355e+00
8.832117e+02 9.718471e+00 5.242260e+00
8.833117e+02 9.551821e+00 5.245151e+00
8.834117e+02 9.197700e+00 5.248028e+00
8.835116e+02 8.480018e+00 5.250890e+00
8.836116e+02 7.809687e+00 5.253737e+00
8.837116e+02 7.591058e+00 5.256570e+00
8.838116e+02 7.562323e+00 5.259389e+00
8.839116e+02 7.875864e+00 5.262194e+00
8.840116e+02 8.575368e+00 5.264985e+00
8.841116e+02 9.021691e+00 5.267761e+00
8.842116e+02 9.374784e+00 5.270524e+00
8.843116e+02 9.271072e+00 5.273273e+00
8.844116e+02 8.849994e+00 5.276007e+00
8.845115e+02 8.206240e+00 5.278729e+00
8.846115e+02 7.691392e+00 5.281436e+00
8.847115e+02 7.262412e+00 5.284130e+00
8.848115e+02 7.240554e+00 5.286810e+00
8.849115e+02 7.608232e+00 5.289477e+00
8.850115e+02 8.163011e+00 5.292131e+00
8.851115e+02 8.718626e+00 5.294771e+00
8.852115e+02 9.006934e+00 5.297397e+00
8.853115e+02 8.854239e+00 5.300011e+00
8.854115e+02 8.545968e+00 5.302611e+00
8.855114e+02 7.824054e+00 5.305199e+00
8.856114e+02 7.114319e+00 5.307773e+00
8.857114e+02 6.842654e+00 5.310334e+00
8.858114e+02 6.772245e+00 5.312883e+00
8.859114e+02 7.296738e+00 5.315418e+00
8.860114e+02 7.790016e+00 5.317941e+00
8.861114e+02 8.356362e+00 5.320451e+00
8.862114e+02 8.583350e+00 5.322949e+00
8.863114e+02 8.521062e+00 5.325433e+00
8.864114e+02 8.031149e+00 5.327906e+00
8.865113e+02 7.332684e+00 5.330365e+00
8.866113e+02 6.736638e+00 5.332813e+00
8.867113e+02 6.378765e+00 5.335248e+00
8.868113e+02 6.390952e+00 5.337670e+00
8.869113e+02 6.793816e+00 5.340081e+00
8.870113e+02 7.402870e+00 5.342479e+00
8.871113e+02 7.830541e+00 5.344865e+00
8.872113e+02 8.119364e+00 5.347239e+00
8.873113e+02 8.140225e+00 5.349600e+00
8.874113e+02 7.637146e+00 5.351950e+00
8.875112e+02 7.048426e+00 5.354288e+00
8.876112e+02 6.401715e+00 5.356613e+00
8.877112e+02 6.013181e+00 5.358927e+00
8.878112e+02 6.052680e+00 5.361229e+00
8.879112e+02 6.324474e+00 5.363520e+00
8.880112e+02 6.881329e+00 5.365798e+00
8.881112e+02 7.447905e+00 5.368065e+00
8.882112e+02 7.772695e+00 5.370320e+00
8.883112e+02 7.683730e+00 5.372563e+00
8.884112e+02 7.098715e+00 5.374795e+00
8.885111e+02 6.486367e+00 5.377015e+00
8.886111e+02 5.993166e+00 5.379224e+00
8.887111e+02 5.545801e+00 5.381421e+00
8.888111e+02 5.487453e+00 5.383607e+00
8.889111e+02 5.923004e+00 5.385781e+00
8.890111e+02 6.447081e+00 5.387944e+00
8.891111e+02 7.050453e+00 5.390095e+00
8.892111e+02 7.200108e+00 5.392235e+00
8.893111e+02 7.212560e+00 5.394364e+00
8.894111e+02 6.682057e+00 5.396482e+00
8.895110e+02 6.131930e+00 5.398588e+00
8.896110e+02 5.391875e+00 5.400683e+00
8.897110e+02 5.036952e+00 5.402766e+00
8.898110e+02 4.990367e+00 5.404839e+00
8.899110e+02 5.443704e+00 5.406900e+00
8.900110e+02 5.851293e+00 5.408950e+00
8.901110e+02 6.408388e+00 5.410988e+00
8.902110e+02 6.683756e+00 5.413016e+00
8.903110e+02 6.580526e+00 5.415033e+00
8.904110e+02 6.206527e+00 5.417038e+00
8.905109e+02 5.505997e+00 5.419032e+00
8.906109e+02 4.810223e+00 5.421015e+00
8.907109e+02 4.505034e+00 5.422987e+00
8.908109e+02 4.529109e+00 5.424948e+00
8.909109e+02 4.927848e+00 5.426897e+00
8.910109e+02 5.399424e+00 5.428836e+00
8.911109e+02 5.917956e+00 5.430763e+00
8.912109e+02 6.221972e+00 5.432679e+00
8.913109e+02 6.066130e+00 5.434584e+00
8.914109e+02 5.738658e+00 5.436478e+00
8.915108e+02 4.998443e+00 5.438361e+00
8.916108e+02 4.374968e+00 5.440232e+00
8.917108e+02 3.933003e+00 5.442093e+00
8.918108e+02 3.958442e+00 5.443942e+00
8.919108e+02 4.300525e+00 5.445780e+00
8.920108e+02 4.969813e+00 5.447607e+00
8.921108e+02 5.414336e+00 5.449422e+00
8.922108e+02 5.607457e+00 5.451226e+00
8.923108e+02 5.551972e+00 5.453019e+00
8.924108e+02 5.145348e+00 5.454800e+00
8.925107e+02 4.430209e+00 5.456570e+00
8.926107e+02 3.815536e+00 5.458329e+00
8.927107e+02 3.462687e+00 5.460077e+00
8.928107e+02 3.361811e+00 5.461812e+00
8.929107e+02 3.810188e+00 5.463537e+00
8.930107e+02 4.419255e+00 5.465249e+00
8.931107e+02 4.909475e+00 5.466951e+00
8.932107e+02 5.123652e+00 5.468640e+00
8.933107e+02 4.987875e+00 5.470318e+00
8.934107e+02 4.622115e+00 5.471984e+00
8.935106e+02 3.886998e+00 5.473639e+00
8.936106e+02 3.305757e+00 5.475281e+00
8.937106e+02 2.875941e+00 5.476912e+00
8.938106e+02 2.869770e+00 5.478531e+00
8.939106e+02 3.231451e+00 5.480138e+00
8.940106e+02 3.738153e+00 5.481732e+00
8.941106e+02 4.213013e+00 5.483315e+00
8.942106e+02 4.586830e+00 5.484885e+00
8.943106e+02 4.468676e+00 5.486444e+00
8.944106e+02 4.009027e+00 5.487989e+00
8.945105e+02 3.391600e+00 5.489523e+00
8.946105e+02 2.764942e+00 5.491044e+00
8.947105e+02 2.227327e+00 5.492552e+00
8.948105e+02 2.236771e+00 5.494048e+00
8.949105e+02 2.571853e+00 5.495531e+00
8.950105e+02 3.120090e+00 5.497001e+00
8.951105e+02 3.677201e+00 5.498459e+00
8.952105e+02 4.054195e+00 5.499903e+00
8.953105e+02 3.934158e+00 5.501335e+00
8.954105e+02 3.415766e+00 5.502753e+00
8.955104e+02 2.690767e+00 5.504158e+00
8.956104e+02 2.070407e+00 5.505549e+00
8.957104e+02 1.739398e+00 5.506927e+00
8.958104e+02 1.602558e+00 5.508292e+00
8.959104e+02 2.118557e+00 5.509642e+00
8.960104e+02 2.533518e+00 5.510979e+00
8.961104e+02 3.076828e+00 5.512302e+00
8.962104e+02 3.228726e+00 5.513611e+00
8.963104e+02 3.208762e+00 5.514906e+00
8.964104e+02 2.789497e+00 5.516186e+00
8.965103e+02 2.150434e+00 5.517452e+00
8.966103e+02 1.464631e+00 5.518704e+00
8.967103e+02 1.034924e+00 5.519941e+00
8.968103e+02 1.060636e+00 5.521163e+00
8.969103e+02 1.383366e+00 5.522370e+00
8.970103e+02 2.031121e+00 5.523561e+00
8.971103e+02 2.475417e+00 5.524738e+00
8.972103e+02 2.671166e+00 5.525899e+00
8.973103e+02 2.549045e+00 5.527045e+00
8.974103e+02 2.193945e+00 5.528175e+00
8.975102e+02 1.464761e+00 5.529289e+00
8.976102e+02 8.609406e-01 5.530387e+00
8.977102e+02 5.031655e-01 5.531469e+00
8.978102e+02 4.169678e-01 5.532534e+00
8.979102e+02 7.606467e-01 5.533583e+00
8.980102e+02 1.208860e+00 5.534616e+00
8.981102e+02 1.832498e+00 5.535631e+00
8.982102e+02 2.052334e+00 5.536629e+00
8.983102e+02 1.964606e+00 5.537610e+00
8.984102e+02 1.528790e+00 5.538574e+00
8.985101e+02 9.057034e-01 5.539519e+00
8.986101e+02 1.651675e-01 5.540448e+00
8.987101e+02 -1.310701e-01 5.541357e+00
8.988101e+02 -1.635193e-01 5.542249e+00
8.989101e+02 7.181112e-02 5.543122e+00
8.990101e+02 6.637932e-01 5.543977e+00
8.991101e+02 1.152495e+00 5.544813e+00
8.992101e+02 1.444582e+00 5.545629e+00
8.993101e+02 1.355563e+00 5.546427e+00
8.994101e+02 8.485477e-01 5.547204e+00
8.995100e+02 2.579411e-01 5.547962e+00
8.996100e+02 -3.263277e-01 5.548700e+00
8.997100e+02 -8.326437e-01 5.549418e+00
8.998100e+02 -8.949161e-01 5.550115e+00
8.999100e+02 -4.281324e-01 5.550791e+00
9.000100e+02 1.030327e-01 5.551447e+00
9.001100e+02 6.261284e-01 5.552081e+00
9.002100e+02 8.223786e-01 5.552694e+00
9.003100e+02 8.157847e-01 5.553284e+00
9.004100e+02 3.212109e-01 5.553853e+00
9.005099e+02 -3.464825e-01 5.554400e+00
9.006099e+02 -1.021693e+00 5.554923e+00
9.007099e+02 -1.377778e+00 5.555424e+00
9.008099e+02 -1.458901e+00 5.555902e+00
9.009099e+02 -1.120633e+00 5.556357e+00
9.010099e+02 -5.767744e-01 5.556787e+00
9.011099e+02 -3.002473e-03 5.557194e+00
9.012099e+02 2.967026e-01 5.557576e+00
9.013099e+02 1.488813e-01 5.557933e+00
9.014099e+02 -3.770674e-01 5.558266e+00
9.015098e+02 -1.059917e+00 5.558573e+00
9.016098e+02 -1.691727e+00 5.558855e+00
9.017098e+02 -2.024227e+00 5.559110e+00
9.018098e+02 -2.091435e+00 5.559340e+00
9.019098e+02 -1.767436e+00 5.559542e+00
9.020098e+02 -1.211978e+00 5.559718e+00
9.021098e+02 -7.702095e-01 5.559867e+00
9.022098e+02 -4.103875e-01 5.559987e+00
9.023098e+02 -4.835221e-01 5.560080e+00
9.024098e+02 -8.536193e-01 5.560144e+00
9.025097e+02 -1.558150e+00 5.560180e+00
9.026097e+02 -2.242966e+00 5.560186e+00
9.027097e+02 -2.674055e+00 5.560163e+00
9.028097e+02 -2.657703e+00 5.560110e+00
9.029097e+02 -2.383310e+00 5.560027e+00
9.030097e+02 -1.826855e+00 5.559913e+00
9.031097e+02 -1.264907e+00 5.559768e+00
9.032097e+02 -9.519451e-01 5.559591e+00
9.033097e+02 -1.183496e+00 5.559383e+00
9.034097e+02 -1.514423e+00 5.559142e+00
9.035096e+02 -2.296135e+00 5.558868e+00
9.036096e+02 -2.873425e+00 5.558561e+00
9.037096e+02 -3.287364e+00 5.558220e+00
9.038096e+02 -3.352950e+00 5.557846e+00
9.039096e+02 -2.950801e+00 5.557436e+00
9.040096e+02 -2.518647e+00 5.556992e+00
9.041096e+02 -1.947730e+00 5.556512e+00
9.042096e+02 -1.674082e+00 5.555997e+00
9.043096e+02 -1.707190e+00 5.555445e+00
9.044096e+02 -2.179301e+00 5.554856e+00
9.045095e+02 -2.831109e+00 5.554229e+00
9.046095e+02 -3.420833e+00 5.553565e+00
9.047095e+02 -3.825482e+00 5.552862e+00
9.048095e+02 -3.850926e+00 5.552120e+00
9.049095e+02 -3.568882e+00 5.551339e+00
9.050095e+02 -3.018643e+00 5.550518e+00
9.051095e+02 -2.546401e+00 5.549657e+00
9.052095e+02 -2.339497e+00 5.548754e+00
9.053095e+02 -2.411589e+00 5.547810e+00
9.054095e+02 -2.852533e+00 5.546823e+00
9.055094e+02 -3.532888e+00 5.545794e+00
9.056094e+02 -4.141920e+00 5.544722e+00
9.057094e+02 -4.446146e+00 5.543606e+00
9.058094e+02 -4.486630e+00 5.542445e+00
9.059094e+02 -4.065263e+00 5.541240e+00
9.060094e+02 -3.694044e+00 5.539988e+00
9.061094e+02 -3.119354e+00 5.538691e+00
9.062094e+02 -2.839270e+00 5.537346e+00
9.063094e+02 -2.941847e+00 5.535955e+00
9.064094e+02 -3.339461e+00 5.534515e+00
9.065093e+02 -4.037080e+00 5.533026e+00
9.066093e+02 -4.664239e+00 5.531488e+00
9.067093e+02 -5.006940e+00 5.529899e+00
9.068093e+02 -5.148893e+00 5.528260e+00
9.069093e+02 -4.691569e+00 5.526570e+00
9.070093e+02 -4.158248e+00 5.524828e+00
9.071093e+02 -3.651857e+00 5.523032e+00
9.072093e+02 -3.454608e+00 5.521184e+00
9.073093e+02 -3.481409e+00 5.519281e+00
9.074093e+02 -3.912218e+00 5.517323e+00
9.075092e+02 -4.539039e+00 5.515309e+00
9.076092e+02 -5.205303e+00 5.513240e+00
9.077092e+02 -5.669802e+00 5.511113e+00
9.078092e+02 -5.636586e+00 5.508928e+00
9.079092e+02 -5.315439e+00 5.506684e+00
9.080092e+02 -4.701248e+00 5.504381e+00
9.081092e+02 -4.245142e+00 5.502018e+00
9.082092e+02 -3.987941e+00 5.499594e+00
9.083092e+02 -4.075700e+00 5.497108e+00
9.084092e+02 -4.500782e+00 5.494559e+00
9.085091e+02 -5.203327e+00 5.491947e+00
9.086091e+02 -5.732015e+00 5.489271e+00
9.087091e+02 -6.208402e+00 5.486529e+00
9.088091e+02 -6.223945e+00 5.483722e+00
9.089091e+02 -5.795885e+00 5.480847e+00
9.090091e+02 -5.280013e+00 5.477905e+00
9.091091e+02 -4.736343e+00 5.474895e+00
9.092091e+02 -4.516314e+00 5.471814e+00
9.093091e+02 -4.606313e+00 5.468664e+00
9.094091e+02 -5.051037e+00 5.465442e+00
9.095090e+02 -5.678337e+00 5.462148e+00
9.096090e+02 -6.323134e+00 5.458781e+00
9.097090e+02 -6.773806e+00 5.455340e+00
9.098090e+02 -6.692258e+00 5.451823e+00
9.099090e+02 -6.443345e+00 5.448231e+00
9.100090e+02 -5.799911e+00 5.444562e+00
9.101090e+02 -5.363117e+00 5.440814e+00
9.102090e+02 -5.095566e+00 5.436988e+00
9.103090e+02 -5.117375e+00 5.433081e+00
9.104090e+02 -5.596462e+00 5.429094e+00
9.105089e+02 -6.165539e+00 5.425025e+00
9.106089e+02 -6.781206e+00 5.420872e+00
9.107089e+02 -7.154845e+00 5.416636e+00
9.108089e+02 -7.172052e+00 5.412314e+00
9.109089e+02 -6.905678e+00 5.407906e+00
9.110089e+02 -6.357901e+00 5.403410e+00
9.111089e+02 -5.724336e+00 5.398827e+00
9.112089e+02 -5.560791e+00 5.394153e+00
9.113089e+02 -5.653574e+00 5.389389e+00
9.114089e+02 -6.040285e+00 5.384533e+00
9.115088e+02 -6.737450e+00 5.379585e+00
9.116088e+02 -7.267947e+00 5.374542e+00
9.117088e+02 -7.679679e+00 5.369404e+00
9.118088e+02 -7.702487e+00 5.364170e+00
9.119088e+02 -7.333293e+00 5.358838e+00
9.120088e+02 -6.760716e+00 5.353408e+00
9.121088e+02 -6.268343e+00 5.347877e+00
9.122088e+02 -5.962587e+00 5.342246e+00
9.123088e+02 -6.137134e+00 5.336512e+00
9.124088e+02 -6.493588e+00 5.330675e+00
9.125087e+02 -7.105426e+00 5.324733e+00
9.126087e+02 -7.862143e+00 5.318685e+00
9.127087e+02 -8.051649e+00 5.312530e+00
9.128087e+02 -8.129138e+00 5.306266e+00
9.129087e+02 -7.793493e+00 5.299893e+00
9.130087e+02 -7.204839e+00 5.293408e+00
9.131087e+02 -6.748451e+00 5.286811e+00
9.132087e+02 -6.350889e+00 5.280101e+00
9.133087e+02 -6.499960e+00 5.273276e+00
9.134087e+02 -6.871618e+00 5.266334e+00
9.135086e+02 -7.539754e+00 5.259276e+00
9.136086e+02 -8.139630e+00 5.252098e+00
9.137086e+02 -8.591249e+00 5.244800e+00
9.138086e+02 -8.592733e+00 5.237381e+00
9.139086e+02 -8.253370e+00 5.229839e+00
9.140086e+02 -7.555003e+00 5.222173e+00
9.141086e+02 -7.153640e+00 5.214382e+00
9.142086e+02 -6.901423e+00 5.206464e+00
9.143086e+02 -6.830843e+00 5.198418e+00
9.144086e+02 -7.297367e+00 5.190242e+00
9.145085e+02 -7.968972e+00 5.181935e+00
9.146085e+02 -8.530599e+00 5.173497e+00
9.147085e+02 -8.936317e+00 5.164925e+00
9.148085e+02 -8.978801e+00 5.156218e+00
9.149085e+02 -8.586749e+00 5.147374e+00
9.150085e+02 -8.031587e+00 5.138394e+00
9.151085e+02 -7.492870e+00 5.129274e+00
9.152085e+02 -7.201390e+00 5.120014e+00
9.153085e+02 -7.252573e+00 5.110613e+00
9.154085e+02 -7.737821e+00 5.101068e+00
9.155084e+02 -8.327567e+00 5.091380e+00
9.156084e+02 -8.935547e+00 5.081545e+00
9.157084e+02 -9.324953e+00 5.071564e+00
9.158084e+02 -9.358376e+00 5.061435e+00
9.159084e+02 -8.996604e+00 5.051156e+00
9.160084e+02 -8.384170e+00 5.040726e+00
9.161084e+02 -7.853845e+00 5.030143e+00
9.162084e+02 -7.555159e+00 5.019408e+00
9.163084e+02 -7.674576e+00 5.008517e+00
9.164084e+02 -8.040624e+00 4.997471e+00
9.165083e+02 -8.590342e+00 4.986267e+00
9.166083e+02 -9.302477e+00 4.974905e+00
9.167083e+02 -9.757944e+00 4.963383e+00
9.168083e+02 -9.537194e+00 4.951700e+00
9.169083e+02 -9.246061e+00 4.939855e+00
9.170083e+02 -8.744347e+00 4.927847e+00
9.171083e+02 -8.240229e+00 4.915674e+00
9.172083e+02 -7.813958e+00 4.903336e+00
9.173083e+02 -7.892868e+00 4.890831e+00
9.174083e+02 -8.326543e+00 4.878159e+00
9.175082e+02 -9.021774e+00 4.865317e+00
9.176082e+02 -9.591919e+00 4.852306e+00
9.177082e+02 -9.927463e+00 4.839123e+00
9.178082e+02 -9.904150e+00 4.825769e+00
9.179082e+02 -9.518895e+00 4.812243e+00
9.180082e+02 -9.001673e+00 4.798542e+00
9.181082e+02 -8.452972e+00 4.784667e+00
9.182082e+02 -8.172771e+00 4.770617e+00
9.183082e+02 -8.255060e+00 4.756390e+00
9.184082e+02 -8.576518e+00 4.741987e+00
9.185081e+02 -9.223503e+00 4.727406e+00
9.186081e+02 -9.835268e+00 4.712646e+00
9.187081e+02 -1.012459e+01 4.697708e+00
9.188081e+02 -1.012047e+01 4.682589e+00
9.189081e+02 -9.803020e+00 4.667291e+00
9.190081e+02 -9.259219e+00 4.651812e+00
9.191081e+02 -8.741316e+00 4.636152e+00
9.192081e+02 -8.392899e+00 4.620311e+00
9.193081e+02 -8.464926e+00 4.604287e+00
9.194081e+02 -8.844120e+00 4.588082e+00
9.195080e+02 -9.375779e+00 4.571694e+00
9.196080e+02 -1.002667e+01 4.555124e+00
9.197080e+02 -1.045730e+01 4.538371e+00
9.198080e+02 -1.032774e+01 4.521436e+00
9.199080e+02 -1.004213e+01 4.504318e+00
9.200080e+02 -9.541000e+00 4.487017e+00
9.201080e+02 -8.842772e+00 4.469534e+00
9.202080e+02 -8.639949e+00 4.451869e+00
9.203080e+02 -8.594113e+00 4.434022e+00
9.204080e+02 -9.024336e+00 4.415994e+00
9.205079e+02 -9.656478e+00 4.397784e+00
9.206079e+02 -1.023363e+01 4.379394e+00
9.207079e+02 -1.062014e+01 4.360824e+00
9.208079e+02 -1.064617e+01 4.342075e+00
9.209079e+02 -1.013395e+01 4.323147e+00
9.210079e+02 -9.596592e+00 4.304042e+00
9.211079e+02 -9.095212e+00 4.284760e+00
9.212079e+02 -8.688320e+00 4.265302e+00
9.213079e+02 -8.811248e+00 4.245670e+00
9.214079e+02 -9.170591e+00 4.225865e+00
9.215078e+02 -9.748377e+00 4.205887e+00
9.216078e+02 -1.034888e+01 4.185738e+00
9.217078e+02 -1.081423e+01 4.165421e+00
9.218078e+02 -1.071680e+01 4.144936e+00
9.219078e+02 -1.038219e+01 4.124284e+00
9.220078e+02 -9.734010e+00 4.103469e+00
9.221078e+02 -9.192417e+00 4.082491e+00
9.222078e+02 -8.847449e+00 4.061352e+00
9.223078e+02 -9.014584e+00 4.040055e+00
9.224078e+02 -9.308153e+00 4.018602e+00
9.225077e+02 -9.879882e+00 3.996995e+00
9.226077e+02 -1.046375e+01 3.975236e+00
9.227077e+02 -1.086127e+01 3.953328e+00
9.228077e+02 -1.086947e+01 3.931273e+00
9.229077e+02 -1.055746e+01 3.909073e+00
9.230077e+02 -9.775260e+00 3.886733e+00
9.231077e+02 -9.375729e+00 3.864254e+00
9.232077e+02 -8.978335e+00 3.841640e+00
9.233077e+02 -9.038468e+00 3.818892e+00
9.234077e+02 -9.434285e+00 3.796016e+00
9.235076e+02 -9.996209e+00 3.773013e+00
9.236076e+02 -1.059716e+01 3.749887e+00
9.237076e+02 -1.093127e+01 3.726642e+00
9.238076e+02 -1.090986e+01 3.703281e+00
9.239076e+02 -1.047014e+01 3.679807e+00
9.240076e+02 -1.000271e+01 3.656225e+00
9.241076e+02 -9.418619e+00 3.632538e+00
9.242076e+02 -8.958509e+00 3.608749e+00
9.243076e+02 -9.016965e+00 3.584864e+00
9.244076e+02 -9.439950e+00 3.560885e+00
9.245075e+02 -1.007776e+01 3.536818e+00
9.246075e+02 -1.067309e+01 3.512665e+00
9.247075e+02 -1.097892e+01 3.488432e+00
9.248075e+02 -1.110590e+01 3.464123e+00
9.249075e+02 -1.064555e+01 3.439742e+00
9.250075e+02 -1.002176e+01 3.415293e+00
9.251075e+02 -9.406832e+00 3.390781e+00
9.252075e+02 -9.080282e+00 3.366211e+00
9.253075e+02 -9.130369e+00 3.341588e+00
9.254075e+02 -9.367304e+00 3.316915e+00
9.255074e+02 -9.961671e+00 3.292198e+00
9.256074e+02 -1.069532e+01 3.267442e+00
9.257074e+02 -1.098493e+01 3.242651e+00
9.258074e+02 -1.094154e+01 3.217830e+00
9.259074e+02 -1.058741e+01 3.192985e+00
9.260074e+02 -9.976219e+00 3.168119e+00
9.261074e+02 -9.342584e+00 3.143239e+00
9.262074e+02 -8.957585e+00 3.118348e+00
9.263074e+02 -9.024585e+00 3.093453e+00
9.264074e+02 -9.341823e+00 3.068557e+00
9.265073e+02 -1.010673e+01 3.043666e+00
9.266073e+02 -1.059020e+01 3.018785e+00
9.267073e+02 -1.090877e+01 2.993920e+00
9.268073e+02 -1.095494e+01 2.969074e+00
9.269073e+02 -1.043862e+01 2.944253e+00
9.270073e+02 -9.915740e+00 2.919463e+00
9.271073e+02 -9.272558e+00 2.894707e+00
9.272073e+02 -8.966038e+00 2.869992e+00
9.273073e+02 -9.007574e+00 2.845321e+00
9.274073e+02 -9.264476e+00 2.820700e+00
9.275072e+02 -9.889407e+00 2.796134e+00
9.276072e+02 -1.043034e+01 2.771627e+00
9.277072e+02 -1.077836e+01 2.747184e+00
9.278072e+02 -1.070299e+01 2.722810e+00
9.279072e+02 -1.041168e+01 2.698511e+00
9.280072e+02 -9.743456e+00 2.674289e+00
9.281072e+02 -9.152872e+00 2.650150e+00
9.282072e+02 -8.825257e+00 2.626099e+00
9.283072e+02 -8.908960e+00 2.602140e+00
9.284072e+02 -9.149019e+00 2.578277e+00
9.285071e+02 -9.816403e+00 2.554514e+00
9.286071e+02 -1.029317e+01 2.530856e+00
9.287071e+02 -1.067933e+01 2.507307e+00
9.288071e+02 -1.057693e+01 2.483872e+00
9.289071e+02 -1.021821e+01 2.460553e+00
9.290071e+02 -9.714435e+00 2.437355e+00
9.291071e+02 -9.047682e+00 2.414282e+00
9.292071e+02 -8.831099e+00 2.391338e+00
9.293071e+02 -8.690886e+00 2.368526e+00
9.294071e+02 -9.143883e+00 2.345849e+00
9.295070e+02 -9.704010e+00 2.323312e+00
9.296070e+02 -1.024499e+01 2.300917e+00
9.297070e+02 -1.042380e+01 2.278668e+00
9.298070e+02 -1.045901e+01 2.256568e+00
9.299070e+02 -1.014944e+01 2.234620e+00
9.300070e+02 -9.475320e+00 2.212827e+00
9.301070e+02 -8.897053e+00 2.191192e+00
9.302070e+02 -8.456261e+00 2.169717e+00
9.303070e+02 -8.496265e+00 2.148406e+00
9.304070e+02 -8.877137e+00 2.127260e+00
9.305069e+02 -9.470708e+00 2.106282e+00
9.306069e+02 -9.957891e+00 2.085475e+00
9.307069e+02 -1.033975e+01 2.064841e+00
9.308069e+02 -1.030445e+01 2.044381e+00
9.309069e+02 -9.886541e+00 2.024098e+00
9.310069e+02 -9.384072e+00 2.003994e+00
9.311069e+02 -8.658786e+00 1.984070e+00
9.312069e+02 -8.304074e+00 1.964329e+00
9.313069e+02 -8.261542e+00 1.944771e+00
9.314069e+02 -8.602102e+00 1.925399e+00
9.315068e+02 -9.290996e+00 1.906213e+00
9.316068e+02 -9.744753e+00 1.887215e+00
9.317068e+02 -1.012541e+01 1.868406e+00
9.318068e+02 -1.004007e+01 1.849788e+00
9.319068e+02 -9.673994e+00 1.831360e+00
9.320068e+02 -9.022130e+00 1.813125e+00
9.321068e+02 -8.461128e+00 1.795082e+00
9.322068e+02 -7.999088e+00 1.777233e+00
9.323068e+02 -8.075106e+00 1.759579e+00
9.324068e+02 -8.327780e+00 1.742119e+00
9.325067e+02 -8.995685e+00 1.724854e+00
9.326067e+02 -9.516720e+00 1.707784e+00
9.327067e+02 -9.845709e+00 1.690911e+00
9.328067e+02 -9.664360e+00 1.674233e+00
9.329067e+02 -9.310898e+00 1.657751e+00
9.330067e+02 -8.692518e+00 1.641466e+00
9.331067e+02 -8.155696e+00 1.625376e+00
9.332067e+02 -7.718070e+00 1.609482e+00
9.333067e+02 -7.643221e+00 1.593784e+00
9.334067e+02 -7.956272e+00 1.578282e+00
9.335066e+02 -8.683078e+00 1.562974e+00
9.336066e+02 -9.171133e+00 1.547861e+00
9.337066e+02 -9.492515e+00 1.532943e+00
9.338066e+02 -9.451689e+00 1.518218e+00
9.339066e+02 -8.915514e+00 1.503686e+00
9.340066e+02 -8.485167e+00 1.489346e+00
9.341066e+02 -7.774201e+00 1.475198e+00
9.342066e+02 -7.322260e+00 1.461241e+00
9.343066e+02 -7.376173e+00 1.447475e+00
9.344066e+02 -7.737622e+00 1.433897e+00
9.345065e+02 -8.295911e+00 1.420508e+00
9.346065e+02 -8.874628e+00 1.407306e+00
9.347065e+02 -9.126708e+00 1.394291e+00
9.348065e+02 -9.110037e+00 1.381461e+00
9.349065e+02 -8.630752e+00 1.368815e+00
9.350065e+02 -8.035838e+00 1.356353e+00
9.351065e+02 -7.449440e+00 1.344072e+00
9.352065e+02 -6.996130e+00 1.331972e+00
9.353065e+02 -7.101258e+00 1.320052e+00
9.354065e+02 -7.374366e+00 1.308310e+00
9.355064e+02 -7.963226e+00 1.296745e+00
9.356064e+02 -8.591638e+00 1.285356e+00
9.357064e+02 -8.855837e+00 1.274141e+00
9.358064e+02 -8.805992e+00 1.263099e+00
9.359064e+02 -8.291492e+00 1.252228e+00
9.360064e+02 -7.698134e+00 1.241528e+00
9.361064e+02 -7.056621e+00 1.230996e+00
9.362064e+02 -6.650400e+00 1.220632e+00
9.363064e+02 -6.652519e+00 1.210433e+00
9.364064e+02 -7.064103e+00 1.200398e+00
9.365063e+02 -7.540895e+00 1.190527e+00
9.366063e+02 -8.075997e+00 1.180816e+00
9.367063e+02 -8.401910e+00 1.171265e+00
9.368063e+02 -8.378362e+00 1.161872e+00
9.369063e+02 -7.894259e+00 1.152636e+00
9.370063e+02 -7.134042e+00 1.143555e+00
9.371063e+02 -6.570549e+00 1.134627e+00
9.372063e+02 -6.126960e+00 1.125851e+00
9.373063e+02 -6.149909e+00 1.117226e+00
9.374063e+02 -6.410464e+00 1.108749e+00
9.375062e+02 -7.029903e+00 1.100419e+00
9.376062e+02 -7.655058e+00 1.092235e+00
9.377062e+02 -8.014602e+00 1.084194e+00
9.378062e+02 -7.897009e+00 1.076296e+00
9.379062e+02 -7.420660e+00 1.068538e+00
9.380062e+02 -6.824496e+00 1.060920e+00
9.381062e+02 -6.137119e+00 1.053439e+00
9.382062e+02 -5.769390e+00 1.046094e+00
9.383062e+02 -5.771123e+00 1.038883e+00
9.384062e+02 -6.108950e+00 1.031804e+00
9.385061e+02 -6.665538e+00 1.024857e+00
9.386061e+02 -7.228131e+00 1.018039e+00
9.387061e+02 -7.378580e+00 1.011350e+00
9.388061e+02 -7.391121e+00 1.004786e+00
9.389061e+02 -6.928083e+00 9.983474e-01
9.390061e+02 -6.344299e+00 9.920318e-01
9.391061e+02 -5.616907e+00 9.858379e-01
9.392061e+02 -5.273944e+00 9.797641e-01
9.393061e+02 -5.374638e+00 9.738088e-01
9.394061e+02 -5.645113e+00 9.679705e-01
9.395060e+02 -6.085138e+00 9.622477e-01
9.396060e+02 -6.749330e+00 9.566388e-01
9.397060e+02 -6.953342e+00 9.511424e-01
9.398060e+02 -6.890452e+00 9.457570e-01
9.399060e+02 -6.418622e+00 9.404810e-01
9.400060e+02 -5.877240e+00 9.353130e-01
9.401060e+02 -5.145362e+00 9.302516e-01
9.402060e+02 -4.828957e+00 9.252952e-01
9.403060e+02 -4.788143e+00 9.204424e-01
9.404060e+02 -5.067149e+00 9.156918e-01
9.405059e+02 -5.667174e+00 9.110420e-01
9.406059e+02 -6.219894e+00 9.064915e-01
9.407059e+02 -6.530478e+00 9.020390e-01
9.408059e+02 -6.362805e+00 8.976830e-01
9.409059e+02 -5.932062e+00 8.934222e-01
9.410059e+02 -5.174083e+00 8.892553e-01
9.411059e+02 -4.644939e+00 8.851808e-01
9.412059e+02 -4.237669e+00 8.811974e-01
9.413059e+02 -4.254394e+00 8.773038e-01
9.414059e+02 -4.618980e+00 8.734987e-01
9.415058e+02 -5.098796e+00 8.697808e-01
9.416058e+02 -5.697732e+00 8.661488e-01
9.417058e+02 -5.900324e+00 8.626013e-01
9.418058e+02 -5.819148e+00 8.591373e-01
9.419058e+02 -5.416483e+00 8.557553e-01
9.420058e+02 -4.732388e+00 8.524541e-01
9.421058e+02 -4.087425e+00 8.492326e-01
9.422058e+02 -3.848202e+00 8.460895e-01
9.423058e+02 -3.721711e+00 8.430236e-01
9.424058e+02 -4.059294e+00 8.400337e-01
9.425057e+02 -4.511463e+00 8.371186e-01
9.426057e+02 -5.048750e+00 8.342772e-01
9.427057e+02 -5.274361e+00 8.315084e-01
9.428057e+02 -5.213334e+00 8.288109e-01
9.429057e+02 -4.809850e+00 8.261837e-01
9.430057e+02 -4.194245e+00 8.236256e-01
9.431057e+02 -3.578474e+00 8.211356e-01
9.432057e+02 -3.203835e+00 8.187125e-01
9.433057e+02 -3.141090e+00 8.163553e-01
9.434057e+02 -3.376747e+00 8.140628e-01
9.435056e+02 -3.915293e+00 8.118342e-01
9.436056e+02 -4.511870e+00 8.096683e-01
9.437056e+02 -4.891806e+00 8.075640e-01
9.438056e+02 -4.630226e+00 8.055204e-01
9.439056e+02 -4.226238e+00 8.035365e-01
9.440056e+02 -3.662704e+00 8.016113e-01
9.441056e+02 -2.987629e+00 7.997438e-01
9.442056e+02 -2.600879e+00 7.979330e-01
9.443056e+02 -2.537284e+00 7.961779e-01
9.444056e+02 -2.854316e+00 7.944777e-01
9.445055e+02 -3.324852e+00 7.928313e-01
9.446055e+02 -3.990992e+00 7.912380e-01
9.447055e+02 -4.194529e+00 7.896967e-01
9.448055e+02 -4.121221e+00 7.882065e-01
9.449055e+02 -3.660351e+00 7.867666e-01
9.450055e+02 -3.068787e+00 7.853760e-01
9.451055e+02 -2.472662e+00 7.840340e-01
9.452055e+02 -1.981924e+00 7.827397e-01
9.453055e+02 -2.042258e+00 7.814921e-01
9.454055e+02 -2.296364e+00 7.802905e-01
9.455054e+02 -2.883811e+00 7.791341e-01
9.456054e+02 -3.283541e+00 7.780220e-01
9.457054e+02 -3.602724e+00 7.769534e-01
9.458054e+02 -3.600862e+00 7.759276e-01
9.459054e+02 -3.089849e+00 7.749437e-01
9.460054e+02 -2.473865e+00 7.740010e-01
9.461054e+02 -1.732535e+00 7.730987e-01
9.462054e+02 -1.399021e+00 7.722361e-01
9.463054e+02 -1.317372e+00 7.714123e-01
9.464054e+02 -1.644581e+00 7.706267e-01
9.465053e+02 -2.203589e+00 7.698786e-01
9.466053e+02 -2.775333e+00 7.691672e-01
9.467053e+02 -2.969881e+00 7.684919e-01
9.468053e+02 -2.936434e+00 7.678518e-01
9.469053e+02 -2.475039e+00 7.672464e-01
9.470053e+02 -1.842027e+00 7.666749e-01
9.471053e+02 -1.210003e+00 7.661368e-01
9.472053e+02 -8.295064e-01 7.656312e-01
9.473053e+02 -7.399884e-01 7.651576e-01
9.474053e+02 -1.107536e+00 7.647153e-01
9.475052e+02 -1.637979e+00 7.643037e-01
9.476052e+02 -2.171016e+00 7.639222e-01
9.477052e+02 -2.427778e+00 7.635701e-01
9.478052e+02 -2.256654e+00 7.632468e-01
9.479052e+02 -1.830717e+00 7.629517e-01
9.480052e+02 -1.204737e+00 7.626842e-01
9.481052e+02 -6.246239e-01 7.624438e-01
9.482052e+02 -1.467219e-01 7.622298e-01
9.483052e+02 -9.900147e-02 7.620417e-01
9.484052e+02 -5.137280e-01 7.618789e-01
9.485051e+02 -1.032738e+00 7.617409e-01
9.486051e+02 -1.486929e+00 7.616270e-01
9.487051e+02 -1.766097e+00 7.615368e-01
9.488051e+02 -1.646723e+00 7.614698e-01
9.489051e+02 -1.221049e+00 7.614253e-01
9.490051e+02 -6.028805e-01 7.614029e-01
9.491051e+02 7.866882e-02 7.614021e-01
9.492051e+02 5.681663e-01 7.614224e-01
9.493051e+02 4.223977e-01 7.614631e-01
9.494051e+02 2.329232e-01 7.615240e-01
9.495050e+02 -2.942578e-01 7.616044e-01
9.496050e+02 -8.252027e-01 7.617039e-01
9.497050e+02 -1.111111e+00 7.618220e-01
9.498050e+02 -1.004457e+00 7.619583e-01
9.499050e+02 -6.804919e-01 7.621122e-01
9.500050e+02 8.154661e-02 7.622834e-01
9.501050e+02 6.213776e-01 7.624714e-01
9.502050e+02 1.207256e+00 7.626757e-01
9.503050e+02 1.108023e+00 7.628959e-01
9.504050e+02 7.764921e-01 7.631315e-01
9.505049e+02 2.567630e-01 7.633823e-01
9.506049e+02 -1.809161e-01 7.636476e-01
9.507049e+02 -5.724409e-01 7.639272e-01
9.508049e+02 -4.424175e-01 7.642206e-01
9.509049e+02 -6.548050e-02 7.645273e-01
9.510049e+02 6.270862e-01 7.648471e-01
9.511049e+02 1.279425e+00 7.651795e-01
9.512049e+02 1.689995e+00 7.655242e-01
9.513049e+02 1.812974e+00 7.658806e-01
9.514049e+02 1.462826e+00 7.662486e-01
9.515048e+02 9.774457e-01 7.666276e-01
9.516048e+02 3.981935e-01 7.670174e-01
9.517048e+02 1.149528e-01 7.674176e-01
9.518048e+02 2.009340e-01 7.678278e-01
9.519048e+02 6.618873e-01 7.682477e-01
9.520048e+02 1.289113e+00 7.686768e-01
9.521048e+02 1.996397e+00 7.691150e-01
9.522048e+02 2.356619e+00 7.695618e-01
9.523048e+02 2.363003e+00 7.700170e-01
9.524048e+02 2.017715e+00 7.704801e-01
9.525047e+02 1.546772e+00 7.709509e-01
9.526047e+02 1.035430e+00 7.714291e-01
9.527047e+02 7.603318e-01 7.719142e-01
9.528047e+02 6.899354e-01 7.724062e-01
9.529047e+02 1.230835e+00 7.729045e-01
9.530047e+02 1.873503e+00 7.734090e-01
9.531047e+02 2.564400e+00 7.739192e-01
9.532047e+02 2.942299e+00 7.744350e-01
9.533047e+02 2.956598e+00 7.749561e-01
9.534047e+02 2.646583e+00 7.754821e-01
9.535046e+02 2.149862e+00 7.760128e-01
9.536046e+02 1.680237e+00 7.765479e-01
9.537046e+02 1.307716e+00 7.770871e-01
9.538046e+02 1.415767e+00 7.776302e-01
9.539046e+02 1.731239e+00 7.781769e-01
9.540046e+02 2.565736e+00 7.787269e-01
9.541046e+02 3.320105e+00 7.792800e-01
9.542046e+02 3.531240e+00 7.798359e-01
9.543046e+02 3.575853e+00 7.803944e-01
9.544046e+02 3.382869e+00 7.809552e-01
9.545045e+02 2.726892e+00 7.815181e-01
9.546045e+02 2.269787e+00 7.820828e-01
9.547045e+02 1.965800e+00 7.826491e-01
9.548045e+02 2.092883e+00 7.832168e-01
9.549045e+02 2.485694e+00 7.837857e-01
9.550045e+02 3.241523e+00 7.843554e-01
9.551045e+02 3.776524e+00 7.849258e-01
9.552045e+02 4.227336e+00 7.854967e-01
9.553045e+02 4.204118e+00 7.860678e-01
9.554045e+02 3.886158e+00 7.866390e-01
9.555044e+02 3.386566e+00 7.872099e-01
9.556044e+02 2.840216e+00 7.877805e-01
9.557044e+02 2.500929e+00 7.883505e-01
9.558044e+02 2.702500e+00 7.889197e-01
9.559044e+02 3.059428e+00 7.894879e-01
9.560044e+02 3.652742e+00 7.900548e-01
9.561044e+02 4.270359e+00 7.906204e-01
9.562044e+02 4.731910e+00 7.911844e-01
9.563044e+02 4.811192e+00 7.917466e-01
9.564044e+02 4.489550e+00 7.923069e-01
9.565043e+02 3.949768e+00 7.928650e-01
9.566043e+02 3.462798e+00 7.934208e-01
9.567043e+02 3.188095e+00 7.939741e-01
9.568043e+02 3.189864e+00 7.945246e-01
9.569043e+02 3.665997e+00 7.950724e-01
9.570043e+02 4.283733e+00 7.956171e-01
9.571043e+02 4.970560e+00 7.961585e-01
9.572043e+02 5.364966e+00 7.966967e-01
9.573043e+02 5.406495e+00 7.972313e-01
9.574043e+02 4.998164e+00 7.977621e-01
9.575042e+02 4.561221e+00 7.982892e-01
9.576042e+02 4.040733e+00 7.988122e-01
9.577042e+02 3.683243e+00 7.993310e-01
9.578042e+02 3.749437e+00 7.998456e-01
9.579042e+02 4.228832e+00 8.003556e-01
9.580042e+02 4.851767e+00 8.008610e-01
9.581042e+02 5.508819e+00 8.013617e-01
9.582042e+02 5.914928e+00 8.018574e-01
9.583042e+02 5.924773e+00 8.023481e-01
9.584042e+02 5.660150e+00 8.028336e-01
9.585041e+02 5.046384e+00 8.033137e-01
9.586041e+02 4.613134e+00 8.037884e-01
9.587041e+02 4.208319e+00 8.042574e-01
9.588041e+02 4.299614e+00 8.047207e-01
9.589041e+02 4.823190e+00 8.051781e-01
9.590041e+02 5.362002e+00 8.056295e-01
9.591041e+02 5.933607e+00 8.060748e-01
9.592041e+02 6.328143e+00 8.065138e-01
9.593041e+02 6.498767e+00 8.069464e-01
9.594041e+02 6.190563e+00 8.073725e-01
9.595040e+02 5.680108e+00 8.077920e-01
9.596040e+02 4.997316e+00 8.082048e-01
9.597040e+02 4.695405e+00 8.086106e-01
9.598040e+02 4.738413e+00 8.090095e-01
9.599040e+02 5.299114e+00 8.094013e-01
9.600040e+02 5.969023e+00 8.097859e-01
9.601040e+02 6.594206e+00 8.101631e-01
9.602040e+02 6.903046e+00 8.105330e-01
9.603040e+02 6.956749e+00 8.108952e-01
9.604040e+02 6.682218e+00 8.112499e-01
9.605039e+02 6.068111e+00 8.115968e-01
9.606039e+02 5.647046e+00 8.119358e-01
9.607039e+02 5.222570e+00 8.122669e-01
9.608039e+02 5.386123e+00 8.125900e-01
9.609039e+02 5.787750e+00 8.129048e-01
9.610039e+02 6.429585e+00 8.132115e-01
9.611039e+02 7.088367e+00 8.135098e-01
9.612039e+02 7.402945e+00 8.137996e-01
9.613039e+02 7.534332e+00 8.140809e-01
9.614039e+02 7.020002e+00 8.143536e-01
9.615038e+02 6.605685e+00 8.146175e-01
9.616038e+02 5.968868e+00 8.148727e-01
9.617038e+02 5.703964e+00 8.151190e-01
9.618038e+02 5.849848e+00 8.153562e-01
9.619038e+02 6.202753e+00 8.155844e-01
9.620038e+02 6.830992e+00 8.158035e-01
9.621038e+02 7.580524e+00 8.160133e-01
9.622038e+02 7.940341e+00 8.162138e-01
9.623038e+02 7.932389e+00 8.164049e-01
9.624038e+02 7.555429e+00 8.165865e-01
9.625037e+02 7.001472e+00 8.167585e-01
9.626037e+02 6.523893e+00 8.169209e-01
9.627037e+02 6.185760e+00 8.170736e-01
9.628037e+02 6.263651e+00 8.172166e-01
9.629037e+02 6.642482e+00 8.173496e-01
9.630037e+02 7.248291e+00 8.174727e-01
9.631037e+02 7.893923e+00 8.175858e-01
9.632037e+02 8.404901e+00 8.176889e-01
9.633037e+02 8.345240e+00 8.177818e-01
9.634037e+02 8.001942e+00 8.178644e-01
9.635036e+02 7.467120e+00 8.179368e-01
9.636036e+02 6.875619e+00 8.179989e-01
9.637036e+02 6.629731e+00 8.180505e-01
9.638036e+02 6.596168e+00 8.180916e-01
9.639036e+02 7.095463e+00 8.181222e-01
9.640036e+02 7.750496e+00 8.181422e-01
9.641036e+02 8.362058e+00 8.181515e-01
9.642036e+02 8.740074e+00 8.181501e-01
9.643036e+02 8.917312e+00 8.181379e-01
9.644036e+02 8.391621e+00 8.181148e-01
9.645035e+02 7.907410e+00 8.180808e-01
9.646035e+02 7.234780e+00 8.180359e-01
9.647035e+02 7.071892e+00 8.179799e-01
9.648035e+02 7.069660e+00 8.179129e-01
9.649035e+02 7.518095e+00 8.178347e-01
9.650035e+02 8.097299e+00 8.177453e-01
9.651035e+02 8.742553e+00 8.176447e-01
9.652035e+02 9.168733e+00 8.175328e-01
9.653035e+02 9.145973e+00 8.174096e-01
9.654035e+02 8.805264e+00 8.172749e-01
9.655034e+02 8.296450e+00 8.171288e-01
9.656034e+02 7.670601e+00 8.169712e-01
9.657034e+02 7.349883e+00 8.168021e-01
9.658034e+02 7.389118e+00 8.166213e-01
9.659034e+02 7.823617e+00 8.164290e-01
9.660034e+02 8.472940e+00 8.162249e-01
9.661034e+02 9.022505e+00 8.160091e-01
9.662034e+02 9.471977e+00 8.157815e-01
9.663034e+02 9.546430e+00 8.155422e-01
9.664034e+02 9.077910e+00 8.152909e-01
9.665033e+02 8.659191e+00 8.150277e-01
9.666033e+02 8.042300e+00 8.147526e-01
9.667033e+02 7.661975e+00 8.144655e-01
9.668033e+02 7.801861e+00 8.141664e-01
9.669033e+02 8.169661e+00 8.138552e-01
9.670033e+02 8.817560e+00 8.135318e-01
9.671033e+02 9.406042e+00 8.131964e-01
9.672033e+02 9.858339e+00 8.128487e-01
9.673033e+02 9.776760e+00 8.124888e-01
9.674033e+02 9.458284e+00 8.121167e-01
9.675032e+02 8.906682e+00 8.117322e-01
9.676032e+02 8.379856e+00 8.113354e-01
9.677032e+02 7.933108e+00 8.109263e-01
9.678032e+02 8.008087e+00 8.105047e-01
9.679032e+02 8.528747e+00 8.100707e-01
9.680032e+02 8.973172e+00 8.096242e-01
9.681032e+02 9.623850e+00 8.091652e-01
9.682032e+02 1.009992e+01 8.086937e-01
9.683032e+02 1.007410e+01 8.082096e-01
9.684032e+02 9.740388e+00 8.077129e-01
9.685031e+02 9.171022e+00 8.072036e-01
9.686031e+02 8.627940e+00 8.066816e-01
9.687031e+02 8.222675e+00 8.061469e-01
9.688031e+02 8.323623e+00 8.055995e-01
9.689031e+02 8.681568e+00 8.050394e-01
9.690031e+02 9.311408e+00 8.044664e-01
9.691031e+02 9.893452e+00 8.038807e-01
9.692031e+02 1.032520e+01 8.032821e-01
9.693031e+02 1.021386e+01 8.026707e-01
9.694031e+02 9.985868e+00 8.020464e-01
9.695030e+02 9.464472e+00 8.014091e-01
9.696030e+02 8.744501e+00 8.007590e-01
9.697030e+02 8.497360e+00 8.000958e-01
9.698030e+02 8.479732e+00 7.994197e-01
9.699030e+02 8.901126e+00 7.987306e-01
9.700030e+02 9.578297e+00 7.980284e-01
9.701030e+02 1.008326e+01 7.973132e-01
9.702030e+02 1.040373e+01 7.965849e-01
9.703030e+02 1.054136e+01 7.958435e-01
9.704030e+02 1.006987e+01 7.950890e-01
9.705029e+02 9.595936e+00 7.943214e-01
9.706029e+02 9.128061e+00 7.935405e-01
9.707029e+02 8.751903e+00 7.927465e-01
9.708029e+02 8.714020e+00 7.919393e-01
9.709029e+02 9.129486e+00 7.911189e-01
9.710029e+02 9.658476e+00 7.902852e-01
9.711029e+02 1.029084e+01 7.894383e-01
9.712029e+02 1.068720e+01 7.885781e-01
9.713029e+02 1.069113e+01 7.877046e-01
9.714029e+02 1.032586e+01 7.868177e-01
9.715028e+02 9.701193e+00 7.859176e-01
9.716028e+02 9.206742e+00 7.850041e-01
9.717028e+02 8.804983e+00 7.840772e-01
9.718028e+02 8.935248e+00 7.831369e-01
9.719028e+02 9.270200e+00 7.821833e-01
9.720028e+02 9.897048e+00 7.812162e-01
9.721028e+02 1.041859e+01 7.802357e-01
9.722028e+02 1.078884e+01 7.792418e-01
9.723028e+02 1.087229e+01 7.782344e-01
9.724028e+02 1.037070e+01 7.772136e-01
9.725027e+02 9.756884e+00 7.761792e-01
9.726027e+02 9.328626e+00 7.751314e-01
9.727027e+02 8.914150e+00 7.740701e-01
9.728027e+02 8.996613e+00 7.729952e-01
9.729027e+02 9.307511e+00 7.719068e-01
9.730027e+02 9.919376e+00 7.708049e-01
9.731027e+02 1.052076e+01 7.696894e-01
9.732027e+02 1.089224e+01 7.685604e-01
9.733027e+02 1.093583e+01 7.674177e-01
9.734027e+02 1.051554e+01 7.662615e-01
9.735026e+02 9.927514e+00 7.650917e-01
9.736026e+02 9.372192e+00 7.639083e-01
9.737026e+02 9.064003e+00 7.627113e-01
9.738026e+02 9.047018e+00 7.615006e-01
9.739026e+02 9.327628e+00 7.602763e-01
9.740026e+02 1.006481e+01 7.590384e-01
9.741026e+02 1.062952e+01 7.577868e-01
9.742026e+02 1.095912e+01 7.565216e-01
9.743026e+02 1.091515e+01 7.552427e-01
9.744026e+02 1.059014e+01 7.539502e-01
9.745025e+02 9.996231e+00 7.526439e-01
9.746025e+02 9.451455e+00 7.513240e-01
9.747025e+02 9.071852e+00 7.499904e-01
9.748025e+02 8.879104e+00 7.486431e-01
9.749025e+02 9.369213e+00 7.472821e-01
9.750025e+02 1.000925e+01 7.459075e-01
9.751025e+02 1.060572e+01 7.445191e-01
9.752025e+02 1.092309e+01 7.431169e-01
9.753025e+02 1.093696e+01 7.417011e-01
9.754025e+02 1.059470e+01 7.402716e-01
9.755024e+02 9.950042e+00 7.388283e-01
9.756024e+02 9.439501e+00 7.373713e-01
9.757024e+02 9.056223e+00 7.359006e-01
9.758024e+02 9.001579e+00 7.344161e-01
9.759024e+02 9.445144e+00 7.329179e-01
9.760024e+02 9.993272e+00 7.314060e-01
9.761024e+02 1.055422e+01 7.298803e-01
9.762024e+02 1.086126e+01 7.283409e-01
9.763024e+02 1.093146e+01 7.267878e-01
9.764024e+02 1.051698e+01 7.252209e-01
9.765023e+02 9.918337e+00 7.236403e-01
9.766023e+02 9.380988e+00 7.220459e-01
9.767023e+02 9.057791e+00 7.204378e-01
9.768023e+02 8.967566e+00 7.188160e-01
9.769023e+02 9.380128e+00 7.171804e-01
9.770023e+02 9.912842e+00 7.155311e-01
9.771023e+02 1.051412e+01 7.138681e-01
9.772023e+02 1.094051e+01 7.121913e-01
9.773023e+02 1.080689e+01 7.105008e-01
9.774023e+02 1.042958e+01 7.087966e-01
9.775022e+02 9.814138e+00 7.070786e-01
9.776022e+02 9.357490e+00 7.053470e-01
9.777022e+02 8.918952e+00 7.036016e-01
9.778022e+02 8.857191e+00 7.018425e-01
9.779022e+02 9.188412e+00 7.000697e-01
9.780022e+02 9.876422e+00 6.982831e-01
9.781022e+02 1.038567e+01 6.964829e-01
9.782022e+02 1.087607e+01 6.946690e-01
9.783022e+02 1.082138e+01 6.928414e-01
9.784022e+02 1.039586e+01 6.910001e-01
9.785021e+02 9.760489e+00 6.891451e-01
9.786021e+02 9.181591e+00 6.872764e-01
9.787021e+02 8.779521e+00 6.853941e-01
9.788021e+02 8.817365e+00 6.834981e-01
9.789021e+02 9.086241e+00 6.815885e-01
9.790021e+02 9.666852e+00 6.796652e-01
9.791021e+02 1.034055e+01 6.777283e-01
9.792021e+02 1.054404e+01 6.757777e-01
9.793021e+02 1.059879e+01 6.738135e-01
9.794021e+02 1.025767e+01 6.718358e-01
9.795020e+02 9.498642e+00 6.698443e-01
9.796020e+02 9.010743e+00 6.678393e-01
9.797020e+02 8.612703e+00 6.658207e-01
9.798020e+02 8.548664e+00 6.637886e-01
9.799020e+02 8.951740e+00 6.617428e-01
9.800020e+02 9.508694e+00 6.596835e-01
9.801020e+02 1.014749e+01 6.576107e-01
9.802020e+02 1.050400e+01 6.555243e-01
9.803020e+02 1.042841e+01 6.534244e-01
9.804020e+02 9.988236e+00 6.513109e-01
9.805019e+02 9.498367e+00 6.491840e-01
9.806019e+02 8.725034e+00 6.470435e-01
9.807019e+02 8.361618e+00 6.448896e-01
9.808019e+02 8.377236e+00 6.427222e-01
9.809019e+02 8.725765e+00 6.405414e-01
9.810019e+02 9.350672e+00 6.383471e-01
9.811019e+02 9.830731e+00 6.361394e-01
9.812019e+02 1.026048e+01 6.339182e-01
9.813019e+02 1.010939e+01 6.316837e-01
9.814019e+02 9.708185e+00 6.294357e-01
9.815018e+02 9.159676e+00 6.271744e-01
9.816018e+02 8.574162e+00 6.248997e-01
9.817018e+02 8.237488e+00 6.226117e-01
9.818018e+02 8.070543e+00 6.203104e-01
9.819018e+02 8.571826e+00 6.179957e-01
9.820018e+02 9.072217e+00 6.156677e-01
9.821018e+02 9.700206e+00 6.133264e-01
9.822018e+02 9.829805e+00 6.109719e-01
9.823018e+02 9.953270e+00 6.086041e-01
9.824018e+02 9.548866e+00 6.062231e-01
9.825017e+02 8.918030e+00 6.038288e-01
9.826017e+02 8.360525e+00 6.014214e-01
9.827017e+02 7.873836e+00 5.990007e-01
9.828017e+02 7.828161e+00 5.965669e-01
9.829017e+02 8.243749e+00 5.941199e-01
9.830017e+02 8.773889e+00 5.916598e-01
9.831017e+02 9.343665e+00 5.891866e-01
9.832017e+02 9.594023e+00 5.867003e-01
9.833017e+02 9.594950e+00 5.842009e-01
9.834017e+02 9.163674e+00 5.816885e-01
9.835016e+02 8.572625e+00 5.791630e-01
9.836016e+02 7.952247e+00 5.766245e-01
9.837016e+02 7.528211e+00 5.740730e-01
9.838016e+02 7.513877e+00 5.715085e-01
9.839016e+02 7.892135e+00 5.689311e-01
9.840016e+02 8.532617e+00 5.663407e-01
9.841016e+02 8.935615e+00 5.637374e-01
9.842016e+02 9.334690e+00 5.611212e-01
9.843016e+02 9.258009e+00 5.584921e-01
9.844016e+02 8.897208e+00 5.558502e-01
9.845015e+02 8.228930e+00 5.531955e-01
9.846015e+02 7.573861e+00 5.505280e-01
9.847015e+02 7.170777e+00 5.478476e-01
9.848015e+02 7.213270e+00 5.451545e-01
9.849015e+02 7.598374e+00 5.424487e-01
9.850015e+02 8.037871e+00 5.397302e-01
9.851015e+02 8.673235e+00 5.369990e-01
9.852015e+02 8.989198e+00 5.342551e-01
9.853015e+02 8.942146e+00 5.314985e-01
9.854015e+02 8.461587e+00 5.287294e-01
9.855014e+02 7.890175e+00 5.259477e-01
9.856014e+02 7.220287e+00 5.231534e-01
9.857014e+02 6.818167e+00 5.203466e-01
9.858014e+02 6.842274e+00 5.175272e-01
9.859014e+02 7.146768e+00 5.146954e-01
9.860014e+02 7.716788e+00 5.118511e-01
9.861014e+02 8.201249e+00 5.089944e-01
9.862014e+02 8.656174e+00 5.061253e-01
9.863014e+02 8.577492e+00 5.032439e-01
9.864014e+02 8.162133e+00 5.003501e-01
9.865013e+02 7.541200e+00 4.974439e-01
9.866013e+02 6.892654e+00 4.945255e-01
9.867013e+02 6.441168e+00 4.915949e-01
9.868013e+02 6.494163e+00 4.886520e-01
9.869013e+02 6.710556e+00 4.856969e-01
9.870013e+02 7.291415e+00 4.827297e-01
9.871013e+02 7.839353e+00 4.797503e-01
9.872013e+02 8.151044e+00 4.767588e-01
9.873013e+02 8.130022e+00 4.737553e-01
9.874013e+02 7.772130e+00 4.707397e-01
9.875012e+02 7.075020e+00 4.677122e-01
9.876012e+02 6.372760e+00 4.646727e-01
9.877012e+02 6.023941e+00 4.616212e-01
9.878012e+02 5.949575e+00 4.585579e-01
9.879012e+02 6.292857e+00 4.554827e-01
9.880012e+02 6.908023e+00 4.523957e-01
9.881012e+02 7.336465e+00 4.492969e-01
9.882012e+02 7.752139e+00 4.461863e-01
9.883012e+02 7.678397e+00 4.430641e-01
9.884012e+02 7.238229e+00 4.399302e-01
9.885011e+02 6.531858e+00 4.367846e-01
9.886011e+02 6.012579e+00 4.336275e-01
9.887011e+02 5.542594e+00 4.304588e-01
9.888011e+02 5.618102e+00 4.272786e-01
9.889011e+02 5.832230e+00 4.240869e-01
9.890011e+02 6.410348e+00 4.208838e-01
9.891011e+02 6.920736e+00 4.176694e-01
9.892011e+02 7.173436e+00 4.144436e-01
9.893011e+02 7.141643e+00 4.112065e-01
9.894011e+02 6.763849e+00 4.079581e-01
9.895010e+02 6.080779e+00 4.046986e-01
9.896010e+02 5.528420e+00 4.014279e-01
9.897010e+02 5.206622e+00 3.981461e-01
9.898010e+02 4.999481e+00 3.948533e-01
9.899010e+02 5.313990e+00 3.915495e-01
9.900010e+02 5.921907e+00 3.882347e-01
9.901010e+02 6.335946e+00 3.849090e-01
9.902010e+02 6.691302e+00 3.815724e-01
9.903010e+02 6.575847e+00 3.782251e-01
9.904010e+02 6.298312e+00 3.748670e-01
9.905009e+02 5.607138e+00 3.714982e-01
9.906009e+02 4.917025e+00 3.681188e-01
9.907009e+02 4.583624e+00 3.647288e-01
9.908009e+02 4.505929e+00 3.613284e-01
9.909009e+02 4.833559e+00 3.579174e-01
9.910009e+02 5.363861e+00 3.544961e-01
9.911009e+02 5.850508e+00 3.510644e-01
9.912009e+02 6.147687e+00 3.476225e-01
9.913009e+02 6.164111e+00 3.441704e-01
9.914009e+02 5.780413e+00 3.407081e-01
9.915008e+02 5.126642e+00 3.372358e-01
9.916008e+02 4.418608e+00 3.337534e-01
9.917008e+02 4.016180e+00 3.302612e-01
9.918008e+02 4.027963e+00 3.267590e-01
9.919008e+02 4.299832e+00 3.232471e-01
9.920008e+02 4.829872e+00 3.197254e-01
9.921008e+02 5.355024e+00 3.161941e-01
9.922008e+02 5.656767e+00 3.126533e-01
9.923008e+02 5.589006e+00 3.091029e-01
9.924008e+02 5.163705e+00 3.055432e-01
9.925007e+02 4.531936e+00 3.019741e-01
9.926007e+02 3.819327e+00 2.983957e-01
9.927007e+02 3.546717e+00 2.948082e-01
9.928007e+02 3.466011e+00 2.912116e-01
9.929007e+02 3.707505e+00 2.876060e-01
9.930007e+02 4.296222e+00 2.839915e-01
9.931007e+02 4.828356e+00 2.803682e-01
9.932007e+02 5.177015e+00 2.767362e-01
9.933007e+02 5.017544e+00 2.730955e-01
9.934007e+02 4.654157e+00 2.694463e-01
9.935006e+02 3.947623e+00 2.657887e-01
9.936006e+02 3.391236e+00 2.621227e-01
9.937006e+02 2.841643e+00 2.584485e-01
9.938006e+02 2.771119e+00 2.547661e-01
9.939006e+02 3.121220e+00 2.510757e-01
9.940006e+02 3.644994e+00 2.473774e-01
9.941006e+02 4.205440e+00 2.436712e-01
9.942006e+02 4.474817e+00 2.399574e-01
9.943006e+02 4.424514e+00 2.362359e-01
9.944006e+02 4.030855e+00 2.325070e-01
9.945005e+02 3.379597e+00 2.287707e-01
9.946005e+02 2.730143e+00 2.250271e-01
9.947005e+02 2.356572e+00 2.212764e-01
9.948005e+02 2.280992e+00 2.175187e-01
9.949005e+02 2.581496e+00 2.137542e-01
9.950005e+02 3.192995e+00 2.099828e-01
9.951005e+02 3.640690e+00 2.062049e-01
9.952005e+02 3.953101e+00 2.024204e-01
9.953005e+02 3.814213e+00 1.986296e-01
9.954005e+02 3.478287e+00 1.948326e-01
9.955004e+02 2.807177e+00 1.910295e-01
9.956004e+02 2.032649e+00 1.872204e-01
9.957004e+02 1.639899e+00 1.834055e-01
9.958004e+02 1.645657e+00 1.795850e-01
9.959004e+02 1.897032e+00 1.757590e-01
9.960004e+02 2.491249e+00 1.719276e-01
9.961004e+02 3.089117e+00 1.680910e-01
9.962004e+02 3.288831e+00 1.642494e-01
9.963004e+02 3.281382e+00 1.604028e-01
9.964004e+02 2.841888e+00 1.565516e-01
9.965003e+02 2.197980e+00 1.526957e-01
9.966003e+02 1.557702e+00 1.488355e-01
9.967003e+02 1.136169e+00 1.449710e-01
9.968003e+02 1.102214e+00 1.411025e-01
9.969003e+02 1.346699e+00 1.372301e-01
9.970003e+02 1.954113e+00 1.333539e-01
9.971003e+02 2.337263e+00 1.294743e-01
9.972003e+02 2.728695e+00 1.255912e-01
9.973003e+02 2.689140e+00 1.217051e-01
9.974003e+02 2.194450e+00 1.178159e-01
9.975002e+02 1.514322e+00 1.139240e-01
9.976002e+02 9.458385e-01 1.100294e-01
9.977002e+02 5.379324e-01 1.061325e-01
9.978002e+02 4.397115e-01 1.022334e-01
9.979002e+02 7.781932e-01 9.833223e-02
9.980002e+02 1.280256e+00 9.442931e-02
9.981002e+02 1.876774e+00 9.052480e-02
9.982002e+02 2.105532e+00 8.661892e-02
9.983002e+02 2.106847e+00 8.271189e-02
9.984002e+02 1.636996e+00 7.880390e-02
9.985001e+02 9.476619e-01 7.489519e-02
9.986001e+02 3.185567e-01 7.098598e-02
9.987001e+02 -8.577544e-02 6.707650e-02
9.988001e+02 -2.497273e-01 6.316696e-02
9.989001e+02 1.133326e-01 5.925761e-02
9.990001e+02 6.503848e-01 5.534867e-02
9.991001e+02 1.113708e+00 5.144039e-02
9.992001e+02 1.525082e+00 4.753300e-02
9.993001e+02 1.365813e+00 4.362674e-02
9.994001e+02 9.093994e-01 3.972187e-02
9.995000e+02 3.461479e-01 3.581863e-02
9.996000e+02 -3.617277e-01 3.191728e-02
9.997000e+02 -6.782144e-01 2.801806e-02
9.998000e+02 -9.448775e-01 2.412124e-02
9.999000e+02 -4.318837e-01 2.022708e-02
1.000000e+03 4.040015e-03 1.633584e-02
